step,elapsed_s,train_loss,eval_loss,max_abs_err,mean_abs_err,median_abs_err,frac_under_boyd,max_abs_err_bulk,mean_abs_err_bulk,median_abs_err_bulk
100,0.8,0.264203,,,,,,,,
200,1.1,0.151160,,,,,,,,
300,1.5,0.104773,,,,,,,,
400,1.8,0.107138,,,,,,,,
500,2.2,0.105086,,,,,,,,
600,2.6,0.107737,,,,,,,,
700,2.9,0.106259,,,,,,,,
800,3.3,0.108408,,,,,,,,
900,3.7,0.108467,,,,,,,,
1000,4.1,0.119070,,,,,,,,
1100,4.4,0.107194,,,,,,,,
1200,4.7,0.110762,,,,,,,,
1300,5.1,0.108750,,,,,,,,
1400,5.4,0.101063,,,,,,,,
1500,5.6,0.106310,,,,,,,,
1600,5.9,0.112348,,,,,,,,
1700,6.1,0.112562,,,,,,,,
1800,6.4,0.094229,,,,,,,,
1900,6.8,0.075911,,,,,,,,
2000,7.0,0.072202,,,,,,,,
2100,7.3,0.056487,,,,,,,,
2200,7.6,0.062770,,,,,,,,
2300,7.9,0.060251,,,,,,,,
2400,8.2,0.057669,,,,,,,,
2500,8.6,0.043933,,,,,,,,
2600,9.0,0.051286,,,,,,,,
2700,9.3,0.053444,,,,,,,,
2800,9.6,0.050184,,,,,,,,
2900,10.0,0.054220,,,,,,,,
3000,10.3,0.044802,,,,,,,,
3100,10.7,0.044383,,,,,,,,
3200,11.1,0.046634,,,,,,,,
3300,11.5,0.049646,,,,,,,,
3400,11.9,0.047044,,,,,,,,
3500,12.3,0.044794,,,,,,,,
3600,12.8,0.043977,,,,,,,,
3700,13.2,0.035491,,,,,,,,
3800,13.7,0.038605,,,,,,,,
3900,14.1,0.036852,,,,,,,,
4000,14.5,0.037522,,,,,,,,
4100,15.0,0.039080,,,,,,,,
4200,15.4,0.041735,,,,,,,,
4300,15.9,0.034185,,,,,,,,
4400,16.3,0.040795,,,,,,,,
4500,16.7,0.035023,,,,,,,,
4600,17.0,0.031743,,,,,,,,
4700,17.4,0.039384,,,,,,,,
4800,17.7,0.029483,,,,,,,,
4900,18.1,0.035180,,,,,,,,
5000,19.9,0.032902,0.030770,5.261975e+00,6.792722e-01,4.218791e-01,0.000000,5.261975e+00,6.687337e-01,4.123221e-01
5100,20.2,0.035909,,,,,,,,
5200,20.5,0.023402,,,,,,,,
5300,20.8,0.036276,,,,,,,,
5400,21.2,0.020711,,,,,,,,
5500,21.7,0.025366,,,,,,,,
5600,22.1,0.027612,,,,,,,,
5700,22.5,0.027651,,,,,,,,
5800,23.0,0.030192,,,,,,,,
5900,23.4,0.026166,,,,,,,,
6000,23.9,0.030279,,,,,,,,
6100,24.3,0.025471,,,,,,,,
6200,24.8,0.021621,,,,,,,,
6300,25.1,0.026450,,,,,,,,
6400,25.5,0.031060,,,,,,,,
6500,25.9,0.040748,,,,,,,,
6600,26.2,0.023379,,,,,,,,
6700,26.6,0.033635,,,,,,,,
6800,27.0,0.028270,,,,,,,,
6900,27.4,0.032917,,,,,,,,
7000,27.8,0.024885,,,,,,,,
7100,28.2,0.023713,,,,,,,,
7200,28.7,0.040948,,,,,,,,
7300,29.2,0.028948,,,,,,,,
7400,29.6,0.036728,,,,,,,,
7500,29.9,0.028364,,,,,,,,
7600,30.3,0.023865,,,,,,,,
7700,30.7,0.032458,,,,,,,,
7800,31.1,0.022758,,,,,,,,
7900,31.6,0.023208,,,,,,,,
8000,31.9,0.021493,,,,,,,,
8100,32.3,0.025175,,,,,,,,
8200,32.7,0.024129,,,,,,,,
8300,33.1,0.019737,,,,,,,,
8400,33.5,0.036366,,,,,,,,
8500,34.0,0.032043,,,,,,,,
8600,34.4,0.022032,,,,,,,,
8700,35.0,0.036422,,,,,,,,
8800,35.4,0.027795,,,,,,,,
8900,35.7,0.023750,,,,,,,,
9000,36.0,0.028859,,,,,,,,
9100,36.3,0.030493,,,,,,,,
9200,36.7,0.030988,,,,,,,,
9300,37.0,0.027645,,,,,,,,
9400,37.4,0.020066,,,,,,,,
9500,37.7,0.033065,,,,,,,,
9600,38.1,0.030500,,,,,,,,
9700,38.5,0.031258,,,,,,,,
9800,38.9,0.035942,,,,,,,,
9900,39.3,0.037143,,,,,,,,
10000,41.0,0.027712,0.029192,5.191505e+00,6.244028e-01,3.598900e-01,0.000000,5.191505e+00,6.137865e-01,3.499848e-01
10100,41.2,0.024005,,,,,,,,
10200,41.5,0.034386,,,,,,,,
10300,42.0,0.030040,,,,,,,,
10400,42.4,0.023995,,,,,,,,
10500,42.8,0.027311,,,,,,,,
10600,43.1,0.039467,,,,,,,,
10700,43.6,0.030482,,,,,,,,
10800,43.9,0.023415,,,,,,,,
10900,44.2,0.022893,,,,,,,,
11000,44.6,0.038892,,,,,,,,
11100,44.8,0.036429,,,,,,,,
11200,45.2,0.020892,,,,,,,,
11300,45.5,0.026889,,,,,,,,
11400,46.0,0.030305,,,,,,,,
11500,46.4,0.030403,,,,,,,,
11600,46.8,0.032188,,,,,,,,
11700,47.2,0.034847,,,,,,,,
11800,47.6,0.020861,,,,,,,,
11900,48.0,0.032129,,,,,,,,
12000,48.4,0.020503,,,,,,,,
12100,48.8,0.026665,,,,,,,,
12200,49.2,0.030433,,,,,,,,
12300,49.7,0.027070,,,,,,,,
12400,50.1,0.020417,,,,,,,,
12500,50.5,0.026414,,,,,,,,
12600,50.8,0.025307,,,,,,,,
12700,51.2,0.020558,,,,,,,,
12800,51.6,0.023302,,,,,,,,
12900,51.9,0.019119,,,,,,,,
13000,52.3,0.026546,,,,,,,,
13100,52.6,0.029854,,,,,,,,
13200,53.0,0.028245,,,,,,,,
13300,53.4,0.042402,,,,,,,,
13400,53.8,0.021590,,,,,,,,
13500,54.2,0.022784,,,,,,,,
13600,54.7,0.022066,,,,,,,,
13700,55.1,0.026636,,,,,,,,
13800,55.6,0.038272,,,,,,,,
13900,56.0,0.027194,,,,,,,,
14000,56.4,0.023345,,,,,,,,
14100,56.9,0.028680,,,,,,,,
14200,57.3,0.041545,,,,,,,,
14300,57.7,0.023593,,,,,,,,
14400,58.2,0.022644,,,,,,,,
14500,58.6,0.027672,,,,,,,,
14600,59.0,0.024636,,,,,,,,
14700,59.4,0.031172,,,,,,,,
14800,59.8,0.036178,,,,,,,,
14900,60.2,0.036682,,,,,,,,
15000,62.0,0.027946,0.028745,5.151571e+00,6.153903e-01,3.590716e-01,0.000000,5.149167e+00,6.057566e-01,3.498697e-01
15100,62.2,0.024432,,,,,,,,
15200,62.5,0.019899,,,,,,,,
15300,62.9,0.036670,,,,,,,,
15400,63.3,0.020881,,,,,,,,
15500,63.6,0.029055,,,,,,,,
15600,63.9,0.029700,,,,,,,,
15700,64.3,0.027461,,,,,,,,
15800,64.7,0.031624,,,,,,,,
15900,65.0,0.032927,,,,,,,,
16000,65.4,0.025574,,,,,,,,
16100,65.8,0.017687,,,,,,,,
16200,66.2,0.019763,,,,,,,,
16300,66.7,0.023985,,,,,,,,
16400,67.1,0.015431,,,,,,,,
16500,67.5,0.035184,,,,,,,,
16600,67.8,0.029347,,,,,,,,
16700,68.1,0.028032,,,,,,,,
16800,68.4,0.031839,,,,,,,,
16900,68.7,0.018422,,,,,,,,
17000,69.2,0.028828,,,,,,,,
17100,69.6,0.043790,,,,,,,,
17200,70.0,0.023848,,,,,,,,
17300,70.5,0.015129,,,,,,,,
17400,70.9,0.023118,,,,,,,,
17500,71.4,0.032166,,,,,,,,
17600,71.8,0.024842,,,,,,,,
17700,72.3,0.032464,,,,,,,,
17800,72.7,0.025095,,,,,,,,
17900,73.1,0.026101,,,,,,,,
18000,73.6,0.025114,,,,,,,,
18100,74.0,0.034561,,,,,,,,
18200,74.5,0.028702,,,,,,,,
18300,74.9,0.029521,,,,,,,,
18400,75.3,0.032073,,,,,,,,
18500,75.7,0.029225,,,,,,,,
18600,76.0,0.030998,,,,,,,,
18700,76.4,0.029936,,,,,,,,
18800,76.8,0.031094,,,,,,,,
18900,77.2,0.022313,,,,,,,,
19000,77.7,0.027737,,,,,,,,
19100,78.1,0.033192,,,,,,,,
19200,78.6,0.032996,,,,,,,,
19300,79.0,0.019641,,,,,,,,
19400,79.4,0.022784,,,,,,,,
19500,79.8,0.020197,,,,,,,,
19600,80.2,0.026649,,,,,,,,
19700,80.6,0.023666,,,,,,,,
19800,81.0,0.024098,,,,,,,,
19900,81.3,0.024504,,,,,,,,
20000,83.0,0.043125,0.029649,5.413139e+00,6.169230e-01,3.494119e-01,0.000000,5.410693e+00,6.086155e-01,3.440674e-01
20100,83.3,0.042271,,,,,,,,
20200,83.5,0.019956,,,,,,,,
20300,83.8,0.023798,,,,,,,,
20400,84.1,0.038778,,,,,,,,
20500,84.6,0.016739,,,,,,,,
20600,85.0,0.029563,,,,,,,,
20700,85.4,0.021310,,,,,,,,
20800,85.8,0.023452,,,,,,,,
20900,86.2,0.022725,,,,,,,,
21000,86.7,0.030711,,,,,,,,
21100,87.1,0.028495,,,,,,,,
21200,87.5,0.028393,,,,,,,,
21300,88.0,0.024282,,,,,,,,
21400,88.4,0.029068,,,,,,,,
21500,88.9,0.019684,,,,,,,,
21600,89.3,0.022633,,,,,,,,
21700,89.8,0.029165,,,,,,,,
21800,90.2,0.027292,,,,,,,,
21900,90.6,0.021815,,,,,,,,
22000,91.0,0.035041,,,,,,,,
22100,91.5,0.024678,,,,,,,,
22200,91.9,0.040280,,,,,,,,
22300,92.3,0.014713,,,,,,,,
22400,92.8,0.023844,,,,,,,,
22500,93.2,0.026345,,,,,,,,
22600,93.7,0.022777,,,,,,,,
22700,94.1,0.023259,,,,,,,,
22800,94.5,0.028816,,,,,,,,
22900,95.0,0.030205,,,,,,,,
23000,95.4,0.029348,,,,,,,,
23100,95.8,0.024397,,,,,,,,
23200,96.3,0.026158,,,,,,,,
23300,96.7,0.029848,,,,,,,,
23400,97.1,0.020724,,,,,,,,
23500,97.5,0.029441,,,,,,,,
23600,97.9,0.023965,,,,,,,,
23700,98.5,0.039776,,,,,,,,
23800,98.9,0.032381,,,,,,,,
23900,99.2,0.032191,,,,,,,,
24000,99.5,0.041473,,,,,,,,
24100,99.8,0.029003,,,,,,,,
24200,100.2,0.032137,,,,,,,,
24300,100.6,0.036646,,,,,,,,
24400,100.9,0.038550,,,,,,,,
24500,101.4,0.031377,,,,,,,,
24600,101.8,0.031891,,,,,,,,
24700,102.2,0.021960,,,,,,,,
24800,102.6,0.033505,,,,,,,,
24900,103.0,0.022894,,,,,,,,
25000,104.7,0.025445,0.028570,5.259192e+00,6.088805e-01,3.404799e-01,0.000000,5.256728e+00,5.994195e-01,3.328994e-01
25100,105.0,0.035665,,,,,,,,
25200,105.2,0.022206,,,,,,,,
25300,105.5,0.030292,,,,,,,,
25400,105.9,0.027303,,,,,,,,
25500,106.3,0.023421,,,,,,,,
25600,106.7,0.016983,,,,,,,,
25700,107.1,0.035515,,,,,,,,
25800,107.4,0.021028,,,,,,,,
25900,107.8,0.029479,,,,,,,,
26000,108.3,0.028538,,,,,,,,
26100,108.7,0.021519,,,,,,,,
26200,109.2,0.022357,,,,,,,,
26300,109.6,0.021805,,,,,,,,
26400,110.0,0.037128,,,,,,,,
26500,110.5,0.028039,,,,,,,,
26600,110.9,0.026012,,,,,,,,
26700,111.3,0.019126,,,,,,,,
26800,111.7,0.027767,,,,,,,,
26900,112.2,0.033609,,,,,,,,
27000,112.6,0.038379,,,,,,,,
27100,113.0,0.028747,,,,,,,,
27200,113.4,0.023749,,,,,,,,
27300,113.8,0.030722,,,,,,,,
27400,114.2,0.019392,,,,,,,,
27500,114.7,0.021636,,,,,,,,
27600,115.1,0.044604,,,,,,,,
27700,115.5,0.025377,,,,,,,,
27800,116.0,0.024644,,,,,,,,
27900,116.3,0.026619,,,,,,,,
28000,116.7,0.023185,,,,,,,,
28100,117.1,0.033155,,,,,,,,
28200,117.5,0.022525,,,,,,,,
28300,118.0,0.019983,,,,,,,,
28400,118.4,0.027086,,,,,,,,
28500,118.8,0.025568,,,,,,,,
28600,119.2,0.028100,,,,,,,,
28700,119.6,0.022858,,,,,,,,
28800,120.0,0.026383,,,,,,,,
28900,120.5,0.023796,,,,,,,,
29000,120.9,0.020893,,,,,,,,
29100,121.4,0.026199,,,,,,,,
29200,121.8,0.035380,,,,,,,,
29300,122.2,0.030856,,,,,,,,
29400,122.7,0.016540,,,,,,,,
29500,123.1,0.019505,,,,,,,,
29600,123.5,0.031669,,,,,,,,
29700,123.9,0.027144,,,,,,,,
29800,124.3,0.021250,,,,,,,,
29900,124.8,0.024817,,,,,,,,
30000,126.5,0.023569,0.028017,5.409793e+00,5.932355e-01,3.411674e-01,0.000000,5.407433e+00,5.843233e-01,3.328908e-01
30100,126.7,0.022299,,,,,,,,
30200,127.0,0.032132,,,,,,,,
30300,127.3,0.027850,,,,,,,,
30400,127.7,0.025172,,,,,,,,
30500,128.0,0.018340,,,,,,,,
30600,128.5,0.025764,,,,,,,,
30700,128.8,0.030959,,,,,,,,
30800,129.2,0.022784,,,,,,,,
30900,129.6,0.019850,,,,,,,,
31000,130.0,0.022999,,,,,,,,
31100,130.5,0.034135,,,,,,,,
31200,130.9,0.017136,,,,,,,,
31300,131.2,0.022383,,,,,,,,
31400,131.5,0.029799,,,,,,,,
31500,131.9,0.024118,,,,,,,,
31600,132.2,0.028274,,,,,,,,
31700,132.6,0.017686,,,,,,,,
31800,132.9,0.023800,,,,,,,,
31900,133.3,0.030150,,,,,,,,
32000,133.8,0.040369,,,,,,,,
32100,134.1,0.028306,,,,,,,,
32200,134.4,0.027759,,,,,,,,
32300,134.7,0.026534,,,,,,,,
32400,135.1,0.018283,,,,,,,,
32500,135.4,0.022050,,,,,,,,
32600,135.8,0.026940,,,,,,,,
32700,136.2,0.021126,,,,,,,,
32800,136.6,0.028281,,,,,,,,
32900,137.0,0.018644,,,,,,,,
33000,137.4,0.025306,,,,,,,,
33100,137.7,0.022138,,,,,,,,
33200,138.1,0.027530,,,,,,,,
33300,138.5,0.021697,,,,,,,,
33400,138.9,0.020663,,,,,,,,
33500,139.2,0.027996,,,,,,,,
33600,139.6,0.021208,,,,,,,,
33700,140.0,0.015698,,,,,,,,
33800,140.4,0.018455,,,,,,,,
33900,140.7,0.029848,,,,,,,,
34000,141.1,0.022991,,,,,,,,
34100,141.4,0.030749,,,,,,,,
34200,141.8,0.022489,,,,,,,,
34300,142.2,0.017852,,,,,,,,
34400,142.6,0.026917,,,,,,,,
34500,143.1,0.031639,,,,,,,,
34600,143.5,0.027231,,,,,,,,
34700,144.0,0.022743,,,,,,,,
34800,144.4,0.023122,,,,,,,,
34900,144.8,0.013257,,,,,,,,
35000,146.5,0.023322,0.019846,5.216170e+00,5.377459e-01,3.416377e-01,0.000000,5.216170e+00,5.297328e-01,3.350784e-01
35100,146.9,0.016332,,,,,,,,
35200,147.2,0.026202,,,,,,,,
35300,147.5,0.022267,,,,,,,,
35400,147.8,0.027625,,,,,,,,
35500,148.1,0.014655,,,,,,,,
35600,148.6,0.021190,,,,,,,,
35700,149.1,0.010501,,,,,,,,
35800,149.5,0.018377,,,,,,,,
35900,150.0,0.009488,,,,,,,,
36000,150.5,0.016957,,,,,,,,
36100,150.9,0.013700,,,,,,,,
36200,151.4,0.010377,,,,,,,,
36300,151.9,0.024501,,,,,,,,
36400,152.3,0.015643,,,,,,,,
36500,152.8,0.016156,,,,,,,,
36600,153.2,0.010157,,,,,,,,
36700,153.6,0.012083,,,,,,,,
36800,154.1,0.015021,,,,,,,,
36900,154.5,0.013603,,,,,,,,
37000,155.0,0.012145,,,,,,,,
37100,155.4,0.005792,,,,,,,,
37200,155.9,0.011322,,,,,,,,
37300,156.4,0.012394,,,,,,,,
37400,156.8,0.009019,,,,,,,,
37500,157.3,0.009835,,,,,,,,
37600,157.7,0.006645,,,,,,,,
37700,158.2,0.008332,,,,,,,,
37800,158.7,0.006516,,,,,,,,
37900,159.1,0.006804,,,,,,,,
38000,159.6,0.006362,,,,,,,,
38100,160.1,0.007876,,,,,,,,
38200,160.6,0.009279,,,,,,,,
38300,161.1,0.007687,,,,,,,,
38400,161.5,0.008004,,,,,,,,
38500,162.0,0.004141,,,,,,,,
38600,162.5,0.010243,,,,,,,,
38700,163.0,0.016053,,,,,,,,
38800,163.4,0.012646,,,,,,,,
38900,163.9,0.007911,,,,,,,,
39000,164.4,0.004591,,,,,,,,
39100,164.8,0.007082,,,,,,,,
39200,165.3,0.007532,,,,,,,,
39300,165.8,0.011287,,,,,,,,
39400,166.2,0.006539,,,,,,,,
39500,166.7,0.007707,,,,,,,,
39600,167.2,0.005151,,,,,,,,
39700,167.7,0.009413,,,,,,,,
39800,168.2,0.011105,,,,,,,,
39900,168.7,0.008303,,,,,,,,
40000,170.2,0.006184,0.006919,4.797233e+00,3.235393e-01,2.253865e-01,0.000000,4.785505e+00,3.152204e-01,2.195387e-01
40100,170.5,0.007369,,,,,,,,
40200,170.8,0.011795,,,,,,,,
40300,171.1,0.009900,,,,,,,,
40400,171.5,0.020341,,,,,,,,
40500,172.0,0.006862,,,,,,,,
40600,172.4,0.009426,,,,,,,,
40700,172.9,0.005211,,,,,,,,
40800,173.4,0.009213,,,,,,,,
40900,173.8,0.007679,,,,,,,,
41000,174.3,0.004002,,,,,,,,
41100,174.8,0.006999,,,,,,,,
41200,175.2,0.005908,,,,,,,,
41300,175.7,0.007992,,,,,,,,
41400,176.2,0.006995,,,,,,,,
41500,176.7,0.012705,,,,,,,,
41600,177.1,0.003578,,,,,,,,
41700,177.6,0.010158,,,,,,,,
41800,178.1,0.006737,,,,,,,,
41900,178.6,0.011000,,,,,,,,
42000,179.0,0.009565,,,,,,,,
42100,179.5,0.005198,,,,,,,,
42200,180.0,0.002859,,,,,,,,
42300,180.5,0.009766,,,,,,,,
42400,180.9,0.007520,,,,,,,,
42500,181.4,0.004798,,,,,,,,
42600,181.9,0.009623,,,,,,,,
42700,182.3,0.008512,,,,,,,,
42800,182.8,0.005433,,,,,,,,
42900,183.3,0.004575,,,,,,,,
43000,183.7,0.004471,,,,,,,,
43100,184.2,0.004180,,,,,,,,
43200,184.7,0.014893,,,,,,,,
43300,185.1,0.008030,,,,,,,,
43400,185.6,0.008553,,,,,,,,
43500,186.1,0.005924,,,,,,,,
43600,186.5,0.007993,,,,,,,,
43700,187.0,0.003723,,,,,,,,
43800,187.5,0.003314,,,,,,,,
43900,187.9,0.010494,,,,,,,,
44000,188.4,0.008160,,,,,,,,
44100,188.8,0.006243,,,,,,,,
44200,189.3,0.008268,,,,,,,,
44300,189.8,0.005561,,,,,,,,
44400,190.3,0.014353,,,,,,,,
44500,190.7,0.003986,,,,,,,,
44600,191.2,0.002953,,,,,,,,
44700,191.7,0.005701,,,,,,,,
44800,192.1,0.007882,,,,,,,,
44900,192.6,0.008053,,,,,,,,
45000,194.2,0.002911,0.006391,4.975733e+00,3.056244e-01,2.138500e-01,0.000000,4.975733e+00,2.967112e-01,2.079299e-01
45100,194.4,0.007406,,,,,,,,
45200,194.7,0.004816,,,,,,,,
45300,195.1,0.005154,,,,,,,,
45400,195.6,0.012575,,,,,,,,
45500,196.0,0.003995,,,,,,,,
45600,196.5,0.011906,,,,,,,,
45700,196.9,0.002994,,,,,,,,
45800,197.3,0.008904,,,,,,,,
45900,197.8,0.006212,,,,,,,,
46000,198.3,0.005825,,,,,,,,
46100,198.7,0.005292,,,,,,,,
46200,199.2,0.007936,,,,,,,,
46300,199.7,0.002595,,,,,,,,
46400,200.1,0.003788,,,,,,,,
46500,200.6,0.007019,,,,,,,,
46600,201.1,0.009259,,,,,,,,
46700,201.6,0.004850,,,,,,,,
46800,202.0,0.002722,,,,,,,,
46900,202.5,0.009794,,,,,,,,
47000,203.0,0.006398,,,,,,,,
47100,203.5,0.008293,,,,,,,,
47200,204.0,0.008660,,,,,,,,
47300,204.4,0.005210,,,,,,,,
47400,204.9,0.008188,,,,,,,,
47500,205.4,0.009118,,,,,,,,
47600,205.9,0.007943,,,,,,,,
47700,206.4,0.003834,,,,,,,,
47800,206.8,0.008858,,,,,,,,
47900,207.3,0.008353,,,,,,,,
48000,207.7,0.004103,,,,,,,,
48100,208.2,0.008922,,,,,,,,
48200,208.7,0.002591,,,,,,,,
48300,209.2,0.008642,,,,,,,,
48400,209.7,0.005561,,,,,,,,
48500,210.1,0.003124,,,,,,,,
48600,210.6,0.004282,,,,,,,,
48700,211.0,0.005078,,,,,,,,
48800,211.5,0.010511,,,,,,,,
48900,212.0,0.004361,,,,,,,,
49000,212.4,0.005624,,,,,,,,
49100,212.9,0.002672,,,,,,,,
49200,213.3,0.002850,,,,,,,,
49300,213.8,0.002693,,,,,,,,
49400,214.2,0.009822,,,,,,,,
49500,214.7,0.005514,,,,,,,,
49600,215.2,0.002467,,,,,,,,
49700,215.7,0.002512,,,,,,,,
49800,216.1,0.004247,,,,,,,,
49900,216.6,0.007936,,,,,,,,
50000,218.3,0.010382,0.005507,5.171700e+00,2.738820e-01,1.973536e-01,0.000000,5.171700e+00,2.646944e-01,1.889230e-01
50100,218.5,0.012726,,,,,,,,
50200,218.8,0.005522,,,,,,,,
50300,219.1,0.006595,,,,,,,,
50400,219.4,0.002651,,,,,,,,
50500,219.7,0.002270,,,,,,,,
50600,220.0,0.012033,,,,,,,,
50700,220.2,0.002709,,,,,,,,
50800,220.5,0.010252,,,,,,,,
50900,220.8,0.008420,,,,,,,,
51000,221.1,0.008003,,,,,,,,
51100,221.4,0.009287,,,,,,,,
51200,221.7,0.005064,,,,,,,,
51300,222.0,0.006066,,,,,,,,
51400,222.3,0.006480,,,,,,,,
51500,222.6,0.007573,,,,,,,,
51600,222.9,0.006017,,,,,,,,
51700,223.1,0.008627,,,,,,,,
51800,223.4,0.006606,,,,,,,,
51900,223.7,0.006040,,,,,,,,
52000,224.0,0.007278,,,,,,,,
52100,224.3,0.008915,,,,,,,,
52200,224.6,0.006331,,,,,,,,
52300,224.9,0.003069,,,,,,,,
52400,225.2,0.016700,,,,,,,,
52500,225.5,0.004031,,,,,,,,
52600,225.8,0.006163,,,,,,,,
52700,226.1,0.009600,,,,,,,,
52800,226.4,0.006660,,,,,,,,
52900,226.7,0.003514,,,,,,,,
53000,227.0,0.005251,,,,,,,,
53100,227.3,0.004722,,,,,,,,
53200,227.6,0.003009,,,,,,,,
53300,227.9,0.013221,,,,,,,,
53400,228.2,0.006491,,,,,,,,
53500,228.5,0.005934,,,,,,,,
53600,228.7,0.006194,,,,,,,,
53700,229.0,0.007384,,,,,,,,
53800,229.3,0.007651,,,,,,,,
53900,229.6,0.003376,,,,,,,,
54000,229.9,0.007094,,,,,,,,
54100,230.2,0.003001,,,,,,,,
54200,230.5,0.002880,,,,,,,,
54300,230.8,0.006882,,,,,,,,
54400,231.1,0.003352,,,,,,,,
54500,231.4,0.009415,,,,,,,,
54600,231.7,0.005012,,,,,,,,
54700,231.9,0.015112,,,,,,,,
54800,232.2,0.005498,,,,,,,,
54900,232.5,0.006654,,,,,,,,
55000,233.9,0.003538,0.005008,4.885943e+00,2.727108e-01,1.964219e-01,0.000000,4.885943e+00,2.626495e-01,1.891288e-01
55100,234.1,0.006135,,,,,,,,
55200,234.4,0.007656,,,,,,,,
55300,234.7,0.003903,,,,,,,,
55400,235.0,0.002806,,,,,,,,
55500,235.3,0.008347,,,,,,,,
55600,235.6,0.007010,,,,,,,,
55700,235.9,0.004807,,,,,,,,
55800,236.2,0.003930,,,,,,,,
55900,236.5,0.005935,,,,,,,,
56000,236.7,0.002318,,,,,,,,
56100,237.0,0.004776,,,,,,,,
56200,237.3,0.005400,,,,,,,,
56300,237.6,0.005461,,,,,,,,
56400,237.9,0.007054,,,,,,,,
56500,238.2,0.010760,,,,,,,,
56600,238.4,0.002491,,,,,,,,
56700,238.7,0.005546,,,,,,,,
56800,239.0,0.002486,,,,,,,,
56900,239.3,0.003263,,,,,,,,
57000,239.6,0.004289,,,,,,,,
57100,239.9,0.011769,,,,,,,,
57200,240.2,0.002753,,,,,,,,
57300,240.5,0.004945,,,,,,,,
57400,240.8,0.004107,,,,,,,,
57500,241.1,0.005599,,,,,,,,
57600,241.4,0.007926,,,,,,,,
57700,241.7,0.006598,,,,,,,,
57800,242.0,0.002660,,,,,,,,
57900,242.3,0.007135,,,,,,,,
58000,242.6,0.005414,,,,,,,,
58100,242.9,0.008923,,,,,,,,
58200,243.2,0.007955,,,,,,,,
58300,243.4,0.002630,,,,,,,,
58400,243.7,0.004244,,,,,,,,
58500,244.0,0.004251,,,,,,,,
58600,244.3,0.005516,,,,,,,,
58700,244.6,0.004583,,,,,,,,
58800,244.9,0.005195,,,,,,,,
58900,245.2,0.004961,,,,,,,,
59000,245.5,0.003848,,,,,,,,
59100,245.8,0.004136,,,,,,,,
59200,246.1,0.004313,,,,,,,,
59300,246.4,0.003900,,,,,,,,
59400,246.6,0.011883,,,,,,,,
59500,247.0,0.006766,,,,,,,,
59600,247.2,0.002676,,,,,,,,
59700,247.5,0.008642,,,,,,,,
59800,247.8,0.006618,,,,,,,,
59900,248.1,0.003332,,,,,,,,
60000,249.5,0.007858,0.007890,5.526456e+00,3.111027e-01,2.153043e-01,0.000000,5.526456e+00,3.060628e-01,2.142436e-01
60100,249.7,0.007890,,,,,,,,
60200,250.0,0.003681,,,,,,,,
60300,250.3,0.004291,,,,,,,,
60400,250.6,0.005725,,,,,,,,
60500,250.9,0.004736,,,,,,,,
60600,251.2,0.002055,,,,,,,,
60700,251.5,0.002748,,,,,,,,
60800,251.8,0.005439,,,,,,,,
60900,252.1,0.002371,,,,,,,,
61000,252.4,0.003537,,,,,,,,
61100,252.7,0.011335,,,,,,,,
61200,253.0,0.005340,,,,,,,,
61300,253.3,0.005379,,,,,,,,
61400,253.6,0.006330,,,,,,,,
61500,253.9,0.007325,,,,,,,,
61600,254.2,0.005822,,,,,,,,
61700,254.5,0.003527,,,,,,,,
61800,254.8,0.006269,,,,,,,,
61900,255.0,0.002334,,,,,,,,
62000,255.3,0.002528,,,,,,,,
62100,255.6,0.002958,,,,,,,,
62200,255.9,0.010951,,,,,,,,
62300,256.2,0.005281,,,,,,,,
62400,256.5,0.005122,,,,,,,,
62500,256.8,0.008713,,,,,,,,
62600,257.1,0.016429,,,,,,,,
62700,257.4,0.007263,,,,,,,,
62800,257.7,0.006456,,,,,,,,
62900,258.0,0.003678,,,,,,,,
63000,258.3,0.008196,,,,,,,,
63100,258.6,0.002202,,,,,,,,
63200,258.9,0.006749,,,,,,,,
63300,259.2,0.008337,,,,,,,,
63400,259.5,0.006975,,,,,,,,
63500,259.8,0.005130,,,,,,,,
63600,260.0,0.011068,,,,,,,,
63700,260.3,0.002935,,,,,,,,
63800,260.6,0.005039,,,,,,,,
63900,260.9,0.004962,,,,,,,,
64000,261.2,0.004742,,,,,,,,
64100,261.5,0.014160,,,,,,,,
64200,261.8,0.005991,,,,,,,,
64300,262.1,0.005683,,,,,,,,
64400,262.4,0.002958,,,,,,,,
64500,262.7,0.004307,,,,,,,,
64600,263.0,0.008146,,,,,,,,
64700,263.3,0.008730,,,,,,,,
64800,263.6,0.010525,,,,,,,,
64900,263.9,0.004141,,,,,,,,
65000,265.3,0.005823,0.004098,3.628371e+00,2.633454e-01,1.865889e-01,0.000000,3.628371e+00,2.523417e-01,1.777609e-01
65100,265.5,0.002764,,,,,,,,
65200,265.8,0.007003,,,,,,,,
65300,266.1,0.009559,,,,,,,,
65400,266.4,0.003059,,,,,,,,
65500,266.7,0.009611,,,,,,,,
65600,267.0,0.004068,,,,,,,,
65700,267.3,0.006662,,,,,,,,
65800,267.6,0.007037,,,,,,,,
65900,267.8,0.003371,,,,,,,,
66000,268.1,0.002295,,,,,,,,
66100,268.4,0.006387,,,,,,,,
66200,268.7,0.002283,,,,,,,,
66300,269.0,0.005458,,,,,,,,
66400,269.3,0.007509,,,,,,,,
66500,269.6,0.003689,,,,,,,,
66600,269.9,0.006094,,,,,,,,
66700,270.2,0.002904,,,,,,,,
66800,270.5,0.004123,,,,,,,,
66900,270.8,0.004566,,,,,,,,
67000,271.1,0.006389,,,,,,,,
67100,271.4,0.006011,,,,,,,,
67200,271.7,0.005379,,,,,,,,
67300,272.0,0.003626,,,,,,,,
67400,272.3,0.003509,,,,,,,,
67500,272.6,0.007717,,,,,,,,
67600,272.9,0.004599,,,,,,,,
67700,273.2,0.002831,,,,,,,,
67800,273.4,0.006111,,,,,,,,
67900,273.7,0.005175,,,,,,,,
68000,274.0,0.005366,,,,,,,,
68100,274.3,0.004268,,,,,,,,
68200,274.6,0.008858,,,,,,,,
68300,274.9,0.007492,,,,,,,,
68400,275.2,0.014378,,,,,,,,
68500,275.5,0.005238,,,,,,,,
68600,275.8,0.004722,,,,,,,,
68700,276.1,0.002903,,,,,,,,
68800,276.4,0.007619,,,,,,,,
68900,276.7,0.005511,,,,,,,,
69000,277.0,0.003066,,,,,,,,
69100,277.3,0.005248,,,,,,,,
69200,277.6,0.004362,,,,,,,,
69300,277.9,0.008810,,,,,,,,
69400,278.1,0.008329,,,,,,,,
69500,278.4,0.002431,,,,,,,,
69600,278.7,0.003106,,,,,,,,
69700,279.0,0.003364,,,,,,,,
69800,279.3,0.009197,,,,,,,,
69900,279.6,0.007452,,,,,,,,
70000,281.0,0.007651,0.003523,4.326989e+00,2.534735e-01,1.909882e-01,0.000000,4.326989e+00,2.404416e-01,1.812812e-01
70100,281.2,0.005510,,,,,,,,
70200,281.5,0.010010,,,,,,,,
70300,281.8,0.012064,,,,,,,,
70400,282.1,0.009945,,,,,,,,
70500,282.4,0.008945,,,,,,,,
70600,282.7,0.005330,,,,,,,,
70700,283.0,0.003853,,,,,,,,
70800,283.3,0.002230,,,,,,,,
70900,283.6,0.002090,,,,,,,,
71000,283.9,0.007471,,,,,,,,
71100,284.2,0.002222,,,,,,,,
71200,284.5,0.005764,,,,,,,,
71300,284.8,0.002290,,,,,,,,
71400,285.1,0.002517,,,,,,,,
71500,285.4,0.005636,,,,,,,,
71600,285.7,0.002836,,,,,,,,
71700,286.0,0.001905,,,,,,,,
71800,286.3,0.002859,,,,,,,,
71900,286.6,0.005418,,,,,,,,
72000,286.9,0.007972,,,,,,,,
72100,287.2,0.003040,,,,,,,,
72200,287.5,0.004357,,,,,,,,
72300,287.8,0.010603,,,,,,,,
72400,288.1,0.007332,,,,,,,,
72500,288.4,0.008481,,,,,,,,
72600,288.7,0.001910,,,,,,,,
72700,289.0,0.004564,,,,,,,,
72800,289.3,0.003792,,,,,,,,
72900,289.5,0.004978,,,,,,,,
73000,289.8,0.007209,,,,,,,,
73100,290.1,0.005746,,,,,,,,
73200,290.4,0.008041,,,,,,,,
73300,290.7,0.005072,,,,,,,,
73400,291.0,0.002461,,,,,,,,
73500,291.3,0.007407,,,,,,,,
73600,291.6,0.004038,,,,,,,,
73700,291.9,0.005175,,,,,,,,
73800,292.2,0.007254,,,,,,,,
73900,292.5,0.002202,,,,,,,,
74000,292.8,0.007511,,,,,,,,
74100,293.1,0.002456,,,,,,,,
74200,293.4,0.002365,,,,,,,,
74300,293.7,0.001944,,,,,,,,
74400,294.0,0.001845,,,,,,,,
74500,294.3,0.003271,,,,,,,,
74600,294.6,0.002762,,,,,,,,
74700,294.8,0.003687,,,,,,,,
74800,295.1,0.002366,,,,,,,,
74900,295.4,0.009442,,,,,,,,
75000,296.8,0.003969,0.005989,5.557033e+00,2.631660e-01,1.762546e-01,0.000000,5.557033e+00,2.513724e-01,1.676833e-01
75100,297.0,0.002272,,,,,,,,
75200,297.3,0.005942,,,,,,,,
75300,297.5,0.010436,,,,,,,,
75400,297.8,0.009419,,,,,,,,
75500,298.1,0.010069,,,,,,,,
75600,298.4,0.005719,,,,,,,,
75700,298.7,0.006945,,,,,,,,
75800,299.0,0.005608,,,,,,,,
75900,299.3,0.008953,,,,,,,,
76000,299.6,0.005909,,,,,,,,
76100,299.9,0.014235,,,,,,,,
76200,300.2,0.012216,,,,,,,,
76300,300.5,0.004810,,,,,,,,
76400,300.8,0.008989,,,,,,,,
76500,301.1,0.012695,,,,,,,,
76600,301.4,0.007475,,,,,,,,
76700,301.7,0.008251,,,,,,,,
76800,302.0,0.003574,,,,,,,,
76900,302.3,0.002799,,,,,,,,
77000,302.6,0.002734,,,,,,,,
77100,302.9,0.005392,,,,,,,,
77200,303.2,0.002829,,,,,,,,
77300,303.5,0.007695,,,,,,,,
77400,303.8,0.005913,,,,,,,,
77500,304.1,0.007389,,,,,,,,
77600,304.4,0.003332,,,,,,,,
77700,304.6,0.008738,,,,,,,,
77800,304.9,0.003920,,,,,,,,
77900,305.2,0.002000,,,,,,,,
78000,305.5,0.004337,,,,,,,,
78100,305.8,0.003275,,,,,,,,
78200,306.1,0.004153,,,,,,,,
78300,306.4,0.003404,,,,,,,,
78400,306.7,0.003606,,,,,,,,
78500,307.0,0.005039,,,,,,,,
78600,307.3,0.007125,,,,,,,,
78700,307.6,0.002784,,,,,,,,
78800,307.9,0.004888,,,,,,,,
78900,308.2,0.004190,,,,,,,,
79000,308.5,0.006288,,,,,,,,
79100,308.8,0.008059,,,,,,,,
79200,309.1,0.003125,,,,,,,,
79300,309.4,0.004802,,,,,,,,
79400,309.7,0.010086,,,,,,,,
79500,310.0,0.005262,,,,,,,,
79600,310.3,0.002924,,,,,,,,
79700,310.6,0.009227,,,,,,,,
79800,310.9,0.003771,,,,,,,,
79900,311.1,0.004701,,,,,,,,
80000,312.5,0.002899,0.004052,4.139954e+00,2.496501e-01,1.773162e-01,0.000000,4.080046e+00,2.420107e-01,1.713974e-01
80100,312.7,0.008159,,,,,,,,
80200,313.0,0.003288,,,,,,,,
80300,313.3,0.003346,,,,,,,,
80400,313.6,0.004570,,,,,,,,
80500,313.9,0.007055,,,,,,,,
80600,314.2,0.002537,,,,,,,,
80700,314.5,0.002450,,,,,,,,
80800,314.8,0.007416,,,,,,,,
80900,315.1,0.006780,,,,,,,,
81000,315.4,0.003412,,,,,,,,
81100,315.7,0.006892,,,,,,,,
81200,315.9,0.003791,,,,,,,,
81300,316.2,0.006805,,,,,,,,
81400,316.5,0.007791,,,,,,,,
81500,316.8,0.002135,,,,,,,,
81600,317.1,0.003504,,,,,,,,
81700,317.4,0.006816,,,,,,,,
81800,317.7,0.004380,,,,,,,,
81900,318.0,0.004360,,,,,,,,
82000,318.3,0.007411,,,,,,,,
82100,318.6,0.003285,,,,,,,,
82200,318.9,0.003756,,,,,,,,
82300,319.2,0.006316,,,,,,,,
82400,319.5,0.004714,,,,,,,,
82500,319.8,0.007538,,,,,,,,
82600,320.1,0.003930,,,,,,,,
82700,320.4,0.006279,,,,,,,,
82800,320.6,0.002675,,,,,,,,
82900,320.9,0.004260,,,,,,,,
83000,321.2,0.004167,,,,,,,,
83100,321.5,0.005448,,,,,,,,
83200,321.8,0.005320,,,,,,,,
83300,322.1,0.009643,,,,,,,,
83400,322.4,0.004452,,,,,,,,
83500,322.7,0.002874,,,,,,,,
83600,323.0,0.003766,,,,,,,,
83700,323.3,0.003351,,,,,,,,
83800,323.6,0.006802,,,,,,,,
83900,323.9,0.008397,,,,,,,,
84000,324.2,0.008318,,,,,,,,
84100,324.5,0.003366,,,,,,,,
84200,324.8,0.010596,,,,,,,,
84300,325.1,0.002270,,,,,,,,
84400,325.4,0.006589,,,,,,,,
84500,325.7,0.016318,,,,,,,,
84600,326.0,0.004845,,,,,,,,
84700,326.3,0.004130,,,,,,,,
84800,326.6,0.012070,,,,,,,,
84900,326.9,0.002521,,,,,,,,
85000,328.2,0.013333,0.004113,5.124035e+00,2.468247e-01,1.790396e-01,0.000000,5.124035e+00,2.360472e-01,1.709134e-01
85100,328.5,0.003687,,,,,,,,
85200,328.7,0.002178,,,,,,,,
85300,329.0,0.004401,,,,,,,,
85400,329.3,0.003845,,,,,,,,
85500,329.6,0.007463,,,,,,,,
85600,329.9,0.009961,,,,,,,,
85700,330.2,0.011164,,,,,,,,
85800,330.5,0.003625,,,,,,,,
85900,330.8,0.007038,,,,,,,,
86000,331.1,0.004756,,,,,,,,
86100,331.4,0.003735,,,,,,,,
86200,331.7,0.010182,,,,,,,,
86300,331.9,0.003561,,,,,,,,
86400,332.2,0.003252,,,,,,,,
86500,332.5,0.008828,,,,,,,,
86600,332.8,0.002861,,,,,,,,
86700,333.1,0.002630,,,,,,,,
86800,333.4,0.004447,,,,,,,,
86900,333.7,0.002163,,,,,,,,
87000,334.0,0.004253,,,,,,,,
87100,334.2,0.004535,,,,,,,,
87200,334.5,0.006111,,,,,,,,
87300,334.8,0.004525,,,,,,,,
87400,335.1,0.008891,,,,,,,,
87500,335.4,0.009183,,,,,,,,
87600,335.7,0.005632,,,,,,,,
87700,336.0,0.004312,,,,,,,,
87800,336.3,0.006584,,,,,,,,
87900,336.6,0.009141,,,,,,,,
88000,336.9,0.002359,,,,,,,,
88100,337.2,0.004944,,,,,,,,
88200,337.5,0.004530,,,,,,,,
88300,337.8,0.004041,,,,,,,,
88400,338.1,0.009497,,,,,,,,
88500,338.3,0.005519,,,,,,,,
88600,338.6,0.003868,,,,,,,,
88700,338.9,0.008939,,,,,,,,
88800,339.2,0.002416,,,,,,,,
88900,339.5,0.002561,,,,,,,,
89000,339.8,0.008498,,,,,,,,
89100,340.1,0.005526,,,,,,,,
89200,340.4,0.006086,,,,,,,,
89300,340.7,0.007207,,,,,,,,
89400,341.0,0.003787,,,,,,,,
89500,341.3,0.006395,,,,,,,,
89600,341.6,0.009085,,,,,,,,
89700,341.9,0.005822,,,,,,,,
89800,342.2,0.003564,,,,,,,,
89900,342.5,0.007816,,,,,,,,
90000,343.9,0.004878,0.005233,5.278085e+00,2.516879e-01,1.681110e-01,0.000000,5.278085e+00,2.402491e-01,1.591133e-01
90100,344.1,0.004490,,,,,,,,
90200,344.4,0.002827,,,,,,,,
90300,344.7,0.005550,,,,,,,,
90400,345.0,0.008102,,,,,,,,
90500,345.3,0.002959,,,,,,,,
90600,345.5,0.004776,,,,,,,,
90700,345.8,0.005135,,,,,,,,
90800,346.1,0.006353,,,,,,,,
90900,346.4,0.004906,,,,,,,,
91000,346.7,0.002538,,,,,,,,
91100,347.0,0.002542,,,,,,,,
91200,347.3,0.007091,,,,,,,,
91300,347.6,0.002614,,,,,,,,
91400,347.9,0.005248,,,,,,,,
91500,348.2,0.010283,,,,,,,,
91600,348.5,0.005472,,,,,,,,
91700,348.8,0.010035,,,,,,,,
91800,349.1,0.003189,,,,,,,,
91900,349.4,0.003327,,,,,,,,
92000,349.7,0.004470,,,,,,,,
92100,350.0,0.005351,,,,,,,,
92200,350.3,0.004997,,,,,,,,
92300,350.6,0.004269,,,,,,,,
92400,350.9,0.004409,,,,,,,,
92500,351.2,0.004586,,,,,,,,
92600,351.5,0.003002,,,,,,,,
92700,351.8,0.002567,,,,,,,,
92800,352.1,0.002804,,,,,,,,
92900,352.4,0.002901,,,,,,,,
93000,352.7,0.003536,,,,,,,,
93100,353.0,0.003353,,,,,,,,
93200,353.2,0.003580,,,,,,,,
93300,353.5,0.005495,,,,,,,,
93400,353.8,0.004175,,,,,,,,
93500,354.1,0.008379,,,,,,,,
93600,354.4,0.004331,,,,,,,,
93700,354.7,0.005673,,,,,,,,
93800,355.0,0.009509,,,,,,,,
93900,355.3,0.002856,,,,,,,,
94000,355.6,0.005176,,,,,,,,
94100,355.9,0.003048,,,,,,,,
94200,356.2,0.005906,,,,,,,,
94300,356.5,0.003515,,,,,,,,
94400,356.8,0.003176,,,,,,,,
94500,357.1,0.002189,,,,,,,,
94600,357.4,0.004191,,,,,,,,
94700,357.6,0.002519,,,,,,,,
94800,357.9,0.005846,,,,,,,,
94900,358.2,0.002619,,,,,,,,
95000,359.6,0.004340,0.006073,5.893423e+00,2.645196e-01,1.757466e-01,0.000000,5.893423e+00,2.529464e-01,1.664090e-01
95100,359.9,0.004036,,,,,,,,
95200,360.1,0.007611,,,,,,,,
95300,360.4,0.005917,,,,,,,,
95400,360.7,0.003169,,,,,,,,
95500,361.0,0.002041,,,,,,,,
95600,361.3,0.007809,,,,,,,,
95700,361.6,0.009951,,,,,,,,
95800,361.9,0.001942,,,,,,,,
95900,362.2,0.005110,,,,,,,,
96000,362.5,0.008785,,,,,,,,
96100,362.8,0.005633,,,,,,,,
96200,363.1,0.005656,,,,,,,,
96300,363.4,0.003178,,,,,,,,
96400,363.7,0.002939,,,,,,,,
96500,364.0,0.005943,,,,,,,,
96600,364.3,0.005033,,,,,,,,
96700,364.6,0.004931,,,,,,,,
96800,364.9,0.002622,,,,,,,,
96900,365.2,0.012372,,,,,,,,
97000,365.4,0.002867,,,,,,,,
97100,365.7,0.009030,,,,,,,,
97200,366.0,0.003187,,,,,,,,
97300,366.3,0.005102,,,,,,,,
97400,366.6,0.008847,,,,,,,,
97500,366.9,0.008868,,,,,,,,
97600,367.2,0.010083,,,,,,,,
97700,367.5,0.005184,,,,,,,,
97800,367.8,0.003900,,,,,,,,
97900,368.1,0.003056,,,,,,,,
98000,368.4,0.003378,,,,,,,,
98100,368.7,0.002704,,,,,,,,
98200,368.9,0.004629,,,,,,,,
98300,369.3,0.004608,,,,,,,,
98400,369.8,0.003337,,,,,,,,
98500,370.2,0.005510,,,,,,,,
98600,370.7,0.002025,,,,,,,,
98700,371.1,0.002133,,,,,,,,
98800,371.6,0.006112,,,,,,,,
98900,372.1,0.002450,,,,,,,,
99000,372.5,0.006666,,,,,,,,
99100,373.0,0.008139,,,,,,,,
99200,373.5,0.002184,,,,,,,,
99300,374.0,0.003123,,,,,,,,
99400,374.4,0.008131,,,,,,,,
99500,374.9,0.003791,,,,,,,,
99600,375.3,0.002212,,,,,,,,
99700,375.8,0.002765,,,,,,,,
99800,376.3,0.009247,,,,,,,,
99900,376.7,0.004294,,,,,,,,
100000,378.3,0.002230,0.004998,5.130242e+00,2.556866e-01,1.791463e-01,0.000000,5.095279e+00,2.467898e-01,1.732890e-01
100100,378.6,0.002447,,,,,,,,
100200,378.8,0.003273,,,,,,,,
100300,379.1,0.003950,,,,,,,,
100400,379.5,0.008179,,,,,,,,
100500,380.0,0.004740,,,,,,,,
100600,380.5,0.006832,,,,,,,,
100700,380.9,0.003457,,,,,,,,
100800,381.4,0.011384,,,,,,,,
100900,381.9,0.006202,,,,,,,,
101000,382.4,0.009020,,,,,,,,
101100,382.9,0.004339,,,,,,,,
101200,383.3,0.005957,,,,,,,,
101300,383.8,0.008018,,,,,,,,
101400,384.3,0.008143,,,,,,,,
101500,384.8,0.003488,,,,,,,,
101600,385.3,0.002442,,,,,,,,
101700,385.7,0.009977,,,,,,,,
101800,386.2,0.003229,,,,,,,,
101900,386.7,0.014595,,,,,,,,
102000,387.1,0.005269,,,,,,,,
102100,387.6,0.002137,,,,,,,,
102200,388.1,0.006096,,,,,,,,
102300,388.6,0.007341,,,,,,,,
102400,389.1,0.005351,,,,,,,,
102500,389.5,0.003751,,,,,,,,
102600,390.0,0.003027,,,,,,,,
102700,390.5,0.010508,,,,,,,,
102800,390.9,0.004634,,,,,,,,
102900,391.4,0.005414,,,,,,,,
103000,391.9,0.011373,,,,,,,,
103100,392.3,0.004622,,,,,,,,
103200,392.9,0.007743,,,,,,,,
103300,393.3,0.004633,,,,,,,,
103400,393.8,0.004054,,,,,,,,
103500,394.3,0.002501,,,,,,,,
103600,394.7,0.003918,,,,,,,,
103700,395.2,0.002363,,,,,,,,
103800,395.7,0.002014,,,,,,,,
103900,396.2,0.003656,,,,,,,,
104000,396.7,0.002659,,,,,,,,
104100,397.1,0.004347,,,,,,,,
104200,397.6,0.003649,,,,,,,,
104300,398.1,0.004487,,,,,,,,
104400,398.5,0.005279,,,,,,,,
104500,398.9,0.004795,,,,,,,,
104600,399.3,0.005486,,,,,,,,
104700,399.8,0.004949,,,,,,,,
104800,400.3,0.009234,,,,,,,,
104900,400.7,0.004446,,,,,,,,
105000,402.3,0.006512,0.003561,4.989097e+00,2.397772e-01,1.806953e-01,0.000000,4.989097e+00,2.302690e-01,1.732334e-01
105100,402.6,0.004392,,,,,,,,
105200,402.9,0.008455,,,,,,,,
105300,403.3,0.006501,,,,,,,,
105400,403.7,0.001708,,,,,,,,
105500,404.2,0.004023,,,,,,,,
105600,404.7,0.005054,,,,,,,,
105700,405.2,0.002641,,,,,,,,
105800,405.6,0.002213,,,,,,,,
105900,406.1,0.002059,,,,,,,,
106000,406.6,0.003851,,,,,,,,
106100,407.1,0.003050,,,,,,,,
106200,407.6,0.002880,,,,,,,,
106300,408.0,0.002579,,,,,,,,
106400,408.5,0.004104,,,,,,,,
106500,409.0,0.012580,,,,,,,,
106600,409.5,0.004645,,,,,,,,
106700,409.9,0.003040,,,,,,,,
106800,410.4,0.005527,,,,,,,,
106900,410.9,0.010827,,,,,,,,
107000,411.4,0.002600,,,,,,,,
107100,411.8,0.008530,,,,,,,,
107200,412.3,0.002632,,,,,,,,
107300,412.8,0.001944,,,,,,,,
107400,413.3,0.003160,,,,,,,,
107500,413.7,0.003316,,,,,,,,
107600,414.2,0.006626,,,,,,,,
107700,414.7,0.004805,,,,,,,,
107800,415.2,0.003800,,,,,,,,
107900,415.7,0.008328,,,,,,,,
108000,416.2,0.012351,,,,,,,,
108100,416.6,0.007012,,,,,,,,
108200,417.1,0.005519,,,,,,,,
108300,417.6,0.003877,,,,,,,,
108400,418.1,0.004874,,,,,,,,
108500,418.6,0.005630,,,,,,,,
108600,419.0,0.004115,,,,,,,,
108700,419.5,0.002765,,,,,,,,
108800,420.0,0.007395,,,,,,,,
108900,420.5,0.003122,,,,,,,,
109000,420.9,0.002487,,,,,,,,
109100,421.4,0.003031,,,,,,,,
109200,421.9,0.010722,,,,,,,,
109300,422.4,0.013413,,,,,,,,
109400,422.9,0.004902,,,,,,,,
109500,423.4,0.002760,,,,,,,,
109600,423.8,0.003141,,,,,,,,
109700,424.3,0.002220,,,,,,,,
109800,424.8,0.009196,,,,,,,,
109900,425.3,0.002062,,,,,,,,
110000,426.8,0.004666,0.005550,5.296706e+00,2.536082e-01,1.746049e-01,0.000000,5.296706e+00,2.403063e-01,1.646207e-01
110100,427.1,0.004923,,,,,,,,
110200,427.4,0.004592,,,,,,,,
110300,427.8,0.003079,,,,,,,,
110400,428.3,0.005650,,,,,,,,
110500,428.8,0.004971,,,,,,,,
110600,429.2,0.003506,,,,,,,,
110700,429.7,0.006695,,,,,,,,
110800,430.2,0.002931,,,,,,,,
110900,430.6,0.003276,,,,,,,,
111000,431.1,0.003385,,,,,,,,
111100,431.4,0.007031,,,,,,,,
111200,431.7,0.003811,,,,,,,,
111300,432.0,0.006355,,,,,,,,
111400,432.3,0.002310,,,,,,,,
111500,432.6,0.005912,,,,,,,,
111600,432.9,0.002864,,,,,,,,
111700,433.1,0.006354,,,,,,,,
111800,433.4,0.002826,,,,,,,,
111900,433.7,0.004802,,,,,,,,
112000,434.0,0.002620,,,,,,,,
112100,434.3,0.002970,,,,,,,,
112200,434.6,0.004506,,,,,,,,
112300,434.9,0.008741,,,,,,,,
112400,435.2,0.002489,,,,,,,,
112500,435.4,0.008054,,,,,,,,
112600,435.7,0.008164,,,,,,,,
112700,436.0,0.004882,,,,,,,,
112800,436.3,0.002397,,,,,,,,
112900,436.6,0.005453,,,,,,,,
113000,436.9,0.014306,,,,,,,,
113100,437.2,0.002587,,,,,,,,
113200,437.5,0.003581,,,,,,,,
113300,437.7,0.002921,,,,,,,,
113400,438.0,0.002843,,,,,,,,
113500,438.3,0.002249,,,,,,,,
113600,438.6,0.008421,,,,,,,,
113700,438.9,0.008923,,,,,,,,
113800,439.2,0.002669,,,,,,,,
113900,439.5,0.004529,,,,,,,,
114000,439.8,0.005369,,,,,,,,
114100,440.1,0.002677,,,,,,,,
114200,440.4,0.004308,,,,,,,,
114300,440.6,0.006156,,,,,,,,
114400,440.9,0.005035,,,,,,,,
114500,441.2,0.001888,,,,,,,,
114600,441.5,0.006411,,,,,,,,
114700,441.8,0.004198,,,,,,,,
114800,442.1,0.003796,,,,,,,,
114900,442.3,0.006192,,,,,,,,
115000,443.8,0.008114,0.003250,3.719814e+00,2.372524e-01,1.770659e-01,0.000000,3.719814e+00,2.237839e-01,1.653560e-01
115100,444.0,0.004794,,,,,,,,
115200,444.3,0.004474,,,,,,,,
115300,444.5,0.001999,,,,,,,,
115400,444.8,0.013318,,,,,,,,
115500,445.1,0.004716,,,,,,,,
115600,445.5,0.002323,,,,,,,,
115700,446.0,0.005119,,,,,,,,
115800,446.4,0.005536,,,,,,,,
115900,446.7,0.006506,,,,,,,,
116000,447.1,0.003526,,,,,,,,
116100,447.6,0.002073,,,,,,,,
116200,448.0,0.005411,,,,,,,,
116300,448.4,0.002269,,,,,,,,
116400,448.8,0.002395,,,,,,,,
116500,449.2,0.002048,,,,,,,,
116600,449.6,0.008401,,,,,,,,
116700,450.0,0.002846,,,,,,,,
116800,450.4,0.009989,,,,,,,,
116900,450.7,0.002737,,,,,,,,
117000,451.0,0.009024,,,,,,,,
117100,451.3,0.006683,,,,,,,,
117200,451.6,0.004409,,,,,,,,
117300,451.9,0.003047,,,,,,,,
117400,452.2,0.006181,,,,,,,,
117500,452.6,0.007708,,,,,,,,
117600,453.0,0.008220,,,,,,,,
117700,453.4,0.004026,,,,,,,,
117800,453.8,0.005359,,,,,,,,
117900,454.2,0.005240,,,,,,,,
118000,454.7,0.004498,,,,,,,,
118100,455.1,0.002499,,,,,,,,
118200,455.5,0.003985,,,,,,,,
118300,455.9,0.002517,,,,,,,,
118400,456.4,0.002449,,,,,,,,
118500,456.8,0.004690,,,,,,,,
118600,457.2,0.007357,,,,,,,,
118700,457.7,0.007518,,,,,,,,
118800,458.1,0.011984,,,,,,,,
118900,458.6,0.005552,,,,,,,,
119000,459.0,0.002577,,,,,,,,
119100,459.4,0.006896,,,,,,,,
119200,459.9,0.008561,,,,,,,,
119300,460.3,0.003431,,,,,,,,
119400,460.7,0.007401,,,,,,,,
119500,461.1,0.002289,,,,,,,,
119600,461.5,0.012004,,,,,,,,
119700,461.9,0.004500,,,,,,,,
119800,462.4,0.003364,,,,,,,,
119900,462.8,0.002602,,,,,,,,
120000,464.3,0.002137,0.003624,4.131901e+00,2.504512e-01,1.854501e-01,0.000000,4.131901e+00,2.402151e-01,1.763023e-01
120100,464.6,0.005232,,,,,,,,
120200,464.9,0.004316,,,,,,,,
120300,465.2,0.010118,,,,,,,,
120400,465.6,0.003079,,,,,,,,
120500,466.1,0.002382,,,,,,,,
120600,466.4,0.008220,,,,,,,,
120700,466.7,0.007109,,,,,,,,
120800,467.0,0.006010,,,,,,,,
120900,467.4,0.002642,,,,,,,,
121000,467.9,0.004292,,,,,,,,
121100,468.3,0.004634,,,,,,,,
121200,468.8,0.010938,,,,,,,,
121300,469.1,0.006670,,,,,,,,
121400,469.6,0.002167,,,,,,,,
121500,470.0,0.005347,,,,,,,,
121600,470.4,0.004554,,,,,,,,
121700,470.9,0.007560,,,,,,,,
121800,471.4,0.006239,,,,,,,,
121900,471.9,0.003677,,,,,,,,
122000,472.3,0.003927,,,,,,,,
122100,472.7,0.006084,,,,,,,,
122200,473.0,0.005897,,,,,,,,
122300,473.5,0.005114,,,,,,,,
122400,474.0,0.004060,,,,,,,,
122500,474.4,0.003931,,,,,,,,
122600,474.9,0.004645,,,,,,,,
122700,475.3,0.009307,,,,,,,,
122800,475.8,0.005151,,,,,,,,
122900,476.3,0.005772,,,,,,,,
123000,476.7,0.004928,,,,,,,,
123100,477.2,0.005540,,,,,,,,
123200,477.6,0.003607,,,,,,,,
123300,478.1,0.008212,,,,,,,,
123400,478.6,0.002162,,,,,,,,
123500,479.0,0.003744,,,,,,,,
123600,479.5,0.003007,,,,,,,,
123700,480.0,0.004799,,,,,,,,
123800,480.4,0.004736,,,,,,,,
123900,480.9,0.006139,,,,,,,,
124000,481.3,0.002054,,,,,,,,
124100,481.8,0.005864,,,,,,,,
124200,482.3,0.005279,,,,,,,,
124300,482.8,0.003014,,,,,,,,
124400,483.2,0.006919,,,,,,,,
124500,483.7,0.009364,,,,,,,,
124600,484.2,0.002264,,,,,,,,
124700,484.6,0.005481,,,,,,,,
124800,485.1,0.007307,,,,,,,,
124900,485.6,0.003560,,,,,,,,
125000,487.1,0.003120,0.004132,5.067211e+00,2.403271e-01,1.717125e-01,0.000000,5.067211e+00,2.274339e-01,1.612818e-01
125100,487.4,0.002200,,,,,,,,
125200,487.7,0.005941,,,,,,,,
125300,488.0,0.004349,,,,,,,,
125400,488.4,0.002779,,,,,,,,
125500,488.9,0.015055,,,,,,,,
125600,489.3,0.006803,,,,,,,,
125700,489.8,0.005965,,,,,,,,
125800,490.3,0.003129,,,,,,,,
125900,490.7,0.003182,,,,,,,,
126000,491.2,0.016252,,,,,,,,
126100,491.6,0.003032,,,,,,,,
126200,492.1,0.005448,,,,,,,,
126300,492.6,0.004514,,,,,,,,
126400,493.0,0.008514,,,,,,,,
126500,493.5,0.003998,,,,,,,,
126600,493.9,0.007130,,,,,,,,
126700,494.2,0.009673,,,,,,,,
126800,494.5,0.002802,,,,,,,,
126900,494.7,0.005707,,,,,,,,
127000,495.0,0.002966,,,,,,,,
127100,495.3,0.005700,,,,,,,,
127200,495.6,0.002642,,,,,,,,
127300,495.9,0.004277,,,,,,,,
127400,496.2,0.009715,,,,,,,,
127500,496.5,0.006510,,,,,,,,
127600,496.8,0.006985,,,,,,,,
127700,497.1,0.003455,,,,,,,,
127800,497.3,0.004432,,,,,,,,
127900,497.6,0.005242,,,,,,,,
128000,497.9,0.006504,,,,,,,,
128100,498.2,0.004402,,,,,,,,
128200,498.5,0.003776,,,,,,,,
128300,498.8,0.009237,,,,,,,,
128400,499.1,0.002558,,,,,,,,
128500,499.4,0.002454,,,,,,,,
128600,499.7,0.002566,,,,,,,,
128700,500.0,0.004543,,,,,,,,
128800,500.3,0.001862,,,,,,,,
128900,500.6,0.004471,,,,,,,,
129000,500.9,0.002728,,,,,,,,
129100,501.2,0.002623,,,,,,,,
129200,501.5,0.002002,,,,,,,,
129300,501.8,0.004400,,,,,,,,
129400,502.0,0.005023,,,,,,,,
129500,502.3,0.007907,,,,,,,,
129600,502.6,0.005006,,,,,,,,
129700,502.9,0.003927,,,,,,,,
129800,503.2,0.004747,,,,,,,,
129900,503.5,0.004420,,,,,,,,
130000,504.9,0.002577,0.005434,5.057253e+00,2.539125e-01,1.751042e-01,0.000000,5.057253e+00,2.440548e-01,1.667896e-01
130100,505.1,0.003597,,,,,,,,
130200,505.4,0.008095,,,,,,,,
130300,505.7,0.002544,,,,,,,,
130400,506.0,0.004534,,,,,,,,
130500,506.3,0.005309,,,,,,,,
130600,506.5,0.002275,,,,,,,,
130700,506.8,0.002734,,,,,,,,
130800,507.1,0.003024,,,,,,,,
130900,507.4,0.003392,,,,,,,,
131000,507.7,0.002100,,,,,,,,
131100,508.0,0.005269,,,,,,,,
131200,508.3,0.005332,,,,,,,,
131300,508.6,0.005541,,,,,,,,
131400,508.8,0.005435,,,,,,,,
131500,509.1,0.001768,,,,,,,,
131600,509.4,0.002313,,,,,,,,
131700,509.7,0.004446,,,,,,,,
131800,510.0,0.002123,,,,,,,,
131900,510.3,0.003210,,,,,,,,
132000,510.6,0.002343,,,,,,,,
132100,510.9,0.002413,,,,,,,,
132200,511.2,0.005747,,,,,,,,
132300,511.5,0.001711,,,,,,,,
132400,511.8,0.002099,,,,,,,,
132500,512.1,0.002539,,,,,,,,
132600,512.4,0.001752,,,,,,,,
132700,512.7,0.002242,,,,,,,,
132800,513.0,0.005599,,,,,,,,
132900,513.3,0.001896,,,,,,,,
133000,513.6,0.003827,,,,,,,,
133100,513.9,0.003138,,,,,,,,
133200,514.1,0.006750,,,,,,,,
133300,514.4,0.001816,,,,,,,,
133400,514.7,0.002004,,,,,,,,
133500,515.0,0.003753,,,,,,,,
133600,515.3,0.007218,,,,,,,,
133700,515.6,0.006653,,,,,,,,
133800,515.9,0.001872,,,,,,,,
133900,516.2,0.005072,,,,,,,,
134000,516.5,0.002798,,,,,,,,
134100,516.8,0.007137,,,,,,,,
134200,517.1,0.006518,,,,,,,,
134300,517.4,0.002385,,,,,,,,
134400,517.7,0.006481,,,,,,,,
134500,518.0,0.002689,,,,,,,,
134600,518.3,0.005030,,,,,,,,
134700,518.5,0.010389,,,,,,,,
134800,518.8,0.003314,,,,,,,,
134900,519.1,0.003305,,,,,,,,
135000,520.5,0.002513,0.004894,5.109189e+00,2.360042e-01,1.730058e-01,0.000000,5.109189e+00,2.236978e-01,1.628543e-01
135100,520.8,0.011220,,,,,,,,
135200,521.0,0.002532,,,,,,,,
135300,521.3,0.004329,,,,,,,,
135400,521.6,0.002934,,,,,,,,
135500,521.9,0.005779,,,,,,,,
135600,522.2,0.003656,,,,,,,,
135700,522.5,0.005541,,,,,,,,
135800,522.7,0.008714,,,,,,,,
135900,523.0,0.002914,,,,,,,,
136000,523.3,0.002103,,,,,,,,
136100,523.5,0.009950,,,,,,,,
136200,523.8,0.005240,,,,,,,,
136300,524.1,0.002723,,,,,,,,
136400,524.3,0.006899,,,,,,,,
136500,524.6,0.007780,,,,,,,,
136600,524.9,0.002799,,,,,,,,
136700,525.2,0.004592,,,,,,,,
136800,525.5,0.005667,,,,,,,,
136900,525.8,0.003056,,,,,,,,
137000,526.1,0.003430,,,,,,,,
137100,526.3,0.007901,,,,,,,,
137200,526.6,0.003052,,,,,,,,
137300,526.9,0.002706,,,,,,,,
137400,527.2,0.006236,,,,,,,,
137500,527.5,0.006543,,,,,,,,
137600,527.8,0.004758,,,,,,,,
137700,528.1,0.002135,,,,,,,,
137800,528.4,0.003175,,,,,,,,
137900,528.7,0.002342,,,,,,,,
138000,529.0,0.008059,,,,,,,,
138100,529.3,0.003448,,,,,,,,
138200,529.6,0.001857,,,,,,,,
138300,529.9,0.002655,,,,,,,,
138400,530.2,0.002119,,,,,,,,
138500,530.5,0.002336,,,,,,,,
138600,530.8,0.003238,,,,,,,,
138700,531.1,0.003032,,,,,,,,
138800,531.4,0.002438,,,,,,,,
138900,531.7,0.009135,,,,,,,,
139000,532.0,0.004981,,,,,,,,
139100,532.3,0.004459,,,,,,,,
139200,532.5,0.002718,,,,,,,,
139300,532.8,0.003583,,,,,,,,
139400,533.1,0.002888,,,,,,,,
139500,533.4,0.005435,,,,,,,,
139600,533.7,0.002947,,,,,,,,
139700,534.0,0.002796,,,,,,,,
139800,534.3,0.011498,,,,,,,,
139900,534.6,0.003814,,,,,,,,
140000,536.0,0.004645,0.002752,4.219483e+00,2.211211e-01,1.632076e-01,0.000000,4.219483e+00,2.106873e-01,1.544135e-01
140100,536.2,0.002252,,,,,,,,
140200,536.5,0.001973,,,,,,,,
140300,536.8,0.003428,,,,,,,,
140400,537.1,0.005212,,,,,,,,
140500,537.4,0.011698,,,,,,,,
140600,537.6,0.003111,,,,,,,,
140700,537.9,0.003177,,,,,,,,
140800,538.2,0.005335,,,,,,,,
140900,538.5,0.001832,,,,,,,,
141000,538.8,0.003570,,,,,,,,
141100,539.1,0.002721,,,,,,,,
141200,539.4,0.007608,,,,,,,,
141300,539.7,0.005656,,,,,,,,
141400,540.0,0.003239,,,,,,,,
141500,540.3,0.001595,,,,,,,,
141600,540.6,0.004216,,,,,,,,
141700,540.9,0.006868,,,,,,,,
141800,541.2,0.005960,,,,,,,,
141900,541.5,0.002266,,,,,,,,
142000,541.8,0.004445,,,,,,,,
142100,542.1,0.003566,,,,,,,,
142200,542.4,0.008819,,,,,,,,
142300,542.7,0.003003,,,,,,,,
142400,543.0,0.008421,,,,,,,,
142500,543.2,0.004393,,,,,,,,
142600,543.5,0.002208,,,,,,,,
142700,543.8,0.004826,,,,,,,,
142800,544.1,0.001931,,,,,,,,
142900,544.4,0.002183,,,,,,,,
143000,544.7,0.011309,,,,,,,,
143100,545.0,0.002205,,,,,,,,
143200,545.3,0.002346,,,,,,,,
143300,545.6,0.003192,,,,,,,,
143400,545.9,0.008494,,,,,,,,
143500,546.1,0.001767,,,,,,,,
143600,546.4,0.002078,,,,,,,,
143700,546.7,0.004393,,,,,,,,
143800,547.0,0.008828,,,,,,,,
143900,547.3,0.002145,,,,,,,,
144000,547.6,0.003313,,,,,,,,
144100,547.9,0.009984,,,,,,,,
144200,548.2,0.006642,,,,,,,,
144300,548.5,0.007399,,,,,,,,
144400,548.8,0.003300,,,,,,,,
144500,549.1,0.004713,,,,,,,,
144600,549.4,0.006354,,,,,,,,
144700,549.7,0.002125,,,,,,,,
144800,550.0,0.001873,,,,,,,,
144900,550.2,0.002906,,,,,,,,
145000,551.6,0.002200,0.006641,5.575129e+00,2.576441e-01,1.780846e-01,0.000000,5.575129e+00,2.462741e-01,1.677330e-01
145100,551.9,0.007295,,,,,,,,
145200,552.1,0.003223,,,,,,,,
145300,552.4,0.005319,,,,,,,,
145400,552.7,0.002319,,,,,,,,
145500,553.0,0.006350,,,,,,,,
145600,553.3,0.005273,,,,,,,,
145700,553.6,0.006641,,,,,,,,
145800,553.8,0.005828,,,,,,,,
145900,554.1,0.006089,,,,,,,,
146000,554.4,0.010562,,,,,,,,
146100,554.7,0.009070,,,,,,,,
146200,555.0,0.001865,,,,,,,,
146300,555.3,0.002449,,,,,,,,
146400,555.6,0.005483,,,,,,,,
146500,555.9,0.003621,,,,,,,,
146600,556.2,0.005744,,,,,,,,
146700,556.5,0.004232,,,,,,,,
146800,556.7,0.002655,,,,,,,,
146900,557.0,0.002758,,,,,,,,
147000,557.3,0.003432,,,,,,,,
147100,557.6,0.004501,,,,,,,,
147200,557.8,0.010357,,,,,,,,
147300,558.1,0.002168,,,,,,,,
147400,558.4,0.006702,,,,,,,,
147500,558.7,0.002926,,,,,,,,
147600,559.0,0.009736,,,,,,,,
147700,559.3,0.003901,,,,,,,,
147800,559.6,0.003376,,,,,,,,
147900,559.9,0.007896,,,,,,,,
148000,560.2,0.002196,,,,,,,,
148100,560.5,0.009205,,,,,,,,
148200,560.8,0.005778,,,,,,,,
148300,561.1,0.002065,,,,,,,,
148400,561.4,0.007898,,,,,,,,
148500,561.7,0.004675,,,,,,,,
148600,562.0,0.005900,,,,,,,,
148700,562.3,0.002236,,,,,,,,
148800,562.5,0.002147,,,,,,,,
148900,562.8,0.002239,,,,,,,,
149000,563.1,0.002153,,,,,,,,
149100,563.4,0.001554,,,,,,,,
149200,563.7,0.006284,,,,,,,,
149300,564.0,0.003382,,,,,,,,
149400,564.3,0.007265,,,,,,,,
149500,564.6,0.007041,,,,,,,,
149600,564.9,0.006974,,,,,,,,
149700,565.2,0.001748,,,,,,,,
149800,565.5,0.004505,,,,,,,,
149900,565.8,0.003082,,,,,,,,
150000,567.2,0.001731,0.004652,4.936934e+00,2.432934e-01,1.743267e-01,0.000000,4.936934e+00,2.285346e-01,1.625182e-01
150100,567.4,0.005500,,,,,,,,
150200,567.7,0.002333,,,,,,,,
150300,567.9,0.002096,,,,,,,,
150400,568.2,0.009830,,,,,,,,
150500,568.5,0.004142,,,,,,,,
150600,568.8,0.002863,,,,,,,,
150700,569.1,0.001962,,,,,,,,
150800,569.4,0.003355,,,,,,,,
150900,569.6,0.003080,,,,,,,,
151000,569.9,0.002456,,,,,,,,
151100,570.2,0.003519,,,,,,,,
151200,570.5,0.006656,,,,,,,,
151300,570.8,0.007907,,,,,,,,
151400,571.1,0.005304,,,,,,,,
151500,571.4,0.001848,,,,,,,,
151600,571.7,0.002171,,,,,,,,
151700,572.0,0.002129,,,,,,,,
151800,572.3,0.004070,,,,,,,,
151900,572.6,0.004454,,,,,,,,
152000,572.8,0.004544,,,,,,,,
152100,573.1,0.003161,,,,,,,,
152200,573.4,0.004647,,,,,,,,
152300,573.7,0.003288,,,,,,,,
152400,574.0,0.004353,,,,,,,,
152500,574.3,0.009120,,,,,,,,
152600,574.6,0.001908,,,,,,,,
152700,574.9,0.004636,,,,,,,,
152800,575.2,0.005901,,,,,,,,
152900,575.4,0.001753,,,,,,,,
153000,575.7,0.005405,,,,,,,,
153100,576.0,0.002580,,,,,,,,
153200,576.3,0.009179,,,,,,,,
153300,576.6,0.002583,,,,,,,,
153400,576.9,0.004642,,,,,,,,
153500,577.2,0.005116,,,,,,,,
153600,577.5,0.003725,,,,,,,,
153700,577.8,0.006274,,,,,,,,
153800,578.1,0.001742,,,,,,,,
153900,578.3,0.001742,,,,,,,,
154000,578.6,0.007349,,,,,,,,
154100,578.9,0.004574,,,,,,,,
154200,579.2,0.001970,,,,,,,,
154300,579.5,0.002627,,,,,,,,
154400,579.8,0.003228,,,,,,,,
154500,580.1,0.002172,,,,,,,,
154600,580.3,0.005536,,,,,,,,
154700,580.6,0.001772,,,,,,,,
154800,580.9,0.008280,,,,,,,,
154900,581.2,0.002993,,,,,,,,
155000,582.6,0.007843,0.005933,5.148345e+00,2.492140e-01,1.677506e-01,0.000000,5.148345e+00,2.397787e-01,1.595211e-01
155100,582.9,0.002350,,,,,,,,
155200,583.1,0.003326,,,,,,,,
155300,583.4,0.001918,,,,,,,,
155400,583.7,0.002392,,,,,,,,
155500,584.0,0.004538,,,,,,,,
155600,584.3,0.001952,,,,,,,,
155700,584.6,0.001841,,,,,,,,
155800,584.9,0.001933,,,,,,,,
155900,585.1,0.003887,,,,,,,,
156000,585.4,0.003955,,,,,,,,
156100,585.7,0.005941,,,,,,,,
156200,586.0,0.005280,,,,,,,,
156300,586.3,0.008979,,,,,,,,
156400,586.6,0.004538,,,,,,,,
156500,586.9,0.002642,,,,,,,,
156600,587.2,0.002191,,,,,,,,
156700,587.5,0.004180,,,,,,,,
156800,587.8,0.006963,,,,,,,,
156900,588.1,0.010970,,,,,,,,
157000,588.3,0.001953,,,,,,,,
157100,588.6,0.006909,,,,,,,,
157200,588.9,0.004663,,,,,,,,
157300,589.2,0.002065,,,,,,,,
157400,589.5,0.004454,,,,,,,,
157500,589.8,0.004184,,,,,,,,
157600,590.1,0.002835,,,,,,,,
157700,590.4,0.005280,,,,,,,,
157800,590.6,0.007161,,,,,,,,
157900,590.9,0.007846,,,,,,,,
158000,591.2,0.003183,,,,,,,,
158100,591.5,0.005602,,,,,,,,
158200,591.8,0.002016,,,,,,,,
158300,592.1,0.002245,,,,,,,,
158400,592.4,0.006626,,,,,,,,
158500,592.7,0.005207,,,,,,,,
158600,593.0,0.002359,,,,,,,,
158700,593.2,0.004317,,,,,,,,
158800,593.4,0.005891,,,,,,,,
158900,593.7,0.005832,,,,,,,,
159000,594.1,0.007330,,,,,,,,
159100,594.5,0.004105,,,,,,,,
159200,594.9,0.005372,,,,,,,,
159300,595.3,0.002461,,,,,,,,
159400,595.7,0.003256,,,,,,,,
159500,596.2,0.002181,,,,,,,,
159600,596.6,0.004934,,,,,,,,
159700,597.0,0.002408,,,,,,,,
159800,597.4,0.007498,,,,,,,,
159900,597.7,0.006230,,,,,,,,
160000,599.1,0.004072,0.005007,5.683305e+00,2.338731e-01,1.674875e-01,0.000000,5.683305e+00,2.220405e-01,1.577448e-01
160100,599.3,0.003145,,,,,,,,
160200,599.6,0.008306,,,,,,,,
160300,599.9,0.001970,,,,,,,,
160400,600.3,0.006100,,,,,,,,
160500,600.7,0.002368,,,,,,,,
160600,601.1,0.009096,,,,,,,,
160700,601.5,0.002035,,,,,,,,
160800,601.9,0.005232,,,,,,,,
160900,602.1,0.004223,,,,,,,,
161000,602.4,0.005046,,,,,,,,
161100,602.7,0.005310,,,,,,,,
161200,603.0,0.005844,,,,,,,,
161300,603.3,0.004440,,,,,,,,
161400,603.6,0.003565,,,,,,,,
161500,603.8,0.004586,,,,,,,,
161600,604.1,0.005450,,,,,,,,
161700,604.4,0.006845,,,,,,,,
161800,604.7,0.002286,,,,,,,,
161900,605.0,0.006332,,,,,,,,
162000,605.3,0.007312,,,,,,,,
162100,605.6,0.004821,,,,,,,,
162200,605.9,0.004477,,,,,,,,
162300,606.1,0.002800,,,,,,,,
162400,606.4,0.002815,,,,,,,,
162500,606.7,0.010325,,,,,,,,
162600,607.0,0.008543,,,,,,,,
162700,607.3,0.004431,,,,,,,,
162800,607.6,0.002423,,,,,,,,
162900,607.9,0.002366,,,,,,,,
163000,608.2,0.001876,,,,,,,,
163100,608.5,0.008795,,,,,,,,
163200,608.8,0.005003,,,,,,,,
163300,609.1,0.002300,,,,,,,,
163400,609.4,0.004727,,,,,,,,
163500,609.7,0.005252,,,,,,,,
163600,610.0,0.002767,,,,,,,,
163700,610.3,0.004612,,,,,,,,
163800,610.6,0.009255,,,,,,,,
163900,610.9,0.005485,,,,,,,,
164000,611.1,0.004390,,,,,,,,
164100,611.4,0.003158,,,,,,,,
164200,611.7,0.002020,,,,,,,,
164300,612.0,0.004226,,,,,,,,
164400,612.3,0.007261,,,,,,,,
164500,612.6,0.005965,,,,,,,,
164600,612.9,0.002000,,,,,,,,
164700,613.2,0.002619,,,,,,,,
164800,613.5,0.003655,,,,,,,,
164900,613.8,0.005479,,,,,,,,
165000,615.2,0.003631,0.005616,4.872403e+00,2.584741e-01,1.791077e-01,0.000000,4.872403e+00,2.485104e-01,1.701287e-01
165100,615.4,0.002708,,,,,,,,
165200,615.7,0.002812,,,,,,,,
165300,616.0,0.002994,,,,,,,,
165400,616.3,0.005532,,,,,,,,
165500,616.6,0.001696,,,,,,,,
165600,616.9,0.002158,,,,,,,,
165700,617.2,0.008234,,,,,,,,
165800,617.5,0.002893,,,,,,,,
165900,617.8,0.005267,,,,,,,,
166000,618.1,0.001648,,,,,,,,
166100,618.3,0.002400,,,,,,,,
166200,618.6,0.007112,,,,,,,,
166300,618.9,0.004230,,,,,,,,
166400,619.2,0.002183,,,,,,,,
166500,619.5,0.001898,,,,,,,,
166600,619.8,0.002487,,,,,,,,
166700,620.1,0.002078,,,,,,,,
166800,620.4,0.002584,,,,,,,,
166900,620.7,0.001785,,,,,,,,
167000,621.0,0.002608,,,,,,,,
167100,621.3,0.002027,,,,,,,,
167200,621.6,0.002978,,,,,,,,
167300,621.8,0.002007,,,,,,,,
167400,622.1,0.002673,,,,,,,,
167500,622.4,0.003664,,,,,,,,
167600,622.7,0.005793,,,,,,,,
167700,623.0,0.002860,,,,,,,,
167800,623.3,0.001765,,,,,,,,
167900,623.6,0.008439,,,,,,,,
168000,623.9,0.006284,,,,,,,,
168100,624.2,0.001828,,,,,,,,
168200,624.5,0.002917,,,,,,,,
168300,624.8,0.004932,,,,,,,,
168400,625.1,0.004071,,,,,,,,
168500,625.4,0.008347,,,,,,,,
168600,625.6,0.002119,,,,,,,,
168700,625.9,0.010041,,,,,,,,
168800,626.2,0.003510,,,,,,,,
168900,626.5,0.005295,,,,,,,,
169000,626.8,0.004301,,,,,,,,
169100,627.1,0.005113,,,,,,,,
169200,627.4,0.009183,,,,,,,,
169300,627.7,0.003763,,,,,,,,
169400,628.0,0.004835,,,,,,,,
169500,628.3,0.001941,,,,,,,,
169600,628.6,0.010349,,,,,,,,
169700,628.9,0.002626,,,,,,,,
169800,629.2,0.005631,,,,,,,,
169900,629.5,0.004143,,,,,,,,
170000,630.8,0.003743,0.003606,5.384848e+00,2.233176e-01,1.669789e-01,0.000000,5.384848e+00,2.132701e-01,1.598626e-01
170100,631.1,0.001582,,,,,,,,
170200,631.3,0.003228,,,,,,,,
170300,631.6,0.001864,,,,,,,,
170400,631.9,0.004423,,,,,,,,
170500,632.2,0.005782,,,,,,,,
170600,632.5,0.006866,,,,,,,,
170700,632.8,0.001703,,,,,,,,
170800,633.1,0.001963,,,,,,,,
170900,633.4,0.002395,,,,,,,,
171000,633.7,0.001906,,,,,,,,
171100,633.9,0.002291,,,,,,,,
171200,634.2,0.005158,,,,,,,,
171300,634.5,0.003912,,,,,,,,
171400,634.8,0.009832,,,,,,,,
171500,635.1,0.008801,,,,,,,,
171600,635.3,0.002295,,,,,,,,
171700,635.6,0.010395,,,,,,,,
171800,635.9,0.001953,,,,,,,,
171900,636.2,0.003466,,,,,,,,
172000,636.5,0.003183,,,,,,,,
172100,636.8,0.002363,,,,,,,,
172200,637.1,0.004034,,,,,,,,
172300,637.3,0.002545,,,,,,,,
172400,637.6,0.002237,,,,,,,,
172500,637.9,0.003669,,,,,,,,
172600,638.2,0.001824,,,,,,,,
172700,638.5,0.005139,,,,,,,,
172800,638.7,0.007118,,,,,,,,
172900,639.0,0.003160,,,,,,,,
173000,639.3,0.002392,,,,,,,,
173100,639.5,0.002883,,,,,,,,
173200,639.8,0.002947,,,,,,,,
173300,640.1,0.001782,,,,,,,,
173400,640.4,0.004676,,,,,,,,
173500,640.7,0.002211,,,,,,,,
173600,641.0,0.003223,,,,,,,,
173700,641.2,0.003857,,,,,,,,
173800,641.5,0.008936,,,,,,,,
173900,641.8,0.002218,,,,,,,,
174000,642.1,0.003236,,,,,,,,
174100,642.4,0.002215,,,,,,,,
174200,642.7,0.001892,,,,,,,,
174300,643.0,0.004390,,,,,,,,
174400,643.2,0.003801,,,,,,,,
174500,643.5,0.005095,,,,,,,,
174600,643.8,0.008667,,,,,,,,
174700,644.1,0.004921,,,,,,,,
174800,644.4,0.007328,,,,,,,,
174900,644.7,0.001996,,,,,,,,
175000,646.1,0.006413,0.006778,5.619653e+00,2.639163e-01,1.781199e-01,0.000000,5.619653e+00,2.500326e-01,1.676282e-01
175100,646.4,0.001858,,,,,,,,
175200,646.7,0.002779,,,,,,,,
175300,647.0,0.004745,,,,,,,,
175400,647.2,0.001856,,,,,,,,
175500,647.5,0.002796,,,,,,,,
175600,647.8,0.005818,,,,,,,,
175700,648.1,0.002038,,,,,,,,
175800,648.4,0.004161,,,,,,,,
175900,648.7,0.001907,,,,,,,,
176000,649.0,0.007535,,,,,,,,
176100,649.3,0.002929,,,,,,,,
176200,649.6,0.008517,,,,,,,,
176300,649.9,0.002592,,,,,,,,
176400,650.2,0.004454,,,,,,,,
176500,650.4,0.005722,,,,,,,,
176600,650.7,0.007420,,,,,,,,
176700,651.0,0.001637,,,,,,,,
176800,651.3,0.004223,,,,,,,,
176900,651.6,0.004125,,,,,,,,
177000,651.9,0.008723,,,,,,,,
177100,652.2,0.004895,,,,,,,,
177200,652.5,0.008388,,,,,,,,
177300,652.8,0.002531,,,,,,,,
177400,653.0,0.008554,,,,,,,,
177500,653.3,0.004248,,,,,,,,
177600,653.6,0.004453,,,,,,,,
177700,653.9,0.008408,,,,,,,,
177800,654.2,0.003653,,,,,,,,
177900,654.4,0.005585,,,,,,,,
178000,654.7,0.001609,,,,,,,,
178100,655.0,0.003240,,,,,,,,
178200,655.3,0.002489,,,,,,,,
178300,655.6,0.003051,,,,,,,,
178400,655.9,0.002283,,,,,,,,
178500,656.2,0.001969,,,,,,,,
178600,656.5,0.002341,,,,,,,,
178700,656.7,0.003174,,,,,,,,
178800,657.0,0.002025,,,,,,,,
178900,657.3,0.004433,,,,,,,,
179000,657.6,0.006751,,,,,,,,
179100,657.9,0.003256,,,,,,,,
179200,658.2,0.006732,,,,,,,,
179300,658.5,0.005068,,,,,,,,
179400,658.8,0.008013,,,,,,,,
179500,659.1,0.001989,,,,,,,,
179600,659.4,0.003026,,,,,,,,
179700,659.7,0.005083,,,,,,,,
179800,660.0,0.002727,,,,,,,,
179900,660.2,0.003484,,,,,,,,
180000,661.7,0.002574,0.004697,5.300472e+00,2.344982e-01,1.659440e-01,0.000000,5.300472e+00,2.238174e-01,1.573374e-01
180100,661.9,0.003813,,,,,,,,
180200,662.2,0.002071,,,,,,,,
180300,662.5,0.011976,,,,,,,,
180400,662.8,0.006782,,,,,,,,
180500,663.1,0.002571,,,,,,,,
180600,663.3,0.008228,,,,,,,,
180700,663.6,0.003570,,,,,,,,
180800,663.9,0.003917,,,,,,,,
180900,664.2,0.005589,,,,,,,,
181000,664.5,0.005300,,,,,,,,
181100,664.8,0.005467,,,,,,,,
181200,665.0,0.003726,,,,,,,,
181300,665.3,0.003056,,,,,,,,
181400,665.6,0.002614,,,,,,,,
181500,665.9,0.005035,,,,,,,,
181600,666.2,0.002932,,,,,,,,
181700,666.5,0.001991,,,,,,,,
181800,666.8,0.004093,,,,,,,,
181900,667.1,0.003809,,,,,,,,
182000,667.4,0.004748,,,,,,,,
182100,667.7,0.007889,,,,,,,,
182200,667.9,0.002482,,,,,,,,
182300,668.2,0.006383,,,,,,,,
182400,668.5,0.001955,,,,,,,,
182500,668.8,0.002441,,,,,,,,
182600,669.1,0.002338,,,,,,,,
182700,669.4,0.004567,,,,,,,,
182800,669.7,0.002280,,,,,,,,
182900,669.9,0.005719,,,,,,,,
183000,670.2,0.001814,,,,,,,,
183100,670.5,0.003385,,,,,,,,
183200,670.8,0.002422,,,,,,,,
183300,671.1,0.007993,,,,,,,,
183400,671.4,0.001888,,,,,,,,
183500,671.7,0.002137,,,,,,,,
183600,672.0,0.003784,,,,,,,,
183700,672.3,0.001462,,,,,,,,
183800,672.6,0.009201,,,,,,,,
183900,672.8,0.003321,,,,,,,,
184000,673.1,0.002461,,,,,,,,
184100,673.4,0.002584,,,,,,,,
184200,673.7,0.002821,,,,,,,,
184300,674.0,0.004327,,,,,,,,
184400,674.3,0.002571,,,,,,,,
184500,674.6,0.001957,,,,,,,,
184600,674.9,0.003032,,,,,,,,
184700,675.2,0.004075,,,,,,,,
184800,675.5,0.001894,,,,,,,,
184900,675.8,0.004025,,,,,,,,
185000,677.1,0.001941,0.004797,5.471048e+00,2.301841e-01,1.630093e-01,0.000000,5.471048e+00,2.183298e-01,1.542938e-01
185100,677.4,0.003881,,,,,,,,
185200,677.6,0.008368,,,,,,,,
185300,677.9,0.001833,,,,,,,,
185400,678.2,0.004241,,,,,,,,
185500,678.5,0.007615,,,,,,,,
185600,678.8,0.002224,,,,,,,,
185700,679.1,0.002160,,,,,,,,
185800,679.4,0.009051,,,,,,,,
185900,679.6,0.004674,,,,,,,,
186000,680.0,0.005391,,,,,,,,
186100,680.2,0.002985,,,,,,,,
186200,680.5,0.004547,,,,,,,,
186300,680.8,0.004735,,,,,,,,
186400,681.1,0.005110,,,,,,,,
186500,681.4,0.001688,,,,,,,,
186600,681.7,0.002452,,,,,,,,
186700,682.0,0.001985,,,,,,,,
186800,682.3,0.003242,,,,,,,,
186900,682.5,0.002021,,,,,,,,
187000,682.8,0.001675,,,,,,,,
187100,683.1,0.005433,,,,,,,,
187200,683.4,0.004062,,,,,,,,
187300,683.7,0.002342,,,,,,,,
187400,684.0,0.002439,,,,,,,,
187500,684.3,0.004682,,,,,,,,
187600,684.6,0.002116,,,,,,,,
187700,684.8,0.004583,,,,,,,,
187800,685.1,0.005687,,,,,,,,
187900,685.4,0.001810,,,,,,,,
188000,685.7,0.004817,,,,,,,,
188100,686.0,0.006214,,,,,,,,
188200,686.3,0.004908,,,,,,,,
188300,686.6,0.002314,,,,,,,,
188400,686.9,0.006823,,,,,,,,
188500,687.1,0.002294,,,,,,,,
188600,687.4,0.004177,,,,,,,,
188700,687.7,0.002047,,,,,,,,
188800,688.0,0.007807,,,,,,,,
188900,688.3,0.002928,,,,,,,,
189000,688.6,0.005512,,,,,,,,
189100,688.9,0.003701,,,,,,,,
189200,689.2,0.005958,,,,,,,,
189300,689.5,0.009655,,,,,,,,
189400,689.8,0.002804,,,,,,,,
189500,690.1,0.008443,,,,,,,,
189600,690.4,0.001763,,,,,,,,
189700,690.6,0.002624,,,,,,,,
189800,690.9,0.008343,,,,,,,,
189900,691.2,0.005118,,,,,,,,
190000,692.6,0.005688,0.004897,5.912604e+00,2.333887e-01,1.627845e-01,0.000000,5.912604e+00,2.222109e-01,1.536962e-01
190100,692.9,0.009935,,,,,,,,
190200,693.2,0.007660,,,,,,,,
190300,693.5,0.002027,,,,,,,,
190400,693.8,0.003377,,,,,,,,
190500,694.1,0.002062,,,,,,,,
190600,694.3,0.002747,,,,,,,,
190700,694.6,0.007866,,,,,,,,
190800,694.9,0.003139,,,,,,,,
190900,695.2,0.002941,,,,,,,,
191000,695.5,0.005742,,,,,,,,
191100,695.8,0.003816,,,,,,,,
191200,696.1,0.001961,,,,,,,,
191300,696.4,0.002025,,,,,,,,
191400,696.6,0.006888,,,,,,,,
191500,696.9,0.006787,,,,,,,,
191600,697.2,0.002991,,,,,,,,
191700,697.5,0.006474,,,,,,,,
191800,697.8,0.002097,,,,,,,,
191900,698.1,0.002458,,,,,,,,
192000,698.4,0.010277,,,,,,,,
192100,698.6,0.002949,,,,,,,,
192200,698.9,0.007900,,,,,,,,
192300,699.2,0.001651,,,,,,,,
192400,699.5,0.002987,,,,,,,,
192500,699.8,0.003914,,,,,,,,
192600,700.1,0.009820,,,,,,,,
192700,700.4,0.004074,,,,,,,,
192800,700.7,0.001429,,,,,,,,
192900,701.0,0.004416,,,,,,,,
193000,701.3,0.003402,,,,,,,,
193100,701.5,0.002753,,,,,,,,
193200,701.8,0.002406,,,,,,,,
193300,702.1,0.002025,,,,,,,,
193400,702.4,0.004088,,,,,,,,
193500,702.7,0.007204,,,,,,,,
193600,703.0,0.006157,,,,,,,,
193700,703.3,0.002488,,,,,,,,
193800,703.6,0.003383,,,,,,,,
193900,703.9,0.005535,,,,,,,,
194000,704.2,0.002631,,,,,,,,
194100,704.5,0.004020,,,,,,,,
194200,704.7,0.003002,,,,,,,,
194300,705.0,0.008735,,,,,,,,
194400,705.3,0.003765,,,,,,,,
194500,705.6,0.007263,,,,,,,,
194600,705.9,0.002847,,,,,,,,
194700,706.2,0.008172,,,,,,,,
194800,706.4,0.002603,,,,,,,,
194900,706.7,0.003154,,,,,,,,
195000,708.1,0.003671,0.004446,4.744593e+00,2.259796e-01,1.593564e-01,0.000000,4.744593e+00,2.128771e-01,1.485382e-01
195100,708.3,0.003734,,,,,,,,
195200,708.6,0.004821,,,,,,,,
195300,708.9,0.003692,,,,,,,,
195400,709.2,0.008482,,,,,,,,
195500,709.5,0.001789,,,,,,,,
195600,709.8,0.003099,,,,,,,,
195700,710.1,0.002046,,,,,,,,
195800,710.4,0.006449,,,,,,,,
195900,710.6,0.005891,,,,,,,,
196000,710.9,0.005866,,,,,,,,
196100,711.2,0.007930,,,,,,,,
196200,711.5,0.004759,,,,,,,,
196300,711.8,0.004204,,,,,,,,
196400,712.1,0.004544,,,,,,,,
196500,712.4,0.004902,,,,,,,,
196600,712.7,0.001697,,,,,,,,
196700,713.0,0.001940,,,,,,,,
196800,713.2,0.002737,,,,,,,,
196900,713.5,0.002108,,,,,,,,
197000,713.8,0.004791,,,,,,,,
197100,714.1,0.006355,,,,,,,,
197200,714.4,0.001996,,,,,,,,
197300,714.7,0.006111,,,,,,,,
197400,715.0,0.003808,,,,,,,,
197500,715.2,0.004838,,,,,,,,
197600,715.5,0.003839,,,,,,,,
197700,715.8,0.002422,,,,,,,,
197800,716.1,0.003154,,,,,,,,
197900,716.4,0.004665,,,,,,,,
198000,716.7,0.001456,,,,,,,,
198100,717.0,0.001960,,,,,,,,
198200,717.3,0.001733,,,,,,,,
198300,717.6,0.002182,,,,,,,,
198400,717.8,0.003857,,,,,,,,
198500,718.1,0.002206,,,,,,,,
198600,718.4,0.001881,,,,,,,,
198700,718.7,0.007775,,,,,,,,
198800,719.0,0.002303,,,,,,,,
198900,719.3,0.002019,,,,,,,,
199000,719.6,0.002273,,,,,,,,
199100,719.8,0.006503,,,,,,,,
199200,720.1,0.001906,,,,,,,,
199300,720.4,0.007545,,,,,,,,
199400,720.7,0.001829,,,,,,,,
199500,721.0,0.003153,,,,,,,,
199600,721.3,0.001794,,,,,,,,
199700,721.6,0.008324,,,,,,,,
199800,721.9,0.004238,,,,,,,,
199900,722.2,0.006784,,,,,,,,
200000,723.6,0.005179,0.004179,5.306640e+00,2.335505e-01,1.678805e-01,0.000000,5.306640e+00,2.201569e-01,1.582575e-01
200100,723.8,0.002413,,,,,,,,
200200,724.1,0.004740,,,,,,,,
200300,724.4,0.002003,,,,,,,,
200400,724.7,0.002449,,,,,,,,
200500,725.0,0.002022,,,,,,,,
200600,725.3,0.001705,,,,,,,,
200700,725.5,0.005313,,,,,,,,
200800,725.8,0.002673,,,,,,,,
200900,726.1,0.002149,,,,,,,,
201000,726.4,0.004022,,,,,,,,
201100,726.7,0.003928,,,,,,,,
201200,727.0,0.002422,,,,,,,,
201300,727.3,0.001922,,,,,,,,
201400,727.6,0.002244,,,,,,,,
201500,727.9,0.003408,,,,,,,,
201600,728.2,0.004396,,,,,,,,
201700,728.5,0.003162,,,,,,,,
201800,728.8,0.005066,,,,,,,,
201900,729.0,0.002094,,,,,,,,
202000,729.3,0.003390,,,,,,,,
202100,729.6,0.002712,,,,,,,,
202200,729.9,0.006085,,,,,,,,
202300,730.2,0.007621,,,,,,,,
202400,730.5,0.004712,,,,,,,,
202500,730.9,0.002037,,,,,,,,
202600,731.3,0.003133,,,,,,,,
202700,731.7,0.006981,,,,,,,,
202800,732.2,0.002184,,,,,,,,
202900,732.7,0.005722,,,,,,,,
203000,733.1,0.001999,,,,,,,,
203100,733.4,0.003929,,,,,,,,
203200,733.7,0.002633,,,,,,,,
203300,734.0,0.002368,,,,,,,,
203400,734.4,0.010399,,,,,,,,
203500,734.8,0.001795,,,,,,,,
203600,735.2,0.001655,,,,,,,,
203700,735.6,0.004054,,,,,,,,
203800,736.1,0.003024,,,,,,,,
203900,736.5,0.001875,,,,,,,,
204000,736.9,0.004239,,,,,,,,
204100,737.3,0.005744,,,,,,,,
204200,737.7,0.004478,,,,,,,,
204300,738.1,0.003461,,,,,,,,
204400,738.4,0.009114,,,,,,,,
204500,738.7,0.009246,,,,,,,,
204600,739.0,0.003359,,,,,,,,
204700,739.3,0.002946,,,,,,,,
204800,739.5,0.002486,,,,,,,,
204900,739.8,0.001903,,,,,,,,
205000,741.2,0.003727,0.005245,5.999504e+00,2.414997e-01,1.703768e-01,0.000000,5.999504e+00,2.327495e-01,1.640573e-01
205100,741.5,0.002680,,,,,,,,
205200,741.8,0.004738,,,,,,,,
205300,742.2,0.002029,,,,,,,,
205400,742.6,0.001573,,,,,,,,
205500,743.0,0.003109,,,,,,,,
205600,743.5,0.002471,,,,,,,,
205700,744.0,0.004829,,,,,,,,
205800,744.4,0.002251,,,,,,,,
205900,744.9,0.002299,,,,,,,,
206000,745.3,0.003140,,,,,,,,
206100,745.8,0.003070,,,,,,,,
206200,746.2,0.004226,,,,,,,,
206300,746.6,0.003292,,,,,,,,
206400,747.1,0.004358,,,,,,,,
206500,747.5,0.005028,,,,,,,,
206600,748.0,0.005109,,,,,,,,
206700,748.4,0.002913,,,,,,,,
206800,748.8,0.008032,,,,,,,,
206900,749.1,0.002778,,,,,,,,
207000,749.4,0.003418,,,,,,,,
207100,749.7,0.002945,,,,,,,,
207200,749.9,0.004340,,,,,,,,
207300,750.2,0.005532,,,,,,,,
207400,750.5,0.005750,,,,,,,,
207500,750.8,0.002146,,,,,,,,
207600,751.1,0.003019,,,,,,,,
207700,751.4,0.004084,,,,,,,,
207800,751.7,0.002052,,,,,,,,
207900,752.0,0.003543,,,,,,,,
208000,752.3,0.006627,,,,,,,,
208100,752.5,0.001921,,,,,,,,
208200,752.8,0.001845,,,,,,,,
208300,753.0,0.005361,,,,,,,,
208400,753.3,0.004383,,,,,,,,
208500,753.6,0.004792,,,,,,,,
208600,753.9,0.005070,,,,,,,,
208700,754.2,0.004392,,,,,,,,
208800,754.5,0.008370,,,,,,,,
208900,754.8,0.003617,,,,,,,,
209000,755.0,0.003048,,,,,,,,
209100,755.3,0.003388,,,,,,,,
209200,755.6,0.001674,,,,,,,,
209300,755.9,0.003437,,,,,,,,
209400,756.2,0.001881,,,,,,,,
209500,756.5,0.003444,,,,,,,,
209600,756.8,0.002188,,,,,,,,
209700,757.1,0.001572,,,,,,,,
209800,757.4,0.002037,,,,,,,,
209900,757.7,0.004866,,,,,,,,
210000,759.0,0.002103,0.004005,4.840573e+00,2.284018e-01,1.599280e-01,0.000000,4.840573e+00,2.171887e-01,1.513281e-01
210100,759.3,0.006347,,,,,,,,
210200,759.6,0.004104,,,,,,,,
210300,759.9,0.003700,,,,,,,,
210400,760.1,0.002308,,,,,,,,
210500,760.4,0.007054,,,,,,,,
210600,760.7,0.003233,,,,,,,,
210700,761.0,0.002730,,,,,,,,
210800,761.3,0.003078,,,,,,,,
210900,761.6,0.003287,,,,,,,,
211000,761.9,0.003283,,,,,,,,
211100,762.2,0.004226,,,,,,,,
211200,762.4,0.003475,,,,,,,,
211300,762.7,0.002024,,,,,,,,
211400,763.0,0.002309,,,,,,,,
211500,763.3,0.003164,,,,,,,,
211600,763.6,0.002415,,,,,,,,
211700,763.9,0.004166,,,,,,,,
211800,764.2,0.001965,,,,,,,,
211900,764.5,0.005845,,,,,,,,
212000,764.7,0.004923,,,,,,,,
212100,765.0,0.001977,,,,,,,,
212200,765.3,0.007434,,,,,,,,
212300,765.6,0.001875,,,,,,,,
212400,765.9,0.001695,,,,,,,,
212500,766.2,0.012458,,,,,,,,
212600,766.5,0.006076,,,,,,,,
212700,766.8,0.001834,,,,,,,,
212800,767.1,0.001461,,,,,,,,
212900,767.4,0.002185,,,,,,,,
213000,767.7,0.001598,,,,,,,,
213100,768.0,0.004930,,,,,,,,
213200,768.2,0.008504,,,,,,,,
213300,768.5,0.002689,,,,,,,,
213400,768.8,0.005532,,,,,,,,
213500,769.1,0.001462,,,,,,,,
213600,769.3,0.005222,,,,,,,,
213700,769.6,0.003671,,,,,,,,
213800,769.9,0.002326,,,,,,,,
213900,770.1,0.007223,,,,,,,,
214000,770.4,0.002582,,,,,,,,
214100,770.7,0.001905,,,,,,,,
214200,771.0,0.002383,,,,,,,,
214300,771.3,0.004923,,,,,,,,
214400,771.6,0.003922,,,,,,,,
214500,771.9,0.005707,,,,,,,,
214600,772.2,0.002002,,,,,,,,
214700,772.5,0.006240,,,,,,,,
214800,772.8,0.002131,,,,,,,,
214900,773.1,0.001549,,,,,,,,
215000,774.5,0.002101,0.003682,4.792598e+00,2.289286e-01,1.727852e-01,0.000000,4.792598e+00,2.148917e-01,1.620630e-01
215100,774.7,0.002175,,,,,,,,
215200,775.0,0.007095,,,,,,,,
215300,775.3,0.006264,,,,,,,,
215400,775.6,0.003370,,,,,,,,
215500,775.9,0.001889,,,,,,,,
215600,776.2,0.005729,,,,,,,,
215700,776.5,0.006916,,,,,,,,
215800,776.7,0.006205,,,,,,,,
215900,777.0,0.004636,,,,,,,,
216000,777.3,0.004384,,,,,,,,
216100,777.6,0.006240,,,,,,,,
216200,777.9,0.002947,,,,,,,,
216300,778.2,0.002654,,,,,,,,
216400,778.5,0.002560,,,,,,,,
216500,778.8,0.005723,,,,,,,,
216600,779.1,0.004503,,,,,,,,
216700,779.4,0.005476,,,,,,,,
216800,779.6,0.004357,,,,,,,,
216900,779.9,0.004920,,,,,,,,
217000,780.2,0.002672,,,,,,,,
217100,780.5,0.004935,,,,,,,,
217200,780.8,0.004497,,,,,,,,
217300,781.1,0.002187,,,,,,,,
217400,781.4,0.001838,,,,,,,,
217500,781.7,0.005154,,,,,,,,
217600,782.0,0.001706,,,,,,,,
217700,782.3,0.005246,,,,,,,,
217800,782.5,0.001929,,,,,,,,
217900,782.8,0.007024,,,,,,,,
218000,783.1,0.001542,,,,,,,,
218100,783.4,0.004074,,,,,,,,
218200,783.7,0.002478,,,,,,,,
218300,784.0,0.004221,,,,,,,,
218400,784.3,0.001840,,,,,,,,
218500,784.6,0.003893,,,,,,,,
218600,784.9,0.001623,,,,,,,,
218700,785.2,0.002949,,,,,,,,
218800,785.4,0.004521,,,,,,,,
218900,785.7,0.005062,,,,,,,,
219000,786.0,0.003425,,,,,,,,
219100,786.3,0.002022,,,,,,,,
219200,786.6,0.005807,,,,,,,,
219300,786.9,0.002284,,,,,,,,
219400,787.2,0.001796,,,,,,,,
219500,787.5,0.002435,,,,,,,,
219600,787.7,0.001998,,,,,,,,
219700,788.0,0.003950,,,,,,,,
219800,788.3,0.007557,,,,,,,,
219900,788.6,0.001733,,,,,,,,
220000,790.0,0.001457,0.006180,5.677099e+00,2.414197e-01,1.602518e-01,0.000000,5.677099e+00,2.274008e-01,1.497915e-01
220100,790.2,0.004714,,,,,,,,
220200,790.5,0.002298,,,,,,,,
220300,790.8,0.004822,,,,,,,,
220400,791.1,0.009212,,,,,,,,
220500,791.4,0.004896,,,,,,,,
220600,791.6,0.002162,,,,,,,,
220700,791.9,0.004292,,,,,,,,
220800,792.2,0.002695,,,,,,,,
220900,792.5,0.001543,,,,,,,,
221000,792.8,0.002780,,,,,,,,
221100,793.1,0.005366,,,,,,,,
221200,793.4,0.005656,,,,,,,,
221300,793.7,0.001443,,,,,,,,
221400,794.0,0.002248,,,,,,,,
221500,794.3,0.007294,,,,,,,,
221600,794.6,0.002155,,,,,,,,
221700,794.8,0.005027,,,,,,,,
221800,795.1,0.001423,,,,,,,,
221900,795.4,0.004633,,,,,,,,
222000,795.7,0.003227,,,,,,,,
222100,796.0,0.001800,,,,,,,,
222200,796.3,0.001705,,,,,,,,
222300,796.6,0.003421,,,,,,,,
222400,796.9,0.002407,,,,,,,,
222500,797.2,0.003315,,,,,,,,
222600,797.5,0.003163,,,,,,,,
222700,797.8,0.002611,,,,,,,,
222800,798.0,0.003268,,,,,,,,
222900,798.3,0.003682,,,,,,,,
223000,798.6,0.001680,,,,,,,,
223100,798.9,0.002976,,,,,,,,
223200,799.2,0.003752,,,,,,,,
223300,799.5,0.005434,,,,,,,,
223400,799.8,0.003141,,,,,,,,
223500,800.1,0.004388,,,,,,,,
223600,800.4,0.004639,,,,,,,,
223700,800.7,0.005039,,,,,,,,
223800,800.9,0.002800,,,,,,,,
223900,801.2,0.003378,,,,,,,,
224000,801.5,0.005356,,,,,,,,
224100,801.8,0.004642,,,,,,,,
224200,802.1,0.006629,,,,,,,,
224300,802.4,0.011035,,,,,,,,
224400,802.7,0.002803,,,,,,,,
224500,803.0,0.005803,,,,,,,,
224600,803.3,0.001812,,,,,,,,
224700,803.6,0.003397,,,,,,,,
224800,803.9,0.001692,,,,,,,,
224900,804.2,0.003362,,,,,,,,
225000,805.5,0.003238,0.004119,4.476846e+00,2.302741e-01,1.604097e-01,0.000000,4.476846e+00,2.202218e-01,1.531796e-01
225100,805.8,0.004801,,,,,,,,
225200,806.0,0.002238,,,,,,,,
225300,806.3,0.001817,,,,,,,,
225400,806.6,0.005941,,,,,,,,
225500,806.9,0.003510,,,,,,,,
225600,807.1,0.004077,,,,,,,,
225700,807.4,0.003345,,,,,,,,
225800,807.7,0.001699,,,,,,,,
225900,807.9,0.002376,,,,,,,,
226000,808.2,0.005387,,,,,,,,
226100,808.5,0.001768,,,,,,,,
226200,808.8,0.001830,,,,,,,,
226300,809.1,0.001521,,,,,,,,
226400,809.4,0.002221,,,,,,,,
226500,809.7,0.003619,,,,,,,,
226600,810.0,0.003589,,,,,,,,
226700,810.3,0.004714,,,,,,,,
226800,810.6,0.002040,,,,,,,,
226900,810.8,0.002016,,,,,,,,
227000,811.0,0.002039,,,,,,,,
227100,811.4,0.005308,,,,,,,,
227200,811.7,0.004407,,,,,,,,
227300,812.2,0.007670,,,,,,,,
227400,812.6,0.002137,,,,,,,,
227500,812.9,0.003914,,,,,,,,
227600,813.1,0.003821,,,,,,,,
227700,813.4,0.002575,,,,,,,,
227800,813.7,0.007970,,,,,,,,
227900,814.0,0.001845,,,,,,,,
228000,814.3,0.002196,,,,,,,,
228100,814.6,0.002162,,,,,,,,
228200,814.9,0.003514,,,,,,,,
228300,815.1,0.001790,,,,,,,,
228400,815.4,0.004534,,,,,,,,
228500,815.7,0.001791,,,,,,,,
228600,816.0,0.001978,,,,,,,,
228700,816.3,0.001966,,,,,,,,
228800,816.6,0.001823,,,,,,,,
228900,816.9,0.002495,,,,,,,,
229000,817.2,0.003382,,,,,,,,
229100,817.4,0.003394,,,,,,,,
229200,817.7,0.002367,,,,,,,,
229300,818.0,0.002487,,,,,,,,
229400,818.3,0.003559,,,,,,,,
229500,818.6,0.002716,,,,,,,,
229600,818.9,0.001775,,,,,,,,
229700,819.2,0.002265,,,,,,,,
229800,819.5,0.001616,,,,,,,,
229900,819.8,0.005659,,,,,,,,
230000,821.2,0.002526,0.003394,4.748468e+00,2.245172e-01,1.654542e-01,0.000000,4.748468e+00,2.132075e-01,1.571017e-01
230100,821.4,0.003364,,,,,,,,
230200,821.7,0.001522,,,,,,,,
230300,821.9,0.004575,,,,,,,,
230400,822.2,0.002000,,,,,,,,
230500,822.5,0.002914,,,,,,,,
230600,822.8,0.007128,,,,,,,,
230700,823.1,0.001818,,,,,,,,
230800,823.4,0.001976,,,,,,,,
230900,823.7,0.002224,,,,,,,,
231000,823.9,0.005281,,,,,,,,
231100,824.2,0.005204,,,,,,,,
231200,824.5,0.002010,,,,,,,,
231300,824.8,0.004378,,,,,,,,
231400,825.1,0.001941,,,,,,,,
231500,825.3,0.001704,,,,,,,,
231600,825.6,0.004591,,,,,,,,
231700,825.9,0.002489,,,,,,,,
231800,826.2,0.002514,,,,,,,,
231900,826.5,0.003733,,,,,,,,
232000,826.8,0.002433,,,,,,,,
232100,827.1,0.007847,,,,,,,,
232200,827.4,0.004740,,,,,,,,
232300,827.6,0.002768,,,,,,,,
232400,827.9,0.001930,,,,,,,,
232500,828.2,0.003917,,,,,,,,
232600,828.5,0.001501,,,,,,,,
232700,828.8,0.003354,,,,,,,,
232800,829.1,0.007338,,,,,,,,
232900,829.4,0.008198,,,,,,,,
233000,829.7,0.001692,,,,,,,,
233100,830.0,0.001608,,,,,,,,
233200,830.3,0.002628,,,,,,,,
233300,830.5,0.002153,,,,,,,,
233400,830.8,0.004664,,,,,,,,
233500,831.1,0.007416,,,,,,,,
233600,831.4,0.001815,,,,,,,,
233700,831.7,0.001914,,,,,,,,
233800,832.0,0.003632,,,,,,,,
233900,832.3,0.006906,,,,,,,,
234000,832.6,0.004594,,,,,,,,
234100,832.9,0.005126,,,,,,,,
234200,833.2,0.003264,,,,,,,,
234300,833.4,0.005129,,,,,,,,
234400,833.7,0.002250,,,,,,,,
234500,834.0,0.003075,,,,,,,,
234600,834.3,0.002091,,,,,,,,
234700,834.6,0.001731,,,,,,,,
234800,834.9,0.003008,,,,,,,,
234900,835.2,0.007837,,,,,,,,
235000,836.6,0.002311,0.004367,4.851084e+00,2.384853e-01,1.658455e-01,0.000000,4.851084e+00,2.291195e-01,1.600009e-01
235100,836.8,0.002063,,,,,,,,
235200,837.1,0.001857,,,,,,,,
235300,837.4,0.004143,,,,,,,,
235400,837.7,0.008963,,,,,,,,
235500,838.0,0.005693,,,,,,,,
235600,838.3,0.002245,,,,,,,,
235700,838.5,0.002587,,,,,,,,
235800,838.8,0.005381,,,,,,,,
235900,839.1,0.007025,,,,,,,,
236000,839.4,0.002445,,,,,,,,
236100,839.7,0.009534,,,,,,,,
236200,840.0,0.001821,,,,,,,,
236300,840.3,0.005656,,,,,,,,
236400,840.6,0.002072,,,,,,,,
236500,840.8,0.001709,,,,,,,,
236600,841.1,0.002084,,,,,,,,
236700,841.4,0.006401,,,,,,,,
236800,841.7,0.005455,,,,,,,,
236900,841.9,0.002295,,,,,,,,
237000,842.2,0.004716,,,,,,,,
237100,842.5,0.003883,,,,,,,,
237200,842.8,0.002495,,,,,,,,
237300,843.1,0.001778,,,,,,,,
237400,843.4,0.001767,,,,,,,,
237500,843.7,0.006318,,,,,,,,
237600,843.9,0.003148,,,,,,,,
237700,844.2,0.001738,,,,,,,,
237800,844.5,0.003645,,,,,,,,
237900,844.8,0.007778,,,,,,,,
238000,845.1,0.001683,,,,,,,,
238100,845.4,0.003143,,,,,,,,
238200,845.7,0.001913,,,,,,,,
238300,846.0,0.001570,,,,,,,,
238400,846.3,0.003121,,,,,,,,
238500,846.6,0.002740,,,,,,,,
238600,846.8,0.007988,,,,,,,,
238700,847.1,0.002086,,,,,,,,
238800,847.4,0.008750,,,,,,,,
238900,847.7,0.003156,,,,,,,,
239000,848.0,0.003880,,,,,,,,
239100,848.3,0.002368,,,,,,,,
239200,848.6,0.002025,,,,,,,,
239300,848.8,0.003078,,,,,,,,
239400,849.1,0.001842,,,,,,,,
239500,849.4,0.003954,,,,,,,,
239600,849.7,0.003909,,,,,,,,
239700,850.0,0.001751,,,,,,,,
239800,850.3,0.002556,,,,,,,,
239900,850.6,0.004397,,,,,,,,
240000,852.0,0.003114,0.002872,4.090644e+00,2.259511e-01,1.730454e-01,0.000000,4.090644e+00,2.116468e-01,1.621920e-01
240100,852.2,0.003355,,,,,,,,
240200,852.5,0.003241,,,,,,,,
240300,852.8,0.002181,,,,,,,,
240400,853.1,0.004751,,,,,,,,
240500,853.4,0.003767,,,,,,,,
240600,853.7,0.002152,,,,,,,,
240700,854.0,0.002828,,,,,,,,
240800,854.3,0.002209,,,,,,,,
240900,854.6,0.004898,,,,,,,,
241000,854.9,0.007999,,,,,,,,
241100,855.1,0.002605,,,,,,,,
241200,855.4,0.005634,,,,,,,,
241300,855.7,0.001708,,,,,,,,
241400,856.0,0.001913,,,,,,,,
241500,856.3,0.001649,,,,,,,,
241600,856.6,0.003325,,,,,,,,
241700,856.9,0.003842,,,,,,,,
241800,857.1,0.005644,,,,,,,,
241900,857.4,0.002316,,,,,,,,
242000,857.7,0.001658,,,,,,,,
242100,858.0,0.007294,,,,,,,,
242200,858.3,0.005755,,,,,,,,
242300,858.5,0.001919,,,,,,,,
242400,858.8,0.004213,,,,,,,,
242500,859.2,0.002481,,,,,,,,
242600,859.5,0.004837,,,,,,,,
242700,860.0,0.001674,,,,,,,,
242800,860.4,0.001520,,,,,,,,
242900,860.8,0.004628,,,,,,,,
243000,861.2,0.002234,,,,,,,,
243100,861.5,0.004480,,,,,,,,
243200,861.7,0.001926,,,,,,,,
243300,862.0,0.001427,,,,,,,,
243400,862.3,0.002509,,,,,,,,
243500,862.6,0.002339,,,,,,,,
243600,862.9,0.001824,,,,,,,,
243700,863.2,0.002181,,,,,,,,
243800,863.5,0.004380,,,,,,,,
243900,863.7,0.002983,,,,,,,,
244000,864.0,0.001734,,,,,,,,
244100,864.3,0.004684,,,,,,,,
244200,864.5,0.001998,,,,,,,,
244300,864.9,0.005421,,,,,,,,
244400,865.2,0.006049,,,,,,,,
244500,865.6,0.001859,,,,,,,,
244600,865.9,0.002835,,,,,,,,
244700,866.2,0.008800,,,,,,,,
244800,866.5,0.002124,,,,,,,,
244900,866.8,0.001614,,,,,,,,
245000,868.4,0.002478,0.005719,5.890383e+00,2.376933e-01,1.670817e-01,0.000000,5.890383e+00,2.271066e-01,1.597900e-01
245100,868.6,0.005962,,,,,,,,
245200,868.8,0.004476,,,,,,,,
245300,869.1,0.001620,,,,,,,,
245400,869.4,0.005541,,,,,,,,
245500,869.6,0.002172,,,,,,,,
245600,870.0,0.002780,,,,,,,,
245700,870.3,0.002173,,,,,,,,
245800,870.7,0.004404,,,,,,,,
245900,871.1,0.007494,,,,,,,,
246000,871.5,0.008257,,,,,,,,
246100,871.9,0.001901,,,,,,,,
246200,872.2,0.001937,,,,,,,,
246300,872.6,0.010580,,,,,,,,
246400,873.0,0.003754,,,,,,,,
246500,873.4,0.003076,,,,,,,,
246600,873.7,0.006225,,,,,,,,
246700,874.1,0.003723,,,,,,,,
246800,874.5,0.004320,,,,,,,,
246900,874.9,0.001708,,,,,,,,
247000,875.3,0.001712,,,,,,,,
247100,875.7,0.001619,,,,,,,,
247200,876.1,0.002816,,,,,,,,
247300,876.5,0.002043,,,,,,,,
247400,876.9,0.001750,,,,,,,,
247500,877.3,0.001828,,,,,,,,
247600,877.6,0.004486,,,,,,,,
247700,878.0,0.001785,,,,,,,,
247800,878.4,0.001919,,,,,,,,
247900,878.8,0.003524,,,,,,,,
248000,879.1,0.004237,,,,,,,,
248100,879.4,0.004397,,,,,,,,
248200,879.9,0.002193,,,,,,,,
248300,880.2,0.004269,,,,,,,,
248400,880.6,0.001657,,,,,,,,
248500,880.9,0.001735,,,,,,,,
248600,881.3,0.001847,,,,,,,,
248700,881.5,0.001928,,,,,,,,
248800,881.8,0.001969,,,,,,,,
248900,882.1,0.001895,,,,,,,,
249000,882.4,0.004021,,,,,,,,
249100,882.7,0.001776,,,,,,,,
249200,883.0,0.003841,,,,,,,,
249300,883.3,0.003182,,,,,,,,
249400,883.5,0.005536,,,,,,,,
249500,883.8,0.001545,,,,,,,,
249600,884.1,0.001518,,,,,,,,
249700,884.4,0.001775,,,,,,,,
249800,884.6,0.002249,,,,,,,,
249900,884.9,0.001818,,,,,,,,
250000,886.3,0.002003,0.006069,5.598950e+00,2.567907e-01,1.821415e-01,0.000000,5.598950e+00,2.450428e-01,1.734366e-01
250100,886.6,0.005986,,,,,,,,
250200,886.8,0.003392,,,,,,,,
250300,887.1,0.001924,,,,,,,,
250400,887.4,0.012705,,,,,,,,
250500,887.7,0.002666,,,,,,,,
250600,888.0,0.002232,,,,,,,,
250700,888.3,0.002773,,,,,,,,
250800,888.6,0.002850,,,,,,,,
250900,888.8,0.001666,,,,,,,,
251000,889.1,0.004015,,,,,,,,
251100,889.4,0.002132,,,,,,,,
251200,889.7,0.003151,,,,,,,,
251300,890.0,0.002663,,,,,,,,
251400,890.3,0.004568,,,,,,,,
251500,890.6,0.003336,,,,,,,,
251600,890.9,0.003054,,,,,,,,
251700,891.2,0.001741,,,,,,,,
251800,891.5,0.001492,,,,,,,,
251900,891.7,0.002365,,,,,,,,
252000,892.0,0.001980,,,,,,,,
252100,892.2,0.002764,,,,,,,,
252200,892.5,0.004112,,,,,,,,
252300,892.8,0.004977,,,,,,,,
252400,893.0,0.004768,,,,,,,,
252500,893.3,0.005242,,,,,,,,
252600,893.6,0.003594,,,,,,,,
252700,893.9,0.002175,,,,,,,,
252800,894.1,0.001699,,,,,,,,
252900,894.4,0.007849,,,,,,,,
253000,894.7,0.002692,,,,,,,,
253100,895.0,0.003725,,,,,,,,
253200,895.2,0.001719,,,,,,,,
253300,895.5,0.002345,,,,,,,,
253400,895.8,0.003729,,,,,,,,
253500,896.1,0.009959,,,,,,,,
253600,896.4,0.003963,,,,,,,,
253700,896.6,0.002259,,,,,,,,
253800,896.9,0.001868,,,,,,,,
253900,897.2,0.003224,,,,,,,,
254000,897.5,0.002455,,,,,,,,
254100,897.7,0.001702,,,,,,,,
254200,898.0,0.003674,,,,,,,,
254300,898.2,0.002189,,,,,,,,
254400,898.5,0.005832,,,,,,,,
254500,898.7,0.002470,,,,,,,,
254600,899.0,0.005607,,,,,,,,
254700,899.2,0.005127,,,,,,,,
254800,899.5,0.001822,,,,,,,,
254900,899.8,0.003213,,,,,,,,
255000,901.2,0.001533,0.002704,3.721130e+00,2.134940e-01,1.586461e-01,0.000000,3.721130e+00,2.025216e-01,1.505665e-01
255100,901.4,0.002489,,,,,,,,
255200,901.7,0.002434,,,,,,,,
255300,901.9,0.002243,,,,,,,,
255400,902.2,0.001745,,,,,,,,
255500,902.5,0.001739,,,,,,,,
255600,902.8,0.002612,,,,,,,,
255700,903.1,0.005227,,,,,,,,
255800,903.4,0.001473,,,,,,,,
255900,903.7,0.006477,,,,,,,,
256000,904.0,0.001872,,,,,,,,
256100,904.3,0.002582,,,,,,,,
256200,904.6,0.001695,,,,,,,,
256300,904.8,0.001695,,,,,,,,
256400,905.1,0.004952,,,,,,,,
256500,905.4,0.005326,,,,,,,,
256600,905.7,0.004367,,,,,,,,
256700,906.0,0.001469,,,,,,,,
256800,906.3,0.008095,,,,,,,,
256900,906.6,0.005826,,,,,,,,
257000,906.8,0.007473,,,,,,,,
257100,907.1,0.003771,,,,,,,,
257200,907.4,0.003153,,,,,,,,
257300,907.7,0.002366,,,,,,,,
257400,907.9,0.003099,,,,,,,,
257500,908.2,0.004055,,,,,,,,
257600,908.5,0.012027,,,,,,,,
257700,908.7,0.001693,,,,,,,,
257800,909.0,0.003282,,,,,,,,
257900,909.3,0.002869,,,,,,,,
258000,909.5,0.001566,,,,,,,,
258100,909.8,0.001559,,,,,,,,
258200,910.1,0.009727,,,,,,,,
258300,910.3,0.005328,,,,,,,,
258400,910.5,0.001626,,,,,,,,
258500,910.8,0.005524,,,,,,,,
258600,911.0,0.006237,,,,,,,,
258700,911.3,0.005106,,,,,,,,
258800,911.6,0.001776,,,,,,,,
258900,911.8,0.004611,,,,,,,,
259000,912.1,0.002528,,,,,,,,
259100,912.4,0.004575,,,,,,,,
259200,912.7,0.001527,,,,,,,,
259300,913.0,0.005829,,,,,,,,
259400,913.2,0.002274,,,,,,,,
259500,913.5,0.001604,,,,,,,,
259600,913.8,0.005703,,,,,,,,
259700,914.1,0.009291,,,,,,,,
259800,914.4,0.004441,,,,,,,,
259900,914.6,0.001525,,,,,,,,
260000,916.1,0.002596,0.002601,2.660527e+00,2.238612e-01,1.713782e-01,0.000000,2.660527e+00,2.118463e-01,1.616193e-01
260100,916.3,0.002296,,,,,,,,
260200,916.6,0.002094,,,,,,,,
260300,916.9,0.001673,,,,,,,,
260400,917.2,0.005016,,,,,,,,
260500,917.5,0.002059,,,,,,,,
260600,917.8,0.004226,,,,,,,,
260700,918.0,0.001695,,,,,,,,
260800,918.3,0.004535,,,,,,,,
260900,918.6,0.001521,,,,,,,,
261000,918.9,0.002196,,,,,,,,
261100,919.1,0.004848,,,,,,,,
261200,919.4,0.001858,,,,,,,,
261300,919.7,0.004464,,,,,,,,
261400,920.0,0.002468,,,,,,,,
261500,920.3,0.004223,,,,,,,,
261600,920.6,0.006179,,,,,,,,
261700,920.9,0.002103,,,,,,,,
261800,921.2,0.008268,,,,,,,,
261900,921.4,0.009701,,,,,,,,
262000,921.7,0.005113,,,,,,,,
262100,922.0,0.004353,,,,,,,,
262200,922.3,0.006706,,,,,,,,
262300,922.6,0.006980,,,,,,,,
262400,922.8,0.004751,,,,,,,,
262500,923.1,0.002194,,,,,,,,
262600,923.4,0.001613,,,,,,,,
262700,923.7,0.002002,,,,,,,,
262800,924.0,0.006434,,,,,,,,
262900,924.3,0.001978,,,,,,,,
263000,924.5,0.002133,,,,,,,,
263100,924.8,0.007461,,,,,,,,
263200,925.1,0.001706,,,,,,,,
263300,925.3,0.003162,,,,,,,,
263400,925.6,0.009074,,,,,,,,
263500,925.9,0.008111,,,,,,,,
263600,926.2,0.006420,,,,,,,,
263700,926.5,0.002213,,,,,,,,
263800,926.7,0.004228,,,,,,,,
263900,927.0,0.004406,,,,,,,,
264000,927.3,0.002501,,,,,,,,
264100,927.5,0.002485,,,,,,,,
264200,927.8,0.007335,,,,,,,,
264300,928.0,0.006847,,,,,,,,
264400,928.3,0.002171,,,,,,,,
264500,928.6,0.001693,,,,,,,,
264600,928.9,0.001724,,,,,,,,
264700,929.2,0.001916,,,,,,,,
264800,929.4,0.004319,,,,,,,,
264900,929.7,0.003193,,,,,,,,
265000,931.1,0.002939,0.004650,5.193484e+00,2.263500e-01,1.620176e-01,0.000000,5.193484e+00,2.141948e-01,1.526946e-01
265100,931.4,0.004567,,,,,,,,
265200,931.6,0.003841,,,,,,,,
265300,931.8,0.001982,,,,,,,,
265400,932.1,0.003696,,,,,,,,
265500,932.3,0.004974,,,,,,,,
265600,932.6,0.005094,,,,,,,,
265700,932.8,0.002309,,,,,,,,
265800,933.1,0.006520,,,,,,,,
265900,933.3,0.001650,,,,,,,,
266000,933.6,0.002116,,,,,,,,
266100,933.8,0.004089,,,,,,,,
266200,934.1,0.008971,,,,,,,,
266300,934.4,0.002042,,,,,,,,
266400,934.7,0.001717,,,,,,,,
266500,935.0,0.001788,,,,,,,,
266600,935.2,0.001969,,,,,,,,
266700,935.5,0.002185,,,,,,,,
266800,935.8,0.002755,,,,,,,,
266900,936.0,0.005369,,,,,,,,
267000,936.3,0.001820,,,,,,,,
267100,936.6,0.006243,,,,,,,,
267200,936.9,0.003790,,,,,,,,
267300,937.2,0.002202,,,,,,,,
267400,937.5,0.003149,,,,,,,,
267500,937.8,0.004169,,,,,,,,
267600,938.1,0.003243,,,,,,,,
267700,938.3,0.003977,,,,,,,,
267800,938.6,0.001941,,,,,,,,
267900,938.9,0.001713,,,,,,,,
268000,939.2,0.004993,,,,,,,,
268100,939.5,0.002098,,,,,,,,
268200,939.8,0.002636,,,,,,,,
268300,940.1,0.005023,,,,,,,,
268400,940.4,0.001741,,,,,,,,
268500,940.7,0.004693,,,,,,,,
268600,940.9,0.002427,,,,,,,,
268700,941.2,0.002793,,,,,,,,
268800,941.5,0.001812,,,,,,,,
268900,941.8,0.001854,,,,,,,,
269000,942.1,0.003890,,,,,,,,
269100,942.3,0.001893,,,,,,,,
269200,942.6,0.002705,,,,,,,,
269300,942.9,0.002057,,,,,,,,
269400,943.2,0.004197,,,,,,,,
269500,943.5,0.005210,,,,,,,,
269600,943.7,0.001703,,,,,,,,
269700,944.0,0.003182,,,,,,,,
269800,944.2,0.001890,,,,,,,,
269900,944.5,0.001571,,,,,,,,
270000,945.9,0.001832,0.003525,4.792739e+00,2.250413e-01,1.645967e-01,0.000000,4.792739e+00,2.146487e-01,1.563485e-01
270100,946.2,0.001723,,,,,,,,
270200,946.5,0.003124,,,,,,,,
270300,946.7,0.005262,,,,,,,,
270400,947.0,0.002174,,,,,,,,
270500,947.3,0.002542,,,,,,,,
270600,947.6,0.001729,,,,,,,,
270700,947.9,0.001428,,,,,,,,
270800,948.2,0.004892,,,,,,,,
270900,948.5,0.004628,,,,,,,,
271000,948.8,0.002601,,,,,,,,
271100,949.1,0.006529,,,,,,,,
271200,949.4,0.003931,,,,,,,,
271300,949.7,0.002015,,,,,,,,
271400,949.9,0.001642,,,,,,,,
271500,950.2,0.004641,,,,,,,,
271600,950.5,0.004349,,,,,,,,
271700,950.8,0.004242,,,,,,,,
271800,951.1,0.001568,,,,,,,,
271900,951.4,0.002962,,,,,,,,
272000,951.7,0.007213,,,,,,,,
272100,952.0,0.002674,,,,,,,,
272200,952.3,0.002332,,,,,,,,
272300,952.6,0.001907,,,,,,,,
272400,952.9,0.001864,,,,,,,,
272500,953.2,0.001929,,,,,,,,
272600,953.4,0.001659,,,,,,,,
272700,953.7,0.001460,,,,,,,,
272800,954.0,0.001908,,,,,,,,
272900,954.3,0.005341,,,,,,,,
273000,954.6,0.003352,,,,,,,,
273100,954.9,0.002777,,,,,,,,
273200,955.2,0.002087,,,,,,,,
273300,955.5,0.001713,,,,,,,,
273400,955.7,0.004324,,,,,,,,
273500,956.0,0.012507,,,,,,,,
273600,956.3,0.002718,,,,,,,,
273700,956.6,0.003600,,,,,,,,
273800,956.9,0.006582,,,,,,,,
273900,957.2,0.002759,,,,,,,,
274000,957.5,0.004356,,,,,,,,
274100,957.8,0.002820,,,,,,,,
274200,958.1,0.002136,,,,,,,,
274300,958.4,0.004569,,,,,,,,
274400,958.7,0.003279,,,,,,,,
274500,959.0,0.002583,,,,,,,,
274600,959.2,0.001596,,,,,,,,
274700,959.5,0.002775,,,,,,,,
274800,959.8,0.006315,,,,,,,,
274900,960.1,0.001793,,,,,,,,
275000,961.5,0.002060,0.003577,5.035579e+00,2.258618e-01,1.654941e-01,0.000000,5.035579e+00,2.121252e-01,1.552534e-01
275100,961.7,0.001575,,,,,,,,
275200,962.0,0.003186,,,,,,,,
275300,962.3,0.002304,,,,,,,,
275400,962.6,0.005097,,,,,,,,
275500,962.9,0.004569,,,,,,,,
275600,963.2,0.002848,,,,,,,,
275700,963.5,0.004966,,,,,,,,
275800,963.8,0.004385,,,,,,,,
275900,964.1,0.002512,,,,,,,,
276000,964.4,0.001676,,,,,,,,
276100,964.7,0.004963,,,,,,,,
276200,965.0,0.003461,,,,,,,,
276300,965.2,0.001779,,,,,,,,
276400,965.5,0.001724,,,,,,,,
276500,965.8,0.005225,,,,,,,,
276600,966.1,0.001846,,,,,,,,
276700,966.4,0.001928,,,,,,,,
276800,966.7,0.004154,,,,,,,,
276900,967.0,0.004171,,,,,,,,
277000,967.2,0.002232,,,,,,,,
277100,967.5,0.001463,,,,,,,,
277200,967.8,0.002049,,,,,,,,
277300,968.1,0.001654,,,,,,,,
277400,968.4,0.003465,,,,,,,,
277500,968.7,0.002896,,,,,,,,
277600,969.0,0.001715,,,,,,,,
277700,969.3,0.004701,,,,,,,,
277800,969.5,0.001531,,,,,,,,
277900,969.8,0.002777,,,,,,,,
278000,970.1,0.002290,,,,,,,,
278100,970.4,0.005438,,,,,,,,
278200,970.7,0.009652,,,,,,,,
278300,971.0,0.005973,,,,,,,,
278400,971.3,0.005996,,,,,,,,
278500,971.6,0.001733,,,,,,,,
278600,971.9,0.001768,,,,,,,,
278700,972.2,0.002514,,,,,,,,
278800,972.5,0.001932,,,,,,,,
278900,972.8,0.003852,,,,,,,,
279000,973.0,0.001989,,,,,,,,
279100,973.3,0.003158,,,,,,,,
279200,973.6,0.007593,,,,,,,,
279300,973.8,0.009739,,,,,,,,
279400,974.1,0.002557,,,,,,,,
279500,974.4,0.006293,,,,,,,,
279600,974.7,0.004123,,,,,,,,
279700,974.9,0.002432,,,,,,,,
279800,975.2,0.002914,,,,,,,,
279900,975.5,0.004557,,,,,,,,
280000,976.9,0.007625,0.003565,4.465493e+00,2.264875e-01,1.645064e-01,0.000000,4.465493e+00,2.131657e-01,1.546015e-01
280100,977.2,0.005162,,,,,,,,
280200,977.5,0.005163,,,,,,,,
280300,977.7,0.004446,,,,,,,,
280400,978.0,0.003807,,,,,,,,
280500,978.3,0.002773,,,,,,,,
280600,978.6,0.002910,,,,,,,,
280700,978.9,0.002573,,,,,,,,
280800,979.2,0.002035,,,,,,,,
280900,979.5,0.001716,,,,,,,,
281000,979.8,0.003730,,,,,,,,
281100,980.0,0.003214,,,,,,,,
281200,980.3,0.003040,,,,,,,,
281300,980.6,0.004856,,,,,,,,
281400,980.9,0.008527,,,,,,,,
281500,981.2,0.006090,,,,,,,,
281600,981.5,0.001665,,,,,,,,
281700,981.8,0.002543,,,,,,,,
281800,982.1,0.004364,,,,,,,,
281900,982.3,0.007025,,,,,,,,
282000,982.6,0.001915,,,,,,,,
282100,982.9,0.006372,,,,,,,,
282200,983.2,0.001578,,,,,,,,
282300,983.5,0.002370,,,,,,,,
282400,983.8,0.001650,,,,,,,,
282500,984.1,0.006873,,,,,,,,
282600,984.4,0.002699,,,,,,,,
282700,984.7,0.004649,,,,,,,,
282800,985.0,0.004108,,,,,,,,
282900,985.3,0.001490,,,,,,,,
283000,985.6,0.010041,,,,,,,,
283100,985.9,0.001840,,,,,,,,
283200,986.2,0.003268,,,,,,,,
283300,986.4,0.001676,,,,,,,,
283400,986.7,0.001880,,,,,,,,
283500,987.0,0.006198,,,,,,,,
283600,987.3,0.001916,,,,,,,,
283700,987.6,0.002067,,,,,,,,
283800,987.9,0.004776,,,,,,,,
283900,988.1,0.002244,,,,,,,,
284000,988.4,0.001779,,,,,,,,
284100,988.7,0.001808,,,,,,,,
284200,989.0,0.004489,,,,,,,,
284300,989.3,0.007375,,,,,,,,
284400,989.6,0.005522,,,,,,,,
284500,989.9,0.002054,,,,,,,,
284600,990.2,0.006214,,,,,,,,
284700,990.5,0.004595,,,,,,,,
284800,990.7,0.003346,,,,,,,,
284900,991.0,0.005544,,,,,,,,
285000,992.4,0.005275,0.003482,4.295547e+00,2.201628e-01,1.590783e-01,0.000000,4.295547e+00,2.063675e-01,1.495065e-01
285100,992.6,0.007851,,,,,,,,
285200,992.9,0.002180,,,,,,,,
285300,993.2,0.005497,,,,,,,,
285400,993.5,0.002384,,,,,,,,
285500,993.8,0.001851,,,,,,,,
285600,994.1,0.002240,,,,,,,,
285700,994.4,0.002356,,,,,,,,
285800,994.7,0.002086,,,,,,,,
285900,994.9,0.002850,,,,,,,,
286000,995.2,0.001998,,,,,,,,
286100,995.5,0.010504,,,,,,,,
286200,995.8,0.006766,,,,,,,,
286300,996.1,0.002019,,,,,,,,
286400,996.4,0.002407,,,,,,,,
286500,996.7,0.005599,,,,,,,,
286600,997.0,0.010993,,,,,,,,
286700,997.3,0.002143,,,,,,,,
286800,997.6,0.004711,,,,,,,,
286900,997.9,0.007011,,,,,,,,
287000,998.2,0.002566,,,,,,,,
287100,998.5,0.002351,,,,,,,,
287200,998.7,0.007581,,,,,,,,
287300,999.0,0.001606,,,,,,,,
287400,999.3,0.001490,,,,,,,,
287500,999.6,0.001796,,,,,,,,
287600,999.9,0.003239,,,,,,,,
287700,1000.2,0.003131,,,,,,,,
287800,1000.5,0.002999,,,,,,,,
287900,1000.8,0.004584,,,,,,,,
288000,1001.1,0.002271,,,,,,,,
288100,1001.4,0.001786,,,,,,,,
288200,1001.7,0.001653,,,,,,,,
288300,1002.0,0.002455,,,,,,,,
288400,1002.2,0.001944,,,,,,,,
288500,1002.5,0.005838,,,,,,,,
288600,1002.8,0.003024,,,,,,,,
288700,1003.1,0.003309,,,,,,,,
288800,1003.4,0.001889,,,,,,,,
288900,1003.7,0.001518,,,,,,,,
289000,1004.0,0.002859,,,,,,,,
289100,1004.3,0.003887,,,,,,,,
289200,1004.6,0.006032,,,,,,,,
289300,1004.8,0.005215,,,,,,,,
289400,1005.1,0.007486,,,,,,,,
289500,1005.4,0.003041,,,,,,,,
289600,1005.7,0.003956,,,,,,,,
289700,1006.0,0.003939,,,,,,,,
289800,1006.3,0.004773,,,,,,,,
289900,1006.6,0.001781,,,,,,,,
290000,1008.0,0.003650,0.003377,4.030097e+00,2.296630e-01,1.703227e-01,0.000000,4.030097e+00,2.149857e-01,1.582356e-01
290100,1008.2,0.001727,,,,,,,,
290200,1008.5,0.002389,,,,,,,,
290300,1008.8,0.001778,,,,,,,,
290400,1009.0,0.004212,,,,,,,,
290500,1009.3,0.002674,,,,,,,,
290600,1009.6,0.002866,,,,,,,,
290700,1009.9,0.002947,,,,,,,,
290800,1010.2,0.002151,,,,,,,,
290900,1010.5,0.002696,,,,,,,,
291000,1010.8,0.001530,,,,,,,,
291100,1011.1,0.002370,,,,,,,,
291200,1011.3,0.001824,,,,,,,,
291300,1011.6,0.003134,,,,,,,,
291400,1011.9,0.005778,,,,,,,,
291500,1012.2,0.003975,,,,,,,,
291600,1012.5,0.001741,,,,,,,,
291700,1012.8,0.002945,,,,,,,,
291800,1013.1,0.003878,,,,,,,,
291900,1013.4,0.002695,,,,,,,,
292000,1013.7,0.003440,,,,,,,,
292100,1014.0,0.001978,,,,,,,,
292200,1014.3,0.005880,,,,,,,,
292300,1014.6,0.003478,,,,,,,,
292400,1014.9,0.001403,,,,,,,,
292500,1015.2,0.005013,,,,,,,,
292600,1015.4,0.005452,,,,,,,,
292700,1015.7,0.002433,,,,,,,,
292800,1016.0,0.004049,,,,,,,,
292900,1016.3,0.001849,,,,,,,,
293000,1016.6,0.002023,,,,,,,,
293100,1016.9,0.003399,,,,,,,,
293200,1017.2,0.003302,,,,,,,,
293300,1017.5,0.001647,,,,,,,,
293400,1017.8,0.006163,,,,,,,,
293500,1018.1,0.002874,,,,,,,,
293600,1018.3,0.003001,,,,,,,,
293700,1018.6,0.005804,,,,,,,,
293800,1018.9,0.002269,,,,,,,,
293900,1019.2,0.004028,,,,,,,,
294000,1019.5,0.008951,,,,,,,,
294100,1019.8,0.006594,,,,,,,,
294200,1020.1,0.006185,,,,,,,,
294300,1020.4,0.002092,,,,,,,,
294400,1020.7,0.001707,,,,,,,,
294500,1020.9,0.005186,,,,,,,,
294600,1021.2,0.003709,,,,,,,,
294700,1021.5,0.002009,,,,,,,,
294800,1021.8,0.001892,,,,,,,,
294900,1022.1,0.002785,,,,,,,,
295000,1023.5,0.002546,0.003541,4.781096e+00,2.239536e-01,1.656246e-01,0.000000,4.781096e+00,2.140263e-01,1.573756e-01
295100,1023.7,0.002759,,,,,,,,
295200,1024.0,0.004893,,,,,,,,
295300,1024.3,0.005647,,,,,,,,
295400,1024.5,0.005581,,,,,,,,
295500,1024.8,0.008628,,,,,,,,
295600,1025.1,0.002704,,,,,,,,
295700,1025.4,0.002301,,,,,,,,
295800,1025.7,0.003280,,,,,,,,
295900,1026.0,0.003674,,,,,,,,
296000,1026.2,0.001871,,,,,,,,
296100,1026.5,0.001786,,,,,,,,
296200,1026.8,0.002368,,,,,,,,
296300,1027.1,0.001888,,,,,,,,
296400,1027.4,0.008308,,,,,,,,
296500,1027.7,0.002513,,,,,,,,
296600,1028.0,0.003273,,,,,,,,
296700,1028.2,0.005403,,,,,,,,
296800,1028.5,0.002765,,,,,,,,
296900,1028.8,0.002136,,,,,,,,
297000,1029.1,0.004675,,,,,,,,
297100,1029.4,0.008449,,,,,,,,
297200,1029.7,0.002158,,,,,,,,
297300,1030.0,0.003857,,,,,,,,
297400,1030.3,0.006661,,,,,,,,
297500,1030.5,0.002595,,,,,,,,
297600,1030.8,0.002523,,,,,,,,
297700,1031.1,0.001947,,,,,,,,
297800,1031.4,0.001804,,,,,,,,
297900,1031.7,0.002126,,,,,,,,
298000,1031.9,0.001806,,,,,,,,
298100,1032.2,0.003313,,,,,,,,
298200,1032.5,0.002012,,,,,,,,
298300,1032.8,0.002140,,,,,,,,
298400,1033.1,0.001761,,,,,,,,
298500,1033.4,0.001648,,,,,,,,
298600,1033.7,0.001794,,,,,,,,
298700,1034.0,0.004917,,,,,,,,
298800,1034.2,0.001837,,,,,,,,
298900,1034.5,0.001592,,,,,,,,
299000,1034.8,0.005376,,,,,,,,
299100,1035.1,0.005403,,,,,,,,
299200,1035.4,0.003041,,,,,,,,
299300,1035.7,0.003933,,,,,,,,
299400,1036.0,0.005132,,,,,,,,
299500,1036.3,0.002217,,,,,,,,
299600,1036.5,0.001728,,,,,,,,
299700,1036.8,0.001527,,,,,,,,
299800,1037.1,0.006459,,,,,,,,
299900,1037.4,0.001869,,,,,,,,
300000,1038.8,0.004350,0.002742,3.865597e+00,2.222770e-01,1.655972e-01,0.000000,3.865597e+00,2.109084e-01,1.562669e-01
300100,1039.0,0.002197,,,,,,,,
300200,1039.3,0.006251,,,,,,,,
300300,1039.6,0.002533,,,,,,,,
300400,1039.9,0.002443,,,,,,,,
300500,1040.1,0.003346,,,,,,,,
300600,1040.4,0.002554,,,,,,,,
300700,1040.7,0.002516,,,,,,,,
300800,1041.0,0.004749,,,,,,,,
300900,1041.3,0.004771,,,,,,,,
301000,1041.6,0.002738,,,,,,,,
301100,1041.9,0.002424,,,,,,,,
301200,1042.2,0.005212,,,,,,,,
301300,1042.4,0.006870,,,,,,,,
301400,1042.7,0.003468,,,,,,,,
301500,1043.0,0.002008,,,,,,,,
301600,1043.3,0.004503,,,,,,,,
301700,1043.6,0.001936,,,,,,,,
301800,1043.9,0.005343,,,,,,,,
301900,1044.1,0.005425,,,,,,,,
302000,1044.4,0.003960,,,,,,,,
302100,1044.7,0.001436,,,,,,,,
302200,1045.0,0.001698,,,,,,,,
302300,1045.3,0.003514,,,,,,,,
302400,1045.6,0.006026,,,,,,,,
302500,1045.9,0.003569,,,,,,,,
302600,1046.2,0.003432,,,,,,,,
302700,1046.5,0.003610,,,,,,,,
302800,1046.8,0.005529,,,,,,,,
302900,1047.0,0.002060,,,,,,,,
303000,1047.3,0.001737,,,,,,,,
303100,1047.6,0.002214,,,,,,,,
303200,1047.9,0.001545,,,,,,,,
303300,1048.2,0.001509,,,,,,,,
303400,1048.5,0.003169,,,,,,,,
303500,1048.8,0.001827,,,,,,,,
303600,1049.1,0.006102,,,,,,,,
303700,1049.4,0.004851,,,,,,,,
303800,1049.7,0.003336,,,,,,,,
303900,1050.0,0.005469,,,,,,,,
304000,1050.3,0.002027,,,,,,,,
304100,1050.6,0.003962,,,,,,,,
304200,1050.9,0.001663,,,,,,,,
304300,1051.2,0.005349,,,,,,,,
304400,1051.5,0.002575,,,,,,,,
304500,1051.7,0.003490,,,,,,,,
304600,1052.0,0.001733,,,,,,,,
304700,1052.3,0.004156,,,,,,,,
304800,1052.6,0.002002,,,,,,,,
304900,1052.9,0.002913,,,,,,,,
305000,1054.3,0.002011,0.004738,4.760085e+00,2.318434e-01,1.615703e-01,0.000000,4.760085e+00,2.192921e-01,1.517294e-01
305100,1054.5,0.002859,,,,,,,,
305200,1054.8,0.001650,,,,,,,,
305300,1055.1,0.001851,,,,,,,,
305400,1055.4,0.001714,,,,,,,,
305500,1055.7,0.005894,,,,,,,,
305600,1056.0,0.002917,,,,,,,,
305700,1056.2,0.004632,,,,,,,,
305800,1056.6,0.005544,,,,,,,,
305900,1056.8,0.005893,,,,,,,,
306000,1057.1,0.003123,,,,,,,,
306100,1057.4,0.001842,,,,,,,,
306200,1057.7,0.003198,,,,,,,,
306300,1058.0,0.002507,,,,,,,,
306400,1058.3,0.002255,,,,,,,,
306500,1058.6,0.001983,,,,,,,,
306600,1058.9,0.004028,,,,,,,,
306700,1059.2,0.001569,,,,,,,,
306800,1059.5,0.004445,,,,,,,,
306900,1059.8,0.001681,,,,,,,,
307000,1060.0,0.003945,,,,,,,,
307100,1060.3,0.002290,,,,,,,,
307200,1060.6,0.004521,,,,,,,,
307300,1060.9,0.002560,,,,,,,,
307400,1061.2,0.004179,,,,,,,,
307500,1061.5,0.001763,,,,,,,,
307600,1061.8,0.001722,,,,,,,,
307700,1062.1,0.002103,,,,,,,,
307800,1062.4,0.001952,,,,,,,,
307900,1062.7,0.001706,,,,,,,,
308000,1062.9,0.004311,,,,,,,,
308100,1063.2,0.001801,,,,,,,,
308200,1063.5,0.001872,,,,,,,,
308300,1063.8,0.003409,,,,,,,,
308400,1064.1,0.001705,,,,,,,,
308500,1064.4,0.003383,,,,,,,,
308600,1064.7,0.006281,,,,,,,,
308700,1065.0,0.002050,,,,,,,,
308800,1065.2,0.002620,,,,,,,,
308900,1065.5,0.001788,,,,,,,,
309000,1065.8,0.002877,,,,,,,,
309100,1066.1,0.005779,,,,,,,,
309200,1066.4,0.002860,,,,,,,,
309300,1066.7,0.003221,,,,,,,,
309400,1067.0,0.001558,,,,,,,,
309500,1067.3,0.001958,,,,,,,,
309600,1067.6,0.001963,,,,,,,,
309700,1067.9,0.002228,,,,,,,,
309800,1068.2,0.005170,,,,,,,,
309900,1068.5,0.001724,,,,,,,,
310000,1069.9,0.001925,0.004409,4.971176e+00,2.236670e-01,1.550386e-01,0.000000,4.971176e+00,2.118759e-01,1.467322e-01
310100,1070.1,0.005079,,,,,,,,
310200,1070.4,0.003847,,,,,,,,
310300,1070.7,0.001619,,,,,,,,
310400,1071.0,0.004373,,,,,,,,
310500,1071.3,0.002555,,,,,,,,
310600,1071.6,0.004045,,,,,,,,
310700,1071.9,0.001793,,,,,,,,
310800,1072.2,0.003403,,,,,,,,
310900,1072.4,0.002269,,,,,,,,
311000,1072.7,0.001705,,,,,,,,
311100,1073.0,0.004612,,,,,,,,
311200,1073.3,0.001842,,,,,,,,
311300,1073.6,0.002292,,,,,,,,
311400,1073.9,0.001780,,,,,,,,
311500,1074.2,0.004506,,,,,,,,
311600,1074.5,0.001796,,,,,,,,
311700,1074.8,0.003821,,,,,,,,
311800,1075.0,0.003799,,,,,,,,
311900,1075.3,0.008136,,,,,,,,
312000,1075.6,0.001284,,,,,,,,
312100,1075.9,0.001655,,,,,,,,
312200,1076.2,0.004699,,,,,,,,
312300,1076.5,0.009772,,,,,,,,
312400,1076.8,0.002202,,,,,,,,
312500,1077.1,0.001750,,,,,,,,
312600,1077.4,0.002687,,,,,,,,
312700,1077.7,0.007116,,,,,,,,
312800,1078.0,0.004199,,,,,,,,
312900,1078.3,0.005157,,,,,,,,
313000,1078.6,0.005787,,,,,,,,
313100,1078.9,0.003387,,,,,,,,
313200,1079.2,0.001785,,,,,,,,
313300,1079.5,0.001853,,,,,,,,
313400,1079.8,0.001627,,,,,,,,
313500,1080.0,0.002107,,,,,,,,
313600,1080.3,0.015656,,,,,,,,
313700,1080.6,0.006281,,,,,,,,
313800,1080.9,0.002041,,,,,,,,
313900,1081.2,0.003192,,,,,,,,
314000,1081.5,0.001381,,,,,,,,
314100,1081.8,0.004146,,,,,,,,
314200,1082.1,0.005672,,,,,,,,
314300,1082.4,0.002316,,,,,,,,
314400,1082.7,0.001987,,,,,,,,
314500,1083.0,0.002594,,,,,,,,
314600,1083.3,0.002654,,,,,,,,
314700,1083.6,0.001751,,,,,,,,
314800,1083.9,0.001715,,,,,,,,
314900,1084.2,0.008134,,,,,,,,
315000,1085.5,0.004191,0.002903,4.038965e+00,2.167496e-01,1.602397e-01,0.000000,4.038965e+00,2.034598e-01,1.495631e-01
315100,1085.8,0.002183,,,,,,,,
315200,1086.0,0.001678,,,,,,,,
315300,1086.3,0.006395,,,,,,,,
315400,1086.6,0.001553,,,,,,,,
315500,1086.9,0.001858,,,,,,,,
315600,1087.2,0.002257,,,,,,,,
315700,1087.5,0.001922,,,,,,,,
315800,1087.8,0.003056,,,,,,,,
315900,1088.1,0.001570,,,,,,,,
316000,1088.4,0.004019,,,,,,,,
316100,1088.7,0.002275,,,,,,,,
316200,1089.0,0.001811,,,,,,,,
316300,1089.3,0.002093,,,,,,,,
316400,1089.6,0.001636,,,,,,,,
316500,1089.9,0.002988,,,,,,,,
316600,1090.2,0.005856,,,,,,,,
316700,1090.4,0.007001,,,,,,,,
316800,1090.7,0.002294,,,,,,,,
316900,1091.0,0.001544,,,,,,,,
317000,1091.3,0.001827,,,,,,,,
317100,1091.6,0.001501,,,,,,,,
317200,1091.9,0.001781,,,,,,,,
317300,1092.2,0.001683,,,,,,,,
317400,1092.5,0.005489,,,,,,,,
317500,1092.8,0.004638,,,,,,,,
317600,1093.1,0.001594,,,,,,,,
317700,1093.4,0.001804,,,,,,,,
317800,1093.7,0.002797,,,,,,,,
317900,1094.0,0.005124,,,,,,,,
318000,1094.3,0.002088,,,,,,,,
318100,1094.6,0.001750,,,,,,,,
318200,1094.9,0.004003,,,,,,,,
318300,1095.2,0.001908,,,,,,,,
318400,1095.5,0.001797,,,,,,,,
318500,1095.8,0.003142,,,,,,,,
318600,1096.1,0.008720,,,,,,,,
318700,1096.4,0.002029,,,,,,,,
318800,1096.7,0.001681,,,,,,,,
318900,1097.0,0.001413,,,,,,,,
319000,1097.3,0.005319,,,,,,,,
319100,1097.6,0.001501,,,,,,,,
319200,1097.8,0.001997,,,,,,,,
319300,1098.1,0.004229,,,,,,,,
319400,1098.4,0.001748,,,,,,,,
319500,1098.7,0.010307,,,,,,,,
319600,1099.0,0.001814,,,,,,,,
319700,1099.3,0.003442,,,,,,,,
319800,1099.6,0.004837,,,,,,,,
319900,1099.9,0.001491,,,,,,,,
320000,1101.3,0.002513,0.003234,4.376482e+00,2.272512e-01,1.655249e-01,0.000000,4.376482e+00,2.146699e-01,1.577638e-01
320100,1101.5,0.002174,,,,,,,,
320200,1101.8,0.003521,,,,,,,,
320300,1102.1,0.001665,,,,,,,,
320400,1102.4,0.001886,,,,,,,,
320500,1102.7,0.001223,,,,,,,,
320600,1103.0,0.001639,,,,,,,,
320700,1103.3,0.004118,,,,,,,,
320800,1103.6,0.001641,,,,,,,,
320900,1103.9,0.001955,,,,,,,,
321000,1104.2,0.003828,,,,,,,,
321100,1104.5,0.001813,,,,,,,,
321200,1104.8,0.007586,,,,,,,,
321300,1105.1,0.005392,,,,,,,,
321400,1105.3,0.001591,,,,,,,,
321500,1105.6,0.002735,,,,,,,,
321600,1105.9,0.007943,,,,,,,,
321700,1106.2,0.002666,,,,,,,,
321800,1106.5,0.004898,,,,,,,,
321900,1106.8,0.002499,,,,,,,,
322000,1107.1,0.003598,,,,,,,,
322100,1107.4,0.002025,,,,,,,,
322200,1107.7,0.006204,,,,,,,,
322300,1108.0,0.001822,,,,,,,,
322400,1108.3,0.002277,,,,,,,,
322500,1108.6,0.001773,,,,,,,,
322600,1108.9,0.005011,,,,,,,,
322700,1109.2,0.004029,,,,,,,,
322800,1109.5,0.002478,,,,,,,,
322900,1109.8,0.001508,,,,,,,,
323000,1110.1,0.002443,,,,,,,,
323100,1110.3,0.001668,,,,,,,,
323200,1110.6,0.001478,,,,,,,,
323300,1110.9,0.003864,,,,,,,,
323400,1111.2,0.004362,,,,,,,,
323500,1111.5,0.002290,,,,,,,,
323600,1111.8,0.001916,,,,,,,,
323700,1112.1,0.001650,,,,,,,,
323800,1112.4,0.001754,,,,,,,,
323900,1112.7,0.008236,,,,,,,,
324000,1113.0,0.008335,,,,,,,,
324100,1113.3,0.005065,,,,,,,,
324200,1113.6,0.001985,,,,,,,,
324300,1113.9,0.007754,,,,,,,,
324400,1114.2,0.002758,,,,,,,,
324500,1114.5,0.001260,,,,,,,,
324600,1114.8,0.001544,,,,,,,,
324700,1115.0,0.002220,,,,,,,,
324800,1115.3,0.004077,,,,,,,,
324900,1115.6,0.009660,,,,,,,,
325000,1117.0,0.004432,0.002710,3.610077e+00,2.152336e-01,1.603351e-01,0.000000,3.610077e+00,2.035863e-01,1.512692e-01
325100,1117.2,0.004790,,,,,,,,
325200,1117.5,0.001661,,,,,,,,
325300,1117.8,0.009685,,,,,,,,
325400,1118.1,0.005754,,,,,,,,
325500,1118.4,0.004117,,,,,,,,
325600,1118.7,0.002272,,,,,,,,
325700,1119.0,0.004756,,,,,,,,
325800,1119.3,0.002803,,,,,,,,
325900,1119.5,0.005583,,,,,,,,
326000,1119.8,0.001767,,,,,,,,
326100,1120.1,0.006401,,,,,,,,
326200,1120.4,0.004299,,,,,,,,
326300,1120.7,0.002270,,,,,,,,
326400,1121.0,0.004543,,,,,,,,
326500,1121.3,0.001952,,,,,,,,
326600,1121.6,0.002737,,,,,,,,
326700,1121.9,0.003541,,,,,,,,
326800,1122.2,0.004473,,,,,,,,
326900,1122.5,0.003971,,,,,,,,
327000,1122.8,0.001445,,,,,,,,
327100,1123.1,0.001603,,,,,,,,
327200,1123.4,0.002516,,,,,,,,
327300,1123.7,0.004126,,,,,,,,
327400,1123.9,0.006170,,,,,,,,
327500,1124.2,0.001634,,,,,,,,
327600,1124.5,0.002078,,,,,,,,
327700,1124.8,0.006948,,,,,,,,
327800,1125.1,0.002182,,,,,,,,
327900,1125.4,0.003847,,,,,,,,
328000,1125.7,0.001448,,,,,,,,
328100,1126.0,0.002410,,,,,,,,
328200,1126.3,0.002173,,,,,,,,
328300,1126.6,0.005508,,,,,,,,
328400,1126.9,0.006467,,,,,,,,
328500,1127.1,0.006082,,,,,,,,
328600,1127.4,0.007188,,,,,,,,
328700,1127.7,0.005428,,,,,,,,
328800,1128.0,0.001626,,,,,,,,
328900,1128.3,0.002361,,,,,,,,
329000,1128.6,0.001981,,,,,,,,
329100,1128.9,0.002998,,,,,,,,
329200,1129.2,0.002939,,,,,,,,
329300,1129.5,0.004880,,,,,,,,
329400,1129.8,0.001836,,,,,,,,
329500,1130.1,0.001911,,,,,,,,
329600,1130.4,0.001510,,,,,,,,
329700,1130.7,0.005490,,,,,,,,
329800,1131.0,0.003797,,,,,,,,
329900,1131.3,0.001765,,,,,,,,
330000,1132.7,0.001536,0.003037,4.522846e+00,2.129692e-01,1.568929e-01,0.000000,4.522846e+00,1.999333e-01,1.478458e-01
330100,1132.9,0.001895,,,,,,,,
330200,1133.2,0.001896,,,,,,,,
330300,1133.5,0.002292,,,,,,,,
330400,1133.8,0.001529,,,,,,,,
330500,1134.1,0.001687,,,,,,,,
330600,1134.3,0.003586,,,,,,,,
330700,1134.6,0.006009,,,,,,,,
330800,1134.9,0.001604,,,,,,,,
330900,1135.2,0.003660,,,,,,,,
331000,1135.5,0.005549,,,,,,,,
331100,1135.8,0.004446,,,,,,,,
331200,1136.1,0.003175,,,,,,,,
331300,1136.4,0.005075,,,,,,,,
331400,1136.6,0.003513,,,,,,,,
331500,1136.9,0.001487,,,,,,,,
331600,1137.2,0.001521,,,,,,,,
331700,1137.5,0.004369,,,,,,,,
331800,1137.7,0.002456,,,,,,,,
331900,1138.0,0.001713,,,,,,,,
332000,1138.3,0.001662,,,,,,,,
332100,1138.6,0.001875,,,,,,,,
332200,1138.9,0.002044,,,,,,,,
332300,1139.2,0.003077,,,,,,,,
332400,1139.4,0.004945,,,,,,,,
332500,1139.7,0.002520,,,,,,,,
332600,1140.0,0.002143,,,,,,,,
332700,1140.3,0.004192,,,,,,,,
332800,1140.6,0.003813,,,,,,,,
332900,1140.9,0.009544,,,,,,,,
333000,1141.2,0.003178,,,,,,,,
333100,1141.5,0.003172,,,,,,,,
333200,1141.7,0.001901,,,,,,,,
333300,1142.0,0.002737,,,,,,,,
333400,1142.3,0.006078,,,,,,,,
333500,1142.6,0.002418,,,,,,,,
333600,1142.9,0.001603,,,,,,,,
333700,1143.2,0.005623,,,,,,,,
333800,1143.5,0.004819,,,,,,,,
333900,1143.8,0.002091,,,,,,,,
334000,1144.1,0.003913,,,,,,,,
334100,1144.3,0.001915,,,,,,,,
334200,1144.6,0.004663,,,,,,,,
334300,1144.9,0.002140,,,,,,,,
334400,1145.2,0.010381,,,,,,,,
334500,1145.5,0.005630,,,,,,,,
334600,1145.8,0.004853,,,,,,,,
334700,1146.1,0.007193,,,,,,,,
334800,1146.4,0.005289,,,,,,,,
334900,1146.7,0.001489,,,,,,,,
335000,1148.0,0.001973,0.003337,4.446487e+00,2.146973e-01,1.605182e-01,0.000000,4.446487e+00,2.015199e-01,1.494968e-01
335100,1148.3,0.002305,,,,,,,,
335200,1148.6,0.001722,,,,,,,,
335300,1148.8,0.002391,,,,,,,,
335400,1149.1,0.008463,,,,,,,,
335500,1149.4,0.001887,,,,,,,,
335600,1149.7,0.001592,,,,,,,,
335700,1150.0,0.001839,,,,,,,,
335800,1150.2,0.002480,,,,,,,,
335900,1150.5,0.001447,,,,,,,,
336000,1150.8,0.001737,,,,,,,,
336100,1151.1,0.002020,,,,,,,,
336200,1151.4,0.002766,,,,,,,,
336300,1151.7,0.003129,,,,,,,,
336400,1151.9,0.006413,,,,,,,,
336500,1152.1,0.002883,,,,,,,,
336600,1152.4,0.001954,,,,,,,,
336700,1152.7,0.001630,,,,,,,,
336800,1153.0,0.002223,,,,,,,,
336900,1153.3,0.002009,,,,,,,,
337000,1153.5,0.001656,,,,,,,,
337100,1153.8,0.008335,,,,,,,,
337200,1154.1,0.002804,,,,,,,,
337300,1154.4,0.008380,,,,,,,,
337400,1154.7,0.001891,,,,,,,,
337500,1155.0,0.001349,,,,,,,,
337600,1155.2,0.006621,,,,,,,,
337700,1155.5,0.001766,,,,,,,,
337800,1155.8,0.001828,,,,,,,,
337900,1156.1,0.005897,,,,,,,,
338000,1156.4,0.003626,,,,,,,,
338100,1156.7,0.005491,,,,,,,,
338200,1157.0,0.001616,,,,,,,,
338300,1157.3,0.003409,,,,,,,,
338400,1157.6,0.003756,,,,,,,,
338500,1157.8,0.005346,,,,,,,,
338600,1158.1,0.001694,,,,,,,,
338700,1158.4,0.001760,,,,,,,,
338800,1158.7,0.001830,,,,,,,,
338900,1159.0,0.002207,,,,,,,,
339000,1159.3,0.007616,,,,,,,,
339100,1159.6,0.001469,,,,,,,,
339200,1159.9,0.001979,,,,,,,,
339300,1160.1,0.002999,,,,,,,,
339400,1160.4,0.003884,,,,,,,,
339500,1160.6,0.005147,,,,,,,,
339600,1160.9,0.002457,,,,,,,,
339700,1161.2,0.006470,,,,,,,,
339800,1161.5,0.004829,,,,,,,,
339900,1161.8,0.004231,,,,,,,,
340000,1163.2,0.004784,0.004628,5.526755e+00,2.210400e-01,1.566842e-01,0.000000,5.526755e+00,2.105703e-01,1.477327e-01
340100,1163.4,0.003643,,,,,,,,
340200,1163.7,0.004726,,,,,,,,
340300,1163.9,0.005438,,,,,,,,
340400,1164.2,0.003079,,,,,,,,
340500,1164.5,0.001349,,,,,,,,
340600,1164.8,0.002670,,,,,,,,
340700,1165.1,0.007524,,,,,,,,
340800,1165.4,0.001870,,,,,,,,
340900,1165.7,0.001626,,,,,,,,
341000,1166.0,0.002316,,,,,,,,
341100,1166.3,0.004961,,,,,,,,
341200,1166.5,0.001638,,,,,,,,
341300,1166.8,0.001150,,,,,,,,
341400,1167.1,0.001721,,,,,,,,
341500,1167.4,0.003927,,,,,,,,
341600,1167.7,0.004302,,,,,,,,
341700,1168.0,0.010753,,,,,,,,
341800,1168.3,0.005412,,,,,,,,
341900,1168.6,0.001872,,,,,,,,
342000,1168.9,0.002584,,,,,,,,
342100,1169.1,0.004043,,,,,,,,
342200,1169.4,0.001752,,,,,,,,
342300,1169.7,0.002343,,,,,,,,
342400,1170.0,0.001821,,,,,,,,
342500,1170.3,0.002147,,,,,,,,
342600,1170.6,0.002342,,,,,,,,
342700,1170.9,0.001459,,,,,,,,
342800,1171.2,0.004685,,,,,,,,
342900,1171.5,0.002773,,,,,,,,
343000,1171.8,0.004755,,,,,,,,
343100,1172.0,0.005849,,,,,,,,
343200,1172.3,0.001733,,,,,,,,
343300,1172.6,0.001531,,,,,,,,
343400,1172.9,0.002228,,,,,,,,
343500,1173.2,0.001887,,,,,,,,
343600,1173.5,0.004007,,,,,,,,
343700,1173.8,0.005235,,,,,,,,
343800,1174.1,0.002121,,,,,,,,
343900,1174.4,0.001613,,,,,,,,
344000,1174.6,0.002264,,,,,,,,
344100,1174.9,0.002153,,,,,,,,
344200,1175.2,0.004840,,,,,,,,
344300,1175.5,0.002274,,,,,,,,
344400,1175.8,0.005142,,,,,,,,
344500,1176.1,0.001940,,,,,,,,
344600,1176.4,0.002163,,,,,,,,
344700,1176.7,0.001840,,,,,,,,
344800,1176.9,0.003471,,,,,,,,
344900,1177.2,0.001547,,,,,,,,
345000,1178.6,0.004264,0.003713,4.096059e+00,2.275986e-01,1.633295e-01,0.000000,4.096059e+00,2.161549e-01,1.545846e-01
345100,1178.8,0.001734,,,,,,,,
345200,1179.1,0.001459,,,,,,,,
345300,1179.4,0.002034,,,,,,,,
345400,1179.7,0.003223,,,,,,,,
345500,1180.0,0.005666,,,,,,,,
345600,1180.3,0.001819,,,,,,,,
345700,1180.6,0.004106,,,,,,,,
345800,1180.9,0.002232,,,,,,,,
345900,1181.2,0.001853,,,,,,,,
346000,1181.5,0.002126,,,,,,,,
346100,1181.8,0.005603,,,,,,,,
346200,1182.1,0.004238,,,,,,,,
346300,1182.3,0.003853,,,,,,,,
346400,1182.6,0.003173,,,,,,,,
346500,1182.9,0.005039,,,,,,,,
346600,1183.2,0.002115,,,,,,,,
346700,1183.5,0.001521,,,,,,,,
346800,1183.8,0.003740,,,,,,,,
346900,1184.1,0.001556,,,,,,,,
347000,1184.4,0.001593,,,,,,,,
347100,1184.6,0.001764,,,,,,,,
347200,1184.9,0.003692,,,,,,,,
347300,1185.2,0.002171,,,,,,,,
347400,1185.5,0.004817,,,,,,,,
347500,1185.8,0.003802,,,,,,,,
347600,1186.1,0.001727,,,,,,,,
347700,1186.4,0.002359,,,,,,,,
347800,1186.7,0.004444,,,,,,,,
347900,1186.9,0.001717,,,,,,,,
348000,1187.2,0.002494,,,,,,,,
348100,1187.5,0.001635,,,,,,,,
348200,1187.8,0.004884,,,,,,,,
348300,1188.1,0.001772,,,,,,,,
348400,1188.4,0.001586,,,,,,,,
348500,1188.6,0.005963,,,,,,,,
348600,1188.9,0.001972,,,,,,,,
348700,1189.2,0.002403,,,,,,,,
348800,1189.5,0.001952,,,,,,,,
348900,1189.8,0.004315,,,,,,,,
349000,1190.1,0.001895,,,,,,,,
349100,1190.4,0.002988,,,,,,,,
349200,1190.7,0.002139,,,,,,,,
349300,1191.0,0.001634,,,,,,,,
349400,1191.3,0.003178,,,,,,,,
349500,1191.6,0.001439,,,,,,,,
349600,1191.8,0.006252,,,,,,,,
349700,1192.1,0.001770,,,,,,,,
349800,1192.4,0.006044,,,,,,,,
349900,1192.7,0.002046,,,,,,,,
350000,1194.1,0.001959,0.003081,4.535444e+00,2.132063e-01,1.572337e-01,0.000000,4.509579e+00,1.993364e-01,1.477075e-01
350100,1194.3,0.003559,,,,,,,,
350200,1194.5,0.001593,,,,,,,,
350300,1194.8,0.002297,,,,,,,,
350400,1195.1,0.004738,,,,,,,,
350500,1195.4,0.004516,,,,,,,,
350600,1195.6,0.001901,,,,,,,,
350700,1195.9,0.001731,,,,,,,,
350800,1196.1,0.002495,,,,,,,,
350900,1196.4,0.005295,,,,,,,,
351000,1196.6,0.002975,,,,,,,,
351100,1196.9,0.002779,,,,,,,,
351200,1197.2,0.008727,,,,,,,,
351300,1197.5,0.003638,,,,,,,,
351400,1197.8,0.001745,,,,,,,,
351500,1198.1,0.001636,,,,,,,,
351600,1198.4,0.001546,,,,,,,,
351700,1198.7,0.001921,,,,,,,,
351800,1198.9,0.004091,,,,,,,,
351900,1199.2,0.001885,,,,,,,,
352000,1199.5,0.004934,,,,,,,,
352100,1199.8,0.001297,,,,,,,,
352200,1200.1,0.001452,,,,,,,,
352300,1200.4,0.005369,,,,,,,,
352400,1200.6,0.005346,,,,,,,,
352500,1200.9,0.002335,,,,,,,,
352600,1201.2,0.004077,,,,,,,,
352700,1201.5,0.002065,,,,,,,,
352800,1201.8,0.001716,,,,,,,,
352900,1202.1,0.001453,,,,,,,,
353000,1202.4,0.005202,,,,,,,,
353100,1202.7,0.001894,,,,,,,,
353200,1203.0,0.002393,,,,,,,,
353300,1203.2,0.004613,,,,,,,,
353400,1203.5,0.002959,,,,,,,,
353500,1203.8,0.005150,,,,,,,,
353600,1204.1,0.002652,,,,,,,,
353700,1204.4,0.001622,,,,,,,,
353800,1204.7,0.006298,,,,,,,,
353900,1205.0,0.001917,,,,,,,,
354000,1205.2,0.002321,,,,,,,,
354100,1205.5,0.001395,,,,,,,,
354200,1205.8,0.002095,,,,,,,,
354300,1206.1,0.001614,,,,,,,,
354400,1206.4,0.002721,,,,,,,,
354500,1206.7,0.007671,,,,,,,,
354600,1206.9,0.001560,,,,,,,,
354700,1207.2,0.006030,,,,,,,,
354800,1207.5,0.003708,,,,,,,,
354900,1207.8,0.004814,,,,,,,,
355000,1209.2,0.001624,0.004703,5.097574e+00,2.215777e-01,1.531940e-01,0.000000,5.097574e+00,2.110724e-01,1.461526e-01
355100,1209.4,0.004953,,,,,,,,
355200,1209.7,0.007225,,,,,,,,
355300,1209.9,0.005450,,,,,,,,
355400,1210.2,0.002147,,,,,,,,
355500,1210.5,0.001986,,,,,,,,
355600,1210.8,0.004547,,,,,,,,
355700,1211.1,0.004823,,,,,,,,
355800,1211.4,0.002292,,,,,,,,
355900,1211.7,0.002837,,,,,,,,
356000,1212.0,0.002345,,,,,,,,
356100,1212.3,0.002424,,,,,,,,
356200,1212.6,0.001614,,,,,,,,
356300,1212.9,0.002511,,,,,,,,
356400,1213.1,0.001655,,,,,,,,
356500,1213.4,0.006233,,,,,,,,
356600,1213.7,0.001590,,,,,,,,
356700,1214.0,0.002625,,,,,,,,
356800,1214.3,0.003839,,,,,,,,
356900,1214.6,0.002433,,,,,,,,
357000,1214.9,0.001784,,,,,,,,
357100,1215.2,0.001819,,,,,,,,
357200,1215.5,0.002918,,,,,,,,
357300,1215.8,0.004725,,,,,,,,
357400,1216.0,0.003804,,,,,,,,
357500,1216.3,0.001530,,,,,,,,
357600,1216.6,0.002923,,,,,,,,
357700,1216.9,0.005961,,,,,,,,
357800,1217.2,0.004453,,,,,,,,
357900,1217.5,0.001319,,,,,,,,
358000,1217.8,0.002817,,,,,,,,
358100,1218.1,0.001524,,,,,,,,
358200,1218.3,0.001839,,,,,,,,
358300,1218.6,0.001332,,,,,,,,
358400,1218.9,0.003443,,,,,,,,
358500,1219.1,0.003308,,,,,,,,
358600,1219.4,0.004742,,,,,,,,
358700,1219.7,0.005414,,,,,,,,
358800,1220.0,0.003863,,,,,,,,
358900,1220.3,0.003772,,,,,,,,
359000,1220.6,0.001376,,,,,,,,
359100,1220.9,0.001731,,,,,,,,
359200,1221.2,0.003908,,,,,,,,
359300,1221.4,0.001694,,,,,,,,
359400,1221.7,0.001998,,,,,,,,
359500,1222.0,0.001743,,,,,,,,
359600,1222.3,0.004673,,,,,,,,
359700,1222.6,0.004136,,,,,,,,
359800,1222.9,0.001895,,,,,,,,
359900,1223.2,0.005061,,,,,,,,
360000,1224.6,0.005124,0.003941,5.770200e+00,2.166289e-01,1.558782e-01,0.000000,5.770200e+00,2.029576e-01,1.466311e-01
360100,1224.8,0.001905,,,,,,,,
360200,1225.1,0.001454,,,,,,,,
360300,1225.3,0.005380,,,,,,,,
360400,1225.6,0.001888,,,,,,,,
360500,1225.9,0.002724,,,,,,,,
360600,1226.2,0.002522,,,,,,,,
360700,1226.5,0.004160,,,,,,,,
360800,1226.8,0.001670,,,,,,,,
360900,1227.1,0.001786,,,,,,,,
361000,1227.4,0.006209,,,,,,,,
361100,1227.7,0.005383,,,,,,,,
361200,1228.0,0.001746,,,,,,,,
361300,1228.2,0.001473,,,,,,,,
361400,1228.5,0.001648,,,,,,,,
361500,1228.8,0.005867,,,,,,,,
361600,1229.1,0.001428,,,,,,,,
361700,1229.4,0.005405,,,,,,,,
361800,1229.7,0.001159,,,,,,,,
361900,1230.0,0.002565,,,,,,,,
362000,1230.3,0.001849,,,,,,,,
362100,1230.5,0.004804,,,,,,,,
362200,1230.8,0.004222,,,,,,,,
362300,1231.1,0.001723,,,,,,,,
362400,1231.4,0.001836,,,,,,,,
362500,1231.7,0.001620,,,,,,,,
362600,1231.9,0.001495,,,,,,,,
362700,1232.2,0.001732,,,,,,,,
362800,1232.4,0.002083,,,,,,,,
362900,1232.7,0.006467,,,,,,,,
363000,1233.0,0.002692,,,,,,,,
363100,1233.3,0.001508,,,,,,,,
363200,1233.6,0.001578,,,,,,,,
363300,1233.9,0.008895,,,,,,,,
363400,1234.2,0.007301,,,,,,,,
363500,1234.5,0.002016,,,,,,,,
363600,1234.8,0.002193,,,,,,,,
363700,1235.1,0.002341,,,,,,,,
363800,1235.4,0.011623,,,,,,,,
363900,1235.7,0.001309,,,,,,,,
364000,1236.0,0.001578,,,,,,,,
364100,1236.2,0.004029,,,,,,,,
364200,1236.5,0.004002,,,,,,,,
364300,1236.8,0.004064,,,,,,,,
364400,1237.1,0.001720,,,,,,,,
364500,1237.4,0.001596,,,,,,,,
364600,1237.7,0.001977,,,,,,,,
364700,1238.0,0.003993,,,,,,,,
364800,1238.3,0.005394,,,,,,,,
364900,1238.6,0.002552,,,,,,,,
365000,1240.0,0.002509,0.002147,2.055091e+00,2.122937e-01,1.626117e-01,0.000000,2.055091e+00,2.016190e-01,1.545401e-01
365100,1240.2,0.002109,,,,,,,,
365200,1240.5,0.003227,,,,,,,,
365300,1240.8,0.001783,,,,,,,,
365400,1241.0,0.004537,,,,,,,,
365500,1241.3,0.006552,,,,,,,,
365600,1241.6,0.001518,,,,,,,,
365700,1241.9,0.001695,,,,,,,,
365800,1242.2,0.002778,,,,,,,,
365900,1242.5,0.001689,,,,,,,,
366000,1242.8,0.008526,,,,,,,,
366100,1243.0,0.005072,,,,,,,,
366200,1243.3,0.002757,,,,,,,,
366300,1243.6,0.001612,,,,,,,,
366400,1243.9,0.002239,,,,,,,,
366500,1244.2,0.003971,,,,,,,,
366600,1244.5,0.002462,,,,,,,,
366700,1244.8,0.003129,,,,,,,,
366800,1245.1,0.002524,,,,,,,,
366900,1245.4,0.002829,,,,,,,,
367000,1245.7,0.001859,,,,,,,,
367100,1245.9,0.001593,,,,,,,,
367200,1246.2,0.002986,,,,,,,,
367300,1246.5,0.001634,,,,,,,,
367400,1246.8,0.001924,,,,,,,,
367500,1247.0,0.004174,,,,,,,,
367600,1247.3,0.005272,,,,,,,,
367700,1247.6,0.004268,,,,,,,,
367800,1247.9,0.004079,,,,,,,,
367900,1248.2,0.009060,,,,,,,,
368000,1248.5,0.005534,,,,,,,,
368100,1248.8,0.005656,,,,,,,,
368200,1249.1,0.002937,,,,,,,,
368300,1249.4,0.002470,,,,,,,,
368400,1249.7,0.001708,,,,,,,,
368500,1250.0,0.003346,,,,,,,,
368600,1250.3,0.004752,,,,,,,,
368700,1250.6,0.002433,,,,,,,,
368800,1250.8,0.002050,,,,,,,,
368900,1251.1,0.002043,,,,,,,,
369000,1251.4,0.001529,,,,,,,,
369100,1251.7,0.001705,,,,,,,,
369200,1252.0,0.002167,,,,,,,,
369300,1252.3,0.002093,,,,,,,,
369400,1252.6,0.001823,,,,,,,,
369500,1252.9,0.001604,,,,,,,,
369600,1253.2,0.001622,,,,,,,,
369700,1253.5,0.001648,,,,,,,,
369800,1253.8,0.002009,,,,,,,,
369900,1254.0,0.003635,,,,,,,,
370000,1255.5,0.002002,0.003366,5.022631e+00,2.269760e-01,1.654503e-01,0.000000,5.022631e+00,2.170501e-01,1.577105e-01
370100,1255.7,0.003961,,,,,,,,
370200,1256.0,0.003985,,,,,,,,
370300,1256.3,0.001883,,,,,,,,
370400,1256.6,0.003784,,,,,,,,
370500,1256.8,0.005943,,,,,,,,
370600,1257.1,0.001686,,,,,,,,
370700,1257.4,0.001676,,,,,,,,
370800,1257.7,0.006723,,,,,,,,
370900,1258.0,0.001937,,,,,,,,
371000,1258.3,0.001816,,,,,,,,
371100,1258.6,0.003442,,,,,,,,
371200,1258.9,0.001935,,,,,,,,
371300,1259.2,0.001432,,,,,,,,
371400,1259.4,0.003618,,,,,,,,
371500,1259.7,0.003114,,,,,,,,
371600,1260.0,0.001865,,,,,,,,
371700,1260.3,0.005871,,,,,,,,
371800,1260.6,0.001629,,,,,,,,
371900,1260.9,0.002923,,,,,,,,
372000,1261.2,0.004879,,,,,,,,
372100,1261.5,0.001793,,,,,,,,
372200,1261.8,0.002839,,,,,,,,
372300,1262.1,0.001689,,,,,,,,
372400,1262.3,0.001980,,,,,,,,
372500,1262.6,0.001607,,,,,,,,
372600,1262.9,0.001980,,,,,,,,
372700,1263.2,0.002409,,,,,,,,
372800,1263.5,0.004027,,,,,,,,
372900,1263.8,0.002659,,,,,,,,
373000,1264.1,0.001546,,,,,,,,
373100,1264.4,0.002338,,,,,,,,
373200,1264.7,0.004700,,,,,,,,
373300,1264.9,0.001766,,,,,,,,
373400,1265.2,0.001885,,,,,,,,
373500,1265.5,0.005170,,,,,,,,
373600,1265.8,0.001677,,,,,,,,
373700,1266.1,0.001574,,,,,,,,
373800,1266.4,0.002642,,,,,,,,
373900,1266.7,0.001773,,,,,,,,
374000,1267.0,0.005391,,,,,,,,
374100,1267.3,0.001446,,,,,,,,
374200,1267.6,0.001408,,,,,,,,
374300,1267.9,0.001916,,,,,,,,
374400,1268.2,0.007457,,,,,,,,
374500,1268.4,0.002041,,,,,,,,
374600,1268.7,0.004364,,,,,,,,
374700,1269.0,0.001298,,,,,,,,
374800,1269.3,0.001582,,,,,,,,
374900,1269.6,0.002256,,,,,,,,
375000,1271.0,0.002517,0.003971,5.727155e+00,2.200362e-01,1.636345e-01,0.000000,5.727155e+00,2.067009e-01,1.523383e-01
375100,1271.3,0.001695,,,,,,,,
375200,1271.5,0.005497,,,,,,,,
375300,1271.8,0.001950,,,,,,,,
375400,1272.1,0.002899,,,,,,,,
375500,1272.4,0.004208,,,,,,,,
375600,1272.7,0.003236,,,,,,,,
375700,1273.0,0.005391,,,,,,,,
375800,1273.3,0.001672,,,,,,,,
375900,1273.6,0.003614,,,,,,,,
376000,1273.9,0.002338,,,,,,,,
376100,1274.2,0.001836,,,,,,,,
376200,1274.5,0.002658,,,,,,,,
376300,1274.8,0.004112,,,,,,,,
376400,1275.0,0.004103,,,,,,,,
376500,1275.3,0.004942,,,,,,,,
376600,1275.6,0.002345,,,,,,,,
376700,1275.9,0.002113,,,,,,,,
376800,1276.2,0.001505,,,,,,,,
376900,1276.5,0.002453,,,,,,,,
377000,1276.7,0.004708,,,,,,,,
377100,1277.0,0.001541,,,,,,,,
377200,1277.4,0.001901,,,,,,,,
377300,1277.6,0.001556,,,,,,,,
377400,1277.9,0.002719,,,,,,,,
377500,1278.2,0.002194,,,,,,,,
377600,1278.5,0.004003,,,,,,,,
377700,1278.8,0.003512,,,,,,,,
377800,1279.1,0.007314,,,,,,,,
377900,1279.4,0.007030,,,,,,,,
378000,1279.7,0.002816,,,,,,,,
378100,1280.0,0.001536,,,,,,,,
378200,1280.2,0.002295,,,,,,,,
378300,1280.5,0.003130,,,,,,,,
378400,1280.8,0.003744,,,,,,,,
378500,1281.1,0.005563,,,,,,,,
378600,1281.4,0.001825,,,,,,,,
378700,1281.7,0.003495,,,,,,,,
378800,1282.0,0.002299,,,,,,,,
378900,1282.3,0.003738,,,,,,,,
379000,1282.5,0.001535,,,,,,,,
379100,1282.8,0.003154,,,,,,,,
379200,1283.1,0.002569,,,,,,,,
379300,1283.4,0.003157,,,,,,,,
379400,1283.7,0.002173,,,,,,,,
379500,1284.0,0.001528,,,,,,,,
379600,1284.3,0.001378,,,,,,,,
379700,1284.6,0.005649,,,,,,,,
379800,1284.9,0.001547,,,,,,,,
379900,1285.2,0.003104,,,,,,,,
380000,1286.6,0.002207,0.003158,4.680102e+00,2.196099e-01,1.629347e-01,0.000000,4.680102e+00,2.072711e-01,1.536263e-01
380100,1286.8,0.007656,,,,,,,,
380200,1287.1,0.004979,,,,,,,,
380300,1287.4,0.007703,,,,,,,,
380400,1287.7,0.002091,,,,,,,,
380500,1287.9,0.001533,,,,,,,,
380600,1288.2,0.003088,,,,,,,,
380700,1288.5,0.001880,,,,,,,,
380800,1288.8,0.001773,,,,,,,,
380900,1289.1,0.002493,,,,,,,,
381000,1289.4,0.003455,,,,,,,,
381100,1289.7,0.002385,,,,,,,,
381200,1289.9,0.003277,,,,,,,,
381300,1290.2,0.008529,,,,,,,,
381400,1290.5,0.001546,,,,,,,,
381500,1290.8,0.002559,,,,,,,,
381600,1291.1,0.001416,,,,,,,,
381700,1291.4,0.002033,,,,,,,,
381800,1291.7,0.001981,,,,,,,,
381900,1292.0,0.004477,,,,,,,,
382000,1292.3,0.003321,,,,,,,,
382100,1292.5,0.001914,,,,,,,,
382200,1292.8,0.001469,,,,,,,,
382300,1293.1,0.001784,,,,,,,,
382400,1293.4,0.001508,,,,,,,,
382500,1293.7,0.006331,,,,,,,,
382600,1294.0,0.001895,,,,,,,,
382700,1294.3,0.001610,,,,,,,,
382800,1294.6,0.002362,,,,,,,,
382900,1294.9,0.002758,,,,,,,,
383000,1295.2,0.001677,,,,,,,,
383100,1295.4,0.002521,,,,,,,,
383200,1295.7,0.004911,,,,,,,,
383300,1296.0,0.003203,,,,,,,,
383400,1296.3,0.001803,,,,,,,,
383500,1296.6,0.001875,,,,,,,,
383600,1296.9,0.002064,,,,,,,,
383700,1297.2,0.001841,,,,,,,,
383800,1297.5,0.004233,,,,,,,,
383900,1297.7,0.004192,,,,,,,,
384000,1298.0,0.003860,,,,,,,,
384100,1298.3,0.001873,,,,,,,,
384200,1298.6,0.002596,,,,,,,,
384300,1298.9,0.001666,,,,,,,,
384400,1299.2,0.010701,,,,,,,,
384500,1299.5,0.002193,,,,,,,,
384600,1299.7,0.006410,,,,,,,,
384700,1300.0,0.003253,,,,,,,,
384800,1300.3,0.004377,,,,,,,,
384900,1300.6,0.001783,,,,,,,,
385000,1302.0,0.002663,0.002689,4.305098e+00,2.117324e-01,1.599563e-01,0.000000,4.305098e+00,1.986856e-01,1.497561e-01
385100,1302.3,0.003701,,,,,,,,
385200,1302.5,0.001576,,,,,,,,
385300,1302.8,0.001850,,,,,,,,
385400,1303.1,0.002006,,,,,,,,
385500,1303.4,0.001935,,,,,,,,
385600,1303.7,0.005475,,,,,,,,
385700,1304.0,0.001761,,,,,,,,
385800,1304.3,0.004220,,,,,,,,
385900,1304.6,0.002006,,,,,,,,
386000,1304.9,0.001907,,,,,,,,
386100,1305.2,0.001925,,,,,,,,
386200,1305.5,0.003425,,,,,,,,
386300,1305.8,0.001948,,,,,,,,
386400,1306.1,0.001570,,,,,,,,
386500,1306.3,0.005531,,,,,,,,
386600,1306.6,0.005641,,,,,,,,
386700,1306.9,0.002242,,,,,,,,
386800,1307.2,0.002401,,,,,,,,
386900,1307.5,0.005552,,,,,,,,
387000,1307.8,0.001793,,,,,,,,
387100,1308.1,0.001810,,,,,,,,
387200,1308.4,0.002358,,,,,,,,
387300,1308.7,0.002114,,,,,,,,
387400,1309.0,0.004875,,,,,,,,
387500,1309.3,0.002756,,,,,,,,
387600,1309.6,0.005223,,,,,,,,
387700,1309.9,0.001718,,,,,,,,
387800,1310.1,0.001425,,,,,,,,
387900,1310.4,0.001968,,,,,,,,
388000,1310.7,0.001472,,,,,,,,
388100,1311.0,0.001850,,,,,,,,
388200,1311.2,0.001532,,,,,,,,
388300,1311.5,0.001510,,,,,,,,
388400,1311.8,0.003897,,,,,,,,
388500,1312.1,0.001898,,,,,,,,
388600,1312.4,0.003984,,,,,,,,
388700,1312.7,0.002965,,,,,,,,
388800,1313.0,0.001437,,,,,,,,
388900,1313.3,0.003008,,,,,,,,
389000,1313.6,0.001732,,,,,,,,
389100,1313.8,0.001845,,,,,,,,
389200,1314.1,0.001447,,,,,,,,
389300,1314.4,0.002723,,,,,,,,
389400,1314.7,0.001756,,,,,,,,
389500,1315.0,0.002334,,,,,,,,
389600,1315.3,0.003187,,,,,,,,
389700,1315.6,0.001713,,,,,,,,
389800,1315.9,0.001552,,,,,,,,
389900,1316.2,0.001404,,,,,,,,
390000,1317.6,0.001814,0.004005,5.309118e+00,2.239741e-01,1.648715e-01,0.000000,5.309118e+00,2.128476e-01,1.547564e-01
390100,1317.8,0.002078,,,,,,,,
390200,1318.0,0.003828,,,,,,,,
390300,1318.3,0.001551,,,,,,,,
390400,1318.5,0.002098,,,,,,,,
390500,1318.7,0.005893,,,,,,,,
390600,1319.0,0.002137,,,,,,,,
390700,1319.3,0.002355,,,,,,,,
390800,1319.6,0.003473,,,,,,,,
390900,1319.9,0.001814,,,,,,,,
391000,1320.2,0.001505,,,,,,,,
391100,1320.5,0.001942,,,,,,,,
391200,1320.8,0.006295,,,,,,,,
391300,1321.1,0.001581,,,,,,,,
391400,1321.4,0.001749,,,,,,,,
391500,1321.7,0.002069,,,,,,,,
391600,1322.0,0.001721,,,,,,,,
391700,1322.2,0.001994,,,,,,,,
391800,1322.5,0.001907,,,,,,,,
391900,1322.8,0.002652,,,,,,,,
392000,1323.1,0.002345,,,,,,,,
392100,1323.4,0.001885,,,,,,,,
392200,1323.7,0.003817,,,,,,,,
392300,1324.0,0.001716,,,,,,,,
392400,1324.3,0.002130,,,,,,,,
392500,1324.6,0.001822,,,,,,,,
392600,1324.9,0.001494,,,,,,,,
392700,1325.2,0.001602,,,,,,,,
392800,1325.4,0.001570,,,,,,,,
392900,1325.7,0.005352,,,,,,,,
393000,1326.0,0.001844,,,,,,,,
393100,1326.3,0.003429,,,,,,,,
393200,1326.6,0.001742,,,,,,,,
393300,1326.9,0.003800,,,,,,,,
393400,1327.2,0.009304,,,,,,,,
393500,1327.5,0.001804,,,,,,,,
393600,1327.8,0.001570,,,,,,,,
393700,1328.0,0.004535,,,,,,,,
393800,1328.3,0.004551,,,,,,,,
393900,1328.6,0.001596,,,,,,,,
394000,1328.9,0.002042,,,,,,,,
394100,1329.2,0.003190,,,,,,,,
394200,1329.5,0.001631,,,,,,,,
394300,1329.8,0.002384,,,,,,,,
394400,1330.1,0.005075,,,,,,,,
394500,1330.4,0.001557,,,,,,,,
394600,1330.7,0.001965,,,,,,,,
394700,1331.0,0.001657,,,,,,,,
394800,1331.3,0.002814,,,,,,,,
394900,1331.5,0.002890,,,,,,,,
395000,1333.0,0.003858,0.004126,4.247518e+00,2.236137e-01,1.551988e-01,0.000000,4.247518e+00,2.114949e-01,1.455632e-01
395100,1333.2,0.002311,,,,,,,,
395200,1333.5,0.001875,,,,,,,,
395300,1333.8,0.002384,,,,,,,,
395400,1334.1,0.009760,,,,,,,,
395500,1334.4,0.004604,,,,,,,,
395600,1334.7,0.003101,,,,,,,,
395700,1335.0,0.001561,,,,,,,,
395800,1335.2,0.003065,,,,,,,,
395900,1335.5,0.001555,,,,,,,,
396000,1335.8,0.001634,,,,,,,,
396100,1336.1,0.001595,,,,,,,,
396200,1336.4,0.001491,,,,,,,,
396300,1336.7,0.001600,,,,,,,,
396400,1337.0,0.004057,,,,,,,,
396500,1337.3,0.006308,,,,,,,,
396600,1337.6,0.002896,,,,,,,,
396700,1337.9,0.003234,,,,,,,,
396800,1338.2,0.001392,,,,,,,,
396900,1338.4,0.004462,,,,,,,,
397000,1338.7,0.001473,,,,,,,,
397100,1339.0,0.003388,,,,,,,,
397200,1339.3,0.002776,,,,,,,,
397300,1339.6,0.001568,,,,,,,,
397400,1339.9,0.002556,,,,,,,,
397500,1340.2,0.001615,,,,,,,,
397600,1340.5,0.003906,,,,,,,,
397700,1340.8,0.001575,,,,,,,,
397800,1341.0,0.002829,,,,,,,,
397900,1341.3,0.001521,,,,,,,,
398000,1341.6,0.001466,,,,,,,,
398100,1341.9,0.002165,,,,,,,,
398200,1342.2,0.005156,,,,,,,,
398300,1342.5,0.002801,,,,,,,,
398400,1342.8,0.007595,,,,,,,,
398500,1343.1,0.003219,,,,,,,,
398600,1343.3,0.001798,,,,,,,,
398700,1343.6,0.006750,,,,,,,,
398800,1343.9,0.002141,,,,,,,,
398900,1344.2,0.002184,,,,,,,,
399000,1344.5,0.001446,,,,,,,,
399100,1344.8,0.002085,,,,,,,,
399200,1345.1,0.001482,,,,,,,,
399300,1345.3,0.001493,,,,,,,,
399400,1345.6,0.007177,,,,,,,,
399500,1345.9,0.001549,,,,,,,,
399600,1346.2,0.007095,,,,,,,,
399700,1346.5,0.001509,,,,,,,,
399800,1346.8,0.001685,,,,,,,,
399900,1347.1,0.004075,,,,,,,,
400000,1348.5,0.002315,0.003324,3.745683e+00,2.140548e-01,1.525351e-01,0.000000,3.745683e+00,2.022113e-01,1.434447e-01
400100,1348.7,0.002206,,,,,,,,
400200,1349.0,0.001874,,,,,,,,
400300,1349.3,0.001789,,,,,,,,
400400,1349.6,0.004859,,,,,,,,
400500,1349.9,0.003197,,,,,,,,
400600,1350.2,0.001633,,,,,,,,
400700,1350.5,0.001540,,,,,,,,
400800,1350.8,0.001559,,,,,,,,
400900,1351.0,0.003257,,,,,,,,
401000,1351.3,0.001437,,,,,,,,
401100,1351.6,0.002959,,,,,,,,
401200,1351.9,0.001437,,,,,,,,
401300,1352.2,0.001534,,,,,,,,
401400,1352.5,0.002707,,,,,,,,
401500,1352.8,0.001590,,,,,,,,
401600,1353.1,0.001606,,,,,,,,
401700,1353.4,0.003190,,,,,,,,
401800,1353.6,0.001837,,,,,,,,
401900,1353.9,0.001709,,,,,,,,
402000,1354.2,0.001553,,,,,,,,
402100,1354.5,0.002129,,,,,,,,
402200,1354.8,0.001648,,,,,,,,
402300,1355.0,0.002593,,,,,,,,
402400,1355.3,0.002778,,,,,,,,
402500,1355.6,0.001565,,,,,,,,
402600,1355.9,0.001567,,,,,,,,
402700,1356.1,0.002175,,,,,,,,
402800,1356.4,0.004058,,,,,,,,
402900,1356.7,0.005751,,,,,,,,
403000,1357.0,0.003931,,,,,,,,
403100,1357.3,0.001642,,,,,,,,
403200,1357.6,0.001645,,,,,,,,
403300,1357.8,0.004765,,,,,,,,
403400,1358.1,0.001525,,,,,,,,
403500,1358.4,0.002004,,,,,,,,
403600,1358.7,0.003467,,,,,,,,
403700,1359.0,0.002041,,,,,,,,
403800,1359.3,0.001688,,,,,,,,
403900,1359.6,0.001438,,,,,,,,
404000,1359.9,0.001433,,,,,,,,
404100,1360.1,0.006750,,,,,,,,
404200,1360.4,0.004885,,,,,,,,
404300,1360.7,0.002944,,,,,,,,
404400,1361.0,0.002210,,,,,,,,
404500,1361.3,0.003047,,,,,,,,
404600,1361.6,0.001826,,,,,,,,
404700,1361.9,0.002355,,,,,,,,
404800,1362.2,0.002114,,,,,,,,
404900,1362.5,0.001611,,,,,,,,
405000,1363.9,0.001903,0.003614,5.144875e+00,2.202170e-01,1.603961e-01,0.000000,5.113287e+00,2.103115e-01,1.526430e-01
405100,1364.1,0.002178,,,,,,,,
405200,1364.4,0.002888,,,,,,,,
405300,1364.7,0.001403,,,,,,,,
405400,1365.0,0.006696,,,,,,,,
405500,1365.2,0.002513,,,,,,,,
405600,1365.5,0.004971,,,,,,,,
405700,1365.8,0.001582,,,,,,,,
405800,1366.1,0.001330,,,,,,,,
405900,1366.4,0.001622,,,,,,,,
406000,1366.7,0.001523,,,,,,,,
406100,1367.0,0.004928,,,,,,,,
406200,1367.3,0.005736,,,,,,,,
406300,1367.6,0.001918,,,,,,,,
406400,1367.9,0.002864,,,,,,,,
406500,1368.2,0.003145,,,,,,,,
406600,1368.4,0.002000,,,,,,,,
406700,1368.7,0.003763,,,,,,,,
406800,1369.0,0.002992,,,,,,,,
406900,1369.3,0.009710,,,,,,,,
407000,1369.6,0.004480,,,,,,,,
407100,1369.9,0.005493,,,,,,,,
407200,1370.2,0.001457,,,,,,,,
407300,1370.5,0.001642,,,,,,,,
407400,1370.7,0.001665,,,,,,,,
407500,1371.0,0.002045,,,,,,,,
407600,1371.3,0.002184,,,,,,,,
407700,1371.6,0.004482,,,,,,,,
407800,1371.9,0.002641,,,,,,,,
407900,1372.2,0.003471,,,,,,,,
408000,1372.5,0.001665,,,,,,,,
408100,1372.8,0.004974,,,,,,,,
408200,1373.1,0.001542,,,,,,,,
408300,1373.3,0.002759,,,,,,,,
408400,1373.6,0.003109,,,,,,,,
408500,1373.9,0.001897,,,,,,,,
408600,1374.2,0.001741,,,,,,,,
408700,1374.5,0.001529,,,,,,,,
408800,1374.8,0.004497,,,,,,,,
408900,1375.0,0.001701,,,,,,,,
409000,1375.3,0.001647,,,,,,,,
409100,1375.6,0.001438,,,,,,,,
409200,1375.9,0.004407,,,,,,,,
409300,1376.2,0.001689,,,,,,,,
409400,1376.4,0.001765,,,,,,,,
409500,1376.7,0.001759,,,,,,,,
409600,1377.0,0.001831,,,,,,,,
409700,1377.3,0.001573,,,,,,,,
409800,1377.6,0.001675,,,,,,,,
409900,1377.9,0.001701,,,,,,,,
410000,1379.3,0.002642,0.002893,3.477264e+00,2.143443e-01,1.584145e-01,0.000000,3.477264e+00,2.032909e-01,1.500670e-01
410100,1379.5,0.002069,,,,,,,,
410200,1379.8,0.001496,,,,,,,,
410300,1380.1,0.001463,,,,,,,,
410400,1380.4,0.007516,,,,,,,,
410500,1380.6,0.005889,,,,,,,,
410600,1380.9,0.003701,,,,,,,,
410700,1381.2,0.003320,,,,,,,,
410800,1381.5,0.003716,,,,,,,,
410900,1381.7,0.003281,,,,,,,,
411000,1382.0,0.001847,,,,,,,,
411100,1382.3,0.003042,,,,,,,,
411200,1382.6,0.001744,,,,,,,,
411300,1382.8,0.001735,,,,,,,,
411400,1383.1,0.001602,,,,,,,,
411500,1383.4,0.001241,,,,,,,,
411600,1383.7,0.002708,,,,,,,,
411700,1384.0,0.001842,,,,,,,,
411800,1384.3,0.001763,,,,,,,,
411900,1384.6,0.001765,,,,,,,,
412000,1384.8,0.004781,,,,,,,,
412100,1385.1,0.009360,,,,,,,,
412200,1385.4,0.003914,,,,,,,,
412300,1385.7,0.001404,,,,,,,,
412400,1386.0,0.002567,,,,,,,,
412500,1386.3,0.002325,,,,,,,,
412600,1386.6,0.002163,,,,,,,,
412700,1386.9,0.001695,,,,,,,,
412800,1387.2,0.001810,,,,,,,,
412900,1387.5,0.001598,,,,,,,,
413000,1387.8,0.004059,,,,,,,,
413100,1388.1,0.003130,,,,,,,,
413200,1388.4,0.002012,,,,,,,,
413300,1388.6,0.001993,,,,,,,,
413400,1388.9,0.003042,,,,,,,,
413500,1389.2,0.001663,,,,,,,,
413600,1389.5,0.004182,,,,,,,,
413700,1389.8,0.001837,,,,,,,,
413800,1390.1,0.001735,,,,,,,,
413900,1390.4,0.001682,,,,,,,,
414000,1390.7,0.001928,,,,,,,,
414100,1391.0,0.001947,,,,,,,,
414200,1391.3,0.004640,,,,,,,,
414300,1391.5,0.002441,,,,,,,,
414400,1391.8,0.002957,,,,,,,,
414500,1392.1,0.002593,,,,,,,,
414600,1392.4,0.001576,,,,,,,,
414700,1392.7,0.001267,,,,,,,,
414800,1392.9,0.003746,,,,,,,,
414900,1393.2,0.005916,,,,,,,,
415000,1394.6,0.004192,0.003829,5.118927e+00,2.103436e-01,1.538666e-01,0.000000,5.118927e+00,1.984971e-01,1.441467e-01
415100,1394.8,0.002069,,,,,,,,
415200,1395.1,0.003333,,,,,,,,
415300,1395.4,0.003958,,,,,,,,
415400,1395.7,0.001422,,,,,,,,
415500,1396.0,0.007500,,,,,,,,
415600,1396.3,0.004904,,,,,,,,
415700,1396.6,0.001766,,,,,,,,
415800,1396.8,0.002122,,,,,,,,
415900,1397.1,0.004618,,,,,,,,
416000,1397.4,0.002060,,,,,,,,
416100,1397.7,0.001604,,,,,,,,
416200,1398.0,0.001728,,,,,,,,
416300,1398.3,0.001773,,,,,,,,
416400,1398.6,0.001820,,,,,,,,
416500,1398.8,0.001526,,,,,,,,
416600,1399.1,0.004462,,,,,,,,
416700,1399.4,0.004222,,,,,,,,
416800,1399.7,0.001621,,,,,,,,
416900,1400.0,0.002026,,,,,,,,
417000,1400.3,0.001723,,,,,,,,
417100,1400.6,0.003053,,,,,,,,
417200,1400.9,0.003503,,,,,,,,
417300,1401.1,0.003974,,,,,,,,
417400,1401.4,0.001802,,,,,,,,
417500,1401.7,0.002397,,,,,,,,
417600,1402.0,0.002156,,,,,,,,
417700,1402.3,0.004521,,,,,,,,
417800,1402.6,0.001717,,,,,,,,
417900,1402.9,0.001826,,,,,,,,
418000,1403.1,0.002139,,,,,,,,
418100,1403.4,0.001604,,,,,,,,
418200,1403.7,0.001480,,,,,,,,
418300,1404.0,0.004480,,,,,,,,
418400,1404.3,0.001467,,,,,,,,
418500,1404.6,0.003915,,,,,,,,
418600,1404.9,0.002666,,,,,,,,
418700,1405.2,0.001444,,,,,,,,
418800,1405.5,0.001373,,,,,,,,
418900,1405.7,0.006374,,,,,,,,
419000,1406.0,0.002672,,,,,,,,
419100,1406.3,0.001185,,,,,,,,
419200,1406.6,0.003398,,,,,,,,
419300,1406.9,0.001710,,,,,,,,
419400,1407.2,0.003298,,,,,,,,
419500,1407.5,0.001582,,,,,,,,
419600,1407.8,0.001685,,,,,,,,
419700,1408.1,0.001645,,,,,,,,
419800,1408.4,0.005082,,,,,,,,
419900,1408.7,0.003524,,,,,,,,
420000,1410.0,0.001519,0.002672,4.412149e+00,2.098751e-01,1.612162e-01,0.000000,4.412149e+00,1.960380e-01,1.503107e-01
420100,1410.3,0.001655,,,,,,,,
420200,1410.6,0.004763,,,,,,,,
420300,1410.8,0.001656,,,,,,,,
420400,1411.1,0.001599,,,,,,,,
420500,1411.4,0.002390,,,,,,,,
420600,1411.7,0.002529,,,,,,,,
420700,1412.0,0.003582,,,,,,,,
420800,1412.3,0.001473,,,,,,,,
420900,1412.6,0.001750,,,,,,,,
421000,1412.9,0.001542,,,,,,,,
421100,1413.2,0.007411,,,,,,,,
421200,1413.5,0.003724,,,,,,,,
421300,1413.8,0.004301,,,,,,,,
421400,1414.1,0.004675,,,,,,,,
421500,1414.3,0.001875,,,,,,,,
421600,1414.6,0.001586,,,,,,,,
421700,1414.9,0.001592,,,,,,,,
421800,1415.2,0.004004,,,,,,,,
421900,1415.5,0.002373,,,,,,,,
422000,1415.8,0.001901,,,,,,,,
422100,1416.1,0.005720,,,,,,,,
422200,1416.4,0.001815,,,,,,,,
422300,1416.7,0.002197,,,,,,,,
422400,1416.9,0.005128,,,,,,,,
422500,1417.2,0.001576,,,,,,,,
422600,1417.5,0.004093,,,,,,,,
422700,1417.8,0.002131,,,,,,,,
422800,1418.1,0.001778,,,,,,,,
422900,1418.4,0.001725,,,,,,,,
423000,1418.7,0.002846,,,,,,,,
423100,1419.0,0.004136,,,,,,,,
423200,1419.3,0.003245,,,,,,,,
423300,1419.6,0.003089,,,,,,,,
423400,1419.9,0.001558,,,,,,,,
423500,1420.2,0.001468,,,,,,,,
423600,1420.5,0.002888,,,,,,,,
423700,1420.8,0.002575,,,,,,,,
423800,1421.1,0.004280,,,,,,,,
423900,1421.4,0.001728,,,,,,,,
424000,1421.7,0.001625,,,,,,,,
424100,1421.9,0.001892,,,,,,,,
424200,1422.2,0.001612,,,,,,,,
424300,1422.5,0.001661,,,,,,,,
424400,1422.8,0.002016,,,,,,,,
424500,1423.1,0.003238,,,,,,,,
424600,1423.4,0.001858,,,,,,,,
424700,1423.7,0.002125,,,,,,,,
424800,1423.9,0.004734,,,,,,,,
424900,1424.2,0.005163,,,,,,,,
425000,1425.6,0.004676,0.003632,4.698137e+00,2.149533e-01,1.562364e-01,0.000000,4.698137e+00,2.018853e-01,1.458917e-01
425100,1425.8,0.001649,,,,,,,,
425200,1426.1,0.002090,,,,,,,,
425300,1426.4,0.004256,,,,,,,,
425400,1426.7,0.003001,,,,,,,,
425500,1427.0,0.001898,,,,,,,,
425600,1427.3,0.001784,,,,,,,,
425700,1427.6,0.001932,,,,,,,,
425800,1427.8,0.003187,,,,,,,,
425900,1428.1,0.003400,,,,,,,,
426000,1428.4,0.001708,,,,,,,,
426100,1428.7,0.001709,,,,,,,,
426200,1429.0,0.001559,,,,,,,,
426300,1429.3,0.001501,,,,,,,,
426400,1429.6,0.001621,,,,,,,,
426500,1429.9,0.001655,,,,,,,,
426600,1430.1,0.001408,,,,,,,,
426700,1430.4,0.004794,,,,,,,,
426800,1430.7,0.006263,,,,,,,,
426900,1431.0,0.002230,,,,,,,,
427000,1431.3,0.004066,,,,,,,,
427100,1431.6,0.002554,,,,,,,,
427200,1431.9,0.003325,,,,,,,,
427300,1432.1,0.005774,,,,,,,,
427400,1432.4,0.001558,,,,,,,,
427500,1432.7,0.003457,,,,,,,,
427600,1433.0,0.004374,,,,,,,,
427700,1433.3,0.004110,,,,,,,,
427800,1433.6,0.001588,,,,,,,,
427900,1433.9,0.001467,,,,,,,,
428000,1434.2,0.001383,,,,,,,,
428100,1434.4,0.004390,,,,,,,,
428200,1434.7,0.002263,,,,,,,,
428300,1435.0,0.006058,,,,,,,,
428400,1435.3,0.006141,,,,,,,,
428500,1435.6,0.001500,,,,,,,,
428600,1435.9,0.007604,,,,,,,,
428700,1436.2,0.002853,,,,,,,,
428800,1436.4,0.001474,,,,,,,,
428900,1436.7,0.005270,,,,,,,,
429000,1437.0,0.004838,,,,,,,,
429100,1437.3,0.002162,,,,,,,,
429200,1437.6,0.001524,,,,,,,,
429300,1437.9,0.001443,,,,,,,,
429400,1438.2,0.005015,,,,,,,,
429500,1438.5,0.001578,,,,,,,,
429600,1438.8,0.001445,,,,,,,,
429700,1439.0,0.001489,,,,,,,,
429800,1439.3,0.002376,,,,,,,,
429900,1439.6,0.001694,,,,,,,,
430000,1441.0,0.002694,0.004330,5.844665e+00,2.301953e-01,1.659902e-01,0.000000,5.800258e+00,2.192319e-01,1.572596e-01
430100,1441.3,0.003852,,,,,,,,
430200,1441.5,0.002466,,,,,,,,
430300,1441.8,0.001769,,,,,,,,
430400,1442.1,0.001462,,,,,,,,
430500,1442.4,0.001941,,,,,,,,
430600,1442.7,0.001436,,,,,,,,
430700,1443.0,0.004887,,,,,,,,
430800,1443.3,0.002522,,,,,,,,
430900,1443.6,0.004329,,,,,,,,
431000,1443.8,0.002468,,,,,,,,
431100,1444.1,0.001785,,,,,,,,
431200,1444.4,0.001748,,,,,,,,
431300,1444.7,0.007035,,,,,,,,
431400,1445.0,0.001416,,,,,,,,
431500,1445.3,0.002510,,,,,,,,
431600,1445.6,0.004659,,,,,,,,
431700,1445.9,0.012127,,,,,,,,
431800,1446.2,0.001439,,,,,,,,
431900,1446.5,0.002557,,,,,,,,
432000,1446.8,0.001645,,,,,,,,
432100,1447.1,0.002207,,,,,,,,
432200,1447.4,0.003183,,,,,,,,
432300,1447.7,0.001383,,,,,,,,
432400,1448.0,0.005242,,,,,,,,
432500,1448.3,0.001312,,,,,,,,
432600,1448.6,0.005103,,,,,,,,
432700,1448.9,0.001605,,,,,,,,
432800,1449.2,0.004376,,,,,,,,
432900,1449.4,0.001361,,,,,,,,
433000,1449.7,0.001789,,,,,,,,
433100,1450.0,0.001527,,,,,,,,
433200,1450.3,0.002142,,,,,,,,
433300,1450.6,0.003747,,,,,,,,
433400,1450.9,0.004467,,,,,,,,
433500,1451.2,0.002554,,,,,,,,
433600,1451.5,0.002506,,,,,,,,
433700,1451.8,0.005276,,,,,,,,
433800,1452.1,0.002133,,,,,,,,
433900,1452.4,0.003845,,,,,,,,
434000,1452.7,0.001178,,,,,,,,
434100,1453.0,0.001882,,,,,,,,
434200,1453.3,0.001650,,,,,,,,
434300,1453.5,0.001420,,,,,,,,
434400,1453.8,0.001799,,,,,,,,
434500,1454.0,0.003986,,,,,,,,
434600,1454.3,0.003484,,,,,,,,
434700,1454.6,0.008869,,,,,,,,
434800,1454.9,0.004815,,,,,,,,
434900,1455.2,0.005249,,,,,,,,
435000,1456.5,0.001536,0.002714,4.583516e+00,2.054530e-01,1.504173e-01,0.000000,4.583516e+00,1.934647e-01,1.417174e-01
435100,1456.8,0.001445,,,,,,,,
435200,1457.1,0.001519,,,,,,,,
435300,1457.4,0.001773,,,,,,,,
435400,1457.8,0.001622,,,,,,,,
435500,1458.2,0.004493,,,,,,,,
435600,1458.7,0.005013,,,,,,,,
435700,1459.1,0.006250,,,,,,,,
435800,1459.5,0.006992,,,,,,,,
435900,1459.8,0.001612,,,,,,,,
436000,1460.1,0.002069,,,,,,,,
436100,1460.4,0.001462,,,,,,,,
436200,1460.7,0.001757,,,,,,,,
436300,1461.0,0.001696,,,,,,,,
436400,1461.4,0.001729,,,,,,,,
436500,1461.7,0.003188,,,,,,,,
436600,1462.0,0.001374,,,,,,,,
436700,1462.3,0.002171,,,,,,,,
436800,1462.6,0.001707,,,,,,,,
436900,1462.9,0.002058,,,,,,,,
437000,1463.3,0.002273,,,,,,,,
437100,1463.7,0.001641,,,,,,,,
437200,1464.1,0.001590,,,,,,,,
437300,1464.6,0.001754,,,,,,,,
437400,1464.9,0.004633,,,,,,,,
437500,1465.4,0.002084,,,,,,,,
437600,1465.8,0.002582,,,,,,,,
437700,1466.2,0.003990,,,,,,,,
437800,1466.7,0.002010,,,,,,,,
437900,1467.1,0.001623,,,,,,,,
438000,1467.5,0.001673,,,,,,,,
438100,1467.9,0.003441,,,,,,,,
438200,1468.2,0.001956,,,,,,,,
438300,1468.6,0.002907,,,,,,,,
438400,1469.0,0.001703,,,,,,,,
438500,1469.4,0.005445,,,,,,,,
438600,1469.8,0.001423,,,,,,,,
438700,1470.3,0.001906,,,,,,,,
438800,1470.7,0.001413,,,,,,,,
438900,1471.1,0.001585,,,,,,,,
439000,1471.5,0.002408,,,,,,,,
439100,1472.0,0.001722,,,,,,,,
439200,1472.3,0.004878,,,,,,,,
439300,1472.7,0.001842,,,,,,,,
439400,1473.0,0.001788,,,,,,,,
439500,1473.4,0.003877,,,,,,,,
439600,1473.8,0.001454,,,,,,,,
439700,1474.3,0.001379,,,,,,,,
439800,1474.7,0.002594,,,,,,,,
439900,1475.1,0.001519,,,,,,,,
440000,1476.7,0.001470,0.003711,5.430308e+00,2.159312e-01,1.597711e-01,0.000000,5.430308e+00,2.054417e-01,1.519942e-01
440100,1476.9,0.001791,,,,,,,,
440200,1477.2,0.003123,,,,,,,,
440300,1477.5,0.001421,,,,,,,,
440400,1477.9,0.004180,,,,,,,,
440500,1478.3,0.001848,,,,,,,,
440600,1478.7,0.001525,,,,,,,,
440700,1479.1,0.006047,,,,,,,,
440800,1479.5,0.001680,,,,,,,,
440900,1479.9,0.002211,,,,,,,,
441000,1480.3,0.001624,,,,,,,,
441100,1480.7,0.004870,,,,,,,,
441200,1481.1,0.004255,,,,,,,,
441300,1481.5,0.002021,,,,,,,,
441400,1482.0,0.003401,,,,,,,,
441500,1482.4,0.003738,,,,,,,,
441600,1482.8,0.004465,,,,,,,,
441700,1483.3,0.001544,,,,,,,,
441800,1483.7,0.001970,,,,,,,,
441900,1484.0,0.005816,,,,,,,,
442000,1484.5,0.001466,,,,,,,,
442100,1484.9,0.001374,,,,,,,,
442200,1485.3,0.002009,,,,,,,,
442300,1485.6,0.004499,,,,,,,,
442400,1486.0,0.001656,,,,,,,,
442500,1486.4,0.001631,,,,,,,,
442600,1486.8,0.002192,,,,,,,,
442700,1487.3,0.001628,,,,,,,,
442800,1487.7,0.001642,,,,,,,,
442900,1488.1,0.005729,,,,,,,,
443000,1488.5,0.001817,,,,,,,,
443100,1488.9,0.002128,,,,,,,,
443200,1489.3,0.001723,,,,,,,,
443300,1489.7,0.005330,,,,,,,,
443400,1490.0,0.002166,,,,,,,,
443500,1490.5,0.001361,,,,,,,,
443600,1490.9,0.001994,,,,,,,,
443700,1491.3,0.002726,,,,,,,,
443800,1491.7,0.001619,,,,,,,,
443900,1492.1,0.001782,,,,,,,,
444000,1492.6,0.001738,,,,,,,,
444100,1493.0,0.003797,,,,,,,,
444200,1493.5,0.002150,,,,,,,,
444300,1493.9,0.003584,,,,,,,,
444400,1494.3,0.001670,,,,,,,,
444500,1494.7,0.001314,,,,,,,,
444600,1495.2,0.001853,,,,,,,,
444700,1495.6,0.001580,,,,,,,,
444800,1496.1,0.001977,,,,,,,,
444900,1496.5,0.002317,,,,,,,,
445000,1498.1,0.006725,0.002729,3.857834e+00,2.120148e-01,1.577060e-01,0.000000,3.857834e+00,2.001884e-01,1.471512e-01
445100,1498.4,0.002726,,,,,,,,
445200,1498.6,0.004426,,,,,,,,
445300,1499.0,0.002324,,,,,,,,
445400,1499.4,0.005167,,,,,,,,
445500,1499.8,0.001879,,,,,,,,
445600,1500.2,0.001472,,,,,,,,
445700,1500.7,0.001535,,,,,,,,
445800,1501.1,0.001619,,,,,,,,
445900,1501.5,0.001815,,,,,,,,
446000,1501.9,0.001549,,,,,,,,
446100,1502.3,0.001757,,,,,,,,
446200,1502.7,0.001790,,,,,,,,
446300,1503.2,0.001645,,,,,,,,
446400,1503.6,0.003628,,,,,,,,
446500,1504.0,0.005352,,,,,,,,
446600,1504.5,0.001741,,,,,,,,
446700,1504.9,0.001470,,,,,,,,
446800,1505.4,0.006970,,,,,,,,
446900,1505.8,0.003830,,,,,,,,
447000,1506.3,0.005118,,,,,,,,
447100,1506.7,0.007260,,,,,,,,
447200,1507.2,0.003877,,,,,,,,
447300,1507.6,0.001874,,,,,,,,
447400,1508.1,0.001628,,,,,,,,
447500,1508.5,0.001559,,,,,,,,
447600,1509.0,0.001653,,,,,,,,
447700,1509.4,0.001440,,,,,,,,
447800,1509.8,0.001871,,,,,,,,
447900,1510.3,0.002954,,,,,,,,
448000,1510.7,0.003511,,,,,,,,
448100,1511.2,0.002278,,,,,,,,
448200,1511.6,0.001852,,,,,,,,
448300,1512.0,0.001674,,,,,,,,
448400,1512.5,0.001677,,,,,,,,
448500,1512.9,0.002772,,,,,,,,
448600,1513.3,0.001521,,,,,,,,
448700,1513.7,0.001657,,,,,,,,
448800,1514.2,0.003559,,,,,,,,
448900,1514.6,0.002127,,,,,,,,
449000,1515.0,0.003647,,,,,,,,
449100,1515.4,0.001572,,,,,,,,
449200,1515.9,0.001734,,,,,,,,
449300,1516.3,0.002121,,,,,,,,
449400,1516.7,0.001601,,,,,,,,
449500,1517.2,0.001458,,,,,,,,
449600,1517.6,0.004433,,,,,,,,
449700,1518.1,0.002412,,,,,,,,
449800,1518.6,0.001515,,,,,,,,
449900,1519.0,0.001495,,,,,,,,
450000,1520.6,0.001519,0.002987,4.204936e+00,2.165673e-01,1.590804e-01,0.000000,4.204936e+00,2.035604e-01,1.480243e-01
450100,1520.9,0.001607,,,,,,,,
450200,1521.1,0.001614,,,,,,,,
450300,1521.5,0.001555,,,,,,,,
450400,1521.9,0.001307,,,,,,,,
450500,1522.4,0.004955,,,,,,,,
450600,1522.8,0.004728,,,,,,,,
450700,1523.2,0.006249,,,,,,,,
450800,1523.7,0.001801,,,,,,,,
450900,1524.1,0.001716,,,,,,,,
451000,1524.6,0.001612,,,,,,,,
451100,1525.0,0.001671,,,,,,,,
451200,1525.4,0.002076,,,,,,,,
451300,1525.9,0.001455,,,,,,,,
451400,1526.3,0.001618,,,,,,,,
451500,1526.7,0.001692,,,,,,,,
451600,1527.1,0.002843,,,,,,,,
451700,1527.5,0.001663,,,,,,,,
451800,1527.9,0.002023,,,,,,,,
451900,1528.4,0.001624,,,,,,,,
452000,1528.9,0.001489,,,,,,,,
452100,1529.3,0.001450,,,,,,,,
452200,1529.7,0.003288,,,,,,,,
452300,1530.1,0.005101,,,,,,,,
452400,1530.6,0.001751,,,,,,,,
452500,1531.0,0.001337,,,,,,,,
452600,1531.5,0.001689,,,,,,,,
452700,1531.9,0.001520,,,,,,,,
452800,1532.3,0.001743,,,,,,,,
452900,1532.7,0.001877,,,,,,,,
453000,1533.0,0.001945,,,,,,,,
453100,1533.3,0.001625,,,,,,,,
453200,1533.5,0.001813,,,,,,,,
453300,1533.8,0.003440,,,,,,,,
453400,1534.1,0.001429,,,,,,,,
453500,1534.4,0.001638,,,,,,,,
453600,1534.7,0.005032,,,,,,,,
453700,1535.0,0.001941,,,,,,,,
453800,1535.3,0.002025,,,,,,,,
453900,1535.5,0.001716,,,,,,,,
454000,1535.8,0.001580,,,,,,,,
454100,1536.1,0.001925,,,,,,,,
454200,1536.4,0.005182,,,,,,,,
454300,1536.8,0.001410,,,,,,,,
454400,1537.3,0.002145,,,,,,,,
454500,1537.7,0.004771,,,,,,,,
454600,1538.1,0.001516,,,,,,,,
454700,1538.5,0.001437,,,,,,,,
454800,1538.9,0.003775,,,,,,,,
454900,1539.4,0.001824,,,,,,,,
455000,1540.9,0.002742,0.003404,5.018000e+00,2.117268e-01,1.519792e-01,0.000000,5.018000e+00,2.001642e-01,1.425990e-01
455100,1541.2,0.001741,,,,,,,,
455200,1541.4,0.001946,,,,,,,,
455300,1541.7,0.001464,,,,,,,,
455400,1542.1,0.004417,,,,,,,,
455500,1542.5,0.003222,,,,,,,,
455600,1542.9,0.003934,,,,,,,,
455700,1543.3,0.001796,,,,,,,,
455800,1543.8,0.001607,,,,,,,,
455900,1544.2,0.002002,,,,,,,,
456000,1544.6,0.001288,,,,,,,,
456100,1545.0,0.002059,,,,,,,,
456200,1545.5,0.007559,,,,,,,,
456300,1545.9,0.006733,,,,,,,,
456400,1546.4,0.005080,,,,,,,,
456500,1546.8,0.005122,,,,,,,,
456600,1547.2,0.002625,,,,,,,,
456700,1547.7,0.001526,,,,,,,,
456800,1548.1,0.002657,,,,,,,,
456900,1548.5,0.001808,,,,,,,,
457000,1549.0,0.001691,,,,,,,,
457100,1549.4,0.001694,,,,,,,,
457200,1549.9,0.005098,,,,,,,,
457300,1550.3,0.004540,,,,,,,,
457400,1550.7,0.002570,,,,,,,,
457500,1551.1,0.005215,,,,,,,,
457600,1551.5,0.001686,,,,,,,,
457700,1552.0,0.004095,,,,,,,,
457800,1552.4,0.001972,,,,,,,,
457900,1552.8,0.004410,,,,,,,,
458000,1553.2,0.001488,,,,,,,,
458100,1553.6,0.001719,,,,,,,,
458200,1554.0,0.001575,,,,,,,,
458300,1554.5,0.001536,,,,,,,,
458400,1554.9,0.005407,,,,,,,,
458500,1555.3,0.001659,,,,,,,,
458600,1555.8,0.001607,,,,,,,,
458700,1556.2,0.001347,,,,,,,,
458800,1556.6,0.002265,,,,,,,,
458900,1557.0,0.001613,,,,,,,,
459000,1557.4,0.001430,,,,,,,,
459100,1557.8,0.002647,,,,,,,,
459200,1558.3,0.003122,,,,,,,,
459300,1558.7,0.002391,,,,,,,,
459400,1559.1,0.001709,,,,,,,,
459500,1559.5,0.001617,,,,,,,,
459600,1559.9,0.001482,,,,,,,,
459700,1560.3,0.004330,,,,,,,,
459800,1560.8,0.002290,,,,,,,,
459900,1561.1,0.005400,,,,,,,,
460000,1562.6,0.005976,0.003305,4.927924e+00,2.120809e-01,1.546260e-01,0.000000,4.927924e+00,2.002199e-01,1.458221e-01
460100,1562.8,0.002658,,,,,,,,
460200,1563.1,0.004815,,,,,,,,
460300,1563.4,0.001991,,,,,,,,
460400,1563.7,0.001526,,,,,,,,
460500,1564.0,0.003673,,,,,,,,
460600,1564.3,0.002030,,,,,,,,
460700,1564.5,0.001660,,,,,,,,
460800,1564.8,0.002131,,,,,,,,
460900,1565.1,0.001893,,,,,,,,
461000,1565.3,0.001488,,,,,,,,
461100,1565.6,0.001740,,,,,,,,
461200,1565.9,0.001711,,,,,,,,
461300,1566.2,0.002046,,,,,,,,
461400,1566.5,0.001453,,,,,,,,
461500,1567.0,0.009507,,,,,,,,
461600,1567.4,0.003708,,,,,,,,
461700,1567.8,0.006131,,,,,,,,
461800,1568.2,0.005905,,,,,,,,
461900,1568.7,0.003975,,,,,,,,
462000,1569.1,0.001540,,,,,,,,
462100,1569.5,0.002019,,,,,,,,
462200,1569.9,0.001461,,,,,,,,
462300,1570.2,0.002206,,,,,,,,
462400,1570.5,0.001641,,,,,,,,
462500,1570.8,0.002388,,,,,,,,
462600,1571.0,0.005632,,,,,,,,
462700,1571.4,0.001686,,,,,,,,
462800,1571.7,0.002339,,,,,,,,
462900,1571.9,0.001741,,,,,,,,
463000,1572.2,0.001334,,,,,,,,
463100,1572.6,0.001795,,,,,,,,
463200,1572.9,0.002220,,,,,,,,
463300,1573.3,0.004419,,,,,,,,
463400,1573.7,0.001791,,,,,,,,
463500,1574.2,0.001436,,,,,,,,
463600,1574.6,0.001684,,,,,,,,
463700,1574.9,0.001641,,,,,,,,
463800,1575.3,0.004039,,,,,,,,
463900,1575.6,0.001286,,,,,,,,
464000,1575.8,0.002589,,,,,,,,
464100,1576.1,0.002814,,,,,,,,
464200,1576.5,0.001641,,,,,,,,
464300,1576.9,0.004140,,,,,,,,
464400,1577.3,0.002549,,,,,,,,
464500,1577.7,0.001352,,,,,,,,
464600,1578.0,0.002147,,,,,,,,
464700,1578.4,0.002580,,,,,,,,
464800,1578.9,0.002333,,,,,,,,
464900,1579.2,0.003637,,,,,,,,
465000,1580.8,0.001632,0.003280,3.987282e+00,2.153057e-01,1.530609e-01,0.000000,3.987282e+00,2.020299e-01,1.426832e-01
465100,1581.1,0.002520,,,,,,,,
465200,1581.3,0.001378,,,,,,,,
465300,1581.6,0.001714,,,,,,,,
465400,1581.9,0.001818,,,,,,,,
465500,1582.2,0.002772,,,,,,,,
465600,1582.5,0.001292,,,,,,,,
465700,1582.9,0.001753,,,,,,,,
465800,1583.3,0.002897,,,,,,,,
465900,1583.7,0.001692,,,,,,,,
466000,1584.1,0.001410,,,,,,,,
466100,1584.5,0.001833,,,,,,,,
466200,1584.8,0.002315,,,,,,,,
466300,1585.3,0.001552,,,,,,,,
466400,1585.5,0.006657,,,,,,,,
466500,1585.7,0.004698,,,,,,,,
466600,1586.0,0.002133,,,,,,,,
466700,1586.3,0.001624,,,,,,,,
466800,1586.6,0.001839,,,,,,,,
466900,1587.0,0.003990,,,,,,,,
467000,1587.3,0.001610,,,,,,,,
467100,1587.7,0.001589,,,,,,,,
467200,1588.0,0.001647,,,,,,,,
467300,1588.4,0.002582,,,,,,,,
467400,1588.8,0.002241,,,,,,,,
467500,1589.1,0.004038,,,,,,,,
467600,1589.4,0.006026,,,,,,,,
467700,1589.7,0.002681,,,,,,,,
467800,1590.1,0.006121,,,,,,,,
467900,1590.5,0.002031,,,,,,,,
468000,1590.8,0.001542,,,,,,,,
468100,1591.0,0.001815,,,,,,,,
468200,1591.4,0.001513,,,,,,,,
468300,1591.7,0.001873,,,,,,,,
468400,1592.1,0.001401,,,,,,,,
468500,1592.4,0.005568,,,,,,,,
468600,1592.7,0.003343,,,,,,,,
468700,1593.1,0.001868,,,,,,,,
468800,1593.5,0.001244,,,,,,,,
468900,1594.0,0.005344,,,,,,,,
469000,1594.3,0.003532,,,,,,,,
469100,1594.7,0.003508,,,,,,,,
469200,1595.0,0.002534,,,,,,,,
469300,1595.3,0.003900,,,,,,,,
469400,1595.7,0.001827,,,,,,,,
469500,1596.0,0.002179,,,,,,,,
469600,1596.4,0.001519,,,,,,,,
469700,1596.8,0.001663,,,,,,,,
469800,1597.1,0.001270,,,,,,,,
469900,1597.4,0.004812,,,,,,,,
470000,1598.9,0.001615,0.005794,5.888856e+00,2.329607e-01,1.584604e-01,0.000000,5.888856e+00,2.204191e-01,1.487258e-01
470100,1599.1,0.002248,,,,,,,,
470200,1599.4,0.001633,,,,,,,,
470300,1599.7,0.004416,,,,,,,,
470400,1600.1,0.001981,,,,,,,,
470500,1600.4,0.001496,,,,,,,,
470600,1600.7,0.002857,,,,,,,,
470700,1601.0,0.004273,,,,,,,,
470800,1601.3,0.005470,,,,,,,,
470900,1601.7,0.001737,,,,,,,,
471000,1602.0,0.001569,,,,,,,,
471100,1602.5,0.001501,,,,,,,,
471200,1602.9,0.001662,,,,,,,,
471300,1603.3,0.001677,,,,,,,,
471400,1603.7,0.001739,,,,,,,,
471500,1604.1,0.001414,,,,,,,,
471600,1604.3,0.003393,,,,,,,,
471700,1604.6,0.001831,,,,,,,,
471800,1604.9,0.001564,,,,,,,,
471900,1605.3,0.001640,,,,,,,,
472000,1605.6,0.002614,,,,,,,,
472100,1606.0,0.002949,,,,,,,,
472200,1606.4,0.001746,,,,,,,,
472300,1606.7,0.002823,,,,,,,,
472400,1607.1,0.004839,,,,,,,,
472500,1607.4,0.001369,,,,,,,,
472600,1607.8,0.001720,,,,,,,,
472700,1608.2,0.002892,,,,,,,,
472800,1608.6,0.002130,,,,,,,,
472900,1608.8,0.001550,,,,,,,,
473000,1609.2,0.002068,,,,,,,,
473100,1609.5,0.001510,,,,,,,,
473200,1609.9,0.003664,,,,,,,,
473300,1610.2,0.001223,,,,,,,,
473400,1610.6,0.001536,,,,,,,,
473500,1610.9,0.001565,,,,,,,,
473600,1611.3,0.001515,,,,,,,,
473700,1611.7,0.002537,,,,,,,,
473800,1612.1,0.001531,,,,,,,,
473900,1612.3,0.001753,,,,,,,,
474000,1612.6,0.004059,,,,,,,,
474100,1613.0,0.001672,,,,,,,,
474200,1613.4,0.001756,,,,,,,,
474300,1613.9,0.001446,,,,,,,,
474400,1614.3,0.001993,,,,,,,,
474500,1614.8,0.002132,,,,,,,,
474600,1615.2,0.001478,,,,,,,,
474700,1615.7,0.001622,,,,,,,,
474800,1616.2,0.001940,,,,,,,,
474900,1616.6,0.002048,,,,,,,,
475000,1618.2,0.001395,0.001642,2.531311e+00,1.933581e-01,1.514193e-01,0.000000,2.531311e+00,1.803500e-01,1.416661e-01
475100,1618.4,0.001400,,,,,,,,
475200,1618.7,0.008078,,,,,,,,
475300,1619.0,0.001624,,,,,,,,
475400,1619.4,0.001497,,,,,,,,
475500,1619.7,0.005061,,,,,,,,
475600,1620.1,0.001619,,,,,,,,
475700,1620.4,0.001792,,,,,,,,
475800,1620.7,0.002728,,,,,,,,
475900,1621.0,0.003007,,,,,,,,
476000,1621.4,0.001865,,,,,,,,
476100,1621.6,0.001603,,,,,,,,
476200,1621.9,0.001505,,,,,,,,
476300,1622.2,0.001416,,,,,,,,
476400,1622.5,0.002946,,,,,,,,
476500,1622.8,0.001284,,,,,,,,
476600,1623.1,0.003077,,,,,,,,
476700,1623.5,0.002371,,,,,,,,
476800,1623.9,0.005168,,,,,,,,
476900,1624.3,0.005538,,,,,,,,
477000,1624.6,0.002030,,,,,,,,
477100,1625.0,0.001922,,,,,,,,
477200,1625.5,0.001717,,,,,,,,
477300,1625.9,0.005372,,,,,,,,
477400,1626.2,0.002465,,,,,,,,
477500,1626.5,0.004250,,,,,,,,
477600,1626.9,0.001856,,,,,,,,
477700,1627.3,0.001463,,,,,,,,
477800,1627.8,0.006846,,,,,,,,
477900,1628.2,0.001381,,,,,,,,
478000,1628.7,0.001466,,,,,,,,
478100,1629.1,0.001832,,,,,,,,
478200,1629.5,0.001898,,,,,,,,
478300,1629.8,0.001527,,,,,,,,
478400,1630.1,0.001757,,,,,,,,
478500,1630.4,0.002430,,,,,,,,
478600,1630.7,0.003319,,,,,,,,
478700,1631.2,0.003046,,,,,,,,
478800,1631.6,0.002640,,,,,,,,
478900,1632.0,0.001593,,,,,,,,
479000,1632.3,0.004399,,,,,,,,
479100,1632.5,0.003793,,,,,,,,
479200,1632.8,0.002405,,,,,,,,
479300,1633.2,0.001608,,,,,,,,
479400,1633.6,0.002892,,,,,,,,
479500,1634.0,0.003895,,,,,,,,
479600,1634.4,0.002698,,,,,,,,
479700,1634.8,0.002061,,,,,,,,
479800,1635.2,0.001568,,,,,,,,
479900,1635.5,0.002541,,,,,,,,
480000,1636.9,0.004586,0.002209,2.540214e+00,2.087017e-01,1.563848e-01,0.000000,2.540214e+00,1.924162e-01,1.441526e-01
480100,1637.2,0.004721,,,,,,,,
480200,1637.4,0.002320,,,,,,,,
480300,1637.7,0.001479,,,,,,,,
480400,1638.0,0.003221,,,,,,,,
480500,1638.3,0.001664,,,,,,,,
480600,1638.6,0.001474,,,,,,,,
480700,1639.0,0.001993,,,,,,,,
480800,1639.4,0.001535,,,,,,,,
480900,1639.8,0.004992,,,,,,,,
481000,1640.2,0.007890,,,,,,,,
481100,1640.6,0.008462,,,,,,,,
481200,1641.1,0.001388,,,,,,,,
481300,1641.4,0.001895,,,,,,,,
481400,1641.8,0.001964,,,,,,,,
481500,1642.2,0.002563,,,,,,,,
481600,1642.5,0.002556,,,,,,,,
481700,1642.7,0.005117,,,,,,,,
481800,1643.0,0.002485,,,,,,,,
481900,1643.3,0.001780,,,,,,,,
482000,1643.6,0.001782,,,,,,,,
482100,1643.9,0.001882,,,,,,,,
482200,1644.2,0.001848,,,,,,,,
482300,1644.5,0.001346,,,,,,,,
482400,1644.9,0.006862,,,,,,,,
482500,1645.1,0.001372,,,,,,,,
482600,1645.4,0.001848,,,,,,,,
482700,1645.7,0.001279,,,,,,,,
482800,1646.0,0.002258,,,,,,,,
482900,1646.3,0.003414,,,,,,,,
483000,1646.6,0.005065,,,,,,,,
483100,1646.8,0.007668,,,,,,,,
483200,1647.1,0.001398,,,,,,,,
483300,1647.4,0.001694,,,,,,,,
483400,1647.8,0.001714,,,,,,,,
483500,1648.2,0.001766,,,,,,,,
483600,1648.7,0.004942,,,,,,,,
483700,1649.1,0.002841,,,,,,,,
483800,1649.5,0.005184,,,,,,,,
483900,1649.9,0.001458,,,,,,,,
484000,1650.3,0.001325,,,,,,,,
484100,1650.6,0.003505,,,,,,,,
484200,1651.0,0.001535,,,,,,,,
484300,1651.4,0.002048,,,,,,,,
484400,1651.8,0.001940,,,,,,,,
484500,1652.2,0.003135,,,,,,,,
484600,1652.6,0.001465,,,,,,,,
484700,1652.9,0.004312,,,,,,,,
484800,1653.2,0.001884,,,,,,,,
484900,1653.5,0.001441,,,,,,,,
485000,1655.0,0.001707,0.003136,5.003198e+00,2.066550e-01,1.534014e-01,0.000000,5.003198e+00,1.934255e-01,1.435239e-01
485100,1655.2,0.006091,,,,,,,,
485200,1655.5,0.004049,,,,,,,,
485300,1655.8,0.001615,,,,,,,,
485400,1656.1,0.001804,,,,,,,,
485500,1656.4,0.001337,,,,,,,,
485600,1656.8,0.001807,,,,,,,,
485700,1657.0,0.006593,,,,,,,,
485800,1657.3,0.001542,,,,,,,,
485900,1657.6,0.002386,,,,,,,,
486000,1657.9,0.001477,,,,,,,,
486100,1658.3,0.003129,,,,,,,,
486200,1658.6,0.001572,,,,,,,,
486300,1659.0,0.002196,,,,,,,,
486400,1659.3,0.001694,,,,,,,,
486500,1659.6,0.003519,,,,,,,,
486600,1659.9,0.001401,,,,,,,,
486700,1660.1,0.004071,,,,,,,,
486800,1660.4,0.002566,,,,,,,,
486900,1660.6,0.001279,,,,,,,,
487000,1660.9,0.001350,,,,,,,,
487100,1661.2,0.001849,,,,,,,,
487200,1661.4,0.001596,,,,,,,,
487300,1661.7,0.001614,,,,,,,,
487400,1662.0,0.003556,,,,,,,,
487500,1662.3,0.002073,,,,,,,,
487600,1662.6,0.002508,,,,,,,,
487700,1662.9,0.001701,,,,,,,,
487800,1663.4,0.001639,,,,,,,,
487900,1663.8,0.004666,,,,,,,,
488000,1664.2,0.001488,,,,,,,,
488100,1664.6,0.001711,,,,,,,,
488200,1665.0,0.003753,,,,,,,,
488300,1665.5,0.001805,,,,,,,,
488400,1665.9,0.001721,,,,,,,,
488500,1666.3,0.001887,,,,,,,,
488600,1666.7,0.003951,,,,,,,,
488700,1667.1,0.001319,,,,,,,,
488800,1667.5,0.004400,,,,,,,,
488900,1668.0,0.006902,,,,,,,,
489000,1668.4,0.002018,,,,,,,,
489100,1668.8,0.001257,,,,,,,,
489200,1669.3,0.001620,,,,,,,,
489300,1669.7,0.003582,,,,,,,,
489400,1670.1,0.003973,,,,,,,,
489500,1670.5,0.001261,,,,,,,,
489600,1670.7,0.001791,,,,,,,,
489700,1671.0,0.005394,,,,,,,,
489800,1671.3,0.005143,,,,,,,,
489900,1671.6,0.001524,,,,,,,,
490000,1673.0,0.008330,0.002241,2.859315e+00,2.116314e-01,1.606835e-01,0.000000,2.859315e+00,1.989370e-01,1.499735e-01
490100,1673.2,0.002251,,,,,,,,
490200,1673.4,0.002518,,,,,,,,
490300,1673.7,0.001915,,,,,,,,
490400,1674.0,0.003090,,,,,,,,
490500,1674.3,0.004749,,,,,,,,
490600,1674.7,0.001552,,,,,,,,
490700,1675.2,0.005945,,,,,,,,
490800,1675.5,0.001336,,,,,,,,
490900,1676.0,0.001831,,,,,,,,
491000,1676.4,0.004897,,,,,,,,
491100,1676.6,0.002447,,,,,,,,
491200,1676.9,0.002091,,,,,,,,
491300,1677.2,0.001926,,,,,,,,
491400,1677.5,0.003319,,,,,,,,
491500,1677.8,0.004095,,,,,,,,
491600,1678.2,0.003238,,,,,,,,
491700,1678.7,0.004777,,,,,,,,
491800,1679.1,0.003727,,,,,,,,
491900,1679.5,0.002161,,,,,,,,
492000,1679.9,0.004160,,,,,,,,
492100,1680.2,0.001320,,,,,,,,
492200,1680.6,0.001720,,,,,,,,
492300,1681.1,0.005511,,,,,,,,
492400,1681.5,0.001593,,,,,,,,
492500,1681.9,0.001488,,,,,,,,
492600,1682.3,0.001523,,,,,,,,
492700,1682.7,0.005463,,,,,,,,
492800,1683.1,0.004600,,,,,,,,
492900,1683.5,0.001731,,,,,,,,
493000,1683.9,0.001602,,,,,,,,
493100,1684.3,0.001877,,,,,,,,
493200,1684.7,0.001656,,,,,,,,
493300,1685.1,0.004083,,,,,,,,
493400,1685.4,0.001764,,,,,,,,
493500,1685.8,0.002200,,,,,,,,
493600,1686.1,0.004185,,,,,,,,
493700,1686.5,0.004265,,,,,,,,
493800,1686.9,0.001740,,,,,,,,
493900,1687.3,0.001516,,,,,,,,
494000,1687.8,0.001829,,,,,,,,
494100,1688.2,0.001492,,,,,,,,
494200,1688.6,0.001484,,,,,,,,
494300,1689.0,0.003916,,,,,,,,
494400,1689.4,0.002865,,,,,,,,
494500,1689.9,0.001391,,,,,,,,
494600,1690.2,0.001654,,,,,,,,
494700,1690.5,0.002232,,,,,,,,
494800,1690.9,0.002077,,,,,,,,
494900,1691.2,0.002686,,,,,,,,
495000,1692.7,0.001401,0.002709,4.419706e+00,2.110294e-01,1.592960e-01,0.000000,4.389686e+00,1.964540e-01,1.481025e-01
495100,1693.0,0.001210,,,,,,,,
495200,1693.2,0.002357,,,,,,,,
495300,1693.6,0.002240,,,,,,,,
495400,1693.9,0.002494,,,,,,,,
495500,1694.4,0.002089,,,,,,,,
495600,1694.8,0.001935,,,,,,,,
495700,1695.3,0.001739,,,,,,,,
495800,1695.7,0.001785,,,,,,,,
495900,1696.0,0.005832,,,,,,,,
496000,1696.4,0.004679,,,,,,,,
496100,1696.8,0.001368,,,,,,,,
496200,1697.2,0.002048,,,,,,,,
496300,1697.7,0.002611,,,,,,,,
496400,1698.1,0.004468,,,,,,,,
496500,1698.5,0.006599,,,,,,,,
496600,1698.9,0.002013,,,,,,,,
496700,1699.4,0.001858,,,,,,,,
496800,1699.8,0.001653,,,,,,,,
496900,1700.2,0.006380,,,,,,,,
497000,1700.6,0.002953,,,,,,,,
497100,1701.1,0.006037,,,,,,,,
497200,1701.5,0.001462,,,,,,,,
497300,1701.9,0.001697,,,,,,,,
497400,1702.4,0.001297,,,,,,,,
497500,1702.8,0.001588,,,,,,,,
497600,1703.2,0.001451,,,,,,,,
497700,1703.6,0.001937,,,,,,,,
497800,1704.0,0.002390,,,,,,,,
497900,1704.4,0.001600,,,,,,,,
498000,1704.9,0.001370,,,,,,,,
498100,1705.2,0.002223,,,,,,,,
498200,1705.5,0.001430,,,,,,,,
498300,1705.8,0.001565,,,,,,,,
498400,1706.1,0.003922,,,,,,,,
498500,1706.3,0.004180,,,,,,,,
498600,1706.6,0.001609,,,,,,,,
498700,1706.9,0.001384,,,,,,,,
498800,1707.2,0.004193,,,,,,,,
498900,1707.5,0.001986,,,,,,,,
499000,1707.7,0.001359,,,,,,,,
499100,1708.0,0.005495,,,,,,,,
499200,1708.3,0.001716,,,,,,,,
499300,1708.6,0.003464,,,,,,,,
499400,1708.9,0.001543,,,,,,,,
499500,1709.3,0.001424,,,,,,,,
499600,1709.7,0.001807,,,,,,,,
499700,1710.1,0.001625,,,,,,,,
499800,1710.6,0.001709,,,,,,,,
499900,1711.0,0.001656,,,,,,,,
500000,1712.6,0.001501,0.004514,5.659264e+00,2.185622e-01,1.542000e-01,0.000000,5.659264e+00,2.056632e-01,1.446780e-01
500100,1712.9,0.004493,,,,,,,,
500200,1713.2,0.001888,,,,,,,,
500300,1713.5,0.002384,,,,,,,,
500400,1714.0,0.001668,,,,,,,,
500500,1714.4,0.001713,,,,,,,,
500600,1714.9,0.001555,,,,,,,,
500700,1715.3,0.001551,,,,,,,,
500800,1715.7,0.003180,,,,,,,,
500900,1716.1,0.001453,,,,,,,,
501000,1716.4,0.001648,,,,,,,,
501100,1716.7,0.002294,,,,,,,,
501200,1716.9,0.001526,,,,,,,,
501300,1717.2,0.001377,,,,,,,,
501400,1717.5,0.002219,,,,,,,,
501500,1717.8,0.006188,,,,,,,,
501600,1718.1,0.003366,,,,,,,,
501700,1718.4,0.001413,,,,,,,,
501800,1718.7,0.007751,,,,,,,,
501900,1719.0,0.001528,,,,,,,,
502000,1719.3,0.001561,,,,,,,,
502100,1719.6,0.002218,,,,,,,,
502200,1719.9,0.001521,,,,,,,,
502300,1720.2,0.005891,,,,,,,,
502400,1720.4,0.002674,,,,,,,,
502500,1720.7,0.002685,,,,,,,,
502600,1721.0,0.002187,,,,,,,,
502700,1721.3,0.004856,,,,,,,,
502800,1721.6,0.004290,,,,,,,,
502900,1721.9,0.001835,,,,,,,,
503000,1722.2,0.001347,,,,,,,,
503100,1722.5,0.001287,,,,,,,,
503200,1722.8,0.001465,,,,,,,,
503300,1723.1,0.007868,,,,,,,,
503400,1723.3,0.002392,,,,,,,,
503500,1723.6,0.005127,,,,,,,,
503600,1723.9,0.001533,,,,,,,,
503700,1724.2,0.001538,,,,,,,,
503800,1724.5,0.004581,,,,,,,,
503900,1724.7,0.004725,,,,,,,,
504000,1725.0,0.002670,,,,,,,,
504100,1725.3,0.003295,,,,,,,,
504200,1725.6,0.001943,,,,,,,,
504300,1725.9,0.002078,,,,,,,,
504400,1726.2,0.001646,,,,,,,,
504500,1726.5,0.002229,,,,,,,,
504600,1726.8,0.001974,,,,,,,,
504700,1727.0,0.002400,,,,,,,,
504800,1727.2,0.001401,,,,,,,,
504900,1727.4,0.005058,,,,,,,,
505000,1728.8,0.001608,0.002211,3.743198e+00,1.997345e-01,1.539248e-01,0.000000,3.743198e+00,1.883098e-01,1.451084e-01
505100,1729.0,0.001565,,,,,,,,
505200,1729.2,0.001749,,,,,,,,
505300,1729.5,0.001349,,,,,,,,
505400,1729.7,0.001576,,,,,,,,
505500,1729.9,0.004358,,,,,,,,
505600,1730.1,0.001792,,,,,,,,
505700,1730.4,0.004101,,,,,,,,
505800,1730.6,0.002397,,,,,,,,
505900,1730.8,0.002007,,,,,,,,
506000,1731.0,0.001451,,,,,,,,
506100,1731.2,0.002198,,,,,,,,
506200,1731.5,0.001296,,,,,,,,
506300,1731.7,0.002606,,,,,,,,
506400,1731.9,0.001749,,,,,,,,
506500,1732.1,0.001782,,,,,,,,
506600,1732.3,0.001454,,,,,,,,
506700,1732.5,0.001740,,,,,,,,
506800,1732.8,0.001776,,,,,,,,
506900,1733.0,0.001362,,,,,,,,
507000,1733.3,0.001774,,,,,,,,
507100,1733.6,0.001689,,,,,,,,
507200,1734.0,0.004607,,,,,,,,
507300,1734.4,0.001556,,,,,,,,
507400,1734.8,0.003149,,,,,,,,
507500,1735.2,0.005048,,,,,,,,
507600,1735.6,0.002845,,,,,,,,
507700,1736.1,0.001453,,,,,,,,
507800,1736.5,0.001196,,,,,,,,
507900,1736.9,0.002029,,,,,,,,
508000,1737.4,0.001726,,,,,,,,
508100,1737.8,0.003800,,,,,,,,
508200,1738.3,0.001542,,,,,,,,
508300,1738.7,0.003139,,,,,,,,
508400,1739.1,0.004860,,,,,,,,
508500,1739.6,0.001623,,,,,,,,
508600,1740.1,0.001444,,,,,,,,
508700,1740.5,0.001558,,,,,,,,
508800,1741.0,0.001205,,,,,,,,
508900,1741.4,0.004324,,,,,,,,
509000,1741.9,0.001559,,,,,,,,
509100,1742.2,0.001885,,,,,,,,
509200,1742.6,0.001375,,,,,,,,
509300,1743.0,0.002144,,,,,,,,
509400,1743.4,0.001743,,,,,,,,
509500,1743.9,0.001448,,,,,,,,
509600,1744.3,0.002858,,,,,,,,
509700,1744.8,0.002236,,,,,,,,
509800,1745.1,0.001617,,,,,,,,
509900,1745.6,0.001898,,,,,,,,
510000,1747.2,0.002316,0.002746,4.445013e+00,2.061658e-01,1.544546e-01,0.000000,4.445013e+00,1.942904e-01,1.450348e-01
510100,1747.4,0.005358,,,,,,,,
510200,1747.7,0.001785,,,,,,,,
510300,1748.1,0.002319,,,,,,,,
510400,1748.5,0.001625,,,,,,,,
510500,1748.9,0.003401,,,,,,,,
510600,1749.4,0.003206,,,,,,,,
510700,1749.8,0.002335,,,,,,,,
510800,1750.2,0.004346,,,,,,,,
510900,1750.6,0.002043,,,,,,,,
511000,1751.1,0.004409,,,,,,,,
511100,1751.5,0.001289,,,,,,,,
511200,1752.0,0.001635,,,,,,,,
511300,1752.4,0.002388,,,,,,,,
511400,1752.9,0.001817,,,,,,,,
511500,1753.3,0.002809,,,,,,,,
511600,1753.6,0.001351,,,,,,,,
511700,1754.1,0.001798,,,,,,,,
511800,1754.5,0.003344,,,,,,,,
511900,1754.9,0.002217,,,,,,,,
512000,1755.3,0.001775,,,,,,,,
512100,1755.7,0.001548,,,,,,,,
512200,1756.1,0.001396,,,,,,,,
512300,1756.5,0.001571,,,,,,,,
512400,1756.8,0.004914,,,,,,,,
512500,1757.1,0.001431,,,,,,,,
512600,1757.4,0.002014,,,,,,,,
512700,1757.8,0.001762,,,,,,,,
512800,1758.2,0.001277,,,,,,,,
512900,1758.7,0.001403,,,,,,,,
513000,1759.0,0.001679,,,,,,,,
513100,1759.4,0.002612,,,,,,,,
513200,1759.8,0.001713,,,,,,,,
513300,1760.2,0.001468,,,,,,,,
513400,1760.6,0.001384,,,,,,,,
513500,1761.1,0.001268,,,,,,,,
513600,1761.5,0.001290,,,,,,,,
513700,1761.9,0.004537,,,,,,,,
513800,1762.1,0.001461,,,,,,,,
513900,1762.4,0.001620,,,,,,,,
514000,1762.6,0.004113,,,,,,,,
514100,1762.9,0.001899,,,,,,,,
514200,1763.2,0.002776,,,,,,,,
514300,1763.5,0.002363,,,,,,,,
514400,1763.7,0.001773,,,,,,,,
514500,1764.0,0.004342,,,,,,,,
514600,1764.3,0.002363,,,,,,,,
514700,1764.6,0.003309,,,,,,,,
514800,1764.9,0.001301,,,,,,,,
514900,1765.2,0.001564,,,,,,,,
515000,1766.6,0.001423,0.003813,5.215568e+00,2.126809e-01,1.529642e-01,0.000000,5.215568e+00,2.014696e-01,1.444284e-01
515100,1766.8,0.001289,,,,,,,,
515200,1767.1,0.004808,,,,,,,,
515300,1767.4,0.006804,,,,,,,,
515400,1767.7,0.004008,,,,,,,,
515500,1768.0,0.003003,,,,,,,,
515600,1768.3,0.001345,,,,,,,,
515700,1768.6,0.004107,,,,,,,,
515800,1768.9,0.002116,,,,,,,,
515900,1769.2,0.001997,,,,,,,,
516000,1769.5,0.002942,,,,,,,,
516100,1769.8,0.001344,,,,,,,,
516200,1770.1,0.001591,,,,,,,,
516300,1770.4,0.001791,,,,,,,,
516400,1770.7,0.001285,,,,,,,,
516500,1771.0,0.002769,,,,,,,,
516600,1771.2,0.001424,,,,,,,,
516700,1771.5,0.001689,,,,,,,,
516800,1771.8,0.004734,,,,,,,,
516900,1772.1,0.004224,,,,,,,,
517000,1772.4,0.002356,,,,,,,,
517100,1772.7,0.001682,,,,,,,,
517200,1773.0,0.001648,,,,,,,,
517300,1773.3,0.003202,,,,,,,,
517400,1773.6,0.001459,,,,,,,,
517500,1773.9,0.001409,,,,,,,,
517600,1774.2,0.001292,,,,,,,,
517700,1774.5,0.005104,,,,,,,,
517800,1774.8,0.003201,,,,,,,,
517900,1775.1,0.002672,,,,,,,,
518000,1775.3,0.001694,,,,,,,,
518100,1775.6,0.001890,,,,,,,,
518200,1775.9,0.001501,,,,,,,,
518300,1776.2,0.001461,,,,,,,,
518400,1776.5,0.001400,,,,,,,,
518500,1776.8,0.001477,,,,,,,,
518600,1777.1,0.001854,,,,,,,,
518700,1777.4,0.003821,,,,,,,,
518800,1777.7,0.001761,,,,,,,,
518900,1778.0,0.001235,,,,,,,,
519000,1778.3,0.001571,,,,,,,,
519100,1778.6,0.001510,,,,,,,,
519200,1778.9,0.001641,,,,,,,,
519300,1779.1,0.001319,,,,,,,,
519400,1779.4,0.001835,,,,,,,,
519500,1779.7,0.001456,,,,,,,,
519600,1780.0,0.002885,,,,,,,,
519700,1780.3,0.002104,,,,,,,,
519800,1780.6,0.001506,,,,,,,,
519900,1780.9,0.003151,,,,,,,,
520000,1782.3,0.001335,0.003355,5.375494e+00,2.102474e-01,1.535733e-01,0.000000,5.375494e+00,1.989768e-01,1.445257e-01
520100,1782.6,0.001434,,,,,,,,
520200,1782.9,0.001185,,,,,,,,
520300,1783.2,0.001716,,,,,,,,
520400,1783.4,0.002756,,,,,,,,
520500,1783.7,0.001330,,,,,,,,
520600,1784.0,0.001983,,,,,,,,
520700,1784.3,0.004992,,,,,,,,
520800,1784.6,0.001332,,,,,,,,
520900,1784.9,0.003245,,,,,,,,
521000,1785.2,0.001987,,,,,,,,
521100,1785.4,0.004900,,,,,,,,
521200,1785.7,0.002963,,,,,,,,
521300,1786.0,0.001530,,,,,,,,
521400,1786.3,0.004589,,,,,,,,
521500,1786.6,0.002268,,,,,,,,
521600,1786.9,0.001664,,,,,,,,
521700,1787.2,0.001441,,,,,,,,
521800,1787.4,0.002003,,,,,,,,
521900,1787.7,0.004746,,,,,,,,
522000,1788.0,0.002470,,,,,,,,
522100,1788.3,0.001598,,,,,,,,
522200,1788.6,0.004886,,,,,,,,
522300,1788.9,0.001546,,,,,,,,
522400,1789.2,0.006788,,,,,,,,
522500,1789.5,0.001207,,,,,,,,
522600,1789.8,0.001373,,,,,,,,
522700,1790.1,0.001763,,,,,,,,
522800,1790.4,0.004426,,,,,,,,
522900,1790.7,0.002007,,,,,,,,
523000,1791.0,0.001577,,,,,,,,
523100,1791.3,0.001541,,,,,,,,
523200,1791.5,0.001317,,,,,,,,
523300,1791.8,0.001330,,,,,,,,
523400,1792.1,0.002154,,,,,,,,
523500,1792.4,0.001521,,,,,,,,
523600,1792.7,0.004322,,,,,,,,
523700,1793.0,0.001765,,,,,,,,
523800,1793.3,0.001261,,,,,,,,
523900,1793.6,0.001774,,,,,,,,
524000,1793.9,0.001901,,,,,,,,
524100,1794.2,0.004830,,,,,,,,
524200,1794.5,0.001467,,,,,,,,
524300,1794.8,0.001629,,,,,,,,
524400,1795.1,0.003562,,,,,,,,
524500,1795.4,0.001931,,,,,,,,
524600,1795.6,0.003068,,,,,,,,
524700,1795.9,0.004200,,,,,,,,
524800,1796.2,0.002994,,,,,,,,
524900,1796.5,0.001451,,,,,,,,
525000,1797.9,0.002218,0.002328,4.590315e+00,2.032567e-01,1.527548e-01,0.000000,4.590315e+00,1.898424e-01,1.422544e-01
525100,1798.1,0.001291,,,,,,,,
525200,1798.4,0.005948,,,,,,,,
525300,1798.6,0.001709,,,,,,,,
525400,1798.9,0.001778,,,,,,,,
525500,1799.2,0.001704,,,,,,,,
525600,1799.5,0.001769,,,,,,,,
525700,1799.8,0.003476,,,,,,,,
525800,1800.0,0.001882,,,,,,,,
525900,1800.3,0.001976,,,,,,,,
526000,1800.6,0.001972,,,,,,,,
526100,1800.9,0.001569,,,,,,,,
526200,1801.2,0.001457,,,,,,,,
526300,1801.5,0.001969,,,,,,,,
526400,1801.8,0.001215,,,,,,,,
526500,1802.1,0.003700,,,,,,,,
526600,1802.4,0.001356,,,,,,,,
526700,1802.7,0.001583,,,,,,,,
526800,1803.0,0.001397,,,,,,,,
526900,1803.3,0.001496,,,,,,,,
527000,1803.6,0.002226,,,,,,,,
527100,1803.9,0.001346,,,,,,,,
527200,1804.2,0.002008,,,,,,,,
527300,1804.5,0.002631,,,,,,,,
527400,1804.7,0.001551,,,,,,,,
527500,1805.0,0.004766,,,,,,,,
527600,1805.3,0.004349,,,,,,,,
527700,1805.6,0.003765,,,,,,,,
527800,1805.9,0.004269,,,,,,,,
527900,1806.2,0.005204,,,,,,,,
528000,1806.5,0.003197,,,,,,,,
528100,1806.8,0.003505,,,,,,,,
528200,1807.0,0.004676,,,,,,,,
528300,1807.3,0.002346,,,,,,,,
528400,1807.6,0.003508,,,,,,,,
528500,1807.9,0.005115,,,,,,,,
528600,1808.2,0.001741,,,,,,,,
528700,1808.5,0.001525,,,,,,,,
528800,1808.8,0.002666,,,,,,,,
528900,1809.0,0.001569,,,,,,,,
529000,1809.3,0.001859,,,,,,,,
529100,1809.6,0.004949,,,,,,,,
529200,1809.9,0.002529,,,,,,,,
529300,1810.2,0.001508,,,,,,,,
529400,1810.5,0.001347,,,,,,,,
529500,1810.8,0.001203,,,,,,,,
529600,1811.1,0.002148,,,,,,,,
529700,1811.3,0.001313,,,,,,,,
529800,1811.6,0.003241,,,,,,,,
529900,1811.9,0.001288,,,,,,,,
530000,1813.3,0.001535,0.003952,5.358924e+00,2.147959e-01,1.552318e-01,0.000000,5.358924e+00,2.029031e-01,1.455929e-01
530100,1813.6,0.001336,,,,,,,,
530200,1813.8,0.004913,,,,,,,,
530300,1814.1,0.001433,,,,,,,,
530400,1814.4,0.001595,,,,,,,,
530500,1814.7,0.001276,,,,,,,,
530600,1815.0,0.002997,,,,,,,,
530700,1815.3,0.006316,,,,,,,,
530800,1815.6,0.001579,,,,,,,,
530900,1815.9,0.001442,,,,,,,,
531000,1816.1,0.001361,,,,,,,,
531100,1816.4,0.005649,,,,,,,,
531200,1816.7,0.008787,,,,,,,,
531300,1817.0,0.001706,,,,,,,,
531400,1817.3,0.001718,,,,,,,,
531500,1817.6,0.001433,,,,,,,,
531600,1817.9,0.002616,,,,,,,,
531700,1818.2,0.001370,,,,,,,,
531800,1818.5,0.002081,,,,,,,,
531900,1818.8,0.001907,,,,,,,,
532000,1819.1,0.001461,,,,,,,,
532100,1819.4,0.001482,,,,,,,,
532200,1819.7,0.001419,,,,,,,,
532300,1820.0,0.001509,,,,,,,,
532400,1820.2,0.004177,,,,,,,,
532500,1820.5,0.001445,,,,,,,,
532600,1820.8,0.001609,,,,,,,,
532700,1821.1,0.001743,,,,,,,,
532800,1821.4,0.001535,,,,,,,,
532900,1821.6,0.001571,,,,,,,,
533000,1821.9,0.003193,,,,,,,,
533100,1822.2,0.002344,,,,,,,,
533200,1822.5,0.004300,,,,,,,,
533300,1822.8,0.001623,,,,,,,,
533400,1823.1,0.001345,,,,,,,,
533500,1823.4,0.001627,,,,,,,,
533600,1823.7,0.001595,,,,,,,,
533700,1824.0,0.001592,,,,,,,,
533800,1824.2,0.003564,,,,,,,,
533900,1824.5,0.007771,,,,,,,,
534000,1824.8,0.001556,,,,,,,,
534100,1825.0,0.001762,,,,,,,,
534200,1825.3,0.008379,,,,,,,,
534300,1825.6,0.002755,,,,,,,,
534400,1825.9,0.001430,,,,,,,,
534500,1826.2,0.004949,,,,,,,,
534600,1826.5,0.001356,,,,,,,,
534700,1826.8,0.001531,,,,,,,,
534800,1827.1,0.001397,,,,,,,,
534900,1827.4,0.001599,,,,,,,,
535000,1828.7,0.001468,0.001872,2.867249e+00,1.946747e-01,1.472486e-01,0.000000,2.867249e+00,1.815627e-01,1.374065e-01
535100,1829.0,0.001451,,,,,,,,
535200,1829.2,0.007213,,,,,,,,
535300,1829.5,0.001352,,,,,,,,
535400,1829.8,0.001577,,,,,,,,
535500,1830.1,0.001347,,,,,,,,
535600,1830.4,0.001640,,,,,,,,
535700,1830.7,0.001562,,,,,,,,
535800,1830.9,0.001570,,,,,,,,
535900,1831.2,0.001648,,,,,,,,
536000,1831.5,0.001281,,,,,,,,
536100,1831.8,0.001684,,,,,,,,
536200,1832.1,0.003082,,,,,,,,
536300,1832.4,0.001533,,,,,,,,
536400,1832.7,0.003690,,,,,,,,
536500,1833.0,0.001400,,,,,,,,
536600,1833.2,0.001463,,,,,,,,
536700,1833.5,0.003110,,,,,,,,
536800,1833.8,0.001510,,,,,,,,
536900,1834.1,0.001498,,,,,,,,
537000,1834.4,0.001743,,,,,,,,
537100,1834.7,0.001416,,,,,,,,
537200,1835.0,0.001264,,,,,,,,
537300,1835.3,0.002236,,,,,,,,
537400,1835.6,0.004524,,,,,,,,
537500,1835.8,0.001890,,,,,,,,
537600,1836.1,0.003018,,,,,,,,
537700,1836.4,0.003165,,,,,,,,
537800,1836.7,0.001617,,,,,,,,
537900,1837.0,0.001421,,,,,,,,
538000,1837.3,0.001832,,,,,,,,
538100,1837.6,0.001672,,,,,,,,
538200,1837.9,0.004910,,,,,,,,
538300,1838.2,0.004131,,,,,,,,
538400,1838.5,0.003943,,,,,,,,
538500,1838.8,0.001615,,,,,,,,
538600,1839.1,0.003266,,,,,,,,
538700,1839.3,0.003887,,,,,,,,
538800,1839.6,0.002290,,,,,,,,
538900,1839.9,0.001902,,,,,,,,
539000,1840.2,0.001597,,,,,,,,
539100,1840.5,0.001673,,,,,,,,
539200,1840.7,0.001461,,,,,,,,
539300,1841.0,0.001328,,,,,,,,
539400,1841.3,0.001422,,,,,,,,
539500,1841.6,0.004704,,,,,,,,
539600,1841.9,0.001178,,,,,,,,
539700,1842.2,0.001504,,,,,,,,
539800,1842.4,0.002351,,,,,,,,
539900,1842.7,0.001333,,,,,,,,
540000,1844.1,0.001552,0.001648,2.098523e+00,1.929869e-01,1.485309e-01,0.000000,2.098523e+00,1.799279e-01,1.389639e-01
540100,1844.4,0.003806,,,,,,,,
540200,1844.6,0.001537,,,,,,,,
540300,1844.9,0.001474,,,,,,,,
540400,1845.2,0.002047,,,,,,,,
540500,1845.5,0.001607,,,,,,,,
540600,1845.7,0.001609,,,,,,,,
540700,1846.0,0.001439,,,,,,,,
540800,1846.4,0.001696,,,,,,,,
540900,1846.9,0.001501,,,,,,,,
541000,1847.3,0.003640,,,,,,,,
541100,1847.8,0.003892,,,,,,,,
541200,1848.2,0.001718,,,,,,,,
541300,1848.7,0.001300,,,,,,,,
541400,1849.2,0.001468,,,,,,,,
541500,1849.6,0.001691,,,,,,,,
541600,1850.1,0.001643,,,,,,,,
541700,1850.5,0.002070,,,,,,,,
541800,1850.8,0.004576,,,,,,,,
541900,1851.2,0.002462,,,,,,,,
542000,1851.7,0.005975,,,,,,,,
542100,1852.1,0.001542,,,,,,,,
542200,1852.6,0.004105,,,,,,,,
542300,1853.0,0.007281,,,,,,,,
542400,1853.5,0.001436,,,,,,,,
542500,1853.9,0.005041,,,,,,,,
542600,1854.4,0.001374,,,,,,,,
542700,1854.9,0.004886,,,,,,,,
542800,1855.3,0.001520,,,,,,,,
542900,1855.7,0.001619,,,,,,,,
543000,1856.2,0.002183,,,,,,,,
543100,1856.6,0.001617,,,,,,,,
543200,1856.9,0.001724,,,,,,,,
543300,1857.2,0.004314,,,,,,,,
543400,1857.5,0.002365,,,,,,,,
543500,1857.8,0.001547,,,,,,,,
543600,1858.1,0.001814,,,,,,,,
543700,1858.4,0.001540,,,,,,,,
543800,1858.7,0.001288,,,,,,,,
543900,1858.9,0.006171,,,,,,,,
544000,1859.2,0.001573,,,,,,,,
544100,1859.5,0.001392,,,,,,,,
544200,1859.8,0.001610,,,,,,,,
544300,1860.1,0.001672,,,,,,,,
544400,1860.4,0.002357,,,,,,,,
544500,1860.7,0.002075,,,,,,,,
544600,1861.0,0.001829,,,,,,,,
544700,1861.3,0.006102,,,,,,,,
544800,1861.5,0.003819,,,,,,,,
544900,1861.8,0.001899,,,,,,,,
545000,1863.3,0.004443,0.002984,4.668850e+00,2.091205e-01,1.501665e-01,0.000000,4.668850e+00,1.957863e-01,1.396148e-01
545100,1863.5,0.003279,,,,,,,,
545200,1863.8,0.001602,,,,,,,,
545300,1864.1,0.002685,,,,,,,,
545400,1864.4,0.001287,,,,,,,,
545500,1864.8,0.002995,,,,,,,,
545600,1865.2,0.004845,,,,,,,,
545700,1865.6,0.001609,,,,,,,,
545800,1866.0,0.001408,,,,,,,,
545900,1866.4,0.001667,,,,,,,,
546000,1866.8,0.001252,,,,,,,,
546100,1867.2,0.004027,,,,,,,,
546200,1867.6,0.001755,,,,,,,,
546300,1867.9,0.002843,,,,,,,,
546400,1868.2,0.001327,,,,,,,,
546500,1868.5,0.001771,,,,,,,,
546600,1868.8,0.001348,,,,,,,,
546700,1869.0,0.001650,,,,,,,,
546800,1869.3,0.001932,,,,,,,,
546900,1869.6,0.002769,,,,,,,,
547000,1869.9,0.003454,,,,,,,,
547100,1870.2,0.008237,,,,,,,,
547200,1870.6,0.001628,,,,,,,,
547300,1871.0,0.001210,,,,,,,,
547400,1871.4,0.001784,,,,,,,,
547500,1871.9,0.001280,,,,,,,,
547600,1872.2,0.001390,,,,,,,,
547700,1872.6,0.001588,,,,,,,,
547800,1873.0,0.003565,,,,,,,,
547900,1873.4,0.001561,,,,,,,,
548000,1873.7,0.001444,,,,,,,,
548100,1874.1,0.001610,,,,,,,,
548200,1874.4,0.003881,,,,,,,,
548300,1874.7,0.001831,,,,,,,,
548400,1875.1,0.001542,,,,,,,,
548500,1875.4,0.002880,,,,,,,,
548600,1875.7,0.001443,,,,,,,,
548700,1876.0,0.001599,,,,,,,,
548800,1876.2,0.002385,,,,,,,,
548900,1876.5,0.002890,,,,,,,,
549000,1876.9,0.002449,,,,,,,,
549100,1877.2,0.001381,,,,,,,,
549200,1877.6,0.001568,,,,,,,,
549300,1878.1,0.004760,,,,,,,,
549400,1878.4,0.001334,,,,,,,,
549500,1878.6,0.001486,,,,,,,,
549600,1878.9,0.001438,,,,,,,,
549700,1879.2,0.001424,,,,,,,,
549800,1879.5,0.001441,,,,,,,,
549900,1879.8,0.001880,,,,,,,,
550000,1881.2,0.001508,0.001738,1.991011e+00,1.960161e-01,1.528442e-01,0.000000,1.991011e+00,1.836766e-01,1.433113e-01
550100,1881.5,0.002575,,,,,,,,
550200,1881.7,0.002831,,,,,,,,
550300,1882.1,0.003149,,,,,,,,
550400,1882.5,0.001365,,,,,,,,
550500,1882.9,0.004127,,,,,,,,
550600,1883.3,0.001239,,,,,,,,
550700,1883.8,0.001760,,,,,,,,
550800,1884.2,0.001593,,,,,,,,
550900,1884.6,0.001433,,,,,,,,
551000,1885.0,0.001455,,,,,,,,
551100,1885.5,0.001451,,,,,,,,
551200,1885.9,0.002391,,,,,,,,
551300,1886.3,0.001810,,,,,,,,
551400,1886.7,0.003160,,,,,,,,
551500,1887.1,0.004249,,,,,,,,
551600,1887.6,0.001593,,,,,,,,
551700,1888.0,0.005823,,,,,,,,
551800,1888.4,0.002218,,,,,,,,
551900,1888.8,0.001575,,,,,,,,
552000,1889.1,0.002306,,,,,,,,
552100,1889.5,0.001588,,,,,,,,
552200,1889.9,0.001830,,,,,,,,
552300,1890.4,0.008564,,,,,,,,
552400,1890.8,0.002075,,,,,,,,
552500,1891.2,0.002975,,,,,,,,
552600,1891.7,0.001273,,,,,,,,
552700,1892.0,0.001508,,,,,,,,
552800,1892.4,0.001348,,,,,,,,
552900,1892.9,0.001718,,,,,,,,
553000,1893.2,0.001634,,,,,,,,
553100,1893.6,0.001428,,,,,,,,
553200,1893.9,0.001562,,,,,,,,
553300,1894.1,0.001525,,,,,,,,
553400,1894.4,0.001459,,,,,,,,
553500,1894.8,0.001476,,,,,,,,
553600,1895.3,0.001340,,,,,,,,
553700,1895.7,0.001517,,,,,,,,
553800,1896.1,0.003816,,,,,,,,
553900,1896.5,0.001445,,,,,,,,
554000,1897.0,0.004181,,,,,,,,
554100,1897.4,0.003206,,,,,,,,
554200,1897.8,0.001688,,,,,,,,
554300,1898.2,0.001792,,,,,,,,
554400,1898.6,0.002485,,,,,,,,
554500,1898.9,0.004075,,,,,,,,
554600,1899.3,0.001385,,,,,,,,
554700,1899.7,0.001406,,,,,,,,
554800,1900.1,0.003628,,,,,,,,
554900,1900.5,0.001737,,,,,,,,
555000,1901.9,0.004774,0.002577,4.201654e+00,2.018224e-01,1.518513e-01,0.000000,4.201654e+00,1.887650e-01,1.424203e-01
555100,1902.2,0.004715,,,,,,,,
555200,1902.5,0.001399,,,,,,,,
555300,1902.8,0.001651,,,,,,,,
555400,1903.1,0.001539,,,,,,,,
555500,1903.6,0.001821,,,,,,,,
555600,1904.0,0.003744,,,,,,,,
555700,1904.4,0.001455,,,,,,,,
555800,1904.8,0.003345,,,,,,,,
555900,1905.3,0.001859,,,,,,,,
556000,1905.7,0.001423,,,,,,,,
556100,1906.1,0.001733,,,,,,,,
556200,1906.5,0.002773,,,,,,,,
556300,1906.9,0.001552,,,,,,,,
556400,1907.2,0.001713,,,,,,,,
556500,1907.6,0.001545,,,,,,,,
556600,1907.9,0.004459,,,,,,,,
556700,1908.4,0.001406,,,,,,,,
556800,1908.7,0.003033,,,,,,,,
556900,1909.1,0.004865,,,,,,,,
557000,1909.6,0.002072,,,,,,,,
557100,1910.0,0.002157,,,,,,,,
557200,1910.3,0.001525,,,,,,,,
557300,1910.7,0.002111,,,,,,,,
557400,1911.0,0.001440,,,,,,,,
557500,1911.4,0.001568,,,,,,,,
557600,1911.8,0.001677,,,,,,,,
557700,1912.2,0.001424,,,,,,,,
557800,1912.6,0.001656,,,,,,,,
557900,1913.1,0.001730,,,,,,,,
558000,1913.5,0.001420,,,,,,,,
558100,1913.9,0.002531,,,,,,,,
558200,1914.4,0.001423,,,,,,,,
558300,1914.8,0.002470,,,,,,,,
558400,1915.2,0.001480,,,,,,,,
558500,1915.6,0.003288,,,,,,,,
558600,1916.0,0.001574,,,,,,,,
558700,1916.4,0.001892,,,,,,,,
558800,1916.9,0.001515,,,,,,,,
558900,1917.3,0.001980,,,,,,,,
559000,1917.7,0.001422,,,,,,,,
559100,1918.1,0.001606,,,,,,,,
559200,1918.6,0.002470,,,,,,,,
559300,1919.0,0.001367,,,,,,,,
559400,1919.4,0.001639,,,,,,,,
559500,1919.8,0.001941,,,,,,,,
559600,1920.3,0.002855,,,,,,,,
559700,1920.7,0.002040,,,,,,,,
559800,1921.1,0.001188,,,,,,,,
559900,1921.5,0.001484,,,,,,,,
560000,1923.1,0.005227,0.001619,2.025134e+00,1.939652e-01,1.525027e-01,0.000000,2.025134e+00,1.818317e-01,1.438836e-01
560100,1923.3,0.002950,,,,,,,,
560200,1923.6,0.001281,,,,,,,,
560300,1923.9,0.002539,,,,,,,,
560400,1924.4,0.001534,,,,,,,,
560500,1924.7,0.001621,,,,,,,,
560600,1925.1,0.001943,,,,,,,,
560700,1925.6,0.001445,,,,,,,,
560800,1926.0,0.004094,,,,,,,,
560900,1926.4,0.004852,,,,,,,,
561000,1926.7,0.002316,,,,,,,,
561100,1927.1,0.002129,,,,,,,,
561200,1927.5,0.002631,,,,,,,,
561300,1928.0,0.001666,,,,,,,,
561400,1928.4,0.001293,,,,,,,,
561500,1928.7,0.001959,,,,,,,,
561600,1929.1,0.001610,,,,,,,,
561700,1929.5,0.003638,,,,,,,,
561800,1929.9,0.001352,,,,,,,,
561900,1930.3,0.001888,,,,,,,,
562000,1930.8,0.001573,,,,,,,,
562100,1931.2,0.001943,,,,,,,,
562200,1931.6,0.001877,,,,,,,,
562300,1931.9,0.001542,,,,,,,,
562400,1932.1,0.001319,,,,,,,,
562500,1932.4,0.001607,,,,,,,,
562600,1932.7,0.003540,,,,,,,,
562700,1933.0,0.003291,,,,,,,,
562800,1933.3,0.001474,,,,,,,,
562900,1933.6,0.001468,,,,,,,,
563000,1934.0,0.001417,,,,,,,,
563100,1934.4,0.003458,,,,,,,,
563200,1934.8,0.006202,,,,,,,,
563300,1935.2,0.005935,,,,,,,,
563400,1935.6,0.001224,,,,,,,,
563500,1936.1,0.001722,,,,,,,,
563600,1936.5,0.001327,,,,,,,,
563700,1936.9,0.003275,,,,,,,,
563800,1937.3,0.001350,,,,,,,,
563900,1937.6,0.003850,,,,,,,,
564000,1938.0,0.003991,,,,,,,,
564100,1938.4,0.001660,,,,,,,,
564200,1938.8,0.004514,,,,,,,,
564300,1939.2,0.001484,,,,,,,,
564400,1939.6,0.001382,,,,,,,,
564500,1940.1,0.003098,,,,,,,,
564600,1940.4,0.001810,,,,,,,,
564700,1940.8,0.004526,,,,,,,,
564800,1941.2,0.004923,,,,,,,,
564900,1941.7,0.001584,,,,,,,,
565000,1943.3,0.001446,0.002620,4.727690e+00,1.982032e-01,1.459327e-01,0.000000,4.727690e+00,1.849878e-01,1.364878e-01
565100,1943.5,0.001409,,,,,,,,
565200,1943.8,0.001803,,,,,,,,
565300,1944.1,0.002503,,,,,,,,
565400,1944.3,0.001328,,,,,,,,
565500,1944.6,0.001375,,,,,,,,
565600,1944.9,0.001221,,,,,,,,
565700,1945.2,0.001777,,,,,,,,
565800,1945.5,0.002354,,,,,,,,
565900,1945.7,0.001757,,,,,,,,
566000,1946.0,0.003049,,,,,,,,
566100,1946.3,0.001735,,,,,,,,
566200,1946.6,0.006436,,,,,,,,
566300,1946.9,0.001515,,,,,,,,
566400,1947.2,0.002208,,,,,,,,
566500,1947.5,0.001462,,,,,,,,
566600,1947.8,0.001420,,,,,,,,
566700,1948.0,0.001687,,,,,,,,
566800,1948.3,0.001448,,,,,,,,
566900,1948.6,0.001598,,,,,,,,
567000,1948.9,0.001633,,,,,,,,
567100,1949.1,0.001732,,,,,,,,
567200,1949.4,0.001535,,,,,,,,
567300,1949.6,0.001476,,,,,,,,
567400,1949.8,0.001228,,,,,,,,
567500,1950.0,0.001422,,,,,,,,
567600,1950.3,0.001804,,,,,,,,
567700,1950.5,0.001531,,,,,,,,
567800,1950.8,0.001356,,,,,,,,
567900,1951.1,0.001989,,,,,,,,
568000,1951.4,0.001382,,,,,,,,
568100,1951.7,0.001493,,,,,,,,
568200,1952.0,0.001667,,,,,,,,
568300,1952.3,0.001092,,,,,,,,
568400,1952.5,0.001674,,,,,,,,
568500,1952.8,0.001712,,,,,,,,
568600,1953.1,0.001623,,,,,,,,
568700,1953.5,0.001338,,,,,,,,
568800,1953.9,0.005163,,,,,,,,
568900,1954.3,0.004632,,,,,,,,
569000,1954.7,0.001432,,,,,,,,
569100,1955.1,0.003587,,,,,,,,
569200,1955.5,0.001487,,,,,,,,
569300,1956.0,0.001306,,,,,,,,
569400,1956.4,0.001283,,,,,,,,
569500,1956.8,0.001731,,,,,,,,
569600,1957.3,0.001492,,,,,,,,
569700,1957.7,0.001420,,,,,,,,
569800,1958.0,0.005639,,,,,,,,
569900,1958.5,0.001478,,,,,,,,
570000,1960.0,0.001463,0.004062,5.690042e+00,2.109247e-01,1.507085e-01,0.000000,5.690042e+00,1.980639e-01,1.401253e-01
570100,1960.3,0.001457,,,,,,,,
570200,1960.5,0.004791,,,,,,,,
570300,1960.8,0.002440,,,,,,,,
570400,1961.2,0.001761,,,,,,,,
570500,1961.7,0.001619,,,,,,,,
570600,1962.1,0.001057,,,,,,,,
570700,1962.5,0.002190,,,,,,,,
570800,1962.9,0.001899,,,,,,,,
570900,1963.1,0.001937,,,,,,,,
571000,1963.4,0.001729,,,,,,,,
571100,1963.7,0.007435,,,,,,,,
571200,1964.0,0.001323,,,,,,,,
571300,1964.3,0.002311,,,,,,,,
571400,1964.6,0.001568,,,,,,,,
571500,1964.8,0.001150,,,,,,,,
571600,1965.2,0.002330,,,,,,,,
571700,1965.5,0.002740,,,,,,,,
571800,1966.0,0.001961,,,,,,,,
571900,1966.3,0.001318,,,,,,,,
572000,1966.7,0.004357,,,,,,,,
572100,1967.1,0.002349,,,,,,,,
572200,1967.6,0.002894,,,,,,,,
572300,1967.9,0.002138,,,,,,,,
572400,1968.4,0.008918,,,,,,,,
572500,1968.8,0.001374,,,,,,,,
572600,1969.2,0.001639,,,,,,,,
572700,1969.6,0.001441,,,,,,,,
572800,1970.0,0.001429,,,,,,,,
572900,1970.3,0.001321,,,,,,,,
573000,1970.6,0.001366,,,,,,,,
573100,1970.9,0.001719,,,,,,,,
573200,1971.3,0.002814,,,,,,,,
573300,1971.6,0.003445,,,,,,,,
573400,1972.0,0.001373,,,,,,,,
573500,1972.3,0.001430,,,,,,,,
573600,1972.6,0.001704,,,,,,,,
573700,1972.9,0.001308,,,,,,,,
573800,1973.2,0.002835,,,,,,,,
573900,1973.5,0.001434,,,,,,,,
574000,1973.9,0.001629,,,,,,,,
574100,1974.3,0.001353,,,,,,,,
574200,1974.6,0.001707,,,,,,,,
574300,1974.8,0.002154,,,,,,,,
574400,1975.2,0.003462,,,,,,,,
574500,1975.5,0.001551,,,,,,,,
574600,1975.9,0.002995,,,,,,,,
574700,1976.1,0.002178,,,,,,,,
574800,1976.4,0.001308,,,,,,,,
574900,1976.7,0.003001,,,,,,,,
575000,1978.3,0.002924,0.001590,1.845391e+00,1.925254e-01,1.503018e-01,0.000000,1.845391e+00,1.802694e-01,1.412339e-01
575100,1978.5,0.001421,,,,,,,,
575200,1978.8,0.001485,,,,,,,,
575300,1979.0,0.001540,,,,,,,,
575400,1979.3,0.001409,,,,,,,,
575500,1979.6,0.004833,,,,,,,,
575600,1980.0,0.001372,,,,,,,,
575700,1980.3,0.001586,,,,,,,,
575800,1980.7,0.001456,,,,,,,,
575900,1981.1,0.001558,,,,,,,,
576000,1981.5,0.004657,,,,,,,,
576100,1981.9,0.004995,,,,,,,,
576200,1982.3,0.001990,,,,,,,,
576300,1982.6,0.002670,,,,,,,,
576400,1982.9,0.001519,,,,,,,,
576500,1983.3,0.004799,,,,,,,,
576600,1983.8,0.001496,,,,,,,,
576700,1984.2,0.003606,,,,,,,,
576800,1984.6,0.002356,,,,,,,,
576900,1984.9,0.001906,,,,,,,,
577000,1985.3,0.001361,,,,,,,,
577100,1985.7,0.001550,,,,,,,,
577200,1986.1,0.002028,,,,,,,,
577300,1986.5,0.006441,,,,,,,,
577400,1987.0,0.004235,,,,,,,,
577500,1987.4,0.001621,,,,,,,,
577600,1987.7,0.001264,,,,,,,,
577700,1988.1,0.002936,,,,,,,,
577800,1988.5,0.004570,,,,,,,,
577900,1989.0,0.005013,,,,,,,,
578000,1989.4,0.001421,,,,,,,,
578100,1989.8,0.004403,,,,,,,,
578200,1990.3,0.001389,,,,,,,,
578300,1990.7,0.001262,,,,,,,,
578400,1991.2,0.001459,,,,,,,,
578500,1991.6,0.001160,,,,,,,,
578600,1992.0,0.001369,,,,,,,,
578700,1992.3,0.001626,,,,,,,,
578800,1992.8,0.001709,,,,,,,,
578900,1993.1,0.001668,,,,,,,,
579000,1993.4,0.003436,,,,,,,,
579100,1993.7,0.003021,,,,,,,,
579200,1994.1,0.001516,,,,,,,,
579300,1994.5,0.001439,,,,,,,,
579400,1995.0,0.001362,,,,,,,,
579500,1995.3,0.001275,,,,,,,,
579600,1995.8,0.002257,,,,,,,,
579700,1996.2,0.003051,,,,,,,,
579800,1996.6,0.001585,,,,,,,,
579900,1997.1,0.001446,,,,,,,,
580000,1998.7,0.001286,0.002074,4.461827e+00,1.963085e-01,1.497769e-01,0.000000,4.461827e+00,1.835751e-01,1.402618e-01
580100,1998.9,0.001414,,,,,,,,
580200,1999.2,0.001389,,,,,,,,
580300,1999.5,0.001492,,,,,,,,
580400,1999.9,0.001055,,,,,,,,
580500,2000.4,0.001505,,,,,,,,
580600,2000.8,0.001456,,,,,,,,
580700,2001.3,0.003027,,,,,,,,
580800,2001.8,0.001388,,,,,,,,
580900,2002.2,0.001418,,,,,,,,
581000,2002.7,0.004288,,,,,,,,
581100,2003.2,0.003461,,,,,,,,
581200,2003.6,0.001261,,,,,,,,
581300,2004.1,0.003477,,,,,,,,
581400,2004.5,0.001313,,,,,,,,
581500,2005.0,0.001492,,,,,,,,
581600,2005.4,0.001377,,,,,,,,
581700,2005.9,0.001361,,,,,,,,
581800,2006.3,0.001567,,,,,,,,
581900,2006.5,0.001429,,,,,,,,
582000,2006.8,0.002290,,,,,,,,
582100,2007.1,0.001474,,,,,,,,
582200,2007.4,0.002046,,,,,,,,
582300,2007.7,0.001474,,,,,,,,
582400,2008.0,0.001329,,,,,,,,
582500,2008.3,0.001704,,,,,,,,
582600,2008.6,0.001631,,,,,,,,
582700,2008.9,0.001515,,,,,,,,
582800,2009.1,0.001710,,,,,,,,
582900,2009.4,0.004683,,,,,,,,
583000,2009.7,0.001484,,,,,,,,
583100,2010.0,0.001629,,,,,,,,
583200,2010.3,0.001297,,,,,,,,
583300,2010.5,0.005051,,,,,,,,
583400,2010.8,0.001468,,,,,,,,
583500,2011.1,0.003924,,,,,,,,
583600,2011.4,0.002110,,,,,,,,
583700,2011.7,0.001604,,,,,,,,
583800,2012.0,0.001875,,,,,,,,
583900,2012.3,0.003996,,,,,,,,
584000,2012.6,0.001537,,,,,,,,
584100,2012.9,0.001560,,,,,,,,
584200,2013.1,0.001161,,,,,,,,
584300,2013.4,0.004721,,,,,,,,
584400,2013.7,0.001424,,,,,,,,
584500,2014.0,0.002889,,,,,,,,
584600,2014.3,0.003091,,,,,,,,
584700,2014.5,0.002974,,,,,,,,
584800,2014.8,0.001417,,,,,,,,
584900,2015.1,0.001339,,,,,,,,
585000,2016.5,0.004601,0.001880,2.852757e+00,1.952355e-01,1.485276e-01,0.000000,2.852757e+00,1.822559e-01,1.388566e-01
585100,2016.7,0.001460,,,,,,,,
585200,2016.9,0.004688,,,,,,,,
585300,2017.2,0.001492,,,,,,,,
585400,2017.5,0.001338,,,,,,,,
585500,2017.7,0.001462,,,,,,,,
585600,2018.0,0.001559,,,,,,,,
585700,2018.3,0.002596,,,,,,,,
585800,2018.6,0.001381,,,,,,,,
585900,2018.9,0.001561,,,,,,,,
586000,2019.2,0.001323,,,,,,,,
586100,2019.5,0.001704,,,,,,,,
586200,2019.8,0.001606,,,,,,,,
586300,2020.0,0.004023,,,,,,,,
586400,2020.3,0.001399,,,,,,,,
586500,2020.6,0.001989,,,,,,,,
586600,2020.8,0.001608,,,,,,,,
586700,2021.1,0.001496,,,,,,,,
586800,2021.4,0.001468,,,,,,,,
586900,2021.7,0.001662,,,,,,,,
587000,2022.0,0.001441,,,,,,,,
587100,2022.3,0.001454,,,,,,,,
587200,2022.6,0.003154,,,,,,,,
587300,2022.9,0.001857,,,,,,,,
587400,2023.2,0.001430,,,,,,,,
587500,2023.4,0.001527,,,,,,,,
587600,2023.7,0.001355,,,,,,,,
587700,2024.0,0.001560,,,,,,,,
587800,2024.3,0.001847,,,,,,,,
587900,2024.6,0.001289,,,,,,,,
588000,2024.9,0.001559,,,,,,,,
588100,2025.2,0.003603,,,,,,,,
588200,2025.5,0.001651,,,,,,,,
588300,2025.8,0.001151,,,,,,,,
588400,2026.1,0.001475,,,,,,,,
588500,2026.4,0.001549,,,,,,,,
588600,2026.7,0.002354,,,,,,,,
588700,2027.0,0.001421,,,,,,,,
588800,2027.3,0.001609,,,,,,,,
588900,2027.6,0.001670,,,,,,,,
589000,2027.9,0.001891,,,,,,,,
589100,2028.1,0.002041,,,,,,,,
589200,2028.4,0.001188,,,,,,,,
589300,2028.7,0.001477,,,,,,,,
589400,2029.0,0.001610,,,,,,,,
589500,2029.3,0.001496,,,,,,,,
589600,2029.6,0.001777,,,,,,,,
589700,2029.9,0.001334,,,,,,,,
589800,2030.1,0.003484,,,,,,,,
589900,2030.4,0.001875,,,,,,,,
590000,2031.8,0.001135,0.002106,4.085116e+00,1.944743e-01,1.476876e-01,0.000000,4.085116e+00,1.812513e-01,1.380269e-01
590100,2032.1,0.001349,,,,,,,,
590200,2032.3,0.001660,,,,,,,,
590300,2032.6,0.001535,,,,,,,,
590400,2032.9,0.002761,,,,,,,,
590500,2033.2,0.001694,,,,,,,,
590600,2033.5,0.002487,,,,,,,,
590700,2033.8,0.002274,,,,,,,,
590800,2034.1,0.001667,,,,,,,,
590900,2034.4,0.001409,,,,,,,,
591000,2034.7,0.001528,,,,,,,,
591100,2035.0,0.001579,,,,,,,,
591200,2035.3,0.001435,,,,,,,,
591300,2035.6,0.001548,,,,,,,,
591400,2035.9,0.001425,,,,,,,,
591500,2036.2,0.002240,,,,,,,,
591600,2036.4,0.003856,,,,,,,,
591700,2036.7,0.001512,,,,,,,,
591800,2037.0,0.001568,,,,,,,,
591900,2037.3,0.001466,,,,,,,,
592000,2037.6,0.006871,,,,,,,,
592100,2037.9,0.003748,,,,,,,,
592200,2038.2,0.001788,,,,,,,,
592300,2038.5,0.001638,,,,,,,,
592400,2038.8,0.001530,,,,,,,,
592500,2039.1,0.001780,,,,,,,,
592600,2039.4,0.001466,,,,,,,,
592700,2039.7,0.005015,,,,,,,,
592800,2040.0,0.001395,,,,,,,,
592900,2040.2,0.005794,,,,,,,,
593000,2040.5,0.001601,,,,,,,,
593100,2040.8,0.004401,,,,,,,,
593200,2041.1,0.001509,,,,,,,,
593300,2041.4,0.002446,,,,,,,,
593400,2041.7,0.001147,,,,,,,,
593500,2042.0,0.001444,,,,,,,,
593600,2042.3,0.003767,,,,,,,,
593700,2042.6,0.001412,,,,,,,,
593800,2042.9,0.001292,,,,,,,,
593900,2043.2,0.006331,,,,,,,,
594000,2043.4,0.001385,,,,,,,,
594100,2043.7,0.001611,,,,,,,,
594200,2044.0,0.001374,,,,,,,,
594300,2044.3,0.001362,,,,,,,,
594400,2044.6,0.001563,,,,,,,,
594500,2044.9,0.001484,,,,,,,,
594600,2045.2,0.001583,,,,,,,,
594700,2045.5,0.001507,,,,,,,,
594800,2045.8,0.004370,,,,,,,,
594900,2046.1,0.001210,,,,,,,,
595000,2047.5,0.002073,0.004341,5.489113e+00,2.068359e-01,1.469715e-01,0.000000,5.489113e+00,1.936441e-01,1.370756e-01
595100,2047.7,0.003448,,,,,,,,
595200,2048.0,0.001354,,,,,,,,
595300,2048.3,0.001520,,,,,,,,
595400,2048.6,0.001380,,,,,,,,
595500,2048.9,0.003493,,,,,,,,
595600,2049.1,0.001327,,,,,,,,
595700,2049.4,0.001479,,,,,,,,
595800,2049.7,0.003700,,,,,,,,
595900,2050.0,0.001434,,,,,,,,
596000,2050.3,0.001508,,,,,,,,
596100,2050.6,0.001427,,,,,,,,
596200,2050.9,0.003936,,,,,,,,
596300,2051.2,0.001488,,,,,,,,
596400,2051.4,0.001837,,,,,,,,
596500,2051.7,0.001446,,,,,,,,
596600,2052.0,0.001638,,,,,,,,
596700,2052.3,0.003461,,,,,,,,
596800,2052.6,0.001703,,,,,,,,
596900,2052.9,0.001512,,,,,,,,
597000,2053.2,0.001475,,,,,,,,
597100,2053.5,0.001354,,,,,,,,
597200,2053.8,0.002556,,,,,,,,
597300,2054.1,0.001258,,,,,,,,
597400,2054.4,0.001502,,,,,,,,
597500,2054.7,0.001815,,,,,,,,
597600,2055.0,0.001243,,,,,,,,
597700,2055.3,0.001434,,,,,,,,
597800,2055.5,0.003228,,,,,,,,
597900,2055.8,0.002865,,,,,,,,
598000,2056.1,0.001578,,,,,,,,
598100,2056.4,0.001769,,,,,,,,
598200,2056.7,0.001909,,,,,,,,
598300,2057.0,0.001574,,,,,,,,
598400,2057.3,0.001515,,,,,,,,
598500,2057.5,0.001144,,,,,,,,
598600,2057.8,0.001448,,,,,,,,
598700,2058.1,0.001446,,,,,,,,
598800,2058.4,0.001817,,,,,,,,
598900,2058.7,0.001712,,,,,,,,
599000,2059.0,0.001640,,,,,,,,
599100,2059.3,0.001592,,,,,,,,
599200,2059.6,0.001383,,,,,,,,
599300,2059.8,0.001611,,,,,,,,
599400,2060.1,0.001695,,,,,,,,
599500,2060.4,0.002854,,,,,,,,
599600,2060.7,0.002001,,,,,,,,
599700,2061.0,0.001484,,,,,,,,
599800,2061.3,0.001674,,,,,,,,
599900,2061.6,0.001218,,,,,,,,
600000,2063.0,0.001257,0.001609,2.459871e+00,1.904738e-01,1.494878e-01,0.000000,2.459871e+00,1.763193e-01,1.384684e-01
600100,2063.2,0.001257,,,,,,,,
600200,2063.5,0.001405,,,,,,,,
600300,2063.8,0.001440,,,,,,,,
600400,2064.1,0.001415,,,,,,,,
600500,2064.4,0.001174,,,,,,,,
600600,2064.7,0.003884,,,,,,,,
600700,2064.9,0.003828,,,,,,,,
600800,2065.2,0.001325,,,,,,,,
600900,2065.5,0.001293,,,,,,,,
601000,2065.8,0.002356,,,,,,,,
601100,2066.0,0.004397,,,,,,,,
601200,2066.3,0.001731,,,,,,,,
601300,2066.6,0.002911,,,,,,,,
601400,2066.9,0.004750,,,,,,,,
601500,2067.2,0.002087,,,,,,,,
601600,2067.5,0.003862,,,,,,,,
601700,2067.7,0.001594,,,,,,,,
601800,2068.0,0.004280,,,,,,,,
601900,2068.3,0.001480,,,,,,,,
602000,2068.6,0.001490,,,,,,,,
602100,2069.0,0.001650,,,,,,,,
602200,2069.3,0.004926,,,,,,,,
602300,2069.7,0.003563,,,,,,,,
602400,2070.0,0.001870,,,,,,,,
602500,2070.5,0.001437,,,,,,,,
602600,2070.9,0.001668,,,,,,,,
602700,2071.3,0.001568,,,,,,,,
602800,2071.7,0.001547,,,,,,,,
602900,2072.1,0.001581,,,,,,,,
603000,2072.5,0.001495,,,,,,,,
603100,2073.0,0.002399,,,,,,,,
603200,2073.5,0.001384,,,,,,,,
603300,2073.9,0.002424,,,,,,,,
603400,2074.3,0.001602,,,,,,,,
603500,2074.7,0.002664,,,,,,,,
603600,2075.1,0.001749,,,,,,,,
603700,2075.5,0.001653,,,,,,,,
603800,2075.9,0.001369,,,,,,,,
603900,2076.4,0.001582,,,,,,,,
604000,2076.8,0.003699,,,,,,,,
604100,2077.3,0.001415,,,,,,,,
604200,2077.7,0.001807,,,,,,,,
604300,2078.1,0.001292,,,,,,,,
604400,2078.6,0.001748,,,,,,,,
604500,2079.0,0.001310,,,,,,,,
604600,2079.5,0.003087,,,,,,,,
604700,2079.9,0.001275,,,,,,,,
604800,2080.4,0.001479,,,,,,,,
604900,2080.8,0.001623,,,,,,,,
605000,2082.4,0.001542,0.002228,4.723257e+00,1.954366e-01,1.477147e-01,0.000000,4.723257e+00,1.836277e-01,1.382156e-01
605100,2082.7,0.001662,,,,,,,,
605200,2083.0,0.001340,,,,,,,,
605300,2083.3,0.003868,,,,,,,,
605400,2083.7,0.001693,,,,,,,,
605500,2084.2,0.001913,,,,,,,,
605600,2084.6,0.005763,,,,,,,,
605700,2085.0,0.002403,,,,,,,,
605800,2085.5,0.001484,,,,,,,,
605900,2085.9,0.005029,,,,,,,,
606000,2086.3,0.002246,,,,,,,,
606100,2086.8,0.001530,,,,,,,,
606200,2087.2,0.003346,,,,,,,,
606300,2087.7,0.002224,,,,,,,,
606400,2088.0,0.001302,,,,,,,,
606500,2088.3,0.001395,,,,,,,,
606600,2088.6,0.001428,,,,,,,,
606700,2089.0,0.001258,,,,,,,,
606800,2089.3,0.001332,,,,,,,,
606900,2089.7,0.001302,,,,,,,,
607000,2090.0,0.001599,,,,,,,,
607100,2090.5,0.003576,,,,,,,,
607200,2090.7,0.001273,,,,,,,,
607300,2091.0,0.004104,,,,,,,,
607400,2091.3,0.001694,,,,,,,,
607500,2091.6,0.001431,,,,,,,,
607600,2091.9,0.001579,,,,,,,,
607700,2092.3,0.004910,,,,,,,,
607800,2092.5,0.001167,,,,,,,,
607900,2092.8,0.003199,,,,,,,,
608000,2093.1,0.003805,,,,,,,,
608100,2093.5,0.001528,,,,,,,,
608200,2093.9,0.002393,,,,,,,,
608300,2094.4,0.001484,,,,,,,,
608400,2094.8,0.001692,,,,,,,,
608500,2095.2,0.001294,,,,,,,,
608600,2095.6,0.001403,,,,,,,,
608700,2096.1,0.001356,,,,,,,,
608800,2096.5,0.001576,,,,,,,,
608900,2097.0,0.001780,,,,,,,,
609000,2097.4,0.001656,,,,,,,,
609100,2097.8,0.001627,,,,,,,,
609200,2098.2,0.001245,,,,,,,,
609300,2098.5,0.001427,,,,,,,,
609400,2098.9,0.003813,,,,,,,,
609500,2099.3,0.001342,,,,,,,,
609600,2099.8,0.001533,,,,,,,,
609700,2100.2,0.001363,,,,,,,,
609800,2100.7,0.002146,,,,,,,,
609900,2101.1,0.002170,,,,,,,,
610000,2102.7,0.001143,0.001478,1.863684e+00,1.850415e-01,1.450828e-01,0.000000,1.863684e+00,1.712078e-01,1.343908e-01
610100,2103.0,0.001278,,,,,,,,
610200,2103.3,0.001392,,,,,,,,
610300,2103.6,0.001236,,,,,,,,
610400,2103.9,0.001364,,,,,,,,
610500,2104.3,0.001776,,,,,,,,
610600,2104.5,0.001466,,,,,,,,
610700,2104.8,0.001504,,,,,,,,
610800,2105.1,0.001179,,,,,,,,
610900,2105.4,0.001233,,,,,,,,
611000,2105.7,0.001322,,,,,,,,
611100,2106.1,0.001171,,,,,,,,
611200,2106.5,0.001487,,,,,,,,
611300,2107.0,0.001338,,,,,,,,
611400,2107.4,0.001579,,,,,,,,
611500,2107.9,0.001726,,,,,,,,
611600,2108.3,0.001520,,,,,,,,
611700,2108.7,0.001492,,,,,,,,
611800,2109.1,0.001278,,,,,,,,
611900,2109.6,0.002713,,,,,,,,
612000,2110.0,0.003720,,,,,,,,
612100,2110.5,0.001876,,,,,,,,
612200,2110.9,0.002376,,,,,,,,
612300,2111.3,0.001325,,,,,,,,
612400,2111.8,0.002084,,,,,,,,
612500,2112.2,0.003079,,,,,,,,
612600,2112.6,0.001491,,,,,,,,
612700,2113.1,0.001379,,,,,,,,
612800,2113.5,0.001229,,,,,,,,
612900,2114.0,0.004013,,,,,,,,
613000,2114.4,0.001667,,,,,,,,
613100,2114.8,0.004226,,,,,,,,
613200,2115.3,0.001442,,,,,,,,
613300,2115.7,0.001529,,,,,,,,
613400,2116.1,0.001667,,,,,,,,
613500,2116.6,0.001757,,,,,,,,
613600,2117.0,0.001646,,,,,,,,
613700,2117.5,0.002390,,,,,,,,
613800,2117.9,0.002093,,,,,,,,
613900,2118.3,0.001603,,,,,,,,
614000,2118.8,0.002019,,,,,,,,
614100,2119.2,0.001379,,,,,,,,
614200,2119.7,0.001575,,,,,,,,
614300,2120.1,0.001475,,,,,,,,
614400,2120.5,0.001236,,,,,,,,
614500,2121.0,0.001528,,,,,,,,
614600,2121.4,0.002043,,,,,,,,
614700,2121.8,0.001447,,,,,,,,
614800,2122.3,0.001264,,,,,,,,
614900,2122.7,0.002185,,,,,,,,
615000,2124.3,0.002795,0.001443,9.249815e-01,1.858139e-01,1.481740e-01,0.000000,7.964197e-01,1.719628e-01,1.387595e-01
615100,2124.6,0.001916,,,,,,,,
615200,2124.8,0.001681,,,,,,,,
615300,2125.1,0.001446,,,,,,,,
615400,2125.5,0.001304,,,,,,,,
615500,2126.0,0.001674,,,,,,,,
615600,2126.4,0.002063,,,,,,,,
615700,2126.8,0.001469,,,,,,,,
615800,2127.2,0.001192,,,,,,,,
615900,2127.7,0.003995,,,,,,,,
616000,2128.1,0.001339,,,,,,,,
616100,2128.5,0.001289,,,,,,,,
616200,2129.0,0.004620,,,,,,,,
616300,2129.4,0.004540,,,,,,,,
616400,2129.8,0.004736,,,,,,,,
616500,2130.2,0.001592,,,,,,,,
616600,2130.7,0.001633,,,,,,,,
616700,2131.1,0.002503,,,,,,,,
616800,2131.6,0.001483,,,,,,,,
616900,2132.0,0.006673,,,,,,,,
617000,2132.5,0.001513,,,,,,,,
617100,2132.9,0.001483,,,,,,,,
617200,2133.3,0.001324,,,,,,,,
617300,2133.7,0.001327,,,,,,,,
617400,2134.1,0.002479,,,,,,,,
617500,2134.6,0.004149,,,,,,,,
617600,2135.0,0.001727,,,,,,,,
617700,2135.4,0.001332,,,,,,,,
617800,2135.8,0.003911,,,,,,,,
617900,2136.2,0.001950,,,,,,,,
618000,2136.7,0.001301,,,,,,,,
618100,2137.1,0.004779,,,,,,,,
618200,2137.6,0.001697,,,,,,,,
618300,2138.0,0.001274,,,,,,,,
618400,2138.4,0.002496,,,,,,,,
618500,2138.8,0.001879,,,,,,,,
618600,2139.3,0.001344,,,,,,,,
618700,2139.7,0.001791,,,,,,,,
618800,2140.2,0.001323,,,,,,,,
618900,2140.6,0.001194,,,,,,,,
619000,2140.9,0.002277,,,,,,,,
619100,2141.4,0.004603,,,,,,,,
619200,2141.8,0.001517,,,,,,,,
619300,2142.3,0.001406,,,,,,,,
619400,2142.7,0.001431,,,,,,,,
619500,2143.2,0.001417,,,,,,,,
619600,2143.7,0.001673,,,,,,,,
619700,2144.1,0.001327,,,,,,,,
619800,2144.6,0.002752,,,,,,,,
619900,2144.9,0.002368,,,,,,,,
620000,2146.3,0.001897,0.001419,1.022688e+00,1.829498e-01,1.441370e-01,0.000000,9.001716e-01,1.696217e-01,1.350112e-01
620100,2146.6,0.004167,,,,,,,,
620200,2146.8,0.002594,,,,,,,,
620300,2147.0,0.001372,,,,,,,,
620400,2147.3,0.003460,,,,,,,,
620500,2147.6,0.001812,,,,,,,,
620600,2147.9,0.001306,,,,,,,,
620700,2148.2,0.001599,,,,,,,,
620800,2148.6,0.002005,,,,,,,,
620900,2149.0,0.002392,,,,,,,,
621000,2149.2,0.001155,,,,,,,,
621100,2149.5,0.001663,,,,,,,,
621200,2149.8,0.004639,,,,,,,,
621300,2150.1,0.001323,,,,,,,,
621400,2150.3,0.001365,,,,,,,,
621500,2150.6,0.001268,,,,,,,,
621600,2150.9,0.001480,,,,,,,,
621700,2151.2,0.001463,,,,,,,,
621800,2151.4,0.002640,,,,,,,,
621900,2151.7,0.002493,,,,,,,,
622000,2152.0,0.001790,,,,,,,,
622100,2152.3,0.001315,,,,,,,,
622200,2152.5,0.004557,,,,,,,,
622300,2152.8,0.001201,,,,,,,,
622400,2153.1,0.001233,,,,,,,,
622500,2153.4,0.001560,,,,,,,,
622600,2153.6,0.001846,,,,,,,,
622700,2153.9,0.001324,,,,,,,,
622800,2154.2,0.001267,,,,,,,,
622900,2154.5,0.003195,,,,,,,,
623000,2154.8,0.002056,,,,,,,,
623100,2155.0,0.001314,,,,,,,,
623200,2155.3,0.001688,,,,,,,,
623300,2155.6,0.002026,,,,,,,,
623400,2155.9,0.001469,,,,,,,,
623500,2156.2,0.001266,,,,,,,,
623600,2156.4,0.002340,,,,,,,,
623700,2156.7,0.001374,,,,,,,,
623800,2157.0,0.001251,,,,,,,,
623900,2157.3,0.001910,,,,,,,,
624000,2157.6,0.002266,,,,,,,,
624100,2157.9,0.002396,,,,,,,,
624200,2158.1,0.001356,,,,,,,,
624300,2158.4,0.002279,,,,,,,,
624400,2158.7,0.003209,,,,,,,,
624500,2159.0,0.003821,,,,,,,,
624600,2159.3,0.001263,,,,,,,,
624700,2159.6,0.002336,,,,,,,,
624800,2159.8,0.001293,,,,,,,,
624900,2160.1,0.002110,,,,,,,,
625000,2161.6,0.001525,0.001540,2.844798e+00,1.860440e-01,1.442337e-01,0.000000,2.844798e+00,1.723514e-01,1.345045e-01
625100,2161.8,0.001324,,,,,,,,
625200,2162.1,0.005597,,,,,,,,
625300,2162.4,0.001997,,,,,,,,
625400,2162.6,0.001395,,,,,,,,
625500,2162.9,0.001374,,,,,,,,
625600,2163.2,0.001182,,,,,,,,
625700,2163.5,0.001439,,,,,,,,
625800,2163.7,0.002685,,,,,,,,
625900,2164.0,0.001607,,,,,,,,
626000,2164.3,0.001331,,,,,,,,
626100,2164.6,0.001906,,,,,,,,
626200,2164.9,0.004190,,,,,,,,
626300,2165.2,0.001983,,,,,,,,
626400,2165.4,0.001416,,,,,,,,
626500,2165.7,0.001150,,,,,,,,
626600,2166.0,0.001356,,,,,,,,
626700,2166.3,0.001469,,,,,,,,
626800,2166.6,0.001441,,,,,,,,
626900,2166.9,0.001853,,,,,,,,
627000,2167.2,0.001786,,,,,,,,
627100,2167.5,0.001498,,,,,,,,
627200,2167.7,0.001552,,,,,,,,
627300,2168.0,0.001248,,,,,,,,
627400,2168.3,0.001709,,,,,,,,
627500,2168.6,0.002157,,,,,,,,
627600,2168.9,0.001394,,,,,,,,
627700,2169.2,0.001780,,,,,,,,
627800,2169.4,0.001342,,,,,,,,
627900,2169.7,0.001160,,,,,,,,
628000,2170.0,0.001423,,,,,,,,
628100,2170.3,0.001504,,,,,,,,
628200,2170.6,0.001252,,,,,,,,
628300,2170.8,0.001504,,,,,,,,
628400,2171.1,0.001412,,,,,,,,
628500,2171.4,0.001697,,,,,,,,
628600,2171.7,0.001920,,,,,,,,
628700,2172.0,0.001307,,,,,,,,
628800,2172.3,0.001767,,,,,,,,
628900,2172.6,0.001329,,,,,,,,
629000,2172.9,0.002244,,,,,,,,
629100,2173.2,0.001425,,,,,,,,
629200,2173.4,0.004857,,,,,,,,
629300,2173.7,0.001436,,,,,,,,
629400,2174.0,0.002976,,,,,,,,
629500,2174.3,0.001523,,,,,,,,
629600,2174.6,0.003406,,,,,,,,
629700,2174.9,0.001559,,,,,,,,
629800,2175.2,0.001530,,,,,,,,
629900,2175.5,0.001659,,,,,,,,
630000,2176.9,0.005921,0.003293,5.784309e+00,1.962049e-01,1.448315e-01,0.000000,5.784309e+00,1.832180e-01,1.354083e-01
630100,2177.1,0.001375,,,,,,,,
630200,2177.4,0.002306,,,,,,,,
630300,2177.7,0.001388,,,,,,,,
630400,2178.0,0.001585,,,,,,,,
630500,2178.3,0.001448,,,,,,,,
630600,2178.6,0.001386,,,,,,,,
630700,2178.9,0.001327,,,,,,,,
630800,2179.2,0.001686,,,,,,,,
630900,2179.5,0.001376,,,,,,,,
631000,2179.7,0.004882,,,,,,,,
631100,2180.0,0.001176,,,,,,,,
631200,2180.3,0.001373,,,,,,,,
631300,2180.6,0.002971,,,,,,,,
631400,2180.9,0.002989,,,,,,,,
631500,2181.2,0.001678,,,,,,,,
631600,2181.5,0.004568,,,,,,,,
631700,2181.8,0.004917,,,,,,,,
631800,2182.1,0.001329,,,,,,,,
631900,2182.4,0.003332,,,,,,,,
632000,2182.6,0.001100,,,,,,,,
632100,2182.9,0.001325,,,,,,,,
632200,2183.2,0.002449,,,,,,,,
632300,2183.5,0.001520,,,,,,,,
632400,2183.8,0.003379,,,,,,,,
632500,2184.1,0.001490,,,,,,,,
632600,2184.4,0.004410,,,,,,,,
632700,2184.6,0.002226,,,,,,,,
632800,2184.9,0.001375,,,,,,,,
632900,2185.2,0.001346,,,,,,,,
633000,2185.5,0.001550,,,,,,,,
633100,2185.8,0.001511,,,,,,,,
633200,2186.1,0.001374,,,,,,,,
633300,2186.4,0.001322,,,,,,,,
633400,2186.7,0.004800,,,,,,,,
633500,2187.0,0.001361,,,,,,,,
633600,2187.3,0.001370,,,,,,,,
633700,2187.6,0.004305,,,,,,,,
633800,2187.8,0.001416,,,,,,,,
633900,2188.1,0.001214,,,,,,,,
634000,2188.4,0.001396,,,,,,,,
634100,2188.7,0.001247,,,,,,,,
634200,2189.0,0.001299,,,,,,,,
634300,2189.3,0.001145,,,,,,,,
634400,2189.6,0.001717,,,,,,,,
634500,2189.9,0.001440,,,,,,,,
634600,2190.2,0.002315,,,,,,,,
634700,2190.5,0.001522,,,,,,,,
634800,2190.8,0.001474,,,,,,,,
634900,2191.1,0.001454,,,,,,,,
635000,2192.5,0.001484,0.002224,4.787014e+00,1.921968e-01,1.463026e-01,0.000000,4.787014e+00,1.793328e-01,1.367363e-01
635100,2192.7,0.001309,,,,,,,,
635200,2193.0,0.001090,,,,,,,,
635300,2193.3,0.002251,,,,,,,,
635400,2193.6,0.001424,,,,,,,,
635500,2193.9,0.001263,,,,,,,,
635600,2194.1,0.001383,,,,,,,,
635700,2194.4,0.001359,,,,,,,,
635800,2194.7,0.001778,,,,,,,,
635900,2195.0,0.001233,,,,,,,,
636000,2195.3,0.003880,,,,,,,,
636100,2195.6,0.001652,,,,,,,,
636200,2195.9,0.001607,,,,,,,,
636300,2196.2,0.001554,,,,,,,,
636400,2196.5,0.001528,,,,,,,,
636500,2196.8,0.001275,,,,,,,,
636600,2197.1,0.001436,,,,,,,,
636700,2197.4,0.003013,,,,,,,,
636800,2197.7,0.001604,,,,,,,,
636900,2198.0,0.001658,,,,,,,,
637000,2198.3,0.004017,,,,,,,,
637100,2198.6,0.001219,,,,,,,,
637200,2198.9,0.001965,,,,,,,,
637300,2199.1,0.001731,,,,,,,,
637400,2199.4,0.001521,,,,,,,,
637500,2199.7,0.002107,,,,,,,,
637600,2200.0,0.001445,,,,,,,,
637700,2200.3,0.001360,,,,,,,,
637800,2200.6,0.001510,,,,,,,,
637900,2200.9,0.005066,,,,,,,,
638000,2201.2,0.001542,,,,,,,,
638100,2201.5,0.001572,,,,,,,,
638200,2201.8,0.001368,,,,,,,,
638300,2202.1,0.001157,,,,,,,,
638400,2202.4,0.001515,,,,,,,,
638500,2202.7,0.001515,,,,,,,,
638600,2203.0,0.005312,,,,,,,,
638700,2203.3,0.003786,,,,,,,,
638800,2203.6,0.002216,,,,,,,,
638900,2203.9,0.003547,,,,,,,,
639000,2204.1,0.001434,,,,,,,,
639100,2204.4,0.004701,,,,,,,,
639200,2204.7,0.001908,,,,,,,,
639300,2205.0,0.001568,,,,,,,,
639400,2205.3,0.003637,,,,,,,,
639500,2205.6,0.001325,,,,,,,,
639600,2205.9,0.002840,,,,,,,,
639700,2206.2,0.002275,,,,,,,,
639800,2206.5,0.001396,,,,,,,,
639900,2206.8,0.001607,,,,,,,,
640000,2208.1,0.001783,0.001571,1.988486e+00,1.883750e-01,1.467767e-01,0.000000,1.988486e+00,1.743724e-01,1.366257e-01
640100,2208.4,0.001443,,,,,,,,
640200,2208.6,0.002567,,,,,,,,
640300,2208.9,0.001252,,,,,,,,
640400,2209.2,0.001351,,,,,,,,
640500,2209.5,0.003428,,,,,,,,
640600,2209.8,0.003905,,,,,,,,
640700,2210.1,0.001335,,,,,,,,
640800,2210.4,0.001419,,,,,,,,
640900,2210.7,0.001414,,,,,,,,
641000,2211.0,0.004482,,,,,,,,
641100,2211.3,0.001427,,,,,,,,
641200,2211.6,0.001418,,,,,,,,
641300,2211.9,0.001696,,,,,,,,
641400,2212.1,0.001562,,,,,,,,
641500,2212.4,0.002221,,,,,,,,
641600,2212.7,0.001568,,,,,,,,
641700,2213.0,0.001374,,,,,,,,
641800,2213.3,0.001537,,,,,,,,
641900,2213.6,0.001505,,,,,,,,
642000,2213.9,0.001345,,,,,,,,
642100,2214.2,0.002009,,,,,,,,
642200,2214.5,0.001304,,,,,,,,
642300,2214.8,0.001646,,,,,,,,
642400,2215.1,0.001525,,,,,,,,
642500,2215.3,0.001179,,,,,,,,
642600,2215.6,0.001444,,,,,,,,
642700,2215.9,0.001391,,,,,,,,
642800,2216.2,0.004743,,,,,,,,
642900,2216.5,0.001398,,,,,,,,
643000,2216.8,0.001347,,,,,,,,
643100,2217.1,0.003490,,,,,,,,
643200,2217.4,0.001127,,,,,,,,
643300,2217.7,0.001573,,,,,,,,
643400,2217.9,0.001318,,,,,,,,
643500,2218.2,0.001420,,,,,,,,
643600,2218.5,0.001494,,,,,,,,
643700,2218.8,0.001506,,,,,,,,
643800,2219.1,0.001484,,,,,,,,
643900,2219.4,0.001255,,,,,,,,
644000,2219.6,0.001215,,,,,,,,
644100,2219.9,0.001348,,,,,,,,
644200,2220.2,0.001445,,,,,,,,
644300,2220.5,0.002534,,,,,,,,
644400,2220.8,0.001458,,,,,,,,
644500,2221.1,0.001316,,,,,,,,
644600,2221.4,0.001437,,,,,,,,
644700,2221.7,0.001389,,,,,,,,
644800,2222.0,0.001799,,,,,,,,
644900,2222.3,0.001335,,,,,,,,
645000,2223.6,0.001427,0.001795,3.999448e+00,1.890433e-01,1.456911e-01,0.000000,3.999448e+00,1.757166e-01,1.357764e-01
645100,2223.8,0.001447,,,,,,,,
645200,2224.1,0.001880,,,,,,,,
645300,2224.4,0.001504,,,,,,,,
645400,2224.7,0.004218,,,,,,,,
645500,2224.9,0.007334,,,,,,,,
645600,2225.2,0.001439,,,,,,,,
645700,2225.6,0.002842,,,,,,,,
645800,2226.0,0.004425,,,,,,,,
645900,2226.5,0.001226,,,,,,,,
646000,2226.9,0.002087,,,,,,,,
646100,2227.4,0.001204,,,,,,,,
646200,2227.8,0.001410,,,,,,,,
646300,2228.2,0.001688,,,,,,,,
646400,2228.5,0.001159,,,,,,,,
646500,2228.8,0.001481,,,,,,,,
646600,2229.1,0.001398,,,,,,,,
646700,2229.4,0.001229,,,,,,,,
646800,2229.7,0.001462,,,,,,,,
646900,2230.0,0.001189,,,,,,,,
647000,2230.3,0.003817,,,,,,,,
647100,2230.5,0.001621,,,,,,,,
647200,2230.8,0.001521,,,,,,,,
647300,2231.1,0.003050,,,,,,,,
647400,2231.4,0.001476,,,,,,,,
647500,2231.7,0.002678,,,,,,,,
647600,2231.9,0.001535,,,,,,,,
647700,2232.2,0.001492,,,,,,,,
647800,2232.5,0.001277,,,,,,,,
647900,2232.8,0.004025,,,,,,,,
648000,2233.1,0.002017,,,,,,,,
648100,2233.4,0.001312,,,,,,,,
648200,2233.7,0.001225,,,,,,,,
648300,2234.0,0.001308,,,,,,,,
648400,2234.2,0.001268,,,,,,,,
648500,2234.5,0.001238,,,,,,,,
648600,2234.8,0.001251,,,,,,,,
648700,2235.1,0.002701,,,,,,,,
648800,2235.4,0.001254,,,,,,,,
648900,2235.6,0.001337,,,,,,,,
649000,2235.9,0.003937,,,,,,,,
649100,2236.2,0.001422,,,,,,,,
649200,2236.5,0.001317,,,,,,,,
649300,2236.8,0.001887,,,,,,,,
649400,2237.1,0.001459,,,,,,,,
649500,2237.4,0.001489,,,,,,,,
649600,2237.7,0.001686,,,,,,,,
649700,2237.9,0.001513,,,,,,,,
649800,2238.2,0.001435,,,,,,,,
649900,2238.5,0.001499,,,,,,,,
650000,2239.9,0.001947,0.001441,1.338930e+00,1.849462e-01,1.473877e-01,0.000000,1.338930e+00,1.725694e-01,1.373971e-01
650100,2240.1,0.001430,,,,,,,,
650200,2240.4,0.001455,,,,,,,,
650300,2240.7,0.001430,,,,,,,,
650400,2241.0,0.001410,,,,,,,,
650500,2241.3,0.003539,,,,,,,,
650600,2241.6,0.001299,,,,,,,,
650700,2241.9,0.001368,,,,,,,,
650800,2242.2,0.003344,,,,,,,,
650900,2242.4,0.001461,,,,,,,,
651000,2242.7,0.001851,,,,,,,,
651100,2243.0,0.002667,,,,,,,,
651200,2243.3,0.005078,,,,,,,,
651300,2243.6,0.001289,,,,,,,,
651400,2243.9,0.001645,,,,,,,,
651500,2244.2,0.001377,,,,,,,,
651600,2244.5,0.001456,,,,,,,,
651700,2244.7,0.001311,,,,,,,,
651800,2245.0,0.001181,,,,,,,,
651900,2245.3,0.001465,,,,,,,,
652000,2245.6,0.001399,,,,,,,,
652100,2245.9,0.001283,,,,,,,,
652200,2246.2,0.001374,,,,,,,,
652300,2246.5,0.004104,,,,,,,,
652400,2246.8,0.001561,,,,,,,,
652500,2247.1,0.001253,,,,,,,,
652600,2247.3,0.006044,,,,,,,,
652700,2247.6,0.001096,,,,,,,,
652800,2247.9,0.001292,,,,,,,,
652900,2248.2,0.001399,,,,,,,,
653000,2248.5,0.001376,,,,,,,,
653100,2248.8,0.001594,,,,,,,,
653200,2249.1,0.001515,,,,,,,,
653300,2249.4,0.001380,,,,,,,,
653400,2249.7,0.002354,,,,,,,,
653500,2250.0,0.001277,,,,,,,,
653600,2250.3,0.001452,,,,,,,,
653700,2250.6,0.006068,,,,,,,,
653800,2250.9,0.001896,,,,,,,,
653900,2251.2,0.001433,,,,,,,,
654000,2251.5,0.004436,,,,,,,,
654100,2251.7,0.001611,,,,,,,,
654200,2252.0,0.001292,,,,,,,,
654300,2252.3,0.001247,,,,,,,,
654400,2252.6,0.001162,,,,,,,,
654500,2252.9,0.001412,,,,,,,,
654600,2253.2,0.001360,,,,,,,,
654700,2253.4,0.001200,,,,,,,,
654800,2253.7,0.001463,,,,,,,,
654900,2253.9,0.001377,,,,,,,,
655000,2255.3,0.001423,0.001507,2.567913e+00,1.852674e-01,1.456792e-01,0.000000,2.567913e+00,1.722118e-01,1.353204e-01
655100,2255.6,0.002002,,,,,,,,
655200,2255.9,0.002115,,,,,,,,
655300,2256.1,0.001903,,,,,,,,
655400,2256.4,0.001469,,,,,,,,
655500,2256.7,0.001704,,,,,,,,
655600,2257.0,0.001456,,,,,,,,
655700,2257.3,0.001294,,,,,,,,
655800,2257.5,0.002613,,,,,,,,
655900,2257.8,0.001750,,,,,,,,
656000,2258.1,0.001342,,,,,,,,
656100,2258.4,0.001559,,,,,,,,
656200,2258.7,0.002863,,,,,,,,
656300,2259.0,0.001618,,,,,,,,
656400,2259.3,0.005631,,,,,,,,
656500,2259.6,0.003399,,,,,,,,
656600,2259.8,0.001212,,,,,,,,
656700,2260.1,0.001276,,,,,,,,
656800,2260.4,0.001583,,,,,,,,
656900,2260.7,0.001319,,,,,,,,
657000,2261.0,0.001548,,,,,,,,
657100,2261.3,0.001318,,,,,,,,
657200,2261.6,0.002278,,,,,,,,
657300,2261.9,0.001280,,,,,,,,
657400,2262.2,0.002735,,,,,,,,
657500,2262.4,0.005933,,,,,,,,
657600,2262.7,0.001380,,,,,,,,
657700,2263.0,0.001322,,,,,,,,
657800,2263.3,0.002611,,,,,,,,
657900,2263.6,0.001354,,,,,,,,
658000,2263.9,0.001302,,,,,,,,
658100,2264.2,0.001295,,,,,,,,
658200,2264.5,0.001348,,,,,,,,
658300,2264.8,0.001451,,,,,,,,
658400,2265.1,0.001541,,,,,,,,
658500,2265.4,0.001250,,,,,,,,
658600,2265.6,0.001398,,,,,,,,
658700,2265.9,0.001559,,,,,,,,
658800,2266.2,0.001608,,,,,,,,
658900,2266.5,0.001524,,,,,,,,
659000,2266.8,0.001515,,,,,,,,
659100,2267.1,0.001741,,,,,,,,
659200,2267.4,0.006019,,,,,,,,
659300,2267.7,0.001341,,,,,,,,
659400,2268.0,0.005911,,,,,,,,
659500,2268.2,0.001282,,,,,,,,
659600,2268.5,0.004045,,,,,,,,
659700,2268.8,0.001390,,,,,,,,
659800,2269.1,0.002186,,,,,,,,
659900,2269.4,0.003076,,,,,,,,
660000,2270.8,0.001438,0.001584,3.412836e+00,1.852672e-01,1.433863e-01,0.000000,3.412836e+00,1.723068e-01,1.339642e-01
660100,2271.0,0.001212,,,,,,,,
660200,2271.3,0.001536,,,,,,,,
660300,2271.6,0.001249,,,,,,,,
660400,2271.9,0.002203,,,,,,,,
660500,2272.3,0.001244,,,,,,,,
660600,2272.8,0.001417,,,,,,,,
660700,2273.2,0.001448,,,,,,,,
660800,2273.7,0.001376,,,,,,,,
660900,2274.1,0.001396,,,,,,,,
661000,2274.6,0.001228,,,,,,,,
661100,2275.1,0.001508,,,,,,,,
661200,2275.5,0.001486,,,,,,,,
661300,2276.0,0.001158,,,,,,,,
661400,2276.5,0.001209,,,,,,,,
661500,2276.9,0.001414,,,,,,,,
661600,2277.4,0.002056,,,,,,,,
661700,2277.8,0.001452,,,,,,,,
661800,2278.3,0.001206,,,,,,,,
661900,2278.7,0.001412,,,,,,,,
662000,2279.0,0.001407,,,,,,,,
662100,2279.3,0.001477,,,,,,,,
662200,2279.6,0.002916,,,,,,,,
662300,2279.9,0.002065,,,,,,,,
662400,2280.2,0.001675,,,,,,,,
662500,2280.5,0.001193,,,,,,,,
662600,2280.7,0.001364,,,,,,,,
662700,2281.0,0.003808,,,,,,,,
662800,2281.3,0.001450,,,,,,,,
662900,2281.6,0.001617,,,,,,,,
663000,2281.9,0.004459,,,,,,,,
663100,2282.2,0.002427,,,,,,,,
663200,2282.4,0.001553,,,,,,,,
663300,2282.7,0.001498,,,,,,,,
663400,2283.0,0.001472,,,,,,,,
663500,2283.3,0.004971,,,,,,,,
663600,2283.6,0.007211,,,,,,,,
663700,2283.9,0.001424,,,,,,,,
663800,2284.2,0.003043,,,,,,,,
663900,2284.5,0.002159,,,,,,,,
664000,2284.8,0.004171,,,,,,,,
664100,2285.1,0.001314,,,,,,,,
664200,2285.3,0.001388,,,,,,,,
664300,2285.6,0.003263,,,,,,,,
664400,2285.8,0.003689,,,,,,,,
664500,2286.1,0.001315,,,,,,,,
664600,2286.4,0.001569,,,,,,,,
664700,2286.7,0.001257,,,,,,,,
664800,2287.0,0.005343,,,,,,,,
664900,2287.3,0.001195,,,,,,,,
665000,2288.7,0.002144,0.001633,3.030533e+00,1.856853e-01,1.446694e-01,0.000000,3.030533e+00,1.725849e-01,1.338762e-01
665100,2288.9,0.001350,,,,,,,,
665200,2289.2,0.003763,,,,,,,,
665300,2289.5,0.001422,,,,,,,,
665400,2289.7,0.001279,,,,,,,,
665500,2290.0,0.001361,,,,,,,,
665600,2290.3,0.002084,,,,,,,,
665700,2290.6,0.001318,,,,,,,,
665800,2290.9,0.001534,,,,,,,,
665900,2291.2,0.001493,,,,,,,,
666000,2291.5,0.001834,,,,,,,,
666100,2291.8,0.001931,,,,,,,,
666200,2292.1,0.001395,,,,,,,,
666300,2292.3,0.004317,,,,,,,,
666400,2292.6,0.001481,,,,,,,,
666500,2292.9,0.001320,,,,,,,,
666600,2293.2,0.001427,,,,,,,,
666700,2293.5,0.001447,,,,,,,,
666800,2293.8,0.005071,,,,,,,,
666900,2294.1,0.001282,,,,,,,,
667000,2294.4,0.001470,,,,,,,,
667100,2294.7,0.001471,,,,,,,,
667200,2294.9,0.006031,,,,,,,,
667300,2295.2,0.005505,,,,,,,,
667400,2295.5,0.001464,,,,,,,,
667500,2295.8,0.001390,,,,,,,,
667600,2296.1,0.001655,,,,,,,,
667700,2296.4,0.001311,,,,,,,,
667800,2296.7,0.002904,,,,,,,,
667900,2297.0,0.001444,,,,,,,,
668000,2297.2,0.001288,,,,,,,,
668100,2297.5,0.001353,,,,,,,,
668200,2297.8,0.001324,,,,,,,,
668300,2298.0,0.001446,,,,,,,,
668400,2298.2,0.001470,,,,,,,,
668500,2298.5,0.001332,,,,,,,,
668600,2298.8,0.001405,,,,,,,,
668700,2299.1,0.001236,,,,,,,,
668800,2299.4,0.001276,,,,,,,,
668900,2299.7,0.001544,,,,,,,,
669000,2300.0,0.002555,,,,,,,,
669100,2300.2,0.001384,,,,,,,,
669200,2300.5,0.001423,,,,,,,,
669300,2300.8,0.001137,,,,,,,,
669400,2301.1,0.001241,,,,,,,,
669500,2301.4,0.001451,,,,,,,,
669600,2301.7,0.001331,,,,,,,,
669700,2301.9,0.001858,,,,,,,,
669800,2302.2,0.001533,,,,,,,,
669900,2302.5,0.001380,,,,,,,,
670000,2303.9,0.001412,0.001443,1.726179e+00,1.835777e-01,1.444017e-01,0.000000,1.726179e+00,1.700804e-01,1.342141e-01
670100,2304.1,0.001672,,,,,,,,
670200,2304.4,0.001537,,,,,,,,
670300,2304.7,0.001413,,,,,,,,
670400,2305.0,0.001507,,,,,,,,
670500,2305.3,0.001476,,,,,,,,
670600,2305.5,0.001976,,,,,,,,
670700,2305.8,0.002415,,,,,,,,
670800,2306.1,0.002336,,,,,,,,
670900,2306.4,0.001616,,,,,,,,
671000,2306.6,0.001437,,,,,,,,
671100,2306.9,0.002735,,,,,,,,
671200,2307.3,0.001307,,,,,,,,
671300,2307.7,0.003339,,,,,,,,
671400,2308.1,0.001363,,,,,,,,
671500,2308.3,0.001547,,,,,,,,
671600,2308.5,0.001210,,,,,,,,
671700,2308.8,0.001616,,,,,,,,
671800,2309.1,0.001398,,,,,,,,
671900,2309.4,0.001457,,,,,,,,
672000,2309.8,0.001414,,,,,,,,
672100,2310.3,0.001531,,,,,,,,
672200,2310.7,0.002070,,,,,,,,
672300,2311.1,0.001287,,,,,,,,
672400,2311.5,0.001179,,,,,,,,
672500,2311.9,0.003209,,,,,,,,
672600,2312.3,0.004178,,,,,,,,
672700,2312.7,0.001437,,,,,,,,
672800,2313.1,0.001333,,,,,,,,
672900,2313.6,0.002017,,,,,,,,
673000,2314.0,0.001188,,,,,,,,
673100,2314.4,0.001340,,,,,,,,
673200,2314.7,0.001480,,,,,,,,
673300,2315.1,0.001462,,,,,,,,
673400,2315.4,0.001714,,,,,,,,
673500,2315.8,0.001288,,,,,,,,
673600,2316.3,0.001419,,,,,,,,
673700,2316.7,0.001372,,,,,,,,
673800,2317.1,0.001239,,,,,,,,
673900,2317.6,0.001350,,,,,,,,
674000,2318.0,0.002143,,,,,,,,
674100,2318.4,0.001247,,,,,,,,
674200,2318.9,0.001282,,,,,,,,
674300,2319.3,0.001589,,,,,,,,
674400,2319.7,0.001632,,,,,,,,
674500,2320.2,0.002178,,,,,,,,
674600,2320.6,0.003405,,,,,,,,
674700,2321.0,0.001971,,,,,,,,
674800,2321.5,0.001585,,,,,,,,
674900,2321.9,0.001240,,,,,,,,
675000,2323.5,0.001284,0.001639,3.743469e+00,1.862062e-01,1.435279e-01,0.000000,3.743469e+00,1.730463e-01,1.342834e-01
675100,2323.8,0.001275,,,,,,,,
675200,2324.1,0.001066,,,,,,,,
675300,2324.4,0.003117,,,,,,,,
675400,2324.8,0.006258,,,,,,,,
675500,2325.2,0.001288,,,,,,,,
675600,2325.7,0.001743,,,,,,,,
675700,2326.1,0.001254,,,,,,,,
675800,2326.6,0.001384,,,,,,,,
675900,2327.0,0.002249,,,,,,,,
676000,2327.4,0.004237,,,,,,,,
676100,2327.8,0.001446,,,,,,,,
676200,2328.3,0.001186,,,,,,,,
676300,2328.7,0.001197,,,,,,,,
676400,2329.1,0.001277,,,,,,,,
676500,2329.5,0.001138,,,,,,,,
676600,2329.9,0.001331,,,,,,,,
676700,2330.3,0.001163,,,,,,,,
676800,2330.8,0.001348,,,,,,,,
676900,2331.2,0.002511,,,,,,,,
677000,2331.7,0.001444,,,,,,,,
677100,2332.1,0.001660,,,,,,,,
677200,2332.5,0.001274,,,,,,,,
677300,2333.0,0.001434,,,,,,,,
677400,2333.4,0.001666,,,,,,,,
677500,2333.8,0.001319,,,,,,,,
677600,2334.3,0.002517,,,,,,,,
677700,2334.7,0.001067,,,,,,,,
677800,2335.2,0.002638,,,,,,,,
677900,2335.6,0.002698,,,,,,,,
678000,2336.0,0.002157,,,,,,,,
678100,2336.4,0.001423,,,,,,,,
678200,2336.7,0.001245,,,,,,,,
678300,2337.0,0.001055,,,,,,,,
678400,2337.4,0.001130,,,,,,,,
678500,2337.8,0.001254,,,,,,,,
678600,2338.3,0.001617,,,,,,,,
678700,2338.7,0.001731,,,,,,,,
678800,2339.1,0.001115,,,,,,,,
678900,2339.5,0.001444,,,,,,,,
679000,2340.0,0.001494,,,,,,,,
679100,2340.4,0.001529,,,,,,,,
679200,2340.8,0.002087,,,,,,,,
679300,2341.3,0.001649,,,,,,,,
679400,2341.7,0.001228,,,,,,,,
679500,2342.1,0.001615,,,,,,,,
679600,2342.5,0.003704,,,,,,,,
679700,2343.0,0.001651,,,,,,,,
679800,2343.4,0.007133,,,,,,,,
679900,2343.9,0.001475,,,,,,,,
680000,2345.5,0.001363,0.001474,2.977507e+00,1.832597e-01,1.439586e-01,0.000000,2.977507e+00,1.692905e-01,1.337150e-01
680100,2345.7,0.004671,,,,,,,,
680200,2346.0,0.002175,,,,,,,,
680300,2346.3,0.001470,,,,,,,,
680400,2346.8,0.001286,,,,,,,,
680500,2347.2,0.001241,,,,,,,,
680600,2347.5,0.002309,,,,,,,,
680700,2347.8,0.001166,,,,,,,,
680800,2348.1,0.001214,,,,,,,,
680900,2348.5,0.001258,,,,,,,,
681000,2348.8,0.001275,,,,,,,,
681100,2349.1,0.003726,,,,,,,,
681200,2349.4,0.001310,,,,,,,,
681300,2349.7,0.001124,,,,,,,,
681400,2350.2,0.001336,,,,,,,,
681500,2350.6,0.002800,,,,,,,,
681600,2351.0,0.001527,,,,,,,,
681700,2351.4,0.001439,,,,,,,,
681800,2351.8,0.001516,,,,,,,,
681900,2352.2,0.001191,,,,,,,,
682000,2352.7,0.001302,,,,,,,,
682100,2353.1,0.002135,,,,,,,,
682200,2353.5,0.001295,,,,,,,,
682300,2354.0,0.001295,,,,,,,,
682400,2354.4,0.001374,,,,,,,,
682500,2354.9,0.001534,,,,,,,,
682600,2355.3,0.001371,,,,,,,,
682700,2355.7,0.002751,,,,,,,,
682800,2356.2,0.001228,,,,,,,,
682900,2356.6,0.001275,,,,,,,,
683000,2357.0,0.001262,,,,,,,,
683100,2357.5,0.003372,,,,,,,,
683200,2357.9,0.001283,,,,,,,,
683300,2358.3,0.001629,,,,,,,,
683400,2358.7,0.002364,,,,,,,,
683500,2359.1,0.001701,,,,,,,,
683600,2359.6,0.001311,,,,,,,,
683700,2360.0,0.001556,,,,,,,,
683800,2360.5,0.001238,,,,,,,,
683900,2360.9,0.001494,,,,,,,,
684000,2361.4,0.001363,,,,,,,,
684100,2361.8,0.001760,,,,,,,,
684200,2362.2,0.001435,,,,,,,,
684300,2362.7,0.001305,,,,,,,,
684400,2363.1,0.001250,,,,,,,,
684500,2363.6,0.001320,,,,,,,,
684600,2363.9,0.001253,,,,,,,,
684700,2364.4,0.002198,,,,,,,,
684800,2364.8,0.001397,,,,,,,,
684900,2365.3,0.001424,,,,,,,,
685000,2366.8,0.001374,0.001616,3.231510e+00,1.848440e-01,1.433412e-01,0.000000,3.231510e+00,1.717603e-01,1.332940e-01
685100,2367.0,0.004871,,,,,,,,
685200,2367.3,0.001253,,,,,,,,
685300,2367.7,0.001398,,,,,,,,
685400,2368.1,0.001391,,,,,,,,
685500,2368.6,0.001337,,,,,,,,
685600,2369.0,0.001549,,,,,,,,
685700,2369.5,0.001380,,,,,,,,
685800,2369.9,0.001251,,,,,,,,
685900,2370.3,0.002708,,,,,,,,
686000,2370.8,0.001232,,,,,,,,
686100,2371.2,0.001380,,,,,,,,
686200,2371.6,0.001339,,,,,,,,
686300,2372.1,0.001343,,,,,,,,
686400,2372.5,0.001508,,,,,,,,
686500,2373.0,0.001199,,,,,,,,
686600,2373.4,0.001371,,,,,,,,
686700,2373.9,0.001398,,,,,,,,
686800,2374.3,0.001957,,,,,,,,
686900,2374.8,0.001302,,,,,,,,
687000,2375.3,0.003996,,,,,,,,
687100,2375.7,0.001224,,,,,,,,
687200,2376.0,0.001374,,,,,,,,
687300,2376.3,0.001367,,,,,,,,
687400,2376.6,0.003292,,,,,,,,
687500,2377.1,0.002221,,,,,,,,
687600,2377.5,0.001117,,,,,,,,
687700,2377.9,0.001429,,,,,,,,
687800,2378.2,0.001642,,,,,,,,
687900,2378.5,0.001234,,,,,,,,
688000,2378.8,0.001156,,,,,,,,
688100,2379.1,0.004832,,,,,,,,
688200,2379.3,0.001373,,,,,,,,
688300,2379.6,0.001258,,,,,,,,
688400,2379.9,0.001573,,,,,,,,
688500,2380.2,0.001922,,,,,,,,
688600,2380.5,0.002050,,,,,,,,
688700,2380.8,0.001651,,,,,,,,
688800,2381.1,0.001412,,,,,,,,
688900,2381.4,0.001613,,,,,,,,
689000,2381.6,0.001414,,,,,,,,
689100,2381.9,0.002048,,,,,,,,
689200,2382.2,0.004213,,,,,,,,
689300,2382.5,0.002800,,,,,,,,
689400,2382.8,0.001766,,,,,,,,
689500,2383.1,0.001148,,,,,,,,
689600,2383.4,0.002246,,,,,,,,
689700,2383.7,0.001537,,,,,,,,
689800,2383.9,0.002876,,,,,,,,
689900,2384.2,0.001540,,,,,,,,
690000,2385.6,0.001939,0.001479,2.590543e+00,1.837698e-01,1.434383e-01,0.000000,2.590543e+00,1.705319e-01,1.337864e-01
690100,2385.9,0.001550,,,,,,,,
690200,2386.2,0.001314,,,,,,,,
690300,2386.5,0.001699,,,,,,,,
690400,2386.7,0.001326,,,,,,,,
690500,2387.0,0.001124,,,,,,,,
690600,2387.3,0.001534,,,,,,,,
690700,2387.6,0.003604,,,,,,,,
690800,2387.9,0.001406,,,,,,,,
690900,2388.2,0.001254,,,,,,,,
691000,2388.5,0.001262,,,,,,,,
691100,2388.7,0.001394,,,,,,,,
691200,2389.0,0.001373,,,,,,,,
691300,2389.3,0.001560,,,,,,,,
691400,2389.6,0.001395,,,,,,,,
691500,2389.9,0.001382,,,,,,,,
691600,2390.2,0.001545,,,,,,,,
691700,2390.5,0.001264,,,,,,,,
691800,2390.8,0.002392,,,,,,,,
691900,2391.1,0.003294,,,,,,,,
692000,2391.4,0.001349,,,,,,,,
692100,2391.6,0.001132,,,,,,,,
692200,2391.9,0.002840,,,,,,,,
692300,2392.2,0.002865,,,,,,,,
692400,2392.5,0.001678,,,,,,,,
692500,2392.8,0.001457,,,,,,,,
692600,2393.1,0.003286,,,,,,,,
692700,2393.3,0.001147,,,,,,,,
692800,2393.6,0.001081,,,,,,,,
692900,2393.8,0.001308,,,,,,,,
693000,2394.1,0.001468,,,,,,,,
693100,2394.4,0.001303,,,,,,,,
693200,2394.7,0.001259,,,,,,,,
693300,2395.0,0.003936,,,,,,,,
693400,2395.3,0.001367,,,,,,,,
693500,2395.6,0.001285,,,,,,,,
693600,2395.9,0.001692,,,,,,,,
693700,2396.1,0.001813,,,,,,,,
693800,2396.4,0.001348,,,,,,,,
693900,2396.7,0.001313,,,,,,,,
694000,2397.0,0.001082,,,,,,,,
694100,2397.3,0.001040,,,,,,,,
694200,2397.6,0.001360,,,,,,,,
694300,2397.9,0.001436,,,,,,,,
694400,2398.2,0.001479,,,,,,,,
694500,2398.4,0.001361,,,,,,,,
694600,2398.7,0.001287,,,,,,,,
694700,2399.0,0.001877,,,,,,,,
694800,2399.3,0.001266,,,,,,,,
694900,2399.6,0.001349,,,,,,,,
695000,2401.0,0.001212,0.001386,1.476133e+00,1.817526e-01,1.431310e-01,0.000000,1.476133e+00,1.682300e-01,1.329085e-01
695100,2401.2,0.001427,,,,,,,,
695200,2401.5,0.001339,,,,,,,,
695300,2401.8,0.001491,,,,,,,,
695400,2402.1,0.002510,,,,,,,,
695500,2402.4,0.001248,,,,,,,,
695600,2402.7,0.001574,,,,,,,,
695700,2403.0,0.001619,,,,,,,,
695800,2403.2,0.001362,,,,,,,,
695900,2403.5,0.002124,,,,,,,,
696000,2403.7,0.001207,,,,,,,,
696100,2404.0,0.001327,,,,,,,,
696200,2404.3,0.001200,,,,,,,,
696300,2404.6,0.001722,,,,,,,,
696400,2404.9,0.001432,,,,,,,,
696500,2405.1,0.001258,,,,,,,,
696600,2405.4,0.001587,,,,,,,,
696700,2405.7,0.001510,,,,,,,,
696800,2406.0,0.002068,,,,,,,,
696900,2406.3,0.001315,,,,,,,,
697000,2406.6,0.004285,,,,,,,,
697100,2406.8,0.002336,,,,,,,,
697200,2407.1,0.001172,,,,,,,,
697300,2407.4,0.001816,,,,,,,,
697400,2407.7,0.001262,,,,,,,,
697500,2408.0,0.001588,,,,,,,,
697600,2408.3,0.001486,,,,,,,,
697700,2408.6,0.001179,,,,,,,,
697800,2408.8,0.001400,,,,,,,,
697900,2409.1,0.001439,,,,,,,,
698000,2409.4,0.004554,,,,,,,,
698100,2409.7,0.003425,,,,,,,,
698200,2410.0,0.001408,,,,,,,,
698300,2410.3,0.001296,,,,,,,,
698400,2410.6,0.002310,,,,,,,,
698500,2410.9,0.001180,,,,,,,,
698600,2411.2,0.001284,,,,,,,,
698700,2411.5,0.001857,,,,,,,,
698800,2411.8,0.001544,,,,,,,,
698900,2412.1,0.001312,,,,,,,,
699000,2412.3,0.004436,,,,,,,,
699100,2412.6,0.001840,,,,,,,,
699200,2412.9,0.001274,,,,,,,,
699300,2413.2,0.001546,,,,,,,,
699400,2413.5,0.001848,,,,,,,,
699500,2413.8,0.001295,,,,,,,,
699600,2414.1,0.001590,,,,,,,,
699700,2414.4,0.001639,,,,,,,,
699800,2414.7,0.001242,,,,,,,,
699900,2415.0,0.001391,,,,,,,,
700000,2416.3,0.001507,0.001462,2.723845e+00,1.814575e-01,1.414475e-01,0.000000,2.723845e+00,1.684879e-01,1.317176e-01
700100,2416.6,0.003754,,,,,,,,
700200,2416.9,0.001330,,,,,,,,
700300,2417.1,0.003252,,,,,,,,
700400,2417.4,0.006447,,,,,,,,
700500,2417.7,0.003458,,,,,,,,
700600,2418.0,0.001346,,,,,,,,
700700,2418.3,0.002041,,,,,,,,
700800,2418.6,0.001414,,,,,,,,
700900,2418.9,0.001310,,,,,,,,
701000,2419.2,0.001137,,,,,,,,
701100,2419.5,0.001332,,,,,,,,
701200,2419.8,0.001259,,,,,,,,
701300,2420.1,0.003132,,,,,,,,
701400,2420.4,0.001136,,,,,,,,
701500,2420.7,0.001855,,,,,,,,
701600,2421.0,0.004084,,,,,,,,
701700,2421.2,0.001356,,,,,,,,
701800,2421.5,0.001121,,,,,,,,
701900,2421.8,0.002837,,,,,,,,
702000,2422.1,0.001183,,,,,,,,
702100,2422.4,0.002275,,,,,,,,
702200,2422.7,0.001208,,,,,,,,
702300,2423.0,0.001921,,,,,,,,
702400,2423.3,0.001160,,,,,,,,
702500,2423.6,0.003005,,,,,,,,
702600,2423.9,0.001129,,,,,,,,
702700,2424.2,0.001390,,,,,,,,
702800,2424.5,0.002841,,,,,,,,
702900,2424.8,0.001216,,,,,,,,
703000,2425.1,0.004565,,,,,,,,
703100,2425.4,0.001295,,,,,,,,
703200,2425.6,0.001161,,,,,,,,
703300,2425.9,0.001306,,,,,,,,
703400,2426.2,0.001389,,,,,,,,
703500,2426.5,0.001231,,,,,,,,
703600,2426.8,0.001350,,,,,,,,
703700,2427.1,0.001199,,,,,,,,
703800,2427.4,0.001544,,,,,,,,
703900,2427.7,0.001399,,,,,,,,
704000,2428.0,0.001736,,,,,,,,
704100,2428.3,0.001341,,,,,,,,
704200,2428.5,0.001571,,,,,,,,
704300,2428.8,0.002703,,,,,,,,
704400,2429.1,0.001324,,,,,,,,
704500,2429.4,0.001362,,,,,,,,
704600,2429.7,0.002468,,,,,,,,
704700,2430.0,0.001904,,,,,,,,
704800,2430.3,0.003769,,,,,,,,
704900,2430.6,0.001484,,,,,,,,
705000,2431.9,0.002853,0.001379,1.104210e+00,1.807600e-01,1.412870e-01,0.000000,1.104210e+00,1.673003e-01,1.315068e-01
705100,2432.2,0.001845,,,,,,,,
705200,2432.5,0.001482,,,,,,,,
705300,2432.8,0.001280,,,,,,,,
705400,2433.1,0.001276,,,,,,,,
705500,2433.3,0.001776,,,,,,,,
705600,2433.6,0.001378,,,,,,,,
705700,2433.9,0.001163,,,,,,,,
705800,2434.2,0.001217,,,,,,,,
705900,2434.5,0.001245,,,,,,,,
706000,2434.8,0.001195,,,,,,,,
706100,2435.1,0.001613,,,,,,,,
706200,2435.4,0.002655,,,,,,,,
706300,2435.7,0.002068,,,,,,,,
706400,2436.0,0.002201,,,,,,,,
706500,2436.2,0.001432,,,,,,,,
706600,2436.5,0.001114,,,,,,,,
706700,2436.8,0.001097,,,,,,,,
706800,2437.1,0.001834,,,,,,,,
706900,2437.4,0.001843,,,,,,,,
707000,2437.7,0.001099,,,,,,,,
707100,2438.0,0.001388,,,,,,,,
707200,2438.3,0.001263,,,,,,,,
707300,2438.6,0.001204,,,,,,,,
707400,2438.9,0.001426,,,,,,,,
707500,2439.2,0.001300,,,,,,,,
707600,2439.5,0.001373,,,,,,,,
707700,2439.7,0.001324,,,,,,,,
707800,2440.0,0.001924,,,,,,,,
707900,2440.3,0.001073,,,,,,,,
708000,2440.6,0.001153,,,,,,,,
708100,2440.9,0.001392,,,,,,,,
708200,2441.2,0.001394,,,,,,,,
708300,2441.5,0.001345,,,,,,,,
708400,2441.8,0.002905,,,,,,,,
708500,2442.1,0.001295,,,,,,,,
708600,2442.4,0.001511,,,,,,,,
708700,2442.7,0.001257,,,,,,,,
708800,2443.0,0.001450,,,,,,,,
708900,2443.2,0.001451,,,,,,,,
709000,2443.5,0.001457,,,,,,,,
709100,2443.8,0.001305,,,,,,,,
709200,2444.1,0.001430,,,,,,,,
709300,2444.4,0.001332,,,,,,,,
709400,2444.7,0.001406,,,,,,,,
709500,2445.0,0.002892,,,,,,,,
709600,2445.3,0.001508,,,,,,,,
709700,2445.5,0.001493,,,,,,,,
709800,2445.8,0.001305,,,,,,,,
709900,2446.1,0.001391,,,,,,,,
710000,2447.5,0.001205,0.001340,9.679849e-01,1.789303e-01,1.413837e-01,0.000000,8.394693e-01,1.653182e-01,1.311670e-01
710100,2447.7,0.003512,,,,,,,,
710200,2448.0,0.002833,,,,,,,,
710300,2448.3,0.004103,,,,,,,,
710400,2448.6,0.001325,,,,,,,,
710500,2448.9,0.001329,,,,,,,,
710600,2449.2,0.001671,,,,,,,,
710700,2449.5,0.001074,,,,,,,,
710800,2449.8,0.001253,,,,,,,,
710900,2450.1,0.001319,,,,,,,,
711000,2450.4,0.001324,,,,,,,,
711100,2450.7,0.001951,,,,,,,,
711200,2451.0,0.001338,,,,,,,,
711300,2451.3,0.002751,,,,,,,,
711400,2451.5,0.001384,,,,,,,,
711500,2451.8,0.002215,,,,,,,,
711600,2452.1,0.001988,,,,,,,,
711700,2452.4,0.004788,,,,,,,,
711800,2452.7,0.001542,,,,,,,,
711900,2453.0,0.004618,,,,,,,,
712000,2453.3,0.001176,,,,,,,,
712100,2453.6,0.001446,,,,,,,,
712200,2453.9,0.002084,,,,,,,,
712300,2454.2,0.001532,,,,,,,,
712400,2454.5,0.001272,,,,,,,,
712500,2454.8,0.001415,,,,,,,,
712600,2455.1,0.001360,,,,,,,,
712700,2455.4,0.001437,,,,,,,,
712800,2455.6,0.001725,,,,,,,,
712900,2455.9,0.001307,,,,,,,,
713000,2456.2,0.003319,,,,,,,,
713100,2456.5,0.001369,,,,,,,,
713200,2456.8,0.001139,,,,,,,,
713300,2457.1,0.001064,,,,,,,,
713400,2457.4,0.001370,,,,,,,,
713500,2457.7,0.001206,,,,,,,,
713600,2458.0,0.001238,,,,,,,,
713700,2458.3,0.001205,,,,,,,,
713800,2458.6,0.001279,,,,,,,,
713900,2458.9,0.001997,,,,,,,,
714000,2459.2,0.001279,,,,,,,,
714100,2459.5,0.001019,,,,,,,,
714200,2459.7,0.001514,,,,,,,,
714300,2460.0,0.001369,,,,,,,,
714400,2460.2,0.002605,,,,,,,,
714500,2460.5,0.001525,,,,,,,,
714600,2460.8,0.001528,,,,,,,,
714700,2461.1,0.001950,,,,,,,,
714800,2461.4,0.001492,,,,,,,,
714900,2461.7,0.001251,,,,,,,,
715000,2463.1,0.001429,0.001447,2.595883e+00,1.808709e-01,1.424990e-01,0.000000,2.595883e+00,1.673705e-01,1.325889e-01
715100,2463.3,0.001410,,,,,,,,
715200,2463.6,0.001220,,,,,,,,
715300,2463.9,0.001266,,,,,,,,
715400,2464.2,0.001455,,,,,,,,
715500,2464.5,0.001675,,,,,,,,
715600,2464.8,0.001227,,,,,,,,
715700,2465.0,0.001293,,,,,,,,
715800,2465.3,0.001143,,,,,,,,
715900,2465.6,0.001344,,,,,,,,
716000,2465.9,0.001396,,,,,,,,
716100,2466.2,0.004218,,,,,,,,
716200,2466.5,0.002405,,,,,,,,
716300,2466.7,0.004419,,,,,,,,
716400,2467.0,0.001437,,,,,,,,
716500,2467.3,0.001673,,,,,,,,
716600,2467.6,0.001315,,,,,,,,
716700,2467.9,0.001281,,,,,,,,
716800,2468.2,0.001738,,,,,,,,
716900,2468.5,0.001468,,,,,,,,
717000,2468.7,0.001152,,,,,,,,
717100,2469.0,0.001283,,,,,,,,
717200,2469.3,0.001545,,,,,,,,
717300,2469.6,0.003714,,,,,,,,
717400,2469.9,0.001477,,,,,,,,
717500,2470.2,0.001091,,,,,,,,
717600,2470.5,0.001391,,,,,,,,
717700,2470.8,0.001220,,,,,,,,
717800,2471.1,0.002006,,,,,,,,
717900,2471.4,0.001727,,,,,,,,
718000,2471.7,0.001241,,,,,,,,
718100,2471.9,0.001277,,,,,,,,
718200,2472.2,0.001362,,,,,,,,
718300,2472.5,0.001926,,,,,,,,
718400,2472.8,0.001488,,,,,,,,
718500,2473.0,0.001345,,,,,,,,
718600,2473.3,0.001228,,,,,,,,
718700,2473.6,0.002645,,,,,,,,
718800,2473.9,0.004132,,,,,,,,
718900,2474.2,0.001500,,,,,,,,
719000,2474.4,0.001194,,,,,,,,
719100,2474.7,0.001503,,,,,,,,
719200,2475.0,0.001459,,,,,,,,
719300,2475.3,0.002359,,,,,,,,
719400,2475.6,0.001227,,,,,,,,
719500,2475.9,0.001294,,,,,,,,
719600,2476.2,0.001539,,,,,,,,
719700,2476.5,0.004266,,,,,,,,
719800,2476.8,0.001103,,,,,,,,
719900,2477.1,0.001302,,,,,,,,
720000,2478.5,0.001302,0.001707,4.637259e+00,1.837570e-01,1.416514e-01,0.000000,4.637259e+00,1.700930e-01,1.312041e-01
720100,2478.7,0.001600,,,,,,,,
720200,2479.0,0.001365,,,,,,,,
720300,2479.3,0.001229,,,,,,,,
720400,2479.6,0.001501,,,,,,,,
720500,2479.9,0.001531,,,,,,,,
720600,2480.1,0.001345,,,,,,,,
720700,2480.4,0.001368,,,,,,,,
720800,2480.7,0.001340,,,,,,,,
720900,2481.0,0.001426,,,,,,,,
721000,2481.3,0.002416,,,,,,,,
721100,2481.6,0.001261,,,,,,,,
721200,2481.9,0.004212,,,,,,,,
721300,2482.2,0.001718,,,,,,,,
721400,2482.5,0.001097,,,,,,,,
721500,2482.8,0.001327,,,,,,,,
721600,2483.1,0.001446,,,,,,,,
721700,2483.4,0.001265,,,,,,,,
721800,2483.7,0.001399,,,,,,,,
721900,2484.0,0.001477,,,,,,,,
722000,2484.3,0.001521,,,,,,,,
722100,2484.5,0.001332,,,,,,,,
722200,2484.8,0.001502,,,,,,,,
722300,2485.1,0.001326,,,,,,,,
722400,2485.4,0.001415,,,,,,,,
722500,2485.7,0.001158,,,,,,,,
722600,2486.0,0.001396,,,,,,,,
722700,2486.3,0.002797,,,,,,,,
722800,2486.6,0.001358,,,,,,,,
722900,2486.9,0.001275,,,,,,,,
723000,2487.1,0.001226,,,,,,,,
723100,2487.4,0.001503,,,,,,,,
723200,2487.7,0.001609,,,,,,,,
723300,2488.0,0.001282,,,,,,,,
723400,2488.3,0.001152,,,,,,,,
723500,2488.6,0.001208,,,,,,,,
723600,2488.9,0.003098,,,,,,,,
723700,2489.2,0.001391,,,,,,,,
723800,2489.5,0.001232,,,,,,,,
723900,2489.8,0.001322,,,,,,,,
724000,2490.1,0.001168,,,,,,,,
724100,2490.4,0.001210,,,,,,,,
724200,2490.7,0.001533,,,,,,,,
724300,2491.0,0.001477,,,,,,,,
724400,2491.3,0.001538,,,,,,,,
724500,2491.6,0.001110,,,,,,,,
724600,2491.9,0.001340,,,,,,,,
724700,2492.2,0.001412,,,,,,,,
724800,2492.5,0.001534,,,,,,,,
724900,2492.7,0.001477,,,,,,,,
725000,2494.2,0.001198,0.001331,9.728348e-01,1.781236e-01,1.401813e-01,0.000000,8.440024e-01,1.643979e-01,1.306455e-01
725100,2494.4,0.001345,,,,,,,,
725200,2494.7,0.001357,,,,,,,,
725300,2495.0,0.001337,,,,,,,,
725400,2495.2,0.001213,,,,,,,,
725500,2495.5,0.001098,,,,,,,,
725600,2495.8,0.002087,,,,,,,,
725700,2496.1,0.001282,,,,,,,,
725800,2496.4,0.001400,,,,,,,,
725900,2496.7,0.001457,,,,,,,,
726000,2497.0,0.002187,,,,,,,,
726100,2497.3,0.001347,,,,,,,,
726200,2497.5,0.001257,,,,,,,,
726300,2497.8,0.005964,,,,,,,,
726400,2498.1,0.001347,,,,,,,,
726500,2498.4,0.001463,,,,,,,,
726600,2498.7,0.001399,,,,,,,,
726700,2499.0,0.001014,,,,,,,,
726800,2499.3,0.001101,,,,,,,,
726900,2499.7,0.001519,,,,,,,,
727000,2500.1,0.001274,,,,,,,,
727100,2500.6,0.001352,,,,,,,,
727200,2501.0,0.001400,,,,,,,,
727300,2501.5,0.001573,,,,,,,,
727400,2502.0,0.002167,,,,,,,,
727500,2502.4,0.001277,,,,,,,,
727600,2502.9,0.002898,,,,,,,,
727700,2503.3,0.001703,,,,,,,,
727800,2503.6,0.001253,,,,,,,,
727900,2503.9,0.001247,,,,,,,,
728000,2504.2,0.001306,,,,,,,,
728100,2504.5,0.001735,,,,,,,,
728200,2504.8,0.001376,,,,,,,,
728300,2505.1,0.001265,,,,,,,,
728400,2505.4,0.001372,,,,,,,,
728500,2505.7,0.001427,,,,,,,,
728600,2506.0,0.001954,,,,,,,,
728700,2506.3,0.003846,,,,,,,,
728800,2506.5,0.001262,,,,,,,,
728900,2506.8,0.002667,,,,,,,,
729000,2507.1,0.001252,,,,,,,,
729100,2507.4,0.003146,,,,,,,,
729200,2507.7,0.001361,,,,,,,,
729300,2508.0,0.001428,,,,,,,,
729400,2508.3,0.003675,,,,,,,,
729500,2508.6,0.001492,,,,,,,,
729600,2508.9,0.001243,,,,,,,,
729700,2509.2,0.001695,,,,,,,,
729800,2509.4,0.001418,,,,,,,,
729900,2509.7,0.002446,,,,,,,,
730000,2511.1,0.001329,0.001380,1.613710e+00,1.800966e-01,1.423690e-01,0.000000,1.613710e+00,1.665206e-01,1.321051e-01
730100,2511.3,0.001280,,,,,,,,
730200,2511.6,0.001239,,,,,,,,
730300,2511.9,0.001490,,,,,,,,
730400,2512.2,0.001372,,,,,,,,
730500,2512.5,0.001193,,,,,,,,
730600,2512.8,0.004361,,,,,,,,
730700,2513.1,0.001640,,,,,,,,
730800,2513.4,0.001582,,,,,,,,
730900,2513.7,0.001291,,,,,,,,
731000,2514.0,0.001349,,,,,,,,
731100,2514.3,0.003999,,,,,,,,
731200,2514.6,0.001298,,,,,,,,
731300,2514.9,0.001334,,,,,,,,
731400,2515.2,0.001275,,,,,,,,
731500,2515.5,0.001686,,,,,,,,
731600,2515.7,0.001427,,,,,,,,
731700,2516.0,0.001357,,,,,,,,
731800,2516.3,0.001374,,,,,,,,
731900,2516.6,0.001299,,,,,,,,
732000,2516.9,0.001391,,,,,,,,
732100,2517.2,0.001092,,,,,,,,
732200,2517.5,0.003691,,,,,,,,
732300,2517.8,0.001231,,,,,,,,
732400,2518.1,0.001550,,,,,,,,
732500,2518.4,0.001588,,,,,,,,
732600,2518.7,0.002808,,,,,,,,
732700,2518.9,0.002695,,,,,,,,
732800,2519.2,0.001382,,,,,,,,
732900,2519.5,0.001349,,,,,,,,
733000,2519.8,0.002661,,,,,,,,
733100,2520.1,0.001244,,,,,,,,
733200,2520.4,0.001533,,,,,,,,
733300,2520.7,0.001269,,,,,,,,
733400,2521.0,0.003176,,,,,,,,
733500,2521.3,0.001495,,,,,,,,
733600,2521.6,0.001377,,,,,,,,
733700,2521.9,0.001324,,,,,,,,
733800,2522.1,0.001337,,,,,,,,
733900,2522.4,0.001392,,,,,,,,
734000,2522.7,0.001586,,,,,,,,
734100,2523.0,0.001376,,,,,,,,
734200,2523.3,0.002092,,,,,,,,
734300,2523.6,0.001630,,,,,,,,
734400,2523.9,0.001268,,,,,,,,
734500,2524.2,0.001678,,,,,,,,
734600,2524.5,0.001322,,,,,,,,
734700,2524.8,0.001390,,,,,,,,
734800,2525.1,0.001243,,,,,,,,
734900,2525.4,0.003476,,,,,,,,
735000,2526.7,0.001137,0.001489,3.671686e+00,1.815884e-01,1.415456e-01,0.000000,3.671686e+00,1.682507e-01,1.316589e-01
735100,2527.0,0.001346,,,,,,,,
735200,2527.2,0.001347,,,,,,,,
735300,2527.5,0.001249,,,,,,,,
735400,2527.8,0.001517,,,,,,,,
735500,2528.1,0.001467,,,,,,,,
735600,2528.4,0.001377,,,,,,,,
735700,2528.7,0.001739,,,,,,,,
735800,2529.0,0.001315,,,,,,,,
735900,2529.3,0.001361,,,,,,,,
736000,2529.5,0.003333,,,,,,,,
736100,2529.8,0.001820,,,,,,,,
736200,2530.1,0.001453,,,,,,,,
736300,2530.4,0.001518,,,,,,,,
736400,2530.7,0.002811,,,,,,,,
736500,2531.0,0.001258,,,,,,,,
736600,2531.3,0.001331,,,,,,,,
736700,2531.6,0.001237,,,,,,,,
736800,2531.9,0.002810,,,,,,,,
736900,2532.2,0.003146,,,,,,,,
737000,2532.5,0.001470,,,,,,,,
737100,2532.8,0.001299,,,,,,,,
737200,2533.1,0.003400,,,,,,,,
737300,2533.4,0.001489,,,,,,,,
737400,2533.7,0.001285,,,,,,,,
737500,2533.9,0.001254,,,,,,,,
737600,2534.2,0.001218,,,,,,,,
737700,2534.5,0.001393,,,,,,,,
737800,2534.8,0.001424,,,,,,,,
737900,2535.1,0.002385,,,,,,,,
738000,2535.4,0.001767,,,,,,,,
738100,2535.7,0.001455,,,,,,,,
738200,2536.0,0.001184,,,,,,,,
738300,2536.2,0.002273,,,,,,,,
738400,2536.5,0.001398,,,,,,,,
738500,2536.8,0.001569,,,,,,,,
738600,2537.1,0.002030,,,,,,,,
738700,2537.4,0.003508,,,,,,,,
738800,2537.7,0.001852,,,,,,,,
738900,2537.9,0.001484,,,,,,,,
739000,2538.2,0.001153,,,,,,,,
739100,2538.5,0.002983,,,,,,,,
739200,2538.8,0.001800,,,,,,,,
739300,2539.1,0.001773,,,,,,,,
739400,2539.4,0.001457,,,,,,,,
739500,2539.7,0.002796,,,,,,,,
739600,2540.0,0.001406,,,,,,,,
739700,2540.3,0.001269,,,,,,,,
739800,2540.6,0.001727,,,,,,,,
739900,2540.9,0.001247,,,,,,,,
740000,2542.3,0.002612,0.001535,2.966010e+00,1.823407e-01,1.419633e-01,0.000000,2.966010e+00,1.688782e-01,1.320514e-01
740100,2542.5,0.001168,,,,,,,,
740200,2542.8,0.001931,,,,,,,,
740300,2543.1,0.001053,,,,,,,,
740400,2543.4,0.001378,,,,,,,,
740500,2543.7,0.001828,,,,,,,,
740600,2544.0,0.001263,,,,,,,,
740700,2544.3,0.001412,,,,,,,,
740800,2544.5,0.001937,,,,,,,,
740900,2544.8,0.001505,,,,,,,,
741000,2545.1,0.002894,,,,,,,,
741100,2545.4,0.001378,,,,,,,,
741200,2545.7,0.001499,,,,,,,,
741300,2546.0,0.001318,,,,,,,,
741400,2546.3,0.001268,,,,,,,,
741500,2546.6,0.001290,,,,,,,,
741600,2546.9,0.001255,,,,,,,,
741700,2547.2,0.001149,,,,,,,,
741800,2547.5,0.001874,,,,,,,,
741900,2547.8,0.001320,,,,,,,,
742000,2548.1,0.001207,,,,,,,,
742100,2548.4,0.001257,,,,,,,,
742200,2548.6,0.001284,,,,,,,,
742300,2548.9,0.001164,,,,,,,,
742400,2549.2,0.001256,,,,,,,,
742500,2549.5,0.001346,,,,,,,,
742600,2549.8,0.001380,,,,,,,,
742700,2550.1,0.001873,,,,,,,,
742800,2550.4,0.001323,,,,,,,,
742900,2550.7,0.001192,,,,,,,,
743000,2550.9,0.001250,,,,,,,,
743100,2551.2,0.001380,,,,,,,,
743200,2551.5,0.001142,,,,,,,,
743300,2551.8,0.003986,,,,,,,,
743400,2552.1,0.001431,,,,,,,,
743500,2552.4,0.001598,,,,,,,,
743600,2552.7,0.001112,,,,,,,,
743700,2553.0,0.001293,,,,,,,,
743800,2553.2,0.001743,,,,,,,,
743900,2553.5,0.001785,,,,,,,,
744000,2553.8,0.001224,,,,,,,,
744100,2554.1,0.004429,,,,,,,,
744200,2554.4,0.001219,,,,,,,,
744300,2554.6,0.002314,,,,,,,,
744400,2554.9,0.001317,,,,,,,,
744500,2555.2,0.001245,,,,,,,,
744600,2555.5,0.001261,,,,,,,,
744700,2555.8,0.001550,,,,,,,,
744800,2556.1,0.001194,,,,,,,,
744900,2556.4,0.001196,,,,,,,,
745000,2557.8,0.001445,0.001376,2.515275e+00,1.796101e-01,1.412506e-01,0.000000,2.515275e+00,1.660178e-01,1.311344e-01
745100,2558.0,0.001592,,,,,,,,
745200,2558.3,0.001263,,,,,,,,
745300,2558.6,0.001529,,,,,,,,
745400,2558.9,0.002111,,,,,,,,
745500,2559.2,0.001108,,,,,,,,
745600,2559.5,0.001432,,,,,,,,
745700,2559.8,0.001258,,,,,,,,
745800,2560.0,0.001280,,,,,,,,
745900,2560.3,0.001420,,,,,,,,
746000,2560.6,0.001425,,,,,,,,
746100,2560.9,0.001302,,,,,,,,
746200,2561.2,0.001211,,,,,,,,
746300,2561.5,0.001229,,,,,,,,
746400,2561.8,0.001419,,,,,,,,
746500,2562.1,0.001327,,,,,,,,
746600,2562.4,0.001248,,,,,,,,
746700,2562.7,0.001988,,,,,,,,
746800,2563.0,0.001277,,,,,,,,
746900,2563.3,0.001423,,,,,,,,
747000,2563.6,0.001238,,,,,,,,
747100,2563.9,0.001316,,,,,,,,
747200,2564.1,0.001335,,,,,,,,
747300,2564.4,0.003109,,,,,,,,
747400,2564.7,0.001379,,,,,,,,
747500,2565.0,0.001112,,,,,,,,
747600,2565.3,0.001254,,,,,,,,
747700,2565.6,0.001411,,,,,,,,
747800,2565.9,0.001408,,,,,,,,
747900,2566.2,0.001248,,,,,,,,
748000,2566.5,0.002008,,,,,,,,
748100,2566.8,0.001429,,,,,,,,
748200,2567.0,0.001132,,,,,,,,
748300,2567.3,0.001368,,,,,,,,
748400,2567.6,0.001380,,,,,,,,
748500,2567.9,0.001323,,,,,,,,
748600,2568.2,0.001368,,,,,,,,
748700,2568.5,0.001900,,,,,,,,
748800,2568.8,0.001198,,,,,,,,
748900,2569.1,0.001368,,,,,,,,
749000,2569.4,0.001706,,,,,,,,
749100,2569.7,0.001492,,,,,,,,
749200,2570.0,0.001377,,,,,,,,
749300,2570.3,0.001363,,,,,,,,
749400,2570.5,0.001254,,,,,,,,
749500,2570.8,0.001400,,,,,,,,
749600,2571.1,0.001283,,,,,,,,
749700,2571.4,0.001285,,,,,,,,
749800,2571.7,0.001566,,,,,,,,
749900,2572.0,0.001309,,,,,,,,
750000,2573.4,0.001225,0.001372,2.165369e+00,1.795482e-01,1.412111e-01,0.000000,2.165369e+00,1.661144e-01,1.309216e-01
750100,2573.6,0.001532,,,,,,,,
750200,2573.9,0.001572,,,,,,,,
750300,2574.2,0.001309,,,,,,,,
750400,2574.5,0.001462,,,,,,,,
750500,2574.8,0.002382,,,,,,,,
750600,2575.1,0.001235,,,,,,,,
750700,2575.3,0.002163,,,,,,,,
750800,2575.6,0.001402,,,,,,,,
750900,2575.9,0.001102,,,,,,,,
751000,2576.2,0.001270,,,,,,,,
751100,2576.5,0.001113,,,,,,,,
751200,2576.8,0.001349,,,,,,,,
751300,2577.1,0.001233,,,,,,,,
751400,2577.4,0.001251,,,,,,,,
751500,2577.7,0.001324,,,,,,,,
751600,2578.0,0.001162,,,,,,,,
751700,2578.3,0.001225,,,,,,,,
751800,2578.6,0.003141,,,,,,,,
751900,2578.9,0.001284,,,,,,,,
752000,2579.1,0.001474,,,,,,,,
752100,2579.4,0.002455,,,,,,,,
752200,2579.7,0.003383,,,,,,,,
752300,2580.0,0.001161,,,,,,,,
752400,2580.3,0.001024,,,,,,,,
752500,2580.6,0.001279,,,,,,,,
752600,2580.9,0.001091,,,,,,,,
752700,2581.2,0.001372,,,,,,,,
752800,2581.5,0.001365,,,,,,,,
752900,2581.8,0.001628,,,,,,,,
753000,2582.1,0.001345,,,,,,,,
753100,2582.4,0.001429,,,,,,,,
753200,2582.6,0.001847,,,,,,,,
753300,2582.9,0.001290,,,,,,,,
753400,2583.2,0.001303,,,,,,,,
753500,2583.5,0.001119,,,,,,,,
753600,2583.8,0.001231,,,,,,,,
753700,2584.1,0.001135,,,,,,,,
753800,2584.4,0.004260,,,,,,,,
753900,2584.7,0.001155,,,,,,,,
754000,2585.0,0.001365,,,,,,,,
754100,2585.3,0.001162,,,,,,,,
754200,2585.6,0.001222,,,,,,,,
754300,2585.9,0.001292,,,,,,,,
754400,2586.2,0.001362,,,,,,,,
754500,2586.4,0.001003,,,,,,,,
754600,2586.7,0.001144,,,,,,,,
754700,2587.0,0.001325,,,,,,,,
754800,2587.3,0.001182,,,,,,,,
754900,2587.6,0.001165,,,,,,,,
755000,2589.0,0.001565,0.001462,3.611321e+00,1.806949e-01,1.405259e-01,0.000000,3.611321e+00,1.672480e-01,1.304790e-01
755100,2589.3,0.001352,,,,,,,,
755200,2589.5,0.001081,,,,,,,,
755300,2589.8,0.001289,,,,,,,,
755400,2590.1,0.001367,,,,,,,,
755500,2590.3,0.001189,,,,,,,,
755600,2590.6,0.001232,,,,,,,,
755700,2590.9,0.001390,,,,,,,,
755800,2591.2,0.001261,,,,,,,,
755900,2591.5,0.002295,,,,,,,,
756000,2591.8,0.001187,,,,,,,,
756100,2592.1,0.001507,,,,,,,,
756200,2592.4,0.001253,,,,,,,,
756300,2592.7,0.001337,,,,,,,,
756400,2593.0,0.001493,,,,,,,,
756500,2593.3,0.001101,,,,,,,,
756600,2593.6,0.001298,,,,,,,,
756700,2593.9,0.001495,,,,,,,,
756800,2594.2,0.001354,,,,,,,,
756900,2594.5,0.001066,,,,,,,,
757000,2594.8,0.001171,,,,,,,,
757100,2595.1,0.001372,,,,,,,,
757200,2595.4,0.001931,,,,,,,,
757300,2595.6,0.003883,,,,,,,,
757400,2595.9,0.002128,,,,,,,,
757500,2596.2,0.001442,,,,,,,,
757600,2596.5,0.001550,,,,,,,,
757700,2596.8,0.001101,,,,,,,,
757800,2597.1,0.001215,,,,,,,,
757900,2597.4,0.001289,,,,,,,,
758000,2597.7,0.002119,,,,,,,,
758100,2598.0,0.001779,,,,,,,,
758200,2598.3,0.001889,,,,,,,,
758300,2598.6,0.001302,,,,,,,,
758400,2598.9,0.001812,,,,,,,,
758500,2599.2,0.001359,,,,,,,,
758600,2599.4,0.001289,,,,,,,,
758700,2599.7,0.001212,,,,,,,,
758800,2600.0,0.001175,,,,,,,,
758900,2600.3,0.001464,,,,,,,,
759000,2600.6,0.001544,,,,,,,,
759100,2600.9,0.001148,,,,,,,,
759200,2601.1,0.001433,,,,,,,,
759300,2601.4,0.001334,,,,,,,,
759400,2601.7,0.001321,,,,,,,,
759500,2602.0,0.001308,,,,,,,,
759600,2602.3,0.001348,,,,,,,,
759700,2602.6,0.001388,,,,,,,,
759800,2602.9,0.001555,,,,,,,,
759900,2603.1,0.001601,,,,,,,,
760000,2604.5,0.001294,0.001348,1.785648e+00,1.788131e-01,1.403118e-01,0.000000,1.785648e+00,1.654725e-01,1.308465e-01
760100,2604.8,0.001545,,,,,,,,
760200,2605.0,0.001140,,,,,,,,
760300,2605.3,0.001390,,,,,,,,
760400,2605.6,0.001341,,,,,,,,
760500,2605.9,0.001368,,,,,,,,
760600,2606.2,0.003127,,,,,,,,
760700,2606.5,0.001415,,,,,,,,
760800,2606.8,0.001403,,,,,,,,
760900,2607.1,0.001702,,,,,,,,
761000,2607.4,0.001368,,,,,,,,
761100,2607.7,0.001362,,,,,,,,
761200,2608.0,0.001318,,,,,,,,
761300,2608.3,0.001462,,,,,,,,
761400,2608.5,0.001440,,,,,,,,
761500,2608.8,0.001240,,,,,,,,
761600,2609.1,0.001207,,,,,,,,
761700,2609.4,0.001185,,,,,,,,
761800,2609.7,0.001187,,,,,,,,
761900,2610.0,0.001345,,,,,,,,
762000,2610.3,0.001423,,,,,,,,
762100,2610.6,0.001128,,,,,,,,
762200,2610.9,0.001241,,,,,,,,
762300,2611.2,0.002818,,,,,,,,
762400,2611.5,0.001771,,,,,,,,
762500,2611.8,0.001271,,,,,,,,
762600,2612.1,0.002712,,,,,,,,
762700,2612.4,0.001158,,,,,,,,
762800,2612.7,0.001404,,,,,,,,
762900,2613.0,0.001299,,,,,,,,
763000,2613.3,0.001292,,,,,,,,
763100,2613.5,0.001391,,,,,,,,
763200,2613.8,0.001441,,,,,,,,
763300,2614.1,0.001357,,,,,,,,
763400,2614.4,0.001356,,,,,,,,
763500,2614.7,0.001237,,,,,,,,
763600,2615.0,0.001441,,,,,,,,
763700,2615.3,0.001266,,,,,,,,
763800,2615.6,0.001313,,,,,,,,
763900,2615.9,0.003083,,,,,,,,
764000,2616.2,0.001536,,,,,,,,
764100,2616.5,0.001406,,,,,,,,
764200,2616.8,0.001046,,,,,,,,
764300,2617.1,0.001501,,,,,,,,
764400,2617.3,0.002491,,,,,,,,
764500,2617.6,0.001270,,,,,,,,
764600,2617.9,0.001245,,,,,,,,
764700,2618.2,0.001399,,,,,,,,
764800,2618.5,0.002339,,,,,,,,
764900,2618.8,0.001221,,,,,,,,
765000,2620.2,0.001669,0.001417,3.112141e+00,1.801066e-01,1.396634e-01,0.000000,3.112141e+00,1.667448e-01,1.302071e-01
765100,2620.4,0.001349,,,,,,,,
765200,2620.7,0.001221,,,,,,,,
765300,2621.0,0.002006,,,,,,,,
765400,2621.3,0.001195,,,,,,,,
765500,2621.6,0.001859,,,,,,,,
765600,2621.9,0.001325,,,,,,,,
765700,2622.2,0.001312,,,,,,,,
765800,2622.5,0.001365,,,,,,,,
765900,2622.8,0.001273,,,,,,,,
766000,2623.0,0.001168,,,,,,,,
766100,2623.3,0.001361,,,,,,,,
766200,2623.6,0.001357,,,,,,,,
766300,2623.9,0.002055,,,,,,,,
766400,2624.2,0.001238,,,,,,,,
766500,2624.5,0.001673,,,,,,,,
766600,2624.8,0.001370,,,,,,,,
766700,2625.1,0.001185,,,,,,,,
766800,2625.3,0.001421,,,,,,,,
766900,2625.6,0.001481,,,,,,,,
767000,2625.9,0.001415,,,,,,,,
767100,2626.2,0.001223,,,,,,,,
767200,2626.5,0.001255,,,,,,,,
767300,2626.8,0.002048,,,,,,,,
767400,2627.1,0.001184,,,,,,,,
767500,2627.3,0.001200,,,,,,,,
767600,2627.6,0.001414,,,,,,,,
767700,2627.8,0.001484,,,,,,,,
767800,2628.1,0.002875,,,,,,,,
767900,2628.4,0.001508,,,,,,,,
768000,2628.7,0.001257,,,,,,,,
768100,2629.0,0.001269,,,,,,,,
768200,2629.3,0.001243,,,,,,,,
768300,2629.6,0.001357,,,,,,,,
768400,2629.8,0.001336,,,,,,,,
768500,2630.1,0.001270,,,,,,,,
768600,2630.4,0.001196,,,,,,,,
768700,2630.7,0.001275,,,,,,,,
768800,2631.0,0.001204,,,,,,,,
768900,2631.3,0.001863,,,,,,,,
769000,2631.6,0.001165,,,,,,,,
769100,2631.9,0.001289,,,,,,,,
769200,2632.1,0.001576,,,,,,,,
769300,2632.4,0.001154,,,,,,,,
769400,2632.7,0.001449,,,,,,,,
769500,2633.0,0.001311,,,,,,,,
769600,2633.3,0.001356,,,,,,,,
769700,2633.6,0.001641,,,,,,,,
769800,2633.9,0.001870,,,,,,,,
769900,2634.1,0.001176,,,,,,,,
770000,2635.5,0.001434,0.001384,2.554881e+00,1.797278e-01,1.409885e-01,0.000000,2.554881e+00,1.662137e-01,1.308881e-01
770100,2635.8,0.001275,,,,,,,,
770200,2636.0,0.001397,,,,,,,,
770300,2636.3,0.001443,,,,,,,,
770400,2636.6,0.001531,,,,,,,,
770500,2636.9,0.001283,,,,,,,,
770600,2637.2,0.001177,,,,,,,,
770700,2637.5,0.001323,,,,,,,,
770800,2637.8,0.001297,,,,,,,,
770900,2638.1,0.001462,,,,,,,,
771000,2638.3,0.001239,,,,,,,,
771100,2638.6,0.001394,,,,,,,,
771200,2638.9,0.001281,,,,,,,,
771300,2639.3,0.001524,,,,,,,,
771400,2639.8,0.001383,,,,,,,,
771500,2640.2,0.001534,,,,,,,,
771600,2640.6,0.001370,,,,,,,,
771700,2641.0,0.001282,,,,,,,,
771800,2641.4,0.001268,,,,,,,,
771900,2641.8,0.001248,,,,,,,,
772000,2642.3,0.001523,,,,,,,,
772100,2642.7,0.001322,,,,,,,,
772200,2643.2,0.001142,,,,,,,,
772300,2643.6,0.001205,,,,,,,,
772400,2644.0,0.001220,,,,,,,,
772500,2644.5,0.001262,,,,,,,,
772600,2644.9,0.001685,,,,,,,,
772700,2645.4,0.001207,,,,,,,,
772800,2645.8,0.002755,,,,,,,,
772900,2646.2,0.002171,,,,,,,,
773000,2646.6,0.001436,,,,,,,,
773100,2647.1,0.003796,,,,,,,,
773200,2647.5,0.001346,,,,,,,,
773300,2647.9,0.001548,,,,,,,,
773400,2648.4,0.001230,,,,,,,,
773500,2648.8,0.001485,,,,,,,,
773600,2649.2,0.001287,,,,,,,,
773700,2649.7,0.001889,,,,,,,,
773800,2650.1,0.001172,,,,,,,,
773900,2650.5,0.001723,,,,,,,,
774000,2650.8,0.001090,,,,,,,,
774100,2651.0,0.004753,,,,,,,,
774200,2651.4,0.001318,,,,,,,,
774300,2651.7,0.001324,,,,,,,,
774400,2652.2,0.001201,,,,,,,,
774500,2652.6,0.001191,,,,,,,,
774600,2653.0,0.001192,,,,,,,,
774700,2653.4,0.001240,,,,,,,,
774800,2653.9,0.001242,,,,,,,,
774900,2654.3,0.003169,,,,,,,,
775000,2655.9,0.002455,0.001363,2.257717e+00,1.791214e-01,1.407501e-01,0.000000,2.257717e+00,1.655970e-01,1.307578e-01
775100,2656.2,0.001254,,,,,,,,
775200,2656.5,0.001389,,,,,,,,
775300,2656.9,0.001388,,,,,,,,
775400,2657.3,0.001283,,,,,,,,
775500,2657.7,0.001280,,,,,,,,
775600,2658.2,0.001318,,,,,,,,
775700,2658.6,0.001397,,,,,,,,
775800,2659.1,0.001257,,,,,,,,
775900,2659.5,0.002143,,,,,,,,
776000,2660.0,0.001349,,,,,,,,
776100,2660.5,0.001206,,,,,,,,
776200,2660.9,0.001942,,,,,,,,
776300,2661.3,0.001263,,,,,,,,
776400,2661.8,0.001317,,,,,,,,
776500,2662.3,0.001358,,,,,,,,
776600,2662.7,0.001306,,,,,,,,
776700,2663.1,0.001470,,,,,,,,
776800,2663.6,0.001286,,,,,,,,
776900,2664.0,0.002674,,,,,,,,
777000,2664.5,0.001587,,,,,,,,
777100,2665.0,0.002267,,,,,,,,
777200,2665.4,0.001325,,,,,,,,
777300,2665.9,0.001466,,,,,,,,
777400,2666.3,0.001475,,,,,,,,
777500,2666.8,0.001450,,,,,,,,
777600,2667.2,0.001483,,,,,,,,
777700,2667.7,0.001327,,,,,,,,
777800,2668.1,0.002133,,,,,,,,
777900,2668.4,0.002596,,,,,,,,
778000,2668.7,0.001255,,,,,,,,
778100,2669.0,0.001338,,,,,,,,
778200,2669.3,0.001257,,,,,,,,
778300,2669.5,0.001385,,,,,,,,
778400,2669.8,0.001465,,,,,,,,
778500,2670.1,0.001503,,,,,,,,
778600,2670.4,0.002976,,,,,,,,
778700,2670.7,0.001545,,,,,,,,
778800,2671.0,0.001997,,,,,,,,
778900,2671.2,0.001350,,,,,,,,
779000,2671.5,0.001365,,,,,,,,
779100,2671.8,0.001475,,,,,,,,
779200,2672.1,0.001242,,,,,,,,
779300,2672.4,0.001424,,,,,,,,
779400,2672.8,0.001604,,,,,,,,
779500,2673.3,0.001286,,,,,,,,
779600,2673.7,0.001288,,,,,,,,
779700,2674.2,0.001322,,,,,,,,
779800,2674.6,0.001777,,,,,,,,
779900,2675.0,0.001411,,,,,,,,
780000,2676.6,0.001270,0.001340,1.565220e+00,1.784663e-01,1.401374e-01,0.000000,1.565220e+00,1.649732e-01,1.301714e-01
780100,2676.9,0.000964,,,,,,,,
780200,2677.2,0.001432,,,,,,,,
780300,2677.5,0.001276,,,,,,,,
780400,2677.9,0.001291,,,,,,,,
780500,2678.3,0.001318,,,,,,,,
780600,2678.8,0.001246,,,,,,,,
780700,2679.2,0.001458,,,,,,,,
780800,2679.6,0.001281,,,,,,,,
780900,2680.1,0.001170,,,,,,,,
781000,2680.5,0.001366,,,,,,,,
781100,2680.9,0.001377,,,,,,,,
781200,2681.4,0.001169,,,,,,,,
781300,2681.8,0.004043,,,,,,,,
781400,2682.3,0.001302,,,,,,,,
781500,2682.7,0.001921,,,,,,,,
781600,2683.1,0.001830,,,,,,,,
781700,2683.6,0.001347,,,,,,,,
781800,2684.0,0.001929,,,,,,,,
781900,2684.5,0.001260,,,,,,,,
782000,2684.9,0.001774,,,,,,,,
782100,2685.4,0.001176,,,,,,,,
782200,2685.8,0.001579,,,,,,,,
782300,2686.3,0.001431,,,,,,,,
782400,2686.7,0.001259,,,,,,,,
782500,2687.1,0.001429,,,,,,,,
782600,2687.4,0.001826,,,,,,,,
782700,2687.7,0.001387,,,,,,,,
782800,2688.0,0.003963,,,,,,,,
782900,2688.3,0.001125,,,,,,,,
783000,2688.6,0.001413,,,,,,,,
783100,2688.9,0.001279,,,,,,,,
783200,2689.2,0.001366,,,,,,,,
783300,2689.5,0.001221,,,,,,,,
783400,2689.9,0.001195,,,,,,,,
783500,2690.3,0.001504,,,,,,,,
783600,2690.7,0.001321,,,,,,,,
783700,2691.1,0.001356,,,,,,,,
783800,2691.5,0.001680,,,,,,,,
783900,2692.0,0.001511,,,,,,,,
784000,2692.4,0.001475,,,,,,,,
784100,2692.8,0.001275,,,,,,,,
784200,2693.2,0.001270,,,,,,,,
784300,2693.6,0.001755,,,,,,,,
784400,2694.0,0.001365,,,,,,,,
784500,2694.5,0.001210,,,,,,,,
784600,2694.9,0.001252,,,,,,,,
784700,2695.4,0.001485,,,,,,,,
784800,2695.8,0.001735,,,,,,,,
784900,2696.3,0.001275,,,,,,,,
785000,2697.8,0.001318,0.001366,2.297405e+00,1.791876e-01,1.404834e-01,0.000000,2.297405e+00,1.657185e-01,1.304004e-01
785100,2698.0,0.001938,,,,,,,,
785200,2698.3,0.001484,,,,,,,,
785300,2698.6,0.001474,,,,,,,,
785400,2698.9,0.001519,,,,,,,,
785500,2699.2,0.001437,,,,,,,,
785600,2699.7,0.001238,,,,,,,,
785700,2700.1,0.001204,,,,,,,,
785800,2700.5,0.001790,,,,,,,,
785900,2701.0,0.001335,,,,,,,,
786000,2701.4,0.001128,,,,,,,,
786100,2701.8,0.001259,,,,,,,,
786200,2702.1,0.001474,,,,,,,,
786300,2702.5,0.001328,,,,,,,,
786400,2702.9,0.001302,,,,,,,,
786500,2703.3,0.001197,,,,,,,,
786600,2703.8,0.001236,,,,,,,,
786700,2704.2,0.001316,,,,,,,,
786800,2704.6,0.001069,,,,,,,,
786900,2705.0,0.002051,,,,,,,,
787000,2705.4,0.001585,,,,,,,,
787100,2705.8,0.001399,,,,,,,,
787200,2706.3,0.001251,,,,,,,,
787300,2706.7,0.001185,,,,,,,,
787400,2707.1,0.001217,,,,,,,,
787500,2707.6,0.001221,,,,,,,,
787600,2708.0,0.001261,,,,,,,,
787700,2708.4,0.001724,,,,,,,,
787800,2708.9,0.001311,,,,,,,,
787900,2709.3,0.001571,,,,,,,,
788000,2709.7,0.001086,,,,,,,,
788100,2710.2,0.004289,,,,,,,,
788200,2710.6,0.001457,,,,,,,,
788300,2711.0,0.001373,,,,,,,,
788400,2711.3,0.001378,,,,,,,,
788500,2711.6,0.001427,,,,,,,,
788600,2712.0,0.001403,,,,,,,,
788700,2712.4,0.001485,,,,,,,,
788800,2712.8,0.001343,,,,,,,,
788900,2713.2,0.001199,,,,,,,,
789000,2713.6,0.001730,,,,,,,,
789100,2713.8,0.001377,,,,,,,,
789200,2714.1,0.001389,,,,,,,,
789300,2714.4,0.001188,,,,,,,,
789400,2714.8,0.001493,,,,,,,,
789500,2715.2,0.002180,,,,,,,,
789600,2715.6,0.002265,,,,,,,,
789700,2716.0,0.002397,,,,,,,,
789800,2716.4,0.001313,,,,,,,,
789900,2716.7,0.001481,,,,,,,,
790000,2718.0,0.003580,0.001350,1.863360e+00,1.788155e-01,1.406152e-01,0.000000,1.863360e+00,1.653908e-01,1.307641e-01
790100,2718.3,0.001194,,,,,,,,
790200,2718.5,0.001478,,,,,,,,
790300,2718.8,0.001486,,,,,,,,
790400,2719.2,0.001243,,,,,,,,
790500,2719.7,0.001193,,,,,,,,
790600,2719.9,0.003466,,,,,,,,
790700,2720.2,0.001288,,,,,,,,
790800,2720.5,0.001206,,,,,,,,
790900,2720.9,0.001607,,,,,,,,
791000,2721.2,0.001449,,,,,,,,
791100,2721.5,0.001370,,,,,,,,
791200,2721.8,0.001851,,,,,,,,
791300,2722.2,0.001344,,,,,,,,
791400,2722.6,0.001896,,,,,,,,
791500,2723.0,0.001510,,,,,,,,
791600,2723.5,0.001224,,,,,,,,
791700,2723.9,0.001417,,,,,,,,
791800,2724.1,0.001276,,,,,,,,
791900,2724.4,0.001678,,,,,,,,
792000,2724.8,0.001506,,,,,,,,
792100,2725.2,0.001371,,,,,,,,
792200,2725.7,0.001464,,,,,,,,
792300,2726.1,0.001226,,,,,,,,
792400,2726.6,0.001131,,,,,,,,
792500,2727.0,0.001058,,,,,,,,
792600,2727.4,0.001429,,,,,,,,
792700,2727.8,0.003370,,,,,,,,
792800,2728.1,0.001147,,,,,,,,
792900,2728.3,0.001434,,,,,,,,
793000,2728.6,0.001241,,,,,,,,
793100,2728.9,0.003984,,,,,,,,
793200,2729.2,0.001337,,,,,,,,
793300,2729.5,0.002942,,,,,,,,
793400,2729.9,0.001449,,,,,,,,
793500,2730.3,0.001373,,,,,,,,
793600,2730.7,0.001292,,,,,,,,
793700,2731.1,0.001446,,,,,,,,
793800,2731.5,0.001152,,,,,,,,
793900,2731.9,0.001273,,,,,,,,
794000,2732.2,0.001320,,,,,,,,
794100,2732.7,0.001374,,,,,,,,
794200,2733.1,0.001206,,,,,,,,
794300,2733.5,0.001472,,,,,,,,
794400,2733.9,0.001153,,,,,,,,
794500,2734.4,0.001988,,,,,,,,
794600,2734.8,0.001286,,,,,,,,
794700,2735.2,0.001363,,,,,,,,
794800,2735.7,0.001688,,,,,,,,
794900,2736.1,0.001462,,,,,,,,
795000,2737.6,0.001724,0.001363,2.260391e+00,1.790966e-01,1.404969e-01,0.000000,2.260391e+00,1.657001e-01,1.305901e-01
795100,2737.8,0.002023,,,,,,,,
795200,2738.1,0.001463,,,,,,,,
795300,2738.4,0.001374,,,,,,,,
795400,2738.8,0.001340,,,,,,,,
795500,2739.3,0.004067,,,,,,,,
795600,2739.7,0.001340,,,,,,,,
795700,2740.0,0.001393,,,,,,,,
795800,2740.3,0.001369,,,,,,,,
795900,2740.6,0.001515,,,,,,,,
796000,2740.9,0.001238,,,,,,,,
796100,2741.1,0.001530,,,,,,,,
796200,2741.5,0.001087,,,,,,,,
796300,2741.8,0.001113,,,,,,,,
796400,2742.3,0.001355,,,,,,,,
796500,2742.7,0.001527,,,,,,,,
796600,2743.1,0.001202,,,,,,,,
796700,2743.5,0.001698,,,,,,,,
796800,2744.0,0.001058,,,,,,,,
796900,2744.4,0.001859,,,,,,,,
797000,2744.8,0.001399,,,,,,,,
797100,2745.3,0.001938,,,,,,,,
797200,2745.7,0.001143,,,,,,,,
797300,2746.1,0.001197,,,,,,,,
797400,2746.5,0.001332,,,,,,,,
797500,2747.0,0.001207,,,,,,,,
797600,2747.4,0.001415,,,,,,,,
797700,2747.8,0.001154,,,,,,,,
797800,2748.3,0.001281,,,,,,,,
797900,2748.7,0.001392,,,,,,,,
798000,2749.1,0.001222,,,,,,,,
798100,2749.6,0.001129,,,,,,,,
798200,2750.0,0.001209,,,,,,,,
798300,2750.5,0.001291,,,,,,,,
798400,2750.9,0.001545,,,,,,,,
798500,2751.3,0.001320,,,,,,,,
798600,2751.7,0.001313,,,,,,,,
798700,2752.2,0.001359,,,,,,,,
798800,2752.6,0.001306,,,,,,,,
798900,2753.0,0.001700,,,,,,,,
799000,2753.5,0.001678,,,,,,,,
799100,2753.8,0.001210,,,,,,,,
799200,2754.1,0.001641,,,,,,,,
799300,2754.4,0.001310,,,,,,,,
799400,2754.9,0.001753,,,,,,,,
799500,2755.3,0.001174,,,,,,,,
799600,2755.8,0.001315,,,,,,,,
799700,2756.3,0.001095,,,,,,,,
799800,2756.7,0.001313,,,,,,,,
799900,2757.2,0.001426,,,,,,,,
800000,2758.8,0.001291,0.001359,2.190323e+00,1.790062e-01,1.404434e-01,0.000000,2.190323e+00,1.655928e-01,1.306060e-01
