step,elapsed_s,train_loss,eval_loss,max_abs_err,mean_abs_err,median_abs_err,frac_under_boyd,max_abs_err_bulk,mean_abs_err_bulk,median_abs_err_bulk
100,1.4,0.108548,,,,,,,,
200,1.7,0.001891,,,,,,,,
300,1.8,0.001263,,,,,,,,
400,2.0,0.000291,,,,,,,,
500,2.3,0.000180,,,,,,,,
600,2.5,0.000065,,,,,,,,
700,2.7,0.000256,,,,,,,,
800,2.9,0.000203,,,,,,,,
900,3.1,0.000069,,,,,,,,
1000,3.4,0.000088,,,,,,,,
1100,3.6,0.000058,,,,,,,,
1200,3.8,0.000033,,,,,,,,
1300,4.0,0.000055,,,,,,,,
1400,4.2,0.000051,,,,,,,,
1500,4.4,0.000056,,,,,,,,
1600,4.7,0.000157,,,,,,,,
1700,4.9,0.000048,,,,,,,,
1800,5.1,0.000090,,,,,,,,
1900,5.3,0.000026,,,,,,,,
2000,5.5,0.000035,,,,,,,,
2100,5.8,0.000034,,,,,,,,
2200,6.0,0.000020,,,,,,,,
2300,6.2,0.000047,,,,,,,,
2400,6.4,0.000047,,,,,,,,
2500,6.6,0.000008,,,,,,,,
2600,6.8,0.000046,,,,,,,,
2700,7.0,0.000072,,,,,,,,
2800,7.2,0.000011,,,,,,,,
2900,7.4,0.000021,,,,,,,,
3000,7.6,0.000019,,,,,,,,
3100,7.8,0.000041,,,,,,,,
3200,8.1,0.000015,,,,,,,,
3300,8.3,0.000051,,,,,,,,
3400,8.5,0.000033,,,,,,,,
3500,8.7,0.000005,,,,,,,,
3600,8.9,0.000022,,,,,,,,
3700,9.1,0.000052,,,,,,,,
3800,9.4,0.000049,,,,,,,,
3900,9.6,0.000011,,,,,,,,
4000,9.8,0.000008,,,,,,,,
4100,10.0,0.000024,,,,,,,,
4200,10.2,0.000018,,,,,,,,
4300,10.4,0.000009,,,,,,,,
4400,10.6,0.000032,,,,,,,,
4500,10.8,0.000010,,,,,,,,
4600,11.1,0.000008,,,,,,,,
4700,11.3,0.000024,,,,,,,,
4800,11.5,0.000016,,,,,,,,
4900,11.7,0.000008,,,,,,,,
5000,13.5,0.000009,0.000008,2.184597e-01,1.286470e-02,9.982442e-03,0.000000,1.108273e-01,1.253901e-02,1.009729e-02
5100,13.8,0.000015,,,,,,,,
5200,14.0,0.000008,,,,,,,,
5300,14.1,0.000012,,,,,,,,
5400,14.3,0.000008,,,,,,,,
5500,14.5,0.000010,,,,,,,,
5600,14.7,0.000016,,,,,,,,
5700,14.9,0.000016,,,,,,,,
5800,15.2,0.000010,,,,,,,,
5900,15.4,0.000013,,,,,,,,
6000,15.6,0.000033,,,,,,,,
6100,15.8,0.000005,,,,,,,,
6200,16.0,0.000017,,,,,,,,
6300,16.3,0.000010,,,,,,,,
6400,16.5,0.000012,,,,,,,,
6500,16.7,0.000007,,,,,,,,
6600,16.9,0.000005,,,,,,,,
6700,17.1,0.000034,,,,,,,,
6800,17.3,0.000016,,,,,,,,
6900,17.5,0.000013,,,,,,,,
7000,17.8,0.000041,,,,,,,,
7100,18.0,0.000003,,,,,,,,
7200,18.2,0.000024,,,,,,,,
7300,18.4,0.000006,,,,,,,,
7400,18.6,0.000011,,,,,,,,
7500,18.8,0.000012,,,,,,,,
7600,19.1,0.000005,,,,,,,,
7700,19.3,0.000015,,,,,,,,
7800,19.5,0.000007,,,,,,,,
7900,19.7,0.000005,,,,,,,,
8000,19.9,0.000009,,,,,,,,
8100,20.2,0.000004,,,,,,,,
8200,20.4,0.000017,,,,,,,,
8300,20.6,0.000015,,,,,,,,
8400,20.8,0.000013,,,,,,,,
8500,21.0,0.000009,,,,,,,,
8600,21.2,0.000015,,,,,,,,
8700,21.5,0.000015,,,,,,,,
8800,21.7,0.000010,,,,,,,,
8900,21.9,0.000008,,,,,,,,
9000,22.1,0.000009,,,,,,,,
9100,22.3,0.000007,,,,,,,,
9200,22.5,0.000006,,,,,,,,
9300,22.7,0.000014,,,,,,,,
9400,23.0,0.000010,,,,,,,,
9500,23.2,0.000005,,,,,,,,
9600,23.4,0.000007,,,,,,,,
9700,23.6,0.000017,,,,,,,,
9800,23.8,0.000011,,,,,,,,
9900,24.1,0.000008,,,,,,,,
10000,25.5,0.000004,0.000006,2.003604e-01,1.222773e-02,1.186877e-02,0.000000,1.698687e-01,1.189600e-02,1.161133e-02
10100,25.7,0.000011,,,,,,,,
10200,25.9,0.000005,,,,,,,,
10300,26.1,0.000029,,,,,,,,
10400,26.3,0.000004,,,,,,,,
10500,26.5,0.000002,,,,,,,,
10600,26.7,0.000009,,,,,,,,
10700,26.9,0.000005,,,,,,,,
10800,27.1,0.000009,,,,,,,,
10900,27.4,0.000003,,,,,,,,
11000,27.6,0.000012,,,,,,,,
11100,27.8,0.000009,,,,,,,,
11200,28.0,0.000006,,,,,,,,
11300,28.2,0.000010,,,,,,,,
11400,28.4,0.000005,,,,,,,,
11500,28.7,0.000005,,,,,,,,
11600,28.9,0.000016,,,,,,,,
11700,29.1,0.000003,,,,,,,,
11800,29.3,0.000013,,,,,,,,
11900,29.5,0.000008,,,,,,,,
12000,29.7,0.000009,,,,,,,,
12100,30.0,0.000008,,,,,,,,
12200,30.2,0.000006,,,,,,,,
12300,30.4,0.000012,,,,,,,,
12400,30.6,0.000010,,,,,,,,
12500,30.8,0.000003,,,,,,,,
12600,31.0,0.000004,,,,,,,,
12700,31.3,0.000009,,,,,,,,
12800,31.5,0.000003,,,,,,,,
12900,31.7,0.000007,,,,,,,,
13000,31.9,0.000003,,,,,,,,
13100,32.1,0.000014,,,,,,,,
13200,32.4,0.000004,,,,,,,,
13300,32.6,0.000004,,,,,,,,
13400,32.8,0.000006,,,,,,,,
13500,33.0,0.000003,,,,,,,,
13600,33.2,0.000009,,,,,,,,
13700,33.4,0.000001,,,,,,,,
13800,33.7,0.000004,,,,,,,,
13900,33.9,0.000003,,,,,,,,
14000,34.1,0.000002,,,,,,,,
14100,34.3,0.000006,,,,,,,,
14200,34.5,0.000003,,,,,,,,
14300,34.8,0.000011,,,,,,,,
14400,35.0,0.000030,,,,,,,,
14500,35.2,0.000006,,,,,,,,
14600,35.4,0.000003,,,,,,,,
14700,35.6,0.000004,,,,,,,,
14800,35.8,0.000005,,,,,,,,
14900,36.1,0.000007,,,,,,,,
15000,37.5,0.000008,0.000007,2.299892e-01,1.259535e-02,1.040326e-02,0.000000,1.816564e-01,1.232629e-02,1.018087e-02
15100,37.7,0.000013,,,,,,,,
15200,37.9,0.000001,,,,,,,,
15300,38.1,0.000014,,,,,,,,
15400,38.3,0.000004,,,,,,,,
15500,38.5,0.000004,,,,,,,,
15600,38.7,0.000007,,,,,,,,
15700,38.9,0.000014,,,,,,,,
15800,39.1,0.000004,,,,,,,,
15900,39.3,0.000012,,,,,,,,
16000,39.6,0.000008,,,,,,,,
16100,39.8,0.000022,,,,,,,,
16200,40.0,0.000004,,,,,,,,
16300,40.2,0.000011,,,,,,,,
16400,40.4,0.000012,,,,,,,,
16500,40.6,0.000012,,,,,,,,
16600,40.8,0.000009,,,,,,,,
16700,41.1,0.000001,,,,,,,,
16800,41.3,0.000007,,,,,,,,
16900,41.5,0.000006,,,,,,,,
17000,41.7,0.000013,,,,,,,,
17100,41.9,0.000002,,,,,,,,
17200,42.1,0.000007,,,,,,,,
17300,42.4,0.000002,,,,,,,,
17400,42.6,0.000009,,,,,,,,
17500,42.8,0.000003,,,,,,,,
17600,43.0,0.000003,,,,,,,,
17700,43.2,0.000002,,,,,,,,
17800,43.4,0.000004,,,,,,,,
17900,43.7,0.000007,,,,,,,,
18000,43.9,0.000009,,,,,,,,
18100,44.1,0.000005,,,,,,,,
18200,44.3,0.000006,,,,,,,,
18300,44.5,0.000002,,,,,,,,
18400,44.7,0.000014,,,,,,,,
18500,45.0,0.000005,,,,,,,,
18600,45.2,0.000003,,,,,,,,
18700,45.4,0.000014,,,,,,,,
18800,45.6,0.000006,,,,,,,,
18900,45.8,0.000003,,,,,,,,
19000,46.0,0.000006,,,,,,,,
19100,46.2,0.000011,,,,,,,,
19200,46.5,0.000005,,,,,,,,
19300,46.7,0.000002,,,,,,,,
19400,46.9,0.000003,,,,,,,,
19500,47.1,0.000002,,,,,,,,
19600,47.3,0.000002,,,,,,,,
19700,47.5,0.000002,,,,,,,,
19800,47.8,0.000001,,,,,,,,
19900,48.0,0.000014,,,,,,,,
20000,49.4,0.000020,0.000014,1.161529e-01,1.995799e-02,1.883090e-02,0.000000,1.087239e-01,2.027444e-02,1.925000e-02
20100,49.6,0.000004,,,,,,,,
20200,49.8,0.000003,,,,,,,,
20300,50.0,0.000002,,,,,,,,
20400,50.2,0.000001,,,,,,,,
20500,50.4,0.000003,,,,,,,,
20600,50.6,0.000004,,,,,,,,
20700,50.8,0.000005,,,,,,,,
20800,51.0,0.000002,,,,,,,,
20900,51.3,0.000006,,,,,,,,
21000,51.5,0.000007,,,,,,,,
21100,51.7,0.000002,,,,,,,,
21200,51.9,0.000004,,,,,,,,
21300,52.1,0.000003,,,,,,,,
21400,52.3,0.000002,,,,,,,,
21500,52.5,0.000005,,,,,,,,
21600,52.7,0.000002,,,,,,,,
21700,53.0,0.000001,,,,,,,,
21800,53.2,0.000013,,,,,,,,
21900,53.4,0.000001,,,,,,,,
22000,53.6,0.000003,,,,,,,,
22100,53.8,0.000003,,,,,,,,
22200,54.0,0.000004,,,,,,,,
22300,54.2,0.000003,,,,,,,,
22400,54.4,0.000002,,,,,,,,
22500,54.6,0.000001,,,,,,,,
22600,54.9,0.000003,,,,,,,,
22700,55.1,0.000003,,,,,,,,
22800,55.3,0.000003,,,,,,,,
22900,55.5,0.000001,,,,,,,,
23000,55.7,0.000003,,,,,,,,
23100,55.9,0.000004,,,,,,,,
23200,56.1,0.000002,,,,,,,,
23300,56.3,0.000001,,,,,,,,
23400,56.6,0.000008,,,,,,,,
23500,56.8,0.000002,,,,,,,,
23600,57.0,0.000003,,,,,,,,
23700,57.2,0.000004,,,,,,,,
23800,57.4,0.000008,,,,,,,,
23900,57.6,0.000007,,,,,,,,
24000,57.9,0.000003,,,,,,,,
24100,58.1,0.000004,,,,,,,,
24200,58.3,0.000004,,,,,,,,
24300,58.5,0.000003,,,,,,,,
24400,58.7,0.000005,,,,,,,,
24500,59.0,0.000005,,,,,,,,
24600,59.2,0.000002,,,,,,,,
24700,59.4,0.000004,,,,,,,,
24800,59.6,0.000003,,,,,,,,
24900,59.8,0.000006,,,,,,,,
25000,61.2,0.000025,0.000012,1.821210e-01,1.862697e-02,1.768336e-02,0.000000,1.075051e-01,1.893693e-02,1.810022e-02
25100,61.5,0.000001,,,,,,,,
25200,61.7,0.000008,,,,,,,,
25300,61.9,0.000001,,,,,,,,
25400,62.1,0.000005,,,,,,,,
25500,62.3,0.000008,,,,,,,,
25600,62.5,0.000010,,,,,,,,
25700,62.7,0.000004,,,,,,,,
25800,62.9,0.000006,,,,,,,,
25900,63.1,0.000004,,,,,,,,
26000,63.3,0.000004,,,,,,,,
26100,63.5,0.000003,,,,,,,,
26200,63.7,0.000003,,,,,,,,
26300,63.9,0.000001,,,,,,,,
26400,64.2,0.000005,,,,,,,,
26500,64.4,0.000003,,,,,,,,
26600,64.6,0.000003,,,,,,,,
26700,64.8,0.000002,,,,,,,,
26800,65.0,0.000002,,,,,,,,
26900,65.2,0.000002,,,,,,,,
27000,65.4,0.000004,,,,,,,,
27100,65.7,0.000002,,,,,,,,
27200,65.9,0.000016,,,,,,,,
27300,66.1,0.000004,,,,,,,,
27400,66.3,0.000002,,,,,,,,
27500,66.5,0.000002,,,,,,,,
27600,66.7,0.000002,,,,,,,,
27700,66.9,0.000003,,,,,,,,
27800,67.1,0.000009,,,,,,,,
27900,67.4,0.000002,,,,,,,,
28000,67.6,0.000003,,,,,,,,
28100,67.8,0.000001,,,,,,,,
28200,68.0,0.000002,,,,,,,,
28300,68.2,0.000002,,,,,,,,
28400,68.4,0.000008,,,,,,,,
28500,68.6,0.000003,,,,,,,,
28600,68.8,0.000002,,,,,,,,
28700,69.0,0.000002,,,,,,,,
28800,69.2,0.000005,,,,,,,,
28900,69.4,0.000003,,,,,,,,
29000,69.6,0.000003,,,,,,,,
29100,69.9,0.000006,,,,,,,,
29200,70.1,0.000009,,,,,,,,
29300,70.3,0.000003,,,,,,,,
29400,70.5,0.000002,,,,,,,,
29500,70.7,0.000006,,,,,,,,
29600,70.9,0.000001,,,,,,,,
29700,71.2,0.000004,,,,,,,,
29800,71.4,0.000003,,,,,,,,
29900,71.6,0.000006,,,,,,,,
30000,73.0,0.000004,0.000006,9.720228e-02,1.258462e-02,1.221813e-02,0.000000,7.617492e-02,1.282011e-02,1.260724e-02
30100,73.3,0.000002,,,,,,,,
30200,73.5,0.000003,,,,,,,,
30300,73.7,0.000002,,,,,,,,
30400,73.9,0.000002,,,,,,,,
30500,74.1,0.000002,,,,,,,,
30600,74.3,0.000002,,,,,,,,
30700,74.5,0.000003,,,,,,,,
30800,74.7,0.000006,,,,,,,,
30900,74.9,0.000001,,,,,,,,
31000,75.2,0.000003,,,,,,,,
31100,75.4,0.000001,,,,,,,,
31200,75.6,0.000004,,,,,,,,
31300,75.8,0.000004,,,,,,,,
31400,76.0,0.000004,,,,,,,,
31500,76.2,0.000002,,,,,,,,
31600,76.5,0.000003,,,,,,,,
31700,76.7,0.000002,,,,,,,,
31800,76.9,0.000003,,,,,,,,
31900,77.1,0.000003,,,,,,,,
32000,77.3,0.000007,,,,,,,,
32100,77.5,0.000001,,,,,,,,
32200,77.7,0.000003,,,,,,,,
32300,78.0,0.000003,,,,,,,,
32400,78.2,0.000004,,,,,,,,
32500,78.4,0.000002,,,,,,,,
32600,78.6,0.000003,,,,,,,,
32700,78.8,0.000004,,,,,,,,
32800,79.0,0.000008,,,,,,,,
32900,79.2,0.000006,,,,,,,,
33000,79.5,0.000005,,,,,,,,
33100,79.7,0.000004,,,,,,,,
33200,79.9,0.000002,,,,,,,,
33300,80.1,0.000002,,,,,,,,
33400,80.3,0.000005,,,,,,,,
33500,80.5,0.000002,,,,,,,,
33600,80.8,0.000001,,,,,,,,
33700,81.0,0.000003,,,,,,,,
33800,81.2,0.000001,,,,,,,,
33900,81.4,0.000003,,,,,,,,
34000,81.6,0.000003,,,,,,,,
34100,81.9,0.000001,,,,,,,,
34200,82.1,0.000002,,,,,,,,
34300,82.3,0.000010,,,,,,,,
34400,82.5,0.000002,,,,,,,,
34500,82.7,0.000002,,,,,,,,
34600,82.9,0.000004,,,,,,,,
34700,83.2,0.000003,,,,,,,,
34800,83.4,0.000002,,,,,,,,
34900,83.6,0.000003,,,,,,,,
35000,85.0,0.000001,0.000001,1.552493e-01,5.367340e-03,4.095500e-03,0.000000,9.730000e-02,5.392100e-03,4.172003e-03
35100,85.2,0.000002,,,,,,,,
35200,85.4,0.000001,,,,,,,,
35300,85.6,0.000002,,,,,,,,
35400,85.8,0.000003,,,,,,,,
35500,86.0,0.000003,,,,,,,,
35600,86.2,0.000010,,,,,,,,
35700,86.4,0.000002,,,,,,,,
35800,86.7,0.000002,,,,,,,,
35900,86.9,0.000004,,,,,,,,
36000,87.1,0.000001,,,,,,,,
36100,87.3,0.000002,,,,,,,,
36200,87.5,0.000003,,,,,,,,
36300,87.7,0.000003,,,,,,,,
36400,88.0,0.000002,,,,,,,,
36500,88.2,0.000003,,,,,,,,
36600,88.4,0.000002,,,,,,,,
36700,88.6,0.000003,,,,,,,,
36800,88.8,0.000001,,,,,,,,
36900,89.0,0.000004,,,,,,,,
37000,89.2,0.000004,,,,,,,,
37100,89.5,0.000001,,,,,,,,
37200,89.7,0.000001,,,,,,,,
37300,89.9,0.000002,,,,,,,,
37400,90.1,0.000003,,,,,,,,
37500,90.3,0.000001,,,,,,,,
37600,90.5,0.000001,,,,,,,,
37700,90.8,0.000002,,,,,,,,
37800,91.0,0.000002,,,,,,,,
37900,91.2,0.000001,,,,,,,,
38000,91.4,0.000001,,,,,,,,
38100,91.6,0.000004,,,,,,,,
38200,91.8,0.000002,,,,,,,,
38300,92.0,0.000003,,,,,,,,
38400,92.3,0.000002,,,,,,,,
38500,92.5,0.000002,,,,,,,,
38600,92.7,0.000007,,,,,,,,
38700,92.9,0.000001,,,,,,,,
38800,93.1,0.000002,,,,,,,,
38900,93.3,0.000005,,,,,,,,
39000,93.6,0.000006,,,,,,,,
39100,93.8,0.000004,,,,,,,,
39200,94.0,0.000002,,,,,,,,
39300,94.2,0.000002,,,,,,,,
39400,94.4,0.000003,,,,,,,,
39500,94.6,0.000001,,,,,,,,
39600,94.8,0.000005,,,,,,,,
39700,95.1,0.000003,,,,,,,,
39800,95.3,0.000001,,,,,,,,
39900,95.5,0.000002,,,,,,,,
40000,97.0,0.000001,0.000002,2.016094e-01,5.620840e-03,4.433588e-03,0.000000,8.613945e-02,5.585171e-03,4.498342e-03
40100,97.2,0.000003,,,,,,,,
40200,97.4,0.000003,,,,,,,,
40300,97.6,0.000004,,,,,,,,
40400,97.8,0.000003,,,,,,,,
40500,98.0,0.000002,,,,,,,,
40600,98.2,0.000002,,,,,,,,
40700,98.4,0.000001,,,,,,,,
40800,98.6,0.000001,,,,,,,,
40900,98.8,0.000002,,,,,,,,
41000,99.0,0.000004,,,,,,,,
41100,99.3,0.000002,,,,,,,,
41200,99.5,0.000004,,,,,,,,
41300,99.7,0.000001,,,,,,,,
41400,99.9,0.000001,,,,,,,,
41500,100.1,0.000007,,,,,,,,
41600,100.3,0.000001,,,,,,,,
41700,100.6,0.000001,,,,,,,,
41800,100.8,0.000003,,,,,,,,
41900,101.0,0.000003,,,,,,,,
42000,101.2,0.000002,,,,,,,,
42100,101.4,0.000004,,,,,,,,
42200,101.7,0.000002,,,,,,,,
42300,101.9,0.000003,,,,,,,,
42400,102.1,0.000007,,,,,,,,
42500,102.3,0.000008,,,,,,,,
42600,102.5,0.000002,,,,,,,,
42700,102.7,0.000001,,,,,,,,
42800,103.0,0.000003,,,,,,,,
42900,103.2,0.000001,,,,,,,,
43000,103.4,0.000002,,,,,,,,
43100,103.6,0.000001,,,,,,,,
43200,103.8,0.000001,,,,,,,,
43300,104.1,0.000005,,,,,,,,
43400,104.3,0.000002,,,,,,,,
43500,104.5,0.000002,,,,,,,,
43600,104.7,0.000003,,,,,,,,
43700,104.9,0.000001,,,,,,,,
43800,105.1,0.000001,,,,,,,,
43900,105.4,0.000001,,,,,,,,
44000,105.6,0.000001,,,,,,,,
44100,105.8,0.000002,,,,,,,,
44200,106.0,0.000002,,,,,,,,
44300,106.2,0.000002,,,,,,,,
44400,106.5,0.000002,,,,,,,,
44500,106.7,0.000001,,,,,,,,
44600,106.9,0.000001,,,,,,,,
44700,107.1,0.000001,,,,,,,,
44800,107.3,0.000002,,,,,,,,
44900,107.5,0.000001,,,,,,,,
45000,109.0,0.000004,0.000003,9.318101e-02,8.046572e-03,6.424306e-03,0.000000,8.241678e-02,7.998002e-03,6.325010e-03
45100,109.2,0.000001,,,,,,,,
45200,109.4,0.000004,,,,,,,,
45300,109.6,0.000001,,,,,,,,
45400,109.8,0.000002,,,,,,,,
45500,110.0,0.000002,,,,,,,,
45600,110.2,0.000001,,,,,,,,
45700,110.4,0.000002,,,,,,,,
45800,110.7,0.000005,,,,,,,,
45900,110.9,0.000001,,,,,,,,
46000,111.1,0.000001,,,,,,,,
46100,111.3,0.000002,,,,,,,,
46200,111.5,0.000002,,,,,,,,
46300,111.8,0.000002,,,,,,,,
46400,112.0,0.000002,,,,,,,,
46500,112.2,0.000004,,,,,,,,
46600,112.4,0.000001,,,,,,,,
46700,112.6,0.000001,,,,,,,,
46800,112.9,0.000002,,,,,,,,
46900,113.1,0.000004,,,,,,,,
47000,113.3,0.000001,,,,,,,,
47100,113.5,0.000005,,,,,,,,
47200,113.7,0.000001,,,,,,,,
47300,113.9,0.000002,,,,,,,,
47400,114.2,0.000001,,,,,,,,
47500,114.4,0.000006,,,,,,,,
47600,114.6,0.000002,,,,,,,,
47700,114.8,0.000002,,,,,,,,
47800,115.1,0.000003,,,,,,,,
47900,115.3,0.000002,,,,,,,,
48000,115.5,0.000001,,,,,,,,
48100,115.7,0.000011,,,,,,,,
48200,115.9,0.000001,,,,,,,,
48300,116.1,0.000003,,,,,,,,
48400,116.3,0.000004,,,,,,,,
48500,116.6,0.000007,,,,,,,,
48600,116.8,0.000001,,,,,,,,
48700,117.0,0.000001,,,,,,,,
48800,117.2,0.000003,,,,,,,,
48900,117.4,0.000001,,,,,,,,
49000,117.7,0.000001,,,,,,,,
49100,117.9,0.000003,,,,,,,,
49200,118.1,0.000002,,,,,,,,
49300,118.3,0.000002,,,,,,,,
49400,118.5,0.000001,,,,,,,,
49500,118.8,0.000011,,,,,,,,
49600,119.0,0.000001,,,,,,,,
49700,119.2,0.000001,,,,,,,,
49800,119.4,0.000001,,,,,,,,
49900,119.6,0.000003,,,,,,,,
50000,121.1,0.000001,0.000001,9.796274e-02,5.530769e-03,4.628507e-03,0.000000,6.458546e-02,5.675401e-03,4.836746e-03
50100,121.3,0.000001,,,,,,,,
50200,121.5,0.000001,,,,,,,,
50300,121.7,0.000002,,,,,,,,
50400,121.9,0.000001,,,,,,,,
50500,122.1,0.000004,,,,,,,,
50600,122.3,0.000003,,,,,,,,
50700,122.6,0.000001,,,,,,,,
50800,122.8,0.000002,,,,,,,,
50900,123.0,0.000002,,,,,,,,
51000,123.2,0.000001,,,,,,,,
51100,123.4,0.000001,,,,,,,,
51200,123.6,0.000003,,,,,,,,
51300,123.9,0.000004,,,,,,,,
51400,124.1,0.000001,,,,,,,,
51500,124.3,0.000005,,,,,,,,
51600,124.5,0.000004,,,,,,,,
51700,124.7,0.000004,,,,,,,,
51800,125.0,0.000001,,,,,,,,
51900,125.2,0.000002,,,,,,,,
52000,125.4,0.000003,,,,,,,,
52100,125.6,0.000003,,,,,,,,
52200,125.8,0.000002,,,,,,,,
52300,126.0,0.000001,,,,,,,,
52400,126.2,0.000002,,,,,,,,
52500,126.5,0.000001,,,,,,,,
52600,126.7,0.000001,,,,,,,,
52700,126.9,0.000001,,,,,,,,
52800,127.1,0.000004,,,,,,,,
52900,127.3,0.000001,,,,,,,,
53000,127.5,0.000001,,,,,,,,
53100,127.8,0.000004,,,,,,,,
53200,128.0,0.000002,,,,,,,,
53300,128.2,0.000002,,,,,,,,
53400,128.4,0.000000,,,,,,,,
53500,128.6,0.000006,,,,,,,,
53600,128.9,0.000004,,,,,,,,
53700,129.1,0.000004,,,,,,,,
53800,129.3,0.000001,,,,,,,,
53900,129.5,0.000001,,,,,,,,
54000,129.7,0.000002,,,,,,,,
54100,130.0,0.000001,,,,,,,,
54200,130.2,0.000000,,,,,,,,
54300,130.4,0.000001,,,,,,,,
54400,130.6,0.000001,,,,,,,,
54500,130.8,0.000009,,,,,,,,
54600,131.1,0.000001,,,,,,,,
54700,131.3,0.000002,,,,,,,,
54800,131.5,0.000000,,,,,,,,
54900,131.7,0.000003,,,,,,,,
55000,133.2,0.000002,0.000003,1.056216e-01,9.032543e-03,8.281149e-03,0.000000,5.585457e-02,9.194208e-03,8.502365e-03
55100,133.4,0.000001,,,,,,,,
55200,133.6,0.000004,,,,,,,,
55300,133.8,0.000004,,,,,,,,
55400,134.0,0.000004,,,,,,,,
55500,134.2,0.000002,,,,,,,,
55600,134.4,0.000001,,,,,,,,
55700,134.6,0.000001,,,,,,,,
55800,134.8,0.000001,,,,,,,,
55900,135.0,0.000003,,,,,,,,
56000,135.3,0.000002,,,,,,,,
56100,135.5,0.000002,,,,,,,,
56200,135.7,0.000001,,,,,,,,
56300,135.9,0.000002,,,,,,,,
56400,136.2,0.000001,,,,,,,,
56500,136.4,0.000002,,,,,,,,
56600,136.6,0.000001,,,,,,,,
56700,136.8,0.000002,,,,,,,,
56800,137.0,0.000001,,,,,,,,
56900,137.3,0.000002,,,,,,,,
57000,137.5,0.000001,,,,,,,,
57100,137.7,0.000003,,,,,,,,
57200,137.9,0.000002,,,,,,,,
57300,138.1,0.000000,,,,,,,,
57400,138.4,0.000001,,,,,,,,
57500,138.6,0.000001,,,,,,,,
57600,138.8,0.000001,,,,,,,,
57700,139.0,0.000002,,,,,,,,
57800,139.2,0.000001,,,,,,,,
57900,139.5,0.000001,,,,,,,,
58000,139.7,0.000006,,,,,,,,
58100,139.9,0.000001,,,,,,,,
58200,140.1,0.000001,,,,,,,,
58300,140.3,0.000005,,,,,,,,
58400,140.6,0.000000,,,,,,,,
58500,140.8,0.000004,,,,,,,,
58600,141.0,0.000001,,,,,,,,
58700,141.2,0.000002,,,,,,,,
58800,141.4,0.000001,,,,,,,,
58900,141.7,0.000001,,,,,,,,
59000,141.9,0.000001,,,,,,,,
59100,142.1,0.000001,,,,,,,,
59200,142.3,0.000001,,,,,,,,
59300,142.5,0.000001,,,,,,,,
59400,142.8,0.000001,,,,,,,,
59500,143.0,0.000002,,,,,,,,
59600,143.2,0.000001,,,,,,,,
59700,143.4,0.000001,,,,,,,,
59800,143.6,0.000001,,,,,,,,
59900,143.9,0.000001,,,,,,,,
60000,145.3,0.000000,0.000001,5.491419e-02,4.838105e-03,3.951368e-03,0.000000,3.192009e-02,4.951257e-03,4.151951e-03
60100,145.6,0.000001,,,,,,,,
60200,145.8,0.000001,,,,,,,,
60300,146.0,0.000002,,,,,,,,
60400,146.2,0.000001,,,,,,,,
60500,146.4,0.000004,,,,,,,,
60600,146.6,0.000002,,,,,,,,
60700,146.8,0.000002,,,,,,,,
60800,147.0,0.000001,,,,,,,,
60900,147.2,0.000001,,,,,,,,
61000,147.5,0.000004,,,,,,,,
61100,147.7,0.000001,,,,,,,,
61200,147.9,0.000001,,,,,,,,
61300,148.1,0.000001,,,,,,,,
61400,148.3,0.000002,,,,,,,,
61500,148.5,0.000001,,,,,,,,
61600,148.8,0.000001,,,,,,,,
61700,149.0,0.000003,,,,,,,,
61800,149.2,0.000002,,,,,,,,
61900,149.4,0.000008,,,,,,,,
62000,149.6,0.000001,,,,,,,,
62100,149.9,0.000009,,,,,,,,
62200,150.1,0.000002,,,,,,,,
62300,150.3,0.000001,,,,,,,,
62400,150.5,0.000001,,,,,,,,
62500,150.7,0.000002,,,,,,,,
62600,151.0,0.000002,,,,,,,,
62700,151.2,0.000001,,,,,,,,
62800,151.4,0.000002,,,,,,,,
62900,151.6,0.000001,,,,,,,,
63000,151.8,0.000001,,,,,,,,
63100,152.1,0.000001,,,,,,,,
63200,152.3,0.000001,,,,,,,,
63300,152.5,0.000002,,,,,,,,
63400,152.7,0.000001,,,,,,,,
63500,152.9,0.000001,,,,,,,,
63600,153.2,0.000004,,,,,,,,
63700,153.4,0.000004,,,,,,,,
63800,153.6,0.000002,,,,,,,,
63900,153.8,0.000002,,,,,,,,
64000,154.0,0.000003,,,,,,,,
64100,154.2,0.000001,,,,,,,,
64200,154.4,0.000001,,,,,,,,
64300,154.7,0.000001,,,,,,,,
64400,154.9,0.000001,,,,,,,,
64500,155.1,0.000002,,,,,,,,
64600,155.3,0.000002,,,,,,,,
64700,155.5,0.000001,,,,,,,,
64800,155.8,0.000001,,,,,,,,
64900,156.0,0.000003,,,,,,,,
65000,157.5,0.000002,0.000001,1.206591e-01,4.804833e-03,3.999724e-03,0.000000,9.423591e-02,4.718018e-03,4.010212e-03
65100,157.7,0.000001,,,,,,,,
65200,157.9,0.000004,,,,,,,,
65300,158.1,0.000002,,,,,,,,
65400,158.3,0.000002,,,,,,,,
65500,158.5,0.000001,,,,,,,,
65600,158.8,0.000004,,,,,,,,
65700,159.0,0.000001,,,,,,,,
65800,159.2,0.000002,,,,,,,,
65900,159.4,0.000002,,,,,,,,
66000,159.6,0.000001,,,,,,,,
66100,159.9,0.000001,,,,,,,,
66200,160.1,0.000001,,,,,,,,
66300,160.3,0.000000,,,,,,,,
66400,160.5,0.000001,,,,,,,,
66500,160.7,0.000004,,,,,,,,
66600,161.0,0.000000,,,,,,,,
66700,161.2,0.000003,,,,,,,,
66800,161.4,0.000001,,,,,,,,
66900,161.6,0.000008,,,,,,,,
67000,161.8,0.000001,,,,,,,,
67100,162.0,0.000001,,,,,,,,
67200,162.3,0.000002,,,,,,,,
67300,162.5,0.000002,,,,,,,,
67400,162.7,0.000002,,,,,,,,
67500,162.9,0.000005,,,,,,,,
67600,163.1,0.000003,,,,,,,,
67700,163.4,0.000001,,,,,,,,
67800,163.6,0.000003,,,,,,,,
67900,163.8,0.000001,,,,,,,,
68000,164.0,0.000001,,,,,,,,
68100,164.3,0.000002,,,,,,,,
68200,164.5,0.000001,,,,,,,,
68300,164.7,0.000002,,,,,,,,
68400,164.9,0.000003,,,,,,,,
68500,165.1,0.000003,,,,,,,,
68600,165.3,0.000001,,,,,,,,
68700,165.6,0.000001,,,,,,,,
68800,165.8,0.000001,,,,,,,,
68900,166.0,0.000001,,,,,,,,
69000,166.2,0.000002,,,,,,,,
69100,166.4,0.000000,,,,,,,,
69200,166.7,0.000005,,,,,,,,
69300,166.9,0.000003,,,,,,,,
69400,167.1,0.000001,,,,,,,,
69500,167.3,0.000002,,,,,,,,
69600,167.5,0.000002,,,,,,,,
69700,167.7,0.000001,,,,,,,,
69800,168.0,0.000002,,,,,,,,
69900,168.2,0.000001,,,,,,,,
70000,169.6,0.000000,0.000001,5.966834e-02,5.052631e-03,4.158063e-03,0.000000,4.620006e-02,5.115009e-03,4.283954e-03
70100,169.8,0.000001,,,,,,,,
70200,170.0,0.000001,,,,,,,,
70300,170.2,0.000001,,,,,,,,
70400,170.5,0.000002,,,,,,,,
70500,170.7,0.000002,,,,,,,,
70600,170.9,0.000001,,,,,,,,
70700,171.1,0.000001,,,,,,,,
70800,171.3,0.000002,,,,,,,,
70900,171.6,0.000001,,,,,,,,
71000,171.8,0.000003,,,,,,,,
71100,172.0,0.000001,,,,,,,,
71200,172.2,0.000001,,,,,,,,
71300,172.4,0.000003,,,,,,,,
71400,172.7,0.000001,,,,,,,,
71500,172.9,0.000001,,,,,,,,
71600,173.1,0.000001,,,,,,,,
71700,173.3,0.000001,,,,,,,,
71800,173.6,0.000001,,,,,,,,
71900,173.8,0.000002,,,,,,,,
72000,174.0,0.000002,,,,,,,,
72100,174.2,0.000001,,,,,,,,
72200,174.4,0.000001,,,,,,,,
72300,174.7,0.000001,,,,,,,,
72400,174.9,0.000001,,,,,,,,
72500,175.1,0.000001,,,,,,,,
72600,175.3,0.000001,,,,,,,,
72700,175.5,0.000005,,,,,,,,
72800,175.8,0.000001,,,,,,,,
72900,176.0,0.000002,,,,,,,,
73000,176.2,0.000003,,,,,,,,
73100,176.4,0.000001,,,,,,,,
73200,176.6,0.000001,,,,,,,,
73300,176.8,0.000000,,,,,,,,
73400,177.1,0.000002,,,,,,,,
73500,177.3,0.000001,,,,,,,,
73600,177.5,0.000001,,,,,,,,
73700,177.7,0.000001,,,,,,,,
73800,177.9,0.000001,,,,,,,,
73900,178.2,0.000000,,,,,,,,
74000,178.4,0.000002,,,,,,,,
74100,178.6,0.000001,,,,,,,,
74200,178.8,0.000001,,,,,,,,
74300,179.0,0.000001,,,,,,,,
74400,179.3,0.000002,,,,,,,,
74500,179.5,0.000001,,,,,,,,
74600,179.7,0.000002,,,,,,,,
74700,179.9,0.000002,,,,,,,,
74800,180.1,0.000001,,,,,,,,
74900,180.3,0.000001,,,,,,,,
75000,181.8,0.000004,0.000003,1.053141e-01,9.306366e-03,8.594025e-03,0.000000,5.064660e-02,9.411866e-03,8.753340e-03
75100,182.0,0.000004,,,,,,,,
75200,182.2,0.000002,,,,,,,,
75300,182.4,0.000001,,,,,,,,
75400,182.6,0.000002,,,,,,,,
75500,182.8,0.000000,,,,,,,,
75600,183.0,0.000002,,,,,,,,
75700,183.3,0.000001,,,,,,,,
75800,183.5,0.000001,,,,,,,,
75900,183.7,0.000001,,,,,,,,
76000,184.0,0.000004,,,,,,,,
76100,184.3,0.000003,,,,,,,,
76200,184.5,0.000001,,,,,,,,
76300,184.8,0.000000,,,,,,,,
76400,185.1,0.000001,,,,,,,,
76500,185.4,0.000000,,,,,,,,
76600,185.7,0.000001,,,,,,,,
76700,186.0,0.000001,,,,,,,,
76800,186.3,0.000001,,,,,,,,
76900,186.5,0.000001,,,,,,,,
77000,186.8,0.000001,,,,,,,,
77100,187.1,0.000001,,,,,,,,
77200,187.4,0.000004,,,,,,,,
77300,187.7,0.000003,,,,,,,,
77400,188.0,0.000001,,,,,,,,
77500,188.3,0.000001,,,,,,,,
77600,188.5,0.000003,,,,,,,,
77700,188.8,0.000001,,,,,,,,
77800,189.1,0.000002,,,,,,,,
77900,189.4,0.000001,,,,,,,,
78000,189.7,0.000001,,,,,,,,
78100,190.0,0.000001,,,,,,,,
78200,190.3,0.000002,,,,,,,,
78300,190.6,0.000001,,,,,,,,
78400,190.8,0.000001,,,,,,,,
78500,191.1,0.000003,,,,,,,,
78600,191.4,0.000000,,,,,,,,
78700,191.6,0.000003,,,,,,,,
78800,191.8,0.000002,,,,,,,,
78900,192.1,0.000003,,,,,,,,
79000,192.3,0.000005,,,,,,,,
79100,192.5,0.000002,,,,,,,,
79200,192.7,0.000002,,,,,,,,
79300,192.9,0.000001,,,,,,,,
79400,193.1,0.000001,,,,,,,,
79500,193.4,0.000002,,,,,,,,
79600,193.6,0.000001,,,,,,,,
79700,193.8,0.000001,,,,,,,,
79800,194.0,0.000001,,,,,,,,
79900,194.2,0.000001,,,,,,,,
80000,195.7,0.000001,0.000001,7.562084e-02,4.246026e-03,3.713222e-03,0.000000,4.571957e-02,4.147508e-03,3.634105e-03
80100,195.9,0.000001,,,,,,,,
80200,196.1,0.000001,,,,,,,,
80300,196.3,0.000002,,,,,,,,
80400,196.5,0.000004,,,,,,,,
80500,196.7,0.000000,,,,,,,,
80600,197.0,0.000001,,,,,,,,
80700,197.2,0.000006,,,,,,,,
80800,197.4,0.000002,,,,,,,,
80900,197.6,0.000002,,,,,,,,
81000,197.8,0.000000,,,,,,,,
81100,198.1,0.000001,,,,,,,,
81200,198.3,0.000002,,,,,,,,
81300,198.5,0.000000,,,,,,,,
81400,198.7,0.000002,,,,,,,,
81500,198.9,0.000001,,,,,,,,
81600,199.2,0.000001,,,,,,,,
81700,199.4,0.000006,,,,,,,,
81800,199.6,0.000000,,,,,,,,
81900,199.8,0.000001,,,,,,,,
82000,200.0,0.000003,,,,,,,,
82100,200.3,0.000002,,,,,,,,
82200,200.5,0.000001,,,,,,,,
82300,200.7,0.000001,,,,,,,,
82400,200.9,0.000001,,,,,,,,
82500,201.1,0.000002,,,,,,,,
82600,201.4,0.000001,,,,,,,,
82700,201.6,0.000001,,,,,,,,
82800,201.8,0.000001,,,,,,,,
82900,202.0,0.000001,,,,,,,,
83000,202.2,0.000003,,,,,,,,
83100,202.4,0.000001,,,,,,,,
83200,202.7,0.000003,,,,,,,,
83300,202.9,0.000001,,,,,,,,
83400,203.1,0.000002,,,,,,,,
83500,203.3,0.000000,,,,,,,,
83600,203.5,0.000002,,,,,,,,
83700,203.7,0.000001,,,,,,,,
83800,204.0,0.000002,,,,,,,,
83900,204.2,0.000001,,,,,,,,
84000,204.4,0.000000,,,,,,,,
84100,204.6,0.000001,,,,,,,,
84200,204.8,0.000001,,,,,,,,
84300,205.1,0.000001,,,,,,,,
84400,205.3,0.000001,,,,,,,,
84500,205.5,0.000000,,,,,,,,
84600,205.7,0.000000,,,,,,,,
84700,205.9,0.000005,,,,,,,,
84800,206.2,0.000001,,,,,,,,
84900,206.4,0.000002,,,,,,,,
85000,207.8,0.000001,0.000001,5.189756e-02,5.736634e-03,4.693729e-03,0.000000,3.212283e-02,5.748940e-03,4.670798e-03
85100,208.0,0.000001,,,,,,,,
85200,208.3,0.000001,,,,,,,,
85300,208.5,0.000006,,,,,,,,
85400,208.7,0.000001,,,,,,,,
85500,208.9,0.000001,,,,,,,,
85600,209.1,0.000001,,,,,,,,
85700,209.3,0.000001,,,,,,,,
85800,209.5,0.000002,,,,,,,,
85900,209.8,0.000001,,,,,,,,
86000,210.0,0.000001,,,,,,,,
86100,210.2,0.000001,,,,,,,,
86200,210.4,0.000005,,,,,,,,
86300,210.6,0.000001,,,,,,,,
86400,210.9,0.000001,,,,,,,,
86500,211.1,0.000002,,,,,,,,
86600,211.3,0.000001,,,,,,,,
86700,211.5,0.000001,,,,,,,,
86800,211.7,0.000001,,,,,,,,
86900,211.9,0.000001,,,,,,,,
87000,212.2,0.000001,,,,,,,,
87100,212.4,0.000003,,,,,,,,
87200,212.6,0.000001,,,,,,,,
87300,212.8,0.000001,,,,,,,,
87400,213.0,0.000001,,,,,,,,
87500,213.2,0.000001,,,,,,,,
87600,213.5,0.000002,,,,,,,,
87700,213.7,0.000001,,,,,,,,
87800,213.9,0.000002,,,,,,,,
87900,214.1,0.000001,,,,,,,,
88000,214.3,0.000001,,,,,,,,
88100,214.6,0.000001,,,,,,,,
88200,214.8,0.000001,,,,,,,,
88300,215.0,0.000001,,,,,,,,
88400,215.2,0.000001,,,,,,,,
88500,215.4,0.000001,,,,,,,,
88600,215.7,0.000001,,,,,,,,
88700,215.9,0.000001,,,,,,,,
88800,216.1,0.000002,,,,,,,,
88900,216.3,0.000000,,,,,,,,
89000,216.5,0.000001,,,,,,,,
89100,216.7,0.000002,,,,,,,,
89200,217.0,0.000001,,,,,,,,
89300,217.2,0.000002,,,,,,,,
89400,217.4,0.000001,,,,,,,,
89500,217.6,0.000002,,,,,,,,
89600,217.8,0.000002,,,,,,,,
89700,218.0,0.000001,,,,,,,,
89800,218.2,0.000002,,,,,,,,
89900,218.5,0.000004,,,,,,,,
90000,219.9,0.000001,0.000001,6.417722e-02,4.361195e-03,3.882660e-03,0.000000,6.417722e-02,4.391859e-03,3.942025e-03
90100,220.1,0.000001,,,,,,,,
90200,220.3,0.000002,,,,,,,,
90300,220.5,0.000001,,,,,,,,
90400,220.7,0.000001,,,,,,,,
90500,221.0,0.000001,,,,,,,,
90600,221.2,0.000002,,,,,,,,
90700,221.4,0.000000,,,,,,,,
90800,221.6,0.000001,,,,,,,,
90900,221.8,0.000001,,,,,,,,
91000,222.0,0.000001,,,,,,,,
91100,222.3,0.000001,,,,,,,,
91200,222.5,0.000001,,,,,,,,
91300,222.7,0.000003,,,,,,,,
91400,222.9,0.000001,,,,,,,,
91500,223.2,0.000001,,,,,,,,
91600,223.4,0.000001,,,,,,,,
91700,223.6,0.000001,,,,,,,,
91800,223.8,0.000001,,,,,,,,
91900,224.0,0.000004,,,,,,,,
92000,224.3,0.000005,,,,,,,,
92100,224.5,0.000002,,,,,,,,
92200,224.7,0.000002,,,,,,,,
92300,224.9,0.000001,,,,,,,,
92400,225.1,0.000001,,,,,,,,
92500,225.3,0.000001,,,,,,,,
92600,225.5,0.000001,,,,,,,,
92700,225.7,0.000001,,,,,,,,
92800,226.0,0.000002,,,,,,,,
92900,226.2,0.000003,,,,,,,,
93000,226.4,0.000001,,,,,,,,
93100,226.6,0.000001,,,,,,,,
93200,226.9,0.000002,,,,,,,,
93300,227.1,0.000003,,,,,,,,
93400,227.3,0.000000,,,,,,,,
93500,227.5,0.000001,,,,,,,,
93600,227.7,0.000000,,,,,,,,
93700,227.9,0.000003,,,,,,,,
93800,228.2,0.000001,,,,,,,,
93900,228.4,0.000001,,,,,,,,
94000,228.6,0.000001,,,,,,,,
94100,228.8,0.000000,,,,,,,,
94200,229.0,0.000001,,,,,,,,
94300,229.3,0.000001,,,,,,,,
94400,229.5,0.000001,,,,,,,,
94500,229.7,0.000000,,,,,,,,
94600,229.9,0.000000,,,,,,,,
94700,230.1,0.000002,,,,,,,,
94800,230.4,0.000001,,,,,,,,
94900,230.6,0.000000,,,,,,,,
95000,232.0,0.000001,0.000001,6.974470e-02,5.331534e-03,4.642147e-03,0.000000,5.790099e-02,5.290834e-03,4.623361e-03
95100,232.3,0.000000,,,,,,,,
95200,232.5,0.000002,,,,,,,,
95300,232.7,0.000000,,,,,,,,
95400,232.9,0.000002,,,,,,,,
95500,233.1,0.000000,,,,,,,,
95600,233.3,0.000001,,,,,,,,
95700,233.5,0.000001,,,,,,,,
95800,233.8,0.000001,,,,,,,,
95900,234.0,0.000003,,,,,,,,
96000,234.2,0.000001,,,,,,,,
96100,234.4,0.000000,,,,,,,,
96200,234.7,0.000001,,,,,,,,
96300,235.0,0.000001,,,,,,,,
96400,235.3,0.000002,,,,,,,,
96500,235.6,0.000001,,,,,,,,
96600,235.9,0.000002,,,,,,,,
96700,236.2,0.000003,,,,,,,,
96800,236.5,0.000001,,,,,,,,
96900,236.8,0.000002,,,,,,,,
97000,237.1,0.000001,,,,,,,,
97100,237.3,0.000000,,,,,,,,
97200,237.6,0.000001,,,,,,,,
97300,237.9,0.000001,,,,,,,,
97400,238.2,0.000000,,,,,,,,
97500,238.5,0.000001,,,,,,,,
97600,238.8,0.000001,,,,,,,,
97700,239.1,0.000004,,,,,,,,
97800,239.4,0.000000,,,,,,,,
97900,239.7,0.000001,,,,,,,,
98000,240.0,0.000001,,,,,,,,
98100,240.2,0.000001,,,,,,,,
98200,240.5,0.000001,,,,,,,,
98300,240.8,0.000001,,,,,,,,
98400,241.1,0.000000,,,,,,,,
98500,241.4,0.000000,,,,,,,,
98600,241.7,0.000002,,,,,,,,
98700,242.0,0.000001,,,,,,,,
98800,242.2,0.000000,,,,,,,,
98900,242.4,0.000002,,,,,,,,
99000,242.7,0.000001,,,,,,,,
99100,242.9,0.000001,,,,,,,,
99200,243.1,0.000002,,,,,,,,
99300,243.3,0.000001,,,,,,,,
99400,243.5,0.000002,,,,,,,,
99500,243.8,0.000001,,,,,,,,
99600,244.0,0.000001,,,,,,,,
99700,244.2,0.000001,,,,,,,,
99800,244.4,0.000001,,,,,,,,
99900,244.6,0.000001,,,,,,,,
100000,246.1,0.000001,0.000000,5.342598e-02,3.274626e-03,2.603974e-03,0.000000,2.096671e-02,3.282834e-03,2.669482e-03
100100,246.3,0.000001,,,,,,,,
100200,246.5,0.000001,,,,,,,,
100300,246.7,0.000001,,,,,,,,
100400,246.9,0.000003,,,,,,,,
100500,247.1,0.000001,,,,,,,,
100600,247.3,0.000002,,,,,,,,
100700,247.6,0.000000,,,,,,,,
100800,247.8,0.000001,,,,,,,,
100900,248.0,0.000000,,,,,,,,
101000,248.2,0.000000,,,,,,,,
101100,248.4,0.000001,,,,,,,,
101200,248.7,0.000002,,,,,,,,
101300,248.9,0.000000,,,,,,,,
101400,249.1,0.000002,,,,,,,,
101500,249.3,0.000001,,,,,,,,
101600,249.5,0.000001,,,,,,,,
101700,249.8,0.000001,,,,,,,,
101800,250.0,0.000001,,,,,,,,
101900,250.2,0.000001,,,,,,,,
102000,250.4,0.000001,,,,,,,,
102100,250.6,0.000001,,,,,,,,
102200,250.9,0.000000,,,,,,,,
102300,251.1,0.000001,,,,,,,,
102400,251.3,0.000000,,,,,,,,
102500,251.5,0.000003,,,,,,,,
102600,251.7,0.000001,,,,,,,,
102700,252.0,0.000001,,,,,,,,
102800,252.2,0.000001,,,,,,,,
102900,252.4,0.000001,,,,,,,,
103000,252.6,0.000000,,,,,,,,
103100,252.8,0.000000,,,,,,,,
103200,253.0,0.000001,,,,,,,,
103300,253.3,0.000002,,,,,,,,
103400,253.5,0.000000,,,,,,,,
103500,253.7,0.000001,,,,,,,,
103600,253.9,0.000001,,,,,,,,
103700,254.1,0.000000,,,,,,,,
103800,254.3,0.000001,,,,,,,,
103900,254.5,0.000001,,,,,,,,
104000,254.8,0.000001,,,,,,,,
104100,255.0,0.000002,,,,,,,,
104200,255.2,0.000001,,,,,,,,
104300,255.4,0.000000,,,,,,,,
104400,255.6,0.000001,,,,,,,,
104500,255.9,0.000001,,,,,,,,
104600,256.1,0.000001,,,,,,,,
104700,256.4,0.000002,,,,,,,,
104800,256.6,0.000000,,,,,,,,
104900,256.9,0.000001,,,,,,,,
105000,258.5,0.000002,0.000001,1.471459e-01,5.477384e-03,4.775979e-03,0.000000,7.482320e-02,5.362032e-03,4.660945e-03
105100,258.7,0.000000,,,,,,,,
105200,258.9,0.000001,,,,,,,,
105300,259.1,0.000005,,,,,,,,
105400,259.4,0.000001,,,,,,,,
105500,259.6,0.000001,,,,,,,,
105600,259.8,0.000000,,,,,,,,
105700,260.0,0.000000,,,,,,,,
105800,260.2,0.000000,,,,,,,,
105900,260.5,0.000004,,,,,,,,
106000,260.7,0.000002,,,,,,,,
106100,260.9,0.000000,,,,,,,,
106200,261.1,0.000001,,,,,,,,
106300,261.4,0.000001,,,,,,,,
106400,261.6,0.000004,,,,,,,,
106500,261.8,0.000002,,,,,,,,
106600,262.0,0.000001,,,,,,,,
106700,262.2,0.000001,,,,,,,,
106800,262.4,0.000002,,,,,,,,
106900,262.6,0.000000,,,,,,,,
107000,262.9,0.000001,,,,,,,,
107100,263.1,0.000001,,,,,,,,
107200,263.3,0.000001,,,,,,,,
107300,263.5,0.000001,,,,,,,,
107400,263.7,0.000001,,,,,,,,
107500,263.9,0.000000,,,,,,,,
107600,264.1,0.000002,,,,,,,,
107700,264.4,0.000001,,,,,,,,
107800,264.6,0.000003,,,,,,,,
107900,264.8,0.000001,,,,,,,,
108000,265.0,0.000001,,,,,,,,
108100,265.2,0.000004,,,,,,,,
108200,265.5,0.000002,,,,,,,,
108300,265.7,0.000000,,,,,,,,
108400,265.9,0.000001,,,,,,,,
108500,266.1,0.000000,,,,,,,,
108600,266.3,0.000002,,,,,,,,
108700,266.5,0.000002,,,,,,,,
108800,266.8,0.000001,,,,,,,,
108900,267.0,0.000000,,,,,,,,
109000,267.2,0.000001,,,,,,,,
109100,267.4,0.000001,,,,,,,,
109200,267.6,0.000001,,,,,,,,
109300,267.8,0.000001,,,,,,,,
109400,268.1,0.000001,,,,,,,,
109500,268.3,0.000002,,,,,,,,
109600,268.5,0.000001,,,,,,,,
109700,268.7,0.000002,,,,,,,,
109800,268.9,0.000001,,,,,,,,
109900,269.1,0.000000,,,,,,,,
110000,270.7,0.000001,0.000001,9.504766e-02,5.952747e-03,5.166683e-03,0.000000,2.868689e-02,6.010136e-03,5.247977e-03
110100,270.9,0.000000,,,,,,,,
110200,271.1,0.000001,,,,,,,,
110300,271.3,0.000002,,,,,,,,
110400,271.5,0.000001,,,,,,,,
110500,271.7,0.000001,,,,,,,,
110600,271.9,0.000002,,,,,,,,
110700,272.2,0.000000,,,,,,,,
110800,272.4,0.000001,,,,,,,,
110900,272.6,0.000000,,,,,,,,
111000,272.8,0.000000,,,,,,,,
111100,273.0,0.000001,,,,,,,,
111200,273.2,0.000002,,,,,,,,
111300,273.5,0.000001,,,,,,,,
111400,273.7,0.000001,,,,,,,,
111500,273.9,0.000001,,,,,,,,
111600,274.1,0.000001,,,,,,,,
111700,274.4,0.000000,,,,,,,,
111800,274.6,0.000002,,,,,,,,
111900,274.8,0.000000,,,,,,,,
112000,275.0,0.000001,,,,,,,,
112100,275.2,0.000000,,,,,,,,
112200,275.5,0.000001,,,,,,,,
112300,275.7,0.000001,,,,,,,,
112400,275.9,0.000001,,,,,,,,
112500,276.1,0.000000,,,,,,,,
112600,276.3,0.000003,,,,,,,,
112700,276.5,0.000001,,,,,,,,
112800,276.8,0.000000,,,,,,,,
112900,277.0,0.000001,,,,,,,,
113000,277.2,0.000001,,,,,,,,
113100,277.4,0.000001,,,,,,,,
113200,277.6,0.000001,,,,,,,,
113300,277.9,0.000001,,,,,,,,
113400,278.1,0.000003,,,,,,,,
113500,278.3,0.000001,,,,,,,,
113600,278.5,0.000001,,,,,,,,
113700,278.7,0.000000,,,,,,,,
113800,279.0,0.000001,,,,,,,,
113900,279.2,0.000001,,,,,,,,
114000,279.4,0.000001,,,,,,,,
114100,279.6,0.000003,,,,,,,,
114200,279.8,0.000002,,,,,,,,
114300,280.1,0.000001,,,,,,,,
114400,280.3,0.000001,,,,,,,,
114500,280.5,0.000001,,,,,,,,
114600,280.7,0.000000,,,,,,,,
114700,280.9,0.000000,,,,,,,,
114800,281.1,0.000001,,,,,,,,
114900,281.4,0.000002,,,,,,,,
115000,282.8,0.000001,0.000001,1.043050e-01,6.151883e-03,5.856906e-03,0.000000,4.230280e-02,6.076867e-03,5.886878e-03
115100,283.0,0.000001,,,,,,,,
115200,283.2,0.000002,,,,,,,,
115300,283.4,0.000001,,,,,,,,
115400,283.7,0.000002,,,,,,,,
115500,283.9,0.000001,,,,,,,,
115600,284.1,0.000001,,,,,,,,
115700,284.3,0.000002,,,,,,,,
115800,284.5,0.000001,,,,,,,,
115900,284.8,0.000001,,,,,,,,
116000,285.0,0.000001,,,,,,,,
116100,285.2,0.000001,,,,,,,,
116200,285.4,0.000000,,,,,,,,
116300,285.6,0.000001,,,,,,,,
116400,285.9,0.000000,,,,,,,,
116500,286.1,0.000001,,,,,,,,
116600,286.3,0.000001,,,,,,,,
116700,286.5,0.000000,,,,,,,,
116800,286.7,0.000002,,,,,,,,
116900,287.0,0.000001,,,,,,,,
117000,287.2,0.000001,,,,,,,,
117100,287.4,0.000000,,,,,,,,
117200,287.6,0.000002,,,,,,,,
117300,287.8,0.000001,,,,,,,,
117400,288.1,0.000001,,,,,,,,
117500,288.3,0.000002,,,,,,,,
117600,288.5,0.000001,,,,,,,,
117700,288.7,0.000002,,,,,,,,
117800,288.9,0.000001,,,,,,,,
117900,289.1,0.000002,,,,,,,,
118000,289.4,0.000000,,,,,,,,
118100,289.6,0.000001,,,,,,,,
118200,289.8,0.000001,,,,,,,,
118300,290.0,0.000001,,,,,,,,
118400,290.2,0.000001,,,,,,,,
118500,290.4,0.000001,,,,,,,,
118600,290.7,0.000001,,,,,,,,
118700,290.9,0.000003,,,,,,,,
118800,291.1,0.000001,,,,,,,,
118900,291.3,0.000000,,,,,,,,
119000,291.5,0.000001,,,,,,,,
119100,291.8,0.000002,,,,,,,,
119200,292.0,0.000001,,,,,,,,
119300,292.2,0.000001,,,,,,,,
119400,292.4,0.000002,,,,,,,,
119500,292.6,0.000001,,,,,,,,
119600,292.9,0.000003,,,,,,,,
119700,293.1,0.000001,,,,,,,,
119800,293.3,0.000001,,,,,,,,
119900,293.5,0.000000,,,,,,,,
120000,295.0,0.000001,0.000002,8.208000e-02,6.968309e-03,5.818728e-03,0.000000,6.137634e-02,6.983826e-03,5.847927e-03
120100,295.2,0.000001,,,,,,,,
120200,295.4,0.000001,,,,,,,,
120300,295.6,0.000000,,,,,,,,
120400,295.8,0.000001,,,,,,,,
120500,296.0,0.000001,,,,,,,,
120600,296.2,0.000000,,,,,,,,
120700,296.4,0.000000,,,,,,,,
120800,296.6,0.000001,,,,,,,,
120900,296.9,0.000000,,,,,,,,
121000,297.1,0.000000,,,,,,,,
121100,297.3,0.000001,,,,,,,,
121200,297.5,0.000000,,,,,,,,
121300,297.7,0.000001,,,,,,,,
121400,298.0,0.000002,,,,,,,,
121500,298.2,0.000001,,,,,,,,
121600,298.4,0.000001,,,,,,,,
121700,298.6,0.000001,,,,,,,,
121800,298.8,0.000000,,,,,,,,
121900,299.1,0.000001,,,,,,,,
122000,299.3,0.000000,,,,,,,,
122100,299.5,0.000001,,,,,,,,
122200,299.7,0.000001,,,,,,,,
122300,299.9,0.000001,,,,,,,,
122400,300.2,0.000001,,,,,,,,
122500,300.4,0.000001,,,,,,,,
122600,300.6,0.000002,,,,,,,,
122700,300.8,0.000001,,,,,,,,
122800,301.0,0.000001,,,,,,,,
122900,301.3,0.000001,,,,,,,,
123000,301.5,0.000001,,,,,,,,
123100,301.7,0.000001,,,,,,,,
123200,301.9,0.000001,,,,,,,,
123300,302.1,0.000001,,,,,,,,
123400,302.4,0.000001,,,,,,,,
123500,302.6,0.000001,,,,,,,,
123600,302.8,0.000001,,,,,,,,
123700,303.0,0.000000,,,,,,,,
123800,303.2,0.000000,,,,,,,,
123900,303.5,0.000001,,,,,,,,
124000,303.7,0.000001,,,,,,,,
124100,303.9,0.000001,,,,,,,,
124200,304.1,0.000001,,,,,,,,
124300,304.3,0.000001,,,,,,,,
124400,304.6,0.000002,,,,,,,,
124500,304.8,0.000000,,,,,,,,
124600,305.0,0.000002,,,,,,,,
124700,305.2,0.000002,,,,,,,,
124800,305.4,0.000001,,,,,,,,
124900,305.6,0.000001,,,,,,,,
125000,307.1,0.000002,0.000001,1.060719e-01,4.253363e-03,3.624063e-03,0.000000,5.715246e-02,4.211773e-03,3.653989e-03
125100,307.3,0.000001,,,,,,,,
125200,307.5,0.000002,,,,,,,,
125300,307.7,0.000001,,,,,,,,
125400,307.9,0.000000,,,,,,,,
125500,308.2,0.000001,,,,,,,,
125600,308.4,0.000001,,,,,,,,
125700,308.6,0.000001,,,,,,,,
125800,308.8,0.000002,,,,,,,,
125900,309.0,0.000000,,,,,,,,
126000,309.2,0.000000,,,,,,,,
126100,309.5,0.000001,,,,,,,,
126200,309.7,0.000001,,,,,,,,
126300,309.9,0.000001,,,,,,,,
126400,310.1,0.000001,,,,,,,,
126500,310.3,0.000002,,,,,,,,
126600,310.6,0.000001,,,,,,,,
126700,310.8,0.000000,,,,,,,,
126800,311.0,0.000001,,,,,,,,
126900,311.2,0.000001,,,,,,,,
127000,311.4,0.000001,,,,,,,,
127100,311.7,0.000002,,,,,,,,
127200,311.9,0.000001,,,,,,,,
127300,312.1,0.000001,,,,,,,,
127400,312.3,0.000001,,,,,,,,
127500,312.5,0.000002,,,,,,,,
127600,312.7,0.000001,,,,,,,,
127700,313.0,0.000000,,,,,,,,
127800,313.2,0.000001,,,,,,,,
127900,313.4,0.000000,,,,,,,,
128000,313.6,0.000001,,,,,,,,
128100,313.8,0.000001,,,,,,,,
128200,314.0,0.000000,,,,,,,,
128300,314.3,0.000002,,,,,,,,
128400,314.5,0.000001,,,,,,,,
128500,314.7,0.000001,,,,,,,,
128600,314.9,0.000001,,,,,,,,
128700,315.1,0.000000,,,,,,,,
128800,315.3,0.000001,,,,,,,,
128900,315.6,0.000001,,,,,,,,
129000,315.8,0.000001,,,,,,,,
129100,316.0,0.000001,,,,,,,,
129200,316.2,0.000000,,,,,,,,
129300,316.4,0.000000,,,,,,,,
129400,316.6,0.000000,,,,,,,,
129500,316.8,0.000000,,,,,,,,
129600,317.1,0.000000,,,,,,,,
129700,317.3,0.000000,,,,,,,,
129800,317.5,0.000002,,,,,,,,
129900,317.7,0.000001,,,,,,,,
130000,319.3,0.000002,0.000001,6.049032e-02,4.406743e-03,3.638611e-03,0.000000,4.127265e-02,4.397112e-03,3.682079e-03
130100,319.5,0.000001,,,,,,,,
130200,319.7,0.000001,,,,,,,,
130300,319.9,0.000000,,,,,,,,
130400,320.1,0.000001,,,,,,,,
130500,320.3,0.000000,,,,,,,,
130600,320.5,0.000001,,,,,,,,
130700,320.8,0.000001,,,,,,,,
130800,321.0,0.000001,,,,,,,,
130900,321.2,0.000004,,,,,,,,
131000,321.4,0.000000,,,,,,,,
131100,321.6,0.000001,,,,,,,,
131200,321.8,0.000001,,,,,,,,
131300,322.0,0.000000,,,,,,,,
131400,322.3,0.000002,,,,,,,,
131500,322.5,0.000001,,,,,,,,
131600,322.7,0.000001,,,,,,,,
131700,322.9,0.000000,,,,,,,,
131800,323.1,0.000001,,,,,,,,
131900,323.3,0.000000,,,,,,,,
132000,323.5,0.000000,,,,,,,,
132100,323.8,0.000000,,,,,,,,
132200,324.0,0.000001,,,,,,,,
132300,324.2,0.000001,,,,,,,,
132400,324.4,0.000001,,,,,,,,
132500,324.6,0.000001,,,,,,,,
132600,324.8,0.000003,,,,,,,,
132700,325.0,0.000000,,,,,,,,
132800,325.2,0.000000,,,,,,,,
132900,325.4,0.000001,,,,,,,,
133000,325.7,0.000000,,,,,,,,
133100,325.9,0.000000,,,,,,,,
133200,326.1,0.000001,,,,,,,,
133300,326.3,0.000001,,,,,,,,
133400,326.5,0.000001,,,,,,,,
133500,326.8,0.000000,,,,,,,,
133600,327.0,0.000001,,,,,,,,
133700,327.2,0.000001,,,,,,,,
133800,327.4,0.000001,,,,,,,,
133900,327.7,0.000001,,,,,,,,
134000,327.9,0.000002,,,,,,,,
134100,328.1,0.000001,,,,,,,,
134200,328.3,0.000002,,,,,,,,
134300,328.5,0.000001,,,,,,,,
134400,328.7,0.000002,,,,,,,,
134500,329.0,0.000001,,,,,,,,
134600,329.2,0.000000,,,,,,,,
134700,329.5,0.000002,,,,,,,,
134800,329.7,0.000001,,,,,,,,
134900,329.9,0.000000,,,,,,,,
135000,331.4,0.000000,0.000000,6.777370e-02,3.362477e-03,2.922822e-03,0.000000,4.048396e-02,3.370125e-03,2.960083e-03
135100,331.6,0.000001,,,,,,,,
135200,331.8,0.000000,,,,,,,,
135300,332.1,0.000000,,,,,,,,
135400,332.3,0.000003,,,,,,,,
135500,332.5,0.000003,,,,,,,,
135600,332.7,0.000000,,,,,,,,
135700,332.9,0.000001,,,,,,,,
135800,333.1,0.000001,,,,,,,,
135900,333.3,0.000002,,,,,,,,
136000,333.5,0.000002,,,,,,,,
136100,333.7,0.000000,,,,,,,,
136200,333.9,0.000001,,,,,,,,
136300,334.2,0.000001,,,,,,,,
136400,334.4,0.000001,,,,,,,,
136500,334.6,0.000002,,,,,,,,
136600,334.8,0.000002,,,,,,,,
136700,335.0,0.000001,,,,,,,,
136800,335.3,0.000001,,,,,,,,
136900,335.5,0.000001,,,,,,,,
137000,335.7,0.000001,,,,,,,,
137100,335.9,0.000001,,,,,,,,
137200,336.1,0.000001,,,,,,,,
137300,336.4,0.000001,,,,,,,,
137400,336.6,0.000001,,,,,,,,
137500,336.8,0.000001,,,,,,,,
137600,337.0,0.000002,,,,,,,,
137700,337.3,0.000001,,,,,,,,
137800,337.5,0.000001,,,,,,,,
137900,337.7,0.000000,,,,,,,,
138000,337.9,0.000000,,,,,,,,
138100,338.1,0.000000,,,,,,,,
138200,338.3,0.000001,,,,,,,,
138300,338.6,0.000000,,,,,,,,
138400,338.8,0.000001,,,,,,,,
138500,339.0,0.000001,,,,,,,,
138600,339.2,0.000001,,,,,,,,
138700,339.4,0.000001,,,,,,,,
138800,339.7,0.000001,,,,,,,,
138900,339.9,0.000001,,,,,,,,
139000,340.1,0.000001,,,,,,,,
139100,340.3,0.000001,,,,,,,,
139200,340.5,0.000001,,,,,,,,
139300,340.7,0.000000,,,,,,,,
139400,341.0,0.000000,,,,,,,,
139500,341.2,0.000001,,,,,,,,
139600,341.4,0.000001,,,,,,,,
139700,341.6,0.000000,,,,,,,,
139800,341.8,0.000000,,,,,,,,
139900,342.1,0.000003,,,,,,,,
140000,343.5,0.000000,0.000000,5.890531e-02,2.904986e-03,2.269737e-03,0.000000,4.395200e-02,2.883440e-03,2.252311e-03
140100,343.7,0.000001,,,,,,,,
140200,343.9,0.000001,,,,,,,,
140300,344.1,0.000000,,,,,,,,
140400,344.3,0.000001,,,,,,,,
140500,344.5,0.000001,,,,,,,,
140600,344.7,0.000001,,,,,,,,
140700,344.9,0.000001,,,,,,,,
140800,345.1,0.000002,,,,,,,,
140900,345.4,0.000002,,,,,,,,
141000,345.6,0.000001,,,,,,,,
141100,345.8,0.000000,,,,,,,,
141200,346.0,0.000001,,,,,,,,
141300,346.2,0.000000,,,,,,,,
141400,346.4,0.000001,,,,,,,,
141500,346.7,0.000001,,,,,,,,
141600,346.9,0.000001,,,,,,,,
141700,347.1,0.000001,,,,,,,,
141800,347.3,0.000001,,,,,,,,
141900,347.5,0.000000,,,,,,,,
142000,347.8,0.000000,,,,,,,,
142100,348.0,0.000000,,,,,,,,
142200,348.2,0.000001,,,,,,,,
142300,348.4,0.000002,,,,,,,,
142400,348.6,0.000001,,,,,,,,
142500,348.9,0.000001,,,,,,,,
142600,349.1,0.000002,,,,,,,,
142700,349.3,0.000001,,,,,,,,
142800,349.5,0.000000,,,,,,,,
142900,349.7,0.000002,,,,,,,,
143000,350.0,0.000001,,,,,,,,
143100,350.2,0.000003,,,,,,,,
143200,350.4,0.000000,,,,,,,,
143300,350.6,0.000001,,,,,,,,
143400,350.8,0.000001,,,,,,,,
143500,351.0,0.000000,,,,,,,,
143600,351.3,0.000001,,,,,,,,
143700,351.5,0.000000,,,,,,,,
143800,351.7,0.000000,,,,,,,,
143900,351.9,0.000002,,,,,,,,
144000,352.1,0.000000,,,,,,,,
144100,352.4,0.000001,,,,,,,,
144200,352.6,0.000002,,,,,,,,
144300,352.8,0.000001,,,,,,,,
144400,353.0,0.000000,,,,,,,,
144500,353.2,0.000001,,,,,,,,
144600,353.4,0.000000,,,,,,,,
144700,353.6,0.000001,,,,,,,,
144800,353.9,0.000000,,,,,,,,
144900,354.1,0.000001,,,,,,,,
145000,355.5,0.000000,0.000000,4.763329e-02,2.632289e-03,2.259502e-03,0.000000,4.233266e-02,2.525802e-03,2.181314e-03
145100,355.7,0.000001,,,,,,,,
145200,355.9,0.000001,,,,,,,,
145300,356.1,0.000001,,,,,,,,
145400,356.4,0.000002,,,,,,,,
145500,356.6,0.000000,,,,,,,,
145600,356.8,0.000000,,,,,,,,
145700,357.0,0.000001,,,,,,,,
145800,357.2,0.000000,,,,,,,,
145900,357.4,0.000006,,,,,,,,
146000,357.6,0.000001,,,,,,,,
146100,357.9,0.000001,,,,,,,,
146200,358.1,0.000000,,,,,,,,
146300,358.3,0.000001,,,,,,,,
146400,358.5,0.000001,,,,,,,,
146500,358.7,0.000001,,,,,,,,
146600,358.9,0.000001,,,,,,,,
146700,359.2,0.000000,,,,,,,,
146800,359.4,0.000001,,,,,,,,
146900,359.6,0.000001,,,,,,,,
147000,359.8,0.000001,,,,,,,,
147100,360.1,0.000000,,,,,,,,
147200,360.3,0.000002,,,,,,,,
147300,360.5,0.000001,,,,,,,,
147400,360.7,0.000001,,,,,,,,
147500,360.9,0.000000,,,,,,,,
147600,361.1,0.000001,,,,,,,,
147700,361.3,0.000001,,,,,,,,
147800,361.6,0.000000,,,,,,,,
147900,361.8,0.000001,,,,,,,,
148000,362.0,0.000001,,,,,,,,
148100,362.2,0.000000,,,,,,,,
148200,362.4,0.000001,,,,,,,,
148300,362.6,0.000001,,,,,,,,
148400,362.9,0.000001,,,,,,,,
148500,363.1,0.000001,,,,,,,,
148600,363.3,0.000000,,,,,,,,
148700,363.5,0.000001,,,,,,,,
148800,363.7,0.000001,,,,,,,,
148900,363.9,0.000003,,,,,,,,
149000,364.1,0.000001,,,,,,,,
149100,364.3,0.000001,,,,,,,,
149200,364.5,0.000001,,,,,,,,
149300,364.8,0.000000,,,,,,,,
149400,365.0,0.000000,,,,,,,,
149500,365.2,0.000001,,,,,,,,
149600,365.4,0.000001,,,,,,,,
149700,365.6,0.000001,,,,,,,,
149800,365.9,0.000001,,,,,,,,
149900,366.1,0.000000,,,,,,,,
150000,367.6,0.000000,0.000000,6.028838e-02,3.212672e-03,2.987262e-03,0.000000,4.235364e-02,3.171800e-03,2.968300e-03
150100,367.8,0.000001,,,,,,,,
150200,368.0,0.000001,,,,,,,,
150300,368.2,0.000000,,,,,,,,
150400,368.4,0.000002,,,,,,,,
150500,368.6,0.000001,,,,,,,,
150600,368.8,0.000000,,,,,,,,
150700,369.0,0.000001,,,,,,,,
150800,369.3,0.000001,,,,,,,,
150900,369.5,0.000000,,,,,,,,
151000,369.7,0.000000,,,,,,,,
151100,369.9,0.000001,,,,,,,,
151200,370.1,0.000001,,,,,,,,
151300,370.4,0.000000,,,,,,,,
151400,370.6,0.000001,,,,,,,,
151500,370.8,0.000002,,,,,,,,
151600,371.0,0.000000,,,,,,,,
151700,371.2,0.000000,,,,,,,,
151800,371.5,0.000001,,,,,,,,
151900,371.7,0.000000,,,,,,,,
152000,371.9,0.000001,,,,,,,,
152100,372.1,0.000000,,,,,,,,
152200,372.3,0.000000,,,,,,,,
152300,372.5,0.000000,,,,,,,,
152400,372.7,0.000001,,,,,,,,
152500,372.9,0.000000,,,,,,,,
152600,373.2,0.000001,,,,,,,,
152700,373.4,0.000000,,,,,,,,
152800,373.6,0.000000,,,,,,,,
152900,373.8,0.000001,,,,,,,,
153000,374.1,0.000001,,,,,,,,
153100,374.3,0.000000,,,,,,,,
153200,374.5,0.000001,,,,,,,,
153300,374.7,0.000002,,,,,,,,
153400,374.9,0.000001,,,,,,,,
153500,375.2,0.000004,,,,,,,,
153600,375.4,0.000001,,,,,,,,
153700,375.6,0.000003,,,,,,,,
153800,375.8,0.000001,,,,,,,,
153900,376.0,0.000001,,,,,,,,
154000,376.3,0.000003,,,,,,,,
154100,376.5,0.000001,,,,,,,,
154200,376.7,0.000001,,,,,,,,
154300,376.9,0.000000,,,,,,,,
154400,377.1,0.000001,,,,,,,,
154500,377.4,0.000000,,,,,,,,
154600,377.6,0.000000,,,,,,,,
154700,377.8,0.000000,,,,,,,,
154800,378.0,0.000002,,,,,,,,
154900,378.2,0.000001,,,,,,,,
155000,379.7,0.000000,0.000001,4.322166e-02,3.978610e-03,3.154845e-03,0.000000,2.548362e-02,3.891006e-03,3.116613e-03
155100,379.9,0.000002,,,,,,,,
155200,380.1,0.000002,,,,,,,,
155300,380.3,0.000000,,,,,,,,
155400,380.6,0.000001,,,,,,,,
155500,380.8,0.000001,,,,,,,,
155600,381.0,0.000000,,,,,,,,
155700,381.2,0.000001,,,,,,,,
155800,381.4,0.000001,,,,,,,,
155900,381.6,0.000001,,,,,,,,
156000,381.9,0.000000,,,,,,,,
156100,382.1,0.000001,,,,,,,,
156200,382.3,0.000001,,,,,,,,
156300,382.5,0.000001,,,,,,,,
156400,382.7,0.000001,,,,,,,,
156500,383.0,0.000001,,,,,,,,
156600,383.2,0.000000,,,,,,,,
156700,383.4,0.000001,,,,,,,,
156800,383.6,0.000001,,,,,,,,
156900,383.8,0.000001,,,,,,,,
157000,384.0,0.000001,,,,,,,,
157100,384.3,0.000001,,,,,,,,
157200,384.5,0.000001,,,,,,,,
157300,384.7,0.000001,,,,,,,,
157400,384.9,0.000000,,,,,,,,
157500,385.1,0.000001,,,,,,,,
157600,385.4,0.000002,,,,,,,,
157700,385.6,0.000000,,,,,,,,
157800,385.8,0.000001,,,,,,,,
157900,386.0,0.000001,,,,,,,,
158000,386.2,0.000000,,,,,,,,
158100,386.4,0.000001,,,,,,,,
158200,386.7,0.000001,,,,,,,,
158300,386.9,0.000002,,,,,,,,
158400,387.1,0.000001,,,,,,,,
158500,387.3,0.000001,,,,,,,,
158600,387.5,0.000000,,,,,,,,
158700,387.8,0.000001,,,,,,,,
158800,388.0,0.000001,,,,,,,,
158900,388.2,0.000001,,,,,,,,
159000,388.4,0.000000,,,,,,,,
159100,388.6,0.000001,,,,,,,,
159200,388.9,0.000001,,,,,,,,
159300,389.1,0.000001,,,,,,,,
159400,389.3,0.000000,,,,,,,,
159500,389.5,0.000001,,,,,,,,
159600,389.7,0.000000,,,,,,,,
159700,390.0,0.000002,,,,,,,,
159800,390.2,0.000001,,,,,,,,
159900,390.4,0.000000,,,,,,,,
160000,391.8,0.000001,0.000001,7.512970e-02,3.979887e-03,3.427255e-03,0.000000,5.033732e-02,3.959903e-03,3.483615e-03
160100,392.1,0.000001,,,,,,,,
160200,392.3,0.000001,,,,,,,,
160300,392.5,0.000000,,,,,,,,
160400,392.7,0.000000,,,,,,,,
160500,392.9,0.000000,,,,,,,,
160600,393.1,0.000001,,,,,,,,
160700,393.3,0.000001,,,,,,,,
160800,393.6,0.000001,,,,,,,,
160900,393.8,0.000000,,,,,,,,
161000,394.0,0.000000,,,,,,,,
161100,394.2,0.000000,,,,,,,,
161200,394.4,0.000001,,,,,,,,
161300,394.7,0.000001,,,,,,,,
161400,394.9,0.000001,,,,,,,,
161500,395.1,0.000002,,,,,,,,
161600,395.3,0.000000,,,,,,,,
161700,395.5,0.000003,,,,,,,,
161800,395.7,0.000001,,,,,,,,
161900,396.0,0.000002,,,,,,,,
162000,396.2,0.000000,,,,,,,,
162100,396.4,0.000000,,,,,,,,
162200,396.6,0.000002,,,,,,,,
162300,396.8,0.000000,,,,,,,,
162400,397.0,0.000005,,,,,,,,
162500,397.3,0.000000,,,,,,,,
162600,397.5,0.000000,,,,,,,,
162700,397.7,0.000001,,,,,,,,
162800,397.9,0.000000,,,,,,,,
162900,398.1,0.000001,,,,,,,,
163000,398.4,0.000000,,,,,,,,
163100,398.6,0.000001,,,,,,,,
163200,398.8,0.000001,,,,,,,,
163300,399.0,0.000001,,,,,,,,
163400,399.2,0.000000,,,,,,,,
163500,399.5,0.000000,,,,,,,,
163600,399.7,0.000001,,,,,,,,
163700,399.9,0.000002,,,,,,,,
163800,400.1,0.000000,,,,,,,,
163900,400.3,0.000001,,,,,,,,
164000,400.5,0.000001,,,,,,,,
164100,400.7,0.000001,,,,,,,,
164200,401.0,0.000001,,,,,,,,
164300,401.2,0.000001,,,,,,,,
164400,401.4,0.000000,,,,,,,,
164500,401.6,0.000001,,,,,,,,
164600,401.8,0.000000,,,,,,,,
164700,402.0,0.000001,,,,,,,,
164800,402.3,0.000001,,,,,,,,
164900,402.5,0.000001,,,,,,,,
165000,403.9,0.000001,0.000001,5.052424e-02,5.954788e-03,5.708393e-03,0.000000,5.052424e-02,5.882258e-03,5.605869e-03
165100,404.1,0.000000,,,,,,,,
165200,404.3,0.000001,,,,,,,,
165300,404.5,0.000003,,,,,,,,
165400,404.7,0.000001,,,,,,,,
165500,404.9,0.000002,,,,,,,,
165600,405.1,0.000002,,,,,,,,
165700,405.4,0.000000,,,,,,,,
165800,405.6,0.000000,,,,,,,,
165900,405.8,0.000000,,,,,,,,
166000,406.0,0.000001,,,,,,,,
166100,406.2,0.000001,,,,,,,,
166200,406.4,0.000000,,,,,,,,
166300,406.7,0.000001,,,,,,,,
166400,406.9,0.000001,,,,,,,,
166500,407.1,0.000001,,,,,,,,
166600,407.3,0.000001,,,,,,,,
166700,407.5,0.000001,,,,,,,,
166800,407.8,0.000000,,,,,,,,
166900,408.0,0.000001,,,,,,,,
167000,408.2,0.000000,,,,,,,,
167100,408.4,0.000001,,,,,,,,
167200,408.6,0.000000,,,,,,,,
167300,408.8,0.000001,,,,,,,,
167400,409.1,0.000001,,,,,,,,
167500,409.3,0.000001,,,,,,,,
167600,409.5,0.000001,,,,,,,,
167700,409.7,0.000001,,,,,,,,
167800,409.9,0.000002,,,,,,,,
167900,410.2,0.000002,,,,,,,,
168000,410.4,0.000001,,,,,,,,
168100,410.6,0.000001,,,,,,,,
168200,410.8,0.000001,,,,,,,,
168300,411.0,0.000001,,,,,,,,
168400,411.2,0.000001,,,,,,,,
168500,411.5,0.000002,,,,,,,,
168600,411.7,0.000005,,,,,,,,
168700,411.9,0.000001,,,,,,,,
168800,412.1,0.000001,,,,,,,,
168900,412.3,0.000001,,,,,,,,
169000,412.6,0.000001,,,,,,,,
169100,412.8,0.000001,,,,,,,,
169200,413.0,0.000000,,,,,,,,
169300,413.2,0.000001,,,,,,,,
169400,413.4,0.000000,,,,,,,,
169500,413.7,0.000001,,,,,,,,
169600,413.9,0.000000,,,,,,,,
169700,414.1,0.000002,,,,,,,,
169800,414.3,0.000001,,,,,,,,
169900,414.5,0.000000,,,,,,,,
170000,416.0,0.000001,0.000000,4.991281e-02,3.086664e-03,2.700233e-03,0.000000,4.641558e-02,3.066820e-03,2.735668e-03
170100,416.2,0.000001,,,,,,,,
170200,416.4,0.000000,,,,,,,,
170300,416.6,0.000003,,,,,,,,
170400,416.8,0.000000,,,,,,,,
170500,417.0,0.000000,,,,,,,,
170600,417.2,0.000001,,,,,,,,
170700,417.5,0.000001,,,,,,,,
170800,417.7,0.000001,,,,,,,,
170900,417.9,0.000001,,,,,,,,
171000,418.1,0.000000,,,,,,,,
171100,418.4,0.000000,,,,,,,,
171200,418.6,0.000001,,,,,,,,
171300,418.8,0.000000,,,,,,,,
171400,419.0,0.000000,,,,,,,,
171500,419.2,0.000000,,,,,,,,
171600,419.4,0.000000,,,,,,,,
171700,419.7,0.000001,,,,,,,,
171800,419.9,0.000000,,,,,,,,
171900,420.1,0.000001,,,,,,,,
172000,420.3,0.000000,,,,,,,,
172100,420.5,0.000001,,,,,,,,
172200,420.8,0.000001,,,,,,,,
172300,421.0,0.000000,,,,,,,,
172400,421.2,0.000002,,,,,,,,
172500,421.4,0.000001,,,,,,,,
172600,421.6,0.000000,,,,,,,,
172700,421.9,0.000002,,,,,,,,
172800,422.1,0.000000,,,,,,,,
172900,422.3,0.000000,,,,,,,,
173000,422.5,0.000001,,,,,,,,
173100,422.7,0.000002,,,,,,,,
173200,422.9,0.000001,,,,,,,,
173300,423.2,0.000001,,,,,,,,
173400,423.4,0.000000,,,,,,,,
173500,423.6,0.000001,,,,,,,,
173600,423.8,0.000000,,,,,,,,
173700,424.0,0.000002,,,,,,,,
173800,424.3,0.000001,,,,,,,,
173900,424.5,0.000001,,,,,,,,
174000,424.7,0.000001,,,,,,,,
174100,424.9,0.000000,,,,,,,,
174200,425.1,0.000000,,,,,,,,
174300,425.3,0.000001,,,,,,,,
174400,425.6,0.000001,,,,,,,,
174500,425.8,0.000001,,,,,,,,
174600,426.0,0.000001,,,,,,,,
174700,426.2,0.000000,,,,,,,,
174800,426.4,0.000001,,,,,,,,
174900,426.6,0.000001,,,,,,,,
175000,428.2,0.000001,0.000001,8.851214e-02,5.825602e-03,5.370963e-03,0.000000,5.427194e-02,5.851711e-03,5.495581e-03
175100,428.4,0.000001,,,,,,,,
175200,428.6,0.000000,,,,,,,,
175300,428.8,0.000001,,,,,,,,
175400,429.0,0.000001,,,,,,,,
175500,429.2,0.000000,,,,,,,,
175600,429.4,0.000002,,,,,,,,
175700,429.6,0.000001,,,,,,,,
175800,429.8,0.000001,,,,,,,,
175900,430.0,0.000001,,,,,,,,
176000,430.2,0.000001,,,,,,,,
176100,430.4,0.000001,,,,,,,,
176200,430.6,0.000001,,,,,,,,
176300,430.9,0.000001,,,,,,,,
176400,431.1,0.000000,,,,,,,,
176500,431.3,0.000001,,,,,,,,
176600,431.5,0.000000,,,,,,,,
176700,431.7,0.000001,,,,,,,,
176800,431.9,0.000000,,,,,,,,
176900,432.2,0.000000,,,,,,,,
177000,432.4,0.000000,,,,,,,,
177100,432.6,0.000000,,,,,,,,
177200,432.8,0.000002,,,,,,,,
177300,433.0,0.000001,,,,,,,,
177400,433.2,0.000001,,,,,,,,
177500,433.4,0.000001,,,,,,,,
177600,433.7,0.000002,,,,,,,,
177700,433.9,0.000000,,,,,,,,
177800,434.1,0.000000,,,,,,,,
177900,434.3,0.000000,,,,,,,,
178000,434.5,0.000001,,,,,,,,
178100,434.8,0.000001,,,,,,,,
178200,435.0,0.000003,,,,,,,,
178300,435.2,0.000001,,,,,,,,
178400,435.4,0.000001,,,,,,,,
178500,435.6,0.000001,,,,,,,,
178600,435.8,0.000001,,,,,,,,
178700,436.0,0.000001,,,,,,,,
178800,436.2,0.000001,,,,,,,,
178900,436.4,0.000001,,,,,,,,
179000,436.6,0.000002,,,,,,,,
179100,436.9,0.000000,,,,,,,,
179200,437.1,0.000002,,,,,,,,
179300,437.3,0.000001,,,,,,,,
179400,437.5,0.000001,,,,,,,,
179500,437.7,0.000001,,,,,,,,
179600,437.9,0.000000,,,,,,,,
179700,438.1,0.000000,,,,,,,,
179800,438.3,0.000002,,,,,,,,
179900,438.5,0.000000,,,,,,,,
180000,440.0,0.000000,0.000000,6.662023e-02,3.273511e-03,2.646260e-03,0.000000,4.170347e-02,3.330170e-03,2.744098e-03
180100,440.2,0.000001,,,,,,,,
180200,440.4,0.000001,,,,,,,,
180300,440.6,0.000002,,,,,,,,
180400,440.8,0.000001,,,,,,,,
180500,441.0,0.000001,,,,,,,,
180600,441.2,0.000000,,,,,,,,
180700,441.5,0.000000,,,,,,,,
180800,441.7,0.000001,,,,,,,,
180900,441.9,0.000001,,,,,,,,
181000,442.1,0.000000,,,,,,,,
181100,442.3,0.000000,,,,,,,,
181200,442.5,0.000000,,,,,,,,
181300,442.7,0.000000,,,,,,,,
181400,443.0,0.000002,,,,,,,,
181500,443.2,0.000001,,,,,,,,
181600,443.4,0.000001,,,,,,,,
181700,443.6,0.000000,,,,,,,,
181800,443.8,0.000001,,,,,,,,
181900,444.1,0.000001,,,,,,,,
182000,444.3,0.000000,,,,,,,,
182100,444.5,0.000001,,,,,,,,
182200,444.7,0.000001,,,,,,,,
182300,444.9,0.000000,,,,,,,,
182400,445.2,0.000000,,,,,,,,
182500,445.4,0.000001,,,,,,,,
182600,445.6,0.000001,,,,,,,,
182700,445.8,0.000001,,,,,,,,
182800,446.0,0.000000,,,,,,,,
182900,446.2,0.000001,,,,,,,,
183000,446.5,0.000001,,,,,,,,
183100,446.7,0.000001,,,,,,,,
183200,446.9,0.000000,,,,,,,,
183300,447.1,0.000000,,,,,,,,
183400,447.3,0.000001,,,,,,,,
183500,447.6,0.000001,,,,,,,,
183600,447.8,0.000000,,,,,,,,
183700,448.0,0.000000,,,,,,,,
183800,448.2,0.000001,,,,,,,,
183900,448.4,0.000002,,,,,,,,
184000,448.7,0.000001,,,,,,,,
184100,448.9,0.000000,,,,,,,,
184200,449.1,0.000002,,,,,,,,
184300,449.3,0.000001,,,,,,,,
184400,449.5,0.000003,,,,,,,,
184500,449.8,0.000001,,,,,,,,
184600,450.0,0.000001,,,,,,,,
184700,450.2,0.000001,,,,,,,,
184800,450.4,0.000002,,,,,,,,
184900,450.6,0.000000,,,,,,,,
185000,452.1,0.000000,0.000000,7.990951e-02,2.853144e-03,2.502723e-03,0.000000,4.627920e-02,2.735890e-03,2.417361e-03
185100,452.3,0.000001,,,,,,,,
185200,452.5,0.000001,,,,,,,,
185300,452.7,0.000001,,,,,,,,
185400,452.9,0.000001,,,,,,,,
185500,453.1,0.000001,,,,,,,,
185600,453.3,0.000000,,,,,,,,
185700,453.5,0.000000,,,,,,,,
185800,453.7,0.000001,,,,,,,,
185900,453.9,0.000000,,,,,,,,
186000,454.1,0.000001,,,,,,,,
186100,454.4,0.000001,,,,,,,,
186200,454.6,0.000001,,,,,,,,
186300,454.8,0.000001,,,,,,,,
186400,455.0,0.000001,,,,,,,,
186500,455.2,0.000001,,,,,,,,
186600,455.5,0.000001,,,,,,,,
186700,455.7,0.000000,,,,,,,,
186800,455.9,0.000001,,,,,,,,
186900,456.1,0.000001,,,,,,,,
187000,456.3,0.000000,,,,,,,,
187100,456.6,0.000000,,,,,,,,
187200,456.8,0.000002,,,,,,,,
187300,457.0,0.000001,,,,,,,,
187400,457.2,0.000000,,,,,,,,
187500,457.4,0.000001,,,,,,,,
187600,457.7,0.000000,,,,,,,,
187700,457.9,0.000001,,,,,,,,
187800,458.1,0.000004,,,,,,,,
187900,458.3,0.000002,,,,,,,,
188000,458.5,0.000001,,,,,,,,
188100,458.8,0.000000,,,,,,,,
188200,459.0,0.000000,,,,,,,,
188300,459.2,0.000001,,,,,,,,
188400,459.4,0.000001,,,,,,,,
188500,459.6,0.000000,,,,,,,,
188600,459.8,0.000001,,,,,,,,
188700,460.0,0.000001,,,,,,,,
188800,460.3,0.000001,,,,,,,,
188900,460.5,0.000000,,,,,,,,
189000,460.7,0.000000,,,,,,,,
189100,460.9,0.000001,,,,,,,,
189200,461.1,0.000001,,,,,,,,
189300,461.4,0.000001,,,,,,,,
189400,461.6,0.000000,,,,,,,,
189500,461.8,0.000000,,,,,,,,
189600,462.0,0.000001,,,,,,,,
189700,462.2,0.000000,,,,,,,,
189800,462.5,0.000001,,,,,,,,
189900,462.7,0.000000,,,,,,,,
190000,464.1,0.000000,0.000000,7.199616e-02,2.373774e-03,1.886974e-03,0.000000,4.142977e-02,2.325290e-03,1.901672e-03
190100,464.3,0.000000,,,,,,,,
190200,464.5,0.000003,,,,,,,,
190300,464.7,0.000001,,,,,,,,
190400,464.9,0.000001,,,,,,,,
190500,465.1,0.000000,,,,,,,,
190600,465.3,0.000000,,,,,,,,
190700,465.5,0.000001,,,,,,,,
190800,465.7,0.000001,,,,,,,,
190900,466.0,0.000000,,,,,,,,
191000,466.2,0.000001,,,,,,,,
191100,466.4,0.000002,,,,,,,,
191200,466.6,0.000000,,,,,,,,
191300,466.8,0.000000,,,,,,,,
191400,467.1,0.000000,,,,,,,,
191500,467.3,0.000000,,,,,,,,
191600,467.5,0.000001,,,,,,,,
191700,467.7,0.000000,,,,,,,,
191800,467.9,0.000004,,,,,,,,
191900,468.2,0.000001,,,,,,,,
192000,468.4,0.000001,,,,,,,,
192100,468.6,0.000003,,,,,,,,
192200,468.8,0.000001,,,,,,,,
192300,469.0,0.000001,,,,,,,,
192400,469.3,0.000000,,,,,,,,
192500,469.5,0.000001,,,,,,,,
192600,469.7,0.000001,,,,,,,,
192700,469.9,0.000002,,,,,,,,
192800,470.1,0.000001,,,,,,,,
192900,470.4,0.000000,,,,,,,,
193000,470.6,0.000000,,,,,,,,
193100,470.8,0.000000,,,,,,,,
193200,471.0,0.000001,,,,,,,,
193300,471.2,0.000000,,,,,,,,
193400,471.4,0.000000,,,,,,,,
193500,471.6,0.000001,,,,,,,,
193600,471.9,0.000001,,,,,,,,
193700,472.1,0.000000,,,,,,,,
193800,472.3,0.000000,,,,,,,,
193900,472.5,0.000001,,,,,,,,
194000,472.7,0.000001,,,,,,,,
194100,473.0,0.000001,,,,,,,,
194200,473.2,0.000000,,,,,,,,
194300,473.4,0.000001,,,,,,,,
194400,473.6,0.000000,,,,,,,,
194500,473.8,0.000000,,,,,,,,
194600,474.0,0.000000,,,,,,,,
194700,474.2,0.000001,,,,,,,,
194800,474.4,0.000000,,,,,,,,
194900,474.7,0.000000,,,,,,,,
195000,476.2,0.000001,0.000001,1.348805e-01,3.326324e-03,2.642836e-03,0.000000,4.983359e-02,3.250728e-03,2.667108e-03
195100,476.4,0.000001,,,,,,,,
195200,476.6,0.000001,,,,,,,,
195300,476.8,0.000000,,,,,,,,
195400,477.0,0.000000,,,,,,,,
195500,477.2,0.000000,,,,,,,,
195600,477.4,0.000001,,,,,,,,
195700,477.6,0.000000,,,,,,,,
195800,477.8,0.000001,,,,,,,,
195900,478.0,0.000000,,,,,,,,
196000,478.3,0.000001,,,,,,,,
196100,478.5,0.000001,,,,,,,,
196200,478.7,0.000000,,,,,,,,
196300,478.9,0.000001,,,,,,,,
196400,479.1,0.000001,,,,,,,,
196500,479.3,0.000001,,,,,,,,
196600,479.5,0.000001,,,,,,,,
196700,479.8,0.000001,,,,,,,,
196800,480.0,0.000000,,,,,,,,
196900,480.2,0.000001,,,,,,,,
197000,480.4,0.000001,,,,,,,,
197100,480.6,0.000001,,,,,,,,
197200,480.9,0.000001,,,,,,,,
197300,481.1,0.000000,,,,,,,,
197400,481.3,0.000001,,,,,,,,
197500,481.5,0.000001,,,,,,,,
197600,481.7,0.000001,,,,,,,,
197700,481.9,0.000001,,,,,,,,
197800,482.2,0.000000,,,,,,,,
197900,482.4,0.000002,,,,,,,,
198000,482.6,0.000000,,,,,,,,
198100,482.8,0.000001,,,,,,,,
198200,483.0,0.000000,,,,,,,,
198300,483.2,0.000000,,,,,,,,
198400,483.5,0.000000,,,,,,,,
198500,483.7,0.000001,,,,,,,,
198600,483.9,0.000001,,,,,,,,
198700,484.1,0.000000,,,,,,,,
198800,484.3,0.000001,,,,,,,,
198900,484.5,0.000000,,,,,,,,
199000,484.8,0.000000,,,,,,,,
199100,485.0,0.000001,,,,,,,,
199200,485.2,0.000000,,,,,,,,
199300,485.4,0.000001,,,,,,,,
199400,485.6,0.000001,,,,,,,,
199500,485.8,0.000004,,,,,,,,
199600,486.1,0.000001,,,,,,,,
199700,486.3,0.000001,,,,,,,,
199800,486.5,0.000001,,,,,,,,
199900,486.7,0.000000,,,,,,,,
200000,488.1,0.000001,0.000000,7.395472e-02,2.380327e-03,1.955394e-03,0.000000,4.493470e-02,2.236123e-03,1.886629e-03
200100,488.3,0.000000,,,,,,,,
200200,488.5,0.000001,,,,,,,,
200300,488.7,0.000000,,,,,,,,
200400,488.9,0.000000,,,,,,,,
200500,489.1,0.000000,,,,,,,,
200600,489.3,0.000001,,,,,,,,
200700,489.6,0.000000,,,,,,,,
200800,489.8,0.000001,,,,,,,,
200900,490.0,0.000001,,,,,,,,
201000,490.2,0.000002,,,,,,,,
201100,490.4,0.000000,,,,,,,,
201200,490.6,0.000000,,,,,,,,
201300,490.8,0.000000,,,,,,,,
201400,491.0,0.000001,,,,,,,,
201500,491.3,0.000001,,,,,,,,
201600,491.5,0.000000,,,,,,,,
201700,491.7,0.000001,,,,,,,,
201800,491.9,0.000001,,,,,,,,
201900,492.2,0.000001,,,,,,,,
202000,492.4,0.000001,,,,,,,,
202100,492.6,0.000001,,,,,,,,
202200,492.8,0.000000,,,,,,,,
202300,493.0,0.000000,,,,,,,,
202400,493.2,0.000000,,,,,,,,
202500,493.5,0.000000,,,,,,,,
202600,493.7,0.000001,,,,,,,,
202700,493.9,0.000000,,,,,,,,
202800,494.1,0.000001,,,,,,,,
202900,494.4,0.000000,,,,,,,,
203000,494.6,0.000001,,,,,,,,
203100,494.8,0.000001,,,,,,,,
203200,495.0,0.000001,,,,,,,,
203300,495.2,0.000000,,,,,,,,
203400,495.4,0.000000,,,,,,,,
203500,495.6,0.000001,,,,,,,,
203600,495.9,0.000001,,,,,,,,
203700,496.1,0.000000,,,,,,,,
203800,496.3,0.000001,,,,,,,,
203900,496.5,0.000001,,,,,,,,
204000,496.7,0.000000,,,,,,,,
204100,497.0,0.000001,,,,,,,,
204200,497.2,0.000000,,,,,,,,
204300,497.4,0.000000,,,,,,,,
204400,497.6,0.000000,,,,,,,,
204500,497.8,0.000002,,,,,,,,
204600,498.0,0.000001,,,,,,,,
204700,498.3,0.000001,,,,,,,,
204800,498.5,0.000000,,,,,,,,
204900,498.7,0.000001,,,,,,,,
205000,500.2,0.000001,0.000001,5.993306e-02,5.294759e-03,4.916881e-03,0.000000,3.729034e-02,5.398883e-03,5.081743e-03
205100,500.4,0.000001,,,,,,,,
205200,500.6,0.000002,,,,,,,,
205300,500.8,0.000000,,,,,,,,
205400,501.0,0.000001,,,,,,,,
205500,501.2,0.000001,,,,,,,,
205600,501.4,0.000000,,,,,,,,
205700,501.7,0.000000,,,,,,,,
205800,501.9,0.000001,,,,,,,,
205900,502.1,0.000002,,,,,,,,
206000,502.3,0.000001,,,,,,,,
206100,502.5,0.000001,,,,,,,,
206200,502.8,0.000000,,,,,,,,
206300,503.0,0.000001,,,,,,,,
206400,503.2,0.000000,,,,,,,,
206500,503.4,0.000001,,,,,,,,
206600,503.6,0.000001,,,,,,,,
206700,503.8,0.000001,,,,,,,,
206800,504.1,0.000001,,,,,,,,
206900,504.3,0.000001,,,,,,,,
207000,504.5,0.000001,,,,,,,,
207100,504.7,0.000002,,,,,,,,
207200,504.9,0.000001,,,,,,,,
207300,505.1,0.000001,,,,,,,,
207400,505.3,0.000001,,,,,,,,
207500,505.6,0.000000,,,,,,,,
207600,505.8,0.000000,,,,,,,,
207700,506.0,0.000001,,,,,,,,
207800,506.2,0.000002,,,,,,,,
207900,506.4,0.000000,,,,,,,,
208000,506.6,0.000000,,,,,,,,
208100,506.9,0.000002,,,,,,,,
208200,507.1,0.000001,,,,,,,,
208300,507.3,0.000000,,,,,,,,
208400,507.5,0.000001,,,,,,,,
208500,507.7,0.000001,,,,,,,,
208600,508.0,0.000000,,,,,,,,
208700,508.2,0.000002,,,,,,,,
208800,508.4,0.000000,,,,,,,,
208900,508.6,0.000001,,,,,,,,
209000,508.9,0.000001,,,,,,,,
209100,509.1,0.000002,,,,,,,,
209200,509.3,0.000000,,,,,,,,
209300,509.5,0.000000,,,,,,,,
209400,509.7,0.000001,,,,,,,,
209500,510.0,0.000001,,,,,,,,
209600,510.2,0.000000,,,,,,,,
209700,510.4,0.000001,,,,,,,,
209800,510.6,0.000000,,,,,,,,
209900,510.8,0.000001,,,,,,,,
210000,512.3,0.000000,0.000000,5.196852e-02,2.744244e-03,2.260232e-03,0.000000,1.646281e-02,2.747865e-03,2.250102e-03
210100,512.5,0.000000,,,,,,,,
210200,512.7,0.000000,,,,,,,,
210300,512.9,0.000002,,,,,,,,
210400,513.1,0.000001,,,,,,,,
210500,513.3,0.000000,,,,,,,,
210600,513.5,0.000000,,,,,,,,
210700,513.7,0.000002,,,,,,,,
210800,513.9,0.000001,,,,,,,,
210900,514.1,0.000000,,,,,,,,
211000,514.3,0.000001,,,,,,,,
211100,514.5,0.000000,,,,,,,,
211200,514.8,0.000000,,,,,,,,
211300,515.0,0.000000,,,,,,,,
211400,515.2,0.000000,,,,,,,,
211500,515.4,0.000001,,,,,,,,
211600,515.6,0.000002,,,,,,,,
211700,515.8,0.000001,,,,,,,,
211800,516.1,0.000000,,,,,,,,
211900,516.3,0.000001,,,,,,,,
212000,516.5,0.000000,,,,,,,,
212100,516.7,0.000005,,,,,,,,
212200,517.0,0.000000,,,,,,,,
212300,517.2,0.000001,,,,,,,,
212400,517.4,0.000001,,,,,,,,
212500,517.6,0.000003,,,,,,,,
212600,517.8,0.000000,,,,,,,,
212700,518.0,0.000001,,,,,,,,
212800,518.3,0.000001,,,,,,,,
212900,518.5,0.000001,,,,,,,,
213000,518.7,0.000001,,,,,,,,
213100,518.9,0.000000,,,,,,,,
213200,519.1,0.000001,,,,,,,,
213300,519.3,0.000001,,,,,,,,
213400,519.6,0.000000,,,,,,,,
213500,519.8,0.000001,,,,,,,,
213600,520.0,0.000000,,,,,,,,
213700,520.2,0.000000,,,,,,,,
213800,520.4,0.000001,,,,,,,,
213900,520.6,0.000000,,,,,,,,
214000,520.9,0.000000,,,,,,,,
214100,521.1,0.000001,,,,,,,,
214200,521.3,0.000001,,,,,,,,
214300,521.5,0.000000,,,,,,,,
214400,521.7,0.000000,,,,,,,,
214500,522.0,0.000001,,,,,,,,
214600,522.2,0.000000,,,,,,,,
214700,522.4,0.000002,,,,,,,,
214800,522.6,0.000000,,,,,,,,
214900,522.8,0.000000,,,,,,,,
215000,524.3,0.000001,0.000002,1.298232e-01,6.035957e-03,5.388506e-03,0.000000,1.069081e-01,5.931501e-03,5.377317e-03
215100,524.5,0.000001,,,,,,,,
215200,524.7,0.000000,,,,,,,,
215300,524.9,0.000000,,,,,,,,
215400,525.1,0.000001,,,,,,,,
215500,525.3,0.000002,,,,,,,,
215600,525.5,0.000001,,,,,,,,
215700,525.7,0.000001,,,,,,,,
215800,525.9,0.000001,,,,,,,,
215900,526.1,0.000001,,,,,,,,
216000,526.3,0.000000,,,,,,,,
216100,526.6,0.000000,,,,,,,,
216200,526.8,0.000002,,,,,,,,
216300,527.0,0.000000,,,,,,,,
216400,527.2,0.000000,,,,,,,,
216500,527.4,0.000000,,,,,,,,
216600,527.6,0.000000,,,,,,,,
216700,527.8,0.000000,,,,,,,,
216800,528.0,0.000000,,,,,,,,
216900,528.2,0.000001,,,,,,,,
217000,528.4,0.000001,,,,,,,,
217100,528.6,0.000000,,,,,,,,
217200,528.9,0.000001,,,,,,,,
217300,529.1,0.000000,,,,,,,,
217400,529.3,0.000000,,,,,,,,
217500,529.5,0.000001,,,,,,,,
217600,529.7,0.000001,,,,,,,,
217700,530.0,0.000000,,,,,,,,
217800,530.1,0.000000,,,,,,,,
217900,530.3,0.000001,,,,,,,,
218000,530.5,0.000001,,,,,,,,
218100,530.7,0.000000,,,,,,,,
218200,531.0,0.000002,,,,,,,,
218300,531.2,0.000000,,,,,,,,
218400,531.4,0.000000,,,,,,,,
218500,531.6,0.000000,,,,,,,,
218600,531.8,0.000000,,,,,,,,
218700,532.0,0.000000,,,,,,,,
218800,532.3,0.000000,,,,,,,,
218900,532.5,0.000001,,,,,,,,
219000,532.7,0.000000,,,,,,,,
219100,532.9,0.000000,,,,,,,,
219200,533.1,0.000000,,,,,,,,
219300,533.4,0.000001,,,,,,,,
219400,533.6,0.000000,,,,,,,,
219500,533.8,0.000003,,,,,,,,
219600,534.0,0.000000,,,,,,,,
219700,534.2,0.000000,,,,,,,,
219800,534.4,0.000002,,,,,,,,
219900,534.6,0.000000,,,,,,,,
220000,536.2,0.000001,0.000000,4.269302e-02,2.237375e-03,1.769960e-03,0.000000,4.070545e-02,2.139069e-03,1.719074e-03
220100,536.4,0.000000,,,,,,,,
220200,536.6,0.000001,,,,,,,,
220300,536.8,0.000001,,,,,,,,
220400,537.0,0.000001,,,,,,,,
220500,537.2,0.000001,,,,,,,,
220600,537.4,0.000000,,,,,,,,
220700,537.6,0.000001,,,,,,,,
220800,537.8,0.000000,,,,,,,,
220900,538.1,0.000000,,,,,,,,
221000,538.3,0.000000,,,,,,,,
221100,538.5,0.000000,,,,,,,,
221200,538.7,0.000000,,,,,,,,
221300,538.9,0.000000,,,,,,,,
221400,539.1,0.000001,,,,,,,,
221500,539.4,0.000001,,,,,,,,
221600,539.6,0.000000,,,,,,,,
221700,539.8,0.000000,,,,,,,,
221800,540.0,0.000001,,,,,,,,
221900,540.2,0.000000,,,,,,,,
222000,540.4,0.000001,,,,,,,,
222100,540.7,0.000000,,,,,,,,
222200,540.9,0.000000,,,,,,,,
222300,541.1,0.000001,,,,,,,,
222400,541.3,0.000001,,,,,,,,
222500,541.5,0.000001,,,,,,,,
222600,541.7,0.000001,,,,,,,,
222700,542.0,0.000000,,,,,,,,
222800,542.2,0.000000,,,,,,,,
222900,542.4,0.000001,,,,,,,,
223000,542.6,0.000001,,,,,,,,
223100,542.8,0.000001,,,,,,,,
223200,543.0,0.000000,,,,,,,,
223300,543.2,0.000000,,,,,,,,
223400,543.4,0.000000,,,,,,,,
223500,543.6,0.000002,,,,,,,,
223600,543.8,0.000001,,,,,,,,
223700,544.1,0.000000,,,,,,,,
223800,544.3,0.000000,,,,,,,,
223900,544.5,0.000000,,,,,,,,
224000,544.7,0.000001,,,,,,,,
224100,544.9,0.000000,,,,,,,,
224200,545.1,0.000000,,,,,,,,
224300,545.3,0.000001,,,,,,,,
224400,545.5,0.000000,,,,,,,,
224500,545.8,0.000001,,,,,,,,
224600,546.0,0.000001,,,,,,,,
224700,546.2,0.000000,,,,,,,,
224800,546.4,0.000000,,,,,,,,
224900,546.6,0.000001,,,,,,,,
225000,548.1,0.000001,0.000001,6.838984e-02,4.977215e-03,4.223521e-03,0.000000,4.506558e-02,4.954393e-03,4.285673e-03
225100,548.3,0.000001,,,,,,,,
225200,548.5,0.000000,,,,,,,,
225300,548.7,0.000001,,,,,,,,
225400,548.9,0.000000,,,,,,,,
225500,549.1,0.000000,,,,,,,,
225600,549.3,0.000001,,,,,,,,
225700,549.5,0.000000,,,,,,,,
225800,549.7,0.000001,,,,,,,,
225900,549.9,0.000001,,,,,,,,
226000,550.1,0.000001,,,,,,,,
226100,550.3,0.000000,,,,,,,,
226200,550.5,0.000001,,,,,,,,
226300,550.8,0.000001,,,,,,,,
226400,551.0,0.000001,,,,,,,,
226500,551.2,0.000001,,,,,,,,
226600,551.4,0.000001,,,,,,,,
226700,551.6,0.000000,,,,,,,,
226800,551.8,0.000000,,,,,,,,
226900,552.1,0.000000,,,,,,,,
227000,552.3,0.000002,,,,,,,,
227100,552.5,0.000001,,,,,,,,
227200,552.7,0.000001,,,,,,,,
227300,552.9,0.000000,,,,,,,,
227400,553.1,0.000002,,,,,,,,
227500,553.3,0.000000,,,,,,,,
227600,553.6,0.000001,,,,,,,,
227700,553.8,0.000000,,,,,,,,
227800,554.0,0.000001,,,,,,,,
227900,554.2,0.000001,,,,,,,,
228000,554.4,0.000001,,,,,,,,
228100,554.6,0.000000,,,,,,,,
228200,554.9,0.000000,,,,,,,,
228300,555.1,0.000000,,,,,,,,
228400,555.3,0.000000,,,,,,,,
228500,555.5,0.000000,,,,,,,,
228600,555.7,0.000000,,,,,,,,
228700,555.9,0.000000,,,,,,,,
228800,556.2,0.000001,,,,,,,,
228900,556.4,0.000000,,,,,,,,
229000,556.6,0.000000,,,,,,,,
229100,556.8,0.000001,,,,,,,,
229200,557.0,0.000001,,,,,,,,
229300,557.3,0.000001,,,,,,,,
229400,557.5,0.000000,,,,,,,,
229500,557.7,0.000000,,,,,,,,
229600,557.9,0.000000,,,,,,,,
229700,558.1,0.000000,,,,,,,,
229800,558.4,0.000003,,,,,,,,
229900,558.6,0.000000,,,,,,,,
230000,560.0,0.000000,0.000001,5.460843e-02,4.733749e-03,4.087571e-03,0.000000,5.069567e-02,4.797339e-03,4.139043e-03
230100,560.3,0.000000,,,,,,,,
230200,560.4,0.000001,,,,,,,,
230300,560.6,0.000000,,,,,,,,
230400,560.8,0.000000,,,,,,,,
230500,561.0,0.000001,,,,,,,,
230600,561.3,0.000001,,,,,,,,
230700,561.5,0.000000,,,,,,,,
230800,561.7,0.000000,,,,,,,,
230900,561.9,0.000001,,,,,,,,
231000,562.1,0.000001,,,,,,,,
231100,562.4,0.000000,,,,,,,,
231200,562.6,0.000000,,,,,,,,
231300,562.8,0.000001,,,,,,,,
231400,563.0,0.000001,,,,,,,,
231500,563.2,0.000001,,,,,,,,
231600,563.5,0.000002,,,,,,,,
231700,563.7,0.000000,,,,,,,,
231800,563.9,0.000002,,,,,,,,
231900,564.1,0.000000,,,,,,,,
232000,564.3,0.000000,,,,,,,,
232100,564.6,0.000000,,,,,,,,
232200,564.8,0.000001,,,,,,,,
232300,565.0,0.000000,,,,,,,,
232400,565.2,0.000002,,,,,,,,
232500,565.4,0.000001,,,,,,,,
232600,565.6,0.000001,,,,,,,,
232700,565.8,0.000001,,,,,,,,
232800,566.0,0.000000,,,,,,,,
232900,566.3,0.000000,,,,,,,,
233000,566.5,0.000000,,,,,,,,
233100,566.7,0.000000,,,,,,,,
233200,566.9,0.000001,,,,,,,,
233300,567.1,0.000000,,,,,,,,
233400,567.4,0.000001,,,,,,,,
233500,567.6,0.000000,,,,,,,,
233600,567.8,0.000000,,,,,,,,
233700,568.0,0.000001,,,,,,,,
233800,568.2,0.000001,,,,,,,,
233900,568.5,0.000001,,,,,,,,
234000,568.7,0.000000,,,,,,,,
234100,568.9,0.000000,,,,,,,,
234200,569.1,0.000000,,,,,,,,
234300,569.3,0.000001,,,,,,,,
234400,569.5,0.000000,,,,,,,,
234500,569.7,0.000000,,,,,,,,
234600,569.9,0.000001,,,,,,,,
234700,570.1,0.000000,,,,,,,,
234800,570.4,0.000000,,,,,,,,
234900,570.6,0.000000,,,,,,,,
235000,572.0,0.000000,0.000000,4.636252e-02,2.726998e-03,2.310906e-03,0.000000,4.105211e-02,2.704688e-03,2.295808e-03
235100,572.2,0.000000,,,,,,,,
235200,572.4,0.000001,,,,,,,,
235300,572.6,0.000001,,,,,,,,
235400,572.8,0.000000,,,,,,,,
235500,573.1,0.000000,,,,,,,,
235600,573.3,0.000000,,,,,,,,
235700,573.5,0.000000,,,,,,,,
235800,573.7,0.000000,,,,,,,,
235900,573.9,0.000000,,,,,,,,
236000,574.2,0.000000,,,,,,,,
236100,574.4,0.000000,,,,,,,,
236200,574.6,0.000001,,,,,,,,
236300,574.8,0.000001,,,,,,,,
236400,575.1,0.000000,,,,,,,,
236500,575.3,0.000001,,,,,,,,
236600,575.5,0.000000,,,,,,,,
236700,575.7,0.000001,,,,,,,,
236800,575.9,0.000000,,,,,,,,
236900,576.1,0.000000,,,,,,,,
237000,576.4,0.000001,,,,,,,,
237100,576.6,0.000001,,,,,,,,
237200,576.8,0.000001,,,,,,,,
237300,577.0,0.000001,,,,,,,,
237400,577.2,0.000001,,,,,,,,
237500,577.4,0.000000,,,,,,,,
237600,577.7,0.000000,,,,,,,,
237700,577.9,0.000000,,,,,,,,
237800,578.1,0.000000,,,,,,,,
237900,578.3,0.000000,,,,,,,,
238000,578.5,0.000000,,,,,,,,
238100,578.8,0.000000,,,,,,,,
238200,579.0,0.000001,,,,,,,,
238300,579.2,0.000000,,,,,,,,
238400,579.4,0.000000,,,,,,,,
238500,579.6,0.000000,,,,,,,,
238600,579.9,0.000001,,,,,,,,
238700,580.1,0.000000,,,,,,,,
238800,580.3,0.000001,,,,,,,,
238900,580.5,0.000001,,,,,,,,
239000,580.7,0.000001,,,,,,,,
239100,580.9,0.000001,,,,,,,,
239200,581.2,0.000000,,,,,,,,
239300,581.4,0.000000,,,,,,,,
239400,581.6,0.000000,,,,,,,,
239500,581.8,0.000000,,,,,,,,
239600,582.0,0.000000,,,,,,,,
239700,582.3,0.000000,,,,,,,,
239800,582.5,0.000000,,,,,,,,
239900,582.7,0.000000,,,,,,,,
240000,584.2,0.000000,0.000000,5.655658e-02,3.168761e-03,2.516084e-03,0.000000,2.879239e-02,3.112498e-03,2.489082e-03
240100,584.4,0.000000,,,,,,,,
240200,584.6,0.000000,,,,,,,,
240300,584.8,0.000001,,,,,,,,
240400,585.0,0.000001,,,,,,,,
240500,585.2,0.000000,,,,,,,,
240600,585.4,0.000000,,,,,,,,
240700,585.6,0.000000,,,,,,,,
240800,585.8,0.000001,,,,,,,,
240900,586.0,0.000001,,,,,,,,
241000,586.2,0.000000,,,,,,,,
241100,586.4,0.000000,,,,,,,,
241200,586.6,0.000002,,,,,,,,
241300,586.9,0.000001,,,,,,,,
241400,587.1,0.000001,,,,,,,,
241500,587.3,0.000000,,,,,,,,
241600,587.5,0.000000,,,,,,,,
241700,587.7,0.000000,,,,,,,,
241800,587.9,0.000001,,,,,,,,
241900,588.1,0.000000,,,,,,,,
242000,588.4,0.000001,,,,,,,,
242100,588.6,0.000002,,,,,,,,
242200,588.8,0.000001,,,,,,,,
242300,589.0,0.000001,,,,,,,,
242400,589.2,0.000000,,,,,,,,
242500,589.5,0.000000,,,,,,,,
242600,589.7,0.000002,,,,,,,,
242700,589.9,0.000000,,,,,,,,
242800,590.1,0.000001,,,,,,,,
242900,590.3,0.000000,,,,,,,,
243000,590.5,0.000001,,,,,,,,
243100,590.8,0.000000,,,,,,,,
243200,591.0,0.000000,,,,,,,,
243300,591.2,0.000000,,,,,,,,
243400,591.4,0.000000,,,,,,,,
243500,591.6,0.000000,,,,,,,,
243600,591.9,0.000000,,,,,,,,
243700,592.1,0.000000,,,,,,,,
243800,592.3,0.000000,,,,,,,,
243900,592.5,0.000000,,,,,,,,
244000,592.7,0.000001,,,,,,,,
244100,593.0,0.000000,,,,,,,,
244200,593.2,0.000001,,,,,,,,
244300,593.4,0.000001,,,,,,,,
244400,593.6,0.000001,,,,,,,,
244500,593.8,0.000001,,,,,,,,
244600,594.0,0.000000,,,,,,,,
244700,594.2,0.000001,,,,,,,,
244800,594.4,0.000000,,,,,,,,
244900,594.7,0.000001,,,,,,,,
245000,596.1,0.000000,0.000000,2.774615e-02,2.489429e-03,2.202030e-03,0.000000,2.405883e-02,2.447885e-03,2.194467e-03
245100,596.3,0.000000,,,,,,,,
245200,596.5,0.000001,,,,,,,,
245300,596.7,0.000000,,,,,,,,
245400,596.9,0.000001,,,,,,,,
245500,597.1,0.000001,,,,,,,,
245600,597.3,0.000003,,,,,,,,
245700,597.6,0.000000,,,,,,,,
245800,597.8,0.000000,,,,,,,,
245900,598.0,0.000001,,,,,,,,
246000,598.2,0.000000,,,,,,,,
246100,598.4,0.000001,,,,,,,,
246200,598.7,0.000001,,,,,,,,
246300,598.9,0.000001,,,,,,,,
246400,599.1,0.000003,,,,,,,,
246500,599.3,0.000001,,,,,,,,
246600,599.5,0.000001,,,,,,,,
246700,599.7,0.000001,,,,,,,,
246800,600.0,0.000000,,,,,,,,
246900,600.2,0.000000,,,,,,,,
247000,600.4,0.000000,,,,,,,,
247100,600.6,0.000000,,,,,,,,
247200,600.8,0.000000,,,,,,,,
247300,601.1,0.000000,,,,,,,,
247400,601.3,0.000000,,,,,,,,
247500,601.5,0.000000,,,,,,,,
247600,601.7,0.000001,,,,,,,,
247700,601.9,0.000001,,,,,,,,
247800,602.1,0.000000,,,,,,,,
247900,602.4,0.000000,,,,,,,,
248000,602.6,0.000001,,,,,,,,
248100,602.8,0.000001,,,,,,,,
248200,603.0,0.000000,,,,,,,,
248300,603.2,0.000001,,,,,,,,
248400,603.4,0.000000,,,,,,,,
248500,603.7,0.000000,,,,,,,,
248600,603.9,0.000001,,,,,,,,
248700,604.1,0.000001,,,,,,,,
248800,604.3,0.000000,,,,,,,,
248900,604.5,0.000000,,,,,,,,
249000,604.7,0.000000,,,,,,,,
249100,605.0,0.000000,,,,,,,,
249200,605.2,0.000001,,,,,,,,
249300,605.4,0.000000,,,,,,,,
249400,605.6,0.000001,,,,,,,,
249500,605.8,0.000000,,,,,,,,
249600,606.0,0.000001,,,,,,,,
249700,606.3,0.000000,,,,,,,,
249800,606.5,0.000000,,,,,,,,
249900,606.7,0.000000,,,,,,,,
250000,608.2,0.000000,0.000001,7.481827e-02,4.163679e-03,3.758201e-03,0.000000,4.770518e-02,4.135757e-03,3.834542e-03
250100,608.4,0.000000,,,,,,,,
250200,608.6,0.000000,,,,,,,,
250300,608.8,0.000000,,,,,,,,
250400,609.0,0.000000,,,,,,,,
250500,609.2,0.000001,,,,,,,,
250600,609.5,0.000001,,,,,,,,
250700,609.7,0.000003,,,,,,,,
250800,609.9,0.000000,,,,,,,,
250900,610.1,0.000002,,,,,,,,
251000,610.3,0.000001,,,,,,,,
251100,610.5,0.000001,,,,,,,,
251200,610.7,0.000001,,,,,,,,
251300,610.9,0.000000,,,,,,,,
251400,611.1,0.000000,,,,,,,,
251500,611.3,0.000001,,,,,,,,
251600,611.5,0.000001,,,,,,,,
251700,611.7,0.000000,,,,,,,,
251800,612.0,0.000000,,,,,,,,
251900,612.2,0.000001,,,,,,,,
252000,612.4,0.000002,,,,,,,,
252100,612.6,0.000001,,,,,,,,
252200,612.8,0.000000,,,,,,,,
252300,613.0,0.000001,,,,,,,,
252400,613.3,0.000001,,,,,,,,
252500,613.5,0.000001,,,,,,,,
252600,613.7,0.000001,,,,,,,,
252700,613.9,0.000001,,,,,,,,
252800,614.1,0.000000,,,,,,,,
252900,614.3,0.000001,,,,,,,,
253000,614.5,0.000000,,,,,,,,
253100,614.7,0.000000,,,,,,,,
253200,614.9,0.000000,,,,,,,,
253300,615.2,0.000000,,,,,,,,
253400,615.4,0.000000,,,,,,,,
253500,615.6,0.000001,,,,,,,,
253600,615.8,0.000001,,,,,,,,
253700,616.0,0.000001,,,,,,,,
253800,616.2,0.000002,,,,,,,,
253900,616.5,0.000000,,,,,,,,
254000,616.7,0.000000,,,,,,,,
254100,616.9,0.000000,,,,,,,,
254200,617.1,0.000001,,,,,,,,
254300,617.3,0.000001,,,,,,,,
254400,617.5,0.000000,,,,,,,,
254500,617.7,0.000001,,,,,,,,
254600,618.0,0.000001,,,,,,,,
254700,618.2,0.000001,,,,,,,,
254800,618.4,0.000001,,,,,,,,
254900,618.6,0.000001,,,,,,,,
255000,620.0,0.000000,0.000000,4.462952e-02,2.616995e-03,2.295976e-03,0.000000,1.757461e-02,2.620074e-03,2.317396e-03
255100,620.2,0.000000,,,,,,,,
255200,620.4,0.000000,,,,,,,,
255300,620.6,0.000000,,,,,,,,
255400,620.8,0.000002,,,,,,,,
255500,621.0,0.000000,,,,,,,,
255600,621.2,0.000000,,,,,,,,
255700,621.4,0.000000,,,,,,,,
255800,621.7,0.000000,,,,,,,,
255900,621.9,0.000000,,,,,,,,
256000,622.1,0.000001,,,,,,,,
256100,622.3,0.000000,,,,,,,,
256200,622.5,0.000001,,,,,,,,
256300,622.7,0.000000,,,,,,,,
256400,622.9,0.000000,,,,,,,,
256500,623.2,0.000000,,,,,,,,
256600,623.4,0.000000,,,,,,,,
256700,623.6,0.000000,,,,,,,,
256800,623.8,0.000000,,,,,,,,
256900,624.0,0.000000,,,,,,,,
257000,624.2,0.000000,,,,,,,,
257100,624.4,0.000000,,,,,,,,
257200,624.6,0.000001,,,,,,,,
257300,624.8,0.000000,,,,,,,,
257400,625.1,0.000000,,,,,,,,
257500,625.3,0.000000,,,,,,,,
257600,625.5,0.000000,,,,,,,,
257700,625.7,0.000001,,,,,,,,
257800,625.9,0.000000,,,,,,,,
257900,626.1,0.000000,,,,,,,,
258000,626.3,0.000001,,,,,,,,
258100,626.5,0.000001,,,,,,,,
258200,626.8,0.000001,,,,,,,,
258300,627.0,0.000000,,,,,,,,
258400,627.2,0.000000,,,,,,,,
258500,627.4,0.000000,,,,,,,,
258600,627.6,0.000001,,,,,,,,
258700,627.9,0.000000,,,,,,,,
258800,628.1,0.000000,,,,,,,,
258900,628.3,0.000001,,,,,,,,
259000,628.5,0.000001,,,,,,,,
259100,628.7,0.000001,,,,,,,,
259200,628.9,0.000001,,,,,,,,
259300,629.2,0.000001,,,,,,,,
259400,629.4,0.000000,,,,,,,,
259500,629.6,0.000000,,,,,,,,
259600,629.8,0.000001,,,,,,,,
259700,630.0,0.000001,,,,,,,,
259800,630.2,0.000000,,,,,,,,
259900,630.5,0.000000,,,,,,,,
260000,631.9,0.000000,0.000000,4.853356e-02,2.933078e-03,2.649609e-03,0.000000,3.201462e-02,2.878309e-03,2.605636e-03
260100,632.1,0.000000,,,,,,,,
260200,632.3,0.000000,,,,,,,,
260300,632.5,0.000002,,,,,,,,
260400,632.7,0.000001,,,,,,,,
260500,632.9,0.000000,,,,,,,,
260600,633.1,0.000000,,,,,,,,
260700,633.3,0.000000,,,,,,,,
260800,633.5,0.000001,,,,,,,,
260900,633.8,0.000000,,,,,,,,
261000,634.0,0.000000,,,,,,,,
261100,634.2,0.000001,,,,,,,,
261200,634.4,0.000001,,,,,,,,
261300,634.6,0.000000,,,,,,,,
261400,634.9,0.000000,,,,,,,,
261500,635.1,0.000001,,,,,,,,
261600,635.3,0.000001,,,,,,,,
261700,635.5,0.000001,,,,,,,,
261800,635.7,0.000000,,,,,,,,
261900,635.9,0.000000,,,,,,,,
262000,636.2,0.000000,,,,,,,,
262100,636.4,0.000000,,,,,,,,
262200,636.6,0.000000,,,,,,,,
262300,636.8,0.000000,,,,,,,,
262400,637.0,0.000000,,,,,,,,
262500,637.2,0.000001,,,,,,,,
262600,637.5,0.000000,,,,,,,,
262700,637.7,0.000000,,,,,,,,
262800,637.9,0.000000,,,,,,,,
262900,638.1,0.000000,,,,,,,,
263000,638.3,0.000001,,,,,,,,
263100,638.5,0.000000,,,,,,,,
263200,638.7,0.000000,,,,,,,,
263300,639.0,0.000000,,,,,,,,
263400,639.2,0.000000,,,,,,,,
263500,639.4,0.000001,,,,,,,,
263600,639.6,0.000001,,,,,,,,
263700,639.8,0.000001,,,,,,,,
263800,640.1,0.000002,,,,,,,,
263900,640.3,0.000001,,,,,,,,
264000,640.5,0.000000,,,,,,,,
264100,640.7,0.000001,,,,,,,,
264200,640.9,0.000000,,,,,,,,
264300,641.1,0.000000,,,,,,,,
264400,641.3,0.000000,,,,,,,,
264500,641.6,0.000001,,,,,,,,
264600,641.8,0.000001,,,,,,,,
264700,642.0,0.000001,,,,,,,,
264800,642.2,0.000000,,,,,,,,
264900,642.4,0.000001,,,,,,,,
265000,643.9,0.000000,0.000000,5.908485e-02,2.474044e-03,2.176847e-03,0.000000,4.006077e-02,2.486732e-03,2.197016e-03
265100,644.1,0.000000,,,,,,,,
265200,644.3,0.000000,,,,,,,,
265300,644.5,0.000001,,,,,,,,
265400,644.8,0.000000,,,,,,,,
265500,645.0,0.000000,,,,,,,,
265600,645.2,0.000000,,,,,,,,
265700,645.4,0.000001,,,,,,,,
265800,645.6,0.000000,,,,,,,,
265900,645.8,0.000001,,,,,,,,
266000,646.1,0.000000,,,,,,,,
266100,646.3,0.000001,,,,,,,,
266200,646.5,0.000000,,,,,,,,
266300,646.7,0.000000,,,,,,,,
266400,646.9,0.000001,,,,,,,,
266500,647.1,0.000000,,,,,,,,
266600,647.3,0.000000,,,,,,,,
266700,647.5,0.000001,,,,,,,,
266800,647.8,0.000000,,,,,,,,
266900,648.0,0.000000,,,,,,,,
267000,648.2,0.000000,,,,,,,,
267100,648.4,0.000000,,,,,,,,
267200,648.6,0.000000,,,,,,,,
267300,648.8,0.000001,,,,,,,,
267400,649.1,0.000001,,,,,,,,
267500,649.3,0.000001,,,,,,,,
267600,649.5,0.000001,,,,,,,,
267700,649.7,0.000000,,,,,,,,
267800,649.9,0.000000,,,,,,,,
267900,650.1,0.000001,,,,,,,,
268000,650.3,0.000001,,,,,,,,
268100,650.6,0.000000,,,,,,,,
268200,650.8,0.000000,,,,,,,,
268300,651.0,0.000000,,,,,,,,
268400,651.2,0.000001,,,,,,,,
268500,651.4,0.000001,,,,,,,,
268600,651.6,0.000000,,,,,,,,
268700,651.8,0.000001,,,,,,,,
268800,652.0,0.000000,,,,,,,,
268900,652.2,0.000000,,,,,,,,
269000,652.5,0.000000,,,,,,,,
269100,652.7,0.000000,,,,,,,,
269200,652.9,0.000000,,,,,,,,
269300,653.1,0.000001,,,,,,,,
269400,653.3,0.000001,,,,,,,,
269500,653.5,0.000000,,,,,,,,
269600,653.7,0.000000,,,,,,,,
269700,654.0,0.000001,,,,,,,,
269800,654.2,0.000001,,,,,,,,
269900,654.4,0.000001,,,,,,,,
270000,655.8,0.000001,0.000000,7.190031e-02,2.187504e-03,1.752241e-03,0.000000,2.964211e-02,2.140789e-03,1.734683e-03
270100,656.1,0.000000,,,,,,,,
270200,656.3,0.000001,,,,,,,,
270300,656.5,0.000001,,,,,,,,
270400,656.7,0.000001,,,,,,,,
270500,656.9,0.000001,,,,,,,,
270600,657.1,0.000000,,,,,,,,
270700,657.3,0.000000,,,,,,,,
270800,657.5,0.000001,,,,,,,,
270900,657.7,0.000001,,,,,,,,
271000,657.9,0.000000,,,,,,,,
271100,658.1,0.000000,,,,,,,,
271200,658.3,0.000001,,,,,,,,
271300,658.6,0.000001,,,,,,,,
271400,658.8,0.000000,,,,,,,,
271500,659.0,0.000001,,,,,,,,
271600,659.2,0.000001,,,,,,,,
271700,659.4,0.000000,,,,,,,,
271800,659.6,0.000000,,,,,,,,
271900,659.9,0.000000,,,,,,,,
272000,660.1,0.000001,,,,,,,,
272100,660.3,0.000000,,,,,,,,
272200,660.5,0.000000,,,,,,,,
272300,660.7,0.000001,,,,,,,,
272400,660.9,0.000000,,,,,,,,
272500,661.2,0.000000,,,,,,,,
272600,661.4,0.000001,,,,,,,,
272700,661.6,0.000000,,,,,,,,
272800,661.8,0.000000,,,,,,,,
272900,662.0,0.000000,,,,,,,,
273000,662.2,0.000001,,,,,,,,
273100,662.4,0.000001,,,,,,,,
273200,662.6,0.000000,,,,,,,,
273300,662.9,0.000000,,,,,,,,
273400,663.1,0.000000,,,,,,,,
273500,663.3,0.000001,,,,,,,,
273600,663.5,0.000000,,,,,,,,
273700,663.7,0.000000,,,,,,,,
273800,663.9,0.000001,,,,,,,,
273900,664.1,0.000001,,,,,,,,
274000,664.4,0.000001,,,,,,,,
274100,664.6,0.000000,,,,,,,,
274200,664.8,0.000000,,,,,,,,
274300,665.0,0.000001,,,,,,,,
274400,665.2,0.000001,,,,,,,,
274500,665.4,0.000000,,,,,,,,
274600,665.6,0.000000,,,,,,,,
274700,665.8,0.000001,,,,,,,,
274800,666.0,0.000000,,,,,,,,
274900,666.3,0.000000,,,,,,,,
275000,667.8,0.000000,0.000000,5.663604e-02,2.253912e-03,1.833829e-03,0.000000,2.678656e-02,2.243069e-03,1.844745e-03
275100,668.0,0.000000,,,,,,,,
275200,668.2,0.000000,,,,,,,,
275300,668.4,0.000001,,,,,,,,
275400,668.6,0.000000,,,,,,,,
275500,668.8,0.000000,,,,,,,,
275600,669.0,0.000001,,,,,,,,
275700,669.2,0.000001,,,,,,,,
275800,669.4,0.000001,,,,,,,,
275900,669.6,0.000001,,,,,,,,
276000,669.8,0.000001,,,,,,,,
276100,670.0,0.000000,,,,,,,,
276200,670.3,0.000000,,,,,,,,
276300,670.5,0.000000,,,,,,,,
276400,670.7,0.000001,,,,,,,,
276500,670.9,0.000001,,,,,,,,
276600,671.1,0.000001,,,,,,,,
276700,671.3,0.000001,,,,,,,,
276800,671.6,0.000001,,,,,,,,
276900,671.8,0.000001,,,,,,,,
277000,672.0,0.000001,,,,,,,,
277100,672.2,0.000000,,,,,,,,
277200,672.4,0.000001,,,,,,,,
277300,672.6,0.000000,,,,,,,,
277400,672.9,0.000001,,,,,,,,
277500,673.1,0.000000,,,,,,,,
277600,673.3,0.000000,,,,,,,,
277700,673.5,0.000001,,,,,,,,
277800,673.7,0.000001,,,,,,,,
277900,673.9,0.000000,,,,,,,,
278000,674.2,0.000001,,,,,,,,
278100,674.4,0.000000,,,,,,,,
278200,674.6,0.000001,,,,,,,,
278300,674.8,0.000001,,,,,,,,
278400,675.0,0.000001,,,,,,,,
278500,675.3,0.000001,,,,,,,,
278600,675.5,0.000000,,,,,,,,
278700,675.7,0.000003,,,,,,,,
278800,675.9,0.000000,,,,,,,,
278900,676.1,0.000001,,,,,,,,
279000,676.4,0.000000,,,,,,,,
279100,676.6,0.000001,,,,,,,,
279200,676.8,0.000000,,,,,,,,
279300,677.0,0.000000,,,,,,,,
279400,677.2,0.000000,,,,,,,,
279500,677.4,0.000001,,,,,,,,
279600,677.6,0.000000,,,,,,,,
279700,677.8,0.000001,,,,,,,,
279800,678.1,0.000001,,,,,,,,
279900,678.3,0.000000,,,,,,,,
280000,679.7,0.000000,0.000000,4.422254e-02,2.470769e-03,1.966875e-03,0.000000,3.221292e-02,2.458752e-03,1.986576e-03
280100,679.9,0.000001,,,,,,,,
280200,680.1,0.000001,,,,,,,,
280300,680.3,0.000001,,,,,,,,
280400,680.5,0.000001,,,,,,,,
280500,680.7,0.000000,,,,,,,,
280600,680.9,0.000000,,,,,,,,
280700,681.1,0.000001,,,,,,,,
280800,681.3,0.000000,,,,,,,,
280900,681.5,0.000001,,,,,,,,
281000,681.8,0.000001,,,,,,,,
281100,682.0,0.000000,,,,,,,,
281200,682.2,0.000001,,,,,,,,
281300,682.4,0.000001,,,,,,,,
281400,682.6,0.000001,,,,,,,,
281500,682.9,0.000000,,,,,,,,
281600,683.1,0.000000,,,,,,,,
281700,683.3,0.000000,,,,,,,,
281800,683.5,0.000000,,,,,,,,
281900,683.7,0.000000,,,,,,,,
282000,684.0,0.000000,,,,,,,,
282100,684.2,0.000001,,,,,,,,
282200,684.4,0.000000,,,,,,,,
282300,684.6,0.000001,,,,,,,,
282400,684.8,0.000000,,,,,,,,
282500,685.1,0.000000,,,,,,,,
282600,685.3,0.000001,,,,,,,,
282700,685.5,0.000000,,,,,,,,
282800,685.7,0.000000,,,,,,,,
282900,685.9,0.000000,,,,,,,,
283000,686.2,0.000000,,,,,,,,
283100,686.4,0.000000,,,,,,,,
283200,686.6,0.000001,,,,,,,,
283300,686.8,0.000000,,,,,,,,
283400,687.0,0.000000,,,,,,,,
283500,687.2,0.000001,,,,,,,,
283600,687.5,0.000001,,,,,,,,
283700,687.7,0.000000,,,,,,,,
283800,687.9,0.000001,,,,,,,,
283900,688.1,0.000000,,,,,,,,
284000,688.3,0.000000,,,,,,,,
284100,688.6,0.000001,,,,,,,,
284200,688.8,0.000001,,,,,,,,
284300,689.0,0.000001,,,,,,,,
284400,689.2,0.000000,,,,,,,,
284500,689.4,0.000000,,,,,,,,
284600,689.6,0.000000,,,,,,,,
284700,689.8,0.000000,,,,,,,,
284800,690.0,0.000000,,,,,,,,
284900,690.3,0.000001,,,,,,,,
285000,691.7,0.000000,0.000000,4.876141e-02,2.590554e-03,2.020228e-03,0.000000,3.777594e-02,2.582307e-03,2.033373e-03
285100,691.9,0.000000,,,,,,,,
285200,692.1,0.000000,,,,,,,,
285300,692.3,0.000000,,,,,,,,
285400,692.5,0.000000,,,,,,,,
285500,692.7,0.000000,,,,,,,,
285600,692.9,0.000000,,,,,,,,
285700,693.1,0.000000,,,,,,,,
285800,693.3,0.000001,,,,,,,,
285900,693.5,0.000001,,,,,,,,
286000,693.8,0.000000,,,,,,,,
286100,694.0,0.000000,,,,,,,,
286200,694.2,0.000000,,,,,,,,
286300,694.4,0.000000,,,,,,,,
286400,694.6,0.000000,,,,,,,,
286500,694.8,0.000000,,,,,,,,
286600,695.1,0.000000,,,,,,,,
286700,695.3,0.000000,,,,,,,,
286800,695.5,0.000000,,,,,,,,
286900,695.7,0.000001,,,,,,,,
287000,695.9,0.000000,,,,,,,,
287100,696.1,0.000001,,,,,,,,
287200,696.4,0.000000,,,,,,,,
287300,696.6,0.000000,,,,,,,,
287400,696.8,0.000001,,,,,,,,
287500,697.0,0.000000,,,,,,,,
287600,697.2,0.000001,,,,,,,,
287700,697.4,0.000000,,,,,,,,
287800,697.6,0.000001,,,,,,,,
287900,697.9,0.000000,,,,,,,,
288000,698.1,0.000001,,,,,,,,
288100,698.3,0.000000,,,,,,,,
288200,698.5,0.000000,,,,,,,,
288300,698.7,0.000000,,,,,,,,
288400,698.9,0.000000,,,,,,,,
288500,699.2,0.000001,,,,,,,,
288600,699.4,0.000000,,,,,,,,
288700,699.6,0.000001,,,,,,,,
288800,699.8,0.000001,,,,,,,,
288900,700.0,0.000001,,,,,,,,
289000,700.2,0.000000,,,,,,,,
289100,700.5,0.000000,,,,,,,,
289200,700.7,0.000001,,,,,,,,
289300,700.9,0.000000,,,,,,,,
289400,701.1,0.000001,,,,,,,,
289500,701.3,0.000000,,,,,,,,
289600,701.5,0.000000,,,,,,,,
289700,701.8,0.000001,,,,,,,,
289800,702.0,0.000001,,,,,,,,
289900,702.2,0.000000,,,,,,,,
290000,703.7,0.000002,0.000002,1.176356e-01,5.548457e-03,4.143792e-03,0.000000,1.092181e-01,5.471956e-03,4.156417e-03
290100,703.9,0.000000,,,,,,,,
290200,704.1,0.000000,,,,,,,,
290300,704.3,0.000000,,,,,,,,
290400,704.5,0.000000,,,,,,,,
290500,704.7,0.000001,,,,,,,,
290600,704.9,0.000000,,,,,,,,
290700,705.1,0.000000,,,,,,,,
290800,705.3,0.000001,,,,,,,,
290900,705.5,0.000000,,,,,,,,
291000,705.7,0.000001,,,,,,,,
291100,706.0,0.000000,,,,,,,,
291200,706.2,0.000001,,,,,,,,
291300,706.4,0.000000,,,,,,,,
291400,706.6,0.000001,,,,,,,,
291500,706.8,0.000001,,,,,,,,
291600,707.1,0.000000,,,,,,,,
291700,707.3,0.000000,,,,,,,,
291800,707.5,0.000000,,,,,,,,
291900,707.7,0.000001,,,,,,,,
292000,707.9,0.000000,,,,,,,,
292100,708.1,0.000000,,,,,,,,
292200,708.3,0.000001,,,,,,,,
292300,708.6,0.000000,,,,,,,,
292400,708.8,0.000000,,,,,,,,
292500,709.0,0.000001,,,,,,,,
292600,709.2,0.000001,,,,,,,,
292700,709.4,0.000000,,,,,,,,
292800,709.7,0.000000,,,,,,,,
292900,709.9,0.000001,,,,,,,,
293000,710.1,0.000000,,,,,,,,
293100,710.3,0.000001,,,,,,,,
293200,710.5,0.000001,,,,,,,,
293300,710.8,0.000000,,,,,,,,
293400,711.0,0.000001,,,,,,,,
293500,711.2,0.000001,,,,,,,,
293600,711.4,0.000000,,,,,,,,
293700,711.6,0.000002,,,,,,,,
293800,711.8,0.000001,,,,,,,,
293900,712.0,0.000000,,,,,,,,
294000,712.2,0.000000,,,,,,,,
294100,712.5,0.000000,,,,,,,,
294200,712.7,0.000000,,,,,,,,
294300,712.9,0.000000,,,,,,,,
294400,713.1,0.000002,,,,,,,,
294500,713.3,0.000000,,,,,,,,
294600,713.5,0.000000,,,,,,,,
294700,713.8,0.000000,,,,,,,,
294800,714.0,0.000000,,,,,,,,
294900,714.2,0.000000,,,,,,,,
295000,715.6,0.000001,0.000000,3.444929e-02,2.686297e-03,2.106234e-03,0.000000,3.212119e-02,2.574574e-03,2.027887e-03
295100,715.9,0.000000,,,,,,,,
295200,716.1,0.000000,,,,,,,,
295300,716.3,0.000001,,,,,,,,
295400,716.5,0.000000,,,,,,,,
295500,716.7,0.000001,,,,,,,,
295600,717.0,0.000001,,,,,,,,
295700,717.2,0.000001,,,,,,,,
295800,717.4,0.000000,,,,,,,,
295900,717.6,0.000001,,,,,,,,
296000,717.8,0.000001,,,,,,,,
296100,718.0,0.000001,,,,,,,,
296200,718.3,0.000001,,,,,,,,
296300,718.5,0.000001,,,,,,,,
296400,718.7,0.000000,,,,,,,,
296500,718.9,0.000001,,,,,,,,
296600,719.1,0.000000,,,,,,,,
296700,719.4,0.000000,,,,,,,,
296800,719.6,0.000000,,,,,,,,
296900,719.8,0.000000,,,,,,,,
297000,720.0,0.000001,,,,,,,,
297100,720.2,0.000001,,,,,,,,
297200,720.4,0.000000,,,,,,,,
297300,720.6,0.000000,,,,,,,,
297400,720.8,0.000001,,,,,,,,
297500,721.1,0.000001,,,,,,,,
297600,721.3,0.000000,,,,,,,,
297700,721.5,0.000000,,,,,,,,
297800,721.7,0.000000,,,,,,,,
297900,721.9,0.000000,,,,,,,,
298000,722.1,0.000000,,,,,,,,
298100,722.3,0.000001,,,,,,,,
298200,722.5,0.000001,,,,,,,,
298300,722.8,0.000000,,,,,,,,
298400,723.0,0.000001,,,,,,,,
298500,723.2,0.000000,,,,,,,,
298600,723.4,0.000000,,,,,,,,
298700,723.6,0.000000,,,,,,,,
298800,723.8,0.000000,,,,,,,,
298900,724.0,0.000001,,,,,,,,
299000,724.2,0.000000,,,,,,,,
299100,724.5,0.000000,,,,,,,,
299200,724.7,0.000000,,,,,,,,
299300,724.9,0.000000,,,,,,,,
299400,725.1,0.000001,,,,,,,,
299500,725.3,0.000001,,,,,,,,
299600,725.5,0.000000,,,,,,,,
299700,725.8,0.000000,,,,,,,,
299800,726.0,0.000000,,,,,,,,
299900,726.2,0.000000,,,,,,,,
300000,727.7,0.000000,0.000000,7.256408e-02,3.321012e-03,3.273238e-03,0.000000,2.105811e-02,3.273217e-03,3.245630e-03
300100,727.9,0.000001,,,,,,,,
300200,728.1,0.000001,,,,,,,,
300300,728.3,0.000000,,,,,,,,
300400,728.5,0.000000,,,,,,,,
300500,728.7,0.000001,,,,,,,,
300600,728.9,0.000000,,,,,,,,
300700,729.1,0.000000,,,,,,,,
300800,729.3,0.000000,,,,,,,,
300900,729.6,0.000001,,,,,,,,
301000,729.8,0.000000,,,,,,,,
301100,730.0,0.000000,,,,,,,,
301200,730.2,0.000000,,,,,,,,
301300,730.4,0.000000,,,,,,,,
301400,730.6,0.000001,,,,,,,,
301500,730.8,0.000000,,,,,,,,
301600,731.0,0.000000,,,,,,,,
301700,731.2,0.000000,,,,,,,,
301800,731.4,0.000000,,,,,,,,
301900,731.6,0.000001,,,,,,,,
302000,731.9,0.000001,,,,,,,,
302100,732.1,0.000001,,,,,,,,
302200,732.3,0.000001,,,,,,,,
302300,732.5,0.000001,,,,,,,,
302400,732.7,0.000001,,,,,,,,
302500,733.0,0.000001,,,,,,,,
302600,733.2,0.000000,,,,,,,,
302700,733.4,0.000000,,,,,,,,
302800,733.6,0.000001,,,,,,,,
302900,733.8,0.000000,,,,,,,,
303000,734.0,0.000001,,,,,,,,
303100,734.3,0.000000,,,,,,,,
303200,734.5,0.000000,,,,,,,,
303300,734.7,0.000000,,,,,,,,
303400,734.9,0.000000,,,,,,,,
303500,735.1,0.000001,,,,,,,,
303600,735.3,0.000000,,,,,,,,
303700,735.6,0.000000,,,,,,,,
303800,735.8,0.000000,,,,,,,,
303900,736.0,0.000001,,,,,,,,
304000,736.2,0.000000,,,,,,,,
304100,736.4,0.000000,,,,,,,,
304200,736.6,0.000000,,,,,,,,
304300,736.9,0.000000,,,,,,,,
304400,737.1,0.000000,,,,,,,,
304500,737.3,0.000001,,,,,,,,
304600,737.5,0.000000,,,,,,,,
304700,737.7,0.000000,,,,,,,,
304800,737.9,0.000001,,,,,,,,
304900,738.2,0.000000,,,,,,,,
305000,739.6,0.000001,0.000001,1.035563e-01,4.178253e-03,3.470292e-03,0.000000,2.830623e-02,4.147227e-03,3.484106e-03
305100,739.8,0.000000,,,,,,,,
305200,740.0,0.000000,,,,,,,,
305300,740.2,0.000000,,,,,,,,
305400,740.4,0.000001,,,,,,,,
305500,740.6,0.000000,,,,,,,,
305600,740.8,0.000000,,,,,,,,
305700,741.1,0.000001,,,,,,,,
305800,741.3,0.000000,,,,,,,,
305900,741.5,0.000000,,,,,,,,
306000,741.7,0.000000,,,,,,,,
306100,741.9,0.000001,,,,,,,,
306200,742.2,0.000000,,,,,,,,
306300,742.4,0.000000,,,,,,,,
306400,742.6,0.000000,,,,,,,,
306500,742.8,0.000000,,,,,,,,
306600,743.0,0.000000,,,,,,,,
306700,743.3,0.000000,,,,,,,,
306800,743.5,0.000000,,,,,,,,
306900,743.7,0.000000,,,,,,,,
307000,743.9,0.000000,,,,,,,,
307100,744.1,0.000000,,,,,,,,
307200,744.3,0.000000,,,,,,,,
307300,744.6,0.000000,,,,,,,,
307400,744.8,0.000000,,,,,,,,
307500,745.0,0.000001,,,,,,,,
307600,745.2,0.000000,,,,,,,,
307700,745.4,0.000000,,,,,,,,
307800,745.7,0.000001,,,,,,,,
307900,745.9,0.000000,,,,,,,,
308000,746.1,0.000000,,,,,,,,
308100,746.3,0.000001,,,,,,,,
308200,746.5,0.000000,,,,,,,,
308300,746.7,0.000000,,,,,,,,
308400,747.0,0.000000,,,,,,,,
308500,747.2,0.000000,,,,,,,,
308600,747.4,0.000001,,,,,,,,
308700,747.6,0.000000,,,,,,,,
308800,747.8,0.000001,,,,,,,,
308900,748.1,0.000001,,,,,,,,
309000,748.3,0.000000,,,,,,,,
309100,748.5,0.000000,,,,,,,,
309200,748.7,0.000001,,,,,,,,
309300,748.9,0.000001,,,,,,,,
309400,749.2,0.000001,,,,,,,,
309500,749.4,0.000001,,,,,,,,
309600,749.6,0.000000,,,,,,,,
309700,749.8,0.000000,,,,,,,,
309800,750.0,0.000001,,,,,,,,
309900,750.2,0.000000,,,,,,,,
310000,751.7,0.000001,0.000001,4.210824e-02,3.537719e-03,2.994829e-03,0.000000,3.069449e-02,3.548011e-03,2.984790e-03
310100,751.9,0.000000,,,,,,,,
310200,752.1,0.000000,,,,,,,,
310300,752.3,0.000001,,,,,,,,
310400,752.5,0.000001,,,,,,,,
310500,752.7,0.000000,,,,,,,,
310600,753.0,0.000000,,,,,,,,
310700,753.2,0.000000,,,,,,,,
310800,753.4,0.000001,,,,,,,,
310900,753.6,0.000000,,,,,,,,
311000,753.8,0.000001,,,,,,,,
311100,754.0,0.000000,,,,,,,,
311200,754.2,0.000000,,,,,,,,
311300,754.5,0.000001,,,,,,,,
311400,754.7,0.000000,,,,,,,,
311500,754.9,0.000000,,,,,,,,
311600,755.1,0.000000,,,,,,,,
311700,755.3,0.000000,,,,,,,,
311800,755.5,0.000000,,,,,,,,
311900,755.8,0.000000,,,,,,,,
312000,756.0,0.000001,,,,,,,,
312100,756.2,0.000000,,,,,,,,
312200,756.4,0.000000,,,,,,,,
312300,756.6,0.000000,,,,,,,,
312400,756.8,0.000001,,,,,,,,
312500,757.0,0.000000,,,,,,,,
312600,757.3,0.000000,,,,,,,,
312700,757.5,0.000000,,,,,,,,
312800,757.7,0.000001,,,,,,,,
312900,757.9,0.000000,,,,,,,,
313000,758.1,0.000000,,,,,,,,
313100,758.3,0.000000,,,,,,,,
313200,758.6,0.000000,,,,,,,,
313300,758.8,0.000000,,,,,,,,
313400,759.0,0.000001,,,,,,,,
313500,759.2,0.000000,,,,,,,,
313600,759.4,0.000000,,,,,,,,
313700,759.6,0.000000,,,,,,,,
313800,759.8,0.000000,,,,,,,,
313900,760.0,0.000000,,,,,,,,
314000,760.2,0.000000,,,,,,,,
314100,760.5,0.000000,,,,,,,,
314200,760.7,0.000001,,,,,,,,
314300,760.9,0.000000,,,,,,,,
314400,761.1,0.000000,,,,,,,,
314500,761.3,0.000000,,,,,,,,
314600,761.5,0.000001,,,,,,,,
314700,761.8,0.000000,,,,,,,,
314800,762.0,0.000007,,,,,,,,
314900,762.2,0.000000,,,,,,,,
315000,763.6,0.000000,0.000001,1.099388e-01,4.176568e-03,3.803437e-03,0.000000,4.477652e-02,4.199199e-03,3.894914e-03
315100,763.9,0.000000,,,,,,,,
315200,764.1,0.000000,,,,,,,,
315300,764.3,0.000001,,,,,,,,
315400,764.5,0.000000,,,,,,,,
315500,764.6,0.000000,,,,,,,,
315600,764.8,0.000001,,,,,,,,
315700,765.0,0.000000,,,,,,,,
315800,765.3,0.000001,,,,,,,,
315900,765.5,0.000001,,,,,,,,
316000,765.7,0.000000,,,,,,,,
316100,765.9,0.000000,,,,,,,,
316200,766.1,0.000001,,,,,,,,
316300,766.4,0.000001,,,,,,,,
316400,766.6,0.000001,,,,,,,,
316500,766.8,0.000000,,,,,,,,
316600,767.0,0.000002,,,,,,,,
316700,767.2,0.000001,,,,,,,,
316800,767.4,0.000000,,,,,,,,
316900,767.7,0.000000,,,,,,,,
317000,767.9,0.000000,,,,,,,,
317100,768.1,0.000000,,,,,,,,
317200,768.3,0.000002,,,,,,,,
317300,768.5,0.000000,,,,,,,,
317400,768.8,0.000000,,,,,,,,
317500,769.0,0.000001,,,,,,,,
317600,769.2,0.000000,,,,,,,,
317700,769.4,0.000000,,,,,,,,
317800,769.6,0.000001,,,,,,,,
317900,769.9,0.000000,,,,,,,,
318000,770.1,0.000000,,,,,,,,
318100,770.3,0.000000,,,,,,,,
318200,770.5,0.000000,,,,,,,,
318300,770.7,0.000000,,,,,,,,
318400,770.9,0.000000,,,,,,,,
318500,771.1,0.000000,,,,,,,,
318600,771.3,0.000001,,,,,,,,
318700,771.5,0.000000,,,,,,,,
318800,771.7,0.000000,,,,,,,,
318900,771.9,0.000000,,,,,,,,
319000,772.2,0.000000,,,,,,,,
319100,772.4,0.000001,,,,,,,,
319200,772.6,0.000000,,,,,,,,
319300,772.8,0.000001,,,,,,,,
319400,773.0,0.000000,,,,,,,,
319500,773.2,0.000000,,,,,,,,
319600,773.5,0.000001,,,,,,,,
319700,773.7,0.000000,,,,,,,,
319800,773.9,0.000000,,,,,,,,
319900,774.1,0.000000,,,,,,,,
320000,775.6,0.000000,0.000000,5.213995e-02,2.178830e-03,1.855599e-03,0.000000,3.333689e-02,2.176476e-03,1.887755e-03
320100,775.8,0.000000,,,,,,,,
320200,776.0,0.000001,,,,,,,,
320300,776.2,0.000000,,,,,,,,
320400,776.4,0.000001,,,,,,,,
320500,776.6,0.000002,,,,,,,,
320600,776.8,0.000000,,,,,,,,
320700,777.0,0.000000,,,,,,,,
320800,777.2,0.000000,,,,,,,,
320900,777.4,0.000001,,,,,,,,
321000,777.6,0.000000,,,,,,,,
321100,777.9,0.000001,,,,,,,,
321200,778.1,0.000000,,,,,,,,
321300,778.3,0.000000,,,,,,,,
321400,778.5,0.000000,,,,,,,,
321500,778.7,0.000000,,,,,,,,
321600,778.9,0.000000,,,,,,,,
321700,779.2,0.000000,,,,,,,,
321800,779.4,0.000000,,,,,,,,
321900,779.6,0.000001,,,,,,,,
322000,779.8,0.000000,,,,,,,,
322100,780.0,0.000000,,,,,,,,
322200,780.2,0.000000,,,,,,,,
322300,780.4,0.000000,,,,,,,,
322400,780.7,0.000001,,,,,,,,
322500,780.9,0.000000,,,,,,,,
322600,781.1,0.000000,,,,,,,,
322700,781.3,0.000000,,,,,,,,
322800,781.5,0.000000,,,,,,,,
322900,781.7,0.000000,,,,,,,,
323000,782.0,0.000001,,,,,,,,
323100,782.2,0.000000,,,,,,,,
323200,782.4,0.000000,,,,,,,,
323300,782.6,0.000000,,,,,,,,
323400,782.8,0.000000,,,,,,,,
323500,783.0,0.000001,,,,,,,,
323600,783.2,0.000001,,,,,,,,
323700,783.5,0.000000,,,,,,,,
323800,783.7,0.000001,,,,,,,,
323900,783.9,0.000001,,,,,,,,
324000,784.1,0.000001,,,,,,,,
324100,784.3,0.000001,,,,,,,,
324200,784.6,0.000000,,,,,,,,
324300,784.8,0.000000,,,,,,,,
324400,785.0,0.000001,,,,,,,,
324500,785.2,0.000000,,,,,,,,
324600,785.4,0.000000,,,,,,,,
324700,785.6,0.000000,,,,,,,,
324800,785.8,0.000000,,,,,,,,
324900,786.1,0.000000,,,,,,,,
325000,787.6,0.000000,0.000000,3.935350e-02,1.546340e-03,1.263537e-03,0.000000,2.701760e-02,1.522739e-03,1.270754e-03
325100,787.8,0.000000,,,,,,,,
325200,788.0,0.000000,,,,,,,,
325300,788.2,0.000000,,,,,,,,
325400,788.4,0.000001,,,,,,,,
325500,788.6,0.000000,,,,,,,,
325600,788.8,0.000001,,,,,,,,
325700,789.0,0.000001,,,,,,,,
325800,789.2,0.000000,,,,,,,,
325900,789.4,0.000000,,,,,,,,
326000,789.6,0.000001,,,,,,,,
326100,789.8,0.000000,,,,,,,,
326200,790.0,0.000000,,,,,,,,
326300,790.2,0.000001,,,,,,,,
326400,790.5,0.000000,,,,,,,,
326500,790.7,0.000000,,,,,,,,
326600,790.9,0.000000,,,,,,,,
326700,791.1,0.000000,,,,,,,,
326800,791.4,0.000001,,,,,,,,
326900,791.6,0.000000,,,,,,,,
327000,791.9,0.000000,,,,,,,,
327100,792.1,0.000000,,,,,,,,
327200,792.4,0.000001,,,,,,,,
327300,792.7,0.000000,,,,,,,,
327400,793.0,0.000001,,,,,,,,
327500,793.3,0.000000,,,,,,,,
327600,793.6,0.000000,,,,,,,,
327700,793.9,0.000000,,,,,,,,
327800,794.2,0.000000,,,,,,,,
327900,794.4,0.000000,,,,,,,,
328000,794.7,0.000000,,,,,,,,
328100,795.0,0.000000,,,,,,,,
328200,795.3,0.000000,,,,,,,,
328300,795.6,0.000000,,,,,,,,
328400,795.9,0.000000,,,,,,,,
328500,796.2,0.000000,,,,,,,,
328600,796.4,0.000000,,,,,,,,
328700,796.7,0.000000,,,,,,,,
328800,797.0,0.000000,,,,,,,,
328900,797.3,0.000000,,,,,,,,
329000,797.6,0.000000,,,,,,,,
329100,797.9,0.000001,,,,,,,,
329200,798.1,0.000000,,,,,,,,
329300,798.4,0.000000,,,,,,,,
329400,798.7,0.000000,,,,,,,,
329500,799.0,0.000000,,,,,,,,
329600,799.2,0.000000,,,,,,,,
329700,799.4,0.000001,,,,,,,,
329800,799.7,0.000000,,,,,,,,
329900,799.9,0.000000,,,,,,,,
330000,801.3,0.000000,0.000001,4.986639e-02,3.828815e-03,2.889061e-03,0.000000,4.986639e-02,3.855209e-03,2.963602e-03
330100,801.5,0.000001,,,,,,,,
330200,801.7,0.000000,,,,,,,,
330300,801.9,0.000000,,,,,,,,
330400,802.1,0.000001,,,,,,,,
330500,802.3,0.000001,,,,,,,,
330600,802.6,0.000000,,,,,,,,
330700,802.8,0.000000,,,,,,,,
330800,803.0,0.000000,,,,,,,,
330900,803.2,0.000000,,,,,,,,
331000,803.4,0.000000,,,,,,,,
331100,803.6,0.000000,,,,,,,,
331200,803.8,0.000001,,,,,,,,
331300,804.0,0.000000,,,,,,,,
331400,804.3,0.000001,,,,,,,,
331500,804.5,0.000000,,,,,,,,
331600,804.7,0.000000,,,,,,,,
331700,804.9,0.000000,,,,,,,,
331800,805.1,0.000000,,,,,,,,
331900,805.3,0.000000,,,,,,,,
332000,805.5,0.000001,,,,,,,,
332100,805.7,0.000000,,,,,,,,
332200,805.9,0.000000,,,,,,,,
332300,806.1,0.000001,,,,,,,,
332400,806.3,0.000000,,,,,,,,
332500,806.6,0.000000,,,,,,,,
332600,806.8,0.000000,,,,,,,,
332700,807.0,0.000000,,,,,,,,
332800,807.2,0.000000,,,,,,,,
332900,807.4,0.000000,,,,,,,,
333000,807.6,0.000000,,,,,,,,
333100,807.8,0.000000,,,,,,,,
333200,808.1,0.000001,,,,,,,,
333300,808.3,0.000000,,,,,,,,
333400,808.5,0.000000,,,,,,,,
333500,808.7,0.000000,,,,,,,,
333600,808.9,0.000000,,,,,,,,
333700,809.1,0.000001,,,,,,,,
333800,809.4,0.000000,,,,,,,,
333900,809.6,0.000000,,,,,,,,
334000,809.8,0.000001,,,,,,,,
334100,810.0,0.000001,,,,,,,,
334200,810.2,0.000000,,,,,,,,
334300,810.4,0.000000,,,,,,,,
334400,810.6,0.000001,,,,,,,,
334500,810.8,0.000000,,,,,,,,
334600,811.0,0.000000,,,,,,,,
334700,811.2,0.000000,,,,,,,,
334800,811.5,0.000001,,,,,,,,
334900,811.7,0.000000,,,,,,,,
335000,813.1,0.000000,0.000001,4.032845e-02,3.944309e-03,3.560645e-03,0.000000,1.737286e-02,3.940540e-03,3.574615e-03
335100,813.3,0.000000,,,,,,,,
335200,813.5,0.000001,,,,,,,,
335300,813.7,0.000000,,,,,,,,
335400,813.9,0.000000,,,,,,,,
335500,814.2,0.000000,,,,,,,,
335600,814.4,0.000000,,,,,,,,
335700,814.6,0.000001,,,,,,,,
335800,814.8,0.000000,,,,,,,,
335900,815.0,0.000000,,,,,,,,
336000,815.2,0.000001,,,,,,,,
336100,815.5,0.000000,,,,,,,,
336200,815.7,0.000000,,,,,,,,
336300,815.9,0.000000,,,,,,,,
336400,816.1,0.000000,,,,,,,,
336500,816.3,0.000000,,,,,,,,
336600,816.5,0.000000,,,,,,,,
336700,816.7,0.000000,,,,,,,,
336800,817.0,0.000000,,,,,,,,
336900,817.2,0.000001,,,,,,,,
337000,817.4,0.000000,,,,,,,,
337100,817.6,0.000001,,,,,,,,
337200,817.8,0.000000,,,,,,,,
337300,818.0,0.000001,,,,,,,,
337400,818.2,0.000000,,,,,,,,
337500,818.5,0.000000,,,,,,,,
337600,818.7,0.000001,,,,,,,,
337700,818.9,0.000000,,,,,,,,
337800,819.1,0.000000,,,,,,,,
337900,819.3,0.000000,,,,,,,,
338000,819.5,0.000000,,,,,,,,
338100,819.8,0.000000,,,,,,,,
338200,820.0,0.000001,,,,,,,,
338300,820.2,0.000001,,,,,,,,
338400,820.4,0.000001,,,,,,,,
338500,820.6,0.000000,,,,,,,,
338600,820.8,0.000000,,,,,,,,
338700,821.1,0.000000,,,,,,,,
338800,821.3,0.000000,,,,,,,,
338900,821.5,0.000000,,,,,,,,
339000,821.7,0.000001,,,,,,,,
339100,821.9,0.000000,,,,,,,,
339200,822.1,0.000000,,,,,,,,
339300,822.3,0.000001,,,,,,,,
339400,822.6,0.000001,,,,,,,,
339500,822.8,0.000000,,,,,,,,
339600,823.0,0.000001,,,,,,,,
339700,823.2,0.000000,,,,,,,,
339800,823.4,0.000000,,,,,,,,
339900,823.6,0.000000,,,,,,,,
340000,825.1,0.000000,0.000000,3.870697e-02,1.846022e-03,1.432020e-03,0.000000,2.942968e-02,1.859723e-03,1.455631e-03
340100,825.3,0.000000,,,,,,,,
340200,825.5,0.000000,,,,,,,,
340300,825.7,0.000001,,,,,,,,
340400,825.9,0.000000,,,,,,,,
340500,826.1,0.000000,,,,,,,,
340600,826.3,0.000000,,,,,,,,
340700,826.5,0.000000,,,,,,,,
340800,826.7,0.000000,,,,,,,,
340900,827.0,0.000000,,,,,,,,
341000,827.2,0.000000,,,,,,,,
341100,827.4,0.000001,,,,,,,,
341200,827.6,0.000000,,,,,,,,
341300,827.8,0.000001,,,,,,,,
341400,828.0,0.000001,,,,,,,,
341500,828.2,0.000002,,,,,,,,
341600,828.4,0.000000,,,,,,,,
341700,828.7,0.000000,,,,,,,,
341800,828.9,0.000000,,,,,,,,
341900,829.1,0.000000,,,,,,,,
342000,829.3,0.000001,,,,,,,,
342100,829.5,0.000000,,,,,,,,
342200,829.7,0.000000,,,,,,,,
342300,830.0,0.000001,,,,,,,,
342400,830.2,0.000000,,,,,,,,
342500,830.4,0.000000,,,,,,,,
342600,830.6,0.000001,,,,,,,,
342700,830.8,0.000000,,,,,,,,
342800,831.0,0.000000,,,,,,,,
342900,831.2,0.000000,,,,,,,,
343000,831.4,0.000000,,,,,,,,
343100,831.7,0.000000,,,,,,,,
343200,831.9,0.000001,,,,,,,,
343300,832.1,0.000000,,,,,,,,
343400,832.3,0.000001,,,,,,,,
343500,832.5,0.000001,,,,,,,,
343600,832.7,0.000000,,,,,,,,
343700,832.9,0.000000,,,,,,,,
343800,833.2,0.000000,,,,,,,,
343900,833.4,0.000000,,,,,,,,
344000,833.6,0.000000,,,,,,,,
344100,833.8,0.000001,,,,,,,,
344200,834.0,0.000001,,,,,,,,
344300,834.2,0.000000,,,,,,,,
344400,834.5,0.000001,,,,,,,,
344500,834.7,0.000000,,,,,,,,
344600,834.9,0.000000,,,,,,,,
344700,835.1,0.000000,,,,,,,,
344800,835.3,0.000000,,,,,,,,
344900,835.5,0.000000,,,,,,,,
345000,837.1,0.000001,0.000002,1.012171e-01,6.166983e-03,5.114565e-03,0.000000,5.043507e-02,6.116787e-03,5.150226e-03
345100,837.3,0.000000,,,,,,,,
345200,837.5,0.000000,,,,,,,,
345300,837.7,0.000000,,,,,,,,
345400,837.9,0.000000,,,,,,,,
345500,838.1,0.000000,,,,,,,,
345600,838.3,0.000000,,,,,,,,
345700,838.5,0.000001,,,,,,,,
345800,838.7,0.000000,,,,,,,,
345900,838.9,0.000001,,,,,,,,
346000,839.2,0.000000,,,,,,,,
346100,839.4,0.000002,,,,,,,,
346200,839.6,0.000000,,,,,,,,
346300,839.8,0.000000,,,,,,,,
346400,840.0,0.000000,,,,,,,,
346500,840.2,0.000000,,,,,,,,
346600,840.4,0.000000,,,,,,,,
346700,840.6,0.000002,,,,,,,,
346800,840.9,0.000001,,,,,,,,
346900,841.1,0.000000,,,,,,,,
347000,841.3,0.000000,,,,,,,,
347100,841.5,0.000001,,,,,,,,
347200,841.7,0.000001,,,,,,,,
347300,841.9,0.000001,,,,,,,,
347400,842.2,0.000001,,,,,,,,
347500,842.4,0.000000,,,,,,,,
347600,842.6,0.000001,,,,,,,,
347700,842.8,0.000000,,,,,,,,
347800,843.0,0.000000,,,,,,,,
347900,843.3,0.000000,,,,,,,,
348000,843.5,0.000000,,,,,,,,
348100,843.7,0.000000,,,,,,,,
348200,843.9,0.000000,,,,,,,,
348300,844.1,0.000000,,,,,,,,
348400,844.3,0.000000,,,,,,,,
348500,844.6,0.000000,,,,,,,,
348600,844.8,0.000000,,,,,,,,
348700,845.0,0.000000,,,,,,,,
348800,845.2,0.000000,,,,,,,,
348900,845.4,0.000000,,,,,,,,
349000,845.6,0.000000,,,,,,,,
349100,845.8,0.000001,,,,,,,,
349200,846.0,0.000000,,,,,,,,
349300,846.3,0.000000,,,,,,,,
349400,846.5,0.000001,,,,,,,,
349500,846.7,0.000000,,,,,,,,
349600,846.9,0.000000,,,,,,,,
349700,847.1,0.000000,,,,,,,,
349800,847.3,0.000000,,,,,,,,
349900,847.6,0.000000,,,,,,,,
350000,849.0,0.000001,0.000000,5.736698e-02,2.910961e-03,2.398848e-03,0.000000,5.108733e-02,2.870886e-03,2.396578e-03
350100,849.3,0.000000,,,,,,,,
350200,849.5,0.000000,,,,,,,,
350300,849.7,0.000000,,,,,,,,
350400,849.9,0.000001,,,,,,,,
350500,850.2,0.000000,,,,,,,,
350600,850.5,0.000001,,,,,,,,
350700,850.8,0.000000,,,,,,,,
350800,851.1,0.000000,,,,,,,,
350900,851.3,0.000000,,,,,,,,
351000,851.6,0.000001,,,,,,,,
351100,851.9,0.000000,,,,,,,,
351200,852.2,0.000000,,,,,,,,
351300,852.5,0.000000,,,,,,,,
351400,852.8,0.000000,,,,,,,,
351500,853.1,0.000000,,,,,,,,
351600,853.4,0.000000,,,,,,,,
351700,853.7,0.000000,,,,,,,,
351800,854.0,0.000000,,,,,,,,
351900,854.2,0.000000,,,,,,,,
352000,854.5,0.000000,,,,,,,,
352100,854.8,0.000002,,,,,,,,
352200,855.1,0.000001,,,,,,,,
352300,855.4,0.000000,,,,,,,,
352400,855.6,0.000000,,,,,,,,
352500,855.9,0.000000,,,,,,,,
352600,856.3,0.000000,,,,,,,,
352700,856.6,0.000001,,,,,,,,
352800,856.9,0.000000,,,,,,,,
352900,857.2,0.000000,,,,,,,,
353000,857.4,0.000001,,,,,,,,
353100,857.7,0.000001,,,,,,,,
353200,857.9,0.000000,,,,,,,,
353300,858.1,0.000000,,,,,,,,
353400,858.3,0.000000,,,,,,,,
353500,858.5,0.000000,,,,,,,,
353600,858.7,0.000000,,,,,,,,
353700,858.9,0.000000,,,,,,,,
353800,859.2,0.000001,,,,,,,,
353900,859.4,0.000000,,,,,,,,
354000,859.6,0.000000,,,,,,,,
354100,859.8,0.000000,,,,,,,,
354200,860.0,0.000000,,,,,,,,
354300,860.2,0.000000,,,,,,,,
354400,860.4,0.000000,,,,,,,,
354500,860.6,0.000001,,,,,,,,
354600,860.9,0.000000,,,,,,,,
354700,861.1,0.000001,,,,,,,,
354800,861.3,0.000001,,,,,,,,
354900,861.5,0.000000,,,,,,,,
355000,863.0,0.000000,0.000000,3.818627e-02,2.793719e-03,2.488748e-03,0.000000,3.682781e-02,2.801456e-03,2.511654e-03
355100,863.2,0.000000,,,,,,,,
355200,863.4,0.000000,,,,,,,,
355300,863.6,0.000001,,,,,,,,
355400,863.8,0.000000,,,,,,,,
355500,864.1,0.000000,,,,,,,,
355600,864.3,0.000001,,,,,,,,
355700,864.5,0.000000,,,,,,,,
355800,864.7,0.000000,,,,,,,,
355900,864.9,0.000000,,,,,,,,
356000,865.1,0.000000,,,,,,,,
356100,865.4,0.000000,,,,,,,,
356200,865.6,0.000000,,,,,,,,
356300,865.8,0.000000,,,,,,,,
356400,866.0,0.000000,,,,,,,,
356500,866.2,0.000000,,,,,,,,
356600,866.4,0.000000,,,,,,,,
356700,866.7,0.000000,,,,,,,,
356800,866.9,0.000000,,,,,,,,
356900,867.1,0.000000,,,,,,,,
357000,867.3,0.000000,,,,,,,,
357100,867.5,0.000000,,,,,,,,
357200,867.7,0.000000,,,,,,,,
357300,868.0,0.000001,,,,,,,,
357400,868.2,0.000000,,,,,,,,
357500,868.4,0.000001,,,,,,,,
357600,868.6,0.000000,,,,,,,,
357700,868.8,0.000000,,,,,,,,
357800,869.0,0.000000,,,,,,,,
357900,869.3,0.000000,,,,,,,,
358000,869.5,0.000001,,,,,,,,
358100,869.7,0.000000,,,,,,,,
358200,869.9,0.000000,,,,,,,,
358300,870.1,0.000001,,,,,,,,
358400,870.3,0.000000,,,,,,,,
358500,870.5,0.000000,,,,,,,,
358600,870.7,0.000001,,,,,,,,
358700,871.0,0.000000,,,,,,,,
358800,871.2,0.000000,,,,,,,,
358900,871.4,0.000000,,,,,,,,
359000,871.6,0.000000,,,,,,,,
359100,871.8,0.000000,,,,,,,,
359200,872.0,0.000000,,,,,,,,
359300,872.3,0.000000,,,,,,,,
359400,872.5,0.000000,,,,,,,,
359500,872.7,0.000000,,,,,,,,
359600,872.9,0.000001,,,,,,,,
359700,873.1,0.000000,,,,,,,,
359800,873.3,0.000000,,,,,,,,
359900,873.6,0.000000,,,,,,,,
360000,875.0,0.000001,0.000000,9.002013e-02,3.022892e-03,2.544584e-03,0.000000,2.690397e-02,3.050672e-03,2.616244e-03
360100,875.3,0.000000,,,,,,,,
360200,875.5,0.000000,,,,,,,,
360300,875.6,0.000000,,,,,,,,
360400,875.8,0.000000,,,,,,,,
360500,876.0,0.000000,,,,,,,,
360600,876.2,0.000001,,,,,,,,
360700,876.5,0.000000,,,,,,,,
360800,876.7,0.000000,,,,,,,,
360900,876.9,0.000000,,,,,,,,
361000,877.1,0.000001,,,,,,,,
361100,877.3,0.000000,,,,,,,,
361200,877.6,0.000000,,,,,,,,
361300,877.8,0.000000,,,,,,,,
361400,878.0,0.000000,,,,,,,,
361500,878.2,0.000001,,,,,,,,
361600,878.4,0.000001,,,,,,,,
361700,878.6,0.000000,,,,,,,,
361800,878.9,0.000000,,,,,,,,
361900,879.1,0.000000,,,,,,,,
362000,879.3,0.000000,,,,,,,,
362100,879.5,0.000000,,,,,,,,
362200,879.7,0.000000,,,,,,,,
362300,879.9,0.000000,,,,,,,,
362400,880.2,0.000000,,,,,,,,
362500,880.4,0.000000,,,,,,,,
362600,880.6,0.000000,,,,,,,,
362700,880.8,0.000000,,,,,,,,
362800,881.0,0.000000,,,,,,,,
362900,881.2,0.000001,,,,,,,,
363000,881.5,0.000000,,,,,,,,
363100,881.7,0.000001,,,,,,,,
363200,881.9,0.000000,,,,,,,,
363300,882.1,0.000000,,,,,,,,
363400,882.3,0.000000,,,,,,,,
363500,882.5,0.000000,,,,,,,,
363600,882.8,0.000000,,,,,,,,
363700,883.0,0.000000,,,,,,,,
363800,883.2,0.000000,,,,,,,,
363900,883.4,0.000000,,,,,,,,
364000,883.6,0.000000,,,,,,,,
364100,883.8,0.000001,,,,,,,,
364200,884.0,0.000000,,,,,,,,
364300,884.3,0.000001,,,,,,,,
364400,884.5,0.000000,,,,,,,,
364500,884.7,0.000000,,,,,,,,
364600,884.9,0.000000,,,,,,,,
364700,885.1,0.000000,,,,,,,,
364800,885.3,0.000000,,,,,,,,
364900,885.6,0.000001,,,,,,,,
365000,887.0,0.000000,0.000001,8.979888e-02,3.482720e-03,3.182189e-03,0.000000,3.581193e-02,3.431060e-03,3.177777e-03
365100,887.2,0.000000,,,,,,,,
365200,887.4,0.000000,,,,,,,,
365300,887.6,0.000000,,,,,,,,
365400,887.8,0.000000,,,,,,,,
365500,888.0,0.000001,,,,,,,,
365600,888.2,0.000000,,,,,,,,
365700,888.4,0.000001,,,,,,,,
365800,888.6,0.000000,,,,,,,,
365900,888.8,0.000000,,,,,,,,
366000,889.0,0.000000,,,,,,,,
366100,889.3,0.000000,,,,,,,,
366200,889.5,0.000000,,,,,,,,
366300,889.7,0.000000,,,,,,,,
366400,889.9,0.000001,,,,,,,,
366500,890.2,0.000001,,,,,,,,
366600,890.4,0.000000,,,,,,,,
366700,890.6,0.000000,,,,,,,,
366800,890.9,0.000000,,,,,,,,
366900,891.2,0.000001,,,,,,,,
367000,891.5,0.000000,,,,,,,,
367100,891.8,0.000000,,,,,,,,
367200,892.1,0.000000,,,,,,,,
367300,892.4,0.000000,,,,,,,,
367400,892.7,0.000001,,,,,,,,
367500,893.0,0.000001,,,,,,,,
367600,893.2,0.000000,,,,,,,,
367700,893.5,0.000000,,,,,,,,
367800,893.8,0.000000,,,,,,,,
367900,894.1,0.000000,,,,,,,,
368000,894.4,0.000000,,,,,,,,
368100,894.7,0.000000,,,,,,,,
368200,895.0,0.000000,,,,,,,,
368300,895.2,0.000000,,,,,,,,
368400,895.5,0.000000,,,,,,,,
368500,895.8,0.000000,,,,,,,,
368600,896.1,0.000000,,,,,,,,
368700,896.4,0.000001,,,,,,,,
368800,896.7,0.000000,,,,,,,,
368900,896.9,0.000000,,,,,,,,
369000,897.2,0.000000,,,,,,,,
369100,897.5,0.000000,,,,,,,,
369200,897.8,0.000000,,,,,,,,
369300,898.0,0.000000,,,,,,,,
369400,898.3,0.000000,,,,,,,,
369500,898.5,0.000000,,,,,,,,
369600,898.7,0.000000,,,,,,,,
369700,898.9,0.000000,,,,,,,,
369800,899.1,0.000001,,,,,,,,
369900,899.4,0.000000,,,,,,,,
370000,900.8,0.000001,0.000000,3.642000e-02,3.291137e-03,2.604833e-03,0.000000,2.744819e-02,3.341301e-03,2.683371e-03
370100,901.0,0.000000,,,,,,,,
370200,901.2,0.000000,,,,,,,,
370300,901.4,0.000000,,,,,,,,
370400,901.6,0.000000,,,,,,,,
370500,901.8,0.000000,,,,,,,,
370600,902.0,0.000000,,,,,,,,
370700,902.2,0.000001,,,,,,,,
370800,902.4,0.000000,,,,,,,,
370900,902.7,0.000000,,,,,,,,
371000,902.9,0.000001,,,,,,,,
371100,903.1,0.000000,,,,,,,,
371200,903.3,0.000000,,,,,,,,
371300,903.5,0.000001,,,,,,,,
371400,903.7,0.000000,,,,,,,,
371500,903.9,0.000000,,,,,,,,
371600,904.2,0.000000,,,,,,,,
371700,904.4,0.000001,,,,,,,,
371800,904.6,0.000000,,,,,,,,
371900,904.8,0.000000,,,,,,,,
372000,905.0,0.000000,,,,,,,,
372100,905.2,0.000000,,,,,,,,
372200,905.4,0.000001,,,,,,,,
372300,905.7,0.000001,,,,,,,,
372400,905.9,0.000000,,,,,,,,
372500,906.1,0.000003,,,,,,,,
372600,906.3,0.000000,,,,,,,,
372700,906.5,0.000000,,,,,,,,
372800,906.8,0.000000,,,,,,,,
372900,907.0,0.000001,,,,,,,,
373000,907.2,0.000000,,,,,,,,
373100,907.4,0.000000,,,,,,,,
373200,907.6,0.000000,,,,,,,,
373300,907.8,0.000000,,,,,,,,
373400,908.1,0.000000,,,,,,,,
373500,908.3,0.000000,,,,,,,,
373600,908.5,0.000000,,,,,,,,
373700,908.7,0.000000,,,,,,,,
373800,908.9,0.000000,,,,,,,,
373900,909.1,0.000000,,,,,,,,
374000,909.4,0.000000,,,,,,,,
374100,909.6,0.000000,,,,,,,,
374200,909.8,0.000000,,,,,,,,
374300,910.0,0.000000,,,,,,,,
374400,910.2,0.000001,,,,,,,,
374500,910.4,0.000000,,,,,,,,
374600,910.7,0.000000,,,,,,,,
374700,910.9,0.000000,,,,,,,,
374800,911.1,0.000001,,,,,,,,
374900,911.3,0.000001,,,,,,,,
375000,912.8,0.000000,0.000000,5.408396e-02,2.804073e-03,2.402042e-03,0.000000,4.133482e-02,2.789029e-03,2.408294e-03
375100,913.0,0.000000,,,,,,,,
375200,913.2,0.000000,,,,,,,,
375300,913.4,0.000000,,,,,,,,
375400,913.6,0.000000,,,,,,,,
375500,913.8,0.000000,,,,,,,,
375600,914.0,0.000000,,,,,,,,
375700,914.2,0.000000,,,,,,,,
375800,914.4,0.000000,,,,,,,,
375900,914.7,0.000000,,,,,,,,
376000,914.9,0.000000,,,,,,,,
376100,915.1,0.000000,,,,,,,,
376200,915.3,0.000001,,,,,,,,
376300,915.5,0.000000,,,,,,,,
376400,915.7,0.000000,,,,,,,,
376500,915.9,0.000000,,,,,,,,
376600,916.2,0.000000,,,,,,,,
376700,916.4,0.000000,,,,,,,,
376800,916.6,0.000001,,,,,,,,
376900,916.8,0.000000,,,,,,,,
377000,917.0,0.000000,,,,,,,,
377100,917.2,0.000000,,,,,,,,
377200,917.4,0.000000,,,,,,,,
377300,917.7,0.000000,,,,,,,,
377400,917.9,0.000000,,,,,,,,
377500,918.1,0.000000,,,,,,,,
377600,918.3,0.000001,,,,,,,,
377700,918.5,0.000000,,,,,,,,
377800,918.7,0.000000,,,,,,,,
377900,919.0,0.000000,,,,,,,,
378000,919.2,0.000001,,,,,,,,
378100,919.4,0.000000,,,,,,,,
378200,919.6,0.000000,,,,,,,,
378300,919.8,0.000000,,,,,,,,
378400,920.0,0.000000,,,,,,,,
378500,920.2,0.000000,,,,,,,,
378600,920.5,0.000000,,,,,,,,
378700,920.7,0.000000,,,,,,,,
378800,920.9,0.000000,,,,,,,,
378900,921.1,0.000001,,,,,,,,
379000,921.3,0.000000,,,,,,,,
379100,921.5,0.000000,,,,,,,,
379200,921.7,0.000000,,,,,,,,
379300,922.0,0.000001,,,,,,,,
379400,922.2,0.000000,,,,,,,,
379500,922.4,0.000001,,,,,,,,
379600,922.6,0.000000,,,,,,,,
379700,922.8,0.000000,,,,,,,,
379800,923.0,0.000000,,,,,,,,
379900,923.2,0.000000,,,,,,,,
380000,924.7,0.000000,0.000000,4.710765e-02,1.636079e-03,1.339894e-03,0.000000,3.643776e-02,1.605595e-03,1.333294e-03
380100,924.9,0.000001,,,,,,,,
380200,925.1,0.000000,,,,,,,,
380300,925.3,0.000000,,,,,,,,
380400,925.5,0.000000,,,,,,,,
380500,925.7,0.000000,,,,,,,,
380600,925.9,0.000001,,,,,,,,
380700,926.1,0.000000,,,,,,,,
380800,926.3,0.000000,,,,,,,,
380900,926.5,0.000000,,,,,,,,
381000,926.8,0.000000,,,,,,,,
381100,927.0,0.000000,,,,,,,,
381200,927.2,0.000001,,,,,,,,
381300,927.4,0.000000,,,,,,,,
381400,927.6,0.000000,,,,,,,,
381500,927.8,0.000000,,,,,,,,
381600,928.1,0.000000,,,,,,,,
381700,928.3,0.000000,,,,,,,,
381800,928.5,0.000000,,,,,,,,
381900,928.7,0.000000,,,,,,,,
382000,928.9,0.000000,,,,,,,,
382100,929.1,0.000000,,,,,,,,
382200,929.4,0.000000,,,,,,,,
382300,929.6,0.000001,,,,,,,,
382400,929.8,0.000000,,,,,,,,
382500,930.0,0.000000,,,,,,,,
382600,930.3,0.000000,,,,,,,,
382700,930.5,0.000000,,,,,,,,
382800,930.7,0.000000,,,,,,,,
382900,930.9,0.000000,,,,,,,,
383000,931.1,0.000000,,,,,,,,
383100,931.4,0.000000,,,,,,,,
383200,931.6,0.000000,,,,,,,,
383300,931.8,0.000000,,,,,,,,
383400,932.0,0.000000,,,,,,,,
383500,932.2,0.000000,,,,,,,,
383600,932.5,0.000000,,,,,,,,
383700,932.7,0.000001,,,,,,,,
383800,932.9,0.000000,,,,,,,,
383900,933.1,0.000000,,,,,,,,
384000,933.3,0.000000,,,,,,,,
384100,933.5,0.000000,,,,,,,,
384200,933.7,0.000000,,,,,,,,
384300,934.0,0.000000,,,,,,,,
384400,934.2,0.000000,,,,,,,,
384500,934.4,0.000000,,,,,,,,
384600,934.6,0.000000,,,,,,,,
384700,934.8,0.000000,,,,,,,,
384800,935.0,0.000000,,,,,,,,
384900,935.3,0.000001,,,,,,,,
385000,936.7,0.000000,0.000000,5.488629e-02,2.202774e-03,1.698682e-03,0.000000,1.790860e-02,2.105380e-03,1.689268e-03
385100,936.9,0.000000,,,,,,,,
385200,937.1,0.000000,,,,,,,,
385300,937.3,0.000000,,,,,,,,
385400,937.5,0.000000,,,,,,,,
385500,937.7,0.000000,,,,,,,,
385600,937.9,0.000000,,,,,,,,
385700,938.1,0.000000,,,,,,,,
385800,938.3,0.000000,,,,,,,,
385900,938.6,0.000000,,,,,,,,
386000,938.8,0.000000,,,,,,,,
386100,939.0,0.000001,,,,,,,,
386200,939.2,0.000000,,,,,,,,
386300,939.5,0.000000,,,,,,,,
386400,939.7,0.000000,,,,,,,,
386500,939.9,0.000000,,,,,,,,
386600,940.1,0.000000,,,,,,,,
386700,940.3,0.000000,,,,,,,,
386800,940.5,0.000000,,,,,,,,
386900,940.8,0.000000,,,,,,,,
387000,941.0,0.000000,,,,,,,,
387100,941.2,0.000000,,,,,,,,
387200,941.4,0.000000,,,,,,,,
387300,941.6,0.000000,,,,,,,,
387400,941.8,0.000001,,,,,,,,
387500,942.0,0.000000,,,,,,,,
387600,942.2,0.000001,,,,,,,,
387700,942.4,0.000001,,,,,,,,
387800,942.7,0.000000,,,,,,,,
387900,942.9,0.000000,,,,,,,,
388000,943.1,0.000001,,,,,,,,
388100,943.3,0.000001,,,,,,,,
388200,943.5,0.000000,,,,,,,,
388300,943.8,0.000001,,,,,,,,
388400,944.0,0.000001,,,,,,,,
388500,944.2,0.000000,,,,,,,,
388600,944.4,0.000000,,,,,,,,
388700,944.6,0.000000,,,,,,,,
388800,944.8,0.000000,,,,,,,,
388900,945.0,0.000001,,,,,,,,
389000,945.3,0.000001,,,,,,,,
389100,945.5,0.000000,,,,,,,,
389200,945.7,0.000000,,,,,,,,
389300,945.9,0.000000,,,,,,,,
389400,946.1,0.000000,,,,,,,,
389500,946.3,0.000000,,,,,,,,
389600,946.5,0.000001,,,,,,,,
389700,946.8,0.000001,,,,,,,,
389800,947.0,0.000000,,,,,,,,
389900,947.2,0.000001,,,,,,,,
390000,948.6,0.000000,0.000000,5.344795e-02,1.938968e-03,1.519483e-03,0.000000,3.051139e-02,1.891485e-03,1.502950e-03
390100,948.9,0.000001,,,,,,,,
390200,949.1,0.000000,,,,,,,,
390300,949.3,0.000000,,,,,,,,
390400,949.5,0.000000,,,,,,,,
390500,949.7,0.000000,,,,,,,,
390600,949.9,0.000000,,,,,,,,
390700,950.1,0.000000,,,,,,,,
390800,950.3,0.000000,,,,,,,,
390900,950.5,0.000000,,,,,,,,
391000,950.8,0.000000,,,,,,,,
391100,951.0,0.000001,,,,,,,,
391200,951.2,0.000000,,,,,,,,
391300,951.4,0.000000,,,,,,,,
391400,951.6,0.000000,,,,,,,,
391500,951.8,0.000001,,,,,,,,
391600,952.1,0.000000,,,,,,,,
391700,952.3,0.000001,,,,,,,,
391800,952.5,0.000000,,,,,,,,
391900,952.7,0.000000,,,,,,,,
392000,952.9,0.000000,,,,,,,,
392100,953.1,0.000000,,,,,,,,
392200,953.4,0.000000,,,,,,,,
392300,953.6,0.000000,,,,,,,,
392400,953.8,0.000000,,,,,,,,
392500,954.0,0.000000,,,,,,,,
392600,954.2,0.000000,,,,,,,,
392700,954.5,0.000001,,,,,,,,
392800,954.7,0.000000,,,,,,,,
392900,954.9,0.000001,,,,,,,,
393000,955.1,0.000000,,,,,,,,
393100,955.3,0.000000,,,,,,,,
393200,955.6,0.000001,,,,,,,,
393300,955.8,0.000000,,,,,,,,
393400,956.0,0.000001,,,,,,,,
393500,956.2,0.000000,,,,,,,,
393600,956.4,0.000000,,,,,,,,
393700,956.7,0.000000,,,,,,,,
393800,956.9,0.000001,,,,,,,,
393900,957.1,0.000000,,,,,,,,
394000,957.3,0.000000,,,,,,,,
394100,957.5,0.000000,,,,,,,,
394200,957.8,0.000000,,,,,,,,
394300,958.0,0.000000,,,,,,,,
394400,958.2,0.000000,,,,,,,,
394500,958.4,0.000000,,,,,,,,
394600,958.6,0.000000,,,,,,,,
394700,958.9,0.000000,,,,,,,,
394800,959.1,0.000000,,,,,,,,
394900,959.3,0.000000,,,,,,,,
395000,960.7,0.000000,0.000000,4.373205e-02,2.918087e-03,2.554203e-03,0.000000,4.007698e-02,2.919108e-03,2.582869e-03
395100,960.9,0.000000,,,,,,,,
395200,961.1,0.000000,,,,,,,,
395300,961.3,0.000000,,,,,,,,
395400,961.5,0.000000,,,,,,,,
395500,961.7,0.000000,,,,,,,,
395600,961.9,0.000001,,,,,,,,
395700,962.1,0.000000,,,,,,,,
395800,962.3,0.000000,,,,,,,,
395900,962.6,0.000001,,,,,,,,
396000,962.8,0.000000,,,,,,,,
396100,963.0,0.000000,,,,,,,,
396200,963.2,0.000000,,,,,,,,
396300,963.4,0.000000,,,,,,,,
396400,963.7,0.000000,,,,,,,,
396500,963.9,0.000000,,,,,,,,
396600,964.1,0.000000,,,,,,,,
396700,964.3,0.000000,,,,,,,,
396800,964.5,0.000000,,,,,,,,
396900,964.7,0.000000,,,,,,,,
397000,965.0,0.000001,,,,,,,,
397100,965.2,0.000001,,,,,,,,
397200,965.4,0.000000,,,,,,,,
397300,965.6,0.000000,,,,,,,,
397400,965.8,0.000000,,,,,,,,
397500,966.0,0.000001,,,,,,,,
397600,966.3,0.000000,,,,,,,,
397700,966.5,0.000000,,,,,,,,
397800,966.7,0.000000,,,,,,,,
397900,966.9,0.000000,,,,,,,,
398000,967.1,0.000001,,,,,,,,
398100,967.4,0.000000,,,,,,,,
398200,967.6,0.000000,,,,,,,,
398300,967.8,0.000000,,,,,,,,
398400,968.0,0.000001,,,,,,,,
398500,968.2,0.000000,,,,,,,,
398600,968.4,0.000000,,,,,,,,
398700,968.6,0.000000,,,,,,,,
398800,968.8,0.000000,,,,,,,,
398900,969.0,0.000000,,,,,,,,
399000,969.2,0.000000,,,,,,,,
399100,969.4,0.000000,,,,,,,,
399200,969.6,0.000000,,,,,,,,
399300,969.8,0.000000,,,,,,,,
399400,970.1,0.000000,,,,,,,,
399500,970.3,0.000000,,,,,,,,
399600,970.5,0.000001,,,,,,,,
399700,970.7,0.000000,,,,,,,,
399800,970.9,0.000000,,,,,,,,
399900,971.1,0.000000,,,,,,,,
400000,972.6,0.000001,0.000000,3.543746e-02,3.375097e-03,3.104640e-03,0.000000,3.387690e-02,3.377280e-03,3.110034e-03
400100,972.8,0.000000,,,,,,,,
400200,973.0,0.000000,,,,,,,,
400300,973.2,0.000000,,,,,,,,
400400,973.4,0.000000,,,,,,,,
400500,973.6,0.000000,,,,,,,,
400600,973.9,0.000000,,,,,,,,
400700,974.1,0.000000,,,,,,,,
400800,974.3,0.000000,,,,,,,,
400900,974.5,0.000000,,,,,,,,
401000,974.8,0.000000,,,,,,,,
401100,975.0,0.000000,,,,,,,,
401200,975.2,0.000000,,,,,,,,
401300,975.4,0.000000,,,,,,,,
401400,975.6,0.000000,,,,,,,,
401500,975.8,0.000000,,,,,,,,
401600,976.1,0.000000,,,,,,,,
401700,976.3,0.000000,,,,,,,,
401800,976.5,0.000000,,,,,,,,
401900,976.7,0.000001,,,,,,,,
402000,976.9,0.000002,,,,,,,,
402100,977.2,0.000000,,,,,,,,
402200,977.4,0.000001,,,,,,,,
402300,977.6,0.000000,,,,,,,,
402400,977.8,0.000000,,,,,,,,
402500,978.0,0.000000,,,,,,,,
402600,978.2,0.000000,,,,,,,,
402700,978.5,0.000001,,,,,,,,
402800,978.7,0.000000,,,,,,,,
402900,978.9,0.000000,,,,,,,,
403000,979.1,0.000000,,,,,,,,
403100,979.3,0.000000,,,,,,,,
403200,979.5,0.000000,,,,,,,,
403300,979.8,0.000000,,,,,,,,
403400,980.0,0.000000,,,,,,,,
403500,980.2,0.000000,,,,,,,,
403600,980.4,0.000000,,,,,,,,
403700,980.6,0.000000,,,,,,,,
403800,980.9,0.000000,,,,,,,,
403900,981.1,0.000000,,,,,,,,
404000,981.3,0.000001,,,,,,,,
404100,981.5,0.000000,,,,,,,,
404200,981.7,0.000000,,,,,,,,
404300,982.0,0.000000,,,,,,,,
404400,982.2,0.000000,,,,,,,,
404500,982.4,0.000000,,,,,,,,
404600,982.6,0.000000,,,,,,,,
404700,982.8,0.000000,,,,,,,,
404800,983.0,0.000001,,,,,,,,
404900,983.3,0.000000,,,,,,,,
405000,984.7,0.000001,0.000000,4.667849e-02,2.686617e-03,2.279938e-03,0.000000,2.652709e-02,2.700795e-03,2.302921e-03
405100,984.9,0.000000,,,,,,,,
405200,985.1,0.000000,,,,,,,,
405300,985.3,0.000000,,,,,,,,
405400,985.5,0.000000,,,,,,,,
405500,985.7,0.000000,,,,,,,,
405600,985.9,0.000000,,,,,,,,
405700,986.1,0.000000,,,,,,,,
405800,986.3,0.000000,,,,,,,,
405900,986.5,0.000000,,,,,,,,
406000,986.7,0.000000,,,,,,,,
406100,986.9,0.000000,,,,,,,,
406200,987.1,0.000001,,,,,,,,
406300,987.4,0.000000,,,,,,,,
406400,987.6,0.000000,,,,,,,,
406500,987.8,0.000000,,,,,,,,
406600,988.0,0.000000,,,,,,,,
406700,988.2,0.000000,,,,,,,,
406800,988.5,0.000001,,,,,,,,
406900,988.7,0.000000,,,,,,,,
407000,988.9,0.000000,,,,,,,,
407100,989.1,0.000000,,,,,,,,
407200,989.4,0.000000,,,,,,,,
407300,989.6,0.000000,,,,,,,,
407400,989.8,0.000000,,,,,,,,
407500,990.0,0.000000,,,,,,,,
407600,990.2,0.000001,,,,,,,,
407700,990.4,0.000000,,,,,,,,
407800,990.7,0.000000,,,,,,,,
407900,990.9,0.000001,,,,,,,,
408000,991.1,0.000000,,,,,,,,
408100,991.3,0.000000,,,,,,,,
408200,991.5,0.000000,,,,,,,,
408300,991.7,0.000000,,,,,,,,
408400,991.9,0.000001,,,,,,,,
408500,992.2,0.000000,,,,,,,,
408600,992.4,0.000000,,,,,,,,
408700,992.6,0.000000,,,,,,,,
408800,992.8,0.000000,,,,,,,,
408900,993.0,0.000001,,,,,,,,
409000,993.2,0.000000,,,,,,,,
409100,993.5,0.000000,,,,,,,,
409200,993.7,0.000000,,,,,,,,
409300,993.9,0.000000,,,,,,,,
409400,994.1,0.000000,,,,,,,,
409500,994.3,0.000000,,,,,,,,
409600,994.5,0.000001,,,,,,,,
409700,994.7,0.000001,,,,,,,,
409800,994.9,0.000000,,,,,,,,
409900,995.2,0.000001,,,,,,,,
410000,996.6,0.000001,0.000001,3.367300e-02,3.976721e-03,3.721536e-03,0.000000,3.310890e-02,3.985056e-03,3.757321e-03
410100,996.8,0.000000,,,,,,,,
410200,997.0,0.000001,,,,,,,,
410300,997.2,0.000000,,,,,,,,
410400,997.4,0.000000,,,,,,,,
410500,997.6,0.000000,,,,,,,,
410600,997.9,0.000000,,,,,,,,
410700,998.1,0.000000,,,,,,,,
410800,998.3,0.000000,,,,,,,,
410900,998.5,0.000000,,,,,,,,
411000,998.7,0.000000,,,,,,,,
411100,998.9,0.000000,,,,,,,,
411200,999.1,0.000001,,,,,,,,
411300,999.3,0.000000,,,,,,,,
411400,999.5,0.000000,,,,,,,,
411500,999.8,0.000000,,,,,,,,
411600,1000.0,0.000000,,,,,,,,
411700,1000.2,0.000001,,,,,,,,
411800,1000.4,0.000000,,,,,,,,
411900,1000.6,0.000000,,,,,,,,
412000,1000.8,0.000000,,,,,,,,
412100,1001.1,0.000000,,,,,,,,
412200,1001.3,0.000000,,,,,,,,
412300,1001.5,0.000000,,,,,,,,
412400,1001.7,0.000000,,,,,,,,
412500,1001.9,0.000001,,,,,,,,
412600,1002.1,0.000000,,,,,,,,
412700,1002.4,0.000000,,,,,,,,
412800,1002.6,0.000000,,,,,,,,
412900,1002.8,0.000000,,,,,,,,
413000,1003.0,0.000000,,,,,,,,
413100,1003.2,0.000000,,,,,,,,
413200,1003.4,0.000000,,,,,,,,
413300,1003.7,0.000000,,,,,,,,
413400,1003.9,0.000000,,,,,,,,
413500,1004.1,0.000000,,,,,,,,
413600,1004.3,0.000000,,,,,,,,
413700,1004.5,0.000000,,,,,,,,
413800,1004.7,0.000000,,,,,,,,
413900,1004.9,0.000000,,,,,,,,
414000,1005.1,0.000000,,,,,,,,
414100,1005.4,0.000000,,,,,,,,
414200,1005.6,0.000000,,,,,,,,
414300,1005.8,0.000000,,,,,,,,
414400,1006.0,0.000001,,,,,,,,
414500,1006.2,0.000000,,,,,,,,
414600,1006.4,0.000001,,,,,,,,
414700,1006.7,0.000000,,,,,,,,
414800,1006.9,0.000000,,,,,,,,
414900,1007.1,0.000000,,,,,,,,
415000,1008.5,0.000001,0.000000,1.059429e-01,3.012411e-03,2.563194e-03,0.000000,1.474076e-02,3.099315e-03,2.702746e-03
415100,1008.8,0.000000,,,,,,,,
415200,1009.0,0.000001,,,,,,,,
415300,1009.2,0.000000,,,,,,,,
415400,1009.4,0.000000,,,,,,,,
415500,1009.6,0.000000,,,,,,,,
415600,1009.8,0.000000,,,,,,,,
415700,1010.0,0.000000,,,,,,,,
415800,1010.2,0.000000,,,,,,,,
415900,1010.4,0.000001,,,,,,,,
416000,1010.6,0.000000,,,,,,,,
416100,1010.8,0.000000,,,,,,,,
416200,1011.1,0.000000,,,,,,,,
416300,1011.3,0.000000,,,,,,,,
416400,1011.5,0.000000,,,,,,,,
416500,1011.7,0.000000,,,,,,,,
416600,1011.9,0.000000,,,,,,,,
416700,1012.1,0.000000,,,,,,,,
416800,1012.4,0.000000,,,,,,,,
416900,1012.6,0.000001,,,,,,,,
417000,1012.8,0.000002,,,,,,,,
417100,1013.0,0.000000,,,,,,,,
417200,1013.2,0.000000,,,,,,,,
417300,1013.4,0.000000,,,,,,,,
417400,1013.6,0.000001,,,,,,,,
417500,1013.9,0.000000,,,,,,,,
417600,1014.1,0.000000,,,,,,,,
417700,1014.3,0.000000,,,,,,,,
417800,1014.5,0.000000,,,,,,,,
417900,1014.7,0.000000,,,,,,,,
418000,1014.9,0.000000,,,,,,,,
418100,1015.2,0.000000,,,,,,,,
418200,1015.4,0.000000,,,,,,,,
418300,1015.6,0.000000,,,,,,,,
418400,1015.8,0.000000,,,,,,,,
418500,1016.0,0.000000,,,,,,,,
418600,1016.3,0.000000,,,,,,,,
418700,1016.5,0.000000,,,,,,,,
418800,1016.7,0.000000,,,,,,,,
418900,1016.9,0.000000,,,,,,,,
419000,1017.1,0.000000,,,,,,,,
419100,1017.3,0.000000,,,,,,,,
419200,1017.5,0.000000,,,,,,,,
419300,1017.8,0.000000,,,,,,,,
419400,1018.0,0.000000,,,,,,,,
419500,1018.2,0.000000,,,,,,,,
419600,1018.4,0.000000,,,,,,,,
419700,1018.6,0.000000,,,,,,,,
419800,1018.8,0.000000,,,,,,,,
419900,1019.0,0.000000,,,,,,,,
420000,1020.5,0.000000,0.000001,6.274187e-02,3.583042e-03,3.004071e-03,0.000000,4.502798e-02,3.636097e-03,3.085647e-03
420100,1020.7,0.000000,,,,,,,,
420200,1020.9,0.000001,,,,,,,,
420300,1021.1,0.000000,,,,,,,,
420400,1021.3,0.000001,,,,,,,,
420500,1021.5,0.000000,,,,,,,,
420600,1021.7,0.000000,,,,,,,,
420700,1021.9,0.000000,,,,,,,,
420800,1022.1,0.000000,,,,,,,,
420900,1022.4,0.000001,,,,,,,,
421000,1022.6,0.000000,,,,,,,,
421100,1022.8,0.000000,,,,,,,,
421200,1023.0,0.000000,,,,,,,,
421300,1023.2,0.000000,,,,,,,,
421400,1023.4,0.000001,,,,,,,,
421500,1023.6,0.000000,,,,,,,,
421600,1023.8,0.000000,,,,,,,,
421700,1024.0,0.000000,,,,,,,,
421800,1024.2,0.000000,,,,,,,,
421900,1024.5,0.000001,,,,,,,,
422000,1024.7,0.000000,,,,,,,,
422100,1024.9,0.000000,,,,,,,,
422200,1025.1,0.000000,,,,,,,,
422300,1025.3,0.000000,,,,,,,,
422400,1025.5,0.000000,,,,,,,,
422500,1025.8,0.000000,,,,,,,,
422600,1026.0,0.000000,,,,,,,,
422700,1026.2,0.000000,,,,,,,,
422800,1026.4,0.000000,,,,,,,,
422900,1026.7,0.000000,,,,,,,,
423000,1026.9,0.000000,,,,,,,,
423100,1027.1,0.000000,,,,,,,,
423200,1027.3,0.000000,,,,,,,,
423300,1027.5,0.000000,,,,,,,,
423400,1027.7,0.000000,,,,,,,,
423500,1027.9,0.000001,,,,,,,,
423600,1028.2,0.000000,,,,,,,,
423700,1028.4,0.000000,,,,,,,,
423800,1028.6,0.000000,,,,,,,,
423900,1028.8,0.000001,,,,,,,,
424000,1029.0,0.000000,,,,,,,,
424100,1029.2,0.000000,,,,,,,,
424200,1029.4,0.000000,,,,,,,,
424300,1029.7,0.000000,,,,,,,,
424400,1029.9,0.000000,,,,,,,,
424500,1030.1,0.000001,,,,,,,,
424600,1030.3,0.000000,,,,,,,,
424700,1030.5,0.000000,,,,,,,,
424800,1030.7,0.000000,,,,,,,,
424900,1030.9,0.000000,,,,,,,,
425000,1032.4,0.000001,0.000000,5.717027e-02,2.486886e-03,1.863037e-03,0.000000,5.183149e-02,2.436529e-03,1.844709e-03
425100,1032.6,0.000000,,,,,,,,
425200,1032.8,0.000000,,,,,,,,
425300,1033.0,0.000000,,,,,,,,
425400,1033.2,0.000000,,,,,,,,
425500,1033.4,0.000000,,,,,,,,
425600,1033.6,0.000000,,,,,,,,
425700,1033.8,0.000001,,,,,,,,
425800,1034.0,0.000000,,,,,,,,
425900,1034.2,0.000000,,,,,,,,
426000,1034.5,0.000001,,,,,,,,
426100,1034.7,0.000000,,,,,,,,
426200,1034.9,0.000000,,,,,,,,
426300,1035.1,0.000000,,,,,,,,
426400,1035.3,0.000000,,,,,,,,
426500,1035.5,0.000000,,,,,,,,
426600,1035.7,0.000000,,,,,,,,
426700,1035.9,0.000000,,,,,,,,
426800,1036.2,0.000000,,,,,,,,
426900,1036.4,0.000000,,,,,,,,
427000,1036.6,0.000000,,,,,,,,
427100,1036.8,0.000002,,,,,,,,
427200,1037.0,0.000000,,,,,,,,
427300,1037.3,0.000001,,,,,,,,
427400,1037.5,0.000000,,,,,,,,
427500,1037.7,0.000000,,,,,,,,
427600,1037.9,0.000000,,,,,,,,
427700,1038.1,0.000000,,,,,,,,
427800,1038.3,0.000000,,,,,,,,
427900,1038.5,0.000000,,,,,,,,
428000,1038.7,0.000000,,,,,,,,
428100,1039.0,0.000000,,,,,,,,
428200,1039.2,0.000000,,,,,,,,
428300,1039.4,0.000000,,,,,,,,
428400,1039.6,0.000001,,,,,,,,
428500,1039.8,0.000000,,,,,,,,
428600,1040.0,0.000000,,,,,,,,
428700,1040.3,0.000000,,,,,,,,
428800,1040.5,0.000000,,,,,,,,
428900,1040.7,0.000000,,,,,,,,
429000,1040.9,0.000000,,,,,,,,
429100,1041.1,0.000000,,,,,,,,
429200,1041.4,0.000000,,,,,,,,
429300,1041.6,0.000000,,,,,,,,
429400,1041.8,0.000000,,,,,,,,
429500,1042.0,0.000000,,,,,,,,
429600,1042.2,0.000000,,,,,,,,
429700,1042.4,0.000000,,,,,,,,
429800,1042.7,0.000000,,,,,,,,
429900,1042.9,0.000000,,,,,,,,
430000,1044.4,0.000000,0.000000,3.562827e-02,3.581907e-03,3.507841e-03,0.000000,1.786233e-02,3.624058e-03,3.577624e-03
430100,1044.6,0.000000,,,,,,,,
430200,1044.8,0.000000,,,,,,,,
430300,1045.0,0.000000,,,,,,,,
430400,1045.2,0.000000,,,,,,,,
430500,1045.4,0.000000,,,,,,,,
430600,1045.6,0.000000,,,,,,,,
430700,1045.8,0.000000,,,,,,,,
430800,1046.0,0.000000,,,,,,,,
430900,1046.2,0.000001,,,,,,,,
431000,1046.5,0.000000,,,,,,,,
431100,1046.7,0.000000,,,,,,,,
431200,1046.9,0.000000,,,,,,,,
431300,1047.1,0.000001,,,,,,,,
431400,1047.3,0.000000,,,,,,,,
431500,1047.5,0.000000,,,,,,,,
431600,1047.8,0.000000,,,,,,,,
431700,1048.0,0.000000,,,,,,,,
431800,1048.2,0.000000,,,,,,,,
431900,1048.4,0.000000,,,,,,,,
432000,1048.6,0.000000,,,,,,,,
432100,1048.8,0.000000,,,,,,,,
432200,1049.0,0.000000,,,,,,,,
432300,1049.3,0.000000,,,,,,,,
432400,1049.5,0.000000,,,,,,,,
432500,1049.7,0.000000,,,,,,,,
432600,1049.9,0.000000,,,,,,,,
432700,1050.1,0.000000,,,,,,,,
432800,1050.3,0.000000,,,,,,,,
432900,1050.5,0.000000,,,,,,,,
433000,1050.7,0.000000,,,,,,,,
433100,1050.9,0.000000,,,,,,,,
433200,1051.1,0.000000,,,,,,,,
433300,1051.4,0.000000,,,,,,,,
433400,1051.6,0.000001,,,,,,,,
433500,1051.8,0.000000,,,,,,,,
433600,1052.0,0.000001,,,,,,,,
433700,1052.2,0.000000,,,,,,,,
433800,1052.4,0.000000,,,,,,,,
433900,1052.7,0.000000,,,,,,,,
434000,1052.9,0.000000,,,,,,,,
434100,1053.1,0.000000,,,,,,,,
434200,1053.3,0.000000,,,,,,,,
434300,1053.5,0.000000,,,,,,,,
434400,1053.7,0.000000,,,,,,,,
434500,1054.0,0.000000,,,,,,,,
434600,1054.2,0.000000,,,,,,,,
434700,1054.4,0.000000,,,,,,,,
434800,1054.6,0.000000,,,,,,,,
434900,1054.8,0.000000,,,,,,,,
435000,1056.3,0.000000,0.000000,4.375810e-02,1.670097e-03,1.380003e-03,0.000000,1.109107e-02,1.625616e-03,1.351614e-03
435100,1056.5,0.000000,,,,,,,,
435200,1056.7,0.000000,,,,,,,,
435300,1056.9,0.000001,,,,,,,,
435400,1057.1,0.000000,,,,,,,,
435500,1057.3,0.000000,,,,,,,,
435600,1057.5,0.000000,,,,,,,,
435700,1057.7,0.000000,,,,,,,,
435800,1057.9,0.000000,,,,,,,,
435900,1058.1,0.000000,,,,,,,,
436000,1058.3,0.000000,,,,,,,,
436100,1058.5,0.000000,,,,,,,,
436200,1058.7,0.000000,,,,,,,,
436300,1059.0,0.000000,,,,,,,,
436400,1059.2,0.000000,,,,,,,,
436500,1059.4,0.000000,,,,,,,,
436600,1059.6,0.000000,,,,,,,,
436700,1059.8,0.000000,,,,,,,,
436800,1060.0,0.000000,,,,,,,,
436900,1060.3,0.000000,,,,,,,,
437000,1060.5,0.000000,,,,,,,,
437100,1060.7,0.000000,,,,,,,,
437200,1060.9,0.000000,,,,,,,,
437300,1061.1,0.000000,,,,,,,,
437400,1061.3,0.000000,,,,,,,,
437500,1061.5,0.000000,,,,,,,,
437600,1061.7,0.000000,,,,,,,,
437700,1062.0,0.000000,,,,,,,,
437800,1062.2,0.000000,,,,,,,,
437900,1062.4,0.000000,,,,,,,,
438000,1062.6,0.000000,,,,,,,,
438100,1062.8,0.000000,,,,,,,,
438200,1063.0,0.000000,,,,,,,,
438300,1063.3,0.000000,,,,,,,,
438400,1063.5,0.000001,,,,,,,,
438500,1063.7,0.000000,,,,,,,,
438600,1063.9,0.000000,,,,,,,,
438700,1064.1,0.000000,,,,,,,,
438800,1064.3,0.000000,,,,,,,,
438900,1064.6,0.000000,,,,,,,,
439000,1064.8,0.000000,,,,,,,,
439100,1065.0,0.000001,,,,,,,,
439200,1065.2,0.000000,,,,,,,,
439300,1065.4,0.000000,,,,,,,,
439400,1065.6,0.000000,,,,,,,,
439500,1065.8,0.000001,,,,,,,,
439600,1066.1,0.000000,,,,,,,,
439700,1066.3,0.000000,,,,,,,,
439800,1066.5,0.000002,,,,,,,,
439900,1066.7,0.000000,,,,,,,,
440000,1068.2,0.000000,0.000000,8.704729e-02,1.705130e-03,1.350733e-03,0.000000,1.537434e-02,1.700772e-03,1.375492e-03
440100,1068.4,0.000000,,,,,,,,
440200,1068.6,0.000000,,,,,,,,
440300,1068.8,0.000000,,,,,,,,
440400,1069.0,0.000000,,,,,,,,
440500,1069.2,0.000000,,,,,,,,
440600,1069.5,0.000000,,,,,,,,
440700,1069.7,0.000000,,,,,,,,
440800,1069.9,0.000000,,,,,,,,
440900,1070.1,0.000000,,,,,,,,
441000,1070.3,0.000000,,,,,,,,
441100,1070.5,0.000000,,,,,,,,
441200,1070.8,0.000000,,,,,,,,
441300,1071.0,0.000000,,,,,,,,
441400,1071.2,0.000000,,,,,,,,
441500,1071.4,0.000000,,,,,,,,
441600,1071.6,0.000000,,,,,,,,
441700,1071.8,0.000000,,,,,,,,
441800,1072.0,0.000000,,,,,,,,
441900,1072.3,0.000000,,,,,,,,
442000,1072.5,0.000000,,,,,,,,
442100,1072.7,0.000000,,,,,,,,
442200,1072.9,0.000000,,,,,,,,
442300,1073.1,0.000000,,,,,,,,
442400,1073.3,0.000000,,,,,,,,
442500,1073.6,0.000000,,,,,,,,
442600,1073.8,0.000000,,,,,,,,
442700,1074.0,0.000000,,,,,,,,
442800,1074.2,0.000000,,,,,,,,
442900,1074.4,0.000000,,,,,,,,
443000,1074.6,0.000000,,,,,,,,
443100,1074.8,0.000000,,,,,,,,
443200,1075.0,0.000000,,,,,,,,
443300,1075.2,0.000000,,,,,,,,
443400,1075.5,0.000001,,,,,,,,
443500,1075.7,0.000000,,,,,,,,
443600,1075.9,0.000000,,,,,,,,
443700,1076.1,0.000000,,,,,,,,
443800,1076.3,0.000000,,,,,,,,
443900,1076.5,0.000000,,,,,,,,
444000,1076.8,0.000000,,,,,,,,
444100,1077.0,0.000001,,,,,,,,
444200,1077.2,0.000000,,,,,,,,
444300,1077.4,0.000000,,,,,,,,
444400,1077.6,0.000001,,,,,,,,
444500,1077.8,0.000000,,,,,,,,
444600,1078.1,0.000000,,,,,,,,
444700,1078.3,0.000000,,,,,,,,
444800,1078.5,0.000000,,,,,,,,
444900,1078.7,0.000000,,,,,,,,
445000,1080.2,0.000000,0.000000,3.053160e-02,2.072812e-03,1.545898e-03,0.000000,2.292634e-02,2.100394e-03,1.577910e-03
445100,1080.4,0.000001,,,,,,,,
445200,1080.6,0.000000,,,,,,,,
445300,1080.8,0.000000,,,,,,,,
445400,1081.0,0.000000,,,,,,,,
445500,1081.2,0.000000,,,,,,,,
445600,1081.4,0.000000,,,,,,,,
445700,1081.7,0.000000,,,,,,,,
445800,1081.9,0.000000,,,,,,,,
445900,1082.1,0.000000,,,,,,,,
446000,1082.3,0.000000,,,,,,,,
446100,1082.5,0.000000,,,,,,,,
446200,1082.7,0.000000,,,,,,,,
446300,1082.9,0.000000,,,,,,,,
446400,1083.2,0.000000,,,,,,,,
446500,1083.4,0.000000,,,,,,,,
446600,1083.6,0.000000,,,,,,,,
446700,1083.8,0.000000,,,,,,,,
446800,1084.0,0.000000,,,,,,,,
446900,1084.2,0.000000,,,,,,,,
447000,1084.5,0.000001,,,,,,,,
447100,1084.7,0.000000,,,,,,,,
447200,1084.9,0.000000,,,,,,,,
447300,1085.1,0.000000,,,,,,,,
447400,1085.3,0.000000,,,,,,,,
447500,1085.6,0.000000,,,,,,,,
447600,1085.8,0.000000,,,,,,,,
447700,1086.0,0.000000,,,,,,,,
447800,1086.2,0.000000,,,,,,,,
447900,1086.4,0.000001,,,,,,,,
448000,1086.7,0.000000,,,,,,,,
448100,1086.9,0.000000,,,,,,,,
448200,1087.1,0.000001,,,,,,,,
448300,1087.3,0.000001,,,,,,,,
448400,1087.5,0.000000,,,,,,,,
448500,1087.7,0.000000,,,,,,,,
448600,1087.9,0.000000,,,,,,,,
448700,1088.2,0.000000,,,,,,,,
448800,1088.4,0.000000,,,,,,,,
448900,1088.6,0.000000,,,,,,,,
449000,1088.8,0.000000,,,,,,,,
449100,1089.0,0.000000,,,,,,,,
449200,1089.2,0.000000,,,,,,,,
449300,1089.5,0.000000,,,,,,,,
449400,1089.7,0.000000,,,,,,,,
449500,1089.9,0.000002,,,,,,,,
449600,1090.1,0.000000,,,,,,,,
449700,1090.3,0.000000,,,,,,,,
449800,1090.5,0.000000,,,,,,,,
449900,1090.8,0.000000,,,,,,,,
450000,1092.2,0.000000,0.000000,5.289209e-02,2.358460e-03,1.983997e-03,0.000000,3.400660e-02,2.396680e-03,2.054981e-03
450100,1092.4,0.000000,,,,,,,,
450200,1092.6,0.000000,,,,,,,,
450300,1092.8,0.000000,,,,,,,,
450400,1093.0,0.000000,,,,,,,,
450500,1093.2,0.000000,,,,,,,,
450600,1093.4,0.000000,,,,,,,,
450700,1093.7,0.000000,,,,,,,,
450800,1093.9,0.000000,,,,,,,,
450900,1094.1,0.000000,,,,,,,,
451000,1094.3,0.000000,,,,,,,,
451100,1094.5,0.000000,,,,,,,,
451200,1094.8,0.000000,,,,,,,,
451300,1095.0,0.000000,,,,,,,,
451400,1095.2,0.000000,,,,,,,,
451500,1095.4,0.000001,,,,,,,,
451600,1095.6,0.000000,,,,,,,,
451700,1095.8,0.000000,,,,,,,,
451800,1096.1,0.000000,,,,,,,,
451900,1096.3,0.000000,,,,,,,,
452000,1096.5,0.000000,,,,,,,,
452100,1096.7,0.000000,,,,,,,,
452200,1096.9,0.000000,,,,,,,,
452300,1097.2,0.000000,,,,,,,,
452400,1097.4,0.000000,,,,,,,,
452500,1097.6,0.000000,,,,,,,,
452600,1097.8,0.000000,,,,,,,,
452700,1098.0,0.000000,,,,,,,,
452800,1098.2,0.000000,,,,,,,,
452900,1098.4,0.000000,,,,,,,,
453000,1098.6,0.000000,,,,,,,,
453100,1098.9,0.000000,,,,,,,,
453200,1099.1,0.000000,,,,,,,,
453300,1099.3,0.000000,,,,,,,,
453400,1099.5,0.000000,,,,,,,,
453500,1099.7,0.000000,,,,,,,,
453600,1099.9,0.000000,,,,,,,,
453700,1100.1,0.000000,,,,,,,,
453800,1100.4,0.000001,,,,,,,,
453900,1100.6,0.000000,,,,,,,,
454000,1100.8,0.000000,,,,,,,,
454100,1101.0,0.000000,,,,,,,,
454200,1101.2,0.000000,,,,,,,,
454300,1101.4,0.000000,,,,,,,,
454400,1101.7,0.000001,,,,,,,,
454500,1101.9,0.000000,,,,,,,,
454600,1102.1,0.000000,,,,,,,,
454700,1102.3,0.000001,,,,,,,,
454800,1102.5,0.000000,,,,,,,,
454900,1102.7,0.000000,,,,,,,,
455000,1104.2,0.000000,0.000000,4.468555e-02,1.862798e-03,1.412991e-03,0.000000,2.156497e-02,1.887473e-03,1.436756e-03
455100,1104.4,0.000000,,,,,,,,
455200,1104.6,0.000000,,,,,,,,
455300,1104.8,0.000000,,,,,,,,
455400,1105.0,0.000000,,,,,,,,
455500,1105.3,0.000000,,,,,,,,
455600,1105.5,0.000000,,,,,,,,
455700,1105.7,0.000000,,,,,,,,
455800,1105.9,0.000000,,,,,,,,
455900,1106.1,0.000000,,,,,,,,
456000,1106.3,0.000000,,,,,,,,
456100,1106.5,0.000000,,,,,,,,
456200,1106.8,0.000000,,,,,,,,
456300,1107.0,0.000001,,,,,,,,
456400,1107.2,0.000000,,,,,,,,
456500,1107.4,0.000000,,,,,,,,
456600,1107.6,0.000000,,,,,,,,
456700,1107.8,0.000000,,,,,,,,
456800,1108.1,0.000000,,,,,,,,
456900,1108.3,0.000000,,,,,,,,
457000,1108.5,0.000000,,,,,,,,
457100,1108.7,0.000000,,,,,,,,
457200,1108.9,0.000000,,,,,,,,
457300,1109.2,0.000000,,,,,,,,
457400,1109.4,0.000000,,,,,,,,
457500,1109.6,0.000001,,,,,,,,
457600,1109.8,0.000000,,,,,,,,
457700,1110.0,0.000000,,,,,,,,
457800,1110.2,0.000000,,,,,,,,
457900,1110.5,0.000000,,,,,,,,
458000,1110.7,0.000000,,,,,,,,
458100,1110.9,0.000000,,,,,,,,
458200,1111.1,0.000000,,,,,,,,
458300,1111.3,0.000000,,,,,,,,
458400,1111.5,0.000000,,,,,,,,
458500,1111.8,0.000000,,,,,,,,
458600,1112.0,0.000000,,,,,,,,
458700,1112.2,0.000000,,,,,,,,
458800,1112.4,0.000000,,,,,,,,
458900,1112.6,0.000000,,,,,,,,
459000,1112.8,0.000000,,,,,,,,
459100,1113.1,0.000000,,,,,,,,
459200,1113.3,0.000000,,,,,,,,
459300,1113.5,0.000000,,,,,,,,
459400,1113.7,0.000000,,,,,,,,
459500,1113.9,0.000000,,,,,,,,
459600,1114.1,0.000000,,,,,,,,
459700,1114.4,0.000000,,,,,,,,
459800,1114.6,0.000001,,,,,,,,
459900,1114.8,0.000000,,,,,,,,
460000,1116.3,0.000000,0.000000,9.564562e-02,2.211407e-03,1.725057e-03,0.000000,5.998875e-02,2.203484e-03,1.738504e-03
460100,1116.5,0.000000,,,,,,,,
460200,1116.7,0.000000,,,,,,,,
460300,1116.9,0.000000,,,,,,,,
460400,1117.1,0.000000,,,,,,,,
460500,1117.3,0.000000,,,,,,,,
460600,1117.5,0.000000,,,,,,,,
460700,1117.7,0.000000,,,,,,,,
460800,1117.9,0.000000,,,,,,,,
460900,1118.1,0.000000,,,,,,,,
461000,1118.3,0.000000,,,,,,,,
461100,1118.5,0.000000,,,,,,,,
461200,1118.7,0.000000,,,,,,,,
461300,1119.0,0.000000,,,,,,,,
461400,1119.2,0.000000,,,,,,,,
461500,1119.4,0.000001,,,,,,,,
461600,1119.6,0.000000,,,,,,,,
461700,1119.8,0.000000,,,,,,,,
461800,1120.0,0.000000,,,,,,,,
461900,1120.3,0.000000,,,,,,,,
462000,1120.5,0.000000,,,,,,,,
462100,1120.7,0.000000,,,,,,,,
462200,1120.9,0.000000,,,,,,,,
462300,1121.1,0.000000,,,,,,,,
462400,1121.3,0.000001,,,,,,,,
462500,1121.6,0.000000,,,,,,,,
462600,1121.8,0.000000,,,,,,,,
462700,1122.0,0.000000,,,,,,,,
462800,1122.2,0.000000,,,,,,,,
462900,1122.4,0.000000,,,,,,,,
463000,1122.6,0.000000,,,,,,,,
463100,1122.9,0.000000,,,,,,,,
463200,1123.1,0.000000,,,,,,,,
463300,1123.3,0.000000,,,,,,,,
463400,1123.5,0.000000,,,,,,,,
463500,1123.7,0.000000,,,,,,,,
463600,1123.9,0.000000,,,,,,,,
463700,1124.2,0.000000,,,,,,,,
463800,1124.4,0.000000,,,,,,,,
463900,1124.6,0.000000,,,,,,,,
464000,1124.8,0.000000,,,,,,,,
464100,1125.0,0.000000,,,,,,,,
464200,1125.2,0.000000,,,,,,,,
464300,1125.5,0.000000,,,,,,,,
464400,1125.7,0.000000,,,,,,,,
464500,1125.9,0.000000,,,,,,,,
464600,1126.1,0.000000,,,,,,,,
464700,1126.3,0.000000,,,,,,,,
464800,1126.5,0.000000,,,,,,,,
464900,1126.8,0.000000,,,,,,,,
465000,1128.3,0.000001,0.000000,4.410119e-02,2.383538e-03,1.903266e-03,0.000000,1.975084e-02,2.444379e-03,1.976461e-03
465100,1128.6,0.000000,,,,,,,,
465200,1128.9,0.000000,,,,,,,,
465300,1129.2,0.000000,,,,,,,,
465400,1129.5,0.000000,,,,,,,,
465500,1129.8,0.000000,,,,,,,,
465600,1130.1,0.000000,,,,,,,,
465700,1130.3,0.000000,,,,,,,,
465800,1130.6,0.000000,,,,,,,,
465900,1130.9,0.000000,,,,,,,,
466000,1131.2,0.000000,,,,,,,,
466100,1131.5,0.000000,,,,,,,,
466200,1131.8,0.000000,,,,,,,,
466300,1132.1,0.000000,,,,,,,,
466400,1132.3,0.000000,,,,,,,,
466500,1132.6,0.000000,,,,,,,,
466600,1132.9,0.000000,,,,,,,,
466700,1133.2,0.000000,,,,,,,,
466800,1133.5,0.000000,,,,,,,,
466900,1133.8,0.000000,,,,,,,,
467000,1134.1,0.000000,,,,,,,,
467100,1134.4,0.000000,,,,,,,,
467200,1134.7,0.000000,,,,,,,,
467300,1135.0,0.000000,,,,,,,,
467400,1135.2,0.000000,,,,,,,,
467500,1135.5,0.000000,,,,,,,,
467600,1135.7,0.000001,,,,,,,,
467700,1136.0,0.000000,,,,,,,,
467800,1136.2,0.000001,,,,,,,,
467900,1136.5,0.000000,,,,,,,,
468000,1136.7,0.000000,,,,,,,,
468100,1136.9,0.000000,,,,,,,,
468200,1137.1,0.000000,,,,,,,,
468300,1137.3,0.000000,,,,,,,,
468400,1137.5,0.000000,,,,,,,,
468500,1137.7,0.000000,,,,,,,,
468600,1137.9,0.000000,,,,,,,,
468700,1138.1,0.000000,,,,,,,,
468800,1138.4,0.000001,,,,,,,,
468900,1138.6,0.000000,,,,,,,,
469000,1138.8,0.000000,,,,,,,,
469100,1139.0,0.000000,,,,,,,,
469200,1139.3,0.000000,,,,,,,,
469300,1139.5,0.000001,,,,,,,,
469400,1139.7,0.000000,,,,,,,,
469500,1139.9,0.000000,,,,,,,,
469600,1140.1,0.000000,,,,,,,,
469700,1140.3,0.000000,,,,,,,,
469800,1140.5,0.000000,,,,,,,,
469900,1140.8,0.000000,,,,,,,,
470000,1142.2,0.000000,0.000000,4.626071e-02,1.879871e-03,1.512064e-03,0.000000,3.182031e-02,1.892622e-03,1.532209e-03
470100,1142.4,0.000000,,,,,,,,
470200,1142.6,0.000000,,,,,,,,
470300,1142.8,0.000000,,,,,,,,
470400,1143.0,0.000000,,,,,,,,
470500,1143.2,0.000001,,,,,,,,
470600,1143.5,0.000000,,,,,,,,
470700,1143.7,0.000000,,,,,,,,
470800,1143.9,0.000000,,,,,,,,
470900,1144.1,0.000001,,,,,,,,
471000,1144.3,0.000000,,,,,,,,
471100,1144.5,0.000000,,,,,,,,
471200,1144.7,0.000000,,,,,,,,
471300,1145.0,0.000000,,,,,,,,
471400,1145.2,0.000000,,,,,,,,
471500,1145.4,0.000000,,,,,,,,
471600,1145.6,0.000000,,,,,,,,
471700,1145.8,0.000000,,,,,,,,
471800,1146.0,0.000000,,,,,,,,
471900,1146.3,0.000000,,,,,,,,
472000,1146.5,0.000000,,,,,,,,
472100,1146.7,0.000000,,,,,,,,
472200,1146.9,0.000000,,,,,,,,
472300,1147.1,0.000000,,,,,,,,
472400,1147.3,0.000000,,,,,,,,
472500,1147.6,0.000000,,,,,,,,
472600,1147.8,0.000001,,,,,,,,
472700,1148.0,0.000000,,,,,,,,
472800,1148.2,0.000000,,,,,,,,
472900,1148.4,0.000000,,,,,,,,
473000,1148.6,0.000000,,,,,,,,
473100,1148.9,0.000000,,,,,,,,
473200,1149.1,0.000000,,,,,,,,
473300,1149.3,0.000000,,,,,,,,
473400,1149.5,0.000000,,,,,,,,
473500,1149.7,0.000000,,,,,,,,
473600,1150.0,0.000000,,,,,,,,
473700,1150.2,0.000000,,,,,,,,
473800,1150.4,0.000000,,,,,,,,
473900,1150.6,0.000000,,,,,,,,
474000,1150.8,0.000000,,,,,,,,
474100,1151.0,0.000000,,,,,,,,
474200,1151.3,0.000000,,,,,,,,
474300,1151.5,0.000000,,,,,,,,
474400,1151.7,0.000000,,,,,,,,
474500,1151.9,0.000000,,,,,,,,
474600,1152.1,0.000000,,,,,,,,
474700,1152.3,0.000000,,,,,,,,
474800,1152.5,0.000000,,,,,,,,
474900,1152.8,0.000000,,,,,,,,
475000,1154.2,0.000000,0.000000,5.802399e-02,2.326614e-03,1.926510e-03,0.000000,1.965279e-02,2.284794e-03,1.874225e-03
475100,1154.4,0.000000,,,,,,,,
475200,1154.6,0.000000,,,,,,,,
475300,1154.8,0.000000,,,,,,,,
475400,1155.0,0.000000,,,,,,,,
475500,1155.2,0.000000,,,,,,,,
475600,1155.4,0.000000,,,,,,,,
475700,1155.6,0.000000,,,,,,,,
475800,1155.8,0.000000,,,,,,,,
475900,1156.1,0.000000,,,,,,,,
476000,1156.3,0.000000,,,,,,,,
476100,1156.5,0.000001,,,,,,,,
476200,1156.7,0.000000,,,,,,,,
476300,1156.9,0.000001,,,,,,,,
476400,1157.1,0.000000,,,,,,,,
476500,1157.4,0.000000,,,,,,,,
476600,1157.6,0.000000,,,,,,,,
476700,1157.8,0.000000,,,,,,,,
476800,1158.0,0.000000,,,,,,,,
476900,1158.2,0.000000,,,,,,,,
477000,1158.5,0.000000,,,,,,,,
477100,1158.7,0.000000,,,,,,,,
477200,1158.9,0.000000,,,,,,,,
477300,1159.1,0.000000,,,,,,,,
477400,1159.3,0.000000,,,,,,,,
477500,1159.5,0.000000,,,,,,,,
477600,1159.8,0.000001,,,,,,,,
477700,1160.0,0.000000,,,,,,,,
477800,1160.2,0.000000,,,,,,,,
477900,1160.4,0.000000,,,,,,,,
478000,1160.6,0.000000,,,,,,,,
478100,1160.8,0.000000,,,,,,,,
478200,1161.0,0.000000,,,,,,,,
478300,1161.3,0.000000,,,,,,,,
478400,1161.5,0.000000,,,,,,,,
478500,1161.7,0.000000,,,,,,,,
478600,1161.9,0.000000,,,,,,,,
478700,1162.1,0.000000,,,,,,,,
478800,1162.3,0.000000,,,,,,,,
478900,1162.6,0.000000,,,,,,,,
479000,1162.8,0.000000,,,,,,,,
479100,1163.0,0.000000,,,,,,,,
479200,1163.2,0.000000,,,,,,,,
479300,1163.4,0.000000,,,,,,,,
479400,1163.7,0.000001,,,,,,,,
479500,1163.9,0.000000,,,,,,,,
479600,1164.1,0.000000,,,,,,,,
479700,1164.3,0.000000,,,,,,,,
479800,1164.5,0.000000,,,,,,,,
479900,1164.7,0.000000,,,,,,,,
480000,1166.2,0.000000,0.000000,3.607054e-02,1.896832e-03,1.703177e-03,0.000000,1.712013e-02,1.944386e-03,1.773803e-03
480100,1166.5,0.000000,,,,,,,,
480200,1166.7,0.000000,,,,,,,,
480300,1166.9,0.000000,,,,,,,,
480400,1167.1,0.000000,,,,,,,,
480500,1167.3,0.000000,,,,,,,,
480600,1167.5,0.000000,,,,,,,,
480700,1167.7,0.000000,,,,,,,,
480800,1167.9,0.000000,,,,,,,,
480900,1168.1,0.000001,,,,,,,,
481000,1168.3,0.000000,,,,,,,,
481100,1168.5,0.000002,,,,,,,,
481200,1168.8,0.000000,,,,,,,,
481300,1169.0,0.000000,,,,,,,,
481400,1169.2,0.000000,,,,,,,,
481500,1169.4,0.000000,,,,,,,,
481600,1169.6,0.000000,,,,,,,,
481700,1169.8,0.000000,,,,,,,,
481800,1170.1,0.000000,,,,,,,,
481900,1170.3,0.000000,,,,,,,,
482000,1170.5,0.000000,,,,,,,,
482100,1170.7,0.000000,,,,,,,,
482200,1170.9,0.000000,,,,,,,,
482300,1171.2,0.000000,,,,,,,,
482400,1171.4,0.000000,,,,,,,,
482500,1171.6,0.000000,,,,,,,,
482600,1171.8,0.000000,,,,,,,,
482700,1172.1,0.000000,,,,,,,,
482800,1172.3,0.000000,,,,,,,,
482900,1172.5,0.000000,,,,,,,,
483000,1172.7,0.000000,,,,,,,,
483100,1172.9,0.000000,,,,,,,,
483200,1173.1,0.000000,,,,,,,,
483300,1173.4,0.000000,,,,,,,,
483400,1173.6,0.000000,,,,,,,,
483500,1173.8,0.000000,,,,,,,,
483600,1174.0,0.000000,,,,,,,,
483700,1174.2,0.000000,,,,,,,,
483800,1174.4,0.000000,,,,,,,,
483900,1174.6,0.000000,,,,,,,,
484000,1174.8,0.000000,,,,,,,,
484100,1175.1,0.000000,,,,,,,,
484200,1175.3,0.000000,,,,,,,,
484300,1175.5,0.000000,,,,,,,,
484400,1175.7,0.000001,,,,,,,,
484500,1175.9,0.000000,,,,,,,,
484600,1176.1,0.000000,,,,,,,,
484700,1176.4,0.000000,,,,,,,,
484800,1176.6,0.000000,,,,,,,,
484900,1176.8,0.000000,,,,,,,,
485000,1178.2,0.000000,0.000000,5.197329e-02,1.616167e-03,1.388421e-03,0.000000,1.514597e-02,1.624135e-03,1.418149e-03
485100,1178.4,0.000000,,,,,,,,
485200,1178.7,0.000000,,,,,,,,
485300,1178.9,0.000001,,,,,,,,
485400,1179.1,0.000000,,,,,,,,
485500,1179.3,0.000000,,,,,,,,
485600,1179.6,0.000000,,,,,,,,
485700,1179.8,0.000000,,,,,,,,
485800,1180.1,0.000000,,,,,,,,
485900,1180.4,0.000000,,,,,,,,
486000,1180.7,0.000000,,,,,,,,
486100,1180.9,0.000000,,,,,,,,
486200,1181.2,0.000000,,,,,,,,
486300,1181.5,0.000001,,,,,,,,
486400,1181.8,0.000000,,,,,,,,
486500,1182.1,0.000000,,,,,,,,
486600,1182.4,0.000000,,,,,,,,
486700,1182.7,0.000000,,,,,,,,
486800,1183.0,0.000000,,,,,,,,
486900,1183.3,0.000000,,,,,,,,
487000,1183.6,0.000000,,,,,,,,
487100,1183.8,0.000000,,,,,,,,
487200,1184.1,0.000000,,,,,,,,
487300,1184.4,0.000000,,,,,,,,
487400,1184.7,0.000000,,,,,,,,
487500,1185.0,0.000000,,,,,,,,
487600,1185.3,0.000000,,,,,,,,
487700,1185.6,0.000000,,,,,,,,
487800,1185.8,0.000000,,,,,,,,
487900,1186.1,0.000000,,,,,,,,
488000,1186.4,0.000000,,,,,,,,
488100,1186.7,0.000000,,,,,,,,
488200,1187.0,0.000000,,,,,,,,
488300,1187.3,0.000000,,,,,,,,
488400,1187.5,0.000001,,,,,,,,
488500,1187.7,0.000000,,,,,,,,
488600,1187.9,0.000000,,,,,,,,
488700,1188.1,0.000000,,,,,,,,
488800,1188.3,0.000000,,,,,,,,
488900,1188.6,0.000000,,,,,,,,
489000,1188.8,0.000000,,,,,,,,
489100,1189.0,0.000000,,,,,,,,
489200,1189.2,0.000000,,,,,,,,
489300,1189.4,0.000000,,,,,,,,
489400,1189.6,0.000000,,,,,,,,
489500,1189.9,0.000000,,,,,,,,
489600,1190.1,0.000000,,,,,,,,
489700,1190.3,0.000000,,,,,,,,
489800,1190.5,0.000000,,,,,,,,
489900,1190.7,0.000000,,,,,,,,
490000,1192.2,0.000000,0.000000,2.896995e-02,9.581069e-04,7.654457e-04,0.000000,2.017260e-02,9.376770e-04,7.595534e-04
490100,1192.5,0.000000,,,,,,,,
490200,1192.7,0.000000,,,,,,,,
490300,1192.9,0.000001,,,,,,,,
490400,1193.1,0.000000,,,,,,,,
490500,1193.3,0.000000,,,,,,,,
490600,1193.5,0.000001,,,,,,,,
490700,1193.7,0.000000,,,,,,,,
490800,1194.0,0.000000,,,,,,,,
490900,1194.2,0.000000,,,,,,,,
491000,1194.4,0.000000,,,,,,,,
491100,1194.6,0.000000,,,,,,,,
491200,1194.8,0.000000,,,,,,,,
491300,1195.1,0.000000,,,,,,,,
491400,1195.3,0.000000,,,,,,,,
491500,1195.5,0.000000,,,,,,,,
491600,1195.7,0.000000,,,,,,,,
491700,1195.9,0.000000,,,,,,,,
491800,1196.1,0.000000,,,,,,,,
491900,1196.3,0.000001,,,,,,,,
492000,1196.5,0.000000,,,,,,,,
492100,1196.7,0.000000,,,,,,,,
492200,1197.0,0.000000,,,,,,,,
492300,1197.2,0.000000,,,,,,,,
492400,1197.4,0.000000,,,,,,,,
492500,1197.6,0.000000,,,,,,,,
492600,1197.8,0.000000,,,,,,,,
492700,1198.0,0.000000,,,,,,,,
492800,1198.2,0.000000,,,,,,,,
492900,1198.5,0.000000,,,,,,,,
493000,1198.7,0.000000,,,,,,,,
493100,1198.9,0.000000,,,,,,,,
493200,1199.1,0.000000,,,,,,,,
493300,1199.3,0.000000,,,,,,,,
493400,1199.6,0.000000,,,,,,,,
493500,1199.8,0.000000,,,,,,,,
493600,1200.0,0.000000,,,,,,,,
493700,1200.2,0.000000,,,,,,,,
493800,1200.4,0.000000,,,,,,,,
493900,1200.6,0.000000,,,,,,,,
494000,1200.9,0.000000,,,,,,,,
494100,1201.1,0.000000,,,,,,,,
494200,1201.3,0.000000,,,,,,,,
494300,1201.5,0.000000,,,,,,,,
494400,1201.7,0.000000,,,,,,,,
494500,1201.9,0.000000,,,,,,,,
494600,1202.1,0.000000,,,,,,,,
494700,1202.3,0.000000,,,,,,,,
494800,1202.6,0.000000,,,,,,,,
494900,1202.8,0.000000,,,,,,,,
495000,1204.2,0.000000,0.000000,4.230780e-02,1.780507e-03,1.468449e-03,0.000000,1.475907e-02,1.798485e-03,1.514458e-03
495100,1204.5,0.000000,,,,,,,,
495200,1204.7,0.000000,,,,,,,,
495300,1204.8,0.000000,,,,,,,,
495400,1205.0,0.000000,,,,,,,,
495500,1205.2,0.000000,,,,,,,,
495600,1205.4,0.000000,,,,,,,,
495700,1205.7,0.000000,,,,,,,,
495800,1205.9,0.000000,,,,,,,,
495900,1206.1,0.000000,,,,,,,,
496000,1206.3,0.000000,,,,,,,,
496100,1206.5,0.000000,,,,,,,,
496200,1206.7,0.000000,,,,,,,,
496300,1207.0,0.000000,,,,,,,,
496400,1207.2,0.000000,,,,,,,,
496500,1207.4,0.000000,,,,,,,,
496600,1207.6,0.000000,,,,,,,,
496700,1207.8,0.000000,,,,,,,,
496800,1208.0,0.000000,,,,,,,,
496900,1208.3,0.000000,,,,,,,,
497000,1208.5,0.000000,,,,,,,,
497100,1208.7,0.000000,,,,,,,,
497200,1208.9,0.000000,,,,,,,,
497300,1209.1,0.000000,,,,,,,,
497400,1209.3,0.000000,,,,,,,,
497500,1209.5,0.000000,,,,,,,,
497600,1209.7,0.000000,,,,,,,,
497700,1210.0,0.000000,,,,,,,,
497800,1210.2,0.000000,,,,,,,,
497900,1210.4,0.000000,,,,,,,,
498000,1210.6,0.000000,,,,,,,,
498100,1210.8,0.000000,,,,,,,,
498200,1211.1,0.000000,,,,,,,,
498300,1211.3,0.000000,,,,,,,,
498400,1211.5,0.000000,,,,,,,,
498500,1211.7,0.000000,,,,,,,,
498600,1211.9,0.000000,,,,,,,,
498700,1212.1,0.000000,,,,,,,,
498800,1212.3,0.000000,,,,,,,,
498900,1212.5,0.000000,,,,,,,,
499000,1212.8,0.000000,,,,,,,,
499100,1213.0,0.000000,,,,,,,,
499200,1213.2,0.000000,,,,,,,,
499300,1213.4,0.000000,,,,,,,,
499400,1213.6,0.000000,,,,,,,,
499500,1213.8,0.000000,,,,,,,,
499600,1214.1,0.000000,,,,,,,,
499700,1214.3,0.000000,,,,,,,,
499800,1214.5,0.000000,,,,,,,,
499900,1214.7,0.000000,,,,,,,,
500000,1216.2,0.000000,0.000000,2.811808e-02,1.982407e-03,1.769039e-03,0.000000,1.832629e-02,1.999714e-03,1.799183e-03
500100,1216.4,0.000001,,,,,,,,
500200,1216.6,0.000000,,,,,,,,
500300,1216.8,0.000001,,,,,,,,
500400,1217.0,0.000000,,,,,,,,
500500,1217.2,0.000000,,,,,,,,
500600,1217.4,0.000000,,,,,,,,
500700,1217.7,0.000000,,,,,,,,
500800,1217.9,0.000000,,,,,,,,
500900,1218.1,0.000000,,,,,,,,
501000,1218.3,0.000000,,,,,,,,
501100,1218.5,0.000000,,,,,,,,
501200,1218.8,0.000000,,,,,,,,
501300,1219.0,0.000000,,,,,,,,
501400,1219.2,0.000000,,,,,,,,
501500,1219.4,0.000000,,,,,,,,
501600,1219.6,0.000000,,,,,,,,
501700,1219.8,0.000000,,,,,,,,
501800,1220.1,0.000000,,,,,,,,
501900,1220.3,0.000000,,,,,,,,
502000,1220.5,0.000000,,,,,,,,
502100,1220.7,0.000000,,,,,,,,
502200,1220.9,0.000000,,,,,,,,
502300,1221.1,0.000000,,,,,,,,
502400,1221.3,0.000000,,,,,,,,
502500,1221.5,0.000000,,,,,,,,
502600,1221.7,0.000000,,,,,,,,
502700,1221.9,0.000000,,,,,,,,
502800,1222.1,0.000000,,,,,,,,
502900,1222.3,0.000000,,,,,,,,
503000,1222.5,0.000000,,,,,,,,
503100,1222.7,0.000000,,,,,,,,
503200,1223.0,0.000000,,,,,,,,
503300,1223.2,0.000000,,,,,,,,
503400,1223.4,0.000000,,,,,,,,
503500,1223.6,0.000000,,,,,,,,
503600,1223.8,0.000000,,,,,,,,
503700,1224.0,0.000000,,,,,,,,
503800,1224.3,0.000000,,,,,,,,
503900,1224.5,0.000000,,,,,,,,
504000,1224.7,0.000000,,,,,,,,
504100,1224.9,0.000000,,,,,,,,
504200,1225.1,0.000000,,,,,,,,
504300,1225.4,0.000000,,,,,,,,
504400,1225.6,0.000000,,,,,,,,
504500,1225.8,0.000000,,,,,,,,
504600,1226.0,0.000000,,,,,,,,
504700,1226.3,0.000000,,,,,,,,
504800,1226.5,0.000000,,,,,,,,
504900,1226.7,0.000000,,,,,,,,
505000,1228.1,0.000000,0.000000,2.790558e-02,2.440217e-03,1.961525e-03,0.000000,2.334423e-02,2.433018e-03,1.948749e-03
505100,1228.3,0.000000,,,,,,,,
505200,1228.5,0.000000,,,,,,,,
505300,1228.7,0.000000,,,,,,,,
505400,1228.9,0.000000,,,,,,,,
505500,1229.1,0.000000,,,,,,,,
505600,1229.3,0.000000,,,,,,,,
505700,1229.5,0.000000,,,,,,,,
505800,1229.8,0.000000,,,,,,,,
505900,1230.0,0.000000,,,,,,,,
506000,1230.2,0.000000,,,,,,,,
506100,1230.4,0.000000,,,,,,,,
506200,1230.6,0.000000,,,,,,,,
506300,1230.8,0.000000,,,,,,,,
506400,1231.0,0.000000,,,,,,,,
506500,1231.3,0.000000,,,,,,,,
506600,1231.5,0.000000,,,,,,,,
506700,1231.7,0.000000,,,,,,,,
506800,1231.9,0.000000,,,,,,,,
506900,1232.1,0.000000,,,,,,,,
507000,1232.3,0.000000,,,,,,,,
507100,1232.5,0.000000,,,,,,,,
507200,1232.7,0.000000,,,,,,,,
507300,1233.0,0.000000,,,,,,,,
507400,1233.2,0.000000,,,,,,,,
507500,1233.4,0.000000,,,,,,,,
507600,1233.6,0.000000,,,,,,,,
507700,1233.8,0.000000,,,,,,,,
507800,1234.0,0.000000,,,,,,,,
507900,1234.3,0.000000,,,,,,,,
508000,1234.5,0.000000,,,,,,,,
508100,1234.7,0.000000,,,,,,,,
508200,1234.9,0.000000,,,,,,,,
508300,1235.1,0.000000,,,,,,,,
508400,1235.4,0.000000,,,,,,,,
508500,1235.6,0.000000,,,,,,,,
508600,1235.8,0.000000,,,,,,,,
508700,1236.0,0.000000,,,,,,,,
508800,1236.2,0.000000,,,,,,,,
508900,1236.5,0.000000,,,,,,,,
509000,1236.7,0.000000,,,,,,,,
509100,1236.9,0.000000,,,,,,,,
509200,1237.1,0.000000,,,,,,,,
509300,1237.3,0.000000,,,,,,,,
509400,1237.5,0.000000,,,,,,,,
509500,1237.8,0.000001,,,,,,,,
509600,1238.0,0.000000,,,,,,,,
509700,1238.2,0.000000,,,,,,,,
509800,1238.4,0.000000,,,,,,,,
509900,1238.6,0.000000,,,,,,,,
510000,1240.1,0.000000,0.000000,3.332674e-02,1.582975e-03,1.293171e-03,0.000000,2.044226e-02,1.591102e-03,1.316980e-03
510100,1240.3,0.000000,,,,,,,,
510200,1240.5,0.000000,,,,,,,,
510300,1240.7,0.000000,,,,,,,,
510400,1240.9,0.000000,,,,,,,,
510500,1241.1,0.000000,,,,,,,,
510600,1241.3,0.000000,,,,,,,,
510700,1241.5,0.000000,,,,,,,,
510800,1241.7,0.000000,,,,,,,,
510900,1241.9,0.000000,,,,,,,,
511000,1242.1,0.000000,,,,,,,,
511100,1242.4,0.000000,,,,,,,,
511200,1242.6,0.000000,,,,,,,,
511300,1242.8,0.000000,,,,,,,,
511400,1243.0,0.000000,,,,,,,,
511500,1243.2,0.000000,,,,,,,,
511600,1243.5,0.000000,,,,,,,,
511700,1243.7,0.000000,,,,,,,,
511800,1243.9,0.000000,,,,,,,,
511900,1244.1,0.000000,,,,,,,,
512000,1244.3,0.000000,,,,,,,,
512100,1244.5,0.000000,,,,,,,,
512200,1244.8,0.000000,,,,,,,,
512300,1245.0,0.000000,,,,,,,,
512400,1245.2,0.000000,,,,,,,,
512500,1245.4,0.000000,,,,,,,,
512600,1245.6,0.000000,,,,,,,,
512700,1245.9,0.000000,,,,,,,,
512800,1246.1,0.000000,,,,,,,,
512900,1246.3,0.000000,,,,,,,,
513000,1246.5,0.000000,,,,,,,,
513100,1246.7,0.000000,,,,,,,,
513200,1247.0,0.000000,,,,,,,,
513300,1247.2,0.000000,,,,,,,,
513400,1247.4,0.000000,,,,,,,,
513500,1247.6,0.000000,,,,,,,,
513600,1247.8,0.000000,,,,,,,,
513700,1248.1,0.000000,,,,,,,,
513800,1248.3,0.000000,,,,,,,,
513900,1248.5,0.000000,,,,,,,,
514000,1248.7,0.000000,,,,,,,,
514100,1248.9,0.000000,,,,,,,,
514200,1249.1,0.000000,,,,,,,,
514300,1249.4,0.000000,,,,,,,,
514400,1249.6,0.000000,,,,,,,,
514500,1249.8,0.000000,,,,,,,,
514600,1250.0,0.000000,,,,,,,,
514700,1250.2,0.000000,,,,,,,,
514800,1250.5,0.000000,,,,,,,,
514900,1250.7,0.000000,,,,,,,,
515000,1252.1,0.000000,0.000000,4.507036e-02,8.815549e-04,6.737160e-04,0.000000,1.111866e-02,8.611402e-04,6.692795e-04
515100,1252.4,0.000000,,,,,,,,
515200,1252.6,0.000000,,,,,,,,
515300,1252.7,0.000000,,,,,,,,
515400,1252.9,0.000000,,,,,,,,
515500,1253.1,0.000000,,,,,,,,
515600,1253.4,0.000000,,,,,,,,
515700,1253.6,0.000000,,,,,,,,
515800,1253.8,0.000000,,,,,,,,
515900,1254.0,0.000000,,,,,,,,
516000,1254.2,0.000001,,,,,,,,
516100,1254.5,0.000000,,,,,,,,
516200,1254.7,0.000000,,,,,,,,
516300,1254.9,0.000000,,,,,,,,
516400,1255.1,0.000000,,,,,,,,
516500,1255.3,0.000000,,,,,,,,
516600,1255.5,0.000000,,,,,,,,
516700,1255.8,0.000000,,,,,,,,
516800,1256.0,0.000000,,,,,,,,
516900,1256.2,0.000000,,,,,,,,
517000,1256.4,0.000000,,,,,,,,
517100,1256.6,0.000000,,,,,,,,
517200,1256.8,0.000000,,,,,,,,
517300,1257.1,0.000000,,,,,,,,
517400,1257.3,0.000000,,,,,,,,
517500,1257.5,0.000000,,,,,,,,
517600,1257.6,0.000000,,,,,,,,
517700,1257.9,0.000000,,,,,,,,
517800,1258.1,0.000000,,,,,,,,
517900,1258.3,0.000000,,,,,,,,
518000,1258.5,0.000000,,,,,,,,
518100,1258.7,0.000001,,,,,,,,
518200,1258.9,0.000000,,,,,,,,
518300,1259.1,0.000000,,,,,,,,
518400,1259.3,0.000000,,,,,,,,
518500,1259.5,0.000000,,,,,,,,
518600,1259.8,0.000000,,,,,,,,
518700,1260.0,0.000000,,,,,,,,
518800,1260.2,0.000000,,,,,,,,
518900,1260.4,0.000000,,,,,,,,
519000,1260.6,0.000000,,,,,,,,
519100,1260.8,0.000000,,,,,,,,
519200,1261.1,0.000001,,,,,,,,
519300,1261.3,0.000000,,,,,,,,
519400,1261.5,0.000000,,,,,,,,
519500,1261.7,0.000000,,,,,,,,
519600,1261.9,0.000000,,,,,,,,
519700,1262.1,0.000000,,,,,,,,
519800,1262.3,0.000000,,,,,,,,
519900,1262.6,0.000000,,,,,,,,
520000,1264.0,0.000000,0.000000,3.506052e-02,1.513539e-03,1.238607e-03,0.000000,1.969291e-02,1.505899e-03,1.246625e-03
520100,1264.2,0.000000,,,,,,,,
520200,1264.4,0.000000,,,,,,,,
520300,1264.6,0.000000,,,,,,,,
520400,1264.8,0.000000,,,,,,,,
520500,1265.0,0.000000,,,,,,,,
520600,1265.2,0.000000,,,,,,,,
520700,1265.4,0.000000,,,,,,,,
520800,1265.6,0.000000,,,,,,,,
520900,1265.9,0.000000,,,,,,,,
521000,1266.1,0.000000,,,,,,,,
521100,1266.3,0.000000,,,,,,,,
521200,1266.5,0.000000,,,,,,,,
521300,1266.7,0.000000,,,,,,,,
521400,1266.9,0.000000,,,,,,,,
521500,1267.1,0.000000,,,,,,,,
521600,1267.3,0.000000,,,,,,,,
521700,1267.5,0.000000,,,,,,,,
521800,1267.8,0.000000,,,,,,,,
521900,1268.0,0.000000,,,,,,,,
522000,1268.2,0.000000,,,,,,,,
522100,1268.4,0.000000,,,,,,,,
522200,1268.6,0.000000,,,,,,,,
522300,1268.9,0.000000,,,,,,,,
522400,1269.1,0.000000,,,,,,,,
522500,1269.3,0.000000,,,,,,,,
522600,1269.5,0.000000,,,,,,,,
522700,1269.7,0.000000,,,,,,,,
522800,1269.9,0.000000,,,,,,,,
522900,1270.1,0.000000,,,,,,,,
523000,1270.4,0.000000,,,,,,,,
523100,1270.6,0.000000,,,,,,,,
523200,1270.8,0.000000,,,,,,,,
523300,1271.0,0.000000,,,,,,,,
523400,1271.2,0.000000,,,,,,,,
523500,1271.4,0.000000,,,,,,,,
523600,1271.7,0.000002,,,,,,,,
523700,1271.9,0.000000,,,,,,,,
523800,1272.1,0.000000,,,,,,,,
523900,1272.3,0.000000,,,,,,,,
524000,1272.5,0.000000,,,,,,,,
524100,1272.7,0.000000,,,,,,,,
524200,1272.9,0.000000,,,,,,,,
524300,1273.1,0.000000,,,,,,,,
524400,1273.4,0.000000,,,,,,,,
524500,1273.6,0.000000,,,,,,,,
524600,1273.8,0.000000,,,,,,,,
524700,1274.0,0.000000,,,,,,,,
524800,1274.2,0.000000,,,,,,,,
524900,1274.4,0.000000,,,,,,,,
525000,1275.9,0.000000,0.000000,6.990475e-02,1.192159e-03,9.807027e-04,0.000000,1.953364e-02,1.187894e-03,9.900852e-04
525100,1276.1,0.000000,,,,,,,,
525200,1276.3,0.000000,,,,,,,,
525300,1276.5,0.000000,,,,,,,,
525400,1276.7,0.000000,,,,,,,,
525500,1277.0,0.000000,,,,,,,,
525600,1277.2,0.000000,,,,,,,,
525700,1277.4,0.000000,,,,,,,,
525800,1277.6,0.000000,,,,,,,,
525900,1277.8,0.000000,,,,,,,,
526000,1278.0,0.000000,,,,,,,,
526100,1278.2,0.000000,,,,,,,,
526200,1278.4,0.000000,,,,,,,,
526300,1278.7,0.000001,,,,,,,,
526400,1278.9,0.000000,,,,,,,,
526500,1279.1,0.000000,,,,,,,,
526600,1279.3,0.000000,,,,,,,,
526700,1279.5,0.000000,,,,,,,,
526800,1279.7,0.000000,,,,,,,,
526900,1280.0,0.000000,,,,,,,,
527000,1280.2,0.000000,,,,,,,,
527100,1280.4,0.000000,,,,,,,,
527200,1280.6,0.000000,,,,,,,,
527300,1280.8,0.000000,,,,,,,,
527400,1281.0,0.000000,,,,,,,,
527500,1281.3,0.000000,,,,,,,,
527600,1281.5,0.000000,,,,,,,,
527700,1281.7,0.000000,,,,,,,,
527800,1281.9,0.000000,,,,,,,,
527900,1282.1,0.000000,,,,,,,,
528000,1282.3,0.000000,,,,,,,,
528100,1282.6,0.000000,,,,,,,,
528200,1282.8,0.000000,,,,,,,,
528300,1283.0,0.000000,,,,,,,,
528400,1283.2,0.000000,,,,,,,,
528500,1283.4,0.000000,,,,,,,,
528600,1283.6,0.000000,,,,,,,,
528700,1283.9,0.000000,,,,,,,,
528800,1284.1,0.000001,,,,,,,,
528900,1284.3,0.000000,,,,,,,,
529000,1284.5,0.000000,,,,,,,,
529100,1284.7,0.000000,,,,,,,,
529200,1284.9,0.000000,,,,,,,,
529300,1285.1,0.000000,,,,,,,,
529400,1285.4,0.000000,,,,,,,,
529500,1285.6,0.000000,,,,,,,,
529600,1285.8,0.000000,,,,,,,,
529700,1286.0,0.000000,,,,,,,,
529800,1286.2,0.000000,,,,,,,,
529900,1286.4,0.000000,,,,,,,,
530000,1287.9,0.000000,0.000000,4.924483e-02,2.056163e-03,1.866553e-03,0.000000,2.339388e-02,2.039784e-03,1.860261e-03
530100,1288.1,0.000000,,,,,,,,
530200,1288.3,0.000000,,,,,,,,
530300,1288.5,0.000000,,,,,,,,
530400,1288.7,0.000000,,,,,,,,
530500,1288.9,0.000000,,,,,,,,
530600,1289.1,0.000000,,,,,,,,
530700,1289.3,0.000000,,,,,,,,
530800,1289.5,0.000000,,,,,,,,
530900,1289.7,0.000000,,,,,,,,
531000,1289.9,0.000000,,,,,,,,
531100,1290.2,0.000000,,,,,,,,
531200,1290.4,0.000000,,,,,,,,
531300,1290.6,0.000000,,,,,,,,
531400,1290.8,0.000000,,,,,,,,
531500,1291.0,0.000000,,,,,,,,
531600,1291.2,0.000000,,,,,,,,
531700,1291.5,0.000000,,,,,,,,
531800,1291.7,0.000000,,,,,,,,
531900,1291.9,0.000000,,,,,,,,
532000,1292.1,0.000000,,,,,,,,
532100,1292.3,0.000000,,,,,,,,
532200,1292.6,0.000000,,,,,,,,
532300,1292.8,0.000000,,,,,,,,
532400,1293.0,0.000001,,,,,,,,
532500,1293.2,0.000000,,,,,,,,
532600,1293.4,0.000000,,,,,,,,
532700,1293.7,0.000000,,,,,,,,
532800,1293.9,0.000000,,,,,,,,
532900,1294.1,0.000000,,,,,,,,
533000,1294.3,0.000000,,,,,,,,
533100,1294.5,0.000000,,,,,,,,
533200,1294.7,0.000000,,,,,,,,
533300,1294.9,0.000000,,,,,,,,
533400,1295.1,0.000000,,,,,,,,
533500,1295.4,0.000000,,,,,,,,
533600,1295.6,0.000000,,,,,,,,
533700,1295.8,0.000000,,,,,,,,
533800,1296.0,0.000000,,,,,,,,
533900,1296.2,0.000000,,,,,,,,
534000,1296.4,0.000000,,,,,,,,
534100,1296.6,0.000000,,,,,,,,
534200,1296.8,0.000000,,,,,,,,
534300,1297.1,0.000000,,,,,,,,
534400,1297.3,0.000000,,,,,,,,
534500,1297.5,0.000000,,,,,,,,
534600,1297.7,0.000000,,,,,,,,
534700,1297.9,0.000000,,,,,,,,
534800,1298.1,0.000000,,,,,,,,
534900,1298.3,0.000000,,,,,,,,
535000,1299.8,0.000000,0.000000,2.669782e-02,1.061334e-03,8.599477e-04,0.000000,1.527039e-02,1.036966e-03,8.520969e-04
535100,1300.0,0.000000,,,,,,,,
535200,1300.2,0.000000,,,,,,,,
535300,1300.4,0.000000,,,,,,,,
535400,1300.6,0.000000,,,,,,,,
535500,1300.8,0.000000,,,,,,,,
535600,1301.0,0.000000,,,,,,,,
535700,1301.2,0.000000,,,,,,,,
535800,1301.4,0.000000,,,,,,,,
535900,1301.6,0.000000,,,,,,,,
536000,1301.8,0.000000,,,,,,,,
536100,1302.0,0.000000,,,,,,,,
536200,1302.3,0.000000,,,,,,,,
536300,1302.5,0.000000,,,,,,,,
536400,1302.7,0.000000,,,,,,,,
536500,1302.9,0.000000,,,,,,,,
536600,1303.1,0.000000,,,,,,,,
536700,1303.4,0.000000,,,,,,,,
536800,1303.6,0.000000,,,,,,,,
536900,1303.8,0.000000,,,,,,,,
537000,1304.0,0.000000,,,,,,,,
537100,1304.2,0.000000,,,,,,,,
537200,1304.4,0.000000,,,,,,,,
537300,1304.6,0.000000,,,,,,,,
537400,1304.8,0.000000,,,,,,,,
537500,1305.1,0.000000,,,,,,,,
537600,1305.3,0.000000,,,,,,,,
537700,1305.5,0.000000,,,,,,,,
537800,1305.7,0.000000,,,,,,,,
537900,1305.9,0.000000,,,,,,,,
538000,1306.2,0.000000,,,,,,,,
538100,1306.4,0.000000,,,,,,,,
538200,1306.6,0.000000,,,,,,,,
538300,1306.8,0.000000,,,,,,,,
538400,1307.0,0.000000,,,,,,,,
538500,1307.2,0.000000,,,,,,,,
538600,1307.4,0.000000,,,,,,,,
538700,1307.7,0.000000,,,,,,,,
538800,1307.9,0.000000,,,,,,,,
538900,1308.1,0.000000,,,,,,,,
539000,1308.3,0.000000,,,,,,,,
539100,1308.5,0.000000,,,,,,,,
539200,1308.8,0.000000,,,,,,,,
539300,1309.0,0.000000,,,,,,,,
539400,1309.2,0.000000,,,,,,,,
539500,1309.4,0.000000,,,,,,,,
539600,1309.6,0.000000,,,,,,,,
539700,1309.8,0.000000,,,,,,,,
539800,1310.0,0.000000,,,,,,,,
539900,1310.2,0.000000,,,,,,,,
540000,1311.7,0.000000,0.000000,3.266012e-02,1.138641e-03,9.459133e-04,0.000000,2.190156e-02,1.147840e-03,9.664637e-04
540100,1311.9,0.000000,,,,,,,,
540200,1312.1,0.000000,,,,,,,,
540300,1312.3,0.000000,,,,,,,,
540400,1312.5,0.000000,,,,,,,,
540500,1312.7,0.000000,,,,,,,,
540600,1313.0,0.000000,,,,,,,,
540700,1313.2,0.000000,,,,,,,,
540800,1313.4,0.000000,,,,,,,,
540900,1313.6,0.000000,,,,,,,,
541000,1313.8,0.000000,,,,,,,,
541100,1314.1,0.000000,,,,,,,,
541200,1314.3,0.000000,,,,,,,,
541300,1314.5,0.000000,,,,,,,,
541400,1314.7,0.000000,,,,,,,,
541500,1314.9,0.000000,,,,,,,,
541600,1315.1,0.000000,,,,,,,,
541700,1315.3,0.000000,,,,,,,,
541800,1315.5,0.000000,,,,,,,,
541900,1315.7,0.000000,,,,,,,,
542000,1316.0,0.000000,,,,,,,,
542100,1316.2,0.000000,,,,,,,,
542200,1316.4,0.000000,,,,,,,,
542300,1316.6,0.000000,,,,,,,,
542400,1316.8,0.000000,,,,,,,,
542500,1317.0,0.000000,,,,,,,,
542600,1317.3,0.000000,,,,,,,,
542700,1317.5,0.000000,,,,,,,,
542800,1317.7,0.000000,,,,,,,,
542900,1317.9,0.000000,,,,,,,,
543000,1318.1,0.000000,,,,,,,,
543100,1318.3,0.000000,,,,,,,,
543200,1318.6,0.000000,,,,,,,,
543300,1318.8,0.000000,,,,,,,,
543400,1319.0,0.000000,,,,,,,,
543500,1319.2,0.000000,,,,,,,,
543600,1319.4,0.000000,,,,,,,,
543700,1319.6,0.000000,,,,,,,,
543800,1319.8,0.000000,,,,,,,,
543900,1320.1,0.000000,,,,,,,,
544000,1320.3,0.000000,,,,,,,,
544100,1320.5,0.000000,,,,,,,,
544200,1320.7,0.000000,,,,,,,,
544300,1320.9,0.000000,,,,,,,,
544400,1321.2,0.000000,,,,,,,,
544500,1321.4,0.000000,,,,,,,,
544600,1321.6,0.000000,,,,,,,,
544700,1321.8,0.000000,,,,,,,,
544800,1322.0,0.000000,,,,,,,,
544900,1322.2,0.000000,,,,,,,,
545000,1323.7,0.000000,0.000000,4.517526e-02,1.396632e-03,1.151309e-03,0.000000,1.349869e-02,1.342701e-03,1.131539e-03
545100,1323.9,0.000000,,,,,,,,
545200,1324.1,0.000001,,,,,,,,
545300,1324.3,0.000000,,,,,,,,
545400,1324.5,0.000000,,,,,,,,
545500,1324.7,0.000000,,,,,,,,
545600,1324.9,0.000000,,,,,,,,
545700,1325.2,0.000000,,,,,,,,
545800,1325.4,0.000000,,,,,,,,
545900,1325.6,0.000000,,,,,,,,
546000,1325.8,0.000000,,,,,,,,
546100,1326.0,0.000000,,,,,,,,
546200,1326.2,0.000000,,,,,,,,
546300,1326.5,0.000000,,,,,,,,
546400,1326.7,0.000000,,,,,,,,
546500,1326.9,0.000000,,,,,,,,
546600,1327.1,0.000000,,,,,,,,
546700,1327.3,0.000000,,,,,,,,
546800,1327.6,0.000000,,,,,,,,
546900,1327.8,0.000000,,,,,,,,
547000,1328.0,0.000000,,,,,,,,
547100,1328.2,0.000000,,,,,,,,
547200,1328.4,0.000000,,,,,,,,
547300,1328.6,0.000000,,,,,,,,
547400,1328.9,0.000000,,,,,,,,
547500,1329.1,0.000000,,,,,,,,
547600,1329.3,0.000000,,,,,,,,
547700,1329.5,0.000000,,,,,,,,
547800,1329.7,0.000000,,,,,,,,
547900,1330.0,0.000000,,,,,,,,
548000,1330.2,0.000000,,,,,,,,
548100,1330.4,0.000000,,,,,,,,
548200,1330.6,0.000000,,,,,,,,
548300,1330.8,0.000000,,,,,,,,
548400,1331.0,0.000000,,,,,,,,
548500,1331.3,0.000000,,,,,,,,
548600,1331.5,0.000000,,,,,,,,
548700,1331.7,0.000000,,,,,,,,
548800,1331.9,0.000000,,,,,,,,
548900,1332.1,0.000000,,,,,,,,
549000,1332.3,0.000000,,,,,,,,
549100,1332.5,0.000000,,,,,,,,
549200,1332.8,0.000000,,,,,,,,
549300,1333.0,0.000000,,,,,,,,
549400,1333.2,0.000000,,,,,,,,
549500,1333.4,0.000000,,,,,,,,
549600,1333.6,0.000000,,,,,,,,
549700,1333.8,0.000000,,,,,,,,
549800,1334.1,0.000000,,,,,,,,
549900,1334.3,0.000000,,,,,,,,
550000,1335.7,0.000000,0.000000,4.458470e-02,1.264578e-03,1.064086e-03,0.000000,1.362438e-02,1.288818e-03,1.105089e-03
550100,1335.9,0.000000,,,,,,,,
550200,1336.1,0.000000,,,,,,,,
550300,1336.3,0.000000,,,,,,,,
550400,1336.5,0.000000,,,,,,,,
550500,1336.7,0.000000,,,,,,,,
550600,1336.9,0.000000,,,,,,,,
550700,1337.1,0.000000,,,,,,,,
550800,1337.3,0.000000,,,,,,,,
550900,1337.5,0.000000,,,,,,,,
551000,1337.8,0.000000,,,,,,,,
551100,1338.0,0.000000,,,,,,,,
551200,1338.2,0.000000,,,,,,,,
551300,1338.4,0.000000,,,,,,,,
551400,1338.6,0.000000,,,,,,,,
551500,1338.8,0.000000,,,,,,,,
551600,1339.0,0.000000,,,,,,,,
551700,1339.3,0.000000,,,,,,,,
551800,1339.5,0.000000,,,,,,,,
551900,1339.7,0.000000,,,,,,,,
552000,1339.9,0.000000,,,,,,,,
552100,1340.1,0.000000,,,,,,,,
552200,1340.3,0.000000,,,,,,,,
552300,1340.5,0.000000,,,,,,,,
552400,1340.8,0.000000,,,,,,,,
552500,1341.0,0.000000,,,,,,,,
552600,1341.2,0.000000,,,,,,,,
552700,1341.4,0.000000,,,,,,,,
552800,1341.6,0.000000,,,,,,,,
552900,1341.9,0.000000,,,,,,,,
553000,1342.1,0.000000,,,,,,,,
553100,1342.3,0.000000,,,,,,,,
553200,1342.5,0.000000,,,,,,,,
553300,1342.7,0.000000,,,,,,,,
553400,1342.9,0.000000,,,,,,,,
553500,1343.2,0.000000,,,,,,,,
553600,1343.4,0.000000,,,,,,,,
553700,1343.6,0.000000,,,,,,,,
553800,1343.8,0.000000,,,,,,,,
553900,1344.0,0.000000,,,,,,,,
554000,1344.3,0.000000,,,,,,,,
554100,1344.5,0.000000,,,,,,,,
554200,1344.7,0.000000,,,,,,,,
554300,1344.9,0.000000,,,,,,,,
554400,1345.1,0.000000,,,,,,,,
554500,1345.3,0.000000,,,,,,,,
554600,1345.6,0.000000,,,,,,,,
554700,1345.8,0.000000,,,,,,,,
554800,1346.0,0.000000,,,,,,,,
554900,1346.2,0.000000,,,,,,,,
555000,1347.7,0.000000,0.000000,5.463016e-02,1.812587e-03,1.618464e-03,0.000000,2.946378e-02,1.767848e-03,1.603150e-03
555100,1347.9,0.000000,,,,,,,,
555200,1348.1,0.000000,,,,,,,,
555300,1348.3,0.000000,,,,,,,,
555400,1348.5,0.000000,,,,,,,,
555500,1348.7,0.000000,,,,,,,,
555600,1348.9,0.000000,,,,,,,,
555700,1349.1,0.000000,,,,,,,,
555800,1349.3,0.000000,,,,,,,,
555900,1349.5,0.000000,,,,,,,,
556000,1349.7,0.000000,,,,,,,,
556100,1349.9,0.000001,,,,,,,,
556200,1350.2,0.000000,,,,,,,,
556300,1350.4,0.000000,,,,,,,,
556400,1350.6,0.000000,,,,,,,,
556500,1350.8,0.000000,,,,,,,,
556600,1351.0,0.000000,,,,,,,,
556700,1351.3,0.000000,,,,,,,,
556800,1351.5,0.000000,,,,,,,,
556900,1351.7,0.000000,,,,,,,,
557000,1351.9,0.000000,,,,,,,,
557100,1352.1,0.000000,,,,,,,,
557200,1352.3,0.000000,,,,,,,,
557300,1352.6,0.000000,,,,,,,,
557400,1352.8,0.000000,,,,,,,,
557500,1353.0,0.000000,,,,,,,,
557600,1353.2,0.000000,,,,,,,,
557700,1353.4,0.000000,,,,,,,,
557800,1353.6,0.000000,,,,,,,,
557900,1353.8,0.000000,,,,,,,,
558000,1354.1,0.000000,,,,,,,,
558100,1354.3,0.000000,,,,,,,,
558200,1354.5,0.000000,,,,,,,,
558300,1354.7,0.000000,,,,,,,,
558400,1354.9,0.000000,,,,,,,,
558500,1355.1,0.000000,,,,,,,,
558600,1355.4,0.000000,,,,,,,,
558700,1355.6,0.000000,,,,,,,,
558800,1355.8,0.000000,,,,,,,,
558900,1356.0,0.000000,,,,,,,,
559000,1356.2,0.000000,,,,,,,,
559100,1356.5,0.000000,,,,,,,,
559200,1356.7,0.000000,,,,,,,,
559300,1356.9,0.000000,,,,,,,,
559400,1357.1,0.000000,,,,,,,,
559500,1357.3,0.000000,,,,,,,,
559600,1357.5,0.000000,,,,,,,,
559700,1357.7,0.000000,,,,,,,,
559800,1357.9,0.000000,,,,,,,,
559900,1358.2,0.000000,,,,,,,,
560000,1359.6,0.000000,0.000000,2.303623e-02,1.141411e-03,1.003548e-03,0.000000,1.928211e-02,1.111458e-03,9.996294e-04
560100,1359.8,0.000000,,,,,,,,
560200,1360.0,0.000000,,,,,,,,
560300,1360.2,0.000000,,,,,,,,
560400,1360.4,0.000000,,,,,,,,
560500,1360.6,0.000000,,,,,,,,
560600,1360.8,0.000000,,,,,,,,
560700,1361.0,0.000000,,,,,,,,
560800,1361.2,0.000000,,,,,,,,
560900,1361.4,0.000000,,,,,,,,
561000,1361.7,0.000000,,,,,,,,
561100,1361.9,0.000000,,,,,,,,
561200,1362.1,0.000000,,,,,,,,
561300,1362.3,0.000000,,,,,,,,
561400,1362.5,0.000000,,,,,,,,
561500,1362.7,0.000000,,,,,,,,
561600,1363.0,0.000000,,,,,,,,
561700,1363.2,0.000000,,,,,,,,
561800,1363.4,0.000000,,,,,,,,
561900,1363.6,0.000000,,,,,,,,
562000,1363.8,0.000000,,,,,,,,
562100,1364.0,0.000000,,,,,,,,
562200,1364.3,0.000000,,,,,,,,
562300,1364.5,0.000000,,,,,,,,
562400,1364.7,0.000000,,,,,,,,
562500,1364.9,0.000000,,,,,,,,
562600,1365.1,0.000000,,,,,,,,
562700,1365.3,0.000000,,,,,,,,
562800,1365.6,0.000000,,,,,,,,
562900,1365.8,0.000000,,,,,,,,
563000,1366.0,0.000000,,,,,,,,
563100,1366.2,0.000000,,,,,,,,
563200,1366.4,0.000000,,,,,,,,
563300,1366.6,0.000000,,,,,,,,
563400,1366.8,0.000000,,,,,,,,
563500,1367.0,0.000000,,,,,,,,
563600,1367.3,0.000000,,,,,,,,
563700,1367.5,0.000000,,,,,,,,
563800,1367.7,0.000000,,,,,,,,
563900,1367.9,0.000000,,,,,,,,
564000,1368.1,0.000000,,,,,,,,
564100,1368.3,0.000000,,,,,,,,
564200,1368.6,0.000000,,,,,,,,
564300,1368.8,0.000000,,,,,,,,
564400,1369.0,0.000000,,,,,,,,
564500,1369.2,0.000000,,,,,,,,
564600,1369.4,0.000000,,,,,,,,
564700,1369.6,0.000000,,,,,,,,
564800,1369.9,0.000000,,,,,,,,
564900,1370.1,0.000000,,,,,,,,
565000,1371.6,0.000000,0.000000,2.400076e-02,1.689271e-03,1.406283e-03,0.000000,1.653043e-02,1.688158e-03,1.389555e-03
565100,1371.8,0.000000,,,,,,,,
565200,1372.0,0.000000,,,,,,,,
565300,1372.2,0.000000,,,,,,,,
565400,1372.4,0.000000,,,,,,,,
565500,1372.6,0.000000,,,,,,,,
565600,1372.8,0.000000,,,,,,,,
565700,1373.0,0.000000,,,,,,,,
565800,1373.2,0.000000,,,,,,,,
565900,1373.4,0.000000,,,,,,,,
566000,1373.7,0.000000,,,,,,,,
566100,1373.9,0.000000,,,,,,,,
566200,1374.1,0.000000,,,,,,,,
566300,1374.3,0.000000,,,,,,,,
566400,1374.5,0.000000,,,,,,,,
566500,1374.7,0.000000,,,,,,,,
566600,1375.0,0.000000,,,,,,,,
566700,1375.2,0.000000,,,,,,,,
566800,1375.4,0.000000,,,,,,,,
566900,1375.6,0.000000,,,,,,,,
567000,1375.8,0.000000,,,,,,,,
567100,1376.0,0.000000,,,,,,,,
567200,1376.2,0.000000,,,,,,,,
567300,1376.5,0.000001,,,,,,,,
567400,1376.7,0.000000,,,,,,,,
567500,1376.9,0.000000,,,,,,,,
567600,1377.1,0.000000,,,,,,,,
567700,1377.3,0.000000,,,,,,,,
567800,1377.6,0.000000,,,,,,,,
567900,1377.8,0.000000,,,,,,,,
568000,1378.0,0.000000,,,,,,,,
568100,1378.2,0.000000,,,,,,,,
568200,1378.5,0.000000,,,,,,,,
568300,1378.8,0.000000,,,,,,,,
568400,1379.1,0.000000,,,,,,,,
568500,1379.3,0.000000,,,,,,,,
568600,1379.6,0.000000,,,,,,,,
568700,1379.9,0.000000,,,,,,,,
568800,1380.2,0.000000,,,,,,,,
568900,1380.5,0.000000,,,,,,,,
569000,1380.8,0.000000,,,,,,,,
569100,1381.0,0.000000,,,,,,,,
569200,1381.3,0.000000,,,,,,,,
569300,1381.6,0.000000,,,,,,,,
569400,1381.9,0.000000,,,,,,,,
569500,1382.2,0.000000,,,,,,,,
569600,1382.5,0.000000,,,,,,,,
569700,1382.7,0.000000,,,,,,,,
569800,1383.0,0.000000,,,,,,,,
569900,1383.3,0.000000,,,,,,,,
570000,1385.1,0.000000,0.000000,3.066129e-02,1.007169e-03,8.755705e-04,0.000000,8.626231e-03,1.008668e-03,8.896990e-04
570100,1385.4,0.000000,,,,,,,,
570200,1385.7,0.000000,,,,,,,,
570300,1386.0,0.000000,,,,,,,,
570400,1386.2,0.000000,,,,,,,,
570500,1386.4,0.000000,,,,,,,,
570600,1386.6,0.000000,,,,,,,,
570700,1386.9,0.000000,,,,,,,,
570800,1387.1,0.000000,,,,,,,,
570900,1387.3,0.000000,,,,,,,,
571000,1387.5,0.000000,,,,,,,,
571100,1387.7,0.000000,,,,,,,,
571200,1387.9,0.000000,,,,,,,,
571300,1388.1,0.000000,,,,,,,,
571400,1388.3,0.000000,,,,,,,,
571500,1388.6,0.000000,,,,,,,,
571600,1388.8,0.000000,,,,,,,,
571700,1389.0,0.000000,,,,,,,,
571800,1389.2,0.000000,,,,,,,,
571900,1389.4,0.000000,,,,,,,,
572000,1389.7,0.000000,,,,,,,,
572100,1389.9,0.000000,,,,,,,,
572200,1390.1,0.000000,,,,,,,,
572300,1390.3,0.000000,,,,,,,,
572400,1390.5,0.000000,,,,,,,,
572500,1390.8,0.000000,,,,,,,,
572600,1391.0,0.000000,,,,,,,,
572700,1391.2,0.000000,,,,,,,,
572800,1391.4,0.000000,,,,,,,,
572900,1391.6,0.000000,,,,,,,,
573000,1391.8,0.000000,,,,,,,,
573100,1392.1,0.000000,,,,,,,,
573200,1392.3,0.000000,,,,,,,,
573300,1392.5,0.000000,,,,,,,,
573400,1392.7,0.000000,,,,,,,,
573500,1392.9,0.000000,,,,,,,,
573600,1393.2,0.000001,,,,,,,,
573700,1393.4,0.000000,,,,,,,,
573800,1393.6,0.000000,,,,,,,,
573900,1393.8,0.000000,,,,,,,,
574000,1394.0,0.000000,,,,,,,,
574100,1394.2,0.000000,,,,,,,,
574200,1394.5,0.000000,,,,,,,,
574300,1394.7,0.000000,,,,,,,,
574400,1394.9,0.000000,,,,,,,,
574500,1395.1,0.000000,,,,,,,,
574600,1395.3,0.000000,,,,,,,,
574700,1395.6,0.000000,,,,,,,,
574800,1395.8,0.000000,,,,,,,,
574900,1396.0,0.000000,,,,,,,,
575000,1397.4,0.000000,0.000000,8.816462e-02,2.816916e-03,2.360044e-03,0.000000,3.988148e-02,2.784434e-03,2.426205e-03
575100,1397.7,0.000000,,,,,,,,
575200,1397.9,0.000000,,,,,,,,
575300,1398.0,0.000000,,,,,,,,
575400,1398.2,0.000000,,,,,,,,
575500,1398.4,0.000000,,,,,,,,
575600,1398.6,0.000000,,,,,,,,
575700,1398.8,0.000000,,,,,,,,
575800,1399.0,0.000000,,,,,,,,
575900,1399.3,0.000000,,,,,,,,
576000,1399.5,0.000000,,,,,,,,
576100,1399.7,0.000000,,,,,,,,
576200,1399.9,0.000000,,,,,,,,
576300,1400.1,0.000000,,,,,,,,
576400,1400.4,0.000000,,,,,,,,
576500,1400.6,0.000000,,,,,,,,
576600,1400.8,0.000000,,,,,,,,
576700,1401.0,0.000000,,,,,,,,
576800,1401.2,0.000000,,,,,,,,
576900,1401.5,0.000000,,,,,,,,
577000,1401.7,0.000000,,,,,,,,
577100,1401.9,0.000000,,,,,,,,
577200,1402.1,0.000000,,,,,,,,
577300,1402.3,0.000000,,,,,,,,
577400,1402.6,0.000000,,,,,,,,
577500,1402.8,0.000000,,,,,,,,
577600,1403.0,0.000000,,,,,,,,
577700,1403.2,0.000000,,,,,,,,
577800,1403.4,0.000000,,,,,,,,
577900,1403.6,0.000000,,,,,,,,
578000,1403.9,0.000000,,,,,,,,
578100,1404.1,0.000000,,,,,,,,
578200,1404.3,0.000000,,,,,,,,
578300,1404.5,0.000000,,,,,,,,
578400,1404.7,0.000000,,,,,,,,
578500,1404.9,0.000000,,,,,,,,
578600,1405.1,0.000000,,,,,,,,
578700,1405.4,0.000000,,,,,,,,
578800,1405.6,0.000000,,,,,,,,
578900,1405.8,0.000000,,,,,,,,
579000,1406.0,0.000000,,,,,,,,
579100,1406.2,0.000000,,,,,,,,
579200,1406.5,0.000000,,,,,,,,
579300,1406.7,0.000000,,,,,,,,
579400,1406.9,0.000000,,,,,,,,
579500,1407.1,0.000000,,,,,,,,
579600,1407.3,0.000000,,,,,,,,
579700,1407.5,0.000000,,,,,,,,
579800,1407.8,0.000000,,,,,,,,
579900,1408.0,0.000000,,,,,,,,
580000,1409.4,0.000000,0.000000,2.302024e-02,9.775460e-04,8.078157e-04,0.000000,1.488561e-02,9.779471e-04,8.164805e-04
580100,1409.6,0.000000,,,,,,,,
580200,1409.8,0.000000,,,,,,,,
580300,1410.0,0.000000,,,,,,,,
580400,1410.2,0.000000,,,,,,,,
580500,1410.4,0.000000,,,,,,,,
580600,1410.7,0.000000,,,,,,,,
580700,1410.9,0.000000,,,,,,,,
580800,1411.1,0.000000,,,,,,,,
580900,1411.3,0.000000,,,,,,,,
581000,1411.5,0.000000,,,,,,,,
581100,1411.7,0.000000,,,,,,,,
581200,1412.0,0.000000,,,,,,,,
581300,1412.2,0.000000,,,,,,,,
581400,1412.4,0.000000,,,,,,,,
581500,1412.6,0.000000,,,,,,,,
581600,1412.8,0.000000,,,,,,,,
581700,1413.1,0.000000,,,,,,,,
581800,1413.3,0.000000,,,,,,,,
581900,1413.5,0.000000,,,,,,,,
582000,1413.7,0.000000,,,,,,,,
582100,1413.9,0.000000,,,,,,,,
582200,1414.1,0.000000,,,,,,,,
582300,1414.4,0.000000,,,,,,,,
582400,1414.6,0.000000,,,,,,,,
582500,1414.8,0.000000,,,,,,,,
582600,1415.0,0.000000,,,,,,,,
582700,1415.2,0.000000,,,,,,,,
582800,1415.5,0.000000,,,,,,,,
582900,1415.7,0.000000,,,,,,,,
583000,1415.9,0.000000,,,,,,,,
583100,1416.1,0.000000,,,,,,,,
583200,1416.3,0.000000,,,,,,,,
583300,1416.6,0.000000,,,,,,,,
583400,1416.8,0.000000,,,,,,,,
583500,1417.0,0.000000,,,,,,,,
583600,1417.2,0.000000,,,,,,,,
583700,1417.4,0.000000,,,,,,,,
583800,1417.6,0.000000,,,,,,,,
583900,1417.9,0.000000,,,,,,,,
584000,1418.1,0.000000,,,,,,,,
584100,1418.3,0.000000,,,,,,,,
584200,1418.5,0.000000,,,,,,,,
584300,1418.7,0.000000,,,,,,,,
584400,1419.0,0.000000,,,,,,,,
584500,1419.2,0.000000,,,,,,,,
584600,1419.4,0.000000,,,,,,,,
584700,1419.6,0.000000,,,,,,,,
584800,1419.8,0.000000,,,,,,,,
584900,1420.0,0.000000,,,,,,,,
585000,1421.5,0.000000,0.000000,2.826679e-02,1.086367e-03,7.723949e-04,0.000000,1.476241e-02,1.081289e-03,7.730774e-04
585100,1421.8,0.000000,,,,,,,,
585200,1422.0,0.000000,,,,,,,,
585300,1422.3,0.000000,,,,,,,,
585400,1422.6,0.000000,,,,,,,,
585500,1422.8,0.000000,,,,,,,,
585600,1423.1,0.000000,,,,,,,,
585700,1423.4,0.000000,,,,,,,,
585800,1423.7,0.000000,,,,,,,,
585900,1424.0,0.000000,,,,,,,,
586000,1424.3,0.000000,,,,,,,,
586100,1424.6,0.000000,,,,,,,,
586200,1424.8,0.000000,,,,,,,,
586300,1425.1,0.000000,,,,,,,,
586400,1425.4,0.000000,,,,,,,,
586500,1425.7,0.000000,,,,,,,,
586600,1426.0,0.000000,,,,,,,,
586700,1426.2,0.000000,,,,,,,,
586800,1426.5,0.000000,,,,,,,,
586900,1426.8,0.000000,,,,,,,,
587000,1427.1,0.000000,,,,,,,,
587100,1427.3,0.000000,,,,,,,,
587200,1427.6,0.000000,,,,,,,,
587300,1427.9,0.000000,,,,,,,,
587400,1428.2,0.000000,,,,,,,,
587500,1428.5,0.000000,,,,,,,,
587600,1428.8,0.000000,,,,,,,,
587700,1429.1,0.000000,,,,,,,,
587800,1429.3,0.000000,,,,,,,,
587900,1429.5,0.000000,,,,,,,,
588000,1429.7,0.000000,,,,,,,,
588100,1429.9,0.000000,,,,,,,,
588200,1430.1,0.000000,,,,,,,,
588300,1430.3,0.000001,,,,,,,,
588400,1430.6,0.000000,,,,,,,,
588500,1430.8,0.000000,,,,,,,,
588600,1431.0,0.000000,,,,,,,,
588700,1431.2,0.000000,,,,,,,,
588800,1431.4,0.000000,,,,,,,,
588900,1431.6,0.000000,,,,,,,,
589000,1431.9,0.000000,,,,,,,,
589100,1432.1,0.000000,,,,,,,,
589200,1432.3,0.000000,,,,,,,,
589300,1432.5,0.000000,,,,,,,,
589400,1432.7,0.000000,,,,,,,,
589500,1432.9,0.000000,,,,,,,,
589600,1433.2,0.000000,,,,,,,,
589700,1433.4,0.000000,,,,,,,,
589800,1433.6,0.000000,,,,,,,,
589900,1433.8,0.000000,,,,,,,,
590000,1435.3,0.000000,0.000000,2.818794e-02,1.041856e-03,8.759938e-04,0.000000,1.157207e-02,1.008717e-03,8.444517e-04
590100,1435.5,0.000000,,,,,,,,
590200,1435.7,0.000000,,,,,,,,
590300,1435.9,0.000000,,,,,,,,
590400,1436.1,0.000000,,,,,,,,
590500,1436.3,0.000000,,,,,,,,
590600,1436.6,0.000000,,,,,,,,
590700,1436.8,0.000000,,,,,,,,
590800,1437.0,0.000000,,,,,,,,
590900,1437.2,0.000000,,,,,,,,
591000,1437.4,0.000000,,,,,,,,
591100,1437.6,0.000000,,,,,,,,
591200,1437.9,0.000000,,,,,,,,
591300,1438.1,0.000000,,,,,,,,
591400,1438.3,0.000001,,,,,,,,
591500,1438.5,0.000000,,,,,,,,
591600,1438.7,0.000000,,,,,,,,
591700,1438.9,0.000000,,,,,,,,
591800,1439.2,0.000000,,,,,,,,
591900,1439.4,0.000000,,,,,,,,
592000,1439.6,0.000000,,,,,,,,
592100,1439.8,0.000000,,,,,,,,
592200,1440.0,0.000000,,,,,,,,
592300,1440.2,0.000000,,,,,,,,
592400,1440.4,0.000000,,,,,,,,
592500,1440.7,0.000000,,,,,,,,
592600,1440.9,0.000000,,,,,,,,
592700,1441.1,0.000000,,,,,,,,
592800,1441.3,0.000000,,,,,,,,
592900,1441.5,0.000000,,,,,,,,
593000,1441.8,0.000000,,,,,,,,
593100,1442.0,0.000000,,,,,,,,
593200,1442.2,0.000000,,,,,,,,
593300,1442.4,0.000000,,,,,,,,
593400,1442.6,0.000000,,,,,,,,
593500,1442.9,0.000000,,,,,,,,
593600,1443.1,0.000000,,,,,,,,
593700,1443.3,0.000000,,,,,,,,
593800,1443.5,0.000000,,,,,,,,
593900,1443.7,0.000000,,,,,,,,
594000,1444.0,0.000000,,,,,,,,
594100,1444.2,0.000000,,,,,,,,
594200,1444.4,0.000000,,,,,,,,
594300,1444.6,0.000000,,,,,,,,
594400,1444.8,0.000000,,,,,,,,
594500,1445.0,0.000000,,,,,,,,
594600,1445.3,0.000000,,,,,,,,
594700,1445.5,0.000000,,,,,,,,
594800,1445.7,0.000000,,,,,,,,
594900,1445.9,0.000000,,,,,,,,
595000,1447.4,0.000000,0.000000,3.579080e-02,8.529265e-04,6.987228e-04,0.000000,1.976324e-02,8.361762e-04,6.932354e-04
595100,1447.6,0.000000,,,,,,,,
595200,1447.8,0.000000,,,,,,,,
595300,1448.0,0.000000,,,,,,,,
595400,1448.2,0.000000,,,,,,,,
595500,1448.4,0.000000,,,,,,,,
595600,1448.6,0.000000,,,,,,,,
595700,1448.8,0.000000,,,,,,,,
595800,1449.0,0.000000,,,,,,,,
595900,1449.2,0.000000,,,,,,,,
596000,1449.4,0.000000,,,,,,,,
596100,1449.6,0.000000,,,,,,,,
596200,1449.9,0.000000,,,,,,,,
596300,1450.1,0.000000,,,,,,,,
596400,1450.3,0.000000,,,,,,,,
596500,1450.5,0.000000,,,,,,,,
596600,1450.7,0.000000,,,,,,,,
596700,1451.0,0.000000,,,,,,,,
596800,1451.2,0.000000,,,,,,,,
596900,1451.4,0.000000,,,,,,,,
597000,1451.6,0.000000,,,,,,,,
597100,1451.8,0.000000,,,,,,,,
597200,1452.0,0.000000,,,,,,,,
597300,1452.3,0.000000,,,,,,,,
597400,1452.5,0.000000,,,,,,,,
597500,1452.7,0.000000,,,,,,,,
597600,1452.9,0.000000,,,,,,,,
597700,1453.1,0.000000,,,,,,,,
597800,1453.4,0.000001,,,,,,,,
597900,1453.6,0.000000,,,,,,,,
598000,1453.8,0.000000,,,,,,,,
598100,1454.0,0.000000,,,,,,,,
598200,1454.2,0.000000,,,,,,,,
598300,1454.5,0.000000,,,,,,,,
598400,1454.7,0.000000,,,,,,,,
598500,1454.9,0.000000,,,,,,,,
598600,1455.1,0.000000,,,,,,,,
598700,1455.3,0.000000,,,,,,,,
598800,1455.6,0.000000,,,,,,,,
598900,1455.8,0.000000,,,,,,,,
599000,1456.0,0.000000,,,,,,,,
599100,1456.2,0.000000,,,,,,,,
599200,1456.4,0.000000,,,,,,,,
599300,1456.7,0.000000,,,,,,,,
599400,1456.9,0.000000,,,,,,,,
599500,1457.1,0.000000,,,,,,,,
599600,1457.3,0.000000,,,,,,,,
599700,1457.5,0.000000,,,,,,,,
599800,1457.8,0.000000,,,,,,,,
599900,1458.0,0.000000,,,,,,,,
600000,1459.4,0.000000,0.000000,2.741165e-02,7.590231e-04,6.009999e-04,0.000000,1.302744e-02,7.274432e-04,5.849518e-04
600100,1459.6,0.000000,,,,,,,,
600200,1459.8,0.000000,,,,,,,,
600300,1460.0,0.000000,,,,,,,,
600400,1460.2,0.000000,,,,,,,,
600500,1460.4,0.000000,,,,,,,,
600600,1460.7,0.000000,,,,,,,,
600700,1460.9,0.000000,,,,,,,,
600800,1461.1,0.000000,,,,,,,,
600900,1461.3,0.000000,,,,,,,,
601000,1461.5,0.000000,,,,,,,,
601100,1461.7,0.000000,,,,,,,,
601200,1462.0,0.000000,,,,,,,,
601300,1462.2,0.000000,,,,,,,,
601400,1462.4,0.000000,,,,,,,,
601500,1462.6,0.000000,,,,,,,,
601600,1462.8,0.000000,,,,,,,,
601700,1463.0,0.000000,,,,,,,,
601800,1463.3,0.000000,,,,,,,,
601900,1463.5,0.000000,,,,,,,,
602000,1463.7,0.000000,,,,,,,,
602100,1463.9,0.000000,,,,,,,,
602200,1464.1,0.000000,,,,,,,,
602300,1464.4,0.000000,,,,,,,,
602400,1464.6,0.000000,,,,,,,,
602500,1464.8,0.000000,,,,,,,,
602600,1465.0,0.000000,,,,,,,,
602700,1465.2,0.000000,,,,,,,,
602800,1465.5,0.000000,,,,,,,,
602900,1465.7,0.000000,,,,,,,,
603000,1465.9,0.000000,,,,,,,,
603100,1466.1,0.000000,,,,,,,,
603200,1466.3,0.000000,,,,,,,,
603300,1466.5,0.000000,,,,,,,,
603400,1466.7,0.000000,,,,,,,,
603500,1467.0,0.000000,,,,,,,,
603600,1467.2,0.000000,,,,,,,,
603700,1467.4,0.000000,,,,,,,,
603800,1467.6,0.000000,,,,,,,,
603900,1467.8,0.000000,,,,,,,,
604000,1468.0,0.000000,,,,,,,,
604100,1468.3,0.000000,,,,,,,,
604200,1468.5,0.000000,,,,,,,,
604300,1468.7,0.000000,,,,,,,,
604400,1468.9,0.000000,,,,,,,,
604500,1469.1,0.000000,,,,,,,,
604600,1469.3,0.000000,,,,,,,,
604700,1469.6,0.000000,,,,,,,,
604800,1469.8,0.000000,,,,,,,,
604900,1470.0,0.000000,,,,,,,,
605000,1471.4,0.000000,0.000000,6.790561e-02,7.939808e-04,6.305667e-04,0.000000,1.130475e-02,7.725981e-04,6.196832e-04
605100,1471.7,0.000000,,,,,,,,
605200,1471.9,0.000000,,,,,,,,
605300,1472.1,0.000000,,,,,,,,
605400,1472.3,0.000000,,,,,,,,
605500,1472.5,0.000000,,,,,,,,
605600,1472.7,0.000000,,,,,,,,
605700,1472.9,0.000000,,,,,,,,
605800,1473.2,0.000000,,,,,,,,
605900,1473.4,0.000000,,,,,,,,
606000,1473.6,0.000000,,,,,,,,
606100,1473.8,0.000000,,,,,,,,
606200,1474.0,0.000000,,,,,,,,
606300,1474.3,0.000000,,,,,,,,
606400,1474.5,0.000000,,,,,,,,
606500,1474.7,0.000000,,,,,,,,
606600,1474.9,0.000000,,,,,,,,
606700,1475.1,0.000000,,,,,,,,
606800,1475.3,0.000000,,,,,,,,
606900,1475.6,0.000000,,,,,,,,
607000,1475.8,0.000000,,,,,,,,
607100,1476.0,0.000000,,,,,,,,
607200,1476.2,0.000000,,,,,,,,
607300,1476.4,0.000000,,,,,,,,
607400,1476.7,0.000000,,,,,,,,
607500,1476.9,0.000000,,,,,,,,
607600,1477.1,0.000000,,,,,,,,
607700,1477.3,0.000000,,,,,,,,
607800,1477.5,0.000000,,,,,,,,
607900,1477.7,0.000000,,,,,,,,
608000,1478.0,0.000000,,,,,,,,
608100,1478.2,0.000000,,,,,,,,
608200,1478.4,0.000000,,,,,,,,
608300,1478.6,0.000000,,,,,,,,
608400,1478.8,0.000000,,,,,,,,
608500,1479.1,0.000000,,,,,,,,
608600,1479.3,0.000000,,,,,,,,
608700,1479.5,0.000000,,,,,,,,
608800,1479.7,0.000000,,,,,,,,
608900,1479.9,0.000000,,,,,,,,
609000,1480.2,0.000000,,,,,,,,
609100,1480.4,0.000000,,,,,,,,
609200,1480.6,0.000000,,,,,,,,
609300,1480.8,0.000000,,,,,,,,
609400,1481.0,0.000000,,,,,,,,
609500,1481.2,0.000000,,,,,,,,
609600,1481.4,0.000000,,,,,,,,
609700,1481.6,0.000000,,,,,,,,
609800,1481.9,0.000000,,,,,,,,
609900,1482.1,0.000000,,,,,,,,
610000,1483.5,0.000000,0.000000,2.087056e-02,7.762362e-04,6.064832e-04,0.000000,1.597715e-02,7.785137e-04,6.159950e-04
610100,1483.7,0.000000,,,,,,,,
610200,1483.9,0.000000,,,,,,,,
610300,1484.1,0.000000,,,,,,,,
610400,1484.3,0.000000,,,,,,,,
610500,1484.5,0.000000,,,,,,,,
610600,1484.7,0.000000,,,,,,,,
610700,1484.9,0.000000,,,,,,,,
610800,1485.1,0.000000,,,,,,,,
610900,1485.3,0.000000,,,,,,,,
611000,1485.5,0.000000,,,,,,,,
611100,1485.7,0.000000,,,,,,,,
611200,1485.9,0.000000,,,,,,,,
611300,1486.2,0.000000,,,,,,,,
611400,1486.4,0.000000,,,,,,,,
611500,1486.6,0.000000,,,,,,,,
611600,1486.8,0.000000,,,,,,,,
611700,1487.0,0.000000,,,,,,,,
611800,1487.3,0.000000,,,,,,,,
611900,1487.5,0.000000,,,,,,,,
612000,1487.7,0.000000,,,,,,,,
612100,1487.9,0.000000,,,,,,,,
612200,1488.1,0.000000,,,,,,,,
612300,1488.3,0.000000,,,,,,,,
612400,1488.6,0.000000,,,,,,,,
612500,1488.8,0.000000,,,,,,,,
612600,1489.0,0.000000,,,,,,,,
612700,1489.2,0.000000,,,,,,,,
612800,1489.4,0.000000,,,,,,,,
612900,1489.7,0.000000,,,,,,,,
613000,1489.9,0.000000,,,,,,,,
613100,1490.1,0.000000,,,,,,,,
613200,1490.3,0.000000,,,,,,,,
613300,1490.5,0.000000,,,,,,,,
613400,1490.8,0.000000,,,,,,,,
613500,1491.0,0.000000,,,,,,,,
613600,1491.2,0.000000,,,,,,,,
613700,1491.4,0.000000,,,,,,,,
613800,1491.6,0.000000,,,,,,,,
613900,1491.8,0.000000,,,,,,,,
614000,1492.0,0.000000,,,,,,,,
614100,1492.3,0.000000,,,,,,,,
614200,1492.5,0.000000,,,,,,,,
614300,1492.7,0.000000,,,,,,,,
614400,1492.9,0.000000,,,,,,,,
614500,1493.1,0.000000,,,,,,,,
614600,1493.3,0.000000,,,,,,,,
614700,1493.5,0.000000,,,,,,,,
614800,1493.7,0.000000,,,,,,,,
614900,1494.0,0.000000,,,,,,,,
615000,1495.4,0.000000,0.000000,3.954480e-02,1.417135e-03,1.092898e-03,0.000000,2.733583e-02,1.425935e-03,1.127665e-03
615100,1495.6,0.000000,,,,,,,,
615200,1495.8,0.000000,,,,,,,,
615300,1496.0,0.000000,,,,,,,,
615400,1496.2,0.000000,,,,,,,,
615500,1496.4,0.000000,,,,,,,,
615600,1496.6,0.000000,,,,,,,,
615700,1496.8,0.000000,,,,,,,,
615800,1497.1,0.000000,,,,,,,,
615900,1497.3,0.000000,,,,,,,,
616000,1497.5,0.000000,,,,,,,,
616100,1497.7,0.000000,,,,,,,,
616200,1497.9,0.000000,,,,,,,,
616300,1498.1,0.000000,,,,,,,,
616400,1498.3,0.000000,,,,,,,,
616500,1498.6,0.000000,,,,,,,,
616600,1498.8,0.000000,,,,,,,,
616700,1499.0,0.000000,,,,,,,,
616800,1499.2,0.000000,,,,,,,,
616900,1499.4,0.000000,,,,,,,,
617000,1499.6,0.000000,,,,,,,,
617100,1499.8,0.000000,,,,,,,,
617200,1500.0,0.000000,,,,,,,,
617300,1500.3,0.000000,,,,,,,,
617400,1500.5,0.000000,,,,,,,,
617500,1500.7,0.000000,,,,,,,,
617600,1500.9,0.000000,,,,,,,,
617700,1501.1,0.000000,,,,,,,,
617800,1501.3,0.000000,,,,,,,,
617900,1501.6,0.000000,,,,,,,,
618000,1501.8,0.000000,,,,,,,,
618100,1502.0,0.000000,,,,,,,,
618200,1502.2,0.000000,,,,,,,,
618300,1502.4,0.000000,,,,,,,,
618400,1502.6,0.000000,,,,,,,,
618500,1502.8,0.000000,,,,,,,,
618600,1503.1,0.000000,,,,,,,,
618700,1503.3,0.000000,,,,,,,,
618800,1503.5,0.000000,,,,,,,,
618900,1503.7,0.000000,,,,,,,,
619000,1503.9,0.000000,,,,,,,,
619100,1504.1,0.000000,,,,,,,,
619200,1504.3,0.000000,,,,,,,,
619300,1504.5,0.000000,,,,,,,,
619400,1504.8,0.000000,,,,,,,,
619500,1505.0,0.000000,,,,,,,,
619600,1505.2,0.000000,,,,,,,,
619700,1505.4,0.000000,,,,,,,,
619800,1505.6,0.000000,,,,,,,,
619900,1505.8,0.000000,,,,,,,,
620000,1507.3,0.000000,0.000000,4.087467e-02,8.311198e-04,6.346209e-04,0.000000,1.162569e-02,8.157509e-04,6.384535e-04
620100,1507.5,0.000000,,,,,,,,
620200,1507.7,0.000000,,,,,,,,
620300,1507.9,0.000000,,,,,,,,
620400,1508.1,0.000000,,,,,,,,
620500,1508.4,0.000000,,,,,,,,
620600,1508.6,0.000000,,,,,,,,
620700,1508.8,0.000000,,,,,,,,
620800,1509.0,0.000000,,,,,,,,
620900,1509.2,0.000000,,,,,,,,
621000,1509.4,0.000000,,,,,,,,
621100,1509.6,0.000000,,,,,,,,
621200,1509.9,0.000000,,,,,,,,
621300,1510.1,0.000000,,,,,,,,
621400,1510.3,0.000000,,,,,,,,
621500,1510.5,0.000000,,,,,,,,
621600,1510.7,0.000000,,,,,,,,
621700,1510.9,0.000000,,,,,,,,
621800,1511.2,0.000000,,,,,,,,
621900,1511.4,0.000000,,,,,,,,
622000,1511.6,0.000000,,,,,,,,
622100,1511.8,0.000000,,,,,,,,
622200,1512.0,0.000000,,,,,,,,
622300,1512.3,0.000000,,,,,,,,
622400,1512.5,0.000000,,,,,,,,
622500,1512.7,0.000000,,,,,,,,
622600,1512.9,0.000000,,,,,,,,
622700,1513.1,0.000000,,,,,,,,
622800,1513.3,0.000000,,,,,,,,
622900,1513.6,0.000000,,,,,,,,
623000,1513.8,0.000000,,,,,,,,
623100,1514.0,0.000000,,,,,,,,
623200,1514.2,0.000000,,,,,,,,
623300,1514.4,0.000000,,,,,,,,
623400,1514.7,0.000000,,,,,,,,
623500,1514.9,0.000000,,,,,,,,
623600,1515.1,0.000000,,,,,,,,
623700,1515.3,0.000000,,,,,,,,
623800,1515.5,0.000000,,,,,,,,
623900,1515.8,0.000000,,,,,,,,
624000,1516.0,0.000000,,,,,,,,
624100,1516.2,0.000000,,,,,,,,
624200,1516.4,0.000000,,,,,,,,
624300,1516.6,0.000000,,,,,,,,
624400,1516.8,0.000000,,,,,,,,
624500,1517.1,0.000000,,,,,,,,
624600,1517.3,0.000000,,,,,,,,
624700,1517.5,0.000000,,,,,,,,
624800,1517.7,0.000000,,,,,,,,
624900,1517.9,0.000000,,,,,,,,
625000,1519.4,0.000000,0.000000,3.308315e-02,7.185767e-04,6.002354e-04,0.000000,8.195100e-03,7.102057e-04,6.044903e-04
625100,1519.6,0.000000,,,,,,,,
625200,1519.8,0.000000,,,,,,,,
625300,1520.0,0.000000,,,,,,,,
625400,1520.2,0.000000,,,,,,,,
625500,1520.4,0.000000,,,,,,,,
625600,1520.6,0.000000,,,,,,,,
625700,1520.9,0.000000,,,,,,,,
625800,1521.1,0.000000,,,,,,,,
625900,1521.3,0.000000,,,,,,,,
626000,1521.5,0.000000,,,,,,,,
626100,1521.7,0.000000,,,,,,,,
626200,1522.0,0.000000,,,,,,,,
626300,1522.2,0.000000,,,,,,,,
626400,1522.4,0.000000,,,,,,,,
626500,1522.6,0.000000,,,,,,,,
626600,1522.9,0.000000,,,,,,,,
626700,1523.1,0.000000,,,,,,,,
626800,1523.3,0.000000,,,,,,,,
626900,1523.5,0.000000,,,,,,,,
627000,1523.7,0.000000,,,,,,,,
627100,1524.0,0.000000,,,,,,,,
627200,1524.2,0.000000,,,,,,,,
627300,1524.4,0.000000,,,,,,,,
627400,1524.6,0.000000,,,,,,,,
627500,1524.8,0.000000,,,,,,,,
627600,1525.1,0.000000,,,,,,,,
627700,1525.3,0.000000,,,,,,,,
627800,1525.5,0.000000,,,,,,,,
627900,1525.7,0.000000,,,,,,,,
628000,1525.9,0.000000,,,,,,,,
628100,1526.2,0.000000,,,,,,,,
628200,1526.4,0.000000,,,,,,,,
628300,1526.6,0.000000,,,,,,,,
628400,1526.8,0.000000,,,,,,,,
628500,1527.0,0.000000,,,,,,,,
628600,1527.2,0.000000,,,,,,,,
628700,1527.4,0.000000,,,,,,,,
628800,1527.7,0.000000,,,,,,,,
628900,1527.9,0.000000,,,,,,,,
629000,1528.1,0.000000,,,,,,,,
629100,1528.3,0.000000,,,,,,,,
629200,1528.5,0.000000,,,,,,,,
629300,1528.7,0.000000,,,,,,,,
629400,1529.0,0.000000,,,,,,,,
629500,1529.2,0.000000,,,,,,,,
629600,1529.4,0.000000,,,,,,,,
629700,1529.6,0.000000,,,,,,,,
629800,1529.8,0.000000,,,,,,,,
629900,1530.1,0.000000,,,,,,,,
630000,1531.5,0.000000,0.000000,2.275312e-02,9.848041e-04,8.227100e-04,0.000000,1.249815e-02,9.839387e-04,8.316626e-04
630100,1531.8,0.000000,,,,,,,,
630200,1532.0,0.000000,,,,,,,,
630300,1532.1,0.000000,,,,,,,,
630400,1532.3,0.000000,,,,,,,,
630500,1532.5,0.000000,,,,,,,,
630600,1532.7,0.000000,,,,,,,,
630700,1533.0,0.000000,,,,,,,,
630800,1533.2,0.000000,,,,,,,,
630900,1533.4,0.000000,,,,,,,,
631000,1533.6,0.000000,,,,,,,,
631100,1533.8,0.000000,,,,,,,,
631200,1534.0,0.000000,,,,,,,,
631300,1534.2,0.000000,,,,,,,,
631400,1534.5,0.000000,,,,,,,,
631500,1534.7,0.000000,,,,,,,,
631600,1534.9,0.000000,,,,,,,,
631700,1535.1,0.000000,,,,,,,,
631800,1535.3,0.000000,,,,,,,,
631900,1535.5,0.000000,,,,,,,,
632000,1535.8,0.000000,,,,,,,,
632100,1536.0,0.000000,,,,,,,,
632200,1536.2,0.000000,,,,,,,,
632300,1536.4,0.000000,,,,,,,,
632400,1536.6,0.000000,,,,,,,,
632500,1536.8,0.000000,,,,,,,,
632600,1537.0,0.000000,,,,,,,,
632700,1537.2,0.000000,,,,,,,,
632800,1537.4,0.000000,,,,,,,,
632900,1537.7,0.000000,,,,,,,,
633000,1537.9,0.000000,,,,,,,,
633100,1538.1,0.000000,,,,,,,,
633200,1538.3,0.000000,,,,,,,,
633300,1538.5,0.000000,,,,,,,,
633400,1538.7,0.000000,,,,,,,,
633500,1539.0,0.000000,,,,,,,,
633600,1539.2,0.000000,,,,,,,,
633700,1539.4,0.000000,,,,,,,,
633800,1539.6,0.000000,,,,,,,,
633900,1539.8,0.000000,,,,,,,,
634000,1540.0,0.000000,,,,,,,,
634100,1540.2,0.000000,,,,,,,,
634200,1540.5,0.000000,,,,,,,,
634300,1540.7,0.000000,,,,,,,,
634400,1540.9,0.000000,,,,,,,,
634500,1541.1,0.000000,,,,,,,,
634600,1541.3,0.000000,,,,,,,,
634700,1541.5,0.000000,,,,,,,,
634800,1541.8,0.000000,,,,,,,,
634900,1542.0,0.000000,,,,,,,,
635000,1543.4,0.000000,0.000000,4.554147e-02,5.744671e-04,4.590845e-04,0.000000,9.859749e-03,5.500195e-04,4.479898e-04
635100,1543.6,0.000000,,,,,,,,
635200,1543.8,0.000000,,,,,,,,
635300,1544.0,0.000000,,,,,,,,
635400,1544.2,0.000000,,,,,,,,
635500,1544.4,0.000000,,,,,,,,
635600,1544.6,0.000000,,,,,,,,
635700,1544.8,0.000000,,,,,,,,
635800,1545.0,0.000000,,,,,,,,
635900,1545.2,0.000000,,,,,,,,
636000,1545.5,0.000000,,,,,,,,
636100,1545.7,0.000000,,,,,,,,
636200,1545.9,0.000000,,,,,,,,
636300,1546.1,0.000000,,,,,,,,
636400,1546.3,0.000000,,,,,,,,
636500,1546.5,0.000000,,,,,,,,
636600,1546.7,0.000000,,,,,,,,
636700,1547.0,0.000000,,,,,,,,
636800,1547.2,0.000000,,,,,,,,
636900,1547.4,0.000000,,,,,,,,
637000,1547.6,0.000000,,,,,,,,
637100,1547.8,0.000000,,,,,,,,
637200,1548.0,0.000000,,,,,,,,
637300,1548.3,0.000000,,,,,,,,
637400,1548.5,0.000000,,,,,,,,
637500,1548.7,0.000000,,,,,,,,
637600,1548.9,0.000000,,,,,,,,
637700,1549.1,0.000000,,,,,,,,
637800,1549.4,0.000000,,,,,,,,
637900,1549.6,0.000000,,,,,,,,
638000,1549.8,0.000000,,,,,,,,
638100,1550.0,0.000000,,,,,,,,
638200,1550.2,0.000000,,,,,,,,
638300,1550.4,0.000000,,,,,,,,
638400,1550.6,0.000000,,,,,,,,
638500,1550.8,0.000000,,,,,,,,
638600,1551.0,0.000000,,,,,,,,
638700,1551.3,0.000000,,,,,,,,
638800,1551.5,0.000000,,,,,,,,
638900,1551.7,0.000000,,,,,,,,
639000,1551.9,0.000000,,,,,,,,
639100,1552.1,0.000000,,,,,,,,
639200,1552.3,0.000000,,,,,,,,
639300,1552.6,0.000000,,,,,,,,
639400,1552.8,0.000000,,,,,,,,
639500,1553.0,0.000000,,,,,,,,
639600,1553.2,0.000000,,,,,,,,
639700,1553.4,0.000000,,,,,,,,
639800,1553.7,0.000000,,,,,,,,
639900,1553.9,0.000000,,,,,,,,
640000,1555.3,0.000000,0.000000,3.647513e-02,8.328801e-04,6.726364e-04,0.000000,1.000930e-02,8.325629e-04,6.911891e-04
640100,1555.5,0.000000,,,,,,,,
640200,1555.7,0.000000,,,,,,,,
640300,1555.9,0.000000,,,,,,,,
640400,1556.1,0.000000,,,,,,,,
640500,1556.3,0.000000,,,,,,,,
640600,1556.5,0.000000,,,,,,,,
640700,1556.7,0.000000,,,,,,,,
640800,1556.9,0.000000,,,,,,,,
640900,1557.2,0.000000,,,,,,,,
641000,1557.4,0.000000,,,,,,,,
641100,1557.6,0.000000,,,,,,,,
641200,1557.8,0.000000,,,,,,,,
641300,1558.0,0.000000,,,,,,,,
641400,1558.2,0.000000,,,,,,,,
641500,1558.4,0.000000,,,,,,,,
641600,1558.7,0.000000,,,,,,,,
641700,1558.9,0.000000,,,,,,,,
641800,1559.1,0.000000,,,,,,,,
641900,1559.3,0.000000,,,,,,,,
642000,1559.5,0.000000,,,,,,,,
642100,1559.7,0.000000,,,,,,,,
642200,1560.0,0.000000,,,,,,,,
642300,1560.2,0.000000,,,,,,,,
642400,1560.4,0.000000,,,,,,,,
642500,1560.6,0.000000,,,,,,,,
642600,1560.8,0.000000,,,,,,,,
642700,1561.1,0.000000,,,,,,,,
642800,1561.3,0.000000,,,,,,,,
642900,1561.5,0.000000,,,,,,,,
643000,1561.7,0.000000,,,,,,,,
643100,1561.9,0.000000,,,,,,,,
643200,1562.1,0.000000,,,,,,,,
643300,1562.4,0.000000,,,,,,,,
643400,1562.6,0.000000,,,,,,,,
643500,1562.8,0.000000,,,,,,,,
643600,1563.0,0.000000,,,,,,,,
643700,1563.2,0.000000,,,,,,,,
643800,1563.5,0.000000,,,,,,,,
643900,1563.7,0.000000,,,,,,,,
644000,1563.9,0.000000,,,,,,,,
644100,1564.1,0.000000,,,,,,,,
644200,1564.3,0.000000,,,,,,,,
644300,1564.5,0.000000,,,,,,,,
644400,1564.7,0.000000,,,,,,,,
644500,1565.0,0.000000,,,,,,,,
644600,1565.2,0.000000,,,,,,,,
644700,1565.4,0.000000,,,,,,,,
644800,1565.6,0.000000,,,,,,,,
644900,1565.8,0.000000,,,,,,,,
645000,1567.3,0.000000,0.000000,4.521604e-02,7.504538e-04,5.204263e-04,0.000000,2.461625e-02,7.283063e-04,5.194211e-04
645100,1567.5,0.000000,,,,,,,,
645200,1567.7,0.000000,,,,,,,,
645300,1567.9,0.000000,,,,,,,,
645400,1568.1,0.000000,,,,,,,,
645500,1568.3,0.000000,,,,,,,,
645600,1568.5,0.000000,,,,,,,,
645700,1568.8,0.000000,,,,,,,,
645800,1569.0,0.000000,,,,,,,,
645900,1569.2,0.000000,,,,,,,,
646000,1569.4,0.000000,,,,,,,,
646100,1569.6,0.000000,,,,,,,,
646200,1569.9,0.000000,,,,,,,,
646300,1570.1,0.000000,,,,,,,,
646400,1570.3,0.000000,,,,,,,,
646500,1570.5,0.000000,,,,,,,,
646600,1570.7,0.000000,,,,,,,,
646700,1570.9,0.000000,,,,,,,,
646800,1571.2,0.000000,,,,,,,,
646900,1571.4,0.000000,,,,,,,,
647000,1571.6,0.000000,,,,,,,,
647100,1571.8,0.000000,,,,,,,,
647200,1572.0,0.000000,,,,,,,,
647300,1572.2,0.000000,,,,,,,,
647400,1572.5,0.000000,,,,,,,,
647500,1572.7,0.000000,,,,,,,,
647600,1572.9,0.000000,,,,,,,,
647700,1573.1,0.000000,,,,,,,,
647800,1573.3,0.000000,,,,,,,,
647900,1573.5,0.000000,,,,,,,,
648000,1573.8,0.000000,,,,,,,,
648100,1574.0,0.000000,,,,,,,,
648200,1574.2,0.000000,,,,,,,,
648300,1574.4,0.000000,,,,,,,,
648400,1574.6,0.000000,,,,,,,,
648500,1574.8,0.000000,,,,,,,,
648600,1575.0,0.000000,,,,,,,,
648700,1575.2,0.000000,,,,,,,,
648800,1575.5,0.000000,,,,,,,,
648900,1575.7,0.000000,,,,,,,,
649000,1575.9,0.000000,,,,,,,,
649100,1576.1,0.000000,,,,,,,,
649200,1576.3,0.000000,,,,,,,,
649300,1576.5,0.000000,,,,,,,,
649400,1576.8,0.000000,,,,,,,,
649500,1577.0,0.000000,,,,,,,,
649600,1577.2,0.000000,,,,,,,,
649700,1577.4,0.000000,,,,,,,,
649800,1577.6,0.000000,,,,,,,,
649900,1577.9,0.000000,,,,,,,,
650000,1579.3,0.000000,0.000000,6.350013e-02,9.689688e-04,6.726071e-04,0.000000,2.231890e-02,9.519662e-04,6.763870e-04
650100,1579.5,0.000000,,,,,,,,
650200,1579.7,0.000000,,,,,,,,
650300,1579.9,0.000000,,,,,,,,
650400,1580.1,0.000000,,,,,,,,
650500,1580.3,0.000000,,,,,,,,
650600,1580.5,0.000000,,,,,,,,
650700,1580.7,0.000000,,,,,,,,
650800,1581.0,0.000000,,,,,,,,
650900,1581.2,0.000000,,,,,,,,
651000,1581.4,0.000000,,,,,,,,
651100,1581.6,0.000000,,,,,,,,
651200,1581.8,0.000000,,,,,,,,
651300,1582.0,0.000000,,,,,,,,
651400,1582.2,0.000000,,,,,,,,
651500,1582.5,0.000000,,,,,,,,
651600,1582.7,0.000000,,,,,,,,
651700,1582.9,0.000000,,,,,,,,
651800,1583.1,0.000000,,,,,,,,
651900,1583.3,0.000000,,,,,,,,
652000,1583.5,0.000000,,,,,,,,
652100,1583.7,0.000000,,,,,,,,
652200,1583.9,0.000000,,,,,,,,
652300,1584.2,0.000000,,,,,,,,
652400,1584.4,0.000000,,,,,,,,
652500,1584.6,0.000000,,,,,,,,
652600,1584.8,0.000000,,,,,,,,
652700,1585.0,0.000000,,,,,,,,
652800,1585.2,0.000000,,,,,,,,
652900,1585.4,0.000000,,,,,,,,
653000,1585.7,0.000000,,,,,,,,
653100,1585.9,0.000000,,,,,,,,
653200,1586.1,0.000000,,,,,,,,
653300,1586.3,0.000000,,,,,,,,
653400,1586.5,0.000000,,,,,,,,
653500,1586.7,0.000000,,,,,,,,
653600,1586.9,0.000000,,,,,,,,
653700,1587.2,0.000000,,,,,,,,
653800,1587.4,0.000000,,,,,,,,
653900,1587.6,0.000000,,,,,,,,
654000,1587.8,0.000000,,,,,,,,
654100,1588.0,0.000000,,,,,,,,
654200,1588.2,0.000000,,,,,,,,
654300,1588.4,0.000000,,,,,,,,
654400,1588.6,0.000000,,,,,,,,
654500,1588.9,0.000000,,,,,,,,
654600,1589.1,0.000000,,,,,,,,
654700,1589.3,0.000000,,,,,,,,
654800,1589.5,0.000000,,,,,,,,
654900,1589.7,0.000000,,,,,,,,
655000,1591.2,0.000000,0.000000,7.347079e-02,1.276950e-03,1.033594e-03,0.000000,1.846101e-02,1.259379e-03,1.039520e-03
655100,1591.4,0.000000,,,,,,,,
655200,1591.6,0.000000,,,,,,,,
655300,1591.8,0.000000,,,,,,,,
655400,1592.0,0.000000,,,,,,,,
655500,1592.2,0.000000,,,,,,,,
655600,1592.4,0.000000,,,,,,,,
655700,1592.6,0.000000,,,,,,,,
655800,1592.8,0.000000,,,,,,,,
655900,1593.0,0.000000,,,,,,,,
656000,1593.2,0.000000,,,,,,,,
656100,1593.5,0.000000,,,,,,,,
656200,1593.7,0.000000,,,,,,,,
656300,1593.9,0.000000,,,,,,,,
656400,1594.1,0.000000,,,,,,,,
656500,1594.3,0.000000,,,,,,,,
656600,1594.5,0.000000,,,,,,,,
656700,1594.8,0.000000,,,,,,,,
656800,1595.0,0.000000,,,,,,,,
656900,1595.2,0.000000,,,,,,,,
657000,1595.4,0.000000,,,,,,,,
657100,1595.6,0.000000,,,,,,,,
657200,1595.8,0.000000,,,,,,,,
657300,1596.0,0.000000,,,,,,,,
657400,1596.2,0.000000,,,,,,,,
657500,1596.4,0.000000,,,,,,,,
657600,1596.6,0.000000,,,,,,,,
657700,1596.9,0.000000,,,,,,,,
657800,1597.1,0.000000,,,,,,,,
657900,1597.3,0.000000,,,,,,,,
658000,1597.5,0.000000,,,,,,,,
658100,1597.7,0.000000,,,,,,,,
658200,1597.9,0.000000,,,,,,,,
658300,1598.2,0.000000,,,,,,,,
658400,1598.4,0.000000,,,,,,,,
658500,1598.6,0.000000,,,,,,,,
658600,1598.8,0.000000,,,,,,,,
658700,1599.0,0.000000,,,,,,,,
658800,1599.2,0.000000,,,,,,,,
658900,1599.4,0.000000,,,,,,,,
659000,1599.6,0.000000,,,,,,,,
659100,1599.8,0.000000,,,,,,,,
659200,1600.1,0.000000,,,,,,,,
659300,1600.3,0.000000,,,,,,,,
659400,1600.5,0.000000,,,,,,,,
659500,1600.7,0.000000,,,,,,,,
659600,1600.9,0.000000,,,,,,,,
659700,1601.1,0.000000,,,,,,,,
659800,1601.3,0.000000,,,,,,,,
659900,1601.5,0.000000,,,,,,,,
660000,1603.0,0.000000,0.000000,2.699084e-02,7.865432e-04,7.112440e-04,0.000000,6.531962e-03,7.791355e-04,7.119753e-04
660100,1603.2,0.000000,,,,,,,,
660200,1603.4,0.000000,,,,,,,,
660300,1603.6,0.000000,,,,,,,,
660400,1603.8,0.000000,,,,,,,,
660500,1604.0,0.000000,,,,,,,,
660600,1604.2,0.000000,,,,,,,,
660700,1604.4,0.000000,,,,,,,,
660800,1604.6,0.000000,,,,,,,,
660900,1604.8,0.000000,,,,,,,,
661000,1605.1,0.000000,,,,,,,,
661100,1605.3,0.000000,,,,,,,,
661200,1605.5,0.000000,,,,,,,,
661300,1605.7,0.000000,,,,,,,,
661400,1605.9,0.000000,,,,,,,,
661500,1606.1,0.000000,,,,,,,,
661600,1606.3,0.000000,,,,,,,,
661700,1606.5,0.000000,,,,,,,,
661800,1606.7,0.000000,,,,,,,,
661900,1607.0,0.000000,,,,,,,,
662000,1607.2,0.000000,,,,,,,,
662100,1607.4,0.000000,,,,,,,,
662200,1607.6,0.000000,,,,,,,,
662300,1607.8,0.000000,,,,,,,,
662400,1608.0,0.000000,,,,,,,,
662500,1608.3,0.000000,,,,,,,,
662600,1608.5,0.000000,,,,,,,,
662700,1608.7,0.000000,,,,,,,,
662800,1608.9,0.000000,,,,,,,,
662900,1609.1,0.000000,,,,,,,,
663000,1609.3,0.000000,,,,,,,,
663100,1609.6,0.000000,,,,,,,,
663200,1609.8,0.000000,,,,,,,,
663300,1610.0,0.000000,,,,,,,,
663400,1610.2,0.000000,,,,,,,,
663500,1610.4,0.000000,,,,,,,,
663600,1610.6,0.000000,,,,,,,,
663700,1610.9,0.000000,,,,,,,,
663800,1611.1,0.000000,,,,,,,,
663900,1611.3,0.000000,,,,,,,,
664000,1611.5,0.000000,,,,,,,,
664100,1611.7,0.000000,,,,,,,,
664200,1611.9,0.000000,,,,,,,,
664300,1612.1,0.000000,,,,,,,,
664400,1612.4,0.000000,,,,,,,,
664500,1612.6,0.000000,,,,,,,,
664600,1612.8,0.000000,,,,,,,,
664700,1613.0,0.000000,,,,,,,,
664800,1613.2,0.000000,,,,,,,,
664900,1613.4,0.000000,,,,,,,,
665000,1614.9,0.000000,0.000000,3.606052e-02,6.275159e-04,5.075732e-04,0.000000,6.752906e-03,6.223617e-04,5.163483e-04
665100,1615.1,0.000000,,,,,,,,
665200,1615.3,0.000000,,,,,,,,
665300,1615.5,0.000000,,,,,,,,
665400,1615.8,0.000000,,,,,,,,
665500,1616.0,0.000000,,,,,,,,
665600,1616.2,0.000000,,,,,,,,
665700,1616.4,0.000000,,,,,,,,
665800,1616.6,0.000000,,,,,,,,
665900,1616.8,0.000000,,,,,,,,
666000,1617.1,0.000000,,,,,,,,
666100,1617.3,0.000000,,,,,,,,
666200,1617.5,0.000000,,,,,,,,
666300,1617.7,0.000000,,,,,,,,
666400,1617.9,0.000000,,,,,,,,
666500,1618.2,0.000000,,,,,,,,
666600,1618.4,0.000000,,,,,,,,
666700,1618.6,0.000000,,,,,,,,
666800,1618.8,0.000000,,,,,,,,
666900,1619.0,0.000000,,,,,,,,
667000,1619.2,0.000000,,,,,,,,
667100,1619.4,0.000000,,,,,,,,
667200,1619.7,0.000000,,,,,,,,
667300,1619.9,0.000000,,,,,,,,
667400,1620.1,0.000000,,,,,,,,
667500,1620.3,0.000000,,,,,,,,
667600,1620.5,0.000000,,,,,,,,
667700,1620.7,0.000000,,,,,,,,
667800,1620.9,0.000000,,,,,,,,
667900,1621.2,0.000000,,,,,,,,
668000,1621.4,0.000000,,,,,,,,
668100,1621.6,0.000000,,,,,,,,
668200,1621.8,0.000000,,,,,,,,
668300,1622.0,0.000000,,,,,,,,
668400,1622.2,0.000000,,,,,,,,
668500,1622.4,0.000000,,,,,,,,
668600,1622.7,0.000000,,,,,,,,
668700,1622.9,0.000000,,,,,,,,
668800,1623.1,0.000000,,,,,,,,
668900,1623.3,0.000000,,,,,,,,
669000,1623.5,0.000000,,,,,,,,
669100,1623.7,0.000000,,,,,,,,
669200,1624.0,0.000000,,,,,,,,
669300,1624.2,0.000000,,,,,,,,
669400,1624.4,0.000000,,,,,,,,
669500,1624.6,0.000000,,,,,,,,
669600,1624.8,0.000000,,,,,,,,
669700,1625.0,0.000000,,,,,,,,
669800,1625.3,0.000000,,,,,,,,
669900,1625.5,0.000000,,,,,,,,
670000,1627.0,0.000000,0.000000,2.232223e-02,6.645529e-04,5.690642e-04,0.000000,1.006956e-02,6.533521e-04,5.685237e-04
670100,1627.2,0.000000,,,,,,,,
670200,1627.4,0.000000,,,,,,,,
670300,1627.6,0.000000,,,,,,,,
670400,1627.8,0.000000,,,,,,,,
670500,1628.0,0.000000,,,,,,,,
670600,1628.2,0.000000,,,,,,,,
670700,1628.5,0.000000,,,,,,,,
670800,1628.7,0.000000,,,,,,,,
670900,1628.9,0.000000,,,,,,,,
671000,1629.1,0.000000,,,,,,,,
671100,1629.3,0.000000,,,,,,,,
671200,1629.5,0.000000,,,,,,,,
671300,1629.8,0.000000,,,,,,,,
671400,1630.0,0.000000,,,,,,,,
671500,1630.2,0.000000,,,,,,,,
671600,1630.4,0.000000,,,,,,,,
671700,1630.6,0.000000,,,,,,,,
671800,1630.8,0.000000,,,,,,,,
671900,1631.0,0.000000,,,,,,,,
672000,1631.2,0.000000,,,,,,,,
672100,1631.5,0.000000,,,,,,,,
672200,1631.7,0.000000,,,,,,,,
672300,1631.9,0.000000,,,,,,,,
672400,1632.1,0.000000,,,,,,,,
672500,1632.3,0.000000,,,,,,,,
672600,1632.5,0.000000,,,,,,,,
672700,1632.7,0.000000,,,,,,,,
672800,1632.9,0.000000,,,,,,,,
672900,1633.1,0.000000,,,,,,,,
673000,1633.3,0.000000,,,,,,,,
673100,1633.6,0.000000,,,,,,,,
673200,1633.8,0.000000,,,,,,,,
673300,1634.0,0.000000,,,,,,,,
673400,1634.2,0.000000,,,,,,,,
673500,1634.4,0.000000,,,,,,,,
673600,1634.6,0.000000,,,,,,,,
673700,1634.8,0.000000,,,,,,,,
673800,1635.0,0.000000,,,,,,,,
673900,1635.2,0.000000,,,,,,,,
674000,1635.4,0.000000,,,,,,,,
674100,1635.7,0.000000,,,,,,,,
674200,1635.9,0.000000,,,,,,,,
674300,1636.1,0.000000,,,,,,,,
674400,1636.3,0.000000,,,,,,,,
674500,1636.5,0.000000,,,,,,,,
674600,1636.7,0.000000,,,,,,,,
674700,1636.9,0.000000,,,,,,,,
674800,1637.2,0.000000,,,,,,,,
674900,1637.4,0.000000,,,,,,,,
675000,1638.9,0.000000,0.000000,2.844400e-02,5.752484e-04,4.694355e-04,0.000000,6.546267e-03,5.698917e-04,4.726859e-04
675100,1639.1,0.000000,,,,,,,,
675200,1639.3,0.000000,,,,,,,,
675300,1639.5,0.000000,,,,,,,,
675400,1639.7,0.000000,,,,,,,,
675500,1639.9,0.000000,,,,,,,,
675600,1640.1,0.000000,,,,,,,,
675700,1640.3,0.000000,,,,,,,,
675800,1640.5,0.000000,,,,,,,,
675900,1640.7,0.000000,,,,,,,,
676000,1641.0,0.000000,,,,,,,,
676100,1641.2,0.000001,,,,,,,,
676200,1641.4,0.000000,,,,,,,,
676300,1641.6,0.000000,,,,,,,,
676400,1641.8,0.000000,,,,,,,,
676500,1642.0,0.000000,,,,,,,,
676600,1642.3,0.000000,,,,,,,,
676700,1642.5,0.000000,,,,,,,,
676800,1642.7,0.000000,,,,,,,,
676900,1642.9,0.000000,,,,,,,,
677000,1643.1,0.000000,,,,,,,,
677100,1643.3,0.000000,,,,,,,,
677200,1643.6,0.000000,,,,,,,,
677300,1643.8,0.000000,,,,,,,,
677400,1644.0,0.000000,,,,,,,,
677500,1644.2,0.000000,,,,,,,,
677600,1644.4,0.000000,,,,,,,,
677700,1644.6,0.000000,,,,,,,,
677800,1644.9,0.000000,,,,,,,,
677900,1645.1,0.000000,,,,,,,,
678000,1645.3,0.000000,,,,,,,,
678100,1645.5,0.000000,,,,,,,,
678200,1645.8,0.000000,,,,,,,,
678300,1646.0,0.000000,,,,,,,,
678400,1646.2,0.000000,,,,,,,,
678500,1646.4,0.000000,,,,,,,,
678600,1646.6,0.000000,,,,,,,,
678700,1646.9,0.000000,,,,,,,,
678800,1647.1,0.000000,,,,,,,,
678900,1647.3,0.000000,,,,,,,,
679000,1647.5,0.000000,,,,,,,,
679100,1647.7,0.000000,,,,,,,,
679200,1647.9,0.000000,,,,,,,,
679300,1648.1,0.000000,,,,,,,,
679400,1648.3,0.000000,,,,,,,,
679500,1648.5,0.000000,,,,,,,,
679600,1648.8,0.000000,,,,,,,,
679700,1649.0,0.000000,,,,,,,,
679800,1649.2,0.000000,,,,,,,,
679900,1649.4,0.000000,,,,,,,,
680000,1650.9,0.000000,0.000000,2.028651e-02,5.530402e-04,4.570282e-04,0.000000,9.439954e-03,5.420572e-04,4.555331e-04
680100,1651.1,0.000000,,,,,,,,
680200,1651.3,0.000000,,,,,,,,
680300,1651.5,0.000000,,,,,,,,
680400,1651.7,0.000000,,,,,,,,
680500,1651.9,0.000000,,,,,,,,
680600,1652.2,0.000000,,,,,,,,
680700,1652.4,0.000000,,,,,,,,
680800,1652.6,0.000000,,,,,,,,
680900,1652.8,0.000000,,,,,,,,
681000,1653.0,0.000000,,,,,,,,
681100,1653.2,0.000000,,,,,,,,
681200,1653.5,0.000000,,,,,,,,
681300,1653.7,0.000000,,,,,,,,
681400,1653.9,0.000000,,,,,,,,
681500,1654.1,0.000000,,,,,,,,
681600,1654.3,0.000000,,,,,,,,
681700,1654.5,0.000000,,,,,,,,
681800,1654.8,0.000000,,,,,,,,
681900,1655.0,0.000000,,,,,,,,
682000,1655.2,0.000000,,,,,,,,
682100,1655.4,0.000000,,,,,,,,
682200,1655.6,0.000000,,,,,,,,
682300,1655.9,0.000000,,,,,,,,
682400,1656.1,0.000000,,,,,,,,
682500,1656.3,0.000000,,,,,,,,
682600,1656.5,0.000000,,,,,,,,
682700,1656.7,0.000000,,,,,,,,
682800,1656.9,0.000000,,,,,,,,
682900,1657.1,0.000000,,,,,,,,
683000,1657.3,0.000000,,,,,,,,
683100,1657.6,0.000000,,,,,,,,
683200,1657.8,0.000000,,,,,,,,
683300,1658.0,0.000000,,,,,,,,
683400,1658.2,0.000000,,,,,,,,
683500,1658.4,0.000000,,,,,,,,
683600,1658.6,0.000000,,,,,,,,
683700,1658.8,0.000000,,,,,,,,
683800,1659.1,0.000000,,,,,,,,
683900,1659.3,0.000000,,,,,,,,
684000,1659.5,0.000000,,,,,,,,
684100,1659.7,0.000000,,,,,,,,
684200,1659.9,0.000000,,,,,,,,
684300,1660.1,0.000000,,,,,,,,
684400,1660.3,0.000000,,,,,,,,
684500,1660.5,0.000000,,,,,,,,
684600,1660.8,0.000000,,,,,,,,
684700,1661.0,0.000000,,,,,,,,
684800,1661.2,0.000000,,,,,,,,
684900,1661.4,0.000000,,,,,,,,
685000,1662.9,0.000000,0.000000,2.435227e-02,8.702615e-04,7.500377e-04,0.000000,8.045354e-03,8.685222e-04,7.631582e-04
685100,1663.1,0.000000,,,,,,,,
685200,1663.3,0.000000,,,,,,,,
685300,1663.5,0.000000,,,,,,,,
685400,1663.7,0.000000,,,,,,,,
685500,1663.9,0.000000,,,,,,,,
685600,1664.1,0.000000,,,,,,,,
685700,1664.3,0.000000,,,,,,,,
685800,1664.5,0.000000,,,,,,,,
685900,1664.8,0.000000,,,,,,,,
686000,1665.0,0.000000,,,,,,,,
686100,1665.2,0.000000,,,,,,,,
686200,1665.4,0.000000,,,,,,,,
686300,1665.6,0.000000,,,,,,,,
686400,1665.8,0.000000,,,,,,,,
686500,1666.1,0.000000,,,,,,,,
686600,1666.3,0.000000,,,,,,,,
686700,1666.5,0.000000,,,,,,,,
686800,1666.7,0.000000,,,,,,,,
686900,1666.9,0.000000,,,,,,,,
687000,1667.2,0.000000,,,,,,,,
687100,1667.4,0.000000,,,,,,,,
687200,1667.6,0.000000,,,,,,,,
687300,1667.8,0.000000,,,,,,,,
687400,1668.0,0.000000,,,,,,,,
687500,1668.2,0.000000,,,,,,,,
687600,1668.4,0.000000,,,,,,,,
687700,1668.7,0.000000,,,,,,,,
687800,1668.9,0.000000,,,,,,,,
687900,1669.1,0.000000,,,,,,,,
688000,1669.3,0.000000,,,,,,,,
688100,1669.6,0.000000,,,,,,,,
688200,1669.8,0.000000,,,,,,,,
688300,1670.0,0.000000,,,,,,,,
688400,1670.3,0.000000,,,,,,,,
688500,1670.6,0.000000,,,,,,,,
688600,1670.9,0.000000,,,,,,,,
688700,1671.2,0.000000,,,,,,,,
688800,1671.4,0.000000,,,,,,,,
688900,1671.7,0.000000,,,,,,,,
689000,1672.0,0.000000,,,,,,,,
689100,1672.3,0.000000,,,,,,,,
689200,1672.6,0.000000,,,,,,,,
689300,1672.9,0.000000,,,,,,,,
689400,1673.2,0.000000,,,,,,,,
689500,1673.5,0.000000,,,,,,,,
689600,1673.8,0.000000,,,,,,,,
689700,1674.1,0.000000,,,,,,,,
689800,1674.4,0.000000,,,,,,,,
689900,1674.7,0.000000,,,,,,,,
690000,1676.7,0.000000,0.000000,2.451724e-02,4.516651e-04,3.489878e-04,0.000000,7.232127e-03,4.379124e-04,3.461437e-04
690100,1677.0,0.000000,,,,,,,,
690200,1677.3,0.000000,,,,,,,,
690300,1677.6,0.000000,,,,,,,,
690400,1677.8,0.000000,,,,,,,,
690500,1678.1,0.000000,,,,,,,,
690600,1678.3,0.000000,,,,,,,,
690700,1678.5,0.000000,,,,,,,,
690800,1678.7,0.000000,,,,,,,,
690900,1678.9,0.000000,,,,,,,,
691000,1679.1,0.000000,,,,,,,,
691100,1679.3,0.000000,,,,,,,,
691200,1679.5,0.000000,,,,,,,,
691300,1679.7,0.000000,,,,,,,,
691400,1680.0,0.000000,,,,,,,,
691500,1680.2,0.000000,,,,,,,,
691600,1680.4,0.000000,,,,,,,,
691700,1680.6,0.000000,,,,,,,,
691800,1680.8,0.000000,,,,,,,,
691900,1681.0,0.000000,,,,,,,,
692000,1681.3,0.000000,,,,,,,,
692100,1681.5,0.000000,,,,,,,,
692200,1681.7,0.000000,,,,,,,,
692300,1681.9,0.000000,,,,,,,,
692400,1682.1,0.000000,,,,,,,,
692500,1682.3,0.000000,,,,,,,,
692600,1682.5,0.000000,,,,,,,,
692700,1682.7,0.000000,,,,,,,,
692800,1682.9,0.000000,,,,,,,,
692900,1683.2,0.000000,,,,,,,,
693000,1683.4,0.000000,,,,,,,,
693100,1683.6,0.000000,,,,,,,,
693200,1683.8,0.000000,,,,,,,,
693300,1684.0,0.000000,,,,,,,,
693400,1684.2,0.000000,,,,,,,,
693500,1684.5,0.000000,,,,,,,,
693600,1684.7,0.000000,,,,,,,,
693700,1684.9,0.000000,,,,,,,,
693800,1685.1,0.000000,,,,,,,,
693900,1685.3,0.000000,,,,,,,,
694000,1685.5,0.000000,,,,,,,,
694100,1685.8,0.000000,,,,,,,,
694200,1686.0,0.000000,,,,,,,,
694300,1686.2,0.000000,,,,,,,,
694400,1686.4,0.000000,,,,,,,,
694500,1686.6,0.000000,,,,,,,,
694600,1686.8,0.000000,,,,,,,,
694700,1687.1,0.000000,,,,,,,,
694800,1687.3,0.000000,,,,,,,,
694900,1687.5,0.000000,,,,,,,,
695000,1689.0,0.000000,0.000000,1.540040e-02,5.589715e-04,4.431436e-04,0.000000,9.354600e-03,5.404001e-04,4.412090e-04
695100,1689.2,0.000000,,,,,,,,
695200,1689.4,0.000000,,,,,,,,
695300,1689.6,0.000000,,,,,,,,
695400,1689.8,0.000000,,,,,,,,
695500,1690.0,0.000000,,,,,,,,
695600,1690.2,0.000000,,,,,,,,
695700,1690.5,0.000000,,,,,,,,
695800,1690.7,0.000000,,,,,,,,
695900,1690.9,0.000000,,,,,,,,
696000,1691.1,0.000000,,,,,,,,
696100,1691.3,0.000000,,,,,,,,
696200,1691.5,0.000000,,,,,,,,
696300,1691.7,0.000000,,,,,,,,
696400,1691.9,0.000000,,,,,,,,
696500,1692.2,0.000000,,,,,,,,
696600,1692.4,0.000000,,,,,,,,
696700,1692.6,0.000000,,,,,,,,
696800,1692.8,0.000000,,,,,,,,
696900,1693.0,0.000000,,,,,,,,
697000,1693.3,0.000000,,,,,,,,
697100,1693.5,0.000000,,,,,,,,
697200,1693.7,0.000000,,,,,,,,
697300,1693.9,0.000000,,,,,,,,
697400,1694.1,0.000000,,,,,,,,
697500,1694.3,0.000000,,,,,,,,
697600,1694.5,0.000000,,,,,,,,
697700,1694.7,0.000000,,,,,,,,
697800,1695.0,0.000000,,,,,,,,
697900,1695.2,0.000000,,,,,,,,
698000,1695.4,0.000000,,,,,,,,
698100,1695.6,0.000000,,,,,,,,
698200,1695.8,0.000000,,,,,,,,
698300,1696.0,0.000000,,,,,,,,
698400,1696.3,0.000000,,,,,,,,
698500,1696.5,0.000000,,,,,,,,
698600,1696.7,0.000000,,,,,,,,
698700,1696.9,0.000000,,,,,,,,
698800,1697.1,0.000000,,,,,,,,
698900,1697.3,0.000000,,,,,,,,
699000,1697.5,0.000000,,,,,,,,
699100,1697.8,0.000000,,,,,,,,
699200,1698.0,0.000000,,,,,,,,
699300,1698.2,0.000001,,,,,,,,
699400,1698.4,0.000000,,,,,,,,
699500,1698.6,0.000000,,,,,,,,
699600,1698.8,0.000000,,,,,,,,
699700,1699.1,0.000000,,,,,,,,
699800,1699.3,0.000000,,,,,,,,
699900,1699.5,0.000000,,,,,,,,
700000,1700.9,0.000000,0.000000,2.178903e-02,5.037796e-04,3.874525e-04,0.000000,1.267434e-02,4.985966e-04,3.904436e-04
700100,1701.1,0.000000,,,,,,,,
700200,1701.3,0.000000,,,,,,,,
700300,1701.5,0.000000,,,,,,,,
700400,1701.7,0.000000,,,,,,,,
700500,1702.0,0.000000,,,,,,,,
700600,1702.2,0.000000,,,,,,,,
700700,1702.4,0.000000,,,,,,,,
700800,1702.6,0.000000,,,,,,,,
700900,1702.8,0.000000,,,,,,,,
701000,1703.1,0.000000,,,,,,,,
701100,1703.3,0.000000,,,,,,,,
701200,1703.6,0.000000,,,,,,,,
701300,1703.9,0.000000,,,,,,,,
701400,1704.2,0.000000,,,,,,,,
701500,1704.5,0.000000,,,,,,,,
701600,1704.8,0.000000,,,,,,,,
701700,1705.1,0.000000,,,,,,,,
701800,1705.4,0.000000,,,,,,,,
701900,1705.7,0.000000,,,,,,,,
702000,1705.9,0.000000,,,,,,,,
702100,1706.2,0.000000,,,,,,,,
702200,1706.5,0.000000,,,,,,,,
702300,1706.8,0.000000,,,,,,,,
702400,1707.1,0.000000,,,,,,,,
702500,1707.4,0.000000,,,,,,,,
702600,1707.7,0.000000,,,,,,,,
702700,1708.0,0.000000,,,,,,,,
702800,1708.3,0.000000,,,,,,,,
702900,1708.6,0.000000,,,,,,,,
703000,1708.8,0.000000,,,,,,,,
703100,1709.1,0.000000,,,,,,,,
703200,1709.4,0.000000,,,,,,,,
703300,1709.7,0.000000,,,,,,,,
703400,1710.0,0.000000,,,,,,,,
703500,1710.3,0.000000,,,,,,,,
703600,1710.6,0.000000,,,,,,,,
703700,1710.8,0.000000,,,,,,,,
703800,1711.0,0.000000,,,,,,,,
703900,1711.2,0.000000,,,,,,,,
704000,1711.5,0.000000,,,,,,,,
704100,1711.7,0.000000,,,,,,,,
704200,1711.9,0.000000,,,,,,,,
704300,1712.1,0.000000,,,,,,,,
704400,1712.3,0.000000,,,,,,,,
704500,1712.5,0.000000,,,,,,,,
704600,1712.7,0.000000,,,,,,,,
704700,1712.9,0.000000,,,,,,,,
704800,1713.1,0.000000,,,,,,,,
704900,1713.4,0.000000,,,,,,,,
705000,1714.8,0.000000,0.000000,3.459734e-02,5.186797e-04,4.402052e-04,0.000000,7.942386e-03,4.992990e-04,4.330516e-04
705100,1715.0,0.000000,,,,,,,,
705200,1715.2,0.000000,,,,,,,,
705300,1715.4,0.000000,,,,,,,,
705400,1715.6,0.000000,,,,,,,,
705500,1715.8,0.000000,,,,,,,,
705600,1716.0,0.000000,,,,,,,,
705700,1716.2,0.000000,,,,,,,,
705800,1716.5,0.000000,,,,,,,,
705900,1716.7,0.000000,,,,,,,,
706000,1716.9,0.000000,,,,,,,,
706100,1717.1,0.000000,,,,,,,,
706200,1717.3,0.000000,,,,,,,,
706300,1717.5,0.000000,,,,,,,,
706400,1717.7,0.000000,,,,,,,,
706500,1717.9,0.000000,,,,,,,,
706600,1718.1,0.000000,,,,,,,,
706700,1718.3,0.000000,,,,,,,,
706800,1718.5,0.000000,,,,,,,,
706900,1718.8,0.000000,,,,,,,,
707000,1719.0,0.000000,,,,,,,,
707100,1719.2,0.000000,,,,,,,,
707200,1719.4,0.000000,,,,,,,,
707300,1719.6,0.000000,,,,,,,,
707400,1719.9,0.000000,,,,,,,,
707500,1720.1,0.000000,,,,,,,,
707600,1720.3,0.000000,,,,,,,,
707700,1720.5,0.000000,,,,,,,,
707800,1720.7,0.000000,,,,,,,,
707900,1720.9,0.000000,,,,,,,,
708000,1721.1,0.000000,,,,,,,,
708100,1721.4,0.000000,,,,,,,,
708200,1721.6,0.000000,,,,,,,,
708300,1721.8,0.000000,,,,,,,,
708400,1722.0,0.000000,,,,,,,,
708500,1722.2,0.000000,,,,,,,,
708600,1722.4,0.000000,,,,,,,,
708700,1722.6,0.000000,,,,,,,,
708800,1722.9,0.000000,,,,,,,,
708900,1723.1,0.000000,,,,,,,,
709000,1723.3,0.000000,,,,,,,,
709100,1723.5,0.000000,,,,,,,,
709200,1723.7,0.000000,,,,,,,,
709300,1723.9,0.000000,,,,,,,,
709400,1724.1,0.000000,,,,,,,,
709500,1724.4,0.000000,,,,,,,,
709600,1724.6,0.000000,,,,,,,,
709700,1724.8,0.000000,,,,,,,,
709800,1725.0,0.000000,,,,,,,,
709900,1725.2,0.000000,,,,,,,,
710000,1726.7,0.000000,0.000000,1.467573e-02,6.132792e-04,4.995705e-04,0.000000,9.211488e-03,6.106566e-04,5.037197e-04
710100,1726.9,0.000000,,,,,,,,
710200,1727.1,0.000000,,,,,,,,
710300,1727.3,0.000000,,,,,,,,
710400,1727.5,0.000000,,,,,,,,
710500,1727.7,0.000000,,,,,,,,
710600,1727.9,0.000000,,,,,,,,
710700,1728.1,0.000000,,,,,,,,
710800,1728.3,0.000000,,,,,,,,
710900,1728.5,0.000000,,,,,,,,
711000,1728.7,0.000000,,,,,,,,
711100,1728.9,0.000000,,,,,,,,
711200,1729.1,0.000000,,,,,,,,
711300,1729.3,0.000000,,,,,,,,
711400,1729.5,0.000000,,,,,,,,
711500,1729.8,0.000000,,,,,,,,
711600,1730.0,0.000000,,,,,,,,
711700,1730.2,0.000000,,,,,,,,
711800,1730.4,0.000000,,,,,,,,
711900,1730.6,0.000000,,,,,,,,
712000,1730.8,0.000000,,,,,,,,
712100,1731.0,0.000000,,,,,,,,
712200,1731.3,0.000000,,,,,,,,
712300,1731.5,0.000000,,,,,,,,
712400,1731.7,0.000000,,,,,,,,
712500,1731.9,0.000000,,,,,,,,
712600,1732.1,0.000000,,,,,,,,
712700,1732.3,0.000000,,,,,,,,
712800,1732.5,0.000000,,,,,,,,
712900,1732.8,0.000000,,,,,,,,
713000,1733.0,0.000000,,,,,,,,
713100,1733.2,0.000000,,,,,,,,
713200,1733.4,0.000000,,,,,,,,
713300,1733.6,0.000000,,,,,,,,
713400,1733.9,0.000000,,,,,,,,
713500,1734.1,0.000000,,,,,,,,
713600,1734.3,0.000000,,,,,,,,
713700,1734.5,0.000000,,,,,,,,
713800,1734.7,0.000000,,,,,,,,
713900,1734.9,0.000000,,,,,,,,
714000,1735.1,0.000000,,,,,,,,
714100,1735.4,0.000000,,,,,,,,
714200,1735.6,0.000000,,,,,,,,
714300,1735.8,0.000000,,,,,,,,
714400,1736.0,0.000000,,,,,,,,
714500,1736.3,0.000000,,,,,,,,
714600,1736.5,0.000000,,,,,,,,
714700,1736.7,0.000000,,,,,,,,
714800,1736.9,0.000000,,,,,,,,
714900,1737.1,0.000000,,,,,,,,
715000,1738.6,0.000000,0.000000,2.870745e-02,3.764775e-04,2.979411e-04,0.000000,5.492625e-03,3.589162e-04,2.933217e-04
715100,1738.8,0.000000,,,,,,,,
715200,1739.0,0.000000,,,,,,,,
715300,1739.2,0.000000,,,,,,,,
715400,1739.4,0.000000,,,,,,,,
715500,1739.6,0.000000,,,,,,,,
715600,1739.8,0.000000,,,,,,,,
715700,1740.1,0.000000,,,,,,,,
715800,1740.3,0.000000,,,,,,,,
715900,1740.5,0.000000,,,,,,,,
716000,1740.7,0.000000,,,,,,,,
716100,1740.9,0.000000,,,,,,,,
716200,1741.2,0.000000,,,,,,,,
716300,1741.4,0.000000,,,,,,,,
716400,1741.6,0.000000,,,,,,,,
716500,1741.8,0.000000,,,,,,,,
716600,1742.0,0.000000,,,,,,,,
716700,1742.3,0.000000,,,,,,,,
716800,1742.5,0.000000,,,,,,,,
716900,1742.7,0.000000,,,,,,,,
717000,1742.9,0.000000,,,,,,,,
717100,1743.1,0.000000,,,,,,,,
717200,1743.3,0.000000,,,,,,,,
717300,1743.6,0.000000,,,,,,,,
717400,1743.8,0.000000,,,,,,,,
717500,1744.0,0.000000,,,,,,,,
717600,1744.2,0.000000,,,,,,,,
717700,1744.4,0.000000,,,,,,,,
717800,1744.7,0.000000,,,,,,,,
717900,1744.9,0.000000,,,,,,,,
718000,1745.1,0.000000,,,,,,,,
718100,1745.3,0.000000,,,,,,,,
718200,1745.5,0.000000,,,,,,,,
718300,1745.8,0.000000,,,,,,,,
718400,1746.0,0.000000,,,,,,,,
718500,1746.2,0.000000,,,,,,,,
718600,1746.4,0.000000,,,,,,,,
718700,1746.6,0.000000,,,,,,,,
718800,1746.8,0.000000,,,,,,,,
718900,1747.1,0.000000,,,,,,,,
719000,1747.3,0.000000,,,,,,,,
719100,1747.5,0.000000,,,,,,,,
719200,1747.7,0.000000,,,,,,,,
719300,1747.9,0.000000,,,,,,,,
719400,1748.1,0.000000,,,,,,,,
719500,1748.4,0.000000,,,,,,,,
719600,1748.6,0.000000,,,,,,,,
719700,1748.8,0.000000,,,,,,,,
719800,1749.0,0.000000,,,,,,,,
719900,1749.2,0.000000,,,,,,,,
720000,1750.7,0.000000,0.000000,2.576560e-02,4.037863e-04,3.196744e-04,0.000000,9.765872e-03,3.898474e-04,3.178783e-04
720100,1750.9,0.000000,,,,,,,,
720200,1751.1,0.000000,,,,,,,,
720300,1751.3,0.000000,,,,,,,,
720400,1751.5,0.000000,,,,,,,,
720500,1751.7,0.000000,,,,,,,,
720600,1751.9,0.000000,,,,,,,,
720700,1752.1,0.000000,,,,,,,,
720800,1752.3,0.000000,,,,,,,,
720900,1752.6,0.000000,,,,,,,,
721000,1752.8,0.000000,,,,,,,,
721100,1753.0,0.000000,,,,,,,,
721200,1753.2,0.000000,,,,,,,,
721300,1753.4,0.000000,,,,,,,,
721400,1753.6,0.000000,,,,,,,,
721500,1753.8,0.000000,,,,,,,,
721600,1754.1,0.000000,,,,,,,,
721700,1754.3,0.000000,,,,,,,,
721800,1754.5,0.000000,,,,,,,,
721900,1754.7,0.000000,,,,,,,,
722000,1754.9,0.000000,,,,,,,,
722100,1755.1,0.000000,,,,,,,,
722200,1755.4,0.000000,,,,,,,,
722300,1755.6,0.000000,,,,,,,,
722400,1755.8,0.000000,,,,,,,,
722500,1756.0,0.000000,,,,,,,,
722600,1756.2,0.000000,,,,,,,,
722700,1756.4,0.000000,,,,,,,,
722800,1756.6,0.000000,,,,,,,,
722900,1756.9,0.000000,,,,,,,,
723000,1757.1,0.000000,,,,,,,,
723100,1757.3,0.000000,,,,,,,,
723200,1757.5,0.000000,,,,,,,,
723300,1757.7,0.000000,,,,,,,,
723400,1757.9,0.000000,,,,,,,,
723500,1758.1,0.000000,,,,,,,,
723600,1758.3,0.000000,,,,,,,,
723700,1758.6,0.000000,,,,,,,,
723800,1758.8,0.000000,,,,,,,,
723900,1759.0,0.000000,,,,,,,,
724000,1759.2,0.000000,,,,,,,,
724100,1759.4,0.000000,,,,,,,,
724200,1759.6,0.000000,,,,,,,,
724300,1759.8,0.000000,,,,,,,,
724400,1760.0,0.000000,,,,,,,,
724500,1760.3,0.000000,,,,,,,,
724600,1760.5,0.000000,,,,,,,,
724700,1760.7,0.000000,,,,,,,,
724800,1760.9,0.000000,,,,,,,,
724900,1761.1,0.000000,,,,,,,,
725000,1762.6,0.000000,0.000000,2.254981e-02,4.950773e-04,3.447018e-04,0.000000,9.473262e-03,4.846863e-04,3.431057e-04
725100,1762.8,0.000000,,,,,,,,
725200,1763.0,0.000000,,,,,,,,
725300,1763.2,0.000000,,,,,,,,
725400,1763.4,0.000000,,,,,,,,
725500,1763.6,0.000000,,,,,,,,
725600,1763.9,0.000000,,,,,,,,
725700,1764.1,0.000000,,,,,,,,
725800,1764.3,0.000000,,,,,,,,
725900,1764.5,0.000000,,,,,,,,
726000,1764.7,0.000000,,,,,,,,
726100,1764.9,0.000000,,,,,,,,
726200,1765.1,0.000000,,,,,,,,
726300,1765.4,0.000000,,,,,,,,
726400,1765.6,0.000000,,,,,,,,
726500,1765.8,0.000000,,,,,,,,
726600,1766.0,0.000000,,,,,,,,
726700,1766.2,0.000000,,,,,,,,
726800,1766.4,0.000000,,,,,,,,
726900,1766.7,0.000000,,,,,,,,
727000,1766.9,0.000000,,,,,,,,
727100,1767.1,0.000000,,,,,,,,
727200,1767.3,0.000000,,,,,,,,
727300,1767.5,0.000000,,,,,,,,
727400,1767.7,0.000000,,,,,,,,
727500,1768.0,0.000000,,,,,,,,
727600,1768.2,0.000000,,,,,,,,
727700,1768.4,0.000000,,,,,,,,
727800,1768.6,0.000000,,,,,,,,
727900,1768.8,0.000000,,,,,,,,
728000,1769.0,0.000000,,,,,,,,
728100,1769.2,0.000000,,,,,,,,
728200,1769.5,0.000000,,,,,,,,
728300,1769.7,0.000000,,,,,,,,
728400,1769.9,0.000000,,,,,,,,
728500,1770.1,0.000000,,,,,,,,
728600,1770.3,0.000000,,,,,,,,
728700,1770.5,0.000000,,,,,,,,
728800,1770.7,0.000000,,,,,,,,
728900,1770.9,0.000000,,,,,,,,
729000,1771.2,0.000000,,,,,,,,
729100,1771.4,0.000000,,,,,,,,
729200,1771.6,0.000000,,,,,,,,
729300,1771.8,0.000000,,,,,,,,
729400,1772.0,0.000000,,,,,,,,
729500,1772.2,0.000000,,,,,,,,
729600,1772.4,0.000000,,,,,,,,
729700,1772.6,0.000000,,,,,,,,
729800,1772.8,0.000000,,,,,,,,
729900,1773.0,0.000000,,,,,,,,
730000,1774.5,0.000000,0.000000,2.305718e-02,4.149427e-04,3.402525e-04,0.000000,7.557579e-03,4.028716e-04,3.397125e-04
730100,1774.7,0.000000,,,,,,,,
730200,1774.9,0.000000,,,,,,,,
730300,1775.1,0.000000,,,,,,,,
730400,1775.3,0.000000,,,,,,,,
730500,1775.5,0.000000,,,,,,,,
730600,1775.7,0.000000,,,,,,,,
730700,1775.9,0.000000,,,,,,,,
730800,1776.1,0.000000,,,,,,,,
730900,1776.4,0.000000,,,,,,,,
731000,1776.6,0.000000,,,,,,,,
731100,1776.8,0.000000,,,,,,,,
731200,1777.0,0.000000,,,,,,,,
731300,1777.2,0.000000,,,,,,,,
731400,1777.4,0.000000,,,,,,,,
731500,1777.7,0.000000,,,,,,,,
731600,1777.9,0.000000,,,,,,,,
731700,1778.1,0.000000,,,,,,,,
731800,1778.3,0.000000,,,,,,,,
731900,1778.5,0.000000,,,,,,,,
732000,1778.7,0.000000,,,,,,,,
732100,1779.0,0.000000,,,,,,,,
732200,1779.2,0.000000,,,,,,,,
732300,1779.4,0.000000,,,,,,,,
732400,1779.6,0.000000,,,,,,,,
732500,1779.8,0.000000,,,,,,,,
732600,1780.0,0.000000,,,,,,,,
732700,1780.2,0.000000,,,,,,,,
732800,1780.4,0.000000,,,,,,,,
732900,1780.6,0.000000,,,,,,,,
733000,1780.8,0.000000,,,,,,,,
733100,1781.1,0.000000,,,,,,,,
733200,1781.3,0.000000,,,,,,,,
733300,1781.5,0.000000,,,,,,,,
733400,1781.7,0.000000,,,,,,,,
733500,1781.9,0.000000,,,,,,,,
733600,1782.1,0.000000,,,,,,,,
733700,1782.3,0.000000,,,,,,,,
733800,1782.6,0.000000,,,,,,,,
733900,1782.8,0.000000,,,,,,,,
734000,1783.0,0.000000,,,,,,,,
734100,1783.2,0.000000,,,,,,,,
734200,1783.4,0.000000,,,,,,,,
734300,1783.6,0.000000,,,,,,,,
734400,1783.9,0.000000,,,,,,,,
734500,1784.1,0.000000,,,,,,,,
734600,1784.3,0.000000,,,,,,,,
734700,1784.5,0.000000,,,,,,,,
734800,1784.7,0.000000,,,,,,,,
734900,1784.9,0.000000,,,,,,,,
735000,1786.4,0.000000,0.000000,2.234883e-02,4.364806e-04,2.878856e-04,0.000000,8.893666e-03,4.260226e-04,2.827592e-04
735100,1786.6,0.000000,,,,,,,,
735200,1786.8,0.000000,,,,,,,,
735300,1787.0,0.000000,,,,,,,,
735400,1787.2,0.000000,,,,,,,,
735500,1787.4,0.000000,,,,,,,,
735600,1787.6,0.000000,,,,,,,,
735700,1787.8,0.000000,,,,,,,,
735800,1788.1,0.000000,,,,,,,,
735900,1788.3,0.000000,,,,,,,,
736000,1788.5,0.000000,,,,,,,,
736100,1788.7,0.000000,,,,,,,,
736200,1788.9,0.000000,,,,,,,,
736300,1789.1,0.000000,,,,,,,,
736400,1789.4,0.000000,,,,,,,,
736500,1789.5,0.000000,,,,,,,,
736600,1789.7,0.000000,,,,,,,,
736700,1789.9,0.000000,,,,,,,,
736800,1790.1,0.000000,,,,,,,,
736900,1790.4,0.000000,,,,,,,,
737000,1790.6,0.000000,,,,,,,,
737100,1790.8,0.000000,,,,,,,,
737200,1791.1,0.000000,,,,,,,,
737300,1791.4,0.000000,,,,,,,,
737400,1791.7,0.000000,,,,,,,,
737500,1792.0,0.000000,,,,,,,,
737600,1792.2,0.000000,,,,,,,,
737700,1792.5,0.000000,,,,,,,,
737800,1792.8,0.000000,,,,,,,,
737900,1793.2,0.000000,,,,,,,,
738000,1793.5,0.000000,,,,,,,,
738100,1793.8,0.000000,,,,,,,,
738200,1794.1,0.000000,,,,,,,,
738300,1794.4,0.000000,,,,,,,,
738400,1794.6,0.000000,,,,,,,,
738500,1794.9,0.000000,,,,,,,,
738600,1795.2,0.000000,,,,,,,,
738700,1795.5,0.000000,,,,,,,,
738800,1795.8,0.000000,,,,,,,,
738900,1796.1,0.000000,,,,,,,,
739000,1796.4,0.000000,,,,,,,,
739100,1796.7,0.000000,,,,,,,,
739200,1797.0,0.000000,,,,,,,,
739300,1797.3,0.000000,,,,,,,,
739400,1797.6,0.000000,,,,,,,,
739500,1797.8,0.000000,,,,,,,,
739600,1798.1,0.000000,,,,,,,,
739700,1798.4,0.000000,,,,,,,,
739800,1798.6,0.000000,,,,,,,,
739900,1798.9,0.000000,,,,,,,,
740000,1800.3,0.000000,0.000000,1.642842e-02,3.977953e-04,2.988072e-04,0.000000,6.709037e-03,3.823598e-04,2.929352e-04
740100,1800.5,0.000000,,,,,,,,
740200,1800.7,0.000000,,,,,,,,
740300,1800.9,0.000000,,,,,,,,
740400,1801.1,0.000000,,,,,,,,
740500,1801.3,0.000000,,,,,,,,
740600,1801.5,0.000000,,,,,,,,
740700,1801.8,0.000000,,,,,,,,
740800,1802.0,0.000000,,,,,,,,
740900,1802.2,0.000000,,,,,,,,
741000,1802.4,0.000000,,,,,,,,
741100,1802.6,0.000000,,,,,,,,
741200,1802.9,0.000000,,,,,,,,
741300,1803.1,0.000000,,,,,,,,
741400,1803.3,0.000000,,,,,,,,
741500,1803.5,0.000000,,,,,,,,
741600,1803.7,0.000000,,,,,,,,
741700,1804.0,0.000000,,,,,,,,
741800,1804.2,0.000000,,,,,,,,
741900,1804.4,0.000000,,,,,,,,
742000,1804.6,0.000000,,,,,,,,
742100,1804.8,0.000000,,,,,,,,
742200,1805.0,0.000000,,,,,,,,
742300,1805.3,0.000000,,,,,,,,
742400,1805.5,0.000000,,,,,,,,
742500,1805.7,0.000000,,,,,,,,
742600,1805.9,0.000000,,,,,,,,
742700,1806.1,0.000000,,,,,,,,
742800,1806.3,0.000000,,,,,,,,
742900,1806.5,0.000000,,,,,,,,
743000,1806.8,0.000000,,,,,,,,
743100,1807.0,0.000000,,,,,,,,
743200,1807.2,0.000000,,,,,,,,
743300,1807.4,0.000000,,,,,,,,
743400,1807.6,0.000000,,,,,,,,
743500,1807.8,0.000000,,,,,,,,
743600,1808.1,0.000000,,,,,,,,
743700,1808.3,0.000000,,,,,,,,
743800,1808.5,0.000000,,,,,,,,
743900,1808.7,0.000000,,,,,,,,
744000,1808.9,0.000000,,,,,,,,
744100,1809.2,0.000000,,,,,,,,
744200,1809.4,0.000000,,,,,,,,
744300,1809.6,0.000000,,,,,,,,
744400,1809.8,0.000000,,,,,,,,
744500,1810.0,0.000000,,,,,,,,
744600,1810.2,0.000000,,,,,,,,
744700,1810.4,0.000000,,,,,,,,
744800,1810.6,0.000000,,,,,,,,
744900,1810.9,0.000000,,,,,,,,
745000,1812.3,0.000000,0.000000,2.053972e-02,3.317078e-04,2.545466e-04,0.000000,1.034469e-02,3.150479e-04,2.491143e-04
745100,1812.5,0.000000,,,,,,,,
745200,1812.7,0.000000,,,,,,,,
745300,1812.9,0.000000,,,,,,,,
745400,1813.1,0.000000,,,,,,,,
745500,1813.3,0.000000,,,,,,,,
745600,1813.5,0.000000,,,,,,,,
745700,1813.7,0.000000,,,,,,,,
745800,1813.9,0.000000,,,,,,,,
745900,1814.2,0.000000,,,,,,,,
746000,1814.4,0.000000,,,,,,,,
746100,1814.6,0.000000,,,,,,,,
746200,1814.8,0.000000,,,,,,,,
746300,1815.0,0.000000,,,,,,,,
746400,1815.2,0.000000,,,,,,,,
746500,1815.4,0.000000,,,,,,,,
746600,1815.6,0.000000,,,,,,,,
746700,1815.9,0.000000,,,,,,,,
746800,1816.1,0.000000,,,,,,,,
746900,1816.3,0.000000,,,,,,,,
747000,1816.5,0.000000,,,,,,,,
747100,1816.7,0.000000,,,,,,,,
747200,1817.0,0.000000,,,,,,,,
747300,1817.2,0.000000,,,,,,,,
747400,1817.4,0.000000,,,,,,,,
747500,1817.6,0.000000,,,,,,,,
747600,1817.8,0.000000,,,,,,,,
747700,1818.0,0.000000,,,,,,,,
747800,1818.2,0.000000,,,,,,,,
747900,1818.4,0.000000,,,,,,,,
748000,1818.6,0.000000,,,,,,,,
748100,1818.8,0.000000,,,,,,,,
748200,1819.0,0.000000,,,,,,,,
748300,1819.2,0.000000,,,,,,,,
748400,1819.4,0.000000,,,,,,,,
748500,1819.6,0.000000,,,,,,,,
748600,1819.8,0.000000,,,,,,,,
748700,1820.1,0.000000,,,,,,,,
748800,1820.3,0.000000,,,,,,,,
748900,1820.5,0.000000,,,,,,,,
749000,1820.7,0.000000,,,,,,,,
749100,1820.9,0.000000,,,,,,,,
749200,1821.1,0.000000,,,,,,,,
749300,1821.3,0.000000,,,,,,,,
749400,1821.5,0.000000,,,,,,,,
749500,1821.8,0.000000,,,,,,,,
749600,1822.0,0.000000,,,,,,,,
749700,1822.2,0.000000,,,,,,,,
749800,1822.4,0.000000,,,,,,,,
749900,1822.6,0.000000,,,,,,,,
750000,1824.1,0.000000,0.000000,1.454015e-02,3.302105e-04,2.519343e-04,0.000000,8.507677e-03,3.161927e-04,2.476235e-04
750100,1824.3,0.000000,,,,,,,,
750200,1824.5,0.000000,,,,,,,,
750300,1824.7,0.000000,,,,,,,,
750400,1824.9,0.000000,,,,,,,,
750500,1825.1,0.000000,,,,,,,,
750600,1825.3,0.000000,,,,,,,,
750700,1825.5,0.000000,,,,,,,,
750800,1825.7,0.000000,,,,,,,,
750900,1825.9,0.000000,,,,,,,,
751000,1826.2,0.000000,,,,,,,,
751100,1826.4,0.000000,,,,,,,,
751200,1826.6,0.000000,,,,,,,,
751300,1826.8,0.000000,,,,,,,,
751400,1827.0,0.000000,,,,,,,,
751500,1827.2,0.000000,,,,,,,,
751600,1827.4,0.000000,,,,,,,,
751700,1827.6,0.000000,,,,,,,,
751800,1827.9,0.000000,,,,,,,,
751900,1828.1,0.000000,,,,,,,,
752000,1828.3,0.000000,,,,,,,,
752100,1828.5,0.000000,,,,,,,,
752200,1828.7,0.000000,,,,,,,,
752300,1829.0,0.000000,,,,,,,,
752400,1829.2,0.000000,,,,,,,,
752500,1829.4,0.000000,,,,,,,,
752600,1829.6,0.000000,,,,,,,,
752700,1829.8,0.000000,,,,,,,,
752800,1830.0,0.000000,,,,,,,,
752900,1830.3,0.000000,,,,,,,,
753000,1830.5,0.000000,,,,,,,,
753100,1830.7,0.000000,,,,,,,,
753200,1830.9,0.000000,,,,,,,,
753300,1831.1,0.000000,,,,,,,,
753400,1831.4,0.000000,,,,,,,,
753500,1831.6,0.000000,,,,,,,,
753600,1831.8,0.000000,,,,,,,,
753700,1832.0,0.000000,,,,,,,,
753800,1832.2,0.000000,,,,,,,,
753900,1832.4,0.000000,,,,,,,,
754000,1832.6,0.000000,,,,,,,,
754100,1832.8,0.000000,,,,,,,,
754200,1833.1,0.000000,,,,,,,,
754300,1833.3,0.000000,,,,,,,,
754400,1833.5,0.000000,,,,,,,,
754500,1833.7,0.000000,,,,,,,,
754600,1833.9,0.000000,,,,,,,,
754700,1834.1,0.000000,,,,,,,,
754800,1834.4,0.000000,,,,,,,,
754900,1834.6,0.000000,,,,,,,,
755000,1836.0,0.000000,0.000000,2.199835e-02,3.809183e-04,2.767866e-04,0.000000,4.765384e-03,3.619146e-04,2.716978e-04
755100,1836.2,0.000000,,,,,,,,
755200,1836.4,0.000000,,,,,,,,
755300,1836.6,0.000000,,,,,,,,
755400,1836.8,0.000000,,,,,,,,
755500,1837.0,0.000000,,,,,,,,
755600,1837.2,0.000000,,,,,,,,
755700,1837.4,0.000000,,,,,,,,
755800,1837.7,0.000000,,,,,,,,
755900,1837.9,0.000000,,,,,,,,
756000,1838.1,0.000000,,,,,,,,
756100,1838.3,0.000000,,,,,,,,
756200,1838.5,0.000000,,,,,,,,
756300,1838.7,0.000000,,,,,,,,
756400,1839.0,0.000000,,,,,,,,
756500,1839.2,0.000000,,,,,,,,
756600,1839.4,0.000000,,,,,,,,
756700,1839.6,0.000000,,,,,,,,
756800,1839.8,0.000000,,,,,,,,
756900,1840.1,0.000000,,,,,,,,
757000,1840.3,0.000000,,,,,,,,
757100,1840.5,0.000000,,,,,,,,
757200,1840.7,0.000000,,,,,,,,
757300,1840.9,0.000000,,,,,,,,
757400,1841.1,0.000000,,,,,,,,
757500,1841.3,0.000000,,,,,,,,
757600,1841.6,0.000000,,,,,,,,
757700,1841.8,0.000000,,,,,,,,
757800,1842.0,0.000000,,,,,,,,
757900,1842.2,0.000000,,,,,,,,
758000,1842.5,0.000000,,,,,,,,
758100,1842.7,0.000000,,,,,,,,
758200,1842.9,0.000000,,,,,,,,
758300,1843.1,0.000000,,,,,,,,
758400,1843.3,0.000000,,,,,,,,
758500,1843.5,0.000000,,,,,,,,
758600,1843.7,0.000000,,,,,,,,
758700,1843.9,0.000000,,,,,,,,
758800,1844.2,0.000000,,,,,,,,
758900,1844.4,0.000000,,,,,,,,
759000,1844.6,0.000000,,,,,,,,
759100,1844.8,0.000000,,,,,,,,
759200,1845.0,0.000000,,,,,,,,
759300,1845.2,0.000000,,,,,,,,
759400,1845.5,0.000000,,,,,,,,
759500,1845.7,0.000000,,,,,,,,
759600,1845.9,0.000000,,,,,,,,
759700,1846.1,0.000000,,,,,,,,
759800,1846.3,0.000000,,,,,,,,
759900,1846.5,0.000000,,,,,,,,
760000,1848.0,0.000000,0.000000,1.863117e-02,3.007005e-04,2.267680e-04,0.000000,5.292424e-03,2.841921e-04,2.210536e-04
760100,1848.2,0.000000,,,,,,,,
760200,1848.4,0.000000,,,,,,,,
760300,1848.6,0.000000,,,,,,,,
760400,1848.8,0.000000,,,,,,,,
760500,1849.0,0.000000,,,,,,,,
760600,1849.2,0.000000,,,,,,,,
760700,1849.4,0.000000,,,,,,,,
760800,1849.6,0.000000,,,,,,,,
760900,1849.8,0.000000,,,,,,,,
761000,1850.0,0.000000,,,,,,,,
761100,1850.2,0.000000,,,,,,,,
761200,1850.5,0.000000,,,,,,,,
761300,1850.7,0.000000,,,,,,,,
761400,1850.9,0.000000,,,,,,,,
761500,1851.1,0.000000,,,,,,,,
761600,1851.3,0.000000,,,,,,,,
761700,1851.5,0.000000,,,,,,,,
761800,1851.7,0.000000,,,,,,,,
761900,1852.0,0.000000,,,,,,,,
762000,1852.2,0.000000,,,,,,,,
762100,1852.4,0.000000,,,,,,,,
762200,1852.6,0.000000,,,,,,,,
762300,1852.8,0.000000,,,,,,,,
762400,1853.0,0.000000,,,,,,,,
762500,1853.3,0.000000,,,,,,,,
762600,1853.5,0.000000,,,,,,,,
762700,1853.7,0.000000,,,,,,,,
762800,1853.9,0.000000,,,,,,,,
762900,1854.1,0.000000,,,,,,,,
763000,1854.3,0.000000,,,,,,,,
763100,1854.5,0.000000,,,,,,,,
763200,1854.8,0.000000,,,,,,,,
763300,1855.0,0.000000,,,,,,,,
763400,1855.2,0.000000,,,,,,,,
763500,1855.4,0.000000,,,,,,,,
763600,1855.6,0.000000,,,,,,,,
763700,1855.8,0.000000,,,,,,,,
763800,1856.0,0.000000,,,,,,,,
763900,1856.2,0.000000,,,,,,,,
764000,1856.4,0.000000,,,,,,,,
764100,1856.7,0.000000,,,,,,,,
764200,1856.9,0.000000,,,,,,,,
764300,1857.1,0.000000,,,,,,,,
764400,1857.3,0.000000,,,,,,,,
764500,1857.5,0.000000,,,,,,,,
764600,1857.7,0.000000,,,,,,,,
764700,1858.0,0.000000,,,,,,,,
764800,1858.2,0.000000,,,,,,,,
764900,1858.4,0.000000,,,,,,,,
765000,1859.9,0.000000,0.000000,2.036185e-02,3.142913e-04,2.431793e-04,0.000000,6.206699e-03,2.998321e-04,2.379695e-04
765100,1860.1,0.000000,,,,,,,,
765200,1860.3,0.000000,,,,,,,,
765300,1860.5,0.000000,,,,,,,,
765400,1860.7,0.000000,,,,,,,,
765500,1861.0,0.000000,,,,,,,,
765600,1861.2,0.000000,,,,,,,,
765700,1861.4,0.000000,,,,,,,,
765800,1861.6,0.000000,,,,,,,,
765900,1861.8,0.000000,,,,,,,,
766000,1862.0,0.000000,,,,,,,,
766100,1862.3,0.000000,,,,,,,,
766200,1862.5,0.000000,,,,,,,,
766300,1862.7,0.000000,,,,,,,,
766400,1862.9,0.000000,,,,,,,,
766500,1863.1,0.000000,,,,,,,,
766600,1863.4,0.000000,,,,,,,,
766700,1863.6,0.000000,,,,,,,,
766800,1863.8,0.000000,,,,,,,,
766900,1864.0,0.000000,,,,,,,,
767000,1864.2,0.000000,,,,,,,,
767100,1864.5,0.000000,,,,,,,,
767200,1864.7,0.000000,,,,,,,,
767300,1864.9,0.000000,,,,,,,,
767400,1865.1,0.000000,,,,,,,,
767500,1865.3,0.000000,,,,,,,,
767600,1865.6,0.000000,,,,,,,,
767700,1865.8,0.000000,,,,,,,,
767800,1866.0,0.000000,,,,,,,,
767900,1866.2,0.000000,,,,,,,,
768000,1866.5,0.000000,,,,,,,,
768100,1866.7,0.000000,,,,,,,,
768200,1866.9,0.000000,,,,,,,,
768300,1867.1,0.000000,,,,,,,,
768400,1867.3,0.000000,,,,,,,,
768500,1867.6,0.000000,,,,,,,,
768600,1867.8,0.000000,,,,,,,,
768700,1868.0,0.000000,,,,,,,,
768800,1868.2,0.000000,,,,,,,,
768900,1868.5,0.000000,,,,,,,,
769000,1868.7,0.000000,,,,,,,,
769100,1868.9,0.000000,,,,,,,,
769200,1869.1,0.000000,,,,,,,,
769300,1869.3,0.000000,,,,,,,,
769400,1869.6,0.000000,,,,,,,,
769500,1869.8,0.000000,,,,,,,,
769600,1870.0,0.000000,,,,,,,,
769700,1870.2,0.000000,,,,,,,,
769800,1870.4,0.000000,,,,,,,,
769900,1870.6,0.000000,,,,,,,,
770000,1872.1,0.000000,0.000000,2.286764e-02,2.894704e-04,2.138508e-04,0.000000,5.687413e-03,2.733814e-04,2.078303e-04
770100,1872.3,0.000000,,,,,,,,
770200,1872.5,0.000000,,,,,,,,
770300,1872.7,0.000000,,,,,,,,
770400,1872.9,0.000000,,,,,,,,
770500,1873.1,0.000000,,,,,,,,
770600,1873.3,0.000000,,,,,,,,
770700,1873.5,0.000000,,,,,,,,
770800,1873.7,0.000000,,,,,,,,
770900,1873.9,0.000000,,,,,,,,
771000,1874.2,0.000000,,,,,,,,
771100,1874.4,0.000000,,,,,,,,
771200,1874.6,0.000000,,,,,,,,
771300,1874.8,0.000000,,,,,,,,
771400,1875.0,0.000000,,,,,,,,
771500,1875.3,0.000000,,,,,,,,
771600,1875.5,0.000000,,,,,,,,
771700,1875.7,0.000000,,,,,,,,
771800,1875.9,0.000000,,,,,,,,
771900,1876.1,0.000000,,,,,,,,
772000,1876.4,0.000000,,,,,,,,
772100,1876.6,0.000000,,,,,,,,
772200,1876.8,0.000000,,,,,,,,
772300,1877.0,0.000000,,,,,,,,
772400,1877.2,0.000000,,,,,,,,
772500,1877.5,0.000000,,,,,,,,
772600,1877.7,0.000000,,,,,,,,
772700,1877.9,0.000000,,,,,,,,
772800,1878.1,0.000000,,,,,,,,
772900,1878.3,0.000000,,,,,,,,
773000,1878.6,0.000000,,,,,,,,
773100,1878.8,0.000000,,,,,,,,
773200,1879.0,0.000000,,,,,,,,
773300,1879.2,0.000000,,,,,,,,
773400,1879.4,0.000000,,,,,,,,
773500,1879.6,0.000000,,,,,,,,
773600,1879.8,0.000000,,,,,,,,
773700,1880.0,0.000000,,,,,,,,
773800,1880.2,0.000000,,,,,,,,
773900,1880.4,0.000000,,,,,,,,
774000,1880.6,0.000000,,,,,,,,
774100,1880.8,0.000000,,,,,,,,
774200,1881.0,0.000000,,,,,,,,
774300,1881.2,0.000000,,,,,,,,
774400,1881.4,0.000000,,,,,,,,
774500,1881.6,0.000000,,,,,,,,
774600,1881.8,0.000000,,,,,,,,
774700,1882.1,0.000000,,,,,,,,
774800,1882.3,0.000000,,,,,,,,
774900,1882.5,0.000000,,,,,,,,
775000,1883.9,0.000000,0.000000,1.362795e-02,2.950828e-04,2.204328e-04,0.000000,7.537075e-03,2.798888e-04,2.150516e-04
775100,1884.2,0.000000,,,,,,,,
775200,1884.4,0.000000,,,,,,,,
775300,1884.6,0.000000,,,,,,,,
775400,1884.8,0.000000,,,,,,,,
775500,1885.0,0.000000,,,,,,,,
775600,1885.2,0.000000,,,,,,,,
775700,1885.4,0.000000,,,,,,,,
775800,1885.6,0.000000,,,,,,,,
775900,1885.9,0.000000,,,,,,,,
776000,1886.1,0.000000,,,,,,,,
776100,1886.3,0.000000,,,,,,,,
776200,1886.5,0.000000,,,,,,,,
776300,1886.7,0.000000,,,,,,,,
776400,1886.9,0.000000,,,,,,,,
776500,1887.1,0.000000,,,,,,,,
776600,1887.3,0.000000,,,,,,,,
776700,1887.6,0.000000,,,,,,,,
776800,1887.8,0.000000,,,,,,,,
776900,1888.0,0.000000,,,,,,,,
777000,1888.2,0.000000,,,,,,,,
777100,1888.4,0.000000,,,,,,,,
777200,1888.6,0.000000,,,,,,,,
777300,1888.9,0.000000,,,,,,,,
777400,1889.1,0.000000,,,,,,,,
777500,1889.3,0.000000,,,,,,,,
777600,1889.5,0.000000,,,,,,,,
777700,1889.7,0.000000,,,,,,,,
777800,1889.9,0.000000,,,,,,,,
777900,1890.2,0.000000,,,,,,,,
778000,1890.4,0.000000,,,,,,,,
778100,1890.6,0.000000,,,,,,,,
778200,1890.8,0.000000,,,,,,,,
778300,1891.0,0.000000,,,,,,,,
778400,1891.2,0.000000,,,,,,,,
778500,1891.4,0.000000,,,,,,,,
778600,1891.7,0.000000,,,,,,,,
778700,1891.9,0.000000,,,,,,,,
778800,1892.1,0.000000,,,,,,,,
778900,1892.3,0.000000,,,,,,,,
779000,1892.5,0.000000,,,,,,,,
779100,1892.7,0.000000,,,,,,,,
779200,1893.0,0.000000,,,,,,,,
779300,1893.2,0.000000,,,,,,,,
779400,1893.4,0.000000,,,,,,,,
779500,1893.6,0.000000,,,,,,,,
779600,1893.8,0.000000,,,,,,,,
779700,1894.1,0.000000,,,,,,,,
779800,1894.3,0.000000,,,,,,,,
779900,1894.5,0.000000,,,,,,,,
780000,1896.0,0.000000,0.000000,1.337691e-02,2.958996e-04,2.196998e-04,0.000000,9.198852e-03,2.807725e-04,2.142516e-04
780100,1896.2,0.000000,,,,,,,,
780200,1896.4,0.000000,,,,,,,,
780300,1896.6,0.000000,,,,,,,,
780400,1896.8,0.000000,,,,,,,,
780500,1897.0,0.000000,,,,,,,,
780600,1897.2,0.000000,,,,,,,,
780700,1897.4,0.000000,,,,,,,,
780800,1897.6,0.000000,,,,,,,,
780900,1897.8,0.000000,,,,,,,,
781000,1898.0,0.000000,,,,,,,,
781100,1898.2,0.000000,,,,,,,,
781200,1898.4,0.000000,,,,,,,,
781300,1898.7,0.000000,,,,,,,,
781400,1898.9,0.000000,,,,,,,,
781500,1899.1,0.000000,,,,,,,,
781600,1899.3,0.000000,,,,,,,,
781700,1899.5,0.000000,,,,,,,,
781800,1899.8,0.000000,,,,,,,,
781900,1900.0,0.000001,,,,,,,,
782000,1900.2,0.000000,,,,,,,,
782100,1900.4,0.000000,,,,,,,,
782200,1900.6,0.000000,,,,,,,,
782300,1900.9,0.000000,,,,,,,,
782400,1901.1,0.000000,,,,,,,,
782500,1901.3,0.000000,,,,,,,,
782600,1901.5,0.000000,,,,,,,,
782700,1901.7,0.000000,,,,,,,,
782800,1901.9,0.000000,,,,,,,,
782900,1902.2,0.000000,,,,,,,,
783000,1902.4,0.000000,,,,,,,,
783100,1902.6,0.000000,,,,,,,,
783200,1902.8,0.000000,,,,,,,,
783300,1903.0,0.000000,,,,,,,,
783400,1903.2,0.000000,,,,,,,,
783500,1903.4,0.000000,,,,,,,,
783600,1903.6,0.000000,,,,,,,,
783700,1903.8,0.000000,,,,,,,,
783800,1904.0,0.000000,,,,,,,,
783900,1904.2,0.000000,,,,,,,,
784000,1904.5,0.000000,,,,,,,,
784100,1904.7,0.000000,,,,,,,,
784200,1904.9,0.000000,,,,,,,,
784300,1905.1,0.000000,,,,,,,,
784400,1905.3,0.000000,,,,,,,,
784500,1905.5,0.000000,,,,,,,,
784600,1905.7,0.000000,,,,,,,,
784700,1906.0,0.000000,,,,,,,,
784800,1906.2,0.000000,,,,,,,,
784900,1906.4,0.000000,,,,,,,,
785000,1907.9,0.000000,0.000000,1.720448e-02,2.837148e-04,2.109994e-04,0.000000,7.571169e-03,2.680683e-04,2.052261e-04
785100,1908.1,0.000000,,,,,,,,
785200,1908.3,0.000000,,,,,,,,
785300,1908.5,0.000000,,,,,,,,
785400,1908.7,0.000000,,,,,,,,
785500,1908.9,0.000000,,,,,,,,
785600,1909.1,0.000000,,,,,,,,
785700,1909.3,0.000000,,,,,,,,
785800,1909.5,0.000000,,,,,,,,
785900,1909.8,0.000000,,,,,,,,
786000,1910.0,0.000000,,,,,,,,
786100,1910.2,0.000000,,,,,,,,
786200,1910.4,0.000000,,,,,,,,
786300,1910.6,0.000000,,,,,,,,
786400,1910.8,0.000000,,,,,,,,
786500,1911.1,0.000000,,,,,,,,
786600,1911.3,0.000000,,,,,,,,
786700,1911.5,0.000000,,,,,,,,
786800,1911.7,0.000000,,,,,,,,
786900,1911.9,0.000000,,,,,,,,
787000,1912.2,0.000000,,,,,,,,
787100,1912.4,0.000000,,,,,,,,
787200,1912.6,0.000000,,,,,,,,
787300,1912.8,0.000000,,,,,,,,
787400,1913.0,0.000000,,,,,,,,
787500,1913.2,0.000000,,,,,,,,
787600,1913.5,0.000000,,,,,,,,
787700,1913.7,0.000000,,,,,,,,
787800,1913.9,0.000000,,,,,,,,
787900,1914.1,0.000000,,,,,,,,
788000,1914.3,0.000000,,,,,,,,
788100,1914.6,0.000000,,,,,,,,
788200,1914.8,0.000000,,,,,,,,
788300,1915.0,0.000000,,,,,,,,
788400,1915.2,0.000000,,,,,,,,
788500,1915.4,0.000000,,,,,,,,
788600,1915.6,0.000000,,,,,,,,
788700,1915.9,0.000000,,,,,,,,
788800,1916.1,0.000000,,,,,,,,
788900,1916.3,0.000000,,,,,,,,
789000,1916.5,0.000000,,,,,,,,
789100,1916.7,0.000000,,,,,,,,
789200,1916.9,0.000000,,,,,,,,
789300,1917.1,0.000000,,,,,,,,
789400,1917.4,0.000000,,,,,,,,
789500,1917.6,0.000000,,,,,,,,
789600,1917.8,0.000000,,,,,,,,
789700,1918.0,0.000000,,,,,,,,
789800,1918.2,0.000000,,,,,,,,
789900,1918.4,0.000000,,,,,,,,
790000,1919.9,0.000000,0.000000,1.554461e-02,2.780144e-04,2.067491e-04,0.000000,7.128187e-03,2.624428e-04,2.009582e-04
790100,1920.1,0.000000,,,,,,,,
790200,1920.3,0.000000,,,,,,,,
790300,1920.6,0.000000,,,,,,,,
790400,1920.8,0.000000,,,,,,,,
790500,1921.0,0.000000,,,,,,,,
790600,1921.2,0.000000,,,,,,,,
790700,1921.4,0.000000,,,,,,,,
790800,1921.6,0.000000,,,,,,,,
790900,1921.8,0.000000,,,,,,,,
791000,1922.0,0.000000,,,,,,,,
791100,1922.2,0.000000,,,,,,,,
791200,1922.4,0.000000,,,,,,,,
791300,1922.7,0.000000,,,,,,,,
791400,1922.9,0.000000,,,,,,,,
791500,1923.1,0.000000,,,,,,,,
791600,1923.3,0.000000,,,,,,,,
791700,1923.5,0.000000,,,,,,,,
791800,1923.8,0.000000,,,,,,,,
791900,1924.0,0.000000,,,,,,,,
792000,1924.2,0.000000,,,,,,,,
792100,1924.4,0.000000,,,,,,,,
792200,1924.6,0.000000,,,,,,,,
792300,1924.8,0.000000,,,,,,,,
792400,1925.1,0.000000,,,,,,,,
792500,1925.3,0.000000,,,,,,,,
792600,1925.5,0.000000,,,,,,,,
792700,1925.7,0.000000,,,,,,,,
792800,1925.9,0.000000,,,,,,,,
792900,1926.1,0.000000,,,,,,,,
793000,1926.4,0.000000,,,,,,,,
793100,1926.6,0.000000,,,,,,,,
793200,1926.8,0.000000,,,,,,,,
793300,1927.0,0.000000,,,,,,,,
793400,1927.2,0.000000,,,,,,,,
793500,1927.4,0.000000,,,,,,,,
793600,1927.7,0.000000,,,,,,,,
793700,1927.9,0.000000,,,,,,,,
793800,1928.1,0.000000,,,,,,,,
793900,1928.3,0.000000,,,,,,,,
794000,1928.5,0.000000,,,,,,,,
794100,1928.7,0.000000,,,,,,,,
794200,1929.0,0.000000,,,,,,,,
794300,1929.2,0.000000,,,,,,,,
794400,1929.4,0.000000,,,,,,,,
794500,1929.6,0.000000,,,,,,,,
794600,1929.8,0.000000,,,,,,,,
794700,1930.0,0.000000,,,,,,,,
794800,1930.2,0.000000,,,,,,,,
794900,1930.4,0.000000,,,,,,,,
795000,1931.9,0.000000,0.000000,1.700516e-02,2.768084e-04,2.054953e-04,0.000000,7.164903e-03,2.615531e-04,1.996765e-04
795100,1932.1,0.000000,,,,,,,,
795200,1932.3,0.000000,,,,,,,,
795300,1932.5,0.000000,,,,,,,,
795400,1932.7,0.000000,,,,,,,,
795500,1932.9,0.000000,,,,,,,,
795600,1933.1,0.000000,,,,,,,,
795700,1933.3,0.000000,,,,,,,,
795800,1933.5,0.000000,,,,,,,,
795900,1933.7,0.000000,,,,,,,,
796000,1933.9,0.000000,,,,,,,,
796100,1934.1,0.000000,,,,,,,,
796200,1934.3,0.000000,,,,,,,,
796300,1934.5,0.000000,,,,,,,,
796400,1934.8,0.000000,,,,,,,,
796500,1935.0,0.000000,,,,,,,,
796600,1935.2,0.000000,,,,,,,,
796700,1935.4,0.000000,,,,,,,,
796800,1935.6,0.000000,,,,,,,,
796900,1935.8,0.000000,,,,,,,,
797000,1936.1,0.000000,,,,,,,,
797100,1936.3,0.000000,,,,,,,,
797200,1936.5,0.000000,,,,,,,,
797300,1936.7,0.000000,,,,,,,,
797400,1936.9,0.000000,,,,,,,,
797500,1937.1,0.000000,,,,,,,,
797600,1937.3,0.000000,,,,,,,,
797700,1937.5,0.000000,,,,,,,,
797800,1937.7,0.000000,,,,,,,,
797900,1938.0,0.000000,,,,,,,,
798000,1938.2,0.000000,,,,,,,,
798100,1938.4,0.000000,,,,,,,,
798200,1938.6,0.000000,,,,,,,,
798300,1938.8,0.000000,,,,,,,,
798400,1939.0,0.000000,,,,,,,,
798500,1939.3,0.000000,,,,,,,,
798600,1939.5,0.000000,,,,,,,,
798700,1939.7,0.000000,,,,,,,,
798800,1939.9,0.000000,,,,,,,,
798900,1940.1,0.000000,,,,,,,,
799000,1940.3,0.000000,,,,,,,,
799100,1940.5,0.000000,,,,,,,,
799200,1940.8,0.000000,,,,,,,,
799300,1941.0,0.000000,,,,,,,,
799400,1941.2,0.000000,,,,,,,,
799500,1941.4,0.000000,,,,,,,,
799600,1941.6,0.000000,,,,,,,,
799700,1941.9,0.000000,,,,,,,,
799800,1942.1,0.000000,,,,,,,,
799900,1942.3,0.000000,,,,,,,,
800000,1943.8,0.000000,0.000000,1.599807e-02,2.760219e-04,2.049080e-04,0.000000,6.908365e-03,2.606018e-04,1.989351e-04
