step,elapsed_s,train_loss,eval_loss,max_abs_err,mean_abs_err,median_abs_err,frac_under_boyd,max_abs_err_bulk,mean_abs_err_bulk,median_abs_err_bulk
100,1.5,0.110633,,,,,,,,
200,1.8,0.101493,,,,,,,,
300,2.1,0.056138,,,,,,,,
400,2.4,0.027209,,,,,,,,
500,2.8,0.018721,,,,,,,,
600,3.1,0.013192,,,,,,,,
700,3.4,0.005052,,,,,,,,
800,3.7,0.002861,,,,,,,,
900,4.0,0.002366,,,,,,,,
1000,4.3,0.001542,,,,,,,,
1100,4.7,0.001084,,,,,,,,
1200,5.0,0.000566,,,,,,,,
1300,5.3,0.000307,,,,,,,,
1400,5.6,0.000244,,,,,,,,
1500,5.9,0.000172,,,,,,,,
1600,6.2,0.000303,,,,,,,,
1700,6.6,0.000316,,,,,,,,
1800,6.9,0.000125,,,,,,,,
1900,7.2,0.000121,,,,,,,,
2000,7.5,0.000121,,,,,,,,
2100,7.8,0.000130,,,,,,,,
2200,8.1,0.000110,,,,,,,,
2300,8.4,0.000109,,,,,,,,
2400,8.8,0.000100,,,,,,,,
2500,9.1,0.000129,,,,,,,,
2600,9.4,0.000115,,,,,,,,
2700,9.7,0.000067,,,,,,,,
2800,10.0,0.000055,,,,,,,,
2900,10.3,0.000059,,,,,,,,
3000,10.7,0.000116,,,,,,,,
3100,11.0,0.000076,,,,,,,,
3200,11.3,0.000049,,,,,,,,
3300,11.6,0.000074,,,,,,,,
3400,11.9,0.000049,,,,,,,,
3500,12.2,0.000056,,,,,,,,
3600,12.6,0.000053,,,,,,,,
3700,12.9,0.000104,,,,,,,,
3800,13.2,0.000067,,,,,,,,
3900,13.5,0.000071,,,,,,,,
4000,13.8,0.000052,,,,,,,,
4100,14.1,0.000082,,,,,,,,
4200,14.5,0.000064,,,,,,,,
4300,14.8,0.000064,,,,,,,,
4400,15.1,0.000049,,,,,,,,
4500,15.4,0.000089,,,,,,,,
4600,15.7,0.000046,,,,,,,,
4700,16.0,0.000043,,,,,,,,
4800,16.3,0.000062,,,,,,,,
4900,16.7,0.000067,,,,,,,,
5000,18.5,0.000033,0.000072,3.612000e-01,4.103721e-02,3.364012e-02,0.000000,2.876661e-01,3.944301e-02,3.288932e-02
5100,18.8,0.000072,,,,,,,,
5200,19.1,0.000049,,,,,,,,
5300,19.5,0.000041,,,,,,,,
5400,19.8,0.000040,,,,,,,,
5500,20.1,0.000060,,,,,,,,
5600,20.4,0.000029,,,,,,,,
5700,20.7,0.000032,,,,,,,,
5800,21.0,0.000045,,,,,,,,
5900,21.4,0.000041,,,,,,,,
6000,21.7,0.000053,,,,,,,,
6100,22.0,0.000059,,,,,,,,
6200,22.3,0.000031,,,,,,,,
6300,22.6,0.000075,,,,,,,,
6400,22.9,0.000052,,,,,,,,
6500,23.2,0.000026,,,,,,,,
6600,23.5,0.000051,,,,,,,,
6700,23.8,0.000046,,,,,,,,
6800,24.1,0.000069,,,,,,,,
6900,24.4,0.000062,,,,,,,,
7000,24.8,0.000042,,,,,,,,
7100,25.1,0.000045,,,,,,,,
7200,25.4,0.000031,,,,,,,,
7300,25.7,0.000036,,,,,,,,
7400,26.0,0.000026,,,,,,,,
7500,26.3,0.000071,,,,,,,,
7600,26.7,0.000030,,,,,,,,
7700,27.0,0.000029,,,,,,,,
7800,27.3,0.000031,,,,,,,,
7900,27.6,0.000029,,,,,,,,
8000,27.9,0.000084,,,,,,,,
8100,28.2,0.000025,,,,,,,,
8200,28.6,0.000022,,,,,,,,
8300,28.9,0.000060,,,,,,,,
8400,29.2,0.000033,,,,,,,,
8500,29.5,0.000056,,,,,,,,
8600,29.8,0.000044,,,,,,,,
8700,30.1,0.000040,,,,,,,,
8800,30.5,0.000032,,,,,,,,
8900,30.8,0.000026,,,,,,,,
9000,31.1,0.000028,,,,,,,,
9100,31.4,0.000032,,,,,,,,
9200,31.7,0.000031,,,,,,,,
9300,32.0,0.000025,,,,,,,,
9400,32.4,0.000059,,,,,,,,
9500,32.7,0.000032,,,,,,,,
9600,33.0,0.000058,,,,,,,,
9700,33.3,0.000050,,,,,,,,
9800,33.6,0.000020,,,,,,,,
9900,33.9,0.000035,,,,,,,,
10000,35.4,0.000047,0.000026,3.002411e-01,2.313336e-02,1.772234e-02,0.000000,2.908902e-01,2.225786e-02,1.715019e-02
10100,35.7,0.000025,,,,,,,,
10200,36.0,0.000043,,,,,,,,
10300,36.3,0.000038,,,,,,,,
10400,36.6,0.000021,,,,,,,,
10500,37.0,0.000023,,,,,,,,
10600,37.3,0.000033,,,,,,,,
10700,37.6,0.000022,,,,,,,,
10800,37.9,0.000034,,,,,,,,
10900,38.2,0.000020,,,,,,,,
11000,38.5,0.000024,,,,,,,,
11100,38.9,0.000026,,,,,,,,
11200,39.2,0.000024,,,,,,,,
11300,39.5,0.000036,,,,,,,,
11400,39.8,0.000019,,,,,,,,
11500,40.1,0.000042,,,,,,,,
11600,40.4,0.000014,,,,,,,,
11700,40.7,0.000044,,,,,,,,
11800,41.0,0.000025,,,,,,,,
11900,41.4,0.000030,,,,,,,,
12000,41.7,0.000018,,,,,,,,
12100,42.0,0.000034,,,,,,,,
12200,42.3,0.000016,,,,,,,,
12300,42.6,0.000024,,,,,,,,
12400,42.9,0.000023,,,,,,,,
12500,43.2,0.000024,,,,,,,,
12600,43.5,0.000016,,,,,,,,
12700,43.8,0.000028,,,,,,,,
12800,44.1,0.000015,,,,,,,,
12900,44.4,0.000014,,,,,,,,
13000,44.8,0.000023,,,,,,,,
13100,45.1,0.000025,,,,,,,,
13200,45.4,0.000014,,,,,,,,
13300,45.7,0.000052,,,,,,,,
13400,46.0,0.000029,,,,,,,,
13500,46.3,0.000014,,,,,,,,
13600,46.6,0.000020,,,,,,,,
13700,46.9,0.000013,,,,,,,,
13800,47.2,0.000013,,,,,,,,
13900,47.5,0.000017,,,,,,,,
14000,47.8,0.000014,,,,,,,,
14100,48.2,0.000013,,,,,,,,
14200,48.5,0.000031,,,,,,,,
14300,48.8,0.000016,,,,,,,,
14400,49.1,0.000021,,,,,,,,
14500,49.4,0.000022,,,,,,,,
14600,49.7,0.000011,,,,,,,,
14700,50.0,0.000011,,,,,,,,
14800,50.3,0.000035,,,,,,,,
14900,50.6,0.000009,,,,,,,,
15000,52.1,0.000017,0.000015,2.652440e-01,1.854977e-02,1.499807e-02,0.000000,2.652440e-01,1.787242e-02,1.462278e-02
15100,52.4,0.000020,,,,,,,,
15200,52.7,0.000034,,,,,,,,
15300,53.0,0.000014,,,,,,,,
15400,53.3,0.000017,,,,,,,,
15500,53.6,0.000014,,,,,,,,
15600,54.0,0.000022,,,,,,,,
15700,54.3,0.000029,,,,,,,,
15800,54.6,0.000020,,,,,,,,
15900,54.9,0.000017,,,,,,,,
16000,55.2,0.000023,,,,,,,,
16100,55.5,0.000018,,,,,,,,
16200,55.9,0.000013,,,,,,,,
16300,56.2,0.000023,,,,,,,,
16400,56.5,0.000031,,,,,,,,
16500,56.8,0.000011,,,,,,,,
16600,57.1,0.000029,,,,,,,,
16700,57.4,0.000011,,,,,,,,
16800,57.7,0.000021,,,,,,,,
16900,58.1,0.000010,,,,,,,,
17000,58.4,0.000035,,,,,,,,
17100,58.7,0.000012,,,,,,,,
17200,59.0,0.000009,,,,,,,,
17300,59.3,0.000024,,,,,,,,
17400,59.6,0.000018,,,,,,,,
17500,60.0,0.000006,,,,,,,,
17600,60.3,0.000009,,,,,,,,
17700,60.6,0.000011,,,,,,,,
17800,60.9,0.000011,,,,,,,,
17900,61.2,0.000016,,,,,,,,
18000,61.5,0.000028,,,,,,,,
18100,61.9,0.000011,,,,,,,,
18200,62.2,0.000011,,,,,,,,
18300,62.5,0.000011,,,,,,,,
18400,62.8,0.000015,,,,,,,,
18500,63.0,0.000026,,,,,,,,
18600,63.4,0.000014,,,,,,,,
18700,63.7,0.000015,,,,,,,,
18800,64.0,0.000021,,,,,,,,
18900,64.3,0.000010,,,,,,,,
19000,64.6,0.000010,,,,,,,,
19100,64.9,0.000007,,,,,,,,
19200,65.3,0.000013,,,,,,,,
19300,65.6,0.000013,,,,,,,,
19400,65.9,0.000024,,,,,,,,
19500,66.2,0.000017,,,,,,,,
19600,66.5,0.000009,,,,,,,,
19700,66.9,0.000009,,,,,,,,
19800,67.2,0.000013,,,,,,,,
19900,67.5,0.000030,,,,,,,,
20000,68.9,0.000023,0.000016,2.602466e-01,2.055831e-02,1.890140e-02,0.000000,2.016739e-01,1.989202e-02,1.860152e-02
20100,69.2,0.000010,,,,,,,,
20200,69.6,0.000016,,,,,,,,
20300,69.9,0.000024,,,,,,,,
20400,70.2,0.000011,,,,,,,,
20500,70.5,0.000015,,,,,,,,
20600,70.8,0.000011,,,,,,,,
20700,71.1,0.000013,,,,,,,,
20800,71.5,0.000016,,,,,,,,
20900,71.8,0.000007,,,,,,,,
21000,72.1,0.000011,,,,,,,,
21100,72.4,0.000009,,,,,,,,
21200,72.7,0.000015,,,,,,,,
21300,73.0,0.000008,,,,,,,,
21400,73.4,0.000020,,,,,,,,
21500,73.7,0.000010,,,,,,,,
21600,74.0,0.000009,,,,,,,,
21700,74.3,0.000012,,,,,,,,
21800,74.6,0.000010,,,,,,,,
21900,74.9,0.000009,,,,,,,,
22000,75.3,0.000009,,,,,,,,
22100,75.6,0.000016,,,,,,,,
22200,75.9,0.000006,,,,,,,,
22300,76.2,0.000008,,,,,,,,
22400,76.5,0.000013,,,,,,,,
22500,76.8,0.000006,,,,,,,,
22600,77.2,0.000007,,,,,,,,
22700,77.5,0.000014,,,,,,,,
22800,77.8,0.000012,,,,,,,,
22900,78.1,0.000008,,,,,,,,
23000,78.4,0.000009,,,,,,,,
23100,78.7,0.000020,,,,,,,,
23200,79.1,0.000006,,,,,,,,
23300,79.4,0.000014,,,,,,,,
23400,79.7,0.000009,,,,,,,,
23500,80.0,0.000005,,,,,,,,
23600,80.3,0.000009,,,,,,,,
23700,80.6,0.000007,,,,,,,,
23800,81.0,0.000019,,,,,,,,
23900,81.3,0.000016,,,,,,,,
24000,81.6,0.000018,,,,,,,,
24100,81.9,0.000014,,,,,,,,
24200,82.2,0.000014,,,,,,,,
24300,82.5,0.000015,,,,,,,,
24400,82.9,0.000011,,,,,,,,
24500,83.2,0.000018,,,,,,,,
24600,83.5,0.000008,,,,,,,,
24700,83.8,0.000005,,,,,,,,
24800,84.1,0.000008,,,,,,,,
24900,84.5,0.000008,,,,,,,,
25000,85.9,0.000009,0.000007,2.217172e-01,1.214260e-02,9.788320e-03,0.000000,2.052295e-01,1.196726e-02,9.848509e-03
25100,86.2,0.000009,,,,,,,,
25200,86.5,0.000023,,,,,,,,
25300,86.8,0.000005,,,,,,,,
25400,87.2,0.000020,,,,,,,,
25500,87.5,0.000012,,,,,,,,
25600,87.8,0.000009,,,,,,,,
25700,88.1,0.000006,,,,,,,,
25800,88.4,0.000012,,,,,,,,
25900,88.7,0.000009,,,,,,,,
26000,89.1,0.000007,,,,,,,,
26100,89.4,0.000009,,,,,,,,
26200,89.7,0.000010,,,,,,,,
26300,90.0,0.000006,,,,,,,,
26400,90.3,0.000012,,,,,,,,
26500,90.6,0.000007,,,,,,,,
26600,91.0,0.000007,,,,,,,,
26700,91.3,0.000009,,,,,,,,
26800,91.6,0.000011,,,,,,,,
26900,91.9,0.000008,,,,,,,,
27000,92.2,0.000015,,,,,,,,
27100,92.5,0.000009,,,,,,,,
27200,92.9,0.000008,,,,,,,,
27300,93.2,0.000008,,,,,,,,
27400,93.5,0.000015,,,,,,,,
27500,93.8,0.000009,,,,,,,,
27600,94.1,0.000008,,,,,,,,
27700,94.4,0.000006,,,,,,,,
27800,94.8,0.000005,,,,,,,,
27900,95.1,0.000006,,,,,,,,
28000,95.4,0.000006,,,,,,,,
28100,95.7,0.000004,,,,,,,,
28200,96.0,0.000007,,,,,,,,
28300,96.3,0.000008,,,,,,,,
28400,96.6,0.000016,,,,,,,,
28500,97.0,0.000007,,,,,,,,
28600,97.3,0.000006,,,,,,,,
28700,97.6,0.000005,,,,,,,,
28800,97.9,0.000008,,,,,,,,
28900,98.2,0.000007,,,,,,,,
29000,98.5,0.000018,,,,,,,,
29100,98.9,0.000008,,,,,,,,
29200,99.2,0.000008,,,,,,,,
29300,99.5,0.000052,,,,,,,,
29400,99.8,0.000018,,,,,,,,
29500,100.1,0.000007,,,,,,,,
29600,100.4,0.000006,,,,,,,,
29700,100.8,0.000009,,,,,,,,
29800,101.1,0.000007,,,,,,,,
29900,101.4,0.000004,,,,,,,,
30000,102.8,0.000008,0.000006,1.276675e-01,1.130503e-02,8.852839e-03,0.000000,1.257436e-01,1.094017e-02,8.771935e-03
30100,103.1,0.000005,,,,,,,,
30200,103.4,0.000007,,,,,,,,
30300,103.8,0.000019,,,,,,,,
30400,104.1,0.000050,,,,,,,,
30500,104.4,0.000014,,,,,,,,
30600,104.7,0.000005,,,,,,,,
30700,105.0,0.000011,,,,,,,,
30800,105.4,0.000010,,,,,,,,
30900,105.7,0.000022,,,,,,,,
31000,106.0,0.000012,,,,,,,,
31100,106.3,0.000005,,,,,,,,
31200,106.6,0.000018,,,,,,,,
31300,106.9,0.000010,,,,,,,,
31400,107.2,0.000045,,,,,,,,
31500,107.6,0.000006,,,,,,,,
31600,107.9,0.000009,,,,,,,,
31700,108.2,0.000013,,,,,,,,
31800,108.5,0.000008,,,,,,,,
31900,108.8,0.000012,,,,,,,,
32000,109.1,0.000017,,,,,,,,
32100,109.5,0.000007,,,,,,,,
32200,109.8,0.000027,,,,,,,,
32300,110.1,0.000008,,,,,,,,
32400,110.4,0.000006,,,,,,,,
32500,110.7,0.000017,,,,,,,,
32600,111.0,0.000013,,,,,,,,
32700,111.4,0.000008,,,,,,,,
32800,111.7,0.000012,,,,,,,,
32900,112.0,0.000005,,,,,,,,
33000,112.3,0.000011,,,,,,,,
33100,112.6,0.000017,,,,,,,,
33200,112.9,0.000005,,,,,,,,
33300,113.3,0.000009,,,,,,,,
33400,113.6,0.000009,,,,,,,,
33500,113.9,0.000006,,,,,,,,
33600,114.2,0.000010,,,,,,,,
33700,114.5,0.000006,,,,,,,,
33800,114.8,0.000004,,,,,,,,
33900,115.2,0.000008,,,,,,,,
34000,115.5,0.000005,,,,,,,,
34100,115.8,0.000006,,,,,,,,
34200,116.1,0.000009,,,,,,,,
34300,116.4,0.000008,,,,,,,,
34400,116.7,0.000003,,,,,,,,
34500,117.1,0.000004,,,,,,,,
34600,117.4,0.000007,,,,,,,,
34700,117.7,0.000006,,,,,,,,
34800,118.0,0.000005,,,,,,,,
34900,118.3,0.000019,,,,,,,,
35000,119.8,0.000004,0.000005,1.927946e-01,9.779411e-03,7.490527e-03,0.000000,1.490304e-01,9.404375e-03,7.293958e-03
35100,120.1,0.000004,,,,,,,,
35200,120.4,0.000007,,,,,,,,
35300,120.7,0.000006,,,,,,,,
35400,121.0,0.000005,,,,,,,,
35500,121.4,0.000005,,,,,,,,
35600,121.7,0.000008,,,,,,,,
35700,122.0,0.000005,,,,,,,,
35800,122.3,0.000010,,,,,,,,
35900,122.6,0.000007,,,,,,,,
36000,122.9,0.000005,,,,,,,,
36100,123.3,0.000017,,,,,,,,
36200,123.6,0.000006,,,,,,,,
36300,123.9,0.000004,,,,,,,,
36400,124.2,0.000006,,,,,,,,
36500,124.5,0.000004,,,,,,,,
36600,124.8,0.000011,,,,,,,,
36700,125.2,0.000004,,,,,,,,
36800,125.5,0.000004,,,,,,,,
36900,125.8,0.000004,,,,,,,,
37000,126.1,0.000007,,,,,,,,
37100,126.4,0.000003,,,,,,,,
37200,126.7,0.000004,,,,,,,,
37300,127.1,0.000012,,,,,,,,
37400,127.4,0.000013,,,,,,,,
37500,127.7,0.000005,,,,,,,,
37600,128.0,0.000009,,,,,,,,
37700,128.3,0.000010,,,,,,,,
37800,128.6,0.000011,,,,,,,,
37900,129.0,0.000007,,,,,,,,
38000,129.3,0.000005,,,,,,,,
38100,129.6,0.000004,,,,,,,,
38200,129.9,0.000008,,,,,,,,
38300,130.2,0.000004,,,,,,,,
38400,130.5,0.000010,,,,,,,,
38500,130.9,0.000014,,,,,,,,
38600,131.2,0.000007,,,,,,,,
38700,131.5,0.000012,,,,,,,,
38800,131.8,0.000014,,,,,,,,
38900,132.1,0.000010,,,,,,,,
39000,132.4,0.000006,,,,,,,,
39100,132.8,0.000008,,,,,,,,
39200,133.1,0.000004,,,,,,,,
39300,133.4,0.000004,,,,,,,,
39400,133.7,0.000008,,,,,,,,
39500,134.0,0.000004,,,,,,,,
39600,134.3,0.000004,,,,,,,,
39700,134.7,0.000013,,,,,,,,
39800,135.0,0.000004,,,,,,,,
39900,135.3,0.000003,,,,,,,,
40000,136.7,0.000006,0.000004,1.579416e-01,9.165028e-03,6.904463e-03,0.000000,1.289134e-01,8.893850e-03,6.920617e-03
40100,137.0,0.000007,,,,,,,,
40200,137.4,0.000006,,,,,,,,
40300,137.7,0.000021,,,,,,,,
40400,138.0,0.000004,,,,,,,,
40500,138.3,0.000004,,,,,,,,
40600,138.6,0.000005,,,,,,,,
40700,138.9,0.000006,,,,,,,,
40800,139.3,0.000004,,,,,,,,
40900,139.6,0.000006,,,,,,,,
41000,139.9,0.000006,,,,,,,,
41100,140.2,0.000006,,,,,,,,
41200,140.5,0.000005,,,,,,,,
41300,140.8,0.000009,,,,,,,,
41400,141.2,0.000005,,,,,,,,
41500,141.5,0.000020,,,,,,,,
41600,141.8,0.000006,,,,,,,,
41700,142.1,0.000005,,,,,,,,
41800,142.4,0.000004,,,,,,,,
41900,142.8,0.000018,,,,,,,,
42000,143.1,0.000003,,,,,,,,
42100,143.4,0.000005,,,,,,,,
42200,143.7,0.000005,,,,,,,,
42300,144.0,0.000006,,,,,,,,
42400,144.3,0.000015,,,,,,,,
42500,144.7,0.000007,,,,,,,,
42600,145.0,0.000003,,,,,,,,
42700,145.3,0.000004,,,,,,,,
42800,145.6,0.000004,,,,,,,,
42900,145.9,0.000004,,,,,,,,
43000,146.2,0.000011,,,,,,,,
43100,146.6,0.000008,,,,,,,,
43200,146.9,0.000008,,,,,,,,
43300,147.2,0.000011,,,,,,,,
43400,147.5,0.000004,,,,,,,,
43500,147.8,0.000012,,,,,,,,
43600,148.1,0.000006,,,,,,,,
43700,148.4,0.000006,,,,,,,,
43800,148.8,0.000006,,,,,,,,
43900,149.1,0.000004,,,,,,,,
44000,149.4,0.000004,,,,,,,,
44100,149.7,0.000004,,,,,,,,
44200,150.0,0.000007,,,,,,,,
44300,150.3,0.000009,,,,,,,,
44400,150.7,0.000006,,,,,,,,
44500,151.0,0.000005,,,,,,,,
44600,151.3,0.000004,,,,,,,,
44700,151.6,0.000006,,,,,,,,
44800,151.9,0.000004,,,,,,,,
44900,152.2,0.000008,,,,,,,,
45000,153.7,0.000006,0.000007,1.919933e-01,1.255189e-02,1.049052e-02,0.000000,1.878586e-01,1.259016e-02,1.083421e-02
45100,154.0,0.000005,,,,,,,,
45200,154.3,0.000004,,,,,,,,
45300,154.6,0.000006,,,,,,,,
45400,154.9,0.000007,,,,,,,,
45500,155.3,0.000010,,,,,,,,
45600,155.6,0.000007,,,,,,,,
45700,155.9,0.000008,,,,,,,,
45800,156.2,0.000006,,,,,,,,
45900,156.5,0.000006,,,,,,,,
46000,156.8,0.000008,,,,,,,,
46100,157.2,0.000007,,,,,,,,
46200,157.5,0.000005,,,,,,,,
46300,157.8,0.000006,,,,,,,,
46400,158.1,0.000009,,,,,,,,
46500,158.4,0.000010,,,,,,,,
46600,158.7,0.000004,,,,,,,,
46700,159.1,0.000005,,,,,,,,
46800,159.4,0.000004,,,,,,,,
46900,159.7,0.000010,,,,,,,,
47000,160.0,0.000005,,,,,,,,
47100,160.3,0.000004,,,,,,,,
47200,160.6,0.000016,,,,,,,,
47300,161.0,0.000009,,,,,,,,
47400,161.3,0.000005,,,,,,,,
47500,161.6,0.000010,,,,,,,,
47600,161.9,0.000014,,,,,,,,
47700,162.2,0.000016,,,,,,,,
47800,162.5,0.000004,,,,,,,,
47900,162.9,0.000005,,,,,,,,
48000,163.2,0.000004,,,,,,,,
48100,163.5,0.000004,,,,,,,,
48200,163.8,0.000003,,,,,,,,
48300,164.1,0.000008,,,,,,,,
48400,164.4,0.000004,,,,,,,,
48500,164.8,0.000004,,,,,,,,
48600,165.1,0.000004,,,,,,,,
48700,165.4,0.000006,,,,,,,,
48800,165.7,0.000020,,,,,,,,
48900,166.0,0.000007,,,,,,,,
49000,166.3,0.000003,,,,,,,,
49100,166.7,0.000005,,,,,,,,
49200,167.0,0.000004,,,,,,,,
49300,167.3,0.000004,,,,,,,,
49400,167.6,0.000005,,,,,,,,
49500,167.9,0.000011,,,,,,,,
49600,168.2,0.000003,,,,,,,,
49700,168.6,0.000004,,,,,,,,
49800,168.9,0.000004,,,,,,,,
49900,169.1,0.000005,,,,,,,,
50000,170.5,0.000007,0.000004,1.791485e-01,9.587264e-03,7.065351e-03,0.000000,1.395113e-01,9.280096e-03,6.889057e-03
50100,170.7,0.000005,,,,,,,,
50200,171.0,0.000006,,,,,,,,
50300,171.3,0.000007,,,,,,,,
50400,171.6,0.000004,,,,,,,,
50500,171.9,0.000004,,,,,,,,
50600,172.2,0.000006,,,,,,,,
50700,172.6,0.000007,,,,,,,,
50800,172.9,0.000006,,,,,,,,
50900,173.2,0.000003,,,,,,,,
51000,173.5,0.000003,,,,,,,,
51100,173.8,0.000004,,,,,,,,
51200,174.1,0.000008,,,,,,,,
51300,174.5,0.000005,,,,,,,,
51400,174.8,0.000006,,,,,,,,
51500,175.1,0.000003,,,,,,,,
51600,175.4,0.000007,,,,,,,,
51700,175.7,0.000004,,,,,,,,
51800,176.0,0.000005,,,,,,,,
51900,176.4,0.000006,,,,,,,,
52000,176.7,0.000006,,,,,,,,
52100,177.0,0.000002,,,,,,,,
52200,177.3,0.000002,,,,,,,,
52300,177.6,0.000003,,,,,,,,
52400,177.9,0.000006,,,,,,,,
52500,178.3,0.000006,,,,,,,,
52600,178.6,0.000003,,,,,,,,
52700,178.9,0.000003,,,,,,,,
52800,179.2,0.000007,,,,,,,,
52900,179.5,0.000006,,,,,,,,
53000,179.8,0.000007,,,,,,,,
53100,180.2,0.000009,,,,,,,,
53200,180.5,0.000003,,,,,,,,
53300,180.8,0.000007,,,,,,,,
53400,181.1,0.000003,,,,,,,,
53500,181.4,0.000007,,,,,,,,
53600,181.7,0.000008,,,,,,,,
53700,182.1,0.000009,,,,,,,,
53800,182.4,0.000005,,,,,,,,
53900,182.7,0.000013,,,,,,,,
54000,183.0,0.000004,,,,,,,,
54100,183.3,0.000004,,,,,,,,
54200,183.7,0.000005,,,,,,,,
54300,184.0,0.000006,,,,,,,,
54400,184.3,0.000003,,,,,,,,
54500,184.6,0.000011,,,,,,,,
54600,184.9,0.000005,,,,,,,,
54700,185.2,0.000007,,,,,,,,
54800,185.6,0.000006,,,,,,,,
54900,185.9,0.000006,,,,,,,,
55000,187.3,0.000004,0.000003,1.604093e-01,8.000273e-03,5.856525e-03,0.000000,1.029210e-01,7.611611e-03,5.660729e-03
55100,187.6,0.000008,,,,,,,,
55200,187.9,0.000004,,,,,,,,
55300,188.3,0.000007,,,,,,,,
55400,188.6,0.000007,,,,,,,,
55500,188.9,0.000004,,,,,,,,
55600,189.2,0.000009,,,,,,,,
55700,189.5,0.000004,,,,,,,,
55800,189.8,0.000006,,,,,,,,
55900,190.2,0.000005,,,,,,,,
56000,190.5,0.000010,,,,,,,,
56100,190.8,0.000003,,,,,,,,
56200,191.1,0.000005,,,,,,,,
56300,191.4,0.000003,,,,,,,,
56400,191.7,0.000006,,,,,,,,
56500,192.1,0.000003,,,,,,,,
56600,192.4,0.000005,,,,,,,,
56700,192.7,0.000007,,,,,,,,
56800,193.0,0.000006,,,,,,,,
56900,193.3,0.000005,,,,,,,,
57000,193.6,0.000006,,,,,,,,
57100,193.9,0.000007,,,,,,,,
57200,194.3,0.000005,,,,,,,,
57300,194.6,0.000003,,,,,,,,
57400,194.9,0.000008,,,,,,,,
57500,195.2,0.000004,,,,,,,,
57600,195.5,0.000005,,,,,,,,
57700,195.8,0.000004,,,,,,,,
57800,196.2,0.000004,,,,,,,,
57900,196.5,0.000004,,,,,,,,
58000,196.8,0.000003,,,,,,,,
58100,197.1,0.000009,,,,,,,,
58200,197.4,0.000004,,,,,,,,
58300,197.7,0.000007,,,,,,,,
58400,198.1,0.000005,,,,,,,,
58500,198.4,0.000007,,,,,,,,
58600,198.7,0.000002,,,,,,,,
58700,199.0,0.000005,,,,,,,,
58800,199.3,0.000004,,,,,,,,
58900,199.6,0.000004,,,,,,,,
59000,200.0,0.000003,,,,,,,,
59100,200.3,0.000004,,,,,,,,
59200,200.6,0.000009,,,,,,,,
59300,200.9,0.000004,,,,,,,,
59400,201.2,0.000003,,,,,,,,
59500,201.5,0.000004,,,,,,,,
59600,201.9,0.000004,,,,,,,,
59700,202.2,0.000006,,,,,,,,
59800,202.5,0.000005,,,,,,,,
59900,202.8,0.000006,,,,,,,,
60000,204.3,0.000003,0.000010,1.805612e-01,1.546183e-02,1.353392e-02,0.000000,1.741440e-01,1.453082e-02,1.287047e-02
60100,204.6,0.000004,,,,,,,,
60200,204.9,0.000003,,,,,,,,
60300,205.2,0.000004,,,,,,,,
60400,205.5,0.000003,,,,,,,,
60500,205.8,0.000003,,,,,,,,
60600,206.1,0.000003,,,,,,,,
60700,206.5,0.000004,,,,,,,,
60800,206.8,0.000003,,,,,,,,
60900,207.1,0.000004,,,,,,,,
61000,207.4,0.000002,,,,,,,,
61100,207.7,0.000005,,,,,,,,
61200,208.0,0.000009,,,,,,,,
61300,208.4,0.000003,,,,,,,,
61400,208.7,0.000013,,,,,,,,
61500,209.0,0.000003,,,,,,,,
61600,209.3,0.000005,,,,,,,,
61700,209.6,0.000004,,,,,,,,
61800,209.9,0.000005,,,,,,,,
61900,210.2,0.000009,,,,,,,,
62000,210.6,0.000004,,,,,,,,
62100,210.9,0.000005,,,,,,,,
62200,211.2,0.000006,,,,,,,,
62300,211.5,0.000008,,,,,,,,
62400,211.8,0.000003,,,,,,,,
62500,212.1,0.000004,,,,,,,,
62600,212.5,0.000017,,,,,,,,
62700,212.8,0.000005,,,,,,,,
62800,213.1,0.000006,,,,,,,,
62900,213.4,0.000007,,,,,,,,
63000,213.7,0.000006,,,,,,,,
63100,214.0,0.000005,,,,,,,,
63200,214.4,0.000003,,,,,,,,
63300,214.7,0.000006,,,,,,,,
63400,215.0,0.000006,,,,,,,,
63500,215.3,0.000002,,,,,,,,
63600,215.6,0.000004,,,,,,,,
63700,215.9,0.000003,,,,,,,,
63800,216.3,0.000004,,,,,,,,
63900,216.6,0.000004,,,,,,,,
64000,216.9,0.000002,,,,,,,,
64100,217.2,0.000004,,,,,,,,
64200,217.5,0.000005,,,,,,,,
64300,217.8,0.000006,,,,,,,,
64400,218.2,0.000003,,,,,,,,
64500,218.5,0.000006,,,,,,,,
64600,218.8,0.000006,,,,,,,,
64700,219.1,0.000007,,,,,,,,
64800,219.4,0.000003,,,,,,,,
64900,219.7,0.000006,,,,,,,,
65000,221.2,0.000006,0.000014,3.287378e-01,1.557856e-02,1.114369e-02,0.000000,2.141119e-01,1.536071e-02,1.136300e-02
65100,221.5,0.000008,,,,,,,,
65200,221.8,0.000003,,,,,,,,
65300,222.1,0.000004,,,,,,,,
65400,222.4,0.000003,,,,,,,,
65500,222.8,0.000007,,,,,,,,
65600,223.1,0.000004,,,,,,,,
65700,223.4,0.000004,,,,,,,,
65800,223.7,0.000003,,,,,,,,
65900,224.0,0.000005,,,,,,,,
66000,224.3,0.000003,,,,,,,,
66100,224.7,0.000003,,,,,,,,
66200,225.0,0.000004,,,,,,,,
66300,225.3,0.000006,,,,,,,,
66400,225.6,0.000006,,,,,,,,
66500,225.9,0.000006,,,,,,,,
66600,226.2,0.000003,,,,,,,,
66700,226.5,0.000007,,,,,,,,
66800,226.9,0.000004,,,,,,,,
66900,227.2,0.000003,,,,,,,,
67000,227.5,0.000002,,,,,,,,
67100,227.8,0.000005,,,,,,,,
67200,228.1,0.000003,,,,,,,,
67300,228.3,0.000006,,,,,,,,
67400,228.7,0.000004,,,,,,,,
67500,229.0,0.000004,,,,,,,,
67600,229.3,0.000009,,,,,,,,
67700,229.6,0.000005,,,,,,,,
67800,229.9,0.000006,,,,,,,,
67900,230.2,0.000005,,,,,,,,
68000,230.6,0.000008,,,,,,,,
68100,230.9,0.000006,,,,,,,,
68200,231.2,0.000012,,,,,,,,
68300,231.5,0.000003,,,,,,,,
68400,231.8,0.000003,,,,,,,,
68500,232.1,0.000005,,,,,,,,
68600,232.5,0.000003,,,,,,,,
68700,232.8,0.000004,,,,,,,,
68800,233.1,0.000002,,,,,,,,
68900,233.4,0.000006,,,,,,,,
69000,233.7,0.000003,,,,,,,,
69100,234.0,0.000003,,,,,,,,
69200,234.3,0.000004,,,,,,,,
69300,234.7,0.000005,,,,,,,,
69400,235.0,0.000003,,,,,,,,
69500,235.3,0.000005,,,,,,,,
69600,235.6,0.000004,,,,,,,,
69700,235.9,0.000003,,,,,,,,
69800,236.2,0.000009,,,,,,,,
69900,236.6,0.000003,,,,,,,,
70000,238.0,0.000003,0.000004,1.666299e-01,9.252229e-03,7.763950e-03,0.000000,1.218007e-01,8.982855e-03,7.620508e-03
70100,238.3,0.000005,,,,,,,,
70200,238.6,0.000008,,,,,,,,
70300,238.9,0.000004,,,,,,,,
70400,239.2,0.000003,,,,,,,,
70500,239.6,0.000008,,,,,,,,
70600,239.9,0.000008,,,,,,,,
70700,240.2,0.000002,,,,,,,,
70800,240.5,0.000004,,,,,,,,
70900,240.8,0.000003,,,,,,,,
71000,241.1,0.000003,,,,,,,,
71100,241.5,0.000005,,,,,,,,
71200,241.8,0.000006,,,,,,,,
71300,242.1,0.000008,,,,,,,,
71400,242.4,0.000003,,,,,,,,
71500,242.7,0.000003,,,,,,,,
71600,243.0,0.000005,,,,,,,,
71700,243.4,0.000002,,,,,,,,
71800,243.7,0.000003,,,,,,,,
71900,244.0,0.000007,,,,,,,,
72000,244.3,0.000004,,,,,,,,
72100,244.6,0.000010,,,,,,,,
72200,244.9,0.000004,,,,,,,,
72300,245.3,0.000003,,,,,,,,
72400,245.6,0.000002,,,,,,,,
72500,245.9,0.000003,,,,,,,,
72600,246.2,0.000005,,,,,,,,
72700,246.5,0.000002,,,,,,,,
72800,246.8,0.000003,,,,,,,,
72900,247.2,0.000008,,,,,,,,
73000,247.5,0.000003,,,,,,,,
73100,247.8,0.000003,,,,,,,,
73200,248.1,0.000003,,,,,,,,
73300,248.4,0.000005,,,,,,,,
73400,248.7,0.000005,,,,,,,,
73500,249.1,0.000005,,,,,,,,
73600,249.4,0.000016,,,,,,,,
73700,249.7,0.000005,,,,,,,,
73800,250.0,0.000004,,,,,,,,
73900,250.3,0.000004,,,,,,,,
74000,250.6,0.000003,,,,,,,,
74100,250.9,0.000003,,,,,,,,
74200,251.3,0.000006,,,,,,,,
74300,251.6,0.000003,,,,,,,,
74400,251.9,0.000003,,,,,,,,
74500,252.2,0.000010,,,,,,,,
74600,252.5,0.000004,,,,,,,,
74700,252.8,0.000003,,,,,,,,
74800,253.2,0.000003,,,,,,,,
74900,253.5,0.000004,,,,,,,,
75000,254.9,0.000002,0.000005,1.611033e-01,9.884182e-03,8.210266e-03,0.000000,7.659279e-02,9.748512e-03,8.283968e-03
75100,255.2,0.000007,,,,,,,,
75200,255.5,0.000005,,,,,,,,
75300,255.8,0.000005,,,,,,,,
75400,256.2,0.000006,,,,,,,,
75500,256.5,0.000005,,,,,,,,
75600,256.8,0.000009,,,,,,,,
75700,257.1,0.000005,,,,,,,,
75800,257.4,0.000002,,,,,,,,
75900,257.7,0.000003,,,,,,,,
76000,258.1,0.000007,,,,,,,,
76100,258.4,0.000006,,,,,,,,
76200,258.7,0.000003,,,,,,,,
76300,259.0,0.000004,,,,,,,,
76400,259.3,0.000004,,,,,,,,
76500,259.6,0.000004,,,,,,,,
76600,260.0,0.000007,,,,,,,,
76700,260.3,0.000003,,,,,,,,
76800,260.6,0.000012,,,,,,,,
76900,260.9,0.000005,,,,,,,,
77000,261.2,0.000003,,,,,,,,
77100,261.5,0.000002,,,,,,,,
77200,261.9,0.000004,,,,,,,,
77300,262.2,0.000007,,,,,,,,
77400,262.5,0.000006,,,,,,,,
77500,262.8,0.000003,,,,,,,,
77600,263.1,0.000006,,,,,,,,
77700,263.4,0.000003,,,,,,,,
77800,263.8,0.000013,,,,,,,,
77900,264.1,0.000003,,,,,,,,
78000,264.4,0.000005,,,,,,,,
78100,264.7,0.000007,,,,,,,,
78200,265.0,0.000003,,,,,,,,
78300,265.3,0.000002,,,,,,,,
78400,265.6,0.000011,,,,,,,,
78500,266.0,0.000003,,,,,,,,
78600,266.3,0.000007,,,,,,,,
78700,266.6,0.000004,,,,,,,,
78800,266.9,0.000003,,,,,,,,
78900,267.2,0.000004,,,,,,,,
79000,267.5,0.000006,,,,,,,,
79100,267.9,0.000009,,,,,,,,
79200,268.2,0.000005,,,,,,,,
79300,268.5,0.000006,,,,,,,,
79400,268.8,0.000004,,,,,,,,
79500,269.1,0.000002,,,,,,,,
79600,269.4,0.000002,,,,,,,,
79700,269.8,0.000005,,,,,,,,
79800,270.1,0.000003,,,,,,,,
79900,270.4,0.000005,,,,,,,,
80000,271.8,0.000003,0.000004,1.670957e-01,9.623320e-03,8.122888e-03,0.000000,1.178627e-01,9.628445e-03,8.310818e-03
80100,272.1,0.000003,,,,,,,,
80200,272.4,0.000004,,,,,,,,
80300,272.8,0.000010,,,,,,,,
80400,273.1,0.000004,,,,,,,,
80500,273.4,0.000004,,,,,,,,
80600,273.7,0.000002,,,,,,,,
80700,274.0,0.000011,,,,,,,,
80800,274.3,0.000005,,,,,,,,
80900,274.7,0.000002,,,,,,,,
81000,275.0,0.000003,,,,,,,,
81100,275.3,0.000003,,,,,,,,
81200,275.6,0.000006,,,,,,,,
81300,275.9,0.000002,,,,,,,,
81400,276.2,0.000007,,,,,,,,
81500,276.6,0.000003,,,,,,,,
81600,276.9,0.000011,,,,,,,,
81700,277.2,0.000005,,,,,,,,
81800,277.5,0.000004,,,,,,,,
81900,277.8,0.000006,,,,,,,,
82000,278.1,0.000006,,,,,,,,
82100,278.5,0.000003,,,,,,,,
82200,278.8,0.000004,,,,,,,,
82300,279.1,0.000005,,,,,,,,
82400,279.4,0.000006,,,,,,,,
82500,279.7,0.000003,,,,,,,,
82600,280.0,0.000005,,,,,,,,
82700,280.4,0.000003,,,,,,,,
82800,280.7,0.000007,,,,,,,,
82900,281.0,0.000002,,,,,,,,
83000,281.3,0.000006,,,,,,,,
83100,281.6,0.000003,,,,,,,,
83200,281.9,0.000013,,,,,,,,
83300,282.3,0.000004,,,,,,,,
83400,282.6,0.000004,,,,,,,,
83500,282.9,0.000006,,,,,,,,
83600,283.2,0.000008,,,,,,,,
83700,283.5,0.000003,,,,,,,,
83800,283.8,0.000002,,,,,,,,
83900,284.1,0.000005,,,,,,,,
84000,284.5,0.000003,,,,,,,,
84100,284.8,0.000003,,,,,,,,
84200,285.1,0.000003,,,,,,,,
84300,285.4,0.000003,,,,,,,,
84400,285.7,0.000002,,,,,,,,
84500,286.0,0.000003,,,,,,,,
84600,286.4,0.000004,,,,,,,,
84700,286.7,0.000018,,,,,,,,
84800,287.0,0.000004,,,,,,,,
84900,287.3,0.000006,,,,,,,,
85000,288.8,0.000005,0.000004,1.355255e-01,9.576329e-03,8.278005e-03,0.000000,1.054797e-01,9.393417e-03,8.236321e-03
85100,289.1,0.000009,,,,,,,,
85200,289.4,0.000004,,,,,,,,
85300,289.7,0.000008,,,,,,,,
85400,290.0,0.000007,,,,,,,,
85500,290.3,0.000003,,,,,,,,
85600,290.6,0.000003,,,,,,,,
85700,291.0,0.000014,,,,,,,,
85800,291.3,0.000004,,,,,,,,
85900,291.6,0.000003,,,,,,,,
86000,291.9,0.000005,,,,,,,,
86100,292.2,0.000003,,,,,,,,
86200,292.5,0.000004,,,,,,,,
86300,292.9,0.000003,,,,,,,,
86400,293.2,0.000003,,,,,,,,
86500,293.5,0.000014,,,,,,,,
86600,293.8,0.000004,,,,,,,,
86700,294.1,0.000007,,,,,,,,
86800,294.4,0.000006,,,,,,,,
86900,294.8,0.000009,,,,,,,,
87000,295.1,0.000006,,,,,,,,
87100,295.4,0.000016,,,,,,,,
87200,295.7,0.000006,,,,,,,,
87300,296.0,0.000003,,,,,,,,
87400,296.3,0.000002,,,,,,,,
87500,296.6,0.000005,,,,,,,,
87600,297.0,0.000003,,,,,,,,
87700,297.3,0.000006,,,,,,,,
87800,297.6,0.000003,,,,,,,,
87900,297.9,0.000005,,,,,,,,
88000,298.2,0.000003,,,,,,,,
88100,298.6,0.000005,,,,,,,,
88200,298.9,0.000007,,,,,,,,
88300,299.2,0.000004,,,,,,,,
88400,299.5,0.000008,,,,,,,,
88500,299.8,0.000004,,,,,,,,
88600,300.1,0.000007,,,,,,,,
88700,300.5,0.000005,,,,,,,,
88800,300.8,0.000005,,,,,,,,
88900,301.1,0.000011,,,,,,,,
89000,301.4,0.000004,,,,,,,,
89100,301.7,0.000006,,,,,,,,
89200,302.0,0.000004,,,,,,,,
89300,302.4,0.000004,,,,,,,,
89400,302.7,0.000002,,,,,,,,
89500,303.0,0.000004,,,,,,,,
89600,303.3,0.000004,,,,,,,,
89700,303.6,0.000003,,,,,,,,
89800,303.9,0.000009,,,,,,,,
89900,304.3,0.000002,,,,,,,,
90000,305.7,0.000003,0.000004,2.008176e-01,9.655944e-03,7.971778e-03,0.000000,1.582930e-01,9.298795e-03,7.803376e-03
90100,306.0,0.000002,,,,,,,,
90200,306.3,0.000002,,,,,,,,
90300,306.6,0.000004,,,,,,,,
90400,307.0,0.000008,,,,,,,,
90500,307.3,0.000003,,,,,,,,
90600,307.6,0.000014,,,,,,,,
90700,307.9,0.000006,,,,,,,,
90800,308.2,0.000003,,,,,,,,
90900,308.5,0.000003,,,,,,,,
91000,308.9,0.000002,,,,,,,,
91100,309.2,0.000003,,,,,,,,
91200,309.5,0.000004,,,,,,,,
91300,309.8,0.000004,,,,,,,,
91400,310.1,0.000002,,,,,,,,
91500,310.5,0.000008,,,,,,,,
91600,310.8,0.000005,,,,,,,,
91700,311.1,0.000007,,,,,,,,
91800,311.4,0.000004,,,,,,,,
91900,311.7,0.000006,,,,,,,,
92000,312.0,0.000010,,,,,,,,
92100,312.3,0.000005,,,,,,,,
92200,312.7,0.000013,,,,,,,,
92300,313.0,0.000003,,,,,,,,
92400,313.3,0.000003,,,,,,,,
92500,313.6,0.000005,,,,,,,,
92600,313.9,0.000005,,,,,,,,
92700,314.2,0.000004,,,,,,,,
92800,314.6,0.000008,,,,,,,,
92900,314.9,0.000003,,,,,,,,
93000,315.2,0.000004,,,,,,,,
93100,315.5,0.000002,,,,,,,,
93200,315.8,0.000003,,,,,,,,
93300,316.1,0.000003,,,,,,,,
93400,316.5,0.000007,,,,,,,,
93500,316.8,0.000003,,,,,,,,
93600,317.1,0.000008,,,,,,,,
93700,317.4,0.000004,,,,,,,,
93800,317.7,0.000005,,,,,,,,
93900,318.0,0.000003,,,,,,,,
94000,318.3,0.000006,,,,,,,,
94100,318.6,0.000003,,,,,,,,
94200,318.9,0.000002,,,,,,,,
94300,319.2,0.000004,,,,,,,,
94400,319.5,0.000002,,,,,,,,
94500,319.9,0.000002,,,,,,,,
94600,320.2,0.000003,,,,,,,,
94700,320.5,0.000004,,,,,,,,
94800,320.8,0.000003,,,,,,,,
94900,321.1,0.000005,,,,,,,,
95000,322.6,0.000010,0.000004,1.953057e-01,9.391917e-03,6.826614e-03,0.000000,1.608204e-01,9.074631e-03,6.556718e-03
95100,322.9,0.000003,,,,,,,,
95200,323.2,0.000004,,,,,,,,
95300,323.5,0.000003,,,,,,,,
95400,323.8,0.000006,,,,,,,,
95500,324.1,0.000003,,,,,,,,
95600,324.5,0.000006,,,,,,,,
95700,324.8,0.000005,,,,,,,,
95800,325.1,0.000003,,,,,,,,
95900,325.4,0.000004,,,,,,,,
96000,325.7,0.000012,,,,,,,,
96100,326.0,0.000002,,,,,,,,
96200,326.4,0.000003,,,,,,,,
96300,326.7,0.000003,,,,,,,,
96400,327.0,0.000008,,,,,,,,
96500,327.3,0.000009,,,,,,,,
96600,327.6,0.000003,,,,,,,,
96700,327.9,0.000004,,,,,,,,
96800,328.3,0.000003,,,,,,,,
96900,328.6,0.000003,,,,,,,,
97000,328.9,0.000003,,,,,,,,
97100,329.2,0.000003,,,,,,,,
97200,329.5,0.000004,,,,,,,,
97300,329.8,0.000003,,,,,,,,
97400,330.2,0.000005,,,,,,,,
97500,330.5,0.000011,,,,,,,,
97600,330.8,0.000004,,,,,,,,
97700,331.1,0.000003,,,,,,,,
97800,331.4,0.000003,,,,,,,,
97900,331.8,0.000004,,,,,,,,
98000,332.1,0.000003,,,,,,,,
98100,332.4,0.000003,,,,,,,,
98200,332.7,0.000005,,,,,,,,
98300,333.0,0.000003,,,,,,,,
98400,333.3,0.000005,,,,,,,,
98500,333.7,0.000003,,,,,,,,
98600,334.0,0.000003,,,,,,,,
98700,334.3,0.000002,,,,,,,,
98800,334.6,0.000006,,,,,,,,
98900,334.9,0.000002,,,,,,,,
99000,335.2,0.000005,,,,,,,,
99100,335.6,0.000003,,,,,,,,
99200,335.9,0.000008,,,,,,,,
99300,336.2,0.000007,,,,,,,,
99400,336.5,0.000007,,,,,,,,
99500,336.8,0.000002,,,,,,,,
99600,337.1,0.000007,,,,,,,,
99700,337.4,0.000002,,,,,,,,
99800,337.8,0.000006,,,,,,,,
99900,338.1,0.000004,,,,,,,,
100000,339.5,0.000004,0.000002,1.755300e-01,6.544598e-03,4.905356e-03,0.000000,1.174147e-01,6.334529e-03,4.827328e-03
100100,339.8,0.000003,,,,,,,,
100200,340.1,0.000005,,,,,,,,
100300,340.5,0.000006,,,,,,,,
100400,340.8,0.000002,,,,,,,,
100500,341.1,0.000006,,,,,,,,
100600,341.4,0.000003,,,,,,,,
100700,341.7,0.000004,,,,,,,,
100800,342.0,0.000002,,,,,,,,
100900,342.4,0.000003,,,,,,,,
101000,342.7,0.000005,,,,,,,,
101100,343.0,0.000005,,,,,,,,
101200,343.3,0.000004,,,,,,,,
101300,343.6,0.000005,,,,,,,,
101400,343.9,0.000004,,,,,,,,
101500,344.3,0.000002,,,,,,,,
101600,344.6,0.000004,,,,,,,,
101700,344.9,0.000008,,,,,,,,
101800,345.2,0.000003,,,,,,,,
101900,345.5,0.000004,,,,,,,,
102000,345.8,0.000006,,,,,,,,
102100,346.1,0.000006,,,,,,,,
102200,346.5,0.000004,,,,,,,,
102300,346.8,0.000005,,,,,,,,
102400,347.1,0.000003,,,,,,,,
102500,347.4,0.000006,,,,,,,,
102600,347.7,0.000003,,,,,,,,
102700,348.0,0.000003,,,,,,,,
102800,348.3,0.000009,,,,,,,,
102900,348.6,0.000004,,,,,,,,
103000,348.9,0.000002,,,,,,,,
103100,349.2,0.000002,,,,,,,,
103200,349.5,0.000005,,,,,,,,
103300,349.9,0.000008,,,,,,,,
103400,350.2,0.000002,,,,,,,,
103500,350.4,0.000005,,,,,,,,
103600,350.7,0.000010,,,,,,,,
103700,350.9,0.000006,,,,,,,,
103800,351.2,0.000003,,,,,,,,
103900,351.5,0.000003,,,,,,,,
104000,351.8,0.000003,,,,,,,,
104100,352.2,0.000003,,,,,,,,
104200,352.5,0.000002,,,,,,,,
104300,352.8,0.000007,,,,,,,,
104400,353.1,0.000009,,,,,,,,
104500,353.3,0.000002,,,,,,,,
104600,353.6,0.000005,,,,,,,,
104700,353.9,0.000004,,,,,,,,
104800,354.1,0.000003,,,,,,,,
104900,354.5,0.000005,,,,,,,,
105000,355.9,0.000006,0.000003,1.362937e-01,8.102599e-03,6.245510e-03,0.000000,1.090534e-01,7.705903e-03,5.991635e-03
105100,356.2,0.000009,,,,,,,,
105200,356.5,0.000003,,,,,,,,
105300,356.8,0.000003,,,,,,,,
105400,357.0,0.000003,,,,,,,,
105500,357.4,0.000006,,,,,,,,
105600,357.7,0.000004,,,,,,,,
105700,358.0,0.000005,,,,,,,,
105800,358.3,0.000002,,,,,,,,
105900,358.6,0.000007,,,,,,,,
106000,358.9,0.000003,,,,,,,,
106100,359.3,0.000003,,,,,,,,
106200,359.6,0.000003,,,,,,,,
106300,359.9,0.000002,,,,,,,,
106400,360.2,0.000005,,,,,,,,
106500,360.5,0.000003,,,,,,,,
106600,360.8,0.000002,,,,,,,,
106700,361.2,0.000008,,,,,,,,
106800,361.5,0.000005,,,,,,,,
106900,361.8,0.000002,,,,,,,,
107000,362.1,0.000010,,,,,,,,
107100,362.4,0.000009,,,,,,,,
107200,362.7,0.000004,,,,,,,,
107300,363.1,0.000003,,,,,,,,
107400,363.4,0.000005,,,,,,,,
107500,363.7,0.000002,,,,,,,,
107600,364.0,0.000003,,,,,,,,
107700,364.3,0.000007,,,,,,,,
107800,364.6,0.000002,,,,,,,,
107900,365.0,0.000006,,,,,,,,
108000,365.3,0.000013,,,,,,,,
108100,365.6,0.000005,,,,,,,,
108200,365.9,0.000007,,,,,,,,
108300,366.2,0.000003,,,,,,,,
108400,366.5,0.000003,,,,,,,,
108500,366.9,0.000005,,,,,,,,
108600,367.2,0.000003,,,,,,,,
108700,367.5,0.000004,,,,,,,,
108800,367.8,0.000007,,,,,,,,
108900,368.1,0.000002,,,,,,,,
109000,368.4,0.000008,,,,,,,,
109100,368.8,0.000002,,,,,,,,
109200,369.1,0.000003,,,,,,,,
109300,369.4,0.000002,,,,,,,,
109400,369.7,0.000005,,,,,,,,
109500,370.0,0.000005,,,,,,,,
109600,370.4,0.000010,,,,,,,,
109700,370.7,0.000005,,,,,,,,
109800,371.0,0.000002,,,,,,,,
109900,371.3,0.000005,,,,,,,,
110000,372.8,0.000002,0.000004,1.692362e-01,8.668377e-03,6.580692e-03,0.000000,1.104300e-01,8.351437e-03,6.373819e-03
110100,373.1,0.000002,,,,,,,,
110200,373.4,0.000004,,,,,,,,
110300,373.7,0.000003,,,,,,,,
110400,374.0,0.000002,,,,,,,,
110500,374.3,0.000005,,,,,,,,
110600,374.6,0.000003,,,,,,,,
110700,375.0,0.000003,,,,,,,,
110800,375.3,0.000002,,,,,,,,
110900,375.6,0.000004,,,,,,,,
111000,375.9,0.000002,,,,,,,,
111100,376.2,0.000005,,,,,,,,
111200,376.5,0.000006,,,,,,,,
111300,376.9,0.000003,,,,,,,,
111400,377.2,0.000002,,,,,,,,
111500,377.5,0.000010,,,,,,,,
111600,377.8,0.000005,,,,,,,,
111700,378.1,0.000002,,,,,,,,
111800,378.4,0.000015,,,,,,,,
111900,378.7,0.000002,,,,,,,,
112000,379.1,0.000005,,,,,,,,
112100,379.4,0.000004,,,,,,,,
112200,379.7,0.000003,,,,,,,,
112300,380.0,0.000004,,,,,,,,
112400,380.3,0.000004,,,,,,,,
112500,380.6,0.000002,,,,,,,,
112600,381.0,0.000002,,,,,,,,
112700,381.3,0.000004,,,,,,,,
112800,381.6,0.000004,,,,,,,,
112900,381.9,0.000004,,,,,,,,
113000,382.2,0.000003,,,,,,,,
113100,382.5,0.000003,,,,,,,,
113200,382.8,0.000004,,,,,,,,
113300,383.2,0.000004,,,,,,,,
113400,383.5,0.000007,,,,,,,,
113500,383.8,0.000005,,,,,,,,
113600,384.1,0.000002,,,,,,,,
113700,384.4,0.000005,,,,,,,,
113800,384.7,0.000008,,,,,,,,
113900,385.1,0.000004,,,,,,,,
114000,385.4,0.000006,,,,,,,,
114100,385.7,0.000003,,,,,,,,
114200,386.0,0.000003,,,,,,,,
114300,386.3,0.000007,,,,,,,,
114400,386.6,0.000003,,,,,,,,
114500,387.0,0.000001,,,,,,,,
114600,387.3,0.000002,,,,,,,,
114700,387.6,0.000003,,,,,,,,
114800,387.9,0.000007,,,,,,,,
114900,388.2,0.000003,,,,,,,,
115000,389.7,0.000006,0.000004,1.234544e-01,9.868983e-03,8.299837e-03,0.000000,1.199997e-01,9.614377e-03,8.135761e-03
115100,390.0,0.000003,,,,,,,,
115200,390.3,0.000006,,,,,,,,
115300,390.6,0.000003,,,,,,,,
115400,390.9,0.000007,,,,,,,,
115500,391.2,0.000003,,,,,,,,
115600,391.6,0.000003,,,,,,,,
115700,391.9,0.000004,,,,,,,,
115800,392.2,0.000005,,,,,,,,
115900,392.5,0.000002,,,,,,,,
116000,392.8,0.000004,,,,,,,,
116100,393.1,0.000005,,,,,,,,
116200,393.5,0.000002,,,,,,,,
116300,393.8,0.000003,,,,,,,,
116400,394.1,0.000003,,,,,,,,
116500,394.4,0.000002,,,,,,,,
116600,394.7,0.000004,,,,,,,,
116700,395.0,0.000004,,,,,,,,
116800,395.4,0.000004,,,,,,,,
116900,395.7,0.000007,,,,,,,,
117000,396.0,0.000005,,,,,,,,
117100,396.3,0.000006,,,,,,,,
117200,396.6,0.000004,,,,,,,,
117300,396.9,0.000008,,,,,,,,
117400,397.2,0.000004,,,,,,,,
117500,397.6,0.000005,,,,,,,,
117600,397.9,0.000007,,,,,,,,
117700,398.2,0.000004,,,,,,,,
117800,398.5,0.000007,,,,,,,,
117900,398.8,0.000006,,,,,,,,
118000,399.1,0.000003,,,,,,,,
118100,399.5,0.000003,,,,,,,,
118200,399.8,0.000002,,,,,,,,
118300,400.1,0.000002,,,,,,,,
118400,400.4,0.000004,,,,,,,,
118500,400.7,0.000008,,,,,,,,
118600,401.0,0.000006,,,,,,,,
118700,401.4,0.000013,,,,,,,,
118800,401.7,0.000003,,,,,,,,
118900,402.0,0.000003,,,,,,,,
119000,402.3,0.000004,,,,,,,,
119100,402.6,0.000004,,,,,,,,
119200,402.9,0.000004,,,,,,,,
119300,403.3,0.000003,,,,,,,,
119400,403.6,0.000003,,,,,,,,
119500,403.9,0.000005,,,,,,,,
119600,404.2,0.000005,,,,,,,,
119700,404.5,0.000003,,,,,,,,
119800,404.8,0.000003,,,,,,,,
119900,405.2,0.000002,,,,,,,,
120000,406.6,0.000002,0.000003,1.359857e-01,7.095228e-03,4.837754e-03,0.000000,7.041393e-02,6.780087e-03,4.663767e-03
120100,406.9,0.000003,,,,,,,,
120200,407.2,0.000003,,,,,,,,
120300,407.6,0.000005,,,,,,,,
120400,407.9,0.000003,,,,,,,,
120500,408.2,0.000004,,,,,,,,
120600,408.5,0.000002,,,,,,,,
120700,408.8,0.000003,,,,,,,,
120800,409.1,0.000009,,,,,,,,
120900,409.5,0.000008,,,,,,,,
121000,409.8,0.000003,,,,,,,,
121100,410.1,0.000005,,,,,,,,
121200,410.4,0.000003,,,,,,,,
121300,410.7,0.000004,,,,,,,,
121400,411.0,0.000002,,,,,,,,
121500,411.4,0.000005,,,,,,,,
121600,411.7,0.000003,,,,,,,,
121700,412.0,0.000003,,,,,,,,
121800,412.3,0.000003,,,,,,,,
121900,412.6,0.000002,,,,,,,,
122000,412.9,0.000002,,,,,,,,
122100,413.3,0.000003,,,,,,,,
122200,413.6,0.000011,,,,,,,,
122300,413.9,0.000005,,,,,,,,
122400,414.2,0.000005,,,,,,,,
122500,414.5,0.000003,,,,,,,,
122600,414.8,0.000003,,,,,,,,
122700,415.2,0.000002,,,,,,,,
122800,415.5,0.000004,,,,,,,,
122900,415.8,0.000003,,,,,,,,
123000,416.1,0.000003,,,,,,,,
123100,416.4,0.000004,,,,,,,,
123200,416.7,0.000004,,,,,,,,
123300,417.1,0.000003,,,,,,,,
123400,417.4,0.000002,,,,,,,,
123500,417.7,0.000008,,,,,,,,
123600,418.0,0.000003,,,,,,,,
123700,418.3,0.000005,,,,,,,,
123800,418.6,0.000003,,,,,,,,
123900,419.0,0.000005,,,,,,,,
124000,419.3,0.000004,,,,,,,,
124100,419.5,0.000003,,,,,,,,
124200,419.8,0.000007,,,,,,,,
124300,420.1,0.000004,,,,,,,,
124400,420.4,0.000003,,,,,,,,
124500,420.8,0.000008,,,,,,,,
124600,421.1,0.000004,,,,,,,,
124700,421.4,0.000005,,,,,,,,
124800,421.7,0.000006,,,,,,,,
124900,422.0,0.000003,,,,,,,,
125000,423.5,0.000004,0.000003,1.284769e-01,7.855985e-03,6.509037e-03,0.000000,8.329100e-02,7.460063e-03,6.321369e-03
125100,423.8,0.000004,,,,,,,,
125200,424.1,0.000004,,,,,,,,
125300,424.4,0.000005,,,,,,,,
125400,424.7,0.000002,,,,,,,,
125500,425.0,0.000003,,,,,,,,
125600,425.4,0.000002,,,,,,,,
125700,425.7,0.000008,,,,,,,,
125800,426.0,0.000003,,,,,,,,
125900,426.3,0.000003,,,,,,,,
126000,426.6,0.000003,,,,,,,,
126100,426.9,0.000003,,,,,,,,
126200,427.3,0.000003,,,,,,,,
126300,427.6,0.000005,,,,,,,,
126400,427.9,0.000005,,,,,,,,
126500,428.2,0.000002,,,,,,,,
126600,428.5,0.000002,,,,,,,,
126700,428.8,0.000004,,,,,,,,
126800,429.1,0.000003,,,,,,,,
126900,429.5,0.000005,,,,,,,,
127000,429.8,0.000002,,,,,,,,
127100,430.1,0.000007,,,,,,,,
127200,430.4,0.000010,,,,,,,,
127300,430.7,0.000003,,,,,,,,
127400,431.0,0.000004,,,,,,,,
127500,431.4,0.000007,,,,,,,,
127600,431.7,0.000005,,,,,,,,
127700,432.0,0.000004,,,,,,,,
127800,432.3,0.000006,,,,,,,,
127900,432.6,0.000006,,,,,,,,
128000,432.9,0.000003,,,,,,,,
128100,433.2,0.000004,,,,,,,,
128200,433.6,0.000004,,,,,,,,
128300,433.9,0.000002,,,,,,,,
128400,434.2,0.000003,,,,,,,,
128500,434.5,0.000006,,,,,,,,
128600,434.8,0.000004,,,,,,,,
128700,435.1,0.000002,,,,,,,,
128800,435.5,0.000006,,,,,,,,
128900,435.8,0.000004,,,,,,,,
129000,436.1,0.000005,,,,,,,,
129100,436.4,0.000002,,,,,,,,
129200,436.7,0.000007,,,,,,,,
129300,437.0,0.000012,,,,,,,,
129400,437.4,0.000004,,,,,,,,
129500,437.7,0.000003,,,,,,,,
129600,438.0,0.000003,,,,,,,,
129700,438.3,0.000004,,,,,,,,
129800,438.6,0.000008,,,,,,,,
129900,438.9,0.000003,,,,,,,,
130000,440.4,0.000004,0.000004,1.293362e-01,9.248240e-03,6.314376e-03,0.000000,7.057948e-02,9.171412e-03,6.303066e-03
130100,440.7,0.000005,,,,,,,,
130200,441.0,0.000004,,,,,,,,
130300,441.3,0.000002,,,,,,,,
130400,441.6,0.000003,,,,,,,,
130500,442.0,0.000006,,,,,,,,
130600,442.3,0.000003,,,,,,,,
130700,442.6,0.000005,,,,,,,,
130800,442.9,0.000003,,,,,,,,
130900,443.2,0.000005,,,,,,,,
131000,443.5,0.000003,,,,,,,,
131100,443.9,0.000002,,,,,,,,
131200,444.2,0.000006,,,,,,,,
131300,444.5,0.000003,,,,,,,,
131400,444.8,0.000002,,,,,,,,
131500,445.1,0.000007,,,,,,,,
131600,445.4,0.000002,,,,,,,,
131700,445.8,0.000002,,,,,,,,
131800,446.1,0.000004,,,,,,,,
131900,446.4,0.000005,,,,,,,,
132000,446.7,0.000002,,,,,,,,
132100,447.0,0.000002,,,,,,,,
132200,447.3,0.000002,,,,,,,,
132300,447.7,0.000004,,,,,,,,
132400,448.0,0.000003,,,,,,,,
132500,448.3,0.000005,,,,,,,,
132600,448.6,0.000003,,,,,,,,
132700,448.9,0.000002,,,,,,,,
132800,449.2,0.000003,,,,,,,,
132900,449.6,0.000004,,,,,,,,
133000,449.9,0.000004,,,,,,,,
133100,450.2,0.000006,,,,,,,,
133200,450.5,0.000009,,,,,,,,
133300,450.8,0.000002,,,,,,,,
133400,451.1,0.000001,,,,,,,,
133500,451.5,0.000006,,,,,,,,
133600,451.8,0.000004,,,,,,,,
133700,452.1,0.000002,,,,,,,,
133800,452.4,0.000003,,,,,,,,
133900,452.7,0.000005,,,,,,,,
134000,453.0,0.000006,,,,,,,,
134100,453.3,0.000003,,,,,,,,
134200,453.7,0.000003,,,,,,,,
134300,454.0,0.000003,,,,,,,,
134400,454.3,0.000007,,,,,,,,
134500,454.6,0.000003,,,,,,,,
134600,454.9,0.000002,,,,,,,,
134700,455.2,0.000004,,,,,,,,
134800,455.6,0.000002,,,,,,,,
134900,455.9,0.000003,,,,,,,,
135000,457.3,0.000004,0.000004,1.689959e-01,8.927611e-03,6.799051e-03,0.000000,9.909178e-02,8.491173e-03,6.722211e-03
135100,457.6,0.000005,,,,,,,,
135200,457.9,0.000004,,,,,,,,
135300,458.3,0.000005,,,,,,,,
135400,458.6,0.000007,,,,,,,,
135500,458.9,0.000005,,,,,,,,
135600,459.2,0.000003,,,,,,,,
135700,459.5,0.000005,,,,,,,,
135800,459.8,0.000005,,,,,,,,
135900,460.2,0.000006,,,,,,,,
136000,460.5,0.000005,,,,,,,,
136100,460.8,0.000003,,,,,,,,
136200,461.1,0.000002,,,,,,,,
136300,461.4,0.000002,,,,,,,,
136400,461.7,0.000005,,,,,,,,
136500,462.1,0.000004,,,,,,,,
136600,462.4,0.000003,,,,,,,,
136700,462.7,0.000002,,,,,,,,
136800,463.0,0.000003,,,,,,,,
136900,463.3,0.000007,,,,,,,,
137000,463.6,0.000003,,,,,,,,
137100,463.9,0.000003,,,,,,,,
137200,464.3,0.000003,,,,,,,,
137300,464.6,0.000003,,,,,,,,
137400,464.9,0.000002,,,,,,,,
137500,465.2,0.000003,,,,,,,,
137600,465.5,0.000006,,,,,,,,
137700,465.8,0.000004,,,,,,,,
137800,466.2,0.000002,,,,,,,,
137900,466.5,0.000003,,,,,,,,
138000,466.8,0.000013,,,,,,,,
138100,467.1,0.000003,,,,,,,,
138200,467.4,0.000004,,,,,,,,
138300,467.7,0.000003,,,,,,,,
138400,468.1,0.000005,,,,,,,,
138500,468.4,0.000004,,,,,,,,
138600,468.7,0.000004,,,,,,,,
138700,469.0,0.000005,,,,,,,,
138800,469.3,0.000003,,,,,,,,
138900,469.6,0.000005,,,,,,,,
139000,470.0,0.000002,,,,,,,,
139100,470.3,0.000003,,,,,,,,
139200,470.6,0.000004,,,,,,,,
139300,470.9,0.000004,,,,,,,,
139400,471.2,0.000003,,,,,,,,
139500,471.5,0.000007,,,,,,,,
139600,471.9,0.000005,,,,,,,,
139700,472.2,0.000002,,,,,,,,
139800,472.5,0.000008,,,,,,,,
139900,472.8,0.000005,,,,,,,,
140000,474.3,0.000002,0.000004,1.181625e-01,9.402086e-03,7.551543e-03,0.000000,8.510632e-02,9.365377e-03,7.718267e-03
140100,474.6,0.000007,,,,,,,,
140200,474.9,0.000004,,,,,,,,
140300,475.2,0.000006,,,,,,,,
140400,475.5,0.000004,,,,,,,,
140500,475.8,0.000002,,,,,,,,
140600,476.1,0.000007,,,,,,,,
140700,476.5,0.000003,,,,,,,,
140800,476.8,0.000003,,,,,,,,
140900,477.1,0.000003,,,,,,,,
141000,477.4,0.000004,,,,,,,,
141100,477.7,0.000002,,,,,,,,
141200,478.0,0.000005,,,,,,,,
141300,478.4,0.000003,,,,,,,,
141400,478.7,0.000003,,,,,,,,
141500,479.0,0.000004,,,,,,,,
141600,479.3,0.000003,,,,,,,,
141700,479.6,0.000006,,,,,,,,
141800,479.9,0.000006,,,,,,,,
141900,480.3,0.000004,,,,,,,,
142000,480.6,0.000002,,,,,,,,
142100,480.9,0.000003,,,,,,,,
142200,481.2,0.000005,,,,,,,,
142300,481.5,0.000005,,,,,,,,
142400,481.8,0.000005,,,,,,,,
142500,482.2,0.000002,,,,,,,,
142600,482.5,0.000003,,,,,,,,
142700,482.8,0.000002,,,,,,,,
142800,483.1,0.000003,,,,,,,,
142900,483.4,0.000010,,,,,,,,
143000,483.7,0.000003,,,,,,,,
143100,484.1,0.000007,,,,,,,,
143200,484.4,0.000014,,,,,,,,
143300,484.7,0.000005,,,,,,,,
143400,485.0,0.000004,,,,,,,,
143500,485.3,0.000003,,,,,,,,
143600,485.7,0.000002,,,,,,,,
143700,486.0,0.000004,,,,,,,,
143800,486.3,0.000007,,,,,,,,
143900,486.5,0.000005,,,,,,,,
144000,486.8,0.000002,,,,,,,,
144100,487.1,0.000002,,,,,,,,
144200,487.5,0.000003,,,,,,,,
144300,487.8,0.000006,,,,,,,,
144400,488.1,0.000003,,,,,,,,
144500,488.4,0.000005,,,,,,,,
144600,488.7,0.000007,,,,,,,,
144700,489.0,0.000004,,,,,,,,
144800,489.4,0.000001,,,,,,,,
144900,489.7,0.000004,,,,,,,,
145000,491.1,0.000004,0.000002,1.320074e-01,6.754100e-03,5.096857e-03,0.000000,9.250087e-02,6.546841e-03,5.046807e-03
145100,491.4,0.000003,,,,,,,,
145200,491.7,0.000003,,,,,,,,
145300,492.0,0.000006,,,,,,,,
145400,492.3,0.000004,,,,,,,,
145500,492.6,0.000002,,,,,,,,
145600,492.9,0.000004,,,,,,,,
145700,493.2,0.000002,,,,,,,,
145800,493.5,0.000003,,,,,,,,
145900,493.9,0.000006,,,,,,,,
146000,494.2,0.000010,,,,,,,,
146100,494.5,0.000004,,,,,,,,
146200,494.8,0.000002,,,,,,,,
146300,495.1,0.000005,,,,,,,,
146400,495.4,0.000004,,,,,,,,
146500,495.8,0.000008,,,,,,,,
146600,496.1,0.000003,,,,,,,,
146700,496.4,0.000002,,,,,,,,
146800,496.7,0.000005,,,,,,,,
146900,497.0,0.000003,,,,,,,,
147000,497.3,0.000009,,,,,,,,
147100,497.7,0.000003,,,,,,,,
147200,498.0,0.000004,,,,,,,,
147300,498.3,0.000003,,,,,,,,
147400,498.6,0.000003,,,,,,,,
147500,498.9,0.000002,,,,,,,,
147600,499.2,0.000003,,,,,,,,
147700,499.6,0.000004,,,,,,,,
147800,499.9,0.000002,,,,,,,,
147900,500.2,0.000003,,,,,,,,
148000,500.5,0.000003,,,,,,,,
148100,500.8,0.000004,,,,,,,,
148200,501.1,0.000006,,,,,,,,
148300,501.4,0.000006,,,,,,,,
148400,501.8,0.000006,,,,,,,,
148500,502.1,0.000004,,,,,,,,
148600,502.4,0.000002,,,,,,,,
148700,502.7,0.000003,,,,,,,,
148800,503.0,0.000004,,,,,,,,
148900,503.3,0.000006,,,,,,,,
149000,503.7,0.000002,,,,,,,,
149100,504.0,0.000004,,,,,,,,
149200,504.3,0.000008,,,,,,,,
149300,504.6,0.000003,,,,,,,,
149400,504.9,0.000003,,,,,,,,
149500,505.2,0.000002,,,,,,,,
149600,505.6,0.000006,,,,,,,,
149700,505.9,0.000007,,,,,,,,
149800,506.2,0.000003,,,,,,,,
149900,506.5,0.000002,,,,,,,,
150000,508.0,0.000003,0.000004,1.776102e-01,8.627761e-03,6.287524e-03,0.000000,1.776102e-01,8.285101e-03,6.111544e-03
150100,508.3,0.000003,,,,,,,,
150200,508.6,0.000003,,,,,,,,
150300,508.9,0.000003,,,,,,,,
150400,509.2,0.000002,,,,,,,,
150500,509.5,0.000006,,,,,,,,
150600,509.8,0.000002,,,,,,,,
150700,510.2,0.000006,,,,,,,,
150800,510.5,0.000003,,,,,,,,
150900,510.8,0.000004,,,,,,,,
151000,511.1,0.000007,,,,,,,,
151100,511.4,0.000002,,,,,,,,
151200,511.7,0.000002,,,,,,,,
151300,512.1,0.000002,,,,,,,,
151400,512.4,0.000004,,,,,,,,
151500,512.7,0.000005,,,,,,,,
151600,513.0,0.000002,,,,,,,,
151700,513.3,0.000003,,,,,,,,
151800,513.6,0.000003,,,,,,,,
151900,514.0,0.000003,,,,,,,,
152000,514.3,0.000005,,,,,,,,
152100,514.6,0.000009,,,,,,,,
152200,514.9,0.000002,,,,,,,,
152300,515.2,0.000006,,,,,,,,
152400,515.5,0.000005,,,,,,,,
152500,515.9,0.000002,,,,,,,,
152600,516.2,0.000003,,,,,,,,
152700,516.5,0.000002,,,,,,,,
152800,516.8,0.000009,,,,,,,,
152900,517.1,0.000002,,,,,,,,
153000,517.4,0.000005,,,,,,,,
153100,517.8,0.000002,,,,,,,,
153200,518.1,0.000005,,,,,,,,
153300,518.4,0.000007,,,,,,,,
153400,518.7,0.000006,,,,,,,,
153500,519.0,0.000006,,,,,,,,
153600,519.3,0.000004,,,,,,,,
153700,519.7,0.000003,,,,,,,,
153800,520.0,0.000005,,,,,,,,
153900,520.3,0.000008,,,,,,,,
154000,520.6,0.000003,,,,,,,,
154100,520.9,0.000005,,,,,,,,
154200,521.2,0.000002,,,,,,,,
154300,521.6,0.000002,,,,,,,,
154400,521.9,0.000003,,,,,,,,
154500,522.2,0.000002,,,,,,,,
154600,522.5,0.000004,,,,,,,,
154700,522.8,0.000002,,,,,,,,
154800,523.1,0.000002,,,,,,,,
154900,523.5,0.000003,,,,,,,,
155000,524.9,0.000004,0.000003,1.453612e-01,8.982368e-03,7.797445e-03,0.000000,8.075858e-02,8.795877e-03,7.712917e-03
155100,525.2,0.000007,,,,,,,,
155200,525.5,0.000005,,,,,,,,
155300,525.8,0.000004,,,,,,,,
155400,526.2,0.000008,,,,,,,,
155500,526.5,0.000005,,,,,,,,
155600,526.8,0.000004,,,,,,,,
155700,527.1,0.000009,,,,,,,,
155800,527.4,0.000003,,,,,,,,
155900,527.7,0.000002,,,,,,,,
156000,528.1,0.000002,,,,,,,,
156100,528.4,0.000003,,,,,,,,
156200,528.7,0.000002,,,,,,,,
156300,529.0,0.000003,,,,,,,,
156400,529.3,0.000006,,,,,,,,
156500,529.6,0.000004,,,,,,,,
156600,530.0,0.000005,,,,,,,,
156700,530.3,0.000004,,,,,,,,
156800,530.6,0.000005,,,,,,,,
156900,530.9,0.000004,,,,,,,,
157000,531.2,0.000004,,,,,,,,
157100,531.5,0.000003,,,,,,,,
157200,531.8,0.000011,,,,,,,,
157300,532.2,0.000004,,,,,,,,
157400,532.5,0.000003,,,,,,,,
157500,532.8,0.000004,,,,,,,,
157600,533.1,0.000003,,,,,,,,
157700,533.4,0.000004,,,,,,,,
157800,533.7,0.000002,,,,,,,,
157900,534.1,0.000002,,,,,,,,
158000,534.4,0.000006,,,,,,,,
158100,534.7,0.000002,,,,,,,,
158200,535.0,0.000005,,,,,,,,
158300,535.3,0.000004,,,,,,,,
158400,535.6,0.000006,,,,,,,,
158500,536.0,0.000002,,,,,,,,
158600,536.3,0.000004,,,,,,,,
158700,536.6,0.000003,,,,,,,,
158800,536.9,0.000004,,,,,,,,
158900,537.2,0.000003,,,,,,,,
159000,537.5,0.000003,,,,,,,,
159100,537.9,0.000003,,,,,,,,
159200,538.2,0.000005,,,,,,,,
159300,538.5,0.000005,,,,,,,,
159400,538.8,0.000004,,,,,,,,
159500,539.1,0.000006,,,,,,,,
159600,539.4,0.000004,,,,,,,,
159700,539.8,0.000002,,,,,,,,
159800,540.1,0.000002,,,,,,,,
159900,540.4,0.000002,,,,,,,,
160000,541.8,0.000005,0.000004,1.478424e-01,9.143912e-03,7.148159e-03,0.000000,1.478424e-01,8.859039e-03,6.974291e-03
160100,542.1,0.000004,,,,,,,,
160200,542.5,0.000003,,,,,,,,
160300,542.8,0.000005,,,,,,,,
160400,543.1,0.000002,,,,,,,,
160500,543.4,0.000001,,,,,,,,
160600,543.7,0.000004,,,,,,,,
160700,544.0,0.000007,,,,,,,,
160800,544.4,0.000006,,,,,,,,
160900,544.7,0.000002,,,,,,,,
161000,545.0,0.000003,,,,,,,,
161100,545.3,0.000006,,,,,,,,
161200,545.6,0.000005,,,,,,,,
161300,545.9,0.000005,,,,,,,,
161400,546.3,0.000005,,,,,,,,
161500,546.6,0.000002,,,,,,,,
161600,546.9,0.000004,,,,,,,,
161700,547.2,0.000003,,,,,,,,
161800,547.5,0.000002,,,,,,,,
161900,547.8,0.000007,,,,,,,,
162000,548.2,0.000005,,,,,,,,
162100,548.5,0.000005,,,,,,,,
162200,548.8,0.000003,,,,,,,,
162300,549.1,0.000004,,,,,,,,
162400,549.4,0.000004,,,,,,,,
162500,549.7,0.000002,,,,,,,,
162600,550.1,0.000004,,,,,,,,
162700,550.4,0.000002,,,,,,,,
162800,550.7,0.000002,,,,,,,,
162900,551.0,0.000011,,,,,,,,
163000,551.3,0.000004,,,,,,,,
163100,551.6,0.000005,,,,,,,,
163200,552.0,0.000002,,,,,,,,
163300,552.3,0.000006,,,,,,,,
163400,552.6,0.000002,,,,,,,,
163500,552.9,0.000003,,,,,,,,
163600,553.2,0.000005,,,,,,,,
163700,553.5,0.000008,,,,,,,,
163800,553.9,0.000003,,,,,,,,
163900,554.2,0.000003,,,,,,,,
164000,554.5,0.000004,,,,,,,,
164100,554.8,0.000004,,,,,,,,
164200,555.1,0.000014,,,,,,,,
164300,555.4,0.000003,,,,,,,,
164400,555.8,0.000002,,,,,,,,
164500,556.1,0.000003,,,,,,,,
164600,556.4,0.000005,,,,,,,,
164700,556.7,0.000009,,,,,,,,
164800,557.0,0.000005,,,,,,,,
164900,557.3,0.000002,,,,,,,,
165000,558.8,0.000005,0.000003,1.191528e-01,7.701738e-03,5.978556e-03,0.000000,8.601136e-02,7.538395e-03,6.017125e-03
165100,559.1,0.000002,,,,,,,,
165200,559.4,0.000005,,,,,,,,
165300,559.7,0.000006,,,,,,,,
165400,560.0,0.000003,,,,,,,,
165500,560.4,0.000003,,,,,,,,
165600,560.7,0.000002,,,,,,,,
165700,561.0,0.000005,,,,,,,,
165800,561.3,0.000003,,,,,,,,
165900,561.6,0.000004,,,,,,,,
166000,561.9,0.000005,,,,,,,,
166100,562.3,0.000005,,,,,,,,
166200,562.6,0.000003,,,,,,,,
166300,562.9,0.000005,,,,,,,,
166400,563.2,0.000005,,,,,,,,
166500,563.5,0.000002,,,,,,,,
166600,563.8,0.000002,,,,,,,,
166700,564.2,0.000007,,,,,,,,
166800,564.5,0.000003,,,,,,,,
166900,564.8,0.000003,,,,,,,,
167000,565.1,0.000002,,,,,,,,
167100,565.4,0.000004,,,,,,,,
167200,565.7,0.000002,,,,,,,,
167300,566.1,0.000003,,,,,,,,
167400,566.4,0.000002,,,,,,,,
167500,566.7,0.000002,,,,,,,,
167600,567.0,0.000003,,,,,,,,
167700,567.3,0.000002,,,,,,,,
167800,567.6,0.000002,,,,,,,,
167900,568.0,0.000004,,,,,,,,
168000,568.3,0.000002,,,,,,,,
168100,568.6,0.000003,,,,,,,,
168200,568.9,0.000006,,,,,,,,
168300,569.2,0.000003,,,,,,,,
168400,569.5,0.000004,,,,,,,,
168500,569.9,0.000010,,,,,,,,
168600,570.2,0.000002,,,,,,,,
168700,570.5,0.000002,,,,,,,,
168800,570.8,0.000005,,,,,,,,
168900,571.1,0.000004,,,,,,,,
169000,571.4,0.000004,,,,,,,,
169100,571.8,0.000003,,,,,,,,
169200,572.1,0.000007,,,,,,,,
169300,572.4,0.000005,,,,,,,,
169400,572.7,0.000004,,,,,,,,
169500,573.0,0.000003,,,,,,,,
169600,573.3,0.000004,,,,,,,,
169700,573.7,0.000004,,,,,,,,
169800,574.0,0.000004,,,,,,,,
169900,574.3,0.000004,,,,,,,,
170000,575.7,0.000004,0.000004,1.328002e-01,9.785673e-03,8.017504e-03,0.000000,1.289127e-01,9.762002e-03,8.155931e-03
170100,576.0,0.000004,,,,,,,,
170200,576.4,0.000002,,,,,,,,
170300,576.7,0.000007,,,,,,,,
170400,577.0,0.000006,,,,,,,,
170500,577.3,0.000006,,,,,,,,
170600,577.6,0.000003,,,,,,,,
170700,577.9,0.000004,,,,,,,,
170800,578.3,0.000002,,,,,,,,
170900,578.6,0.000002,,,,,,,,
171000,578.9,0.000002,,,,,,,,
171100,579.2,0.000003,,,,,,,,
171200,579.5,0.000002,,,,,,,,
171300,579.8,0.000002,,,,,,,,
171400,580.2,0.000013,,,,,,,,
171500,580.5,0.000008,,,,,,,,
171600,580.8,0.000003,,,,,,,,
171700,581.1,0.000002,,,,,,,,
171800,581.4,0.000004,,,,,,,,
171900,581.7,0.000005,,,,,,,,
172000,582.1,0.000004,,,,,,,,
172100,582.4,0.000004,,,,,,,,
172200,582.7,0.000003,,,,,,,,
172300,583.0,0.000006,,,,,,,,
172400,583.3,0.000003,,,,,,,,
172500,583.6,0.000002,,,,,,,,
172600,584.0,0.000004,,,,,,,,
172700,584.3,0.000006,,,,,,,,
172800,584.6,0.000002,,,,,,,,
172900,584.9,0.000003,,,,,,,,
173000,585.2,0.000003,,,,,,,,
173100,585.5,0.000003,,,,,,,,
173200,585.9,0.000008,,,,,,,,
173300,586.2,0.000003,,,,,,,,
173400,586.5,0.000004,,,,,,,,
173500,586.8,0.000003,,,,,,,,
173600,587.1,0.000003,,,,,,,,
173700,587.4,0.000007,,,,,,,,
173800,587.8,0.000002,,,,,,,,
173900,588.1,0.000002,,,,,,,,
174000,588.4,0.000007,,,,,,,,
174100,588.7,0.000003,,,,,,,,
174200,589.0,0.000007,,,,,,,,
174300,589.3,0.000003,,,,,,,,
174400,589.7,0.000005,,,,,,,,
174500,590.0,0.000004,,,,,,,,
174600,590.3,0.000003,,,,,,,,
174700,590.6,0.000002,,,,,,,,
174800,590.9,0.000004,,,,,,,,
174900,591.2,0.000003,,,,,,,,
175000,592.7,0.000002,0.000004,1.402278e-01,9.212258e-03,7.960765e-03,0.000000,1.376417e-01,8.950703e-03,7.863600e-03
175100,593.0,0.000005,,,,,,,,
175200,593.3,0.000003,,,,,,,,
175300,593.6,0.000003,,,,,,,,
175400,593.9,0.000001,,,,,,,,
175500,594.3,0.000007,,,,,,,,
175600,594.6,0.000002,,,,,,,,
175700,594.9,0.000005,,,,,,,,
175800,595.2,0.000002,,,,,,,,
175900,595.5,0.000002,,,,,,,,
176000,595.9,0.000002,,,,,,,,
176100,596.2,0.000003,,,,,,,,
176200,596.5,0.000003,,,,,,,,
176300,596.8,0.000004,,,,,,,,
176400,597.1,0.000002,,,,,,,,
176500,597.4,0.000004,,,,,,,,
176600,597.8,0.000003,,,,,,,,
176700,598.1,0.000013,,,,,,,,
176800,598.4,0.000004,,,,,,,,
176900,598.7,0.000005,,,,,,,,
177000,599.0,0.000004,,,,,,,,
177100,599.3,0.000005,,,,,,,,
177200,599.7,0.000008,,,,,,,,
177300,600.0,0.000003,,,,,,,,
177400,600.3,0.000002,,,,,,,,
177500,600.6,0.000006,,,,,,,,
177600,600.9,0.000008,,,,,,,,
177700,601.2,0.000001,,,,,,,,
177800,601.6,0.000003,,,,,,,,
177900,601.9,0.000003,,,,,,,,
178000,602.2,0.000004,,,,,,,,
178100,602.5,0.000003,,,,,,,,
178200,602.8,0.000004,,,,,,,,
178300,603.1,0.000003,,,,,,,,
178400,603.5,0.000010,,,,,,,,
178500,603.8,0.000002,,,,,,,,
178600,604.1,0.000004,,,,,,,,
178700,604.4,0.000005,,,,,,,,
178800,604.7,0.000002,,,,,,,,
178900,605.0,0.000002,,,,,,,,
179000,605.4,0.000019,,,,,,,,
179100,605.7,0.000001,,,,,,,,
179200,606.0,0.000003,,,,,,,,
179300,606.3,0.000002,,,,,,,,
179400,606.6,0.000003,,,,,,,,
179500,606.9,0.000003,,,,,,,,
179600,607.3,0.000002,,,,,,,,
179700,607.6,0.000002,,,,,,,,
179800,607.9,0.000004,,,,,,,,
179900,608.2,0.000004,,,,,,,,
180000,609.6,0.000004,0.000003,1.321758e-01,7.972492e-03,6.537864e-03,0.000000,1.102013e-01,7.837624e-03,6.474397e-03
180100,609.9,0.000002,,,,,,,,
180200,610.3,0.000004,,,,,,,,
180300,610.6,0.000002,,,,,,,,
180400,610.9,0.000003,,,,,,,,
180500,611.2,0.000006,,,,,,,,
180600,611.5,0.000005,,,,,,,,
180700,611.8,0.000006,,,,,,,,
180800,612.2,0.000006,,,,,,,,
180900,612.5,0.000004,,,,,,,,
181000,612.8,0.000002,,,,,,,,
181100,613.1,0.000002,,,,,,,,
181200,613.4,0.000003,,,,,,,,
181300,613.7,0.000003,,,,,,,,
181400,614.1,0.000003,,,,,,,,
181500,614.4,0.000003,,,,,,,,
181600,614.7,0.000002,,,,,,,,
181700,615.0,0.000002,,,,,,,,
181800,615.3,0.000006,,,,,,,,
181900,615.6,0.000003,,,,,,,,
182000,615.9,0.000006,,,,,,,,
182100,616.3,0.000003,,,,,,,,
182200,616.6,0.000002,,,,,,,,
182300,616.9,0.000002,,,,,,,,
182400,617.2,0.000004,,,,,,,,
182500,617.5,0.000011,,,,,,,,
182600,617.9,0.000003,,,,,,,,
182700,618.2,0.000003,,,,,,,,
182800,618.5,0.000004,,,,,,,,
182900,618.8,0.000003,,,,,,,,
183000,619.1,0.000002,,,,,,,,
183100,619.4,0.000002,,,,,,,,
183200,619.8,0.000002,,,,,,,,
183300,620.1,0.000003,,,,,,,,
183400,620.4,0.000002,,,,,,,,
183500,620.7,0.000004,,,,,,,,
183600,621.0,0.000003,,,,,,,,
183700,621.3,0.000002,,,,,,,,
183800,621.7,0.000005,,,,,,,,
183900,622.0,0.000003,,,,,,,,
184000,622.3,0.000003,,,,,,,,
184100,622.6,0.000001,,,,,,,,
184200,622.9,0.000005,,,,,,,,
184300,623.2,0.000005,,,,,,,,
184400,623.6,0.000005,,,,,,,,
184500,623.9,0.000004,,,,,,,,
184600,624.2,0.000002,,,,,,,,
184700,624.5,0.000002,,,,,,,,
184800,624.8,0.000005,,,,,,,,
184900,625.2,0.000002,,,,,,,,
185000,626.6,0.000004,0.000003,1.687272e-01,7.768814e-03,6.234148e-03,0.000000,1.023448e-01,7.399031e-03,6.006945e-03
185100,626.9,0.000003,,,,,,,,
185200,627.2,0.000001,,,,,,,,
185300,627.5,0.000003,,,,,,,,
185400,627.8,0.000007,,,,,,,,
185500,628.2,0.000003,,,,,,,,
185600,628.5,0.000002,,,,,,,,
185700,628.7,0.000002,,,,,,,,
185800,629.0,0.000007,,,,,,,,
185900,629.3,0.000007,,,,,,,,
186000,629.7,0.000003,,,,,,,,
186100,630.0,0.000006,,,,,,,,
186200,630.3,0.000005,,,,,,,,
186300,630.6,0.000005,,,,,,,,
186400,630.9,0.000003,,,,,,,,
186500,631.2,0.000008,,,,,,,,
186600,631.6,0.000006,,,,,,,,
186700,631.9,0.000002,,,,,,,,
186800,632.2,0.000002,,,,,,,,
186900,632.5,0.000003,,,,,,,,
187000,632.8,0.000004,,,,,,,,
187100,633.1,0.000005,,,,,,,,
187200,633.5,0.000003,,,,,,,,
187300,633.8,0.000002,,,,,,,,
187400,634.1,0.000004,,,,,,,,
187500,634.4,0.000002,,,,,,,,
187600,634.7,0.000003,,,,,,,,
187700,635.0,0.000003,,,,,,,,
187800,635.4,0.000004,,,,,,,,
187900,635.7,0.000002,,,,,,,,
188000,636.0,0.000009,,,,,,,,
188100,636.3,0.000002,,,,,,,,
188200,636.6,0.000003,,,,,,,,
188300,637.0,0.000002,,,,,,,,
188400,637.3,0.000003,,,,,,,,
188500,637.6,0.000005,,,,,,,,
188600,637.9,0.000010,,,,,,,,
188700,638.2,0.000002,,,,,,,,
188800,638.5,0.000004,,,,,,,,
188900,638.8,0.000003,,,,,,,,
189000,639.2,0.000003,,,,,,,,
189100,639.5,0.000004,,,,,,,,
189200,639.8,0.000003,,,,,,,,
189300,640.1,0.000002,,,,,,,,
189400,640.4,0.000002,,,,,,,,
189500,640.8,0.000002,,,,,,,,
189600,641.1,0.000002,,,,,,,,
189700,641.4,0.000002,,,,,,,,
189800,641.7,0.000005,,,,,,,,
189900,642.0,0.000005,,,,,,,,
190000,643.5,0.000002,0.000002,1.240960e-01,6.574903e-03,4.827828e-03,0.000000,1.025049e-01,6.375255e-03,4.718532e-03
190100,643.8,0.000003,,,,,,,,
190200,644.1,0.000003,,,,,,,,
190300,644.4,0.000002,,,,,,,,
190400,644.7,0.000006,,,,,,,,
190500,645.0,0.000004,,,,,,,,
190600,645.4,0.000005,,,,,,,,
190700,645.7,0.000006,,,,,,,,
190800,646.0,0.000007,,,,,,,,
190900,646.3,0.000008,,,,,,,,
191000,646.6,0.000007,,,,,,,,
191100,646.9,0.000006,,,,,,,,
191200,647.3,0.000008,,,,,,,,
191300,647.6,0.000005,,,,,,,,
191400,647.9,0.000003,,,,,,,,
191500,648.2,0.000006,,,,,,,,
191600,648.5,0.000016,,,,,,,,
191700,648.8,0.000002,,,,,,,,
191800,649.2,0.000003,,,,,,,,
191900,649.5,0.000003,,,,,,,,
192000,649.8,0.000006,,,,,,,,
192100,650.1,0.000006,,,,,,,,
192200,650.4,0.000008,,,,,,,,
192300,650.7,0.000005,,,,,,,,
192400,651.1,0.000003,,,,,,,,
192500,651.4,0.000004,,,,,,,,
192600,651.7,0.000017,,,,,,,,
192700,652.0,0.000005,,,,,,,,
192800,652.3,0.000004,,,,,,,,
192900,652.6,0.000005,,,,,,,,
193000,652.9,0.000002,,,,,,,,
193100,653.3,0.000003,,,,,,,,
193200,653.6,0.000002,,,,,,,,
193300,653.9,0.000005,,,,,,,,
193400,654.2,0.000005,,,,,,,,
193500,654.5,0.000002,,,,,,,,
193600,654.8,0.000003,,,,,,,,
193700,655.2,0.000005,,,,,,,,
193800,655.5,0.000005,,,,,,,,
193900,655.8,0.000005,,,,,,,,
194000,656.1,0.000007,,,,,,,,
194100,656.4,0.000002,,,,,,,,
194200,656.7,0.000002,,,,,,,,
194300,657.1,0.000002,,,,,,,,
194400,657.4,0.000007,,,,,,,,
194500,657.7,0.000006,,,,,,,,
194600,658.0,0.000004,,,,,,,,
194700,658.3,0.000003,,,,,,,,
194800,658.6,0.000005,,,,,,,,
194900,659.0,0.000003,,,,,,,,
195000,660.4,0.000002,0.000003,1.393569e-01,8.400035e-03,7.139801e-03,0.000000,9.720088e-02,8.486292e-03,7.386378e-03
195100,660.7,0.000007,,,,,,,,
195200,661.0,0.000002,,,,,,,,
195300,661.3,0.000004,,,,,,,,
195400,661.7,0.000002,,,,,,,,
195500,662.0,0.000003,,,,,,,,
195600,662.3,0.000013,,,,,,,,
195700,662.6,0.000003,,,,,,,,
195800,662.9,0.000005,,,,,,,,
195900,663.2,0.000003,,,,,,,,
196000,663.6,0.000001,,,,,,,,
196100,663.9,0.000009,,,,,,,,
196200,664.2,0.000002,,,,,,,,
196300,664.5,0.000002,,,,,,,,
196400,664.8,0.000009,,,,,,,,
196500,665.1,0.000004,,,,,,,,
196600,665.5,0.000004,,,,,,,,
196700,665.8,0.000004,,,,,,,,
196800,666.1,0.000004,,,,,,,,
196900,666.4,0.000006,,,,,,,,
197000,666.7,0.000006,,,,,,,,
197100,667.0,0.000004,,,,,,,,
197200,667.4,0.000003,,,,,,,,
197300,667.7,0.000002,,,,,,,,
197400,668.0,0.000006,,,,,,,,
197500,668.3,0.000007,,,,,,,,
197600,668.6,0.000002,,,,,,,,
197700,668.9,0.000003,,,,,,,,
197800,669.3,0.000002,,,,,,,,
197900,669.6,0.000002,,,,,,,,
198000,669.9,0.000004,,,,,,,,
198100,670.2,0.000005,,,,,,,,
198200,670.5,0.000002,,,,,,,,
198300,670.8,0.000002,,,,,,,,
198400,671.2,0.000004,,,,,,,,
198500,671.5,0.000004,,,,,,,,
198600,671.8,0.000007,,,,,,,,
198700,672.1,0.000004,,,,,,,,
198800,672.4,0.000003,,,,,,,,
198900,672.7,0.000003,,,,,,,,
199000,673.1,0.000002,,,,,,,,
199100,673.4,0.000003,,,,,,,,
199200,673.7,0.000007,,,,,,,,
199300,674.0,0.000006,,,,,,,,
199400,674.3,0.000003,,,,,,,,
199500,674.6,0.000006,,,,,,,,
199600,675.0,0.000006,,,,,,,,
199700,675.3,0.000004,,,,,,,,
199800,675.6,0.000007,,,,,,,,
199900,675.9,0.000006,,,,,,,,
200000,677.4,0.000002,0.000004,1.380222e-01,1.005253e-02,9.018676e-03,0.000000,1.213846e-01,9.874905e-03,8.956244e-03
200100,677.7,0.000004,,,,,,,,
200200,678.0,0.000001,,,,,,,,
200300,678.3,0.000004,,,,,,,,
200400,678.6,0.000005,,,,,,,,
200500,678.9,0.000002,,,,,,,,
200600,679.2,0.000006,,,,,,,,
200700,679.6,0.000003,,,,,,,,
200800,679.9,0.000003,,,,,,,,
200900,680.2,0.000002,,,,,,,,
201000,680.5,0.000004,,,,,,,,
201100,680.8,0.000003,,,,,,,,
201200,681.1,0.000006,,,,,,,,
201300,681.5,0.000004,,,,,,,,
201400,681.8,0.000002,,,,,,,,
201500,682.1,0.000005,,,,,,,,
201600,682.4,0.000002,,,,,,,,
201700,682.7,0.000003,,,,,,,,
201800,683.1,0.000003,,,,,,,,
201900,683.4,0.000003,,,,,,,,
202000,683.7,0.000007,,,,,,,,
202100,684.0,0.000003,,,,,,,,
202200,684.3,0.000006,,,,,,,,
202300,684.6,0.000002,,,,,,,,
202400,685.0,0.000002,,,,,,,,
202500,685.3,0.000008,,,,,,,,
202600,685.6,0.000003,,,,,,,,
202700,685.9,0.000003,,,,,,,,
202800,686.2,0.000002,,,,,,,,
202900,686.5,0.000003,,,,,,,,
203000,686.9,0.000003,,,,,,,,
203100,687.2,0.000006,,,,,,,,
203200,687.5,0.000006,,,,,,,,
203300,687.8,0.000004,,,,,,,,
203400,688.1,0.000012,,,,,,,,
203500,688.4,0.000005,,,,,,,,
203600,688.8,0.000009,,,,,,,,
203700,689.1,0.000005,,,,,,,,
203800,689.4,0.000006,,,,,,,,
203900,689.7,0.000005,,,,,,,,
204000,690.0,0.000003,,,,,,,,
204100,690.3,0.000004,,,,,,,,
204200,690.6,0.000006,,,,,,,,
204300,690.9,0.000002,,,,,,,,
204400,691.2,0.000002,,,,,,,,
204500,691.5,0.000005,,,,,,,,
204600,691.9,0.000003,,,,,,,,
204700,692.2,0.000003,,,,,,,,
204800,692.5,0.000008,,,,,,,,
204900,692.8,0.000002,,,,,,,,
205000,694.3,0.000003,0.000004,1.779414e-01,9.448827e-03,7.162845e-03,0.000000,1.314900e-01,9.153749e-03,6.968181e-03
205100,694.6,0.000003,,,,,,,,
205200,694.9,0.000003,,,,,,,,
205300,695.2,0.000004,,,,,,,,
205400,695.5,0.000003,,,,,,,,
205500,695.8,0.000006,,,,,,,,
205600,696.1,0.000006,,,,,,,,
205700,696.5,0.000003,,,,,,,,
205800,696.8,0.000003,,,,,,,,
205900,697.1,0.000008,,,,,,,,
206000,697.4,0.000002,,,,,,,,
206100,697.7,0.000005,,,,,,,,
206200,698.0,0.000004,,,,,,,,
206300,698.3,0.000002,,,,,,,,
206400,698.7,0.000003,,,,,,,,
206500,699.0,0.000004,,,,,,,,
206600,699.3,0.000004,,,,,,,,
206700,699.6,0.000004,,,,,,,,
206800,699.9,0.000002,,,,,,,,
206900,700.2,0.000003,,,,,,,,
207000,700.6,0.000003,,,,,,,,
207100,700.9,0.000004,,,,,,,,
207200,701.2,0.000005,,,,,,,,
207300,701.5,0.000005,,,,,,,,
207400,701.8,0.000003,,,,,,,,
207500,702.1,0.000004,,,,,,,,
207600,702.5,0.000007,,,,,,,,
207700,702.8,0.000002,,,,,,,,
207800,703.1,0.000003,,,,,,,,
207900,703.4,0.000005,,,,,,,,
208000,703.7,0.000002,,,,,,,,
208100,704.0,0.000004,,,,,,,,
208200,704.3,0.000004,,,,,,,,
208300,704.7,0.000002,,,,,,,,
208400,705.0,0.000003,,,,,,,,
208500,705.3,0.000003,,,,,,,,
208600,705.6,0.000005,,,,,,,,
208700,705.9,0.000004,,,,,,,,
208800,706.2,0.000005,,,,,,,,
208900,706.6,0.000003,,,,,,,,
209000,706.9,0.000003,,,,,,,,
209100,707.2,0.000004,,,,,,,,
209200,707.5,0.000006,,,,,,,,
209300,707.8,0.000003,,,,,,,,
209400,708.1,0.000008,,,,,,,,
209500,708.4,0.000002,,,,,,,,
209600,708.7,0.000002,,,,,,,,
209700,709.0,0.000007,,,,,,,,
209800,709.3,0.000003,,,,,,,,
209900,709.6,0.000003,,,,,,,,
210000,711.1,0.000006,0.000005,1.565552e-01,1.087927e-02,9.137247e-03,0.000000,1.499496e-01,1.079923e-02,9.344079e-03
210100,711.4,0.000003,,,,,,,,
210200,711.7,0.000004,,,,,,,,
210300,712.0,0.000005,,,,,,,,
210400,712.3,0.000002,,,,,,,,
210500,712.6,0.000002,,,,,,,,
210600,713.0,0.000001,,,,,,,,
210700,713.2,0.000003,,,,,,,,
210800,713.5,0.000006,,,,,,,,
210900,713.8,0.000002,,,,,,,,
211000,714.1,0.000002,,,,,,,,
211100,714.5,0.000002,,,,,,,,
211200,714.8,0.000004,,,,,,,,
211300,715.1,0.000003,,,,,,,,
211400,715.4,0.000006,,,,,,,,
211500,715.7,0.000006,,,,,,,,
211600,716.0,0.000005,,,,,,,,
211700,716.4,0.000004,,,,,,,,
211800,716.7,0.000003,,,,,,,,
211900,717.0,0.000003,,,,,,,,
212000,717.3,0.000002,,,,,,,,
212100,717.6,0.000008,,,,,,,,
212200,717.9,0.000004,,,,,,,,
212300,718.3,0.000004,,,,,,,,
212400,718.6,0.000004,,,,,,,,
212500,718.9,0.000004,,,,,,,,
212600,719.2,0.000002,,,,,,,,
212700,719.5,0.000006,,,,,,,,
212800,719.9,0.000004,,,,,,,,
212900,720.2,0.000009,,,,,,,,
213000,720.5,0.000023,,,,,,,,
213100,720.8,0.000002,,,,,,,,
213200,721.1,0.000007,,,,,,,,
213300,721.4,0.000003,,,,,,,,
213400,721.8,0.000002,,,,,,,,
213500,722.1,0.000003,,,,,,,,
213600,722.4,0.000004,,,,,,,,
213700,722.7,0.000004,,,,,,,,
213800,723.0,0.000003,,,,,,,,
213900,723.3,0.000001,,,,,,,,
214000,723.7,0.000002,,,,,,,,
214100,724.0,0.000004,,,,,,,,
214200,724.3,0.000005,,,,,,,,
214300,724.6,0.000006,,,,,,,,
214400,724.9,0.000003,,,,,,,,
214500,725.2,0.000003,,,,,,,,
214600,725.6,0.000007,,,,,,,,
214700,725.9,0.000003,,,,,,,,
214800,726.2,0.000002,,,,,,,,
214900,726.5,0.000004,,,,,,,,
215000,728.0,0.000003,0.000003,2.184959e-01,7.772922e-03,5.937310e-03,0.000000,1.200388e-01,7.640180e-03,5.962527e-03
215100,728.3,0.000006,,,,,,,,
215200,728.6,0.000002,,,,,,,,
215300,728.9,0.000006,,,,,,,,
215400,729.2,0.000002,,,,,,,,
215500,729.5,0.000004,,,,,,,,
215600,729.8,0.000008,,,,,,,,
215700,730.2,0.000003,,,,,,,,
215800,730.5,0.000005,,,,,,,,
215900,730.8,0.000008,,,,,,,,
216000,731.1,0.000002,,,,,,,,
216100,731.4,0.000002,,,,,,,,
216200,731.7,0.000004,,,,,,,,
216300,732.1,0.000003,,,,,,,,
216400,732.4,0.000002,,,,,,,,
216500,732.7,0.000004,,,,,,,,
216600,733.0,0.000002,,,,,,,,
216700,733.3,0.000002,,,,,,,,
216800,733.6,0.000002,,,,,,,,
216900,734.0,0.000003,,,,,,,,
217000,734.3,0.000005,,,,,,,,
217100,734.6,0.000004,,,,,,,,
217200,734.9,0.000010,,,,,,,,
217300,735.2,0.000004,,,,,,,,
217400,735.5,0.000005,,,,,,,,
217500,735.9,0.000004,,,,,,,,
217600,736.2,0.000002,,,,,,,,
217700,736.5,0.000003,,,,,,,,
217800,736.8,0.000003,,,,,,,,
217900,737.1,0.000005,,,,,,,,
218000,737.4,0.000003,,,,,,,,
218100,737.8,0.000004,,,,,,,,
218200,738.1,0.000003,,,,,,,,
218300,738.4,0.000002,,,,,,,,
218400,738.7,0.000002,,,,,,,,
218500,739.0,0.000003,,,,,,,,
218600,739.3,0.000007,,,,,,,,
218700,739.7,0.000003,,,,,,,,
218800,740.0,0.000003,,,,,,,,
218900,740.3,0.000003,,,,,,,,
219000,740.6,0.000007,,,,,,,,
219100,740.9,0.000005,,,,,,,,
219200,741.2,0.000004,,,,,,,,
219300,741.6,0.000003,,,,,,,,
219400,741.9,0.000005,,,,,,,,
219500,742.2,0.000008,,,,,,,,
219600,742.5,0.000002,,,,,,,,
219700,742.8,0.000003,,,,,,,,
219800,743.1,0.000002,,,,,,,,
219900,743.5,0.000003,,,,,,,,
220000,744.9,0.000011,0.000003,1.648350e-01,7.604875e-03,5.732510e-03,0.000000,1.499794e-01,7.441622e-03,5.726442e-03
220100,745.2,0.000006,,,,,,,,
220200,745.5,0.000010,,,,,,,,
220300,745.8,0.000005,,,,,,,,
220400,746.2,0.000007,,,,,,,,
220500,746.5,0.000003,,,,,,,,
220600,746.8,0.000002,,,,,,,,
220700,747.1,0.000008,,,,,,,,
220800,747.4,0.000003,,,,,,,,
220900,747.7,0.000010,,,,,,,,
221000,748.1,0.000002,,,,,,,,
221100,748.4,0.000004,,,,,,,,
221200,748.7,0.000004,,,,,,,,
221300,749.0,0.000003,,,,,,,,
221400,749.3,0.000004,,,,,,,,
221500,749.6,0.000006,,,,,,,,
221600,750.0,0.000006,,,,,,,,
221700,750.3,0.000007,,,,,,,,
221800,750.6,0.000006,,,,,,,,
221900,750.9,0.000002,,,,,,,,
222000,751.2,0.000002,,,,,,,,
222100,751.5,0.000002,,,,,,,,
222200,751.9,0.000002,,,,,,,,
222300,752.2,0.000003,,,,,,,,
222400,752.5,0.000003,,,,,,,,
222500,752.8,0.000003,,,,,,,,
222600,753.1,0.000002,,,,,,,,
222700,753.4,0.000003,,,,,,,,
222800,753.8,0.000002,,,,,,,,
222900,754.1,0.000003,,,,,,,,
223000,754.4,0.000004,,,,,,,,
223100,754.7,0.000004,,,,,,,,
223200,755.0,0.000004,,,,,,,,
223300,755.3,0.000005,,,,,,,,
223400,755.7,0.000003,,,,,,,,
223500,756.0,0.000006,,,,,,,,
223600,756.3,0.000003,,,,,,,,
223700,756.6,0.000005,,,,,,,,
223800,756.9,0.000004,,,,,,,,
223900,757.2,0.000006,,,,,,,,
224000,757.6,0.000003,,,,,,,,
224100,757.9,0.000004,,,,,,,,
224200,758.2,0.000002,,,,,,,,
224300,758.5,0.000002,,,,,,,,
224400,758.8,0.000008,,,,,,,,
224500,759.1,0.000002,,,,,,,,
224600,759.5,0.000005,,,,,,,,
224700,759.8,0.000010,,,,,,,,
224800,760.1,0.000003,,,,,,,,
224900,760.4,0.000002,,,,,,,,
225000,761.9,0.000008,0.000008,1.886516e-01,1.269230e-02,9.098541e-03,0.000000,1.188814e-01,1.276502e-02,9.278521e-03
225100,762.2,0.000006,,,,,,,,
225200,762.5,0.000002,,,,,,,,
225300,762.8,0.000007,,,,,,,,
225400,763.1,0.000003,,,,,,,,
225500,763.4,0.000002,,,,,,,,
225600,763.7,0.000006,,,,,,,,
225700,764.1,0.000001,,,,,,,,
225800,764.4,0.000005,,,,,,,,
225900,764.7,0.000004,,,,,,,,
226000,765.0,0.000002,,,,,,,,
226100,765.3,0.000002,,,,,,,,
226200,765.6,0.000004,,,,,,,,
226300,766.0,0.000002,,,,,,,,
226400,766.3,0.000002,,,,,,,,
226500,766.6,0.000002,,,,,,,,
226600,766.9,0.000005,,,,,,,,
226700,767.2,0.000004,,,,,,,,
226800,767.5,0.000002,,,,,,,,
226900,767.9,0.000003,,,,,,,,
227000,768.2,0.000005,,,,,,,,
227100,768.5,0.000008,,,,,,,,
227200,768.8,0.000011,,,,,,,,
227300,769.1,0.000004,,,,,,,,
227400,769.4,0.000004,,,,,,,,
227500,769.8,0.000002,,,,,,,,
227600,770.1,0.000003,,,,,,,,
227700,770.4,0.000003,,,,,,,,
227800,770.7,0.000003,,,,,,,,
227900,771.0,0.000004,,,,,,,,
228000,771.3,0.000003,,,,,,,,
228100,771.7,0.000007,,,,,,,,
228200,772.0,0.000008,,,,,,,,
228300,772.3,0.000002,,,,,,,,
228400,772.6,0.000003,,,,,,,,
228500,772.9,0.000004,,,,,,,,
228600,773.2,0.000004,,,,,,,,
228700,773.6,0.000002,,,,,,,,
228800,773.9,0.000002,,,,,,,,
228900,774.2,0.000008,,,,,,,,
229000,774.5,0.000005,,,,,,,,
229100,774.8,0.000003,,,,,,,,
229200,775.1,0.000002,,,,,,,,
229300,775.5,0.000004,,,,,,,,
229400,775.8,0.000003,,,,,,,,
229500,776.1,0.000004,,,,,,,,
229600,776.4,0.000003,,,,,,,,
229700,776.7,0.000007,,,,,,,,
229800,777.0,0.000006,,,,,,,,
229900,777.4,0.000005,,,,,,,,
230000,778.8,0.000008,0.000003,1.369465e-01,8.611389e-03,6.665486e-03,0.000000,1.264245e-01,8.289221e-03,6.526295e-03
230100,779.1,0.000002,,,,,,,,
230200,779.4,0.000005,,,,,,,,
230300,779.7,0.000013,,,,,,,,
230400,780.1,0.000002,,,,,,,,
230500,780.4,0.000006,,,,,,,,
230600,780.7,0.000006,,,,,,,,
230700,781.0,0.000003,,,,,,,,
230800,781.3,0.000005,,,,,,,,
230900,781.7,0.000004,,,,,,,,
231000,782.0,0.000004,,,,,,,,
231100,782.3,0.000003,,,,,,,,
231200,782.6,0.000003,,,,,,,,
231300,782.9,0.000002,,,,,,,,
231400,783.2,0.000004,,,,,,,,
231500,783.6,0.000004,,,,,,,,
231600,783.9,0.000003,,,,,,,,
231700,784.2,0.000001,,,,,,,,
231800,784.5,0.000003,,,,,,,,
231900,784.8,0.000003,,,,,,,,
232000,785.1,0.000004,,,,,,,,
232100,785.5,0.000002,,,,,,,,
232200,785.8,0.000002,,,,,,,,
232300,786.1,0.000004,,,,,,,,
232400,786.4,0.000003,,,,,,,,
232500,786.7,0.000004,,,,,,,,
232600,787.0,0.000004,,,,,,,,
232700,787.4,0.000003,,,,,,,,
232800,787.7,0.000002,,,,,,,,
232900,788.0,0.000004,,,,,,,,
233000,788.3,0.000002,,,,,,,,
233100,788.6,0.000003,,,,,,,,
233200,788.9,0.000003,,,,,,,,
233300,789.3,0.000002,,,,,,,,
233400,789.6,0.000004,,,,,,,,
233500,789.9,0.000002,,,,,,,,
233600,790.2,0.000003,,,,,,,,
233700,790.5,0.000004,,,,,,,,
233800,790.8,0.000004,,,,,,,,
233900,791.2,0.000003,,,,,,,,
234000,791.5,0.000003,,,,,,,,
234100,791.8,0.000013,,,,,,,,
234200,792.1,0.000003,,,,,,,,
234300,792.4,0.000006,,,,,,,,
234400,792.7,0.000002,,,,,,,,
234500,793.0,0.000004,,,,,,,,
234600,793.4,0.000007,,,,,,,,
234700,793.7,0.000002,,,,,,,,
234800,794.0,0.000005,,,,,,,,
234900,794.3,0.000003,,,,,,,,
235000,795.8,0.000004,0.000003,1.193421e-01,8.610431e-03,7.452356e-03,0.000000,1.103777e-01,8.357517e-03,7.310435e-03
235100,796.1,0.000003,,,,,,,,
235200,796.4,0.000003,,,,,,,,
235300,796.7,0.000007,,,,,,,,
235400,797.0,0.000004,,,,,,,,
235500,797.3,0.000004,,,,,,,,
235600,797.6,0.000008,,,,,,,,
235700,798.0,0.000002,,,,,,,,
235800,798.3,0.000004,,,,,,,,
235900,798.6,0.000002,,,,,,,,
236000,798.9,0.000002,,,,,,,,
236100,799.2,0.000003,,,,,,,,
236200,799.5,0.000004,,,,,,,,
236300,799.9,0.000002,,,,,,,,
236400,800.2,0.000002,,,,,,,,
236500,800.5,0.000003,,,,,,,,
236600,800.8,0.000003,,,,,,,,
236700,801.1,0.000008,,,,,,,,
236800,801.4,0.000002,,,,,,,,
236900,801.8,0.000002,,,,,,,,
237000,802.1,0.000002,,,,,,,,
237100,802.4,0.000002,,,,,,,,
237200,802.7,0.000007,,,,,,,,
237300,803.0,0.000002,,,,,,,,
237400,803.3,0.000002,,,,,,,,
237500,803.7,0.000003,,,,,,,,
237600,804.0,0.000004,,,,,,,,
237700,804.3,0.000003,,,,,,,,
237800,804.6,0.000004,,,,,,,,
237900,804.9,0.000002,,,,,,,,
238000,805.2,0.000003,,,,,,,,
238100,805.5,0.000002,,,,,,,,
238200,805.8,0.000004,,,,,,,,
238300,806.1,0.000002,,,,,,,,
238400,806.4,0.000003,,,,,,,,
238500,806.7,0.000002,,,,,,,,
238600,807.1,0.000004,,,,,,,,
238700,807.4,0.000003,,,,,,,,
238800,807.7,0.000004,,,,,,,,
238900,808.0,0.000004,,,,,,,,
239000,808.3,0.000004,,,,,,,,
239100,808.6,0.000003,,,,,,,,
239200,809.0,0.000003,,,,,,,,
239300,809.3,0.000004,,,,,,,,
239400,809.6,0.000002,,,,,,,,
239500,809.9,0.000003,,,,,,,,
239600,810.2,0.000003,,,,,,,,
239700,810.6,0.000002,,,,,,,,
239800,810.9,0.000002,,,,,,,,
239900,811.2,0.000003,,,,,,,,
240000,812.6,0.000006,0.000006,1.851215e-01,1.206876e-02,1.012609e-02,0.000000,1.087495e-01,1.207685e-02,1.029300e-02
240100,812.9,0.000004,,,,,,,,
240200,813.3,0.000003,,,,,,,,
240300,813.6,0.000005,,,,,,,,
240400,813.9,0.000002,,,,,,,,
240500,814.2,0.000004,,,,,,,,
240600,814.5,0.000002,,,,,,,,
240700,814.8,0.000002,,,,,,,,
240800,815.2,0.000003,,,,,,,,
240900,815.5,0.000005,,,,,,,,
241000,815.8,0.000002,,,,,,,,
241100,816.1,0.000004,,,,,,,,
241200,816.4,0.000004,,,,,,,,
241300,816.7,0.000003,,,,,,,,
241400,817.1,0.000002,,,,,,,,
241500,817.4,0.000004,,,,,,,,
241600,817.7,0.000002,,,,,,,,
241700,818.0,0.000004,,,,,,,,
241800,818.3,0.000006,,,,,,,,
241900,818.6,0.000003,,,,,,,,
242000,819.0,0.000002,,,,,,,,
242100,819.3,0.000003,,,,,,,,
242200,819.6,0.000002,,,,,,,,
242300,819.9,0.000008,,,,,,,,
242400,820.2,0.000002,,,,,,,,
242500,820.5,0.000003,,,,,,,,
242600,820.9,0.000002,,,,,,,,
242700,821.2,0.000003,,,,,,,,
242800,821.5,0.000003,,,,,,,,
242900,821.8,0.000003,,,,,,,,
243000,822.1,0.000002,,,,,,,,
243100,822.4,0.000002,,,,,,,,
243200,822.8,0.000002,,,,,,,,
243300,823.1,0.000002,,,,,,,,
243400,823.4,0.000002,,,,,,,,
243500,823.7,0.000002,,,,,,,,
243600,824.0,0.000002,,,,,,,,
243700,824.3,0.000003,,,,,,,,
243800,824.7,0.000002,,,,,,,,
243900,825.0,0.000002,,,,,,,,
244000,825.3,0.000003,,,,,,,,
244100,825.6,0.000002,,,,,,,,
244200,825.9,0.000002,,,,,,,,
244300,826.2,0.000005,,,,,,,,
244400,826.6,0.000003,,,,,,,,
244500,826.9,0.000003,,,,,,,,
244600,827.2,0.000005,,,,,,,,
244700,827.5,0.000002,,,,,,,,
244800,827.8,0.000002,,,,,,,,
244900,828.1,0.000004,,,,,,,,
245000,829.6,0.000007,0.000006,1.674114e-01,1.158836e-02,9.563386e-03,0.000000,1.625566e-01,1.148280e-02,9.610418e-03
245100,829.9,0.000005,,,,,,,,
245200,830.2,0.000003,,,,,,,,
245300,830.5,0.000013,,,,,,,,
245400,830.9,0.000003,,,,,,,,
245500,831.2,0.000003,,,,,,,,
245600,831.5,0.000002,,,,,,,,
245700,831.8,0.000002,,,,,,,,
245800,832.1,0.000002,,,,,,,,
245900,832.4,0.000003,,,,,,,,
246000,832.8,0.000003,,,,,,,,
246100,833.1,0.000002,,,,,,,,
246200,833.4,0.000003,,,,,,,,
246300,833.7,0.000004,,,,,,,,
246400,834.0,0.000006,,,,,,,,
246500,834.3,0.000002,,,,,,,,
246600,834.7,0.000003,,,,,,,,
246700,835.0,0.000003,,,,,,,,
246800,835.3,0.000003,,,,,,,,
246900,835.6,0.000009,,,,,,,,
247000,835.9,0.000006,,,,,,,,
247100,836.2,0.000002,,,,,,,,
247200,836.6,0.000003,,,,,,,,
247300,836.9,0.000003,,,,,,,,
247400,837.2,0.000002,,,,,,,,
247500,837.5,0.000005,,,,,,,,
247600,837.8,0.000002,,,,,,,,
247700,838.2,0.000004,,,,,,,,
247800,838.5,0.000001,,,,,,,,
247900,838.8,0.000002,,,,,,,,
248000,839.1,0.000002,,,,,,,,
248100,839.4,0.000007,,,,,,,,
248200,839.7,0.000005,,,,,,,,
248300,840.1,0.000002,,,,,,,,
248400,840.4,0.000003,,,,,,,,
248500,840.7,0.000002,,,,,,,,
248600,841.0,0.000003,,,,,,,,
248700,841.3,0.000002,,,,,,,,
248800,841.6,0.000004,,,,,,,,
248900,842.0,0.000006,,,,,,,,
249000,842.3,0.000002,,,,,,,,
249100,842.6,0.000003,,,,,,,,
249200,842.9,0.000003,,,,,,,,
249300,843.2,0.000010,,,,,,,,
249400,843.5,0.000003,,,,,,,,
249500,843.9,0.000002,,,,,,,,
249600,844.2,0.000002,,,,,,,,
249700,844.5,0.000003,,,,,,,,
249800,844.8,0.000005,,,,,,,,
249900,845.1,0.000002,,,,,,,,
250000,846.6,0.000003,0.000004,1.559785e-01,8.364797e-03,5.355810e-03,0.000000,1.095397e-01,8.268199e-03,5.391656e-03
250100,846.9,0.000001,,,,,,,,
250200,847.2,0.000006,,,,,,,,
250300,847.5,0.000002,,,,,,,,
250400,847.8,0.000004,,,,,,,,
250500,848.1,0.000006,,,,,,,,
250600,848.5,0.000002,,,,,,,,
250700,848.8,0.000003,,,,,,,,
250800,849.1,0.000005,,,,,,,,
250900,849.4,0.000003,,,,,,,,
251000,849.7,0.000004,,,,,,,,
251100,850.1,0.000003,,,,,,,,
251200,850.4,0.000001,,,,,,,,
251300,850.7,0.000006,,,,,,,,
251400,851.0,0.000003,,,,,,,,
251500,851.3,0.000001,,,,,,,,
251600,851.6,0.000007,,,,,,,,
251700,851.9,0.000003,,,,,,,,
251800,852.3,0.000001,,,,,,,,
251900,852.6,0.000005,,,,,,,,
252000,852.9,0.000005,,,,,,,,
252100,853.2,0.000003,,,,,,,,
252200,853.5,0.000012,,,,,,,,
252300,853.8,0.000003,,,,,,,,
252400,854.2,0.000003,,,,,,,,
252500,854.5,0.000002,,,,,,,,
252600,854.8,0.000003,,,,,,,,
252700,855.1,0.000002,,,,,,,,
252800,855.4,0.000003,,,,,,,,
252900,855.7,0.000009,,,,,,,,
253000,856.1,0.000002,,,,,,,,
253100,856.4,0.000003,,,,,,,,
253200,856.7,0.000002,,,,,,,,
253300,857.0,0.000001,,,,,,,,
253400,857.3,0.000001,,,,,,,,
253500,857.6,0.000002,,,,,,,,
253600,858.0,0.000003,,,,,,,,
253700,858.3,0.000002,,,,,,,,
253800,858.6,0.000008,,,,,,,,
253900,858.9,0.000008,,,,,,,,
254000,859.2,0.000003,,,,,,,,
254100,859.5,0.000003,,,,,,,,
254200,859.9,0.000004,,,,,,,,
254300,860.2,0.000003,,,,,,,,
254400,860.5,0.000005,,,,,,,,
254500,860.8,0.000005,,,,,,,,
254600,861.1,0.000003,,,,,,,,
254700,861.4,0.000002,,,,,,,,
254800,861.8,0.000004,,,,,,,,
254900,862.1,0.000003,,,,,,,,
255000,863.5,0.000005,0.000003,1.481173e-01,8.312352e-03,6.904615e-03,0.000000,1.191735e-01,8.019353e-03,6.740630e-03
255100,863.8,0.000002,,,,,,,,
255200,864.0,0.000002,,,,,,,,
255300,864.4,0.000001,,,,,,,,
255400,864.7,0.000003,,,,,,,,
255500,865.0,0.000008,,,,,,,,
255600,865.3,0.000002,,,,,,,,
255700,865.6,0.000002,,,,,,,,
255800,866.0,0.000011,,,,,,,,
255900,866.3,0.000005,,,,,,,,
256000,866.6,0.000005,,,,,,,,
256100,866.9,0.000003,,,,,,,,
256200,867.2,0.000002,,,,,,,,
256300,867.5,0.000004,,,,,,,,
256400,867.9,0.000004,,,,,,,,
256500,868.2,0.000002,,,,,,,,
256600,868.5,0.000004,,,,,,,,
256700,868.8,0.000002,,,,,,,,
256800,869.1,0.000003,,,,,,,,
256900,869.4,0.000001,,,,,,,,
257000,869.8,0.000004,,,,,,,,
257100,870.1,0.000003,,,,,,,,
257200,870.4,0.000005,,,,,,,,
257300,870.7,0.000002,,,,,,,,
257400,871.0,0.000003,,,,,,,,
257500,871.3,0.000003,,,,,,,,
257600,871.7,0.000002,,,,,,,,
257700,872.0,0.000003,,,,,,,,
257800,872.3,0.000004,,,,,,,,
257900,872.6,0.000002,,,,,,,,
258000,872.9,0.000005,,,,,,,,
258100,873.2,0.000020,,,,,,,,
258200,873.6,0.000002,,,,,,,,
258300,873.9,0.000003,,,,,,,,
258400,874.2,0.000003,,,,,,,,
258500,874.5,0.000004,,,,,,,,
258600,874.8,0.000003,,,,,,,,
258700,875.1,0.000005,,,,,,,,
258800,875.5,0.000003,,,,,,,,
258900,875.8,0.000004,,,,,,,,
259000,876.1,0.000005,,,,,,,,
259100,876.4,0.000002,,,,,,,,
259200,876.7,0.000002,,,,,,,,
259300,877.0,0.000002,,,,,,,,
259400,877.4,0.000002,,,,,,,,
259500,877.7,0.000005,,,,,,,,
259600,878.0,0.000003,,,,,,,,
259700,878.3,0.000002,,,,,,,,
259800,878.6,0.000004,,,,,,,,
259900,878.9,0.000003,,,,,,,,
260000,880.4,0.000003,0.000004,1.445709e-01,1.001459e-02,8.726175e-03,0.000000,1.336898e-01,9.977973e-03,8.887026e-03
260100,880.7,0.000007,,,,,,,,
260200,881.0,0.000008,,,,,,,,
260300,881.3,0.000003,,,,,,,,
260400,881.7,0.000005,,,,,,,,
260500,882.0,0.000003,,,,,,,,
260600,882.3,0.000003,,,,,,,,
260700,882.6,0.000003,,,,,,,,
260800,882.9,0.000002,,,,,,,,
260900,883.2,0.000004,,,,,,,,
261000,883.6,0.000003,,,,,,,,
261100,883.9,0.000002,,,,,,,,
261200,884.2,0.000003,,,,,,,,
261300,884.5,0.000003,,,,,,,,
261400,884.8,0.000007,,,,,,,,
261500,885.1,0.000002,,,,,,,,
261600,885.5,0.000003,,,,,,,,
261700,885.8,0.000003,,,,,,,,
261800,886.1,0.000003,,,,,,,,
261900,886.4,0.000001,,,,,,,,
262000,886.7,0.000003,,,,,,,,
262100,887.0,0.000003,,,,,,,,
262200,887.4,0.000002,,,,,,,,
262300,887.7,0.000003,,,,,,,,
262400,888.0,0.000002,,,,,,,,
262500,888.3,0.000002,,,,,,,,
262600,888.6,0.000002,,,,,,,,
262700,888.9,0.000002,,,,,,,,
262800,889.3,0.000003,,,,,,,,
262900,889.6,0.000006,,,,,,,,
263000,889.9,0.000003,,,,,,,,
263100,890.2,0.000002,,,,,,,,
263200,890.5,0.000002,,,,,,,,
263300,890.8,0.000003,,,,,,,,
263400,891.2,0.000002,,,,,,,,
263500,891.5,0.000002,,,,,,,,
263600,891.8,0.000004,,,,,,,,
263700,892.1,0.000002,,,,,,,,
263800,892.4,0.000005,,,,,,,,
263900,892.7,0.000001,,,,,,,,
264000,893.1,0.000003,,,,,,,,
264100,893.4,0.000003,,,,,,,,
264200,893.7,0.000007,,,,,,,,
264300,894.0,0.000004,,,,,,,,
264400,894.3,0.000002,,,,,,,,
264500,894.6,0.000009,,,,,,,,
264600,895.0,0.000003,,,,,,,,
264700,895.3,0.000002,,,,,,,,
264800,895.6,0.000003,,,,,,,,
264900,895.9,0.000002,,,,,,,,
265000,897.4,0.000003,0.000003,1.753853e-01,7.081261e-03,5.234638e-03,0.000000,1.441228e-01,6.833515e-03,5.227796e-03
265100,897.7,0.000004,,,,,,,,
265200,898.0,0.000002,,,,,,,,
265300,898.3,0.000005,,,,,,,,
265400,898.6,0.000003,,,,,,,,
265500,898.9,0.000003,,,,,,,,
265600,899.2,0.000002,,,,,,,,
265700,899.6,0.000002,,,,,,,,
265800,899.9,0.000003,,,,,,,,
265900,900.2,0.000006,,,,,,,,
266000,900.5,0.000002,,,,,,,,
266100,900.8,0.000003,,,,,,,,
266200,901.1,0.000002,,,,,,,,
266300,901.5,0.000002,,,,,,,,
266400,901.8,0.000006,,,,,,,,
266500,902.1,0.000002,,,,,,,,
266600,902.4,0.000002,,,,,,,,
266700,902.7,0.000003,,,,,,,,
266800,903.0,0.000003,,,,,,,,
266900,903.4,0.000003,,,,,,,,
267000,903.7,0.000001,,,,,,,,
267100,904.0,0.000002,,,,,,,,
267200,904.3,0.000004,,,,,,,,
267300,904.6,0.000002,,,,,,,,
267400,904.9,0.000003,,,,,,,,
267500,905.3,0.000003,,,,,,,,
267600,905.6,0.000002,,,,,,,,
267700,905.9,0.000002,,,,,,,,
267800,906.2,0.000002,,,,,,,,
267900,906.5,0.000007,,,,,,,,
268000,906.8,0.000002,,,,,,,,
268100,907.2,0.000002,,,,,,,,
268200,907.5,0.000003,,,,,,,,
268300,907.8,0.000002,,,,,,,,
268400,908.1,0.000002,,,,,,,,
268500,908.4,0.000002,,,,,,,,
268600,908.7,0.000002,,,,,,,,
268700,909.1,0.000003,,,,,,,,
268800,909.4,0.000002,,,,,,,,
268900,909.7,0.000003,,,,,,,,
269000,910.0,0.000004,,,,,,,,
269100,910.3,0.000002,,,,,,,,
269200,910.6,0.000006,,,,,,,,
269300,911.0,0.000004,,,,,,,,
269400,911.3,0.000006,,,,,,,,
269500,911.6,0.000002,,,,,,,,
269600,911.9,0.000002,,,,,,,,
269700,912.2,0.000004,,,,,,,,
269800,912.5,0.000003,,,,,,,,
269900,912.9,0.000004,,,,,,,,
270000,914.3,0.000002,0.000002,1.479452e-01,6.727086e-03,5.081378e-03,0.000000,7.124947e-02,6.615407e-03,5.059793e-03
270100,914.6,0.000005,,,,,,,,
270200,914.9,0.000002,,,,,,,,
270300,915.2,0.000010,,,,,,,,
270400,915.6,0.000003,,,,,,,,
270500,915.9,0.000003,,,,,,,,
270600,916.2,0.000002,,,,,,,,
270700,916.5,0.000003,,,,,,,,
270800,916.8,0.000001,,,,,,,,
270900,917.1,0.000002,,,,,,,,
271000,917.4,0.000005,,,,,,,,
271100,917.8,0.000003,,,,,,,,
271200,918.1,0.000001,,,,,,,,
271300,918.4,0.000003,,,,,,,,
271400,918.7,0.000001,,,,,,,,
271500,919.0,0.000003,,,,,,,,
271600,919.3,0.000001,,,,,,,,
271700,919.6,0.000002,,,,,,,,
271800,920.0,0.000004,,,,,,,,
271900,920.3,0.000003,,,,,,,,
272000,920.6,0.000004,,,,,,,,
272100,920.9,0.000004,,,,,,,,
272200,921.2,0.000004,,,,,,,,
272300,921.5,0.000002,,,,,,,,
272400,921.8,0.000002,,,,,,,,
272500,922.1,0.000007,,,,,,,,
272600,922.5,0.000002,,,,,,,,
272700,922.7,0.000002,,,,,,,,
272800,922.9,0.000002,,,,,,,,
272900,923.2,0.000002,,,,,,,,
273000,923.6,0.000003,,,,,,,,
273100,923.9,0.000002,,,,,,,,
273200,924.2,0.000003,,,,,,,,
273300,924.5,0.000005,,,,,,,,
273400,924.8,0.000002,,,,,,,,
273500,925.2,0.000002,,,,,,,,
273600,925.5,0.000003,,,,,,,,
273700,925.8,0.000003,,,,,,,,
273800,926.1,0.000001,,,,,,,,
273900,926.4,0.000006,,,,,,,,
274000,926.7,0.000003,,,,,,,,
274100,927.0,0.000003,,,,,,,,
274200,927.4,0.000004,,,,,,,,
274300,927.7,0.000004,,,,,,,,
274400,928.0,0.000005,,,,,,,,
274500,928.3,0.000004,,,,,,,,
274600,928.6,0.000003,,,,,,,,
274700,928.9,0.000003,,,,,,,,
274800,929.3,0.000005,,,,,,,,
274900,929.6,0.000002,,,,,,,,
275000,931.0,0.000001,0.000002,1.045022e-01,7.439029e-03,6.468191e-03,0.000000,9.014703e-02,7.158881e-03,6.306251e-03
275100,931.3,0.000002,,,,,,,,
275200,931.6,0.000006,,,,,,,,
275300,932.0,0.000003,,,,,,,,
275400,932.3,0.000002,,,,,,,,
275500,932.6,0.000003,,,,,,,,
275600,932.9,0.000002,,,,,,,,
275700,933.2,0.000004,,,,,,,,
275800,933.5,0.000003,,,,,,,,
275900,933.9,0.000004,,,,,,,,
276000,934.2,0.000006,,,,,,,,
276100,934.5,0.000003,,,,,,,,
276200,934.8,0.000002,,,,,,,,
276300,935.1,0.000002,,,,,,,,
276400,935.4,0.000002,,,,,,,,
276500,935.8,0.000003,,,,,,,,
276600,936.1,0.000003,,,,,,,,
276700,936.4,0.000003,,,,,,,,
276800,936.7,0.000003,,,,,,,,
276900,937.0,0.000003,,,,,,,,
277000,937.3,0.000002,,,,,,,,
277100,937.7,0.000004,,,,,,,,
277200,938.0,0.000004,,,,,,,,
277300,938.3,0.000007,,,,,,,,
277400,938.6,0.000003,,,,,,,,
277500,938.9,0.000002,,,,,,,,
277600,939.2,0.000004,,,,,,,,
277700,939.6,0.000002,,,,,,,,
277800,939.9,0.000002,,,,,,,,
277900,940.2,0.000002,,,,,,,,
278000,940.5,0.000003,,,,,,,,
278100,940.8,0.000003,,,,,,,,
278200,941.1,0.000002,,,,,,,,
278300,941.5,0.000005,,,,,,,,
278400,941.8,0.000003,,,,,,,,
278500,942.0,0.000003,,,,,,,,
278600,942.3,0.000004,,,,,,,,
278700,942.6,0.000003,,,,,,,,
278800,942.9,0.000002,,,,,,,,
278900,943.3,0.000002,,,,,,,,
279000,943.6,0.000007,,,,,,,,
279100,943.9,0.000004,,,,,,,,
279200,944.2,0.000002,,,,,,,,
279300,944.5,0.000002,,,,,,,,
279400,944.9,0.000004,,,,,,,,
279500,945.2,0.000003,,,,,,,,
279600,945.5,0.000002,,,,,,,,
279700,945.8,0.000003,,,,,,,,
279800,946.1,0.000003,,,,,,,,
279900,946.4,0.000009,,,,,,,,
280000,947.9,0.000002,0.000002,1.371017e-01,6.801977e-03,5.492605e-03,0.000000,1.277892e-01,6.743996e-03,5.562161e-03
280100,948.2,0.000005,,,,,,,,
280200,948.5,0.000004,,,,,,,,
280300,948.8,0.000004,,,,,,,,
280400,949.1,0.000002,,,,,,,,
280500,949.5,0.000002,,,,,,,,
280600,949.8,0.000003,,,,,,,,
280700,950.1,0.000002,,,,,,,,
280800,950.4,0.000004,,,,,,,,
280900,950.7,0.000001,,,,,,,,
281000,951.0,0.000005,,,,,,,,
281100,951.4,0.000002,,,,,,,,
281200,951.7,0.000004,,,,,,,,
281300,952.0,0.000003,,,,,,,,
281400,952.3,0.000004,,,,,,,,
281500,952.6,0.000003,,,,,,,,
281600,952.9,0.000003,,,,,,,,
281700,953.3,0.000007,,,,,,,,
281800,953.6,0.000002,,,,,,,,
281900,953.9,0.000004,,,,,,,,
282000,954.2,0.000002,,,,,,,,
282100,954.5,0.000002,,,,,,,,
282200,954.8,0.000003,,,,,,,,
282300,955.2,0.000004,,,,,,,,
282400,955.5,0.000004,,,,,,,,
282500,955.8,0.000003,,,,,,,,
282600,956.1,0.000004,,,,,,,,
282700,956.4,0.000002,,,,,,,,
282800,956.7,0.000003,,,,,,,,
282900,957.1,0.000002,,,,,,,,
283000,957.4,0.000002,,,,,,,,
283100,957.7,0.000003,,,,,,,,
283200,958.0,0.000007,,,,,,,,
283300,958.3,0.000002,,,,,,,,
283400,958.6,0.000004,,,,,,,,
283500,959.0,0.000004,,,,,,,,
283600,959.3,0.000002,,,,,,,,
283700,959.6,0.000002,,,,,,,,
283800,959.9,0.000002,,,,,,,,
283900,960.2,0.000007,,,,,,,,
284000,960.5,0.000004,,,,,,,,
284100,960.9,0.000003,,,,,,,,
284200,961.2,0.000003,,,,,,,,
284300,961.5,0.000003,,,,,,,,
284400,961.8,0.000002,,,,,,,,
284500,962.1,0.000004,,,,,,,,
284600,962.4,0.000002,,,,,,,,
284700,962.8,0.000002,,,,,,,,
284800,963.1,0.000005,,,,,,,,
284900,963.4,0.000006,,,,,,,,
285000,964.9,0.000003,0.000005,1.222277e-01,1.052167e-02,8.616952e-03,0.000000,8.866138e-02,1.079942e-02,9.152524e-03
285100,965.1,0.000002,,,,,,,,
285200,965.5,0.000003,,,,,,,,
285300,965.7,0.000003,,,,,,,,
285400,966.0,0.000002,,,,,,,,
285500,966.3,0.000006,,,,,,,,
285600,966.6,0.000002,,,,,,,,
285700,967.0,0.000003,,,,,,,,
285800,967.3,0.000004,,,,,,,,
285900,967.6,0.000002,,,,,,,,
286000,967.9,0.000002,,,,,,,,
286100,968.2,0.000002,,,,,,,,
286200,968.5,0.000004,,,,,,,,
286300,968.9,0.000002,,,,,,,,
286400,969.2,0.000003,,,,,,,,
286500,969.5,0.000004,,,,,,,,
286600,969.8,0.000004,,,,,,,,
286700,970.1,0.000002,,,,,,,,
286800,970.4,0.000005,,,,,,,,
286900,970.8,0.000005,,,,,,,,
287000,971.1,0.000002,,,,,,,,
287100,971.4,0.000002,,,,,,,,
287200,971.7,0.000004,,,,,,,,
287300,972.0,0.000003,,,,,,,,
287400,972.3,0.000003,,,,,,,,
287500,972.7,0.000002,,,,,,,,
287600,973.0,0.000003,,,,,,,,
287700,973.3,0.000003,,,,,,,,
287800,973.6,0.000006,,,,,,,,
287900,973.9,0.000002,,,,,,,,
288000,974.2,0.000006,,,,,,,,
288100,974.6,0.000002,,,,,,,,
288200,974.9,0.000004,,,,,,,,
288300,975.2,0.000003,,,,,,,,
288400,975.5,0.000003,,,,,,,,
288500,975.8,0.000003,,,,,,,,
288600,976.1,0.000005,,,,,,,,
288700,976.5,0.000003,,,,,,,,
288800,976.8,0.000004,,,,,,,,
288900,977.1,0.000001,,,,,,,,
289000,977.4,0.000002,,,,,,,,
289100,977.7,0.000002,,,,,,,,
289200,978.0,0.000004,,,,,,,,
289300,978.4,0.000002,,,,,,,,
289400,978.7,0.000005,,,,,,,,
289500,979.0,0.000004,,,,,,,,
289600,979.3,0.000004,,,,,,,,
289700,979.6,0.000002,,,,,,,,
289800,979.9,0.000002,,,,,,,,
289900,980.3,0.000002,,,,,,,,
290000,981.7,0.000005,0.000007,1.816783e-01,1.269649e-02,1.044159e-02,0.000000,1.227017e-01,1.212614e-02,1.017183e-02
290100,982.0,0.000004,,,,,,,,
290200,982.3,0.000002,,,,,,,,
290300,982.6,0.000001,,,,,,,,
290400,983.0,0.000002,,,,,,,,
290500,983.3,0.000003,,,,,,,,
290600,983.6,0.000001,,,,,,,,
290700,983.9,0.000004,,,,,,,,
290800,984.2,0.000003,,,,,,,,
290900,984.5,0.000002,,,,,,,,
291000,984.9,0.000002,,,,,,,,
291100,985.2,0.000003,,,,,,,,
291200,985.5,0.000002,,,,,,,,
291300,985.8,0.000002,,,,,,,,
291400,986.1,0.000002,,,,,,,,
291500,986.5,0.000003,,,,,,,,
291600,986.8,0.000002,,,,,,,,
291700,987.1,0.000005,,,,,,,,
291800,987.4,0.000002,,,,,,,,
291900,987.7,0.000003,,,,,,,,
292000,988.0,0.000002,,,,,,,,
292100,988.3,0.000002,,,,,,,,
292200,988.7,0.000003,,,,,,,,
292300,989.0,0.000003,,,,,,,,
292400,989.3,0.000003,,,,,,,,
292500,989.6,0.000002,,,,,,,,
292600,989.9,0.000002,,,,,,,,
292700,990.2,0.000002,,,,,,,,
292800,990.6,0.000002,,,,,,,,
292900,990.9,0.000012,,,,,,,,
293000,991.2,0.000018,,,,,,,,
293100,991.5,0.000003,,,,,,,,
293200,991.8,0.000003,,,,,,,,
293300,992.2,0.000003,,,,,,,,
293400,992.5,0.000003,,,,,,,,
293500,992.8,0.000003,,,,,,,,
293600,993.1,0.000003,,,,,,,,
293700,993.4,0.000004,,,,,,,,
293800,993.7,0.000002,,,,,,,,
293900,994.1,0.000006,,,,,,,,
294000,994.4,0.000002,,,,,,,,
294100,994.7,0.000005,,,,,,,,
294200,995.0,0.000003,,,,,,,,
294300,995.3,0.000003,,,,,,,,
294400,995.6,0.000005,,,,,,,,
294500,996.0,0.000004,,,,,,,,
294600,996.3,0.000005,,,,,,,,
294700,996.6,0.000004,,,,,,,,
294800,996.9,0.000003,,,,,,,,
294900,997.2,0.000002,,,,,,,,
295000,998.7,0.000005,0.000003,1.035745e-01,8.360212e-03,6.728676e-03,0.000000,6.798667e-02,8.413328e-03,6.950618e-03
295100,999.0,0.000003,,,,,,,,
295200,999.3,0.000006,,,,,,,,
295300,999.6,0.000003,,,,,,,,
295400,999.9,0.000002,,,,,,,,
295500,1000.3,0.000006,,,,,,,,
295600,1000.6,0.000004,,,,,,,,
295700,1000.9,0.000004,,,,,,,,
295800,1001.2,0.000003,,,,,,,,
295900,1001.5,0.000002,,,,,,,,
296000,1001.8,0.000005,,,,,,,,
296100,1002.2,0.000003,,,,,,,,
296200,1002.5,0.000001,,,,,,,,
296300,1002.8,0.000003,,,,,,,,
296400,1003.1,0.000006,,,,,,,,
296500,1003.4,0.000003,,,,,,,,
296600,1003.7,0.000004,,,,,,,,
296700,1004.1,0.000003,,,,,,,,
296800,1004.4,0.000005,,,,,,,,
296900,1004.7,0.000004,,,,,,,,
297000,1005.0,0.000005,,,,,,,,
297100,1005.3,0.000002,,,,,,,,
297200,1005.6,0.000004,,,,,,,,
297300,1006.0,0.000002,,,,,,,,
297400,1006.3,0.000002,,,,,,,,
297500,1006.6,0.000002,,,,,,,,
297600,1006.9,0.000006,,,,,,,,
297700,1007.2,0.000005,,,,,,,,
297800,1007.5,0.000009,,,,,,,,
297900,1007.9,0.000004,,,,,,,,
298000,1008.2,0.000003,,,,,,,,
298100,1008.5,0.000003,,,,,,,,
298200,1008.8,0.000002,,,,,,,,
298300,1009.1,0.000002,,,,,,,,
298400,1009.5,0.000002,,,,,,,,
298500,1009.8,0.000003,,,,,,,,
298600,1010.1,0.000001,,,,,,,,
298700,1010.4,0.000002,,,,,,,,
298800,1010.7,0.000002,,,,,,,,
298900,1011.0,0.000002,,,,,,,,
299000,1011.4,0.000004,,,,,,,,
299100,1011.7,0.000004,,,,,,,,
299200,1012.0,0.000002,,,,,,,,
299300,1012.3,0.000002,,,,,,,,
299400,1012.6,0.000003,,,,,,,,
299500,1012.9,0.000004,,,,,,,,
299600,1013.3,0.000002,,,,,,,,
299700,1013.6,0.000002,,,,,,,,
299800,1013.9,0.000002,,,,,,,,
299900,1014.2,0.000002,,,,,,,,
300000,1015.7,0.000006,0.000004,2.427909e-01,1.055818e-02,9.778858e-03,0.000000,6.874288e-02,1.051848e-02,9.902369e-03
300100,1016.0,0.000003,,,,,,,,
300200,1016.3,0.000002,,,,,,,,
300300,1016.6,0.000002,,,,,,,,
300400,1016.9,0.000002,,,,,,,,
300500,1017.2,0.000003,,,,,,,,
300600,1017.5,0.000003,,,,,,,,
300700,1017.9,0.000003,,,,,,,,
300800,1018.2,0.000005,,,,,,,,
300900,1018.5,0.000002,,,,,,,,
301000,1018.8,0.000002,,,,,,,,
301100,1019.1,0.000001,,,,,,,,
301200,1019.4,0.000004,,,,,,,,
301300,1019.8,0.000004,,,,,,,,
301400,1020.1,0.000002,,,,,,,,
301500,1020.4,0.000003,,,,,,,,
301600,1020.7,0.000003,,,,,,,,
301700,1021.0,0.000002,,,,,,,,
301800,1021.3,0.000003,,,,,,,,
301900,1021.7,0.000004,,,,,,,,
302000,1022.0,0.000004,,,,,,,,
302100,1022.3,0.000007,,,,,,,,
302200,1022.6,0.000003,,,,,,,,
302300,1022.9,0.000002,,,,,,,,
302400,1023.2,0.000003,,,,,,,,
302500,1023.6,0.000003,,,,,,,,
302600,1023.9,0.000003,,,,,,,,
302700,1024.2,0.000002,,,,,,,,
302800,1024.5,0.000004,,,,,,,,
302900,1024.8,0.000004,,,,,,,,
303000,1025.1,0.000002,,,,,,,,
303100,1025.5,0.000003,,,,,,,,
303200,1025.8,0.000002,,,,,,,,
303300,1026.1,0.000001,,,,,,,,
303400,1026.4,0.000006,,,,,,,,
303500,1026.7,0.000002,,,,,,,,
303600,1027.0,0.000004,,,,,,,,
303700,1027.4,0.000002,,,,,,,,
303800,1027.7,0.000005,,,,,,,,
303900,1028.0,0.000004,,,,,,,,
304000,1028.3,0.000003,,,,,,,,
304100,1028.6,0.000007,,,,,,,,
304200,1028.9,0.000003,,,,,,,,
304300,1029.3,0.000003,,,,,,,,
304400,1029.6,0.000001,,,,,,,,
304500,1029.9,0.000010,,,,,,,,
304600,1030.2,0.000002,,,,,,,,
304700,1030.5,0.000004,,,,,,,,
304800,1030.8,0.000004,,,,,,,,
304900,1031.2,0.000003,,,,,,,,
305000,1032.6,0.000002,0.000001,1.138151e-01,5.101988e-03,3.782949e-03,0.000000,6.493802e-02,4.940739e-03,3.750755e-03
305100,1032.9,0.000004,,,,,,,,
305200,1033.2,0.000003,,,,,,,,
305300,1033.6,0.000002,,,,,,,,
305400,1033.9,0.000003,,,,,,,,
305500,1034.2,0.000003,,,,,,,,
305600,1034.5,0.000002,,,,,,,,
305700,1034.8,0.000004,,,,,,,,
305800,1035.1,0.000003,,,,,,,,
305900,1035.5,0.000002,,,,,,,,
306000,1035.8,0.000002,,,,,,,,
306100,1036.1,0.000007,,,,,,,,
306200,1036.4,0.000003,,,,,,,,
306300,1036.7,0.000002,,,,,,,,
306400,1037.0,0.000003,,,,,,,,
306500,1037.4,0.000003,,,,,,,,
306600,1037.7,0.000005,,,,,,,,
306700,1038.0,0.000006,,,,,,,,
306800,1038.3,0.000002,,,,,,,,
306900,1038.6,0.000002,,,,,,,,
307000,1038.9,0.000002,,,,,,,,
307100,1039.3,0.000002,,,,,,,,
307200,1039.6,0.000002,,,,,,,,
307300,1039.9,0.000002,,,,,,,,
307400,1040.2,0.000002,,,,,,,,
307500,1040.5,0.000002,,,,,,,,
307600,1040.8,0.000004,,,,,,,,
307700,1041.2,0.000002,,,,,,,,
307800,1041.5,0.000003,,,,,,,,
307900,1041.8,0.000004,,,,,,,,
308000,1042.1,0.000002,,,,,,,,
308100,1042.4,0.000005,,,,,,,,
308200,1042.7,0.000004,,,,,,,,
308300,1043.1,0.000003,,,,,,,,
308400,1043.4,0.000003,,,,,,,,
308500,1043.7,0.000004,,,,,,,,
308600,1044.0,0.000003,,,,,,,,
308700,1044.3,0.000002,,,,,,,,
308800,1044.7,0.000003,,,,,,,,
308900,1045.0,0.000003,,,,,,,,
309000,1045.3,0.000003,,,,,,,,
309100,1045.6,0.000003,,,,,,,,
309200,1045.9,0.000002,,,,,,,,
309300,1046.2,0.000007,,,,,,,,
309400,1046.6,0.000002,,,,,,,,
309500,1046.9,0.000004,,,,,,,,
309600,1047.2,0.000002,,,,,,,,
309700,1047.5,0.000002,,,,,,,,
309800,1047.8,0.000002,,,,,,,,
309900,1048.1,0.000001,,,,,,,,
310000,1049.6,0.000002,0.000002,1.223519e-01,6.415787e-03,5.056351e-03,0.000000,8.670149e-02,6.076181e-03,4.899077e-03
310100,1049.9,0.000003,,,,,,,,
310200,1050.2,0.000004,,,,,,,,
310300,1050.5,0.000004,,,,,,,,
310400,1050.8,0.000002,,,,,,,,
310500,1051.2,0.000002,,,,,,,,
310600,1051.5,0.000002,,,,,,,,
310700,1051.8,0.000004,,,,,,,,
310800,1052.1,0.000001,,,,,,,,
310900,1052.4,0.000003,,,,,,,,
311000,1052.7,0.000002,,,,,,,,
311100,1053.1,0.000002,,,,,,,,
311200,1053.4,0.000002,,,,,,,,
311300,1053.7,0.000005,,,,,,,,
311400,1054.0,0.000003,,,,,,,,
311500,1054.3,0.000002,,,,,,,,
311600,1054.6,0.000002,,,,,,,,
311700,1055.0,0.000004,,,,,,,,
311800,1055.3,0.000003,,,,,,,,
311900,1055.6,0.000002,,,,,,,,
312000,1055.9,0.000003,,,,,,,,
312100,1056.2,0.000002,,,,,,,,
312200,1056.5,0.000003,,,,,,,,
312300,1056.9,0.000004,,,,,,,,
312400,1057.2,0.000004,,,,,,,,
312500,1057.5,0.000004,,,,,,,,
312600,1057.8,0.000002,,,,,,,,
312700,1058.1,0.000006,,,,,,,,
312800,1058.4,0.000003,,,,,,,,
312900,1058.8,0.000002,,,,,,,,
313000,1059.1,0.000001,,,,,,,,
313100,1059.4,0.000003,,,,,,,,
313200,1059.7,0.000002,,,,,,,,
313300,1060.0,0.000007,,,,,,,,
313400,1060.3,0.000001,,,,,,,,
313500,1060.7,0.000003,,,,,,,,
313600,1061.0,0.000002,,,,,,,,
313700,1061.3,0.000004,,,,,,,,
313800,1061.6,0.000002,,,,,,,,
313900,1061.9,0.000002,,,,,,,,
314000,1062.2,0.000002,,,,,,,,
314100,1062.6,0.000003,,,,,,,,
314200,1062.9,0.000003,,,,,,,,
314300,1063.2,0.000002,,,,,,,,
314400,1063.5,0.000002,,,,,,,,
314500,1063.8,0.000004,,,,,,,,
314600,1064.1,0.000002,,,,,,,,
314700,1064.4,0.000001,,,,,,,,
314800,1064.8,0.000005,,,,,,,,
314900,1065.1,0.000002,,,,,,,,
315000,1066.5,0.000006,0.000004,1.622677e-01,9.745141e-03,8.371490e-03,0.000000,1.373066e-01,9.553895e-03,8.348949e-03
315100,1066.8,0.000002,,,,,,,,
315200,1067.1,0.000003,,,,,,,,
315300,1067.5,0.000003,,,,,,,,
315400,1067.8,0.000002,,,,,,,,
315500,1068.1,0.000002,,,,,,,,
315600,1068.4,0.000002,,,,,,,,
315700,1068.7,0.000002,,,,,,,,
315800,1069.1,0.000003,,,,,,,,
315900,1069.4,0.000002,,,,,,,,
316000,1069.7,0.000002,,,,,,,,
316100,1070.0,0.000001,,,,,,,,
316200,1070.3,0.000004,,,,,,,,
316300,1070.6,0.000003,,,,,,,,
316400,1071.0,0.000004,,,,,,,,
316500,1071.3,0.000006,,,,,,,,
316600,1071.6,0.000002,,,,,,,,
316700,1071.9,0.000002,,,,,,,,
316800,1072.2,0.000004,,,,,,,,
316900,1072.5,0.000003,,,,,,,,
317000,1072.9,0.000004,,,,,,,,
317100,1073.2,0.000005,,,,,,,,
317200,1073.5,0.000005,,,,,,,,
317300,1073.8,0.000003,,,,,,,,
317400,1074.1,0.000004,,,,,,,,
317500,1074.4,0.000004,,,,,,,,
317600,1074.8,0.000003,,,,,,,,
317700,1075.1,0.000002,,,,,,,,
317800,1075.4,0.000005,,,,,,,,
317900,1075.7,0.000004,,,,,,,,
318000,1076.0,0.000002,,,,,,,,
318100,1076.3,0.000003,,,,,,,,
318200,1076.7,0.000002,,,,,,,,
318300,1077.0,0.000004,,,,,,,,
318400,1077.3,0.000003,,,,,,,,
318500,1077.6,0.000002,,,,,,,,
318600,1077.9,0.000003,,,,,,,,
318700,1078.2,0.000003,,,,,,,,
318800,1078.6,0.000001,,,,,,,,
318900,1078.9,0.000002,,,,,,,,
319000,1079.2,0.000003,,,,,,,,
319100,1079.5,0.000002,,,,,,,,
319200,1079.8,0.000002,,,,,,,,
319300,1080.1,0.000002,,,,,,,,
319400,1080.5,0.000002,,,,,,,,
319500,1080.8,0.000003,,,,,,,,
319600,1081.1,0.000003,,,,,,,,
319700,1081.4,0.000002,,,,,,,,
319800,1081.7,0.000003,,,,,,,,
319900,1082.0,0.000004,,,,,,,,
320000,1083.5,0.000002,0.000003,1.152120e-01,8.397672e-03,7.280079e-03,0.000000,1.148965e-01,8.438933e-03,7.474987e-03
320100,1083.8,0.000002,,,,,,,,
320200,1084.1,0.000002,,,,,,,,
320300,1084.4,0.000002,,,,,,,,
320400,1084.7,0.000003,,,,,,,,
320500,1085.0,0.000001,,,,,,,,
320600,1085.4,0.000003,,,,,,,,
320700,1085.7,0.000003,,,,,,,,
320800,1086.0,0.000003,,,,,,,,
320900,1086.3,0.000004,,,,,,,,
321000,1086.6,0.000004,,,,,,,,
321100,1086.9,0.000002,,,,,,,,
321200,1087.3,0.000002,,,,,,,,
321300,1087.6,0.000003,,,,,,,,
321400,1087.9,0.000004,,,,,,,,
321500,1088.2,0.000002,,,,,,,,
321600,1088.5,0.000003,,,,,,,,
321700,1088.8,0.000002,,,,,,,,
321800,1089.2,0.000004,,,,,,,,
321900,1089.5,0.000004,,,,,,,,
322000,1089.8,0.000002,,,,,,,,
322100,1090.1,0.000003,,,,,,,,
322200,1090.4,0.000003,,,,,,,,
322300,1090.7,0.000002,,,,,,,,
322400,1091.1,0.000003,,,,,,,,
322500,1091.4,0.000004,,,,,,,,
322600,1091.7,0.000002,,,,,,,,
322700,1092.0,0.000002,,,,,,,,
322800,1092.3,0.000002,,,,,,,,
322900,1092.6,0.000002,,,,,,,,
323000,1093.0,0.000002,,,,,,,,
323100,1093.3,0.000002,,,,,,,,
323200,1093.6,0.000002,,,,,,,,
323300,1093.9,0.000002,,,,,,,,
323400,1094.2,0.000003,,,,,,,,
323500,1094.5,0.000002,,,,,,,,
323600,1094.9,0.000002,,,,,,,,
323700,1095.2,0.000004,,,,,,,,
323800,1095.5,0.000002,,,,,,,,
323900,1095.8,0.000001,,,,,,,,
324000,1096.1,0.000008,,,,,,,,
324100,1096.4,0.000002,,,,,,,,
324200,1096.8,0.000002,,,,,,,,
324300,1097.1,0.000002,,,,,,,,
324400,1097.4,0.000004,,,,,,,,
324500,1097.7,0.000002,,,,,,,,
324600,1098.0,0.000002,,,,,,,,
324700,1098.3,0.000002,,,,,,,,
324800,1098.7,0.000002,,,,,,,,
324900,1099.0,0.000003,,,,,,,,
325000,1100.4,0.000003,0.000004,1.377724e-01,8.704304e-03,6.752636e-03,0.000000,1.181461e-01,8.330086e-03,6.622279e-03
325100,1100.7,0.000002,,,,,,,,
325200,1101.0,0.000002,,,,,,,,
325300,1101.4,0.000005,,,,,,,,
325400,1101.7,0.000002,,,,,,,,
325500,1102.0,0.000001,,,,,,,,
325600,1102.2,0.000003,,,,,,,,
325700,1102.5,0.000002,,,,,,,,
325800,1102.9,0.000003,,,,,,,,
325900,1103.2,0.000002,,,,,,,,
326000,1103.5,0.000009,,,,,,,,
326100,1103.8,0.000002,,,,,,,,
326200,1104.1,0.000003,,,,,,,,
326300,1104.4,0.000001,,,,,,,,
326400,1104.8,0.000005,,,,,,,,
326500,1105.1,0.000001,,,,,,,,
326600,1105.4,0.000006,,,,,,,,
326700,1105.7,0.000002,,,,,,,,
326800,1106.0,0.000005,,,,,,,,
326900,1106.3,0.000002,,,,,,,,
327000,1106.7,0.000003,,,,,,,,
327100,1107.0,0.000001,,,,,,,,
327200,1107.3,0.000002,,,,,,,,
327300,1107.6,0.000002,,,,,,,,
327400,1107.9,0.000007,,,,,,,,
327500,1108.2,0.000003,,,,,,,,
327600,1108.6,0.000004,,,,,,,,
327700,1108.9,0.000002,,,,,,,,
327800,1109.2,0.000001,,,,,,,,
327900,1109.5,0.000002,,,,,,,,
328000,1109.8,0.000002,,,,,,,,
328100,1110.1,0.000001,,,,,,,,
328200,1110.5,0.000004,,,,,,,,
328300,1110.8,0.000003,,,,,,,,
328400,1111.1,0.000002,,,,,,,,
328500,1111.4,0.000005,,,,,,,,
328600,1111.7,0.000002,,,,,,,,
328700,1112.0,0.000004,,,,,,,,
328800,1112.4,0.000002,,,,,,,,
328900,1112.7,0.000002,,,,,,,,
329000,1113.0,0.000002,,,,,,,,
329100,1113.3,0.000005,,,,,,,,
329200,1113.6,0.000004,,,,,,,,
329300,1113.9,0.000003,,,,,,,,
329400,1114.3,0.000002,,,,,,,,
329500,1114.6,0.000003,,,,,,,,
329600,1114.9,0.000003,,,,,,,,
329700,1115.2,0.000003,,,,,,,,
329800,1115.5,0.000002,,,,,,,,
329900,1115.8,0.000004,,,,,,,,
330000,1117.3,0.000006,0.000002,1.181624e-01,6.792987e-03,5.166891e-03,0.000000,6.246338e-02,6.577203e-03,5.017862e-03
330100,1117.6,0.000002,,,,,,,,
330200,1117.9,0.000001,,,,,,,,
330300,1118.2,0.000007,,,,,,,,
330400,1118.5,0.000002,,,,,,,,
330500,1118.8,0.000004,,,,,,,,
330600,1119.2,0.000003,,,,,,,,
330700,1119.5,0.000003,,,,,,,,
330800,1119.8,0.000002,,,,,,,,
330900,1120.1,0.000001,,,,,,,,
331000,1120.4,0.000001,,,,,,,,
331100,1120.7,0.000004,,,,,,,,
331200,1121.1,0.000005,,,,,,,,
331300,1121.4,0.000003,,,,,,,,
331400,1121.7,0.000002,,,,,,,,
331500,1122.0,0.000006,,,,,,,,
331600,1122.3,0.000003,,,,,,,,
331700,1122.7,0.000003,,,,,,,,
331800,1123.0,0.000003,,,,,,,,
331900,1123.3,0.000004,,,,,,,,
332000,1123.6,0.000002,,,,,,,,
332100,1123.9,0.000003,,,,,,,,
332200,1124.2,0.000003,,,,,,,,
332300,1124.5,0.000004,,,,,,,,
332400,1124.9,0.000004,,,,,,,,
332500,1125.2,0.000001,,,,,,,,
332600,1125.5,0.000003,,,,,,,,
332700,1125.8,0.000002,,,,,,,,
332800,1126.1,0.000004,,,,,,,,
332900,1126.4,0.000002,,,,,,,,
333000,1126.8,0.000003,,,,,,,,
333100,1127.1,0.000001,,,,,,,,
333200,1127.4,0.000002,,,,,,,,
333300,1127.7,0.000004,,,,,,,,
333400,1128.0,0.000005,,,,,,,,
333500,1128.3,0.000002,,,,,,,,
333600,1128.7,0.000002,,,,,,,,
333700,1129.0,0.000003,,,,,,,,
333800,1129.3,0.000002,,,,,,,,
333900,1129.6,0.000002,,,,,,,,
334000,1129.9,0.000002,,,,,,,,
334100,1130.2,0.000005,,,,,,,,
334200,1130.6,0.000004,,,,,,,,
334300,1130.9,0.000004,,,,,,,,
334400,1131.2,0.000004,,,,,,,,
334500,1131.5,0.000003,,,,,,,,
334600,1131.8,0.000002,,,,,,,,
334700,1132.1,0.000004,,,,,,,,
334800,1132.5,0.000002,,,,,,,,
334900,1132.8,0.000003,,,,,,,,
335000,1134.2,0.000002,0.000002,1.018284e-01,5.356551e-03,3.726655e-03,0.000000,8.296634e-02,5.238641e-03,3.683104e-03
335100,1134.5,0.000003,,,,,,,,
335200,1134.9,0.000003,,,,,,,,
335300,1135.2,0.000004,,,,,,,,
335400,1135.5,0.000004,,,,,,,,
335500,1135.8,0.000001,,,,,,,,
335600,1136.1,0.000001,,,,,,,,
335700,1136.5,0.000003,,,,,,,,
335800,1136.8,0.000002,,,,,,,,
335900,1137.1,0.000002,,,,,,,,
336000,1137.4,0.000003,,,,,,,,
336100,1137.7,0.000003,,,,,,,,
336200,1138.0,0.000001,,,,,,,,
336300,1138.3,0.000002,,,,,,,,
336400,1138.7,0.000004,,,,,,,,
336500,1139.0,0.000002,,,,,,,,
336600,1139.3,0.000004,,,,,,,,
336700,1139.6,0.000002,,,,,,,,
336800,1139.9,0.000003,,,,,,,,
336900,1140.2,0.000006,,,,,,,,
337000,1140.6,0.000002,,,,,,,,
337100,1140.9,0.000004,,,,,,,,
337200,1141.2,0.000003,,,,,,,,
337300,1141.5,0.000002,,,,,,,,
337400,1141.8,0.000005,,,,,,,,
337500,1142.1,0.000002,,,,,,,,
337600,1142.5,0.000003,,,,,,,,
337700,1142.8,0.000005,,,,,,,,
337800,1143.1,0.000005,,,,,,,,
337900,1143.4,0.000004,,,,,,,,
338000,1143.7,0.000002,,,,,,,,
338100,1144.0,0.000003,,,,,,,,
338200,1144.4,0.000004,,,,,,,,
338300,1144.7,0.000002,,,,,,,,
338400,1145.0,0.000002,,,,,,,,
338500,1145.3,0.000005,,,,,,,,
338600,1145.6,0.000002,,,,,,,,
338700,1145.9,0.000003,,,,,,,,
338800,1146.3,0.000002,,,,,,,,
338900,1146.6,0.000002,,,,,,,,
339000,1146.9,0.000003,,,,,,,,
339100,1147.2,0.000002,,,,,,,,
339200,1147.5,0.000002,,,,,,,,
339300,1147.8,0.000004,,,,,,,,
339400,1148.2,0.000002,,,,,,,,
339500,1148.5,0.000002,,,,,,,,
339600,1148.8,0.000001,,,,,,,,
339700,1149.1,0.000002,,,,,,,,
339800,1149.4,0.000002,,,,,,,,
339900,1149.7,0.000002,,,,,,,,
340000,1151.2,0.000002,0.000001,1.114388e-01,5.061459e-03,3.835421e-03,0.000000,6.809325e-02,4.797687e-03,3.683607e-03
340100,1151.5,0.000003,,,,,,,,
340200,1151.8,0.000005,,,,,,,,
340300,1152.1,0.000005,,,,,,,,
340400,1152.4,0.000003,,,,,,,,
340500,1152.8,0.000002,,,,,,,,
340600,1153.1,0.000002,,,,,,,,
340700,1153.4,0.000002,,,,,,,,
340800,1153.7,0.000002,,,,,,,,
340900,1154.0,0.000004,,,,,,,,
341000,1154.3,0.000004,,,,,,,,
341100,1154.7,0.000002,,,,,,,,
341200,1155.0,0.000003,,,,,,,,
341300,1155.3,0.000002,,,,,,,,
341400,1155.6,0.000010,,,,,,,,
341500,1155.9,0.000003,,,,,,,,
341600,1156.2,0.000001,,,,,,,,
341700,1156.5,0.000002,,,,,,,,
341800,1156.9,0.000006,,,,,,,,
341900,1157.2,0.000012,,,,,,,,
342000,1157.5,0.000002,,,,,,,,
342100,1157.8,0.000002,,,,,,,,
342200,1158.1,0.000002,,,,,,,,
342300,1158.4,0.000008,,,,,,,,
342400,1158.8,0.000004,,,,,,,,
342500,1159.1,0.000002,,,,,,,,
342600,1159.4,0.000002,,,,,,,,
342700,1159.7,0.000002,,,,,,,,
342800,1160.0,0.000004,,,,,,,,
342900,1160.4,0.000003,,,,,,,,
343000,1160.7,0.000002,,,,,,,,
343100,1161.0,0.000003,,,,,,,,
343200,1161.3,0.000002,,,,,,,,
343300,1161.6,0.000002,,,,,,,,
343400,1161.9,0.000001,,,,,,,,
343500,1162.3,0.000002,,,,,,,,
343600,1162.6,0.000004,,,,,,,,
343700,1162.9,0.000001,,,,,,,,
343800,1163.2,0.000002,,,,,,,,
343900,1163.5,0.000002,,,,,,,,
344000,1163.8,0.000003,,,,,,,,
344100,1164.2,0.000003,,,,,,,,
344200,1164.5,0.000003,,,,,,,,
344300,1164.8,0.000003,,,,,,,,
344400,1165.1,0.000002,,,,,,,,
344500,1165.4,0.000001,,,,,,,,
344600,1165.7,0.000002,,,,,,,,
344700,1166.1,0.000002,,,,,,,,
344800,1166.4,0.000003,,,,,,,,
344900,1166.7,0.000002,,,,,,,,
345000,1168.1,0.000002,0.000003,1.440175e-01,7.710462e-03,6.280776e-03,0.000000,1.179265e-01,7.534274e-03,6.265770e-03
345100,1168.4,0.000003,,,,,,,,
345200,1168.8,0.000001,,,,,,,,
345300,1169.1,0.000003,,,,,,,,
345400,1169.4,0.000002,,,,,,,,
345500,1169.7,0.000005,,,,,,,,
345600,1170.0,0.000004,,,,,,,,
345700,1170.3,0.000003,,,,,,,,
345800,1170.7,0.000007,,,,,,,,
345900,1171.0,0.000002,,,,,,,,
346000,1171.3,0.000002,,,,,,,,
346100,1171.6,0.000007,,,,,,,,
346200,1171.9,0.000001,,,,,,,,
346300,1172.2,0.000003,,,,,,,,
346400,1172.5,0.000002,,,,,,,,
346500,1172.9,0.000002,,,,,,,,
346600,1173.2,0.000004,,,,,,,,
346700,1173.5,0.000002,,,,,,,,
346800,1173.8,0.000005,,,,,,,,
346900,1174.1,0.000002,,,,,,,,
347000,1174.4,0.000003,,,,,,,,
347100,1174.8,0.000002,,,,,,,,
347200,1175.1,0.000002,,,,,,,,
347300,1175.4,0.000005,,,,,,,,
347400,1175.7,0.000006,,,,,,,,
347500,1176.0,0.000002,,,,,,,,
347600,1176.3,0.000008,,,,,,,,
347700,1176.7,0.000004,,,,,,,,
347800,1177.0,0.000002,,,,,,,,
347900,1177.3,0.000002,,,,,,,,
348000,1177.6,0.000009,,,,,,,,
348100,1177.9,0.000002,,,,,,,,
348200,1178.2,0.000004,,,,,,,,
348300,1178.6,0.000002,,,,,,,,
348400,1178.9,0.000002,,,,,,,,
348500,1179.2,0.000002,,,,,,,,
348600,1179.5,0.000002,,,,,,,,
348700,1179.8,0.000005,,,,,,,,
348800,1180.2,0.000002,,,,,,,,
348900,1180.5,0.000002,,,,,,,,
349000,1180.8,0.000003,,,,,,,,
349100,1181.1,0.000004,,,,,,,,
349200,1181.4,0.000003,,,,,,,,
349300,1181.7,0.000002,,,,,,,,
349400,1182.1,0.000005,,,,,,,,
349500,1182.4,0.000002,,,,,,,,
349600,1182.7,0.000001,,,,,,,,
349700,1183.0,0.000003,,,,,,,,
349800,1183.3,0.000004,,,,,,,,
349900,1183.6,0.000001,,,,,,,,
350000,1185.1,0.000002,0.000002,1.284430e-01,6.074045e-03,4.696650e-03,0.000000,8.583785e-02,5.804924e-03,4.571207e-03
350100,1185.4,0.000001,,,,,,,,
350200,1185.7,0.000002,,,,,,,,
350300,1186.0,0.000003,,,,,,,,
350400,1186.3,0.000008,,,,,,,,
350500,1186.6,0.000009,,,,,,,,
350600,1186.9,0.000003,,,,,,,,
350700,1187.3,0.000002,,,,,,,,
350800,1187.6,0.000004,,,,,,,,
350900,1187.9,0.000002,,,,,,,,
351000,1188.2,0.000002,,,,,,,,
351100,1188.5,0.000002,,,,,,,,
351200,1188.8,0.000004,,,,,,,,
351300,1189.2,0.000004,,,,,,,,
351400,1189.5,0.000002,,,,,,,,
351500,1189.8,0.000002,,,,,,,,
351600,1190.1,0.000002,,,,,,,,
351700,1190.4,0.000002,,,,,,,,
351800,1190.7,0.000002,,,,,,,,
351900,1191.1,0.000002,,,,,,,,
352000,1191.4,0.000002,,,,,,,,
352100,1191.7,0.000002,,,,,,,,
352200,1192.0,0.000007,,,,,,,,
352300,1192.3,0.000001,,,,,,,,
352400,1192.6,0.000002,,,,,,,,
352500,1193.0,0.000002,,,,,,,,
352600,1193.3,0.000003,,,,,,,,
352700,1193.6,0.000002,,,,,,,,
352800,1193.9,0.000003,,,,,,,,
352900,1194.2,0.000002,,,,,,,,
353000,1194.6,0.000002,,,,,,,,
353100,1194.9,0.000002,,,,,,,,
353200,1195.2,0.000002,,,,,,,,
353300,1195.5,0.000002,,,,,,,,
353400,1195.8,0.000003,,,,,,,,
353500,1196.1,0.000002,,,,,,,,
353600,1196.5,0.000002,,,,,,,,
353700,1196.8,0.000002,,,,,,,,
353800,1197.1,0.000003,,,,,,,,
353900,1197.4,0.000003,,,,,,,,
354000,1197.7,0.000003,,,,,,,,
354100,1198.0,0.000003,,,,,,,,
354200,1198.3,0.000003,,,,,,,,
354300,1198.7,0.000001,,,,,,,,
354400,1199.0,0.000002,,,,,,,,
354500,1199.3,0.000006,,,,,,,,
354600,1199.6,0.000003,,,,,,,,
354700,1199.9,0.000002,,,,,,,,
354800,1200.2,0.000004,,,,,,,,
354900,1200.6,0.000005,,,,,,,,
355000,1202.0,0.000002,0.000003,1.642799e-01,8.481060e-03,6.796993e-03,0.000000,7.551456e-02,8.202836e-03,6.749977e-03
355100,1202.3,0.000001,,,,,,,,
355200,1202.6,0.000002,,,,,,,,
355300,1202.9,0.000001,,,,,,,,
355400,1203.2,0.000002,,,,,,,,
355500,1203.5,0.000001,,,,,,,,
355600,1203.8,0.000004,,,,,,,,
355700,1204.1,0.000002,,,,,,,,
355800,1204.4,0.000001,,,,,,,,
355900,1204.7,0.000001,,,,,,,,
356000,1205.1,0.000003,,,,,,,,
356100,1205.4,0.000002,,,,,,,,
356200,1205.7,0.000006,,,,,,,,
356300,1206.0,0.000003,,,,,,,,
356400,1206.3,0.000002,,,,,,,,
356500,1206.6,0.000003,,,,,,,,
356600,1207.0,0.000003,,,,,,,,
356700,1207.3,0.000002,,,,,,,,
356800,1207.6,0.000002,,,,,,,,
356900,1207.9,0.000004,,,,,,,,
357000,1208.2,0.000002,,,,,,,,
357100,1208.5,0.000004,,,,,,,,
357200,1208.9,0.000002,,,,,,,,
357300,1209.2,0.000002,,,,,,,,
357400,1209.5,0.000002,,,,,,,,
357500,1209.8,0.000004,,,,,,,,
357600,1210.1,0.000001,,,,,,,,
357700,1210.4,0.000004,,,,,,,,
357800,1210.8,0.000003,,,,,,,,
357900,1211.1,0.000003,,,,,,,,
358000,1211.4,0.000003,,,,,,,,
358100,1211.7,0.000002,,,,,,,,
358200,1212.0,0.000001,,,,,,,,
358300,1212.3,0.000002,,,,,,,,
358400,1212.6,0.000002,,,,,,,,
358500,1213.0,0.000001,,,,,,,,
358600,1213.3,0.000003,,,,,,,,
358700,1213.6,0.000002,,,,,,,,
358800,1213.9,0.000003,,,,,,,,
358900,1214.2,0.000004,,,,,,,,
359000,1214.5,0.000003,,,,,,,,
359100,1214.9,0.000003,,,,,,,,
359200,1215.2,0.000004,,,,,,,,
359300,1215.5,0.000002,,,,,,,,
359400,1215.8,0.000002,,,,,,,,
359500,1216.1,0.000002,,,,,,,,
359600,1216.4,0.000001,,,,,,,,
359700,1216.7,0.000003,,,,,,,,
359800,1217.1,0.000002,,,,,,,,
359900,1217.4,0.000005,,,,,,,,
360000,1218.8,0.000003,0.000002,1.192949e-01,7.598585e-03,6.782716e-03,0.000000,7.681174e-02,7.428615e-03,6.701201e-03
360100,1219.1,0.000003,,,,,,,,
360200,1219.4,0.000001,,,,,,,,
360300,1219.8,0.000002,,,,,,,,
360400,1220.1,0.000001,,,,,,,,
360500,1220.4,0.000001,,,,,,,,
360600,1220.7,0.000004,,,,,,,,
360700,1221.0,0.000003,,,,,,,,
360800,1221.3,0.000002,,,,,,,,
360900,1221.7,0.000002,,,,,,,,
361000,1222.0,0.000002,,,,,,,,
361100,1222.3,0.000003,,,,,,,,
361200,1222.6,0.000001,,,,,,,,
361300,1222.9,0.000002,,,,,,,,
361400,1223.2,0.000002,,,,,,,,
361500,1223.6,0.000003,,,,,,,,
361600,1223.9,0.000002,,,,,,,,
361700,1224.2,0.000003,,,,,,,,
361800,1224.5,0.000002,,,,,,,,
361900,1224.8,0.000001,,,,,,,,
362000,1225.1,0.000002,,,,,,,,
362100,1225.5,0.000002,,,,,,,,
362200,1225.8,0.000004,,,,,,,,
362300,1226.1,0.000004,,,,,,,,
362400,1226.4,0.000002,,,,,,,,
362500,1226.7,0.000002,,,,,,,,
362600,1227.0,0.000002,,,,,,,,
362700,1227.3,0.000004,,,,,,,,
362800,1227.7,0.000002,,,,,,,,
362900,1228.0,0.000003,,,,,,,,
363000,1228.3,0.000002,,,,,,,,
363100,1228.6,0.000002,,,,,,,,
363200,1228.9,0.000001,,,,,,,,
363300,1229.2,0.000002,,,,,,,,
363400,1229.6,0.000002,,,,,,,,
363500,1229.9,0.000004,,,,,,,,
363600,1230.2,0.000002,,,,,,,,
363700,1230.5,0.000001,,,,,,,,
363800,1230.8,0.000001,,,,,,,,
363900,1231.1,0.000001,,,,,,,,
364000,1231.5,0.000002,,,,,,,,
364100,1231.8,0.000003,,,,,,,,
364200,1232.1,0.000002,,,,,,,,
364300,1232.4,0.000008,,,,,,,,
364400,1232.7,0.000002,,,,,,,,
364500,1233.0,0.000002,,,,,,,,
364600,1233.4,0.000007,,,,,,,,
364700,1233.7,0.000003,,,,,,,,
364800,1234.0,0.000003,,,,,,,,
364900,1234.3,0.000002,,,,,,,,
365000,1235.8,0.000002,0.000002,1.272123e-01,6.182880e-03,4.706935e-03,0.000000,1.165041e-01,5.940189e-03,4.585473e-03
365100,1236.1,0.000002,,,,,,,,
365200,1236.4,0.000002,,,,,,,,
365300,1236.7,0.000005,,,,,,,,
365400,1237.0,0.000002,,,,,,,,
365500,1237.3,0.000002,,,,,,,,
365600,1237.6,0.000003,,,,,,,,
365700,1238.0,0.000007,,,,,,,,
365800,1238.3,0.000003,,,,,,,,
365900,1238.6,0.000003,,,,,,,,
366000,1238.9,0.000007,,,,,,,,
366100,1239.2,0.000002,,,,,,,,
366200,1239.5,0.000001,,,,,,,,
366300,1239.8,0.000002,,,,,,,,
366400,1240.1,0.000002,,,,,,,,
366500,1240.4,0.000004,,,,,,,,
366600,1240.7,0.000003,,,,,,,,
366700,1241.0,0.000001,,,,,,,,
366800,1241.3,0.000002,,,,,,,,
366900,1241.7,0.000003,,,,,,,,
367000,1242.0,0.000004,,,,,,,,
367100,1242.3,0.000007,,,,,,,,
367200,1242.6,0.000006,,,,,,,,
367300,1242.9,0.000002,,,,,,,,
367400,1243.2,0.000002,,,,,,,,
367500,1243.6,0.000003,,,,,,,,
367600,1243.9,0.000006,,,,,,,,
367700,1244.2,0.000003,,,,,,,,
367800,1244.5,0.000003,,,,,,,,
367900,1244.8,0.000003,,,,,,,,
368000,1245.1,0.000002,,,,,,,,
368100,1245.5,0.000011,,,,,,,,
368200,1245.8,0.000003,,,,,,,,
368300,1246.1,0.000003,,,,,,,,
368400,1246.4,0.000002,,,,,,,,
368500,1246.7,0.000003,,,,,,,,
368600,1247.0,0.000002,,,,,,,,
368700,1247.4,0.000002,,,,,,,,
368800,1247.7,0.000002,,,,,,,,
368900,1248.0,0.000002,,,,,,,,
369000,1248.3,0.000002,,,,,,,,
369100,1248.6,0.000003,,,,,,,,
369200,1248.9,0.000003,,,,,,,,
369300,1249.3,0.000005,,,,,,,,
369400,1249.6,0.000003,,,,,,,,
369500,1249.9,0.000002,,,,,,,,
369600,1250.2,0.000003,,,,,,,,
369700,1250.5,0.000002,,,,,,,,
369800,1250.8,0.000003,,,,,,,,
369900,1251.1,0.000002,,,,,,,,
370000,1252.6,0.000010,0.000005,1.939680e-01,1.100135e-02,1.003532e-02,0.000000,1.882653e-01,1.076127e-02,9.911792e-03
370100,1252.9,0.000002,,,,,,,,
370200,1253.2,0.000002,,,,,,,,
370300,1253.5,0.000001,,,,,,,,
370400,1253.8,0.000001,,,,,,,,
370500,1254.2,0.000002,,,,,,,,
370600,1254.5,0.000002,,,,,,,,
370700,1254.8,0.000006,,,,,,,,
370800,1255.1,0.000004,,,,,,,,
370900,1255.4,0.000002,,,,,,,,
371000,1255.7,0.000003,,,,,,,,
371100,1256.1,0.000002,,,,,,,,
371200,1256.4,0.000002,,,,,,,,
371300,1256.7,0.000003,,,,,,,,
371400,1257.0,0.000001,,,,,,,,
371500,1257.3,0.000002,,,,,,,,
371600,1257.6,0.000002,,,,,,,,
371700,1258.0,0.000003,,,,,,,,
371800,1258.3,0.000002,,,,,,,,
371900,1258.6,0.000001,,,,,,,,
372000,1258.9,0.000001,,,,,,,,
372100,1259.2,0.000002,,,,,,,,
372200,1259.5,0.000004,,,,,,,,
372300,1259.9,0.000002,,,,,,,,
372400,1260.2,0.000002,,,,,,,,
372500,1260.5,0.000003,,,,,,,,
372600,1260.8,0.000004,,,,,,,,
372700,1261.1,0.000002,,,,,,,,
372800,1261.4,0.000002,,,,,,,,
372900,1261.8,0.000002,,,,,,,,
373000,1262.1,0.000001,,,,,,,,
373100,1262.4,0.000006,,,,,,,,
373200,1262.7,0.000002,,,,,,,,
373300,1263.0,0.000002,,,,,,,,
373400,1263.3,0.000001,,,,,,,,
373500,1263.7,0.000004,,,,,,,,
373600,1264.0,0.000002,,,,,,,,
373700,1264.3,0.000003,,,,,,,,
373800,1264.6,0.000002,,,,,,,,
373900,1264.9,0.000011,,,,,,,,
374000,1265.2,0.000002,,,,,,,,
374100,1265.6,0.000002,,,,,,,,
374200,1265.9,0.000005,,,,,,,,
374300,1266.2,0.000002,,,,,,,,
374400,1266.5,0.000003,,,,,,,,
374500,1266.8,0.000003,,,,,,,,
374600,1267.1,0.000001,,,,,,,,
374700,1267.4,0.000002,,,,,,,,
374800,1267.8,0.000001,,,,,,,,
374900,1268.1,0.000002,,,,,,,,
375000,1269.5,0.000006,0.000004,1.251233e-01,1.010444e-02,8.053523e-03,0.000000,8.460028e-02,1.002100e-02,7.987428e-03
375100,1269.8,0.000006,,,,,,,,
375200,1270.2,0.000002,,,,,,,,
375300,1270.5,0.000002,,,,,,,,
375400,1270.8,0.000005,,,,,,,,
375500,1271.1,0.000005,,,,,,,,
375600,1271.4,0.000007,,,,,,,,
375700,1271.7,0.000001,,,,,,,,
375800,1272.0,0.000007,,,,,,,,
375900,1272.4,0.000003,,,,,,,,
376000,1272.7,0.000003,,,,,,,,
376100,1273.0,0.000002,,,,,,,,
376200,1273.3,0.000002,,,,,,,,
376300,1273.6,0.000002,,,,,,,,
376400,1273.9,0.000006,,,,,,,,
376500,1274.3,0.000004,,,,,,,,
376600,1274.6,0.000003,,,,,,,,
376700,1274.9,0.000007,,,,,,,,
376800,1275.2,0.000002,,,,,,,,
376900,1275.5,0.000003,,,,,,,,
377000,1275.8,0.000003,,,,,,,,
377100,1276.2,0.000001,,,,,,,,
377200,1276.5,0.000002,,,,,,,,
377300,1276.8,0.000002,,,,,,,,
377400,1277.1,0.000007,,,,,,,,
377500,1277.4,0.000002,,,,,,,,
377600,1277.7,0.000002,,,,,,,,
377700,1278.0,0.000007,,,,,,,,
377800,1278.4,0.000008,,,,,,,,
377900,1278.7,0.000004,,,,,,,,
378000,1279.0,0.000003,,,,,,,,
378100,1279.3,0.000002,,,,,,,,
378200,1279.6,0.000003,,,,,,,,
378300,1279.9,0.000002,,,,,,,,
378400,1280.3,0.000003,,,,,,,,
378500,1280.6,0.000004,,,,,,,,
378600,1280.9,0.000002,,,,,,,,
378700,1281.2,0.000004,,,,,,,,
378800,1281.5,0.000001,,,,,,,,
378900,1281.8,0.000001,,,,,,,,
379000,1282.2,0.000003,,,,,,,,
379100,1282.5,0.000001,,,,,,,,
379200,1282.8,0.000001,,,,,,,,
379300,1283.1,0.000004,,,,,,,,
379400,1283.4,0.000002,,,,,,,,
379500,1283.7,0.000004,,,,,,,,
379600,1284.1,0.000001,,,,,,,,
379700,1284.4,0.000007,,,,,,,,
379800,1284.7,0.000005,,,,,,,,
379900,1285.0,0.000002,,,,,,,,
380000,1286.5,0.000002,0.000002,1.075376e-01,6.010115e-03,4.435499e-03,0.000000,1.024799e-01,5.948278e-03,4.426151e-03
380100,1286.8,0.000002,,,,,,,,
380200,1287.1,0.000004,,,,,,,,
380300,1287.4,0.000001,,,,,,,,
380400,1287.7,0.000003,,,,,,,,
380500,1288.0,0.000002,,,,,,,,
380600,1288.4,0.000003,,,,,,,,
380700,1288.7,0.000003,,,,,,,,
380800,1289.0,0.000004,,,,,,,,
380900,1289.3,0.000003,,,,,,,,
381000,1289.6,0.000011,,,,,,,,
381100,1289.9,0.000003,,,,,,,,
381200,1290.2,0.000005,,,,,,,,
381300,1290.6,0.000002,,,,,,,,
381400,1290.9,0.000002,,,,,,,,
381500,1291.2,0.000001,,,,,,,,
381600,1291.5,0.000002,,,,,,,,
381700,1291.8,0.000003,,,,,,,,
381800,1292.1,0.000002,,,,,,,,
381900,1292.5,0.000003,,,,,,,,
382000,1292.8,0.000001,,,,,,,,
382100,1293.1,0.000001,,,,,,,,
382200,1293.4,0.000001,,,,,,,,
382300,1293.7,0.000002,,,,,,,,
382400,1294.0,0.000003,,,,,,,,
382500,1294.4,0.000001,,,,,,,,
382600,1294.7,0.000002,,,,,,,,
382700,1295.0,0.000002,,,,,,,,
382800,1295.3,0.000009,,,,,,,,
382900,1295.6,0.000002,,,,,,,,
383000,1295.9,0.000002,,,,,,,,
383100,1296.3,0.000001,,,,,,,,
383200,1296.6,0.000002,,,,,,,,
383300,1296.9,0.000001,,,,,,,,
383400,1297.2,0.000002,,,,,,,,
383500,1297.5,0.000007,,,,,,,,
383600,1297.8,0.000003,,,,,,,,
383700,1298.2,0.000002,,,,,,,,
383800,1298.5,0.000002,,,,,,,,
383900,1298.8,0.000003,,,,,,,,
384000,1299.1,0.000002,,,,,,,,
384100,1299.4,0.000003,,,,,,,,
384200,1299.7,0.000004,,,,,,,,
384300,1300.0,0.000003,,,,,,,,
384400,1300.4,0.000002,,,,,,,,
384500,1300.7,0.000002,,,,,,,,
384600,1301.0,0.000002,,,,,,,,
384700,1301.3,0.000002,,,,,,,,
384800,1301.6,0.000001,,,,,,,,
384900,1301.9,0.000002,,,,,,,,
385000,1303.4,0.000002,0.000002,9.378317e-02,6.678350e-03,5.628087e-03,0.000000,8.188177e-02,6.674928e-03,5.702243e-03
385100,1303.7,0.000003,,,,,,,,
385200,1304.0,0.000001,,,,,,,,
385300,1304.3,0.000001,,,,,,,,
385400,1304.7,0.000002,,,,,,,,
385500,1305.0,0.000002,,,,,,,,
385600,1305.3,0.000002,,,,,,,,
385700,1305.6,0.000003,,,,,,,,
385800,1305.9,0.000002,,,,,,,,
385900,1306.2,0.000002,,,,,,,,
386000,1306.6,0.000004,,,,,,,,
386100,1306.9,0.000003,,,,,,,,
386200,1307.2,0.000001,,,,,,,,
386300,1307.5,0.000001,,,,,,,,
386400,1307.8,0.000002,,,,,,,,
386500,1308.1,0.000002,,,,,,,,
386600,1308.5,0.000001,,,,,,,,
386700,1308.8,0.000005,,,,,,,,
386800,1309.1,0.000002,,,,,,,,
386900,1309.4,0.000002,,,,,,,,
387000,1309.7,0.000002,,,,,,,,
387100,1310.0,0.000002,,,,,,,,
387200,1310.4,0.000002,,,,,,,,
387300,1310.6,0.000002,,,,,,,,
387400,1310.9,0.000002,,,,,,,,
387500,1311.2,0.000003,,,,,,,,
387600,1311.5,0.000003,,,,,,,,
387700,1311.9,0.000003,,,,,,,,
387800,1312.2,0.000002,,,,,,,,
387900,1312.5,0.000002,,,,,,,,
388000,1312.8,0.000003,,,,,,,,
388100,1313.1,0.000002,,,,,,,,
388200,1313.5,0.000002,,,,,,,,
388300,1313.8,0.000002,,,,,,,,
388400,1314.1,0.000001,,,,,,,,
388500,1314.4,0.000002,,,,,,,,
388600,1314.7,0.000003,,,,,,,,
388700,1315.0,0.000003,,,,,,,,
388800,1315.4,0.000004,,,,,,,,
388900,1315.6,0.000005,,,,,,,,
389000,1315.9,0.000003,,,,,,,,
389100,1316.2,0.000002,,,,,,,,
389200,1316.5,0.000003,,,,,,,,
389300,1316.9,0.000002,,,,,,,,
389400,1317.2,0.000001,,,,,,,,
389500,1317.5,0.000004,,,,,,,,
389600,1317.8,0.000003,,,,,,,,
389700,1318.1,0.000003,,,,,,,,
389800,1318.4,0.000002,,,,,,,,
389900,1318.8,0.000001,,,,,,,,
390000,1320.2,0.000001,0.000002,9.254212e-02,7.538168e-03,6.547508e-03,0.000000,9.254212e-02,7.584454e-03,6.692858e-03
390100,1320.5,0.000002,,,,,,,,
390200,1320.8,0.000004,,,,,,,,
390300,1321.1,0.000003,,,,,,,,
390400,1321.5,0.000003,,,,,,,,
390500,1321.8,0.000002,,,,,,,,
390600,1322.1,0.000003,,,,,,,,
390700,1322.4,0.000001,,,,,,,,
390800,1322.7,0.000003,,,,,,,,
390900,1323.0,0.000003,,,,,,,,
391000,1323.4,0.000002,,,,,,,,
391100,1323.7,0.000001,,,,,,,,
391200,1324.0,0.000004,,,,,,,,
391300,1324.3,0.000003,,,,,,,,
391400,1324.6,0.000002,,,,,,,,
391500,1325.0,0.000003,,,,,,,,
391600,1325.3,0.000001,,,,,,,,
391700,1325.6,0.000010,,,,,,,,
391800,1325.9,0.000006,,,,,,,,
391900,1326.2,0.000003,,,,,,,,
392000,1326.5,0.000002,,,,,,,,
392100,1326.9,0.000002,,,,,,,,
392200,1327.2,0.000005,,,,,,,,
392300,1327.5,0.000003,,,,,,,,
392400,1327.8,0.000001,,,,,,,,
392500,1328.1,0.000003,,,,,,,,
392600,1328.4,0.000003,,,,,,,,
392700,1328.8,0.000003,,,,,,,,
392800,1329.1,0.000002,,,,,,,,
392900,1329.4,0.000001,,,,,,,,
393000,1329.7,0.000001,,,,,,,,
393100,1330.0,0.000003,,,,,,,,
393200,1330.3,0.000003,,,,,,,,
393300,1330.7,0.000003,,,,,,,,
393400,1331.0,0.000001,,,,,,,,
393500,1331.3,0.000002,,,,,,,,
393600,1331.6,0.000005,,,,,,,,
393700,1331.9,0.000002,,,,,,,,
393800,1332.2,0.000003,,,,,,,,
393900,1332.5,0.000002,,,,,,,,
394000,1332.9,0.000002,,,,,,,,
394100,1333.2,0.000004,,,,,,,,
394200,1333.5,0.000001,,,,,,,,
394300,1333.8,0.000003,,,,,,,,
394400,1334.1,0.000004,,,,,,,,
394500,1334.4,0.000006,,,,,,,,
394600,1334.8,0.000003,,,,,,,,
394700,1335.1,0.000002,,,,,,,,
394800,1335.4,0.000002,,,,,,,,
394900,1335.7,0.000003,,,,,,,,
395000,1337.2,0.000002,0.000001,9.928111e-02,5.456377e-03,4.274945e-03,0.000000,7.404513e-02,5.272590e-03,4.134500e-03
395100,1337.4,0.000003,,,,,,,,
395200,1337.8,0.000008,,,,,,,,
395300,1338.1,0.000002,,,,,,,,
395400,1338.4,0.000002,,,,,,,,
395500,1338.7,0.000002,,,,,,,,
395600,1339.0,0.000002,,,,,,,,
395700,1339.3,0.000001,,,,,,,,
395800,1339.7,0.000004,,,,,,,,
395900,1340.0,0.000001,,,,,,,,
396000,1340.3,0.000002,,,,,,,,
396100,1340.6,0.000002,,,,,,,,
396200,1340.9,0.000003,,,,,,,,
396300,1341.2,0.000003,,,,,,,,
396400,1341.6,0.000003,,,,,,,,
396500,1341.9,0.000001,,,,,,,,
396600,1342.2,0.000002,,,,,,,,
396700,1342.5,0.000004,,,,,,,,
396800,1342.8,0.000002,,,,,,,,
396900,1343.1,0.000004,,,,,,,,
397000,1343.5,0.000001,,,,,,,,
397100,1343.8,0.000003,,,,,,,,
397200,1344.1,0.000005,,,,,,,,
397300,1344.4,0.000002,,,,,,,,
397400,1344.7,0.000001,,,,,,,,
397500,1345.0,0.000001,,,,,,,,
397600,1345.4,0.000001,,,,,,,,
397700,1345.7,0.000002,,,,,,,,
397800,1346.0,0.000004,,,,,,,,
397900,1346.3,0.000002,,,,,,,,
398000,1346.6,0.000004,,,,,,,,
398100,1346.9,0.000001,,,,,,,,
398200,1347.3,0.000002,,,,,,,,
398300,1347.6,0.000002,,,,,,,,
398400,1347.9,0.000002,,,,,,,,
398500,1348.2,0.000002,,,,,,,,
398600,1348.5,0.000002,,,,,,,,
398700,1348.8,0.000001,,,,,,,,
398800,1349.2,0.000002,,,,,,,,
398900,1349.5,0.000002,,,,,,,,
399000,1349.8,0.000001,,,,,,,,
399100,1350.1,0.000002,,,,,,,,
399200,1350.4,0.000002,,,,,,,,
399300,1350.7,0.000001,,,,,,,,
399400,1351.1,0.000001,,,,,,,,
399500,1351.4,0.000002,,,,,,,,
399600,1351.7,0.000003,,,,,,,,
399700,1352.0,0.000001,,,,,,,,
399800,1352.3,0.000002,,,,,,,,
399900,1352.6,0.000001,,,,,,,,
400000,1354.1,0.000002,0.000002,9.475423e-02,5.698546e-03,4.480825e-03,0.000000,8.678860e-02,5.453335e-03,4.349622e-03
400100,1354.4,0.000002,,,,,,,,
400200,1354.7,0.000003,,,,,,,,
400300,1355.0,0.000002,,,,,,,,
400400,1355.3,0.000001,,,,,,,,
400500,1355.7,0.000001,,,,,,,,
400600,1356.0,0.000006,,,,,,,,
400700,1356.3,0.000002,,,,,,,,
400800,1356.6,0.000002,,,,,,,,
400900,1356.9,0.000002,,,,,,,,
401000,1357.3,0.000001,,,,,,,,
401100,1357.6,0.000002,,,,,,,,
401200,1357.9,0.000001,,,,,,,,
401300,1358.2,0.000001,,,,,,,,
401400,1358.5,0.000002,,,,,,,,
401500,1358.8,0.000001,,,,,,,,
401600,1359.2,0.000001,,,,,,,,
401700,1359.5,0.000002,,,,,,,,
401800,1359.8,0.000001,,,,,,,,
401900,1360.1,0.000002,,,,,,,,
402000,1360.4,0.000004,,,,,,,,
402100,1360.7,0.000003,,,,,,,,
402200,1361.1,0.000003,,,,,,,,
402300,1361.4,0.000002,,,,,,,,
402400,1361.7,0.000001,,,,,,,,
402500,1362.0,0.000002,,,,,,,,
402600,1362.3,0.000002,,,,,,,,
402700,1362.6,0.000003,,,,,,,,
402800,1362.9,0.000003,,,,,,,,
402900,1363.3,0.000002,,,,,,,,
403000,1363.6,0.000001,,,,,,,,
403100,1363.9,0.000002,,,,,,,,
403200,1364.2,0.000002,,,,,,,,
403300,1364.5,0.000004,,,,,,,,
403400,1364.9,0.000005,,,,,,,,
403500,1365.2,0.000005,,,,,,,,
403600,1365.5,0.000003,,,,,,,,
403700,1365.8,0.000002,,,,,,,,
403800,1366.1,0.000002,,,,,,,,
403900,1366.4,0.000004,,,,,,,,
404000,1366.7,0.000002,,,,,,,,
404100,1367.1,0.000001,,,,,,,,
404200,1367.4,0.000002,,,,,,,,
404300,1367.7,0.000003,,,,,,,,
404400,1368.0,0.000002,,,,,,,,
404500,1368.3,0.000002,,,,,,,,
404600,1368.6,0.000002,,,,,,,,
404700,1369.0,0.000002,,,,,,,,
404800,1369.3,0.000002,,,,,,,,
404900,1369.6,0.000003,,,,,,,,
405000,1371.1,0.000003,0.000004,1.744410e-01,1.009183e-02,9.033054e-03,0.000000,6.076361e-02,9.631494e-03,8.727707e-03
405100,1371.4,0.000001,,,,,,,,
405200,1371.7,0.000003,,,,,,,,
405300,1372.0,0.000006,,,,,,,,
405400,1372.3,0.000002,,,,,,,,
405500,1372.6,0.000002,,,,,,,,
405600,1372.9,0.000002,,,,,,,,
405700,1373.3,0.000002,,,,,,,,
405800,1373.6,0.000001,,,,,,,,
405900,1373.9,0.000003,,,,,,,,
406000,1374.2,0.000003,,,,,,,,
406100,1374.5,0.000001,,,,,,,,
406200,1374.8,0.000012,,,,,,,,
406300,1375.2,0.000003,,,,,,,,
406400,1375.5,0.000002,,,,,,,,
406500,1375.8,0.000004,,,,,,,,
406600,1376.1,0.000003,,,,,,,,
406700,1376.4,0.000003,,,,,,,,
406800,1376.7,0.000003,,,,,,,,
406900,1377.1,0.000005,,,,,,,,
407000,1377.4,0.000003,,,,,,,,
407100,1377.7,0.000003,,,,,,,,
407200,1378.0,0.000003,,,,,,,,
407300,1378.3,0.000002,,,,,,,,
407400,1378.6,0.000002,,,,,,,,
407500,1379.0,0.000002,,,,,,,,
407600,1379.3,0.000001,,,,,,,,
407700,1379.6,0.000003,,,,,,,,
407800,1379.9,0.000003,,,,,,,,
407900,1380.2,0.000002,,,,,,,,
408000,1380.5,0.000001,,,,,,,,
408100,1380.9,0.000003,,,,,,,,
408200,1381.2,0.000002,,,,,,,,
408300,1381.5,0.000003,,,,,,,,
408400,1381.8,0.000003,,,,,,,,
408500,1382.1,0.000003,,,,,,,,
408600,1382.4,0.000002,,,,,,,,
408700,1382.8,0.000003,,,,,,,,
408800,1383.1,0.000001,,,,,,,,
408900,1383.4,0.000003,,,,,,,,
409000,1383.7,0.000002,,,,,,,,
409100,1384.0,0.000001,,,,,,,,
409200,1384.3,0.000005,,,,,,,,
409300,1384.7,0.000002,,,,,,,,
409400,1385.0,0.000004,,,,,,,,
409500,1385.3,0.000004,,,,,,,,
409600,1385.6,0.000002,,,,,,,,
409700,1385.9,0.000001,,,,,,,,
409800,1386.2,0.000003,,,,,,,,
409900,1386.6,0.000003,,,,,,,,
410000,1388.0,0.000003,0.000004,2.481064e-01,1.028675e-02,8.899880e-03,0.000000,6.942845e-02,9.811524e-03,8.528428e-03
410100,1388.3,0.000001,,,,,,,,
410200,1388.6,0.000002,,,,,,,,
410300,1388.9,0.000002,,,,,,,,
410400,1389.3,0.000002,,,,,,,,
410500,1389.6,0.000001,,,,,,,,
410600,1389.9,0.000002,,,,,,,,
410700,1390.2,0.000003,,,,,,,,
410800,1390.5,0.000003,,,,,,,,
410900,1390.8,0.000001,,,,,,,,
411000,1391.2,0.000002,,,,,,,,
411100,1391.5,0.000002,,,,,,,,
411200,1391.8,0.000003,,,,,,,,
411300,1392.1,0.000002,,,,,,,,
411400,1392.4,0.000002,,,,,,,,
411500,1392.7,0.000002,,,,,,,,
411600,1393.0,0.000002,,,,,,,,
411700,1393.4,0.000001,,,,,,,,
411800,1393.7,0.000001,,,,,,,,
411900,1394.0,0.000002,,,,,,,,
412000,1394.3,0.000001,,,,,,,,
412100,1394.6,0.000002,,,,,,,,
412200,1394.9,0.000003,,,,,,,,
412300,1395.3,0.000002,,,,,,,,
412400,1395.6,0.000001,,,,,,,,
412500,1395.9,0.000002,,,,,,,,
412600,1396.2,0.000004,,,,,,,,
412700,1396.5,0.000002,,,,,,,,
412800,1396.8,0.000005,,,,,,,,
412900,1397.2,0.000002,,,,,,,,
413000,1397.5,0.000003,,,,,,,,
413100,1397.8,0.000002,,,,,,,,
413200,1398.1,0.000002,,,,,,,,
413300,1398.4,0.000002,,,,,,,,
413400,1398.7,0.000002,,,,,,,,
413500,1399.1,0.000002,,,,,,,,
413600,1399.4,0.000001,,,,,,,,
413700,1399.7,0.000004,,,,,,,,
413800,1400.0,0.000001,,,,,,,,
413900,1400.3,0.000003,,,,,,,,
414000,1400.6,0.000003,,,,,,,,
414100,1401.0,0.000001,,,,,,,,
414200,1401.3,0.000001,,,,,,,,
414300,1401.6,0.000002,,,,,,,,
414400,1401.9,0.000004,,,,,,,,
414500,1402.2,0.000001,,,,,,,,
414600,1402.5,0.000002,,,,,,,,
414700,1402.9,0.000002,,,,,,,,
414800,1403.2,0.000003,,,,,,,,
414900,1403.5,0.000002,,,,,,,,
415000,1404.9,0.000002,0.000003,1.162538e-01,8.984574e-03,8.461373e-03,0.000000,5.180807e-02,8.873234e-03,8.454333e-03
415100,1405.2,0.000004,,,,,,,,
415200,1405.6,0.000004,,,,,,,,
415300,1405.9,0.000003,,,,,,,,
415400,1406.2,0.000004,,,,,,,,
415500,1406.5,0.000002,,,,,,,,
415600,1406.8,0.000002,,,,,,,,
415700,1407.1,0.000003,,,,,,,,
415800,1407.5,0.000003,,,,,,,,
415900,1407.8,0.000004,,,,,,,,
416000,1408.1,0.000003,,,,,,,,
416100,1408.4,0.000002,,,,,,,,
416200,1408.7,0.000011,,,,,,,,
416300,1409.0,0.000002,,,,,,,,
416400,1409.4,0.000001,,,,,,,,
416500,1409.7,0.000002,,,,,,,,
416600,1410.0,0.000001,,,,,,,,
416700,1410.3,0.000002,,,,,,,,
416800,1410.6,0.000002,,,,,,,,
416900,1410.9,0.000003,,,,,,,,
417000,1411.3,0.000003,,,,,,,,
417100,1411.6,0.000002,,,,,,,,
417200,1411.9,0.000006,,,,,,,,
417300,1412.2,0.000001,,,,,,,,
417400,1412.5,0.000001,,,,,,,,
417500,1412.8,0.000001,,,,,,,,
417600,1413.2,0.000001,,,,,,,,
417700,1413.5,0.000001,,,,,,,,
417800,1413.8,0.000002,,,,,,,,
417900,1414.1,0.000002,,,,,,,,
418000,1414.4,0.000004,,,,,,,,
418100,1414.7,0.000001,,,,,,,,
418200,1415.1,0.000001,,,,,,,,
418300,1415.4,0.000002,,,,,,,,
418400,1415.7,0.000010,,,,,,,,
418500,1416.0,0.000002,,,,,,,,
418600,1416.3,0.000002,,,,,,,,
418700,1416.6,0.000002,,,,,,,,
418800,1417.0,0.000001,,,,,,,,
418900,1417.3,0.000004,,,,,,,,
419000,1417.6,0.000001,,,,,,,,
419100,1417.9,0.000002,,,,,,,,
419200,1418.2,0.000002,,,,,,,,
419300,1418.5,0.000001,,,,,,,,
419400,1418.9,0.000002,,,,,,,,
419500,1419.2,0.000002,,,,,,,,
419600,1419.5,0.000002,,,,,,,,
419700,1419.8,0.000002,,,,,,,,
419800,1420.1,0.000002,,,,,,,,
419900,1420.4,0.000001,,,,,,,,
420000,1421.9,0.000002,0.000005,1.442509e-01,1.125854e-02,9.325843e-03,0.000000,1.298267e-01,1.142483e-02,9.776720e-03
420100,1422.2,0.000002,,,,,,,,
420200,1422.5,0.000002,,,,,,,,
420300,1422.8,0.000005,,,,,,,,
420400,1423.1,0.000002,,,,,,,,
420500,1423.5,0.000002,,,,,,,,
420600,1423.8,0.000001,,,,,,,,
420700,1424.1,0.000002,,,,,,,,
420800,1424.4,0.000002,,,,,,,,
420900,1424.7,0.000002,,,,,,,,
421000,1425.0,0.000002,,,,,,,,
421100,1425.4,0.000001,,,,,,,,
421200,1425.7,0.000002,,,,,,,,
421300,1426.0,0.000002,,,,,,,,
421400,1426.3,0.000003,,,,,,,,
421500,1426.6,0.000002,,,,,,,,
421600,1426.9,0.000003,,,,,,,,
421700,1427.3,0.000001,,,,,,,,
421800,1427.6,0.000002,,,,,,,,
421900,1427.9,0.000004,,,,,,,,
422000,1428.2,0.000003,,,,,,,,
422100,1428.5,0.000002,,,,,,,,
422200,1428.8,0.000003,,,,,,,,
422300,1429.1,0.000005,,,,,,,,
422400,1429.5,0.000002,,,,,,,,
422500,1429.8,0.000002,,,,,,,,
422600,1430.1,0.000001,,,,,,,,
422700,1430.4,0.000002,,,,,,,,
422800,1430.7,0.000001,,,,,,,,
422900,1431.0,0.000001,,,,,,,,
423000,1431.4,0.000001,,,,,,,,
423100,1431.7,0.000002,,,,,,,,
423200,1432.0,0.000002,,,,,,,,
423300,1432.3,0.000002,,,,,,,,
423400,1432.6,0.000003,,,,,,,,
423500,1432.9,0.000003,,,,,,,,
423600,1433.3,0.000003,,,,,,,,
423700,1433.6,0.000002,,,,,,,,
423800,1433.9,0.000004,,,,,,,,
423900,1434.2,0.000002,,,,,,,,
424000,1434.5,0.000003,,,,,,,,
424100,1434.8,0.000001,,,,,,,,
424200,1435.1,0.000002,,,,,,,,
424300,1435.4,0.000004,,,,,,,,
424400,1435.7,0.000002,,,,,,,,
424500,1436.0,0.000002,,,,,,,,
424600,1436.3,0.000002,,,,,,,,
424700,1436.7,0.000001,,,,,,,,
424800,1437.0,0.000002,,,,,,,,
424900,1437.3,0.000002,,,,,,,,
425000,1438.8,0.000002,0.000003,1.071618e-01,8.548394e-03,7.747534e-03,0.000000,1.059820e-01,8.543887e-03,7.879727e-03
425100,1439.0,0.000002,,,,,,,,
425200,1439.4,0.000001,,,,,,,,
425300,1439.7,0.000008,,,,,,,,
425400,1440.0,0.000002,,,,,,,,
425500,1440.3,0.000004,,,,,,,,
425600,1440.6,0.000001,,,,,,,,
425700,1440.9,0.000002,,,,,,,,
425800,1441.3,0.000002,,,,,,,,
425900,1441.6,0.000001,,,,,,,,
426000,1441.9,0.000003,,,,,,,,
426100,1442.2,0.000003,,,,,,,,
426200,1442.5,0.000002,,,,,,,,
426300,1442.8,0.000008,,,,,,,,
426400,1443.2,0.000003,,,,,,,,
426500,1443.5,0.000002,,,,,,,,
426600,1443.8,0.000005,,,,,,,,
426700,1444.1,0.000002,,,,,,,,
426800,1444.4,0.000004,,,,,,,,
426900,1444.7,0.000001,,,,,,,,
427000,1445.1,0.000003,,,,,,,,
427100,1445.4,0.000002,,,,,,,,
427200,1445.7,0.000005,,,,,,,,
427300,1446.0,0.000002,,,,,,,,
427400,1446.3,0.000003,,,,,,,,
427500,1446.6,0.000006,,,,,,,,
427600,1447.0,0.000002,,,,,,,,
427700,1447.3,0.000002,,,,,,,,
427800,1447.6,0.000003,,,,,,,,
427900,1447.9,0.000002,,,,,,,,
428000,1448.2,0.000003,,,,,,,,
428100,1448.5,0.000002,,,,,,,,
428200,1448.9,0.000004,,,,,,,,
428300,1449.2,0.000002,,,,,,,,
428400,1449.5,0.000001,,,,,,,,
428500,1449.8,0.000002,,,,,,,,
428600,1450.1,0.000001,,,,,,,,
428700,1450.4,0.000002,,,,,,,,
428800,1450.8,0.000002,,,,,,,,
428900,1451.1,0.000002,,,,,,,,
429000,1451.4,0.000004,,,,,,,,
429100,1451.7,0.000002,,,,,,,,
429200,1452.0,0.000002,,,,,,,,
429300,1452.3,0.000001,,,,,,,,
429400,1452.6,0.000009,,,,,,,,
429500,1453.0,0.000001,,,,,,,,
429600,1453.3,0.000002,,,,,,,,
429700,1453.6,0.000004,,,,,,,,
429800,1453.9,0.000002,,,,,,,,
429900,1454.2,0.000001,,,,,,,,
430000,1455.7,0.000001,0.000003,1.263678e-01,8.329962e-03,7.035280e-03,0.000000,1.090334e-01,8.150874e-03,7.003377e-03
430100,1456.0,0.000002,,,,,,,,
430200,1456.3,0.000001,,,,,,,,
430300,1456.6,0.000003,,,,,,,,
430400,1456.9,0.000001,,,,,,,,
430500,1457.3,0.000003,,,,,,,,
430600,1457.6,0.000004,,,,,,,,
430700,1457.9,0.000001,,,,,,,,
430800,1458.2,0.000006,,,,,,,,
430900,1458.5,0.000002,,,,,,,,
431000,1458.8,0.000004,,,,,,,,
431100,1459.2,0.000001,,,,,,,,
431200,1459.5,0.000002,,,,,,,,
431300,1459.8,0.000003,,,,,,,,
431400,1460.1,0.000002,,,,,,,,
431500,1460.4,0.000003,,,,,,,,
431600,1460.7,0.000002,,,,,,,,
431700,1461.1,0.000004,,,,,,,,
431800,1461.4,0.000002,,,,,,,,
431900,1461.7,0.000002,,,,,,,,
432000,1462.0,0.000002,,,,,,,,
432100,1462.3,0.000002,,,,,,,,
432200,1462.6,0.000002,,,,,,,,
432300,1463.0,0.000001,,,,,,,,
432400,1463.3,0.000001,,,,,,,,
432500,1463.6,0.000002,,,,,,,,
432600,1463.9,0.000003,,,,,,,,
432700,1464.2,0.000005,,,,,,,,
432800,1464.5,0.000002,,,,,,,,
432900,1464.9,0.000001,,,,,,,,
433000,1465.2,0.000001,,,,,,,,
433100,1465.5,0.000002,,,,,,,,
433200,1465.8,0.000002,,,,,,,,
433300,1466.1,0.000003,,,,,,,,
433400,1466.4,0.000002,,,,,,,,
433500,1466.8,0.000001,,,,,,,,
433600,1467.1,0.000003,,,,,,,,
433700,1467.4,0.000003,,,,,,,,
433800,1467.7,0.000003,,,,,,,,
433900,1468.0,0.000002,,,,,,,,
434000,1468.3,0.000002,,,,,,,,
434100,1468.7,0.000001,,,,,,,,
434200,1469.0,0.000001,,,,,,,,
434300,1469.3,0.000001,,,,,,,,
434400,1469.6,0.000004,,,,,,,,
434500,1469.9,0.000004,,,,,,,,
434600,1470.2,0.000001,,,,,,,,
434700,1470.6,0.000001,,,,,,,,
434800,1470.9,0.000001,,,,,,,,
434900,1471.2,0.000003,,,,,,,,
435000,1472.6,0.000002,0.000002,1.218544e-01,6.580795e-03,5.036848e-03,0.000000,1.128883e-01,6.341889e-03,4.877419e-03
435100,1472.9,0.000003,,,,,,,,
435200,1473.3,0.000001,,,,,,,,
435300,1473.6,0.000005,,,,,,,,
435400,1473.9,0.000005,,,,,,,,
435500,1474.2,0.000002,,,,,,,,
435600,1474.5,0.000002,,,,,,,,
435700,1474.8,0.000002,,,,,,,,
435800,1475.1,0.000002,,,,,,,,
435900,1475.5,0.000003,,,,,,,,
436000,1475.8,0.000002,,,,,,,,
436100,1476.1,0.000002,,,,,,,,
436200,1476.4,0.000002,,,,,,,,
436300,1476.7,0.000002,,,,,,,,
436400,1477.0,0.000001,,,,,,,,
436500,1477.4,0.000002,,,,,,,,
436600,1477.7,0.000001,,,,,,,,
436700,1478.0,0.000001,,,,,,,,
436800,1478.3,0.000002,,,,,,,,
436900,1478.6,0.000005,,,,,,,,
437000,1478.9,0.000001,,,,,,,,
437100,1479.3,0.000002,,,,,,,,
437200,1479.6,0.000003,,,,,,,,
437300,1479.9,0.000002,,,,,,,,
437400,1480.2,0.000004,,,,,,,,
437500,1480.5,0.000002,,,,,,,,
437600,1480.8,0.000002,,,,,,,,
437700,1481.2,0.000001,,,,,,,,
437800,1481.5,0.000003,,,,,,,,
437900,1481.8,0.000002,,,,,,,,
438000,1482.1,0.000004,,,,,,,,
438100,1482.4,0.000003,,,,,,,,
438200,1482.7,0.000002,,,,,,,,
438300,1483.1,0.000003,,,,,,,,
438400,1483.4,0.000001,,,,,,,,
438500,1483.7,0.000002,,,,,,,,
438600,1484.0,0.000003,,,,,,,,
438700,1484.3,0.000003,,,,,,,,
438800,1484.6,0.000002,,,,,,,,
438900,1484.9,0.000005,,,,,,,,
439000,1485.3,0.000004,,,,,,,,
439100,1485.6,0.000001,,,,,,,,
439200,1485.9,0.000002,,,,,,,,
439300,1486.2,0.000003,,,,,,,,
439400,1486.5,0.000002,,,,,,,,
439500,1486.8,0.000002,,,,,,,,
439600,1487.2,0.000002,,,,,,,,
439700,1487.5,0.000001,,,,,,,,
439800,1487.8,0.000003,,,,,,,,
439900,1488.1,0.000003,,,,,,,,
440000,1489.6,0.000003,0.000001,9.457973e-02,4.941001e-03,3.749871e-03,0.000000,7.625193e-02,4.716116e-03,3.665206e-03
440100,1489.8,0.000002,,,,,,,,
440200,1490.2,0.000001,,,,,,,,
440300,1490.5,0.000004,,,,,,,,
440400,1490.8,0.000001,,,,,,,,
440500,1491.1,0.000001,,,,,,,,
440600,1491.4,0.000003,,,,,,,,
440700,1491.7,0.000002,,,,,,,,
440800,1492.1,0.000002,,,,,,,,
440900,1492.4,0.000002,,,,,,,,
441000,1492.7,0.000001,,,,,,,,
441100,1493.0,0.000004,,,,,,,,
441200,1493.3,0.000003,,,,,,,,
441300,1493.6,0.000002,,,,,,,,
441400,1494.0,0.000007,,,,,,,,
441500,1494.3,0.000002,,,,,,,,
441600,1494.6,0.000003,,,,,,,,
441700,1494.9,0.000002,,,,,,,,
441800,1495.2,0.000002,,,,,,,,
441900,1495.5,0.000002,,,,,,,,
442000,1495.9,0.000007,,,,,,,,
442100,1496.2,0.000002,,,,,,,,
442200,1496.5,0.000002,,,,,,,,
442300,1496.8,0.000001,,,,,,,,
442400,1497.1,0.000002,,,,,,,,
442500,1497.4,0.000002,,,,,,,,
442600,1497.8,0.000003,,,,,,,,
442700,1498.1,0.000001,,,,,,,,
442800,1498.4,0.000001,,,,,,,,
442900,1498.7,0.000002,,,,,,,,
443000,1499.0,0.000002,,,,,,,,
443100,1499.3,0.000002,,,,,,,,
443200,1499.6,0.000001,,,,,,,,
443300,1500.0,0.000001,,,,,,,,
443400,1500.3,0.000003,,,,,,,,
443500,1500.6,0.000003,,,,,,,,
443600,1500.9,0.000001,,,,,,,,
443700,1501.2,0.000001,,,,,,,,
443800,1501.5,0.000001,,,,,,,,
443900,1501.9,0.000005,,,,,,,,
444000,1502.2,0.000001,,,,,,,,
444100,1502.5,0.000002,,,,,,,,
444200,1502.8,0.000003,,,,,,,,
444300,1503.1,0.000002,,,,,,,,
444400,1503.4,0.000002,,,,,,,,
444500,1503.8,0.000003,,,,,,,,
444600,1504.1,0.000003,,,,,,,,
444700,1504.4,0.000002,,,,,,,,
444800,1504.7,0.000005,,,,,,,,
444900,1505.0,0.000002,,,,,,,,
445000,1506.5,0.000002,0.000002,1.573262e-01,6.525510e-03,5.338076e-03,0.000000,1.003304e-01,6.292028e-03,5.233905e-03
445100,1506.8,0.000001,,,,,,,,
445200,1507.1,0.000001,,,,,,,,
445300,1507.4,0.000002,,,,,,,,
445400,1507.7,0.000002,,,,,,,,
445500,1508.1,0.000002,,,,,,,,
445600,1508.4,0.000001,,,,,,,,
445700,1508.7,0.000004,,,,,,,,
445800,1509.0,0.000003,,,,,,,,
445900,1509.3,0.000001,,,,,,,,
446000,1509.6,0.000002,,,,,,,,
446100,1509.9,0.000002,,,,,,,,
446200,1510.3,0.000001,,,,,,,,
446300,1510.6,0.000002,,,,,,,,
446400,1510.9,0.000001,,,,,,,,
446500,1511.2,0.000006,,,,,,,,
446600,1511.5,0.000002,,,,,,,,
446700,1511.8,0.000001,,,,,,,,
446800,1512.2,0.000002,,,,,,,,
446900,1512.5,0.000001,,,,,,,,
447000,1512.8,0.000001,,,,,,,,
447100,1513.0,0.000002,,,,,,,,
447200,1513.3,0.000003,,,,,,,,
447300,1513.6,0.000002,,,,,,,,
447400,1514.0,0.000002,,,,,,,,
447500,1514.3,0.000001,,,,,,,,
447600,1514.6,0.000002,,,,,,,,
447700,1514.9,0.000004,,,,,,,,
447800,1515.2,0.000002,,,,,,,,
447900,1515.5,0.000002,,,,,,,,
448000,1515.9,0.000004,,,,,,,,
448100,1516.2,0.000001,,,,,,,,
448200,1516.5,0.000003,,,,,,,,
448300,1516.8,0.000003,,,,,,,,
448400,1517.1,0.000002,,,,,,,,
448500,1517.4,0.000001,,,,,,,,
448600,1517.7,0.000001,,,,,,,,
448700,1518.1,0.000006,,,,,,,,
448800,1518.4,0.000001,,,,,,,,
448900,1518.7,0.000003,,,,,,,,
449000,1519.0,0.000001,,,,,,,,
449100,1519.3,0.000002,,,,,,,,
449200,1519.6,0.000002,,,,,,,,
449300,1520.0,0.000002,,,,,,,,
449400,1520.3,0.000002,,,,,,,,
449500,1520.6,0.000003,,,,,,,,
449600,1520.9,0.000002,,,,,,,,
449700,1521.2,0.000002,,,,,,,,
449800,1521.5,0.000002,,,,,,,,
449900,1521.9,0.000001,,,,,,,,
450000,1523.3,0.000002,0.000001,9.623171e-02,5.219196e-03,3.819964e-03,0.000000,7.764334e-02,5.003742e-03,3.707560e-03
450100,1523.6,0.000002,,,,,,,,
450200,1523.9,0.000003,,,,,,,,
450300,1524.2,0.000002,,,,,,,,
450400,1524.5,0.000002,,,,,,,,
450500,1524.9,0.000002,,,,,,,,
450600,1525.2,0.000002,,,,,,,,
450700,1525.5,0.000001,,,,,,,,
450800,1525.8,0.000002,,,,,,,,
450900,1526.1,0.000001,,,,,,,,
451000,1526.4,0.000001,,,,,,,,
451100,1526.8,0.000002,,,,,,,,
451200,1527.1,0.000006,,,,,,,,
451300,1527.4,0.000001,,,,,,,,
451400,1527.7,0.000001,,,,,,,,
451500,1528.0,0.000005,,,,,,,,
451600,1528.3,0.000002,,,,,,,,
451700,1528.7,0.000003,,,,,,,,
451800,1529.0,0.000001,,,,,,,,
451900,1529.3,0.000003,,,,,,,,
452000,1529.6,0.000001,,,,,,,,
452100,1529.9,0.000002,,,,,,,,
452200,1530.2,0.000001,,,,,,,,
452300,1530.6,0.000003,,,,,,,,
452400,1530.9,0.000004,,,,,,,,
452500,1531.2,0.000001,,,,,,,,
452600,1531.5,0.000003,,,,,,,,
452700,1531.8,0.000003,,,,,,,,
452800,1532.1,0.000001,,,,,,,,
452900,1532.5,0.000002,,,,,,,,
453000,1532.8,0.000001,,,,,,,,
453100,1533.1,0.000001,,,,,,,,
453200,1533.4,0.000002,,,,,,,,
453300,1533.7,0.000002,,,,,,,,
453400,1534.0,0.000001,,,,,,,,
453500,1534.4,0.000002,,,,,,,,
453600,1534.7,0.000001,,,,,,,,
453700,1535.0,0.000001,,,,,,,,
453800,1535.3,0.000002,,,,,,,,
453900,1535.6,0.000002,,,,,,,,
454000,1535.9,0.000001,,,,,,,,
454100,1536.3,0.000001,,,,,,,,
454200,1536.6,0.000001,,,,,,,,
454300,1536.9,0.000002,,,,,,,,
454400,1537.2,0.000002,,,,,,,,
454500,1537.5,0.000004,,,,,,,,
454600,1537.8,0.000002,,,,,,,,
454700,1538.2,0.000002,,,,,,,,
454800,1538.5,0.000003,,,,,,,,
454900,1538.8,0.000001,,,,,,,,
455000,1540.3,0.000002,0.000003,1.912448e-01,7.439461e-03,5.712062e-03,0.000000,1.161430e-01,7.388817e-03,5.718865e-03
455100,1540.6,0.000003,,,,,,,,
455200,1540.9,0.000001,,,,,,,,
455300,1541.2,0.000004,,,,,,,,
455400,1541.5,0.000003,,,,,,,,
455500,1541.8,0.000001,,,,,,,,
455600,1542.1,0.000001,,,,,,,,
455700,1542.5,0.000002,,,,,,,,
455800,1542.8,0.000003,,,,,,,,
455900,1543.1,0.000002,,,,,,,,
456000,1543.4,0.000002,,,,,,,,
456100,1543.7,0.000004,,,,,,,,
456200,1544.0,0.000003,,,,,,,,
456300,1544.3,0.000002,,,,,,,,
456400,1544.7,0.000003,,,,,,,,
456500,1545.0,0.000002,,,,,,,,
456600,1545.3,0.000005,,,,,,,,
456700,1545.6,0.000002,,,,,,,,
456800,1545.9,0.000002,,,,,,,,
456900,1546.2,0.000001,,,,,,,,
457000,1546.6,0.000006,,,,,,,,
457100,1546.9,0.000001,,,,,,,,
457200,1547.2,0.000001,,,,,,,,
457300,1547.5,0.000001,,,,,,,,
457400,1547.8,0.000006,,,,,,,,
457500,1548.2,0.000002,,,,,,,,
457600,1548.5,0.000002,,,,,,,,
457700,1548.8,0.000002,,,,,,,,
457800,1549.1,0.000004,,,,,,,,
457900,1549.4,0.000003,,,,,,,,
458000,1549.7,0.000001,,,,,,,,
458100,1550.1,0.000003,,,,,,,,
458200,1550.4,0.000002,,,,,,,,
458300,1550.7,0.000001,,,,,,,,
458400,1551.0,0.000002,,,,,,,,
458500,1551.3,0.000003,,,,,,,,
458600,1551.6,0.000001,,,,,,,,
458700,1552.0,0.000001,,,,,,,,
458800,1552.3,0.000004,,,,,,,,
458900,1552.6,0.000001,,,,,,,,
459000,1552.9,0.000001,,,,,,,,
459100,1553.2,0.000002,,,,,,,,
459200,1553.5,0.000002,,,,,,,,
459300,1553.9,0.000002,,,,,,,,
459400,1554.2,0.000001,,,,,,,,
459500,1554.5,0.000004,,,,,,,,
459600,1554.8,0.000002,,,,,,,,
459700,1555.1,0.000003,,,,,,,,
459800,1555.4,0.000001,,,,,,,,
459900,1555.8,0.000005,,,,,,,,
460000,1557.2,0.000002,0.000001,1.231594e-01,5.164162e-03,3.977069e-03,0.000000,1.033762e-01,4.911744e-03,3.852682e-03
460100,1557.5,0.000002,,,,,,,,
460200,1557.8,0.000001,,,,,,,,
460300,1558.1,0.000001,,,,,,,,
460400,1558.5,0.000003,,,,,,,,
460500,1558.8,0.000002,,,,,,,,
460600,1559.1,0.000002,,,,,,,,
460700,1559.4,0.000002,,,,,,,,
460800,1559.7,0.000001,,,,,,,,
460900,1560.0,0.000001,,,,,,,,
461000,1560.4,0.000001,,,,,,,,
461100,1560.7,0.000001,,,,,,,,
461200,1561.0,0.000002,,,,,,,,
461300,1561.3,0.000006,,,,,,,,
461400,1561.6,0.000003,,,,,,,,
461500,1561.9,0.000004,,,,,,,,
461600,1562.3,0.000002,,,,,,,,
461700,1562.6,0.000002,,,,,,,,
461800,1562.9,0.000004,,,,,,,,
461900,1563.2,0.000009,,,,,,,,
462000,1563.5,0.000002,,,,,,,,
462100,1563.8,0.000001,,,,,,,,
462200,1564.2,0.000002,,,,,,,,
462300,1564.5,0.000001,,,,,,,,
462400,1564.8,0.000002,,,,,,,,
462500,1565.1,0.000001,,,,,,,,
462600,1565.4,0.000001,,,,,,,,
462700,1565.7,0.000003,,,,,,,,
462800,1566.1,0.000001,,,,,,,,
462900,1566.4,0.000001,,,,,,,,
463000,1566.7,0.000002,,,,,,,,
463100,1567.0,0.000005,,,,,,,,
463200,1567.3,0.000002,,,,,,,,
463300,1567.6,0.000005,,,,,,,,
463400,1568.0,0.000002,,,,,,,,
463500,1568.3,0.000003,,,,,,,,
463600,1568.6,0.000001,,,,,,,,
463700,1568.9,0.000002,,,,,,,,
463800,1569.2,0.000001,,,,,,,,
463900,1569.5,0.000004,,,,,,,,
464000,1569.9,0.000002,,,,,,,,
464100,1570.2,0.000002,,,,,,,,
464200,1570.5,0.000004,,,,,,,,
464300,1570.8,0.000001,,,,,,,,
464400,1571.1,0.000001,,,,,,,,
464500,1571.4,0.000003,,,,,,,,
464600,1571.8,0.000002,,,,,,,,
464700,1572.1,0.000001,,,,,,,,
464800,1572.4,0.000004,,,,,,,,
464900,1572.7,0.000004,,,,,,,,
465000,1574.2,0.000001,0.000001,1.503426e-01,5.337451e-03,4.151521e-03,0.000000,4.674388e-02,5.132970e-03,4.038389e-03
465100,1574.5,0.000002,,,,,,,,
465200,1574.8,0.000002,,,,,,,,
465300,1575.1,0.000001,,,,,,,,
465400,1575.4,0.000001,,,,,,,,
465500,1575.7,0.000002,,,,,,,,
465600,1576.0,0.000002,,,,,,,,
465700,1576.4,0.000002,,,,,,,,
465800,1576.7,0.000005,,,,,,,,
465900,1577.0,0.000002,,,,,,,,
466000,1577.3,0.000001,,,,,,,,
466100,1577.6,0.000002,,,,,,,,
466200,1577.9,0.000002,,,,,,,,
466300,1578.3,0.000003,,,,,,,,
466400,1578.6,0.000001,,,,,,,,
466500,1578.9,0.000002,,,,,,,,
466600,1579.2,0.000002,,,,,,,,
466700,1579.5,0.000001,,,,,,,,
466800,1579.8,0.000003,,,,,,,,
466900,1580.2,0.000001,,,,,,,,
467000,1580.5,0.000001,,,,,,,,
467100,1580.8,0.000001,,,,,,,,
467200,1581.1,0.000002,,,,,,,,
467300,1581.4,0.000004,,,,,,,,
467400,1581.7,0.000001,,,,,,,,
467500,1582.1,0.000001,,,,,,,,
467600,1582.4,0.000003,,,,,,,,
467700,1582.7,0.000002,,,,,,,,
467800,1583.0,0.000004,,,,,,,,
467900,1583.3,0.000002,,,,,,,,
468000,1583.6,0.000003,,,,,,,,
468100,1584.0,0.000001,,,,,,,,
468200,1584.3,0.000002,,,,,,,,
468300,1584.6,0.000001,,,,,,,,
468400,1584.9,0.000002,,,,,,,,
468500,1585.2,0.000010,,,,,,,,
468600,1585.5,0.000001,,,,,,,,
468700,1585.9,0.000002,,,,,,,,
468800,1586.2,0.000003,,,,,,,,
468900,1586.5,0.000002,,,,,,,,
469000,1586.8,0.000002,,,,,,,,
469100,1587.1,0.000002,,,,,,,,
469200,1587.4,0.000001,,,,,,,,
469300,1587.8,0.000004,,,,,,,,
469400,1588.1,0.000002,,,,,,,,
469500,1588.4,0.000003,,,,,,,,
469600,1588.7,0.000001,,,,,,,,
469700,1589.0,0.000002,,,,,,,,
469800,1589.3,0.000001,,,,,,,,
469900,1589.7,0.000001,,,,,,,,
470000,1591.1,0.000002,0.000002,1.250697e-01,6.120478e-03,5.003098e-03,0.000000,1.210491e-01,6.066608e-03,5.037610e-03
470100,1591.4,0.000001,,,,,,,,
470200,1591.7,0.000001,,,,,,,,
470300,1592.0,0.000001,,,,,,,,
470400,1592.4,0.000003,,,,,,,,
470500,1592.7,0.000002,,,,,,,,
470600,1593.0,0.000002,,,,,,,,
470700,1593.3,0.000001,,,,,,,,
470800,1593.6,0.000001,,,,,,,,
470900,1593.9,0.000001,,,,,,,,
471000,1594.3,0.000002,,,,,,,,
471100,1594.6,0.000002,,,,,,,,
471200,1594.9,0.000002,,,,,,,,
471300,1595.2,0.000004,,,,,,,,
471400,1595.5,0.000001,,,,,,,,
471500,1595.8,0.000002,,,,,,,,
471600,1596.2,0.000001,,,,,,,,
471700,1596.5,0.000001,,,,,,,,
471800,1596.8,0.000001,,,,,,,,
471900,1597.1,0.000002,,,,,,,,
472000,1597.4,0.000001,,,,,,,,
472100,1597.7,0.000002,,,,,,,,
472200,1598.1,0.000001,,,,,,,,
472300,1598.4,0.000001,,,,,,,,
472400,1598.7,0.000002,,,,,,,,
472500,1599.0,0.000002,,,,,,,,
472600,1599.3,0.000002,,,,,,,,
472700,1599.6,0.000001,,,,,,,,
472800,1600.0,0.000003,,,,,,,,
472900,1600.3,0.000001,,,,,,,,
473000,1600.6,0.000002,,,,,,,,
473100,1600.9,0.000002,,,,,,,,
473200,1601.2,0.000001,,,,,,,,
473300,1601.5,0.000002,,,,,,,,
473400,1601.9,0.000002,,,,,,,,
473500,1602.2,0.000001,,,,,,,,
473600,1602.5,0.000001,,,,,,,,
473700,1602.8,0.000001,,,,,,,,
473800,1603.1,0.000002,,,,,,,,
473900,1603.4,0.000001,,,,,,,,
474000,1603.8,0.000004,,,,,,,,
474100,1604.1,0.000001,,,,,,,,
474200,1604.4,0.000001,,,,,,,,
474300,1604.7,0.000001,,,,,,,,
474400,1605.0,0.000002,,,,,,,,
474500,1605.3,0.000002,,,,,,,,
474600,1605.7,0.000001,,,,,,,,
474700,1606.0,0.000002,,,,,,,,
474800,1606.3,0.000002,,,,,,,,
474900,1606.6,0.000002,,,,,,,,
475000,1608.1,0.000002,0.000002,1.470799e-01,7.678621e-03,6.997260e-03,0.000000,7.691432e-02,7.721685e-03,7.160553e-03
475100,1608.4,0.000005,,,,,,,,
475200,1608.7,0.000004,,,,,,,,
475300,1609.0,0.000003,,,,,,,,
475400,1609.3,0.000001,,,,,,,,
475500,1609.6,0.000001,,,,,,,,
475600,1610.0,0.000003,,,,,,,,
475700,1610.3,0.000004,,,,,,,,
475800,1610.6,0.000001,,,,,,,,
475900,1610.9,0.000002,,,,,,,,
476000,1611.2,0.000002,,,,,,,,
476100,1611.5,0.000003,,,,,,,,
476200,1611.9,0.000003,,,,,,,,
476300,1612.2,0.000002,,,,,,,,
476400,1612.5,0.000002,,,,,,,,
476500,1612.8,0.000002,,,,,,,,
476600,1613.1,0.000002,,,,,,,,
476700,1613.4,0.000001,,,,,,,,
476800,1613.8,0.000001,,,,,,,,
476900,1614.1,0.000003,,,,,,,,
477000,1614.4,0.000001,,,,,,,,
477100,1614.7,0.000001,,,,,,,,
477200,1615.0,0.000001,,,,,,,,
477300,1615.3,0.000002,,,,,,,,
477400,1615.7,0.000001,,,,,,,,
477500,1616.0,0.000001,,,,,,,,
477600,1616.3,0.000003,,,,,,,,
477700,1616.6,0.000001,,,,,,,,
477800,1616.9,0.000002,,,,,,,,
477900,1617.2,0.000002,,,,,,,,
478000,1617.6,0.000001,,,,,,,,
478100,1617.9,0.000005,,,,,,,,
478200,1618.2,0.000002,,,,,,,,
478300,1618.5,0.000002,,,,,,,,
478400,1618.8,0.000003,,,,,,,,
478500,1619.1,0.000002,,,,,,,,
478600,1619.5,0.000001,,,,,,,,
478700,1619.8,0.000001,,,,,,,,
478800,1620.1,0.000001,,,,,,,,
478900,1620.4,0.000001,,,,,,,,
479000,1620.7,0.000001,,,,,,,,
479100,1621.0,0.000001,,,,,,,,
479200,1621.4,0.000002,,,,,,,,
479300,1621.7,0.000001,,,,,,,,
479400,1622.0,0.000001,,,,,,,,
479500,1622.3,0.000001,,,,,,,,
479600,1622.6,0.000002,,,,,,,,
479700,1622.9,0.000002,,,,,,,,
479800,1623.3,0.000002,,,,,,,,
479900,1623.6,0.000002,,,,,,,,
480000,1625.0,0.000002,0.000002,1.412428e-01,5.125020e-03,3.615704e-03,0.000000,7.314827e-02,4.922109e-03,3.533710e-03
480100,1625.3,0.000002,,,,,,,,
480200,1625.6,0.000001,,,,,,,,
480300,1626.0,0.000002,,,,,,,,
480400,1626.3,0.000001,,,,,,,,
480500,1626.6,0.000001,,,,,,,,
480600,1626.9,0.000002,,,,,,,,
480700,1627.1,0.000002,,,,,,,,
480800,1627.5,0.000003,,,,,,,,
480900,1627.8,0.000010,,,,,,,,
481000,1628.1,0.000002,,,,,,,,
481100,1628.4,0.000003,,,,,,,,
481200,1628.7,0.000001,,,,,,,,
481300,1629.1,0.000003,,,,,,,,
481400,1629.4,0.000002,,,,,,,,
481500,1629.7,0.000006,,,,,,,,
481600,1630.0,0.000002,,,,,,,,
481700,1630.3,0.000004,,,,,,,,
481800,1630.6,0.000003,,,,,,,,
481900,1630.9,0.000001,,,,,,,,
482000,1631.3,0.000002,,,,,,,,
482100,1631.6,0.000001,,,,,,,,
482200,1631.9,0.000002,,,,,,,,
482300,1632.2,0.000001,,,,,,,,
482400,1632.5,0.000001,,,,,,,,
482500,1632.8,0.000001,,,,,,,,
482600,1633.2,0.000001,,,,,,,,
482700,1633.5,0.000003,,,,,,,,
482800,1633.8,0.000001,,,,,,,,
482900,1634.1,0.000001,,,,,,,,
483000,1634.4,0.000002,,,,,,,,
483100,1634.7,0.000003,,,,,,,,
483200,1635.1,0.000001,,,,,,,,
483300,1635.4,0.000001,,,,,,,,
483400,1635.7,0.000001,,,,,,,,
483500,1636.0,0.000001,,,,,,,,
483600,1636.3,0.000002,,,,,,,,
483700,1636.6,0.000001,,,,,,,,
483800,1637.0,0.000002,,,,,,,,
483900,1637.3,0.000002,,,,,,,,
484000,1637.6,0.000005,,,,,,,,
484100,1637.9,0.000002,,,,,,,,
484200,1638.2,0.000002,,,,,,,,
484300,1638.6,0.000001,,,,,,,,
484400,1638.9,0.000002,,,,,,,,
484500,1639.2,0.000002,,,,,,,,
484600,1639.5,0.000002,,,,,,,,
484700,1639.8,0.000001,,,,,,,,
484800,1640.1,0.000001,,,,,,,,
484900,1640.5,0.000001,,,,,,,,
485000,1641.9,0.000001,0.000002,1.081116e-01,6.458987e-03,5.234314e-03,0.000000,6.951565e-02,6.262009e-03,5.195628e-03
485100,1642.2,0.000003,,,,,,,,
485200,1642.5,0.000002,,,,,,,,
485300,1642.8,0.000001,,,,,,,,
485400,1643.2,0.000001,,,,,,,,
485500,1643.5,0.000002,,,,,,,,
485600,1643.8,0.000003,,,,,,,,
485700,1644.1,0.000002,,,,,,,,
485800,1644.4,0.000003,,,,,,,,
485900,1644.7,0.000002,,,,,,,,
486000,1645.1,0.000002,,,,,,,,
486100,1645.4,0.000002,,,,,,,,
486200,1645.7,0.000001,,,,,,,,
486300,1646.0,0.000002,,,,,,,,
486400,1646.3,0.000002,,,,,,,,
486500,1646.6,0.000001,,,,,,,,
486600,1647.0,0.000001,,,,,,,,
486700,1647.3,0.000001,,,,,,,,
486800,1647.6,0.000001,,,,,,,,
486900,1647.9,0.000002,,,,,,,,
487000,1648.2,0.000003,,,,,,,,
487100,1648.5,0.000002,,,,,,,,
487200,1648.9,0.000003,,,,,,,,
487300,1649.2,0.000001,,,,,,,,
487400,1649.5,0.000001,,,,,,,,
487500,1649.8,0.000002,,,,,,,,
487600,1650.1,0.000001,,,,,,,,
487700,1650.4,0.000002,,,,,,,,
487800,1650.8,0.000002,,,,,,,,
487900,1651.1,0.000002,,,,,,,,
488000,1651.4,0.000001,,,,,,,,
488100,1651.7,0.000001,,,,,,,,
488200,1652.0,0.000002,,,,,,,,
488300,1652.4,0.000003,,,,,,,,
488400,1652.7,0.000001,,,,,,,,
488500,1653.0,0.000001,,,,,,,,
488600,1653.3,0.000003,,,,,,,,
488700,1653.6,0.000003,,,,,,,,
488800,1653.9,0.000001,,,,,,,,
488900,1654.3,0.000002,,,,,,,,
489000,1654.6,0.000001,,,,,,,,
489100,1654.9,0.000003,,,,,,,,
489200,1655.2,0.000002,,,,,,,,
489300,1655.5,0.000002,,,,,,,,
489400,1655.8,0.000002,,,,,,,,
489500,1656.2,0.000001,,,,,,,,
489600,1656.5,0.000004,,,,,,,,
489700,1656.8,0.000001,,,,,,,,
489800,1657.1,0.000002,,,,,,,,
489900,1657.4,0.000003,,,,,,,,
490000,1658.9,0.000004,0.000004,1.827247e-01,9.202813e-03,7.334508e-03,0.000000,1.417312e-01,9.059120e-03,7.406296e-03
490100,1659.2,0.000001,,,,,,,,
490200,1659.5,0.000002,,,,,,,,
490300,1659.8,0.000002,,,,,,,,
490400,1660.1,0.000002,,,,,,,,
490500,1660.4,0.000001,,,,,,,,
490600,1660.8,0.000001,,,,,,,,
490700,1661.1,0.000002,,,,,,,,
490800,1661.4,0.000002,,,,,,,,
490900,1661.7,0.000003,,,,,,,,
491000,1662.0,0.000001,,,,,,,,
491100,1662.3,0.000003,,,,,,,,
491200,1662.7,0.000002,,,,,,,,
491300,1663.0,0.000002,,,,,,,,
491400,1663.3,0.000001,,,,,,,,
491500,1663.6,0.000001,,,,,,,,
491600,1663.9,0.000001,,,,,,,,
491700,1664.2,0.000002,,,,,,,,
491800,1664.6,0.000003,,,,,,,,
491900,1664.9,0.000003,,,,,,,,
492000,1665.2,0.000001,,,,,,,,
492100,1665.5,0.000001,,,,,,,,
492200,1665.8,0.000001,,,,,,,,
492300,1666.1,0.000001,,,,,,,,
492400,1666.5,0.000001,,,,,,,,
492500,1666.8,0.000001,,,,,,,,
492600,1667.1,0.000003,,,,,,,,
492700,1667.4,0.000002,,,,,,,,
492800,1667.7,0.000002,,,,,,,,
492900,1668.0,0.000003,,,,,,,,
493000,1668.4,0.000001,,,,,,,,
493100,1668.7,0.000002,,,,,,,,
493200,1669.0,0.000001,,,,,,,,
493300,1669.3,0.000001,,,,,,,,
493400,1669.6,0.000002,,,,,,,,
493500,1669.9,0.000001,,,,,,,,
493600,1670.3,0.000002,,,,,,,,
493700,1670.6,0.000003,,,,,,,,
493800,1670.9,0.000002,,,,,,,,
493900,1671.2,0.000002,,,,,,,,
494000,1671.5,0.000004,,,,,,,,
494100,1671.8,0.000003,,,,,,,,
494200,1672.2,0.000002,,,,,,,,
494300,1672.5,0.000002,,,,,,,,
494400,1672.8,0.000002,,,,,,,,
494500,1673.1,0.000001,,,,,,,,
494600,1673.4,0.000002,,,,,,,,
494700,1673.7,0.000002,,,,,,,,
494800,1674.1,0.000002,,,,,,,,
494900,1674.4,0.000003,,,,,,,,
495000,1675.8,0.000002,0.000001,8.983917e-02,5.020453e-03,3.466809e-03,0.000000,6.942815e-02,4.810762e-03,3.360001e-03
495100,1676.1,0.000004,,,,,,,,
495200,1676.4,0.000001,,,,,,,,
495300,1676.8,0.000001,,,,,,,,
495400,1677.1,0.000001,,,,,,,,
495500,1677.4,0.000002,,,,,,,,
495600,1677.7,0.000002,,,,,,,,
495700,1678.0,0.000001,,,,,,,,
495800,1678.3,0.000003,,,,,,,,
495900,1678.7,0.000007,,,,,,,,
496000,1679.0,0.000001,,,,,,,,
496100,1679.3,0.000001,,,,,,,,
496200,1679.6,0.000002,,,,,,,,
496300,1679.9,0.000001,,,,,,,,
496400,1680.3,0.000001,,,,,,,,
496500,1680.6,0.000003,,,,,,,,
496600,1680.9,0.000001,,,,,,,,
496700,1681.2,0.000002,,,,,,,,
496800,1681.5,0.000001,,,,,,,,
496900,1681.8,0.000002,,,,,,,,
497000,1682.2,0.000002,,,,,,,,
497100,1682.5,0.000004,,,,,,,,
497200,1682.8,0.000002,,,,,,,,
497300,1683.1,0.000001,,,,,,,,
497400,1683.4,0.000002,,,,,,,,
497500,1683.7,0.000001,,,,,,,,
497600,1684.0,0.000002,,,,,,,,
497700,1684.4,0.000001,,,,,,,,
497800,1684.7,0.000006,,,,,,,,
497900,1685.0,0.000002,,,,,,,,
498000,1685.3,0.000002,,,,,,,,
498100,1685.6,0.000001,,,,,,,,
498200,1685.9,0.000001,,,,,,,,
498300,1686.3,0.000002,,,,,,,,
498400,1686.6,0.000002,,,,,,,,
498500,1686.9,0.000001,,,,,,,,
498600,1687.2,0.000003,,,,,,,,
498700,1687.5,0.000002,,,,,,,,
498800,1687.9,0.000002,,,,,,,,
498900,1688.2,0.000003,,,,,,,,
499000,1688.5,0.000001,,,,,,,,
499100,1688.8,0.000002,,,,,,,,
499200,1689.1,0.000002,,,,,,,,
499300,1689.4,0.000001,,,,,,,,
499400,1689.7,0.000004,,,,,,,,
499500,1690.0,0.000002,,,,,,,,
499600,1690.3,0.000001,,,,,,,,
499700,1690.7,0.000002,,,,,,,,
499800,1691.0,0.000002,,,,,,,,
499900,1691.3,0.000001,,,,,,,,
500000,1692.8,0.000001,0.000001,1.299974e-01,5.138666e-03,3.951318e-03,0.000000,6.613780e-02,5.005850e-03,3.910743e-03
500100,1693.0,0.000001,,,,,,,,
500200,1693.4,0.000002,,,,,,,,
500300,1693.7,0.000001,,,,,,,,
500400,1694.0,0.000002,,,,,,,,
500500,1694.3,0.000002,,,,,,,,
500600,1694.6,0.000002,,,,,,,,
500700,1694.9,0.000003,,,,,,,,
500800,1695.3,0.000010,,,,,,,,
500900,1695.6,0.000001,,,,,,,,
501000,1695.9,0.000002,,,,,,,,
501100,1696.2,0.000001,,,,,,,,
501200,1696.5,0.000002,,,,,,,,
501300,1696.8,0.000006,,,,,,,,
501400,1697.2,0.000001,,,,,,,,
501500,1697.5,0.000002,,,,,,,,
501600,1697.8,0.000002,,,,,,,,
501700,1698.1,0.000005,,,,,,,,
501800,1698.4,0.000002,,,,,,,,
501900,1698.7,0.000002,,,,,,,,
502000,1699.1,0.000001,,,,,,,,
502100,1699.4,0.000001,,,,,,,,
502200,1699.7,0.000003,,,,,,,,
502300,1700.0,0.000001,,,,,,,,
502400,1700.3,0.000001,,,,,,,,
502500,1700.6,0.000001,,,,,,,,
502600,1701.0,0.000006,,,,,,,,
502700,1701.3,0.000005,,,,,,,,
502800,1701.6,0.000005,,,,,,,,
502900,1701.9,0.000002,,,,,,,,
503000,1702.2,0.000002,,,,,,,,
503100,1702.5,0.000001,,,,,,,,
503200,1702.9,0.000001,,,,,,,,
503300,1703.2,0.000002,,,,,,,,
503400,1703.5,0.000002,,,,,,,,
503500,1703.8,0.000005,,,,,,,,
503600,1704.1,0.000001,,,,,,,,
503700,1704.4,0.000001,,,,,,,,
503800,1704.8,0.000002,,,,,,,,
503900,1705.1,0.000002,,,,,,,,
504000,1705.4,0.000001,,,,,,,,
504100,1705.7,0.000002,,,,,,,,
504200,1706.0,0.000001,,,,,,,,
504300,1706.3,0.000002,,,,,,,,
504400,1706.7,0.000001,,,,,,,,
504500,1707.0,0.000002,,,,,,,,
504600,1707.3,0.000001,,,,,,,,
504700,1707.6,0.000001,,,,,,,,
504800,1707.9,0.000001,,,,,,,,
504900,1708.3,0.000001,,,,,,,,
505000,1709.7,0.000002,0.000004,1.865029e-01,1.000779e-02,8.883539e-03,0.000000,1.313960e-01,9.833638e-03,8.941720e-03
505100,1710.0,0.000002,,,,,,,,
505200,1710.3,0.000004,,,,,,,,
505300,1710.7,0.000001,,,,,,,,
505400,1711.0,0.000001,,,,,,,,
505500,1711.3,0.000004,,,,,,,,
505600,1711.6,0.000001,,,,,,,,
505700,1711.9,0.000001,,,,,,,,
505800,1712.2,0.000003,,,,,,,,
505900,1712.6,0.000004,,,,,,,,
506000,1712.9,0.000002,,,,,,,,
506100,1713.2,0.000001,,,,,,,,
506200,1713.5,0.000001,,,,,,,,
506300,1713.8,0.000001,,,,,,,,
506400,1714.1,0.000002,,,,,,,,
506500,1714.5,0.000003,,,,,,,,
506600,1714.8,0.000002,,,,,,,,
506700,1715.1,0.000001,,,,,,,,
506800,1715.4,0.000002,,,,,,,,
506900,1715.7,0.000003,,,,,,,,
507000,1716.0,0.000001,,,,,,,,
507100,1716.4,0.000001,,,,,,,,
507200,1716.7,0.000001,,,,,,,,
507300,1717.0,0.000002,,,,,,,,
507400,1717.3,0.000002,,,,,,,,
507500,1717.6,0.000001,,,,,,,,
507600,1717.9,0.000004,,,,,,,,
507700,1718.3,0.000002,,,,,,,,
507800,1718.6,0.000001,,,,,,,,
507900,1718.9,0.000002,,,,,,,,
508000,1719.2,0.000002,,,,,,,,
508100,1719.5,0.000001,,,,,,,,
508200,1719.8,0.000001,,,,,,,,
508300,1720.2,0.000003,,,,,,,,
508400,1720.5,0.000001,,,,,,,,
508500,1720.8,0.000002,,,,,,,,
508600,1721.1,0.000006,,,,,,,,
508700,1721.4,0.000001,,,,,,,,
508800,1721.7,0.000002,,,,,,,,
508900,1722.1,0.000001,,,,,,,,
509000,1722.4,0.000002,,,,,,,,
509100,1722.7,0.000001,,,,,,,,
509200,1723.0,0.000001,,,,,,,,
509300,1723.3,0.000001,,,,,,,,
509400,1723.6,0.000002,,,,,,,,
509500,1724.0,0.000001,,,,,,,,
509600,1724.3,0.000002,,,,,,,,
509700,1724.6,0.000001,,,,,,,,
509800,1724.9,0.000002,,,,,,,,
509900,1725.2,0.000001,,,,,,,,
510000,1726.7,0.000001,0.000001,1.097266e-01,5.828319e-03,4.870573e-03,0.000000,4.826064e-02,5.818531e-03,4.967468e-03
510100,1727.0,0.000001,,,,,,,,
510200,1727.3,0.000001,,,,,,,,
510300,1727.6,0.000002,,,,,,,,
510400,1727.9,0.000001,,,,,,,,
510500,1728.2,0.000001,,,,,,,,
510600,1728.6,0.000002,,,,,,,,
510700,1728.9,0.000002,,,,,,,,
510800,1729.2,0.000001,,,,,,,,
510900,1729.5,0.000002,,,,,,,,
511000,1729.8,0.000001,,,,,,,,
511100,1730.1,0.000004,,,,,,,,
511200,1730.5,0.000001,,,,,,,,
511300,1730.8,0.000001,,,,,,,,
511400,1731.1,0.000003,,,,,,,,
511500,1731.4,0.000002,,,,,,,,
511600,1731.7,0.000002,,,,,,,,
511700,1732.0,0.000003,,,,,,,,
511800,1732.4,0.000004,,,,,,,,
511900,1732.7,0.000001,,,,,,,,
512000,1733.0,0.000002,,,,,,,,
512100,1733.3,0.000001,,,,,,,,
512200,1733.6,0.000001,,,,,,,,
512300,1733.9,0.000002,,,,,,,,
512400,1734.3,0.000002,,,,,,,,
512500,1734.6,0.000002,,,,,,,,
512600,1734.9,0.000001,,,,,,,,
512700,1735.2,0.000001,,,,,,,,
512800,1735.5,0.000002,,,,,,,,
512900,1735.8,0.000001,,,,,,,,
513000,1736.2,0.000001,,,,,,,,
513100,1736.5,0.000001,,,,,,,,
513200,1736.8,0.000003,,,,,,,,
513300,1737.1,0.000002,,,,,,,,
513400,1737.4,0.000001,,,,,,,,
513500,1737.7,0.000002,,,,,,,,
513600,1738.1,0.000001,,,,,,,,
513700,1738.4,0.000004,,,,,,,,
513800,1738.7,0.000002,,,,,,,,
513900,1739.0,0.000003,,,,,,,,
514000,1739.3,0.000004,,,,,,,,
514100,1739.6,0.000002,,,,,,,,
514200,1740.0,0.000001,,,,,,,,
514300,1740.3,0.000002,,,,,,,,
514400,1740.6,0.000002,,,,,,,,
514500,1740.9,0.000001,,,,,,,,
514600,1741.2,0.000001,,,,,,,,
514700,1741.6,0.000003,,,,,,,,
514800,1741.9,0.000001,,,,,,,,
514900,1742.2,0.000001,,,,,,,,
515000,1743.6,0.000001,0.000001,1.221113e-01,5.762767e-03,4.844823e-03,0.000000,5.012173e-02,5.616718e-03,4.757398e-03
515100,1743.9,0.000002,,,,,,,,
515200,1744.2,0.000002,,,,,,,,
515300,1744.6,0.000001,,,,,,,,
515400,1744.9,0.000002,,,,,,,,
515500,1745.2,0.000001,,,,,,,,
515600,1745.5,0.000001,,,,,,,,
515700,1745.8,0.000002,,,,,,,,
515800,1746.1,0.000003,,,,,,,,
515900,1746.5,0.000001,,,,,,,,
516000,1746.8,0.000002,,,,,,,,
516100,1747.1,0.000001,,,,,,,,
516200,1747.4,0.000002,,,,,,,,
516300,1747.7,0.000001,,,,,,,,
516400,1748.0,0.000001,,,,,,,,
516500,1748.4,0.000001,,,,,,,,
516600,1748.7,0.000001,,,,,,,,
516700,1749.0,0.000002,,,,,,,,
516800,1749.3,0.000001,,,,,,,,
516900,1749.6,0.000001,,,,,,,,
517000,1749.9,0.000001,,,,,,,,
517100,1750.3,0.000001,,,,,,,,
517200,1750.6,0.000002,,,,,,,,
517300,1750.9,0.000002,,,,,,,,
517400,1751.2,0.000001,,,,,,,,
517500,1751.5,0.000001,,,,,,,,
517600,1751.8,0.000002,,,,,,,,
517700,1752.2,0.000001,,,,,,,,
517800,1752.5,0.000002,,,,,,,,
517900,1752.8,0.000002,,,,,,,,
518000,1753.1,0.000001,,,,,,,,
518100,1753.4,0.000003,,,,,,,,
518200,1753.7,0.000002,,,,,,,,
518300,1754.1,0.000001,,,,,,,,
518400,1754.4,0.000002,,,,,,,,
518500,1754.7,0.000003,,,,,,,,
518600,1755.0,0.000002,,,,,,,,
518700,1755.3,0.000001,,,,,,,,
518800,1755.6,0.000001,,,,,,,,
518900,1756.0,0.000002,,,,,,,,
519000,1756.3,0.000002,,,,,,,,
519100,1756.6,0.000002,,,,,,,,
519200,1756.9,0.000003,,,,,,,,
519300,1757.2,0.000001,,,,,,,,
519400,1757.5,0.000001,,,,,,,,
519500,1757.9,0.000001,,,,,,,,
519600,1758.2,0.000004,,,,,,,,
519700,1758.5,0.000004,,,,,,,,
519800,1758.8,0.000002,,,,,,,,
519900,1759.1,0.000001,,,,,,,,
520000,1760.6,0.000002,0.000003,1.335385e-01,7.829040e-03,6.179222e-03,0.000000,1.281629e-01,7.900804e-03,6.415040e-03
520100,1760.9,0.000002,,,,,,,,
520200,1761.2,0.000002,,,,,,,,
520300,1761.5,0.000006,,,,,,,,
520400,1761.8,0.000002,,,,,,,,
520500,1762.2,0.000001,,,,,,,,
520600,1762.5,0.000003,,,,,,,,
520700,1762.8,0.000001,,,,,,,,
520800,1763.1,0.000002,,,,,,,,
520900,1763.4,0.000001,,,,,,,,
521000,1763.7,0.000002,,,,,,,,
521100,1764.1,0.000002,,,,,,,,
521200,1764.4,0.000002,,,,,,,,
521300,1764.7,0.000001,,,,,,,,
521400,1765.0,0.000001,,,,,,,,
521500,1765.3,0.000001,,,,,,,,
521600,1765.6,0.000001,,,,,,,,
521700,1766.0,0.000001,,,,,,,,
521800,1766.3,0.000001,,,,,,,,
521900,1766.6,0.000002,,,,,,,,
522000,1766.9,0.000002,,,,,,,,
522100,1767.2,0.000002,,,,,,,,
522200,1767.6,0.000001,,,,,,,,
522300,1767.9,0.000002,,,,,,,,
522400,1768.2,0.000001,,,,,,,,
522500,1768.5,0.000001,,,,,,,,
522600,1768.8,0.000002,,,,,,,,
522700,1769.1,0.000001,,,,,,,,
522800,1769.5,0.000001,,,,,,,,
522900,1769.8,0.000001,,,,,,,,
523000,1770.1,0.000001,,,,,,,,
523100,1770.4,0.000002,,,,,,,,
523200,1770.7,0.000002,,,,,,,,
523300,1771.0,0.000001,,,,,,,,
523400,1771.4,0.000002,,,,,,,,
523500,1771.7,0.000002,,,,,,,,
523600,1772.0,0.000003,,,,,,,,
523700,1772.3,0.000002,,,,,,,,
523800,1772.6,0.000002,,,,,,,,
523900,1772.9,0.000001,,,,,,,,
524000,1773.3,0.000002,,,,,,,,
524100,1773.6,0.000002,,,,,,,,
524200,1773.9,0.000002,,,,,,,,
524300,1774.2,0.000002,,,,,,,,
524400,1774.5,0.000002,,,,,,,,
524500,1774.9,0.000002,,,,,,,,
524600,1775.2,0.000002,,,,,,,,
524700,1775.5,0.000002,,,,,,,,
524800,1775.8,0.000002,,,,,,,,
524900,1776.1,0.000002,,,,,,,,
525000,1777.6,0.000001,0.000001,1.186530e-01,4.074548e-03,3.012083e-03,0.000000,5.328149e-02,3.929743e-03,2.960133e-03
525100,1777.9,0.000001,,,,,,,,
525200,1778.2,0.000001,,,,,,,,
525300,1778.5,0.000004,,,,,,,,
525400,1778.8,0.000002,,,,,,,,
525500,1779.1,0.000001,,,,,,,,
525600,1779.5,0.000003,,,,,,,,
525700,1779.8,0.000001,,,,,,,,
525800,1780.1,0.000003,,,,,,,,
525900,1780.4,0.000003,,,,,,,,
526000,1780.7,0.000007,,,,,,,,
526100,1781.0,0.000001,,,,,,,,
526200,1781.4,0.000002,,,,,,,,
526300,1781.7,0.000002,,,,,,,,
526400,1782.0,0.000001,,,,,,,,
526500,1782.3,0.000001,,,,,,,,
526600,1782.6,0.000001,,,,,,,,
526700,1782.9,0.000002,,,,,,,,
526800,1783.3,0.000002,,,,,,,,
526900,1783.6,0.000002,,,,,,,,
527000,1783.9,0.000005,,,,,,,,
527100,1784.2,0.000002,,,,,,,,
527200,1784.5,0.000001,,,,,,,,
527300,1784.8,0.000001,,,,,,,,
527400,1785.2,0.000002,,,,,,,,
527500,1785.5,0.000004,,,,,,,,
527600,1785.8,0.000001,,,,,,,,
527700,1786.1,0.000001,,,,,,,,
527800,1786.4,0.000002,,,,,,,,
527900,1786.7,0.000001,,,,,,,,
528000,1787.1,0.000001,,,,,,,,
528100,1787.4,0.000003,,,,,,,,
528200,1787.7,0.000002,,,,,,,,
528300,1788.0,0.000001,,,,,,,,
528400,1788.3,0.000001,,,,,,,,
528500,1788.6,0.000001,,,,,,,,
528600,1789.0,0.000001,,,,,,,,
528700,1789.3,0.000003,,,,,,,,
528800,1789.6,0.000005,,,,,,,,
528900,1789.9,0.000002,,,,,,,,
529000,1790.2,0.000001,,,,,,,,
529100,1790.5,0.000002,,,,,,,,
529200,1790.9,0.000001,,,,,,,,
529300,1791.2,0.000001,,,,,,,,
529400,1791.5,0.000001,,,,,,,,
529500,1791.8,0.000002,,,,,,,,
529600,1792.1,0.000001,,,,,,,,
529700,1792.4,0.000002,,,,,,,,
529800,1792.8,0.000001,,,,,,,,
529900,1793.1,0.000003,,,,,,,,
530000,1794.5,0.000001,0.000001,9.450621e-02,5.881398e-03,4.933224e-03,0.000000,6.036729e-02,5.703203e-03,4.834712e-03
530100,1794.8,0.000001,,,,,,,,
530200,1795.1,0.000002,,,,,,,,
530300,1795.5,0.000002,,,,,,,,
530400,1795.8,0.000001,,,,,,,,
530500,1796.1,0.000002,,,,,,,,
530600,1796.4,0.000001,,,,,,,,
530700,1796.7,0.000003,,,,,,,,
530800,1797.0,0.000001,,,,,,,,
530900,1797.4,0.000002,,,,,,,,
531000,1797.7,0.000002,,,,,,,,
531100,1798.0,0.000001,,,,,,,,
531200,1798.3,0.000001,,,,,,,,
531300,1798.6,0.000001,,,,,,,,
531400,1799.0,0.000001,,,,,,,,
531500,1799.3,0.000001,,,,,,,,
531600,1799.6,0.000002,,,,,,,,
531700,1799.9,0.000001,,,,,,,,
531800,1800.2,0.000001,,,,,,,,
531900,1800.5,0.000002,,,,,,,,
532000,1800.9,0.000002,,,,,,,,
532100,1801.2,0.000001,,,,,,,,
532200,1801.5,0.000003,,,,,,,,
532300,1801.8,0.000002,,,,,,,,
532400,1802.1,0.000003,,,,,,,,
532500,1802.4,0.000002,,,,,,,,
532600,1802.8,0.000001,,,,,,,,
532700,1803.1,0.000001,,,,,,,,
532800,1803.4,0.000001,,,,,,,,
532900,1803.7,0.000001,,,,,,,,
533000,1804.0,0.000002,,,,,,,,
533100,1804.3,0.000002,,,,,,,,
533200,1804.7,0.000001,,,,,,,,
533300,1805.0,0.000001,,,,,,,,
533400,1805.3,0.000001,,,,,,,,
533500,1805.6,0.000002,,,,,,,,
533600,1805.9,0.000001,,,,,,,,
533700,1806.2,0.000002,,,,,,,,
533800,1806.5,0.000001,,,,,,,,
533900,1806.9,0.000002,,,,,,,,
534000,1807.2,0.000002,,,,,,,,
534100,1807.5,0.000002,,,,,,,,
534200,1807.8,0.000001,,,,,,,,
534300,1808.1,0.000002,,,,,,,,
534400,1808.4,0.000001,,,,,,,,
534500,1808.8,0.000001,,,,,,,,
534600,1809.1,0.000003,,,,,,,,
534700,1809.4,0.000001,,,,,,,,
534800,1809.7,0.000001,,,,,,,,
534900,1810.0,0.000001,,,,,,,,
535000,1811.5,0.000001,0.000001,1.432008e-01,4.010923e-03,2.956569e-03,0.000000,5.636574e-02,3.835431e-03,2.886139e-03
535100,1811.8,0.000001,,,,,,,,
535200,1812.1,0.000003,,,,,,,,
535300,1812.4,0.000001,,,,,,,,
535400,1812.7,0.000001,,,,,,,,
535500,1813.0,0.000001,,,,,,,,
535600,1813.4,0.000002,,,,,,,,
535700,1813.7,0.000003,,,,,,,,
535800,1814.0,0.000001,,,,,,,,
535900,1814.3,0.000001,,,,,,,,
536000,1814.6,0.000001,,,,,,,,
536100,1814.9,0.000005,,,,,,,,
536200,1815.3,0.000002,,,,,,,,
536300,1815.6,0.000001,,,,,,,,
536400,1815.9,0.000001,,,,,,,,
536500,1816.2,0.000001,,,,,,,,
536600,1816.5,0.000003,,,,,,,,
536700,1816.8,0.000002,,,,,,,,
536800,1817.2,0.000001,,,,,,,,
536900,1817.5,0.000001,,,,,,,,
537000,1817.8,0.000001,,,,,,,,
537100,1818.1,0.000002,,,,,,,,
537200,1818.4,0.000001,,,,,,,,
537300,1818.7,0.000001,,,,,,,,
537400,1819.1,0.000001,,,,,,,,
537500,1819.4,0.000003,,,,,,,,
537600,1819.7,0.000001,,,,,,,,
537700,1820.0,0.000002,,,,,,,,
537800,1820.3,0.000001,,,,,,,,
537900,1820.6,0.000001,,,,,,,,
538000,1821.0,0.000001,,,,,,,,
538100,1821.3,0.000003,,,,,,,,
538200,1821.6,0.000002,,,,,,,,
538300,1821.9,0.000003,,,,,,,,
538400,1822.2,0.000001,,,,,,,,
538500,1822.5,0.000002,,,,,,,,
538600,1822.9,0.000001,,,,,,,,
538700,1823.2,0.000001,,,,,,,,
538800,1823.5,0.000002,,,,,,,,
538900,1823.8,0.000001,,,,,,,,
539000,1824.1,0.000002,,,,,,,,
539100,1824.4,0.000002,,,,,,,,
539200,1824.8,0.000001,,,,,,,,
539300,1825.1,0.000001,,,,,,,,
539400,1825.4,0.000001,,,,,,,,
539500,1825.7,0.000001,,,,,,,,
539600,1826.0,0.000001,,,,,,,,
539700,1826.3,0.000001,,,,,,,,
539800,1826.7,0.000001,,,,,,,,
539900,1827.0,0.000003,,,,,,,,
540000,1828.4,0.000001,0.000001,1.395916e-01,5.310471e-03,4.431803e-03,0.000000,8.517576e-02,5.257265e-03,4.480858e-03
540100,1828.7,0.000001,,,,,,,,
540200,1829.1,0.000002,,,,,,,,
540300,1829.4,0.000003,,,,,,,,
540400,1829.7,0.000002,,,,,,,,
540500,1830.0,0.000001,,,,,,,,
540600,1830.3,0.000001,,,,,,,,
540700,1830.6,0.000001,,,,,,,,
540800,1830.9,0.000001,,,,,,,,
540900,1831.3,0.000002,,,,,,,,
541000,1831.6,0.000002,,,,,,,,
541100,1831.9,0.000001,,,,,,,,
541200,1832.2,0.000001,,,,,,,,
541300,1832.5,0.000002,,,,,,,,
541400,1832.8,0.000002,,,,,,,,
541500,1833.2,0.000003,,,,,,,,
541600,1833.5,0.000002,,,,,,,,
541700,1833.8,0.000003,,,,,,,,
541800,1834.1,0.000002,,,,,,,,
541900,1834.4,0.000001,,,,,,,,
542000,1834.8,0.000002,,,,,,,,
542100,1835.1,0.000001,,,,,,,,
542200,1835.4,0.000001,,,,,,,,
542300,1835.7,0.000001,,,,,,,,
542400,1836.0,0.000002,,,,,,,,
542500,1836.3,0.000001,,,,,,,,
542600,1836.6,0.000002,,,,,,,,
542700,1837.0,0.000001,,,,,,,,
542800,1837.3,0.000001,,,,,,,,
542900,1837.6,0.000001,,,,,,,,
543000,1837.9,0.000009,,,,,,,,
543100,1838.2,0.000002,,,,,,,,
543200,1838.5,0.000001,,,,,,,,
543300,1838.9,0.000002,,,,,,,,
543400,1839.2,0.000001,,,,,,,,
543500,1839.5,0.000001,,,,,,,,
543600,1839.8,0.000001,,,,,,,,
543700,1840.1,0.000002,,,,,,,,
543800,1840.4,0.000002,,,,,,,,
543900,1840.8,0.000001,,,,,,,,
544000,1841.1,0.000001,,,,,,,,
544100,1841.4,0.000002,,,,,,,,
544200,1841.7,0.000002,,,,,,,,
544300,1842.0,0.000001,,,,,,,,
544400,1842.3,0.000001,,,,,,,,
544500,1842.7,0.000003,,,,,,,,
544600,1843.0,0.000001,,,,,,,,
544700,1843.3,0.000001,,,,,,,,
544800,1843.6,0.000001,,,,,,,,
544900,1843.9,0.000003,,,,,,,,
545000,1845.4,0.000002,0.000002,9.773475e-02,6.450386e-03,5.653594e-03,0.000000,9.636325e-02,6.300867e-03,5.569949e-03
545100,1845.7,0.000001,,,,,,,,
545200,1846.0,0.000004,,,,,,,,
545300,1846.3,0.000001,,,,,,,,
545400,1846.6,0.000003,,,,,,,,
545500,1846.9,0.000002,,,,,,,,
545600,1847.3,0.000003,,,,,,,,
545700,1847.6,0.000002,,,,,,,,
545800,1847.9,0.000003,,,,,,,,
545900,1848.2,0.000001,,,,,,,,
546000,1848.5,0.000001,,,,,,,,
546100,1848.9,0.000001,,,,,,,,
546200,1849.2,0.000001,,,,,,,,
546300,1849.5,0.000002,,,,,,,,
546400,1849.8,0.000003,,,,,,,,
546500,1850.1,0.000002,,,,,,,,
546600,1850.4,0.000002,,,,,,,,
546700,1850.8,0.000002,,,,,,,,
546800,1851.1,0.000003,,,,,,,,
546900,1851.4,0.000002,,,,,,,,
547000,1851.7,0.000001,,,,,,,,
547100,1852.0,0.000002,,,,,,,,
547200,1852.3,0.000001,,,,,,,,
547300,1852.7,0.000001,,,,,,,,
547400,1853.0,0.000001,,,,,,,,
547500,1853.3,0.000001,,,,,,,,
547600,1853.6,0.000001,,,,,,,,
547700,1853.9,0.000003,,,,,,,,
547800,1854.2,0.000003,,,,,,,,
547900,1854.6,0.000001,,,,,,,,
548000,1854.9,0.000002,,,,,,,,
548100,1855.2,0.000002,,,,,,,,
548200,1855.5,0.000001,,,,,,,,
548300,1855.8,0.000001,,,,,,,,
548400,1856.1,0.000001,,,,,,,,
548500,1856.5,0.000002,,,,,,,,
548600,1856.8,0.000003,,,,,,,,
548700,1857.1,0.000001,,,,,,,,
548800,1857.4,0.000001,,,,,,,,
548900,1857.7,0.000002,,,,,,,,
549000,1858.0,0.000001,,,,,,,,
549100,1858.4,0.000002,,,,,,,,
549200,1858.6,0.000001,,,,,,,,
549300,1858.9,0.000001,,,,,,,,
549400,1859.2,0.000001,,,,,,,,
549500,1859.5,0.000001,,,,,,,,
549600,1859.9,0.000002,,,,,,,,
549700,1860.2,0.000006,,,,,,,,
549800,1860.5,0.000001,,,,,,,,
549900,1860.8,0.000001,,,,,,,,
550000,1862.3,0.000002,0.000001,1.241805e-01,4.709926e-03,3.712967e-03,0.000000,7.399202e-02,4.604706e-03,3.667764e-03
550100,1862.6,0.000002,,,,,,,,
550200,1862.9,0.000001,,,,,,,,
550300,1863.2,0.000001,,,,,,,,
550400,1863.5,0.000001,,,,,,,,
550500,1863.8,0.000001,,,,,,,,
550600,1864.1,0.000002,,,,,,,,
550700,1864.5,0.000001,,,,,,,,
550800,1864.8,0.000003,,,,,,,,
550900,1865.1,0.000002,,,,,,,,
551000,1865.4,0.000001,,,,,,,,
551100,1865.7,0.000001,,,,,,,,
551200,1866.0,0.000001,,,,,,,,
551300,1866.4,0.000001,,,,,,,,
551400,1866.7,0.000001,,,,,,,,
551500,1867.0,0.000001,,,,,,,,
551600,1867.3,0.000001,,,,,,,,
551700,1867.6,0.000001,,,,,,,,
551800,1867.8,0.000002,,,,,,,,
551900,1868.2,0.000001,,,,,,,,
552000,1868.5,0.000001,,,,,,,,
552100,1868.8,0.000001,,,,,,,,
552200,1869.1,0.000002,,,,,,,,
552300,1869.4,0.000004,,,,,,,,
552400,1869.7,0.000001,,,,,,,,
552500,1870.1,0.000001,,,,,,,,
552600,1870.4,0.000001,,,,,,,,
552700,1870.7,0.000003,,,,,,,,
552800,1871.0,0.000001,,,,,,,,
552900,1871.3,0.000002,,,,,,,,
553000,1871.7,0.000001,,,,,,,,
553100,1872.0,0.000001,,,,,,,,
553200,1872.3,0.000001,,,,,,,,
553300,1872.6,0.000001,,,,,,,,
553400,1872.9,0.000001,,,,,,,,
553500,1873.2,0.000001,,,,,,,,
553600,1873.5,0.000002,,,,,,,,
553700,1873.9,0.000001,,,,,,,,
553800,1874.2,0.000002,,,,,,,,
553900,1874.5,0.000001,,,,,,,,
554000,1874.8,0.000003,,,,,,,,
554100,1875.1,0.000003,,,,,,,,
554200,1875.4,0.000002,,,,,,,,
554300,1875.8,0.000002,,,,,,,,
554400,1876.1,0.000001,,,,,,,,
554500,1876.4,0.000001,,,,,,,,
554600,1876.7,0.000001,,,,,,,,
554700,1877.0,0.000001,,,,,,,,
554800,1877.3,0.000001,,,,,,,,
554900,1877.7,0.000001,,,,,,,,
555000,1879.1,0.000001,0.000002,9.726281e-02,5.992524e-03,4.519756e-03,0.000000,6.163711e-02,5.835802e-03,4.385318e-03
555100,1879.4,0.000001,,,,,,,,
555200,1879.7,0.000001,,,,,,,,
555300,1880.0,0.000002,,,,,,,,
555400,1880.3,0.000001,,,,,,,,
555500,1880.7,0.000002,,,,,,,,
555600,1881.0,0.000001,,,,,,,,
555700,1881.3,0.000001,,,,,,,,
555800,1881.6,0.000002,,,,,,,,
555900,1881.9,0.000001,,,,,,,,
556000,1882.2,0.000001,,,,,,,,
556100,1882.6,0.000002,,,,,,,,
556200,1882.9,0.000001,,,,,,,,
556300,1883.2,0.000002,,,,,,,,
556400,1883.5,0.000001,,,,,,,,
556500,1883.8,0.000001,,,,,,,,
556600,1884.1,0.000003,,,,,,,,
556700,1884.5,0.000001,,,,,,,,
556800,1884.8,0.000001,,,,,,,,
556900,1885.1,0.000002,,,,,,,,
557000,1885.4,0.000002,,,,,,,,
557100,1885.7,0.000002,,,,,,,,
557200,1886.0,0.000001,,,,,,,,
557300,1886.4,0.000001,,,,,,,,
557400,1886.7,0.000001,,,,,,,,
557500,1887.0,0.000002,,,,,,,,
557600,1887.3,0.000001,,,,,,,,
557700,1887.6,0.000002,,,,,,,,
557800,1888.0,0.000002,,,,,,,,
557900,1888.3,0.000001,,,,,,,,
558000,1888.6,0.000001,,,,,,,,
558100,1888.9,0.000001,,,,,,,,
558200,1889.2,0.000002,,,,,,,,
558300,1889.5,0.000002,,,,,,,,
558400,1889.8,0.000002,,,,,,,,
558500,1890.2,0.000001,,,,,,,,
558600,1890.5,0.000001,,,,,,,,
558700,1890.8,0.000001,,,,,,,,
558800,1891.1,0.000002,,,,,,,,
558900,1891.4,0.000001,,,,,,,,
559000,1891.8,0.000003,,,,,,,,
559100,1892.1,0.000001,,,,,,,,
559200,1892.4,0.000002,,,,,,,,
559300,1892.7,0.000002,,,,,,,,
559400,1893.0,0.000001,,,,,,,,
559500,1893.3,0.000001,,,,,,,,
559600,1893.7,0.000001,,,,,,,,
559700,1894.0,0.000001,,,,,,,,
559800,1894.3,0.000002,,,,,,,,
559900,1894.6,0.000001,,,,,,,,
560000,1896.1,0.000002,0.000002,9.186310e-02,6.194790e-03,5.031784e-03,0.000000,7.566971e-02,6.096422e-03,5.022669e-03
560100,1896.4,0.000001,,,,,,,,
560200,1896.7,0.000002,,,,,,,,
560300,1897.0,0.000001,,,,,,,,
560400,1897.3,0.000001,,,,,,,,
560500,1897.6,0.000002,,,,,,,,
560600,1898.0,0.000002,,,,,,,,
560700,1898.3,0.000002,,,,,,,,
560800,1898.6,0.000001,,,,,,,,
560900,1898.9,0.000001,,,,,,,,
561000,1899.2,0.000001,,,,,,,,
561100,1899.5,0.000001,,,,,,,,
561200,1899.9,0.000001,,,,,,,,
561300,1900.2,0.000001,,,,,,,,
561400,1900.5,0.000001,,,,,,,,
561500,1900.8,0.000001,,,,,,,,
561600,1901.1,0.000002,,,,,,,,
561700,1901.4,0.000001,,,,,,,,
561800,1901.8,0.000002,,,,,,,,
561900,1902.1,0.000001,,,,,,,,
562000,1902.4,0.000002,,,,,,,,
562100,1902.7,0.000002,,,,,,,,
562200,1903.0,0.000001,,,,,,,,
562300,1903.3,0.000003,,,,,,,,
562400,1903.7,0.000001,,,,,,,,
562500,1904.0,0.000002,,,,,,,,
562600,1904.3,0.000001,,,,,,,,
562700,1904.6,0.000002,,,,,,,,
562800,1904.9,0.000001,,,,,,,,
562900,1905.2,0.000001,,,,,,,,
563000,1905.6,0.000002,,,,,,,,
563100,1905.9,0.000001,,,,,,,,
563200,1906.2,0.000001,,,,,,,,
563300,1906.5,0.000001,,,,,,,,
563400,1906.8,0.000001,,,,,,,,
563500,1907.1,0.000001,,,,,,,,
563600,1907.5,0.000001,,,,,,,,
563700,1907.8,0.000001,,,,,,,,
563800,1908.1,0.000001,,,,,,,,
563900,1908.4,0.000001,,,,,,,,
564000,1908.7,0.000002,,,,,,,,
564100,1909.0,0.000002,,,,,,,,
564200,1909.4,0.000001,,,,,,,,
564300,1909.7,0.000001,,,,,,,,
564400,1910.0,0.000001,,,,,,,,
564500,1910.3,0.000002,,,,,,,,
564600,1910.6,0.000006,,,,,,,,
564700,1910.9,0.000001,,,,,,,,
564800,1911.3,0.000003,,,,,,,,
564900,1911.6,0.000001,,,,,,,,
565000,1913.0,0.000001,0.000002,1.363089e-01,6.506893e-03,5.320492e-03,0.000000,9.832860e-02,6.423180e-03,5.344258e-03
565100,1913.3,0.000002,,,,,,,,
565200,1913.7,0.000002,,,,,,,,
565300,1914.0,0.000001,,,,,,,,
565400,1914.3,0.000001,,,,,,,,
565500,1914.6,0.000001,,,,,,,,
565600,1914.9,0.000002,,,,,,,,
565700,1915.2,0.000001,,,,,,,,
565800,1915.6,0.000003,,,,,,,,
565900,1915.9,0.000001,,,,,,,,
566000,1916.2,0.000002,,,,,,,,
566100,1916.5,0.000001,,,,,,,,
566200,1916.8,0.000002,,,,,,,,
566300,1917.1,0.000002,,,,,,,,
566400,1917.5,0.000002,,,,,,,,
566500,1917.8,0.000002,,,,,,,,
566600,1918.1,0.000002,,,,,,,,
566700,1918.4,0.000001,,,,,,,,
566800,1918.7,0.000001,,,,,,,,
566900,1919.0,0.000001,,,,,,,,
567000,1919.4,0.000001,,,,,,,,
567100,1919.7,0.000001,,,,,,,,
567200,1920.0,0.000001,,,,,,,,
567300,1920.3,0.000002,,,,,,,,
567400,1920.6,0.000001,,,,,,,,
567500,1921.0,0.000002,,,,,,,,
567600,1921.3,0.000001,,,,,,,,
567700,1921.6,0.000001,,,,,,,,
567800,1921.9,0.000002,,,,,,,,
567900,1922.2,0.000001,,,,,,,,
568000,1922.5,0.000001,,,,,,,,
568100,1922.9,0.000001,,,,,,,,
568200,1923.2,0.000001,,,,,,,,
568300,1923.5,0.000002,,,,,,,,
568400,1923.8,0.000001,,,,,,,,
568500,1924.1,0.000002,,,,,,,,
568600,1924.4,0.000001,,,,,,,,
568700,1924.8,0.000001,,,,,,,,
568800,1925.1,0.000001,,,,,,,,
568900,1925.4,0.000001,,,,,,,,
569000,1925.7,0.000001,,,,,,,,
569100,1926.0,0.000001,,,,,,,,
569200,1926.3,0.000001,,,,,,,,
569300,1926.7,0.000001,,,,,,,,
569400,1927.0,0.000002,,,,,,,,
569500,1927.3,0.000001,,,,,,,,
569600,1927.6,0.000001,,,,,,,,
569700,1927.9,0.000001,,,,,,,,
569800,1928.2,0.000001,,,,,,,,
569900,1928.6,0.000001,,,,,,,,
570000,1930.0,0.000002,0.000003,1.178319e-01,7.048996e-03,5.027811e-03,0.000000,1.081080e-01,6.946432e-03,5.083171e-03
570100,1930.3,0.000001,,,,,,,,
570200,1930.6,0.000002,,,,,,,,
570300,1930.9,0.000001,,,,,,,,
570400,1931.2,0.000001,,,,,,,,
570500,1931.6,0.000001,,,,,,,,
570600,1931.9,0.000001,,,,,,,,
570700,1932.2,0.000001,,,,,,,,
570800,1932.5,0.000002,,,,,,,,
570900,1932.8,0.000001,,,,,,,,
571000,1933.1,0.000001,,,,,,,,
571100,1933.5,0.000003,,,,,,,,
571200,1933.8,0.000001,,,,,,,,
571300,1934.1,0.000003,,,,,,,,
571400,1934.4,0.000001,,,,,,,,
571500,1934.7,0.000001,,,,,,,,
571600,1935.0,0.000001,,,,,,,,
571700,1935.4,0.000002,,,,,,,,
571800,1935.7,0.000001,,,,,,,,
571900,1936.0,0.000001,,,,,,,,
572000,1936.3,0.000001,,,,,,,,
572100,1936.6,0.000001,,,,,,,,
572200,1936.9,0.000001,,,,,,,,
572300,1937.3,0.000001,,,,,,,,
572400,1937.6,0.000001,,,,,,,,
572500,1937.9,0.000003,,,,,,,,
572600,1938.2,0.000001,,,,,,,,
572700,1938.5,0.000001,,,,,,,,
572800,1938.8,0.000001,,,,,,,,
572900,1939.2,0.000001,,,,,,,,
573000,1939.5,0.000001,,,,,,,,
573100,1939.8,0.000002,,,,,,,,
573200,1940.1,0.000001,,,,,,,,
573300,1940.4,0.000004,,,,,,,,
573400,1940.7,0.000001,,,,,,,,
573500,1941.1,0.000001,,,,,,,,
573600,1941.4,0.000005,,,,,,,,
573700,1941.7,0.000001,,,,,,,,
573800,1942.0,0.000001,,,,,,,,
573900,1942.3,0.000001,,,,,,,,
574000,1942.7,0.000001,,,,,,,,
574100,1943.0,0.000001,,,,,,,,
574200,1943.3,0.000004,,,,,,,,
574300,1943.6,0.000001,,,,,,,,
574400,1943.9,0.000001,,,,,,,,
574500,1944.2,0.000001,,,,,,,,
574600,1944.5,0.000001,,,,,,,,
574700,1944.8,0.000003,,,,,,,,
574800,1945.1,0.000001,,,,,,,,
574900,1945.4,0.000002,,,,,,,,
575000,1946.9,0.000002,0.000001,1.369354e-01,3.958874e-03,2.885595e-03,0.000000,7.455636e-02,3.756128e-03,2.772787e-03
575100,1947.2,0.000001,,,,,,,,
575200,1947.5,0.000001,,,,,,,,
575300,1947.8,0.000001,,,,,,,,
575400,1948.1,0.000001,,,,,,,,
575500,1948.4,0.000002,,,,,,,,
575600,1948.8,0.000001,,,,,,,,
575700,1949.1,0.000001,,,,,,,,
575800,1949.4,0.000001,,,,,,,,
575900,1949.7,0.000002,,,,,,,,
576000,1950.0,0.000002,,,,,,,,
576100,1950.3,0.000003,,,,,,,,
576200,1950.7,0.000001,,,,,,,,
576300,1951.0,0.000001,,,,,,,,
576400,1951.3,0.000001,,,,,,,,
576500,1951.6,0.000001,,,,,,,,
576600,1951.9,0.000003,,,,,,,,
576700,1952.2,0.000001,,,,,,,,
576800,1952.5,0.000002,,,,,,,,
576900,1952.9,0.000002,,,,,,,,
577000,1953.2,0.000001,,,,,,,,
577100,1953.5,0.000001,,,,,,,,
577200,1953.8,0.000001,,,,,,,,
577300,1954.1,0.000001,,,,,,,,
577400,1954.4,0.000002,,,,,,,,
577500,1954.8,0.000001,,,,,,,,
577600,1955.1,0.000001,,,,,,,,
577700,1955.4,0.000001,,,,,,,,
577800,1955.7,0.000001,,,,,,,,
577900,1956.0,0.000001,,,,,,,,
578000,1956.3,0.000001,,,,,,,,
578100,1956.7,0.000001,,,,,,,,
578200,1957.0,0.000001,,,,,,,,
578300,1957.3,0.000001,,,,,,,,
578400,1957.6,0.000001,,,,,,,,
578500,1957.9,0.000001,,,,,,,,
578600,1958.2,0.000002,,,,,,,,
578700,1958.6,0.000001,,,,,,,,
578800,1958.9,0.000002,,,,,,,,
578900,1959.2,0.000001,,,,,,,,
579000,1959.5,0.000001,,,,,,,,
579100,1959.8,0.000001,,,,,,,,
579200,1960.1,0.000002,,,,,,,,
579300,1960.5,0.000001,,,,,,,,
579400,1960.8,0.000001,,,,,,,,
579500,1961.1,0.000001,,,,,,,,
579600,1961.4,0.000001,,,,,,,,
579700,1961.7,0.000001,,,,,,,,
579800,1962.0,0.000002,,,,,,,,
579900,1962.4,0.000001,,,,,,,,
580000,1963.8,0.000001,0.000001,8.963246e-02,4.994097e-03,3.898997e-03,0.000000,7.023329e-02,4.895928e-03,3.914594e-03
580100,1964.1,0.000001,,,,,,,,
580200,1964.4,0.000001,,,,,,,,
580300,1964.7,0.000002,,,,,,,,
580400,1965.1,0.000002,,,,,,,,
580500,1965.4,0.000002,,,,,,,,
580600,1965.7,0.000001,,,,,,,,
580700,1966.0,0.000001,,,,,,,,
580800,1966.3,0.000001,,,,,,,,
580900,1966.6,0.000001,,,,,,,,
581000,1967.0,0.000001,,,,,,,,
581100,1967.3,0.000002,,,,,,,,
581200,1967.6,0.000002,,,,,,,,
581300,1967.9,0.000001,,,,,,,,
581400,1968.2,0.000001,,,,,,,,
581500,1968.5,0.000001,,,,,,,,
581600,1968.9,0.000001,,,,,,,,
581700,1969.2,0.000001,,,,,,,,
581800,1969.5,0.000002,,,,,,,,
581900,1969.8,0.000001,,,,,,,,
582000,1970.1,0.000001,,,,,,,,
582100,1970.4,0.000001,,,,,,,,
582200,1970.8,0.000001,,,,,,,,
582300,1971.1,0.000001,,,,,,,,
582400,1971.4,0.000003,,,,,,,,
582500,1971.7,0.000002,,,,,,,,
582600,1972.0,0.000001,,,,,,,,
582700,1972.4,0.000002,,,,,,,,
582800,1972.7,0.000001,,,,,,,,
582900,1973.0,0.000003,,,,,,,,
583000,1973.3,0.000001,,,,,,,,
583100,1973.6,0.000002,,,,,,,,
583200,1973.9,0.000001,,,,,,,,
583300,1974.3,0.000001,,,,,,,,
583400,1974.6,0.000002,,,,,,,,
583500,1974.9,0.000001,,,,,,,,
583600,1975.2,0.000001,,,,,,,,
583700,1975.5,0.000001,,,,,,,,
583800,1975.8,0.000001,,,,,,,,
583900,1976.0,0.000001,,,,,,,,
584000,1976.3,0.000001,,,,,,,,
584100,1976.5,0.000001,,,,,,,,
584200,1976.7,0.000001,,,,,,,,
584300,1977.0,0.000001,,,,,,,,
584400,1977.2,0.000002,,,,,,,,
584500,1977.5,0.000001,,,,,,,,
584600,1977.8,0.000001,,,,,,,,
584700,1978.1,0.000001,,,,,,,,
584800,1978.4,0.000001,,,,,,,,
584900,1978.8,0.000001,,,,,,,,
585000,1980.2,0.000001,0.000001,1.258437e-01,4.469703e-03,3.566893e-03,0.000000,5.725885e-02,4.402214e-03,3.561086e-03
585100,1980.5,0.000001,,,,,,,,
585200,1980.8,0.000001,,,,,,,,
585300,1981.1,0.000001,,,,,,,,
585400,1981.5,0.000001,,,,,,,,
585500,1981.8,0.000001,,,,,,,,
585600,1982.1,0.000001,,,,,,,,
585700,1982.4,0.000003,,,,,,,,
585800,1982.7,0.000002,,,,,,,,
585900,1983.0,0.000001,,,,,,,,
586000,1983.4,0.000002,,,,,,,,
586100,1983.7,0.000001,,,,,,,,
586200,1984.0,0.000001,,,,,,,,
586300,1984.3,0.000001,,,,,,,,
586400,1984.6,0.000001,,,,,,,,
586500,1984.9,0.000001,,,,,,,,
586600,1985.3,0.000001,,,,,,,,
586700,1985.6,0.000002,,,,,,,,
586800,1985.9,0.000002,,,,,,,,
586900,1986.2,0.000001,,,,,,,,
587000,1986.5,0.000001,,,,,,,,
587100,1986.8,0.000001,,,,,,,,
587200,1987.2,0.000006,,,,,,,,
587300,1987.5,0.000001,,,,,,,,
587400,1987.8,0.000001,,,,,,,,
587500,1988.1,0.000004,,,,,,,,
587600,1988.4,0.000002,,,,,,,,
587700,1988.7,0.000001,,,,,,,,
587800,1989.0,0.000002,,,,,,,,
587900,1989.4,0.000001,,,,,,,,
588000,1989.7,0.000001,,,,,,,,
588100,1990.0,0.000003,,,,,,,,
588200,1990.3,0.000001,,,,,,,,
588300,1990.6,0.000001,,,,,,,,
588400,1990.9,0.000002,,,,,,,,
588500,1991.2,0.000001,,,,,,,,
588600,1991.6,0.000001,,,,,,,,
588700,1991.9,0.000001,,,,,,,,
588800,1992.2,0.000002,,,,,,,,
588900,1992.5,0.000001,,,,,,,,
589000,1992.8,0.000001,,,,,,,,
589100,1993.1,0.000002,,,,,,,,
589200,1993.4,0.000001,,,,,,,,
589300,1993.8,0.000001,,,,,,,,
589400,1994.1,0.000004,,,,,,,,
589500,1994.4,0.000001,,,,,,,,
589600,1994.7,0.000001,,,,,,,,
589700,1995.0,0.000001,,,,,,,,
589800,1995.3,0.000001,,,,,,,,
589900,1995.7,0.000001,,,,,,,,
590000,1997.1,0.000002,0.000001,8.582015e-02,3.891349e-03,2.845494e-03,0.000000,6.378026e-02,3.719067e-03,2.763429e-03
590100,1997.4,0.000001,,,,,,,,
590200,1997.7,0.000001,,,,,,,,
590300,1998.0,0.000001,,,,,,,,
590400,1998.3,0.000001,,,,,,,,
590500,1998.7,0.000001,,,,,,,,
590600,1999.0,0.000001,,,,,,,,
590700,1999.3,0.000001,,,,,,,,
590800,1999.6,0.000001,,,,,,,,
590900,1999.9,0.000001,,,,,,,,
591000,2000.2,0.000002,,,,,,,,
591100,2000.6,0.000001,,,,,,,,
591200,2000.8,0.000002,,,,,,,,
591300,2001.1,0.000001,,,,,,,,
591400,2001.4,0.000002,,,,,,,,
591500,2001.7,0.000001,,,,,,,,
591600,2002.1,0.000001,,,,,,,,
591700,2002.4,0.000001,,,,,,,,
591800,2002.7,0.000001,,,,,,,,
591900,2003.0,0.000002,,,,,,,,
592000,2003.3,0.000001,,,,,,,,
592100,2003.6,0.000001,,,,,,,,
592200,2004.0,0.000002,,,,,,,,
592300,2004.3,0.000001,,,,,,,,
592400,2004.6,0.000002,,,,,,,,
592500,2004.9,0.000001,,,,,,,,
592600,2005.2,0.000001,,,,,,,,
592700,2005.5,0.000001,,,,,,,,
592800,2005.9,0.000001,,,,,,,,
592900,2006.2,0.000001,,,,,,,,
593000,2006.5,0.000002,,,,,,,,
593100,2006.8,0.000002,,,,,,,,
593200,2007.1,0.000001,,,,,,,,
593300,2007.4,0.000001,,,,,,,,
593400,2007.7,0.000002,,,,,,,,
593500,2008.1,0.000001,,,,,,,,
593600,2008.4,0.000001,,,,,,,,
593700,2008.7,0.000001,,,,,,,,
593800,2009.0,0.000001,,,,,,,,
593900,2009.3,0.000002,,,,,,,,
594000,2009.6,0.000001,,,,,,,,
594100,2010.0,0.000001,,,,,,,,
594200,2010.3,0.000001,,,,,,,,
594300,2010.6,0.000001,,,,,,,,
594400,2010.9,0.000001,,,,,,,,
594500,2011.2,0.000001,,,,,,,,
594600,2011.5,0.000001,,,,,,,,
594700,2011.9,0.000001,,,,,,,,
594800,2012.2,0.000001,,,,,,,,
594900,2012.5,0.000001,,,,,,,,
595000,2013.9,0.000001,0.000001,1.033973e-01,4.017317e-03,3.068860e-03,0.000000,6.590629e-02,3.860951e-03,2.974672e-03
595100,2014.2,0.000001,,,,,,,,
595200,2014.6,0.000001,,,,,,,,
595300,2014.9,0.000001,,,,,,,,
595400,2015.2,0.000001,,,,,,,,
595500,2015.5,0.000002,,,,,,,,
595600,2015.8,0.000001,,,,,,,,
595700,2016.1,0.000001,,,,,,,,
595800,2016.4,0.000001,,,,,,,,
595900,2016.8,0.000001,,,,,,,,
596000,2017.1,0.000001,,,,,,,,
596100,2017.4,0.000001,,,,,,,,
596200,2017.7,0.000001,,,,,,,,
596300,2018.0,0.000001,,,,,,,,
596400,2018.3,0.000001,,,,,,,,
596500,2018.7,0.000001,,,,,,,,
596600,2019.0,0.000001,,,,,,,,
596700,2019.3,0.000001,,,,,,,,
596800,2019.6,0.000001,,,,,,,,
596900,2019.9,0.000001,,,,,,,,
597000,2020.2,0.000001,,,,,,,,
597100,2020.6,0.000001,,,,,,,,
597200,2020.9,0.000002,,,,,,,,
597300,2021.2,0.000001,,,,,,,,
597400,2021.5,0.000002,,,,,,,,
597500,2021.8,0.000001,,,,,,,,
597600,2022.1,0.000001,,,,,,,,
597700,2022.5,0.000001,,,,,,,,
597800,2022.8,0.000001,,,,,,,,
597900,2023.1,0.000002,,,,,,,,
598000,2023.4,0.000001,,,,,,,,
598100,2023.7,0.000001,,,,,,,,
598200,2024.0,0.000001,,,,,,,,
598300,2024.4,0.000001,,,,,,,,
598400,2024.7,0.000001,,,,,,,,
598500,2025.0,0.000001,,,,,,,,
598600,2025.3,0.000001,,,,,,,,
598700,2025.6,0.000001,,,,,,,,
598800,2025.9,0.000001,,,,,,,,
598900,2026.3,0.000002,,,,,,,,
599000,2026.6,0.000001,,,,,,,,
599100,2026.9,0.000001,,,,,,,,
599200,2027.2,0.000001,,,,,,,,
599300,2027.5,0.000001,,,,,,,,
599400,2027.8,0.000001,,,,,,,,
599500,2028.1,0.000001,,,,,,,,
599600,2028.5,0.000002,,,,,,,,
599700,2028.8,0.000002,,,,,,,,
599800,2029.0,0.000002,,,,,,,,
599900,2029.3,0.000001,,,,,,,,
600000,2030.8,0.000001,0.000001,1.412422e-01,4.360503e-03,3.445444e-03,0.000000,5.160428e-02,4.251928e-03,3.422662e-03
600100,2031.1,0.000003,,,,,,,,
600200,2031.4,0.000002,,,,,,,,
600300,2031.7,0.000001,,,,,,,,
600400,2032.0,0.000001,,,,,,,,
600500,2032.3,0.000001,,,,,,,,
600600,2032.7,0.000001,,,,,,,,
600700,2033.0,0.000001,,,,,,,,
600800,2033.3,0.000001,,,,,,,,
600900,2033.6,0.000001,,,,,,,,
601000,2033.9,0.000001,,,,,,,,
601100,2034.3,0.000001,,,,,,,,
601200,2034.6,0.000001,,,,,,,,
601300,2034.9,0.000001,,,,,,,,
601400,2035.2,0.000001,,,,,,,,
601500,2035.5,0.000001,,,,,,,,
601600,2035.8,0.000002,,,,,,,,
601700,2036.0,0.000002,,,,,,,,
601800,2036.4,0.000002,,,,,,,,
601900,2036.7,0.000001,,,,,,,,
602000,2037.0,0.000001,,,,,,,,
602100,2037.3,0.000001,,,,,,,,
602200,2037.6,0.000001,,,,,,,,
602300,2037.9,0.000001,,,,,,,,
602400,2038.3,0.000001,,,,,,,,
602500,2038.6,0.000001,,,,,,,,
602600,2038.9,0.000001,,,,,,,,
602700,2039.2,0.000001,,,,,,,,
602800,2039.5,0.000001,,,,,,,,
602900,2039.8,0.000001,,,,,,,,
603000,2040.1,0.000001,,,,,,,,
603100,2040.5,0.000001,,,,,,,,
603200,2040.8,0.000001,,,,,,,,
603300,2041.1,0.000001,,,,,,,,
603400,2041.4,0.000001,,,,,,,,
603500,2041.7,0.000001,,,,,,,,
603600,2042.0,0.000001,,,,,,,,
603700,2042.4,0.000001,,,,,,,,
603800,2042.7,0.000001,,,,,,,,
603900,2043.0,0.000001,,,,,,,,
604000,2043.3,0.000001,,,,,,,,
604100,2043.6,0.000003,,,,,,,,
604200,2043.9,0.000001,,,,,,,,
604300,2044.3,0.000002,,,,,,,,
604400,2044.6,0.000001,,,,,,,,
604500,2044.9,0.000001,,,,,,,,
604600,2045.2,0.000001,,,,,,,,
604700,2045.5,0.000001,,,,,,,,
604800,2045.8,0.000003,,,,,,,,
604900,2046.2,0.000002,,,,,,,,
605000,2047.6,0.000001,0.000001,1.640796e-01,4.358642e-03,3.291222e-03,0.000000,6.943942e-02,4.296057e-03,3.311439e-03
605100,2047.9,0.000001,,,,,,,,
605200,2048.2,0.000001,,,,,,,,
605300,2048.5,0.000001,,,,,,,,
605400,2048.8,0.000001,,,,,,,,
605500,2049.2,0.000003,,,,,,,,
605600,2049.5,0.000001,,,,,,,,
605700,2049.8,0.000001,,,,,,,,
605800,2050.1,0.000001,,,,,,,,
605900,2050.4,0.000001,,,,,,,,
606000,2050.7,0.000001,,,,,,,,
606100,2051.1,0.000001,,,,,,,,
606200,2051.4,0.000001,,,,,,,,
606300,2051.7,0.000001,,,,,,,,
606400,2052.0,0.000001,,,,,,,,
606500,2052.3,0.000002,,,,,,,,
606600,2052.6,0.000001,,,,,,,,
606700,2052.9,0.000001,,,,,,,,
606800,2053.3,0.000001,,,,,,,,
606900,2053.6,0.000001,,,,,,,,
607000,2053.9,0.000002,,,,,,,,
607100,2054.2,0.000001,,,,,,,,
607200,2054.5,0.000001,,,,,,,,
607300,2054.8,0.000001,,,,,,,,
607400,2055.2,0.000002,,,,,,,,
607500,2055.5,0.000001,,,,,,,,
607600,2055.8,0.000001,,,,,,,,
607700,2056.1,0.000001,,,,,,,,
607800,2056.4,0.000001,,,,,,,,
607900,2056.7,0.000001,,,,,,,,
608000,2057.1,0.000001,,,,,,,,
608100,2057.4,0.000001,,,,,,,,
608200,2057.7,0.000001,,,,,,,,
608300,2058.0,0.000004,,,,,,,,
608400,2058.3,0.000002,,,,,,,,
608500,2058.6,0.000001,,,,,,,,
608600,2059.0,0.000002,,,,,,,,
608700,2059.3,0.000001,,,,,,,,
608800,2059.6,0.000001,,,,,,,,
608900,2059.9,0.000002,,,,,,,,
609000,2060.2,0.000001,,,,,,,,
609100,2060.5,0.000001,,,,,,,,
609200,2060.8,0.000001,,,,,,,,
609300,2061.2,0.000001,,,,,,,,
609400,2061.5,0.000001,,,,,,,,
609500,2061.8,0.000001,,,,,,,,
609600,2062.1,0.000001,,,,,,,,
609700,2062.4,0.000001,,,,,,,,
609800,2062.7,0.000001,,,,,,,,
609900,2063.1,0.000002,,,,,,,,
610000,2064.5,0.000001,0.000001,1.526772e-01,5.296322e-03,4.206830e-03,0.000000,6.100822e-02,5.201154e-03,4.178832e-03
610100,2064.8,0.000001,,,,,,,,
610200,2065.1,0.000001,,,,,,,,
610300,2065.4,0.000001,,,,,,,,
610400,2065.8,0.000001,,,,,,,,
610500,2066.1,0.000001,,,,,,,,
610600,2066.4,0.000002,,,,,,,,
610700,2066.7,0.000002,,,,,,,,
610800,2067.0,0.000001,,,,,,,,
610900,2067.3,0.000001,,,,,,,,
611000,2067.7,0.000002,,,,,,,,
611100,2068.0,0.000001,,,,,,,,
611200,2068.3,0.000001,,,,,,,,
611300,2068.6,0.000002,,,,,,,,
611400,2068.9,0.000001,,,,,,,,
611500,2069.2,0.000001,,,,,,,,
611600,2069.6,0.000001,,,,,,,,
611700,2069.9,0.000001,,,,,,,,
611800,2070.2,0.000002,,,,,,,,
611900,2070.5,0.000001,,,,,,,,
612000,2070.8,0.000001,,,,,,,,
612100,2071.1,0.000001,,,,,,,,
612200,2071.5,0.000001,,,,,,,,
612300,2071.8,0.000001,,,,,,,,
612400,2072.1,0.000001,,,,,,,,
612500,2072.4,0.000001,,,,,,,,
612600,2072.7,0.000001,,,,,,,,
612700,2073.0,0.000001,,,,,,,,
612800,2073.3,0.000001,,,,,,,,
612900,2073.7,0.000001,,,,,,,,
613000,2074.0,0.000001,,,,,,,,
613100,2074.3,0.000001,,,,,,,,
613200,2074.6,0.000001,,,,,,,,
613300,2074.9,0.000001,,,,,,,,
613400,2075.2,0.000001,,,,,,,,
613500,2075.6,0.000001,,,,,,,,
613600,2075.9,0.000002,,,,,,,,
613700,2076.2,0.000001,,,,,,,,
613800,2076.5,0.000001,,,,,,,,
613900,2076.8,0.000001,,,,,,,,
614000,2077.1,0.000001,,,,,,,,
614100,2077.5,0.000001,,,,,,,,
614200,2077.8,0.000001,,,,,,,,
614300,2078.1,0.000001,,,,,,,,
614400,2078.4,0.000001,,,,,,,,
614500,2078.7,0.000001,,,,,,,,
614600,2079.0,0.000002,,,,,,,,
614700,2079.4,0.000001,,,,,,,,
614800,2079.7,0.000001,,,,,,,,
614900,2080.0,0.000002,,,,,,,,
615000,2081.5,0.000001,0.000001,8.906097e-02,4.604261e-03,3.483586e-03,0.000000,8.906097e-02,4.442170e-03,3.423244e-03
615100,2081.7,0.000001,,,,,,,,
615200,2082.1,0.000001,,,,,,,,
615300,2082.4,0.000001,,,,,,,,
615400,2082.7,0.000001,,,,,,,,
615500,2082.9,0.000001,,,,,,,,
615600,2083.2,0.000003,,,,,,,,
615700,2083.6,0.000001,,,,,,,,
615800,2083.9,0.000001,,,,,,,,
615900,2084.2,0.000001,,,,,,,,
616000,2084.5,0.000001,,,,,,,,
616100,2084.8,0.000001,,,,,,,,
616200,2085.1,0.000001,,,,,,,,
616300,2085.5,0.000001,,,,,,,,
616400,2085.8,0.000001,,,,,,,,
616500,2086.1,0.000001,,,,,,,,
616600,2086.4,0.000001,,,,,,,,
616700,2086.7,0.000001,,,,,,,,
616800,2087.0,0.000001,,,,,,,,
616900,2087.4,0.000001,,,,,,,,
617000,2087.7,0.000001,,,,,,,,
617100,2088.0,0.000001,,,,,,,,
617200,2088.3,0.000001,,,,,,,,
617300,2088.6,0.000001,,,,,,,,
617400,2088.9,0.000001,,,,,,,,
617500,2089.2,0.000001,,,,,,,,
617600,2089.6,0.000001,,,,,,,,
617700,2089.9,0.000001,,,,,,,,
617800,2090.2,0.000001,,,,,,,,
617900,2090.5,0.000001,,,,,,,,
618000,2090.8,0.000001,,,,,,,,
618100,2091.1,0.000001,,,,,,,,
618200,2091.5,0.000002,,,,,,,,
618300,2091.8,0.000001,,,,,,,,
618400,2092.1,0.000002,,,,,,,,
618500,2092.4,0.000001,,,,,,,,
618600,2092.7,0.000002,,,,,,,,
618700,2093.1,0.000001,,,,,,,,
618800,2093.4,0.000002,,,,,,,,
618900,2093.7,0.000001,,,,,,,,
619000,2094.0,0.000001,,,,,,,,
619100,2094.3,0.000001,,,,,,,,
619200,2094.6,0.000002,,,,,,,,
619300,2095.0,0.000001,,,,,,,,
619400,2095.3,0.000003,,,,,,,,
619500,2095.6,0.000001,,,,,,,,
619600,2095.9,0.000001,,,,,,,,
619700,2096.2,0.000001,,,,,,,,
619800,2096.5,0.000001,,,,,,,,
619900,2096.9,0.000001,,,,,,,,
620000,2098.3,0.000001,0.000001,9.294004e-02,4.460409e-03,3.601263e-03,0.000000,6.609435e-02,4.322553e-03,3.532548e-03
620100,2098.6,0.000001,,,,,,,,
620200,2098.9,0.000002,,,,,,,,
620300,2099.2,0.000001,,,,,,,,
620400,2099.6,0.000001,,,,,,,,
620500,2099.9,0.000001,,,,,,,,
620600,2100.2,0.000001,,,,,,,,
620700,2100.5,0.000001,,,,,,,,
620800,2100.8,0.000002,,,,,,,,
620900,2101.1,0.000001,,,,,,,,
621000,2101.5,0.000001,,,,,,,,
621100,2101.8,0.000001,,,,,,,,
621200,2102.1,0.000001,,,,,,,,
621300,2102.4,0.000001,,,,,,,,
621400,2102.7,0.000001,,,,,,,,
621500,2103.0,0.000004,,,,,,,,
621600,2103.4,0.000001,,,,,,,,
621700,2103.7,0.000001,,,,,,,,
621800,2104.0,0.000001,,,,,,,,
621900,2104.3,0.000001,,,,,,,,
622000,2104.6,0.000001,,,,,,,,
622100,2104.9,0.000001,,,,,,,,
622200,2105.3,0.000001,,,,,,,,
622300,2105.6,0.000001,,,,,,,,
622400,2105.9,0.000001,,,,,,,,
622500,2106.2,0.000002,,,,,,,,
622600,2106.5,0.000001,,,,,,,,
622700,2106.8,0.000001,,,,,,,,
622800,2107.2,0.000001,,,,,,,,
622900,2107.5,0.000001,,,,,,,,
623000,2107.8,0.000001,,,,,,,,
623100,2108.1,0.000001,,,,,,,,
623200,2108.4,0.000002,,,,,,,,
623300,2108.7,0.000001,,,,,,,,
623400,2109.1,0.000001,,,,,,,,
623500,2109.4,0.000001,,,,,,,,
623600,2109.7,0.000001,,,,,,,,
623700,2110.0,0.000001,,,,,,,,
623800,2110.3,0.000001,,,,,,,,
623900,2110.7,0.000001,,,,,,,,
624000,2111.0,0.000001,,,,,,,,
624100,2111.3,0.000002,,,,,,,,
624200,2111.6,0.000001,,,,,,,,
624300,2111.9,0.000001,,,,,,,,
624400,2112.2,0.000001,,,,,,,,
624500,2112.6,0.000001,,,,,,,,
624600,2112.9,0.000001,,,,,,,,
624700,2113.2,0.000001,,,,,,,,
624800,2113.5,0.000001,,,,,,,,
624900,2113.8,0.000002,,,,,,,,
625000,2115.3,0.000001,0.000001,1.313807e-01,4.401146e-03,3.486261e-03,0.000000,4.721547e-02,4.284825e-03,3.428337e-03
625100,2115.6,0.000001,,,,,,,,
625200,2115.9,0.000001,,,,,,,,
625300,2116.2,0.000002,,,,,,,,
625400,2116.5,0.000001,,,,,,,,
625500,2116.8,0.000001,,,,,,,,
625600,2117.2,0.000001,,,,,,,,
625700,2117.5,0.000001,,,,,,,,
625800,2117.8,0.000001,,,,,,,,
625900,2118.1,0.000001,,,,,,,,
626000,2118.4,0.000001,,,,,,,,
626100,2118.7,0.000001,,,,,,,,
626200,2119.0,0.000002,,,,,,,,
626300,2119.4,0.000001,,,,,,,,
626400,2119.7,0.000001,,,,,,,,
626500,2120.0,0.000001,,,,,,,,
626600,2120.3,0.000001,,,,,,,,
626700,2120.6,0.000001,,,,,,,,
626800,2121.0,0.000001,,,,,,,,
626900,2121.3,0.000001,,,,,,,,
627000,2121.6,0.000001,,,,,,,,
627100,2121.9,0.000001,,,,,,,,
627200,2122.2,0.000001,,,,,,,,
627300,2122.5,0.000001,,,,,,,,
627400,2122.9,0.000001,,,,,,,,
627500,2123.2,0.000002,,,,,,,,
627600,2123.5,0.000001,,,,,,,,
627700,2123.8,0.000001,,,,,,,,
627800,2124.1,0.000001,,,,,,,,
627900,2124.4,0.000001,,,,,,,,
628000,2124.7,0.000001,,,,,,,,
628100,2125.1,0.000001,,,,,,,,
628200,2125.4,0.000001,,,,,,,,
628300,2125.7,0.000002,,,,,,,,
628400,2126.0,0.000001,,,,,,,,
628500,2126.3,0.000001,,,,,,,,
628600,2126.6,0.000002,,,,,,,,
628700,2127.0,0.000001,,,,,,,,
628800,2127.3,0.000001,,,,,,,,
628900,2127.6,0.000001,,,,,,,,
629000,2127.9,0.000001,,,,,,,,
629100,2128.2,0.000001,,,,,,,,
629200,2128.5,0.000001,,,,,,,,
629300,2128.8,0.000002,,,,,,,,
629400,2129.2,0.000001,,,,,,,,
629500,2129.5,0.000001,,,,,,,,
629600,2129.8,0.000001,,,,,,,,
629700,2130.1,0.000001,,,,,,,,
629800,2130.4,0.000001,,,,,,,,
629900,2130.7,0.000001,,,,,,,,
630000,2132.2,0.000002,0.000001,1.241015e-01,4.586596e-03,3.538811e-03,0.000000,9.608889e-02,4.343385e-03,3.407633e-03
630100,2132.5,0.000001,,,,,,,,
630200,2132.8,0.000001,,,,,,,,
630300,2133.1,0.000001,,,,,,,,
630400,2133.4,0.000001,,,,,,,,
630500,2133.8,0.000002,,,,,,,,
630600,2134.1,0.000001,,,,,,,,
630700,2134.4,0.000001,,,,,,,,
630800,2134.7,0.000001,,,,,,,,
630900,2135.0,0.000001,,,,,,,,
631000,2135.3,0.000002,,,,,,,,
631100,2135.7,0.000001,,,,,,,,
631200,2136.0,0.000001,,,,,,,,
631300,2136.3,0.000001,,,,,,,,
631400,2136.6,0.000001,,,,,,,,
631500,2136.9,0.000001,,,,,,,,
631600,2137.2,0.000001,,,,,,,,
631700,2137.6,0.000001,,,,,,,,
631800,2137.9,0.000001,,,,,,,,
631900,2138.2,0.000002,,,,,,,,
632000,2138.5,0.000001,,,,,,,,
632100,2138.8,0.000001,,,,,,,,
632200,2139.1,0.000001,,,,,,,,
632300,2139.5,0.000001,,,,,,,,
632400,2139.8,0.000001,,,,,,,,
632500,2140.1,0.000001,,,,,,,,
632600,2140.4,0.000001,,,,,,,,
632700,2140.7,0.000001,,,,,,,,
632800,2141.0,0.000001,,,,,,,,
632900,2141.4,0.000001,,,,,,,,
633000,2141.7,0.000001,,,,,,,,
633100,2142.0,0.000001,,,,,,,,
633200,2142.3,0.000001,,,,,,,,
633300,2142.6,0.000001,,,,,,,,
633400,2142.9,0.000001,,,,,,,,
633500,2143.3,0.000001,,,,,,,,
633600,2143.6,0.000001,,,,,,,,
633700,2143.9,0.000002,,,,,,,,
633800,2144.2,0.000001,,,,,,,,
633900,2144.5,0.000001,,,,,,,,
634000,2144.8,0.000001,,,,,,,,
634100,2145.2,0.000001,,,,,,,,
634200,2145.5,0.000001,,,,,,,,
634300,2145.8,0.000001,,,,,,,,
634400,2146.1,0.000001,,,,,,,,
634500,2146.4,0.000001,,,,,,,,
634600,2146.7,0.000001,,,,,,,,
634700,2147.1,0.000001,,,,,,,,
634800,2147.4,0.000001,,,,,,,,
634900,2147.7,0.000001,,,,,,,,
635000,2149.1,0.000001,0.000001,1.435258e-01,3.602946e-03,2.688761e-03,0.000000,4.757524e-02,3.374344e-03,2.574348e-03
635100,2149.4,0.000001,,,,,,,,
635200,2149.8,0.000001,,,,,,,,
635300,2150.1,0.000003,,,,,,,,
635400,2150.4,0.000001,,,,,,,,
635500,2150.7,0.000001,,,,,,,,
635600,2151.0,0.000001,,,,,,,,
635700,2151.3,0.000001,,,,,,,,
635800,2151.7,0.000002,,,,,,,,
635900,2152.0,0.000001,,,,,,,,
636000,2152.3,0.000001,,,,,,,,
636100,2152.6,0.000001,,,,,,,,
636200,2152.9,0.000001,,,,,,,,
636300,2153.2,0.000001,,,,,,,,
636400,2153.5,0.000001,,,,,,,,
636500,2153.9,0.000001,,,,,,,,
636600,2154.2,0.000001,,,,,,,,
636700,2154.5,0.000001,,,,,,,,
636800,2154.8,0.000001,,,,,,,,
636900,2155.1,0.000001,,,,,,,,
637000,2155.4,0.000001,,,,,,,,
637100,2155.7,0.000001,,,,,,,,
637200,2156.1,0.000001,,,,,,,,
637300,2156.4,0.000002,,,,,,,,
637400,2156.7,0.000001,,,,,,,,
637500,2157.0,0.000001,,,,,,,,
637600,2157.3,0.000001,,,,,,,,
637700,2157.6,0.000001,,,,,,,,
637800,2157.9,0.000001,,,,,,,,
637900,2158.2,0.000001,,,,,,,,
638000,2158.5,0.000001,,,,,,,,
638100,2158.8,0.000001,,,,,,,,
638200,2159.2,0.000001,,,,,,,,
638300,2159.5,0.000001,,,,,,,,
638400,2159.8,0.000001,,,,,,,,
638500,2160.1,0.000001,,,,,,,,
638600,2160.4,0.000002,,,,,,,,
638700,2160.7,0.000001,,,,,,,,
638800,2161.0,0.000001,,,,,,,,
638900,2161.3,0.000001,,,,,,,,
639000,2161.6,0.000001,,,,,,,,
639100,2161.9,0.000001,,,,,,,,
639200,2162.3,0.000001,,,,,,,,
639300,2162.6,0.000001,,,,,,,,
639400,2162.9,0.000001,,,,,,,,
639500,2163.2,0.000001,,,,,,,,
639600,2163.5,0.000002,,,,,,,,
639700,2163.8,0.000002,,,,,,,,
639800,2164.1,0.000001,,,,,,,,
639900,2164.4,0.000001,,,,,,,,
640000,2165.9,0.000001,0.000001,1.445140e-01,4.244684e-03,3.452981e-03,0.000000,6.405521e-02,4.056242e-03,3.365244e-03
640100,2166.2,0.000001,,,,,,,,
640200,2166.5,0.000001,,,,,,,,
640300,2166.7,0.000001,,,,,,,,
640400,2167.0,0.000002,,,,,,,,
640500,2167.3,0.000001,,,,,,,,
640600,2167.7,0.000001,,,,,,,,
640700,2168.0,0.000001,,,,,,,,
640800,2168.3,0.000002,,,,,,,,
640900,2168.6,0.000001,,,,,,,,
641000,2168.9,0.000001,,,,,,,,
641100,2169.2,0.000001,,,,,,,,
641200,2169.6,0.000002,,,,,,,,
641300,2169.9,0.000001,,,,,,,,
641400,2170.2,0.000001,,,,,,,,
641500,2170.5,0.000001,,,,,,,,
641600,2170.8,0.000001,,,,,,,,
641700,2171.1,0.000001,,,,,,,,
641800,2171.5,0.000001,,,,,,,,
641900,2171.8,0.000001,,,,,,,,
642000,2172.1,0.000001,,,,,,,,
642100,2172.4,0.000001,,,,,,,,
642200,2172.7,0.000001,,,,,,,,
642300,2173.0,0.000001,,,,,,,,
642400,2173.4,0.000001,,,,,,,,
642500,2173.7,0.000001,,,,,,,,
642600,2174.0,0.000001,,,,,,,,
642700,2174.3,0.000001,,,,,,,,
642800,2174.6,0.000001,,,,,,,,
642900,2174.9,0.000001,,,,,,,,
643000,2175.3,0.000001,,,,,,,,
643100,2175.6,0.000001,,,,,,,,
643200,2175.9,0.000001,,,,,,,,
643300,2176.2,0.000001,,,,,,,,
643400,2176.5,0.000001,,,,,,,,
643500,2176.8,0.000001,,,,,,,,
643600,2177.2,0.000001,,,,,,,,
643700,2177.5,0.000001,,,,,,,,
643800,2177.8,0.000001,,,,,,,,
643900,2178.1,0.000001,,,,,,,,
644000,2178.4,0.000001,,,,,,,,
644100,2178.7,0.000001,,,,,,,,
644200,2179.1,0.000001,,,,,,,,
644300,2179.4,0.000001,,,,,,,,
644400,2179.7,0.000001,,,,,,,,
644500,2180.0,0.000001,,,,,,,,
644600,2180.3,0.000001,,,,,,,,
644700,2180.7,0.000001,,,,,,,,
644800,2181.0,0.000001,,,,,,,,
644900,2181.3,0.000001,,,,,,,,
645000,2182.7,0.000001,0.000001,1.576204e-01,3.572641e-03,2.595857e-03,0.000000,7.454801e-02,3.329703e-03,2.467298e-03
645100,2183.0,0.000001,,,,,,,,
645200,2183.4,0.000001,,,,,,,,
645300,2183.7,0.000001,,,,,,,,
645400,2184.0,0.000001,,,,,,,,
645500,2184.3,0.000001,,,,,,,,
645600,2184.6,0.000001,,,,,,,,
645700,2184.9,0.000001,,,,,,,,
645800,2185.3,0.000001,,,,,,,,
645900,2185.6,0.000001,,,,,,,,
646000,2185.9,0.000001,,,,,,,,
646100,2186.2,0.000001,,,,,,,,
646200,2186.5,0.000002,,,,,,,,
646300,2186.8,0.000001,,,,,,,,
646400,2187.2,0.000001,,,,,,,,
646500,2187.5,0.000002,,,,,,,,
646600,2187.8,0.000001,,,,,,,,
646700,2188.1,0.000001,,,,,,,,
646800,2188.4,0.000001,,,,,,,,
646900,2188.8,0.000001,,,,,,,,
647000,2189.1,0.000001,,,,,,,,
647100,2189.4,0.000001,,,,,,,,
647200,2189.7,0.000001,,,,,,,,
647300,2190.0,0.000001,,,,,,,,
647400,2190.3,0.000001,,,,,,,,
647500,2190.7,0.000001,,,,,,,,
647600,2191.0,0.000001,,,,,,,,
647700,2191.3,0.000001,,,,,,,,
647800,2191.6,0.000001,,,,,,,,
647900,2191.9,0.000001,,,,,,,,
648000,2192.2,0.000001,,,,,,,,
648100,2192.6,0.000001,,,,,,,,
648200,2192.9,0.000001,,,,,,,,
648300,2193.2,0.000001,,,,,,,,
648400,2193.5,0.000001,,,,,,,,
648500,2193.8,0.000001,,,,,,,,
648600,2194.1,0.000001,,,,,,,,
648700,2194.5,0.000001,,,,,,,,
648800,2194.8,0.000001,,,,,,,,
648900,2195.1,0.000001,,,,,,,,
649000,2195.4,0.000001,,,,,,,,
649100,2195.7,0.000001,,,,,,,,
649200,2196.0,0.000001,,,,,,,,
649300,2196.4,0.000001,,,,,,,,
649400,2196.7,0.000001,,,,,,,,
649500,2197.0,0.000001,,,,,,,,
649600,2197.3,0.000001,,,,,,,,
649700,2197.6,0.000001,,,,,,,,
649800,2198.0,0.000001,,,,,,,,
649900,2198.3,0.000001,,,,,,,,
650000,2199.7,0.000001,0.000001,1.258482e-01,4.514995e-03,3.290636e-03,0.000000,7.810492e-02,4.246025e-03,3.158740e-03
650100,2200.0,0.000001,,,,,,,,
650200,2200.3,0.000001,,,,,,,,
650300,2200.6,0.000001,,,,,,,,
650400,2201.0,0.000001,,,,,,,,
650500,2201.3,0.000001,,,,,,,,
650600,2201.6,0.000001,,,,,,,,
650700,2201.9,0.000001,,,,,,,,
650800,2202.2,0.000001,,,,,,,,
650900,2202.6,0.000001,,,,,,,,
651000,2202.9,0.000001,,,,,,,,
651100,2203.2,0.000001,,,,,,,,
651200,2203.5,0.000001,,,,,,,,
651300,2203.8,0.000001,,,,,,,,
651400,2204.1,0.000002,,,,,,,,
651500,2204.5,0.000001,,,,,,,,
651600,2204.8,0.000001,,,,,,,,
651700,2205.1,0.000001,,,,,,,,
651800,2205.4,0.000001,,,,,,,,
651900,2205.7,0.000001,,,,,,,,
652000,2206.0,0.000001,,,,,,,,
652100,2206.4,0.000001,,,,,,,,
652200,2206.7,0.000001,,,,,,,,
652300,2207.0,0.000001,,,,,,,,
652400,2207.3,0.000001,,,,,,,,
652500,2207.6,0.000001,,,,,,,,
652600,2207.9,0.000001,,,,,,,,
652700,2208.3,0.000001,,,,,,,,
652800,2208.6,0.000001,,,,,,,,
652900,2208.9,0.000001,,,,,,,,
653000,2209.2,0.000001,,,,,,,,
653100,2209.5,0.000001,,,,,,,,
653200,2209.8,0.000001,,,,,,,,
653300,2210.2,0.000001,,,,,,,,
653400,2210.5,0.000001,,,,,,,,
653500,2210.8,0.000001,,,,,,,,
653600,2211.1,0.000001,,,,,,,,
653700,2211.4,0.000001,,,,,,,,
653800,2211.7,0.000001,,,,,,,,
653900,2212.1,0.000001,,,,,,,,
654000,2212.4,0.000001,,,,,,,,
654100,2212.7,0.000001,,,,,,,,
654200,2213.0,0.000001,,,,,,,,
654300,2213.3,0.000001,,,,,,,,
654400,2213.7,0.000001,,,,,,,,
654500,2214.0,0.000001,,,,,,,,
654600,2214.3,0.000001,,,,,,,,
654700,2214.6,0.000001,,,,,,,,
654800,2214.9,0.000001,,,,,,,,
654900,2215.2,0.000001,,,,,,,,
655000,2216.7,0.000001,0.000001,1.385045e-01,5.207742e-03,3.847771e-03,0.000000,9.628249e-02,4.888375e-03,3.643117e-03
655100,2217.0,0.000002,,,,,,,,
655200,2217.3,0.000001,,,,,,,,
655300,2217.6,0.000001,,,,,,,,
655400,2217.9,0.000001,,,,,,,,
655500,2218.3,0.000001,,,,,,,,
655600,2218.6,0.000001,,,,,,,,
655700,2218.9,0.000001,,,,,,,,
655800,2219.2,0.000002,,,,,,,,
655900,2219.5,0.000001,,,,,,,,
656000,2219.8,0.000001,,,,,,,,
656100,2220.2,0.000001,,,,,,,,
656200,2220.5,0.000001,,,,,,,,
656300,2220.8,0.000001,,,,,,,,
656400,2221.1,0.000002,,,,,,,,
656500,2221.4,0.000001,,,,,,,,
656600,2221.8,0.000001,,,,,,,,
656700,2222.1,0.000001,,,,,,,,
656800,2222.4,0.000001,,,,,,,,
656900,2222.7,0.000001,,,,,,,,
657000,2223.0,0.000001,,,,,,,,
657100,2223.3,0.000001,,,,,,,,
657200,2223.7,0.000001,,,,,,,,
657300,2224.0,0.000001,,,,,,,,
657400,2224.3,0.000001,,,,,,,,
657500,2224.6,0.000001,,,,,,,,
657600,2224.9,0.000001,,,,,,,,
657700,2225.2,0.000001,,,,,,,,
657800,2225.6,0.000001,,,,,,,,
657900,2225.9,0.000001,,,,,,,,
658000,2226.2,0.000001,,,,,,,,
658100,2226.5,0.000000,,,,,,,,
658200,2226.8,0.000001,,,,,,,,
658300,2227.1,0.000001,,,,,,,,
658400,2227.5,0.000001,,,,,,,,
658500,2227.8,0.000001,,,,,,,,
658600,2228.1,0.000001,,,,,,,,
658700,2228.4,0.000001,,,,,,,,
658800,2228.7,0.000001,,,,,,,,
658900,2229.0,0.000001,,,,,,,,
659000,2229.4,0.000001,,,,,,,,
659100,2229.7,0.000001,,,,,,,,
659200,2230.0,0.000001,,,,,,,,
659300,2230.3,0.000001,,,,,,,,
659400,2230.6,0.000001,,,,,,,,
659500,2230.9,0.000001,,,,,,,,
659600,2231.2,0.000001,,,,,,,,
659700,2231.6,0.000001,,,,,,,,
659800,2231.9,0.000001,,,,,,,,
659900,2232.2,0.000001,,,,,,,,
660000,2233.7,0.000001,0.000001,8.311982e-02,3.782400e-03,2.845396e-03,0.000000,6.633443e-02,3.675774e-03,2.807738e-03
660100,2234.0,0.000001,,,,,,,,
660200,2234.3,0.000001,,,,,,,,
660300,2234.6,0.000001,,,,,,,,
660400,2234.9,0.000001,,,,,,,,
660500,2235.2,0.000000,,,,,,,,
660600,2235.5,0.000001,,,,,,,,
660700,2235.9,0.000001,,,,,,,,
660800,2236.2,0.000001,,,,,,,,
660900,2236.5,0.000001,,,,,,,,
661000,2236.8,0.000001,,,,,,,,
661100,2237.1,0.000001,,,,,,,,
661200,2237.4,0.000001,,,,,,,,
661300,2237.8,0.000001,,,,,,,,
661400,2238.1,0.000000,,,,,,,,
661500,2238.4,0.000001,,,,,,,,
661600,2238.7,0.000001,,,,,,,,
661700,2239.0,0.000001,,,,,,,,
661800,2239.3,0.000001,,,,,,,,
661900,2239.7,0.000001,,,,,,,,
662000,2240.0,0.000001,,,,,,,,
662100,2240.3,0.000001,,,,,,,,
662200,2240.6,0.000001,,,,,,,,
662300,2240.9,0.000001,,,,,,,,
662400,2241.3,0.000001,,,,,,,,
662500,2241.6,0.000001,,,,,,,,
662600,2241.9,0.000001,,,,,,,,
662700,2242.2,0.000001,,,,,,,,
662800,2242.5,0.000001,,,,,,,,
662900,2242.8,0.000001,,,,,,,,
663000,2243.2,0.000001,,,,,,,,
663100,2243.5,0.000001,,,,,,,,
663200,2243.8,0.000001,,,,,,,,
663300,2244.1,0.000000,,,,,,,,
663400,2244.4,0.000001,,,,,,,,
663500,2244.7,0.000001,,,,,,,,
663600,2245.1,0.000001,,,,,,,,
663700,2245.4,0.000001,,,,,,,,
663800,2245.7,0.000001,,,,,,,,
663900,2246.0,0.000001,,,,,,,,
664000,2246.3,0.000001,,,,,,,,
664100,2246.6,0.000001,,,,,,,,
664200,2247.0,0.000001,,,,,,,,
664300,2247.3,0.000001,,,,,,,,
664400,2247.6,0.000001,,,,,,,,
664500,2247.9,0.000001,,,,,,,,
664600,2248.2,0.000001,,,,,,,,
664700,2248.5,0.000001,,,,,,,,
664800,2248.9,0.000001,,,,,,,,
664900,2249.2,0.000001,,,,,,,,
665000,2250.6,0.000001,0.000001,1.190140e-01,4.169474e-03,3.291098e-03,0.000000,6.334496e-02,4.047183e-03,3.217072e-03
665100,2250.9,0.000001,,,,,,,,
665200,2251.3,0.000001,,,,,,,,
665300,2251.6,0.000001,,,,,,,,
665400,2251.9,0.000001,,,,,,,,
665500,2252.2,0.000000,,,,,,,,
665600,2252.5,0.000001,,,,,,,,
665700,2252.8,0.000001,,,,,,,,
665800,2253.2,0.000001,,,,,,,,
665900,2253.5,0.000001,,,,,,,,
666000,2253.8,0.000001,,,,,,,,
666100,2254.1,0.000001,,,,,,,,
666200,2254.4,0.000001,,,,,,,,
666300,2254.7,0.000001,,,,,,,,
666400,2255.1,0.000001,,,,,,,,
666500,2255.4,0.000001,,,,,,,,
666600,2255.7,0.000001,,,,,,,,
666700,2256.0,0.000001,,,,,,,,
666800,2256.3,0.000001,,,,,,,,
666900,2256.7,0.000001,,,,,,,,
667000,2257.0,0.000001,,,,,,,,
667100,2257.3,0.000001,,,,,,,,
667200,2257.6,0.000001,,,,,,,,
667300,2257.9,0.000001,,,,,,,,
667400,2258.2,0.000001,,,,,,,,
667500,2258.6,0.000001,,,,,,,,
667600,2258.9,0.000001,,,,,,,,
667700,2259.2,0.000001,,,,,,,,
667800,2259.5,0.000001,,,,,,,,
667900,2259.8,0.000001,,,,,,,,
668000,2260.1,0.000001,,,,,,,,
668100,2260.5,0.000001,,,,,,,,
668200,2260.8,0.000001,,,,,,,,
668300,2261.1,0.000001,,,,,,,,
668400,2261.4,0.000001,,,,,,,,
668500,2261.7,0.000001,,,,,,,,
668600,2262.0,0.000001,,,,,,,,
668700,2262.4,0.000001,,,,,,,,
668800,2262.7,0.000001,,,,,,,,
668900,2263.0,0.000001,,,,,,,,
669000,2263.3,0.000001,,,,,,,,
669100,2263.6,0.000000,,,,,,,,
669200,2263.9,0.000001,,,,,,,,
669300,2264.2,0.000001,,,,,,,,
669400,2264.6,0.000001,,,,,,,,
669500,2264.9,0.000001,,,,,,,,
669600,2265.2,0.000001,,,,,,,,
669700,2265.5,0.000001,,,,,,,,
669800,2265.8,0.000001,,,,,,,,
669900,2266.2,0.000001,,,,,,,,
670000,2267.6,0.000001,0.000001,9.629375e-02,4.345738e-03,3.288447e-03,0.000000,9.285039e-02,4.097062e-03,3.142247e-03
670100,2267.9,0.000001,,,,,,,,
670200,2268.2,0.000001,,,,,,,,
670300,2268.5,0.000001,,,,,,,,
670400,2268.9,0.000001,,,,,,,,
670500,2269.2,0.000001,,,,,,,,
670600,2269.5,0.000001,,,,,,,,
670700,2269.8,0.000001,,,,,,,,
670800,2270.1,0.000001,,,,,,,,
670900,2270.4,0.000001,,,,,,,,
671000,2270.8,0.000001,,,,,,,,
671100,2271.1,0.000001,,,,,,,,
671200,2271.4,0.000001,,,,,,,,
671300,2271.7,0.000001,,,,,,,,
671400,2272.0,0.000001,,,,,,,,
671500,2272.3,0.000001,,,,,,,,
671600,2272.7,0.000001,,,,,,,,
671700,2273.0,0.000001,,,,,,,,
671800,2273.3,0.000001,,,,,,,,
671900,2273.6,0.000001,,,,,,,,
672000,2273.9,0.000001,,,,,,,,
672100,2274.2,0.000001,,,,,,,,
672200,2274.6,0.000001,,,,,,,,
672300,2274.9,0.000001,,,,,,,,
672400,2275.2,0.000001,,,,,,,,
672500,2275.5,0.000000,,,,,,,,
672600,2275.8,0.000001,,,,,,,,
672700,2276.1,0.000001,,,,,,,,
672800,2276.5,0.000001,,,,,,,,
672900,2276.8,0.000003,,,,,,,,
673000,2277.1,0.000001,,,,,,,,
673100,2277.4,0.000001,,,,,,,,
673200,2277.7,0.000001,,,,,,,,
673300,2278.0,0.000001,,,,,,,,
673400,2278.4,0.000001,,,,,,,,
673500,2278.7,0.000001,,,,,,,,
673600,2279.0,0.000001,,,,,,,,
673700,2279.3,0.000001,,,,,,,,
673800,2279.6,0.000001,,,,,,,,
673900,2279.9,0.000001,,,,,,,,
674000,2280.3,0.000001,,,,,,,,
674100,2280.6,0.000001,,,,,,,,
674200,2280.9,0.000001,,,,,,,,
674300,2281.2,0.000001,,,,,,,,
674400,2281.5,0.000001,,,,,,,,
674500,2281.9,0.000001,,,,,,,,
674600,2282.2,0.000001,,,,,,,,
674700,2282.5,0.000001,,,,,,,,
674800,2282.8,0.000001,,,,,,,,
674900,2283.1,0.000001,,,,,,,,
675000,2284.6,0.000001,0.000001,1.594541e-01,4.773603e-03,3.838474e-03,0.000000,8.527089e-02,4.627555e-03,3.788898e-03
675100,2284.9,0.000000,,,,,,,,
675200,2285.2,0.000001,,,,,,,,
675300,2285.5,0.000001,,,,,,,,
675400,2285.8,0.000001,,,,,,,,
675500,2286.1,0.000000,,,,,,,,
675600,2286.5,0.000001,,,,,,,,
675700,2286.8,0.000001,,,,,,,,
675800,2287.1,0.000001,,,,,,,,
675900,2287.4,0.000001,,,,,,,,
676000,2287.7,0.000001,,,,,,,,
676100,2288.0,0.000001,,,,,,,,
676200,2288.4,0.000001,,,,,,,,
676300,2288.7,0.000001,,,,,,,,
676400,2289.0,0.000001,,,,,,,,
676500,2289.3,0.000001,,,,,,,,
676600,2289.6,0.000001,,,,,,,,
676700,2289.9,0.000001,,,,,,,,
676800,2290.3,0.000001,,,,,,,,
676900,2290.6,0.000001,,,,,,,,
677000,2290.9,0.000001,,,,,,,,
677100,2291.2,0.000001,,,,,,,,
677200,2291.5,0.000001,,,,,,,,
677300,2291.8,0.000001,,,,,,,,
677400,2292.2,0.000001,,,,,,,,
677500,2292.5,0.000001,,,,,,,,
677600,2292.8,0.000001,,,,,,,,
677700,2293.1,0.000001,,,,,,,,
677800,2293.4,0.000001,,,,,,,,
677900,2293.7,0.000001,,,,,,,,
678000,2294.1,0.000001,,,,,,,,
678100,2294.4,0.000001,,,,,,,,
678200,2294.7,0.000001,,,,,,,,
678300,2295.0,0.000001,,,,,,,,
678400,2295.3,0.000001,,,,,,,,
678500,2295.6,0.000001,,,,,,,,
678600,2296.0,0.000001,,,,,,,,
678700,2296.3,0.000002,,,,,,,,
678800,2296.6,0.000001,,,,,,,,
678900,2296.9,0.000001,,,,,,,,
679000,2297.2,0.000001,,,,,,,,
679100,2297.5,0.000001,,,,,,,,
679200,2297.8,0.000001,,,,,,,,
679300,2298.2,0.000001,,,,,,,,
679400,2298.5,0.000001,,,,,,,,
679500,2298.8,0.000001,,,,,,,,
679600,2299.1,0.000000,,,,,,,,
679700,2299.4,0.000001,,,,,,,,
679800,2299.8,0.000001,,,,,,,,
679900,2300.1,0.000001,,,,,,,,
680000,2301.5,0.000001,0.000001,1.520562e-01,3.717007e-03,2.810586e-03,0.000000,6.047774e-02,3.529081e-03,2.716146e-03
680100,2301.8,0.000001,,,,,,,,
680200,2302.1,0.000001,,,,,,,,
680300,2302.5,0.000001,,,,,,,,
680400,2302.8,0.000001,,,,,,,,
680500,2303.1,0.000001,,,,,,,,
680600,2303.4,0.000001,,,,,,,,
680700,2303.7,0.000001,,,,,,,,
680800,2304.0,0.000001,,,,,,,,
680900,2304.4,0.000002,,,,,,,,
681000,2304.7,0.000001,,,,,,,,
681100,2305.0,0.000000,,,,,,,,
681200,2305.3,0.000000,,,,,,,,
681300,2305.6,0.000001,,,,,,,,
681400,2306.0,0.000001,,,,,,,,
681500,2306.3,0.000001,,,,,,,,
681600,2306.6,0.000001,,,,,,,,
681700,2306.9,0.000001,,,,,,,,
681800,2307.2,0.000001,,,,,,,,
681900,2307.5,0.000000,,,,,,,,
682000,2307.9,0.000001,,,,,,,,
682100,2308.2,0.000001,,,,,,,,
682200,2308.5,0.000001,,,,,,,,
682300,2308.8,0.000001,,,,,,,,
682400,2309.1,0.000000,,,,,,,,
682500,2309.4,0.000001,,,,,,,,
682600,2309.8,0.000001,,,,,,,,
682700,2310.1,0.000001,,,,,,,,
682800,2310.4,0.000001,,,,,,,,
682900,2310.7,0.000000,,,,,,,,
683000,2311.0,0.000001,,,,,,,,
683100,2311.3,0.000001,,,,,,,,
683200,2311.7,0.000001,,,,,,,,
683300,2312.0,0.000001,,,,,,,,
683400,2312.3,0.000001,,,,,,,,
683500,2312.6,0.000001,,,,,,,,
683600,2312.9,0.000000,,,,,,,,
683700,2313.2,0.000001,,,,,,,,
683800,2313.6,0.000001,,,,,,,,
683900,2313.9,0.000001,,,,,,,,
684000,2314.2,0.000002,,,,,,,,
684100,2314.5,0.000001,,,,,,,,
684200,2314.8,0.000001,,,,,,,,
684300,2315.2,0.000001,,,,,,,,
684400,2315.5,0.000001,,,,,,,,
684500,2315.8,0.000001,,,,,,,,
684600,2316.1,0.000001,,,,,,,,
684700,2316.4,0.000001,,,,,,,,
684800,2316.7,0.000001,,,,,,,,
684900,2317.1,0.000001,,,,,,,,
685000,2318.5,0.000001,0.000001,9.805603e-02,3.614182e-03,2.654723e-03,0.000000,5.311055e-02,3.484828e-03,2.599524e-03
685100,2318.8,0.000000,,,,,,,,
685200,2319.1,0.000001,,,,,,,,
685300,2319.5,0.000001,,,,,,,,
685400,2319.8,0.000001,,,,,,,,
685500,2320.1,0.000001,,,,,,,,
685600,2320.4,0.000001,,,,,,,,
685700,2320.7,0.000001,,,,,,,,
685800,2321.0,0.000001,,,,,,,,
685900,2321.4,0.000001,,,,,,,,
686000,2321.7,0.000001,,,,,,,,
686100,2322.0,0.000001,,,,,,,,
686200,2322.3,0.000001,,,,,,,,
686300,2322.6,0.000001,,,,,,,,
686400,2322.9,0.000001,,,,,,,,
686500,2323.3,0.000001,,,,,,,,
686600,2323.6,0.000001,,,,,,,,
686700,2323.9,0.000001,,,,,,,,
686800,2324.2,0.000001,,,,,,,,
686900,2324.5,0.000001,,,,,,,,
687000,2324.8,0.000001,,,,,,,,
687100,2325.2,0.000001,,,,,,,,
687200,2325.5,0.000001,,,,,,,,
687300,2325.8,0.000001,,,,,,,,
687400,2326.1,0.000001,,,,,,,,
687500,2326.4,0.000001,,,,,,,,
687600,2326.8,0.000001,,,,,,,,
687700,2327.1,0.000001,,,,,,,,
687800,2327.4,0.000001,,,,,,,,
687900,2327.7,0.000001,,,,,,,,
688000,2328.0,0.000000,,,,,,,,
688100,2328.3,0.000001,,,,,,,,
688200,2328.7,0.000001,,,,,,,,
688300,2329.0,0.000001,,,,,,,,
688400,2329.3,0.000000,,,,,,,,
688500,2329.6,0.000001,,,,,,,,
688600,2329.9,0.000001,,,,,,,,
688700,2330.2,0.000001,,,,,,,,
688800,2330.6,0.000001,,,,,,,,
688900,2330.9,0.000000,,,,,,,,
689000,2331.2,0.000000,,,,,,,,
689100,2331.5,0.000001,,,,,,,,
689200,2331.8,0.000001,,,,,,,,
689300,2332.1,0.000001,,,,,,,,
689400,2332.5,0.000001,,,,,,,,
689500,2332.8,0.000001,,,,,,,,
689600,2333.1,0.000001,,,,,,,,
689700,2333.4,0.000001,,,,,,,,
689800,2333.7,0.000001,,,,,,,,
689900,2334.0,0.000001,,,,,,,,
690000,2335.5,0.000001,0.000001,1.147675e-01,3.895777e-03,3.079327e-03,0.000000,4.735542e-02,3.660567e-03,2.961429e-03
690100,2335.8,0.000001,,,,,,,,
690200,2336.1,0.000001,,,,,,,,
690300,2336.4,0.000000,,,,,,,,
690400,2336.8,0.000001,,,,,,,,
690500,2337.1,0.000001,,,,,,,,
690600,2337.4,0.000001,,,,,,,,
690700,2337.7,0.000001,,,,,,,,
690800,2338.0,0.000001,,,,,,,,
690900,2338.3,0.000001,,,,,,,,
691000,2338.7,0.000001,,,,,,,,
691100,2339.0,0.000001,,,,,,,,
691200,2339.3,0.000000,,,,,,,,
691300,2339.6,0.000000,,,,,,,,
691400,2339.9,0.000001,,,,,,,,
691500,2340.2,0.000001,,,,,,,,
691600,2340.6,0.000001,,,,,,,,
691700,2340.9,0.000001,,,,,,,,
691800,2341.2,0.000001,,,,,,,,
691900,2341.5,0.000001,,,,,,,,
692000,2341.8,0.000001,,,,,,,,
692100,2342.1,0.000001,,,,,,,,
692200,2342.5,0.000000,,,,,,,,
692300,2342.8,0.000000,,,,,,,,
692400,2343.1,0.000001,,,,,,,,
692500,2343.4,0.000001,,,,,,,,
692600,2343.7,0.000001,,,,,,,,
692700,2344.0,0.000001,,,,,,,,
692800,2344.4,0.000001,,,,,,,,
692900,2344.7,0.000001,,,,,,,,
693000,2345.0,0.000001,,,,,,,,
693100,2345.3,0.000001,,,,,,,,
693200,2345.6,0.000000,,,,,,,,
693300,2345.9,0.000001,,,,,,,,
693400,2346.3,0.000001,,,,,,,,
693500,2346.6,0.000001,,,,,,,,
693600,2346.9,0.000001,,,,,,,,
693700,2347.2,0.000000,,,,,,,,
693800,2347.5,0.000001,,,,,,,,
693900,2347.8,0.000001,,,,,,,,
694000,2348.2,0.000000,,,,,,,,
694100,2348.5,0.000001,,,,,,,,
694200,2348.8,0.000001,,,,,,,,
694300,2349.1,0.000001,,,,,,,,
694400,2349.4,0.000001,,,,,,,,
694500,2349.7,0.000001,,,,,,,,
694600,2350.1,0.000001,,,,,,,,
694700,2350.4,0.000001,,,,,,,,
694800,2350.7,0.000000,,,,,,,,
694900,2351.0,0.000001,,,,,,,,
695000,2352.5,0.000001,0.000001,1.560776e-01,4.075953e-03,3.058110e-03,0.000000,7.168151e-02,3.918478e-03,2.992252e-03
695100,2352.8,0.000000,,,,,,,,
695200,2353.1,0.000001,,,,,,,,
695300,2353.3,0.000001,,,,,,,,
695400,2353.6,0.000001,,,,,,,,
695500,2353.9,0.000001,,,,,,,,
695600,2354.3,0.000001,,,,,,,,
695700,2354.6,0.000001,,,,,,,,
695800,2354.9,0.000001,,,,,,,,
695900,2355.2,0.000001,,,,,,,,
696000,2355.5,0.000001,,,,,,,,
696100,2355.8,0.000001,,,,,,,,
696200,2356.2,0.000001,,,,,,,,
696300,2356.5,0.000000,,,,,,,,
696400,2356.8,0.000001,,,,,,,,
696500,2357.1,0.000001,,,,,,,,
696600,2357.4,0.000001,,,,,,,,
696700,2357.7,0.000001,,,,,,,,
696800,2358.1,0.000001,,,,,,,,
696900,2358.4,0.000001,,,,,,,,
697000,2358.7,0.000001,,,,,,,,
697100,2359.0,0.000001,,,,,,,,
697200,2359.3,0.000001,,,,,,,,
697300,2359.6,0.000001,,,,,,,,
697400,2360.0,0.000000,,,,,,,,
697500,2360.3,0.000002,,,,,,,,
697600,2360.6,0.000001,,,,,,,,
697700,2360.9,0.000001,,,,,,,,
697800,2361.2,0.000001,,,,,,,,
697900,2361.5,0.000001,,,,,,,,
698000,2361.9,0.000000,,,,,,,,
698100,2362.2,0.000001,,,,,,,,
698200,2362.5,0.000001,,,,,,,,
698300,2362.8,0.000001,,,,,,,,
698400,2363.1,0.000001,,,,,,,,
698500,2363.4,0.000000,,,,,,,,
698600,2363.8,0.000001,,,,,,,,
698700,2364.1,0.000001,,,,,,,,
698800,2364.4,0.000001,,,,,,,,
698900,2364.7,0.000001,,,,,,,,
699000,2365.0,0.000001,,,,,,,,
699100,2365.3,0.000001,,,,,,,,
699200,2365.7,0.000001,,,,,,,,
699300,2366.0,0.000003,,,,,,,,
699400,2366.3,0.000001,,,,,,,,
699500,2366.6,0.000001,,,,,,,,
699600,2366.9,0.000001,,,,,,,,
699700,2367.2,0.000001,,,,,,,,
699800,2367.6,0.000001,,,,,,,,
699900,2367.9,0.000001,,,,,,,,
700000,2369.3,0.000000,0.000001,1.236700e-01,3.452700e-03,2.600193e-03,0.000000,5.700684e-02,3.287107e-03,2.529735e-03
700100,2369.6,0.000001,,,,,,,,
700200,2370.0,0.000001,,,,,,,,
700300,2370.3,0.000000,,,,,,,,
700400,2370.6,0.000000,,,,,,,,
700500,2370.9,0.000001,,,,,,,,
700600,2371.2,0.000000,,,,,,,,
700700,2371.5,0.000001,,,,,,,,
700800,2371.9,0.000001,,,,,,,,
700900,2372.2,0.000001,,,,,,,,
701000,2372.5,0.000001,,,,,,,,
701100,2372.8,0.000001,,,,,,,,
701200,2373.1,0.000001,,,,,,,,
701300,2373.4,0.000001,,,,,,,,
701400,2373.8,0.000001,,,,,,,,
701500,2374.1,0.000001,,,,,,,,
701600,2374.4,0.000001,,,,,,,,
701700,2374.7,0.000001,,,,,,,,
701800,2375.0,0.000001,,,,,,,,
701900,2375.3,0.000001,,,,,,,,
702000,2375.7,0.000001,,,,,,,,
702100,2376.0,0.000001,,,,,,,,
702200,2376.3,0.000001,,,,,,,,
702300,2376.6,0.000001,,,,,,,,
702400,2376.9,0.000001,,,,,,,,
702500,2377.2,0.000002,,,,,,,,
702600,2377.6,0.000001,,,,,,,,
702700,2377.9,0.000001,,,,,,,,
702800,2378.2,0.000001,,,,,,,,
702900,2378.5,0.000001,,,,,,,,
703000,2378.8,0.000001,,,,,,,,
703100,2379.1,0.000001,,,,,,,,
703200,2379.5,0.000001,,,,,,,,
703300,2379.8,0.000001,,,,,,,,
703400,2380.1,0.000001,,,,,,,,
703500,2380.4,0.000001,,,,,,,,
703600,2380.7,0.000001,,,,,,,,
703700,2381.0,0.000001,,,,,,,,
703800,2381.4,0.000000,,,,,,,,
703900,2381.7,0.000001,,,,,,,,
704000,2382.0,0.000001,,,,,,,,
704100,2382.3,0.000000,,,,,,,,
704200,2382.6,0.000001,,,,,,,,
704300,2382.9,0.000000,,,,,,,,
704400,2383.2,0.000001,,,,,,,,
704500,2383.6,0.000001,,,,,,,,
704600,2383.9,0.000001,,,,,,,,
704700,2384.2,0.000000,,,,,,,,
704800,2384.5,0.000000,,,,,,,,
704900,2384.8,0.000001,,,,,,,,
705000,2386.3,0.000000,0.000001,1.176567e-01,3.501347e-03,2.711821e-03,0.000000,4.260392e-02,3.379357e-03,2.652317e-03
705100,2386.6,0.000001,,,,,,,,
705200,2386.9,0.000001,,,,,,,,
705300,2387.2,0.000001,,,,,,,,
705400,2387.5,0.000001,,,,,,,,
705500,2387.8,0.000001,,,,,,,,
705600,2388.2,0.000001,,,,,,,,
705700,2388.5,0.000001,,,,,,,,
705800,2388.8,0.000001,,,,,,,,
705900,2389.1,0.000000,,,,,,,,
706000,2389.4,0.000001,,,,,,,,
706100,2389.7,0.000001,,,,,,,,
706200,2390.1,0.000001,,,,,,,,
706300,2390.4,0.000001,,,,,,,,
706400,2390.7,0.000001,,,,,,,,
706500,2391.0,0.000000,,,,,,,,
706600,2391.3,0.000000,,,,,,,,
706700,2391.6,0.000001,,,,,,,,
706800,2392.0,0.000000,,,,,,,,
706900,2392.3,0.000001,,,,,,,,
707000,2392.6,0.000001,,,,,,,,
707100,2392.9,0.000000,,,,,,,,
707200,2393.2,0.000001,,,,,,,,
707300,2393.6,0.000001,,,,,,,,
707400,2393.9,0.000001,,,,,,,,
707500,2394.2,0.000001,,,,,,,,
707600,2394.5,0.000001,,,,,,,,
707700,2394.8,0.000001,,,,,,,,
707800,2395.1,0.000001,,,,,,,,
707900,2395.4,0.000000,,,,,,,,
708000,2395.8,0.000001,,,,,,,,
708100,2396.1,0.000001,,,,,,,,
708200,2396.4,0.000000,,,,,,,,
708300,2396.7,0.000000,,,,,,,,
708400,2397.0,0.000001,,,,,,,,
708500,2397.4,0.000001,,,,,,,,
708600,2397.7,0.000001,,,,,,,,
708700,2398.0,0.000001,,,,,,,,
708800,2398.3,0.000001,,,,,,,,
708900,2398.6,0.000001,,,,,,,,
709000,2398.9,0.000001,,,,,,,,
709100,2399.3,0.000000,,,,,,,,
709200,2399.6,0.000001,,,,,,,,
709300,2399.9,0.000001,,,,,,,,
709400,2400.2,0.000000,,,,,,,,
709500,2400.5,0.000001,,,,,,,,
709600,2400.8,0.000001,,,,,,,,
709700,2401.2,0.000000,,,,,,,,
709800,2401.5,0.000000,,,,,,,,
709900,2401.8,0.000001,,,,,,,,
710000,2403.2,0.000001,0.000001,8.758230e-02,3.907284e-03,3.101559e-03,0.000000,6.051416e-02,3.805563e-03,3.070341e-03
710100,2403.5,0.000001,,,,,,,,
710200,2403.9,0.000001,,,,,,,,
710300,2404.2,0.000001,,,,,,,,
710400,2404.5,0.000001,,,,,,,,
710500,2404.8,0.000001,,,,,,,,
710600,2405.1,0.000001,,,,,,,,
710700,2405.4,0.000000,,,,,,,,
710800,2405.8,0.000001,,,,,,,,
710900,2406.1,0.000001,,,,,,,,
711000,2406.4,0.000001,,,,,,,,
711100,2406.7,0.000000,,,,,,,,
711200,2407.0,0.000001,,,,,,,,
711300,2407.3,0.000001,,,,,,,,
711400,2407.7,0.000001,,,,,,,,
711500,2408.0,0.000001,,,,,,,,
711600,2408.3,0.000001,,,,,,,,
711700,2408.6,0.000001,,,,,,,,
711800,2408.9,0.000001,,,,,,,,
711900,2409.2,0.000001,,,,,,,,
712000,2409.6,0.000001,,,,,,,,
712100,2409.9,0.000001,,,,,,,,
712200,2410.2,0.000001,,,,,,,,
712300,2410.5,0.000001,,,,,,,,
712400,2410.8,0.000000,,,,,,,,
712500,2411.1,0.000001,,,,,,,,
712600,2411.5,0.000001,,,,,,,,
712700,2411.8,0.000001,,,,,,,,
712800,2412.1,0.000001,,,,,,,,
712900,2412.4,0.000001,,,,,,,,
713000,2412.7,0.000001,,,,,,,,
713100,2413.0,0.000001,,,,,,,,
713200,2413.3,0.000000,,,,,,,,
713300,2413.7,0.000001,,,,,,,,
713400,2414.0,0.000001,,,,,,,,
713500,2414.3,0.000001,,,,,,,,
713600,2414.6,0.000001,,,,,,,,
713700,2414.9,0.000001,,,,,,,,
713800,2415.2,0.000001,,,,,,,,
713900,2415.6,0.000001,,,,,,,,
714000,2415.9,0.000001,,,,,,,,
714100,2416.2,0.000001,,,,,,,,
714200,2416.5,0.000001,,,,,,,,
714300,2416.8,0.000001,,,,,,,,
714400,2417.1,0.000001,,,,,,,,
714500,2417.5,0.000001,,,,,,,,
714600,2417.8,0.000001,,,,,,,,
714700,2418.1,0.000000,,,,,,,,
714800,2418.4,0.000001,,,,,,,,
714900,2418.7,0.000001,,,,,,,,
715000,2420.2,0.000002,0.000001,8.573026e-02,5.399981e-03,4.305661e-03,0.000000,6.263609e-02,5.292581e-03,4.306305e-03
715100,2420.4,0.000001,,,,,,,,
715200,2420.8,0.000001,,,,,,,,
715300,2421.1,0.000000,,,,,,,,
715400,2421.4,0.000001,,,,,,,,
715500,2421.7,0.000000,,,,,,,,
715600,2422.0,0.000001,,,,,,,,
715700,2422.4,0.000001,,,,,,,,
715800,2422.7,0.000001,,,,,,,,
715900,2423.0,0.000001,,,,,,,,
716000,2423.3,0.000001,,,,,,,,
716100,2423.6,0.000001,,,,,,,,
716200,2423.9,0.000000,,,,,,,,
716300,2424.3,0.000001,,,,,,,,
716400,2424.6,0.000001,,,,,,,,
716500,2424.9,0.000001,,,,,,,,
716600,2425.2,0.000001,,,,,,,,
716700,2425.5,0.000000,,,,,,,,
716800,2425.8,0.000001,,,,,,,,
716900,2426.2,0.000001,,,,,,,,
717000,2426.5,0.000000,,,,,,,,
717100,2426.8,0.000000,,,,,,,,
717200,2427.1,0.000001,,,,,,,,
717300,2427.4,0.000000,,,,,,,,
717400,2427.7,0.000000,,,,,,,,
717500,2428.0,0.000001,,,,,,,,
717600,2428.3,0.000000,,,,,,,,
717700,2428.6,0.000001,,,,,,,,
717800,2428.9,0.000001,,,,,,,,
717900,2429.2,0.000001,,,,,,,,
718000,2429.6,0.000001,,,,,,,,
718100,2429.9,0.000000,,,,,,,,
718200,2430.2,0.000001,,,,,,,,
718300,2430.5,0.000001,,,,,,,,
718400,2430.8,0.000001,,,,,,,,
718500,2431.1,0.000000,,,,,,,,
718600,2431.5,0.000001,,,,,,,,
718700,2431.8,0.000001,,,,,,,,
718800,2432.1,0.000001,,,,,,,,
718900,2432.4,0.000001,,,,,,,,
719000,2432.7,0.000001,,,,,,,,
719100,2433.0,0.000001,,,,,,,,
719200,2433.4,0.000001,,,,,,,,
719300,2433.7,0.000001,,,,,,,,
719400,2434.0,0.000001,,,,,,,,
719500,2434.3,0.000000,,,,,,,,
719600,2434.6,0.000001,,,,,,,,
719700,2434.9,0.000001,,,,,,,,
719800,2435.3,0.000001,,,,,,,,
719900,2435.6,0.000001,,,,,,,,
720000,2437.0,0.000001,0.000001,1.375791e-01,3.507153e-03,2.644832e-03,0.000000,6.641460e-02,3.360369e-03,2.581833e-03
720100,2437.3,0.000001,,,,,,,,
720200,2437.6,0.000001,,,,,,,,
720300,2438.0,0.000001,,,,,,,,
720400,2438.3,0.000001,,,,,,,,
720500,2438.6,0.000000,,,,,,,,
720600,2438.9,0.000001,,,,,,,,
720700,2439.2,0.000001,,,,,,,,
720800,2439.5,0.000001,,,,,,,,
720900,2439.9,0.000001,,,,,,,,
721000,2440.2,0.000001,,,,,,,,
721100,2440.5,0.000000,,,,,,,,
721200,2440.8,0.000001,,,,,,,,
721300,2441.1,0.000001,,,,,,,,
721400,2441.4,0.000000,,,,,,,,
721500,2441.8,0.000000,,,,,,,,
721600,2442.1,0.000001,,,,,,,,
721700,2442.4,0.000001,,,,,,,,
721800,2442.7,0.000000,,,,,,,,
721900,2443.0,0.000000,,,,,,,,
722000,2443.3,0.000001,,,,,,,,
722100,2443.6,0.000001,,,,,,,,
722200,2443.9,0.000001,,,,,,,,
722300,2444.2,0.000000,,,,,,,,
722400,2444.5,0.000001,,,,,,,,
722500,2444.8,0.000001,,,,,,,,
722600,2445.2,0.000001,,,,,,,,
722700,2445.5,0.000001,,,,,,,,
722800,2445.8,0.000001,,,,,,,,
722900,2446.1,0.000001,,,,,,,,
723000,2446.4,0.000000,,,,,,,,
723100,2446.7,0.000001,,,,,,,,
723200,2447.1,0.000001,,,,,,,,
723300,2447.4,0.000001,,,,,,,,
723400,2447.7,0.000001,,,,,,,,
723500,2448.0,0.000001,,,,,,,,
723600,2448.3,0.000001,,,,,,,,
723700,2448.6,0.000000,,,,,,,,
723800,2449.0,0.000001,,,,,,,,
723900,2449.3,0.000000,,,,,,,,
724000,2449.6,0.000001,,,,,,,,
724100,2449.9,0.000001,,,,,,,,
724200,2450.2,0.000001,,,,,,,,
724300,2450.6,0.000000,,,,,,,,
724400,2450.9,0.000001,,,,,,,,
724500,2451.2,0.000001,,,,,,,,
724600,2451.5,0.000001,,,,,,,,
724700,2451.8,0.000001,,,,,,,,
724800,2452.1,0.000001,,,,,,,,
724900,2452.5,0.000001,,,,,,,,
725000,2453.9,0.000001,0.000001,1.251788e-01,3.096967e-03,2.253214e-03,0.000000,4.834605e-02,2.929526e-03,2.171183e-03
725100,2454.2,0.000001,,,,,,,,
725200,2454.5,0.000001,,,,,,,,
725300,2454.8,0.000001,,,,,,,,
725400,2455.2,0.000001,,,,,,,,
725500,2455.5,0.000000,,,,,,,,
725600,2455.8,0.000001,,,,,,,,
725700,2456.1,0.000001,,,,,,,,
725800,2456.4,0.000001,,,,,,,,
725900,2456.7,0.000001,,,,,,,,
726000,2457.1,0.000001,,,,,,,,
726100,2457.4,0.000000,,,,,,,,
726200,2457.7,0.000001,,,,,,,,
726300,2458.0,0.000001,,,,,,,,
726400,2458.3,0.000001,,,,,,,,
726500,2458.6,0.000000,,,,,,,,
726600,2459.0,0.000001,,,,,,,,
726700,2459.3,0.000000,,,,,,,,
726800,2459.6,0.000001,,,,,,,,
726900,2459.9,0.000001,,,,,,,,
727000,2460.2,0.000001,,,,,,,,
727100,2460.5,0.000001,,,,,,,,
727200,2460.9,0.000001,,,,,,,,
727300,2461.2,0.000000,,,,,,,,
727400,2461.5,0.000001,,,,,,,,
727500,2461.8,0.000000,,,,,,,,
727600,2462.1,0.000000,,,,,,,,
727700,2462.4,0.000001,,,,,,,,
727800,2462.7,0.000001,,,,,,,,
727900,2463.0,0.000001,,,,,,,,
728000,2463.3,0.000001,,,,,,,,
728100,2463.6,0.000001,,,,,,,,
728200,2463.9,0.000001,,,,,,,,
728300,2464.3,0.000001,,,,,,,,
728400,2464.6,0.000001,,,,,,,,
728500,2464.9,0.000001,,,,,,,,
728600,2465.2,0.000001,,,,,,,,
728700,2465.5,0.000001,,,,,,,,
728800,2465.8,0.000000,,,,,,,,
728900,2466.2,0.000001,,,,,,,,
729000,2466.5,0.000001,,,,,,,,
729100,2466.8,0.000000,,,,,,,,
729200,2467.1,0.000001,,,,,,,,
729300,2467.4,0.000001,,,,,,,,
729400,2467.7,0.000001,,,,,,,,
729500,2468.1,0.000001,,,,,,,,
729600,2468.4,0.000000,,,,,,,,
729700,2468.7,0.000001,,,,,,,,
729800,2469.0,0.000001,,,,,,,,
729900,2469.3,0.000001,,,,,,,,
730000,2470.8,0.000001,0.000001,1.149623e-01,3.247587e-03,2.414561e-03,0.000000,4.353113e-02,3.079195e-03,2.329145e-03
730100,2471.1,0.000001,,,,,,,,
730200,2471.4,0.000001,,,,,,,,
730300,2471.7,0.000001,,,,,,,,
730400,2472.0,0.000000,,,,,,,,
730500,2472.3,0.000001,,,,,,,,
730600,2472.6,0.000001,,,,,,,,
730700,2473.0,0.000000,,,,,,,,
730800,2473.3,0.000001,,,,,,,,
730900,2473.6,0.000001,,,,,,,,
731000,2473.9,0.000001,,,,,,,,
731100,2474.2,0.000001,,,,,,,,
731200,2474.5,0.000001,,,,,,,,
731300,2474.9,0.000001,,,,,,,,
731400,2475.2,0.000001,,,,,,,,
731500,2475.5,0.000001,,,,,,,,
731600,2475.8,0.000000,,,,,,,,
731700,2476.1,0.000000,,,,,,,,
731800,2476.4,0.000001,,,,,,,,
731900,2476.7,0.000001,,,,,,,,
732000,2477.1,0.000001,,,,,,,,
732100,2477.4,0.000000,,,,,,,,
732200,2477.7,0.000000,,,,,,,,
732300,2478.0,0.000001,,,,,,,,
732400,2478.3,0.000001,,,,,,,,
732500,2478.6,0.000001,,,,,,,,
732600,2479.0,0.000000,,,,,,,,
732700,2479.3,0.000001,,,,,,,,
732800,2479.6,0.000001,,,,,,,,
732900,2479.9,0.000001,,,,,,,,
733000,2480.2,0.000001,,,,,,,,
733100,2480.5,0.000001,,,,,,,,
733200,2480.9,0.000000,,,,,,,,
733300,2481.2,0.000001,,,,,,,,
733400,2481.5,0.000001,,,,,,,,
733500,2481.8,0.000001,,,,,,,,
733600,2482.1,0.000000,,,,,,,,
733700,2482.4,0.000001,,,,,,,,
733800,2482.8,0.000000,,,,,,,,
733900,2483.1,0.000001,,,,,,,,
734000,2483.4,0.000001,,,,,,,,
734100,2483.7,0.000001,,,,,,,,
734200,2484.0,0.000001,,,,,,,,
734300,2484.3,0.000000,,,,,,,,
734400,2484.7,0.000001,,,,,,,,
734500,2485.0,0.000001,,,,,,,,
734600,2485.3,0.000001,,,,,,,,
734700,2485.6,0.000001,,,,,,,,
734800,2485.9,0.000000,,,,,,,,
734900,2486.2,0.000001,,,,,,,,
735000,2487.7,0.000001,0.000001,9.572238e-02,3.829528e-03,2.812761e-03,0.000000,5.750818e-02,3.631281e-03,2.710807e-03
735100,2488.0,0.000000,,,,,,,,
735200,2488.3,0.000001,,,,,,,,
735300,2488.6,0.000001,,,,,,,,
735400,2488.9,0.000001,,,,,,,,
735500,2489.2,0.000000,,,,,,,,
735600,2489.6,0.000001,,,,,,,,
735700,2489.9,0.000000,,,,,,,,
735800,2490.2,0.000001,,,,,,,,
735900,2490.5,0.000001,,,,,,,,
736000,2490.8,0.000001,,,,,,,,
736100,2491.1,0.000001,,,,,,,,
736200,2491.5,0.000001,,,,,,,,
736300,2491.8,0.000001,,,,,,,,
736400,2492.1,0.000000,,,,,,,,
736500,2492.4,0.000001,,,,,,,,
736600,2492.7,0.000001,,,,,,,,
736700,2493.0,0.000001,,,,,,,,
736800,2493.4,0.000000,,,,,,,,
736900,2493.7,0.000001,,,,,,,,
737000,2494.0,0.000001,,,,,,,,
737100,2494.3,0.000001,,,,,,,,
737200,2494.6,0.000001,,,,,,,,
737300,2494.9,0.000000,,,,,,,,
737400,2495.3,0.000000,,,,,,,,
737500,2495.6,0.000001,,,,,,,,
737600,2495.9,0.000001,,,,,,,,
737700,2496.2,0.000001,,,,,,,,
737800,2496.5,0.000000,,,,,,,,
737900,2496.8,0.000001,,,,,,,,
738000,2497.2,0.000001,,,,,,,,
738100,2497.5,0.000001,,,,,,,,
738200,2497.7,0.000001,,,,,,,,
738300,2498.0,0.000001,,,,,,,,
738400,2498.3,0.000001,,,,,,,,
738500,2498.6,0.000001,,,,,,,,
738600,2499.0,0.000001,,,,,,,,
738700,2499.3,0.000000,,,,,,,,
738800,2499.6,0.000001,,,,,,,,
738900,2499.9,0.000001,,,,,,,,
739000,2500.2,0.000001,,,,,,,,
739100,2500.5,0.000001,,,,,,,,
739200,2500.9,0.000001,,,,,,,,
739300,2501.2,0.000001,,,,,,,,
739400,2501.5,0.000001,,,,,,,,
739500,2501.8,0.000001,,,,,,,,
739600,2502.1,0.000001,,,,,,,,
739700,2502.4,0.000000,,,,,,,,
739800,2502.8,0.000000,,,,,,,,
739900,2503.1,0.000001,,,,,,,,
740000,2504.5,0.000001,0.000001,1.310946e-01,3.119226e-03,2.284382e-03,0.000013,4.516269e-02,2.909597e-03,2.163226e-03
740100,2504.8,0.000001,,,,,,,,
740200,2505.1,0.000001,,,,,,,,
740300,2505.5,0.000000,,,,,,,,
740400,2505.8,0.000001,,,,,,,,
740500,2506.1,0.000000,,,,,,,,
740600,2506.4,0.000000,,,,,,,,
740700,2506.7,0.000001,,,,,,,,
740800,2507.0,0.000001,,,,,,,,
740900,2507.3,0.000001,,,,,,,,
741000,2507.7,0.000000,,,,,,,,
741100,2508.0,0.000000,,,,,,,,
741200,2508.3,0.000001,,,,,,,,
741300,2508.6,0.000001,,,,,,,,
741400,2508.9,0.000001,,,,,,,,
741500,2509.2,0.000001,,,,,,,,
741600,2509.6,0.000000,,,,,,,,
741700,2509.9,0.000001,,,,,,,,
741800,2510.2,0.000000,,,,,,,,
741900,2510.5,0.000001,,,,,,,,
742000,2510.8,0.000000,,,,,,,,
742100,2511.1,0.000000,,,,,,,,
742200,2511.5,0.000000,,,,,,,,
742300,2511.8,0.000001,,,,,,,,
742400,2512.1,0.000001,,,,,,,,
742500,2512.4,0.000000,,,,,,,,
742600,2512.7,0.000001,,,,,,,,
742700,2513.0,0.000000,,,,,,,,
742800,2513.4,0.000000,,,,,,,,
742900,2513.7,0.000000,,,,,,,,
743000,2514.0,0.000001,,,,,,,,
743100,2514.3,0.000001,,,,,,,,
743200,2514.6,0.000001,,,,,,,,
743300,2514.9,0.000000,,,,,,,,
743400,2515.3,0.000001,,,,,,,,
743500,2515.6,0.000000,,,,,,,,
743600,2515.9,0.000000,,,,,,,,
743700,2516.2,0.000000,,,,,,,,
743800,2516.5,0.000001,,,,,,,,
743900,2516.8,0.000000,,,,,,,,
744000,2517.2,0.000001,,,,,,,,
744100,2517.5,0.000000,,,,,,,,
744200,2517.8,0.000001,,,,,,,,
744300,2518.1,0.000001,,,,,,,,
744400,2518.4,0.000001,,,,,,,,
744500,2518.7,0.000001,,,,,,,,
744600,2519.1,0.000001,,,,,,,,
744700,2519.4,0.000001,,,,,,,,
744800,2519.7,0.000001,,,,,,,,
744900,2520.0,0.000001,,,,,,,,
745000,2521.5,0.000001,0.000001,1.039435e-01,3.370249e-03,2.594747e-03,0.000000,5.005122e-02,3.271777e-03,2.554306e-03
745100,2521.8,0.000001,,,,,,,,
745200,2522.1,0.000001,,,,,,,,
745300,2522.4,0.000000,,,,,,,,
745400,2522.7,0.000001,,,,,,,,
745500,2523.0,0.000001,,,,,,,,
745600,2523.3,0.000001,,,,,,,,
745700,2523.6,0.000001,,,,,,,,
745800,2524.0,0.000001,,,,,,,,
745900,2524.3,0.000001,,,,,,,,
746000,2524.6,0.000001,,,,,,,,
746100,2524.9,0.000001,,,,,,,,
746200,2525.2,0.000001,,,,,,,,
746300,2525.5,0.000001,,,,,,,,
746400,2525.9,0.000000,,,,,,,,
746500,2526.2,0.000000,,,,,,,,
746600,2526.5,0.000001,,,,,,,,
746700,2526.8,0.000001,,,,,,,,
746800,2527.1,0.000001,,,,,,,,
746900,2527.4,0.000000,,,,,,,,
747000,2527.8,0.000000,,,,,,,,
747100,2528.1,0.000001,,,,,,,,
747200,2528.4,0.000000,,,,,,,,
747300,2528.7,0.000001,,,,,,,,
747400,2529.0,0.000001,,,,,,,,
747500,2529.3,0.000000,,,,,,,,
747600,2529.7,0.000001,,,,,,,,
747700,2530.0,0.000001,,,,,,,,
747800,2530.3,0.000001,,,,,,,,
747900,2530.6,0.000001,,,,,,,,
748000,2530.9,0.000001,,,,,,,,
748100,2531.2,0.000000,,,,,,,,
748200,2531.6,0.000001,,,,,,,,
748300,2531.8,0.000000,,,,,,,,
748400,2532.1,0.000000,,,,,,,,
748500,2532.4,0.000000,,,,,,,,
748600,2532.7,0.000000,,,,,,,,
748700,2533.0,0.000001,,,,,,,,
748800,2533.3,0.000000,,,,,,,,
748900,2533.7,0.000001,,,,,,,,
749000,2534.0,0.000001,,,,,,,,
749100,2534.3,0.000001,,,,,,,,
749200,2534.6,0.000001,,,,,,,,
749300,2534.9,0.000001,,,,,,,,
749400,2535.2,0.000001,,,,,,,,
749500,2535.5,0.000001,,,,,,,,
749600,2535.9,0.000000,,,,,,,,
749700,2536.2,0.000000,,,,,,,,
749800,2536.5,0.000001,,,,,,,,
749900,2536.8,0.000001,,,,,,,,
750000,2538.3,0.000000,0.000001,1.138868e-01,3.143628e-03,2.322361e-03,0.000000,4.640461e-02,2.987615e-03,2.244230e-03
750100,2538.6,0.000001,,,,,,,,
750200,2538.9,0.000001,,,,,,,,
750300,2539.2,0.000001,,,,,,,,
750400,2539.5,0.000001,,,,,,,,
750500,2539.8,0.000000,,,,,,,,
750600,2540.1,0.000000,,,,,,,,
750700,2540.4,0.000000,,,,,,,,
750800,2540.8,0.000001,,,,,,,,
750900,2541.1,0.000001,,,,,,,,
751000,2541.4,0.000001,,,,,,,,
751100,2541.7,0.000001,,,,,,,,
751200,2542.0,0.000001,,,,,,,,
751300,2542.3,0.000000,,,,,,,,
751400,2542.6,0.000000,,,,,,,,
751500,2542.9,0.000001,,,,,,,,
751600,2543.2,0.000001,,,,,,,,
751700,2543.5,0.000001,,,,,,,,
751800,2543.8,0.000001,,,,,,,,
751900,2544.1,0.000001,,,,,,,,
752000,2544.3,0.000001,,,,,,,,
752100,2544.6,0.000000,,,,,,,,
752200,2545.0,0.000001,,,,,,,,
752300,2545.3,0.000000,,,,,,,,
752400,2545.6,0.000001,,,,,,,,
752500,2545.9,0.000000,,,,,,,,
752600,2546.2,0.000000,,,,,,,,
752700,2546.5,0.000001,,,,,,,,
752800,2546.8,0.000001,,,,,,,,
752900,2547.1,0.000001,,,,,,,,
753000,2547.5,0.000000,,,,,,,,
753100,2547.8,0.000000,,,,,,,,
753200,2548.1,0.000001,,,,,,,,
753300,2548.4,0.000000,,,,,,,,
753400,2548.7,0.000001,,,,,,,,
753500,2549.0,0.000000,,,,,,,,
753600,2549.4,0.000000,,,,,,,,
753700,2549.7,0.000000,,,,,,,,
753800,2550.0,0.000000,,,,,,,,
753900,2550.3,0.000001,,,,,,,,
754000,2550.6,0.000000,,,,,,,,
754100,2550.9,0.000000,,,,,,,,
754200,2551.3,0.000001,,,,,,,,
754300,2551.6,0.000000,,,,,,,,
754400,2551.9,0.000000,,,,,,,,
754500,2552.2,0.000001,,,,,,,,
754600,2552.5,0.000000,,,,,,,,
754700,2552.8,0.000001,,,,,,,,
754800,2553.2,0.000001,,,,,,,,
754900,2553.5,0.000000,,,,,,,,
755000,2554.9,0.000000,0.000001,1.175358e-01,3.086555e-03,2.270959e-03,0.000000,4.478908e-02,2.893393e-03,2.165673e-03
755100,2555.2,0.000000,,,,,,,,
755200,2555.5,0.000000,,,,,,,,
755300,2555.8,0.000001,,,,,,,,
755400,2556.2,0.000001,,,,,,,,
755500,2556.5,0.000001,,,,,,,,
755600,2556.8,0.000001,,,,,,,,
755700,2557.1,0.000001,,,,,,,,
755800,2557.4,0.000000,,,,,,,,
755900,2557.7,0.000001,,,,,,,,
756000,2558.1,0.000000,,,,,,,,
756100,2558.4,0.000000,,,,,,,,
756200,2558.7,0.000001,,,,,,,,
756300,2559.0,0.000001,,,,,,,,
756400,2559.3,0.000000,,,,,,,,
756500,2559.6,0.000001,,,,,,,,
756600,2560.0,0.000000,,,,,,,,
756700,2560.3,0.000000,,,,,,,,
756800,2560.6,0.000001,,,,,,,,
756900,2560.9,0.000001,,,,,,,,
757000,2561.2,0.000000,,,,,,,,
757100,2561.5,0.000000,,,,,,,,
757200,2561.9,0.000001,,,,,,,,
757300,2562.2,0.000001,,,,,,,,
757400,2562.5,0.000001,,,,,,,,
757500,2562.8,0.000001,,,,,,,,
757600,2563.1,0.000001,,,,,,,,
757700,2563.4,0.000000,,,,,,,,
757800,2563.8,0.000000,,,,,,,,
757900,2564.1,0.000001,,,,,,,,
758000,2564.4,0.000001,,,,,,,,
758100,2564.7,0.000001,,,,,,,,
758200,2565.0,0.000001,,,,,,,,
758300,2565.3,0.000001,,,,,,,,
758400,2565.7,0.000001,,,,,,,,
758500,2566.0,0.000000,,,,,,,,
758600,2566.3,0.000000,,,,,,,,
758700,2566.6,0.000000,,,,,,,,
758800,2566.9,0.000001,,,,,,,,
758900,2567.2,0.000001,,,,,,,,
759000,2567.6,0.000000,,,,,,,,
759100,2567.9,0.000001,,,,,,,,
759200,2568.2,0.000000,,,,,,,,
759300,2568.5,0.000000,,,,,,,,
759400,2568.8,0.000000,,,,,,,,
759500,2569.1,0.000001,,,,,,,,
759600,2569.5,0.000001,,,,,,,,
759700,2569.8,0.000001,,,,,,,,
759800,2570.1,0.000001,,,,,,,,
759900,2570.4,0.000001,,,,,,,,
760000,2571.9,0.000001,0.000001,1.428146e-01,3.042746e-03,2.228914e-03,0.000000,5.163718e-02,2.860878e-03,2.138267e-03
760100,2572.2,0.000001,,,,,,,,
760200,2572.5,0.000000,,,,,,,,
760300,2572.8,0.000000,,,,,,,,
760400,2573.1,0.000000,,,,,,,,
760500,2573.4,0.000001,,,,,,,,
760600,2573.7,0.000001,,,,,,,,
760700,2574.1,0.000001,,,,,,,,
760800,2574.4,0.000001,,,,,,,,
760900,2574.7,0.000001,,,,,,,,
761000,2575.0,0.000001,,,,,,,,
761100,2575.3,0.000000,,,,,,,,
761200,2575.6,0.000000,,,,,,,,
761300,2576.0,0.000000,,,,,,,,
761400,2576.3,0.000001,,,,,,,,
761500,2576.6,0.000000,,,,,,,,
761600,2576.9,0.000000,,,,,,,,
761700,2577.2,0.000000,,,,,,,,
761800,2577.5,0.000000,,,,,,,,
761900,2577.9,0.000001,,,,,,,,
762000,2578.2,0.000000,,,,,,,,
762100,2578.5,0.000000,,,,,,,,
762200,2578.8,0.000001,,,,,,,,
762300,2579.1,0.000000,,,,,,,,
762400,2579.4,0.000000,,,,,,,,
762500,2579.8,0.000000,,,,,,,,
762600,2580.1,0.000000,,,,,,,,
762700,2580.4,0.000000,,,,,,,,
762800,2580.7,0.000000,,,,,,,,
762900,2581.0,0.000001,,,,,,,,
763000,2581.3,0.000001,,,,,,,,
763100,2581.7,0.000001,,,,,,,,
763200,2582.0,0.000001,,,,,,,,
763300,2582.3,0.000000,,,,,,,,
763400,2582.6,0.000001,,,,,,,,
763500,2582.9,0.000000,,,,,,,,
763600,2583.2,0.000001,,,,,,,,
763700,2583.6,0.000000,,,,,,,,
763800,2583.9,0.000000,,,,,,,,
763900,2584.2,0.000000,,,,,,,,
764000,2584.5,0.000001,,,,,,,,
764100,2584.8,0.000001,,,,,,,,
764200,2585.1,0.000000,,,,,,,,
764300,2585.5,0.000000,,,,,,,,
764400,2585.8,0.000000,,,,,,,,
764500,2586.1,0.000001,,,,,,,,
764600,2586.4,0.000000,,,,,,,,
764700,2586.7,0.000001,,,,,,,,
764800,2587.0,0.000000,,,,,,,,
764900,2587.4,0.000000,,,,,,,,
765000,2588.8,0.000000,0.000001,1.109518e-01,3.048543e-03,2.211852e-03,0.000000,4.427332e-02,2.885552e-03,2.135756e-03
765100,2589.1,0.000000,,,,,,,,
765200,2589.4,0.000001,,,,,,,,
765300,2589.7,0.000001,,,,,,,,
765400,2590.1,0.000000,,,,,,,,
765500,2590.4,0.000000,,,,,,,,
765600,2590.7,0.000001,,,,,,,,
765700,2591.0,0.000001,,,,,,,,
765800,2591.3,0.000001,,,,,,,,
765900,2591.7,0.000001,,,,,,,,
766000,2592.0,0.000001,,,,,,,,
766100,2592.3,0.000001,,,,,,,,
766200,2592.6,0.000001,,,,,,,,
766300,2592.9,0.000000,,,,,,,,
766400,2593.2,0.000000,,,,,,,,
766500,2593.5,0.000000,,,,,,,,
766600,2593.9,0.000000,,,,,,,,
766700,2594.2,0.000000,,,,,,,,
766800,2594.5,0.000001,,,,,,,,
766900,2594.8,0.000000,,,,,,,,
767000,2595.1,0.000000,,,,,,,,
767100,2595.4,0.000001,,,,,,,,
767200,2595.8,0.000000,,,,,,,,
767300,2596.1,0.000000,,,,,,,,
767400,2596.4,0.000001,,,,,,,,
767500,2596.7,0.000001,,,,,,,,
767600,2597.0,0.000001,,,,,,,,
767700,2597.3,0.000000,,,,,,,,
767800,2597.7,0.000001,,,,,,,,
767900,2598.0,0.000000,,,,,,,,
768000,2598.3,0.000000,,,,,,,,
768100,2598.6,0.000001,,,,,,,,
768200,2598.9,0.000000,,,,,,,,
768300,2599.2,0.000001,,,,,,,,
768400,2599.6,0.000000,,,,,,,,
768500,2599.9,0.000001,,,,,,,,
768600,2600.2,0.000000,,,,,,,,
768700,2600.5,0.000001,,,,,,,,
768800,2600.8,0.000001,,,,,,,,
768900,2601.1,0.000001,,,,,,,,
769000,2601.5,0.000001,,,,,,,,
769100,2601.8,0.000000,,,,,,,,
769200,2602.1,0.000000,,,,,,,,
769300,2602.4,0.000001,,,,,,,,
769400,2602.7,0.000000,,,,,,,,
769500,2603.0,0.000001,,,,,,,,
769600,2603.4,0.000000,,,,,,,,
769700,2603.7,0.000000,,,,,,,,
769800,2604.0,0.000000,,,,,,,,
769900,2604.3,0.000000,,,,,,,,
770000,2605.8,0.000001,0.000001,1.231100e-01,3.041137e-03,2.212368e-03,0.000000,5.331279e-02,2.886546e-03,2.140233e-03
770100,2606.1,0.000000,,,,,,,,
770200,2606.4,0.000000,,,,,,,,
770300,2606.7,0.000001,,,,,,,,
770400,2607.0,0.000001,,,,,,,,
770500,2607.3,0.000001,,,,,,,,
770600,2607.7,0.000000,,,,,,,,
770700,2608.0,0.000001,,,,,,,,
770800,2608.3,0.000000,,,,,,,,
770900,2608.6,0.000000,,,,,,,,
771000,2608.9,0.000001,,,,,,,,
771100,2609.2,0.000000,,,,,,,,
771200,2609.6,0.000001,,,,,,,,
771300,2609.9,0.000001,,,,,,,,
771400,2610.2,0.000001,,,,,,,,
771500,2610.5,0.000000,,,,,,,,
771600,2610.8,0.000000,,,,,,,,
771700,2611.1,0.000000,,,,,,,,
771800,2611.5,0.000000,,,,,,,,
771900,2611.8,0.000001,,,,,,,,
772000,2612.1,0.000001,,,,,,,,
772100,2612.4,0.000001,,,,,,,,
772200,2612.7,0.000000,,,,,,,,
772300,2613.0,0.000000,,,,,,,,
772400,2613.4,0.000000,,,,,,,,
772500,2613.7,0.000001,,,,,,,,
772600,2614.0,0.000000,,,,,,,,
772700,2614.3,0.000001,,,,,,,,
772800,2614.6,0.000000,,,,,,,,
772900,2614.9,0.000000,,,,,,,,
773000,2615.3,0.000000,,,,,,,,
773100,2615.6,0.000001,,,,,,,,
773200,2615.9,0.000000,,,,,,,,
773300,2616.2,0.000000,,,,,,,,
773400,2616.5,0.000000,,,,,,,,
773500,2616.8,0.000000,,,,,,,,
773600,2617.2,0.000000,,,,,,,,
773700,2617.5,0.000000,,,,,,,,
773800,2617.8,0.000001,,,,,,,,
773900,2618.1,0.000000,,,,,,,,
774000,2618.4,0.000001,,,,,,,,
774100,2618.7,0.000001,,,,,,,,
774200,2619.1,0.000000,,,,,,,,
774300,2619.4,0.000000,,,,,,,,
774400,2619.7,0.000001,,,,,,,,
774500,2620.0,0.000001,,,,,,,,
774600,2620.3,0.000000,,,,,,,,
774700,2620.6,0.000002,,,,,,,,
774800,2621.0,0.000000,,,,,,,,
774900,2621.3,0.000001,,,,,,,,
775000,2622.7,0.000000,0.000001,1.252007e-01,3.001384e-03,2.183415e-03,0.000000,5.113722e-02,2.843854e-03,2.102077e-03
775100,2623.0,0.000000,,,,,,,,
775200,2623.3,0.000000,,,,,,,,
775300,2623.6,0.000000,,,,,,,,
775400,2624.0,0.000000,,,,,,,,
775500,2624.3,0.000000,,,,,,,,
775600,2624.6,0.000000,,,,,,,,
775700,2624.9,0.000000,,,,,,,,
775800,2625.2,0.000000,,,,,,,,
775900,2625.5,0.000001,,,,,,,,
776000,2625.9,0.000000,,,,,,,,
776100,2626.2,0.000000,,,,,,,,
776200,2626.5,0.000000,,,,,,,,
776300,2626.8,0.000000,,,,,,,,
776400,2627.1,0.000001,,,,,,,,
776500,2627.5,0.000000,,,,,,,,
776600,2627.8,0.000000,,,,,,,,
776700,2628.1,0.000001,,,,,,,,
776800,2628.4,0.000001,,,,,,,,
776900,2628.7,0.000000,,,,,,,,
777000,2629.0,0.000000,,,,,,,,
777100,2629.3,0.000001,,,,,,,,
777200,2629.7,0.000001,,,,,,,,
777300,2630.0,0.000000,,,,,,,,
777400,2630.3,0.000000,,,,,,,,
777500,2630.6,0.000001,,,,,,,,
777600,2630.9,0.000001,,,,,,,,
777700,2631.2,0.000000,,,,,,,,
777800,2631.6,0.000000,,,,,,,,
777900,2631.9,0.000000,,,,,,,,
778000,2632.2,0.000000,,,,,,,,
778100,2632.5,0.000000,,,,,,,,
778200,2632.8,0.000000,,,,,,,,
778300,2633.1,0.000000,,,,,,,,
778400,2633.5,0.000001,,,,,,,,
778500,2633.8,0.000001,,,,,,,,
778600,2634.1,0.000000,,,,,,,,
778700,2634.4,0.000000,,,,,,,,
778800,2634.7,0.000001,,,,,,,,
778900,2635.0,0.000000,,,,,,,,
779000,2635.4,0.000001,,,,,,,,
779100,2635.7,0.000001,,,,,,,,
779200,2636.0,0.000000,,,,,,,,
779300,2636.3,0.000000,,,,,,,,
779400,2636.6,0.000000,,,,,,,,
779500,2636.9,0.000000,,,,,,,,
779600,2637.3,0.000000,,,,,,,,
779700,2637.6,0.000001,,,,,,,,
779800,2637.9,0.000001,,,,,,,,
779900,2638.2,0.000001,,,,,,,,
780000,2639.6,0.000000,0.000001,1.114342e-01,3.032846e-03,2.177869e-03,0.000000,4.397888e-02,2.851724e-03,2.082717e-03
780100,2639.9,0.000001,,,,,,,,
780200,2640.3,0.000000,,,,,,,,
780300,2640.6,0.000000,,,,,,,,
780400,2640.9,0.000000,,,,,,,,
780500,2641.2,0.000000,,,,,,,,
780600,2641.5,0.000001,,,,,,,,
780700,2641.8,0.000001,,,,,,,,
780800,2642.2,0.000000,,,,,,,,
780900,2642.5,0.000001,,,,,,,,
781000,2642.8,0.000001,,,,,,,,
781100,2643.1,0.000001,,,,,,,,
781200,2643.4,0.000001,,,,,,,,
781300,2643.7,0.000000,,,,,,,,
781400,2644.1,0.000001,,,,,,,,
781500,2644.4,0.000001,,,,,,,,
781600,2644.7,0.000000,,,,,,,,
781700,2645.0,0.000001,,,,,,,,
781800,2645.3,0.000000,,,,,,,,
781900,2645.6,0.000002,,,,,,,,
782000,2646.0,0.000001,,,,,,,,
782100,2646.3,0.000000,,,,,,,,
782200,2646.6,0.000000,,,,,,,,
782300,2646.9,0.000001,,,,,,,,
782400,2647.2,0.000000,,,,,,,,
782500,2647.5,0.000001,,,,,,,,
782600,2647.8,0.000001,,,,,,,,
782700,2648.2,0.000001,,,,,,,,
782800,2648.5,0.000001,,,,,,,,
782900,2648.8,0.000001,,,,,,,,
783000,2649.1,0.000000,,,,,,,,
783100,2649.4,0.000001,,,,,,,,
783200,2649.7,0.000000,,,,,,,,
783300,2650.1,0.000000,,,,,,,,
783400,2650.4,0.000000,,,,,,,,
783500,2650.7,0.000001,,,,,,,,
783600,2651.0,0.000000,,,,,,,,
783700,2651.3,0.000001,,,,,,,,
783800,2651.6,0.000000,,,,,,,,
783900,2652.0,0.000001,,,,,,,,
784000,2652.3,0.000001,,,,,,,,
784100,2652.6,0.000001,,,,,,,,
784200,2652.9,0.000000,,,,,,,,
784300,2653.2,0.000000,,,,,,,,
784400,2653.5,0.000000,,,,,,,,
784500,2653.9,0.000001,,,,,,,,
784600,2654.2,0.000001,,,,,,,,
784700,2654.5,0.000000,,,,,,,,
784800,2654.8,0.000001,,,,,,,,
784900,2655.1,0.000001,,,,,,,,
785000,2656.6,0.000000,0.000000,1.186568e-01,2.963690e-03,2.140088e-03,0.000000,4.611278e-02,2.797042e-03,2.054069e-03
785100,2656.9,0.000001,,,,,,,,
785200,2657.2,0.000000,,,,,,,,
785300,2657.5,0.000001,,,,,,,,
785400,2657.8,0.000001,,,,,,,,
785500,2658.1,0.000000,,,,,,,,
785600,2658.4,0.000000,,,,,,,,
785700,2658.8,0.000000,,,,,,,,
785800,2659.1,0.000000,,,,,,,,
785900,2659.4,0.000000,,,,,,,,
786000,2659.7,0.000001,,,,,,,,
786100,2660.0,0.000001,,,,,,,,
786200,2660.3,0.000002,,,,,,,,
786300,2660.6,0.000000,,,,,,,,
786400,2661.0,0.000001,,,,,,,,
786500,2661.3,0.000001,,,,,,,,
786600,2661.6,0.000001,,,,,,,,
786700,2661.9,0.000000,,,,,,,,
786800,2662.2,0.000000,,,,,,,,
786900,2662.5,0.000001,,,,,,,,
787000,2662.9,0.000000,,,,,,,,
787100,2663.2,0.000000,,,,,,,,
787200,2663.5,0.000001,,,,,,,,
787300,2663.8,0.000000,,,,,,,,
787400,2664.1,0.000001,,,,,,,,
787500,2664.4,0.000000,,,,,,,,
787600,2664.8,0.000001,,,,,,,,
787700,2665.1,0.000001,,,,,,,,
787800,2665.4,0.000001,,,,,,,,
787900,2665.7,0.000000,,,,,,,,
788000,2666.0,0.000001,,,,,,,,
788100,2666.3,0.000000,,,,,,,,
788200,2666.7,0.000000,,,,,,,,
788300,2667.0,0.000001,,,,,,,,
788400,2667.3,0.000000,,,,,,,,
788500,2667.6,0.000001,,,,,,,,
788600,2667.9,0.000001,,,,,,,,
788700,2668.2,0.000000,,,,,,,,
788800,2668.6,0.000001,,,,,,,,
788900,2668.9,0.000000,,,,,,,,
789000,2669.2,0.000000,,,,,,,,
789100,2669.5,0.000001,,,,,,,,
789200,2669.8,0.000000,,,,,,,,
789300,2670.1,0.000000,,,,,,,,
789400,2670.5,0.000000,,,,,,,,
789500,2670.8,0.000001,,,,,,,,
789600,2671.1,0.000000,,,,,,,,
789700,2671.4,0.000001,,,,,,,,
789800,2671.7,0.000000,,,,,,,,
789900,2672.0,0.000000,,,,,,,,
790000,2673.5,0.000000,0.000000,1.217892e-01,2.964195e-03,2.142015e-03,0.000000,4.722548e-02,2.790863e-03,2.054247e-03
790100,2673.8,0.000000,,,,,,,,
790200,2674.1,0.000001,,,,,,,,
790300,2674.4,0.000001,,,,,,,,
790400,2674.7,0.000000,,,,,,,,
790500,2675.1,0.000000,,,,,,,,
790600,2675.4,0.000000,,,,,,,,
790700,2675.7,0.000000,,,,,,,,
790800,2676.0,0.000000,,,,,,,,
790900,2676.3,0.000001,,,,,,,,
791000,2676.6,0.000000,,,,,,,,
791100,2677.0,0.000001,,,,,,,,
791200,2677.3,0.000000,,,,,,,,
791300,2677.6,0.000001,,,,,,,,
791400,2677.9,0.000001,,,,,,,,
791500,2678.2,0.000000,,,,,,,,
791600,2678.5,0.000000,,,,,,,,
791700,2678.9,0.000001,,,,,,,,
791800,2679.2,0.000000,,,,,,,,
791900,2679.5,0.000000,,,,,,,,
792000,2679.8,0.000000,,,,,,,,
792100,2680.1,0.000000,,,,,,,,
792200,2680.4,0.000001,,,,,,,,
792300,2680.8,0.000001,,,,,,,,
792400,2681.1,0.000001,,,,,,,,
792500,2681.4,0.000000,,,,,,,,
792600,2681.7,0.000000,,,,,,,,
792700,2682.0,0.000000,,,,,,,,
792800,2682.3,0.000001,,,,,,,,
792900,2682.7,0.000000,,,,,,,,
793000,2683.0,0.000001,,,,,,,,
793100,2683.3,0.000001,,,,,,,,
793200,2683.6,0.000001,,,,,,,,
793300,2683.9,0.000001,,,,,,,,
793400,2684.2,0.000000,,,,,,,,
793500,2684.6,0.000000,,,,,,,,
793600,2684.9,0.000001,,,,,,,,
793700,2685.2,0.000001,,,,,,,,
793800,2685.5,0.000001,,,,,,,,
793900,2685.8,0.000001,,,,,,,,
794000,2686.1,0.000001,,,,,,,,
794100,2686.5,0.000000,,,,,,,,
794200,2686.8,0.000001,,,,,,,,
794300,2687.1,0.000001,,,,,,,,
794400,2687.4,0.000000,,,,,,,,
794500,2687.7,0.000000,,,,,,,,
794600,2688.0,0.000000,,,,,,,,
794700,2688.4,0.000001,,,,,,,,
794800,2688.7,0.000001,,,,,,,,
794900,2689.0,0.000001,,,,,,,,
795000,2690.5,0.000000,0.000000,1.208097e-01,2.959021e-03,2.142682e-03,0.000000,4.382420e-02,2.789192e-03,2.056372e-03
795100,2690.7,0.000000,,,,,,,,
795200,2691.1,0.000001,,,,,,,,
795300,2691.4,0.000000,,,,,,,,
795400,2691.7,0.000001,,,,,,,,
795500,2692.0,0.000001,,,,,,,,
795600,2692.3,0.000000,,,,,,,,
795700,2692.6,0.000000,,,,,,,,
795800,2693.0,0.000000,,,,,,,,
795900,2693.3,0.000001,,,,,,,,
796000,2693.6,0.000001,,,,,,,,
796100,2693.9,0.000001,,,,,,,,
796200,2694.2,0.000000,,,,,,,,
796300,2694.5,0.000000,,,,,,,,
796400,2694.9,0.000001,,,,,,,,
796500,2695.2,0.000001,,,,,,,,
796600,2695.5,0.000000,,,,,,,,
796700,2695.8,0.000001,,,,,,,,
796800,2696.1,0.000000,,,,,,,,
796900,2696.4,0.000001,,,,,,,,
797000,2696.8,0.000000,,,,,,,,
797100,2697.1,0.000000,,,,,,,,
797200,2697.4,0.000000,,,,,,,,
797300,2697.7,0.000001,,,,,,,,
797400,2698.0,0.000000,,,,,,,,
797500,2698.3,0.000001,,,,,,,,
797600,2698.7,0.000001,,,,,,,,
797700,2699.0,0.000000,,,,,,,,
797800,2699.3,0.000000,,,,,,,,
797900,2699.6,0.000000,,,,,,,,
798000,2699.9,0.000000,,,,,,,,
798100,2700.3,0.000001,,,,,,,,
798200,2700.6,0.000000,,,,,,,,
798300,2700.9,0.000000,,,,,,,,
798400,2701.2,0.000000,,,,,,,,
798500,2701.5,0.000001,,,,,,,,
798600,2701.8,0.000000,,,,,,,,
798700,2702.2,0.000000,,,,,,,,
798800,2702.5,0.000001,,,,,,,,
798900,2702.8,0.000001,,,,,,,,
799000,2703.1,0.000001,,,,,,,,
799100,2703.4,0.000000,,,,,,,,
799200,2703.7,0.000001,,,,,,,,
799300,2704.1,0.000000,,,,,,,,
799400,2704.4,0.000001,,,,,,,,
799500,2704.7,0.000001,,,,,,,,
799600,2705.0,0.000001,,,,,,,,
799700,2705.3,0.000000,,,,,,,,
799800,2705.6,0.000000,,,,,,,,
799900,2706.0,0.000000,,,,,,,,
800000,2707.4,0.000001,0.000000,1.215205e-01,2.959246e-03,2.145123e-03,0.000000,4.510427e-02,2.790754e-03,2.056970e-03
