step,elapsed_s,train_loss,eval_loss,max_abs_err,mean_abs_err,median_abs_err,frac_under_boyd,max_abs_err_bulk,mean_abs_err_bulk,median_abs_err_bulk
100,0.5,0.128941,,,,,,,,
200,0.8,0.112018,,,,,,,,
300,1.3,0.100065,,,,,,,,
400,1.8,0.003660,,,,,,,,
500,2.3,0.001767,,,,,,,,
600,2.8,0.001489,,,,,,,,
700,3.3,0.001004,,,,,,,,
800,3.8,0.001198,,,,,,,,
900,4.3,0.001183,,,,,,,,
1000,4.9,0.001081,,,,,,,,
1100,5.4,0.000873,,,,,,,,
1200,5.9,0.000176,,,,,,,,
1300,6.4,0.000188,,,,,,,,
1400,6.9,0.000111,,,,,,,,
1500,7.5,0.000074,,,,,,,,
1600,8.0,0.000042,,,,,,,,
1700,8.5,0.000030,,,,,,,,
1800,9.0,0.000089,,,,,,,,
1900,9.5,0.000033,,,,,,,,
2000,10.0,0.000052,,,,,,,,
2100,10.5,0.000019,,,,,,,,
2200,11.1,0.000025,,,,,,,,
2300,11.6,0.000036,,,,,,,,
2400,12.2,0.000026,,,,,,,,
2500,12.7,0.000021,,,,,,,,
2600,13.2,0.000022,,,,,,,,
2700,13.7,0.000019,,,,,,,,
2800,14.2,0.000039,,,,,,,,
2900,14.7,0.000018,,,,,,,,
3000,15.3,0.000013,,,,,,,,
3100,15.8,0.000011,,,,,,,,
3200,16.3,0.000024,,,,,,,,
3300,16.8,0.000022,,,,,,,,
3400,17.4,0.000059,,,,,,,,
3500,17.9,0.000061,,,,,,,,
3600,18.4,0.000012,,,,,,,,
3700,18.9,0.000020,,,,,,,,
3800,19.4,0.000009,,,,,,,,
3900,20.0,0.000015,,,,,,,,
4000,20.5,0.000009,,,,,,,,
4100,21.0,0.000015,,,,,,,,
4200,21.5,0.000017,,,,,,,,
4300,22.1,0.000020,,,,,,,,
4400,22.6,0.000015,,,,,,,,
4500,23.1,0.000009,,,,,,,,
4600,23.6,0.000013,,,,,,,,
4700,24.2,0.000014,,,,,,,,
4800,24.7,0.000024,,,,,,,,
4900,25.2,0.000043,,,,,,,,
5000,27.0,0.000008,0.000011,1.873315e-01,1.627203e-02,1.293435e-02,0.000000,1.316679e-01,1.656648e-02,1.340159e-02
5100,27.3,0.000008,,,,,,,,
5200,27.6,0.000008,,,,,,,,
5300,28.0,0.000018,,,,,,,,
5400,28.5,0.000009,,,,,,,,
5500,29.0,0.000009,,,,,,,,
5600,29.5,0.000010,,,,,,,,
5700,30.0,0.000021,,,,,,,,
5800,30.6,0.000010,,,,,,,,
5900,31.1,0.000013,,,,,,,,
6000,31.6,0.000015,,,,,,,,
6100,32.1,0.000020,,,,,,,,
6200,32.6,0.000011,,,,,,,,
6300,33.1,0.000005,,,,,,,,
6400,33.6,0.000017,,,,,,,,
6500,34.2,0.000022,,,,,,,,
6600,34.7,0.000009,,,,,,,,
6700,35.2,0.000020,,,,,,,,
6800,35.7,0.000011,,,,,,,,
6900,36.2,0.000008,,,,,,,,
7000,36.8,0.000022,,,,,,,,
7100,37.2,0.000017,,,,,,,,
7200,37.8,0.000024,,,,,,,,
7300,38.3,0.000011,,,,,,,,
7400,38.8,0.000007,,,,,,,,
7500,39.3,0.000018,,,,,,,,
7600,39.8,0.000032,,,,,,,,
7700,40.4,0.000016,,,,,,,,
7800,40.9,0.000019,,,,,,,,
7900,41.4,0.000011,,,,,,,,
8000,41.9,0.000007,,,,,,,,
8100,42.4,0.000006,,,,,,,,
8200,42.9,0.000004,,,,,,,,
8300,43.5,0.000022,,,,,,,,
8400,44.0,0.000023,,,,,,,,
8500,44.6,0.000013,,,,,,,,
8600,45.1,0.000009,,,,,,,,
8700,45.6,0.000011,,,,,,,,
8800,46.1,0.000006,,,,,,,,
8900,46.6,0.000027,,,,,,,,
9000,47.2,0.000022,,,,,,,,
9100,47.7,0.000018,,,,,,,,
9200,48.2,0.000017,,,,,,,,
9300,48.7,0.000008,,,,,,,,
9400,49.2,0.000008,,,,,,,,
9500,49.8,0.000017,,,,,,,,
9600,50.3,0.000011,,,,,,,,
9700,50.8,0.000008,,,,,,,,
9800,51.4,0.000049,,,,,,,,
9900,51.9,0.000012,,,,,,,,
10000,53.6,0.000006,0.000008,1.661127e-01,1.468883e-02,1.392082e-02,0.000000,1.207342e-01,1.479425e-02,1.423274e-02
10100,53.9,0.000015,,,,,,,,
10200,54.2,0.000011,,,,,,,,
10300,54.6,0.000017,,,,,,,,
10400,55.1,0.000006,,,,,,,,
10500,55.6,0.000006,,,,,,,,
10600,56.1,0.000014,,,,,,,,
10700,56.6,0.000014,,,,,,,,
10800,57.1,0.000011,,,,,,,,
10900,57.7,0.000007,,,,,,,,
11000,58.2,0.000011,,,,,,,,
11100,58.7,0.000010,,,,,,,,
11200,59.2,0.000004,,,,,,,,
11300,59.8,0.000009,,,,,,,,
11400,60.3,0.000009,,,,,,,,
11500,60.8,0.000005,,,,,,,,
11600,61.3,0.000018,,,,,,,,
11700,61.8,0.000009,,,,,,,,
11800,62.3,0.000009,,,,,,,,
11900,62.9,0.000011,,,,,,,,
12000,63.4,0.000007,,,,,,,,
12100,63.9,0.000007,,,,,,,,
12200,64.5,0.000011,,,,,,,,
12300,65.0,0.000031,,,,,,,,
12400,65.5,0.000009,,,,,,,,
12500,66.1,0.000004,,,,,,,,
12600,66.6,0.000003,,,,,,,,
12700,67.1,0.000007,,,,,,,,
12800,67.6,0.000003,,,,,,,,
12900,68.2,0.000004,,,,,,,,
13000,68.7,0.000005,,,,,,,,
13100,69.0,0.000007,,,,,,,,
13200,69.5,0.000008,,,,,,,,
13300,70.1,0.000003,,,,,,,,
13400,70.6,0.000006,,,,,,,,
13500,71.1,0.000007,,,,,,,,
13600,71.7,0.000004,,,,,,,,
13700,72.2,0.000014,,,,,,,,
13800,72.7,0.000003,,,,,,,,
13900,73.3,0.000007,,,,,,,,
14000,73.7,0.000006,,,,,,,,
14100,74.3,0.000014,,,,,,,,
14200,74.8,0.000004,,,,,,,,
14300,75.3,0.000009,,,,,,,,
14400,75.8,0.000003,,,,,,,,
14500,76.4,0.000007,,,,,,,,
14600,76.9,0.000003,,,,,,,,
14700,77.4,0.000009,,,,,,,,
14800,78.0,0.000007,,,,,,,,
14900,78.5,0.000008,,,,,,,,
15000,80.3,0.000004,0.000004,1.593434e-01,9.849426e-03,8.210276e-03,0.000000,1.211700e-01,9.875530e-03,8.300593e-03
15100,80.5,0.000003,,,,,,,,
15200,80.8,0.000005,,,,,,,,
15300,81.1,0.000009,,,,,,,,
15400,81.6,0.000006,,,,,,,,
15500,82.1,0.000006,,,,,,,,
15600,82.6,0.000007,,,,,,,,
15700,83.1,0.000005,,,,,,,,
15800,83.7,0.000007,,,,,,,,
15900,84.2,0.000008,,,,,,,,
16000,84.7,0.000006,,,,,,,,
16100,85.3,0.000007,,,,,,,,
16200,85.7,0.000003,,,,,,,,
16300,86.3,0.000012,,,,,,,,
16400,86.8,0.000004,,,,,,,,
16500,87.3,0.000007,,,,,,,,
16600,87.8,0.000010,,,,,,,,
16700,88.4,0.000006,,,,,,,,
16800,88.9,0.000004,,,,,,,,
16900,89.4,0.000005,,,,,,,,
17000,89.9,0.000004,,,,,,,,
17100,90.4,0.000003,,,,,,,,
17200,90.9,0.000008,,,,,,,,
17300,91.4,0.000010,,,,,,,,
17400,92.0,0.000011,,,,,,,,
17500,92.5,0.000015,,,,,,,,
17600,93.0,0.000005,,,,,,,,
17700,93.6,0.000010,,,,,,,,
17800,94.1,0.000010,,,,,,,,
17900,94.6,0.000008,,,,,,,,
18000,95.1,0.000005,,,,,,,,
18100,95.6,0.000007,,,,,,,,
18200,96.1,0.000007,,,,,,,,
18300,96.7,0.000006,,,,,,,,
18400,97.2,0.000005,,,,,,,,
18500,97.7,0.000006,,,,,,,,
18600,98.2,0.000017,,,,,,,,
18700,98.7,0.000016,,,,,,,,
18800,99.3,0.000004,,,,,,,,
18900,99.8,0.000006,,,,,,,,
19000,100.3,0.000008,,,,,,,,
19100,100.8,0.000004,,,,,,,,
19200,101.3,0.000004,,,,,,,,
19300,101.9,0.000004,,,,,,,,
19400,102.4,0.000004,,,,,,,,
19500,102.9,0.000007,,,,,,,,
19600,103.3,0.000009,,,,,,,,
19700,103.9,0.000005,,,,,,,,
19800,104.4,0.000012,,,,,,,,
19900,104.9,0.000006,,,,,,,,
20000,106.6,0.000007,0.000007,2.302173e-01,1.241183e-02,1.016197e-02,0.000000,2.302173e-01,1.244464e-02,1.043951e-02
20100,106.9,0.000002,,,,,,,,
20200,107.2,0.000011,,,,,,,,
20300,107.6,0.000003,,,,,,,,
20400,108.1,0.000003,,,,,,,,
20500,108.7,0.000005,,,,,,,,
20600,109.2,0.000007,,,,,,,,
20700,109.7,0.000005,,,,,,,,
20800,110.2,0.000005,,,,,,,,
20900,110.8,0.000011,,,,,,,,
21000,111.3,0.000002,,,,,,,,
21100,111.8,0.000004,,,,,,,,
21200,112.3,0.000002,,,,,,,,
21300,112.8,0.000002,,,,,,,,
21400,113.3,0.000002,,,,,,,,
21500,113.9,0.000009,,,,,,,,
21600,114.4,0.000014,,,,,,,,
21700,114.9,0.000002,,,,,,,,
21800,115.5,0.000012,,,,,,,,
21900,115.9,0.000013,,,,,,,,
22000,116.5,0.000002,,,,,,,,
22100,117.0,0.000005,,,,,,,,
22200,117.5,0.000010,,,,,,,,
22300,118.0,0.000004,,,,,,,,
22400,118.6,0.000005,,,,,,,,
22500,119.1,0.000007,,,,,,,,
22600,119.6,0.000007,,,,,,,,
22700,120.1,0.000007,,,,,,,,
22800,120.7,0.000008,,,,,,,,
22900,121.2,0.000004,,,,,,,,
23000,121.7,0.000002,,,,,,,,
23100,122.1,0.000006,,,,,,,,
23200,122.6,0.000008,,,,,,,,
23300,123.2,0.000015,,,,,,,,
23400,123.7,0.000004,,,,,,,,
23500,124.2,0.000003,,,,,,,,
23600,124.7,0.000002,,,,,,,,
23700,125.3,0.000006,,,,,,,,
23800,125.8,0.000002,,,,,,,,
23900,126.3,0.000007,,,,,,,,
24000,126.8,0.000006,,,,,,,,
24100,127.3,0.000011,,,,,,,,
24200,127.8,0.000006,,,,,,,,
24300,128.4,0.000008,,,,,,,,
24400,128.8,0.000003,,,,,,,,
24500,129.3,0.000006,,,,,,,,
24600,129.8,0.000004,,,,,,,,
24700,130.3,0.000002,,,,,,,,
24800,130.9,0.000004,,,,,,,,
24900,131.4,0.000004,,,,,,,,
25000,133.1,0.000006,0.000003,2.169849e-01,7.804214e-03,6.085172e-03,0.000000,1.408986e-01,7.503225e-03,5.874119e-03
25100,133.4,0.000003,,,,,,,,
25200,133.7,0.000003,,,,,,,,
25300,134.1,0.000005,,,,,,,,
25400,134.6,0.000008,,,,,,,,
25500,135.1,0.000006,,,,,,,,
25600,135.6,0.000003,,,,,,,,
25700,136.2,0.000016,,,,,,,,
25800,136.7,0.000006,,,,,,,,
25900,137.2,0.000003,,,,,,,,
26000,137.7,0.000002,,,,,,,,
26100,138.3,0.000006,,,,,,,,
26200,138.8,0.000003,,,,,,,,
26300,139.3,0.000003,,,,,,,,
26400,139.8,0.000004,,,,,,,,
26500,140.3,0.000007,,,,,,,,
26600,140.8,0.000006,,,,,,,,
26700,141.3,0.000003,,,,,,,,
26800,141.8,0.000002,,,,,,,,
26900,142.4,0.000005,,,,,,,,
27000,142.9,0.000010,,,,,,,,
27100,143.4,0.000006,,,,,,,,
27200,143.9,0.000004,,,,,,,,
27300,144.4,0.000004,,,,,,,,
27400,145.0,0.000003,,,,,,,,
27500,145.5,0.000001,,,,,,,,
27600,146.0,0.000001,,,,,,,,
27700,146.5,0.000008,,,,,,,,
27800,147.0,0.000015,,,,,,,,
27900,147.5,0.000010,,,,,,,,
28000,148.0,0.000005,,,,,,,,
28100,148.6,0.000011,,,,,,,,
28200,149.1,0.000013,,,,,,,,
28300,149.6,0.000003,,,,,,,,
28400,150.2,0.000002,,,,,,,,
28500,150.7,0.000003,,,,,,,,
28600,151.2,0.000004,,,,,,,,
28700,151.7,0.000002,,,,,,,,
28800,152.2,0.000005,,,,,,,,
28900,152.7,0.000002,,,,,,,,
29000,153.3,0.000009,,,,,,,,
29100,153.8,0.000003,,,,,,,,
29200,154.3,0.000004,,,,,,,,
29300,154.8,0.000004,,,,,,,,
29400,155.4,0.000004,,,,,,,,
29500,155.9,0.000012,,,,,,,,
29600,156.4,0.000006,,,,,,,,
29700,156.9,0.000012,,,,,,,,
29800,157.5,0.000004,,,,,,,,
29900,158.0,0.000003,,,,,,,,
30000,159.7,0.000005,0.000004,1.872653e-01,8.694221e-03,6.598131e-03,0.000000,8.337188e-02,8.084822e-03,6.273412e-03
30100,160.0,0.000004,,,,,,,,
30200,160.2,0.000004,,,,,,,,
30300,160.6,0.000003,,,,,,,,
30400,161.1,0.000003,,,,,,,,
30500,161.7,0.000006,,,,,,,,
30600,162.2,0.000002,,,,,,,,
30700,162.7,0.000002,,,,,,,,
30800,163.2,0.000014,,,,,,,,
30900,163.8,0.000004,,,,,,,,
31000,164.3,0.000005,,,,,,,,
31100,164.8,0.000002,,,,,,,,
31200,165.3,0.000002,,,,,,,,
31300,165.8,0.000003,,,,,,,,
31400,166.4,0.000009,,,,,,,,
31500,166.9,0.000002,,,,,,,,
31600,167.4,0.000007,,,,,,,,
31700,167.9,0.000003,,,,,,,,
31800,168.4,0.000002,,,,,,,,
31900,169.0,0.000002,,,,,,,,
32000,169.5,0.000004,,,,,,,,
32100,170.0,0.000002,,,,,,,,
32200,170.5,0.000003,,,,,,,,
32300,171.0,0.000002,,,,,,,,
32400,171.5,0.000007,,,,,,,,
32500,172.0,0.000009,,,,,,,,
32600,172.6,0.000002,,,,,,,,
32700,173.1,0.000018,,,,,,,,
32800,173.6,0.000005,,,,,,,,
32900,174.2,0.000001,,,,,,,,
33000,174.7,0.000010,,,,,,,,
33100,175.2,0.000001,,,,,,,,
33200,175.7,0.000003,,,,,,,,
33300,176.2,0.000007,,,,,,,,
33400,176.7,0.000002,,,,,,,,
33500,177.2,0.000002,,,,,,,,
33600,177.8,0.000003,,,,,,,,
33700,178.3,0.000006,,,,,,,,
33800,178.8,0.000003,,,,,,,,
33900,179.3,0.000002,,,,,,,,
34000,179.8,0.000002,,,,,,,,
34100,180.3,0.000006,,,,,,,,
34200,180.9,0.000005,,,,,,,,
34300,181.4,0.000004,,,,,,,,
34400,181.9,0.000010,,,,,,,,
34500,182.4,0.000002,,,,,,,,
34600,182.9,0.000005,,,,,,,,
34700,183.5,0.000003,,,,,,,,
34800,184.0,0.000002,,,,,,,,
34900,184.5,0.000003,,,,,,,,
35000,186.2,0.000002,0.000001,9.410202e-02,5.041134e-03,3.900144e-03,0.000000,8.404041e-02,4.891031e-03,3.865148e-03
35100,186.5,0.000001,,,,,,,,
35200,186.8,0.000002,,,,,,,,
35300,187.3,0.000005,,,,,,,,
35400,187.8,0.000003,,,,,,,,
35500,188.3,0.000003,,,,,,,,
35600,188.7,0.000003,,,,,,,,
35700,189.1,0.000008,,,,,,,,
35800,189.6,0.000004,,,,,,,,
35900,190.2,0.000002,,,,,,,,
36000,190.7,0.000003,,,,,,,,
36100,191.2,0.000002,,,,,,,,
36200,191.7,0.000005,,,,,,,,
36300,192.2,0.000002,,,,,,,,
36400,192.7,0.000004,,,,,,,,
36500,193.3,0.000004,,,,,,,,
36600,193.8,0.000005,,,,,,,,
36700,194.3,0.000003,,,,,,,,
36800,194.8,0.000002,,,,,,,,
36900,195.3,0.000005,,,,,,,,
37000,195.8,0.000003,,,,,,,,
37100,196.4,0.000001,,,,,,,,
37200,196.9,0.000005,,,,,,,,
37300,197.4,0.000001,,,,,,,,
37400,198.0,0.000006,,,,,,,,
37500,198.5,0.000004,,,,,,,,
37600,199.0,0.000008,,,,,,,,
37700,199.5,0.000001,,,,,,,,
37800,200.1,0.000002,,,,,,,,
37900,200.6,0.000003,,,,,,,,
38000,201.1,0.000012,,,,,,,,
38100,201.6,0.000012,,,,,,,,
38200,202.1,0.000004,,,,,,,,
38300,202.7,0.000003,,,,,,,,
38400,203.2,0.000002,,,,,,,,
38500,203.7,0.000002,,,,,,,,
38600,204.2,0.000004,,,,,,,,
38700,204.8,0.000003,,,,,,,,
38800,205.3,0.000002,,,,,,,,
38900,205.8,0.000005,,,,,,,,
39000,206.3,0.000005,,,,,,,,
39100,206.9,0.000006,,,,,,,,
39200,207.4,0.000004,,,,,,,,
39300,207.9,0.000005,,,,,,,,
39400,208.4,0.000002,,,,,,,,
39500,208.9,0.000002,,,,,,,,
39600,209.4,0.000002,,,,,,,,
39700,210.0,0.000002,,,,,,,,
39800,210.5,0.000007,,,,,,,,
39900,211.0,0.000003,,,,,,,,
40000,212.7,0.000004,0.000003,1.564797e-01,7.352983e-03,5.638880e-03,0.000000,1.283356e-01,7.242332e-03,5.506353e-03
40100,213.0,0.000005,,,,,,,,
40200,213.3,0.000004,,,,,,,,
40300,213.7,0.000002,,,,,,,,
40400,214.3,0.000002,,,,,,,,
40500,214.8,0.000001,,,,,,,,
40600,215.3,0.000003,,,,,,,,
40700,215.8,0.000009,,,,,,,,
40800,216.3,0.000003,,,,,,,,
40900,216.9,0.000003,,,,,,,,
41000,217.4,0.000003,,,,,,,,
41100,218.0,0.000002,,,,,,,,
41200,218.5,0.000001,,,,,,,,
41300,219.0,0.000001,,,,,,,,
41400,219.5,0.000009,,,,,,,,
41500,220.0,0.000001,,,,,,,,
41600,220.6,0.000003,,,,,,,,
41700,221.1,0.000006,,,,,,,,
41800,221.6,0.000004,,,,,,,,
41900,222.1,0.000002,,,,,,,,
42000,222.6,0.000001,,,,,,,,
42100,223.2,0.000003,,,,,,,,
42200,223.7,0.000002,,,,,,,,
42300,224.2,0.000003,,,,,,,,
42400,224.7,0.000005,,,,,,,,
42500,225.2,0.000003,,,,,,,,
42600,225.7,0.000002,,,,,,,,
42700,226.2,0.000006,,,,,,,,
42800,226.8,0.000001,,,,,,,,
42900,227.3,0.000005,,,,,,,,
43000,227.8,0.000002,,,,,,,,
43100,228.3,0.000003,,,,,,,,
43200,228.9,0.000002,,,,,,,,
43300,229.4,0.000004,,,,,,,,
43400,229.9,0.000003,,,,,,,,
43500,230.4,0.000009,,,,,,,,
43600,231.0,0.000010,,,,,,,,
43700,231.5,0.000002,,,,,,,,
43800,232.0,0.000010,,,,,,,,
43900,232.5,0.000002,,,,,,,,
44000,233.0,0.000002,,,,,,,,
44100,233.5,0.000001,,,,,,,,
44200,234.0,0.000002,,,,,,,,
44300,234.5,0.000004,,,,,,,,
44400,235.0,0.000003,,,,,,,,
44500,235.6,0.000002,,,,,,,,
44600,236.1,0.000007,,,,,,,,
44700,236.6,0.000003,,,,,,,,
44800,237.1,0.000004,,,,,,,,
44900,237.7,0.000004,,,,,,,,
45000,239.4,0.000004,0.000002,9.197384e-02,7.562094e-03,7.265046e-03,0.000000,7.263542e-02,7.313957e-03,6.996717e-03
45100,239.6,0.000002,,,,,,,,
45200,239.9,0.000002,,,,,,,,
45300,240.3,0.000002,,,,,,,,
45400,240.8,0.000002,,,,,,,,
45500,241.3,0.000002,,,,,,,,
45600,241.8,0.000001,,,,,,,,
45700,242.3,0.000004,,,,,,,,
45800,242.8,0.000001,,,,,,,,
45900,243.3,0.000002,,,,,,,,
46000,243.8,0.000010,,,,,,,,
46100,244.4,0.000007,,,,,,,,
46200,244.9,0.000001,,,,,,,,
46300,245.4,0.000003,,,,,,,,
46400,245.9,0.000010,,,,,,,,
46500,246.4,0.000002,,,,,,,,
46600,246.9,0.000001,,,,,,,,
46700,247.5,0.000011,,,,,,,,
46800,248.0,0.000006,,,,,,,,
46900,248.5,0.000005,,,,,,,,
47000,248.8,0.000002,,,,,,,,
47100,249.2,0.000006,,,,,,,,
47200,249.8,0.000005,,,,,,,,
47300,250.3,0.000002,,,,,,,,
47400,250.8,0.000006,,,,,,,,
47500,251.3,0.000005,,,,,,,,
47600,251.9,0.000005,,,,,,,,
47700,252.4,0.000005,,,,,,,,
47800,252.9,0.000003,,,,,,,,
47900,253.5,0.000009,,,,,,,,
48000,253.9,0.000004,,,,,,,,
48100,254.5,0.000003,,,,,,,,
48200,255.0,0.000003,,,,,,,,
48300,255.5,0.000004,,,,,,,,
48400,256.0,0.000002,,,,,,,,
48500,256.6,0.000001,,,,,,,,
48600,257.1,0.000002,,,,,,,,
48700,257.6,0.000003,,,,,,,,
48800,258.1,0.000001,,,,,,,,
48900,258.6,0.000004,,,,,,,,
49000,259.2,0.000002,,,,,,,,
49100,259.7,0.000002,,,,,,,,
49200,260.2,0.000004,,,,,,,,
49300,260.7,0.000003,,,,,,,,
49400,261.3,0.000001,,,,,,,,
49500,261.8,0.000005,,,,,,,,
49600,262.3,0.000004,,,,,,,,
49700,262.9,0.000003,,,,,,,,
49800,263.4,0.000002,,,,,,,,
49900,263.9,0.000002,,,,,,,,
50000,265.6,0.000002,0.000002,1.085353e-01,7.498205e-03,6.121588e-03,0.000000,7.887102e-02,7.266123e-03,6.023067e-03
50100,265.9,0.000002,,,,,,,,
50200,266.2,0.000006,,,,,,,,
50300,266.7,0.000003,,,,,,,,
50400,267.2,0.000002,,,,,,,,
50500,267.7,0.000001,,,,,,,,
50600,268.2,0.000005,,,,,,,,
50700,268.7,0.000002,,,,,,,,
50800,269.3,0.000003,,,,,,,,
50900,269.8,0.000008,,,,,,,,
51000,270.3,0.000001,,,,,,,,
51100,270.8,0.000002,,,,,,,,
51200,271.4,0.000002,,,,,,,,
51300,271.9,0.000003,,,,,,,,
51400,272.4,0.000002,,,,,,,,
51500,272.9,0.000003,,,,,,,,
51600,273.4,0.000002,,,,,,,,
51700,273.9,0.000003,,,,,,,,
51800,274.5,0.000003,,,,,,,,
51900,275.0,0.000004,,,,,,,,
52000,275.5,0.000002,,,,,,,,
52100,276.0,0.000002,,,,,,,,
52200,276.6,0.000003,,,,,,,,
52300,277.1,0.000005,,,,,,,,
52400,277.6,0.000003,,,,,,,,
52500,278.1,0.000002,,,,,,,,
52600,278.7,0.000001,,,,,,,,
52700,279.2,0.000002,,,,,,,,
52800,279.7,0.000003,,,,,,,,
52900,280.2,0.000002,,,,,,,,
53000,280.8,0.000002,,,,,,,,
53100,281.3,0.000003,,,,,,,,
53200,281.8,0.000004,,,,,,,,
53300,282.4,0.000003,,,,,,,,
53400,282.8,0.000002,,,,,,,,
53500,283.4,0.000002,,,,,,,,
53600,283.9,0.000006,,,,,,,,
53700,284.4,0.000001,,,,,,,,
53800,284.9,0.000003,,,,,,,,
53900,285.4,0.000004,,,,,,,,
54000,286.0,0.000001,,,,,,,,
54100,286.5,0.000002,,,,,,,,
54200,287.0,0.000001,,,,,,,,
54300,287.6,0.000010,,,,,,,,
54400,288.1,0.000004,,,,,,,,
54500,288.6,0.000005,,,,,,,,
54600,289.1,0.000002,,,,,,,,
54700,289.7,0.000005,,,,,,,,
54800,290.2,0.000005,,,,,,,,
54900,290.7,0.000001,,,,,,,,
55000,292.4,0.000007,0.000004,1.657463e-01,9.659724e-03,8.923083e-03,0.000000,1.274045e-01,9.457514e-03,8.850104e-03
55100,292.7,0.000001,,,,,,,,
55200,293.0,0.000005,,,,,,,,
55300,293.4,0.000003,,,,,,,,
55400,293.9,0.000006,,,,,,,,
55500,294.4,0.000002,,,,,,,,
55600,295.0,0.000002,,,,,,,,
55700,295.4,0.000002,,,,,,,,
55800,296.0,0.000003,,,,,,,,
55900,296.5,0.000003,,,,,,,,
56000,297.0,0.000002,,,,,,,,
56100,297.5,0.000006,,,,,,,,
56200,298.1,0.000006,,,,,,,,
56300,298.6,0.000002,,,,,,,,
56400,299.1,0.000004,,,,,,,,
56500,299.6,0.000002,,,,,,,,
56600,300.1,0.000003,,,,,,,,
56700,300.6,0.000005,,,,,,,,
56800,301.2,0.000002,,,,,,,,
56900,301.7,0.000004,,,,,,,,
57000,302.2,0.000001,,,,,,,,
57100,302.7,0.000004,,,,,,,,
57200,303.2,0.000003,,,,,,,,
57300,303.7,0.000002,,,,,,,,
57400,304.2,0.000003,,,,,,,,
57500,304.8,0.000002,,,,,,,,
57600,305.3,0.000003,,,,,,,,
57700,305.8,0.000006,,,,,,,,
57800,306.3,0.000004,,,,,,,,
57900,306.8,0.000003,,,,,,,,
58000,307.4,0.000005,,,,,,,,
58100,307.9,0.000001,,,,,,,,
58200,308.4,0.000002,,,,,,,,
58300,308.9,0.000003,,,,,,,,
58400,309.5,0.000004,,,,,,,,
58500,310.0,0.000003,,,,,,,,
58600,310.5,0.000001,,,,,,,,
58700,311.1,0.000003,,,,,,,,
58800,311.6,0.000002,,,,,,,,
58900,312.1,0.000003,,,,,,,,
59000,312.6,0.000007,,,,,,,,
59100,313.2,0.000001,,,,,,,,
59200,313.7,0.000008,,,,,,,,
59300,314.2,0.000003,,,,,,,,
59400,314.7,0.000002,,,,,,,,
59500,315.3,0.000003,,,,,,,,
59600,315.7,0.000001,,,,,,,,
59700,316.3,0.000002,,,,,,,,
59800,316.8,0.000002,,,,,,,,
59900,317.3,0.000003,,,,,,,,
60000,319.1,0.000003,0.000001,1.035312e-01,4.736530e-03,3.671245e-03,0.000000,7.305194e-02,4.603432e-03,3.718831e-03
60100,319.3,0.000001,,,,,,,,
60200,319.6,0.000003,,,,,,,,
60300,320.0,0.000002,,,,,,,,
60400,320.5,0.000002,,,,,,,,
60500,321.0,0.000002,,,,,,,,
60600,321.5,0.000003,,,,,,,,
60700,322.0,0.000003,,,,,,,,
60800,322.6,0.000007,,,,,,,,
60900,323.1,0.000002,,,,,,,,
61000,323.6,0.000002,,,,,,,,
61100,324.0,0.000003,,,,,,,,
61200,324.6,0.000002,,,,,,,,
61300,325.2,0.000001,,,,,,,,
61400,325.7,0.000003,,,,,,,,
61500,326.2,0.000001,,,,,,,,
61600,326.7,0.000002,,,,,,,,
61700,327.2,0.000004,,,,,,,,
61800,327.8,0.000005,,,,,,,,
61900,328.2,0.000006,,,,,,,,
62000,328.8,0.000005,,,,,,,,
62100,329.3,0.000003,,,,,,,,
62200,329.8,0.000003,,,,,,,,
62300,330.3,0.000001,,,,,,,,
62400,330.9,0.000008,,,,,,,,
62500,331.4,0.000004,,,,,,,,
62600,331.9,0.000004,,,,,,,,
62700,332.4,0.000005,,,,,,,,
62800,333.0,0.000005,,,,,,,,
62900,333.5,0.000003,,,,,,,,
63000,334.0,0.000005,,,,,,,,
63100,334.5,0.000001,,,,,,,,
63200,335.0,0.000002,,,,,,,,
63300,335.6,0.000004,,,,,,,,
63400,336.1,0.000002,,,,,,,,
63500,336.6,0.000002,,,,,,,,
63600,337.2,0.000001,,,,,,,,
63700,337.7,0.000001,,,,,,,,
63800,338.2,0.000001,,,,,,,,
63900,338.7,0.000005,,,,,,,,
64000,339.3,0.000002,,,,,,,,
64100,339.8,0.000006,,,,,,,,
64200,340.3,0.000003,,,,,,,,
64300,340.9,0.000006,,,,,,,,
64400,341.4,0.000005,,,,,,,,
64500,342.0,0.000003,,,,,,,,
64600,342.5,0.000003,,,,,,,,
64700,343.0,0.000006,,,,,,,,
64800,343.5,0.000004,,,,,,,,
64900,344.1,0.000003,,,,,,,,
65000,345.8,0.000006,0.000003,1.156556e-01,7.749680e-03,6.203301e-03,0.000000,5.379140e-02,7.821160e-03,6.369305e-03
65100,346.0,0.000002,,,,,,,,
65200,346.3,0.000002,,,,,,,,
65300,346.7,0.000003,,,,,,,,
65400,347.3,0.000006,,,,,,,,
65500,347.8,0.000004,,,,,,,,
65600,348.4,0.000002,,,,,,,,
65700,348.9,0.000004,,,,,,,,
65800,349.4,0.000004,,,,,,,,
65900,349.9,0.000003,,,,,,,,
66000,350.4,0.000002,,,,,,,,
66100,350.9,0.000002,,,,,,,,
66200,351.4,0.000004,,,,,,,,
66300,352.0,0.000002,,,,,,,,
66400,352.5,0.000003,,,,,,,,
66500,353.0,0.000001,,,,,,,,
66600,353.5,0.000001,,,,,,,,
66700,354.0,0.000001,,,,,,,,
66800,354.6,0.000002,,,,,,,,
66900,355.1,0.000001,,,,,,,,
67000,355.6,0.000001,,,,,,,,
67100,356.1,0.000002,,,,,,,,
67200,356.6,0.000002,,,,,,,,
67300,357.1,0.000004,,,,,,,,
67400,357.7,0.000003,,,,,,,,
67500,358.2,0.000004,,,,,,,,
67600,358.7,0.000001,,,,,,,,
67700,359.3,0.000001,,,,,,,,
67800,359.8,0.000002,,,,,,,,
67900,360.3,0.000003,,,,,,,,
68000,360.8,0.000008,,,,,,,,
68100,361.4,0.000002,,,,,,,,
68200,361.9,0.000005,,,,,,,,
68300,362.4,0.000007,,,,,,,,
68400,362.9,0.000003,,,,,,,,
68500,363.4,0.000002,,,,,,,,
68600,364.0,0.000001,,,,,,,,
68700,364.5,0.000007,,,,,,,,
68800,365.0,0.000004,,,,,,,,
68900,365.5,0.000001,,,,,,,,
69000,366.0,0.000010,,,,,,,,
69100,366.6,0.000002,,,,,,,,
69200,367.0,0.000001,,,,,,,,
69300,367.6,0.000005,,,,,,,,
69400,368.1,0.000004,,,,,,,,
69500,368.6,0.000001,,,,,,,,
69600,368.9,0.000001,,,,,,,,
69700,369.5,0.000001,,,,,,,,
69800,370.0,0.000001,,,,,,,,
69900,370.5,0.000003,,,,,,,,
70000,372.3,0.000004,0.000003,9.551871e-02,8.116829e-03,6.750743e-03,0.000000,8.218242e-02,8.231748e-03,6.897953e-03
70100,372.5,0.000004,,,,,,,,
70200,372.8,0.000001,,,,,,,,
70300,373.1,0.000004,,,,,,,,
70400,373.7,0.000001,,,,,,,,
70500,374.2,0.000004,,,,,,,,
70600,374.7,0.000003,,,,,,,,
70700,375.2,0.000004,,,,,,,,
70800,375.8,0.000003,,,,,,,,
70900,376.3,0.000001,,,,,,,,
71000,376.8,0.000003,,,,,,,,
71100,377.3,0.000001,,,,,,,,
71200,377.8,0.000002,,,,,,,,
71300,378.4,0.000001,,,,,,,,
71400,378.9,0.000002,,,,,,,,
71500,379.4,0.000002,,,,,,,,
71600,379.9,0.000001,,,,,,,,
71700,380.4,0.000004,,,,,,,,
71800,380.9,0.000002,,,,,,,,
71900,381.4,0.000001,,,,,,,,
72000,382.0,0.000002,,,,,,,,
72100,382.5,0.000001,,,,,,,,
72200,383.0,0.000004,,,,,,,,
72300,383.5,0.000001,,,,,,,,
72400,384.0,0.000001,,,,,,,,
72500,384.6,0.000001,,,,,,,,
72600,385.1,0.000003,,,,,,,,
72700,385.6,0.000006,,,,,,,,
72800,386.1,0.000003,,,,,,,,
72900,386.6,0.000003,,,,,,,,
73000,387.1,0.000001,,,,,,,,
73100,387.7,0.000002,,,,,,,,
73200,388.2,0.000002,,,,,,,,
73300,388.7,0.000001,,,,,,,,
73400,389.3,0.000001,,,,,,,,
73500,389.8,0.000001,,,,,,,,
73600,390.3,0.000004,,,,,,,,
73700,390.9,0.000001,,,,,,,,
73800,391.4,0.000001,,,,,,,,
73900,391.9,0.000001,,,,,,,,
74000,392.4,0.000001,,,,,,,,
74100,392.9,0.000001,,,,,,,,
74200,393.5,0.000005,,,,,,,,
74300,394.0,0.000009,,,,,,,,
74400,394.5,0.000002,,,,,,,,
74500,395.0,0.000002,,,,,,,,
74600,395.6,0.000001,,,,,,,,
74700,396.1,0.000002,,,,,,,,
74800,396.6,0.000002,,,,,,,,
74900,397.1,0.000005,,,,,,,,
75000,398.8,0.000002,0.000001,1.040486e-01,4.789736e-03,4.003430e-03,0.000000,6.566335e-02,4.785533e-03,4.092581e-03
75100,399.1,0.000001,,,,,,,,
75200,399.4,0.000003,,,,,,,,
75300,399.8,0.000002,,,,,,,,
75400,400.3,0.000002,,,,,,,,
75500,400.9,0.000002,,,,,,,,
75600,401.4,0.000005,,,,,,,,
75700,401.9,0.000001,,,,,,,,
75800,402.4,0.000001,,,,,,,,
75900,403.0,0.000003,,,,,,,,
76000,403.5,0.000006,,,,,,,,
76100,404.0,0.000003,,,,,,,,
76200,404.5,0.000002,,,,,,,,
76300,405.1,0.000002,,,,,,,,
76400,405.6,0.000001,,,,,,,,
76500,406.1,0.000003,,,,,,,,
76600,406.6,0.000021,,,,,,,,
76700,407.1,0.000004,,,,,,,,
76800,407.6,0.000002,,,,,,,,
76900,408.2,0.000003,,,,,,,,
77000,408.7,0.000001,,,,,,,,
77100,409.2,0.000001,,,,,,,,
77200,409.7,0.000001,,,,,,,,
77300,410.2,0.000001,,,,,,,,
77400,410.7,0.000004,,,,,,,,
77500,411.3,0.000001,,,,,,,,
77600,411.7,0.000011,,,,,,,,
77700,412.2,0.000001,,,,,,,,
77800,412.8,0.000001,,,,,,,,
77900,413.3,0.000007,,,,,,,,
78000,413.8,0.000001,,,,,,,,
78100,414.3,0.000002,,,,,,,,
78200,414.8,0.000001,,,,,,,,
78300,415.3,0.000004,,,,,,,,
78400,415.9,0.000004,,,,,,,,
78500,416.3,0.000003,,,,,,,,
78600,416.8,0.000003,,,,,,,,
78700,417.4,0.000001,,,,,,,,
78800,417.9,0.000006,,,,,,,,
78900,418.4,0.000001,,,,,,,,
79000,418.9,0.000001,,,,,,,,
79100,419.4,0.000002,,,,,,,,
79200,420.0,0.000004,,,,,,,,
79300,420.5,0.000001,,,,,,,,
79400,421.0,0.000001,,,,,,,,
79500,421.5,0.000005,,,,,,,,
79600,422.1,0.000001,,,,,,,,
79700,422.5,0.000001,,,,,,,,
79800,423.1,0.000005,,,,,,,,
79900,423.6,0.000002,,,,,,,,
80000,425.3,0.000004,0.000001,1.475450e-01,5.271623e-03,4.133851e-03,0.000000,1.001697e-01,5.076610e-03,4.059895e-03
80100,425.6,0.000003,,,,,,,,
80200,425.9,0.000001,,,,,,,,
80300,426.3,0.000001,,,,,,,,
80400,426.8,0.000001,,,,,,,,
80500,427.4,0.000007,,,,,,,,
80600,427.9,0.000003,,,,,,,,
80700,428.4,0.000001,,,,,,,,
80800,428.8,0.000002,,,,,,,,
80900,429.2,0.000001,,,,,,,,
81000,429.7,0.000001,,,,,,,,
81100,430.3,0.000006,,,,,,,,
81200,430.8,0.000002,,,,,,,,
81300,431.3,0.000002,,,,,,,,
81400,431.8,0.000003,,,,,,,,
81500,432.3,0.000006,,,,,,,,
81600,432.9,0.000001,,,,,,,,
81700,433.4,0.000001,,,,,,,,
81800,433.9,0.000002,,,,,,,,
81900,434.4,0.000002,,,,,,,,
82000,434.9,0.000002,,,,,,,,
82100,435.4,0.000000,,,,,,,,
82200,436.0,0.000001,,,,,,,,
82300,436.5,0.000002,,,,,,,,
82400,437.0,0.000001,,,,,,,,
82500,437.5,0.000005,,,,,,,,
82600,438.1,0.000006,,,,,,,,
82700,438.6,0.000001,,,,,,,,
82800,439.1,0.000002,,,,,,,,
82900,439.6,0.000001,,,,,,,,
83000,440.2,0.000002,,,,,,,,
83100,440.7,0.000001,,,,,,,,
83200,441.2,0.000002,,,,,,,,
83300,441.7,0.000002,,,,,,,,
83400,442.3,0.000001,,,,,,,,
83500,442.8,0.000001,,,,,,,,
83600,443.3,0.000004,,,,,,,,
83700,443.8,0.000002,,,,,,,,
83800,444.3,0.000002,,,,,,,,
83900,444.9,0.000002,,,,,,,,
84000,445.4,0.000001,,,,,,,,
84100,445.9,0.000002,,,,,,,,
84200,446.4,0.000002,,,,,,,,
84300,446.9,0.000001,,,,,,,,
84400,447.5,0.000002,,,,,,,,
84500,448.0,0.000002,,,,,,,,
84600,448.5,0.000001,,,,,,,,
84700,449.0,0.000002,,,,,,,,
84800,449.6,0.000003,,,,,,,,
84900,450.1,0.000002,,,,,,,,
85000,451.8,0.000005,0.000006,2.309996e-01,9.934058e-03,6.591816e-03,0.000000,1.776629e-01,9.873027e-03,6.682706e-03
85100,452.0,0.000001,,,,,,,,
85200,452.3,0.000002,,,,,,,,
85300,452.7,0.000001,,,,,,,,
85400,453.2,0.000001,,,,,,,,
85500,453.7,0.000005,,,,,,,,
85600,454.2,0.000001,,,,,,,,
85700,454.7,0.000003,,,,,,,,
85800,455.2,0.000001,,,,,,,,
85900,455.7,0.000001,,,,,,,,
86000,456.2,0.000002,,,,,,,,
86100,456.8,0.000001,,,,,,,,
86200,457.2,0.000001,,,,,,,,
86300,457.8,0.000002,,,,,,,,
86400,458.3,0.000001,,,,,,,,
86500,458.8,0.000003,,,,,,,,
86600,459.3,0.000001,,,,,,,,
86700,459.9,0.000001,,,,,,,,
86800,460.4,0.000001,,,,,,,,
86900,460.9,0.000002,,,,,,,,
87000,461.4,0.000003,,,,,,,,
87100,461.9,0.000001,,,,,,,,
87200,462.5,0.000002,,,,,,,,
87300,463.0,0.000004,,,,,,,,
87400,463.5,0.000001,,,,,,,,
87500,464.0,0.000001,,,,,,,,
87600,464.6,0.000001,,,,,,,,
87700,465.1,0.000001,,,,,,,,
87800,465.6,0.000001,,,,,,,,
87900,466.1,0.000002,,,,,,,,
88000,466.7,0.000008,,,,,,,,
88100,467.2,0.000005,,,,,,,,
88200,467.8,0.000003,,,,,,,,
88300,468.3,0.000003,,,,,,,,
88400,468.9,0.000003,,,,,,,,
88500,469.4,0.000003,,,,,,,,
88600,469.9,0.000002,,,,,,,,
88700,470.4,0.000008,,,,,,,,
88800,470.9,0.000002,,,,,,,,
88900,471.5,0.000002,,,,,,,,
89000,472.0,0.000003,,,,,,,,
89100,472.5,0.000002,,,,,,,,
89200,473.0,0.000002,,,,,,,,
89300,473.5,0.000001,,,,,,,,
89400,474.0,0.000001,,,,,,,,
89500,474.5,0.000002,,,,,,,,
89600,475.0,0.000001,,,,,,,,
89700,475.5,0.000003,,,,,,,,
89800,476.0,0.000001,,,,,,,,
89900,476.5,0.000001,,,,,,,,
90000,478.2,0.000001,0.000001,1.016449e-01,4.322881e-03,3.631199e-03,0.000000,6.526662e-02,4.275022e-03,3.666021e-03
90100,478.5,0.000001,,,,,,,,
90200,478.8,0.000001,,,,,,,,
90300,479.2,0.000001,,,,,,,,
90400,479.8,0.000002,,,,,,,,
90500,480.3,0.000001,,,,,,,,
90600,480.8,0.000001,,,,,,,,
90700,481.3,0.000002,,,,,,,,
90800,481.9,0.000003,,,,,,,,
90900,482.3,0.000003,,,,,,,,
91000,482.9,0.000003,,,,,,,,
91100,483.3,0.000001,,,,,,,,
91200,483.8,0.000003,,,,,,,,
91300,484.4,0.000005,,,,,,,,
91400,484.9,0.000001,,,,,,,,
91500,485.4,0.000002,,,,,,,,
91600,485.9,0.000002,,,,,,,,
91700,486.5,0.000002,,,,,,,,
91800,487.0,0.000001,,,,,,,,
91900,487.5,0.000002,,,,,,,,
92000,488.0,0.000000,,,,,,,,
92100,488.5,0.000001,,,,,,,,
92200,488.9,0.000002,,,,,,,,
92300,489.4,0.000003,,,,,,,,
92400,489.9,0.000009,,,,,,,,
92500,490.4,0.000001,,,,,,,,
92600,491.0,0.000001,,,,,,,,
92700,491.5,0.000002,,,,,,,,
92800,492.0,0.000001,,,,,,,,
92900,492.5,0.000001,,,,,,,,
93000,493.0,0.000001,,,,,,,,
93100,493.6,0.000005,,,,,,,,
93200,494.1,0.000001,,,,,,,,
93300,494.6,0.000003,,,,,,,,
93400,495.1,0.000002,,,,,,,,
93500,495.7,0.000003,,,,,,,,
93600,496.2,0.000002,,,,,,,,
93700,496.7,0.000001,,,,,,,,
93800,497.2,0.000004,,,,,,,,
93900,497.7,0.000001,,,,,,,,
94000,498.2,0.000006,,,,,,,,
94100,498.7,0.000002,,,,,,,,
94200,499.2,0.000002,,,,,,,,
94300,499.8,0.000001,,,,,,,,
94400,500.3,0.000001,,,,,,,,
94500,500.8,0.000001,,,,,,,,
94600,501.3,0.000001,,,,,,,,
94700,501.8,0.000004,,,,,,,,
94800,502.4,0.000004,,,,,,,,
94900,502.9,0.000001,,,,,,,,
95000,504.6,0.000003,0.000004,6.584132e-02,1.045657e-02,9.693793e-03,0.000000,5.776502e-02,1.037643e-02,9.654856e-03
95100,504.8,0.000003,,,,,,,,
95200,505.1,0.000001,,,,,,,,
95300,505.5,0.000001,,,,,,,,
95400,506.0,0.000001,,,,,,,,
95500,506.5,0.000002,,,,,,,,
95600,507.0,0.000001,,,,,,,,
95700,507.5,0.000003,,,,,,,,
95800,508.1,0.000002,,,,,,,,
95900,508.6,0.000001,,,,,,,,
96000,509.1,0.000002,,,,,,,,
96100,509.6,0.000001,,,,,,,,
96200,510.2,0.000002,,,,,,,,
96300,510.7,0.000003,,,,,,,,
96400,511.2,0.000002,,,,,,,,
96500,511.7,0.000004,,,,,,,,
96600,512.3,0.000002,,,,,,,,
96700,512.8,0.000002,,,,,,,,
96800,513.3,0.000008,,,,,,,,
96900,513.8,0.000001,,,,,,,,
97000,514.3,0.000003,,,,,,,,
97100,514.8,0.000002,,,,,,,,
97200,515.4,0.000001,,,,,,,,
97300,515.9,0.000005,,,,,,,,
97400,516.5,0.000001,,,,,,,,
97500,517.0,0.000001,,,,,,,,
97600,517.5,0.000006,,,,,,,,
97700,518.0,0.000001,,,,,,,,
97800,518.5,0.000000,,,,,,,,
97900,519.0,0.000001,,,,,,,,
98000,519.6,0.000001,,,,,,,,
98100,520.1,0.000002,,,,,,,,
98200,520.6,0.000002,,,,,,,,
98300,521.1,0.000001,,,,,,,,
98400,521.7,0.000001,,,,,,,,
98500,522.2,0.000002,,,,,,,,
98600,522.7,0.000001,,,,,,,,
98700,523.2,0.000001,,,,,,,,
98800,523.7,0.000001,,,,,,,,
98900,524.3,0.000001,,,,,,,,
99000,524.7,0.000004,,,,,,,,
99100,525.3,0.000001,,,,,,,,
99200,525.8,0.000001,,,,,,,,
99300,526.3,0.000003,,,,,,,,
99400,526.8,0.000003,,,,,,,,
99500,527.3,0.000002,,,,,,,,
99600,527.9,0.000001,,,,,,,,
99700,528.4,0.000002,,,,,,,,
99800,528.9,0.000002,,,,,,,,
99900,529.4,0.000002,,,,,,,,
100000,531.1,0.000002,0.000004,8.974947e-02,1.026351e-02,9.763268e-03,0.000000,5.566955e-02,1.023774e-02,9.887482e-03
100100,531.4,0.000003,,,,,,,,
100200,531.7,0.000001,,,,,,,,
100300,532.1,0.000000,,,,,,,,
100400,532.6,0.000002,,,,,,,,
100500,533.1,0.000000,,,,,,,,
100600,533.6,0.000000,,,,,,,,
100700,534.1,0.000001,,,,,,,,
100800,534.6,0.000001,,,,,,,,
100900,535.1,0.000003,,,,,,,,
101000,535.6,0.000001,,,,,,,,
101100,536.1,0.000001,,,,,,,,
101200,536.6,0.000003,,,,,,,,
101300,537.1,0.000004,,,,,,,,
101400,537.7,0.000002,,,,,,,,
101500,538.2,0.000004,,,,,,,,
101600,538.7,0.000003,,,,,,,,
101700,539.2,0.000004,,,,,,,,
101800,539.8,0.000001,,,,,,,,
101900,540.3,0.000001,,,,,,,,
102000,540.8,0.000002,,,,,,,,
102100,541.3,0.000001,,,,,,,,
102200,541.9,0.000002,,,,,,,,
102300,542.4,0.000001,,,,,,,,
102400,542.9,0.000003,,,,,,,,
102500,543.4,0.000001,,,,,,,,
102600,543.9,0.000001,,,,,,,,
102700,544.4,0.000004,,,,,,,,
102800,545.0,0.000002,,,,,,,,
102900,545.5,0.000001,,,,,,,,
103000,546.0,0.000001,,,,,,,,
103100,546.5,0.000001,,,,,,,,
103200,547.1,0.000001,,,,,,,,
103300,547.6,0.000001,,,,,,,,
103400,548.1,0.000000,,,,,,,,
103500,548.6,0.000001,,,,,,,,
103600,548.9,0.000002,,,,,,,,
103700,549.4,0.000001,,,,,,,,
103800,549.9,0.000002,,,,,,,,
103900,550.4,0.000004,,,,,,,,
104000,551.0,0.000001,,,,,,,,
104100,551.5,0.000002,,,,,,,,
104200,552.0,0.000001,,,,,,,,
104300,552.5,0.000003,,,,,,,,
104400,553.1,0.000002,,,,,,,,
104500,553.6,0.000002,,,,,,,,
104600,554.1,0.000004,,,,,,,,
104700,554.6,0.000001,,,,,,,,
104800,555.1,0.000003,,,,,,,,
104900,555.6,0.000001,,,,,,,,
105000,557.4,0.000002,0.000001,8.392250e-02,4.556995e-03,3.963532e-03,0.000000,7.827855e-02,4.387153e-03,3.866400e-03
105100,557.6,0.000002,,,,,,,,
105200,558.0,0.000003,,,,,,,,
105300,558.4,0.000001,,,,,,,,
105400,559.0,0.000002,,,,,,,,
105500,559.5,0.000002,,,,,,,,
105600,560.0,0.000002,,,,,,,,
105700,560.5,0.000002,,,,,,,,
105800,561.0,0.000001,,,,,,,,
105900,561.6,0.000002,,,,,,,,
106000,562.1,0.000001,,,,,,,,
106100,562.6,0.000000,,,,,,,,
106200,563.1,0.000002,,,,,,,,
106300,563.6,0.000002,,,,,,,,
106400,564.1,0.000003,,,,,,,,
106500,564.7,0.000001,,,,,,,,
106600,565.2,0.000001,,,,,,,,
106700,565.7,0.000001,,,,,,,,
106800,566.2,0.000002,,,,,,,,
106900,566.7,0.000001,,,,,,,,
107000,567.3,0.000001,,,,,,,,
107100,567.8,0.000001,,,,,,,,
107200,568.3,0.000009,,,,,,,,
107300,568.8,0.000001,,,,,,,,
107400,569.3,0.000006,,,,,,,,
107500,569.8,0.000001,,,,,,,,
107600,570.4,0.000001,,,,,,,,
107700,570.9,0.000002,,,,,,,,
107800,571.4,0.000003,,,,,,,,
107900,571.9,0.000002,,,,,,,,
108000,572.5,0.000002,,,,,,,,
108100,573.0,0.000001,,,,,,,,
108200,573.5,0.000001,,,,,,,,
108300,574.0,0.000003,,,,,,,,
108400,574.6,0.000001,,,,,,,,
108500,575.1,0.000002,,,,,,,,
108600,575.6,0.000005,,,,,,,,
108700,576.2,0.000001,,,,,,,,
108800,576.7,0.000002,,,,,,,,
108900,577.2,0.000001,,,,,,,,
109000,577.7,0.000001,,,,,,,,
109100,578.2,0.000001,,,,,,,,
109200,578.8,0.000001,,,,,,,,
109300,579.3,0.000001,,,,,,,,
109400,579.8,0.000001,,,,,,,,
109500,580.3,0.000001,,,,,,,,
109600,580.8,0.000001,,,,,,,,
109700,581.3,0.000002,,,,,,,,
109800,581.9,0.000001,,,,,,,,
109900,582.4,0.000006,,,,,,,,
110000,584.1,0.000001,0.000001,9.013738e-02,6.169103e-03,5.641695e-03,0.000000,7.309479e-02,6.078331e-03,5.570240e-03
110100,584.3,0.000002,,,,,,,,
110200,584.6,0.000002,,,,,,,,
110300,585.0,0.000001,,,,,,,,
110400,585.6,0.000001,,,,,,,,
110500,586.1,0.000001,,,,,,,,
110600,586.6,0.000001,,,,,,,,
110700,587.2,0.000000,,,,,,,,
110800,587.7,0.000001,,,,,,,,
110900,588.2,0.000002,,,,,,,,
111000,588.7,0.000001,,,,,,,,
111100,589.2,0.000001,,,,,,,,
111200,589.8,0.000001,,,,,,,,
111300,590.3,0.000001,,,,,,,,
111400,590.8,0.000001,,,,,,,,
111500,591.4,0.000003,,,,,,,,
111600,591.9,0.000001,,,,,,,,
111700,592.4,0.000001,,,,,,,,
111800,592.9,0.000002,,,,,,,,
111900,593.5,0.000001,,,,,,,,
112000,594.0,0.000000,,,,,,,,
112100,594.5,0.000002,,,,,,,,
112200,595.0,0.000005,,,,,,,,
112300,595.4,0.000002,,,,,,,,
112400,595.9,0.000000,,,,,,,,
112500,596.5,0.000000,,,,,,,,
112600,596.9,0.000001,,,,,,,,
112700,597.4,0.000002,,,,,,,,
112800,597.8,0.000001,,,,,,,,
112900,598.3,0.000002,,,,,,,,
113000,598.8,0.000003,,,,,,,,
113100,599.4,0.000001,,,,,,,,
113200,599.9,0.000001,,,,,,,,
113300,600.4,0.000000,,,,,,,,
113400,600.9,0.000001,,,,,,,,
113500,601.4,0.000001,,,,,,,,
113600,602.0,0.000001,,,,,,,,
113700,602.5,0.000001,,,,,,,,
113800,603.0,0.000002,,,,,,,,
113900,603.5,0.000001,,,,,,,,
114000,604.0,0.000003,,,,,,,,
114100,604.6,0.000002,,,,,,,,
114200,605.1,0.000002,,,,,,,,
114300,605.6,0.000002,,,,,,,,
114400,606.1,0.000001,,,,,,,,
114500,606.7,0.000004,,,,,,,,
114600,607.2,0.000001,,,,,,,,
114700,607.7,0.000002,,,,,,,,
114800,608.2,0.000001,,,,,,,,
114900,608.7,0.000002,,,,,,,,
115000,610.4,0.000001,0.000001,7.878108e-02,3.956691e-03,3.197723e-03,0.000000,4.337320e-02,3.752356e-03,3.101810e-03
115100,610.7,0.000002,,,,,,,,
115200,611.0,0.000003,,,,,,,,
115300,611.4,0.000001,,,,,,,,
115400,611.9,0.000001,,,,,,,,
115500,612.5,0.000001,,,,,,,,
115600,613.0,0.000002,,,,,,,,
115700,613.5,0.000003,,,,,,,,
115800,614.0,0.000001,,,,,,,,
115900,614.5,0.000001,,,,,,,,
116000,615.0,0.000001,,,,,,,,
116100,615.5,0.000001,,,,,,,,
116200,616.1,0.000001,,,,,,,,
116300,616.6,0.000001,,,,,,,,
116400,617.1,0.000001,,,,,,,,
116500,617.6,0.000001,,,,,,,,
116600,618.2,0.000001,,,,,,,,
116700,618.7,0.000002,,,,,,,,
116800,619.2,0.000001,,,,,,,,
116900,619.7,0.000003,,,,,,,,
117000,620.3,0.000001,,,,,,,,
117100,620.8,0.000000,,,,,,,,
117200,621.3,0.000002,,,,,,,,
117300,621.8,0.000001,,,,,,,,
117400,622.3,0.000001,,,,,,,,
117500,622.8,0.000001,,,,,,,,
117600,623.4,0.000001,,,,,,,,
117700,623.9,0.000001,,,,,,,,
117800,624.4,0.000001,,,,,,,,
117900,625.0,0.000003,,,,,,,,
118000,625.5,0.000001,,,,,,,,
118100,626.0,0.000001,,,,,,,,
118200,626.5,0.000001,,,,,,,,
118300,627.0,0.000001,,,,,,,,
118400,627.5,0.000001,,,,,,,,
118500,628.0,0.000001,,,,,,,,
118600,628.6,0.000000,,,,,,,,
118700,629.1,0.000001,,,,,,,,
118800,629.6,0.000001,,,,,,,,
118900,630.1,0.000001,,,,,,,,
119000,630.7,0.000003,,,,,,,,
119100,631.2,0.000001,,,,,,,,
119200,631.7,0.000001,,,,,,,,
119300,632.2,0.000002,,,,,,,,
119400,632.8,0.000001,,,,,,,,
119500,633.3,0.000000,,,,,,,,
119600,633.9,0.000002,,,,,,,,
119700,634.4,0.000003,,,,,,,,
119800,634.9,0.000000,,,,,,,,
119900,635.4,0.000001,,,,,,,,
120000,637.1,0.000002,0.000002,6.878561e-02,7.577497e-03,6.627715e-03,0.000000,3.872187e-02,7.646925e-03,6.719637e-03
120100,637.4,0.000001,,,,,,,,
120200,637.7,0.000001,,,,,,,,
120300,638.1,0.000001,,,,,,,,
120400,638.7,0.000001,,,,,,,,
120500,639.2,0.000001,,,,,,,,
120600,639.7,0.000001,,,,,,,,
120700,640.3,0.000001,,,,,,,,
120800,640.8,0.000001,,,,,,,,
120900,641.3,0.000001,,,,,,,,
121000,641.8,0.000001,,,,,,,,
121100,642.3,0.000001,,,,,,,,
121200,642.9,0.000003,,,,,,,,
121300,643.4,0.000004,,,,,,,,
121400,643.9,0.000001,,,,,,,,
121500,644.4,0.000001,,,,,,,,
121600,644.9,0.000001,,,,,,,,
121700,645.5,0.000003,,,,,,,,
121800,646.0,0.000008,,,,,,,,
121900,646.5,0.000001,,,,,,,,
122000,647.0,0.000005,,,,,,,,
122100,647.5,0.000001,,,,,,,,
122200,648.0,0.000004,,,,,,,,
122300,648.5,0.000003,,,,,,,,
122400,649.1,0.000001,,,,,,,,
122500,649.7,0.000001,,,,,,,,
122600,650.2,0.000003,,,,,,,,
122700,650.7,0.000001,,,,,,,,
122800,651.2,0.000001,,,,,,,,
122900,651.7,0.000000,,,,,,,,
123000,652.3,0.000001,,,,,,,,
123100,652.8,0.000000,,,,,,,,
123200,653.3,0.000001,,,,,,,,
123300,653.8,0.000002,,,,,,,,
123400,654.3,0.000002,,,,,,,,
123500,654.8,0.000001,,,,,,,,
123600,655.4,0.000001,,,,,,,,
123700,655.9,0.000001,,,,,,,,
123800,656.4,0.000002,,,,,,,,
123900,656.9,0.000001,,,,,,,,
124000,657.4,0.000001,,,,,,,,
124100,657.9,0.000001,,,,,,,,
124200,658.5,0.000002,,,,,,,,
124300,659.0,0.000002,,,,,,,,
124400,659.5,0.000002,,,,,,,,
124500,660.0,0.000001,,,,,,,,
124600,660.5,0.000003,,,,,,,,
124700,661.1,0.000001,,,,,,,,
124800,661.6,0.000000,,,,,,,,
124900,662.1,0.000001,,,,,,,,
125000,663.8,0.000001,0.000002,9.525818e-02,7.743802e-03,7.528624e-03,0.000000,6.775404e-02,7.844968e-03,7.677840e-03
125100,664.0,0.000005,,,,,,,,
125200,664.3,0.000001,,,,,,,,
125300,664.8,0.000001,,,,,,,,
125400,665.3,0.000001,,,,,,,,
125500,665.9,0.000003,,,,,,,,
125600,666.3,0.000002,,,,,,,,
125700,666.9,0.000001,,,,,,,,
125800,667.4,0.000004,,,,,,,,
125900,667.9,0.000001,,,,,,,,
126000,668.5,0.000001,,,,,,,,
126100,669.0,0.000002,,,,,,,,
126200,669.5,0.000003,,,,,,,,
126300,670.1,0.000001,,,,,,,,
126400,670.6,0.000001,,,,,,,,
126500,671.1,0.000001,,,,,,,,
126600,671.6,0.000001,,,,,,,,
126700,672.2,0.000001,,,,,,,,
126800,672.7,0.000001,,,,,,,,
126900,673.2,0.000001,,,,,,,,
127000,673.7,0.000004,,,,,,,,
127100,674.3,0.000000,,,,,,,,
127200,674.8,0.000001,,,,,,,,
127300,675.3,0.000003,,,,,,,,
127400,675.8,0.000001,,,,,,,,
127500,676.3,0.000000,,,,,,,,
127600,676.8,0.000001,,,,,,,,
127700,677.3,0.000001,,,,,,,,
127800,677.9,0.000002,,,,,,,,
127900,678.4,0.000001,,,,,,,,
128000,678.9,0.000001,,,,,,,,
128100,679.5,0.000001,,,,,,,,
128200,680.0,0.000004,,,,,,,,
128300,680.5,0.000005,,,,,,,,
128400,681.0,0.000001,,,,,,,,
128500,681.5,0.000001,,,,,,,,
128600,682.0,0.000001,,,,,,,,
128700,682.5,0.000001,,,,,,,,
128800,683.0,0.000002,,,,,,,,
128900,683.5,0.000001,,,,,,,,
129000,684.0,0.000000,,,,,,,,
129100,684.6,0.000001,,,,,,,,
129200,685.1,0.000002,,,,,,,,
129300,685.6,0.000001,,,,,,,,
129400,686.2,0.000000,,,,,,,,
129500,686.7,0.000001,,,,,,,,
129600,687.2,0.000001,,,,,,,,
129700,687.7,0.000001,,,,,,,,
129800,688.3,0.000001,,,,,,,,
129900,688.8,0.000001,,,,,,,,
130000,690.5,0.000001,0.000002,9.367591e-02,6.169159e-03,5.203864e-03,0.000000,8.839593e-02,6.010810e-03,5.098828e-03
130100,690.7,0.000000,,,,,,,,
130200,691.1,0.000001,,,,,,,,
130300,691.5,0.000000,,,,,,,,
130400,692.0,0.000002,,,,,,,,
130500,692.5,0.000001,,,,,,,,
130600,693.0,0.000001,,,,,,,,
130700,693.6,0.000001,,,,,,,,
130800,694.1,0.000002,,,,,,,,
130900,694.6,0.000002,,,,,,,,
131000,695.2,0.000001,,,,,,,,
131100,695.7,0.000002,,,,,,,,
131200,696.2,0.000004,,,,,,,,
131300,696.7,0.000002,,,,,,,,
131400,697.2,0.000001,,,,,,,,
131500,697.8,0.000002,,,,,,,,
131600,698.3,0.000001,,,,,,,,
131700,698.8,0.000001,,,,,,,,
131800,699.3,0.000006,,,,,,,,
131900,699.8,0.000001,,,,,,,,
132000,700.3,0.000001,,,,,,,,
132100,700.9,0.000002,,,,,,,,
132200,701.4,0.000001,,,,,,,,
132300,701.9,0.000001,,,,,,,,
132400,702.4,0.000001,,,,,,,,
132500,703.0,0.000001,,,,,,,,
132600,703.5,0.000001,,,,,,,,
132700,704.0,0.000001,,,,,,,,
132800,704.5,0.000001,,,,,,,,
132900,705.0,0.000002,,,,,,,,
133000,705.6,0.000003,,,,,,,,
133100,706.1,0.000003,,,,,,,,
133200,706.6,0.000003,,,,,,,,
133300,707.1,0.000001,,,,,,,,
133400,707.6,0.000001,,,,,,,,
133500,708.2,0.000003,,,,,,,,
133600,708.7,0.000004,,,,,,,,
133700,709.2,0.000002,,,,,,,,
133800,709.7,0.000001,,,,,,,,
133900,710.2,0.000001,,,,,,,,
134000,710.8,0.000001,,,,,,,,
134100,711.3,0.000001,,,,,,,,
134200,711.8,0.000002,,,,,,,,
134300,712.3,0.000001,,,,,,,,
134400,712.9,0.000001,,,,,,,,
134500,713.3,0.000001,,,,,,,,
134600,713.8,0.000001,,,,,,,,
134700,714.4,0.000001,,,,,,,,
134800,714.9,0.000000,,,,,,,,
134900,715.4,0.000001,,,,,,,,
135000,717.1,0.000001,0.000006,1.295289e-01,1.351253e-02,1.342400e-02,0.000000,8.582992e-02,1.318916e-02,1.337499e-02
135100,717.4,0.000000,,,,,,,,
135200,717.7,0.000001,,,,,,,,
135300,718.1,0.000002,,,,,,,,
135400,718.6,0.000002,,,,,,,,
135500,719.2,0.000001,,,,,,,,
135600,719.7,0.000001,,,,,,,,
135700,720.2,0.000001,,,,,,,,
135800,720.7,0.000004,,,,,,,,
135900,721.2,0.000001,,,,,,,,
136000,721.7,0.000001,,,,,,,,
136100,722.3,0.000001,,,,,,,,
136200,722.7,0.000000,,,,,,,,
136300,723.3,0.000002,,,,,,,,
136400,723.8,0.000002,,,,,,,,
136500,724.3,0.000001,,,,,,,,
136600,724.9,0.000001,,,,,,,,
136700,725.4,0.000001,,,,,,,,
136800,725.8,0.000000,,,,,,,,
136900,726.4,0.000002,,,,,,,,
137000,726.9,0.000003,,,,,,,,
137100,727.4,0.000001,,,,,,,,
137200,727.9,0.000003,,,,,,,,
137300,728.5,0.000001,,,,,,,,
137400,728.8,0.000002,,,,,,,,
137500,729.3,0.000004,,,,,,,,
137600,729.8,0.000000,,,,,,,,
137700,730.3,0.000001,,,,,,,,
137800,730.9,0.000001,,,,,,,,
137900,731.4,0.000002,,,,,,,,
138000,731.9,0.000001,,,,,,,,
138100,732.4,0.000001,,,,,,,,
138200,733.0,0.000001,,,,,,,,
138300,733.5,0.000000,,,,,,,,
138400,734.0,0.000001,,,,,,,,
138500,734.5,0.000002,,,,,,,,
138600,735.0,0.000001,,,,,,,,
138700,735.6,0.000002,,,,,,,,
138800,736.0,0.000001,,,,,,,,
138900,736.6,0.000001,,,,,,,,
139000,737.1,0.000004,,,,,,,,
139100,737.6,0.000000,,,,,,,,
139200,738.1,0.000001,,,,,,,,
139300,738.7,0.000001,,,,,,,,
139400,739.2,0.000002,,,,,,,,
139500,739.7,0.000002,,,,,,,,
139600,740.2,0.000001,,,,,,,,
139700,740.8,0.000001,,,,,,,,
139800,741.3,0.000000,,,,,,,,
139900,741.8,0.000001,,,,,,,,
140000,743.5,0.000001,0.000001,7.170190e-02,3.822176e-03,3.264780e-03,0.000000,6.199000e-02,3.702525e-03,3.216247e-03
140100,743.8,0.000001,,,,,,,,
140200,744.0,0.000001,,,,,,,,
140300,744.4,0.000000,,,,,,,,
140400,745.0,0.000001,,,,,,,,
140500,745.5,0.000001,,,,,,,,
140600,746.0,0.000001,,,,,,,,
140700,746.5,0.000001,,,,,,,,
140800,747.0,0.000001,,,,,,,,
140900,747.6,0.000001,,,,,,,,
141000,748.1,0.000001,,,,,,,,
141100,748.6,0.000001,,,,,,,,
141200,749.1,0.000001,,,,,,,,
141300,749.7,0.000000,,,,,,,,
141400,750.2,0.000001,,,,,,,,
141500,750.7,0.000001,,,,,,,,
141600,751.2,0.000000,,,,,,,,
141700,751.7,0.000001,,,,,,,,
141800,752.3,0.000003,,,,,,,,
141900,752.8,0.000001,,,,,,,,
142000,753.3,0.000001,,,,,,,,
142100,753.9,0.000003,,,,,,,,
142200,754.4,0.000001,,,,,,,,
142300,754.9,0.000001,,,,,,,,
142400,755.4,0.000000,,,,,,,,
142500,755.9,0.000001,,,,,,,,
142600,756.5,0.000001,,,,,,,,
142700,757.0,0.000002,,,,,,,,
142800,757.5,0.000002,,,,,,,,
142900,758.1,0.000001,,,,,,,,
143000,758.6,0.000001,,,,,,,,
143100,759.1,0.000001,,,,,,,,
143200,759.6,0.000002,,,,,,,,
143300,760.2,0.000001,,,,,,,,
143400,760.7,0.000001,,,,,,,,
143500,761.2,0.000000,,,,,,,,
143600,761.7,0.000002,,,,,,,,
143700,762.3,0.000001,,,,,,,,
143800,762.8,0.000001,,,,,,,,
143900,763.3,0.000002,,,,,,,,
144000,763.8,0.000001,,,,,,,,
144100,764.3,0.000002,,,,,,,,
144200,764.9,0.000001,,,,,,,,
144300,765.4,0.000002,,,,,,,,
144400,765.9,0.000001,,,,,,,,
144500,766.4,0.000005,,,,,,,,
144600,766.9,0.000001,,,,,,,,
144700,767.5,0.000001,,,,,,,,
144800,768.0,0.000001,,,,,,,,
144900,768.5,0.000002,,,,,,,,
145000,770.3,0.000001,0.000001,7.178874e-02,4.553694e-03,3.705327e-03,0.000000,4.563642e-02,4.631454e-03,3.841890e-03
145100,770.5,0.000002,,,,,,,,
145200,770.8,0.000002,,,,,,,,
145300,771.3,0.000001,,,,,,,,
145400,771.8,0.000001,,,,,,,,
145500,772.3,0.000001,,,,,,,,
145600,772.8,0.000001,,,,,,,,
145700,773.3,0.000001,,,,,,,,
145800,773.8,0.000001,,,,,,,,
145900,774.3,0.000001,,,,,,,,
146000,774.8,0.000000,,,,,,,,
146100,775.4,0.000001,,,,,,,,
146200,775.9,0.000000,,,,,,,,
146300,776.4,0.000002,,,,,,,,
146400,776.9,0.000000,,,,,,,,
146500,777.4,0.000001,,,,,,,,
146600,778.0,0.000002,,,,,,,,
146700,778.5,0.000002,,,,,,,,
146800,779.0,0.000001,,,,,,,,
146900,779.5,0.000001,,,,,,,,
147000,780.1,0.000001,,,,,,,,
147100,780.6,0.000002,,,,,,,,
147200,781.1,0.000001,,,,,,,,
147300,781.6,0.000001,,,,,,,,
147400,782.2,0.000001,,,,,,,,
147500,782.7,0.000001,,,,,,,,
147600,783.1,0.000002,,,,,,,,
147700,783.6,0.000002,,,,,,,,
147800,784.1,0.000001,,,,,,,,
147900,784.7,0.000002,,,,,,,,
148000,785.2,0.000001,,,,,,,,
148100,785.7,0.000001,,,,,,,,
148200,786.2,0.000001,,,,,,,,
148300,786.7,0.000001,,,,,,,,
148400,787.2,0.000002,,,,,,,,
148500,787.8,0.000003,,,,,,,,
148600,788.3,0.000001,,,,,,,,
148700,788.7,0.000001,,,,,,,,
148800,789.2,0.000000,,,,,,,,
148900,789.7,0.000001,,,,,,,,
149000,790.2,0.000002,,,,,,,,
149100,790.8,0.000000,,,,,,,,
149200,791.3,0.000001,,,,,,,,
149300,791.8,0.000002,,,,,,,,
149400,792.3,0.000001,,,,,,,,
149500,792.8,0.000002,,,,,,,,
149600,793.3,0.000001,,,,,,,,
149700,793.9,0.000001,,,,,,,,
149800,794.4,0.000001,,,,,,,,
149900,794.9,0.000001,,,,,,,,
150000,796.6,0.000002,0.000001,6.321949e-02,6.017268e-03,5.493499e-03,0.000000,4.894612e-02,6.027753e-03,5.495065e-03
150100,796.9,0.000001,,,,,,,,
150200,797.2,0.000001,,,,,,,,
150300,797.5,0.000004,,,,,,,,
150400,798.1,0.000001,,,,,,,,
150500,798.6,0.000001,,,,,,,,
150600,799.1,0.000000,,,,,,,,
150700,799.6,0.000001,,,,,,,,
150800,800.2,0.000001,,,,,,,,
150900,800.7,0.000002,,,,,,,,
151000,801.2,0.000002,,,,,,,,
151100,801.7,0.000002,,,,,,,,
151200,802.2,0.000000,,,,,,,,
151300,802.7,0.000001,,,,,,,,
151400,803.3,0.000004,,,,,,,,
151500,803.8,0.000001,,,,,,,,
151600,804.3,0.000002,,,,,,,,
151700,804.9,0.000001,,,,,,,,
151800,805.4,0.000002,,,,,,,,
151900,805.9,0.000000,,,,,,,,
152000,806.4,0.000001,,,,,,,,
152100,807.0,0.000001,,,,,,,,
152200,807.5,0.000001,,,,,,,,
152300,808.0,0.000001,,,,,,,,
152400,808.5,0.000001,,,,,,,,
152500,809.0,0.000002,,,,,,,,
152600,809.5,0.000001,,,,,,,,
152700,810.0,0.000001,,,,,,,,
152800,810.6,0.000001,,,,,,,,
152900,811.1,0.000000,,,,,,,,
153000,811.6,0.000001,,,,,,,,
153100,812.1,0.000001,,,,,,,,
153200,812.7,0.000001,,,,,,,,
153300,813.2,0.000002,,,,,,,,
153400,813.7,0.000002,,,,,,,,
153500,814.2,0.000001,,,,,,,,
153600,814.8,0.000004,,,,,,,,
153700,815.3,0.000002,,,,,,,,
153800,815.8,0.000001,,,,,,,,
153900,816.3,0.000000,,,,,,,,
154000,816.8,0.000001,,,,,,,,
154100,817.4,0.000001,,,,,,,,
154200,817.9,0.000000,,,,,,,,
154300,818.4,0.000002,,,,,,,,
154400,818.9,0.000002,,,,,,,,
154500,819.4,0.000001,,,,,,,,
154600,819.9,0.000000,,,,,,,,
154700,820.5,0.000001,,,,,,,,
154800,821.0,0.000001,,,,,,,,
154900,821.6,0.000001,,,,,,,,
155000,823.3,0.000001,0.000001,5.254550e-02,3.426399e-03,2.535194e-03,0.000000,4.024169e-02,3.409186e-03,2.563177e-03
155100,823.5,0.000000,,,,,,,,
155200,823.8,0.000001,,,,,,,,
155300,824.2,0.000001,,,,,,,,
155400,824.7,0.000001,,,,,,,,
155500,825.2,0.000001,,,,,,,,
155600,825.8,0.000000,,,,,,,,
155700,826.3,0.000001,,,,,,,,
155800,826.8,0.000001,,,,,,,,
155900,827.3,0.000003,,,,,,,,
156000,827.8,0.000004,,,,,,,,
156100,828.3,0.000002,,,,,,,,
156200,828.9,0.000001,,,,,,,,
156300,829.4,0.000001,,,,,,,,
156400,829.9,0.000000,,,,,,,,
156500,830.5,0.000000,,,,,,,,
156600,831.0,0.000002,,,,,,,,
156700,831.5,0.000001,,,,,,,,
156800,832.1,0.000001,,,,,,,,
156900,832.5,0.000001,,,,,,,,
157000,833.0,0.000000,,,,,,,,
157100,833.5,0.000002,,,,,,,,
157200,834.0,0.000001,,,,,,,,
157300,834.5,0.000001,,,,,,,,
157400,835.0,0.000002,,,,,,,,
157500,835.5,0.000001,,,,,,,,
157600,836.1,0.000003,,,,,,,,
157700,836.6,0.000001,,,,,,,,
157800,837.1,0.000001,,,,,,,,
157900,837.6,0.000001,,,,,,,,
158000,838.1,0.000003,,,,,,,,
158100,838.6,0.000002,,,,,,,,
158200,839.2,0.000001,,,,,,,,
158300,839.7,0.000001,,,,,,,,
158400,840.2,0.000000,,,,,,,,
158500,840.7,0.000001,,,,,,,,
158600,841.2,0.000001,,,,,,,,
158700,841.8,0.000001,,,,,,,,
158800,842.3,0.000000,,,,,,,,
158900,842.8,0.000001,,,,,,,,
159000,843.3,0.000001,,,,,,,,
159100,843.8,0.000000,,,,,,,,
159200,844.3,0.000001,,,,,,,,
159300,844.8,0.000001,,,,,,,,
159400,845.3,0.000001,,,,,,,,
159500,845.8,0.000000,,,,,,,,
159600,846.3,0.000001,,,,,,,,
159700,846.8,0.000000,,,,,,,,
159800,847.4,0.000001,,,,,,,,
159900,847.9,0.000001,,,,,,,,
160000,849.6,0.000001,0.000000,7.761998e-02,2.846671e-03,2.439857e-03,0.000000,5.700875e-02,2.761970e-03,2.398582e-03
160100,849.9,0.000002,,,,,,,,
160200,850.2,0.000003,,,,,,,,
160300,850.6,0.000001,,,,,,,,
160400,851.1,0.000001,,,,,,,,
160500,851.6,0.000001,,,,,,,,
160600,852.1,0.000000,,,,,,,,
160700,852.6,0.000001,,,,,,,,
160800,853.1,0.000002,,,,,,,,
160900,853.7,0.000002,,,,,,,,
161000,854.2,0.000003,,,,,,,,
161100,854.7,0.000001,,,,,,,,
161200,855.2,0.000001,,,,,,,,
161300,855.7,0.000001,,,,,,,,
161400,856.2,0.000001,,,,,,,,
161500,856.7,0.000001,,,,,,,,
161600,857.2,0.000001,,,,,,,,
161700,857.8,0.000007,,,,,,,,
161800,858.3,0.000001,,,,,,,,
161900,858.8,0.000000,,,,,,,,
162000,859.3,0.000001,,,,,,,,
162100,859.9,0.000002,,,,,,,,
162200,860.4,0.000002,,,,,,,,
162300,860.9,0.000001,,,,,,,,
162400,861.4,0.000002,,,,,,,,
162500,861.9,0.000000,,,,,,,,
162600,862.4,0.000000,,,,,,,,
162700,863.0,0.000002,,,,,,,,
162800,863.5,0.000001,,,,,,,,
162900,864.0,0.000001,,,,,,,,
163000,864.5,0.000001,,,,,,,,
163100,865.0,0.000001,,,,,,,,
163200,865.5,0.000000,,,,,,,,
163300,866.0,0.000004,,,,,,,,
163400,866.6,0.000000,,,,,,,,
163500,867.1,0.000001,,,,,,,,
163600,867.6,0.000001,,,,,,,,
163700,868.1,0.000001,,,,,,,,
163800,868.6,0.000001,,,,,,,,
163900,869.1,0.000001,,,,,,,,
164000,869.6,0.000001,,,,,,,,
164100,870.2,0.000001,,,,,,,,
164200,870.7,0.000001,,,,,,,,
164300,871.2,0.000001,,,,,,,,
164400,871.7,0.000001,,,,,,,,
164500,872.2,0.000000,,,,,,,,
164600,872.8,0.000001,,,,,,,,
164700,873.3,0.000000,,,,,,,,
164800,873.8,0.000001,,,,,,,,
164900,874.4,0.000001,,,,,,,,
165000,876.1,0.000004,0.000003,1.504094e-01,8.966995e-03,7.168003e-03,0.000000,7.595725e-02,8.763068e-03,7.026652e-03
165100,876.4,0.000000,,,,,,,,
165200,876.7,0.000001,,,,,,,,
165300,877.1,0.000002,,,,,,,,
165400,877.6,0.000001,,,,,,,,
165500,878.2,0.000000,,,,,,,,
165600,878.7,0.000001,,,,,,,,
165700,879.2,0.000001,,,,,,,,
165800,879.7,0.000002,,,,,,,,
165900,880.2,0.000001,,,,,,,,
166000,880.8,0.000002,,,,,,,,
166100,881.3,0.000001,,,,,,,,
166200,881.8,0.000001,,,,,,,,
166300,882.3,0.000003,,,,,,,,
166400,882.8,0.000001,,,,,,,,
166500,883.3,0.000000,,,,,,,,
166600,883.8,0.000001,,,,,,,,
166700,884.4,0.000001,,,,,,,,
166800,884.9,0.000002,,,,,,,,
166900,885.4,0.000001,,,,,,,,
167000,885.9,0.000004,,,,,,,,
167100,886.4,0.000001,,,,,,,,
167200,887.0,0.000002,,,,,,,,
167300,887.5,0.000001,,,,,,,,
167400,888.0,0.000001,,,,,,,,
167500,888.6,0.000001,,,,,,,,
167600,889.1,0.000000,,,,,,,,
167700,889.6,0.000001,,,,,,,,
167800,890.1,0.000004,,,,,,,,
167900,890.7,0.000002,,,,,,,,
168000,891.2,0.000001,,,,,,,,
168100,891.7,0.000001,,,,,,,,
168200,892.2,0.000001,,,,,,,,
168300,892.8,0.000002,,,,,,,,
168400,893.2,0.000001,,,,,,,,
168500,893.7,0.000000,,,,,,,,
168600,894.2,0.000001,,,,,,,,
168700,894.7,0.000001,,,,,,,,
168800,895.2,0.000001,,,,,,,,
168900,895.8,0.000001,,,,,,,,
169000,896.3,0.000001,,,,,,,,
169100,896.8,0.000002,,,,,,,,
169200,897.4,0.000001,,,,,,,,
169300,897.9,0.000001,,,,,,,,
169400,898.4,0.000001,,,,,,,,
169500,898.9,0.000001,,,,,,,,
169600,899.5,0.000000,,,,,,,,
169700,899.9,0.000003,,,,,,,,
169800,900.5,0.000002,,,,,,,,
169900,901.0,0.000001,,,,,,,,
170000,902.7,0.000001,0.000001,7.653684e-02,3.743353e-03,2.958331e-03,0.000000,4.522459e-02,3.753267e-03,3.000709e-03
170100,903.0,0.000000,,,,,,,,
170200,903.3,0.000002,,,,,,,,
170300,903.6,0.000001,,,,,,,,
170400,904.1,0.000002,,,,,,,,
170500,904.6,0.000001,,,,,,,,
170600,905.1,0.000001,,,,,,,,
170700,905.7,0.000001,,,,,,,,
170800,906.2,0.000001,,,,,,,,
170900,906.7,0.000001,,,,,,,,
171000,907.2,0.000002,,,,,,,,
171100,907.7,0.000001,,,,,,,,
171200,908.3,0.000002,,,,,,,,
171300,908.8,0.000002,,,,,,,,
171400,909.3,0.000001,,,,,,,,
171500,909.8,0.000001,,,,,,,,
171600,910.3,0.000001,,,,,,,,
171700,910.9,0.000000,,,,,,,,
171800,911.4,0.000001,,,,,,,,
171900,911.9,0.000000,,,,,,,,
172000,912.5,0.000001,,,,,,,,
172100,913.0,0.000003,,,,,,,,
172200,913.5,0.000001,,,,,,,,
172300,914.0,0.000001,,,,,,,,
172400,914.5,0.000001,,,,,,,,
172500,915.1,0.000001,,,,,,,,
172600,915.6,0.000001,,,,,,,,
172700,916.1,0.000000,,,,,,,,
172800,916.6,0.000001,,,,,,,,
172900,917.2,0.000000,,,,,,,,
173000,917.8,0.000002,,,,,,,,
173100,918.3,0.000000,,,,,,,,
173200,918.8,0.000001,,,,,,,,
173300,919.3,0.000001,,,,,,,,
173400,919.9,0.000001,,,,,,,,
173500,920.4,0.000001,,,,,,,,
173600,920.9,0.000000,,,,,,,,
173700,921.4,0.000001,,,,,,,,
173800,922.0,0.000001,,,,,,,,
173900,922.5,0.000000,,,,,,,,
174000,923.0,0.000001,,,,,,,,
174100,923.6,0.000000,,,,,,,,
174200,924.1,0.000000,,,,,,,,
174300,924.6,0.000001,,,,,,,,
174400,925.1,0.000001,,,,,,,,
174500,925.6,0.000001,,,,,,,,
174600,926.2,0.000001,,,,,,,,
174700,926.7,0.000001,,,,,,,,
174800,927.2,0.000001,,,,,,,,
174900,927.7,0.000001,,,,,,,,
175000,929.5,0.000001,0.000001,4.685439e-02,4.378381e-03,3.904743e-03,0.000000,4.013348e-02,4.449556e-03,4.003271e-03
175100,929.7,0.000001,,,,,,,,
175200,930.0,0.000001,,,,,,,,
175300,930.5,0.000001,,,,,,,,
175400,931.0,0.000010,,,,,,,,
175500,931.5,0.000000,,,,,,,,
175600,932.0,0.000001,,,,,,,,
175700,932.6,0.000001,,,,,,,,
175800,933.0,0.000001,,,,,,,,
175900,933.6,0.000002,,,,,,,,
176000,934.1,0.000002,,,,,,,,
176100,934.6,0.000002,,,,,,,,
176200,935.1,0.000001,,,,,,,,
176300,935.7,0.000001,,,,,,,,
176400,936.2,0.000002,,,,,,,,
176500,936.7,0.000001,,,,,,,,
176600,937.2,0.000002,,,,,,,,
176700,937.8,0.000001,,,,,,,,
176800,938.3,0.000001,,,,,,,,
176900,938.8,0.000000,,,,,,,,
177000,939.4,0.000003,,,,,,,,
177100,939.9,0.000001,,,,,,,,
177200,940.4,0.000001,,,,,,,,
177300,940.9,0.000001,,,,,,,,
177400,941.4,0.000001,,,,,,,,
177500,941.9,0.000002,,,,,,,,
177600,942.4,0.000001,,,,,,,,
177700,942.9,0.000001,,,,,,,,
177800,943.4,0.000002,,,,,,,,
177900,944.0,0.000001,,,,,,,,
178000,944.5,0.000001,,,,,,,,
178100,945.0,0.000001,,,,,,,,
178200,945.5,0.000000,,,,,,,,
178300,946.1,0.000001,,,,,,,,
178400,946.6,0.000001,,,,,,,,
178500,947.1,0.000001,,,,,,,,
178600,947.6,0.000000,,,,,,,,
178700,948.2,0.000001,,,,,,,,
178800,948.7,0.000001,,,,,,,,
178900,949.2,0.000001,,,,,,,,
179000,949.7,0.000001,,,,,,,,
179100,950.3,0.000001,,,,,,,,
179200,950.8,0.000001,,,,,,,,
179300,951.3,0.000002,,,,,,,,
179400,951.8,0.000002,,,,,,,,
179500,952.3,0.000001,,,,,,,,
179600,952.9,0.000001,,,,,,,,
179700,953.3,0.000001,,,,,,,,
179800,953.9,0.000001,,,,,,,,
179900,954.4,0.000001,,,,,,,,
180000,956.1,0.000001,0.000000,3.949486e-02,3.176420e-03,2.601662e-03,0.000000,3.650237e-02,3.171624e-03,2.640785e-03
180100,956.4,0.000000,,,,,,,,
180200,956.6,0.000001,,,,,,,,
180300,957.0,0.000001,,,,,,,,
180400,957.4,0.000001,,,,,,,,
180500,957.9,0.000000,,,,,,,,
180600,958.5,0.000001,,,,,,,,
180700,959.0,0.000000,,,,,,,,
180800,959.5,0.000002,,,,,,,,
180900,960.0,0.000000,,,,,,,,
181000,960.5,0.000002,,,,,,,,
181100,961.1,0.000004,,,,,,,,
181200,961.6,0.000000,,,,,,,,
181300,962.1,0.000000,,,,,,,,
181400,962.6,0.000000,,,,,,,,
181500,963.1,0.000001,,,,,,,,
181600,963.6,0.000002,,,,,,,,
181700,964.1,0.000001,,,,,,,,
181800,964.6,0.000001,,,,,,,,
181900,965.1,0.000000,,,,,,,,
182000,965.6,0.000001,,,,,,,,
182100,966.1,0.000001,,,,,,,,
182200,966.6,0.000001,,,,,,,,
182300,967.2,0.000000,,,,,,,,
182400,967.7,0.000001,,,,,,,,
182500,968.2,0.000002,,,,,,,,
182600,968.7,0.000002,,,,,,,,
182700,969.1,0.000001,,,,,,,,
182800,969.6,0.000000,,,,,,,,
182900,970.2,0.000001,,,,,,,,
183000,970.7,0.000000,,,,,,,,
183100,971.2,0.000001,,,,,,,,
183200,971.7,0.000000,,,,,,,,
183300,972.2,0.000002,,,,,,,,
183400,972.8,0.000001,,,,,,,,
183500,973.3,0.000000,,,,,,,,
183600,973.8,0.000002,,,,,,,,
183700,974.3,0.000001,,,,,,,,
183800,974.8,0.000000,,,,,,,,
183900,975.4,0.000001,,,,,,,,
184000,975.9,0.000001,,,,,,,,
184100,976.4,0.000001,,,,,,,,
184200,977.0,0.000001,,,,,,,,
184300,977.5,0.000001,,,,,,,,
184400,978.0,0.000001,,,,,,,,
184500,978.5,0.000000,,,,,,,,
184600,979.0,0.000000,,,,,,,,
184700,979.6,0.000001,,,,,,,,
184800,980.1,0.000001,,,,,,,,
184900,980.6,0.000000,,,,,,,,
185000,982.3,0.000002,0.000001,6.033797e-02,3.928551e-03,2.911776e-03,0.000000,4.205991e-02,3.899016e-03,2.944032e-03
185100,982.6,0.000001,,,,,,,,
185200,982.9,0.000001,,,,,,,,
185300,983.3,0.000000,,,,,,,,
185400,983.8,0.000001,,,,,,,,
185500,984.3,0.000000,,,,,,,,
185600,984.9,0.000000,,,,,,,,
185700,985.4,0.000006,,,,,,,,
185800,985.9,0.000000,,,,,,,,
185900,986.4,0.000000,,,,,,,,
186000,987.0,0.000001,,,,,,,,
186100,987.5,0.000001,,,,,,,,
186200,988.0,0.000005,,,,,,,,
186300,988.5,0.000001,,,,,,,,
186400,989.1,0.000002,,,,,,,,
186500,989.6,0.000001,,,,,,,,
186600,990.1,0.000001,,,,,,,,
186700,990.6,0.000001,,,,,,,,
186800,991.1,0.000002,,,,,,,,
186900,991.7,0.000000,,,,,,,,
187000,992.2,0.000001,,,,,,,,
187100,992.7,0.000002,,,,,,,,
187200,993.2,0.000000,,,,,,,,
187300,993.7,0.000001,,,,,,,,
187400,994.3,0.000001,,,,,,,,
187500,994.8,0.000001,,,,,,,,
187600,995.3,0.000001,,,,,,,,
187700,995.8,0.000001,,,,,,,,
187800,996.3,0.000001,,,,,,,,
187900,996.9,0.000001,,,,,,,,
188000,997.4,0.000002,,,,,,,,
188100,997.9,0.000001,,,,,,,,
188200,998.4,0.000001,,,,,,,,
188300,998.9,0.000000,,,,,,,,
188400,999.4,0.000000,,,,,,,,
188500,999.9,0.000000,,,,,,,,
188600,1000.4,0.000001,,,,,,,,
188700,1000.9,0.000001,,,,,,,,
188800,1001.5,0.000000,,,,,,,,
188900,1002.0,0.000001,,,,,,,,
189000,1002.5,0.000001,,,,,,,,
189100,1003.0,0.000001,,,,,,,,
189200,1003.6,0.000001,,,,,,,,
189300,1004.1,0.000001,,,,,,,,
189400,1004.6,0.000001,,,,,,,,
189500,1005.1,0.000000,,,,,,,,
189600,1005.7,0.000001,,,,,,,,
189700,1006.2,0.000001,,,,,,,,
189800,1006.7,0.000001,,,,,,,,
189900,1007.2,0.000001,,,,,,,,
190000,1008.9,0.000000,0.000000,5.229492e-02,2.815722e-03,2.261438e-03,0.000000,4.104949e-02,2.689344e-03,2.189950e-03
190100,1009.2,0.000001,,,,,,,,
190200,1009.5,0.000001,,,,,,,,
190300,1009.8,0.000000,,,,,,,,
190400,1010.4,0.000003,,,,,,,,
190500,1010.9,0.000001,,,,,,,,
190600,1011.4,0.000001,,,,,,,,
190700,1012.0,0.000000,,,,,,,,
190800,1012.5,0.000001,,,,,,,,
190900,1013.0,0.000001,,,,,,,,
191000,1013.5,0.000001,,,,,,,,
191100,1014.0,0.000001,,,,,,,,
191200,1014.6,0.000000,,,,,,,,
191300,1015.1,0.000001,,,,,,,,
191400,1015.6,0.000000,,,,,,,,
191500,1016.2,0.000001,,,,,,,,
191600,1016.7,0.000001,,,,,,,,
191700,1017.2,0.000000,,,,,,,,
191800,1017.7,0.000000,,,,,,,,
191900,1018.2,0.000001,,,,,,,,
192000,1018.8,0.000001,,,,,,,,
192100,1019.3,0.000001,,,,,,,,
192200,1019.8,0.000004,,,,,,,,
192300,1020.3,0.000001,,,,,,,,
192400,1020.8,0.000002,,,,,,,,
192500,1021.4,0.000001,,,,,,,,
192600,1021.9,0.000000,,,,,,,,
192700,1022.4,0.000000,,,,,,,,
192800,1023.0,0.000001,,,,,,,,
192900,1023.4,0.000001,,,,,,,,
193000,1024.0,0.000001,,,,,,,,
193100,1024.5,0.000001,,,,,,,,
193200,1025.0,0.000001,,,,,,,,
193300,1025.5,0.000001,,,,,,,,
193400,1026.1,0.000000,,,,,,,,
193500,1026.6,0.000000,,,,,,,,
193600,1027.0,0.000001,,,,,,,,
193700,1027.6,0.000001,,,,,,,,
193800,1028.1,0.000001,,,,,,,,
193900,1028.6,0.000001,,,,,,,,
194000,1029.0,0.000000,,,,,,,,
194100,1029.5,0.000001,,,,,,,,
194200,1030.1,0.000000,,,,,,,,
194300,1030.6,0.000000,,,,,,,,
194400,1031.1,0.000000,,,,,,,,
194500,1031.7,0.000001,,,,,,,,
194600,1032.2,0.000001,,,,,,,,
194700,1032.7,0.000001,,,,,,,,
194800,1033.2,0.000002,,,,,,,,
194900,1033.8,0.000000,,,,,,,,
195000,1035.5,0.000001,0.000001,5.920721e-02,3.986922e-03,3.229352e-03,0.000000,5.920721e-02,3.947987e-03,3.205550e-03
195100,1035.7,0.000002,,,,,,,,
195200,1036.0,0.000001,,,,,,,,
195300,1036.4,0.000001,,,,,,,,
195400,1036.9,0.000001,,,,,,,,
195500,1037.4,0.000001,,,,,,,,
195600,1038.0,0.000002,,,,,,,,
195700,1038.5,0.000001,,,,,,,,
195800,1039.0,0.000001,,,,,,,,
195900,1039.5,0.000001,,,,,,,,
196000,1040.1,0.000001,,,,,,,,
196100,1040.6,0.000001,,,,,,,,
196200,1041.1,0.000000,,,,,,,,
196300,1041.6,0.000000,,,,,,,,
196400,1042.1,0.000001,,,,,,,,
196500,1042.6,0.000003,,,,,,,,
196600,1043.2,0.000001,,,,,,,,
196700,1043.7,0.000000,,,,,,,,
196800,1044.2,0.000000,,,,,,,,
196900,1044.8,0.000000,,,,,,,,
197000,1045.3,0.000001,,,,,,,,
197100,1045.8,0.000001,,,,,,,,
197200,1046.3,0.000000,,,,,,,,
197300,1046.8,0.000001,,,,,,,,
197400,1047.4,0.000000,,,,,,,,
197500,1047.9,0.000001,,,,,,,,
197600,1048.4,0.000000,,,,,,,,
197700,1048.9,0.000001,,,,,,,,
197800,1049.4,0.000001,,,,,,,,
197900,1049.9,0.000001,,,,,,,,
198000,1050.4,0.000001,,,,,,,,
198100,1050.9,0.000000,,,,,,,,
198200,1051.4,0.000002,,,,,,,,
198300,1051.9,0.000001,,,,,,,,
198400,1052.5,0.000001,,,,,,,,
198500,1053.0,0.000000,,,,,,,,
198600,1053.5,0.000000,,,,,,,,
198700,1054.0,0.000000,,,,,,,,
198800,1054.6,0.000001,,,,,,,,
198900,1055.1,0.000001,,,,,,,,
199000,1055.6,0.000000,,,,,,,,
199100,1056.1,0.000000,,,,,,,,
199200,1056.7,0.000001,,,,,,,,
199300,1057.2,0.000001,,,,,,,,
199400,1057.7,0.000001,,,,,,,,
199500,1058.2,0.000002,,,,,,,,
199600,1058.8,0.000001,,,,,,,,
199700,1059.3,0.000001,,,,,,,,
199800,1059.8,0.000001,,,,,,,,
199900,1060.3,0.000001,,,,,,,,
200000,1062.0,0.000000,0.000001,6.389255e-02,4.781654e-03,3.865096e-03,0.000000,5.770160e-02,4.797360e-03,3.891573e-03
200100,1062.3,0.000001,,,,,,,,
200200,1062.6,0.000001,,,,,,,,
200300,1062.9,0.000002,,,,,,,,
200400,1063.4,0.000001,,,,,,,,
200500,1063.9,0.000001,,,,,,,,
200600,1064.4,0.000001,,,,,,,,
200700,1065.0,0.000003,,,,,,,,
200800,1065.5,0.000001,,,,,,,,
200900,1066.0,0.000001,,,,,,,,
201000,1066.6,0.000000,,,,,,,,
201100,1067.1,0.000001,,,,,,,,
201200,1067.6,0.000001,,,,,,,,
201300,1068.1,0.000000,,,,,,,,
201400,1068.7,0.000001,,,,,,,,
201500,1069.2,0.000001,,,,,,,,
201600,1069.7,0.000001,,,,,,,,
201700,1070.2,0.000001,,,,,,,,
201800,1070.7,0.000000,,,,,,,,
201900,1071.3,0.000001,,,,,,,,
202000,1071.8,0.000000,,,,,,,,
202100,1072.3,0.000001,,,,,,,,
202200,1072.9,0.000001,,,,,,,,
202300,1073.3,0.000001,,,,,,,,
202400,1073.9,0.000001,,,,,,,,
202500,1074.4,0.000000,,,,,,,,
202600,1074.9,0.000000,,,,,,,,
202700,1075.4,0.000001,,,,,,,,
202800,1076.0,0.000000,,,,,,,,
202900,1076.5,0.000001,,,,,,,,
203000,1077.0,0.000000,,,,,,,,
203100,1077.5,0.000001,,,,,,,,
203200,1078.0,0.000001,,,,,,,,
203300,1078.5,0.000001,,,,,,,,
203400,1079.1,0.000001,,,,,,,,
203500,1079.6,0.000000,,,,,,,,
203600,1080.1,0.000001,,,,,,,,
203700,1080.7,0.000001,,,,,,,,
203800,1081.1,0.000001,,,,,,,,
203900,1081.7,0.000001,,,,,,,,
204000,1082.2,0.000000,,,,,,,,
204100,1082.7,0.000001,,,,,,,,
204200,1083.2,0.000001,,,,,,,,
204300,1083.7,0.000002,,,,,,,,
204400,1084.3,0.000001,,,,,,,,
204500,1084.8,0.000001,,,,,,,,
204600,1085.3,0.000001,,,,,,,,
204700,1085.8,0.000001,,,,,,,,
204800,1086.4,0.000000,,,,,,,,
204900,1086.9,0.000000,,,,,,,,
205000,1088.6,0.000001,0.000001,7.850546e-02,3.100972e-03,2.261005e-03,0.000000,4.399841e-02,3.078470e-03,2.264879e-03
205100,1088.9,0.000000,,,,,,,,
205200,1089.2,0.000000,,,,,,,,
205300,1089.6,0.000002,,,,,,,,
205400,1090.1,0.000001,,,,,,,,
205500,1090.6,0.000001,,,,,,,,
205600,1091.2,0.000001,,,,,,,,
205700,1091.7,0.000001,,,,,,,,
205800,1092.2,0.000000,,,,,,,,
205900,1092.7,0.000000,,,,,,,,
206000,1093.2,0.000000,,,,,,,,
206100,1093.7,0.000001,,,,,,,,
206200,1094.2,0.000001,,,,,,,,
206300,1094.8,0.000001,,,,,,,,
206400,1095.2,0.000001,,,,,,,,
206500,1095.8,0.000001,,,,,,,,
206600,1096.3,0.000000,,,,,,,,
206700,1096.8,0.000001,,,,,,,,
206800,1097.3,0.000000,,,,,,,,
206900,1097.9,0.000001,,,,,,,,
207000,1098.4,0.000000,,,,,,,,
207100,1098.9,0.000000,,,,,,,,
207200,1099.4,0.000000,,,,,,,,
207300,1099.9,0.000000,,,,,,,,
207400,1100.5,0.000000,,,,,,,,
207500,1101.0,0.000001,,,,,,,,
207600,1101.5,0.000000,,,,,,,,
207700,1102.0,0.000001,,,,,,,,
207800,1102.5,0.000001,,,,,,,,
207900,1103.0,0.000000,,,,,,,,
208000,1103.5,0.000001,,,,,,,,
208100,1104.1,0.000001,,,,,,,,
208200,1104.6,0.000001,,,,,,,,
208300,1105.1,0.000002,,,,,,,,
208400,1105.6,0.000001,,,,,,,,
208500,1106.1,0.000000,,,,,,,,
208600,1106.7,0.000001,,,,,,,,
208700,1107.2,0.000001,,,,,,,,
208800,1107.7,0.000001,,,,,,,,
208900,1108.2,0.000000,,,,,,,,
209000,1108.8,0.000002,,,,,,,,
209100,1109.3,0.000001,,,,,,,,
209200,1109.8,0.000000,,,,,,,,
209300,1110.3,0.000001,,,,,,,,
209400,1110.9,0.000001,,,,,,,,
209500,1111.3,0.000001,,,,,,,,
209600,1111.9,0.000000,,,,,,,,
209700,1112.4,0.000002,,,,,,,,
209800,1112.9,0.000000,,,,,,,,
209900,1113.5,0.000002,,,,,,,,
210000,1115.2,0.000000,0.000000,5.424105e-02,2.969602e-03,2.453509e-03,0.000000,4.679156e-02,2.953057e-03,2.479181e-03
210100,1115.4,0.000001,,,,,,,,
210200,1115.7,0.000001,,,,,,,,
210300,1116.0,0.000000,,,,,,,,
210400,1116.5,0.000002,,,,,,,,
210500,1117.0,0.000001,,,,,,,,
210600,1117.5,0.000001,,,,,,,,
210700,1118.0,0.000001,,,,,,,,
210800,1118.6,0.000000,,,,,,,,
210900,1119.1,0.000001,,,,,,,,
211000,1119.6,0.000000,,,,,,,,
211100,1120.1,0.000001,,,,,,,,
211200,1120.7,0.000004,,,,,,,,
211300,1121.2,0.000000,,,,,,,,
211400,1121.7,0.000000,,,,,,,,
211500,1122.2,0.000002,,,,,,,,
211600,1122.7,0.000001,,,,,,,,
211700,1123.3,0.000001,,,,,,,,
211800,1123.8,0.000001,,,,,,,,
211900,1124.3,0.000000,,,,,,,,
212000,1124.8,0.000000,,,,,,,,
212100,1125.3,0.000001,,,,,,,,
212200,1125.8,0.000000,,,,,,,,
212300,1126.3,0.000000,,,,,,,,
212400,1126.8,0.000000,,,,,,,,
212500,1127.3,0.000000,,,,,,,,
212600,1127.8,0.000001,,,,,,,,
212700,1128.3,0.000000,,,,,,,,
212800,1128.9,0.000002,,,,,,,,
212900,1129.4,0.000003,,,,,,,,
213000,1129.8,0.000000,,,,,,,,
213100,1130.4,0.000001,,,,,,,,
213200,1130.9,0.000000,,,,,,,,
213300,1131.4,0.000000,,,,,,,,
213400,1131.9,0.000001,,,,,,,,
213500,1132.5,0.000000,,,,,,,,
213600,1133.0,0.000001,,,,,,,,
213700,1133.5,0.000001,,,,,,,,
213800,1134.0,0.000000,,,,,,,,
213900,1134.5,0.000001,,,,,,,,
214000,1135.1,0.000001,,,,,,,,
214100,1135.6,0.000001,,,,,,,,
214200,1136.1,0.000001,,,,,,,,
214300,1136.6,0.000000,,,,,,,,
214400,1137.2,0.000000,,,,,,,,
214500,1137.7,0.000000,,,,,,,,
214600,1138.2,0.000000,,,,,,,,
214700,1138.7,0.000000,,,,,,,,
214800,1139.2,0.000000,,,,,,,,
214900,1139.8,0.000000,,,,,,,,
215000,1141.4,0.000000,0.000000,5.573649e-02,2.172715e-03,1.594372e-03,0.000000,2.934773e-02,2.104985e-03,1.580683e-03
215100,1141.7,0.000000,,,,,,,,
215200,1142.0,0.000000,,,,,,,,
215300,1142.5,0.000001,,,,,,,,
215400,1143.0,0.000001,,,,,,,,
215500,1143.5,0.000000,,,,,,,,
215600,1144.0,0.000000,,,,,,,,
215700,1144.6,0.000000,,,,,,,,
215800,1145.1,0.000000,,,,,,,,
215900,1145.6,0.000001,,,,,,,,
216000,1146.1,0.000000,,,,,,,,
216100,1146.6,0.000000,,,,,,,,
216200,1147.1,0.000000,,,,,,,,
216300,1147.6,0.000002,,,,,,,,
216400,1148.1,0.000000,,,,,,,,
216500,1148.7,0.000000,,,,,,,,
216600,1149.2,0.000001,,,,,,,,
216700,1149.7,0.000000,,,,,,,,
216800,1150.2,0.000000,,,,,,,,
216900,1150.8,0.000000,,,,,,,,
217000,1151.3,0.000000,,,,,,,,
217100,1151.8,0.000001,,,,,,,,
217200,1152.3,0.000000,,,,,,,,
217300,1152.9,0.000001,,,,,,,,
217400,1153.4,0.000000,,,,,,,,
217500,1153.9,0.000000,,,,,,,,
217600,1154.4,0.000001,,,,,,,,
217700,1154.9,0.000001,,,,,,,,
217800,1155.4,0.000000,,,,,,,,
217900,1156.0,0.000002,,,,,,,,
218000,1156.5,0.000000,,,,,,,,
218100,1157.0,0.000001,,,,,,,,
218200,1157.6,0.000001,,,,,,,,
218300,1158.1,0.000000,,,,,,,,
218400,1158.6,0.000001,,,,,,,,
218500,1159.1,0.000001,,,,,,,,
218600,1159.6,0.000000,,,,,,,,
218700,1160.2,0.000000,,,,,,,,
218800,1160.6,0.000001,,,,,,,,
218900,1161.1,0.000001,,,,,,,,
219000,1161.7,0.000000,,,,,,,,
219100,1162.3,0.000001,,,,,,,,
219200,1162.8,0.000000,,,,,,,,
219300,1163.3,0.000000,,,,,,,,
219400,1163.8,0.000000,,,,,,,,
219500,1164.4,0.000001,,,,,,,,
219600,1164.9,0.000000,,,,,,,,
219700,1165.4,0.000001,,,,,,,,
219800,1165.9,0.000000,,,,,,,,
219900,1166.4,0.000000,,,,,,,,
220000,1168.1,0.000000,0.000001,6.171460e-02,4.232156e-03,3.832047e-03,0.000000,3.849531e-02,4.190650e-03,3.811925e-03
220100,1168.4,0.000000,,,,,,,,
220200,1168.6,0.000001,,,,,,,,
220300,1169.0,0.000001,,,,,,,,
220400,1169.5,0.000001,,,,,,,,
220500,1169.9,0.000001,,,,,,,,
220600,1170.4,0.000000,,,,,,,,
220700,1170.9,0.000001,,,,,,,,
220800,1171.4,0.000001,,,,,,,,
220900,1171.9,0.000000,,,,,,,,
221000,1172.5,0.000001,,,,,,,,
221100,1172.9,0.000001,,,,,,,,
221200,1173.5,0.000001,,,,,,,,
221300,1174.0,0.000001,,,,,,,,
221400,1174.5,0.000000,,,,,,,,
221500,1175.0,0.000002,,,,,,,,
221600,1175.6,0.000000,,,,,,,,
221700,1176.1,0.000000,,,,,,,,
221800,1176.6,0.000000,,,,,,,,
221900,1177.1,0.000000,,,,,,,,
222000,1177.7,0.000000,,,,,,,,
222100,1178.2,0.000001,,,,,,,,
222200,1178.7,0.000000,,,,,,,,
222300,1179.2,0.000000,,,,,,,,
222400,1179.7,0.000000,,,,,,,,
222500,1180.3,0.000001,,,,,,,,
222600,1180.8,0.000001,,,,,,,,
222700,1181.3,0.000002,,,,,,,,
222800,1181.8,0.000001,,,,,,,,
222900,1182.3,0.000000,,,,,,,,
223000,1182.9,0.000000,,,,,,,,
223100,1183.4,0.000001,,,,,,,,
223200,1183.9,0.000001,,,,,,,,
223300,1184.4,0.000001,,,,,,,,
223400,1185.0,0.000001,,,,,,,,
223500,1185.5,0.000001,,,,,,,,
223600,1186.0,0.000000,,,,,,,,
223700,1186.6,0.000001,,,,,,,,
223800,1187.1,0.000000,,,,,,,,
223900,1187.6,0.000000,,,,,,,,
224000,1188.1,0.000001,,,,,,,,
224100,1188.6,0.000000,,,,,,,,
224200,1189.1,0.000000,,,,,,,,
224300,1189.7,0.000000,,,,,,,,
224400,1190.2,0.000000,,,,,,,,
224500,1190.7,0.000001,,,,,,,,
224600,1191.2,0.000001,,,,,,,,
224700,1191.7,0.000001,,,,,,,,
224800,1192.3,0.000000,,,,,,,,
224900,1192.8,0.000001,,,,,,,,
225000,1194.5,0.000001,0.000000,3.914232e-02,2.923541e-03,2.283841e-03,0.000000,3.196580e-02,2.878199e-03,2.268778e-03
225100,1194.7,0.000000,,,,,,,,
225200,1195.0,0.000001,,,,,,,,
225300,1195.4,0.000000,,,,,,,,
225400,1195.9,0.000001,,,,,,,,
225500,1196.4,0.000000,,,,,,,,
225600,1196.9,0.000000,,,,,,,,
225700,1197.4,0.000001,,,,,,,,
225800,1197.9,0.000000,,,,,,,,
225900,1198.5,0.000001,,,,,,,,
226000,1199.0,0.000001,,,,,,,,
226100,1199.5,0.000000,,,,,,,,
226200,1200.0,0.000001,,,,,,,,
226300,1200.5,0.000001,,,,,,,,
226400,1201.0,0.000000,,,,,,,,
226500,1201.5,0.000001,,,,,,,,
226600,1202.0,0.000000,,,,,,,,
226700,1202.6,0.000000,,,,,,,,
226800,1203.1,0.000001,,,,,,,,
226900,1203.6,0.000000,,,,,,,,
227000,1204.1,0.000000,,,,,,,,
227100,1204.6,0.000001,,,,,,,,
227200,1205.2,0.000000,,,,,,,,
227300,1205.7,0.000000,,,,,,,,
227400,1206.2,0.000000,,,,,,,,
227500,1206.7,0.000000,,,,,,,,
227600,1207.3,0.000000,,,,,,,,
227700,1207.7,0.000000,,,,,,,,
227800,1208.3,0.000000,,,,,,,,
227900,1208.8,0.000001,,,,,,,,
228000,1209.3,0.000000,,,,,,,,
228100,1209.8,0.000000,,,,,,,,
228200,1210.4,0.000000,,,,,,,,
228300,1210.9,0.000000,,,,,,,,
228400,1211.5,0.000000,,,,,,,,
228500,1211.9,0.000000,,,,,,,,
228600,1212.4,0.000001,,,,,,,,
228700,1213.0,0.000001,,,,,,,,
228800,1213.5,0.000001,,,,,,,,
228900,1214.0,0.000001,,,,,,,,
229000,1214.5,0.000001,,,,,,,,
229100,1215.1,0.000000,,,,,,,,
229200,1215.6,0.000000,,,,,,,,
229300,1216.1,0.000000,,,,,,,,
229400,1216.6,0.000000,,,,,,,,
229500,1217.2,0.000001,,,,,,,,
229600,1217.7,0.000000,,,,,,,,
229700,1218.2,0.000000,,,,,,,,
229800,1218.7,0.000000,,,,,,,,
229900,1219.3,0.000001,,,,,,,,
230000,1221.0,0.000001,0.000001,8.878202e-02,3.102855e-03,2.033884e-03,0.000000,5.445773e-02,2.980001e-03,2.008741e-03
230100,1221.2,0.000000,,,,,,,,
230200,1221.5,0.000000,,,,,,,,
230300,1222.0,0.000001,,,,,,,,
230400,1222.5,0.000001,,,,,,,,
230500,1223.0,0.000001,,,,,,,,
230600,1223.5,0.000000,,,,,,,,
230700,1224.0,0.000001,,,,,,,,
230800,1224.5,0.000000,,,,,,,,
230900,1225.1,0.000001,,,,,,,,
231000,1225.6,0.000000,,,,,,,,
231100,1226.1,0.000000,,,,,,,,
231200,1226.6,0.000000,,,,,,,,
231300,1227.2,0.000000,,,,,,,,
231400,1227.7,0.000000,,,,,,,,
231500,1228.2,0.000000,,,,,,,,
231600,1228.7,0.000001,,,,,,,,
231700,1229.3,0.000001,,,,,,,,
231800,1229.8,0.000001,,,,,,,,
231900,1230.3,0.000000,,,,,,,,
232000,1230.9,0.000000,,,,,,,,
232100,1231.4,0.000002,,,,,,,,
232200,1231.9,0.000000,,,,,,,,
232300,1232.4,0.000001,,,,,,,,
232400,1232.9,0.000000,,,,,,,,
232500,1233.5,0.000000,,,,,,,,
232600,1234.0,0.000001,,,,,,,,
232700,1234.5,0.000002,,,,,,,,
232800,1235.0,0.000001,,,,,,,,
232900,1235.6,0.000000,,,,,,,,
233000,1236.1,0.000003,,,,,,,,
233100,1236.6,0.000000,,,,,,,,
233200,1237.2,0.000001,,,,,,,,
233300,1237.7,0.000000,,,,,,,,
233400,1238.2,0.000001,,,,,,,,
233500,1238.7,0.000001,,,,,,,,
233600,1239.3,0.000001,,,,,,,,
233700,1239.8,0.000000,,,,,,,,
233800,1240.3,0.000001,,,,,,,,
233900,1240.8,0.000000,,,,,,,,
234000,1241.4,0.000000,,,,,,,,
234100,1241.9,0.000000,,,,,,,,
234200,1242.4,0.000000,,,,,,,,
234300,1242.9,0.000001,,,,,,,,
234400,1243.5,0.000001,,,,,,,,
234500,1244.0,0.000000,,,,,,,,
234600,1244.5,0.000002,,,,,,,,
234700,1245.0,0.000000,,,,,,,,
234800,1245.6,0.000001,,,,,,,,
234900,1246.1,0.000001,,,,,,,,
235000,1247.8,0.000001,0.000000,4.749222e-02,2.560887e-03,1.869646e-03,0.000000,2.711535e-02,2.521665e-03,1.850835e-03
235100,1248.1,0.000000,,,,,,,,
235200,1248.4,0.000000,,,,,,,,
235300,1248.8,0.000000,,,,,,,,
235400,1249.4,0.000000,,,,,,,,
235500,1249.9,0.000001,,,,,,,,
235600,1250.4,0.000001,,,,,,,,
235700,1250.9,0.000000,,,,,,,,
235800,1251.4,0.000000,,,,,,,,
235900,1252.0,0.000000,,,,,,,,
236000,1252.5,0.000000,,,,,,,,
236100,1253.0,0.000001,,,,,,,,
236200,1253.5,0.000000,,,,,,,,
236300,1254.0,0.000000,,,,,,,,
236400,1254.5,0.000000,,,,,,,,
236500,1255.0,0.000000,,,,,,,,
236600,1255.5,0.000001,,,,,,,,
236700,1256.1,0.000000,,,,,,,,
236800,1256.6,0.000001,,,,,,,,
236900,1257.1,0.000001,,,,,,,,
237000,1257.6,0.000000,,,,,,,,
237100,1258.1,0.000001,,,,,,,,
237200,1258.6,0.000000,,,,,,,,
237300,1259.1,0.000000,,,,,,,,
237400,1259.7,0.000002,,,,,,,,
237500,1260.2,0.000000,,,,,,,,
237600,1260.7,0.000001,,,,,,,,
237700,1261.3,0.000001,,,,,,,,
237800,1261.8,0.000000,,,,,,,,
237900,1262.3,0.000000,,,,,,,,
238000,1262.8,0.000001,,,,,,,,
238100,1263.3,0.000001,,,,,,,,
238200,1263.8,0.000001,,,,,,,,
238300,1264.3,0.000002,,,,,,,,
238400,1264.8,0.000000,,,,,,,,
238500,1265.4,0.000001,,,,,,,,
238600,1265.9,0.000001,,,,,,,,
238700,1266.4,0.000000,,,,,,,,
238800,1266.9,0.000001,,,,,,,,
238900,1267.4,0.000000,,,,,,,,
239000,1268.0,0.000000,,,,,,,,
239100,1268.5,0.000000,,,,,,,,
239200,1268.9,0.000000,,,,,,,,
239300,1269.4,0.000000,,,,,,,,
239400,1269.9,0.000001,,,,,,,,
239500,1270.5,0.000000,,,,,,,,
239600,1271.0,0.000001,,,,,,,,
239700,1271.5,0.000000,,,,,,,,
239800,1272.1,0.000000,,,,,,,,
239900,1272.6,0.000001,,,,,,,,
240000,1274.3,0.000000,0.000000,4.857146e-02,2.589321e-03,2.291781e-03,0.000000,4.065252e-02,2.480895e-03,2.212040e-03
240100,1274.5,0.000000,,,,,,,,
240200,1274.8,0.000001,,,,,,,,
240300,1275.2,0.000000,,,,,,,,
240400,1275.8,0.000000,,,,,,,,
240500,1276.3,0.000001,,,,,,,,
240600,1276.8,0.000000,,,,,,,,
240700,1277.4,0.000000,,,,,,,,
240800,1277.9,0.000001,,,,,,,,
240900,1278.4,0.000001,,,,,,,,
241000,1279.0,0.000000,,,,,,,,
241100,1279.4,0.000001,,,,,,,,
241200,1280.0,0.000001,,,,,,,,
241300,1280.4,0.000000,,,,,,,,
241400,1281.0,0.000001,,,,,,,,
241500,1281.5,0.000001,,,,,,,,
241600,1282.0,0.000001,,,,,,,,
241700,1282.6,0.000000,,,,,,,,
241800,1283.1,0.000000,,,,,,,,
241900,1283.6,0.000000,,,,,,,,
242000,1284.1,0.000001,,,,,,,,
242100,1284.6,0.000000,,,,,,,,
242200,1285.2,0.000000,,,,,,,,
242300,1285.7,0.000001,,,,,,,,
242400,1286.2,0.000000,,,,,,,,
242500,1286.7,0.000001,,,,,,,,
242600,1287.2,0.000002,,,,,,,,
242700,1287.7,0.000000,,,,,,,,
242800,1288.2,0.000000,,,,,,,,
242900,1288.7,0.000000,,,,,,,,
243000,1289.3,0.000001,,,,,,,,
243100,1289.8,0.000001,,,,,,,,
243200,1290.3,0.000001,,,,,,,,
243300,1290.8,0.000000,,,,,,,,
243400,1291.4,0.000000,,,,,,,,
243500,1291.9,0.000000,,,,,,,,
243600,1292.4,0.000000,,,,,,,,
243700,1292.9,0.000000,,,,,,,,
243800,1293.4,0.000000,,,,,,,,
243900,1293.9,0.000001,,,,,,,,
244000,1294.5,0.000001,,,,,,,,
244100,1295.0,0.000001,,,,,,,,
244200,1295.5,0.000001,,,,,,,,
244300,1296.1,0.000001,,,,,,,,
244400,1296.6,0.000000,,,,,,,,
244500,1297.2,0.000000,,,,,,,,
244600,1297.7,0.000001,,,,,,,,
244700,1298.2,0.000000,,,,,,,,
244800,1298.7,0.000000,,,,,,,,
244900,1299.2,0.000000,,,,,,,,
245000,1300.9,0.000001,0.000001,5.545604e-02,3.612456e-03,2.396350e-03,0.000000,3.461290e-02,3.697319e-03,2.480755e-03
245100,1301.1,0.000000,,,,,,,,
245200,1301.4,0.000000,,,,,,,,
245300,1301.8,0.000000,,,,,,,,
245400,1302.4,0.000000,,,,,,,,
245500,1302.9,0.000000,,,,,,,,
245600,1303.4,0.000000,,,,,,,,
245700,1303.9,0.000001,,,,,,,,
245800,1304.4,0.000001,,,,,,,,
245900,1305.0,0.000000,,,,,,,,
246000,1305.5,0.000000,,,,,,,,
246100,1306.0,0.000000,,,,,,,,
246200,1306.5,0.000000,,,,,,,,
246300,1307.0,0.000000,,,,,,,,
246400,1307.5,0.000000,,,,,,,,
246500,1308.0,0.000000,,,,,,,,
246600,1308.6,0.000000,,,,,,,,
246700,1309.1,0.000001,,,,,,,,
246800,1309.6,0.000000,,,,,,,,
246900,1310.1,0.000001,,,,,,,,
247000,1310.6,0.000000,,,,,,,,
247100,1311.1,0.000000,,,,,,,,
247200,1311.7,0.000000,,,,,,,,
247300,1312.2,0.000000,,,,,,,,
247400,1312.7,0.000001,,,,,,,,
247500,1313.2,0.000001,,,,,,,,
247600,1313.8,0.000001,,,,,,,,
247700,1314.3,0.000000,,,,,,,,
247800,1314.8,0.000000,,,,,,,,
247900,1315.3,0.000001,,,,,,,,
248000,1315.9,0.000000,,,,,,,,
248100,1316.4,0.000000,,,,,,,,
248200,1316.9,0.000001,,,,,,,,
248300,1317.4,0.000000,,,,,,,,
248400,1317.9,0.000000,,,,,,,,
248500,1318.4,0.000000,,,,,,,,
248600,1319.0,0.000000,,,,,,,,
248700,1319.5,0.000000,,,,,,,,
248800,1320.0,0.000000,,,,,,,,
248900,1320.5,0.000001,,,,,,,,
249000,1321.0,0.000000,,,,,,,,
249100,1321.6,0.000000,,,,,,,,
249200,1322.1,0.000001,,,,,,,,
249300,1322.6,0.000001,,,,,,,,
249400,1323.1,0.000000,,,,,,,,
249500,1323.6,0.000000,,,,,,,,
249600,1324.1,0.000000,,,,,,,,
249700,1324.6,0.000000,,,,,,,,
249800,1325.2,0.000000,,,,,,,,
249900,1325.7,0.000000,,,,,,,,
250000,1327.4,0.000000,0.000000,3.772365e-02,1.954535e-03,1.590294e-03,0.000000,3.020276e-02,1.929752e-03,1.588100e-03
250100,1327.7,0.000001,,,,,,,,
250200,1328.0,0.000001,,,,,,,,
250300,1328.4,0.000000,,,,,,,,
250400,1328.8,0.000001,,,,,,,,
250500,1329.2,0.000001,,,,,,,,
250600,1329.8,0.000000,,,,,,,,
250700,1330.3,0.000000,,,,,,,,
250800,1330.8,0.000001,,,,,,,,
250900,1331.3,0.000000,,,,,,,,
251000,1331.8,0.000001,,,,,,,,
251100,1332.4,0.000001,,,,,,,,
251200,1332.8,0.000000,,,,,,,,
251300,1333.4,0.000001,,,,,,,,
251400,1333.9,0.000000,,,,,,,,
251500,1334.4,0.000000,,,,,,,,
251600,1335.0,0.000000,,,,,,,,
251700,1335.5,0.000000,,,,,,,,
251800,1336.0,0.000000,,,,,,,,
251900,1336.5,0.000000,,,,,,,,
252000,1337.0,0.000000,,,,,,,,
252100,1337.5,0.000000,,,,,,,,
252200,1338.0,0.000000,,,,,,,,
252300,1338.5,0.000001,,,,,,,,
252400,1339.1,0.000000,,,,,,,,
252500,1339.6,0.000000,,,,,,,,
252600,1340.1,0.000000,,,,,,,,
252700,1340.6,0.000000,,,,,,,,
252800,1341.1,0.000001,,,,,,,,
252900,1341.7,0.000000,,,,,,,,
253000,1342.2,0.000000,,,,,,,,
253100,1342.8,0.000001,,,,,,,,
253200,1343.3,0.000000,,,,,,,,
253300,1343.8,0.000000,,,,,,,,
253400,1344.3,0.000002,,,,,,,,
253500,1344.9,0.000000,,,,,,,,
253600,1345.4,0.000001,,,,,,,,
253700,1345.9,0.000000,,,,,,,,
253800,1346.4,0.000000,,,,,,,,
253900,1346.9,0.000000,,,,,,,,
254000,1347.4,0.000000,,,,,,,,
254100,1348.0,0.000000,,,,,,,,
254200,1348.5,0.000001,,,,,,,,
254300,1349.0,0.000001,,,,,,,,
254400,1349.5,0.000000,,,,,,,,
254500,1350.1,0.000000,,,,,,,,
254600,1350.6,0.000000,,,,,,,,
254700,1351.1,0.000001,,,,,,,,
254800,1351.6,0.000001,,,,,,,,
254900,1352.2,0.000000,,,,,,,,
255000,1353.9,0.000001,0.000001,7.153148e-02,4.949461e-03,4.391433e-03,0.000000,4.974562e-02,5.021992e-03,4.498992e-03
255100,1354.1,0.000000,,,,,,,,
255200,1354.4,0.000000,,,,,,,,
255300,1354.8,0.000000,,,,,,,,
255400,1355.3,0.000000,,,,,,,,
255500,1355.9,0.000000,,,,,,,,
255600,1356.4,0.000001,,,,,,,,
255700,1357.0,0.000000,,,,,,,,
255800,1357.5,0.000000,,,,,,,,
255900,1358.0,0.000001,,,,,,,,
256000,1358.5,0.000001,,,,,,,,
256100,1359.0,0.000000,,,,,,,,
256200,1359.5,0.000000,,,,,,,,
256300,1360.0,0.000001,,,,,,,,
256400,1360.5,0.000000,,,,,,,,
256500,1361.1,0.000000,,,,,,,,
256600,1361.6,0.000000,,,,,,,,
256700,1362.1,0.000001,,,,,,,,
256800,1362.7,0.000000,,,,,,,,
256900,1363.2,0.000000,,,,,,,,
257000,1363.7,0.000000,,,,,,,,
257100,1364.2,0.000000,,,,,,,,
257200,1364.7,0.000000,,,,,,,,
257300,1365.3,0.000000,,,,,,,,
257400,1365.8,0.000000,,,,,,,,
257500,1366.3,0.000000,,,,,,,,
257600,1366.8,0.000000,,,,,,,,
257700,1367.3,0.000001,,,,,,,,
257800,1367.9,0.000001,,,,,,,,
257900,1368.4,0.000001,,,,,,,,
258000,1368.9,0.000000,,,,,,,,
258100,1369.4,0.000000,,,,,,,,
258200,1370.0,0.000000,,,,,,,,
258300,1370.5,0.000000,,,,,,,,
258400,1371.0,0.000000,,,,,,,,
258500,1371.5,0.000001,,,,,,,,
258600,1372.0,0.000000,,,,,,,,
258700,1372.5,0.000000,,,,,,,,
258800,1373.1,0.000000,,,,,,,,
258900,1373.6,0.000000,,,,,,,,
259000,1374.1,0.000000,,,,,,,,
259100,1374.6,0.000000,,,,,,,,
259200,1375.2,0.000000,,,,,,,,
259300,1375.7,0.000000,,,,,,,,
259400,1376.2,0.000000,,,,,,,,
259500,1376.7,0.000001,,,,,,,,
259600,1377.2,0.000000,,,,,,,,
259700,1377.7,0.000001,,,,,,,,
259800,1378.2,0.000000,,,,,,,,
259900,1378.8,0.000002,,,,,,,,
260000,1380.5,0.000000,0.000000,7.313270e-02,2.770077e-03,2.128431e-03,0.000000,2.797048e-02,2.746999e-03,2.143404e-03
260100,1380.7,0.000000,,,,,,,,
260200,1381.0,0.000000,,,,,,,,
260300,1381.5,0.000000,,,,,,,,
260400,1382.0,0.000000,,,,,,,,
260500,1382.5,0.000000,,,,,,,,
260600,1383.0,0.000001,,,,,,,,
260700,1383.5,0.000000,,,,,,,,
260800,1384.0,0.000000,,,,,,,,
260900,1384.5,0.000001,,,,,,,,
261000,1385.0,0.000001,,,,,,,,
261100,1385.6,0.000000,,,,,,,,
261200,1386.1,0.000000,,,,,,,,
261300,1386.6,0.000001,,,,,,,,
261400,1387.1,0.000000,,,,,,,,
261500,1387.7,0.000000,,,,,,,,
261600,1388.2,0.000000,,,,,,,,
261700,1388.7,0.000000,,,,,,,,
261800,1389.2,0.000000,,,,,,,,
261900,1389.8,0.000001,,,,,,,,
262000,1390.3,0.000000,,,,,,,,
262100,1390.8,0.000001,,,,,,,,
262200,1391.3,0.000000,,,,,,,,
262300,1391.9,0.000000,,,,,,,,
262400,1392.4,0.000000,,,,,,,,
262500,1392.9,0.000000,,,,,,,,
262600,1393.4,0.000000,,,,,,,,
262700,1394.0,0.000000,,,,,,,,
262800,1394.5,0.000001,,,,,,,,
262900,1395.0,0.000001,,,,,,,,
263000,1395.5,0.000000,,,,,,,,
263100,1396.0,0.000000,,,,,,,,
263200,1396.5,0.000001,,,,,,,,
263300,1397.0,0.000002,,,,,,,,
263400,1397.5,0.000000,,,,,,,,
263500,1398.1,0.000001,,,,,,,,
263600,1398.6,0.000001,,,,,,,,
263700,1399.1,0.000000,,,,,,,,
263800,1399.6,0.000000,,,,,,,,
263900,1400.2,0.000000,,,,,,,,
264000,1400.7,0.000001,,,,,,,,
264100,1401.2,0.000000,,,,,,,,
264200,1401.7,0.000000,,,,,,,,
264300,1402.2,0.000001,,,,,,,,
264400,1402.8,0.000000,,,,,,,,
264500,1403.3,0.000000,,,,,,,,
264600,1403.8,0.000001,,,,,,,,
264700,1404.4,0.000000,,,,,,,,
264800,1404.9,0.000000,,,,,,,,
264900,1405.4,0.000000,,,,,,,,
265000,1407.1,0.000000,0.000000,7.687897e-02,2.612085e-03,2.068172e-03,0.000000,2.829767e-02,2.564049e-03,2.067422e-03
265100,1407.4,0.000001,,,,,,,,
265200,1407.7,0.000000,,,,,,,,
265300,1408.1,0.000000,,,,,,,,
265400,1408.6,0.000001,,,,,,,,
265500,1409.1,0.000000,,,,,,,,
265600,1409.7,0.000000,,,,,,,,
265700,1410.2,0.000000,,,,,,,,
265800,1410.7,0.000000,,,,,,,,
265900,1411.2,0.000000,,,,,,,,
266000,1411.8,0.000000,,,,,,,,
266100,1412.3,0.000000,,,,,,,,
266200,1412.8,0.000001,,,,,,,,
266300,1413.4,0.000000,,,,,,,,
266400,1413.9,0.000000,,,,,,,,
266500,1414.4,0.000000,,,,,,,,
266600,1414.9,0.000000,,,,,,,,
266700,1415.5,0.000000,,,,,,,,
266800,1416.0,0.000000,,,,,,,,
266900,1416.6,0.000000,,,,,,,,
267000,1417.1,0.000000,,,,,,,,
267100,1417.6,0.000000,,,,,,,,
267200,1418.1,0.000001,,,,,,,,
267300,1418.6,0.000000,,,,,,,,
267400,1419.2,0.000000,,,,,,,,
267500,1419.7,0.000000,,,,,,,,
267600,1420.1,0.000000,,,,,,,,
267700,1420.6,0.000000,,,,,,,,
267800,1421.2,0.000001,,,,,,,,
267900,1421.7,0.000000,,,,,,,,
268000,1422.2,0.000000,,,,,,,,
268100,1422.7,0.000001,,,,,,,,
268200,1423.3,0.000001,,,,,,,,
268300,1423.8,0.000000,,,,,,,,
268400,1424.3,0.000001,,,,,,,,
268500,1424.8,0.000001,,,,,,,,
268600,1425.4,0.000000,,,,,,,,
268700,1425.9,0.000000,,,,,,,,
268800,1426.4,0.000000,,,,,,,,
268900,1426.9,0.000000,,,,,,,,
269000,1427.5,0.000000,,,,,,,,
269100,1428.0,0.000000,,,,,,,,
269200,1428.5,0.000000,,,,,,,,
269300,1429.0,0.000000,,,,,,,,
269400,1429.5,0.000000,,,,,,,,
269500,1430.1,0.000000,,,,,,,,
269600,1430.6,0.000000,,,,,,,,
269700,1431.1,0.000000,,,,,,,,
269800,1431.6,0.000000,,,,,,,,
269900,1432.1,0.000000,,,,,,,,
270000,1433.9,0.000000,0.000000,4.455776e-02,2.062405e-03,1.624017e-03,0.000000,3.794218e-02,2.023250e-03,1.613294e-03
270100,1434.1,0.000001,,,,,,,,
270200,1434.4,0.000000,,,,,,,,
270300,1434.9,0.000000,,,,,,,,
270400,1435.4,0.000000,,,,,,,,
270500,1435.9,0.000000,,,,,,,,
270600,1436.4,0.000000,,,,,,,,
270700,1436.9,0.000000,,,,,,,,
270800,1437.4,0.000001,,,,,,,,
270900,1438.0,0.000000,,,,,,,,
271000,1438.5,0.000000,,,,,,,,
271100,1439.0,0.000000,,,,,,,,
271200,1439.5,0.000000,,,,,,,,
271300,1440.0,0.000000,,,,,,,,
271400,1440.5,0.000000,,,,,,,,
271500,1441.0,0.000000,,,,,,,,
271600,1441.5,0.000001,,,,,,,,
271700,1442.1,0.000000,,,,,,,,
271800,1442.6,0.000000,,,,,,,,
271900,1443.1,0.000000,,,,,,,,
272000,1443.6,0.000000,,,,,,,,
272100,1444.1,0.000000,,,,,,,,
272200,1444.7,0.000000,,,,,,,,
272300,1445.2,0.000000,,,,,,,,
272400,1445.7,0.000000,,,,,,,,
272500,1446.2,0.000001,,,,,,,,
272600,1446.7,0.000000,,,,,,,,
272700,1447.2,0.000000,,,,,,,,
272800,1447.8,0.000000,,,,,,,,
272900,1448.3,0.000001,,,,,,,,
273000,1448.8,0.000000,,,,,,,,
273100,1449.3,0.000000,,,,,,,,
273200,1449.8,0.000000,,,,,,,,
273300,1450.4,0.000000,,,,,,,,
273400,1450.9,0.000000,,,,,,,,
273500,1451.4,0.000000,,,,,,,,
273600,1451.9,0.000000,,,,,,,,
273700,1452.5,0.000000,,,,,,,,
273800,1453.0,0.000000,,,,,,,,
273900,1453.5,0.000000,,,,,,,,
274000,1454.0,0.000000,,,,,,,,
274100,1454.5,0.000000,,,,,,,,
274200,1455.1,0.000000,,,,,,,,
274300,1455.5,0.000001,,,,,,,,
274400,1456.1,0.000000,,,,,,,,
274500,1456.6,0.000000,,,,,,,,
274600,1457.1,0.000000,,,,,,,,
274700,1457.6,0.000000,,,,,,,,
274800,1458.1,0.000000,,,,,,,,
274900,1458.7,0.000000,,,,,,,,
275000,1460.3,0.000000,0.000001,7.916397e-02,3.828086e-03,3.171106e-03,0.000000,5.519671e-02,3.627176e-03,3.037396e-03
275100,1460.6,0.000000,,,,,,,,
275200,1460.9,0.000001,,,,,,,,
275300,1461.4,0.000000,,,,,,,,
275400,1461.9,0.000000,,,,,,,,
275500,1462.4,0.000000,,,,,,,,
275600,1462.9,0.000000,,,,,,,,
275700,1463.5,0.000000,,,,,,,,
275800,1464.0,0.000000,,,,,,,,
275900,1464.5,0.000000,,,,,,,,
276000,1465.0,0.000000,,,,,,,,
276100,1465.5,0.000000,,,,,,,,
276200,1466.0,0.000000,,,,,,,,
276300,1466.6,0.000000,,,,,,,,
276400,1467.1,0.000000,,,,,,,,
276500,1467.5,0.000000,,,,,,,,
276600,1468.0,0.000000,,,,,,,,
276700,1468.4,0.000000,,,,,,,,
276800,1468.9,0.000000,,,,,,,,
276900,1469.4,0.000000,,,,,,,,
277000,1469.9,0.000000,,,,,,,,
277100,1470.5,0.000001,,,,,,,,
277200,1471.0,0.000000,,,,,,,,
277300,1471.5,0.000001,,,,,,,,
277400,1472.0,0.000000,,,,,,,,
277500,1472.5,0.000000,,,,,,,,
277600,1473.1,0.000000,,,,,,,,
277700,1473.6,0.000000,,,,,,,,
277800,1474.1,0.000000,,,,,,,,
277900,1474.6,0.000000,,,,,,,,
278000,1475.2,0.000000,,,,,,,,
278100,1475.7,0.000001,,,,,,,,
278200,1476.2,0.000000,,,,,,,,
278300,1476.8,0.000001,,,,,,,,
278400,1477.3,0.000000,,,,,,,,
278500,1477.8,0.000000,,,,,,,,
278600,1478.3,0.000000,,,,,,,,
278700,1478.8,0.000001,,,,,,,,
278800,1479.3,0.000000,,,,,,,,
278900,1479.9,0.000000,,,,,,,,
279000,1480.4,0.000000,,,,,,,,
279100,1480.9,0.000000,,,,,,,,
279200,1481.4,0.000000,,,,,,,,
279300,1482.0,0.000000,,,,,,,,
279400,1482.5,0.000000,,,,,,,,
279500,1483.0,0.000000,,,,,,,,
279600,1483.5,0.000000,,,,,,,,
279700,1484.1,0.000000,,,,,,,,
279800,1484.6,0.000000,,,,,,,,
279900,1485.1,0.000000,,,,,,,,
280000,1486.9,0.000000,0.000000,4.465355e-02,3.007014e-03,2.308377e-03,0.000000,3.889884e-02,3.037335e-03,2.368750e-03
280100,1487.1,0.000005,,,,,,,,
280200,1487.5,0.000000,,,,,,,,
280300,1487.9,0.000001,,,,,,,,
280400,1488.4,0.000000,,,,,,,,
280500,1488.9,0.000000,,,,,,,,
280600,1489.4,0.000001,,,,,,,,
280700,1489.9,0.000000,,,,,,,,
280800,1490.4,0.000000,,,,,,,,
280900,1490.9,0.000000,,,,,,,,
281000,1491.4,0.000000,,,,,,,,
281100,1491.9,0.000000,,,,,,,,
281200,1492.5,0.000000,,,,,,,,
281300,1493.0,0.000000,,,,,,,,
281400,1493.5,0.000000,,,,,,,,
281500,1494.0,0.000000,,,,,,,,
281600,1494.5,0.000001,,,,,,,,
281700,1495.1,0.000000,,,,,,,,
281800,1495.6,0.000000,,,,,,,,
281900,1496.2,0.000000,,,,,,,,
282000,1496.7,0.000000,,,,,,,,
282100,1497.2,0.000000,,,,,,,,
282200,1497.7,0.000000,,,,,,,,
282300,1498.2,0.000000,,,,,,,,
282400,1498.7,0.000000,,,,,,,,
282500,1499.2,0.000000,,,,,,,,
282600,1499.7,0.000001,,,,,,,,
282700,1500.3,0.000000,,,,,,,,
282800,1500.8,0.000000,,,,,,,,
282900,1501.3,0.000000,,,,,,,,
283000,1501.8,0.000000,,,,,,,,
283100,1502.4,0.000000,,,,,,,,
283200,1502.9,0.000000,,,,,,,,
283300,1503.4,0.000001,,,,,,,,
283400,1503.9,0.000000,,,,,,,,
283500,1504.4,0.000000,,,,,,,,
283600,1504.9,0.000001,,,,,,,,
283700,1505.4,0.000000,,,,,,,,
283800,1505.9,0.000000,,,,,,,,
283900,1506.5,0.000000,,,,,,,,
284000,1507.0,0.000000,,,,,,,,
284100,1507.5,0.000001,,,,,,,,
284200,1508.0,0.000000,,,,,,,,
284300,1508.5,0.000000,,,,,,,,
284400,1509.1,0.000000,,,,,,,,
284500,1509.6,0.000000,,,,,,,,
284600,1510.1,0.000000,,,,,,,,
284700,1510.7,0.000000,,,,,,,,
284800,1511.2,0.000001,,,,,,,,
284900,1511.7,0.000000,,,,,,,,
285000,1513.4,0.000000,0.000000,6.184263e-02,2.152238e-03,1.661796e-03,0.000000,4.819656e-02,2.111414e-03,1.649388e-03
285100,1513.7,0.000000,,,,,,,,
285200,1514.0,0.000000,,,,,,,,
285300,1514.4,0.000000,,,,,,,,
285400,1514.9,0.000000,,,,,,,,
285500,1515.4,0.000000,,,,,,,,
285600,1515.9,0.000001,,,,,,,,
285700,1516.5,0.000000,,,,,,,,
285800,1517.0,0.000000,,,,,,,,
285900,1517.5,0.000000,,,,,,,,
286000,1518.0,0.000001,,,,,,,,
286100,1518.6,0.000000,,,,,,,,
286200,1519.1,0.000000,,,,,,,,
286300,1519.6,0.000000,,,,,,,,
286400,1520.2,0.000000,,,,,,,,
286500,1520.7,0.000000,,,,,,,,
286600,1521.2,0.000000,,,,,,,,
286700,1521.7,0.000000,,,,,,,,
286800,1522.2,0.000000,,,,,,,,
286900,1522.7,0.000000,,,,,,,,
287000,1523.2,0.000000,,,,,,,,
287100,1523.8,0.000001,,,,,,,,
287200,1524.3,0.000001,,,,,,,,
287300,1524.8,0.000001,,,,,,,,
287400,1525.3,0.000000,,,,,,,,
287500,1525.9,0.000000,,,,,,,,
287600,1526.4,0.000000,,,,,,,,
287700,1526.9,0.000000,,,,,,,,
287800,1527.4,0.000000,,,,,,,,
287900,1527.9,0.000000,,,,,,,,
288000,1528.5,0.000000,,,,,,,,
288100,1529.0,0.000000,,,,,,,,
288200,1529.5,0.000000,,,,,,,,
288300,1530.0,0.000000,,,,,,,,
288400,1530.6,0.000000,,,,,,,,
288500,1531.1,0.000000,,,,,,,,
288600,1531.6,0.000000,,,,,,,,
288700,1532.1,0.000000,,,,,,,,
288800,1532.6,0.000000,,,,,,,,
288900,1533.2,0.000000,,,,,,,,
289000,1533.6,0.000000,,,,,,,,
289100,1534.2,0.000000,,,,,,,,
289200,1534.7,0.000000,,,,,,,,
289300,1535.2,0.000000,,,,,,,,
289400,1535.7,0.000000,,,,,,,,
289500,1536.2,0.000000,,,,,,,,
289600,1536.8,0.000001,,,,,,,,
289700,1537.3,0.000000,,,,,,,,
289800,1537.8,0.000000,,,,,,,,
289900,1538.3,0.000000,,,,,,,,
290000,1540.1,0.000000,0.000000,6.254257e-02,2.227092e-03,1.919842e-03,0.000000,4.329515e-02,2.123158e-03,1.863550e-03
290100,1540.3,0.000000,,,,,,,,
290200,1540.6,0.000001,,,,,,,,
290300,1540.9,0.000000,,,,,,,,
290400,1541.4,0.000000,,,,,,,,
290500,1541.9,0.000000,,,,,,,,
290600,1542.4,0.000000,,,,,,,,
290700,1542.9,0.000000,,,,,,,,
290800,1543.5,0.000000,,,,,,,,
290900,1544.0,0.000000,,,,,,,,
291000,1544.5,0.000000,,,,,,,,
291100,1545.1,0.000000,,,,,,,,
291200,1545.6,0.000001,,,,,,,,
291300,1546.1,0.000001,,,,,,,,
291400,1546.7,0.000000,,,,,,,,
291500,1547.2,0.000000,,,,,,,,
291600,1547.7,0.000000,,,,,,,,
291700,1548.2,0.000000,,,,,,,,
291800,1548.7,0.000000,,,,,,,,
291900,1549.3,0.000000,,,,,,,,
292000,1549.8,0.000000,,,,,,,,
292100,1550.3,0.000000,,,,,,,,
292200,1550.8,0.000001,,,,,,,,
292300,1551.3,0.000000,,,,,,,,
292400,1551.9,0.000001,,,,,,,,
292500,1552.4,0.000000,,,,,,,,
292600,1552.9,0.000000,,,,,,,,
292700,1553.3,0.000000,,,,,,,,
292800,1553.8,0.000000,,,,,,,,
292900,1554.3,0.000000,,,,,,,,
293000,1554.8,0.000000,,,,,,,,
293100,1555.4,0.000000,,,,,,,,
293200,1555.9,0.000000,,,,,,,,
293300,1556.4,0.000000,,,,,,,,
293400,1556.9,0.000000,,,,,,,,
293500,1557.5,0.000000,,,,,,,,
293600,1558.0,0.000001,,,,,,,,
293700,1558.5,0.000000,,,,,,,,
293800,1559.0,0.000000,,,,,,,,
293900,1559.5,0.000000,,,,,,,,
294000,1560.1,0.000000,,,,,,,,
294100,1560.6,0.000000,,,,,,,,
294200,1561.1,0.000000,,,,,,,,
294300,1561.6,0.000000,,,,,,,,
294400,1562.2,0.000000,,,,,,,,
294500,1562.7,0.000000,,,,,,,,
294600,1563.2,0.000000,,,,,,,,
294700,1563.8,0.000000,,,,,,,,
294800,1564.2,0.000000,,,,,,,,
294900,1564.7,0.000000,,,,,,,,
295000,1566.5,0.000000,0.000000,4.607357e-02,2.734411e-03,2.357837e-03,0.000000,3.513548e-02,2.702417e-03,2.336122e-03
295100,1566.7,0.000001,,,,,,,,
295200,1567.0,0.000000,,,,,,,,
295300,1567.5,0.000000,,,,,,,,
295400,1568.0,0.000000,,,,,,,,
295500,1568.5,0.000000,,,,,,,,
295600,1569.1,0.000000,,,,,,,,
295700,1569.6,0.000000,,,,,,,,
295800,1570.1,0.000000,,,,,,,,
295900,1570.6,0.000000,,,,,,,,
296000,1571.1,0.000000,,,,,,,,
296100,1571.7,0.000000,,,,,,,,
296200,1572.2,0.000000,,,,,,,,
296300,1572.7,0.000000,,,,,,,,
296400,1573.2,0.000000,,,,,,,,
296500,1573.8,0.000000,,,,,,,,
296600,1574.3,0.000000,,,,,,,,
296700,1574.8,0.000000,,,,,,,,
296800,1575.4,0.000000,,,,,,,,
296900,1575.9,0.000000,,,,,,,,
297000,1576.4,0.000000,,,,,,,,
297100,1576.9,0.000000,,,,,,,,
297200,1577.5,0.000000,,,,,,,,
297300,1578.0,0.000000,,,,,,,,
297400,1578.5,0.000001,,,,,,,,
297500,1579.0,0.000000,,,,,,,,
297600,1579.5,0.000001,,,,,,,,
297700,1580.1,0.000000,,,,,,,,
297800,1580.6,0.000000,,,,,,,,
297900,1581.1,0.000000,,,,,,,,
298000,1581.6,0.000000,,,,,,,,
298100,1582.1,0.000000,,,,,,,,
298200,1582.7,0.000000,,,,,,,,
298300,1583.2,0.000001,,,,,,,,
298400,1583.7,0.000000,,,,,,,,
298500,1584.2,0.000000,,,,,,,,
298600,1584.8,0.000000,,,,,,,,
298700,1585.3,0.000001,,,,,,,,
298800,1585.8,0.000000,,,,,,,,
298900,1586.3,0.000000,,,,,,,,
299000,1586.9,0.000001,,,,,,,,
299100,1587.4,0.000000,,,,,,,,
299200,1587.9,0.000000,,,,,,,,
299300,1588.5,0.000000,,,,,,,,
299400,1588.9,0.000000,,,,,,,,
299500,1589.4,0.000000,,,,,,,,
299600,1590.0,0.000000,,,,,,,,
299700,1590.5,0.000000,,,,,,,,
299800,1591.0,0.000000,,,,,,,,
299900,1591.5,0.000000,,,,,,,,
300000,1593.2,0.000000,0.000000,5.017847e-02,1.953530e-03,1.604288e-03,0.000000,2.438481e-02,1.909361e-03,1.597672e-03
300100,1593.5,0.000000,,,,,,,,
300200,1593.8,0.000000,,,,,,,,
300300,1594.2,0.000000,,,,,,,,
300400,1594.7,0.000000,,,,,,,,
300500,1595.2,0.000000,,,,,,,,
300600,1595.8,0.000000,,,,,,,,
300700,1596.3,0.000000,,,,,,,,
300800,1596.8,0.000000,,,,,,,,
300900,1597.4,0.000000,,,,,,,,
301000,1597.9,0.000000,,,,,,,,
301100,1598.4,0.000000,,,,,,,,
301200,1598.9,0.000000,,,,,,,,
301300,1599.4,0.000000,,,,,,,,
301400,1600.0,0.000000,,,,,,,,
301500,1600.5,0.000001,,,,,,,,
301600,1601.0,0.000000,,,,,,,,
301700,1601.5,0.000000,,,,,,,,
301800,1602.1,0.000000,,,,,,,,
301900,1602.6,0.000000,,,,,,,,
302000,1603.0,0.000000,,,,,,,,
302100,1603.5,0.000000,,,,,,,,
302200,1604.1,0.000001,,,,,,,,
302300,1604.6,0.000000,,,,,,,,
302400,1605.1,0.000000,,,,,,,,
302500,1605.6,0.000001,,,,,,,,
302600,1606.2,0.000000,,,,,,,,
302700,1606.7,0.000000,,,,,,,,
302800,1607.2,0.000000,,,,,,,,
302900,1607.7,0.000000,,,,,,,,
303000,1608.3,0.000000,,,,,,,,
303100,1608.8,0.000000,,,,,,,,
303200,1609.3,0.000000,,,,,,,,
303300,1609.8,0.000000,,,,,,,,
303400,1610.3,0.000000,,,,,,,,
303500,1610.9,0.000000,,,,,,,,
303600,1611.4,0.000000,,,,,,,,
303700,1611.9,0.000000,,,,,,,,
303800,1612.4,0.000000,,,,,,,,
303900,1612.9,0.000000,,,,,,,,
304000,1613.4,0.000000,,,,,,,,
304100,1613.9,0.000000,,,,,,,,
304200,1614.4,0.000001,,,,,,,,
304300,1615.0,0.000000,,,,,,,,
304400,1615.5,0.000000,,,,,,,,
304500,1616.0,0.000000,,,,,,,,
304600,1616.5,0.000001,,,,,,,,
304700,1617.0,0.000000,,,,,,,,
304800,1617.6,0.000000,,,,,,,,
304900,1618.1,0.000000,,,,,,,,
305000,1619.8,0.000000,0.000000,3.999204e-02,2.201824e-03,1.891928e-03,0.000000,2.578008e-02,2.091902e-03,1.833605e-03
305100,1620.0,0.000000,,,,,,,,
305200,1620.3,0.000000,,,,,,,,
305300,1620.7,0.000000,,,,,,,,
305400,1621.2,0.000000,,,,,,,,
305500,1621.7,0.000000,,,,,,,,
305600,1622.3,0.000000,,,,,,,,
305700,1622.8,0.000000,,,,,,,,
305800,1623.3,0.000000,,,,,,,,
305900,1623.8,0.000000,,,,,,,,
306000,1624.3,0.000000,,,,,,,,
306100,1624.8,0.000000,,,,,,,,
306200,1625.3,0.000000,,,,,,,,
306300,1625.9,0.000000,,,,,,,,
306400,1626.4,0.000000,,,,,,,,
306500,1626.9,0.000000,,,,,,,,
306600,1627.4,0.000000,,,,,,,,
306700,1627.9,0.000000,,,,,,,,
306800,1628.5,0.000001,,,,,,,,
306900,1629.0,0.000000,,,,,,,,
307000,1629.6,0.000000,,,,,,,,
307100,1630.1,0.000000,,,,,,,,
307200,1630.6,0.000000,,,,,,,,
307300,1631.1,0.000000,,,,,,,,
307400,1631.6,0.000001,,,,,,,,
307500,1632.1,0.000000,,,,,,,,
307600,1632.6,0.000000,,,,,,,,
307700,1633.1,0.000000,,,,,,,,
307800,1633.7,0.000000,,,,,,,,
307900,1634.2,0.000000,,,,,,,,
308000,1634.7,0.000000,,,,,,,,
308100,1635.2,0.000000,,,,,,,,
308200,1635.7,0.000000,,,,,,,,
308300,1636.2,0.000000,,,,,,,,
308400,1636.8,0.000000,,,,,,,,
308500,1637.3,0.000000,,,,,,,,
308600,1637.8,0.000000,,,,,,,,
308700,1638.3,0.000000,,,,,,,,
308800,1638.9,0.000001,,,,,,,,
308900,1639.4,0.000000,,,,,,,,
309000,1639.9,0.000000,,,,,,,,
309100,1640.4,0.000000,,,,,,,,
309200,1640.9,0.000000,,,,,,,,
309300,1641.5,0.000000,,,,,,,,
309400,1642.0,0.000000,,,,,,,,
309500,1642.5,0.000000,,,,,,,,
309600,1643.0,0.000000,,,,,,,,
309700,1643.6,0.000000,,,,,,,,
309800,1644.1,0.000000,,,,,,,,
309900,1644.6,0.000000,,,,,,,,
310000,1646.3,0.000000,0.000000,4.966969e-02,1.729249e-03,1.409954e-03,0.000000,2.541487e-02,1.694908e-03,1.406361e-03
310100,1646.6,0.000000,,,,,,,,
310200,1646.9,0.000000,,,,,,,,
310300,1647.3,0.000000,,,,,,,,
310400,1647.8,0.000000,,,,,,,,
310500,1648.3,0.000000,,,,,,,,
310600,1648.8,0.000000,,,,,,,,
310700,1649.3,0.000000,,,,,,,,
310800,1649.9,0.000000,,,,,,,,
310900,1650.4,0.000000,,,,,,,,
311000,1650.9,0.000000,,,,,,,,
311100,1651.4,0.000000,,,,,,,,
311200,1652.0,0.000000,,,,,,,,
311300,1652.5,0.000000,,,,,,,,
311400,1653.0,0.000000,,,,,,,,
311500,1653.5,0.000000,,,,,,,,
311600,1654.0,0.000000,,,,,,,,
311700,1654.5,0.000000,,,,,,,,
311800,1655.0,0.000000,,,,,,,,
311900,1655.6,0.000001,,,,,,,,
312000,1656.1,0.000000,,,,,,,,
312100,1656.6,0.000000,,,,,,,,
312200,1657.1,0.000000,,,,,,,,
312300,1657.7,0.000000,,,,,,,,
312400,1658.2,0.000000,,,,,,,,
312500,1658.7,0.000000,,,,,,,,
312600,1659.2,0.000000,,,,,,,,
312700,1659.7,0.000000,,,,,,,,
312800,1660.3,0.000000,,,,,,,,
312900,1660.8,0.000000,,,,,,,,
313000,1661.3,0.000000,,,,,,,,
313100,1661.8,0.000001,,,,,,,,
313200,1662.4,0.000000,,,,,,,,
313300,1662.9,0.000000,,,,,,,,
313400,1663.4,0.000000,,,,,,,,
313500,1663.8,0.000000,,,,,,,,
313600,1664.3,0.000000,,,,,,,,
313700,1664.8,0.000000,,,,,,,,
313800,1665.3,0.000000,,,,,,,,
313900,1665.8,0.000000,,,,,,,,
314000,1666.3,0.000000,,,,,,,,
314100,1666.9,0.000001,,,,,,,,
314200,1667.4,0.000000,,,,,,,,
314300,1667.9,0.000000,,,,,,,,
314400,1668.5,0.000000,,,,,,,,
314500,1669.0,0.000000,,,,,,,,
314600,1669.5,0.000000,,,,,,,,
314700,1670.0,0.000000,,,,,,,,
314800,1670.5,0.000000,,,,,,,,
314900,1671.0,0.000000,,,,,,,,
315000,1672.7,0.000000,0.000000,5.249543e-02,1.830359e-03,1.541564e-03,0.000000,2.123101e-02,1.770125e-03,1.519640e-03
315100,1673.0,0.000000,,,,,,,,
315200,1673.3,0.000000,,,,,,,,
315300,1673.7,0.000000,,,,,,,,
315400,1674.2,0.000000,,,,,,,,
315500,1674.8,0.000000,,,,,,,,
315600,1675.3,0.000000,,,,,,,,
315700,1675.8,0.000000,,,,,,,,
315800,1676.4,0.000000,,,,,,,,
315900,1676.9,0.000000,,,,,,,,
316000,1677.4,0.000000,,,,,,,,
316100,1677.9,0.000000,,,,,,,,
316200,1678.4,0.000000,,,,,,,,
316300,1678.9,0.000000,,,,,,,,
316400,1679.5,0.000000,,,,,,,,
316500,1680.0,0.000000,,,,,,,,
316600,1680.5,0.000000,,,,,,,,
316700,1681.0,0.000000,,,,,,,,
316800,1681.5,0.000000,,,,,,,,
316900,1682.1,0.000000,,,,,,,,
317000,1682.6,0.000000,,,,,,,,
317100,1683.1,0.000000,,,,,,,,
317200,1683.6,0.000000,,,,,,,,
317300,1684.1,0.000000,,,,,,,,
317400,1684.6,0.000000,,,,,,,,
317500,1685.2,0.000000,,,,,,,,
317600,1685.7,0.000000,,,,,,,,
317700,1686.2,0.000000,,,,,,,,
317800,1686.9,0.000000,,,,,,,,
317900,1687.4,0.000001,,,,,,,,
318000,1687.9,0.000000,,,,,,,,
318100,1688.4,0.000000,,,,,,,,
318200,1688.9,0.000000,,,,,,,,
318300,1689.4,0.000000,,,,,,,,
318400,1689.9,0.000000,,,,,,,,
318500,1690.5,0.000000,,,,,,,,
318600,1691.0,0.000000,,,,,,,,
318700,1691.5,0.000000,,,,,,,,
318800,1692.0,0.000000,,,,,,,,
318900,1692.5,0.000000,,,,,,,,
319000,1693.1,0.000000,,,,,,,,
319100,1693.6,0.000000,,,,,,,,
319200,1694.1,0.000000,,,,,,,,
319300,1694.6,0.000000,,,,,,,,
319400,1695.1,0.000000,,,,,,,,
319500,1695.6,0.000000,,,,,,,,
319600,1696.1,0.000000,,,,,,,,
319700,1696.6,0.000000,,,,,,,,
319800,1697.2,0.000000,,,,,,,,
319900,1697.7,0.000000,,,,,,,,
320000,1699.4,0.000000,0.000000,3.662671e-02,2.808758e-03,2.695336e-03,0.000000,3.291632e-02,2.767330e-03,2.669693e-03
320100,1699.6,0.000000,,,,,,,,
320200,1699.9,0.000000,,,,,,,,
320300,1700.3,0.000000,,,,,,,,
320400,1700.7,0.000000,,,,,,,,
320500,1701.3,0.000000,,,,,,,,
320600,1701.8,0.000000,,,,,,,,
320700,1702.3,0.000000,,,,,,,,
320800,1702.8,0.000000,,,,,,,,
320900,1703.3,0.000000,,,,,,,,
321000,1703.8,0.000000,,,,,,,,
321100,1704.3,0.000000,,,,,,,,
321200,1704.9,0.000000,,,,,,,,
321300,1705.4,0.000000,,,,,,,,
321400,1705.9,0.000000,,,,,,,,
321500,1706.4,0.000000,,,,,,,,
321600,1706.9,0.000000,,,,,,,,
321700,1707.5,0.000000,,,,,,,,
321800,1708.0,0.000000,,,,,,,,
321900,1708.5,0.000000,,,,,,,,
322000,1709.0,0.000000,,,,,,,,
322100,1709.5,0.000000,,,,,,,,
322200,1710.0,0.000000,,,,,,,,
322300,1710.5,0.000000,,,,,,,,
322400,1711.0,0.000001,,,,,,,,
322500,1711.6,0.000000,,,,,,,,
322600,1712.1,0.000000,,,,,,,,
322700,1712.6,0.000000,,,,,,,,
322800,1713.3,0.000000,,,,,,,,
322900,1713.8,0.000000,,,,,,,,
323000,1714.3,0.000000,,,,,,,,
323100,1714.8,0.000000,,,,,,,,
323200,1715.3,0.000000,,,,,,,,
323300,1715.9,0.000000,,,,,,,,
323400,1716.4,0.000000,,,,,,,,
323500,1716.9,0.000000,,,,,,,,
323600,1717.4,0.000000,,,,,,,,
323700,1718.0,0.000000,,,,,,,,
323800,1718.5,0.000000,,,,,,,,
323900,1719.0,0.000000,,,,,,,,
324000,1719.5,0.000000,,,,,,,,
324100,1720.1,0.000000,,,,,,,,
324200,1720.6,0.000000,,,,,,,,
324300,1721.1,0.000000,,,,,,,,
324400,1721.6,0.000000,,,,,,,,
324500,1722.2,0.000000,,,,,,,,
324600,1722.7,0.000000,,,,,,,,
324700,1723.2,0.000000,,,,,,,,
324800,1723.7,0.000000,,,,,,,,
324900,1724.3,0.000000,,,,,,,,
325000,1725.9,0.000000,0.000000,2.796354e-02,1.469756e-03,1.122650e-03,0.000000,2.514721e-02,1.410746e-03,1.107075e-03
325100,1726.2,0.000000,,,,,,,,
325200,1726.4,0.000000,,,,,,,,
325300,1726.8,0.000000,,,,,,,,
325400,1727.2,0.000000,,,,,,,,
325500,1727.8,0.000000,,,,,,,,
325600,1728.3,0.000000,,,,,,,,
325700,1728.8,0.000000,,,,,,,,
325800,1729.3,0.000000,,,,,,,,
325900,1729.8,0.000000,,,,,,,,
326000,1730.4,0.000000,,,,,,,,
326100,1730.9,0.000000,,,,,,,,
326200,1731.4,0.000000,,,,,,,,
326300,1731.9,0.000000,,,,,,,,
326400,1732.4,0.000000,,,,,,,,
326500,1732.9,0.000000,,,,,,,,
326600,1733.4,0.000000,,,,,,,,
326700,1733.9,0.000000,,,,,,,,
326800,1734.4,0.000000,,,,,,,,
326900,1734.9,0.000000,,,,,,,,
327000,1735.5,0.000000,,,,,,,,
327100,1736.0,0.000000,,,,,,,,
327200,1736.5,0.000000,,,,,,,,
327300,1737.0,0.000000,,,,,,,,
327400,1737.6,0.000000,,,,,,,,
327500,1738.1,0.000000,,,,,,,,
327600,1738.6,0.000000,,,,,,,,
327700,1739.1,0.000000,,,,,,,,
327800,1739.6,0.000000,,,,,,,,
327900,1740.1,0.000000,,,,,,,,
328000,1740.6,0.000000,,,,,,,,
328100,1741.1,0.000000,,,,,,,,
328200,1741.7,0.000000,,,,,,,,
328300,1742.2,0.000000,,,,,,,,
328400,1742.7,0.000000,,,,,,,,
328500,1743.2,0.000000,,,,,,,,
328600,1743.8,0.000000,,,,,,,,
328700,1744.2,0.000000,,,,,,,,
328800,1744.8,0.000000,,,,,,,,
328900,1745.3,0.000000,,,,,,,,
329000,1745.8,0.000000,,,,,,,,
329100,1746.4,0.000000,,,,,,,,
329200,1746.9,0.000000,,,,,,,,
329300,1747.4,0.000000,,,,,,,,
329400,1747.9,0.000000,,,,,,,,
329500,1748.4,0.000000,,,,,,,,
329600,1748.9,0.000000,,,,,,,,
329700,1749.5,0.000000,,,,,,,,
329800,1750.0,0.000000,,,,,,,,
329900,1750.5,0.000000,,,,,,,,
330000,1752.2,0.000000,0.000000,3.311574e-02,1.440703e-03,1.132765e-03,0.000000,2.674795e-02,1.394339e-03,1.106652e-03
330100,1752.5,0.000000,,,,,,,,
330200,1752.8,0.000000,,,,,,,,
330300,1753.2,0.000000,,,,,,,,
330400,1753.7,0.000000,,,,,,,,
330500,1754.2,0.000000,,,,,,,,
330600,1754.7,0.000000,,,,,,,,
330700,1755.2,0.000000,,,,,,,,
330800,1755.7,0.000000,,,,,,,,
330900,1756.2,0.000000,,,,,,,,
331000,1756.8,0.000000,,,,,,,,
331100,1757.3,0.000000,,,,,,,,
331200,1757.8,0.000000,,,,,,,,
331300,1758.4,0.000001,,,,,,,,
331400,1758.9,0.000000,,,,,,,,
331500,1759.4,0.000000,,,,,,,,
331600,1759.9,0.000000,,,,,,,,
331700,1760.4,0.000000,,,,,,,,
331800,1760.9,0.000000,,,,,,,,
331900,1761.4,0.000000,,,,,,,,
332000,1762.0,0.000000,,,,,,,,
332100,1762.5,0.000000,,,,,,,,
332200,1763.0,0.000000,,,,,,,,
332300,1763.5,0.000000,,,,,,,,
332400,1764.1,0.000000,,,,,,,,
332500,1764.6,0.000000,,,,,,,,
332600,1765.1,0.000000,,,,,,,,
332700,1765.6,0.000000,,,,,,,,
332800,1766.1,0.000000,,,,,,,,
332900,1766.6,0.000000,,,,,,,,
333000,1767.2,0.000000,,,,,,,,
333100,1767.7,0.000000,,,,,,,,
333200,1768.2,0.000000,,,,,,,,
333300,1768.8,0.000001,,,,,,,,
333400,1769.3,0.000000,,,,,,,,
333500,1769.8,0.000000,,,,,,,,
333600,1770.3,0.000000,,,,,,,,
333700,1770.9,0.000000,,,,,,,,
333800,1771.4,0.000000,,,,,,,,
333900,1771.9,0.000000,,,,,,,,
334000,1772.4,0.000000,,,,,,,,
334100,1772.9,0.000000,,,,,,,,
334200,1773.5,0.000000,,,,,,,,
334300,1774.0,0.000000,,,,,,,,
334400,1774.5,0.000000,,,,,,,,
334500,1775.0,0.000000,,,,,,,,
334600,1775.6,0.000000,,,,,,,,
334700,1776.0,0.000000,,,,,,,,
334800,1776.6,0.000000,,,,,,,,
334900,1777.1,0.000000,,,,,,,,
335000,1778.8,0.000000,0.000000,3.064384e-02,1.864033e-03,1.379066e-03,0.000000,2.857993e-02,1.797636e-03,1.350329e-03
335100,1779.0,0.000000,,,,,,,,
335200,1779.3,0.000000,,,,,,,,
335300,1779.7,0.000000,,,,,,,,
335400,1780.1,0.000000,,,,,,,,
335500,1780.7,0.000000,,,,,,,,
335600,1781.2,0.000000,,,,,,,,
335700,1781.7,0.000000,,,,,,,,
335800,1782.3,0.000000,,,,,,,,
335900,1782.8,0.000000,,,,,,,,
336000,1783.4,0.000000,,,,,,,,
336100,1783.9,0.000000,,,,,,,,
336200,1784.4,0.000000,,,,,,,,
336300,1785.0,0.000000,,,,,,,,
336400,1785.5,0.000000,,,,,,,,
336500,1786.0,0.000000,,,,,,,,
336600,1786.5,0.000000,,,,,,,,
336700,1787.1,0.000000,,,,,,,,
336800,1787.6,0.000000,,,,,,,,
336900,1788.1,0.000000,,,,,,,,
337000,1788.6,0.000000,,,,,,,,
337100,1789.1,0.000000,,,,,,,,
337200,1789.6,0.000000,,,,,,,,
337300,1790.1,0.000000,,,,,,,,
337400,1790.6,0.000000,,,,,,,,
337500,1791.2,0.000000,,,,,,,,
337600,1791.7,0.000000,,,,,,,,
337700,1792.2,0.000000,,,,,,,,
337800,1792.7,0.000000,,,,,,,,
337900,1793.2,0.000000,,,,,,,,
338000,1793.7,0.000000,,,,,,,,
338100,1794.2,0.000000,,,,,,,,
338200,1794.7,0.000000,,,,,,,,
338300,1795.3,0.000000,,,,,,,,
338400,1795.8,0.000000,,,,,,,,
338500,1796.3,0.000000,,,,,,,,
338600,1796.8,0.000000,,,,,,,,
338700,1797.4,0.000000,,,,,,,,
338800,1797.9,0.000000,,,,,,,,
338900,1798.4,0.000000,,,,,,,,
339000,1798.9,0.000000,,,,,,,,
339100,1799.4,0.000000,,,,,,,,
339200,1800.0,0.000000,,,,,,,,
339300,1800.4,0.000000,,,,,,,,
339400,1801.0,0.000000,,,,,,,,
339500,1801.5,0.000000,,,,,,,,
339600,1802.0,0.000000,,,,,,,,
339700,1802.5,0.000000,,,,,,,,
339800,1803.0,0.000000,,,,,,,,
339900,1803.5,0.000000,,,,,,,,
340000,1805.2,0.000000,0.000000,7.472653e-02,1.871268e-03,1.526088e-03,0.000000,3.701306e-02,1.827966e-03,1.532978e-03
340100,1805.4,0.000000,,,,,,,,
340200,1805.7,0.000000,,,,,,,,
340300,1806.1,0.000000,,,,,,,,
340400,1806.6,0.000000,,,,,,,,
340500,1807.2,0.000000,,,,,,,,
340600,1807.7,0.000000,,,,,,,,
340700,1808.2,0.000000,,,,,,,,
340800,1808.8,0.000000,,,,,,,,
340900,1809.2,0.000000,,,,,,,,
341000,1809.8,0.000000,,,,,,,,
341100,1810.3,0.000000,,,,,,,,
341200,1810.8,0.000000,,,,,,,,
341300,1811.3,0.000000,,,,,,,,
341400,1811.8,0.000000,,,,,,,,
341500,1812.4,0.000000,,,,,,,,
341600,1812.9,0.000000,,,,,,,,
341700,1813.4,0.000000,,,,,,,,
341800,1813.9,0.000000,,,,,,,,
341900,1814.5,0.000000,,,,,,,,
342000,1814.9,0.000000,,,,,,,,
342100,1815.5,0.000000,,,,,,,,
342200,1816.0,0.000000,,,,,,,,
342300,1816.5,0.000000,,,,,,,,
342400,1817.0,0.000000,,,,,,,,
342500,1817.6,0.000000,,,,,,,,
342600,1818.1,0.000000,,,,,,,,
342700,1818.6,0.000000,,,,,,,,
342800,1819.1,0.000000,,,,,,,,
342900,1819.7,0.000000,,,,,,,,
343000,1820.2,0.000000,,,,,,,,
343100,1820.7,0.000000,,,,,,,,
343200,1821.3,0.000000,,,,,,,,
343300,1821.8,0.000000,,,,,,,,
343400,1822.3,0.000001,,,,,,,,
343500,1822.8,0.000000,,,,,,,,
343600,1823.3,0.000000,,,,,,,,
343700,1823.9,0.000000,,,,,,,,
343800,1824.4,0.000000,,,,,,,,
343900,1824.9,0.000000,,,,,,,,
344000,1825.4,0.000000,,,,,,,,
344100,1825.9,0.000000,,,,,,,,
344200,1826.4,0.000000,,,,,,,,
344300,1826.9,0.000000,,,,,,,,
344400,1827.5,0.000000,,,,,,,,
344500,1828.0,0.000000,,,,,,,,
344600,1828.5,0.000000,,,,,,,,
344700,1829.0,0.000000,,,,,,,,
344800,1829.5,0.000000,,,,,,,,
344900,1830.0,0.000000,,,,,,,,
345000,1831.8,0.000000,0.000000,7.188529e-02,1.488936e-03,1.088884e-03,0.000000,2.565081e-02,1.413636e-03,1.065840e-03
345100,1832.0,0.000000,,,,,,,,
345200,1832.4,0.000000,,,,,,,,
345300,1832.8,0.000000,,,,,,,,
345400,1833.3,0.000000,,,,,,,,
345500,1833.9,0.000000,,,,,,,,
345600,1834.4,0.000000,,,,,,,,
345700,1834.9,0.000000,,,,,,,,
345800,1835.4,0.000000,,,,,,,,
345900,1835.9,0.000000,,,,,,,,
346000,1836.5,0.000000,,,,,,,,
346100,1837.0,0.000000,,,,,,,,
346200,1837.5,0.000000,,,,,,,,
346300,1838.0,0.000000,,,,,,,,
346400,1838.6,0.000000,,,,,,,,
346500,1839.1,0.000000,,,,,,,,
346600,1839.6,0.000000,,,,,,,,
346700,1840.1,0.000000,,,,,,,,
346800,1840.6,0.000000,,,,,,,,
346900,1841.2,0.000000,,,,,,,,
347000,1841.7,0.000000,,,,,,,,
347100,1842.2,0.000000,,,,,,,,
347200,1842.7,0.000000,,,,,,,,
347300,1843.3,0.000000,,,,,,,,
347400,1843.8,0.000000,,,,,,,,
347500,1844.3,0.000000,,,,,,,,
347600,1844.8,0.000000,,,,,,,,
347700,1845.4,0.000000,,,,,,,,
347800,1845.9,0.000000,,,,,,,,
347900,1846.4,0.000000,,,,,,,,
348000,1846.9,0.000000,,,,,,,,
348100,1847.4,0.000000,,,,,,,,
348200,1847.9,0.000000,,,,,,,,
348300,1848.5,0.000000,,,,,,,,
348400,1849.0,0.000000,,,,,,,,
348500,1849.5,0.000000,,,,,,,,
348600,1850.0,0.000000,,,,,,,,
348700,1850.5,0.000000,,,,,,,,
348800,1851.0,0.000000,,,,,,,,
348900,1851.5,0.000000,,,,,,,,
349000,1852.1,0.000000,,,,,,,,
349100,1852.6,0.000000,,,,,,,,
349200,1853.1,0.000000,,,,,,,,
349300,1853.6,0.000000,,,,,,,,
349400,1854.1,0.000000,,,,,,,,
349500,1854.6,0.000000,,,,,,,,
349600,1855.2,0.000000,,,,,,,,
349700,1855.6,0.000000,,,,,,,,
349800,1856.2,0.000000,,,,,,,,
349900,1856.7,0.000000,,,,,,,,
350000,1858.5,0.000000,0.000000,4.448647e-02,1.326865e-03,9.842065e-04,0.000000,3.123642e-02,1.265988e-03,9.730828e-04
350100,1858.7,0.000000,,,,,,,,
350200,1859.0,0.000000,,,,,,,,
350300,1859.4,0.000000,,,,,,,,
350400,1859.9,0.000000,,,,,,,,
350500,1860.5,0.000000,,,,,,,,
350600,1861.0,0.000000,,,,,,,,
350700,1861.5,0.000000,,,,,,,,
350800,1862.0,0.000000,,,,,,,,
350900,1862.5,0.000000,,,,,,,,
351000,1863.0,0.000000,,,,,,,,
351100,1863.6,0.000000,,,,,,,,
351200,1864.1,0.000000,,,,,,,,
351300,1864.6,0.000000,,,,,,,,
351400,1865.1,0.000000,,,,,,,,
351500,1865.6,0.000000,,,,,,,,
351600,1866.2,0.000000,,,,,,,,
351700,1866.7,0.000000,,,,,,,,
351800,1867.3,0.000000,,,,,,,,
351900,1867.8,0.000000,,,,,,,,
352000,1868.3,0.000000,,,,,,,,
352100,1868.8,0.000000,,,,,,,,
352200,1869.3,0.000000,,,,,,,,
352300,1869.9,0.000000,,,,,,,,
352400,1870.4,0.000000,,,,,,,,
352500,1871.0,0.000000,,,,,,,,
352600,1871.5,0.000000,,,,,,,,
352700,1872.0,0.000000,,,,,,,,
352800,1872.5,0.000000,,,,,,,,
352900,1873.0,0.000000,,,,,,,,
353000,1873.6,0.000000,,,,,,,,
353100,1874.1,0.000000,,,,,,,,
353200,1874.6,0.000000,,,,,,,,
353300,1875.1,0.000000,,,,,,,,
353400,1875.7,0.000000,,,,,,,,
353500,1876.2,0.000000,,,,,,,,
353600,1876.7,0.000000,,,,,,,,
353700,1877.3,0.000000,,,,,,,,
353800,1877.8,0.000000,,,,,,,,
353900,1878.3,0.000000,,,,,,,,
354000,1878.8,0.000000,,,,,,,,
354100,1879.3,0.000000,,,,,,,,
354200,1879.9,0.000000,,,,,,,,
354300,1880.4,0.000000,,,,,,,,
354400,1880.9,0.000000,,,,,,,,
354500,1881.4,0.000000,,,,,,,,
354600,1882.0,0.000000,,,,,,,,
354700,1882.5,0.000000,,,,,,,,
354800,1883.0,0.000000,,,,,,,,
354900,1883.6,0.000000,,,,,,,,
355000,1885.3,0.000000,0.000000,3.688640e-02,1.307660e-03,1.013727e-03,0.000000,2.070625e-02,1.272616e-03,1.003741e-03
355100,1885.5,0.000000,,,,,,,,
355200,1885.9,0.000000,,,,,,,,
355300,1886.3,0.000000,,,,,,,,
355400,1886.8,0.000000,,,,,,,,
355500,1887.3,0.000000,,,,,,,,
355600,1887.8,0.000000,,,,,,,,
355700,1888.4,0.000000,,,,,,,,
355800,1888.9,0.000001,,,,,,,,
355900,1889.4,0.000000,,,,,,,,
356000,1889.9,0.000000,,,,,,,,
356100,1890.4,0.000000,,,,,,,,
356200,1890.9,0.000000,,,,,,,,
356300,1891.5,0.000000,,,,,,,,
356400,1892.0,0.000000,,,,,,,,
356500,1892.5,0.000000,,,,,,,,
356600,1893.0,0.000000,,,,,,,,
356700,1893.6,0.000000,,,,,,,,
356800,1894.1,0.000000,,,,,,,,
356900,1894.6,0.000000,,,,,,,,
357000,1895.2,0.000000,,,,,,,,
357100,1895.7,0.000000,,,,,,,,
357200,1896.2,0.000000,,,,,,,,
357300,1896.7,0.000000,,,,,,,,
357400,1897.3,0.000000,,,,,,,,
357500,1897.8,0.000000,,,,,,,,
357600,1898.4,0.000000,,,,,,,,
357700,1898.9,0.000000,,,,,,,,
357800,1899.4,0.000000,,,,,,,,
357900,1899.9,0.000000,,,,,,,,
358000,1900.4,0.000000,,,,,,,,
358100,1901.0,0.000000,,,,,,,,
358200,1901.5,0.000000,,,,,,,,
358300,1902.0,0.000000,,,,,,,,
358400,1902.6,0.000000,,,,,,,,
358500,1903.1,0.000000,,,,,,,,
358600,1903.6,0.000000,,,,,,,,
358700,1904.1,0.000000,,,,,,,,
358800,1904.7,0.000000,,,,,,,,
358900,1905.2,0.000000,,,,,,,,
359000,1905.7,0.000000,,,,,,,,
359100,1906.2,0.000000,,,,,,,,
359200,1906.8,0.000000,,,,,,,,
359300,1907.3,0.000000,,,,,,,,
359400,1907.7,0.000000,,,,,,,,
359500,1908.1,0.000000,,,,,,,,
359600,1908.6,0.000000,,,,,,,,
359700,1909.1,0.000000,,,,,,,,
359800,1909.6,0.000000,,,,,,,,
359900,1910.1,0.000000,,,,,,,,
360000,1911.8,0.000000,0.000000,3.600449e-02,1.473657e-03,1.173565e-03,0.000000,2.122633e-02,1.431963e-03,1.162595e-03
360100,1912.1,0.000000,,,,,,,,
360200,1912.4,0.000000,,,,,,,,
360300,1912.8,0.000000,,,,,,,,
360400,1913.3,0.000000,,,,,,,,
360500,1913.8,0.000000,,,,,,,,
360600,1914.4,0.000000,,,,,,,,
360700,1914.9,0.000000,,,,,,,,
360800,1915.4,0.000000,,,,,,,,
360900,1915.9,0.000000,,,,,,,,
361000,1916.5,0.000000,,,,,,,,
361100,1917.0,0.000000,,,,,,,,
361200,1917.5,0.000000,,,,,,,,
361300,1918.0,0.000000,,,,,,,,
361400,1918.6,0.000000,,,,,,,,
361500,1919.1,0.000000,,,,,,,,
361600,1919.6,0.000000,,,,,,,,
361700,1920.1,0.000000,,,,,,,,
361800,1920.6,0.000000,,,,,,,,
361900,1921.1,0.000000,,,,,,,,
362000,1921.7,0.000000,,,,,,,,
362100,1922.2,0.000000,,,,,,,,
362200,1922.7,0.000000,,,,,,,,
362300,1923.3,0.000000,,,,,,,,
362400,1923.8,0.000000,,,,,,,,
362500,1924.3,0.000000,,,,,,,,
362600,1924.8,0.000000,,,,,,,,
362700,1925.3,0.000000,,,,,,,,
362800,1925.8,0.000000,,,,,,,,
362900,1926.4,0.000000,,,,,,,,
363000,1926.9,0.000000,,,,,,,,
363100,1927.4,0.000000,,,,,,,,
363200,1927.9,0.000000,,,,,,,,
363300,1928.5,0.000000,,,,,,,,
363400,1929.0,0.000000,,,,,,,,
363500,1929.5,0.000000,,,,,,,,
363600,1930.1,0.000000,,,,,,,,
363700,1930.6,0.000000,,,,,,,,
363800,1931.1,0.000000,,,,,,,,
363900,1931.6,0.000000,,,,,,,,
364000,1932.2,0.000000,,,,,,,,
364100,1932.7,0.000000,,,,,,,,
364200,1933.2,0.000000,,,,,,,,
364300,1933.7,0.000000,,,,,,,,
364400,1934.2,0.000000,,,,,,,,
364500,1934.8,0.000000,,,,,,,,
364600,1935.3,0.000000,,,,,,,,
364700,1935.8,0.000000,,,,,,,,
364800,1936.3,0.000000,,,,,,,,
364900,1936.8,0.000000,,,,,,,,
365000,1938.5,0.000000,0.000000,3.413977e-02,1.169992e-03,8.566643e-04,0.000000,3.188158e-02,1.123739e-03,8.410712e-04
365100,1938.8,0.000000,,,,,,,,
365200,1939.1,0.000000,,,,,,,,
365300,1939.4,0.000000,,,,,,,,
365400,1939.9,0.000000,,,,,,,,
365500,1940.5,0.000000,,,,,,,,
365600,1941.0,0.000000,,,,,,,,
365700,1941.5,0.000000,,,,,,,,
365800,1942.0,0.000000,,,,,,,,
365900,1942.5,0.000000,,,,,,,,
366000,1943.0,0.000000,,,,,,,,
366100,1943.6,0.000000,,,,,,,,
366200,1944.1,0.000000,,,,,,,,
366300,1944.6,0.000000,,,,,,,,
366400,1945.1,0.000000,,,,,,,,
366500,1945.6,0.000000,,,,,,,,
366600,1946.2,0.000000,,,,,,,,
366700,1946.7,0.000000,,,,,,,,
366800,1947.2,0.000000,,,,,,,,
366900,1947.7,0.000000,,,,,,,,
367000,1948.2,0.000000,,,,,,,,
367100,1948.8,0.000000,,,,,,,,
367200,1949.3,0.000000,,,,,,,,
367300,1949.8,0.000000,,,,,,,,
367400,1950.3,0.000000,,,,,,,,
367500,1950.8,0.000000,,,,,,,,
367600,1951.3,0.000000,,,,,,,,
367700,1951.9,0.000000,,,,,,,,
367800,1952.4,0.000000,,,,,,,,
367900,1952.9,0.000000,,,,,,,,
368000,1953.5,0.000000,,,,,,,,
368100,1954.0,0.000000,,,,,,,,
368200,1954.5,0.000000,,,,,,,,
368300,1955.0,0.000000,,,,,,,,
368400,1955.6,0.000000,,,,,,,,
368500,1956.1,0.000000,,,,,,,,
368600,1956.6,0.000000,,,,,,,,
368700,1957.1,0.000000,,,,,,,,
368800,1957.7,0.000000,,,,,,,,
368900,1958.2,0.000000,,,,,,,,
369000,1958.7,0.000000,,,,,,,,
369100,1959.3,0.000000,,,,,,,,
369200,1959.8,0.000000,,,,,,,,
369300,1960.3,0.000000,,,,,,,,
369400,1960.9,0.000000,,,,,,,,
369500,1961.4,0.000000,,,,,,,,
369600,1961.9,0.000000,,,,,,,,
369700,1962.4,0.000000,,,,,,,,
369800,1963.0,0.000000,,,,,,,,
369900,1963.5,0.000000,,,,,,,,
370000,1965.2,0.000000,0.000000,3.000850e-02,1.415292e-03,1.136271e-03,0.000000,2.133370e-02,1.371636e-03,1.123150e-03
370100,1965.5,0.000000,,,,,,,,
370200,1965.8,0.000000,,,,,,,,
370300,1966.2,0.000000,,,,,,,,
370400,1966.8,0.000000,,,,,,,,
370500,1967.3,0.000000,,,,,,,,
370600,1967.8,0.000000,,,,,,,,
370700,1968.4,0.000000,,,,,,,,
370800,1968.8,0.000000,,,,,,,,
370900,1969.1,0.000000,,,,,,,,
371000,1969.6,0.000000,,,,,,,,
371100,1970.2,0.000000,,,,,,,,
371200,1970.6,0.000000,,,,,,,,
371300,1971.2,0.000000,,,,,,,,
371400,1971.7,0.000000,,,,,,,,
371500,1972.2,0.000000,,,,,,,,
371600,1972.8,0.000000,,,,,,,,
371700,1973.3,0.000000,,,,,,,,
371800,1973.8,0.000000,,,,,,,,
371900,1974.4,0.000000,,,,,,,,
372000,1974.9,0.000000,,,,,,,,
372100,1975.4,0.000000,,,,,,,,
372200,1975.9,0.000000,,,,,,,,
372300,1976.5,0.000000,,,,,,,,
372400,1976.9,0.000000,,,,,,,,
372500,1977.4,0.000000,,,,,,,,
372600,1978.0,0.000000,,,,,,,,
372700,1978.5,0.000000,,,,,,,,
372800,1979.0,0.000000,,,,,,,,
372900,1979.5,0.000000,,,,,,,,
373000,1980.0,0.000000,,,,,,,,
373100,1980.5,0.000000,,,,,,,,
373200,1981.0,0.000000,,,,,,,,
373300,1981.6,0.000000,,,,,,,,
373400,1982.1,0.000000,,,,,,,,
373500,1982.6,0.000000,,,,,,,,
373600,1983.1,0.000000,,,,,,,,
373700,1983.7,0.000000,,,,,,,,
373800,1984.2,0.000000,,,,,,,,
373900,1984.6,0.000000,,,,,,,,
374000,1985.1,0.000000,,,,,,,,
374100,1985.7,0.000000,,,,,,,,
374200,1986.2,0.000000,,,,,,,,
374300,1986.7,0.000000,,,,,,,,
374400,1987.2,0.000000,,,,,,,,
374500,1987.8,0.000000,,,,,,,,
374600,1988.3,0.000000,,,,,,,,
374700,1988.8,0.000000,,,,,,,,
374800,1989.3,0.000000,,,,,,,,
374900,1989.9,0.000000,,,,,,,,
375000,1991.6,0.000000,0.000000,2.893555e-02,1.196383e-03,9.010191e-04,0.000000,2.539850e-02,1.150425e-03,8.881435e-04
375100,1991.8,0.000000,,,,,,,,
375200,1992.1,0.000000,,,,,,,,
375300,1992.4,0.000001,,,,,,,,
375400,1992.9,0.000000,,,,,,,,
375500,1993.4,0.000000,,,,,,,,
375600,1993.9,0.000000,,,,,,,,
375700,1994.4,0.000000,,,,,,,,
375800,1995.0,0.000000,,,,,,,,
375900,1995.5,0.000000,,,,,,,,
376000,1996.0,0.000000,,,,,,,,
376100,1996.4,0.000000,,,,,,,,
376200,1997.0,0.000000,,,,,,,,
376300,1997.5,0.000000,,,,,,,,
376400,1998.0,0.000000,,,,,,,,
376500,1998.6,0.000000,,,,,,,,
376600,1999.1,0.000000,,,,,,,,
376700,1999.6,0.000000,,,,,,,,
376800,2000.1,0.000000,,,,,,,,
376900,2000.6,0.000000,,,,,,,,
377000,2001.1,0.000000,,,,,,,,
377100,2001.6,0.000000,,,,,,,,
377200,2002.2,0.000000,,,,,,,,
377300,2002.7,0.000000,,,,,,,,
377400,2003.2,0.000000,,,,,,,,
377500,2003.7,0.000000,,,,,,,,
377600,2004.3,0.000000,,,,,,,,
377700,2004.8,0.000000,,,,,,,,
377800,2005.3,0.000000,,,,,,,,
377900,2005.9,0.000000,,,,,,,,
378000,2006.4,0.000000,,,,,,,,
378100,2006.9,0.000000,,,,,,,,
378200,2007.4,0.000000,,,,,,,,
378300,2008.0,0.000000,,,,,,,,
378400,2008.5,0.000000,,,,,,,,
378500,2009.0,0.000000,,,,,,,,
378600,2009.5,0.000000,,,,,,,,
378700,2010.1,0.000000,,,,,,,,
378800,2010.6,0.000000,,,,,,,,
378900,2011.1,0.000000,,,,,,,,
379000,2011.6,0.000000,,,,,,,,
379100,2012.1,0.000000,,,,,,,,
379200,2012.7,0.000000,,,,,,,,
379300,2013.2,0.000000,,,,,,,,
379400,2013.7,0.000000,,,,,,,,
379500,2014.2,0.000000,,,,,,,,
379600,2014.8,0.000000,,,,,,,,
379700,2015.3,0.000000,,,,,,,,
379800,2015.8,0.000000,,,,,,,,
379900,2016.3,0.000000,,,,,,,,
380000,2018.0,0.000000,0.000000,3.245611e-02,1.160931e-03,8.570604e-04,0.000000,2.031610e-02,1.117966e-03,8.430425e-04
380100,2018.3,0.000000,,,,,,,,
380200,2018.6,0.000000,,,,,,,,
380300,2018.9,0.000000,,,,,,,,
380400,2019.5,0.000000,,,,,,,,
380500,2020.0,0.000000,,,,,,,,
380600,2020.5,0.000000,,,,,,,,
380700,2021.0,0.000000,,,,,,,,
380800,2021.6,0.000000,,,,,,,,
380900,2022.1,0.000000,,,,,,,,
381000,2022.7,0.000000,,,,,,,,
381100,2023.2,0.000000,,,,,,,,
381200,2023.7,0.000000,,,,,,,,
381300,2024.2,0.000000,,,,,,,,
381400,2024.7,0.000000,,,,,,,,
381500,2025.3,0.000000,,,,,,,,
381600,2025.8,0.000000,,,,,,,,
381700,2026.3,0.000000,,,,,,,,
381800,2026.8,0.000000,,,,,,,,
381900,2027.3,0.000000,,,,,,,,
382000,2027.8,0.000000,,,,,,,,
382100,2028.3,0.000000,,,,,,,,
382200,2028.9,0.000000,,,,,,,,
382300,2029.4,0.000000,,,,,,,,
382400,2029.8,0.000000,,,,,,,,
382500,2030.1,0.000000,,,,,,,,
382600,2030.7,0.000000,,,,,,,,
382700,2031.2,0.000000,,,,,,,,
382800,2031.7,0.000000,,,,,,,,
382900,2032.2,0.000000,,,,,,,,
383000,2032.7,0.000000,,,,,,,,
383100,2033.2,0.000000,,,,,,,,
383200,2033.7,0.000000,,,,,,,,
383300,2034.2,0.000000,,,,,,,,
383400,2034.8,0.000000,,,,,,,,
383500,2035.3,0.000000,,,,,,,,
383600,2035.8,0.000000,,,,,,,,
383700,2036.4,0.000000,,,,,,,,
383800,2036.9,0.000000,,,,,,,,
383900,2037.4,0.000000,,,,,,,,
384000,2038.0,0.000000,,,,,,,,
384100,2038.5,0.000000,,,,,,,,
384200,2039.0,0.000000,,,,,,,,
384300,2039.5,0.000000,,,,,,,,
384400,2040.1,0.000000,,,,,,,,
384500,2040.6,0.000000,,,,,,,,
384600,2041.1,0.000000,,,,,,,,
384700,2041.6,0.000000,,,,,,,,
384800,2042.2,0.000000,,,,,,,,
384900,2042.7,0.000000,,,,,,,,
385000,2044.4,0.000000,0.000000,3.554911e-02,1.123490e-03,8.163880e-04,0.000000,2.180744e-02,1.072583e-03,7.960326e-04
385100,2044.6,0.000000,,,,,,,,
385200,2045.0,0.000000,,,,,,,,
385300,2045.4,0.000000,,,,,,,,
385400,2046.0,0.000000,,,,,,,,
385500,2046.5,0.000000,,,,,,,,
385600,2047.0,0.000000,,,,,,,,
385700,2047.6,0.000000,,,,,,,,
385800,2048.1,0.000000,,,,,,,,
385900,2048.6,0.000000,,,,,,,,
386000,2049.1,0.000000,,,,,,,,
386100,2049.6,0.000000,,,,,,,,
386200,2050.1,0.000000,,,,,,,,
386300,2050.7,0.000000,,,,,,,,
386400,2051.2,0.000000,,,,,,,,
386500,2051.7,0.000000,,,,,,,,
386600,2052.2,0.000000,,,,,,,,
386700,2052.8,0.000000,,,,,,,,
386800,2053.3,0.000000,,,,,,,,
386900,2053.8,0.000000,,,,,,,,
387000,2054.3,0.000000,,,,,,,,
387100,2054.8,0.000000,,,,,,,,
387200,2055.4,0.000000,,,,,,,,
387300,2055.9,0.000000,,,,,,,,
387400,2056.4,0.000000,,,,,,,,
387500,2056.9,0.000000,,,,,,,,
387600,2057.5,0.000000,,,,,,,,
387700,2058.0,0.000000,,,,,,,,
387800,2058.5,0.000000,,,,,,,,
387900,2059.0,0.000000,,,,,,,,
388000,2059.6,0.000000,,,,,,,,
388100,2060.1,0.000001,,,,,,,,
388200,2060.6,0.000000,,,,,,,,
388300,2061.1,0.000000,,,,,,,,
388400,2061.6,0.000000,,,,,,,,
388500,2062.1,0.000000,,,,,,,,
388600,2062.6,0.000000,,,,,,,,
388700,2063.2,0.000000,,,,,,,,
388800,2063.7,0.000000,,,,,,,,
388900,2064.2,0.000000,,,,,,,,
389000,2064.7,0.000000,,,,,,,,
389100,2065.2,0.000000,,,,,,,,
389200,2065.7,0.000000,,,,,,,,
389300,2066.2,0.000000,,,,,,,,
389400,2066.8,0.000000,,,,,,,,
389500,2067.3,0.000000,,,,,,,,
389600,2067.7,0.000000,,,,,,,,
389700,2068.2,0.000000,,,,,,,,
389800,2068.7,0.000000,,,,,,,,
389900,2069.2,0.000000,,,,,,,,
390000,2070.9,0.000000,0.000000,3.240025e-02,1.094175e-03,7.975878e-04,0.000000,2.121569e-02,1.046627e-03,7.789435e-04
390100,2071.1,0.000000,,,,,,,,
390200,2071.5,0.000000,,,,,,,,
390300,2071.9,0.000000,,,,,,,,
390400,2072.5,0.000000,,,,,,,,
390500,2073.0,0.000000,,,,,,,,
390600,2073.5,0.000000,,,,,,,,
390700,2074.0,0.000000,,,,,,,,
390800,2074.5,0.000000,,,,,,,,
390900,2075.1,0.000000,,,,,,,,
391000,2075.6,0.000000,,,,,,,,
391100,2076.1,0.000000,,,,,,,,
391200,2076.7,0.000000,,,,,,,,
391300,2077.2,0.000000,,,,,,,,
391400,2077.7,0.000000,,,,,,,,
391500,2078.2,0.000000,,,,,,,,
391600,2078.7,0.000000,,,,,,,,
391700,2079.2,0.000000,,,,,,,,
391800,2079.7,0.000000,,,,,,,,
391900,2080.2,0.000000,,,,,,,,
392000,2080.7,0.000000,,,,,,,,
392100,2081.3,0.000000,,,,,,,,
392200,2081.8,0.000000,,,,,,,,
392300,2082.3,0.000000,,,,,,,,
392400,2082.8,0.000000,,,,,,,,
392500,2083.3,0.000000,,,,,,,,
392600,2083.9,0.000000,,,,,,,,
392700,2084.4,0.000000,,,,,,,,
392800,2084.9,0.000000,,,,,,,,
392900,2085.4,0.000000,,,,,,,,
393000,2085.9,0.000000,,,,,,,,
393100,2086.5,0.000000,,,,,,,,
393200,2087.0,0.000000,,,,,,,,
393300,2087.5,0.000000,,,,,,,,
393400,2088.0,0.000000,,,,,,,,
393500,2088.6,0.000000,,,,,,,,
393600,2089.1,0.000000,,,,,,,,
393700,2089.6,0.000000,,,,,,,,
393800,2090.1,0.000000,,,,,,,,
393900,2090.7,0.000000,,,,,,,,
394000,2091.2,0.000000,,,,,,,,
394100,2091.7,0.000000,,,,,,,,
394200,2092.2,0.000000,,,,,,,,
394300,2092.7,0.000000,,,,,,,,
394400,2093.3,0.000000,,,,,,,,
394500,2093.7,0.000000,,,,,,,,
394600,2094.3,0.000000,,,,,,,,
394700,2094.8,0.000000,,,,,,,,
394800,2095.3,0.000000,,,,,,,,
394900,2095.8,0.000000,,,,,,,,
395000,2097.6,0.000000,0.000000,3.382487e-02,1.091615e-03,7.996297e-04,0.000000,2.380491e-02,1.043491e-03,7.818361e-04
395100,2097.8,0.000000,,,,,,,,
395200,2098.1,0.000000,,,,,,,,
395300,2098.5,0.000000,,,,,,,,
395400,2099.0,0.000000,,,,,,,,
395500,2099.5,0.000000,,,,,,,,
395600,2100.0,0.000000,,,,,,,,
395700,2100.5,0.000000,,,,,,,,
395800,2101.1,0.000000,,,,,,,,
395900,2101.6,0.000000,,,,,,,,
396000,2102.1,0.000000,,,,,,,,
396100,2102.6,0.000000,,,,,,,,
396200,2103.1,0.000000,,,,,,,,
396300,2103.7,0.000000,,,,,,,,
396400,2104.2,0.000000,,,,,,,,
396500,2104.6,0.000000,,,,,,,,
396600,2105.1,0.000000,,,,,,,,
396700,2105.6,0.000000,,,,,,,,
396800,2106.1,0.000000,,,,,,,,
396900,2106.7,0.000000,,,,,,,,
397000,2107.2,0.000000,,,,,,,,
397100,2107.7,0.000000,,,,,,,,
397200,2108.3,0.000000,,,,,,,,
397300,2108.8,0.000000,,,,,,,,
397400,2109.3,0.000000,,,,,,,,
397500,2109.8,0.000000,,,,,,,,
397600,2110.3,0.000000,,,,,,,,
397700,2110.9,0.000000,,,,,,,,
397800,2111.4,0.000000,,,,,,,,
397900,2111.9,0.000000,,,,,,,,
398000,2112.4,0.000000,,,,,,,,
398100,2112.9,0.000000,,,,,,,,
398200,2113.5,0.000000,,,,,,,,
398300,2114.0,0.000000,,,,,,,,
398400,2114.5,0.000000,,,,,,,,
398500,2115.0,0.000000,,,,,,,,
398600,2115.5,0.000000,,,,,,,,
398700,2116.0,0.000000,,,,,,,,
398800,2116.5,0.000000,,,,,,,,
398900,2117.1,0.000000,,,,,,,,
399000,2117.6,0.000000,,,,,,,,
399100,2118.1,0.000000,,,,,,,,
399200,2118.7,0.000000,,,,,,,,
399300,2119.2,0.000000,,,,,,,,
399400,2119.7,0.000000,,,,,,,,
399500,2120.2,0.000000,,,,,,,,
399600,2120.7,0.000000,,,,,,,,
399700,2121.2,0.000000,,,,,,,,
399800,2121.8,0.000000,,,,,,,,
399900,2122.3,0.000000,,,,,,,,
400000,2124.0,0.000000,0.000000,3.220808e-02,1.084367e-03,7.944102e-04,0.000000,2.119137e-02,1.037068e-03,7.748332e-04
