step,elapsed_s,train_loss,eval_loss,max_abs_err,mean_abs_err,median_abs_err,frac_under_boyd,max_abs_err_bulk,mean_abs_err_bulk,median_abs_err_bulk
100,0.5,0.170763,,,,,,,,
200,0.8,0.122742,,,,,,,,
300,1.1,0.081573,,,,,,,,
400,1.4,0.088471,,,,,,,,
500,1.6,0.022598,,,,,,,,
600,1.9,0.003180,,,,,,,,
700,2.1,0.001349,,,,,,,,
800,2.4,0.000613,,,,,,,,
900,2.7,0.000545,,,,,,,,
1000,3.0,0.000262,,,,,,,,
1100,3.3,0.000147,,,,,,,,
1200,3.6,0.000143,,,,,,,,
1300,3.9,0.000204,,,,,,,,
1400,4.1,0.000056,,,,,,,,
1500,4.4,0.000091,,,,,,,,
1600,4.7,0.000062,,,,,,,,
1700,5.0,0.000048,,,,,,,,
1800,5.3,0.000110,,,,,,,,
1900,5.6,0.000057,,,,,,,,
2000,5.9,0.000042,,,,,,,,
2100,6.2,0.000040,,,,,,,,
2200,6.5,0.000057,,,,,,,,
2300,6.7,0.000052,,,,,,,,
2400,7.0,0.000029,,,,,,,,
2500,7.3,0.000038,,,,,,,,
2600,7.6,0.000045,,,,,,,,
2700,7.9,0.000031,,,,,,,,
2800,8.1,0.000033,,,,,,,,
2900,8.4,0.000046,,,,,,,,
3000,8.7,0.000026,,,,,,,,
3100,9.0,0.000041,,,,,,,,
3200,9.3,0.000043,,,,,,,,
3300,9.6,0.000031,,,,,,,,
3400,9.9,0.000066,,,,,,,,
3500,10.2,0.000064,,,,,,,,
3600,10.5,0.000033,,,,,,,,
3700,10.7,0.000022,,,,,,,,
3800,11.0,0.000022,,,,,,,,
3900,11.3,0.000038,,,,,,,,
4000,11.6,0.000038,,,,,,,,
4100,11.9,0.000023,,,,,,,,
4200,12.2,0.000031,,,,,,,,
4300,12.5,0.000030,,,,,,,,
4400,12.8,0.000049,,,,,,,,
4500,13.1,0.000019,,,,,,,,
4600,13.4,0.000025,,,,,,,,
4700,13.7,0.000023,,,,,,,,
4800,13.9,0.000022,,,,,,,,
4900,14.2,0.000026,,,,,,,,
5000,15.8,0.000025,0.000039,2.007536e+00,5.061310e-01,4.352596e-01,0.000000,1.914961e+00,4.893660e-01,4.223638e-01
5100,16.0,0.000023,,,,,,,,
5200,16.3,0.000032,,,,,,,,
5300,16.6,0.000032,,,,,,,,
5400,16.8,0.000025,,,,,,,,
5500,17.1,0.000023,,,,,,,,
5600,17.4,0.000043,,,,,,,,
5700,17.7,0.000026,,,,,,,,
5800,18.0,0.000023,,,,,,,,
5900,18.3,0.000023,,,,,,,,
6000,18.6,0.000020,,,,,,,,
6100,18.9,0.000022,,,,,,,,
6200,19.2,0.000024,,,,,,,,
6300,19.4,0.000016,,,,,,,,
6400,19.7,0.000023,,,,,,,,
6500,20.0,0.000023,,,,,,,,
6600,20.3,0.000029,,,,,,,,
6700,20.6,0.000020,,,,,,,,
6800,20.9,0.000017,,,,,,,,
6900,21.1,0.000016,,,,,,,,
7000,21.4,0.000020,,,,,,,,
7100,21.7,0.000027,,,,,,,,
7200,22.0,0.000025,,,,,,,,
7300,22.3,0.000021,,,,,,,,
7400,22.6,0.000020,,,,,,,,
7500,22.9,0.000020,,,,,,,,
7600,23.2,0.000025,,,,,,,,
7700,23.5,0.000017,,,,,,,,
7800,23.8,0.000027,,,,,,,,
7900,24.1,0.000018,,,,,,,,
8000,24.4,0.000016,,,,,,,,
8100,24.7,0.000020,,,,,,,,
8200,25.0,0.000027,,,,,,,,
8300,25.3,0.000020,,,,,,,,
8400,25.6,0.000023,,,,,,,,
8500,25.8,0.000028,,,,,,,,
8600,26.1,0.000024,,,,,,,,
8700,26.4,0.000019,,,,,,,,
8800,26.7,0.000022,,,,,,,,
8900,27.0,0.000028,,,,,,,,
9000,27.3,0.000019,,,,,,,,
9100,27.6,0.000017,,,,,,,,
9200,27.9,0.000019,,,,,,,,
9300,28.2,0.000019,,,,,,,,
9400,28.5,0.000024,,,,,,,,
9500,28.7,0.000016,,,,,,,,
9600,29.0,0.000024,,,,,,,,
9700,29.3,0.000025,,,,,,,,
9800,29.5,0.000023,,,,,,,,
9900,29.8,0.000018,,,,,,,,
10000,31.3,0.000016,0.000018,1.396224e+00,3.345359e-01,2.745354e-01,0.000000,1.317596e+00,3.093551e-01,2.557605e-01
10100,31.5,0.000021,,,,,,,,
10200,31.8,0.000018,,,,,,,,
10300,32.0,0.000025,,,,,,,,
10400,32.3,0.000018,,,,,,,,
10500,32.6,0.000015,,,,,,,,
10600,32.9,0.000018,,,,,,,,
10700,33.1,0.000023,,,,,,,,
10800,33.4,0.000029,,,,,,,,
10900,33.7,0.000020,,,,,,,,
11000,34.0,0.000018,,,,,,,,
11100,34.3,0.000014,,,,,,,,
11200,34.6,0.000017,,,,,,,,
11300,34.9,0.000015,,,,,,,,
11400,35.2,0.000015,,,,,,,,
11500,35.5,0.000018,,,,,,,,
11600,35.8,0.000014,,,,,,,,
11700,36.1,0.000020,,,,,,,,
11800,36.4,0.000013,,,,,,,,
11900,36.7,0.000013,,,,,,,,
12000,37.0,0.000015,,,,,,,,
12100,37.3,0.000014,,,,,,,,
12200,37.5,0.000019,,,,,,,,
12300,37.8,0.000027,,,,,,,,
12400,38.1,0.000013,,,,,,,,
12500,38.4,0.000017,,,,,,,,
12600,38.7,0.000015,,,,,,,,
12700,39.0,0.000013,,,,,,,,
12800,39.3,0.000013,,,,,,,,
12900,39.6,0.000012,,,,,,,,
13000,39.9,0.000013,,,,,,,,
13100,40.2,0.000021,,,,,,,,
13200,40.5,0.000011,,,,,,,,
13300,40.8,0.000011,,,,,,,,
13400,41.1,0.000017,,,,,,,,
13500,41.4,0.000035,,,,,,,,
13600,41.7,0.000021,,,,,,,,
13700,42.0,0.000017,,,,,,,,
13800,42.3,0.000014,,,,,,,,
13900,42.5,0.000014,,,,,,,,
14000,42.8,0.000012,,,,,,,,
14100,43.1,0.000011,,,,,,,,
14200,43.3,0.000011,,,,,,,,
14300,43.6,0.000016,,,,,,,,
14400,43.9,0.000010,,,,,,,,
14500,44.2,0.000014,,,,,,,,
14600,44.5,0.000015,,,,,,,,
14700,44.8,0.000011,,,,,,,,
14800,45.1,0.000013,,,,,,,,
14900,45.4,0.000011,,,,,,,,
15000,46.8,0.000011,0.000011,1.146819e+00,2.558993e-01,2.082512e-01,0.000000,1.051296e+00,2.359779e-01,1.950739e-01
15100,47.0,0.000013,,,,,,,,
15200,47.3,0.000010,,,,,,,,
15300,47.6,0.000014,,,,,,,,
15400,47.9,0.000015,,,,,,,,
15500,48.2,0.000012,,,,,,,,
15600,48.5,0.000017,,,,,,,,
15700,48.8,0.000016,,,,,,,,
15800,49.1,0.000010,,,,,,,,
15900,49.4,0.000014,,,,,,,,
16000,49.7,0.000011,,,,,,,,
16100,50.0,0.000014,,,,,,,,
16200,50.2,0.000009,,,,,,,,
16300,50.5,0.000010,,,,,,,,
16400,50.8,0.000010,,,,,,,,
16500,51.1,0.000010,,,,,,,,
16600,51.4,0.000015,,,,,,,,
16700,51.7,0.000016,,,,,,,,
16800,52.0,0.000012,,,,,,,,
16900,52.3,0.000010,,,,,,,,
17000,52.6,0.000009,,,,,,,,
17100,52.9,0.000017,,,,,,,,
17200,53.2,0.000014,,,,,,,,
17300,53.5,0.000011,,,,,,,,
17400,53.8,0.000012,,,,,,,,
17500,54.0,0.000010,,,,,,,,
17600,54.3,0.000012,,,,,,,,
17700,54.6,0.000010,,,,,,,,
17800,54.9,0.000008,,,,,,,,
17900,55.2,0.000011,,,,,,,,
18000,55.5,0.000011,,,,,,,,
18100,55.8,0.000010,,,,,,,,
18200,56.1,0.000012,,,,,,,,
18300,56.4,0.000010,,,,,,,,
18400,56.6,0.000011,,,,,,,,
18500,56.9,0.000013,,,,,,,,
18600,57.2,0.000013,,,,,,,,
18700,57.5,0.000010,,,,,,,,
18800,57.8,0.000010,,,,,,,,
18900,58.1,0.000014,,,,,,,,
19000,58.4,0.000011,,,,,,,,
19100,58.7,0.000009,,,,,,,,
19200,59.0,0.000015,,,,,,,,
19300,59.3,0.000009,,,,,,,,
19400,59.6,0.000010,,,,,,,,
19500,59.8,0.000010,,,,,,,,
19600,60.1,0.000009,,,,,,,,
19700,60.4,0.000010,,,,,,,,
19800,60.7,0.000014,,,,,,,,
19900,61.0,0.000009,,,,,,,,
20000,62.4,0.000019,0.000011,1.331396e+00,2.628453e-01,2.160564e-01,0.000000,1.200789e+00,2.460471e-01,2.048310e-01
20100,62.6,0.000010,,,,,,,,
20200,62.9,0.000013,,,,,,,,
20300,63.2,0.000012,,,,,,,,
20400,63.5,0.000012,,,,,,,,
20500,63.8,0.000007,,,,,,,,
20600,64.1,0.000010,,,,,,,,
20700,64.4,0.000010,,,,,,,,
20800,64.7,0.000013,,,,,,,,
20900,65.0,0.000008,,,,,,,,
21000,65.3,0.000013,,,,,,,,
21100,65.6,0.000010,,,,,,,,
21200,65.9,0.000011,,,,,,,,
21300,66.2,0.000016,,,,,,,,
21400,66.5,0.000008,,,,,,,,
21500,66.8,0.000009,,,,,,,,
21600,67.0,0.000017,,,,,,,,
21700,67.3,0.000009,,,,,,,,
21800,67.6,0.000013,,,,,,,,
21900,67.9,0.000012,,,,,,,,
22000,68.2,0.000010,,,,,,,,
22100,68.5,0.000012,,,,,,,,
22200,68.8,0.000011,,,,,,,,
22300,69.1,0.000008,,,,,,,,
22400,69.3,0.000012,,,,,,,,
22500,69.6,0.000010,,,,,,,,
22600,69.9,0.000008,,,,,,,,
22700,70.2,0.000009,,,,,,,,
22800,70.5,0.000011,,,,,,,,
22900,70.8,0.000011,,,,,,,,
23000,71.1,0.000008,,,,,,,,
23100,71.4,0.000013,,,,,,,,
23200,71.7,0.000009,,,,,,,,
23300,71.9,0.000011,,,,,,,,
23400,72.2,0.000014,,,,,,,,
23500,72.5,0.000012,,,,,,,,
23600,72.8,0.000014,,,,,,,,
23700,73.1,0.000008,,,,,,,,
23800,73.4,0.000007,,,,,,,,
23900,73.7,0.000010,,,,,,,,
24000,74.0,0.000011,,,,,,,,
24100,74.3,0.000018,,,,,,,,
24200,74.6,0.000009,,,,,,,,
24300,74.9,0.000012,,,,,,,,
24400,75.2,0.000010,,,,,,,,
24500,75.4,0.000009,,,,,,,,
24600,75.7,0.000021,,,,,,,,
24700,76.0,0.000012,,,,,,,,
24800,76.3,0.000009,,,,,,,,
24900,76.6,0.000010,,,,,,,,
25000,78.0,0.000014,0.000008,1.156650e+00,2.202068e-01,1.748720e-01,0.000000,1.019066e+00,2.025529e-01,1.644271e-01
25100,78.2,0.000015,,,,,,,,
25200,78.5,0.000013,,,,,,,,
25300,78.7,0.000016,,,,,,,,
25400,79.0,0.000018,,,,,,,,
25500,79.3,0.000009,,,,,,,,
25600,79.6,0.000009,,,,,,,,
25700,79.9,0.000009,,,,,,,,
25800,80.2,0.000009,,,,,,,,
25900,80.5,0.000009,,,,,,,,
26000,80.8,0.000007,,,,,,,,
26100,81.1,0.000009,,,,,,,,
26200,81.4,0.000008,,,,,,,,
26300,81.7,0.000011,,,,,,,,
26400,82.0,0.000014,,,,,,,,
26500,82.3,0.000011,,,,,,,,
26600,82.5,0.000009,,,,,,,,
26700,82.8,0.000008,,,,,,,,
26800,83.1,0.000011,,,,,,,,
26900,83.4,0.000008,,,,,,,,
27000,83.7,0.000008,,,,,,,,
27100,84.0,0.000009,,,,,,,,
27200,84.3,0.000012,,,,,,,,
27300,84.6,0.000010,,,,,,,,
27400,84.9,0.000008,,,,,,,,
27500,85.2,0.000013,,,,,,,,
27600,85.5,0.000009,,,,,,,,
27700,85.8,0.000011,,,,,,,,
27800,86.0,0.000011,,,,,,,,
27900,86.3,0.000012,,,,,,,,
28000,86.6,0.000010,,,,,,,,
28100,86.9,0.000010,,,,,,,,
28200,87.2,0.000010,,,,,,,,
28300,87.5,0.000013,,,,,,,,
28400,87.8,0.000008,,,,,,,,
28500,88.1,0.000010,,,,,,,,
28600,88.4,0.000008,,,,,,,,
28700,88.7,0.000011,,,,,,,,
28800,89.0,0.000012,,,,,,,,
28900,89.3,0.000007,,,,,,,,
29000,89.6,0.000012,,,,,,,,
29100,89.9,0.000009,,,,,,,,
29200,90.1,0.000009,,,,,,,,
29300,90.4,0.000008,,,,,,,,
29400,90.7,0.000009,,,,,,,,
29500,91.0,0.000009,,,,,,,,
29600,91.3,0.000008,,,,,,,,
29700,91.6,0.000009,,,,,,,,
29800,91.9,0.000014,,,,,,,,
29900,92.2,0.000009,,,,,,,,
30000,93.6,0.000008,0.000014,1.390921e+00,2.916920e-01,2.382915e-01,0.000000,1.390921e+00,2.773068e-01,2.278783e-01
30100,93.9,0.000015,,,,,,,,
30200,94.1,0.000008,,,,,,,,
30300,94.4,0.000010,,,,,,,,
30400,94.7,0.000009,,,,,,,,
30500,95.0,0.000009,,,,,,,,
30600,95.3,0.000009,,,,,,,,
30700,95.6,0.000009,,,,,,,,
30800,95.9,0.000009,,,,,,,,
30900,96.2,0.000009,,,,,,,,
31000,96.5,0.000010,,,,,,,,
31100,96.8,0.000008,,,,,,,,
31200,97.1,0.000013,,,,,,,,
31300,97.3,0.000008,,,,,,,,
31400,97.6,0.000008,,,,,,,,
31500,97.9,0.000010,,,,,,,,
31600,98.2,0.000011,,,,,,,,
31700,98.5,0.000012,,,,,,,,
31800,98.8,0.000007,,,,,,,,
31900,99.1,0.000009,,,,,,,,
32000,99.4,0.000011,,,,,,,,
32100,99.7,0.000009,,,,,,,,
32200,100.0,0.000007,,,,,,,,
32300,100.3,0.000008,,,,,,,,
32400,100.6,0.000007,,,,,,,,
32500,100.9,0.000014,,,,,,,,
32600,101.2,0.000013,,,,,,,,
32700,101.5,0.000008,,,,,,,,
32800,101.8,0.000011,,,,,,,,
32900,102.1,0.000009,,,,,,,,
33000,102.3,0.000012,,,,,,,,
33100,102.6,0.000010,,,,,,,,
33200,102.9,0.000010,,,,,,,,
33300,103.2,0.000009,,,,,,,,
33400,103.5,0.000008,,,,,,,,
33500,103.8,0.000012,,,,,,,,
33600,104.1,0.000008,,,,,,,,
33700,104.4,0.000008,,,,,,,,
33800,104.7,0.000011,,,,,,,,
33900,105.0,0.000008,,,,,,,,
34000,105.2,0.000009,,,,,,,,
34100,105.5,0.000009,,,,,,,,
34200,105.8,0.000012,,,,,,,,
34300,106.1,0.000010,,,,,,,,
34400,106.4,0.000008,,,,,,,,
34500,106.7,0.000011,,,,,,,,
34600,107.0,0.000009,,,,,,,,
34700,107.3,0.000007,,,,,,,,
34800,107.6,0.000011,,,,,,,,
34900,107.9,0.000009,,,,,,,,
35000,109.3,0.000010,0.000009,1.236385e+00,2.295865e-01,1.885298e-01,0.000000,1.109656e+00,2.134112e-01,1.789296e-01
35100,109.5,0.000011,,,,,,,,
35200,109.8,0.000007,,,,,,,,
35300,110.1,0.000009,,,,,,,,
35400,110.4,0.000011,,,,,,,,
35500,110.7,0.000009,,,,,,,,
35600,111.0,0.000010,,,,,,,,
35700,111.3,0.000011,,,,,,,,
35800,111.6,0.000007,,,,,,,,
35900,111.9,0.000009,,,,,,,,
36000,112.2,0.000009,,,,,,,,
36100,112.5,0.000008,,,,,,,,
36200,112.8,0.000012,,,,,,,,
36300,113.1,0.000009,,,,,,,,
36400,113.4,0.000008,,,,,,,,
36500,113.7,0.000008,,,,,,,,
36600,114.0,0.000009,,,,,,,,
36700,114.3,0.000012,,,,,,,,
36800,114.5,0.000007,,,,,,,,
36900,114.8,0.000009,,,,,,,,
37000,115.1,0.000007,,,,,,,,
37100,115.4,0.000009,,,,,,,,
37200,115.7,0.000011,,,,,,,,
37300,116.0,0.000008,,,,,,,,
37400,116.3,0.000011,,,,,,,,
37500,116.6,0.000011,,,,,,,,
37600,116.9,0.000009,,,,,,,,
37700,117.2,0.000009,,,,,,,,
37800,117.5,0.000010,,,,,,,,
37900,117.8,0.000008,,,,,,,,
38000,118.1,0.000010,,,,,,,,
38100,118.4,0.000011,,,,,,,,
38200,118.6,0.000007,,,,,,,,
38300,118.9,0.000007,,,,,,,,
38400,119.2,0.000010,,,,,,,,
38500,119.5,0.000008,,,,,,,,
38600,119.8,0.000007,,,,,,,,
38700,120.1,0.000009,,,,,,,,
38800,120.4,0.000011,,,,,,,,
38900,120.7,0.000010,,,,,,,,
39000,121.0,0.000008,,,,,,,,
39100,121.3,0.000007,,,,,,,,
39200,121.6,0.000009,,,,,,,,
39300,121.9,0.000010,,,,,,,,
39400,122.2,0.000008,,,,,,,,
39500,122.5,0.000012,,,,,,,,
39600,122.7,0.000008,,,,,,,,
39700,123.0,0.000010,,,,,,,,
39800,123.3,0.000011,,,,,,,,
39900,123.6,0.000008,,,,,,,,
40000,125.0,0.000010,0.000012,1.490332e+00,2.751714e-01,2.320245e-01,0.000000,1.290282e+00,2.613482e-01,2.239820e-01
40100,125.2,0.000011,,,,,,,,
40200,125.5,0.000008,,,,,,,,
40300,125.8,0.000009,,,,,,,,
40400,126.1,0.000008,,,,,,,,
40500,126.4,0.000010,,,,,,,,
40600,126.7,0.000008,,,,,,,,
40700,127.0,0.000007,,,,,,,,
40800,127.3,0.000008,,,,,,,,
40900,127.6,0.000011,,,,,,,,
41000,127.9,0.000009,,,,,,,,
41100,128.1,0.000006,,,,,,,,
41200,128.4,0.000008,,,,,,,,
41300,128.7,0.000011,,,,,,,,
41400,129.0,0.000010,,,,,,,,
41500,129.3,0.000007,,,,,,,,
41600,129.6,0.000011,,,,,,,,
41700,129.9,0.000009,,,,,,,,
41800,130.2,0.000007,,,,,,,,
41900,130.5,0.000008,,,,,,,,
42000,130.8,0.000010,,,,,,,,
42100,131.1,0.000009,,,,,,,,
42200,131.4,0.000009,,,,,,,,
42300,131.7,0.000009,,,,,,,,
42400,131.9,0.000012,,,,,,,,
42500,132.2,0.000008,,,,,,,,
42600,132.5,0.000010,,,,,,,,
42700,132.8,0.000008,,,,,,,,
42800,133.1,0.000007,,,,,,,,
42900,133.4,0.000011,,,,,,,,
43000,133.7,0.000010,,,,,,,,
43100,134.0,0.000008,,,,,,,,
43200,134.3,0.000008,,,,,,,,
43300,134.6,0.000007,,,,,,,,
43400,134.9,0.000010,,,,,,,,
43500,135.2,0.000011,,,,,,,,
43600,135.4,0.000007,,,,,,,,
43700,135.7,0.000008,,,,,,,,
43800,136.0,0.000010,,,,,,,,
43900,136.3,0.000008,,,,,,,,
44000,136.6,0.000011,,,,,,,,
44100,136.9,0.000009,,,,,,,,
44200,137.2,0.000008,,,,,,,,
44300,137.5,0.000009,,,,,,,,
44400,137.8,0.000008,,,,,,,,
44500,138.1,0.000008,,,,,,,,
44600,138.4,0.000008,,,,,,,,
44700,138.7,0.000010,,,,,,,,
44800,139.0,0.000009,,,,,,,,
44900,139.3,0.000009,,,,,,,,
45000,140.7,0.000009,0.000008,1.238686e+00,2.232860e-01,1.778944e-01,0.000000,1.114180e+00,2.075789e-01,1.683854e-01
45100,140.9,0.000008,,,,,,,,
45200,141.2,0.000007,,,,,,,,
45300,141.5,0.000008,,,,,,,,
45400,141.8,0.000007,,,,,,,,
45500,142.1,0.000009,,,,,,,,
45600,142.4,0.000008,,,,,,,,
45700,142.7,0.000008,,,,,,,,
45800,143.0,0.000009,,,,,,,,
45900,143.2,0.000010,,,,,,,,
46000,143.5,0.000008,,,,,,,,
46100,143.8,0.000007,,,,,,,,
46200,144.1,0.000013,,,,,,,,
46300,144.4,0.000010,,,,,,,,
46400,144.7,0.000009,,,,,,,,
46500,145.0,0.000009,,,,,,,,
46600,145.3,0.000010,,,,,,,,
46700,145.6,0.000008,,,,,,,,
46800,145.9,0.000010,,,,,,,,
46900,146.2,0.000008,,,,,,,,
47000,146.5,0.000008,,,,,,,,
47100,146.7,0.000006,,,,,,,,
47200,147.0,0.000009,,,,,,,,
47300,147.3,0.000009,,,,,,,,
47400,147.6,0.000009,,,,,,,,
47500,147.9,0.000009,,,,,,,,
47600,148.2,0.000008,,,,,,,,
47700,148.5,0.000007,,,,,,,,
47800,148.8,0.000011,,,,,,,,
47900,149.1,0.000008,,,,,,,,
48000,149.3,0.000008,,,,,,,,
48100,149.6,0.000012,,,,,,,,
48200,149.9,0.000007,,,,,,,,
48300,150.2,0.000006,,,,,,,,
48400,150.5,0.000007,,,,,,,,
48500,150.8,0.000007,,,,,,,,
48600,151.1,0.000010,,,,,,,,
48700,151.4,0.000010,,,,,,,,
48800,151.7,0.000009,,,,,,,,
48900,152.0,0.000009,,,,,,,,
49000,152.3,0.000008,,,,,,,,
49100,152.6,0.000013,,,,,,,,
49200,152.9,0.000008,,,,,,,,
49300,153.1,0.000007,,,,,,,,
49400,153.4,0.000007,,,,,,,,
49500,153.7,0.000008,,,,,,,,
49600,154.0,0.000009,,,,,,,,
49700,154.3,0.000008,,,,,,,,
49800,154.6,0.000010,,,,,,,,
49900,154.9,0.000008,,,,,,,,
50000,156.3,0.000010,0.000008,1.182382e+00,2.126197e-01,1.728934e-01,0.000000,1.050154e+00,1.959540e-01,1.622259e-01
50100,156.5,0.000007,,,,,,,,
50200,156.8,0.000008,,,,,,,,
50300,157.1,0.000008,,,,,,,,
50400,157.4,0.000006,,,,,,,,
50500,157.7,0.000011,,,,,,,,
50600,157.9,0.000007,,,,,,,,
50700,158.2,0.000009,,,,,,,,
50800,158.5,0.000012,,,,,,,,
50900,158.8,0.000009,,,,,,,,
51000,159.1,0.000008,,,,,,,,
51100,159.4,0.000008,,,,,,,,
51200,159.7,0.000010,,,,,,,,
51300,160.0,0.000008,,,,,,,,
51400,160.3,0.000010,,,,,,,,
51500,160.5,0.000006,,,,,,,,
51600,160.8,0.000009,,,,,,,,
51700,161.1,0.000007,,,,,,,,
51800,161.4,0.000008,,,,,,,,
51900,161.7,0.000008,,,,,,,,
52000,162.0,0.000008,,,,,,,,
52100,162.3,0.000011,,,,,,,,
52200,162.6,0.000011,,,,,,,,
52300,162.9,0.000009,,,,,,,,
52400,163.2,0.000009,,,,,,,,
52500,163.4,0.000009,,,,,,,,
52600,163.7,0.000010,,,,,,,,
52700,164.0,0.000008,,,,,,,,
52800,164.3,0.000009,,,,,,,,
52900,164.6,0.000010,,,,,,,,
53000,164.9,0.000011,,,,,,,,
53100,165.1,0.000009,,,,,,,,
53200,165.4,0.000007,,,,,,,,
53300,165.7,0.000009,,,,,,,,
53400,166.0,0.000009,,,,,,,,
53500,166.3,0.000009,,,,,,,,
53600,166.6,0.000011,,,,,,,,
53700,166.9,0.000008,,,,,,,,
53800,167.2,0.000011,,,,,,,,
53900,167.5,0.000008,,,,,,,,
54000,167.8,0.000011,,,,,,,,
54100,168.1,0.000007,,,,,,,,
54200,168.4,0.000008,,,,,,,,
54300,168.7,0.000009,,,,,,,,
54400,169.0,0.000009,,,,,,,,
54500,169.3,0.000008,,,,,,,,
54600,169.5,0.000011,,,,,,,,
54700,169.8,0.000009,,,,,,,,
54800,170.1,0.000009,,,,,,,,
54900,170.4,0.000006,,,,,,,,
55000,171.8,0.000009,0.000007,1.108326e+00,2.125300e-01,1.716699e-01,0.000000,9.855946e-01,1.960428e-01,1.619062e-01
55100,172.0,0.000007,,,,,,,,
55200,172.3,0.000008,,,,,,,,
55300,172.6,0.000012,,,,,,,,
55400,172.9,0.000010,,,,,,,,
55500,173.2,0.000007,,,,,,,,
55600,173.5,0.000008,,,,,,,,
55700,173.7,0.000008,,,,,,,,
55800,174.0,0.000011,,,,,,,,
55900,174.3,0.000006,,,,,,,,
56000,174.6,0.000008,,,,,,,,
56100,174.9,0.000007,,,,,,,,
56200,175.2,0.000011,,,,,,,,
56300,175.5,0.000009,,,,,,,,
56400,175.8,0.000008,,,,,,,,
56500,176.1,0.000008,,,,,,,,
56600,176.4,0.000007,,,,,,,,
56700,176.7,0.000009,,,,,,,,
56800,177.0,0.000012,,,,,,,,
56900,177.2,0.000013,,,,,,,,
57000,177.5,0.000012,,,,,,,,
57100,177.8,0.000011,,,,,,,,
57200,178.1,0.000007,,,,,,,,
57300,178.4,0.000008,,,,,,,,
57400,178.7,0.000009,,,,,,,,
57500,179.0,0.000013,,,,,,,,
57600,179.3,0.000011,,,,,,,,
57700,179.6,0.000008,,,,,,,,
57800,179.9,0.000010,,,,,,,,
57900,180.2,0.000007,,,,,,,,
58000,180.4,0.000008,,,,,,,,
58100,180.7,0.000006,,,,,,,,
58200,181.0,0.000008,,,,,,,,
58300,181.3,0.000009,,,,,,,,
58400,181.6,0.000012,,,,,,,,
58500,181.9,0.000007,,,,,,,,
58600,182.2,0.000007,,,,,,,,
58700,182.5,0.000007,,,,,,,,
58800,182.8,0.000012,,,,,,,,
58900,183.1,0.000008,,,,,,,,
59000,183.4,0.000007,,,,,,,,
59100,183.7,0.000008,,,,,,,,
59200,184.0,0.000007,,,,,,,,
59300,184.3,0.000007,,,,,,,,
59400,184.6,0.000011,,,,,,,,
59500,184.8,0.000007,,,,,,,,
59600,185.1,0.000013,,,,,,,,
59700,185.4,0.000008,,,,,,,,
59800,185.7,0.000008,,,,,,,,
59900,186.0,0.000009,,,,,,,,
60000,187.4,0.000006,0.000010,1.259492e+00,2.533373e-01,2.105117e-01,0.000000,1.056181e+00,2.398429e-01,2.019733e-01
60100,187.7,0.000007,,,,,,,,
60200,188.0,0.000006,,,,,,,,
60300,188.3,0.000010,,,,,,,,
60400,188.5,0.000011,,,,,,,,
60500,188.8,0.000009,,,,,,,,
60600,189.1,0.000009,,,,,,,,
60700,189.4,0.000007,,,,,,,,
60800,189.7,0.000007,,,,,,,,
60900,190.0,0.000008,,,,,,,,
61000,190.2,0.000007,,,,,,,,
61100,190.5,0.000008,,,,,,,,
61200,190.8,0.000007,,,,,,,,
61300,191.1,0.000009,,,,,,,,
61400,191.4,0.000007,,,,,,,,
61500,191.7,0.000007,,,,,,,,
61600,192.0,0.000011,,,,,,,,
61700,192.3,0.000007,,,,,,,,
61800,192.6,0.000008,,,,,,,,
61900,192.8,0.000008,,,,,,,,
62000,193.1,0.000009,,,,,,,,
62100,193.4,0.000007,,,,,,,,
62200,193.7,0.000012,,,,,,,,
62300,193.9,0.000007,,,,,,,,
62400,194.2,0.000008,,,,,,,,
62500,194.5,0.000008,,,,,,,,
62600,194.8,0.000010,,,,,,,,
62700,195.1,0.000008,,,,,,,,
62800,195.4,0.000007,,,,,,,,
62900,195.7,0.000007,,,,,,,,
63000,196.0,0.000010,,,,,,,,
63100,196.2,0.000008,,,,,,,,
63200,196.5,0.000009,,,,,,,,
63300,196.8,0.000009,,,,,,,,
63400,197.1,0.000007,,,,,,,,
63500,197.4,0.000009,,,,,,,,
63600,197.7,0.000010,,,,,,,,
63700,198.0,0.000009,,,,,,,,
63800,198.3,0.000007,,,,,,,,
63900,198.5,0.000007,,,,,,,,
64000,198.8,0.000006,,,,,,,,
64100,199.1,0.000008,,,,,,,,
64200,199.4,0.000011,,,,,,,,
64300,199.7,0.000009,,,,,,,,
64400,200.0,0.000009,,,,,,,,
64500,200.3,0.000007,,,,,,,,
64600,200.6,0.000012,,,,,,,,
64700,200.9,0.000010,,,,,,,,
64800,201.2,0.000008,,,,,,,,
64900,201.4,0.000010,,,,,,,,
65000,202.8,0.000007,0.000008,1.123001e+00,2.295524e-01,1.923206e-01,0.000000,9.729429e-01,2.147731e-01,1.827427e-01
65100,203.1,0.000011,,,,,,,,
65200,203.3,0.000007,,,,,,,,
65300,203.6,0.000009,,,,,,,,
65400,203.9,0.000010,,,,,,,,
65500,204.2,0.000010,,,,,,,,
65600,204.5,0.000009,,,,,,,,
65700,204.8,0.000011,,,,,,,,
65800,205.1,0.000007,,,,,,,,
65900,205.4,0.000007,,,,,,,,
66000,205.7,0.000007,,,,,,,,
66100,206.0,0.000006,,,,,,,,
66200,206.3,0.000007,,,,,,,,
66300,206.6,0.000007,,,,,,,,
66400,206.9,0.000007,,,,,,,,
66500,207.2,0.000007,,,,,,,,
66600,207.4,0.000007,,,,,,,,
66700,207.7,0.000008,,,,,,,,
66800,208.0,0.000008,,,,,,,,
66900,208.3,0.000007,,,,,,,,
67000,208.6,0.000007,,,,,,,,
67100,208.9,0.000007,,,,,,,,
67200,209.2,0.000009,,,,,,,,
67300,209.5,0.000007,,,,,,,,
67400,209.8,0.000011,,,,,,,,
67500,210.1,0.000007,,,,,,,,
67600,210.3,0.000008,,,,,,,,
67700,210.6,0.000008,,,,,,,,
67800,210.9,0.000009,,,,,,,,
67900,211.2,0.000006,,,,,,,,
68000,211.5,0.000008,,,,,,,,
68100,211.8,0.000009,,,,,,,,
68200,212.1,0.000008,,,,,,,,
68300,212.4,0.000008,,,,,,,,
68400,212.7,0.000008,,,,,,,,
68500,213.0,0.000007,,,,,,,,
68600,213.3,0.000007,,,,,,,,
68700,213.6,0.000007,,,,,,,,
68800,213.9,0.000009,,,,,,,,
68900,214.2,0.000008,,,,,,,,
69000,214.4,0.000008,,,,,,,,
69100,214.7,0.000009,,,,,,,,
69200,214.9,0.000008,,,,,,,,
69300,215.2,0.000010,,,,,,,,
69400,215.5,0.000010,,,,,,,,
69500,215.8,0.000009,,,,,,,,
69600,216.1,0.000008,,,,,,,,
69700,216.4,0.000007,,,,,,,,
69800,216.7,0.000007,,,,,,,,
69900,217.0,0.000008,,,,,,,,
70000,218.4,0.000008,0.000007,1.113038e+00,2.125426e-01,1.720806e-01,0.000000,9.628735e-01,1.967301e-01,1.627498e-01
70100,218.6,0.000008,,,,,,,,
70200,218.9,0.000009,,,,,,,,
70300,219.2,0.000007,,,,,,,,
70400,219.5,0.000007,,,,,,,,
70500,219.8,0.000010,,,,,,,,
70600,220.1,0.000009,,,,,,,,
70700,220.4,0.000010,,,,,,,,
70800,220.7,0.000009,,,,,,,,
70900,221.0,0.000008,,,,,,,,
71000,221.3,0.000007,,,,,,,,
71100,221.6,0.000008,,,,,,,,
71200,221.9,0.000007,,,,,,,,
71300,222.2,0.000007,,,,,,,,
71400,222.4,0.000008,,,,,,,,
71500,222.8,0.000009,,,,,,,,
71600,223.0,0.000008,,,,,,,,
71700,223.3,0.000007,,,,,,,,
71800,223.6,0.000008,,,,,,,,
71900,223.9,0.000008,,,,,,,,
72000,224.2,0.000006,,,,,,,,
72100,224.5,0.000008,,,,,,,,
72200,224.8,0.000010,,,,,,,,
72300,225.1,0.000008,,,,,,,,
72400,225.4,0.000007,,,,,,,,
72500,225.6,0.000008,,,,,,,,
72600,225.9,0.000009,,,,,,,,
72700,226.2,0.000009,,,,,,,,
72800,226.5,0.000009,,,,,,,,
72900,226.8,0.000009,,,,,,,,
73000,227.1,0.000008,,,,,,,,
73100,227.4,0.000009,,,,,,,,
73200,227.7,0.000010,,,,,,,,
73300,228.0,0.000007,,,,,,,,
73400,228.3,0.000008,,,,,,,,
73500,228.6,0.000008,,,,,,,,
73600,228.9,0.000007,,,,,,,,
73700,229.1,0.000007,,,,,,,,
73800,229.4,0.000008,,,,,,,,
73900,229.7,0.000007,,,,,,,,
74000,230.0,0.000009,,,,,,,,
74100,230.3,0.000007,,,,,,,,
74200,230.6,0.000010,,,,,,,,
74300,230.8,0.000006,,,,,,,,
74400,231.1,0.000007,,,,,,,,
74500,231.3,0.000013,,,,,,,,
74600,231.6,0.000009,,,,,,,,
74700,231.9,0.000008,,,,,,,,
74800,232.1,0.000006,,,,,,,,
74900,232.4,0.000010,,,,,,,,
75000,233.8,0.000009,0.000007,1.105377e+00,2.111512e-01,1.737770e-01,0.000000,9.590836e-01,1.951060e-01,1.634473e-01
75100,234.0,0.000008,,,,,,,,
75200,234.3,0.000010,,,,,,,,
75300,234.6,0.000008,,,,,,,,
75400,234.9,0.000009,,,,,,,,
75500,235.2,0.000008,,,,,,,,
75600,235.5,0.000009,,,,,,,,
75700,235.8,0.000009,,,,,,,,
75800,236.1,0.000008,,,,,,,,
75900,236.4,0.000013,,,,,,,,
76000,236.7,0.000006,,,,,,,,
76100,236.9,0.000008,,,,,,,,
76200,237.2,0.000007,,,,,,,,
76300,237.5,0.000006,,,,,,,,
76400,237.8,0.000006,,,,,,,,
76500,238.1,0.000008,,,,,,,,
76600,238.4,0.000011,,,,,,,,
76700,238.7,0.000009,,,,,,,,
76800,238.9,0.000007,,,,,,,,
76900,239.2,0.000009,,,,,,,,
77000,239.5,0.000009,,,,,,,,
77100,239.8,0.000009,,,,,,,,
77200,240.1,0.000008,,,,,,,,
77300,240.4,0.000007,,,,,,,,
77400,240.7,0.000007,,,,,,,,
77500,241.0,0.000012,,,,,,,,
77600,241.2,0.000008,,,,,,,,
77700,241.5,0.000007,,,,,,,,
77800,241.8,0.000009,,,,,,,,
77900,242.1,0.000007,,,,,,,,
78000,242.4,0.000008,,,,,,,,
78100,242.7,0.000010,,,,,,,,
78200,243.0,0.000011,,,,,,,,
78300,243.3,0.000007,,,,,,,,
78400,243.6,0.000008,,,,,,,,
78500,243.9,0.000011,,,,,,,,
78600,244.2,0.000010,,,,,,,,
78700,244.4,0.000007,,,,,,,,
78800,244.7,0.000012,,,,,,,,
78900,245.0,0.000010,,,,,,,,
79000,245.3,0.000009,,,,,,,,
79100,245.6,0.000008,,,,,,,,
79200,245.9,0.000007,,,,,,,,
79300,246.2,0.000009,,,,,,,,
79400,246.5,0.000012,,,,,,,,
79500,246.8,0.000011,,,,,,,,
79600,247.1,0.000008,,,,,,,,
79700,247.4,0.000007,,,,,,,,
79800,247.7,0.000007,,,,,,,,
79900,248.0,0.000009,,,,,,,,
80000,249.4,0.000010,0.000010,1.251655e+00,2.442467e-01,2.037662e-01,0.000000,1.086856e+00,2.302365e-01,1.947960e-01
80100,249.6,0.000013,,,,,,,,
80200,249.9,0.000010,,,,,,,,
80300,250.2,0.000007,,,,,,,,
80400,250.5,0.000007,,,,,,,,
80500,250.8,0.000009,,,,,,,,
80600,251.1,0.000009,,,,,,,,
80700,251.4,0.000006,,,,,,,,
80800,251.7,0.000007,,,,,,,,
80900,252.0,0.000009,,,,,,,,
81000,252.2,0.000010,,,,,,,,
81100,252.5,0.000007,,,,,,,,
81200,252.8,0.000009,,,,,,,,
81300,253.1,0.000008,,,,,,,,
81400,253.4,0.000006,,,,,,,,
81500,253.7,0.000008,,,,,,,,
81600,254.0,0.000009,,,,,,,,
81700,254.3,0.000008,,,,,,,,
81800,254.6,0.000010,,,,,,,,
81900,254.9,0.000007,,,,,,,,
82000,255.2,0.000008,,,,,,,,
82100,255.5,0.000010,,,,,,,,
82200,255.8,0.000007,,,,,,,,
82300,256.1,0.000010,,,,,,,,
82400,256.4,0.000007,,,,,,,,
82500,256.6,0.000009,,,,,,,,
82600,256.9,0.000007,,,,,,,,
82700,257.2,0.000006,,,,,,,,
82800,257.5,0.000008,,,,,,,,
82900,257.8,0.000007,,,,,,,,
83000,258.1,0.000007,,,,,,,,
83100,258.4,0.000008,,,,,,,,
83200,258.6,0.000009,,,,,,,,
83300,258.9,0.000009,,,,,,,,
83400,259.2,0.000007,,,,,,,,
83500,259.5,0.000007,,,,,,,,
83600,259.8,0.000007,,,,,,,,
83700,260.1,0.000008,,,,,,,,
83800,260.4,0.000008,,,,,,,,
83900,260.7,0.000008,,,,,,,,
84000,261.0,0.000008,,,,,,,,
84100,261.3,0.000007,,,,,,,,
84200,261.6,0.000007,,,,,,,,
84300,261.9,0.000009,,,,,,,,
84400,262.2,0.000009,,,,,,,,
84500,262.5,0.000008,,,,,,,,
84600,262.8,0.000008,,,,,,,,
84700,263.0,0.000010,,,,,,,,
84800,263.3,0.000007,,,,,,,,
84900,263.6,0.000008,,,,,,,,
85000,265.0,0.000008,0.000008,1.145227e+00,2.288228e-01,1.884274e-01,0.000000,9.977112e-01,2.142124e-01,1.786649e-01
85100,265.2,0.000007,,,,,,,,
85200,265.5,0.000007,,,,,,,,
85300,265.8,0.000007,,,,,,,,
85400,266.1,0.000008,,,,,,,,
85500,266.4,0.000009,,,,,,,,
85600,266.7,0.000006,,,,,,,,
85700,267.0,0.000009,,,,,,,,
85800,267.3,0.000007,,,,,,,,
85900,267.6,0.000007,,,,,,,,
86000,267.9,0.000009,,,,,,,,
86100,268.2,0.000008,,,,,,,,
86200,268.5,0.000010,,,,,,,,
86300,268.8,0.000008,,,,,,,,
86400,269.1,0.000007,,,,,,,,
86500,269.3,0.000007,,,,,,,,
86600,269.6,0.000007,,,,,,,,
86700,269.9,0.000007,,,,,,,,
86800,270.2,0.000008,,,,,,,,
86900,270.5,0.000006,,,,,,,,
87000,270.8,0.000009,,,,,,,,
87100,271.1,0.000008,,,,,,,,
87200,271.4,0.000011,,,,,,,,
87300,271.7,0.000008,,,,,,,,
87400,272.0,0.000007,,,,,,,,
87500,272.3,0.000007,,,,,,,,
87600,272.6,0.000009,,,,,,,,
87700,272.8,0.000010,,,,,,,,
87800,273.1,0.000010,,,,,,,,
87900,273.4,0.000006,,,,,,,,
88000,273.7,0.000008,,,,,,,,
88100,274.0,0.000011,,,,,,,,
88200,274.3,0.000008,,,,,,,,
88300,274.6,0.000009,,,,,,,,
88400,274.9,0.000008,,,,,,,,
88500,275.2,0.000008,,,,,,,,
88600,275.5,0.000009,,,,,,,,
88700,275.8,0.000006,,,,,,,,
88800,276.1,0.000009,,,,,,,,
88900,276.3,0.000009,,,,,,,,
89000,276.6,0.000006,,,,,,,,
89100,276.9,0.000009,,,,,,,,
89200,277.2,0.000006,,,,,,,,
89300,277.5,0.000008,,,,,,,,
89400,277.8,0.000007,,,,,,,,
89500,278.1,0.000010,,,,,,,,
89600,278.4,0.000011,,,,,,,,
89700,278.7,0.000008,,,,,,,,
89800,279.0,0.000006,,,,,,,,
89900,279.3,0.000007,,,,,,,,
90000,280.7,0.000009,0.000007,1.137832e+00,2.056213e-01,1.683272e-01,0.000000,9.659290e-01,1.901519e-01,1.584319e-01
90100,280.9,0.000006,,,,,,,,
90200,281.2,0.000006,,,,,,,,
90300,281.5,0.000007,,,,,,,,
90400,281.8,0.000009,,,,,,,,
90500,282.1,0.000007,,,,,,,,
90600,282.4,0.000008,,,,,,,,
90700,282.7,0.000007,,,,,,,,
90800,283.0,0.000007,,,,,,,,
90900,283.3,0.000008,,,,,,,,
91000,283.5,0.000008,,,,,,,,
91100,283.8,0.000008,,,,,,,,
91200,284.1,0.000012,,,,,,,,
91300,284.4,0.000007,,,,,,,,
91400,284.7,0.000007,,,,,,,,
91500,285.0,0.000006,,,,,,,,
91600,285.3,0.000007,,,,,,,,
91700,285.6,0.000008,,,,,,,,
91800,285.9,0.000008,,,,,,,,
91900,286.2,0.000008,,,,,,,,
92000,286.5,0.000006,,,,,,,,
92100,286.8,0.000009,,,,,,,,
92200,287.1,0.000009,,,,,,,,
92300,287.4,0.000009,,,,,,,,
92400,287.7,0.000010,,,,,,,,
92500,287.9,0.000008,,,,,,,,
92600,288.2,0.000008,,,,,,,,
92700,288.5,0.000008,,,,,,,,
92800,288.8,0.000007,,,,,,,,
92900,289.1,0.000008,,,,,,,,
93000,289.4,0.000006,,,,,,,,
93100,289.7,0.000007,,,,,,,,
93200,290.0,0.000011,,,,,,,,
93300,290.3,0.000009,,,,,,,,
93400,290.6,0.000008,,,,,,,,
93500,290.9,0.000006,,,,,,,,
93600,291.2,0.000007,,,,,,,,
93700,291.5,0.000007,,,,,,,,
93800,291.8,0.000007,,,,,,,,
93900,292.1,0.000009,,,,,,,,
94000,292.3,0.000006,,,,,,,,
94100,292.6,0.000008,,,,,,,,
94200,292.9,0.000008,,,,,,,,
94300,293.2,0.000008,,,,,,,,
94400,293.5,0.000007,,,,,,,,
94500,293.8,0.000008,,,,,,,,
94600,294.1,0.000012,,,,,,,,
94700,294.4,0.000007,,,,,,,,
94800,294.7,0.000007,,,,,,,,
94900,295.0,0.000011,,,,,,,,
95000,296.4,0.000008,0.000009,1.279720e+00,2.395438e-01,1.970800e-01,0.000000,1.118134e+00,2.247772e-01,1.881662e-01
95100,296.6,0.000008,,,,,,,,
95200,296.9,0.000007,,,,,,,,
95300,297.2,0.000008,,,,,,,,
95400,297.4,0.000008,,,,,,,,
95500,297.7,0.000010,,,,,,,,
95600,298.0,0.000009,,,,,,,,
95700,298.3,0.000009,,,,,,,,
95800,298.6,0.000007,,,,,,,,
95900,298.9,0.000007,,,,,,,,
96000,299.2,0.000007,,,,,,,,
96100,299.5,0.000009,,,,,,,,
96200,299.8,0.000010,,,,,,,,
96300,300.1,0.000008,,,,,,,,
96400,300.4,0.000006,,,,,,,,
96500,300.7,0.000009,,,,,,,,
96600,301.0,0.000008,,,,,,,,
96700,301.3,0.000007,,,,,,,,
96800,301.6,0.000016,,,,,,,,
96900,301.9,0.000007,,,,,,,,
97000,302.2,0.000007,,,,,,,,
97100,302.5,0.000008,,,,,,,,
97200,302.7,0.000009,,,,,,,,
97300,303.0,0.000006,,,,,,,,
97400,303.3,0.000009,,,,,,,,
97500,303.6,0.000006,,,,,,,,
97600,303.9,0.000007,,,,,,,,
97700,304.2,0.000006,,,,,,,,
97800,304.5,0.000010,,,,,,,,
97900,304.8,0.000007,,,,,,,,
98000,305.1,0.000010,,,,,,,,
98100,305.4,0.000008,,,,,,,,
98200,305.7,0.000007,,,,,,,,
98300,306.0,0.000007,,,,,,,,
98400,306.3,0.000006,,,,,,,,
98500,306.6,0.000007,,,,,,,,
98600,306.9,0.000009,,,,,,,,
98700,307.1,0.000006,,,,,,,,
98800,307.4,0.000008,,,,,,,,
98900,307.7,0.000008,,,,,,,,
99000,308.0,0.000007,,,,,,,,
99100,308.3,0.000007,,,,,,,,
99200,308.6,0.000009,,,,,,,,
99300,308.9,0.000008,,,,,,,,
99400,309.2,0.000008,,,,,,,,
99500,309.5,0.000007,,,,,,,,
99600,309.8,0.000010,,,,,,,,
99700,310.1,0.000009,,,,,,,,
99800,310.4,0.000006,,,,,,,,
99900,310.7,0.000007,,,,,,,,
100000,312.0,0.000009,0.000008,1.150577e+00,2.268458e-01,1.893337e-01,0.000000,9.847135e-01,2.120955e-01,1.801804e-01
100100,312.3,0.000007,,,,,,,,
100200,312.6,0.000007,,,,,,,,
100300,312.8,0.000007,,,,,,,,
100400,313.1,0.000007,,,,,,,,
100500,313.4,0.000010,,,,,,,,
100600,313.7,0.000010,,,,,,,,
100700,314.0,0.000008,,,,,,,,
100800,314.3,0.000008,,,,,,,,
100900,314.6,0.000007,,,,,,,,
101000,314.9,0.000007,,,,,,,,
101100,315.2,0.000007,,,,,,,,
101200,315.5,0.000008,,,,,,,,
101300,315.8,0.000010,,,,,,,,
101400,316.1,0.000009,,,,,,,,
101500,316.4,0.000009,,,,,,,,
101600,316.7,0.000007,,,,,,,,
101700,317.0,0.000006,,,,,,,,
101800,317.2,0.000008,,,,,,,,
101900,317.5,0.000005,,,,,,,,
102000,317.8,0.000009,,,,,,,,
102100,318.1,0.000007,,,,,,,,
102200,318.4,0.000008,,,,,,,,
102300,318.7,0.000007,,,,,,,,
102400,319.0,0.000008,,,,,,,,
102500,319.3,0.000008,,,,,,,,
102600,319.6,0.000007,,,,,,,,
102700,319.8,0.000007,,,,,,,,
102800,320.1,0.000007,,,,,,,,
102900,320.4,0.000007,,,,,,,,
103000,320.7,0.000008,,,,,,,,
103100,321.0,0.000007,,,,,,,,
103200,321.3,0.000007,,,,,,,,
103300,321.6,0.000007,,,,,,,,
103400,321.9,0.000007,,,,,,,,
103500,322.2,0.000010,,,,,,,,
103600,322.5,0.000007,,,,,,,,
103700,322.8,0.000011,,,,,,,,
103800,323.1,0.000006,,,,,,,,
103900,323.4,0.000008,,,,,,,,
104000,323.6,0.000010,,,,,,,,
104100,323.9,0.000008,,,,,,,,
104200,324.2,0.000008,,,,,,,,
104300,324.5,0.000008,,,,,,,,
104400,324.8,0.000006,,,,,,,,
104500,325.1,0.000008,,,,,,,,
104600,325.4,0.000007,,,,,,,,
104700,325.6,0.000008,,,,,,,,
104800,325.9,0.000009,,,,,,,,
104900,326.2,0.000007,,,,,,,,
105000,327.6,0.000006,0.000009,1.219509e+00,2.468469e-01,2.139666e-01,0.000000,1.040057e+00,2.337829e-01,2.060272e-01
105100,327.8,0.000008,,,,,,,,
105200,328.1,0.000009,,,,,,,,
105300,328.4,0.000008,,,,,,,,
105400,328.7,0.000007,,,,,,,,
105500,329.0,0.000008,,,,,,,,
105600,329.3,0.000007,,,,,,,,
105700,329.6,0.000007,,,,,,,,
105800,329.9,0.000009,,,,,,,,
105900,330.2,0.000008,,,,,,,,
106000,330.5,0.000008,,,,,,,,
106100,330.7,0.000005,,,,,,,,
106200,331.0,0.000008,,,,,,,,
106300,331.3,0.000009,,,,,,,,
106400,331.6,0.000010,,,,,,,,
106500,331.9,0.000009,,,,,,,,
106600,332.2,0.000006,,,,,,,,
106700,332.5,0.000007,,,,,,,,
106800,332.8,0.000012,,,,,,,,
106900,333.1,0.000008,,,,,,,,
107000,333.4,0.000007,,,,,,,,
107100,333.6,0.000008,,,,,,,,
107200,333.9,0.000010,,,,,,,,
107300,334.2,0.000009,,,,,,,,
107400,334.5,0.000007,,,,,,,,
107500,334.8,0.000011,,,,,,,,
107600,335.1,0.000008,,,,,,,,
107700,335.4,0.000007,,,,,,,,
107800,335.7,0.000010,,,,,,,,
107900,335.9,0.000009,,,,,,,,
108000,336.2,0.000009,,,,,,,,
108100,336.5,0.000007,,,,,,,,
108200,336.8,0.000007,,,,,,,,
108300,337.1,0.000009,,,,,,,,
108400,337.4,0.000007,,,,,,,,
108500,337.7,0.000007,,,,,,,,
108600,338.0,0.000008,,,,,,,,
108700,338.3,0.000009,,,,,,,,
108800,338.5,0.000009,,,,,,,,
108900,338.8,0.000006,,,,,,,,
109000,339.1,0.000006,,,,,,,,
109100,339.4,0.000006,,,,,,,,
109200,339.7,0.000008,,,,,,,,
109300,340.0,0.000008,,,,,,,,
109400,340.3,0.000007,,,,,,,,
109500,340.6,0.000010,,,,,,,,
109600,340.9,0.000008,,,,,,,,
109700,341.1,0.000008,,,,,,,,
109800,341.4,0.000006,,,,,,,,
109900,341.7,0.000008,,,,,,,,
110000,343.1,0.000008,0.000007,1.056340e+00,2.054729e-01,1.673470e-01,0.000000,8.827477e-01,1.896783e-01,1.568172e-01
110100,343.3,0.000007,,,,,,,,
110200,343.6,0.000007,,,,,,,,
110300,343.9,0.000010,,,,,,,,
110400,344.1,0.000008,,,,,,,,
110500,344.4,0.000006,,,,,,,,
110600,344.7,0.000009,,,,,,,,
110700,345.0,0.000008,,,,,,,,
110800,345.3,0.000007,,,,,,,,
110900,345.6,0.000007,,,,,,,,
111000,345.9,0.000008,,,,,,,,
111100,346.2,0.000008,,,,,,,,
111200,346.5,0.000009,,,,,,,,
111300,346.8,0.000007,,,,,,,,
111400,347.1,0.000007,,,,,,,,
111500,347.4,0.000008,,,,,,,,
111600,347.6,0.000006,,,,,,,,
111700,347.9,0.000008,,,,,,,,
111800,348.2,0.000008,,,,,,,,
111900,348.5,0.000008,,,,,,,,
112000,348.8,0.000007,,,,,,,,
112100,349.1,0.000008,,,,,,,,
112200,349.4,0.000008,,,,,,,,
112300,349.7,0.000010,,,,,,,,
112400,350.0,0.000007,,,,,,,,
112500,350.2,0.000007,,,,,,,,
112600,350.5,0.000006,,,,,,,,
112700,350.8,0.000007,,,,,,,,
112800,351.0,0.000007,,,,,,,,
112900,351.3,0.000011,,,,,,,,
113000,351.6,0.000008,,,,,,,,
113100,351.9,0.000007,,,,,,,,
113200,352.2,0.000009,,,,,,,,
113300,352.5,0.000007,,,,,,,,
113400,352.8,0.000007,,,,,,,,
113500,353.1,0.000009,,,,,,,,
113600,353.4,0.000008,,,,,,,,
113700,353.6,0.000009,,,,,,,,
113800,353.9,0.000008,,,,,,,,
113900,354.2,0.000007,,,,,,,,
114000,354.5,0.000007,,,,,,,,
114100,354.8,0.000008,,,,,,,,
114200,355.1,0.000010,,,,,,,,
114300,355.4,0.000007,,,,,,,,
114400,355.7,0.000008,,,,,,,,
114500,356.0,0.000008,,,,,,,,
114600,356.3,0.000007,,,,,,,,
114700,356.5,0.000007,,,,,,,,
114800,356.8,0.000008,,,,,,,,
114900,357.1,0.000007,,,,,,,,
115000,358.5,0.000009,0.000007,1.316503e+00,2.060818e-01,1.629135e-01,0.000000,1.168261e+00,1.899168e-01,1.528402e-01
115100,358.8,0.000008,,,,,,,,
115200,359.0,0.000007,,,,,,,,
115300,359.3,0.000013,,,,,,,,
115400,359.6,0.000008,,,,,,,,
115500,359.9,0.000006,,,,,,,,
115600,360.2,0.000007,,,,,,,,
115700,360.5,0.000007,,,,,,,,
115800,360.8,0.000008,,,,,,,,
115900,361.0,0.000009,,,,,,,,
116000,361.3,0.000006,,,,,,,,
116100,361.6,0.000011,,,,,,,,
116200,361.9,0.000008,,,,,,,,
116300,362.2,0.000012,,,,,,,,
116400,362.5,0.000007,,,,,,,,
116500,362.8,0.000007,,,,,,,,
116600,363.1,0.000007,,,,,,,,
116700,363.4,0.000007,,,,,,,,
116800,363.6,0.000006,,,,,,,,
116900,363.9,0.000008,,,,,,,,
117000,364.2,0.000007,,,,,,,,
117100,364.5,0.000008,,,,,,,,
117200,364.8,0.000007,,,,,,,,
117300,365.0,0.000007,,,,,,,,
117400,365.3,0.000008,,,,,,,,
117500,365.6,0.000008,,,,,,,,
117600,365.9,0.000007,,,,,,,,
117700,366.2,0.000008,,,,,,,,
117800,366.5,0.000008,,,,,,,,
117900,366.8,0.000006,,,,,,,,
118000,367.1,0.000009,,,,,,,,
118100,367.4,0.000007,,,,,,,,
118200,367.7,0.000008,,,,,,,,
118300,368.0,0.000008,,,,,,,,
118400,368.2,0.000009,,,,,,,,
118500,368.5,0.000009,,,,,,,,
118600,368.8,0.000010,,,,,,,,
118700,369.1,0.000005,,,,,,,,
118800,369.4,0.000007,,,,,,,,
118900,369.7,0.000009,,,,,,,,
119000,370.0,0.000006,,,,,,,,
119100,370.3,0.000007,,,,,,,,
119200,370.6,0.000007,,,,,,,,
119300,370.9,0.000008,,,,,,,,
119400,371.2,0.000008,,,,,,,,
119500,371.5,0.000007,,,,,,,,
119600,371.8,0.000007,,,,,,,,
119700,372.1,0.000009,,,,,,,,
119800,372.4,0.000007,,,,,,,,
119900,372.6,0.000010,,,,,,,,
120000,374.1,0.000006,0.000007,1.038949e+00,2.113427e-01,1.700065e-01,0.000000,8.991573e-01,1.960181e-01,1.599656e-01
120100,374.3,0.000010,,,,,,,,
120200,374.5,0.000007,,,,,,,,
120300,374.8,0.000009,,,,,,,,
120400,375.1,0.000007,,,,,,,,
120500,375.4,0.000007,,,,,,,,
120600,375.7,0.000008,,,,,,,,
120700,376.0,0.000007,,,,,,,,
120800,376.3,0.000008,,,,,,,,
120900,376.6,0.000008,,,,,,,,
121000,376.8,0.000007,,,,,,,,
121100,377.1,0.000007,,,,,,,,
121200,377.4,0.000006,,,,,,,,
121300,377.7,0.000008,,,,,,,,
121400,378.0,0.000009,,,,,,,,
121500,378.3,0.000007,,,,,,,,
121600,378.6,0.000007,,,,,,,,
121700,378.9,0.000008,,,,,,,,
121800,379.2,0.000010,,,,,,,,
121900,379.4,0.000007,,,,,,,,
122000,379.7,0.000008,,,,,,,,
122100,380.0,0.000007,,,,,,,,
122200,380.3,0.000009,,,,,,,,
122300,380.6,0.000007,,,,,,,,
122400,380.9,0.000007,,,,,,,,
122500,381.2,0.000007,,,,,,,,
122600,381.5,0.000008,,,,,,,,
122700,381.8,0.000009,,,,,,,,
122800,382.1,0.000006,,,,,,,,
122900,382.3,0.000007,,,,,,,,
123000,382.6,0.000007,,,,,,,,
123100,382.9,0.000009,,,,,,,,
123200,383.2,0.000008,,,,,,,,
123300,383.5,0.000009,,,,,,,,
123400,383.8,0.000007,,,,,,,,
123500,384.1,0.000008,,,,,,,,
123600,384.4,0.000006,,,,,,,,
123700,384.7,0.000007,,,,,,,,
123800,385.0,0.000007,,,,,,,,
123900,385.3,0.000007,,,,,,,,
124000,385.6,0.000008,,,,,,,,
124100,385.8,0.000008,,,,,,,,
124200,386.1,0.000009,,,,,,,,
124300,386.4,0.000007,,,,,,,,
124400,386.7,0.000006,,,,,,,,
124500,387.0,0.000009,,,,,,,,
124600,387.3,0.000008,,,,,,,,
124700,387.6,0.000010,,,,,,,,
124800,387.8,0.000009,,,,,,,,
124900,388.1,0.000007,,,,,,,,
125000,389.5,0.000007,0.000008,1.288734e+00,2.155064e-01,1.760726e-01,0.000000,1.116102e+00,2.006581e-01,1.666278e-01
125100,389.7,0.000007,,,,,,,,
125200,390.0,0.000009,,,,,,,,
125300,390.3,0.000008,,,,,,,,
125400,390.6,0.000007,,,,,,,,
125500,390.9,0.000008,,,,,,,,
125600,391.2,0.000010,,,,,,,,
125700,391.5,0.000009,,,,,,,,
125800,391.8,0.000009,,,,,,,,
125900,392.1,0.000011,,,,,,,,
126000,392.3,0.000009,,,,,,,,
126100,392.6,0.000007,,,,,,,,
126200,392.9,0.000007,,,,,,,,
126300,393.2,0.000009,,,,,,,,
126400,393.5,0.000006,,,,,,,,
126500,393.7,0.000006,,,,,,,,
126600,394.0,0.000008,,,,,,,,
126700,394.3,0.000007,,,,,,,,
126800,394.6,0.000009,,,,,,,,
126900,394.9,0.000009,,,,,,,,
127000,395.2,0.000007,,,,,,,,
127100,395.5,0.000007,,,,,,,,
127200,395.8,0.000007,,,,,,,,
127300,396.1,0.000007,,,,,,,,
127400,396.4,0.000009,,,,,,,,
127500,396.7,0.000007,,,,,,,,
127600,396.9,0.000009,,,,,,,,
127700,397.2,0.000007,,,,,,,,
127800,397.5,0.000008,,,,,,,,
127900,397.8,0.000010,,,,,,,,
128000,398.1,0.000007,,,,,,,,
128100,398.4,0.000008,,,,,,,,
128200,398.7,0.000007,,,,,,,,
128300,399.0,0.000007,,,,,,,,
128400,399.2,0.000007,,,,,,,,
128500,399.5,0.000012,,,,,,,,
128600,399.8,0.000007,,,,,,,,
128700,400.1,0.000007,,,,,,,,
128800,400.4,0.000007,,,,,,,,
128900,400.7,0.000007,,,,,,,,
129000,401.0,0.000011,,,,,,,,
129100,401.3,0.000008,,,,,,,,
129200,401.6,0.000009,,,,,,,,
129300,401.8,0.000007,,,,,,,,
129400,402.1,0.000007,,,,,,,,
129500,402.4,0.000007,,,,,,,,
129600,402.7,0.000007,,,,,,,,
129700,403.0,0.000008,,,,,,,,
129800,403.3,0.000008,,,,,,,,
129900,403.6,0.000006,,,,,,,,
130000,405.0,0.000007,0.000008,1.172347e+00,2.149216e-01,1.728722e-01,0.000000,9.996128e-01,1.986287e-01,1.635378e-01
130100,405.2,0.000007,,,,,,,,
130200,405.5,0.000006,,,,,,,,
130300,405.8,0.000008,,,,,,,,
130400,406.1,0.000009,,,,,,,,
130500,406.4,0.000007,,,,,,,,
130600,406.7,0.000007,,,,,,,,
130700,407.0,0.000007,,,,,,,,
130800,407.3,0.000008,,,,,,,,
130900,407.6,0.000008,,,,,,,,
131000,407.8,0.000008,,,,,,,,
131100,408.1,0.000005,,,,,,,,
131200,408.4,0.000008,,,,,,,,
131300,408.7,0.000007,,,,,,,,
131400,409.0,0.000007,,,,,,,,
131500,409.3,0.000010,,,,,,,,
131600,409.6,0.000008,,,,,,,,
131700,409.9,0.000009,,,,,,,,
131800,410.2,0.000008,,,,,,,,
131900,410.4,0.000008,,,,,,,,
132000,410.7,0.000007,,,,,,,,
132100,411.0,0.000007,,,,,,,,
132200,411.3,0.000010,,,,,,,,
132300,411.6,0.000007,,,,,,,,
132400,411.9,0.000010,,,,,,,,
132500,412.2,0.000008,,,,,,,,
132600,412.4,0.000006,,,,,,,,
132700,412.7,0.000007,,,,,,,,
132800,413.0,0.000008,,,,,,,,
132900,413.3,0.000010,,,,,,,,
133000,413.6,0.000007,,,,,,,,
133100,413.9,0.000010,,,,,,,,
133200,414.2,0.000006,,,,,,,,
133300,414.5,0.000009,,,,,,,,
133400,414.8,0.000010,,,,,,,,
133500,415.1,0.000009,,,,,,,,
133600,415.3,0.000008,,,,,,,,
133700,415.6,0.000012,,,,,,,,
133800,415.9,0.000008,,,,,,,,
133900,416.2,0.000007,,,,,,,,
134000,416.5,0.000007,,,,,,,,
134100,416.8,0.000008,,,,,,,,
134200,417.1,0.000007,,,,,,,,
134300,417.4,0.000008,,,,,,,,
134400,417.7,0.000009,,,,,,,,
134500,418.0,0.000009,,,,,,,,
134600,418.2,0.000009,,,,,,,,
134700,418.5,0.000010,,,,,,,,
134800,418.8,0.000007,,,,,,,,
134900,419.1,0.000006,,,,,,,,
135000,420.5,0.000006,0.000007,1.163366e+00,2.125436e-01,1.762327e-01,0.000000,1.016647e+00,1.975359e-01,1.672349e-01
135100,420.8,0.000007,,,,,,,,
135200,421.1,0.000009,,,,,,,,
135300,421.4,0.000007,,,,,,,,
135400,421.6,0.000006,,,,,,,,
135500,421.9,0.000008,,,,,,,,
135600,422.2,0.000009,,,,,,,,
135700,422.5,0.000007,,,,,,,,
135800,422.8,0.000007,,,,,,,,
135900,423.1,0.000007,,,,,,,,
136000,423.4,0.000008,,,,,,,,
136100,423.7,0.000008,,,,,,,,
136200,424.0,0.000010,,,,,,,,
136300,424.3,0.000009,,,,,,,,
136400,424.6,0.000007,,,,,,,,
136500,424.8,0.000008,,,,,,,,
136600,425.1,0.000007,,,,,,,,
136700,425.4,0.000007,,,,,,,,
136800,425.7,0.000007,,,,,,,,
136900,426.0,0.000007,,,,,,,,
137000,426.3,0.000009,,,,,,,,
137100,426.6,0.000009,,,,,,,,
137200,426.9,0.000009,,,,,,,,
137300,427.2,0.000006,,,,,,,,
137400,427.5,0.000007,,,,,,,,
137500,427.7,0.000007,,,,,,,,
137600,428.0,0.000014,,,,,,,,
137700,428.3,0.000008,,,,,,,,
137800,428.6,0.000007,,,,,,,,
137900,428.9,0.000007,,,,,,,,
138000,429.2,0.000009,,,,,,,,
138100,429.5,0.000006,,,,,,,,
138200,429.8,0.000008,,,,,,,,
138300,430.1,0.000013,,,,,,,,
138400,430.4,0.000007,,,,,,,,
138500,430.7,0.000007,,,,,,,,
138600,431.0,0.000009,,,,,,,,
138700,431.3,0.000007,,,,,,,,
138800,431.5,0.000008,,,,,,,,
138900,431.8,0.000008,,,,,,,,
139000,432.1,0.000006,,,,,,,,
139100,432.4,0.000010,,,,,,,,
139200,432.7,0.000008,,,,,,,,
139300,433.0,0.000012,,,,,,,,
139400,433.3,0.000007,,,,,,,,
139500,433.6,0.000007,,,,,,,,
139600,433.9,0.000008,,,,,,,,
139700,434.1,0.000007,,,,,,,,
139800,434.4,0.000009,,,,,,,,
139900,434.7,0.000006,,,,,,,,
140000,436.2,0.000009,0.000008,1.282333e+00,2.230637e-01,1.832702e-01,0.000000,1.135630e+00,2.086254e-01,1.739428e-01
140100,436.4,0.000006,,,,,,,,
140200,436.7,0.000007,,,,,,,,
140300,437.0,0.000007,,,,,,,,
140400,437.3,0.000007,,,,,,,,
140500,437.6,0.000007,,,,,,,,
140600,437.9,0.000008,,,,,,,,
140700,438.1,0.000007,,,,,,,,
140800,438.4,0.000007,,,,,,,,
140900,438.7,0.000009,,,,,,,,
141000,439.0,0.000009,,,,,,,,
141100,439.3,0.000008,,,,,,,,
141200,439.6,0.000008,,,,,,,,
141300,439.8,0.000007,,,,,,,,
141400,440.1,0.000007,,,,,,,,
141500,440.4,0.000007,,,,,,,,
141600,440.7,0.000010,,,,,,,,
141700,440.9,0.000008,,,,,,,,
141800,441.2,0.000008,,,,,,,,
141900,441.5,0.000009,,,,,,,,
142000,441.8,0.000007,,,,,,,,
142100,442.1,0.000007,,,,,,,,
142200,442.4,0.000008,,,,,,,,
142300,442.7,0.000007,,,,,,,,
142400,442.9,0.000008,,,,,,,,
142500,443.2,0.000007,,,,,,,,
142600,443.5,0.000006,,,,,,,,
142700,443.8,0.000009,,,,,,,,
142800,444.1,0.000008,,,,,,,,
142900,444.4,0.000008,,,,,,,,
143000,444.7,0.000007,,,,,,,,
143100,445.0,0.000007,,,,,,,,
143200,445.3,0.000006,,,,,,,,
143300,445.6,0.000012,,,,,,,,
143400,445.9,0.000008,,,,,,,,
143500,446.2,0.000007,,,,,,,,
143600,446.4,0.000009,,,,,,,,
143700,446.7,0.000011,,,,,,,,
143800,447.0,0.000007,,,,,,,,
143900,447.3,0.000006,,,,,,,,
144000,447.6,0.000007,,,,,,,,
144100,447.9,0.000009,,,,,,,,
144200,448.2,0.000008,,,,,,,,
144300,448.5,0.000010,,,,,,,,
144400,448.8,0.000007,,,,,,,,
144500,449.1,0.000007,,,,,,,,
144600,449.4,0.000006,,,,,,,,
144700,449.6,0.000008,,,,,,,,
144800,449.9,0.000008,,,,,,,,
144900,450.2,0.000007,,,,,,,,
145000,451.7,0.000006,0.000007,1.243553e+00,2.022893e-01,1.633257e-01,0.000000,1.096878e+00,1.861181e-01,1.533299e-01
145100,451.9,0.000007,,,,,,,,
145200,452.2,0.000008,,,,,,,,
145300,452.5,0.000006,,,,,,,,
145400,452.8,0.000008,,,,,,,,
145500,453.0,0.000007,,,,,,,,
145600,453.3,0.000008,,,,,,,,
145700,453.6,0.000008,,,,,,,,
145800,453.9,0.000008,,,,,,,,
145900,454.2,0.000006,,,,,,,,
146000,454.5,0.000009,,,,,,,,
146100,454.8,0.000011,,,,,,,,
146200,455.1,0.000007,,,,,,,,
146300,455.4,0.000007,,,,,,,,
146400,455.7,0.000007,,,,,,,,
146500,456.0,0.000006,,,,,,,,
146600,456.2,0.000008,,,,,,,,
146700,456.5,0.000009,,,,,,,,
146800,456.8,0.000008,,,,,,,,
146900,457.1,0.000007,,,,,,,,
147000,457.4,0.000007,,,,,,,,
147100,457.7,0.000009,,,,,,,,
147200,458.0,0.000007,,,,,,,,
147300,458.3,0.000010,,,,,,,,
147400,458.6,0.000007,,,,,,,,
147500,458.8,0.000007,,,,,,,,
147600,459.1,0.000007,,,,,,,,
147700,459.4,0.000009,,,,,,,,
147800,459.7,0.000008,,,,,,,,
147900,460.0,0.000007,,,,,,,,
148000,460.3,0.000007,,,,,,,,
148100,460.6,0.000006,,,,,,,,
148200,460.9,0.000008,,,,,,,,
148300,461.2,0.000006,,,,,,,,
148400,461.5,0.000008,,,,,,,,
148500,461.8,0.000007,,,,,,,,
148600,462.1,0.000007,,,,,,,,
148700,462.4,0.000008,,,,,,,,
148800,462.7,0.000006,,,,,,,,
148900,463.0,0.000010,,,,,,,,
149000,463.3,0.000009,,,,,,,,
149100,463.5,0.000011,,,,,,,,
149200,463.8,0.000007,,,,,,,,
149300,464.1,0.000008,,,,,,,,
149400,464.4,0.000007,,,,,,,,
149500,464.7,0.000008,,,,,,,,
149600,465.0,0.000008,,,,,,,,
149700,465.3,0.000007,,,,,,,,
149800,465.6,0.000009,,,,,,,,
149900,465.9,0.000009,,,,,,,,
150000,467.3,0.000009,0.000007,1.174209e+00,2.121101e-01,1.779117e-01,0.000000,1.001314e+00,1.965767e-01,1.688329e-01
150100,467.6,0.000008,,,,,,,,
150200,467.8,0.000007,,,,,,,,
150300,468.1,0.000006,,,,,,,,
150400,468.4,0.000007,,,,,,,,
150500,468.7,0.000006,,,,,,,,
150600,469.0,0.000008,,,,,,,,
150700,469.3,0.000006,,,,,,,,
150800,469.6,0.000006,,,,,,,,
150900,469.9,0.000009,,,,,,,,
151000,470.2,0.000009,,,,,,,,
151100,470.5,0.000007,,,,,,,,
151200,470.8,0.000007,,,,,,,,
151300,471.1,0.000006,,,,,,,,
151400,471.3,0.000009,,,,,,,,
151500,471.6,0.000008,,,,,,,,
151600,471.9,0.000008,,,,,,,,
151700,472.2,0.000008,,,,,,,,
151800,472.5,0.000007,,,,,,,,
151900,472.8,0.000007,,,,,,,,
152000,473.1,0.000006,,,,,,,,
152100,473.4,0.000007,,,,,,,,
152200,473.6,0.000008,,,,,,,,
152300,473.9,0.000006,,,,,,,,
152400,474.2,0.000007,,,,,,,,
152500,474.5,0.000008,,,,,,,,
152600,474.8,0.000007,,,,,,,,
152700,475.1,0.000008,,,,,,,,
152800,475.4,0.000005,,,,,,,,
152900,475.7,0.000006,,,,,,,,
153000,476.0,0.000008,,,,,,,,
153100,476.3,0.000009,,,,,,,,
153200,476.6,0.000007,,,,,,,,
153300,476.9,0.000008,,,,,,,,
153400,477.1,0.000010,,,,,,,,
153500,477.4,0.000007,,,,,,,,
153600,477.7,0.000006,,,,,,,,
153700,478.0,0.000007,,,,,,,,
153800,478.2,0.000008,,,,,,,,
153900,478.5,0.000006,,,,,,,,
154000,478.8,0.000009,,,,,,,,
154100,479.1,0.000007,,,,,,,,
154200,479.4,0.000007,,,,,,,,
154300,479.7,0.000009,,,,,,,,
154400,480.0,0.000010,,,,,,,,
154500,480.3,0.000006,,,,,,,,
154600,480.5,0.000008,,,,,,,,
154700,480.8,0.000010,,,,,,,,
154800,481.1,0.000008,,,,,,,,
154900,481.4,0.000009,,,,,,,,
155000,482.8,0.000008,0.000011,1.337953e+00,2.628034e-01,2.291302e-01,0.000000,1.191277e+00,2.510379e-01,2.204424e-01
155100,483.1,0.000012,,,,,,,,
155200,483.3,0.000007,,,,,,,,
155300,483.6,0.000007,,,,,,,,
155400,483.9,0.000006,,,,,,,,
155500,484.2,0.000008,,,,,,,,
155600,484.4,0.000009,,,,,,,,
155700,484.7,0.000007,,,,,,,,
155800,485.0,0.000008,,,,,,,,
155900,485.3,0.000008,,,,,,,,
156000,485.6,0.000009,,,,,,,,
156100,485.9,0.000009,,,,,,,,
156200,486.2,0.000008,,,,,,,,
156300,486.5,0.000006,,,,,,,,
156400,486.8,0.000006,,,,,,,,
156500,487.1,0.000008,,,,,,,,
156600,487.3,0.000009,,,,,,,,
156700,487.6,0.000007,,,,,,,,
156800,487.9,0.000008,,,,,,,,
156900,488.2,0.000008,,,,,,,,
157000,488.5,0.000009,,,,,,,,
157100,488.8,0.000007,,,,,,,,
157200,489.1,0.000009,,,,,,,,
157300,489.3,0.000005,,,,,,,,
157400,489.6,0.000006,,,,,,,,
157500,489.9,0.000011,,,,,,,,
157600,490.2,0.000007,,,,,,,,
157700,490.5,0.000008,,,,,,,,
157800,490.8,0.000007,,,,,,,,
157900,491.1,0.000009,,,,,,,,
158000,491.4,0.000008,,,,,,,,
158100,491.7,0.000006,,,,,,,,
158200,491.9,0.000008,,,,,,,,
158300,492.2,0.000008,,,,,,,,
158400,492.5,0.000010,,,,,,,,
158500,492.8,0.000008,,,,,,,,
158600,493.1,0.000008,,,,,,,,
158700,493.4,0.000008,,,,,,,,
158800,493.7,0.000009,,,,,,,,
158900,494.0,0.000006,,,,,,,,
159000,494.3,0.000007,,,,,,,,
159100,494.5,0.000008,,,,,,,,
159200,494.8,0.000006,,,,,,,,
159300,495.1,0.000008,,,,,,,,
159400,495.4,0.000006,,,,,,,,
159500,495.7,0.000006,,,,,,,,
159600,496.0,0.000008,,,,,,,,
159700,496.3,0.000006,,,,,,,,
159800,496.5,0.000006,,,,,,,,
159900,496.8,0.000008,,,,,,,,
160000,498.2,0.000008,0.000007,1.153721e+00,2.090109e-01,1.698279e-01,0.000000,9.727958e-01,1.943400e-01,1.606994e-01
160100,498.5,0.000008,,,,,,,,
160200,498.8,0.000006,,,,,,,,
160300,499.1,0.000009,,,,,,,,
160400,499.4,0.000008,,,,,,,,
160500,499.6,0.000007,,,,,,,,
160600,500.0,0.000010,,,,,,,,
160700,500.2,0.000006,,,,,,,,
160800,500.5,0.000008,,,,,,,,
160900,500.8,0.000008,,,,,,,,
161000,501.1,0.000007,,,,,,,,
161100,501.4,0.000007,,,,,,,,
161200,501.7,0.000008,,,,,,,,
161300,502.0,0.000008,,,,,,,,
161400,502.3,0.000008,,,,,,,,
161500,502.6,0.000006,,,,,,,,
161600,502.9,0.000008,,,,,,,,
161700,503.2,0.000008,,,,,,,,
161800,503.5,0.000008,,,,,,,,
161900,503.8,0.000012,,,,,,,,
162000,504.1,0.000008,,,,,,,,
162100,504.4,0.000008,,,,,,,,
162200,504.7,0.000006,,,,,,,,
162300,505.0,0.000008,,,,,,,,
162400,505.2,0.000007,,,,,,,,
162500,505.5,0.000007,,,,,,,,
162600,505.8,0.000007,,,,,,,,
162700,506.1,0.000008,,,,,,,,
162800,506.4,0.000007,,,,,,,,
162900,506.7,0.000008,,,,,,,,
163000,507.0,0.000011,,,,,,,,
163100,507.3,0.000007,,,,,,,,
163200,507.6,0.000010,,,,,,,,
163300,507.9,0.000007,,,,,,,,
163400,508.2,0.000009,,,,,,,,
163500,508.5,0.000007,,,,,,,,
163600,508.8,0.000008,,,,,,,,
163700,509.1,0.000006,,,,,,,,
163800,509.4,0.000006,,,,,,,,
163900,509.7,0.000010,,,,,,,,
164000,510.0,0.000008,,,,,,,,
164100,510.3,0.000008,,,,,,,,
164200,510.6,0.000008,,,,,,,,
164300,510.9,0.000007,,,,,,,,
164400,511.2,0.000007,,,,,,,,
164500,511.5,0.000009,,,,,,,,
164600,511.8,0.000006,,,,,,,,
164700,512.1,0.000006,,,,,,,,
164800,512.3,0.000008,,,,,,,,
164900,512.6,0.000006,,,,,,,,
165000,514.0,0.000008,0.000007,1.185146e+00,2.042503e-01,1.694382e-01,0.000000,1.011991e+00,1.881881e-01,1.588754e-01
165100,514.3,0.000007,,,,,,,,
165200,514.5,0.000011,,,,,,,,
165300,514.8,0.000008,,,,,,,,
165400,515.1,0.000007,,,,,,,,
165500,515.4,0.000007,,,,,,,,
165600,515.7,0.000007,,,,,,,,
165700,516.0,0.000008,,,,,,,,
165800,516.3,0.000011,,,,,,,,
165900,516.6,0.000007,,,,,,,,
166000,516.9,0.000007,,,,,,,,
166100,517.1,0.000008,,,,,,,,
166200,517.4,0.000007,,,,,,,,
166300,517.7,0.000009,,,,,,,,
166400,518.0,0.000008,,,,,,,,
166500,518.3,0.000012,,,,,,,,
166600,518.6,0.000007,,,,,,,,
166700,518.9,0.000007,,,,,,,,
166800,519.2,0.000007,,,,,,,,
166900,519.5,0.000007,,,,,,,,
167000,519.7,0.000007,,,,,,,,
167100,520.0,0.000006,,,,,,,,
167200,520.3,0.000008,,,,,,,,
167300,520.6,0.000011,,,,,,,,
167400,520.9,0.000007,,,,,,,,
167500,521.2,0.000007,,,,,,,,
167600,521.5,0.000007,,,,,,,,
167700,521.8,0.000007,,,,,,,,
167800,522.1,0.000008,,,,,,,,
167900,522.4,0.000007,,,,,,,,
168000,522.7,0.000010,,,,,,,,
168100,523.0,0.000009,,,,,,,,
168200,523.3,0.000007,,,,,,,,
168300,523.6,0.000006,,,,,,,,
168400,523.9,0.000008,,,,,,,,
168500,524.2,0.000007,,,,,,,,
168600,524.5,0.000007,,,,,,,,
168700,524.8,0.000007,,,,,,,,
168800,525.0,0.000008,,,,,,,,
168900,525.3,0.000007,,,,,,,,
169000,525.6,0.000010,,,,,,,,
169100,525.9,0.000007,,,,,,,,
169200,526.2,0.000008,,,,,,,,
169300,526.5,0.000009,,,,,,,,
169400,526.8,0.000007,,,,,,,,
169500,527.1,0.000009,,,,,,,,
169600,527.4,0.000008,,,,,,,,
169700,527.7,0.000007,,,,,,,,
169800,528.0,0.000007,,,,,,,,
169900,528.3,0.000008,,,,,,,,
170000,529.7,0.000008,0.000007,1.096288e+00,1.998410e-01,1.624299e-01,0.000000,9.491978e-01,1.839067e-01,1.526566e-01
170100,529.9,0.000011,,,,,,,,
170200,530.2,0.000007,,,,,,,,
170300,530.5,0.000007,,,,,,,,
170400,530.8,0.000007,,,,,,,,
170500,531.0,0.000008,,,,,,,,
170600,531.3,0.000010,,,,,,,,
170700,531.6,0.000008,,,,,,,,
170800,531.9,0.000007,,,,,,,,
170900,532.2,0.000006,,,,,,,,
171000,532.5,0.000007,,,,,,,,
171100,532.8,0.000007,,,,,,,,
171200,533.1,0.000009,,,,,,,,
171300,533.4,0.000007,,,,,,,,
171400,533.7,0.000008,,,,,,,,
171500,534.0,0.000007,,,,,,,,
171600,534.3,0.000006,,,,,,,,
171700,534.5,0.000011,,,,,,,,
171800,534.8,0.000007,,,,,,,,
171900,535.1,0.000006,,,,,,,,
172000,535.4,0.000006,,,,,,,,
172100,535.7,0.000008,,,,,,,,
172200,536.0,0.000008,,,,,,,,
172300,536.3,0.000007,,,,,,,,
172400,536.6,0.000006,,,,,,,,
172500,536.9,0.000008,,,,,,,,
172600,537.2,0.000010,,,,,,,,
172700,537.5,0.000008,,,,,,,,
172800,537.8,0.000007,,,,,,,,
172900,538.1,0.000007,,,,,,,,
173000,538.4,0.000007,,,,,,,,
173100,538.7,0.000008,,,,,,,,
173200,539.0,0.000007,,,,,,,,
173300,539.3,0.000008,,,,,,,,
173400,539.6,0.000007,,,,,,,,
173500,539.9,0.000007,,,,,,,,
173600,540.2,0.000007,,,,,,,,
173700,540.4,0.000008,,,,,,,,
173800,540.7,0.000008,,,,,,,,
173900,541.0,0.000009,,,,,,,,
174000,541.3,0.000008,,,,,,,,
174100,541.6,0.000006,,,,,,,,
174200,541.9,0.000008,,,,,,,,
174300,542.2,0.000007,,,,,,,,
174400,542.5,0.000008,,,,,,,,
174500,542.8,0.000009,,,,,,,,
174600,543.1,0.000007,,,,,,,,
174700,543.4,0.000006,,,,,,,,
174800,543.7,0.000008,,,,,,,,
174900,544.0,0.000005,,,,,,,,
175000,545.4,0.000007,0.000007,1.096668e+00,2.015586e-01,1.645250e-01,0.000000,9.244022e-01,1.859202e-01,1.551938e-01
175100,545.6,0.000008,,,,,,,,
175200,545.9,0.000009,,,,,,,,
175300,546.2,0.000007,,,,,,,,
175400,546.5,0.000007,,,,,,,,
175500,546.8,0.000008,,,,,,,,
175600,547.1,0.000008,,,,,,,,
175700,547.4,0.000009,,,,,,,,
175800,547.6,0.000007,,,,,,,,
175900,547.9,0.000009,,,,,,,,
176000,548.2,0.000007,,,,,,,,
176100,548.5,0.000006,,,,,,,,
176200,548.8,0.000006,,,,,,,,
176300,549.0,0.000009,,,,,,,,
176400,549.3,0.000014,,,,,,,,
176500,549.6,0.000008,,,,,,,,
176600,549.9,0.000009,,,,,,,,
176700,550.2,0.000009,,,,,,,,
176800,550.5,0.000008,,,,,,,,
176900,550.7,0.000009,,,,,,,,
177000,551.0,0.000008,,,,,,,,
177100,551.3,0.000007,,,,,,,,
177200,551.6,0.000008,,,,,,,,
177300,551.9,0.000006,,,,,,,,
177400,552.2,0.000005,,,,,,,,
177500,552.5,0.000010,,,,,,,,
177600,552.8,0.000006,,,,,,,,
177700,553.1,0.000006,,,,,,,,
177800,553.4,0.000006,,,,,,,,
177900,553.7,0.000007,,,,,,,,
178000,553.9,0.000006,,,,,,,,
178100,554.2,0.000007,,,,,,,,
178200,554.5,0.000009,,,,,,,,
178300,554.8,0.000006,,,,,,,,
178400,555.1,0.000007,,,,,,,,
178500,555.4,0.000007,,,,,,,,
178600,555.7,0.000009,,,,,,,,
178700,556.0,0.000007,,,,,,,,
178800,556.3,0.000008,,,,,,,,
178900,556.6,0.000007,,,,,,,,
179000,556.9,0.000010,,,,,,,,
179100,557.2,0.000007,,,,,,,,
179200,557.5,0.000010,,,,,,,,
179300,557.8,0.000006,,,,,,,,
179400,558.1,0.000008,,,,,,,,
179500,558.4,0.000007,,,,,,,,
179600,558.7,0.000006,,,,,,,,
179700,559.0,0.000006,,,,,,,,
179800,559.3,0.000007,,,,,,,,
179900,559.5,0.000006,,,,,,,,
180000,560.9,0.000008,0.000008,1.193376e+00,2.292914e-01,1.904946e-01,0.000000,1.059780e+00,2.155724e-01,1.819169e-01
180100,561.2,0.000008,,,,,,,,
180200,561.5,0.000006,,,,,,,,
180300,561.8,0.000007,,,,,,,,
180400,562.1,0.000008,,,,,,,,
180500,562.4,0.000008,,,,,,,,
180600,562.6,0.000006,,,,,,,,
180700,562.9,0.000008,,,,,,,,
180800,563.2,0.000006,,,,,,,,
180900,563.5,0.000011,,,,,,,,
181000,563.8,0.000006,,,,,,,,
181100,564.1,0.000007,,,,,,,,
181200,564.4,0.000009,,,,,,,,
181300,564.7,0.000007,,,,,,,,
181400,565.0,0.000007,,,,,,,,
181500,565.3,0.000007,,,,,,,,
181600,565.6,0.000007,,,,,,,,
181700,565.9,0.000007,,,,,,,,
181800,566.2,0.000008,,,,,,,,
181900,566.5,0.000007,,,,,,,,
182000,566.7,0.000007,,,,,,,,
182100,567.0,0.000007,,,,,,,,
182200,567.3,0.000006,,,,,,,,
182300,567.6,0.000009,,,,,,,,
182400,567.9,0.000007,,,,,,,,
182500,568.2,0.000012,,,,,,,,
182600,568.5,0.000009,,,,,,,,
182700,568.8,0.000006,,,,,,,,
182800,569.1,0.000007,,,,,,,,
182900,569.4,0.000008,,,,,,,,
183000,569.7,0.000007,,,,,,,,
183100,570.0,0.000006,,,,,,,,
183200,570.3,0.000008,,,,,,,,
183300,570.6,0.000008,,,,,,,,
183400,570.8,0.000008,,,,,,,,
183500,571.1,0.000009,,,,,,,,
183600,571.4,0.000007,,,,,,,,
183700,571.7,0.000011,,,,,,,,
183800,572.0,0.000012,,,,,,,,
183900,572.3,0.000007,,,,,,,,
184000,572.6,0.000006,,,,,,,,
184100,572.9,0.000011,,,,,,,,
184200,573.2,0.000010,,,,,,,,
184300,573.5,0.000007,,,,,,,,
184400,573.8,0.000006,,,,,,,,
184500,574.1,0.000007,,,,,,,,
184600,574.4,0.000006,,,,,,,,
184700,574.6,0.000008,,,,,,,,
184800,574.9,0.000006,,,,,,,,
184900,575.2,0.000007,,,,,,,,
185000,576.6,0.000012,0.000007,1.071281e+00,2.043322e-01,1.677657e-01,0.000000,8.987484e-01,1.882406e-01,1.573328e-01
185100,576.9,0.000008,,,,,,,,
185200,577.2,0.000008,,,,,,,,
185300,577.5,0.000007,,,,,,,,
185400,577.7,0.000006,,,,,,,,
185500,578.0,0.000007,,,,,,,,
185600,578.3,0.000008,,,,,,,,
185700,578.6,0.000008,,,,,,,,
185800,578.9,0.000009,,,,,,,,
185900,579.2,0.000008,,,,,,,,
186000,579.5,0.000008,,,,,,,,
186100,579.8,0.000006,,,,,,,,
186200,580.1,0.000007,,,,,,,,
186300,580.3,0.000007,,,,,,,,
186400,580.6,0.000008,,,,,,,,
186500,580.9,0.000007,,,,,,,,
186600,581.2,0.000007,,,,,,,,
186700,581.5,0.000011,,,,,,,,
186800,581.8,0.000008,,,,,,,,
186900,582.0,0.000007,,,,,,,,
187000,582.3,0.000007,,,,,,,,
187100,582.6,0.000007,,,,,,,,
187200,582.9,0.000008,,,,,,,,
187300,583.2,0.000006,,,,,,,,
187400,583.5,0.000008,,,,,,,,
187500,583.8,0.000007,,,,,,,,
187600,584.1,0.000008,,,,,,,,
187700,584.4,0.000008,,,,,,,,
187800,584.7,0.000008,,,,,,,,
187900,585.0,0.000009,,,,,,,,
188000,585.3,0.000006,,,,,,,,
188100,585.6,0.000006,,,,,,,,
188200,585.9,0.000007,,,,,,,,
188300,586.2,0.000007,,,,,,,,
188400,586.5,0.000006,,,,,,,,
188500,586.8,0.000008,,,,,,,,
188600,587.1,0.000007,,,,,,,,
188700,587.4,0.000008,,,,,,,,
188800,587.6,0.000008,,,,,,,,
188900,587.9,0.000007,,,,,,,,
189000,588.2,0.000006,,,,,,,,
189100,588.5,0.000007,,,,,,,,
189200,588.8,0.000006,,,,,,,,
189300,589.1,0.000007,,,,,,,,
189400,589.4,0.000009,,,,,,,,
189500,589.7,0.000009,,,,,,,,
189600,590.0,0.000007,,,,,,,,
189700,590.2,0.000009,,,,,,,,
189800,590.5,0.000009,,,,,,,,
189900,590.8,0.000007,,,,,,,,
190000,592.2,0.000006,0.000007,1.108348e+00,2.144868e-01,1.772435e-01,0.000000,1.008164e+00,1.995036e-01,1.675648e-01
190100,592.5,0.000007,,,,,,,,
190200,592.8,0.000007,,,,,,,,
190300,593.0,0.000007,,,,,,,,
190400,593.3,0.000010,,,,,,,,
190500,593.6,0.000008,,,,,,,,
190600,593.9,0.000010,,,,,,,,
190700,594.2,0.000009,,,,,,,,
190800,594.5,0.000007,,,,,,,,
190900,594.8,0.000007,,,,,,,,
191000,595.1,0.000008,,,,,,,,
191100,595.3,0.000007,,,,,,,,
191200,595.6,0.000008,,,,,,,,
191300,595.9,0.000011,,,,,,,,
191400,596.2,0.000007,,,,,,,,
191500,596.5,0.000006,,,,,,,,
191600,596.8,0.000008,,,,,,,,
191700,597.1,0.000008,,,,,,,,
191800,597.4,0.000007,,,,,,,,
191900,597.7,0.000009,,,,,,,,
192000,598.0,0.000008,,,,,,,,
192100,598.3,0.000006,,,,,,,,
192200,598.5,0.000008,,,,,,,,
192300,598.8,0.000007,,,,,,,,
192400,599.1,0.000010,,,,,,,,
192500,599.4,0.000007,,,,,,,,
192600,599.7,0.000008,,,,,,,,
192700,600.0,0.000008,,,,,,,,
192800,600.3,0.000007,,,,,,,,
192900,600.6,0.000007,,,,,,,,
193000,600.8,0.000006,,,,,,,,
193100,601.1,0.000008,,,,,,,,
193200,601.4,0.000008,,,,,,,,
193300,601.7,0.000006,,,,,,,,
193400,602.0,0.000009,,,,,,,,
193500,602.3,0.000007,,,,,,,,
193600,602.5,0.000007,,,,,,,,
193700,602.8,0.000008,,,,,,,,
193800,603.1,0.000008,,,,,,,,
193900,603.4,0.000007,,,,,,,,
194000,603.7,0.000007,,,,,,,,
194100,604.0,0.000008,,,,,,,,
194200,604.3,0.000008,,,,,,,,
194300,604.6,0.000006,,,,,,,,
194400,604.8,0.000008,,,,,,,,
194500,605.1,0.000007,,,,,,,,
194600,605.4,0.000009,,,,,,,,
194700,605.7,0.000006,,,,,,,,
194800,606.0,0.000007,,,,,,,,
194900,606.3,0.000007,,,,,,,,
195000,607.7,0.000009,0.000008,1.134568e+00,2.322246e-01,1.942069e-01,0.000000,1.005049e+00,2.182028e-01,1.844619e-01
195100,607.9,0.000007,,,,,,,,
195200,608.2,0.000008,,,,,,,,
195300,608.5,0.000010,,,,,,,,
195400,608.8,0.000007,,,,,,,,
195500,609.1,0.000008,,,,,,,,
195600,609.4,0.000006,,,,,,,,
195700,609.6,0.000008,,,,,,,,
195800,609.9,0.000008,,,,,,,,
195900,610.2,0.000008,,,,,,,,
196000,610.5,0.000007,,,,,,,,
196100,610.8,0.000007,,,,,,,,
196200,611.1,0.000007,,,,,,,,
196300,611.4,0.000008,,,,,,,,
196400,611.7,0.000007,,,,,,,,
196500,611.9,0.000007,,,,,,,,
196600,612.2,0.000007,,,,,,,,
196700,612.5,0.000006,,,,,,,,
196800,612.8,0.000008,,,,,,,,
196900,613.1,0.000007,,,,,,,,
197000,613.4,0.000007,,,,,,,,
197100,613.7,0.000008,,,,,,,,
197200,614.0,0.000008,,,,,,,,
197300,614.2,0.000008,,,,,,,,
197400,614.5,0.000006,,,,,,,,
197500,614.8,0.000007,,,,,,,,
197600,615.1,0.000009,,,,,,,,
197700,615.4,0.000006,,,,,,,,
197800,615.7,0.000006,,,,,,,,
197900,616.0,0.000007,,,,,,,,
198000,616.3,0.000007,,,,,,,,
198100,616.6,0.000008,,,,,,,,
198200,616.8,0.000007,,,,,,,,
198300,617.1,0.000008,,,,,,,,
198400,617.4,0.000007,,,,,,,,
198500,617.7,0.000007,,,,,,,,
198600,618.0,0.000006,,,,,,,,
198700,618.3,0.000008,,,,,,,,
198800,618.6,0.000010,,,,,,,,
198900,618.9,0.000007,,,,,,,,
199000,619.2,0.000008,,,,,,,,
199100,619.5,0.000007,,,,,,,,
199200,619.7,0.000007,,,,,,,,
199300,620.0,0.000006,,,,,,,,
199400,620.3,0.000008,,,,,,,,
199500,620.6,0.000006,,,,,,,,
199600,620.9,0.000008,,,,,,,,
199700,621.2,0.000006,,,,,,,,
199800,621.5,0.000009,,,,,,,,
199900,621.8,0.000007,,,,,,,,
200000,623.2,0.000006,0.000007,1.112716e+00,2.013633e-01,1.642031e-01,0.000000,9.640961e-01,1.857113e-01,1.540969e-01
200100,623.4,0.000011,,,,,,,,
200200,623.6,0.000007,,,,,,,,
200300,623.9,0.000009,,,,,,,,
200400,624.2,0.000007,,,,,,,,
200500,624.5,0.000009,,,,,,,,
200600,624.8,0.000007,,,,,,,,
200700,625.1,0.000007,,,,,,,,
200800,625.4,0.000006,,,,,,,,
200900,625.7,0.000006,,,,,,,,
201000,626.0,0.000008,,,,,,,,
201100,626.3,0.000007,,,,,,,,
201200,626.5,0.000008,,,,,,,,
201300,626.8,0.000007,,,,,,,,
201400,627.1,0.000008,,,,,,,,
201500,627.4,0.000010,,,,,,,,
201600,627.6,0.000006,,,,,,,,
201700,627.9,0.000010,,,,,,,,
201800,628.2,0.000006,,,,,,,,
201900,628.5,0.000009,,,,,,,,
202000,628.8,0.000008,,,,,,,,
202100,629.1,0.000007,,,,,,,,
202200,629.3,0.000007,,,,,,,,
202300,629.6,0.000008,,,,,,,,
202400,629.9,0.000008,,,,,,,,
202500,630.2,0.000008,,,,,,,,
202600,630.5,0.000011,,,,,,,,
202700,630.8,0.000006,,,,,,,,
202800,631.1,0.000007,,,,,,,,
202900,631.4,0.000008,,,,,,,,
203000,631.6,0.000007,,,,,,,,
203100,631.9,0.000006,,,,,,,,
203200,632.2,0.000007,,,,,,,,
203300,632.5,0.000007,,,,,,,,
203400,632.8,0.000008,,,,,,,,
203500,633.1,0.000007,,,,,,,,
203600,633.4,0.000007,,,,,,,,
203700,633.7,0.000010,,,,,,,,
203800,634.0,0.000008,,,,,,,,
203900,634.2,0.000009,,,,,,,,
204000,634.5,0.000007,,,,,,,,
204100,634.8,0.000010,,,,,,,,
204200,635.1,0.000007,,,,,,,,
204300,635.4,0.000007,,,,,,,,
204400,635.7,0.000007,,,,,,,,
204500,636.0,0.000007,,,,,,,,
204600,636.3,0.000006,,,,,,,,
204700,636.6,0.000008,,,,,,,,
204800,636.9,0.000007,,,,,,,,
204900,637.2,0.000006,,,,,,,,
205000,638.6,0.000007,0.000007,1.189421e+00,2.086937e-01,1.706531e-01,0.000000,1.039234e+00,1.934041e-01,1.612918e-01
205100,638.8,0.000006,,,,,,,,
205200,639.1,0.000007,,,,,,,,
205300,639.4,0.000007,,,,,,,,
205400,639.6,0.000008,,,,,,,,
205500,639.9,0.000007,,,,,,,,
205600,640.2,0.000007,,,,,,,,
205700,640.5,0.000007,,,,,,,,
205800,640.8,0.000009,,,,,,,,
205900,641.1,0.000007,,,,,,,,
206000,641.4,0.000009,,,,,,,,
206100,641.7,0.000006,,,,,,,,
206200,642.0,0.000007,,,,,,,,
206300,642.3,0.000009,,,,,,,,
206400,642.5,0.000008,,,,,,,,
206500,642.8,0.000009,,,,,,,,
206600,643.1,0.000008,,,,,,,,
206700,643.4,0.000007,,,,,,,,
206800,643.7,0.000006,,,,,,,,
206900,644.0,0.000008,,,,,,,,
207000,644.2,0.000006,,,,,,,,
207100,644.5,0.000006,,,,,,,,
207200,644.8,0.000009,,,,,,,,
207300,645.1,0.000006,,,,,,,,
207400,645.4,0.000007,,,,,,,,
207500,645.7,0.000006,,,,,,,,
207600,646.0,0.000009,,,,,,,,
207700,646.3,0.000007,,,,,,,,
207800,646.6,0.000008,,,,,,,,
207900,646.9,0.000007,,,,,,,,
208000,647.1,0.000006,,,,,,,,
208100,647.4,0.000007,,,,,,,,
208200,647.7,0.000007,,,,,,,,
208300,648.0,0.000007,,,,,,,,
208400,648.3,0.000008,,,,,,,,
208500,648.6,0.000007,,,,,,,,
208600,648.9,0.000007,,,,,,,,
208700,649.2,0.000006,,,,,,,,
208800,649.5,0.000008,,,,,,,,
208900,649.8,0.000008,,,,,,,,
209000,650.0,0.000007,,,,,,,,
209100,650.3,0.000008,,,,,,,,
209200,650.6,0.000009,,,,,,,,
209300,650.9,0.000008,,,,,,,,
209400,651.2,0.000007,,,,,,,,
209500,651.5,0.000008,,,,,,,,
209600,651.8,0.000007,,,,,,,,
209700,652.1,0.000008,,,,,,,,
209800,652.4,0.000008,,,,,,,,
209900,652.7,0.000006,,,,,,,,
210000,654.1,0.000007,0.000008,1.163548e+00,2.266958e-01,1.871209e-01,0.000000,1.026715e+00,2.130938e-01,1.786736e-01
210100,654.3,0.000006,,,,,,,,
210200,654.6,0.000011,,,,,,,,
210300,654.9,0.000006,,,,,,,,
210400,655.1,0.000007,,,,,,,,
210500,655.4,0.000006,,,,,,,,
210600,655.7,0.000011,,,,,,,,
210700,656.0,0.000009,,,,,,,,
210800,656.3,0.000006,,,,,,,,
210900,656.6,0.000007,,,,,,,,
211000,656.9,0.000008,,,,,,,,
211100,657.2,0.000007,,,,,,,,
211200,657.5,0.000007,,,,,,,,
211300,657.7,0.000008,,,,,,,,
211400,658.0,0.000007,,,,,,,,
211500,658.3,0.000008,,,,,,,,
211600,658.6,0.000012,,,,,,,,
211700,658.9,0.000007,,,,,,,,
211800,659.2,0.000007,,,,,,,,
211900,659.5,0.000007,,,,,,,,
212000,659.8,0.000009,,,,,,,,
212100,660.1,0.000007,,,,,,,,
212200,660.3,0.000008,,,,,,,,
212300,660.6,0.000008,,,,,,,,
212400,660.9,0.000007,,,,,,,,
212500,661.2,0.000008,,,,,,,,
212600,661.5,0.000006,,,,,,,,
212700,661.8,0.000009,,,,,,,,
212800,662.1,0.000007,,,,,,,,
212900,662.4,0.000008,,,,,,,,
213000,662.6,0.000006,,,,,,,,
213100,662.9,0.000007,,,,,,,,
213200,663.2,0.000008,,,,,,,,
213300,663.5,0.000008,,,,,,,,
213400,663.8,0.000008,,,,,,,,
213500,664.1,0.000007,,,,,,,,
213600,664.4,0.000006,,,,,,,,
213700,664.7,0.000007,,,,,,,,
213800,665.0,0.000007,,,,,,,,
213900,665.2,0.000006,,,,,,,,
214000,665.5,0.000006,,,,,,,,
214100,665.8,0.000008,,,,,,,,
214200,666.1,0.000006,,,,,,,,
214300,666.4,0.000006,,,,,,,,
214400,666.7,0.000007,,,,,,,,
214500,667.0,0.000007,,,,,,,,
214600,667.3,0.000008,,,,,,,,
214700,667.6,0.000008,,,,,,,,
214800,667.9,0.000007,,,,,,,,
214900,668.2,0.000006,,,,,,,,
215000,669.5,0.000009,0.000007,1.084900e+00,2.076468e-01,1.693974e-01,0.000000,9.521449e-01,1.924151e-01,1.600734e-01
215100,669.8,0.000006,,,,,,,,
215200,670.1,0.000007,,,,,,,,
215300,670.4,0.000006,,,,,,,,
215400,670.7,0.000006,,,,,,,,
215500,671.0,0.000008,,,,,,,,
215600,671.3,0.000008,,,,,,,,
215700,671.6,0.000008,,,,,,,,
215800,671.9,0.000007,,,,,,,,
215900,672.1,0.000007,,,,,,,,
216000,672.4,0.000007,,,,,,,,
216100,672.7,0.000006,,,,,,,,
216200,673.0,0.000009,,,,,,,,
216300,673.3,0.000006,,,,,,,,
216400,673.6,0.000008,,,,,,,,
216500,673.9,0.000007,,,,,,,,
216600,674.1,0.000008,,,,,,,,
216700,674.4,0.000008,,,,,,,,
216800,674.7,0.000007,,,,,,,,
216900,675.0,0.000008,,,,,,,,
217000,675.3,0.000007,,,,,,,,
217100,675.6,0.000008,,,,,,,,
217200,675.9,0.000006,,,,,,,,
217300,676.2,0.000006,,,,,,,,
217400,676.5,0.000007,,,,,,,,
217500,676.8,0.000008,,,,,,,,
217600,677.1,0.000008,,,,,,,,
217700,677.4,0.000007,,,,,,,,
217800,677.7,0.000007,,,,,,,,
217900,678.0,0.000007,,,,,,,,
218000,678.2,0.000006,,,,,,,,
218100,678.5,0.000007,,,,,,,,
218200,678.8,0.000007,,,,,,,,
218300,679.1,0.000007,,,,,,,,
218400,679.4,0.000007,,,,,,,,
218500,679.7,0.000007,,,,,,,,
218600,680.0,0.000008,,,,,,,,
218700,680.3,0.000011,,,,,,,,
218800,680.6,0.000007,,,,,,,,
218900,680.8,0.000007,,,,,,,,
219000,681.1,0.000007,,,,,,,,
219100,681.4,0.000009,,,,,,,,
219200,681.7,0.000007,,,,,,,,
219300,682.0,0.000006,,,,,,,,
219400,682.3,0.000008,,,,,,,,
219500,682.6,0.000009,,,,,,,,
219600,682.9,0.000008,,,,,,,,
219700,683.2,0.000006,,,,,,,,
219800,683.5,0.000008,,,,,,,,
219900,683.7,0.000010,,,,,,,,
220000,685.1,0.000007,0.000006,1.151294e+00,1.964694e-01,1.612833e-01,0.000000,9.794178e-01,1.811856e-01,1.512005e-01
220100,685.4,0.000007,,,,,,,,
220200,685.7,0.000007,,,,,,,,
220300,685.9,0.000006,,,,,,,,
220400,686.2,0.000007,,,,,,,,
220500,686.5,0.000007,,,,,,,,
220600,686.8,0.000006,,,,,,,,
220700,687.1,0.000007,,,,,,,,
220800,687.4,0.000007,,,,,,,,
220900,687.7,0.000007,,,,,,,,
221000,688.0,0.000008,,,,,,,,
221100,688.3,0.000007,,,,,,,,
221200,688.6,0.000008,,,,,,,,
221300,688.9,0.000007,,,,,,,,
221400,689.2,0.000008,,,,,,,,
221500,689.4,0.000008,,,,,,,,
221600,689.7,0.000009,,,,,,,,
221700,690.0,0.000008,,,,,,,,
221800,690.3,0.000006,,,,,,,,
221900,690.6,0.000006,,,,,,,,
222000,690.9,0.000006,,,,,,,,
222100,691.2,0.000007,,,,,,,,
222200,691.5,0.000008,,,,,,,,
222300,691.8,0.000008,,,,,,,,
222400,692.1,0.000008,,,,,,,,
222500,692.4,0.000007,,,,,,,,
222600,692.7,0.000008,,,,,,,,
222700,693.0,0.000006,,,,,,,,
222800,693.3,0.000006,,,,,,,,
222900,693.6,0.000007,,,,,,,,
223000,693.9,0.000008,,,,,,,,
223100,694.2,0.000009,,,,,,,,
223200,694.4,0.000006,,,,,,,,
223300,694.7,0.000006,,,,,,,,
223400,695.0,0.000007,,,,,,,,
223500,695.3,0.000005,,,,,,,,
223600,695.6,0.000007,,,,,,,,
223700,695.9,0.000008,,,,,,,,
223800,696.2,0.000010,,,,,,,,
223900,696.5,0.000007,,,,,,,,
224000,696.8,0.000008,,,,,,,,
224100,697.1,0.000005,,,,,,,,
224200,697.4,0.000007,,,,,,,,
224300,697.7,0.000008,,,,,,,,
224400,697.9,0.000010,,,,,,,,
224500,698.2,0.000008,,,,,,,,
224600,698.5,0.000007,,,,,,,,
224700,698.8,0.000006,,,,,,,,
224800,699.1,0.000012,,,,,,,,
224900,699.4,0.000007,,,,,,,,
225000,700.8,0.000009,0.000006,1.057472e+00,1.968760e-01,1.613339e-01,0.000000,8.926115e-01,1.806980e-01,1.508858e-01
225100,701.0,0.000006,,,,,,,,
225200,701.3,0.000005,,,,,,,,
225300,701.6,0.000008,,,,,,,,
225400,701.9,0.000007,,,,,,,,
225500,702.2,0.000009,,,,,,,,
225600,702.5,0.000006,,,,,,,,
225700,702.8,0.000006,,,,,,,,
225800,703.1,0.000009,,,,,,,,
225900,703.3,0.000007,,,,,,,,
226000,703.6,0.000006,,,,,,,,
226100,703.9,0.000008,,,,,,,,
226200,704.2,0.000007,,,,,,,,
226300,704.5,0.000009,,,,,,,,
226400,704.8,0.000007,,,,,,,,
226500,705.1,0.000008,,,,,,,,
226600,705.4,0.000007,,,,,,,,
226700,705.7,0.000009,,,,,,,,
226800,706.0,0.000007,,,,,,,,
226900,706.2,0.000007,,,,,,,,
227000,706.5,0.000007,,,,,,,,
227100,706.8,0.000010,,,,,,,,
227200,707.1,0.000006,,,,,,,,
227300,707.4,0.000010,,,,,,,,
227400,707.7,0.000007,,,,,,,,
227500,708.0,0.000007,,,,,,,,
227600,708.3,0.000008,,,,,,,,
227700,708.5,0.000010,,,,,,,,
227800,708.8,0.000007,,,,,,,,
227900,709.1,0.000007,,,,,,,,
228000,709.3,0.000005,,,,,,,,
228100,709.6,0.000007,,,,,,,,
228200,709.9,0.000008,,,,,,,,
228300,710.2,0.000008,,,,,,,,
228400,710.5,0.000008,,,,,,,,
228500,710.8,0.000007,,,,,,,,
228600,711.1,0.000007,,,,,,,,
228700,711.4,0.000007,,,,,,,,
228800,711.7,0.000007,,,,,,,,
228900,711.9,0.000008,,,,,,,,
229000,712.2,0.000008,,,,,,,,
229100,712.5,0.000007,,,,,,,,
229200,712.8,0.000007,,,,,,,,
229300,713.1,0.000006,,,,,,,,
229400,713.4,0.000008,,,,,,,,
229500,713.7,0.000008,,,,,,,,
229600,714.0,0.000008,,,,,,,,
229700,714.3,0.000006,,,,,,,,
229800,714.6,0.000006,,,,,,,,
229900,714.9,0.000007,,,,,,,,
230000,716.2,0.000008,0.000007,1.084598e+00,2.039753e-01,1.655024e-01,0.000000,9.314520e-01,1.888614e-01,1.557256e-01
230100,716.5,0.000006,,,,,,,,
230200,716.8,0.000006,,,,,,,,
230300,717.1,0.000007,,,,,,,,
230400,717.3,0.000008,,,,,,,,
230500,717.6,0.000006,,,,,,,,
230600,717.9,0.000008,,,,,,,,
230700,718.2,0.000008,,,,,,,,
230800,718.5,0.000008,,,,,,,,
230900,718.8,0.000008,,,,,,,,
231000,719.1,0.000007,,,,,,,,
231100,719.4,0.000007,,,,,,,,
231200,719.7,0.000006,,,,,,,,
231300,720.0,0.000008,,,,,,,,
231400,720.2,0.000006,,,,,,,,
231500,720.5,0.000007,,,,,,,,
231600,720.8,0.000006,,,,,,,,
231700,721.1,0.000008,,,,,,,,
231800,721.4,0.000007,,,,,,,,
231900,721.7,0.000008,,,,,,,,
232000,722.0,0.000006,,,,,,,,
232100,722.3,0.000006,,,,,,,,
232200,722.6,0.000006,,,,,,,,
232300,722.9,0.000008,,,,,,,,
232400,723.2,0.000006,,,,,,,,
232500,723.5,0.000007,,,,,,,,
232600,723.7,0.000006,,,,,,,,
232700,724.0,0.000008,,,,,,,,
232800,724.3,0.000006,,,,,,,,
232900,724.6,0.000007,,,,,,,,
233000,724.9,0.000009,,,,,,,,
233100,725.2,0.000006,,,,,,,,
233200,725.5,0.000006,,,,,,,,
233300,725.8,0.000006,,,,,,,,
233400,726.1,0.000007,,,,,,,,
233500,726.4,0.000009,,,,,,,,
233600,726.7,0.000009,,,,,,,,
233700,727.0,0.000008,,,,,,,,
233800,727.3,0.000007,,,,,,,,
233900,727.6,0.000011,,,,,,,,
234000,727.9,0.000007,,,,,,,,
234100,728.2,0.000008,,,,,,,,
234200,728.5,0.000006,,,,,,,,
234300,728.7,0.000009,,,,,,,,
234400,729.0,0.000007,,,,,,,,
234500,729.3,0.000008,,,,,,,,
234600,729.6,0.000009,,,,,,,,
234700,729.9,0.000006,,,,,,,,
234800,730.2,0.000009,,,,,,,,
234900,730.5,0.000007,,,,,,,,
235000,731.9,0.000008,0.000007,1.230880e+00,2.124617e-01,1.768595e-01,0.000000,1.059668e+00,1.977928e-01,1.670119e-01
235100,732.1,0.000007,,,,,,,,
235200,732.4,0.000008,,,,,,,,
235300,732.7,0.000006,,,,,,,,
235400,733.0,0.000007,,,,,,,,
235500,733.3,0.000006,,,,,,,,
235600,733.6,0.000006,,,,,,,,
235700,733.8,0.000007,,,,,,,,
235800,734.1,0.000006,,,,,,,,
235900,734.4,0.000009,,,,,,,,
236000,734.7,0.000007,,,,,,,,
236100,735.0,0.000007,,,,,,,,
236200,735.3,0.000007,,,,,,,,
236300,735.6,0.000007,,,,,,,,
236400,735.9,0.000007,,,,,,,,
236500,736.2,0.000009,,,,,,,,
236600,736.5,0.000007,,,,,,,,
236700,736.8,0.000006,,,,,,,,
236800,737.1,0.000009,,,,,,,,
236900,737.3,0.000008,,,,,,,,
237000,737.6,0.000006,,,,,,,,
237100,737.9,0.000009,,,,,,,,
237200,738.2,0.000008,,,,,,,,
237300,738.5,0.000007,,,,,,,,
237400,738.8,0.000007,,,,,,,,
237500,739.1,0.000007,,,,,,,,
237600,739.4,0.000006,,,,,,,,
237700,739.7,0.000007,,,,,,,,
237800,740.0,0.000009,,,,,,,,
237900,740.3,0.000006,,,,,,,,
238000,740.6,0.000010,,,,,,,,
238100,740.9,0.000008,,,,,,,,
238200,741.2,0.000008,,,,,,,,
238300,741.4,0.000009,,,,,,,,
238400,741.7,0.000007,,,,,,,,
238500,742.0,0.000008,,,,,,,,
238600,742.3,0.000006,,,,,,,,
238700,742.6,0.000007,,,,,,,,
238800,742.9,0.000007,,,,,,,,
238900,743.2,0.000006,,,,,,,,
239000,743.5,0.000007,,,,,,,,
239100,743.8,0.000007,,,,,,,,
239200,744.1,0.000006,,,,,,,,
239300,744.4,0.000008,,,,,,,,
239400,744.7,0.000008,,,,,,,,
239500,744.9,0.000006,,,,,,,,
239600,745.2,0.000008,,,,,,,,
239700,745.5,0.000009,,,,,,,,
239800,745.8,0.000007,,,,,,,,
239900,746.1,0.000008,,,,,,,,
240000,747.5,0.000007,0.000007,1.205657e+00,2.043252e-01,1.651396e-01,0.000000,1.055046e+00,1.893322e-01,1.558974e-01
240100,747.7,0.000007,,,,,,,,
240200,748.0,0.000006,,,,,,,,
240300,748.3,0.000006,,,,,,,,
240400,748.6,0.000010,,,,,,,,
240500,748.9,0.000007,,,,,,,,
240600,749.2,0.000009,,,,,,,,
240700,749.4,0.000007,,,,,,,,
240800,749.7,0.000008,,,,,,,,
240900,750.0,0.000008,,,,,,,,
241000,750.3,0.000007,,,,,,,,
241100,750.6,0.000011,,,,,,,,
241200,750.9,0.000007,,,,,,,,
241300,751.1,0.000007,,,,,,,,
241400,751.4,0.000007,,,,,,,,
241500,751.7,0.000006,,,,,,,,
241600,752.0,0.000006,,,,,,,,
241700,752.3,0.000007,,,,,,,,
241800,752.6,0.000008,,,,,,,,
241900,752.9,0.000006,,,,,,,,
242000,753.2,0.000008,,,,,,,,
242100,753.4,0.000006,,,,,,,,
242200,753.7,0.000008,,,,,,,,
242300,754.0,0.000008,,,,,,,,
242400,754.3,0.000007,,,,,,,,
242500,754.6,0.000006,,,,,,,,
242600,754.9,0.000009,,,,,,,,
242700,755.2,0.000007,,,,,,,,
242800,755.5,0.000007,,,,,,,,
242900,755.8,0.000009,,,,,,,,
243000,756.1,0.000009,,,,,,,,
243100,756.4,0.000006,,,,,,,,
243200,756.7,0.000008,,,,,,,,
243300,756.9,0.000008,,,,,,,,
243400,757.2,0.000009,,,,,,,,
243500,757.5,0.000007,,,,,,,,
243600,757.8,0.000006,,,,,,,,
243700,758.1,0.000007,,,,,,,,
243800,758.4,0.000007,,,,,,,,
243900,758.7,0.000010,,,,,,,,
244000,759.0,0.000006,,,,,,,,
244100,759.2,0.000008,,,,,,,,
244200,759.5,0.000007,,,,,,,,
244300,759.8,0.000007,,,,,,,,
244400,760.1,0.000009,,,,,,,,
244500,760.4,0.000007,,,,,,,,
244600,760.7,0.000007,,,,,,,,
244700,761.0,0.000007,,,,,,,,
244800,761.3,0.000008,,,,,,,,
244900,761.5,0.000007,,,,,,,,
245000,762.9,0.000006,0.000007,1.048679e+00,2.010083e-01,1.666046e-01,0.000000,8.780155e-01,1.854235e-01,1.570960e-01
245100,763.2,0.000007,,,,,,,,
245200,763.5,0.000007,,,,,,,,
245300,763.8,0.000008,,,,,,,,
245400,764.1,0.000010,,,,,,,,
245500,764.3,0.000008,,,,,,,,
245600,764.6,0.000006,,,,,,,,
245700,764.9,0.000007,,,,,,,,
245800,765.2,0.000007,,,,,,,,
245900,765.5,0.000008,,,,,,,,
246000,765.8,0.000006,,,,,,,,
246100,766.1,0.000008,,,,,,,,
246200,766.4,0.000007,,,,,,,,
246300,766.7,0.000007,,,,,,,,
246400,767.0,0.000007,,,,,,,,
246500,767.3,0.000007,,,,,,,,
246600,767.6,0.000007,,,,,,,,
246700,767.9,0.000007,,,,,,,,
246800,768.2,0.000007,,,,,,,,
246900,768.5,0.000008,,,,,,,,
247000,768.8,0.000009,,,,,,,,
247100,769.1,0.000007,,,,,,,,
247200,769.4,0.000009,,,,,,,,
247300,769.6,0.000006,,,,,,,,
247400,769.9,0.000009,,,,,,,,
247500,770.2,0.000006,,,,,,,,
247600,770.5,0.000007,,,,,,,,
247700,770.8,0.000009,,,,,,,,
247800,771.1,0.000007,,,,,,,,
247900,771.4,0.000007,,,,,,,,
248000,771.7,0.000008,,,,,,,,
248100,772.0,0.000007,,,,,,,,
248200,772.3,0.000009,,,,,,,,
248300,772.6,0.000007,,,,,,,,
248400,772.9,0.000006,,,,,,,,
248500,773.2,0.000008,,,,,,,,
248600,773.5,0.000007,,,,,,,,
248700,773.7,0.000006,,,,,,,,
248800,774.0,0.000006,,,,,,,,
248900,774.3,0.000006,,,,,,,,
249000,774.6,0.000009,,,,,,,,
249100,774.9,0.000007,,,,,,,,
249200,775.2,0.000007,,,,,,,,
249300,775.5,0.000006,,,,,,,,
249400,775.8,0.000008,,,,,,,,
249500,776.1,0.000008,,,,,,,,
249600,776.3,0.000008,,,,,,,,
249700,776.6,0.000007,,,,,,,,
249800,776.9,0.000007,,,,,,,,
249900,777.2,0.000007,,,,,,,,
250000,778.6,0.000007,0.000007,1.164821e+00,2.046480e-01,1.666401e-01,0.000000,9.942341e-01,1.890462e-01,1.563387e-01
250100,778.9,0.000008,,,,,,,,
250200,779.2,0.000008,,,,,,,,
250300,779.5,0.000008,,,,,,,,
250400,779.7,0.000006,,,,,,,,
250500,780.0,0.000006,,,,,,,,
250600,780.3,0.000008,,,,,,,,
250700,780.6,0.000006,,,,,,,,
250800,780.9,0.000009,,,,,,,,
250900,781.2,0.000007,,,,,,,,
251000,781.5,0.000006,,,,,,,,
251100,781.8,0.000006,,,,,,,,
251200,782.1,0.000008,,,,,,,,
251300,782.4,0.000007,,,,,,,,
251400,782.6,0.000007,,,,,,,,
251500,782.9,0.000007,,,,,,,,
251600,783.2,0.000008,,,,,,,,
251700,783.5,0.000009,,,,,,,,
251800,783.8,0.000008,,,,,,,,
251900,784.1,0.000007,,,,,,,,
252000,784.4,0.000008,,,,,,,,
252100,784.7,0.000009,,,,,,,,
252200,785.0,0.000006,,,,,,,,
252300,785.2,0.000007,,,,,,,,
252400,785.5,0.000006,,,,,,,,
252500,785.8,0.000007,,,,,,,,
252600,786.1,0.000007,,,,,,,,
252700,786.4,0.000007,,,,,,,,
252800,786.7,0.000007,,,,,,,,
252900,787.0,0.000008,,,,,,,,
253000,787.3,0.000007,,,,,,,,
253100,787.6,0.000007,,,,,,,,
253200,787.9,0.000008,,,,,,,,
253300,788.1,0.000008,,,,,,,,
253400,788.4,0.000007,,,,,,,,
253500,788.7,0.000009,,,,,,,,
253600,789.0,0.000008,,,,,,,,
253700,789.3,0.000007,,,,,,,,
253800,789.6,0.000008,,,,,,,,
253900,789.9,0.000007,,,,,,,,
254000,790.2,0.000008,,,,,,,,
254100,790.5,0.000008,,,,,,,,
254200,790.8,0.000006,,,,,,,,
254300,791.1,0.000007,,,,,,,,
254400,791.4,0.000006,,,,,,,,
254500,791.7,0.000008,,,,,,,,
254600,791.9,0.000007,,,,,,,,
254700,792.2,0.000007,,,,,,,,
254800,792.5,0.000008,,,,,,,,
254900,792.8,0.000007,,,,,,,,
255000,794.2,0.000006,0.000007,1.201240e+00,2.038185e-01,1.615334e-01,0.000000,1.030569e+00,1.879534e-01,1.520125e-01
255100,794.5,0.000007,,,,,,,,
255200,794.7,0.000007,,,,,,,,
255300,795.0,0.000006,,,,,,,,
255400,795.3,0.000007,,,,,,,,
255500,795.6,0.000007,,,,,,,,
255600,795.9,0.000006,,,,,,,,
255700,796.2,0.000006,,,,,,,,
255800,796.5,0.000007,,,,,,,,
255900,796.8,0.000007,,,,,,,,
256000,797.1,0.000007,,,,,,,,
256100,797.4,0.000007,,,,,,,,
256200,797.7,0.000005,,,,,,,,
256300,798.0,0.000009,,,,,,,,
256400,798.3,0.000007,,,,,,,,
256500,798.5,0.000008,,,,,,,,
256600,798.8,0.000007,,,,,,,,
256700,799.1,0.000006,,,,,,,,
256800,799.4,0.000006,,,,,,,,
256900,799.7,0.000009,,,,,,,,
257000,800.0,0.000006,,,,,,,,
257100,800.3,0.000007,,,,,,,,
257200,800.6,0.000008,,,,,,,,
257300,800.9,0.000007,,,,,,,,
257400,801.2,0.000009,,,,,,,,
257500,801.5,0.000007,,,,,,,,
257600,801.8,0.000007,,,,,,,,
257700,802.1,0.000006,,,,,,,,
257800,802.3,0.000008,,,,,,,,
257900,802.6,0.000007,,,,,,,,
258000,802.9,0.000005,,,,,,,,
258100,803.2,0.000007,,,,,,,,
258200,803.5,0.000006,,,,,,,,
258300,803.8,0.000007,,,,,,,,
258400,804.1,0.000008,,,,,,,,
258500,804.4,0.000007,,,,,,,,
258600,804.7,0.000007,,,,,,,,
258700,805.0,0.000006,,,,,,,,
258800,805.3,0.000007,,,,,,,,
258900,805.6,0.000009,,,,,,,,
259000,805.9,0.000008,,,,,,,,
259100,806.2,0.000009,,,,,,,,
259200,806.5,0.000007,,,,,,,,
259300,806.8,0.000007,,,,,,,,
259400,807.1,0.000007,,,,,,,,
259500,807.4,0.000008,,,,,,,,
259600,807.7,0.000006,,,,,,,,
259700,808.0,0.000009,,,,,,,,
259800,808.2,0.000006,,,,,,,,
259900,808.5,0.000008,,,,,,,,
260000,809.9,0.000007,0.000007,1.060112e+00,2.072316e-01,1.690210e-01,0.000000,9.045334e-01,1.915031e-01,1.592427e-01
260100,810.2,0.000007,,,,,,,,
260200,810.5,0.000007,,,,,,,,
260300,810.8,0.000007,,,,,,,,
260400,811.0,0.000008,,,,,,,,
260500,811.3,0.000009,,,,,,,,
260600,811.6,0.000007,,,,,,,,
260700,811.8,0.000006,,,,,,,,
260800,812.1,0.000007,,,,,,,,
260900,812.4,0.000007,,,,,,,,
261000,812.7,0.000008,,,,,,,,
261100,813.0,0.000007,,,,,,,,
261200,813.3,0.000006,,,,,,,,
261300,813.6,0.000006,,,,,,,,
261400,813.8,0.000005,,,,,,,,
261500,814.1,0.000008,,,,,,,,
261600,814.4,0.000008,,,,,,,,
261700,814.7,0.000007,,,,,,,,
261800,815.0,0.000007,,,,,,,,
261900,815.3,0.000006,,,,,,,,
262000,815.6,0.000007,,,,,,,,
262100,815.9,0.000006,,,,,,,,
262200,816.1,0.000007,,,,,,,,
262300,816.4,0.000006,,,,,,,,
262400,816.7,0.000008,,,,,,,,
262500,817.0,0.000008,,,,,,,,
262600,817.3,0.000007,,,,,,,,
262700,817.6,0.000008,,,,,,,,
262800,817.9,0.000007,,,,,,,,
262900,818.1,0.000007,,,,,,,,
263000,818.4,0.000008,,,,,,,,
263100,818.7,0.000008,,,,,,,,
263200,819.0,0.000009,,,,,,,,
263300,819.3,0.000007,,,,,,,,
263400,819.6,0.000008,,,,,,,,
263500,819.9,0.000008,,,,,,,,
263600,820.2,0.000008,,,,,,,,
263700,820.4,0.000009,,,,,,,,
263800,820.7,0.000006,,,,,,,,
263900,821.0,0.000007,,,,,,,,
264000,821.3,0.000007,,,,,,,,
264100,821.6,0.000007,,,,,,,,
264200,821.9,0.000008,,,,,,,,
264300,822.2,0.000009,,,,,,,,
264400,822.5,0.000005,,,,,,,,
264500,822.8,0.000007,,,,,,,,
264600,823.1,0.000007,,,,,,,,
264700,823.4,0.000009,,,,,,,,
264800,823.6,0.000006,,,,,,,,
264900,823.9,0.000007,,,,,,,,
265000,825.3,0.000007,0.000009,1.254338e+00,2.445685e-01,2.099866e-01,0.000000,1.073027e+00,2.320263e-01,2.019325e-01
265100,825.5,0.000006,,,,,,,,
265200,825.8,0.000005,,,,,,,,
265300,826.1,0.000008,,,,,,,,
265400,826.4,0.000007,,,,,,,,
265500,826.7,0.000007,,,,,,,,
265600,827.0,0.000009,,,,,,,,
265700,827.3,0.000007,,,,,,,,
265800,827.6,0.000006,,,,,,,,
265900,827.8,0.000008,,,,,,,,
266000,828.1,0.000006,,,,,,,,
266100,828.4,0.000006,,,,,,,,
266200,828.7,0.000008,,,,,,,,
266300,829.0,0.000008,,,,,,,,
266400,829.3,0.000009,,,,,,,,
266500,829.6,0.000006,,,,,,,,
266600,829.8,0.000007,,,,,,,,
266700,830.1,0.000006,,,,,,,,
266800,830.4,0.000006,,,,,,,,
266900,830.7,0.000007,,,,,,,,
267000,830.9,0.000006,,,,,,,,
267100,831.2,0.000006,,,,,,,,
267200,831.5,0.000007,,,,,,,,
267300,831.8,0.000008,,,,,,,,
267400,832.1,0.000008,,,,,,,,
267500,832.4,0.000010,,,,,,,,
267600,832.6,0.000007,,,,,,,,
267700,832.9,0.000009,,,,,,,,
267800,833.2,0.000007,,,,,,,,
267900,833.5,0.000008,,,,,,,,
268000,833.8,0.000007,,,,,,,,
268100,834.1,0.000008,,,,,,,,
268200,834.4,0.000005,,,,,,,,
268300,834.7,0.000006,,,,,,,,
268400,835.0,0.000011,,,,,,,,
268500,835.3,0.000008,,,,,,,,
268600,835.6,0.000006,,,,,,,,
268700,835.9,0.000007,,,,,,,,
268800,836.1,0.000006,,,,,,,,
268900,836.4,0.000006,,,,,,,,
269000,836.7,0.000008,,,,,,,,
269100,837.0,0.000007,,,,,,,,
269200,837.3,0.000009,,,,,,,,
269300,837.6,0.000006,,,,,,,,
269400,837.9,0.000008,,,,,,,,
269500,838.2,0.000010,,,,,,,,
269600,838.5,0.000008,,,,,,,,
269700,838.8,0.000007,,,,,,,,
269800,839.1,0.000006,,,,,,,,
269900,839.4,0.000007,,,,,,,,
270000,840.8,0.000006,0.000007,1.124091e+00,2.062280e-01,1.691774e-01,0.000000,9.532909e-01,1.916254e-01,1.592315e-01
270100,841.0,0.000007,,,,,,,,
270200,841.3,0.000005,,,,,,,,
270300,841.6,0.000006,,,,,,,,
270400,841.9,0.000009,,,,,,,,
270500,842.2,0.000007,,,,,,,,
270600,842.5,0.000007,,,,,,,,
270700,842.8,0.000008,,,,,,,,
270800,843.1,0.000008,,,,,,,,
270900,843.4,0.000007,,,,,,,,
271000,843.7,0.000007,,,,,,,,
271100,844.0,0.000006,,,,,,,,
271200,844.3,0.000008,,,,,,,,
271300,844.6,0.000007,,,,,,,,
271400,844.9,0.000007,,,,,,,,
271500,845.1,0.000005,,,,,,,,
271600,845.4,0.000008,,,,,,,,
271700,845.7,0.000007,,,,,,,,
271800,846.0,0.000008,,,,,,,,
271900,846.3,0.000006,,,,,,,,
272000,846.6,0.000008,,,,,,,,
272100,846.9,0.000007,,,,,,,,
272200,847.2,0.000006,,,,,,,,
272300,847.5,0.000007,,,,,,,,
272400,847.8,0.000007,,,,,,,,
272500,848.1,0.000007,,,,,,,,
272600,848.4,0.000006,,,,,,,,
272700,848.6,0.000010,,,,,,,,
272800,848.9,0.000006,,,,,,,,
272900,849.2,0.000008,,,,,,,,
273000,849.5,0.000008,,,,,,,,
273100,849.8,0.000007,,,,,,,,
273200,850.1,0.000007,,,,,,,,
273300,850.4,0.000007,,,,,,,,
273400,850.7,0.000006,,,,,,,,
273500,851.0,0.000006,,,,,,,,
273600,851.3,0.000007,,,,,,,,
273700,851.6,0.000007,,,,,,,,
273800,851.9,0.000007,,,,,,,,
273900,852.2,0.000006,,,,,,,,
274000,852.5,0.000009,,,,,,,,
274100,852.8,0.000007,,,,,,,,
274200,853.1,0.000007,,,,,,,,
274300,853.4,0.000008,,,,,,,,
274400,853.7,0.000007,,,,,,,,
274500,854.0,0.000008,,,,,,,,
274600,854.3,0.000008,,,,,,,,
274700,854.6,0.000007,,,,,,,,
274800,854.8,0.000007,,,,,,,,
274900,855.1,0.000010,,,,,,,,
275000,856.5,0.000010,0.000007,1.122731e+00,2.057210e-01,1.678502e-01,0.000000,9.412826e-01,1.911119e-01,1.587809e-01
275100,856.8,0.000008,,,,,,,,
275200,857.1,0.000009,,,,,,,,
275300,857.4,0.000008,,,,,,,,
275400,857.7,0.000008,,,,,,,,
275500,858.0,0.000008,,,,,,,,
275600,858.3,0.000008,,,,,,,,
275700,858.5,0.000007,,,,,,,,
275800,858.8,0.000008,,,,,,,,
275900,859.1,0.000007,,,,,,,,
276000,859.4,0.000008,,,,,,,,
276100,859.7,0.000007,,,,,,,,
276200,860.0,0.000008,,,,,,,,
276300,860.3,0.000006,,,,,,,,
276400,860.6,0.000009,,,,,,,,
276500,860.9,0.000009,,,,,,,,
276600,861.2,0.000008,,,,,,,,
276700,861.5,0.000007,,,,,,,,
276800,861.8,0.000006,,,,,,,,
276900,862.1,0.000008,,,,,,,,
277000,862.3,0.000007,,,,,,,,
277100,862.6,0.000007,,,,,,,,
277200,862.9,0.000008,,,,,,,,
277300,863.2,0.000008,,,,,,,,
277400,863.5,0.000007,,,,,,,,
277500,863.8,0.000007,,,,,,,,
277600,864.1,0.000006,,,,,,,,
277700,864.4,0.000007,,,,,,,,
277800,864.7,0.000005,,,,,,,,
277900,865.0,0.000007,,,,,,,,
278000,865.3,0.000005,,,,,,,,
278100,865.6,0.000007,,,,,,,,
278200,865.9,0.000007,,,,,,,,
278300,866.2,0.000007,,,,,,,,
278400,866.4,0.000008,,,,,,,,
278500,866.7,0.000007,,,,,,,,
278600,867.0,0.000006,,,,,,,,
278700,867.3,0.000008,,,,,,,,
278800,867.6,0.000008,,,,,,,,
278900,867.9,0.000007,,,,,,,,
279000,868.2,0.000008,,,,,,,,
279100,868.5,0.000007,,,,,,,,
279200,868.8,0.000006,,,,,,,,
279300,869.1,0.000009,,,,,,,,
279400,869.4,0.000006,,,,,,,,
279500,869.7,0.000007,,,,,,,,
279600,870.0,0.000008,,,,,,,,
279700,870.2,0.000007,,,,,,,,
279800,870.5,0.000009,,,,,,,,
279900,870.8,0.000006,,,,,,,,
280000,872.2,0.000007,0.000008,1.311263e+00,2.242328e-01,1.844072e-01,0.000000,1.141344e+00,2.100055e-01,1.764332e-01
280100,872.5,0.000006,,,,,,,,
280200,872.8,0.000007,,,,,,,,
280300,873.0,0.000007,,,,,,,,
280400,873.3,0.000007,,,,,,,,
280500,873.6,0.000007,,,,,,,,
280600,873.9,0.000008,,,,,,,,
280700,874.2,0.000007,,,,,,,,
280800,874.5,0.000008,,,,,,,,
280900,874.8,0.000006,,,,,,,,
281000,875.1,0.000008,,,,,,,,
281100,875.4,0.000009,,,,,,,,
281200,875.7,0.000006,,,,,,,,
281300,876.0,0.000008,,,,,,,,
281400,876.3,0.000005,,,,,,,,
281500,876.6,0.000007,,,,,,,,
281600,876.8,0.000006,,,,,,,,
281700,877.1,0.000007,,,,,,,,
281800,877.4,0.000011,,,,,,,,
281900,877.7,0.000008,,,,,,,,
282000,878.0,0.000006,,,,,,,,
282100,878.3,0.000006,,,,,,,,
282200,878.6,0.000006,,,,,,,,
282300,878.9,0.000008,,,,,,,,
282400,879.2,0.000010,,,,,,,,
282500,879.5,0.000008,,,,,,,,
282600,879.8,0.000007,,,,,,,,
282700,880.1,0.000007,,,,,,,,
282800,880.4,0.000008,,,,,,,,
282900,880.7,0.000008,,,,,,,,
283000,881.0,0.000007,,,,,,,,
283100,881.3,0.000007,,,,,,,,
283200,881.5,0.000006,,,,,,,,
283300,881.8,0.000006,,,,,,,,
283400,882.1,0.000006,,,,,,,,
283500,882.4,0.000008,,,,,,,,
283600,882.7,0.000006,,,,,,,,
283700,883.0,0.000008,,,,,,,,
283800,883.3,0.000008,,,,,,,,
283900,883.6,0.000008,,,,,,,,
284000,883.9,0.000006,,,,,,,,
284100,884.2,0.000008,,,,,,,,
284200,884.5,0.000007,,,,,,,,
284300,884.8,0.000007,,,,,,,,
284400,885.1,0.000007,,,,,,,,
284500,885.3,0.000009,,,,,,,,
284600,885.6,0.000006,,,,,,,,
284700,885.9,0.000007,,,,,,,,
284800,886.2,0.000008,,,,,,,,
284900,886.5,0.000007,,,,,,,,
285000,887.9,0.000008,0.000007,1.165470e+00,1.983853e-01,1.601786e-01,0.000000,9.952488e-01,1.833837e-01,1.506107e-01
285100,888.2,0.000006,,,,,,,,
285200,888.4,0.000007,,,,,,,,
285300,888.7,0.000009,,,,,,,,
285400,889.0,0.000009,,,,,,,,
285500,889.3,0.000005,,,,,,,,
285600,889.6,0.000008,,,,,,,,
285700,889.9,0.000007,,,,,,,,
285800,890.2,0.000007,,,,,,,,
285900,890.5,0.000007,,,,,,,,
286000,890.8,0.000010,,,,,,,,
286100,891.1,0.000007,,,,,,,,
286200,891.4,0.000009,,,,,,,,
286300,891.7,0.000008,,,,,,,,
286400,892.0,0.000007,,,,,,,,
286500,892.3,0.000009,,,,,,,,
286600,892.6,0.000005,,,,,,,,
286700,892.9,0.000006,,,,,,,,
286800,893.2,0.000006,,,,,,,,
286900,893.5,0.000008,,,,,,,,
287000,893.8,0.000007,,,,,,,,
287100,894.0,0.000006,,,,,,,,
287200,894.3,0.000006,,,,,,,,
287300,894.6,0.000008,,,,,,,,
287400,894.9,0.000008,,,,,,,,
287500,895.2,0.000006,,,,,,,,
287600,895.5,0.000006,,,,,,,,
287700,895.8,0.000007,,,,,,,,
287800,896.1,0.000010,,,,,,,,
287900,896.4,0.000007,,,,,,,,
288000,896.7,0.000010,,,,,,,,
288100,897.0,0.000007,,,,,,,,
288200,897.3,0.000007,,,,,,,,
288300,897.6,0.000006,,,,,,,,
288400,897.9,0.000009,,,,,,,,
288500,898.2,0.000006,,,,,,,,
288600,898.4,0.000007,,,,,,,,
288700,898.7,0.000006,,,,,,,,
288800,899.0,0.000007,,,,,,,,
288900,899.3,0.000007,,,,,,,,
289000,899.6,0.000007,,,,,,,,
289100,899.9,0.000007,,,,,,,,
289200,900.2,0.000006,,,,,,,,
289300,900.5,0.000007,,,,,,,,
289400,900.8,0.000011,,,,,,,,
289500,901.1,0.000008,,,,,,,,
289600,901.4,0.000008,,,,,,,,
289700,901.7,0.000007,,,,,,,,
289800,902.0,0.000007,,,,,,,,
289900,902.3,0.000009,,,,,,,,
290000,903.6,0.000007,0.000007,1.099693e+00,2.012558e-01,1.620113e-01,0.000000,9.360990e-01,1.849317e-01,1.509356e-01
290100,903.9,0.000007,,,,,,,,
290200,904.2,0.000006,,,,,,,,
290300,904.5,0.000007,,,,,,,,
290400,904.8,0.000006,,,,,,,,
290500,905.1,0.000007,,,,,,,,
290600,905.4,0.000006,,,,,,,,
290700,905.7,0.000006,,,,,,,,
290800,906.0,0.000006,,,,,,,,
290900,906.3,0.000006,,,,,,,,
291000,906.6,0.000009,,,,,,,,
291100,906.9,0.000006,,,,,,,,
291200,907.1,0.000006,,,,,,,,
291300,907.4,0.000007,,,,,,,,
291400,907.7,0.000008,,,,,,,,
291500,908.0,0.000006,,,,,,,,
291600,908.3,0.000005,,,,,,,,
291700,908.6,0.000007,,,,,,,,
291800,908.9,0.000008,,,,,,,,
291900,909.2,0.000008,,,,,,,,
292000,909.5,0.000008,,,,,,,,
292100,909.8,0.000006,,,,,,,,
292200,910.1,0.000008,,,,,,,,
292300,910.3,0.000007,,,,,,,,
292400,910.7,0.000009,,,,,,,,
292500,910.9,0.000007,,,,,,,,
292600,911.2,0.000008,,,,,,,,
292700,911.5,0.000009,,,,,,,,
292800,911.8,0.000008,,,,,,,,
292900,912.1,0.000008,,,,,,,,
293000,912.4,0.000007,,,,,,,,
293100,912.7,0.000007,,,,,,,,
293200,913.0,0.000008,,,,,,,,
293300,913.3,0.000007,,,,,,,,
293400,913.6,0.000008,,,,,,,,
293500,913.9,0.000007,,,,,,,,
293600,914.2,0.000007,,,,,,,,
293700,914.5,0.000008,,,,,,,,
293800,914.8,0.000008,,,,,,,,
293900,915.0,0.000008,,,,,,,,
294000,915.3,0.000007,,,,,,,,
294100,915.6,0.000006,,,,,,,,
294200,915.9,0.000007,,,,,,,,
294300,916.2,0.000010,,,,,,,,
294400,916.5,0.000007,,,,,,,,
294500,916.8,0.000007,,,,,,,,
294600,917.1,0.000008,,,,,,,,
294700,917.4,0.000007,,,,,,,,
294800,917.7,0.000007,,,,,,,,
294900,918.0,0.000008,,,,,,,,
295000,919.4,0.000008,0.000008,1.138844e+00,2.171108e-01,1.791795e-01,0.000000,9.404583e-01,2.031621e-01,1.707040e-01
295100,919.6,0.000007,,,,,,,,
295200,919.9,0.000009,,,,,,,,
295300,920.2,0.000007,,,,,,,,
295400,920.4,0.000008,,,,,,,,
295500,920.7,0.000008,,,,,,,,
295600,921.0,0.000007,,,,,,,,
295700,921.3,0.000007,,,,,,,,
295800,921.6,0.000007,,,,,,,,
295900,921.9,0.000008,,,,,,,,
296000,922.2,0.000008,,,,,,,,
296100,922.4,0.000006,,,,,,,,
296200,922.7,0.000007,,,,,,,,
296300,923.0,0.000007,,,,,,,,
296400,923.3,0.000008,,,,,,,,
296500,923.6,0.000007,,,,,,,,
296600,923.9,0.000008,,,,,,,,
296700,924.2,0.000007,,,,,,,,
296800,924.4,0.000007,,,,,,,,
296900,924.7,0.000006,,,,,,,,
297000,925.0,0.000005,,,,,,,,
297100,925.3,0.000006,,,,,,,,
297200,925.6,0.000006,,,,,,,,
297300,925.9,0.000007,,,,,,,,
297400,926.2,0.000008,,,,,,,,
297500,926.5,0.000007,,,,,,,,
297600,926.8,0.000007,,,,,,,,
297700,927.1,0.000007,,,,,,,,
297800,927.4,0.000007,,,,,,,,
297900,927.6,0.000010,,,,,,,,
298000,927.9,0.000008,,,,,,,,
298100,928.2,0.000007,,,,,,,,
298200,928.5,0.000006,,,,,,,,
298300,928.8,0.000006,,,,,,,,
298400,929.1,0.000006,,,,,,,,
298500,929.4,0.000007,,,,,,,,
298600,929.7,0.000007,,,,,,,,
298700,930.0,0.000009,,,,,,,,
298800,930.3,0.000007,,,,,,,,
298900,930.6,0.000006,,,,,,,,
299000,930.9,0.000007,,,,,,,,
299100,931.2,0.000007,,,,,,,,
299200,931.5,0.000007,,,,,,,,
299300,931.8,0.000008,,,,,,,,
299400,932.1,0.000006,,,,,,,,
299500,932.4,0.000008,,,,,,,,
299600,932.7,0.000007,,,,,,,,
299700,933.0,0.000007,,,,,,,,
299800,933.3,0.000006,,,,,,,,
299900,933.5,0.000009,,,,,,,,
300000,934.9,0.000008,0.000007,1.088329e+00,1.991074e-01,1.602798e-01,0.000000,9.182262e-01,1.831101e-01,1.496817e-01
300100,935.2,0.000006,,,,,,,,
300200,935.4,0.000009,,,,,,,,
300300,935.7,0.000007,,,,,,,,
300400,936.0,0.000007,,,,,,,,
300500,936.3,0.000006,,,,,,,,
300600,936.6,0.000008,,,,,,,,
300700,936.9,0.000007,,,,,,,,
300800,937.2,0.000007,,,,,,,,
300900,937.5,0.000008,,,,,,,,
301000,937.7,0.000007,,,,,,,,
301100,938.0,0.000009,,,,,,,,
301200,938.3,0.000008,,,,,,,,
301300,938.6,0.000007,,,,,,,,
301400,938.9,0.000007,,,,,,,,
301500,939.2,0.000007,,,,,,,,
301600,939.5,0.000007,,,,,,,,
301700,939.8,0.000007,,,,,,,,
301800,940.1,0.000006,,,,,,,,
301900,940.4,0.000007,,,,,,,,
302000,940.6,0.000007,,,,,,,,
302100,940.9,0.000006,,,,,,,,
302200,941.2,0.000008,,,,,,,,
302300,941.5,0.000007,,,,,,,,
302400,941.8,0.000009,,,,,,,,
302500,942.1,0.000009,,,,,,,,
302600,942.4,0.000006,,,,,,,,
302700,942.7,0.000007,,,,,,,,
302800,943.0,0.000008,,,,,,,,
302900,943.3,0.000006,,,,,,,,
303000,943.6,0.000006,,,,,,,,
303100,943.8,0.000009,,,,,,,,
303200,944.1,0.000007,,,,,,,,
303300,944.4,0.000008,,,,,,,,
303400,944.7,0.000008,,,,,,,,
303500,945.0,0.000005,,,,,,,,
303600,945.3,0.000007,,,,,,,,
303700,945.6,0.000007,,,,,,,,
303800,945.9,0.000007,,,,,,,,
303900,946.2,0.000006,,,,,,,,
304000,946.5,0.000006,,,,,,,,
304100,946.8,0.000006,,,,,,,,
304200,947.1,0.000008,,,,,,,,
304300,947.4,0.000007,,,,,,,,
304400,947.7,0.000008,,,,,,,,
304500,948.0,0.000008,,,,,,,,
304600,948.3,0.000007,,,,,,,,
304700,948.5,0.000007,,,,,,,,
304800,948.8,0.000010,,,,,,,,
304900,949.1,0.000006,,,,,,,,
305000,950.5,0.000007,0.000007,1.046928e+00,2.149213e-01,1.752139e-01,0.000000,8.846238e-01,1.992898e-01,1.656403e-01
305100,950.7,0.000007,,,,,,,,
305200,951.0,0.000006,,,,,,,,
305300,951.3,0.000008,,,,,,,,
305400,951.6,0.000008,,,,,,,,
305500,951.9,0.000006,,,,,,,,
305600,952.2,0.000007,,,,,,,,
305700,952.5,0.000007,,,,,,,,
305800,952.8,0.000006,,,,,,,,
305900,953.1,0.000006,,,,,,,,
306000,953.4,0.000007,,,,,,,,
306100,953.7,0.000009,,,,,,,,
306200,954.0,0.000008,,,,,,,,
306300,954.2,0.000007,,,,,,,,
306400,954.5,0.000006,,,,,,,,
306500,954.8,0.000009,,,,,,,,
306600,955.1,0.000008,,,,,,,,
306700,955.4,0.000009,,,,,,,,
306800,955.7,0.000007,,,,,,,,
306900,956.0,0.000007,,,,,,,,
307000,956.3,0.000007,,,,,,,,
307100,956.6,0.000006,,,,,,,,
307200,956.9,0.000008,,,,,,,,
307300,957.2,0.000007,,,,,,,,
307400,957.5,0.000007,,,,,,,,
307500,957.7,0.000008,,,,,,,,
307600,958.0,0.000006,,,,,,,,
307700,958.3,0.000008,,,,,,,,
307800,958.6,0.000007,,,,,,,,
307900,958.9,0.000006,,,,,,,,
308000,959.2,0.000007,,,,,,,,
308100,959.5,0.000008,,,,,,,,
308200,959.7,0.000006,,,,,,,,
308300,960.0,0.000009,,,,,,,,
308400,960.3,0.000006,,,,,,,,
308500,960.6,0.000008,,,,,,,,
308600,960.9,0.000007,,,,,,,,
308700,961.2,0.000009,,,,,,,,
308800,961.5,0.000006,,,,,,,,
308900,961.8,0.000007,,,,,,,,
309000,962.1,0.000006,,,,,,,,
309100,962.4,0.000007,,,,,,,,
309200,962.7,0.000005,,,,,,,,
309300,963.0,0.000007,,,,,,,,
309400,963.3,0.000007,,,,,,,,
309500,963.5,0.000007,,,,,,,,
309600,963.8,0.000007,,,,,,,,
309700,964.1,0.000008,,,,,,,,
309800,964.4,0.000006,,,,,,,,
309900,964.7,0.000007,,,,,,,,
310000,966.1,0.000006,0.000007,1.081754e+00,2.054156e-01,1.704872e-01,0.000000,8.988589e-01,1.895788e-01,1.597531e-01
310100,966.3,0.000008,,,,,,,,
310200,966.6,0.000008,,,,,,,,
310300,966.9,0.000007,,,,,,,,
310400,967.1,0.000007,,,,,,,,
310500,967.4,0.000008,,,,,,,,
310600,967.9,0.000008,,,,,,,,
310700,968.3,0.000006,,,,,,,,
310800,968.7,0.000007,,,,,,,,
310900,969.2,0.000008,,,,,,,,
311000,969.7,0.000006,,,,,,,,
311100,970.2,0.000006,,,,,,,,
311200,970.6,0.000007,,,,,,,,
311300,971.1,0.000008,,,,,,,,
311400,971.6,0.000006,,,,,,,,
311500,972.1,0.000008,,,,,,,,
311600,972.5,0.000006,,,,,,,,
311700,973.0,0.000007,,,,,,,,
311800,973.4,0.000008,,,,,,,,
311900,973.9,0.000007,,,,,,,,
312000,974.3,0.000008,,,,,,,,
312100,974.8,0.000007,,,,,,,,
312200,975.3,0.000007,,,,,,,,
312300,975.7,0.000006,,,,,,,,
312400,976.2,0.000005,,,,,,,,
312500,976.7,0.000007,,,,,,,,
312600,977.2,0.000007,,,,,,,,
312700,977.6,0.000007,,,,,,,,
312800,978.0,0.000007,,,,,,,,
312900,978.4,0.000008,,,,,,,,
313000,978.9,0.000007,,,,,,,,
313100,979.4,0.000007,,,,,,,,
313200,979.8,0.000008,,,,,,,,
313300,980.3,0.000006,,,,,,,,
313400,980.8,0.000006,,,,,,,,
313500,981.2,0.000007,,,,,,,,
313600,981.7,0.000007,,,,,,,,
313700,982.2,0.000007,,,,,,,,
313800,982.6,0.000009,,,,,,,,
313900,983.1,0.000009,,,,,,,,
314000,983.5,0.000007,,,,,,,,
314100,984.0,0.000008,,,,,,,,
314200,984.5,0.000007,,,,,,,,
314300,985.0,0.000008,,,,,,,,
314400,985.4,0.000006,,,,,,,,
314500,985.9,0.000006,,,,,,,,
314600,986.4,0.000012,,,,,,,,
314700,986.8,0.000007,,,,,,,,
314800,987.3,0.000008,,,,,,,,
314900,987.8,0.000007,,,,,,,,
315000,989.3,0.000006,0.000007,1.159292e+00,2.091219e-01,1.671217e-01,0.000000,1.008295e+00,1.936909e-01,1.573817e-01
315100,989.6,0.000007,,,,,,,,
315200,989.9,0.000009,,,,,,,,
315300,990.2,0.000007,,,,,,,,
315400,990.6,0.000007,,,,,,,,
315500,991.1,0.000007,,,,,,,,
315600,991.6,0.000007,,,,,,,,
315700,992.0,0.000006,,,,,,,,
315800,992.5,0.000005,,,,,,,,
315900,992.9,0.000007,,,,,,,,
316000,993.4,0.000006,,,,,,,,
316100,993.9,0.000007,,,,,,,,
316200,994.3,0.000007,,,,,,,,
316300,994.8,0.000008,,,,,,,,
316400,995.3,0.000006,,,,,,,,
316500,995.7,0.000006,,,,,,,,
316600,996.2,0.000009,,,,,,,,
316700,996.7,0.000009,,,,,,,,
316800,997.1,0.000007,,,,,,,,
316900,997.4,0.000007,,,,,,,,
317000,997.9,0.000006,,,,,,,,
317100,998.4,0.000010,,,,,,,,
317200,998.8,0.000008,,,,,,,,
317300,999.3,0.000006,,,,,,,,
317400,999.8,0.000006,,,,,,,,
317500,1000.2,0.000008,,,,,,,,
317600,1000.7,0.000007,,,,,,,,
317700,1001.2,0.000008,,,,,,,,
317800,1001.7,0.000007,,,,,,,,
317900,1002.1,0.000009,,,,,,,,
318000,1002.6,0.000006,,,,,,,,
318100,1003.1,0.000009,,,,,,,,
318200,1003.5,0.000006,,,,,,,,
318300,1004.0,0.000007,,,,,,,,
318400,1004.4,0.000009,,,,,,,,
318500,1004.9,0.000007,,,,,,,,
318600,1005.4,0.000006,,,,,,,,
318700,1005.9,0.000007,,,,,,,,
318800,1006.3,0.000007,,,,,,,,
318900,1006.8,0.000009,,,,,,,,
319000,1007.3,0.000009,,,,,,,,
319100,1007.8,0.000010,,,,,,,,
319200,1008.2,0.000006,,,,,,,,
319300,1008.7,0.000007,,,,,,,,
319400,1009.2,0.000007,,,,,,,,
319500,1009.7,0.000006,,,,,,,,
319600,1010.1,0.000007,,,,,,,,
319700,1010.6,0.000006,,,,,,,,
319800,1011.1,0.000006,,,,,,,,
319900,1011.5,0.000006,,,,,,,,
320000,1013.1,0.000008,0.000007,1.204677e+00,2.001973e-01,1.617472e-01,0.000000,1.035189e+00,1.841396e-01,1.520868e-01
320100,1013.3,0.000007,,,,,,,,
320200,1013.6,0.000006,,,,,,,,
320300,1013.9,0.000007,,,,,,,,
320400,1014.4,0.000007,,,,,,,,
320500,1014.9,0.000008,,,,,,,,
320600,1015.4,0.000007,,,,,,,,
320700,1015.8,0.000007,,,,,,,,
320800,1016.3,0.000007,,,,,,,,
320900,1016.7,0.000006,,,,,,,,
321000,1017.2,0.000007,,,,,,,,
321100,1017.7,0.000008,,,,,,,,
321200,1018.2,0.000008,,,,,,,,
321300,1018.6,0.000006,,,,,,,,
321400,1019.1,0.000007,,,,,,,,
321500,1019.5,0.000008,,,,,,,,
321600,1020.0,0.000007,,,,,,,,
321700,1020.5,0.000007,,,,,,,,
321800,1021.0,0.000007,,,,,,,,
321900,1021.4,0.000009,,,,,,,,
322000,1021.9,0.000007,,,,,,,,
322100,1022.4,0.000007,,,,,,,,
322200,1022.8,0.000007,,,,,,,,
322300,1023.3,0.000007,,,,,,,,
322400,1023.8,0.000008,,,,,,,,
322500,1024.2,0.000007,,,,,,,,
322600,1024.7,0.000006,,,,,,,,
322700,1025.2,0.000008,,,,,,,,
322800,1025.6,0.000007,,,,,,,,
322900,1026.1,0.000007,,,,,,,,
323000,1026.6,0.000008,,,,,,,,
323100,1027.0,0.000009,,,,,,,,
323200,1027.5,0.000007,,,,,,,,
323300,1027.9,0.000006,,,,,,,,
323400,1028.4,0.000007,,,,,,,,
323500,1028.8,0.000006,,,,,,,,
323600,1029.3,0.000007,,,,,,,,
323700,1029.8,0.000007,,,,,,,,
323800,1030.2,0.000007,,,,,,,,
323900,1030.7,0.000010,,,,,,,,
324000,1031.2,0.000006,,,,,,,,
324100,1031.7,0.000006,,,,,,,,
324200,1032.1,0.000007,,,,,,,,
324300,1032.6,0.000009,,,,,,,,
324400,1033.1,0.000007,,,,,,,,
324500,1033.5,0.000007,,,,,,,,
324600,1034.0,0.000007,,,,,,,,
324700,1034.5,0.000006,,,,,,,,
324800,1035.0,0.000007,,,,,,,,
324900,1035.4,0.000007,,,,,,,,
325000,1037.0,0.000006,0.000008,1.193470e+00,2.249426e-01,1.899691e-01,0.000000,1.012122e+00,2.115372e-01,1.819779e-01
325100,1037.3,0.000007,,,,,,,,
325200,1037.6,0.000006,,,,,,,,
325300,1038.0,0.000006,,,,,,,,
325400,1038.4,0.000006,,,,,,,,
325500,1038.9,0.000006,,,,,,,,
325600,1039.4,0.000007,,,,,,,,
325700,1039.9,0.000006,,,,,,,,
325800,1040.3,0.000009,,,,,,,,
325900,1040.8,0.000007,,,,,,,,
326000,1041.3,0.000007,,,,,,,,
326100,1041.7,0.000008,,,,,,,,
326200,1042.2,0.000008,,,,,,,,
326300,1042.7,0.000007,,,,,,,,
326400,1043.1,0.000007,,,,,,,,
326500,1043.6,0.000008,,,,,,,,
326600,1044.1,0.000007,,,,,,,,
326700,1044.6,0.000007,,,,,,,,
326800,1045.0,0.000009,,,,,,,,
326900,1045.5,0.000008,,,,,,,,
327000,1045.9,0.000007,,,,,,,,
327100,1046.4,0.000007,,,,,,,,
327200,1046.9,0.000006,,,,,,,,
327300,1047.3,0.000009,,,,,,,,
327400,1047.8,0.000009,,,,,,,,
327500,1048.3,0.000007,,,,,,,,
327600,1048.7,0.000009,,,,,,,,
327700,1049.2,0.000006,,,,,,,,
327800,1049.7,0.000009,,,,,,,,
327900,1050.0,0.000008,,,,,,,,
328000,1050.4,0.000007,,,,,,,,
328100,1050.9,0.000006,,,,,,,,
328200,1051.4,0.000008,,,,,,,,
328300,1051.8,0.000008,,,,,,,,
328400,1052.3,0.000008,,,,,,,,
328500,1052.8,0.000007,,,,,,,,
328600,1053.2,0.000007,,,,,,,,
328700,1053.7,0.000007,,,,,,,,
328800,1054.2,0.000009,,,,,,,,
328900,1054.6,0.000009,,,,,,,,
329000,1055.1,0.000008,,,,,,,,
329100,1055.6,0.000008,,,,,,,,
329200,1056.0,0.000007,,,,,,,,
329300,1056.5,0.000006,,,,,,,,
329400,1057.0,0.000009,,,,,,,,
329500,1057.3,0.000007,,,,,,,,
329600,1057.7,0.000007,,,,,,,,
329700,1058.2,0.000008,,,,,,,,
329800,1058.6,0.000007,,,,,,,,
329900,1059.1,0.000007,,,,,,,,
330000,1060.7,0.000006,0.000007,1.190556e+00,2.065809e-01,1.695068e-01,0.000000,1.008902e+00,1.916320e-01,1.592658e-01
330100,1061.0,0.000006,,,,,,,,
330200,1061.3,0.000007,,,,,,,,
330300,1061.6,0.000006,,,,,,,,
330400,1062.1,0.000006,,,,,,,,
330500,1062.6,0.000008,,,,,,,,
330600,1063.1,0.000006,,,,,,,,
330700,1063.5,0.000006,,,,,,,,
330800,1064.0,0.000008,,,,,,,,
330900,1064.5,0.000009,,,,,,,,
331000,1065.0,0.000008,,,,,,,,
331100,1065.4,0.000010,,,,,,,,
331200,1065.9,0.000007,,,,,,,,
331300,1066.4,0.000006,,,,,,,,
331400,1066.9,0.000006,,,,,,,,
331500,1067.3,0.000007,,,,,,,,
331600,1067.8,0.000008,,,,,,,,
331700,1068.3,0.000008,,,,,,,,
331800,1068.7,0.000008,,,,,,,,
331900,1069.2,0.000007,,,,,,,,
332000,1069.7,0.000005,,,,,,,,
332100,1070.1,0.000007,,,,,,,,
332200,1070.6,0.000006,,,,,,,,
332300,1071.1,0.000007,,,,,,,,
332400,1071.5,0.000006,,,,,,,,
332500,1072.0,0.000007,,,,,,,,
332600,1072.5,0.000008,,,,,,,,
332700,1072.9,0.000006,,,,,,,,
332800,1073.4,0.000009,,,,,,,,
332900,1073.9,0.000008,,,,,,,,
333000,1074.3,0.000008,,,,,,,,
333100,1074.8,0.000008,,,,,,,,
333200,1075.3,0.000007,,,,,,,,
333300,1075.7,0.000007,,,,,,,,
333400,1076.2,0.000009,,,,,,,,
333500,1076.7,0.000008,,,,,,,,
333600,1077.1,0.000008,,,,,,,,
333700,1077.6,0.000007,,,,,,,,
333800,1078.1,0.000006,,,,,,,,
333900,1078.6,0.000007,,,,,,,,
334000,1079.0,0.000008,,,,,,,,
334100,1079.5,0.000008,,,,,,,,
334200,1080.0,0.000006,,,,,,,,
334300,1080.4,0.000006,,,,,,,,
334400,1080.9,0.000008,,,,,,,,
334500,1081.3,0.000007,,,,,,,,
334600,1081.8,0.000006,,,,,,,,
334700,1082.3,0.000009,,,,,,,,
334800,1082.7,0.000006,,,,,,,,
334900,1083.2,0.000008,,,,,,,,
335000,1084.8,0.000006,0.000008,1.113247e+00,2.178406e-01,1.793606e-01,0.000000,9.499609e-01,2.041696e-01,1.697493e-01
335100,1085.0,0.000007,,,,,,,,
335200,1085.3,0.000006,,,,,,,,
335300,1085.6,0.000007,,,,,,,,
335400,1086.1,0.000007,,,,,,,,
335500,1086.5,0.000007,,,,,,,,
335600,1087.0,0.000006,,,,,,,,
335700,1087.5,0.000006,,,,,,,,
335800,1087.9,0.000006,,,,,,,,
335900,1088.4,0.000007,,,,,,,,
336000,1088.8,0.000009,,,,,,,,
336100,1089.3,0.000007,,,,,,,,
336200,1089.8,0.000007,,,,,,,,
336300,1090.2,0.000007,,,,,,,,
336400,1090.7,0.000009,,,,,,,,
336500,1091.2,0.000007,,,,,,,,
336600,1091.7,0.000008,,,,,,,,
336700,1092.2,0.000006,,,,,,,,
336800,1092.6,0.000006,,,,,,,,
336900,1093.1,0.000010,,,,,,,,
337000,1093.6,0.000009,,,,,,,,
337100,1094.1,0.000007,,,,,,,,
337200,1094.6,0.000008,,,,,,,,
337300,1095.0,0.000008,,,,,,,,
337400,1095.5,0.000006,,,,,,,,
337500,1096.0,0.000006,,,,,,,,
337600,1096.4,0.000007,,,,,,,,
337700,1096.9,0.000008,,,,,,,,
337800,1097.4,0.000006,,,,,,,,
337900,1097.8,0.000006,,,,,,,,
338000,1098.3,0.000005,,,,,,,,
338100,1098.8,0.000007,,,,,,,,
338200,1099.3,0.000008,,,,,,,,
338300,1099.7,0.000007,,,,,,,,
338400,1100.2,0.000007,,,,,,,,
338500,1100.7,0.000007,,,,,,,,
338600,1101.1,0.000008,,,,,,,,
338700,1101.6,0.000007,,,,,,,,
338800,1102.1,0.000005,,,,,,,,
338900,1102.5,0.000007,,,,,,,,
339000,1103.0,0.000007,,,,,,,,
339100,1103.5,0.000008,,,,,,,,
339200,1104.0,0.000007,,,,,,,,
339300,1104.4,0.000007,,,,,,,,
339400,1104.9,0.000007,,,,,,,,
339500,1105.3,0.000008,,,,,,,,
339600,1105.8,0.000012,,,,,,,,
339700,1106.3,0.000006,,,,,,,,
339800,1106.8,0.000007,,,,,,,,
339900,1107.2,0.000007,,,,,,,,
340000,1108.8,0.000007,0.000006,1.072269e+00,1.951688e-01,1.582824e-01,0.000000,9.213238e-01,1.792777e-01,1.485740e-01
340100,1109.1,0.000006,,,,,,,,
340200,1109.3,0.000008,,,,,,,,
340300,1109.7,0.000007,,,,,,,,
340400,1110.1,0.000007,,,,,,,,
340500,1110.6,0.000006,,,,,,,,
340600,1111.1,0.000009,,,,,,,,
340700,1111.6,0.000007,,,,,,,,
340800,1112.1,0.000007,,,,,,,,
340900,1112.6,0.000007,,,,,,,,
341000,1113.0,0.000008,,,,,,,,
341100,1113.5,0.000008,,,,,,,,
341200,1114.0,0.000006,,,,,,,,
341300,1114.4,0.000009,,,,,,,,
341400,1114.9,0.000006,,,,,,,,
341500,1115.4,0.000007,,,,,,,,
341600,1115.8,0.000006,,,,,,,,
341700,1116.3,0.000009,,,,,,,,
341800,1116.8,0.000007,,,,,,,,
341900,1117.2,0.000006,,,,,,,,
342000,1117.7,0.000006,,,,,,,,
342100,1118.2,0.000006,,,,,,,,
342200,1118.6,0.000006,,,,,,,,
342300,1119.1,0.000006,,,,,,,,
342400,1119.6,0.000008,,,,,,,,
342500,1120.1,0.000006,,,,,,,,
342600,1120.5,0.000006,,,,,,,,
342700,1121.0,0.000008,,,,,,,,
342800,1121.4,0.000007,,,,,,,,
342900,1121.9,0.000008,,,,,,,,
343000,1122.4,0.000006,,,,,,,,
343100,1122.8,0.000007,,,,,,,,
343200,1123.3,0.000007,,,,,,,,
343300,1123.7,0.000006,,,,,,,,
343400,1124.2,0.000006,,,,,,,,
343500,1124.7,0.000008,,,,,,,,
343600,1125.2,0.000008,,,,,,,,
343700,1125.6,0.000006,,,,,,,,
343800,1126.1,0.000008,,,,,,,,
343900,1126.6,0.000007,,,,,,,,
344000,1127.1,0.000008,,,,,,,,
344100,1127.5,0.000008,,,,,,,,
344200,1128.0,0.000006,,,,,,,,
344300,1128.5,0.000007,,,,,,,,
344400,1129.0,0.000007,,,,,,,,
344500,1129.4,0.000007,,,,,,,,
344600,1129.9,0.000008,,,,,,,,
344700,1130.4,0.000008,,,,,,,,
344800,1130.8,0.000009,,,,,,,,
344900,1131.3,0.000007,,,,,,,,
345000,1132.9,0.000007,0.000007,1.152130e+00,2.005216e-01,1.634383e-01,0.000000,9.829807e-01,1.848387e-01,1.536660e-01
345100,1133.1,0.000007,,,,,,,,
345200,1133.4,0.000006,,,,,,,,
345300,1133.7,0.000008,,,,,,,,
345400,1134.1,0.000006,,,,,,,,
345500,1134.6,0.000006,,,,,,,,
345600,1135.0,0.000007,,,,,,,,
345700,1135.5,0.000007,,,,,,,,
345800,1136.0,0.000007,,,,,,,,
345900,1136.5,0.000007,,,,,,,,
346000,1137.0,0.000007,,,,,,,,
346100,1137.4,0.000007,,,,,,,,
346200,1137.9,0.000006,,,,,,,,
346300,1138.4,0.000006,,,,,,,,
346400,1138.9,0.000006,,,,,,,,
346500,1139.3,0.000008,,,,,,,,
346600,1139.8,0.000006,,,,,,,,
346700,1140.3,0.000007,,,,,,,,
346800,1140.8,0.000005,,,,,,,,
346900,1141.2,0.000008,,,,,,,,
347000,1141.7,0.000008,,,,,,,,
347100,1142.2,0.000007,,,,,,,,
347200,1142.7,0.000006,,,,,,,,
347300,1143.2,0.000007,,,,,,,,
347400,1143.6,0.000007,,,,,,,,
347500,1144.1,0.000007,,,,,,,,
347600,1144.5,0.000007,,,,,,,,
347700,1145.0,0.000006,,,,,,,,
347800,1145.4,0.000007,,,,,,,,
347900,1145.9,0.000006,,,,,,,,
348000,1146.4,0.000007,,,,,,,,
348100,1146.8,0.000008,,,,,,,,
348200,1147.3,0.000008,,,,,,,,
348300,1147.7,0.000008,,,,,,,,
348400,1148.2,0.000007,,,,,,,,
348500,1148.7,0.000007,,,,,,,,
348600,1149.1,0.000008,,,,,,,,
348700,1149.6,0.000006,,,,,,,,
348800,1150.1,0.000008,,,,,,,,
348900,1150.6,0.000007,,,,,,,,
349000,1151.0,0.000007,,,,,,,,
349100,1151.5,0.000007,,,,,,,,
349200,1152.0,0.000007,,,,,,,,
349300,1152.4,0.000007,,,,,,,,
349400,1152.9,0.000007,,,,,,,,
349500,1153.3,0.000007,,,,,,,,
349600,1153.7,0.000007,,,,,,,,
349700,1154.2,0.000006,,,,,,,,
349800,1154.6,0.000008,,,,,,,,
349900,1155.1,0.000006,,,,,,,,
350000,1156.7,0.000007,0.000007,1.131423e+00,2.014364e-01,1.629723e-01,0.000000,9.627857e-01,1.859718e-01,1.530721e-01
350100,1157.0,0.000008,,,,,,,,
350200,1157.2,0.000011,,,,,,,,
350300,1157.6,0.000007,,,,,,,,
350400,1158.1,0.000006,,,,,,,,
350500,1158.6,0.000008,,,,,,,,
350600,1159.0,0.000007,,,,,,,,
350700,1159.5,0.000006,,,,,,,,
350800,1160.0,0.000006,,,,,,,,
350900,1160.4,0.000009,,,,,,,,
351000,1160.9,0.000005,,,,,,,,
351100,1161.4,0.000009,,,,,,,,
351200,1161.9,0.000008,,,,,,,,
351300,1162.4,0.000007,,,,,,,,
351400,1162.8,0.000006,,,,,,,,
351500,1163.3,0.000007,,,,,,,,
351600,1163.8,0.000005,,,,,,,,
351700,1164.2,0.000007,,,,,,,,
351800,1164.7,0.000006,,,,,,,,
351900,1165.2,0.000006,,,,,,,,
352000,1165.7,0.000007,,,,,,,,
352100,1166.1,0.000008,,,,,,,,
352200,1166.6,0.000006,,,,,,,,
352300,1167.0,0.000007,,,,,,,,
352400,1167.5,0.000007,,,,,,,,
352500,1168.0,0.000007,,,,,,,,
352600,1168.4,0.000006,,,,,,,,
352700,1168.9,0.000008,,,,,,,,
352800,1169.4,0.000006,,,,,,,,
352900,1169.8,0.000007,,,,,,,,
353000,1170.3,0.000007,,,,,,,,
353100,1170.8,0.000007,,,,,,,,
353200,1171.3,0.000007,,,,,,,,
353300,1171.7,0.000007,,,,,,,,
353400,1172.2,0.000008,,,,,,,,
353500,1172.7,0.000006,,,,,,,,
353600,1173.2,0.000007,,,,,,,,
353700,1173.7,0.000008,,,,,,,,
353800,1174.1,0.000006,,,,,,,,
353900,1174.6,0.000008,,,,,,,,
354000,1175.1,0.000006,,,,,,,,
354100,1175.5,0.000011,,,,,,,,
354200,1176.0,0.000006,,,,,,,,
354300,1176.5,0.000007,,,,,,,,
354400,1176.9,0.000007,,,,,,,,
354500,1177.4,0.000008,,,,,,,,
354600,1177.7,0.000007,,,,,,,,
354700,1178.2,0.000006,,,,,,,,
354800,1178.6,0.000007,,,,,,,,
354900,1179.1,0.000007,,,,,,,,
355000,1180.7,0.000007,0.000007,1.173001e+00,2.056839e-01,1.668226e-01,0.000000,9.915410e-01,1.907346e-01,1.571993e-01
355100,1181.0,0.000006,,,,,,,,
355200,1181.3,0.000006,,,,,,,,
355300,1181.7,0.000007,,,,,,,,
355400,1182.1,0.000009,,,,,,,,
355500,1182.6,0.000007,,,,,,,,
355600,1183.1,0.000007,,,,,,,,
355700,1183.6,0.000008,,,,,,,,
355800,1184.1,0.000006,,,,,,,,
355900,1184.5,0.000006,,,,,,,,
356000,1185.0,0.000006,,,,,,,,
356100,1185.5,0.000007,,,,,,,,
356200,1185.9,0.000007,,,,,,,,
356300,1186.4,0.000006,,,,,,,,
356400,1186.8,0.000006,,,,,,,,
356500,1187.3,0.000007,,,,,,,,
356600,1187.8,0.000007,,,,,,,,
356700,1188.3,0.000006,,,,,,,,
356800,1188.7,0.000008,,,,,,,,
356900,1189.2,0.000008,,,,,,,,
357000,1189.7,0.000006,,,,,,,,
357100,1190.1,0.000006,,,,,,,,
357200,1190.6,0.000007,,,,,,,,
357300,1191.1,0.000008,,,,,,,,
357400,1191.5,0.000006,,,,,,,,
357500,1192.0,0.000006,,,,,,,,
357600,1192.5,0.000007,,,,,,,,
357700,1193.0,0.000006,,,,,,,,
357800,1193.4,0.000008,,,,,,,,
357900,1193.9,0.000006,,,,,,,,
358000,1194.4,0.000008,,,,,,,,
358100,1194.8,0.000009,,,,,,,,
358200,1195.3,0.000007,,,,,,,,
358300,1195.7,0.000007,,,,,,,,
358400,1196.2,0.000009,,,,,,,,
358500,1196.7,0.000006,,,,,,,,
358600,1197.1,0.000007,,,,,,,,
358700,1197.6,0.000006,,,,,,,,
358800,1198.1,0.000006,,,,,,,,
358900,1198.5,0.000008,,,,,,,,
359000,1199.0,0.000009,,,,,,,,
359100,1199.5,0.000007,,,,,,,,
359200,1200.0,0.000007,,,,,,,,
359300,1200.5,0.000006,,,,,,,,
359400,1200.9,0.000007,,,,,,,,
359500,1201.4,0.000008,,,,,,,,
359600,1201.9,0.000011,,,,,,,,
359700,1202.4,0.000006,,,,,,,,
359800,1202.8,0.000005,,,,,,,,
359900,1203.3,0.000007,,,,,,,,
360000,1204.9,0.000007,0.000007,1.127671e+00,2.146877e-01,1.790330e-01,0.000000,9.937251e-01,2.000029e-01,1.694386e-01
360100,1205.1,0.000005,,,,,,,,
360200,1205.4,0.000006,,,,,,,,
360300,1205.7,0.000008,,,,,,,,
360400,1206.2,0.000008,,,,,,,,
360500,1206.7,0.000007,,,,,,,,
360600,1207.1,0.000007,,,,,,,,
360700,1207.6,0.000006,,,,,,,,
360800,1208.0,0.000007,,,,,,,,
360900,1208.5,0.000008,,,,,,,,
361000,1209.0,0.000007,,,,,,,,
361100,1209.4,0.000007,,,,,,,,
361200,1209.9,0.000008,,,,,,,,
361300,1210.4,0.000009,,,,,,,,
361400,1210.8,0.000006,,,,,,,,
361500,1211.3,0.000007,,,,,,,,
361600,1211.8,0.000008,,,,,,,,
361700,1212.2,0.000007,,,,,,,,
361800,1212.7,0.000006,,,,,,,,
361900,1213.2,0.000006,,,,,,,,
362000,1213.6,0.000006,,,,,,,,
362100,1214.0,0.000008,,,,,,,,
362200,1214.3,0.000007,,,,,,,,
362300,1214.6,0.000007,,,,,,,,
362400,1214.9,0.000007,,,,,,,,
362500,1215.2,0.000008,,,,,,,,
362600,1215.5,0.000005,,,,,,,,
362700,1215.7,0.000010,,,,,,,,
362800,1216.0,0.000008,,,,,,,,
362900,1216.3,0.000008,,,,,,,,
363000,1216.6,0.000006,,,,,,,,
363100,1216.9,0.000007,,,,,,,,
363200,1217.2,0.000007,,,,,,,,
363300,1217.5,0.000007,,,,,,,,
363400,1217.8,0.000006,,,,,,,,
363500,1218.1,0.000006,,,,,,,,
363600,1218.3,0.000006,,,,,,,,
363700,1218.6,0.000007,,,,,,,,
363800,1218.9,0.000009,,,,,,,,
363900,1219.2,0.000007,,,,,,,,
364000,1219.5,0.000007,,,,,,,,
364100,1219.8,0.000006,,,,,,,,
364200,1220.1,0.000006,,,,,,,,
364300,1220.4,0.000006,,,,,,,,
364400,1220.7,0.000006,,,,,,,,
364500,1221.0,0.000010,,,,,,,,
364600,1221.3,0.000007,,,,,,,,
364700,1221.6,0.000008,,,,,,,,
364800,1221.9,0.000008,,,,,,,,
364900,1222.2,0.000007,,,,,,,,
365000,1223.5,0.000007,0.000006,1.081185e+00,1.979204e-01,1.609834e-01,0.000000,9.099827e-01,1.821509e-01,1.504655e-01
365100,1223.8,0.000008,,,,,,,,
365200,1224.1,0.000008,,,,,,,,
365300,1224.4,0.000007,,,,,,,,
365400,1224.7,0.000007,,,,,,,,
365500,1225.0,0.000007,,,,,,,,
365600,1225.2,0.000006,,,,,,,,
365700,1225.5,0.000008,,,,,,,,
365800,1225.8,0.000007,,,,,,,,
365900,1226.1,0.000006,,,,,,,,
366000,1226.4,0.000006,,,,,,,,
366100,1226.7,0.000008,,,,,,,,
366200,1227.0,0.000007,,,,,,,,
366300,1227.3,0.000007,,,,,,,,
366400,1227.6,0.000007,,,,,,,,
366500,1227.9,0.000007,,,,,,,,
366600,1228.2,0.000007,,,,,,,,
366700,1228.5,0.000007,,,,,,,,
366800,1228.8,0.000007,,,,,,,,
366900,1229.1,0.000005,,,,,,,,
367000,1229.4,0.000007,,,,,,,,
367100,1229.6,0.000007,,,,,,,,
367200,1229.9,0.000008,,,,,,,,
367300,1230.2,0.000008,,,,,,,,
367400,1230.5,0.000007,,,,,,,,
367500,1230.8,0.000006,,,,,,,,
367600,1231.1,0.000007,,,,,,,,
367700,1231.4,0.000007,,,,,,,,
367800,1231.7,0.000008,,,,,,,,
367900,1232.0,0.000007,,,,,,,,
368000,1232.3,0.000008,,,,,,,,
368100,1232.6,0.000006,,,,,,,,
368200,1232.9,0.000006,,,,,,,,
368300,1233.2,0.000007,,,,,,,,
368400,1233.5,0.000006,,,,,,,,
368500,1233.8,0.000009,,,,,,,,
368600,1234.1,0.000008,,,,,,,,
368700,1234.4,0.000006,,,,,,,,
368800,1234.7,0.000007,,,,,,,,
368900,1235.0,0.000010,,,,,,,,
369000,1235.3,0.000007,,,,,,,,
369100,1235.5,0.000006,,,,,,,,
369200,1235.8,0.000006,,,,,,,,
369300,1236.1,0.000008,,,,,,,,
369400,1236.4,0.000007,,,,,,,,
369500,1236.7,0.000008,,,,,,,,
369600,1237.0,0.000009,,,,,,,,
369700,1237.3,0.000006,,,,,,,,
369800,1237.6,0.000006,,,,,,,,
369900,1237.9,0.000008,,,,,,,,
370000,1239.3,0.000008,0.000006,1.108238e+00,1.942755e-01,1.577356e-01,0.000000,9.398289e-01,1.782655e-01,1.472993e-01
370100,1239.5,0.000006,,,,,,,,
370200,1239.8,0.000009,,,,,,,,
370300,1240.1,0.000005,,,,,,,,
370400,1240.4,0.000007,,,,,,,,
370500,1240.7,0.000007,,,,,,,,
370600,1241.0,0.000006,,,,,,,,
370700,1241.3,0.000006,,,,,,,,
370800,1241.6,0.000006,,,,,,,,
370900,1241.9,0.000007,,,,,,,,
371000,1242.2,0.000006,,,,,,,,
371100,1242.5,0.000006,,,,,,,,
371200,1242.8,0.000009,,,,,,,,
371300,1243.1,0.000006,,,,,,,,
371400,1243.4,0.000007,,,,,,,,
371500,1243.7,0.000008,,,,,,,,
371600,1244.0,0.000007,,,,,,,,
371700,1244.3,0.000008,,,,,,,,
371800,1244.5,0.000007,,,,,,,,
371900,1244.8,0.000009,,,,,,,,
372000,1245.1,0.000006,,,,,,,,
372100,1245.4,0.000007,,,,,,,,
372200,1245.7,0.000006,,,,,,,,
372300,1246.0,0.000006,,,,,,,,
372400,1246.3,0.000007,,,,,,,,
372500,1246.6,0.000005,,,,,,,,
372600,1246.9,0.000006,,,,,,,,
372700,1247.2,0.000007,,,,,,,,
372800,1247.5,0.000007,,,,,,,,
372900,1247.8,0.000008,,,,,,,,
373000,1248.1,0.000007,,,,,,,,
373100,1248.4,0.000007,,,,,,,,
373200,1248.7,0.000006,,,,,,,,
373300,1249.0,0.000006,,,,,,,,
373400,1249.3,0.000006,,,,,,,,
373500,1249.6,0.000006,,,,,,,,
373600,1249.9,0.000008,,,,,,,,
373700,1250.2,0.000007,,,,,,,,
373800,1250.5,0.000006,,,,,,,,
373900,1250.8,0.000007,,,,,,,,
374000,1251.1,0.000007,,,,,,,,
374100,1251.3,0.000007,,,,,,,,
374200,1251.6,0.000007,,,,,,,,
374300,1251.9,0.000007,,,,,,,,
374400,1252.2,0.000005,,,,,,,,
374500,1252.5,0.000006,,,,,,,,
374600,1252.8,0.000008,,,,,,,,
374700,1253.1,0.000007,,,,,,,,
374800,1253.4,0.000006,,,,,,,,
374900,1253.7,0.000007,,,,,,,,
375000,1255.1,0.000007,0.000009,1.226695e+00,2.454620e-01,2.082060e-01,0.000000,1.106235e+00,2.315977e-01,1.991097e-01
375100,1255.3,0.000009,,,,,,,,
375200,1255.6,0.000007,,,,,,,,
375300,1255.9,0.000007,,,,,,,,
375400,1256.2,0.000008,,,,,,,,
375500,1256.5,0.000007,,,,,,,,
375600,1256.8,0.000007,,,,,,,,
375700,1257.1,0.000008,,,,,,,,
375800,1257.4,0.000007,,,,,,,,
375900,1257.7,0.000008,,,,,,,,
376000,1258.0,0.000006,,,,,,,,
376100,1258.3,0.000006,,,,,,,,
376200,1258.6,0.000006,,,,,,,,
376300,1258.8,0.000008,,,,,,,,
376400,1259.1,0.000008,,,,,,,,
376500,1259.4,0.000007,,,,,,,,
376600,1259.7,0.000008,,,,,,,,
376700,1260.0,0.000007,,,,,,,,
376800,1260.3,0.000007,,,,,,,,
376900,1260.6,0.000006,,,,,,,,
377000,1260.9,0.000007,,,,,,,,
377100,1261.2,0.000009,,,,,,,,
377200,1261.5,0.000006,,,,,,,,
377300,1261.8,0.000006,,,,,,,,
377400,1262.1,0.000007,,,,,,,,
377500,1262.4,0.000006,,,,,,,,
377600,1262.6,0.000007,,,,,,,,
377700,1262.9,0.000006,,,,,,,,
377800,1263.2,0.000008,,,,,,,,
377900,1263.5,0.000007,,,,,,,,
378000,1263.8,0.000009,,,,,,,,
378100,1264.1,0.000007,,,,,,,,
378200,1264.3,0.000007,,,,,,,,
378300,1264.6,0.000006,,,,,,,,
378400,1264.9,0.000007,,,,,,,,
378500,1265.2,0.000007,,,,,,,,
378600,1265.5,0.000006,,,,,,,,
378700,1265.8,0.000007,,,,,,,,
378800,1266.0,0.000007,,,,,,,,
378900,1266.3,0.000011,,,,,,,,
379000,1266.6,0.000007,,,,,,,,
379100,1266.9,0.000006,,,,,,,,
379200,1267.2,0.000006,,,,,,,,
379300,1267.5,0.000007,,,,,,,,
379400,1267.8,0.000007,,,,,,,,
379500,1268.1,0.000006,,,,,,,,
379600,1268.4,0.000007,,,,,,,,
379700,1268.7,0.000007,,,,,,,,
379800,1269.0,0.000006,,,,,,,,
379900,1269.3,0.000007,,,,,,,,
380000,1270.7,0.000007,0.000007,1.134374e+00,2.019555e-01,1.627983e-01,0.000000,9.211669e-01,1.865163e-01,1.532876e-01
380100,1270.9,0.000007,,,,,,,,
380200,1271.2,0.000007,,,,,,,,
380300,1271.5,0.000006,,,,,,,,
380400,1271.8,0.000007,,,,,,,,
380500,1272.1,0.000007,,,,,,,,
380600,1272.3,0.000008,,,,,,,,
380700,1272.6,0.000007,,,,,,,,
380800,1272.9,0.000006,,,,,,,,
380900,1273.2,0.000007,,,,,,,,
381000,1273.5,0.000009,,,,,,,,
381100,1273.8,0.000007,,,,,,,,
381200,1274.1,0.000006,,,,,,,,
381300,1274.4,0.000009,,,,,,,,
381400,1274.7,0.000006,,,,,,,,
381500,1275.0,0.000008,,,,,,,,
381600,1275.3,0.000007,,,,,,,,
381700,1275.6,0.000007,,,,,,,,
381800,1275.9,0.000006,,,,,,,,
381900,1276.2,0.000008,,,,,,,,
382000,1276.5,0.000006,,,,,,,,
382100,1276.7,0.000007,,,,,,,,
382200,1277.0,0.000006,,,,,,,,
382300,1277.3,0.000008,,,,,,,,
382400,1277.6,0.000006,,,,,,,,
382500,1277.9,0.000006,,,,,,,,
382600,1278.2,0.000007,,,,,,,,
382700,1278.5,0.000007,,,,,,,,
382800,1278.8,0.000007,,,,,,,,
382900,1279.1,0.000007,,,,,,,,
383000,1279.4,0.000007,,,,,,,,
383100,1279.6,0.000006,,,,,,,,
383200,1279.9,0.000008,,,,,,,,
383300,1280.2,0.000007,,,,,,,,
383400,1280.5,0.000008,,,,,,,,
383500,1280.8,0.000007,,,,,,,,
383600,1281.1,0.000006,,,,,,,,
383700,1281.3,0.000006,,,,,,,,
383800,1281.6,0.000008,,,,,,,,
383900,1281.8,0.000009,,,,,,,,
384000,1282.1,0.000006,,,,,,,,
384100,1282.4,0.000007,,,,,,,,
384200,1282.7,0.000006,,,,,,,,
384300,1283.0,0.000008,,,,,,,,
384400,1283.3,0.000007,,,,,,,,
384500,1283.6,0.000006,,,,,,,,
384600,1283.9,0.000007,,,,,,,,
384700,1284.2,0.000007,,,,,,,,
384800,1284.5,0.000007,,,,,,,,
384900,1284.8,0.000007,,,,,,,,
385000,1286.1,0.000007,0.000006,1.150867e+00,1.987238e-01,1.625483e-01,0.000000,9.828014e-01,1.836143e-01,1.529723e-01
385100,1286.4,0.000007,,,,,,,,
385200,1286.7,0.000006,,,,,,,,
385300,1287.0,0.000009,,,,,,,,
385400,1287.3,0.000007,,,,,,,,
385500,1287.6,0.000007,,,,,,,,
385600,1287.8,0.000006,,,,,,,,
385700,1288.1,0.000007,,,,,,,,
385800,1288.4,0.000009,,,,,,,,
385900,1288.7,0.000006,,,,,,,,
386000,1289.0,0.000006,,,,,,,,
386100,1289.3,0.000007,,,,,,,,
386200,1289.6,0.000008,,,,,,,,
386300,1289.9,0.000006,,,,,,,,
386400,1290.2,0.000007,,,,,,,,
386500,1290.5,0.000007,,,,,,,,
386600,1290.7,0.000007,,,,,,,,
386700,1291.0,0.000008,,,,,,,,
386800,1291.3,0.000009,,,,,,,,
386900,1291.5,0.000006,,,,,,,,
387000,1291.8,0.000007,,,,,,,,
387100,1292.1,0.000008,,,,,,,,
387200,1292.4,0.000007,,,,,,,,
387300,1292.7,0.000007,,,,,,,,
387400,1293.0,0.000007,,,,,,,,
387500,1293.3,0.000006,,,,,,,,
387600,1293.6,0.000006,,,,,,,,
387700,1293.9,0.000008,,,,,,,,
387800,1294.1,0.000008,,,,,,,,
387900,1294.4,0.000008,,,,,,,,
388000,1294.7,0.000006,,,,,,,,
388100,1295.0,0.000006,,,,,,,,
388200,1295.3,0.000007,,,,,,,,
388300,1295.6,0.000007,,,,,,,,
388400,1295.9,0.000007,,,,,,,,
388500,1296.2,0.000006,,,,,,,,
388600,1296.5,0.000006,,,,,,,,
388700,1296.8,0.000006,,,,,,,,
388800,1297.1,0.000009,,,,,,,,
388900,1297.4,0.000009,,,,,,,,
389000,1297.7,0.000006,,,,,,,,
389100,1298.0,0.000006,,,,,,,,
389200,1298.3,0.000006,,,,,,,,
389300,1298.6,0.000005,,,,,,,,
389400,1298.8,0.000005,,,,,,,,
389500,1299.1,0.000007,,,,,,,,
389600,1299.4,0.000006,,,,,,,,
389700,1299.7,0.000006,,,,,,,,
389800,1300.0,0.000005,,,,,,,,
389900,1300.3,0.000008,,,,,,,,
390000,1301.7,0.000007,0.000007,1.153316e+00,2.010847e-01,1.644802e-01,0.000000,9.854603e-01,1.858883e-01,1.550595e-01
390100,1301.9,0.000007,,,,,,,,
390200,1302.2,0.000008,,,,,,,,
390300,1302.5,0.000007,,,,,,,,
390400,1302.8,0.000007,,,,,,,,
390500,1303.1,0.000006,,,,,,,,
390600,1303.4,0.000006,,,,,,,,
390700,1303.6,0.000008,,,,,,,,
390800,1303.9,0.000007,,,,,,,,
390900,1304.2,0.000006,,,,,,,,
391000,1304.5,0.000007,,,,,,,,
391100,1304.8,0.000009,,,,,,,,
391200,1305.1,0.000007,,,,,,,,
391300,1305.4,0.000007,,,,,,,,
391400,1305.7,0.000007,,,,,,,,
391500,1306.0,0.000007,,,,,,,,
391600,1306.3,0.000007,,,,,,,,
391700,1306.6,0.000006,,,,,,,,
391800,1306.9,0.000007,,,,,,,,
391900,1307.2,0.000007,,,,,,,,
392000,1307.5,0.000006,,,,,,,,
392100,1307.7,0.000007,,,,,,,,
392200,1308.0,0.000007,,,,,,,,
392300,1308.3,0.000007,,,,,,,,
392400,1308.6,0.000007,,,,,,,,
392500,1308.9,0.000007,,,,,,,,
392600,1309.2,0.000008,,,,,,,,
392700,1309.5,0.000007,,,,,,,,
392800,1309.8,0.000006,,,,,,,,
392900,1310.1,0.000008,,,,,,,,
393000,1310.4,0.000006,,,,,,,,
393100,1310.7,0.000007,,,,,,,,
393200,1311.0,0.000006,,,,,,,,
393300,1311.3,0.000007,,,,,,,,
393400,1311.6,0.000006,,,,,,,,
393500,1311.9,0.000007,,,,,,,,
393600,1312.2,0.000009,,,,,,,,
393700,1312.5,0.000008,,,,,,,,
393800,1312.8,0.000007,,,,,,,,
393900,1313.0,0.000006,,,,,,,,
394000,1313.3,0.000006,,,,,,,,
394100,1313.6,0.000006,,,,,,,,
394200,1313.9,0.000007,,,,,,,,
394300,1314.2,0.000007,,,,,,,,
394400,1314.5,0.000009,,,,,,,,
394500,1314.8,0.000007,,,,,,,,
394600,1315.1,0.000006,,,,,,,,
394700,1315.4,0.000007,,,,,,,,
394800,1315.7,0.000005,,,,,,,,
394900,1316.0,0.000006,,,,,,,,
395000,1317.4,0.000007,0.000006,1.070942e+00,1.984666e-01,1.670319e-01,0.000000,8.821058e-01,1.830765e-01,1.566118e-01
395100,1317.6,0.000007,,,,,,,,
395200,1317.9,0.000009,,,,,,,,
395300,1318.2,0.000006,,,,,,,,
395400,1318.5,0.000007,,,,,,,,
395500,1318.7,0.000007,,,,,,,,
395600,1319.0,0.000007,,,,,,,,
395700,1319.3,0.000008,,,,,,,,
395800,1319.6,0.000006,,,,,,,,
395900,1319.9,0.000007,,,,,,,,
396000,1320.2,0.000007,,,,,,,,
396100,1320.5,0.000007,,,,,,,,
396200,1320.8,0.000006,,,,,,,,
396300,1321.1,0.000007,,,,,,,,
396400,1321.4,0.000006,,,,,,,,
396500,1321.6,0.000006,,,,,,,,
396600,1321.9,0.000007,,,,,,,,
396700,1322.2,0.000009,,,,,,,,
396800,1322.5,0.000008,,,,,,,,
396900,1322.8,0.000007,,,,,,,,
397000,1323.1,0.000007,,,,,,,,
397100,1323.4,0.000007,,,,,,,,
397200,1323.7,0.000006,,,,,,,,
397300,1324.0,0.000007,,,,,,,,
397400,1324.3,0.000007,,,,,,,,
397500,1324.6,0.000006,,,,,,,,
397600,1324.8,0.000006,,,,,,,,
397700,1325.1,0.000007,,,,,,,,
397800,1325.4,0.000006,,,,,,,,
397900,1325.7,0.000007,,,,,,,,
398000,1326.0,0.000007,,,,,,,,
398100,1326.3,0.000007,,,,,,,,
398200,1326.6,0.000005,,,,,,,,
398300,1326.9,0.000007,,,,,,,,
398400,1327.2,0.000005,,,,,,,,
398500,1327.4,0.000006,,,,,,,,
398600,1327.7,0.000005,,,,,,,,
398700,1328.0,0.000005,,,,,,,,
398800,1328.3,0.000006,,,,,,,,
398900,1328.6,0.000005,,,,,,,,
399000,1328.9,0.000007,,,,,,,,
399100,1329.2,0.000007,,,,,,,,
399200,1329.5,0.000008,,,,,,,,
399300,1329.7,0.000008,,,,,,,,
399400,1330.0,0.000007,,,,,,,,
399500,1330.3,0.000008,,,,,,,,
399600,1330.6,0.000007,,,,,,,,
399700,1330.9,0.000009,,,,,,,,
399800,1331.2,0.000006,,,,,,,,
399900,1331.5,0.000009,,,,,,,,
400000,1332.9,0.000007,0.000006,1.140847e+00,1.946159e-01,1.581378e-01,0.000000,9.608480e-01,1.794133e-01,1.476218e-01
400100,1333.1,0.000007,,,,,,,,
400200,1333.4,0.000007,,,,,,,,
400300,1333.7,0.000006,,,,,,,,
400400,1334.0,0.000006,,,,,,,,
400500,1334.3,0.000006,,,,,,,,
400600,1334.6,0.000007,,,,,,,,
400700,1334.8,0.000007,,,,,,,,
400800,1335.1,0.000007,,,,,,,,
400900,1335.4,0.000007,,,,,,,,
401000,1335.7,0.000006,,,,,,,,
401100,1336.0,0.000008,,,,,,,,
401200,1336.3,0.000007,,,,,,,,
401300,1336.6,0.000007,,,,,,,,
401400,1336.9,0.000007,,,,,,,,
401500,1337.2,0.000006,,,,,,,,
401600,1337.5,0.000006,,,,,,,,
401700,1337.7,0.000007,,,,,,,,
401800,1338.0,0.000007,,,,,,,,
401900,1338.3,0.000007,,,,,,,,
402000,1338.6,0.000007,,,,,,,,
402100,1338.9,0.000006,,,,,,,,
402200,1339.2,0.000005,,,,,,,,
402300,1339.5,0.000007,,,,,,,,
402400,1339.8,0.000007,,,,,,,,
402500,1340.1,0.000008,,,,,,,,
402600,1340.4,0.000006,,,,,,,,
402700,1340.7,0.000007,,,,,,,,
402800,1340.9,0.000008,,,,,,,,
402900,1341.2,0.000007,,,,,,,,
403000,1341.5,0.000007,,,,,,,,
403100,1341.8,0.000007,,,,,,,,
403200,1342.1,0.000007,,,,,,,,
403300,1342.4,0.000007,,,,,,,,
403400,1342.7,0.000007,,,,,,,,
403500,1343.0,0.000006,,,,,,,,
403600,1343.3,0.000007,,,,,,,,
403700,1343.6,0.000007,,,,,,,,
403800,1343.8,0.000007,,,,,,,,
403900,1344.1,0.000008,,,,,,,,
404000,1344.4,0.000007,,,,,,,,
404100,1344.7,0.000006,,,,,,,,
404200,1345.0,0.000006,,,,,,,,
404300,1345.3,0.000005,,,,,,,,
404400,1345.6,0.000007,,,,,,,,
404500,1345.8,0.000006,,,,,,,,
404600,1346.1,0.000006,,,,,,,,
404700,1346.4,0.000006,,,,,,,,
404800,1346.7,0.000007,,,,,,,,
404900,1347.0,0.000007,,,,,,,,
405000,1348.4,0.000006,0.000007,1.117828e+00,2.032551e-01,1.682328e-01,0.000000,9.496136e-01,1.880420e-01,1.587662e-01
405100,1348.7,0.000006,,,,,,,,
405200,1348.9,0.000007,,,,,,,,
405300,1349.2,0.000008,,,,,,,,
405400,1349.5,0.000006,,,,,,,,
405500,1349.8,0.000006,,,,,,,,
405600,1350.1,0.000006,,,,,,,,
405700,1350.4,0.000007,,,,,,,,
405800,1350.7,0.000007,,,,,,,,
405900,1351.0,0.000007,,,,,,,,
406000,1351.3,0.000008,,,,,,,,
406100,1351.6,0.000007,,,,,,,,
406200,1351.9,0.000008,,,,,,,,
406300,1352.1,0.000006,,,,,,,,
406400,1352.4,0.000007,,,,,,,,
406500,1352.6,0.000007,,,,,,,,
406600,1352.9,0.000007,,,,,,,,
406700,1353.2,0.000007,,,,,,,,
406800,1353.5,0.000008,,,,,,,,
406900,1353.8,0.000006,,,,,,,,
407000,1354.1,0.000008,,,,,,,,
407100,1354.4,0.000007,,,,,,,,
407200,1354.6,0.000008,,,,,,,,
407300,1354.9,0.000006,,,,,,,,
407400,1355.2,0.000006,,,,,,,,
407500,1355.5,0.000006,,,,,,,,
407600,1355.8,0.000007,,,,,,,,
407700,1356.1,0.000007,,,,,,,,
407800,1356.4,0.000008,,,,,,,,
407900,1356.7,0.000006,,,,,,,,
408000,1356.9,0.000006,,,,,,,,
408100,1357.2,0.000007,,,,,,,,
408200,1357.5,0.000007,,,,,,,,
408300,1357.8,0.000007,,,,,,,,
408400,1358.0,0.000007,,,,,,,,
408500,1358.3,0.000005,,,,,,,,
408600,1358.6,0.000006,,,,,,,,
408700,1358.9,0.000008,,,,,,,,
408800,1359.2,0.000008,,,,,,,,
408900,1359.5,0.000007,,,,,,,,
409000,1359.8,0.000007,,,,,,,,
409100,1360.1,0.000008,,,,,,,,
409200,1360.4,0.000008,,,,,,,,
409300,1360.6,0.000006,,,,,,,,
409400,1360.9,0.000007,,,,,,,,
409500,1361.2,0.000007,,,,,,,,
409600,1361.5,0.000007,,,,,,,,
409700,1361.8,0.000006,,,,,,,,
409800,1362.1,0.000007,,,,,,,,
409900,1362.4,0.000007,,,,,,,,
410000,1363.8,0.000007,0.000007,1.241501e+00,2.133883e-01,1.756857e-01,0.000000,1.061758e+00,1.990417e-01,1.659419e-01
410100,1364.0,0.000006,,,,,,,,
410200,1364.3,0.000007,,,,,,,,
410300,1364.6,0.000006,,,,,,,,
410400,1364.9,0.000006,,,,,,,,
410500,1365.2,0.000007,,,,,,,,
410600,1365.5,0.000007,,,,,,,,
410700,1365.8,0.000006,,,,,,,,
410800,1366.1,0.000007,,,,,,,,
410900,1366.4,0.000007,,,,,,,,
411000,1366.7,0.000008,,,,,,,,
411100,1367.0,0.000007,,,,,,,,
411200,1367.3,0.000007,,,,,,,,
411300,1367.6,0.000006,,,,,,,,
411400,1367.9,0.000006,,,,,,,,
411500,1368.1,0.000007,,,,,,,,
411600,1368.4,0.000006,,,,,,,,
411700,1368.7,0.000007,,,,,,,,
411800,1369.0,0.000006,,,,,,,,
411900,1369.3,0.000006,,,,,,,,
412000,1369.6,0.000007,,,,,,,,
412100,1369.9,0.000006,,,,,,,,
412200,1370.2,0.000007,,,,,,,,
412300,1370.5,0.000007,,,,,,,,
412400,1370.8,0.000006,,,,,,,,
412500,1371.1,0.000006,,,,,,,,
412600,1371.4,0.000007,,,,,,,,
412700,1371.7,0.000007,,,,,,,,
412800,1372.0,0.000006,,,,,,,,
412900,1372.3,0.000007,,,,,,,,
413000,1372.5,0.000007,,,,,,,,
413100,1372.8,0.000007,,,,,,,,
413200,1373.1,0.000005,,,,,,,,
413300,1373.4,0.000006,,,,,,,,
413400,1373.7,0.000006,,,,,,,,
413500,1374.0,0.000007,,,,,,,,
413600,1374.3,0.000005,,,,,,,,
413700,1374.6,0.000007,,,,,,,,
413800,1374.9,0.000006,,,,,,,,
413900,1375.2,0.000005,,,,,,,,
414000,1375.5,0.000008,,,,,,,,
414100,1375.8,0.000006,,,,,,,,
414200,1376.1,0.000008,,,,,,,,
414300,1376.4,0.000007,,,,,,,,
414400,1376.6,0.000008,,,,,,,,
414500,1376.9,0.000007,,,,,,,,
414600,1377.2,0.000005,,,,,,,,
414700,1377.5,0.000008,,,,,,,,
414800,1377.8,0.000006,,,,,,,,
414900,1378.1,0.000006,,,,,,,,
415000,1379.4,0.000008,0.000006,1.053251e+00,1.963051e-01,1.593156e-01,0.000000,8.833369e-01,1.811590e-01,1.501102e-01
415100,1379.7,0.000007,,,,,,,,
415200,1379.9,0.000006,,,,,,,,
415300,1380.2,0.000007,,,,,,,,
415400,1380.5,0.000006,,,,,,,,
415500,1380.8,0.000006,,,,,,,,
415600,1381.1,0.000008,,,,,,,,
415700,1381.4,0.000007,,,,,,,,
415800,1381.7,0.000006,,,,,,,,
415900,1382.0,0.000007,,,,,,,,
416000,1382.3,0.000007,,,,,,,,
416100,1382.5,0.000009,,,,,,,,
416200,1382.8,0.000007,,,,,,,,
416300,1383.1,0.000007,,,,,,,,
416400,1383.3,0.000007,,,,,,,,
416500,1383.6,0.000007,,,,,,,,
416600,1383.9,0.000006,,,,,,,,
416700,1384.2,0.000007,,,,,,,,
416800,1384.5,0.000006,,,,,,,,
416900,1384.8,0.000007,,,,,,,,
417000,1385.1,0.000006,,,,,,,,
417100,1385.4,0.000006,,,,,,,,
417200,1385.7,0.000008,,,,,,,,
417300,1386.0,0.000006,,,,,,,,
417400,1386.3,0.000007,,,,,,,,
417500,1386.6,0.000009,,,,,,,,
417600,1386.8,0.000007,,,,,,,,
417700,1387.1,0.000007,,,,,,,,
417800,1387.4,0.000007,,,,,,,,
417900,1387.7,0.000007,,,,,,,,
418000,1388.0,0.000006,,,,,,,,
418100,1388.3,0.000008,,,,,,,,
418200,1388.6,0.000006,,,,,,,,
418300,1388.9,0.000007,,,,,,,,
418400,1389.1,0.000009,,,,,,,,
418500,1389.4,0.000006,,,,,,,,
418600,1389.7,0.000007,,,,,,,,
418700,1390.0,0.000007,,,,,,,,
418800,1390.3,0.000005,,,,,,,,
418900,1390.6,0.000007,,,,,,,,
419000,1390.9,0.000007,,,,,,,,
419100,1391.2,0.000007,,,,,,,,
419200,1391.5,0.000006,,,,,,,,
419300,1391.8,0.000007,,,,,,,,
419400,1392.1,0.000007,,,,,,,,
419500,1392.4,0.000008,,,,,,,,
419600,1392.7,0.000006,,,,,,,,
419700,1393.0,0.000005,,,,,,,,
419800,1393.2,0.000007,,,,,,,,
419900,1393.5,0.000006,,,,,,,,
420000,1394.9,0.000007,0.000006,1.091190e+00,1.977935e-01,1.621852e-01,0.000000,9.233990e-01,1.823806e-01,1.521760e-01
420100,1395.2,0.000008,,,,,,,,
420200,1395.4,0.000006,,,,,,,,
420300,1395.7,0.000007,,,,,,,,
420400,1396.0,0.000006,,,,,,,,
420500,1396.3,0.000008,,,,,,,,
420600,1396.6,0.000008,,,,,,,,
420700,1396.8,0.000007,,,,,,,,
420800,1397.1,0.000005,,,,,,,,
420900,1397.4,0.000006,,,,,,,,
421000,1397.7,0.000007,,,,,,,,
421100,1398.0,0.000008,,,,,,,,
421200,1398.3,0.000007,,,,,,,,
421300,1398.6,0.000007,,,,,,,,
421400,1398.9,0.000007,,,,,,,,
421500,1399.2,0.000007,,,,,,,,
421600,1399.5,0.000007,,,,,,,,
421700,1399.8,0.000008,,,,,,,,
421800,1400.1,0.000007,,,,,,,,
421900,1400.4,0.000006,,,,,,,,
422000,1400.6,0.000007,,,,,,,,
422100,1400.9,0.000008,,,,,,,,
422200,1401.2,0.000006,,,,,,,,
422300,1401.5,0.000007,,,,,,,,
422400,1401.8,0.000005,,,,,,,,
422500,1402.1,0.000007,,,,,,,,
422600,1402.3,0.000008,,,,,,,,
422700,1402.6,0.000007,,,,,,,,
422800,1402.9,0.000008,,,,,,,,
422900,1403.2,0.000007,,,,,,,,
423000,1403.5,0.000007,,,,,,,,
423100,1403.8,0.000006,,,,,,,,
423200,1404.1,0.000006,,,,,,,,
423300,1404.4,0.000005,,,,,,,,
423400,1404.7,0.000007,,,,,,,,
423500,1405.0,0.000009,,,,,,,,
423600,1405.3,0.000007,,,,,,,,
423700,1405.6,0.000006,,,,,,,,
423800,1405.8,0.000007,,,,,,,,
423900,1406.1,0.000006,,,,,,,,
424000,1406.4,0.000006,,,,,,,,
424100,1406.7,0.000005,,,,,,,,
424200,1407.0,0.000008,,,,,,,,
424300,1407.3,0.000007,,,,,,,,
424400,1407.6,0.000005,,,,,,,,
424500,1407.9,0.000007,,,,,,,,
424600,1408.2,0.000007,,,,,,,,
424700,1408.5,0.000006,,,,,,,,
424800,1408.7,0.000007,,,,,,,,
424900,1409.0,0.000006,,,,,,,,
425000,1410.4,0.000008,0.000007,1.133520e+00,2.036191e-01,1.688608e-01,0.000000,9.202666e-01,1.885136e-01,1.589423e-01
425100,1410.6,0.000006,,,,,,,,
425200,1410.9,0.000007,,,,,,,,
425300,1411.1,0.000006,,,,,,,,
425400,1411.4,0.000007,,,,,,,,
425500,1411.7,0.000006,,,,,,,,
425600,1412.0,0.000006,,,,,,,,
425700,1412.3,0.000006,,,,,,,,
425800,1412.6,0.000005,,,,,,,,
425900,1412.9,0.000007,,,,,,,,
426000,1413.2,0.000006,,,,,,,,
426100,1413.5,0.000008,,,,,,,,
426200,1413.8,0.000007,,,,,,,,
426300,1414.1,0.000006,,,,,,,,
426400,1414.4,0.000006,,,,,,,,
426500,1414.6,0.000007,,,,,,,,
426600,1414.9,0.000006,,,,,,,,
426700,1415.2,0.000007,,,,,,,,
426800,1415.5,0.000006,,,,,,,,
426900,1415.8,0.000008,,,,,,,,
427000,1416.1,0.000005,,,,,,,,
427100,1416.4,0.000005,,,,,,,,
427200,1416.7,0.000007,,,,,,,,
427300,1417.0,0.000008,,,,,,,,
427400,1417.3,0.000006,,,,,,,,
427500,1417.6,0.000007,,,,,,,,
427600,1417.9,0.000006,,,,,,,,
427700,1418.1,0.000006,,,,,,,,
427800,1418.4,0.000005,,,,,,,,
427900,1418.7,0.000006,,,,,,,,
428000,1419.0,0.000007,,,,,,,,
428100,1419.3,0.000007,,,,,,,,
428200,1419.6,0.000008,,,,,,,,
428300,1419.9,0.000009,,,,,,,,
428400,1420.2,0.000007,,,,,,,,
428500,1420.5,0.000006,,,,,,,,
428600,1420.8,0.000007,,,,,,,,
428700,1421.1,0.000006,,,,,,,,
428800,1421.4,0.000006,,,,,,,,
428900,1421.7,0.000007,,,,,,,,
429000,1422.0,0.000009,,,,,,,,
429100,1422.2,0.000007,,,,,,,,
429200,1422.5,0.000008,,,,,,,,
429300,1422.8,0.000007,,,,,,,,
429400,1423.1,0.000006,,,,,,,,
429500,1423.4,0.000009,,,,,,,,
429600,1423.7,0.000006,,,,,,,,
429700,1424.0,0.000007,,,,,,,,
429800,1424.3,0.000006,,,,,,,,
429900,1424.6,0.000007,,,,,,,,
430000,1426.0,0.000007,0.000007,1.126487e+00,2.007491e-01,1.631112e-01,0.000000,9.587345e-01,1.849940e-01,1.527784e-01
430100,1426.2,0.000005,,,,,,,,
430200,1426.5,0.000008,,,,,,,,
430300,1426.7,0.000008,,,,,,,,
430400,1427.0,0.000005,,,,,,,,
430500,1427.3,0.000008,,,,,,,,
430600,1427.6,0.000008,,,,,,,,
430700,1427.9,0.000008,,,,,,,,
430800,1428.2,0.000008,,,,,,,,
430900,1428.4,0.000006,,,,,,,,
431000,1428.7,0.000006,,,,,,,,
431100,1429.0,0.000007,,,,,,,,
431200,1429.3,0.000006,,,,,,,,
431300,1429.6,0.000007,,,,,,,,
431400,1429.9,0.000006,,,,,,,,
431500,1430.2,0.000006,,,,,,,,
431600,1430.5,0.000006,,,,,,,,
431700,1430.8,0.000006,,,,,,,,
431800,1431.1,0.000007,,,,,,,,
431900,1431.4,0.000006,,,,,,,,
432000,1431.7,0.000007,,,,,,,,
432100,1432.0,0.000006,,,,,,,,
432200,1432.3,0.000007,,,,,,,,
432300,1432.5,0.000006,,,,,,,,
432400,1432.8,0.000007,,,,,,,,
432500,1433.1,0.000007,,,,,,,,
432600,1433.4,0.000006,,,,,,,,
432700,1433.7,0.000007,,,,,,,,
432800,1434.0,0.000007,,,,,,,,
432900,1434.3,0.000007,,,,,,,,
433000,1434.6,0.000007,,,,,,,,
433100,1434.9,0.000006,,,,,,,,
433200,1435.1,0.000007,,,,,,,,
433300,1435.4,0.000006,,,,,,,,
433400,1435.7,0.000007,,,,,,,,
433500,1436.0,0.000006,,,,,,,,
433600,1436.3,0.000006,,,,,,,,
433700,1436.6,0.000007,,,,,,,,
433800,1436.9,0.000006,,,,,,,,
433900,1437.2,0.000006,,,,,,,,
434000,1437.5,0.000007,,,,,,,,
434100,1437.8,0.000007,,,,,,,,
434200,1438.1,0.000008,,,,,,,,
434300,1438.3,0.000006,,,,,,,,
434400,1438.6,0.000006,,,,,,,,
434500,1438.9,0.000008,,,,,,,,
434600,1439.2,0.000008,,,,,,,,
434700,1439.5,0.000006,,,,,,,,
434800,1439.8,0.000007,,,,,,,,
434900,1440.1,0.000007,,,,,,,,
435000,1441.5,0.000006,0.000007,1.157372e+00,2.007413e-01,1.621628e-01,0.000000,9.785215e-01,1.857987e-01,1.531928e-01
435100,1441.7,0.000006,,,,,,,,
435200,1441.9,0.000007,,,,,,,,
435300,1442.2,0.000006,,,,,,,,
435400,1442.5,0.000006,,,,,,,,
435500,1442.8,0.000006,,,,,,,,
435600,1443.1,0.000006,,,,,,,,
435700,1443.4,0.000007,,,,,,,,
435800,1443.6,0.000007,,,,,,,,
435900,1443.9,0.000007,,,,,,,,
436000,1444.2,0.000007,,,,,,,,
436100,1444.5,0.000006,,,,,,,,
436200,1444.8,0.000008,,,,,,,,
436300,1445.1,0.000007,,,,,,,,
436400,1445.4,0.000005,,,,,,,,
436500,1445.7,0.000007,,,,,,,,
436600,1446.0,0.000006,,,,,,,,
436700,1446.3,0.000007,,,,,,,,
436800,1446.6,0.000008,,,,,,,,
436900,1446.8,0.000006,,,,,,,,
437000,1447.1,0.000006,,,,,,,,
437100,1447.4,0.000007,,,,,,,,
437200,1447.7,0.000006,,,,,,,,
437300,1448.0,0.000006,,,,,,,,
437400,1448.3,0.000008,,,,,,,,
437500,1448.5,0.000007,,,,,,,,
437600,1448.8,0.000006,,,,,,,,
437700,1449.1,0.000005,,,,,,,,
437800,1449.4,0.000007,,,,,,,,
437900,1449.7,0.000008,,,,,,,,
438000,1450.0,0.000007,,,,,,,,
438100,1450.3,0.000006,,,,,,,,
438200,1450.6,0.000008,,,,,,,,
438300,1450.9,0.000006,,,,,,,,
438400,1451.2,0.000006,,,,,,,,
438500,1451.5,0.000006,,,,,,,,
438600,1451.8,0.000006,,,,,,,,
438700,1452.0,0.000009,,,,,,,,
438800,1452.3,0.000007,,,,,,,,
438900,1452.6,0.000007,,,,,,,,
439000,1452.9,0.000006,,,,,,,,
439100,1453.2,0.000008,,,,,,,,
439200,1453.5,0.000006,,,,,,,,
439300,1453.8,0.000005,,,,,,,,
439400,1454.1,0.000008,,,,,,,,
439500,1454.4,0.000008,,,,,,,,
439600,1454.7,0.000007,,,,,,,,
439700,1455.0,0.000007,,,,,,,,
439800,1455.3,0.000007,,,,,,,,
439900,1455.6,0.000007,,,,,,,,
440000,1456.9,0.000007,0.000007,1.231514e+00,2.011983e-01,1.628225e-01,0.000000,1.053232e+00,1.864988e-01,1.529520e-01
440100,1457.2,0.000007,,,,,,,,
440200,1457.4,0.000009,,,,,,,,
440300,1457.7,0.000007,,,,,,,,
440400,1458.0,0.000006,,,,,,,,
440500,1458.3,0.000006,,,,,,,,
440600,1458.6,0.000008,,,,,,,,
440700,1458.9,0.000007,,,,,,,,
440800,1459.2,0.000006,,,,,,,,
440900,1459.5,0.000008,,,,,,,,
441000,1459.8,0.000008,,,,,,,,
441100,1460.1,0.000007,,,,,,,,
441200,1460.4,0.000007,,,,,,,,
441300,1460.7,0.000006,,,,,,,,
441400,1461.0,0.000008,,,,,,,,
441500,1461.3,0.000008,,,,,,,,
441600,1461.6,0.000006,,,,,,,,
441700,1461.9,0.000008,,,,,,,,
441800,1462.2,0.000007,,,,,,,,
441900,1462.5,0.000007,,,,,,,,
442000,1462.7,0.000006,,,,,,,,
442100,1463.0,0.000007,,,,,,,,
442200,1463.3,0.000007,,,,,,,,
442300,1463.6,0.000007,,,,,,,,
442400,1463.9,0.000007,,,,,,,,
442500,1464.2,0.000008,,,,,,,,
442600,1464.5,0.000008,,,,,,,,
442700,1464.8,0.000009,,,,,,,,
442800,1465.1,0.000006,,,,,,,,
442900,1465.4,0.000007,,,,,,,,
443000,1465.7,0.000006,,,,,,,,
443100,1466.0,0.000007,,,,,,,,
443200,1466.3,0.000008,,,,,,,,
443300,1466.5,0.000007,,,,,,,,
443400,1466.8,0.000006,,,,,,,,
443500,1467.1,0.000006,,,,,,,,
443600,1467.4,0.000007,,,,,,,,
443700,1467.7,0.000007,,,,,,,,
443800,1468.0,0.000007,,,,,,,,
443900,1468.3,0.000007,,,,,,,,
444000,1468.6,0.000007,,,,,,,,
444100,1468.9,0.000007,,,,,,,,
444200,1469.2,0.000007,,,,,,,,
444300,1469.5,0.000008,,,,,,,,
444400,1469.8,0.000007,,,,,,,,
444500,1470.1,0.000006,,,,,,,,
444600,1470.4,0.000006,,,,,,,,
444700,1470.6,0.000007,,,,,,,,
444800,1470.9,0.000005,,,,,,,,
444900,1471.2,0.000007,,,,,,,,
445000,1472.6,0.000005,0.000007,1.130902e+00,2.109555e-01,1.765303e-01,0.000000,9.525396e-01,1.964177e-01,1.670975e-01
445100,1472.9,0.000006,,,,,,,,
445200,1473.2,0.000006,,,,,,,,
445300,1473.5,0.000007,,,,,,,,
445400,1473.8,0.000006,,,,,,,,
445500,1474.1,0.000008,,,,,,,,
445600,1474.3,0.000006,,,,,,,,
445700,1474.6,0.000008,,,,,,,,
445800,1474.9,0.000006,,,,,,,,
445900,1475.2,0.000007,,,,,,,,
446000,1475.5,0.000008,,,,,,,,
446100,1475.8,0.000006,,,,,,,,
446200,1476.1,0.000008,,,,,,,,
446300,1476.4,0.000006,,,,,,,,
446400,1476.7,0.000007,,,,,,,,
446500,1477.0,0.000008,,,,,,,,
446600,1477.3,0.000007,,,,,,,,
446700,1477.6,0.000007,,,,,,,,
446800,1477.8,0.000008,,,,,,,,
446900,1478.1,0.000007,,,,,,,,
447000,1478.4,0.000007,,,,,,,,
447100,1478.7,0.000006,,,,,,,,
447200,1479.0,0.000008,,,,,,,,
447300,1479.3,0.000008,,,,,,,,
447400,1479.6,0.000008,,,,,,,,
447500,1479.9,0.000007,,,,,,,,
447600,1480.2,0.000006,,,,,,,,
447700,1480.5,0.000008,,,,,,,,
447800,1480.8,0.000006,,,,,,,,
447900,1481.1,0.000007,,,,,,,,
448000,1481.3,0.000005,,,,,,,,
448100,1481.6,0.000007,,,,,,,,
448200,1481.9,0.000008,,,,,,,,
448300,1482.2,0.000007,,,,,,,,
448400,1482.5,0.000007,,,,,,,,
448500,1482.8,0.000006,,,,,,,,
448600,1483.1,0.000006,,,,,,,,
448700,1483.4,0.000007,,,,,,,,
448800,1483.7,0.000007,,,,,,,,
448900,1484.0,0.000007,,,,,,,,
449000,1484.3,0.000006,,,,,,,,
449100,1484.6,0.000007,,,,,,,,
449200,1484.9,0.000007,,,,,,,,
449300,1485.2,0.000007,,,,,,,,
449400,1485.5,0.000008,,,,,,,,
449500,1485.7,0.000008,,,,,,,,
449600,1486.0,0.000006,,,,,,,,
449700,1486.3,0.000007,,,,,,,,
449800,1486.6,0.000006,,,,,,,,
449900,1486.9,0.000005,,,,,,,,
450000,1488.3,0.000007,0.000007,1.235617e+00,2.131086e-01,1.766681e-01,0.000000,1.031326e+00,1.982549e-01,1.667711e-01
450100,1488.5,0.000006,,,,,,,,
450200,1488.8,0.000006,,,,,,,,
450300,1489.1,0.000007,,,,,,,,
450400,1489.4,0.000007,,,,,,,,
450500,1489.7,0.000007,,,,,,,,
450600,1490.0,0.000007,,,,,,,,
450700,1490.2,0.000007,,,,,,,,
450800,1490.5,0.000007,,,,,,,,
450900,1490.8,0.000007,,,,,,,,
451000,1491.1,0.000006,,,,,,,,
451100,1491.4,0.000006,,,,,,,,
451200,1491.7,0.000006,,,,,,,,
451300,1492.0,0.000006,,,,,,,,
451400,1492.3,0.000006,,,,,,,,
451500,1492.6,0.000006,,,,,,,,
451600,1492.9,0.000006,,,,,,,,
451700,1493.2,0.000006,,,,,,,,
451800,1493.5,0.000007,,,,,,,,
451900,1493.8,0.000007,,,,,,,,
452000,1494.1,0.000007,,,,,,,,
452100,1494.3,0.000006,,,,,,,,
452200,1494.6,0.000006,,,,,,,,
452300,1494.9,0.000006,,,,,,,,
452400,1495.2,0.000006,,,,,,,,
452500,1495.5,0.000007,,,,,,,,
452600,1495.8,0.000008,,,,,,,,
452700,1496.1,0.000006,,,,,,,,
452800,1496.4,0.000009,,,,,,,,
452900,1496.7,0.000007,,,,,,,,
453000,1497.0,0.000006,,,,,,,,
453100,1497.3,0.000006,,,,,,,,
453200,1497.5,0.000007,,,,,,,,
453300,1497.8,0.000006,,,,,,,,
453400,1498.1,0.000007,,,,,,,,
453500,1498.4,0.000007,,,,,,,,
453600,1498.7,0.000008,,,,,,,,
453700,1499.0,0.000007,,,,,,,,
453800,1499.3,0.000006,,,,,,,,
453900,1499.6,0.000006,,,,,,,,
454000,1499.9,0.000008,,,,,,,,
454100,1500.2,0.000006,,,,,,,,
454200,1500.4,0.000006,,,,,,,,
454300,1500.7,0.000005,,,,,,,,
454400,1501.0,0.000008,,,,,,,,
454500,1501.3,0.000007,,,,,,,,
454600,1501.6,0.000007,,,,,,,,
454700,1501.9,0.000008,,,,,,,,
454800,1502.2,0.000008,,,,,,,,
454900,1502.5,0.000006,,,,,,,,
455000,1503.8,0.000008,0.000006,1.123771e+00,1.945196e-01,1.594590e-01,0.000000,9.562054e-01,1.788964e-01,1.490879e-01
455100,1504.1,0.000007,,,,,,,,
455200,1504.4,0.000009,,,,,,,,
455300,1504.7,0.000005,,,,,,,,
455400,1505.0,0.000008,,,,,,,,
455500,1505.3,0.000006,,,,,,,,
455600,1505.6,0.000006,,,,,,,,
455700,1505.9,0.000005,,,,,,,,
455800,1506.1,0.000006,,,,,,,,
455900,1506.4,0.000006,,,,,,,,
456000,1506.7,0.000005,,,,,,,,
456100,1507.0,0.000007,,,,,,,,
456200,1507.3,0.000006,,,,,,,,
456300,1507.6,0.000009,,,,,,,,
456400,1507.9,0.000006,,,,,,,,
456500,1508.2,0.000007,,,,,,,,
456600,1508.5,0.000007,,,,,,,,
456700,1508.8,0.000007,,,,,,,,
456800,1509.1,0.000006,,,,,,,,
456900,1509.3,0.000006,,,,,,,,
457000,1509.6,0.000007,,,,,,,,
457100,1509.9,0.000006,,,,,,,,
457200,1510.2,0.000005,,,,,,,,
457300,1510.5,0.000006,,,,,,,,
457400,1510.8,0.000006,,,,,,,,
457500,1511.1,0.000007,,,,,,,,
457600,1511.4,0.000006,,,,,,,,
457700,1511.7,0.000008,,,,,,,,
457800,1511.9,0.000007,,,,,,,,
457900,1512.2,0.000007,,,,,,,,
458000,1512.5,0.000007,,,,,,,,
458100,1512.8,0.000006,,,,,,,,
458200,1513.1,0.000009,,,,,,,,
458300,1513.4,0.000005,,,,,,,,
458400,1513.7,0.000008,,,,,,,,
458500,1514.0,0.000005,,,,,,,,
458600,1514.3,0.000008,,,,,,,,
458700,1514.6,0.000007,,,,,,,,
458800,1514.9,0.000007,,,,,,,,
458900,1515.2,0.000006,,,,,,,,
459000,1515.5,0.000006,,,,,,,,
459100,1515.8,0.000005,,,,,,,,
459200,1516.1,0.000006,,,,,,,,
459300,1516.4,0.000006,,,,,,,,
459400,1516.7,0.000008,,,,,,,,
459500,1516.9,0.000008,,,,,,,,
459600,1517.2,0.000006,,,,,,,,
459700,1517.5,0.000007,,,,,,,,
459800,1517.8,0.000005,,,,,,,,
459900,1518.1,0.000008,,,,,,,,
460000,1519.5,0.000007,0.000006,1.049590e+00,1.992736e-01,1.639597e-01,0.000000,9.144175e-01,1.838134e-01,1.537733e-01
460100,1519.8,0.000007,,,,,,,,
460200,1520.0,0.000006,,,,,,,,
460300,1520.3,0.000007,,,,,,,,
460400,1520.6,0.000007,,,,,,,,
460500,1520.9,0.000007,,,,,,,,
460600,1521.2,0.000007,,,,,,,,
460700,1521.5,0.000007,,,,,,,,
460800,1521.8,0.000006,,,,,,,,
460900,1522.1,0.000007,,,,,,,,
461000,1522.4,0.000006,,,,,,,,
461100,1522.6,0.000008,,,,,,,,
461200,1522.9,0.000006,,,,,,,,
461300,1523.2,0.000006,,,,,,,,
461400,1523.5,0.000006,,,,,,,,
461500,1523.8,0.000006,,,,,,,,
461600,1524.1,0.000006,,,,,,,,
461700,1524.4,0.000007,,,,,,,,
461800,1524.7,0.000006,,,,,,,,
461900,1524.9,0.000005,,,,,,,,
462000,1525.2,0.000006,,,,,,,,
462100,1525.5,0.000006,,,,,,,,
462200,1525.8,0.000006,,,,,,,,
462300,1526.1,0.000005,,,,,,,,
462400,1526.4,0.000007,,,,,,,,
462500,1526.7,0.000006,,,,,,,,
462600,1527.0,0.000006,,,,,,,,
462700,1527.3,0.000006,,,,,,,,
462800,1527.6,0.000006,,,,,,,,
462900,1527.9,0.000006,,,,,,,,
463000,1528.1,0.000007,,,,,,,,
463100,1528.4,0.000006,,,,,,,,
463200,1528.6,0.000006,,,,,,,,
463300,1528.9,0.000006,,,,,,,,
463400,1529.2,0.000005,,,,,,,,
463500,1529.4,0.000006,,,,,,,,
463600,1529.7,0.000007,,,,,,,,
463700,1530.1,0.000007,,,,,,,,
463800,1530.3,0.000006,,,,,,,,
463900,1530.5,0.000007,,,,,,,,
464000,1530.8,0.000006,,,,,,,,
464100,1531.2,0.000006,,,,,,,,
464200,1531.5,0.000007,,,,,,,,
464300,1531.8,0.000007,,,,,,,,
464400,1532.1,0.000006,,,,,,,,
464500,1532.4,0.000007,,,,,,,,
464600,1532.7,0.000006,,,,,,,,
464700,1533.0,0.000007,,,,,,,,
464800,1533.4,0.000007,,,,,,,,
464900,1533.7,0.000005,,,,,,,,
465000,1535.1,0.000006,0.000007,1.205394e+00,2.032511e-01,1.665910e-01,0.000000,1.037615e+00,1.878591e-01,1.571406e-01
465100,1535.4,0.000007,,,,,,,,
465200,1535.6,0.000007,,,,,,,,
465300,1535.9,0.000005,,,,,,,,
465400,1536.2,0.000006,,,,,,,,
465500,1536.5,0.000006,,,,,,,,
465600,1536.8,0.000006,,,,,,,,
465700,1537.1,0.000007,,,,,,,,
465800,1537.4,0.000006,,,,,,,,
465900,1537.7,0.000007,,,,,,,,
466000,1538.0,0.000006,,,,,,,,
466100,1538.4,0.000006,,,,,,,,
466200,1538.7,0.000007,,,,,,,,
466300,1539.0,0.000007,,,,,,,,
466400,1539.3,0.000007,,,,,,,,
466500,1539.6,0.000007,,,,,,,,
466600,1539.9,0.000006,,,,,,,,
466700,1540.2,0.000008,,,,,,,,
466800,1540.5,0.000007,,,,,,,,
466900,1540.9,0.000006,,,,,,,,
467000,1541.2,0.000007,,,,,,,,
467100,1541.5,0.000006,,,,,,,,
467200,1541.8,0.000006,,,,,,,,
467300,1542.1,0.000008,,,,,,,,
467400,1542.4,0.000007,,,,,,,,
467500,1542.7,0.000007,,,,,,,,
467600,1543.1,0.000007,,,,,,,,
467700,1543.4,0.000007,,,,,,,,
467800,1543.7,0.000008,,,,,,,,
467900,1544.0,0.000006,,,,,,,,
468000,1544.3,0.000008,,,,,,,,
468100,1544.6,0.000005,,,,,,,,
468200,1544.9,0.000005,,,,,,,,
468300,1545.3,0.000006,,,,,,,,
468400,1545.6,0.000006,,,,,,,,
468500,1545.9,0.000006,,,,,,,,
468600,1546.2,0.000006,,,,,,,,
468700,1546.5,0.000007,,,,,,,,
468800,1546.8,0.000008,,,,,,,,
468900,1547.1,0.000007,,,,,,,,
469000,1547.5,0.000006,,,,,,,,
469100,1547.8,0.000007,,,,,,,,
469200,1548.1,0.000007,,,,,,,,
469300,1548.4,0.000007,,,,,,,,
469400,1548.7,0.000007,,,,,,,,
469500,1549.0,0.000007,,,,,,,,
469600,1549.3,0.000006,,,,,,,,
469700,1549.7,0.000007,,,,,,,,
469800,1550.0,0.000006,,,,,,,,
469900,1550.3,0.000007,,,,,,,,
470000,1551.7,0.000007,0.000007,1.073073e+00,2.017756e-01,1.657865e-01,0.000000,8.847647e-01,1.870427e-01,1.566742e-01
470100,1552.0,0.000007,,,,,,,,
470200,1552.3,0.000006,,,,,,,,
470300,1552.6,0.000006,,,,,,,,
470400,1552.9,0.000006,,,,,,,,
470500,1553.3,0.000007,,,,,,,,
470600,1553.6,0.000006,,,,,,,,
470700,1553.9,0.000007,,,,,,,,
470800,1554.2,0.000007,,,,,,,,
470900,1554.5,0.000007,,,,,,,,
471000,1554.8,0.000007,,,,,,,,
471100,1555.1,0.000007,,,,,,,,
471200,1555.5,0.000007,,,,,,,,
471300,1555.8,0.000007,,,,,,,,
471400,1556.1,0.000007,,,,,,,,
471500,1556.4,0.000006,,,,,,,,
471600,1556.7,0.000006,,,,,,,,
471700,1557.0,0.000006,,,,,,,,
471800,1557.3,0.000006,,,,,,,,
471900,1557.6,0.000006,,,,,,,,
472000,1558.0,0.000008,,,,,,,,
472100,1558.3,0.000007,,,,,,,,
472200,1558.6,0.000007,,,,,,,,
472300,1558.9,0.000007,,,,,,,,
472400,1559.2,0.000006,,,,,,,,
472500,1559.5,0.000007,,,,,,,,
472600,1559.8,0.000006,,,,,,,,
472700,1560.2,0.000006,,,,,,,,
472800,1560.5,0.000006,,,,,,,,
472900,1560.8,0.000006,,,,,,,,
473000,1561.1,0.000006,,,,,,,,
473100,1561.4,0.000006,,,,,,,,
473200,1561.7,0.000006,,,,,,,,
473300,1562.0,0.000007,,,,,,,,
473400,1562.4,0.000006,,,,,,,,
473500,1562.7,0.000007,,,,,,,,
473600,1563.0,0.000008,,,,,,,,
473700,1563.3,0.000007,,,,,,,,
473800,1563.6,0.000007,,,,,,,,
473900,1563.9,0.000008,,,,,,,,
474000,1564.2,0.000005,,,,,,,,
474100,1564.6,0.000007,,,,,,,,
474200,1564.9,0.000007,,,,,,,,
474300,1565.2,0.000008,,,,,,,,
474400,1565.5,0.000007,,,,,,,,
474500,1565.8,0.000006,,,,,,,,
474600,1566.1,0.000006,,,,,,,,
474700,1566.4,0.000006,,,,,,,,
474800,1566.8,0.000007,,,,,,,,
474900,1567.1,0.000007,,,,,,,,
475000,1568.5,0.000008,0.000006,1.012069e+00,1.960796e-01,1.585378e-01,0.000000,8.608990e-01,1.799856e-01,1.489429e-01
475100,1568.8,0.000005,,,,,,,,
475200,1569.1,0.000007,,,,,,,,
475300,1569.4,0.000007,,,,,,,,
475400,1569.7,0.000006,,,,,,,,
475500,1570.1,0.000006,,,,,,,,
475600,1570.4,0.000006,,,,,,,,
475700,1570.7,0.000007,,,,,,,,
475800,1571.0,0.000008,,,,,,,,
475900,1571.3,0.000008,,,,,,,,
476000,1571.6,0.000006,,,,,,,,
476100,1571.9,0.000006,,,,,,,,
476200,1572.2,0.000006,,,,,,,,
476300,1572.6,0.000006,,,,,,,,
476400,1572.9,0.000007,,,,,,,,
476500,1573.2,0.000005,,,,,,,,
476600,1573.5,0.000008,,,,,,,,
476700,1573.8,0.000007,,,,,,,,
476800,1574.1,0.000008,,,,,,,,
476900,1574.5,0.000007,,,,,,,,
477000,1574.8,0.000007,,,,,,,,
477100,1575.1,0.000007,,,,,,,,
477200,1575.4,0.000006,,,,,,,,
477300,1575.7,0.000008,,,,,,,,
477400,1576.0,0.000006,,,,,,,,
477500,1576.4,0.000006,,,,,,,,
477600,1576.7,0.000005,,,,,,,,
477700,1577.0,0.000007,,,,,,,,
477800,1577.3,0.000007,,,,,,,,
477900,1577.6,0.000007,,,,,,,,
478000,1577.9,0.000006,,,,,,,,
478100,1578.2,0.000008,,,,,,,,
478200,1578.6,0.000007,,,,,,,,
478300,1578.9,0.000006,,,,,,,,
478400,1579.2,0.000008,,,,,,,,
478500,1579.5,0.000005,,,,,,,,
478600,1579.8,0.000006,,,,,,,,
478700,1580.1,0.000006,,,,,,,,
478800,1580.4,0.000006,,,,,,,,
478900,1580.7,0.000009,,,,,,,,
479000,1581.1,0.000006,,,,,,,,
479100,1581.4,0.000005,,,,,,,,
479200,1581.7,0.000006,,,,,,,,
479300,1582.0,0.000008,,,,,,,,
479400,1582.3,0.000007,,,,,,,,
479500,1582.6,0.000006,,,,,,,,
479600,1582.9,0.000006,,,,,,,,
479700,1583.3,0.000006,,,,,,,,
479800,1583.6,0.000006,,,,,,,,
479900,1583.9,0.000007,,,,,,,,
480000,1585.3,0.000006,0.000007,1.086804e+00,2.019372e-01,1.647043e-01,0.000000,9.094793e-01,1.870683e-01,1.550947e-01
480100,1585.6,0.000006,,,,,,,,
480200,1585.9,0.000006,,,,,,,,
480300,1586.2,0.000005,,,,,,,,
480400,1586.6,0.000006,,,,,,,,
480500,1586.9,0.000007,,,,,,,,
480600,1587.2,0.000006,,,,,,,,
480700,1587.5,0.000006,,,,,,,,
480800,1587.8,0.000007,,,,,,,,
480900,1588.1,0.000006,,,,,,,,
481000,1588.4,0.000006,,,,,,,,
481100,1588.8,0.000007,,,,,,,,
481200,1589.1,0.000006,,,,,,,,
481300,1589.4,0.000007,,,,,,,,
481400,1589.7,0.000005,,,,,,,,
481500,1590.0,0.000007,,,,,,,,
481600,1590.3,0.000008,,,,,,,,
481700,1590.6,0.000008,,,,,,,,
481800,1591.0,0.000007,,,,,,,,
481900,1591.3,0.000007,,,,,,,,
482000,1591.6,0.000006,,,,,,,,
482100,1591.9,0.000006,,,,,,,,
482200,1592.2,0.000006,,,,,,,,
482300,1592.5,0.000006,,,,,,,,
482400,1592.8,0.000006,,,,,,,,
482500,1593.2,0.000008,,,,,,,,
482600,1593.5,0.000007,,,,,,,,
482700,1593.8,0.000007,,,,,,,,
482800,1594.1,0.000007,,,,,,,,
482900,1594.4,0.000006,,,,,,,,
483000,1594.7,0.000007,,,,,,,,
483100,1595.0,0.000007,,,,,,,,
483200,1595.4,0.000007,,,,,,,,
483300,1595.7,0.000009,,,,,,,,
483400,1596.0,0.000006,,,,,,,,
483500,1596.3,0.000007,,,,,,,,
483600,1596.6,0.000007,,,,,,,,
483700,1596.9,0.000007,,,,,,,,
483800,1597.2,0.000007,,,,,,,,
483900,1597.6,0.000006,,,,,,,,
484000,1597.9,0.000007,,,,,,,,
484100,1598.2,0.000008,,,,,,,,
484200,1598.5,0.000008,,,,,,,,
484300,1598.8,0.000006,,,,,,,,
484400,1599.1,0.000007,,,,,,,,
484500,1599.4,0.000008,,,,,,,,
484600,1599.8,0.000006,,,,,,,,
484700,1600.1,0.000006,,,,,,,,
484800,1600.4,0.000007,,,,,,,,
484900,1600.7,0.000006,,,,,,,,
485000,1602.1,0.000006,0.000007,1.022398e+00,2.009494e-01,1.626838e-01,0.000000,8.411159e-01,1.847836e-01,1.528008e-01
485100,1602.4,0.000009,,,,,,,,
485200,1602.7,0.000006,,,,,,,,
485300,1603.0,0.000006,,,,,,,,
485400,1603.4,0.000008,,,,,,,,
485500,1603.7,0.000005,,,,,,,,
485600,1604.0,0.000005,,,,,,,,
485700,1604.3,0.000007,,,,,,,,
485800,1604.6,0.000006,,,,,,,,
485900,1604.9,0.000006,,,,,,,,
486000,1605.2,0.000007,,,,,,,,
486100,1605.6,0.000008,,,,,,,,
486200,1605.9,0.000006,,,,,,,,
486300,1606.2,0.000006,,,,,,,,
486400,1606.5,0.000007,,,,,,,,
486500,1606.8,0.000006,,,,,,,,
486600,1607.1,0.000006,,,,,,,,
486700,1607.5,0.000006,,,,,,,,
486800,1607.8,0.000006,,,,,,,,
486900,1608.1,0.000006,,,,,,,,
487000,1608.4,0.000006,,,,,,,,
487100,1608.7,0.000006,,,,,,,,
487200,1609.0,0.000007,,,,,,,,
487300,1609.3,0.000006,,,,,,,,
487400,1609.6,0.000006,,,,,,,,
487500,1610.0,0.000007,,,,,,,,
487600,1610.3,0.000008,,,,,,,,
487700,1610.6,0.000006,,,,,,,,
487800,1610.9,0.000006,,,,,,,,
487900,1611.2,0.000005,,,,,,,,
488000,1611.5,0.000005,,,,,,,,
488100,1611.8,0.000006,,,,,,,,
488200,1612.2,0.000006,,,,,,,,
488300,1612.5,0.000006,,,,,,,,
488400,1612.8,0.000007,,,,,,,,
488500,1613.1,0.000006,,,,,,,,
488600,1613.4,0.000008,,,,,,,,
488700,1613.7,0.000006,,,,,,,,
488800,1614.0,0.000007,,,,,,,,
488900,1614.3,0.000006,,,,,,,,
489000,1614.6,0.000006,,,,,,,,
489100,1614.9,0.000006,,,,,,,,
489200,1615.2,0.000007,,,,,,,,
489300,1615.5,0.000006,,,,,,,,
489400,1615.8,0.000007,,,,,,,,
489500,1616.1,0.000006,,,,,,,,
489600,1616.5,0.000007,,,,,,,,
489700,1616.8,0.000005,,,,,,,,
489800,1617.1,0.000006,,,,,,,,
489900,1617.4,0.000006,,,,,,,,
490000,1618.8,0.000006,0.000006,1.077198e+00,1.939481e-01,1.577012e-01,0.000000,8.999234e-01,1.783123e-01,1.473272e-01
490100,1619.1,0.000006,,,,,,,,
490200,1619.4,0.000006,,,,,,,,
490300,1619.8,0.000007,,,,,,,,
490400,1620.1,0.000008,,,,,,,,
490500,1620.4,0.000008,,,,,,,,
490600,1620.7,0.000007,,,,,,,,
490700,1621.0,0.000008,,,,,,,,
490800,1621.3,0.000006,,,,,,,,
490900,1621.6,0.000007,,,,,,,,
491000,1622.0,0.000007,,,,,,,,
491100,1622.3,0.000006,,,,,,,,
491200,1622.6,0.000006,,,,,,,,
491300,1622.9,0.000007,,,,,,,,
491400,1623.2,0.000006,,,,,,,,
491500,1623.5,0.000007,,,,,,,,
491600,1623.8,0.000007,,,,,,,,
491700,1624.2,0.000005,,,,,,,,
491800,1624.5,0.000007,,,,,,,,
491900,1624.8,0.000007,,,,,,,,
492000,1625.1,0.000006,,,,,,,,
492100,1625.4,0.000007,,,,,,,,
492200,1625.7,0.000008,,,,,,,,
492300,1626.0,0.000006,,,,,,,,
492400,1626.4,0.000008,,,,,,,,
492500,1626.7,0.000006,,,,,,,,
492600,1627.0,0.000006,,,,,,,,
492700,1627.3,0.000006,,,,,,,,
492800,1627.6,0.000005,,,,,,,,
492900,1627.9,0.000006,,,,,,,,
493000,1628.2,0.000006,,,,,,,,
493100,1628.6,0.000006,,,,,,,,
493200,1628.9,0.000007,,,,,,,,
493300,1629.2,0.000007,,,,,,,,
493400,1629.5,0.000007,,,,,,,,
493500,1629.8,0.000005,,,,,,,,
493600,1630.1,0.000007,,,,,,,,
493700,1630.4,0.000007,,,,,,,,
493800,1630.8,0.000006,,,,,,,,
493900,1631.1,0.000007,,,,,,,,
494000,1631.4,0.000006,,,,,,,,
494100,1631.7,0.000008,,,,,,,,
494200,1632.0,0.000005,,,,,,,,
494300,1632.3,0.000006,,,,,,,,
494400,1632.6,0.000006,,,,,,,,
494500,1633.0,0.000005,,,,,,,,
494600,1633.3,0.000006,,,,,,,,
494700,1633.6,0.000006,,,,,,,,
494800,1633.9,0.000008,,,,,,,,
494900,1634.2,0.000006,,,,,,,,
495000,1635.7,0.000007,0.000006,1.150848e+00,1.919840e-01,1.571913e-01,0.000000,9.832439e-01,1.757741e-01,1.469330e-01
495100,1636.0,0.000006,,,,,,,,
495200,1636.3,0.000006,,,,,,,,
495300,1636.6,0.000005,,,,,,,,
495400,1636.9,0.000006,,,,,,,,
495500,1637.2,0.000008,,,,,,,,
495600,1637.5,0.000006,,,,,,,,
495700,1637.9,0.000006,,,,,,,,
495800,1638.2,0.000006,,,,,,,,
495900,1638.4,0.000008,,,,,,,,
496000,1638.7,0.000007,,,,,,,,
496100,1639.0,0.000006,,,,,,,,
496200,1639.4,0.000008,,,,,,,,
496300,1639.7,0.000006,,,,,,,,
496400,1640.0,0.000006,,,,,,,,
496500,1640.3,0.000006,,,,,,,,
496600,1640.6,0.000006,,,,,,,,
496700,1640.9,0.000006,,,,,,,,
496800,1641.2,0.000007,,,,,,,,
496900,1641.6,0.000006,,,,,,,,
497000,1641.9,0.000007,,,,,,,,
497100,1642.2,0.000006,,,,,,,,
497200,1642.5,0.000006,,,,,,,,
497300,1642.8,0.000006,,,,,,,,
497400,1643.1,0.000007,,,,,,,,
497500,1643.5,0.000006,,,,,,,,
497600,1643.8,0.000007,,,,,,,,
497700,1644.1,0.000007,,,,,,,,
497800,1644.4,0.000006,,,,,,,,
497900,1644.7,0.000006,,,,,,,,
498000,1645.0,0.000006,,,,,,,,
498100,1645.3,0.000007,,,,,,,,
498200,1645.7,0.000006,,,,,,,,
498300,1646.0,0.000006,,,,,,,,
498400,1646.3,0.000008,,,,,,,,
498500,1646.6,0.000007,,,,,,,,
498600,1646.9,0.000006,,,,,,,,
498700,1647.2,0.000005,,,,,,,,
498800,1647.5,0.000006,,,,,,,,
498900,1647.9,0.000006,,,,,,,,
499000,1648.2,0.000006,,,,,,,,
499100,1648.5,0.000008,,,,,,,,
499200,1648.8,0.000006,,,,,,,,
499300,1649.1,0.000006,,,,,,,,
499400,1649.4,0.000006,,,,,,,,
499500,1649.7,0.000006,,,,,,,,
499600,1650.0,0.000007,,,,,,,,
499700,1650.4,0.000006,,,,,,,,
499800,1650.7,0.000006,,,,,,,,
499900,1651.0,0.000007,,,,,,,,
500000,1652.5,0.000008,0.000006,1.181198e+00,1.940497e-01,1.590177e-01,0.000000,1.013700e+00,1.782769e-01,1.488050e-01
500100,1652.7,0.000006,,,,,,,,
500200,1653.1,0.000007,,,,,,,,
500300,1653.4,0.000006,,,,,,,,
500400,1653.7,0.000007,,,,,,,,
500500,1654.0,0.000007,,,,,,,,
500600,1654.3,0.000007,,,,,,,,
500700,1654.6,0.000006,,,,,,,,
500800,1654.9,0.000006,,,,,,,,
500900,1655.2,0.000007,,,,,,,,
501000,1655.5,0.000006,,,,,,,,
501100,1655.9,0.000007,,,,,,,,
501200,1656.2,0.000007,,,,,,,,
501300,1656.5,0.000006,,,,,,,,
501400,1656.8,0.000007,,,,,,,,
501500,1657.1,0.000007,,,,,,,,
501600,1657.4,0.000006,,,,,,,,
501700,1657.7,0.000006,,,,,,,,
501800,1658.1,0.000007,,,,,,,,
501900,1658.4,0.000006,,,,,,,,
502000,1658.7,0.000006,,,,,,,,
502100,1659.0,0.000006,,,,,,,,
502200,1659.2,0.000007,,,,,,,,
502300,1659.6,0.000007,,,,,,,,
502400,1659.9,0.000006,,,,,,,,
502500,1660.2,0.000008,,,,,,,,
502600,1660.5,0.000006,,,,,,,,
502700,1660.8,0.000007,,,,,,,,
502800,1661.1,0.000006,,,,,,,,
502900,1661.5,0.000006,,,,,,,,
503000,1661.8,0.000006,,,,,,,,
503100,1662.1,0.000007,,,,,,,,
503200,1662.4,0.000006,,,,,,,,
503300,1662.7,0.000006,,,,,,,,
503400,1663.0,0.000007,,,,,,,,
503500,1663.3,0.000007,,,,,,,,
503600,1663.7,0.000008,,,,,,,,
503700,1664.0,0.000006,,,,,,,,
503800,1664.3,0.000006,,,,,,,,
503900,1664.6,0.000007,,,,,,,,
504000,1664.9,0.000006,,,,,,,,
504100,1665.2,0.000006,,,,,,,,
504200,1665.5,0.000007,,,,,,,,
504300,1665.9,0.000006,,,,,,,,
504400,1666.2,0.000007,,,,,,,,
504500,1666.5,0.000007,,,,,,,,
504600,1666.8,0.000006,,,,,,,,
504700,1667.1,0.000007,,,,,,,,
504800,1667.4,0.000006,,,,,,,,
504900,1667.7,0.000006,,,,,,,,
505000,1669.2,0.000008,0.000006,1.108924e+00,1.980762e-01,1.625381e-01,0.000000,9.414959e-01,1.830566e-01,1.524588e-01
505100,1669.5,0.000007,,,,,,,,
505200,1669.8,0.000006,,,,,,,,
505300,1670.1,0.000007,,,,,,,,
505400,1670.4,0.000007,,,,,,,,
505500,1670.7,0.000005,,,,,,,,
505600,1671.1,0.000006,,,,,,,,
505700,1671.4,0.000007,,,,,,,,
505800,1671.7,0.000007,,,,,,,,
505900,1672.0,0.000007,,,,,,,,
506000,1672.3,0.000007,,,,,,,,
506100,1672.6,0.000007,,,,,,,,
506200,1673.0,0.000005,,,,,,,,
506300,1673.3,0.000007,,,,,,,,
506400,1673.6,0.000007,,,,,,,,
506500,1673.9,0.000006,,,,,,,,
506600,1674.2,0.000006,,,,,,,,
506700,1674.5,0.000006,,,,,,,,
506800,1674.8,0.000005,,,,,,,,
506900,1675.1,0.000006,,,,,,,,
507000,1675.4,0.000006,,,,,,,,
507100,1675.7,0.000005,,,,,,,,
507200,1676.0,0.000007,,,,,,,,
507300,1676.3,0.000007,,,,,,,,
507400,1676.6,0.000008,,,,,,,,
507500,1676.9,0.000005,,,,,,,,
507600,1677.2,0.000006,,,,,,,,
507700,1677.5,0.000007,,,,,,,,
507800,1677.8,0.000007,,,,,,,,
507900,1678.1,0.000006,,,,,,,,
508000,1678.4,0.000008,,,,,,,,
508100,1678.7,0.000006,,,,,,,,
508200,1679.0,0.000006,,,,,,,,
508300,1679.3,0.000006,,,,,,,,
508400,1679.6,0.000007,,,,,,,,
508500,1679.9,0.000006,,,,,,,,
508600,1680.2,0.000008,,,,,,,,
508700,1680.6,0.000006,,,,,,,,
508800,1680.9,0.000007,,,,,,,,
508900,1681.2,0.000007,,,,,,,,
509000,1681.5,0.000006,,,,,,,,
509100,1681.8,0.000007,,,,,,,,
509200,1682.1,0.000007,,,,,,,,
509300,1682.4,0.000007,,,,,,,,
509400,1682.8,0.000007,,,,,,,,
509500,1683.1,0.000006,,,,,,,,
509600,1683.4,0.000009,,,,,,,,
509700,1683.7,0.000006,,,,,,,,
509800,1684.0,0.000007,,,,,,,,
509900,1684.3,0.000007,,,,,,,,
510000,1685.8,0.000006,0.000007,1.131912e+00,2.024584e-01,1.680028e-01,0.000000,9.646358e-01,1.869618e-01,1.578965e-01
510100,1686.1,0.000006,,,,,,,,
510200,1686.4,0.000007,,,,,,,,
510300,1686.7,0.000006,,,,,,,,
510400,1687.0,0.000007,,,,,,,,
510500,1687.3,0.000008,,,,,,,,
510600,1687.7,0.000009,,,,,,,,
510700,1688.0,0.000008,,,,,,,,
510800,1688.3,0.000005,,,,,,,,
510900,1688.6,0.000007,,,,,,,,
511000,1688.9,0.000007,,,,,,,,
511100,1689.2,0.000006,,,,,,,,
511200,1689.5,0.000008,,,,,,,,
511300,1689.7,0.000005,,,,,,,,
511400,1690.0,0.000006,,,,,,,,
511500,1690.3,0.000005,,,,,,,,
511600,1690.7,0.000005,,,,,,,,
511700,1691.0,0.000007,,,,,,,,
511800,1691.3,0.000006,,,,,,,,
511900,1691.6,0.000007,,,,,,,,
512000,1691.9,0.000007,,,,,,,,
512100,1692.2,0.000008,,,,,,,,
512200,1692.5,0.000006,,,,,,,,
512300,1692.9,0.000005,,,,,,,,
512400,1693.2,0.000007,,,,,,,,
512500,1693.5,0.000006,,,,,,,,
512600,1693.8,0.000006,,,,,,,,
512700,1694.1,0.000008,,,,,,,,
512800,1694.4,0.000005,,,,,,,,
512900,1694.8,0.000008,,,,,,,,
513000,1695.1,0.000007,,,,,,,,
513100,1695.4,0.000005,,,,,,,,
513200,1695.7,0.000006,,,,,,,,
513300,1696.0,0.000006,,,,,,,,
513400,1696.3,0.000006,,,,,,,,
513500,1696.7,0.000007,,,,,,,,
513600,1697.0,0.000007,,,,,,,,
513700,1697.3,0.000006,,,,,,,,
513800,1697.6,0.000006,,,,,,,,
513900,1697.9,0.000006,,,,,,,,
514000,1698.2,0.000006,,,,,,,,
514100,1698.5,0.000006,,,,,,,,
514200,1698.9,0.000007,,,,,,,,
514300,1699.2,0.000007,,,,,,,,
514400,1699.5,0.000007,,,,,,,,
514500,1699.8,0.000006,,,,,,,,
514600,1700.1,0.000007,,,,,,,,
514700,1700.4,0.000007,,,,,,,,
514800,1700.7,0.000006,,,,,,,,
514900,1701.1,0.000006,,,,,,,,
515000,1702.5,0.000006,0.000006,1.052944e+00,1.927727e-01,1.584158e-01,0.000000,8.858204e-01,1.770217e-01,1.484823e-01
515100,1702.8,0.000007,,,,,,,,
515200,1703.1,0.000006,,,,,,,,
515300,1703.4,0.000007,,,,,,,,
515400,1703.7,0.000006,,,,,,,,
515500,1704.0,0.000005,,,,,,,,
515600,1704.3,0.000006,,,,,,,,
515700,1704.7,0.000007,,,,,,,,
515800,1705.0,0.000006,,,,,,,,
515900,1705.3,0.000006,,,,,,,,
516000,1705.6,0.000006,,,,,,,,
516100,1705.9,0.000006,,,,,,,,
516200,1706.2,0.000006,,,,,,,,
516300,1706.5,0.000006,,,,,,,,
516400,1706.9,0.000007,,,,,,,,
516500,1707.2,0.000006,,,,,,,,
516600,1707.5,0.000007,,,,,,,,
516700,1707.8,0.000007,,,,,,,,
516800,1708.1,0.000007,,,,,,,,
516900,1708.4,0.000006,,,,,,,,
517000,1708.7,0.000007,,,,,,,,
517100,1709.1,0.000006,,,,,,,,
517200,1709.4,0.000006,,,,,,,,
517300,1709.7,0.000005,,,,,,,,
517400,1710.0,0.000007,,,,,,,,
517500,1710.3,0.000006,,,,,,,,
517600,1710.6,0.000005,,,,,,,,
517700,1711.0,0.000005,,,,,,,,
517800,1711.3,0.000006,,,,,,,,
517900,1711.6,0.000007,,,,,,,,
518000,1711.9,0.000007,,,,,,,,
518100,1712.2,0.000006,,,,,,,,
518200,1712.5,0.000007,,,,,,,,
518300,1712.8,0.000006,,,,,,,,
518400,1713.2,0.000006,,,,,,,,
518500,1713.5,0.000006,,,,,,,,
518600,1713.8,0.000007,,,,,,,,
518700,1714.1,0.000007,,,,,,,,
518800,1714.4,0.000006,,,,,,,,
518900,1714.7,0.000008,,,,,,,,
519000,1715.1,0.000008,,,,,,,,
519100,1715.4,0.000007,,,,,,,,
519200,1715.7,0.000007,,,,,,,,
519300,1716.0,0.000005,,,,,,,,
519400,1716.3,0.000006,,,,,,,,
519500,1716.6,0.000006,,,,,,,,
519600,1716.9,0.000007,,,,,,,,
519700,1717.3,0.000005,,,,,,,,
519800,1717.6,0.000007,,,,,,,,
519900,1717.9,0.000007,,,,,,,,
520000,1719.3,0.000007,0.000006,1.163242e+00,1.949242e-01,1.604122e-01,0.000000,9.960766e-01,1.791047e-01,1.502952e-01
520100,1719.6,0.000005,,,,,,,,
520200,1719.9,0.000007,,,,,,,,
520300,1720.2,0.000006,,,,,,,,
520400,1720.6,0.000006,,,,,,,,
520500,1720.9,0.000006,,,,,,,,
520600,1721.2,0.000007,,,,,,,,
520700,1721.5,0.000007,,,,,,,,
520800,1721.8,0.000006,,,,,,,,
520900,1722.1,0.000008,,,,,,,,
521000,1722.4,0.000007,,,,,,,,
521100,1722.7,0.000006,,,,,,,,
521200,1723.1,0.000006,,,,,,,,
521300,1723.4,0.000006,,,,,,,,
521400,1723.7,0.000007,,,,,,,,
521500,1723.9,0.000005,,,,,,,,
521600,1724.2,0.000005,,,,,,,,
521700,1724.5,0.000007,,,,,,,,
521800,1724.8,0.000005,,,,,,,,
521900,1725.1,0.000007,,,,,,,,
522000,1725.4,0.000007,,,,,,,,
522100,1725.7,0.000006,,,,,,,,
522200,1726.0,0.000009,,,,,,,,
522300,1726.3,0.000007,,,,,,,,
522400,1726.7,0.000006,,,,,,,,
522500,1727.0,0.000007,,,,,,,,
522600,1727.3,0.000006,,,,,,,,
522700,1727.6,0.000007,,,,,,,,
522800,1727.9,0.000008,,,,,,,,
522900,1728.2,0.000006,,,,,,,,
523000,1728.6,0.000006,,,,,,,,
523100,1728.9,0.000006,,,,,,,,
523200,1729.2,0.000006,,,,,,,,
523300,1729.5,0.000006,,,,,,,,
523400,1729.8,0.000007,,,,,,,,
523500,1730.1,0.000006,,,,,,,,
523600,1730.4,0.000006,,,,,,,,
523700,1730.8,0.000007,,,,,,,,
523800,1731.1,0.000006,,,,,,,,
523900,1731.4,0.000008,,,,,,,,
524000,1731.7,0.000006,,,,,,,,
524100,1732.0,0.000005,,,,,,,,
524200,1732.3,0.000006,,,,,,,,
524300,1732.6,0.000007,,,,,,,,
524400,1732.9,0.000006,,,,,,,,
524500,1733.3,0.000006,,,,,,,,
524600,1733.6,0.000005,,,,,,,,
524700,1733.9,0.000006,,,,,,,,
524800,1734.2,0.000008,,,,,,,,
524900,1734.5,0.000007,,,,,,,,
525000,1736.0,0.000006,0.000006,1.101417e+00,1.944443e-01,1.588539e-01,0.000000,9.339733e-01,1.787910e-01,1.490166e-01
525100,1736.3,0.000007,,,,,,,,
525200,1736.6,0.000006,,,,,,,,
525300,1736.9,0.000005,,,,,,,,
525400,1737.2,0.000006,,,,,,,,
525500,1737.5,0.000005,,,,,,,,
525600,1737.8,0.000008,,,,,,,,
525700,1738.2,0.000008,,,,,,,,
525800,1738.5,0.000006,,,,,,,,
525900,1738.8,0.000007,,,,,,,,
526000,1739.1,0.000006,,,,,,,,
526100,1739.4,0.000006,,,,,,,,
526200,1739.7,0.000007,,,,,,,,
526300,1740.0,0.000006,,,,,,,,
526400,1740.4,0.000006,,,,,,,,
526500,1740.7,0.000007,,,,,,,,
526600,1741.0,0.000005,,,,,,,,
526700,1741.3,0.000006,,,,,,,,
526800,1741.6,0.000007,,,,,,,,
526900,1741.9,0.000006,,,,,,,,
527000,1742.2,0.000008,,,,,,,,
527100,1742.6,0.000007,,,,,,,,
527200,1742.9,0.000006,,,,,,,,
527300,1743.2,0.000007,,,,,,,,
527400,1743.5,0.000007,,,,,,,,
527500,1743.8,0.000007,,,,,,,,
527600,1744.1,0.000007,,,,,,,,
527700,1744.5,0.000005,,,,,,,,
527800,1744.8,0.000007,,,,,,,,
527900,1745.1,0.000006,,,,,,,,
528000,1745.4,0.000008,,,,,,,,
528100,1745.7,0.000006,,,,,,,,
528200,1746.0,0.000007,,,,,,,,
528300,1746.3,0.000006,,,,,,,,
528400,1746.7,0.000006,,,,,,,,
528500,1747.0,0.000006,,,,,,,,
528600,1747.3,0.000007,,,,,,,,
528700,1747.6,0.000006,,,,,,,,
528800,1747.9,0.000007,,,,,,,,
528900,1748.2,0.000008,,,,,,,,
529000,1748.5,0.000006,,,,,,,,
529100,1748.9,0.000006,,,,,,,,
529200,1749.2,0.000005,,,,,,,,
529300,1749.5,0.000006,,,,,,,,
529400,1749.8,0.000006,,,,,,,,
529500,1750.1,0.000007,,,,,,,,
529600,1750.4,0.000007,,,,,,,,
529700,1750.8,0.000006,,,,,,,,
529800,1751.1,0.000006,,,,,,,,
529900,1751.4,0.000006,,,,,,,,
530000,1752.8,0.000005,0.000006,1.172958e+00,1.970426e-01,1.612838e-01,0.000000,1.005751e+00,1.817478e-01,1.515450e-01
530100,1753.1,0.000006,,,,,,,,
530200,1753.4,0.000006,,,,,,,,
530300,1753.7,0.000007,,,,,,,,
530400,1754.0,0.000007,,,,,,,,
530500,1754.4,0.000006,,,,,,,,
530600,1754.7,0.000005,,,,,,,,
530700,1755.0,0.000008,,,,,,,,
530800,1755.3,0.000005,,,,,,,,
530900,1755.6,0.000006,,,,,,,,
531000,1755.9,0.000007,,,,,,,,
531100,1756.2,0.000006,,,,,,,,
531200,1756.6,0.000005,,,,,,,,
531300,1756.9,0.000006,,,,,,,,
531400,1757.2,0.000006,,,,,,,,
531500,1757.5,0.000006,,,,,,,,
531600,1757.8,0.000006,,,,,,,,
531700,1758.1,0.000007,,,,,,,,
531800,1758.5,0.000007,,,,,,,,
531900,1758.8,0.000005,,,,,,,,
532000,1759.1,0.000007,,,,,,,,
532100,1759.4,0.000006,,,,,,,,
532200,1759.7,0.000006,,,,,,,,
532300,1760.0,0.000006,,,,,,,,
532400,1760.3,0.000005,,,,,,,,
532500,1760.7,0.000006,,,,,,,,
532600,1761.0,0.000006,,,,,,,,
532700,1761.3,0.000008,,,,,,,,
532800,1761.6,0.000006,,,,,,,,
532900,1761.9,0.000006,,,,,,,,
533000,1762.2,0.000005,,,,,,,,
533100,1762.5,0.000006,,,,,,,,
533200,1762.9,0.000005,,,,,,,,
533300,1763.2,0.000006,,,,,,,,
533400,1763.5,0.000006,,,,,,,,
533500,1763.8,0.000006,,,,,,,,
533600,1764.1,0.000007,,,,,,,,
533700,1764.4,0.000006,,,,,,,,
533800,1764.7,0.000006,,,,,,,,
533900,1765.1,0.000006,,,,,,,,
534000,1765.4,0.000006,,,,,,,,
534100,1765.7,0.000005,,,,,,,,
534200,1766.0,0.000006,,,,,,,,
534300,1766.3,0.000007,,,,,,,,
534400,1766.6,0.000006,,,,,,,,
534500,1767.0,0.000006,,,,,,,,
534600,1767.3,0.000006,,,,,,,,
534700,1767.6,0.000006,,,,,,,,
534800,1767.9,0.000007,,,,,,,,
534900,1768.2,0.000006,,,,,,,,
535000,1769.7,0.000007,0.000007,1.194268e+00,2.027225e-01,1.650355e-01,0.000000,1.017965e+00,1.884115e-01,1.559461e-01
535100,1769.9,0.000008,,,,,,,,
535200,1770.2,0.000007,,,,,,,,
535300,1770.5,0.000005,,,,,,,,
535400,1770.7,0.000007,,,,,,,,
535500,1771.0,0.000006,,,,,,,,
535600,1771.3,0.000006,,,,,,,,
535700,1771.7,0.000006,,,,,,,,
535800,1772.0,0.000006,,,,,,,,
535900,1772.3,0.000006,,,,,,,,
536000,1772.6,0.000007,,,,,,,,
536100,1772.9,0.000007,,,,,,,,
536200,1773.2,0.000006,,,,,,,,
536300,1773.5,0.000006,,,,,,,,
536400,1773.9,0.000007,,,,,,,,
536500,1774.2,0.000006,,,,,,,,
536600,1774.5,0.000007,,,,,,,,
536700,1774.8,0.000007,,,,,,,,
536800,1775.1,0.000007,,,,,,,,
536900,1775.4,0.000006,,,,,,,,
537000,1775.8,0.000005,,,,,,,,
537100,1776.1,0.000007,,,,,,,,
537200,1776.4,0.000006,,,,,,,,
537300,1776.7,0.000006,,,,,,,,
537400,1777.0,0.000005,,,,,,,,
537500,1777.3,0.000007,,,,,,,,
537600,1777.6,0.000006,,,,,,,,
537700,1778.0,0.000007,,,,,,,,
537800,1778.3,0.000007,,,,,,,,
537900,1778.6,0.000006,,,,,,,,
538000,1778.9,0.000006,,,,,,,,
538100,1779.2,0.000007,,,,,,,,
538200,1779.5,0.000006,,,,,,,,
538300,1779.8,0.000005,,,,,,,,
538400,1780.2,0.000006,,,,,,,,
538500,1780.5,0.000006,,,,,,,,
538600,1780.8,0.000007,,,,,,,,
538700,1781.1,0.000006,,,,,,,,
538800,1781.4,0.000006,,,,,,,,
538900,1781.7,0.000006,,,,,,,,
539000,1782.1,0.000006,,,,,,,,
539100,1782.4,0.000005,,,,,,,,
539200,1782.7,0.000006,,,,,,,,
539300,1783.0,0.000007,,,,,,,,
539400,1783.3,0.000005,,,,,,,,
539500,1783.6,0.000006,,,,,,,,
539600,1784.0,0.000007,,,,,,,,
539700,1784.3,0.000006,,,,,,,,
539800,1784.6,0.000006,,,,,,,,
539900,1784.9,0.000007,,,,,,,,
540000,1786.4,0.000008,0.000007,1.167961e+00,2.008401e-01,1.616065e-01,0.000000,1.000769e+00,1.855206e-01,1.517275e-01
540100,1786.7,0.000007,,,,,,,,
540200,1787.0,0.000006,,,,,,,,
540300,1787.3,0.000005,,,,,,,,
540400,1787.6,0.000007,,,,,,,,
540500,1787.9,0.000006,,,,,,,,
540600,1788.2,0.000006,,,,,,,,
540700,1788.6,0.000006,,,,,,,,
540800,1788.9,0.000005,,,,,,,,
540900,1789.1,0.000006,,,,,,,,
541000,1789.4,0.000007,,,,,,,,
541100,1789.7,0.000006,,,,,,,,
541200,1790.0,0.000007,,,,,,,,
541300,1790.4,0.000006,,,,,,,,
541400,1790.7,0.000007,,,,,,,,
541500,1791.0,0.000006,,,,,,,,
541600,1791.3,0.000006,,,,,,,,
541700,1791.6,0.000006,,,,,,,,
541800,1791.9,0.000007,,,,,,,,
541900,1792.2,0.000008,,,,,,,,
542000,1792.6,0.000006,,,,,,,,
542100,1792.9,0.000006,,,,,,,,
542200,1793.2,0.000007,,,,,,,,
542300,1793.5,0.000007,,,,,,,,
542400,1793.8,0.000006,,,,,,,,
542500,1794.1,0.000005,,,,,,,,
542600,1794.5,0.000007,,,,,,,,
542700,1794.8,0.000006,,,,,,,,
542800,1795.1,0.000006,,,,,,,,
542900,1795.4,0.000005,,,,,,,,
543000,1795.7,0.000007,,,,,,,,
543100,1796.0,0.000007,,,,,,,,
543200,1796.4,0.000007,,,,,,,,
543300,1796.7,0.000006,,,,,,,,
543400,1797.0,0.000008,,,,,,,,
543500,1797.3,0.000006,,,,,,,,
543600,1797.6,0.000007,,,,,,,,
543700,1797.9,0.000008,,,,,,,,
543800,1798.3,0.000006,,,,,,,,
543900,1798.6,0.000007,,,,,,,,
544000,1798.9,0.000006,,,,,,,,
544100,1799.2,0.000006,,,,,,,,
544200,1799.5,0.000007,,,,,,,,
544300,1799.8,0.000005,,,,,,,,
544400,1800.1,0.000007,,,,,,,,
544500,1800.5,0.000007,,,,,,,,
544600,1800.8,0.000006,,,,,,,,
544700,1801.1,0.000007,,,,,,,,
544800,1801.4,0.000007,,,,,,,,
544900,1801.7,0.000006,,,,,,,,
545000,1803.2,0.000006,0.000006,1.154325e+00,1.951162e-01,1.583147e-01,0.000000,9.405761e-01,1.795919e-01,1.486378e-01
545100,1803.5,0.000006,,,,,,,,
545200,1803.8,0.000006,,,,,,,,
545300,1804.1,0.000006,,,,,,,,
545400,1804.4,0.000007,,,,,,,,
545500,1804.7,0.000006,,,,,,,,
545600,1805.1,0.000006,,,,,,,,
545700,1805.4,0.000005,,,,,,,,
545800,1805.7,0.000006,,,,,,,,
545900,1806.0,0.000008,,,,,,,,
546000,1806.3,0.000008,,,,,,,,
546100,1806.6,0.000006,,,,,,,,
546200,1807.0,0.000008,,,,,,,,
546300,1807.3,0.000007,,,,,,,,
546400,1807.6,0.000007,,,,,,,,
546500,1807.9,0.000006,,,,,,,,
546600,1808.2,0.000007,,,,,,,,
546700,1808.5,0.000006,,,,,,,,
546800,1808.8,0.000007,,,,,,,,
546900,1809.2,0.000006,,,,,,,,
547000,1809.5,0.000005,,,,,,,,
547100,1809.8,0.000006,,,,,,,,
547200,1810.1,0.000007,,,,,,,,
547300,1810.4,0.000006,,,,,,,,
547400,1810.7,0.000006,,,,,,,,
547500,1811.0,0.000006,,,,,,,,
547600,1811.4,0.000006,,,,,,,,
547700,1811.7,0.000007,,,,,,,,
547800,1812.0,0.000005,,,,,,,,
547900,1812.3,0.000006,,,,,,,,
548000,1812.6,0.000006,,,,,,,,
548100,1812.9,0.000007,,,,,,,,
548200,1813.3,0.000006,,,,,,,,
548300,1813.6,0.000006,,,,,,,,
548400,1813.9,0.000005,,,,,,,,
548500,1814.2,0.000006,,,,,,,,
548600,1814.5,0.000006,,,,,,,,
548700,1814.8,0.000007,,,,,,,,
548800,1815.2,0.000005,,,,,,,,
548900,1815.5,0.000007,,,,,,,,
549000,1815.8,0.000006,,,,,,,,
549100,1816.1,0.000007,,,,,,,,
549200,1816.4,0.000006,,,,,,,,
549300,1816.7,0.000006,,,,,,,,
549400,1817.0,0.000006,,,,,,,,
549500,1817.4,0.000005,,,,,,,,
549600,1817.7,0.000006,,,,,,,,
549700,1818.0,0.000006,,,,,,,,
549800,1818.3,0.000005,,,,,,,,
549900,1818.6,0.000005,,,,,,,,
550000,1820.1,0.000007,0.000006,1.173786e+00,1.937548e-01,1.585214e-01,0.000000,1.006639e+00,1.780748e-01,1.491917e-01
550100,1820.4,0.000006,,,,,,,,
550200,1820.7,0.000005,,,,,,,,
550300,1821.0,0.000007,,,,,,,,
550400,1821.3,0.000007,,,,,,,,
550500,1821.6,0.000007,,,,,,,,
550600,1822.0,0.000007,,,,,,,,
550700,1822.3,0.000006,,,,,,,,
550800,1822.6,0.000006,,,,,,,,
550900,1822.9,0.000006,,,,,,,,
551000,1823.2,0.000008,,,,,,,,
551100,1823.5,0.000006,,,,,,,,
551200,1823.8,0.000007,,,,,,,,
551300,1824.2,0.000006,,,,,,,,
551400,1824.5,0.000006,,,,,,,,
551500,1824.8,0.000006,,,,,,,,
551600,1825.1,0.000007,,,,,,,,
551700,1825.4,0.000006,,,,,,,,
551800,1825.7,0.000005,,,,,,,,
551900,1826.1,0.000006,,,,,,,,
552000,1826.4,0.000006,,,,,,,,
552100,1826.7,0.000007,,,,,,,,
552200,1827.0,0.000006,,,,,,,,
552300,1827.3,0.000007,,,,,,,,
552400,1827.6,0.000007,,,,,,,,
552500,1827.9,0.000006,,,,,,,,
552600,1828.3,0.000007,,,,,,,,
552700,1828.6,0.000006,,,,,,,,
552800,1828.9,0.000006,,,,,,,,
552900,1829.2,0.000006,,,,,,,,
553000,1829.5,0.000006,,,,,,,,
553100,1829.8,0.000007,,,,,,,,
553200,1830.2,0.000006,,,,,,,,
553300,1830.5,0.000006,,,,,,,,
553400,1830.8,0.000006,,,,,,,,
553500,1831.1,0.000005,,,,,,,,
553600,1831.4,0.000007,,,,,,,,
553700,1831.7,0.000008,,,,,,,,
553800,1832.0,0.000006,,,,,,,,
553900,1832.3,0.000005,,,,,,,,
554000,1832.7,0.000006,,,,,,,,
554100,1833.0,0.000007,,,,,,,,
554200,1833.3,0.000007,,,,,,,,
554300,1833.6,0.000006,,,,,,,,
554400,1833.9,0.000008,,,,,,,,
554500,1834.2,0.000005,,,,,,,,
554600,1834.6,0.000006,,,,,,,,
554700,1834.9,0.000006,,,,,,,,
554800,1835.2,0.000006,,,,,,,,
554900,1835.5,0.000005,,,,,,,,
555000,1837.0,0.000008,0.000006,1.081083e+00,1.986299e-01,1.631484e-01,0.000000,8.968947e-01,1.824752e-01,1.521599e-01
555100,1837.2,0.000007,,,,,,,,
555200,1837.6,0.000006,,,,,,,,
555300,1837.9,0.000007,,,,,,,,
555400,1838.2,0.000007,,,,,,,,
555500,1838.5,0.000007,,,,,,,,
555600,1838.8,0.000006,,,,,,,,
555700,1839.1,0.000006,,,,,,,,
555800,1839.4,0.000007,,,,,,,,
555900,1839.8,0.000004,,,,,,,,
556000,1840.1,0.000004,,,,,,,,
556100,1840.4,0.000006,,,,,,,,
556200,1840.7,0.000006,,,,,,,,
556300,1841.0,0.000006,,,,,,,,
556400,1841.3,0.000006,,,,,,,,
556500,1841.7,0.000007,,,,,,,,
556600,1842.0,0.000006,,,,,,,,
556700,1842.3,0.000006,,,,,,,,
556800,1842.6,0.000006,,,,,,,,
556900,1842.9,0.000005,,,,,,,,
557000,1843.2,0.000006,,,,,,,,
557100,1843.5,0.000006,,,,,,,,
557200,1843.9,0.000007,,,,,,,,
557300,1844.2,0.000006,,,,,,,,
557400,1844.5,0.000006,,,,,,,,
557500,1844.8,0.000006,,,,,,,,
557600,1845.1,0.000006,,,,,,,,
557700,1845.4,0.000007,,,,,,,,
557800,1845.7,0.000006,,,,,,,,
557900,1846.1,0.000007,,,,,,,,
558000,1846.4,0.000006,,,,,,,,
558100,1846.7,0.000008,,,,,,,,
558200,1847.0,0.000006,,,,,,,,
558300,1847.3,0.000006,,,,,,,,
558400,1847.6,0.000007,,,,,,,,
558500,1847.9,0.000006,,,,,,,,
558600,1848.3,0.000006,,,,,,,,
558700,1848.6,0.000007,,,,,,,,
558800,1848.9,0.000007,,,,,,,,
558900,1849.2,0.000005,,,,,,,,
559000,1849.5,0.000006,,,,,,,,
559100,1849.8,0.000008,,,,,,,,
559200,1850.2,0.000005,,,,,,,,
559300,1850.5,0.000006,,,,,,,,
559400,1850.8,0.000006,,,,,,,,
559500,1851.1,0.000007,,,,,,,,
559600,1851.4,0.000006,,,,,,,,
559700,1851.7,0.000006,,,,,,,,
559800,1852.1,0.000007,,,,,,,,
559900,1852.4,0.000007,,,,,,,,
560000,1853.8,0.000006,0.000006,1.069496e+00,1.951582e-01,1.603284e-01,0.000000,9.025745e-01,1.798951e-01,1.505948e-01
560100,1854.1,0.000007,,,,,,,,
560200,1854.4,0.000006,,,,,,,,
560300,1854.7,0.000007,,,,,,,,
560400,1855.1,0.000006,,,,,,,,
560500,1855.4,0.000007,,,,,,,,
560600,1855.7,0.000006,,,,,,,,
560700,1856.0,0.000006,,,,,,,,
560800,1856.3,0.000006,,,,,,,,
560900,1856.6,0.000005,,,,,,,,
561000,1856.9,0.000007,,,,,,,,
561100,1857.3,0.000006,,,,,,,,
561200,1857.5,0.000007,,,,,,,,
561300,1857.8,0.000007,,,,,,,,
561400,1858.1,0.000006,,,,,,,,
561500,1858.5,0.000005,,,,,,,,
561600,1858.8,0.000005,,,,,,,,
561700,1859.1,0.000007,,,,,,,,
561800,1859.4,0.000006,,,,,,,,
561900,1859.7,0.000007,,,,,,,,
562000,1860.0,0.000007,,,,,,,,
562100,1860.3,0.000007,,,,,,,,
562200,1860.6,0.000007,,,,,,,,
562300,1861.0,0.000007,,,,,,,,
562400,1861.3,0.000007,,,,,,,,
562500,1861.6,0.000006,,,,,,,,
562600,1861.9,0.000006,,,,,,,,
562700,1862.2,0.000006,,,,,,,,
562800,1862.5,0.000007,,,,,,,,
562900,1862.9,0.000006,,,,,,,,
563000,1863.2,0.000005,,,,,,,,
563100,1863.5,0.000008,,,,,,,,
563200,1863.8,0.000006,,,,,,,,
563300,1864.1,0.000008,,,,,,,,
563400,1864.4,0.000006,,,,,,,,
563500,1864.8,0.000006,,,,,,,,
563600,1865.1,0.000006,,,,,,,,
563700,1865.4,0.000006,,,,,,,,
563800,1865.7,0.000006,,,,,,,,
563900,1866.0,0.000006,,,,,,,,
564000,1866.3,0.000006,,,,,,,,
564100,1866.7,0.000006,,,,,,,,
564200,1867.0,0.000006,,,,,,,,
564300,1867.3,0.000006,,,,,,,,
564400,1867.6,0.000007,,,,,,,,
564500,1867.9,0.000007,,,,,,,,
564600,1868.2,0.000006,,,,,,,,
564700,1868.5,0.000006,,,,,,,,
564800,1868.9,0.000006,,,,,,,,
564900,1869.2,0.000006,,,,,,,,
565000,1870.6,0.000006,0.000006,1.150340e+00,1.930469e-01,1.580839e-01,0.000000,9.834919e-01,1.773781e-01,1.474929e-01
565100,1870.9,0.000005,,,,,,,,
565200,1871.2,0.000006,,,,,,,,
565300,1871.5,0.000006,,,,,,,,
565400,1871.8,0.000006,,,,,,,,
565500,1872.2,0.000007,,,,,,,,
565600,1872.5,0.000006,,,,,,,,
565700,1872.8,0.000007,,,,,,,,
565800,1873.1,0.000007,,,,,,,,
565900,1873.4,0.000005,,,,,,,,
566000,1873.7,0.000006,,,,,,,,
566100,1874.1,0.000007,,,,,,,,
566200,1874.4,0.000007,,,,,,,,
566300,1874.7,0.000005,,,,,,,,
566400,1875.0,0.000006,,,,,,,,
566500,1875.3,0.000007,,,,,,,,
566600,1875.6,0.000007,,,,,,,,
566700,1875.9,0.000005,,,,,,,,
566800,1876.3,0.000006,,,,,,,,
566900,1876.6,0.000006,,,,,,,,
567000,1876.9,0.000007,,,,,,,,
567100,1877.2,0.000005,,,,,,,,
567200,1877.5,0.000006,,,,,,,,
567300,1877.8,0.000007,,,,,,,,
567400,1878.2,0.000006,,,,,,,,
567500,1878.5,0.000006,,,,,,,,
567600,1878.8,0.000006,,,,,,,,
567700,1879.1,0.000007,,,,,,,,
567800,1879.4,0.000005,,,,,,,,
567900,1879.7,0.000006,,,,,,,,
568000,1880.1,0.000006,,,,,,,,
568100,1880.4,0.000007,,,,,,,,
568200,1880.7,0.000006,,,,,,,,
568300,1881.0,0.000006,,,,,,,,
568400,1881.3,0.000006,,,,,,,,
568500,1881.6,0.000007,,,,,,,,
568600,1881.9,0.000007,,,,,,,,
568700,1882.3,0.000006,,,,,,,,
568800,1882.6,0.000007,,,,,,,,
568900,1882.9,0.000005,,,,,,,,
569000,1883.1,0.000006,,,,,,,,
569100,1883.4,0.000006,,,,,,,,
569200,1883.7,0.000007,,,,,,,,
569300,1884.1,0.000007,,,,,,,,
569400,1884.4,0.000006,,,,,,,,
569500,1884.7,0.000006,,,,,,,,
569600,1885.0,0.000007,,,,,,,,
569700,1885.3,0.000007,,,,,,,,
569800,1885.6,0.000006,,,,,,,,
569900,1886.0,0.000007,,,,,,,,
570000,1887.4,0.000005,0.000006,1.088580e+00,1.932796e-01,1.559755e-01,0.000000,9.217739e-01,1.777357e-01,1.461149e-01
570100,1887.7,0.000007,,,,,,,,
570200,1888.0,0.000005,,,,,,,,
570300,1888.3,0.000006,,,,,,,,
570400,1888.6,0.000007,,,,,,,,
570500,1888.9,0.000005,,,,,,,,
570600,1889.3,0.000006,,,,,,,,
570700,1889.6,0.000007,,,,,,,,
570800,1889.9,0.000006,,,,,,,,
570900,1890.2,0.000006,,,,,,,,
571000,1890.5,0.000006,,,,,,,,
571100,1890.8,0.000007,,,,,,,,
571200,1891.2,0.000006,,,,,,,,
571300,1891.5,0.000006,,,,,,,,
571400,1891.8,0.000005,,,,,,,,
571500,1892.1,0.000007,,,,,,,,
571600,1892.4,0.000006,,,,,,,,
571700,1892.7,0.000007,,,,,,,,
571800,1893.0,0.000007,,,,,,,,
571900,1893.4,0.000006,,,,,,,,
572000,1893.7,0.000006,,,,,,,,
572100,1894.0,0.000006,,,,,,,,
572200,1894.3,0.000006,,,,,,,,
572300,1894.6,0.000007,,,,,,,,
572400,1894.9,0.000006,,,,,,,,
572500,1895.3,0.000006,,,,,,,,
572600,1895.6,0.000007,,,,,,,,
572700,1895.9,0.000005,,,,,,,,
572800,1896.2,0.000007,,,,,,,,
572900,1896.5,0.000005,,,,,,,,
573000,1896.8,0.000005,,,,,,,,
573100,1897.1,0.000005,,,,,,,,
573200,1897.5,0.000006,,,,,,,,
573300,1897.8,0.000006,,,,,,,,
573400,1898.1,0.000006,,,,,,,,
573500,1898.4,0.000005,,,,,,,,
573600,1898.7,0.000007,,,,,,,,
573700,1899.0,0.000005,,,,,,,,
573800,1899.4,0.000006,,,,,,,,
573900,1899.7,0.000007,,,,,,,,
574000,1900.0,0.000007,,,,,,,,
574100,1900.3,0.000006,,,,,,,,
574200,1900.6,0.000005,,,,,,,,
574300,1900.9,0.000006,,,,,,,,
574400,1901.2,0.000007,,,,,,,,
574500,1901.6,0.000007,,,,,,,,
574600,1901.9,0.000007,,,,,,,,
574700,1902.2,0.000006,,,,,,,,
574800,1902.5,0.000006,,,,,,,,
574900,1902.8,0.000006,,,,,,,,
575000,1904.3,0.000007,0.000006,1.083240e+00,1.948448e-01,1.576712e-01,0.000000,9.165058e-01,1.790841e-01,1.482880e-01
575100,1904.5,0.000006,,,,,,,,
575200,1904.9,0.000006,,,,,,,,
575300,1905.2,0.000006,,,,,,,,
575400,1905.5,0.000005,,,,,,,,
575500,1905.8,0.000005,,,,,,,,
575600,1906.1,0.000006,,,,,,,,
575700,1906.4,0.000006,,,,,,,,
575800,1906.8,0.000006,,,,,,,,
575900,1907.1,0.000007,,,,,,,,
576000,1907.4,0.000007,,,,,,,,
576100,1907.7,0.000007,,,,,,,,
576200,1908.0,0.000007,,,,,,,,
576300,1908.3,0.000006,,,,,,,,
576400,1908.6,0.000006,,,,,,,,
576500,1909.0,0.000006,,,,,,,,
576600,1909.2,0.000006,,,,,,,,
576700,1909.5,0.000006,,,,,,,,
576800,1909.8,0.000005,,,,,,,,
576900,1910.1,0.000006,,,,,,,,
577000,1910.5,0.000006,,,,,,,,
577100,1910.8,0.000007,,,,,,,,
577200,1911.1,0.000006,,,,,,,,
577300,1911.4,0.000005,,,,,,,,
577400,1911.7,0.000006,,,,,,,,
577500,1912.0,0.000007,,,,,,,,
577600,1912.3,0.000005,,,,,,,,
577700,1912.7,0.000006,,,,,,,,
577800,1913.0,0.000007,,,,,,,,
577900,1913.3,0.000006,,,,,,,,
578000,1913.6,0.000007,,,,,,,,
578100,1913.9,0.000007,,,,,,,,
578200,1914.2,0.000006,,,,,,,,
578300,1914.6,0.000006,,,,,,,,
578400,1914.9,0.000006,,,,,,,,
578500,1915.2,0.000004,,,,,,,,
578600,1915.5,0.000006,,,,,,,,
578700,1915.8,0.000006,,,,,,,,
578800,1916.1,0.000007,,,,,,,,
578900,1916.4,0.000005,,,,,,,,
579000,1916.8,0.000006,,,,,,,,
579100,1917.1,0.000006,,,,,,,,
579200,1917.4,0.000007,,,,,,,,
579300,1917.7,0.000006,,,,,,,,
579400,1918.0,0.000007,,,,,,,,
579500,1918.3,0.000007,,,,,,,,
579600,1918.6,0.000007,,,,,,,,
579700,1919.0,0.000005,,,,,,,,
579800,1919.3,0.000007,,,,,,,,
579900,1919.6,0.000006,,,,,,,,
580000,1921.0,0.000006,0.000006,1.086528e+00,1.899390e-01,1.545071e-01,0.000000,9.198665e-01,1.739497e-01,1.441647e-01
580100,1921.3,0.000006,,,,,,,,
580200,1921.5,0.000006,,,,,,,,
580300,1921.8,0.000006,,,,,,,,
580400,1922.2,0.000007,,,,,,,,
580500,1922.5,0.000006,,,,,,,,
580600,1922.8,0.000007,,,,,,,,
580700,1923.1,0.000006,,,,,,,,
580800,1923.4,0.000007,,,,,,,,
580900,1923.7,0.000005,,,,,,,,
581000,1924.1,0.000007,,,,,,,,
581100,1924.4,0.000007,,,,,,,,
581200,1924.7,0.000007,,,,,,,,
581300,1925.0,0.000006,,,,,,,,
581400,1925.3,0.000005,,,,,,,,
581500,1925.6,0.000007,,,,,,,,
581600,1926.0,0.000007,,,,,,,,
581700,1926.3,0.000007,,,,,,,,
581800,1926.6,0.000007,,,,,,,,
581900,1926.9,0.000005,,,,,,,,
582000,1927.2,0.000008,,,,,,,,
582100,1927.5,0.000006,,,,,,,,
582200,1927.8,0.000005,,,,,,,,
582300,1928.2,0.000005,,,,,,,,
582400,1928.5,0.000005,,,,,,,,
582500,1928.8,0.000007,,,,,,,,
582600,1929.1,0.000006,,,,,,,,
582700,1929.4,0.000007,,,,,,,,
582800,1929.7,0.000006,,,,,,,,
582900,1930.0,0.000005,,,,,,,,
583000,1930.4,0.000006,,,,,,,,
583100,1930.7,0.000006,,,,,,,,
583200,1931.0,0.000007,,,,,,,,
583300,1931.3,0.000007,,,,,,,,
583400,1931.6,0.000007,,,,,,,,
583500,1931.9,0.000008,,,,,,,,
583600,1932.2,0.000007,,,,,,,,
583700,1932.6,0.000007,,,,,,,,
583800,1932.9,0.000006,,,,,,,,
583900,1933.1,0.000006,,,,,,,,
584000,1933.4,0.000008,,,,,,,,
584100,1933.7,0.000005,,,,,,,,
584200,1934.0,0.000005,,,,,,,,
584300,1934.3,0.000006,,,,,,,,
584400,1934.5,0.000007,,,,,,,,
584500,1934.8,0.000006,,,,,,,,
584600,1935.2,0.000005,,,,,,,,
584700,1935.5,0.000007,,,,,,,,
584800,1935.7,0.000007,,,,,,,,
584900,1936.0,0.000006,,,,,,,,
585000,1937.5,0.000007,0.000006,1.118762e+00,1.926585e-01,1.588010e-01,0.000000,9.519329e-01,1.774397e-01,1.487577e-01
585100,1937.7,0.000007,,,,,,,,
585200,1938.0,0.000006,,,,,,,,
585300,1938.3,0.000007,,,,,,,,
585400,1938.6,0.000006,,,,,,,,
585500,1939.0,0.000006,,,,,,,,
585600,1939.2,0.000006,,,,,,,,
585700,1939.5,0.000007,,,,,,,,
585800,1939.8,0.000006,,,,,,,,
585900,1940.1,0.000006,,,,,,,,
586000,1940.4,0.000006,,,,,,,,
586100,1940.8,0.000005,,,,,,,,
586200,1941.0,0.000005,,,,,,,,
586300,1941.3,0.000007,,,,,,,,
586400,1941.7,0.000006,,,,,,,,
586500,1942.0,0.000007,,,,,,,,
586600,1942.3,0.000006,,,,,,,,
586700,1942.6,0.000006,,,,,,,,
586800,1942.9,0.000006,,,,,,,,
586900,1943.1,0.000006,,,,,,,,
587000,1943.3,0.000006,,,,,,,,
587100,1943.6,0.000006,,,,,,,,
587200,1943.9,0.000007,,,,,,,,
587300,1944.3,0.000006,,,,,,,,
587400,1944.5,0.000007,,,,,,,,
587500,1944.8,0.000007,,,,,,,,
587600,1945.2,0.000006,,,,,,,,
587700,1945.4,0.000007,,,,,,,,
587800,1945.7,0.000006,,,,,,,,
587900,1946.1,0.000006,,,,,,,,
588000,1946.4,0.000006,,,,,,,,
588100,1946.7,0.000006,,,,,,,,
588200,1947.0,0.000008,,,,,,,,
588300,1947.3,0.000005,,,,,,,,
588400,1947.5,0.000007,,,,,,,,
588500,1947.9,0.000006,,,,,,,,
588600,1948.2,0.000005,,,,,,,,
588700,1948.4,0.000007,,,,,,,,
588800,1948.8,0.000005,,,,,,,,
588900,1949.1,0.000006,,,,,,,,
589000,1949.5,0.000007,,,,,,,,
589100,1949.8,0.000007,,,,,,,,
589200,1950.1,0.000005,,,,,,,,
589300,1950.5,0.000006,,,,,,,,
589400,1950.8,0.000006,,,,,,,,
589500,1951.1,0.000006,,,,,,,,
589600,1951.5,0.000006,,,,,,,,
589700,1951.8,0.000006,,,,,,,,
589800,1952.2,0.000008,,,,,,,,
589900,1952.4,0.000006,,,,,,,,
590000,1953.9,0.000006,0.000006,1.066318e+00,1.950457e-01,1.626946e-01,0.000000,8.994999e-01,1.794639e-01,1.519138e-01
590100,1954.2,0.000007,,,,,,,,
590200,1954.4,0.000006,,,,,,,,
590300,1954.7,0.000005,,,,,,,,
590400,1955.0,0.000007,,,,,,,,
590500,1955.2,0.000005,,,,,,,,
590600,1955.5,0.000007,,,,,,,,
590700,1955.8,0.000006,,,,,,,,
590800,1956.1,0.000007,,,,,,,,
590900,1956.4,0.000007,,,,,,,,
591000,1956.7,0.000006,,,,,,,,
591100,1956.9,0.000007,,,,,,,,
591200,1957.2,0.000007,,,,,,,,
591300,1957.6,0.000007,,,,,,,,
591400,1957.8,0.000005,,,,,,,,
591500,1958.1,0.000006,,,,,,,,
591600,1958.4,0.000005,,,,,,,,
591700,1958.7,0.000007,,,,,,,,
591800,1959.0,0.000005,,,,,,,,
591900,1959.3,0.000005,,,,,,,,
592000,1959.6,0.000006,,,,,,,,
592100,1959.8,0.000006,,,,,,,,
592200,1960.2,0.000007,,,,,,,,
592300,1960.5,0.000007,,,,,,,,
592400,1960.8,0.000007,,,,,,,,
592500,1961.1,0.000005,,,,,,,,
592600,1961.4,0.000006,,,,,,,,
592700,1961.7,0.000006,,,,,,,,
592800,1962.1,0.000006,,,,,,,,
592900,1962.4,0.000006,,,,,,,,
593000,1962.7,0.000005,,,,,,,,
593100,1963.0,0.000006,,,,,,,,
593200,1963.2,0.000006,,,,,,,,
593300,1963.5,0.000006,,,,,,,,
593400,1963.8,0.000007,,,,,,,,
593500,1964.1,0.000007,,,,,,,,
593600,1964.4,0.000006,,,,,,,,
593700,1964.7,0.000006,,,,,,,,
593800,1965.0,0.000007,,,,,,,,
593900,1965.2,0.000006,,,,,,,,
594000,1965.5,0.000006,,,,,,,,
594100,1965.8,0.000006,,,,,,,,
594200,1966.1,0.000007,,,,,,,,
594300,1966.3,0.000006,,,,,,,,
594400,1966.6,0.000006,,,,,,,,
594500,1966.9,0.000006,,,,,,,,
594600,1967.2,0.000005,,,,,,,,
594700,1967.6,0.000006,,,,,,,,
594800,1967.9,0.000006,,,,,,,,
594900,1968.2,0.000007,,,,,,,,
595000,1969.7,0.000006,0.000006,1.063774e+00,1.924280e-01,1.555770e-01,0.000000,8.969898e-01,1.768334e-01,1.458612e-01
595100,1969.9,0.000006,,,,,,,,
595200,1970.1,0.000007,,,,,,,,
595300,1970.4,0.000006,,,,,,,,
595400,1970.6,0.000006,,,,,,,,
595500,1970.9,0.000006,,,,,,,,
595600,1971.2,0.000006,,,,,,,,
595700,1971.6,0.000006,,,,,,,,
595800,1971.9,0.000007,,,,,,,,
595900,1972.2,0.000006,,,,,,,,
596000,1972.6,0.000005,,,,,,,,
596100,1972.9,0.000008,,,,,,,,
596200,1973.2,0.000006,,,,,,,,
596300,1973.5,0.000006,,,,,,,,
596400,1973.8,0.000006,,,,,,,,
596500,1974.1,0.000006,,,,,,,,
596600,1974.4,0.000006,,,,,,,,
596700,1974.6,0.000005,,,,,,,,
596800,1975.0,0.000005,,,,,,,,
596900,1975.3,0.000005,,,,,,,,
597000,1975.6,0.000006,,,,,,,,
597100,1975.8,0.000005,,,,,,,,
597200,1976.2,0.000007,,,,,,,,
597300,1976.4,0.000006,,,,,,,,
597400,1976.7,0.000008,,,,,,,,
597500,1977.0,0.000005,,,,,,,,
597600,1977.3,0.000005,,,,,,,,
597700,1977.6,0.000005,,,,,,,,
597800,1977.9,0.000006,,,,,,,,
597900,1978.1,0.000007,,,,,,,,
598000,1978.4,0.000005,,,,,,,,
598100,1978.7,0.000007,,,,,,,,
598200,1979.0,0.000006,,,,,,,,
598300,1979.3,0.000006,,,,,,,,
598400,1979.6,0.000006,,,,,,,,
598500,1979.9,0.000007,,,,,,,,
598600,1980.1,0.000005,,,,,,,,
598700,1980.4,0.000006,,,,,,,,
598800,1980.7,0.000006,,,,,,,,
598900,1981.0,0.000006,,,,,,,,
599000,1981.2,0.000007,,,,,,,,
599100,1981.6,0.000005,,,,,,,,
599200,1981.8,0.000006,,,,,,,,
599300,1982.1,0.000006,,,,,,,,
599400,1982.3,0.000005,,,,,,,,
599500,1982.7,0.000006,,,,,,,,
599600,1982.9,0.000006,,,,,,,,
599700,1983.2,0.000006,,,,,,,,
599800,1983.6,0.000005,,,,,,,,
599900,1983.9,0.000007,,,,,,,,
600000,1985.3,0.000005,0.000006,1.134391e+00,1.898589e-01,1.541040e-01,0.000000,9.679012e-01,1.741155e-01,1.433084e-01
600100,1985.6,0.000006,,,,,,,,
600200,1985.8,0.000006,,,,,,,,
600300,1986.2,0.000006,,,,,,,,
600400,1986.5,0.000006,,,,,,,,
600500,1986.8,0.000006,,,,,,,,
600600,1987.1,0.000007,,,,,,,,
600700,1987.3,0.000006,,,,,,,,
600800,1987.6,0.000006,,,,,,,,
600900,1988.0,0.000007,,,,,,,,
601000,1988.3,0.000006,,,,,,,,
601100,1988.6,0.000006,,,,,,,,
601200,1988.9,0.000006,,,,,,,,
601300,1989.2,0.000006,,,,,,,,
601400,1989.5,0.000006,,,,,,,,
601500,1989.9,0.000006,,,,,,,,
601600,1990.2,0.000006,,,,,,,,
601700,1990.5,0.000006,,,,,,,,
601800,1990.8,0.000007,,,,,,,,
601900,1991.1,0.000006,,,,,,,,
602000,1991.5,0.000006,,,,,,,,
602100,1991.7,0.000007,,,,,,,,
602200,1992.0,0.000006,,,,,,,,
602300,1992.4,0.000006,,,,,,,,
602400,1992.7,0.000006,,,,,,,,
602500,1993.1,0.000005,,,,,,,,
602600,1993.4,0.000005,,,,,,,,
602700,1993.7,0.000005,,,,,,,,
602800,1994.1,0.000005,,,,,,,,
602900,1994.4,0.000005,,,,,,,,
603000,1994.7,0.000006,,,,,,,,
603100,1995.1,0.000006,,,,,,,,
603200,1995.4,0.000006,,,,,,,,
603300,1995.7,0.000006,,,,,,,,
603400,1996.0,0.000006,,,,,,,,
603500,1996.3,0.000006,,,,,,,,
603600,1996.7,0.000006,,,,,,,,
603700,1997.0,0.000007,,,,,,,,
603800,1997.3,0.000008,,,,,,,,
603900,1997.7,0.000006,,,,,,,,
604000,1998.0,0.000006,,,,,,,,
604100,1998.3,0.000006,,,,,,,,
604200,1998.6,0.000005,,,,,,,,
604300,1998.9,0.000006,,,,,,,,
604400,1999.3,0.000006,,,,,,,,
604500,1999.6,0.000007,,,,,,,,
604600,1999.9,0.000006,,,,,,,,
604700,2000.2,0.000007,,,,,,,,
604800,2000.5,0.000005,,,,,,,,
604900,2000.8,0.000007,,,,,,,,
605000,2002.3,0.000005,0.000006,1.047764e+00,1.902075e-01,1.552345e-01,0.000000,8.562374e-01,1.744188e-01,1.443668e-01
605100,2002.5,0.000006,,,,,,,,
605200,2002.8,0.000006,,,,,,,,
605300,2003.1,0.000006,,,,,,,,
605400,2003.4,0.000006,,,,,,,,
605500,2003.7,0.000007,,,,,,,,
605600,2003.9,0.000007,,,,,,,,
605700,2004.2,0.000006,,,,,,,,
605800,2004.5,0.000006,,,,,,,,
605900,2004.7,0.000007,,,,,,,,
606000,2005.0,0.000006,,,,,,,,
606100,2005.3,0.000005,,,,,,,,
606200,2005.6,0.000007,,,,,,,,
606300,2005.9,0.000007,,,,,,,,
606400,2006.2,0.000006,,,,,,,,
606500,2006.5,0.000005,,,,,,,,
606600,2006.7,0.000007,,,,,,,,
606700,2007.1,0.000007,,,,,,,,
606800,2007.3,0.000007,,,,,,,,
606900,2007.6,0.000005,,,,,,,,
607000,2007.9,0.000007,,,,,,,,
607100,2008.1,0.000007,,,,,,,,
607200,2008.4,0.000005,,,,,,,,
607300,2008.7,0.000006,,,,,,,,
607400,2008.9,0.000006,,,,,,,,
607500,2009.2,0.000007,,,,,,,,
607600,2009.5,0.000006,,,,,,,,
607700,2009.8,0.000007,,,,,,,,
607800,2010.1,0.000007,,,,,,,,
607900,2010.3,0.000006,,,,,,,,
608000,2010.6,0.000006,,,,,,,,
608100,2010.9,0.000006,,,,,,,,
608200,2011.2,0.000005,,,,,,,,
608300,2011.5,0.000006,,,,,,,,
608400,2011.8,0.000006,,,,,,,,
608500,2012.1,0.000005,,,,,,,,
608600,2012.4,0.000007,,,,,,,,
608700,2012.7,0.000006,,,,,,,,
608800,2013.0,0.000006,,,,,,,,
608900,2013.3,0.000006,,,,,,,,
609000,2013.6,0.000006,,,,,,,,
609100,2013.9,0.000006,,,,,,,,
609200,2014.2,0.000006,,,,,,,,
609300,2014.6,0.000007,,,,,,,,
609400,2014.9,0.000006,,,,,,,,
609500,2015.1,0.000006,,,,,,,,
609600,2015.4,0.000007,,,,,,,,
609700,2015.7,0.000006,,,,,,,,
609800,2016.0,0.000007,,,,,,,,
609900,2016.3,0.000005,,,,,,,,
610000,2017.8,0.000007,0.000006,1.214469e+00,1.985440e-01,1.636355e-01,0.000000,1.047892e+00,1.834537e-01,1.529423e-01
610100,2018.0,0.000007,,,,,,,,
610200,2018.3,0.000006,,,,,,,,
610300,2018.6,0.000006,,,,,,,,
610400,2018.9,0.000006,,,,,,,,
610500,2019.3,0.000007,,,,,,,,
610600,2019.5,0.000007,,,,,,,,
610700,2019.8,0.000006,,,,,,,,
610800,2020.2,0.000007,,,,,,,,
610900,2020.5,0.000005,,,,,,,,
611000,2020.9,0.000006,,,,,,,,
611100,2021.2,0.000005,,,,,,,,
611200,2021.5,0.000006,,,,,,,,
611300,2021.8,0.000006,,,,,,,,
611400,2022.1,0.000005,,,,,,,,
611500,2022.4,0.000006,,,,,,,,
611600,2022.8,0.000006,,,,,,,,
611700,2023.0,0.000005,,,,,,,,
611800,2023.3,0.000005,,,,,,,,
611900,2023.6,0.000006,,,,,,,,
612000,2023.8,0.000005,,,,,,,,
612100,2024.1,0.000006,,,,,,,,
612200,2024.4,0.000007,,,,,,,,
612300,2024.7,0.000007,,,,,,,,
612400,2025.0,0.000006,,,,,,,,
612500,2025.4,0.000006,,,,,,,,
612600,2025.7,0.000007,,,,,,,,
612700,2026.0,0.000005,,,,,,,,
612800,2026.3,0.000006,,,,,,,,
612900,2026.6,0.000006,,,,,,,,
613000,2027.0,0.000006,,,,,,,,
613100,2027.3,0.000007,,,,,,,,
613200,2027.5,0.000006,,,,,,,,
613300,2027.9,0.000007,,,,,,,,
613400,2028.2,0.000007,,,,,,,,
613500,2028.5,0.000006,,,,,,,,
613600,2028.9,0.000007,,,,,,,,
613700,2029.1,0.000006,,,,,,,,
613800,2029.4,0.000006,,,,,,,,
613900,2029.8,0.000006,,,,,,,,
614000,2030.0,0.000006,,,,,,,,
614100,2030.3,0.000006,,,,,,,,
614200,2030.6,0.000006,,,,,,,,
614300,2030.9,0.000005,,,,,,,,
614400,2031.2,0.000006,,,,,,,,
614500,2031.5,0.000007,,,,,,,,
614600,2031.8,0.000006,,,,,,,,
614700,2032.1,0.000006,,,,,,,,
614800,2032.4,0.000006,,,,,,,,
614900,2032.7,0.000006,,,,,,,,
615000,2034.1,0.000006,0.000006,1.059780e+00,1.887625e-01,1.523732e-01,0.000000,8.933887e-01,1.725915e-01,1.425395e-01
615100,2034.4,0.000007,,,,,,,,
615200,2034.6,0.000006,,,,,,,,
615300,2034.9,0.000006,,,,,,,,
615400,2035.2,0.000007,,,,,,,,
615500,2035.5,0.000006,,,,,,,,
615600,2035.8,0.000006,,,,,,,,
615700,2036.1,0.000006,,,,,,,,
615800,2036.4,0.000006,,,,,,,,
615900,2036.7,0.000006,,,,,,,,
616000,2037.0,0.000006,,,,,,,,
616100,2037.3,0.000005,,,,,,,,
616200,2037.6,0.000006,,,,,,,,
616300,2037.9,0.000005,,,,,,,,
616400,2038.1,0.000006,,,,,,,,
616500,2038.4,0.000005,,,,,,,,
616600,2038.7,0.000006,,,,,,,,
616700,2039.0,0.000005,,,,,,,,
616800,2039.3,0.000007,,,,,,,,
616900,2039.5,0.000006,,,,,,,,
617000,2039.8,0.000005,,,,,,,,
617100,2040.1,0.000005,,,,,,,,
617200,2040.4,0.000006,,,,,,,,
617300,2040.7,0.000006,,,,,,,,
617400,2040.9,0.000006,,,,,,,,
617500,2041.2,0.000007,,,,,,,,
617600,2041.5,0.000005,,,,,,,,
617700,2041.8,0.000006,,,,,,,,
617800,2042.0,0.000006,,,,,,,,
617900,2042.3,0.000005,,,,,,,,
618000,2042.6,0.000007,,,,,,,,
618100,2042.8,0.000007,,,,,,,,
618200,2043.1,0.000006,,,,,,,,
618300,2043.5,0.000008,,,,,,,,
618400,2043.7,0.000007,,,,,,,,
618500,2044.0,0.000005,,,,,,,,
618600,2044.3,0.000005,,,,,,,,
618700,2044.6,0.000006,,,,,,,,
618800,2044.9,0.000006,,,,,,,,
618900,2045.2,0.000006,,,,,,,,
619000,2045.5,0.000005,,,,,,,,
619100,2045.8,0.000008,,,,,,,,
619200,2046.1,0.000007,,,,,,,,
619300,2046.4,0.000006,,,,,,,,
619400,2046.8,0.000006,,,,,,,,
619500,2047.1,0.000006,,,,,,,,
619600,2047.4,0.000006,,,,,,,,
619700,2047.7,0.000007,,,,,,,,
619800,2048.0,0.000007,,,,,,,,
619900,2048.3,0.000005,,,,,,,,
620000,2049.8,0.000007,0.000006,1.118072e+00,1.927228e-01,1.552797e-01,0.000000,9.514026e-01,1.770938e-01,1.452703e-01
620100,2050.0,0.000006,,,,,,,,
620200,2050.3,0.000006,,,,,,,,
620300,2050.6,0.000005,,,,,,,,
620400,2051.0,0.000006,,,,,,,,
620500,2051.3,0.000006,,,,,,,,
620600,2051.6,0.000006,,,,,,,,
620700,2051.9,0.000006,,,,,,,,
620800,2052.1,0.000006,,,,,,,,
620900,2052.4,0.000006,,,,,,,,
621000,2052.8,0.000006,,,,,,,,
621100,2053.1,0.000006,,,,,,,,
621200,2053.4,0.000006,,,,,,,,
621300,2053.8,0.000006,,,,,,,,
621400,2054.1,0.000006,,,,,,,,
621500,2054.5,0.000006,,,,,,,,
621600,2054.8,0.000007,,,,,,,,
621700,2055.1,0.000006,,,,,,,,
621800,2055.5,0.000005,,,,,,,,
621900,2055.8,0.000008,,,,,,,,
622000,2056.1,0.000006,,,,,,,,
622100,2056.5,0.000006,,,,,,,,
622200,2056.8,0.000006,,,,,,,,
622300,2057.1,0.000007,,,,,,,,
622400,2057.4,0.000007,,,,,,,,
622500,2057.7,0.000007,,,,,,,,
622600,2058.1,0.000005,,,,,,,,
622700,2058.3,0.000006,,,,,,,,
622800,2058.6,0.000006,,,,,,,,
622900,2059.0,0.000007,,,,,,,,
623000,2059.3,0.000006,,,,,,,,
623100,2059.5,0.000006,,,,,,,,
623200,2059.9,0.000007,,,,,,,,
623300,2060.2,0.000005,,,,,,,,
623400,2060.5,0.000007,,,,,,,,
623500,2060.8,0.000006,,,,,,,,
623600,2061.1,0.000007,,,,,,,,
623700,2061.4,0.000005,,,,,,,,
623800,2061.7,0.000006,,,,,,,,
623900,2062.0,0.000005,,,,,,,,
624000,2062.3,0.000006,,,,,,,,
624100,2062.6,0.000005,,,,,,,,
624200,2062.9,0.000006,,,,,,,,
624300,2063.2,0.000006,,,,,,,,
624400,2063.6,0.000006,,,,,,,,
624500,2063.9,0.000006,,,,,,,,
624600,2064.3,0.000007,,,,,,,,
624700,2064.5,0.000007,,,,,,,,
624800,2064.8,0.000008,,,,,,,,
624900,2065.1,0.000007,,,,,,,,
625000,2066.6,0.000006,0.000006,1.139221e+00,1.919157e-01,1.556041e-01,0.000000,9.728603e-01,1.759438e-01,1.454698e-01
625100,2066.8,0.000006,,,,,,,,
625200,2067.1,0.000006,,,,,,,,
625300,2067.3,0.000007,,,,,,,,
625400,2067.6,0.000006,,,,,,,,
625500,2067.9,0.000005,,,,,,,,
625600,2068.2,0.000006,,,,,,,,
625700,2068.5,0.000005,,,,,,,,
625800,2068.7,0.000006,,,,,,,,
625900,2069.1,0.000007,,,,,,,,
626000,2069.4,0.000005,,,,,,,,
626100,2069.6,0.000005,,,,,,,,
626200,2069.9,0.000006,,,,,,,,
626300,2070.2,0.000006,,,,,,,,
626400,2070.4,0.000006,,,,,,,,
626500,2070.7,0.000007,,,,,,,,
626600,2071.1,0.000005,,,,,,,,
626700,2071.3,0.000006,,,,,,,,
626800,2071.6,0.000005,,,,,,,,
626900,2071.9,0.000006,,,,,,,,
627000,2072.2,0.000005,,,,,,,,
627100,2072.5,0.000006,,,,,,,,
627200,2072.8,0.000007,,,,,,,,
627300,2073.1,0.000005,,,,,,,,
627400,2073.4,0.000007,,,,,,,,
627500,2073.7,0.000007,,,,,,,,
627600,2074.0,0.000005,,,,,,,,
627700,2074.3,0.000006,,,,,,,,
627800,2074.6,0.000006,,,,,,,,
627900,2074.9,0.000006,,,,,,,,
628000,2075.1,0.000006,,,,,,,,
628100,2075.4,0.000007,,,,,,,,
628200,2075.7,0.000005,,,,,,,,
628300,2076.0,0.000006,,,,,,,,
628400,2076.3,0.000006,,,,,,,,
628500,2076.5,0.000006,,,,,,,,
628600,2076.8,0.000006,,,,,,,,
628700,2077.0,0.000006,,,,,,,,
628800,2077.3,0.000006,,,,,,,,
628900,2077.6,0.000005,,,,,,,,
629000,2077.9,0.000007,,,,,,,,
629100,2078.2,0.000007,,,,,,,,
629200,2078.5,0.000006,,,,,,,,
629300,2078.8,0.000005,,,,,,,,
629400,2079.1,0.000006,,,,,,,,
629500,2079.4,0.000005,,,,,,,,
629600,2079.7,0.000007,,,,,,,,
629700,2080.0,0.000006,,,,,,,,
629800,2080.3,0.000006,,,,,,,,
629900,2080.6,0.000006,,,,,,,,
630000,2082.1,0.000005,0.000006,1.150218e+00,1.894146e-01,1.531913e-01,0.000000,9.837131e-01,1.738615e-01,1.431063e-01
630100,2082.4,0.000007,,,,,,,,
630200,2082.7,0.000006,,,,,,,,
630300,2082.9,0.000005,,,,,,,,
630400,2083.2,0.000005,,,,,,,,
630500,2083.6,0.000006,,,,,,,,
630600,2083.9,0.000007,,,,,,,,
630700,2084.2,0.000006,,,,,,,,
630800,2084.5,0.000005,,,,,,,,
630900,2084.8,0.000006,,,,,,,,
631000,2085.1,0.000006,,,,,,,,
631100,2085.3,0.000007,,,,,,,,
631200,2085.6,0.000005,,,,,,,,
631300,2086.0,0.000005,,,,,,,,
631400,2086.3,0.000007,,,,,,,,
631500,2086.7,0.000005,,,,,,,,
631600,2086.9,0.000006,,,,,,,,
631700,2087.2,0.000006,,,,,,,,
631800,2087.5,0.000006,,,,,,,,
631900,2087.8,0.000006,,,,,,,,
632000,2088.1,0.000006,,,,,,,,
632100,2088.5,0.000006,,,,,,,,
632200,2088.8,0.000005,,,,,,,,
632300,2089.1,0.000006,,,,,,,,
632400,2089.4,0.000006,,,,,,,,
632500,2089.7,0.000006,,,,,,,,
632600,2090.0,0.000007,,,,,,,,
632700,2090.3,0.000005,,,,,,,,
632800,2090.6,0.000006,,,,,,,,
632900,2090.9,0.000006,,,,,,,,
633000,2091.2,0.000007,,,,,,,,
633100,2091.5,0.000006,,,,,,,,
633200,2091.8,0.000005,,,,,,,,
633300,2092.2,0.000005,,,,,,,,
633400,2092.5,0.000005,,,,,,,,
633500,2092.9,0.000005,,,,,,,,
633600,2093.2,0.000005,,,,,,,,
633700,2093.5,0.000006,,,,,,,,
633800,2093.9,0.000006,,,,,,,,
633900,2094.2,0.000006,,,,,,,,
634000,2094.6,0.000007,,,,,,,,
634100,2094.9,0.000007,,,,,,,,
634200,2095.2,0.000005,,,,,,,,
634300,2095.5,0.000006,,,,,,,,
634400,2095.8,0.000005,,,,,,,,
634500,2096.1,0.000006,,,,,,,,
634600,2096.4,0.000007,,,,,,,,
634700,2096.7,0.000006,,,,,,,,
634800,2097.0,0.000005,,,,,,,,
634900,2097.4,0.000007,,,,,,,,
635000,2098.8,0.000007,0.000006,1.182876e+00,1.906086e-01,1.553664e-01,0.000000,1.016420e+00,1.746353e-01,1.454700e-01
635100,2099.0,0.000006,,,,,,,,
635200,2099.3,0.000006,,,,,,,,
635300,2099.6,0.000006,,,,,,,,
635400,2099.9,0.000006,,,,,,,,
635500,2100.2,0.000006,,,,,,,,
635600,2100.5,0.000006,,,,,,,,
635700,2100.9,0.000006,,,,,,,,
635800,2101.2,0.000006,,,,,,,,
635900,2101.5,0.000005,,,,,,,,
636000,2101.9,0.000007,,,,,,,,
636100,2102.2,0.000007,,,,,,,,
636200,2102.5,0.000006,,,,,,,,
636300,2102.8,0.000007,,,,,,,,
636400,2103.1,0.000005,,,,,,,,
636500,2103.4,0.000006,,,,,,,,
636600,2103.7,0.000007,,,,,,,,
636700,2104.0,0.000006,,,,,,,,
636800,2104.4,0.000007,,,,,,,,
636900,2104.7,0.000006,,,,,,,,
637000,2105.0,0.000007,,,,,,,,
637100,2105.3,0.000005,,,,,,,,
637200,2105.6,0.000006,,,,,,,,
637300,2105.9,0.000005,,,,,,,,
637400,2106.2,0.000005,,,,,,,,
637500,2106.5,0.000006,,,,,,,,
637600,2106.9,0.000006,,,,,,,,
637700,2107.1,0.000006,,,,,,,,
637800,2107.4,0.000007,,,,,,,,
637900,2107.7,0.000006,,,,,,,,
638000,2108.0,0.000006,,,,,,,,
638100,2108.3,0.000006,,,,,,,,
638200,2108.7,0.000007,,,,,,,,
638300,2109.0,0.000005,,,,,,,,
638400,2109.3,0.000007,,,,,,,,
638500,2109.7,0.000007,,,,,,,,
638600,2110.0,0.000005,,,,,,,,
638700,2110.4,0.000007,,,,,,,,
638800,2110.7,0.000006,,,,,,,,
638900,2111.0,0.000005,,,,,,,,
639000,2111.4,0.000005,,,,,,,,
639100,2111.7,0.000007,,,,,,,,
639200,2112.0,0.000006,,,,,,,,
639300,2112.3,0.000006,,,,,,,,
639400,2112.6,0.000006,,,,,,,,
639500,2112.9,0.000006,,,,,,,,
639600,2113.2,0.000006,,,,,,,,
639700,2113.5,0.000005,,,,,,,,
639800,2113.9,0.000006,,,,,,,,
639900,2114.1,0.000006,,,,,,,,
640000,2115.6,0.000006,0.000006,1.111324e+00,1.893977e-01,1.537079e-01,0.000000,9.449520e-01,1.734994e-01,1.444119e-01
640100,2115.9,0.000006,,,,,,,,
640200,2116.1,0.000007,,,,,,,,
640300,2116.5,0.000006,,,,,,,,
640400,2116.8,0.000007,,,,,,,,
640500,2117.0,0.000006,,,,,,,,
640600,2117.3,0.000006,,,,,,,,
640700,2117.7,0.000006,,,,,,,,
640800,2117.9,0.000005,,,,,,,,
640900,2118.2,0.000006,,,,,,,,
641000,2118.6,0.000006,,,,,,,,
641100,2118.9,0.000006,,,,,,,,
641200,2119.2,0.000005,,,,,,,,
641300,2119.5,0.000006,,,,,,,,
641400,2119.8,0.000008,,,,,,,,
641500,2120.2,0.000007,,,,,,,,
641600,2120.5,0.000006,,,,,,,,
641700,2120.8,0.000006,,,,,,,,
641800,2121.2,0.000006,,,,,,,,
641900,2121.5,0.000006,,,,,,,,
642000,2121.9,0.000006,,,,,,,,
642100,2122.2,0.000006,,,,,,,,
642200,2122.5,0.000006,,,,,,,,
642300,2122.8,0.000005,,,,,,,,
642400,2123.1,0.000007,,,,,,,,
642500,2123.4,0.000005,,,,,,,,
642600,2123.8,0.000005,,,,,,,,
642700,2124.1,0.000007,,,,,,,,
642800,2124.4,0.000005,,,,,,,,
642900,2124.7,0.000006,,,,,,,,
643000,2125.0,0.000005,,,,,,,,
643100,2125.3,0.000007,,,,,,,,
643200,2125.6,0.000005,,,,,,,,
643300,2125.8,0.000007,,,,,,,,
643400,2126.2,0.000006,,,,,,,,
643500,2126.5,0.000006,,,,,,,,
643600,2126.8,0.000005,,,,,,,,
643700,2127.2,0.000005,,,,,,,,
643800,2127.5,0.000006,,,,,,,,
643900,2127.8,0.000006,,,,,,,,
644000,2128.1,0.000007,,,,,,,,
644100,2128.4,0.000007,,,,,,,,
644200,2128.7,0.000005,,,,,,,,
644300,2129.0,0.000006,,,,,,,,
644400,2129.2,0.000007,,,,,,,,
644500,2129.5,0.000006,,,,,,,,
644600,2129.9,0.000005,,,,,,,,
644700,2130.1,0.000005,,,,,,,,
644800,2130.4,0.000005,,,,,,,,
644900,2130.8,0.000006,,,,,,,,
645000,2132.3,0.000006,0.000006,1.092727e+00,1.934826e-01,1.576896e-01,0.000000,9.264240e-01,1.779692e-01,1.480520e-01
645100,2132.5,0.000007,,,,,,,,
645200,2132.8,0.000007,,,,,,,,
645300,2133.1,0.000007,,,,,,,,
645400,2133.4,0.000006,,,,,,,,
645500,2133.7,0.000005,,,,,,,,
645600,2134.0,0.000006,,,,,,,,
645700,2134.4,0.000006,,,,,,,,
645800,2134.6,0.000006,,,,,,,,
645900,2134.9,0.000006,,,,,,,,
646000,2135.2,0.000006,,,,,,,,
646100,2135.5,0.000007,,,,,,,,
646200,2135.8,0.000006,,,,,,,,
646300,2136.0,0.000004,,,,,,,,
646400,2136.4,0.000005,,,,,,,,
646500,2136.6,0.000007,,,,,,,,
646600,2136.9,0.000006,,,,,,,,
646700,2137.3,0.000005,,,,,,,,
646800,2137.6,0.000006,,,,,,,,
646900,2137.8,0.000006,,,,,,,,
647000,2138.2,0.000005,,,,,,,,
647100,2138.5,0.000006,,,,,,,,
647200,2138.7,0.000006,,,,,,,,
647300,2139.0,0.000006,,,,,,,,
647400,2139.3,0.000006,,,,,,,,
647500,2139.6,0.000007,,,,,,,,
647600,2139.9,0.000006,,,,,,,,
647700,2140.2,0.000006,,,,,,,,
647800,2140.5,0.000006,,,,,,,,
647900,2140.8,0.000007,,,,,,,,
648000,2141.1,0.000006,,,,,,,,
648100,2141.4,0.000005,,,,,,,,
648200,2141.7,0.000006,,,,,,,,
648300,2142.0,0.000006,,,,,,,,
648400,2142.4,0.000006,,,,,,,,
648500,2142.7,0.000006,,,,,,,,
648600,2143.0,0.000006,,,,,,,,
648700,2143.3,0.000006,,,,,,,,
648800,2143.6,0.000007,,,,,,,,
648900,2143.9,0.000006,,,,,,,,
649000,2144.2,0.000006,,,,,,,,
649100,2144.5,0.000007,,,,,,,,
649200,2144.7,0.000006,,,,,,,,
649300,2145.1,0.000005,,,,,,,,
649400,2145.3,0.000006,,,,,,,,
649500,2145.6,0.000005,,,,,,,,
649600,2145.9,0.000007,,,,,,,,
649700,2146.2,0.000005,,,,,,,,
649800,2146.5,0.000005,,,,,,,,
649900,2146.8,0.000007,,,,,,,,
650000,2148.2,0.000005,0.000006,1.132366e+00,1.897466e-01,1.539633e-01,0.000000,9.662609e-01,1.739336e-01,1.433850e-01
650100,2148.4,0.000006,,,,,,,,
650200,2148.7,0.000006,,,,,,,,
650300,2149.0,0.000005,,,,,,,,
650400,2149.3,0.000005,,,,,,,,
650500,2149.7,0.000006,,,,,,,,
650600,2150.0,0.000006,,,,,,,,
650700,2150.3,0.000006,,,,,,,,
650800,2150.5,0.000006,,,,,,,,
650900,2150.8,0.000006,,,,,,,,
651000,2151.1,0.000005,,,,,,,,
651100,2151.5,0.000006,,,,,,,,
651200,2151.8,0.000005,,,,,,,,
651300,2152.2,0.000006,,,,,,,,
651400,2152.5,0.000005,,,,,,,,
651500,2152.8,0.000007,,,,,,,,
651600,2153.2,0.000006,,,,,,,,
651700,2153.5,0.000005,,,,,,,,
651800,2153.7,0.000005,,,,,,,,
651900,2154.1,0.000006,,,,,,,,
652000,2154.3,0.000007,,,,,,,,
652100,2154.6,0.000007,,,,,,,,
652200,2155.0,0.000008,,,,,,,,
652300,2155.3,0.000006,,,,,,,,
652400,2155.7,0.000006,,,,,,,,
652500,2156.0,0.000006,,,,,,,,
652600,2156.3,0.000006,,,,,,,,
652700,2156.7,0.000006,,,,,,,,
652800,2157.0,0.000008,,,,,,,,
652900,2157.4,0.000006,,,,,,,,
653000,2157.7,0.000006,,,,,,,,
653100,2158.0,0.000006,,,,,,,,
653200,2158.4,0.000006,,,,,,,,
653300,2158.6,0.000006,,,,,,,,
653400,2158.9,0.000005,,,,,,,,
653500,2159.2,0.000006,,,,,,,,
653600,2159.5,0.000006,,,,,,,,
653700,2159.8,0.000006,,,,,,,,
653800,2160.2,0.000006,,,,,,,,
653900,2160.4,0.000005,,,,,,,,
654000,2160.7,0.000006,,,,,,,,
654100,2161.0,0.000006,,,,,,,,
654200,2161.3,0.000008,,,,,,,,
654300,2161.6,0.000005,,,,,,,,
654400,2161.9,0.000006,,,,,,,,
654500,2162.2,0.000006,,,,,,,,
654600,2162.5,0.000005,,,,,,,,
654700,2162.9,0.000005,,,,,,,,
654800,2163.2,0.000007,,,,,,,,
654900,2163.6,0.000006,,,,,,,,
655000,2165.1,0.000007,0.000006,1.171539e+00,1.941923e-01,1.598550e-01,0.000000,1.005304e+00,1.788123e-01,1.498210e-01
655100,2165.3,0.000005,,,,,,,,
655200,2165.6,0.000005,,,,,,,,
655300,2165.9,0.000006,,,,,,,,
655400,2166.1,0.000006,,,,,,,,
655500,2166.5,0.000007,,,,,,,,
655600,2166.7,0.000005,,,,,,,,
655700,2167.0,0.000006,,,,,,,,
655800,2167.3,0.000006,,,,,,,,
655900,2167.5,0.000007,,,,,,,,
656000,2167.8,0.000006,,,,,,,,
656100,2168.0,0.000006,,,,,,,,
656200,2168.4,0.000007,,,,,,,,
656300,2168.7,0.000005,,,,,,,,
656400,2168.9,0.000007,,,,,,,,
656500,2169.2,0.000006,,,,,,,,
656600,2169.5,0.000004,,,,,,,,
656700,2169.8,0.000006,,,,,,,,
656800,2170.1,0.000005,,,,,,,,
656900,2170.3,0.000006,,,,,,,,
657000,2170.6,0.000005,,,,,,,,
657100,2170.8,0.000005,,,,,,,,
657200,2171.2,0.000007,,,,,,,,
657300,2171.5,0.000006,,,,,,,,
657400,2171.8,0.000007,,,,,,,,
657500,2172.1,0.000006,,,,,,,,
657600,2172.4,0.000006,,,,,,,,
657700,2172.6,0.000006,,,,,,,,
657800,2172.9,0.000006,,,,,,,,
657900,2173.2,0.000007,,,,,,,,
658000,2173.5,0.000005,,,,,,,,
658100,2173.9,0.000006,,,,,,,,
658200,2174.1,0.000005,,,,,,,,
658300,2174.4,0.000006,,,,,,,,
658400,2174.7,0.000005,,,,,,,,
658500,2175.0,0.000006,,,,,,,,
658600,2175.3,0.000006,,,,,,,,
658700,2175.6,0.000006,,,,,,,,
658800,2175.8,0.000006,,,,,,,,
658900,2176.1,0.000006,,,,,,,,
659000,2176.4,0.000007,,,,,,,,
659100,2176.7,0.000006,,,,,,,,
659200,2177.0,0.000007,,,,,,,,
659300,2177.3,0.000006,,,,,,,,
659400,2177.5,0.000006,,,,,,,,
659500,2177.8,0.000007,,,,,,,,
659600,2178.1,0.000006,,,,,,,,
659700,2178.4,0.000006,,,,,,,,
659800,2178.7,0.000007,,,,,,,,
659900,2178.9,0.000007,,,,,,,,
660000,2180.4,0.000005,0.000006,1.029950e+00,1.883176e-01,1.512036e-01,0.000000,8.469524e-01,1.723645e-01,1.402454e-01
660100,2180.6,0.000005,,,,,,,,
660200,2180.9,0.000005,,,,,,,,
660300,2181.2,0.000006,,,,,,,,
660400,2181.5,0.000006,,,,,,,,
660500,2181.8,0.000005,,,,,,,,
660600,2182.1,0.000007,,,,,,,,
660700,2182.4,0.000006,,,,,,,,
660800,2182.8,0.000007,,,,,,,,
660900,2183.1,0.000006,,,,,,,,
661000,2183.5,0.000006,,,,,,,,
661100,2183.8,0.000005,,,,,,,,
661200,2184.1,0.000006,,,,,,,,
661300,2184.5,0.000005,,,,,,,,
661400,2184.8,0.000005,,,,,,,,
661500,2185.2,0.000006,,,,,,,,
661600,2185.4,0.000006,,,,,,,,
661700,2185.7,0.000006,,,,,,,,
661800,2186.1,0.000006,,,,,,,,
661900,2186.3,0.000008,,,,,,,,
662000,2186.6,0.000007,,,,,,,,
662100,2186.9,0.000005,,,,,,,,
662200,2187.2,0.000006,,,,,,,,
662300,2187.5,0.000006,,,,,,,,
662400,2187.8,0.000005,,,,,,,,
662500,2188.1,0.000005,,,,,,,,
662600,2188.4,0.000007,,,,,,,,
662700,2188.8,0.000007,,,,,,,,
662800,2189.1,0.000007,,,,,,,,
662900,2189.5,0.000006,,,,,,,,
663000,2189.7,0.000006,,,,,,,,
663100,2190.0,0.000006,,,,,,,,
663200,2190.3,0.000006,,,,,,,,
663300,2190.6,0.000006,,,,,,,,
663400,2190.9,0.000005,,,,,,,,
663500,2191.3,0.000006,,,,,,,,
663600,2191.6,0.000005,,,,,,,,
663700,2192.0,0.000006,,,,,,,,
663800,2192.3,0.000007,,,,,,,,
663900,2192.6,0.000006,,,,,,,,
664000,2193.0,0.000007,,,,,,,,
664100,2193.3,0.000006,,,,,,,,
664200,2193.6,0.000005,,,,,,,,
664300,2194.0,0.000006,,,,,,,,
664400,2194.2,0.000006,,,,,,,,
664500,2194.6,0.000005,,,,,,,,
664600,2194.8,0.000005,,,,,,,,
664700,2195.1,0.000006,,,,,,,,
664800,2195.5,0.000007,,,,,,,,
664900,2195.8,0.000005,,,,,,,,
665000,2197.3,0.000006,0.000006,1.053680e+00,1.883776e-01,1.529724e-01,0.000000,8.874950e-01,1.728219e-01,1.424725e-01
665100,2197.6,0.000006,,,,,,,,
665200,2197.8,0.000006,,,,,,,,
665300,2198.1,0.000006,,,,,,,,
665400,2198.4,0.000006,,,,,,,,
665500,2198.7,0.000007,,,,,,,,
665600,2199.0,0.000006,,,,,,,,
665700,2199.3,0.000006,,,,,,,,
665800,2199.6,0.000006,,,,,,,,
665900,2200.0,0.000005,,,,,,,,
666000,2200.2,0.000007,,,,,,,,
666100,2200.5,0.000006,,,,,,,,
666200,2200.9,0.000005,,,,,,,,
666300,2201.2,0.000005,,,,,,,,
666400,2201.6,0.000006,,,,,,,,
666500,2201.8,0.000006,,,,,,,,
666600,2202.1,0.000005,,,,,,,,
666700,2202.5,0.000006,,,,,,,,
666800,2202.8,0.000006,,,,,,,,
666900,2203.1,0.000006,,,,,,,,
667000,2203.5,0.000006,,,,,,,,
667100,2203.8,0.000006,,,,,,,,
667200,2204.2,0.000006,,,,,,,,
667300,2204.5,0.000006,,,,,,,,
667400,2204.8,0.000005,,,,,,,,
667500,2205.1,0.000006,,,,,,,,
667600,2205.4,0.000006,,,,,,,,
667700,2205.7,0.000007,,,,,,,,
667800,2206.0,0.000006,,,,,,,,
667900,2206.3,0.000006,,,,,,,,
668000,2206.6,0.000006,,,,,,,,
668100,2207.0,0.000005,,,,,,,,
668200,2207.3,0.000006,,,,,,,,
668300,2207.7,0.000007,,,,,,,,
668400,2207.9,0.000007,,,,,,,,
668500,2208.2,0.000005,,,,,,,,
668600,2208.6,0.000005,,,,,,,,
668700,2208.8,0.000007,,,,,,,,
668800,2209.1,0.000005,,,,,,,,
668900,2209.5,0.000005,,,,,,,,
669000,2209.7,0.000006,,,,,,,,
669100,2210.0,0.000005,,,,,,,,
669200,2210.3,0.000005,,,,,,,,
669300,2210.6,0.000006,,,,,,,,
669400,2210.9,0.000006,,,,,,,,
669500,2211.3,0.000006,,,,,,,,
669600,2211.6,0.000006,,,,,,,,
669700,2211.9,0.000006,,,,,,,,
669800,2212.3,0.000006,,,,,,,,
669900,2212.5,0.000006,,,,,,,,
670000,2214.0,0.000006,0.000006,1.149352e+00,1.895374e-01,1.543897e-01,0.000000,9.832630e-01,1.738403e-01,1.439356e-01
670100,2214.3,0.000005,,,,,,,,
670200,2214.5,0.000006,,,,,,,,
670300,2214.9,0.000005,,,,,,,,
670400,2215.2,0.000007,,,,,,,,
670500,2215.5,0.000006,,,,,,,,
670600,2215.8,0.000006,,,,,,,,
670700,2216.0,0.000006,,,,,,,,
670800,2216.3,0.000006,,,,,,,,
670900,2216.7,0.000006,,,,,,,,
671000,2217.0,0.000006,,,,,,,,
671100,2217.4,0.000006,,,,,,,,
671200,2217.7,0.000007,,,,,,,,
671300,2218.0,0.000006,,,,,,,,
671400,2218.3,0.000006,,,,,,,,
671500,2218.6,0.000007,,,,,,,,
671600,2218.9,0.000007,,,,,,,,
671700,2219.3,0.000005,,,,,,,,
671800,2219.6,0.000005,,,,,,,,
671900,2219.9,0.000006,,,,,,,,
672000,2220.2,0.000005,,,,,,,,
672100,2220.5,0.000006,,,,,,,,
672200,2220.8,0.000007,,,,,,,,
672300,2221.1,0.000006,,,,,,,,
672400,2221.4,0.000006,,,,,,,,
672500,2221.7,0.000005,,,,,,,,
672600,2222.0,0.000006,,,,,,,,
672700,2222.3,0.000006,,,,,,,,
672800,2222.7,0.000005,,,,,,,,
672900,2223.0,0.000006,,,,,,,,
673000,2223.3,0.000006,,,,,,,,
673100,2223.7,0.000007,,,,,,,,
673200,2224.0,0.000006,,,,,,,,
673300,2224.3,0.000007,,,,,,,,
673400,2224.7,0.000006,,,,,,,,
673500,2225.0,0.000006,,,,,,,,
673600,2225.4,0.000006,,,,,,,,
673700,2225.7,0.000005,,,,,,,,
673800,2226.0,0.000007,,,,,,,,
673900,2226.4,0.000006,,,,,,,,
674000,2226.7,0.000007,,,,,,,,
674100,2227.0,0.000007,,,,,,,,
674200,2227.3,0.000006,,,,,,,,
674300,2227.6,0.000006,,,,,,,,
674400,2228.0,0.000006,,,,,,,,
674500,2228.3,0.000006,,,,,,,,
674600,2228.5,0.000005,,,,,,,,
674700,2228.8,0.000006,,,,,,,,
674800,2229.2,0.000006,,,,,,,,
674900,2229.5,0.000005,,,,,,,,
675000,2231.0,0.000007,0.000006,1.094684e+00,1.924159e-01,1.560454e-01,0.000000,9.285488e-01,1.767256e-01,1.471195e-01
675100,2231.2,0.000005,,,,,,,,
675200,2231.4,0.000006,,,,,,,,
675300,2231.8,0.000006,,,,,,,,
675400,2232.1,0.000007,,,,,,,,
675500,2232.4,0.000007,,,,,,,,
675600,2232.7,0.000006,,,,,,,,
675700,2233.0,0.000006,,,,,,,,
675800,2233.3,0.000006,,,,,,,,
675900,2233.6,0.000006,,,,,,,,
676000,2233.8,0.000007,,,,,,,,
676100,2234.1,0.000006,,,,,,,,
676200,2234.5,0.000006,,,,,,,,
676300,2234.7,0.000005,,,,,,,,
676400,2235.0,0.000006,,,,,,,,
676500,2235.4,0.000006,,,,,,,,
676600,2235.6,0.000006,,,,,,,,
676700,2235.9,0.000006,,,,,,,,
676800,2236.1,0.000006,,,,,,,,
676900,2236.5,0.000006,,,,,,,,
677000,2236.7,0.000006,,,,,,,,
677100,2237.0,0.000006,,,,,,,,
677200,2237.3,0.000006,,,,,,,,
677300,2237.5,0.000006,,,,,,,,
677400,2237.8,0.000006,,,,,,,,
677500,2238.1,0.000005,,,,,,,,
677600,2238.4,0.000006,,,,,,,,
677700,2238.6,0.000006,,,,,,,,
677800,2238.9,0.000005,,,,,,,,
677900,2239.2,0.000006,,,,,,,,
678000,2239.5,0.000006,,,,,,,,
678100,2239.7,0.000006,,,,,,,,
678200,2240.1,0.000006,,,,,,,,
678300,2240.4,0.000006,,,,,,,,
678400,2240.7,0.000005,,,,,,,,
678500,2241.0,0.000005,,,,,,,,
678600,2241.2,0.000006,,,,,,,,
678700,2241.5,0.000006,,,,,,,,
678800,2241.8,0.000005,,,,,,,,
678900,2242.1,0.000006,,,,,,,,
679000,2242.4,0.000006,,,,,,,,
679100,2242.8,0.000006,,,,,,,,
679200,2243.0,0.000005,,,,,,,,
679300,2243.3,0.000006,,,,,,,,
679400,2243.7,0.000007,,,,,,,,
679500,2243.9,0.000006,,,,,,,,
679600,2244.2,0.000006,,,,,,,,
679700,2244.6,0.000005,,,,,,,,
679800,2244.9,0.000006,,,,,,,,
679900,2245.2,0.000006,,,,,,,,
680000,2246.8,0.000007,0.000006,1.129959e+00,1.887617e-01,1.534611e-01,0.000000,9.638843e-01,1.732267e-01,1.427472e-01
680100,2247.0,0.000006,,,,,,,,
680200,2247.3,0.000006,,,,,,,,
680300,2247.6,0.000005,,,,,,,,
680400,2247.9,0.000006,,,,,,,,
680500,2248.3,0.000006,,,,,,,,
680600,2248.6,0.000007,,,,,,,,
680700,2248.9,0.000005,,,,,,,,
680800,2249.2,0.000006,,,,,,,,
680900,2249.5,0.000007,,,,,,,,
681000,2249.8,0.000006,,,,,,,,
681100,2250.1,0.000007,,,,,,,,
681200,2250.4,0.000006,,,,,,,,
681300,2250.7,0.000006,,,,,,,,
681400,2251.0,0.000006,,,,,,,,
681500,2251.3,0.000006,,,,,,,,
681600,2251.6,0.000007,,,,,,,,
681700,2252.0,0.000006,,,,,,,,
681800,2252.2,0.000005,,,,,,,,
681900,2252.5,0.000005,,,,,,,,
682000,2252.8,0.000007,,,,,,,,
682100,2253.1,0.000006,,,,,,,,
682200,2253.4,0.000007,,,,,,,,
682300,2253.7,0.000005,,,,,,,,
682400,2254.0,0.000006,,,,,,,,
682500,2254.2,0.000006,,,,,,,,
682600,2254.6,0.000005,,,,,,,,
682700,2254.9,0.000005,,,,,,,,
682800,2255.2,0.000006,,,,,,,,
682900,2255.5,0.000006,,,,,,,,
683000,2255.8,0.000006,,,,,,,,
683100,2256.2,0.000006,,,,,,,,
683200,2256.5,0.000006,,,,,,,,
683300,2256.8,0.000005,,,,,,,,
683400,2257.0,0.000006,,,,,,,,
683500,2257.3,0.000007,,,,,,,,
683600,2257.6,0.000006,,,,,,,,
683700,2257.9,0.000006,,,,,,,,
683800,2258.2,0.000005,,,,,,,,
683900,2258.5,0.000005,,,,,,,,
684000,2258.7,0.000006,,,,,,,,
684100,2259.1,0.000006,,,,,,,,
684200,2259.4,0.000006,,,,,,,,
684300,2259.7,0.000005,,,,,,,,
684400,2260.0,0.000005,,,,,,,,
684500,2260.3,0.000005,,,,,,,,
684600,2260.6,0.000005,,,,,,,,
684700,2260.9,0.000006,,,,,,,,
684800,2261.2,0.000006,,,,,,,,
684900,2261.5,0.000006,,,,,,,,
685000,2263.0,0.000007,0.000006,1.086662e+00,1.879955e-01,1.526694e-01,0.000000,9.205913e-01,1.723574e-01,1.428743e-01
685100,2263.3,0.000006,,,,,,,,
685200,2263.5,0.000006,,,,,,,,
685300,2263.8,0.000006,,,,,,,,
685400,2264.1,0.000007,,,,,,,,
685500,2264.5,0.000005,,,,,,,,
685600,2264.8,0.000005,,,,,,,,
685700,2265.1,0.000006,,,,,,,,
685800,2265.4,0.000005,,,,,,,,
685900,2265.7,0.000006,,,,,,,,
686000,2266.1,0.000006,,,,,,,,
686100,2266.4,0.000007,,,,,,,,
686200,2266.7,0.000006,,,,,,,,
686300,2267.0,0.000006,,,,,,,,
686400,2267.3,0.000006,,,,,,,,
686500,2267.7,0.000007,,,,,,,,
686600,2268.0,0.000005,,,,,,,,
686700,2268.3,0.000006,,,,,,,,
686800,2268.6,0.000006,,,,,,,,
686900,2268.9,0.000005,,,,,,,,
687000,2269.2,0.000006,,,,,,,,
687100,2269.6,0.000006,,,,,,,,
687200,2269.9,0.000006,,,,,,,,
687300,2270.3,0.000006,,,,,,,,
687400,2270.6,0.000006,,,,,,,,
687500,2270.9,0.000006,,,,,,,,
687600,2271.2,0.000006,,,,,,,,
687700,2271.5,0.000006,,,,,,,,
687800,2271.8,0.000006,,,,,,,,
687900,2272.0,0.000006,,,,,,,,
688000,2272.3,0.000007,,,,,,,,
688100,2272.6,0.000006,,,,,,,,
688200,2272.9,0.000007,,,,,,,,
688300,2273.3,0.000006,,,,,,,,
688400,2273.6,0.000005,,,,,,,,
688500,2273.9,0.000007,,,,,,,,
688600,2274.2,0.000006,,,,,,,,
688700,2274.5,0.000005,,,,,,,,
688800,2274.9,0.000006,,,,,,,,
688900,2275.2,0.000006,,,,,,,,
689000,2275.5,0.000007,,,,,,,,
689100,2275.9,0.000007,,,,,,,,
689200,2276.2,0.000006,,,,,,,,
689300,2276.6,0.000006,,,,,,,,
689400,2276.9,0.000006,,,,,,,,
689500,2277.2,0.000005,,,,,,,,
689600,2277.5,0.000005,,,,,,,,
689700,2277.8,0.000007,,,,,,,,
689800,2278.1,0.000006,,,,,,,,
689900,2278.4,0.000006,,,,,,,,
690000,2279.9,0.000006,0.000006,1.236930e+00,1.961305e-01,1.583122e-01,0.000000,1.070921e+00,1.808046e-01,1.490704e-01
690100,2280.1,0.000006,,,,,,,,
690200,2280.4,0.000006,,,,,,,,
690300,2280.7,0.000006,,,,,,,,
690400,2281.0,0.000007,,,,,,,,
690500,2281.3,0.000006,,,,,,,,
690600,2281.5,0.000006,,,,,,,,
690700,2281.9,0.000006,,,,,,,,
690800,2282.1,0.000007,,,,,,,,
690900,2282.4,0.000006,,,,,,,,
691000,2282.8,0.000007,,,,,,,,
691100,2283.0,0.000006,,,,,,,,
691200,2283.3,0.000006,,,,,,,,
691300,2283.7,0.000006,,,,,,,,
691400,2283.9,0.000005,,,,,,,,
691500,2284.2,0.000006,,,,,,,,
691600,2284.6,0.000006,,,,,,,,
691700,2284.9,0.000006,,,,,,,,
691800,2285.2,0.000006,,,,,,,,
691900,2285.6,0.000005,,,,,,,,
692000,2285.9,0.000006,,,,,,,,
692100,2286.3,0.000006,,,,,,,,
692200,2286.6,0.000007,,,,,,,,
692300,2286.9,0.000007,,,,,,,,
692400,2287.2,0.000005,,,,,,,,
692500,2287.5,0.000006,,,,,,,,
692600,2287.8,0.000006,,,,,,,,
692700,2288.1,0.000005,,,,,,,,
692800,2288.4,0.000007,,,,,,,,
692900,2288.7,0.000007,,,,,,,,
693000,2289.1,0.000006,,,,,,,,
693100,2289.4,0.000007,,,,,,,,
693200,2289.8,0.000006,,,,,,,,
693300,2290.0,0.000005,,,,,,,,
693400,2290.3,0.000006,,,,,,,,
693500,2290.6,0.000006,,,,,,,,
693600,2290.9,0.000005,,,,,,,,
693700,2291.1,0.000006,,,,,,,,
693800,2291.4,0.000006,,,,,,,,
693900,2291.8,0.000005,,,,,,,,
694000,2292.0,0.000006,,,,,,,,
694100,2292.3,0.000007,,,,,,,,
694200,2292.7,0.000006,,,,,,,,
694300,2293.0,0.000006,,,,,,,,
694400,2293.2,0.000006,,,,,,,,
694500,2293.5,0.000006,,,,,,,,
694600,2293.8,0.000005,,,,,,,,
694700,2294.1,0.000005,,,,,,,,
694800,2294.5,0.000005,,,,,,,,
694900,2294.8,0.000006,,,,,,,,
695000,2296.4,0.000006,0.000006,1.102344e+00,1.897871e-01,1.533463e-01,0.000000,9.363994e-01,1.739649e-01,1.430625e-01
695100,2296.6,0.000006,,,,,,,,
695200,2296.8,0.000005,,,,,,,,
695300,2297.2,0.000005,,,,,,,,
695400,2297.5,0.000005,,,,,,,,
695500,2297.8,0.000005,,,,,,,,
695600,2298.1,0.000005,,,,,,,,
695700,2298.3,0.000006,,,,,,,,
695800,2298.6,0.000005,,,,,,,,
695900,2298.9,0.000006,,,,,,,,
696000,2299.2,0.000006,,,,,,,,
696100,2299.5,0.000005,,,,,,,,
696200,2299.8,0.000005,,,,,,,,
696300,2300.1,0.000005,,,,,,,,
696400,2300.4,0.000008,,,,,,,,
696500,2300.7,0.000007,,,,,,,,
696600,2300.9,0.000006,,,,,,,,
696700,2301.2,0.000006,,,,,,,,
696800,2301.5,0.000005,,,,,,,,
696900,2301.8,0.000005,,,,,,,,
697000,2302.0,0.000005,,,,,,,,
697100,2302.3,0.000005,,,,,,,,
697200,2302.6,0.000006,,,,,,,,
697300,2302.9,0.000006,,,,,,,,
697400,2303.2,0.000005,,,,,,,,
697500,2303.5,0.000006,,,,,,,,
697600,2303.7,0.000005,,,,,,,,
697700,2304.0,0.000007,,,,,,,,
697800,2304.3,0.000006,,,,,,,,
697900,2304.6,0.000006,,,,,,,,
698000,2304.9,0.000007,,,,,,,,
698100,2305.1,0.000005,,,,,,,,
698200,2305.4,0.000007,,,,,,,,
698300,2305.7,0.000006,,,,,,,,
698400,2306.0,0.000007,,,,,,,,
698500,2306.3,0.000004,,,,,,,,
698600,2306.6,0.000006,,,,,,,,
698700,2306.9,0.000005,,,,,,,,
698800,2307.2,0.000006,,,,,,,,
698900,2307.5,0.000006,,,,,,,,
699000,2307.9,0.000005,,,,,,,,
699100,2308.2,0.000006,,,,,,,,
699200,2308.4,0.000006,,,,,,,,
699300,2308.7,0.000006,,,,,,,,
699400,2309.0,0.000006,,,,,,,,
699500,2309.2,0.000006,,,,,,,,
699600,2309.5,0.000005,,,,,,,,
699700,2309.9,0.000006,,,,,,,,
699800,2310.1,0.000006,,,,,,,,
699900,2310.4,0.000005,,,,,,,,
700000,2311.8,0.000006,0.000006,1.086864e+00,1.877307e-01,1.524669e-01,0.000000,9.209194e-01,1.719119e-01,1.419360e-01
700100,2312.1,0.000006,,,,,,,,
700200,2312.3,0.000005,,,,,,,,
700300,2312.7,0.000005,,,,,,,,
700400,2313.0,0.000006,,,,,,,,
700500,2313.3,0.000006,,,,,,,,
700600,2313.6,0.000007,,,,,,,,
700700,2313.9,0.000005,,,,,,,,
700800,2314.2,0.000006,,,,,,,,
700900,2314.6,0.000006,,,,,,,,
701000,2314.9,0.000006,,,,,,,,
701100,2315.3,0.000005,,,,,,,,
701200,2315.6,0.000006,,,,,,,,
701300,2315.9,0.000005,,,,,,,,
701400,2316.3,0.000006,,,,,,,,
701500,2316.5,0.000006,,,,,,,,
701600,2316.9,0.000006,,,,,,,,
701700,2317.2,0.000006,,,,,,,,
701800,2317.5,0.000005,,,,,,,,
701900,2317.8,0.000006,,,,,,,,
702000,2318.1,0.000007,,,,,,,,
702100,2318.4,0.000005,,,,,,,,
702200,2318.8,0.000006,,,,,,,,
702300,2319.1,0.000006,,,,,,,,
702400,2319.4,0.000007,,,,,,,,
702500,2319.7,0.000006,,,,,,,,
702600,2320.0,0.000006,,,,,,,,
702700,2320.3,0.000006,,,,,,,,
702800,2320.6,0.000006,,,,,,,,
702900,2320.9,0.000007,,,,,,,,
703000,2321.2,0.000007,,,,,,,,
703100,2321.6,0.000006,,,,,,,,
703200,2321.9,0.000007,,,,,,,,
703300,2322.3,0.000005,,,,,,,,
703400,2322.6,0.000006,,,,,,,,
703500,2322.9,0.000007,,,,,,,,
703600,2323.3,0.000006,,,,,,,,
703700,2323.5,0.000006,,,,,,,,
703800,2323.8,0.000006,,,,,,,,
703900,2324.2,0.000006,,,,,,,,
704000,2324.5,0.000006,,,,,,,,
704100,2324.8,0.000006,,,,,,,,
704200,2325.2,0.000006,,,,,,,,
704300,2325.5,0.000006,,,,,,,,
704400,2325.8,0.000007,,,,,,,,
704500,2326.1,0.000005,,,,,,,,
704600,2326.3,0.000006,,,,,,,,
704700,2326.7,0.000005,,,,,,,,
704800,2326.9,0.000005,,,,,,,,
704900,2327.2,0.000005,,,,,,,,
705000,2328.7,0.000006,0.000006,1.065517e+00,1.871986e-01,1.512653e-01,0.000000,8.995991e-01,1.713597e-01,1.408927e-01
705100,2328.9,0.000006,,,,,,,,
705200,2329.1,0.000005,,,,,,,,
705300,2329.5,0.000006,,,,,,,,
705400,2329.7,0.000006,,,,,,,,
705500,2330.0,0.000007,,,,,,,,
705600,2330.3,0.000005,,,,,,,,
705700,2330.6,0.000006,,,,,,,,
705800,2330.9,0.000005,,,,,,,,
705900,2331.2,0.000005,,,,,,,,
706000,2331.5,0.000006,,,,,,,,
706100,2331.8,0.000006,,,,,,,,
706200,2332.1,0.000006,,,,,,,,
706300,2332.4,0.000005,,,,,,,,
706400,2332.6,0.000005,,,,,,,,
706500,2332.9,0.000006,,,,,,,,
706600,2333.2,0.000007,,,,,,,,
706700,2333.5,0.000006,,,,,,,,
706800,2333.8,0.000006,,,,,,,,
706900,2334.1,0.000007,,,,,,,,
707000,2334.4,0.000006,,,,,,,,
707100,2334.7,0.000006,,,,,,,,
707200,2335.0,0.000007,,,,,,,,
707300,2335.3,0.000006,,,,,,,,
707400,2335.6,0.000006,,,,,,,,
707500,2336.0,0.000005,,,,,,,,
707600,2336.3,0.000005,,,,,,,,
707700,2336.6,0.000005,,,,,,,,
707800,2337.0,0.000006,,,,,,,,
707900,2337.2,0.000006,,,,,,,,
708000,2337.5,0.000005,,,,,,,,
708100,2337.9,0.000005,,,,,,,,
708200,2338.2,0.000005,,,,,,,,
708300,2338.5,0.000006,,,,,,,,
708400,2338.8,0.000006,,,,,,,,
708500,2339.1,0.000005,,,,,,,,
708600,2339.4,0.000007,,,,,,,,
708700,2339.8,0.000007,,,,,,,,
708800,2340.1,0.000005,,,,,,,,
708900,2340.4,0.000006,,,,,,,,
709000,2340.7,0.000006,,,,,,,,
709100,2341.0,0.000006,,,,,,,,
709200,2341.4,0.000007,,,,,,,,
709300,2341.7,0.000006,,,,,,,,
709400,2341.9,0.000005,,,,,,,,
709500,2342.3,0.000006,,,,,,,,
709600,2342.6,0.000006,,,,,,,,
709700,2342.9,0.000008,,,,,,,,
709800,2343.3,0.000005,,,,,,,,
709900,2343.6,0.000006,,,,,,,,
710000,2345.2,0.000005,0.000006,1.078536e+00,1.875907e-01,1.527231e-01,0.000000,9.126530e-01,1.718940e-01,1.430264e-01
710100,2345.4,0.000006,,,,,,,,
710200,2345.7,0.000006,,,,,,,,
710300,2346.0,0.000006,,,,,,,,
710400,2346.3,0.000006,,,,,,,,
710500,2346.7,0.000005,,,,,,,,
710600,2347.0,0.000008,,,,,,,,
710700,2347.3,0.000006,,,,,,,,
710800,2347.6,0.000006,,,,,,,,
710900,2347.8,0.000007,,,,,,,,
711000,2348.1,0.000006,,,,,,,,
711100,2348.4,0.000005,,,,,,,,
711200,2348.7,0.000006,,,,,,,,
711300,2349.0,0.000006,,,,,,,,
711400,2349.4,0.000006,,,,,,,,
711500,2349.7,0.000006,,,,,,,,
711600,2349.9,0.000006,,,,,,,,
711700,2350.3,0.000005,,,,,,,,
711800,2350.6,0.000005,,,,,,,,
711900,2350.9,0.000005,,,,,,,,
712000,2351.2,0.000006,,,,,,,,
712100,2351.5,0.000005,,,,,,,,
712200,2351.8,0.000007,,,,,,,,
712300,2352.2,0.000007,,,,,,,,
712400,2352.5,0.000006,,,,,,,,
712500,2352.8,0.000006,,,,,,,,
712600,2353.1,0.000006,,,,,,,,
712700,2353.4,0.000006,,,,,,,,
712800,2353.7,0.000007,,,,,,,,
712900,2354.0,0.000005,,,,,,,,
713000,2354.3,0.000006,,,,,,,,
713100,2354.7,0.000007,,,,,,,,
713200,2355.0,0.000006,,,,,,,,
713300,2355.3,0.000006,,,,,,,,
713400,2355.7,0.000006,,,,,,,,
713500,2356.0,0.000006,,,,,,,,
713600,2356.3,0.000005,,,,,,,,
713700,2356.7,0.000006,,,,,,,,
713800,2357.0,0.000006,,,,,,,,
713900,2357.3,0.000005,,,,,,,,
714000,2357.6,0.000006,,,,,,,,
714100,2357.9,0.000005,,,,,,,,
714200,2358.2,0.000006,,,,,,,,
714300,2358.5,0.000006,,,,,,,,
714400,2358.8,0.000006,,,,,,,,
714500,2359.0,0.000006,,,,,,,,
714600,2359.4,0.000007,,,,,,,,
714700,2359.7,0.000005,,,,,,,,
714800,2360.0,0.000006,,,,,,,,
714900,2360.4,0.000006,,,,,,,,
715000,2361.8,0.000005,0.000006,1.116916e+00,1.874252e-01,1.525381e-01,0.000000,9.510937e-01,1.715749e-01,1.418442e-01
715100,2362.1,0.000006,,,,,,,,
715200,2362.5,0.000006,,,,,,,,
715300,2362.8,0.000006,,,,,,,,
715400,2363.0,0.000006,,,,,,,,
715500,2363.3,0.000006,,,,,,,,
715600,2363.7,0.000004,,,,,,,,
715700,2364.0,0.000006,,,,,,,,
715800,2364.4,0.000007,,,,,,,,
715900,2364.7,0.000006,,,,,,,,
716000,2365.0,0.000006,,,,,,,,
716100,2365.3,0.000006,,,,,,,,
716200,2365.6,0.000006,,,,,,,,
716300,2365.9,0.000007,,,,,,,,
716400,2366.2,0.000006,,,,,,,,
716500,2366.4,0.000006,,,,,,,,
716600,2366.7,0.000005,,,,,,,,
716700,2367.1,0.000006,,,,,,,,
716800,2367.3,0.000007,,,,,,,,
716900,2367.6,0.000005,,,,,,,,
717000,2368.0,0.000006,,,,,,,,
717100,2368.3,0.000005,,,,,,,,
717200,2368.6,0.000005,,,,,,,,
717300,2369.0,0.000007,,,,,,,,
717400,2369.3,0.000006,,,,,,,,
717500,2369.7,0.000006,,,,,,,,
717600,2370.0,0.000005,,,,,,,,
717700,2370.3,0.000006,,,,,,,,
717800,2370.6,0.000005,,,,,,,,
717900,2370.9,0.000006,,,,,,,,
718000,2371.2,0.000006,,,,,,,,
718100,2371.5,0.000006,,,,,,,,
718200,2371.7,0.000005,,,,,,,,
718300,2372.0,0.000006,,,,,,,,
718400,2372.4,0.000006,,,,,,,,
718500,2372.6,0.000006,,,,,,,,
718600,2372.9,0.000006,,,,,,,,
718700,2373.3,0.000006,,,,,,,,
718800,2373.6,0.000006,,,,,,,,
718900,2373.9,0.000005,,,,,,,,
719000,2374.1,0.000007,,,,,,,,
719100,2374.5,0.000006,,,,,,,,
719200,2374.8,0.000006,,,,,,,,
719300,2375.2,0.000006,,,,,,,,
719400,2375.5,0.000005,,,,,,,,
719500,2375.8,0.000006,,,,,,,,
719600,2376.1,0.000006,,,,,,,,
719700,2376.4,0.000007,,,,,,,,
719800,2376.7,0.000006,,,,,,,,
719900,2377.0,0.000006,,,,,,,,
720000,2378.5,0.000008,0.000006,1.070294e+00,1.895152e-01,1.550950e-01,0.000000,8.794231e-01,1.739821e-01,1.448371e-01
720100,2378.7,0.000006,,,,,,,,
720200,2379.0,0.000007,,,,,,,,
720300,2379.3,0.000006,,,,,,,,
720400,2379.7,0.000005,,,,,,,,
720500,2379.9,0.000006,,,,,,,,
720600,2380.2,0.000006,,,,,,,,
720700,2380.6,0.000006,,,,,,,,
720800,2380.9,0.000005,,,,,,,,
720900,2381.2,0.000005,,,,,,,,
721000,2381.5,0.000006,,,,,,,,
721100,2381.8,0.000005,,,,,,,,
721200,2382.2,0.000006,,,,,,,,
721300,2382.5,0.000006,,,,,,,,
721400,2382.8,0.000007,,,,,,,,
721500,2383.1,0.000005,,,,,,,,
721600,2383.4,0.000006,,,,,,,,
721700,2383.7,0.000006,,,,,,,,
721800,2383.9,0.000006,,,,,,,,
721900,2384.3,0.000006,,,,,,,,
722000,2384.6,0.000006,,,,,,,,
722100,2384.9,0.000006,,,,,,,,
722200,2385.2,0.000006,,,,,,,,
722300,2385.4,0.000006,,,,,,,,
722400,2385.7,0.000007,,,,,,,,
722500,2386.0,0.000005,,,,,,,,
722600,2386.3,0.000006,,,,,,,,
722700,2386.6,0.000006,,,,,,,,
722800,2386.9,0.000006,,,,,,,,
722900,2387.2,0.000006,,,,,,,,
723000,2387.5,0.000005,,,,,,,,
723100,2387.9,0.000006,,,,,,,,
723200,2388.2,0.000007,,,,,,,,
723300,2388.6,0.000006,,,,,,,,
723400,2388.9,0.000006,,,,,,,,
723500,2389.2,0.000006,,,,,,,,
723600,2389.6,0.000005,,,,,,,,
723700,2389.9,0.000007,,,,,,,,
723800,2390.2,0.000007,,,,,,,,
723900,2390.6,0.000005,,,,,,,,
724000,2390.9,0.000005,,,,,,,,
724100,2391.3,0.000006,,,,,,,,
724200,2391.6,0.000006,,,,,,,,
724300,2391.9,0.000006,,,,,,,,
724400,2392.2,0.000006,,,,,,,,
724500,2392.5,0.000006,,,,,,,,
724600,2392.8,0.000007,,,,,,,,
724700,2393.2,0.000006,,,,,,,,
724800,2393.4,0.000006,,,,,,,,
724900,2393.7,0.000005,,,,,,,,
725000,2395.2,0.000006,0.000006,1.119621e+00,1.868452e-01,1.515964e-01,0.000000,9.538936e-01,1.711643e-01,1.411240e-01
725100,2395.4,0.000005,,,,,,,,
725200,2395.6,0.000006,,,,,,,,
725300,2396.0,0.000006,,,,,,,,
725400,2396.3,0.000005,,,,,,,,
725500,2396.6,0.000006,,,,,,,,
725600,2396.9,0.000006,,,,,,,,
725700,2397.2,0.000006,,,,,,,,
725800,2397.5,0.000006,,,,,,,,
725900,2397.8,0.000006,,,,,,,,
726000,2398.1,0.000005,,,,,,,,
726100,2398.5,0.000006,,,,,,,,
726200,2398.8,0.000006,,,,,,,,
726300,2399.0,0.000005,,,,,,,,
726400,2399.3,0.000007,,,,,,,,
726500,2399.6,0.000005,,,,,,,,
726600,2399.9,0.000007,,,,,,,,
726700,2400.3,0.000007,,,,,,,,
726800,2400.6,0.000005,,,,,,,,
726900,2400.9,0.000006,,,,,,,,
727000,2401.2,0.000005,,,,,,,,
727100,2401.5,0.000006,,,,,,,,
727200,2401.7,0.000005,,,,,,,,
727300,2402.0,0.000006,,,,,,,,
727400,2402.3,0.000006,,,,,,,,
727500,2402.6,0.000005,,,,,,,,
727600,2402.9,0.000006,,,,,,,,
727700,2403.2,0.000006,,,,,,,,
727800,2403.5,0.000006,,,,,,,,
727900,2403.9,0.000006,,,,,,,,
728000,2404.2,0.000005,,,,,,,,
728100,2404.4,0.000007,,,,,,,,
728200,2404.8,0.000005,,,,,,,,
728300,2405.1,0.000006,,,,,,,,
728400,2405.4,0.000006,,,,,,,,
728500,2405.7,0.000005,,,,,,,,
728600,2406.0,0.000006,,,,,,,,
728700,2406.3,0.000006,,,,,,,,
728800,2406.6,0.000006,,,,,,,,
728900,2406.9,0.000006,,,,,,,,
729000,2407.1,0.000006,,,,,,,,
729100,2407.5,0.000006,,,,,,,,
729200,2407.8,0.000005,,,,,,,,
729300,2408.2,0.000007,,,,,,,,
729400,2408.5,0.000006,,,,,,,,
729500,2408.8,0.000006,,,,,,,,
729600,2409.1,0.000005,,,,,,,,
729700,2409.4,0.000006,,,,,,,,
729800,2409.8,0.000006,,,,,,,,
729900,2410.0,0.000006,,,,,,,,
730000,2411.5,0.000005,0.000006,1.136604e+00,1.883543e-01,1.516603e-01,0.000000,9.708500e-01,1.724014e-01,1.407784e-01
730100,2411.8,0.000005,,,,,,,,
730200,2412.0,0.000005,,,,,,,,
730300,2412.3,0.000006,,,,,,,,
730400,2412.7,0.000006,,,,,,,,
730500,2413.0,0.000006,,,,,,,,
730600,2413.4,0.000005,,,,,,,,
730700,2413.7,0.000005,,,,,,,,
730800,2414.0,0.000006,,,,,,,,
730900,2414.4,0.000006,,,,,,,,
731000,2414.7,0.000006,,,,,,,,
731100,2415.0,0.000006,,,,,,,,
731200,2415.4,0.000006,,,,,,,,
731300,2415.7,0.000006,,,,,,,,
731400,2416.0,0.000006,,,,,,,,
731500,2416.3,0.000005,,,,,,,,
731600,2416.6,0.000006,,,,,,,,
731700,2416.9,0.000007,,,,,,,,
731800,2417.1,0.000005,,,,,,,,
731900,2417.4,0.000007,,,,,,,,
732000,2417.8,0.000005,,,,,,,,
732100,2418.1,0.000006,,,,,,,,
732200,2418.4,0.000006,,,,,,,,
732300,2418.7,0.000006,,,,,,,,
732400,2419.0,0.000007,,,,,,,,
732500,2419.3,0.000005,,,,,,,,
732600,2419.7,0.000006,,,,,,,,
732700,2419.9,0.000006,,,,,,,,
732800,2420.2,0.000006,,,,,,,,
732900,2420.6,0.000006,,,,,,,,
733000,2420.8,0.000006,,,,,,,,
733100,2421.1,0.000006,,,,,,,,
733200,2421.5,0.000006,,,,,,,,
733300,2421.7,0.000007,,,,,,,,
733400,2422.0,0.000005,,,,,,,,
733500,2422.3,0.000006,,,,,,,,
733600,2422.6,0.000007,,,,,,,,
733700,2422.8,0.000006,,,,,,,,
733800,2423.2,0.000005,,,,,,,,
733900,2423.5,0.000006,,,,,,,,
734000,2423.7,0.000006,,,,,,,,
734100,2424.0,0.000005,,,,,,,,
734200,2424.3,0.000005,,,,,,,,
734300,2424.6,0.000005,,,,,,,,
734400,2424.9,0.000006,,,,,,,,
734500,2425.3,0.000006,,,,,,,,
734600,2425.6,0.000006,,,,,,,,
734700,2426.0,0.000006,,,,,,,,
734800,2426.2,0.000006,,,,,,,,
734900,2426.5,0.000006,,,,,,,,
735000,2428.1,0.000005,0.000006,1.083221e+00,1.874000e-01,1.519219e-01,0.000000,9.174747e-01,1.716203e-01,1.420228e-01
735100,2428.3,0.000005,,,,,,,,
735200,2428.5,0.000006,,,,,,,,
735300,2428.8,0.000007,,,,,,,,
735400,2429.1,0.000007,,,,,,,,
735500,2429.3,0.000006,,,,,,,,
735600,2429.6,0.000006,,,,,,,,
735700,2430.0,0.000005,,,,,,,,
735800,2430.3,0.000007,,,,,,,,
735900,2430.7,0.000006,,,,,,,,
736000,2431.0,0.000006,,,,,,,,
736100,2431.3,0.000006,,,,,,,,
736200,2431.6,0.000005,,,,,,,,
736300,2431.8,0.000006,,,,,,,,
736400,2432.1,0.000005,,,,,,,,
736500,2432.4,0.000006,,,,,,,,
736600,2432.7,0.000005,,,,,,,,
736700,2433.0,0.000005,,,,,,,,
736800,2433.4,0.000005,,,,,,,,
736900,2433.7,0.000006,,,,,,,,
737000,2434.0,0.000005,,,,,,,,
737100,2434.4,0.000006,,,,,,,,
737200,2434.6,0.000006,,,,,,,,
737300,2434.9,0.000005,,,,,,,,
737400,2435.2,0.000006,,,,,,,,
737500,2435.5,0.000006,,,,,,,,
737600,2435.8,0.000005,,,,,,,,
737700,2436.2,0.000005,,,,,,,,
737800,2436.5,0.000005,,,,,,,,
737900,2436.8,0.000005,,,,,,,,
738000,2437.1,0.000007,,,,,,,,
738100,2437.4,0.000006,,,,,,,,
738200,2437.8,0.000006,,,,,,,,
738300,2438.1,0.000005,,,,,,,,
738400,2438.3,0.000006,,,,,,,,
738500,2438.6,0.000007,,,,,,,,
738600,2438.9,0.000007,,,,,,,,
738700,2439.2,0.000006,,,,,,,,
738800,2439.6,0.000005,,,,,,,,
738900,2439.9,0.000007,,,,,,,,
739000,2440.1,0.000006,,,,,,,,
739100,2440.5,0.000006,,,,,,,,
739200,2440.8,0.000006,,,,,,,,
739300,2441.1,0.000005,,,,,,,,
739400,2441.5,0.000007,,,,,,,,
739500,2441.7,0.000006,,,,,,,,
739600,2442.0,0.000006,,,,,,,,
739700,2442.4,0.000006,,,,,,,,
739800,2442.6,0.000006,,,,,,,,
739900,2442.9,0.000005,,,,,,,,
740000,2444.5,0.000006,0.000006,1.121688e+00,1.873027e-01,1.530999e-01,0.000000,9.559688e-01,1.717333e-01,1.428390e-01
740100,2444.7,0.000005,,,,,,,,
740200,2444.9,0.000006,,,,,,,,
740300,2445.3,0.000006,,,,,,,,
740400,2445.6,0.000006,,,,,,,,
740500,2446.0,0.000005,,,,,,,,
740600,2446.3,0.000006,,,,,,,,
740700,2446.6,0.000006,,,,,,,,
740800,2447.0,0.000005,,,,,,,,
740900,2447.3,0.000006,,,,,,,,
741000,2447.7,0.000005,,,,,,,,
741100,2448.0,0.000005,,,,,,,,
741200,2448.3,0.000005,,,,,,,,
741300,2448.7,0.000006,,,,,,,,
741400,2448.9,0.000005,,,,,,,,
741500,2449.2,0.000006,,,,,,,,
741600,2449.6,0.000005,,,,,,,,
741700,2449.9,0.000007,,,,,,,,
741800,2450.2,0.000005,,,,,,,,
741900,2450.6,0.000005,,,,,,,,
742000,2450.9,0.000005,,,,,,,,
742100,2451.2,0.000005,,,,,,,,
742200,2451.5,0.000006,,,,,,,,
742300,2451.7,0.000006,,,,,,,,
742400,2452.0,0.000006,,,,,,,,
742500,2452.3,0.000005,,,,,,,,
742600,2452.6,0.000006,,,,,,,,
742700,2452.9,0.000006,,,,,,,,
742800,2453.2,0.000006,,,,,,,,
742900,2453.5,0.000006,,,,,,,,
743000,2453.8,0.000005,,,,,,,,
743100,2454.2,0.000005,,,,,,,,
743200,2454.4,0.000005,,,,,,,,
743300,2454.7,0.000006,,,,,,,,
743400,2455.1,0.000005,,,,,,,,
743500,2455.4,0.000006,,,,,,,,
743600,2455.7,0.000005,,,,,,,,
743700,2456.1,0.000006,,,,,,,,
743800,2456.3,0.000005,,,,,,,,
743900,2456.6,0.000006,,,,,,,,
744000,2456.9,0.000006,,,,,,,,
744100,2457.2,0.000006,,,,,,,,
744200,2457.4,0.000006,,,,,,,,
744300,2457.7,0.000005,,,,,,,,
744400,2458.0,0.000006,,,,,,,,
744500,2458.3,0.000006,,,,,,,,
744600,2458.6,0.000006,,,,,,,,
744700,2458.9,0.000005,,,,,,,,
744800,2459.2,0.000005,,,,,,,,
744900,2459.6,0.000006,,,,,,,,
745000,2461.1,0.000006,0.000006,1.113448e+00,1.866849e-01,1.516890e-01,0.000000,9.477024e-01,1.709679e-01,1.414404e-01
745100,2461.3,0.000006,,,,,,,,
745200,2461.6,0.000007,,,,,,,,
745300,2461.9,0.000006,,,,,,,,
745400,2462.3,0.000005,,,,,,,,
745500,2462.6,0.000006,,,,,,,,
745600,2462.9,0.000005,,,,,,,,
745700,2463.3,0.000007,,,,,,,,
745800,2463.6,0.000006,,,,,,,,
745900,2464.0,0.000006,,,,,,,,
746000,2464.3,0.000005,,,,,,,,
746100,2464.6,0.000005,,,,,,,,
746200,2465.0,0.000006,,,,,,,,
746300,2465.3,0.000006,,,,,,,,
746400,2465.7,0.000007,,,,,,,,
746500,2465.9,0.000006,,,,,,,,
746600,2466.2,0.000006,,,,,,,,
746700,2466.6,0.000007,,,,,,,,
746800,2466.9,0.000006,,,,,,,,
746900,2467.2,0.000005,,,,,,,,
747000,2467.5,0.000006,,,,,,,,
747100,2467.8,0.000006,,,,,,,,
747200,2468.2,0.000006,,,,,,,,
747300,2468.4,0.000006,,,,,,,,
747400,2468.7,0.000006,,,,,,,,
747500,2469.0,0.000005,,,,,,,,
747600,2469.3,0.000006,,,,,,,,
747700,2469.5,0.000006,,,,,,,,
747800,2469.9,0.000006,,,,,,,,
747900,2470.1,0.000005,,,,,,,,
748000,2470.4,0.000006,,,,,,,,
748100,2470.7,0.000005,,,,,,,,
748200,2471.0,0.000006,,,,,,,,
748300,2471.3,0.000007,,,,,,,,
748400,2471.7,0.000006,,,,,,,,
748500,2472.0,0.000006,,,,,,,,
748600,2472.2,0.000005,,,,,,,,
748700,2472.6,0.000005,,,,,,,,
748800,2472.9,0.000006,,,,,,,,
748900,2473.2,0.000005,,,,,,,,
749000,2473.6,0.000006,,,,,,,,
749100,2473.9,0.000005,,,,,,,,
749200,2474.3,0.000005,,,,,,,,
749300,2474.6,0.000005,,,,,,,,
749400,2474.9,0.000006,,,,,,,,
749500,2475.2,0.000007,,,,,,,,
749600,2475.5,0.000005,,,,,,,,
749700,2475.9,0.000007,,,,,,,,
749800,2476.2,0.000007,,,,,,,,
749900,2476.5,0.000006,,,,,,,,
750000,2478.0,0.000006,0.000006,1.071639e+00,1.872676e-01,1.522501e-01,0.000000,9.059467e-01,1.715478e-01,1.424089e-01
750100,2478.2,0.000006,,,,,,,,
750200,2478.5,0.000005,,,,,,,,
750300,2478.8,0.000005,,,,,,,,
750400,2479.1,0.000006,,,,,,,,
750500,2479.5,0.000006,,,,,,,,
750600,2479.8,0.000006,,,,,,,,
750700,2480.1,0.000005,,,,,,,,
750800,2480.4,0.000005,,,,,,,,
750900,2480.7,0.000006,,,,,,,,
751000,2481.0,0.000006,,,,,,,,
751100,2481.4,0.000005,,,,,,,,
751200,2481.7,0.000006,,,,,,,,
751300,2481.9,0.000006,,,,,,,,
751400,2482.3,0.000006,,,,,,,,
751500,2482.6,0.000006,,,,,,,,
751600,2482.9,0.000006,,,,,,,,
751700,2483.2,0.000007,,,,,,,,
751800,2483.5,0.000006,,,,,,,,
751900,2483.9,0.000005,,,,,,,,
752000,2484.2,0.000007,,,,,,,,
752100,2484.5,0.000007,,,,,,,,
752200,2484.8,0.000005,,,,,,,,
752300,2485.1,0.000005,,,,,,,,
752400,2485.3,0.000006,,,,,,,,
752500,2485.7,0.000006,,,,,,,,
752600,2486.0,0.000007,,,,,,,,
752700,2486.3,0.000006,,,,,,,,
752800,2486.7,0.000005,,,,,,,,
752900,2487.0,0.000005,,,,,,,,
753000,2487.2,0.000006,,,,,,,,
753100,2487.6,0.000006,,,,,,,,
753200,2487.9,0.000005,,,,,,,,
753300,2488.2,0.000005,,,,,,,,
753400,2488.5,0.000005,,,,,,,,
753500,2488.8,0.000006,,,,,,,,
753600,2489.2,0.000007,,,,,,,,
753700,2489.5,0.000007,,,,,,,,
753800,2489.8,0.000005,,,,,,,,
753900,2490.2,0.000005,,,,,,,,
754000,2490.5,0.000006,,,,,,,,
754100,2490.7,0.000006,,,,,,,,
754200,2491.0,0.000006,,,,,,,,
754300,2491.4,0.000006,,,,,,,,
754400,2491.7,0.000006,,,,,,,,
754500,2492.0,0.000006,,,,,,,,
754600,2492.3,0.000006,,,,,,,,
754700,2492.6,0.000007,,,,,,,,
754800,2493.0,0.000006,,,,,,,,
754900,2493.3,0.000005,,,,,,,,
755000,2494.7,0.000005,0.000006,1.126918e+00,1.877366e-01,1.534814e-01,0.000000,9.612598e-01,1.721846e-01,1.424692e-01
755100,2495.0,0.000007,,,,,,,,
755200,2495.2,0.000005,,,,,,,,
755300,2495.6,0.000005,,,,,,,,
755400,2495.9,0.000005,,,,,,,,
755500,2496.2,0.000006,,,,,,,,
755600,2496.5,0.000005,,,,,,,,
755700,2496.7,0.000006,,,,,,,,
755800,2497.0,0.000005,,,,,,,,
755900,2497.4,0.000004,,,,,,,,
756000,2497.7,0.000005,,,,,,,,
756100,2497.9,0.000006,,,,,,,,
756200,2498.3,0.000006,,,,,,,,
756300,2498.6,0.000006,,,,,,,,
756400,2498.9,0.000005,,,,,,,,
756500,2499.2,0.000006,,,,,,,,
756600,2499.5,0.000005,,,,,,,,
756700,2499.8,0.000006,,,,,,,,
756800,2500.1,0.000005,,,,,,,,
756900,2500.4,0.000005,,,,,,,,
757000,2500.7,0.000006,,,,,,,,
757100,2501.0,0.000005,,,,,,,,
757200,2501.3,0.000007,,,,,,,,
757300,2501.6,0.000005,,,,,,,,
757400,2501.9,0.000006,,,,,,,,
757500,2502.2,0.000006,,,,,,,,
757600,2502.5,0.000005,,,,,,,,
757700,2502.9,0.000006,,,,,,,,
757800,2503.2,0.000007,,,,,,,,
757900,2503.5,0.000005,,,,,,,,
758000,2503.9,0.000005,,,,,,,,
758100,2504.1,0.000005,,,,,,,,
758200,2504.4,0.000005,,,,,,,,
758300,2504.7,0.000007,,,,,,,,
758400,2505.0,0.000005,,,,,,,,
758500,2505.3,0.000005,,,,,,,,
758600,2505.6,0.000006,,,,,,,,
758700,2505.9,0.000007,,,,,,,,
758800,2506.2,0.000007,,,,,,,,
758900,2506.5,0.000006,,,,,,,,
759000,2506.8,0.000007,,,,,,,,
759100,2507.1,0.000005,,,,,,,,
759200,2507.4,0.000006,,,,,,,,
759300,2507.7,0.000006,,,,,,,,
759400,2508.0,0.000006,,,,,,,,
759500,2508.3,0.000006,,,,,,,,
759600,2508.6,0.000007,,,,,,,,
759700,2509.0,0.000007,,,,,,,,
759800,2509.3,0.000006,,,,,,,,
759900,2509.6,0.000006,,,,,,,,
760000,2511.1,0.000006,0.000006,1.112659e+00,1.871924e-01,1.529288e-01,0.000000,9.469814e-01,1.715941e-01,1.425810e-01
760100,2511.3,0.000005,,,,,,,,
760200,2511.5,0.000005,,,,,,,,
760300,2511.9,0.000005,,,,,,,,
760400,2512.2,0.000005,,,,,,,,
760500,2512.5,0.000006,,,,,,,,
760600,2512.8,0.000006,,,,,,,,
760700,2513.1,0.000006,,,,,,,,
760800,2513.3,0.000008,,,,,,,,
760900,2513.6,0.000005,,,,,,,,
761000,2513.9,0.000005,,,,,,,,
761100,2514.2,0.000006,,,,,,,,
761200,2514.6,0.000006,,,,,,,,
761300,2514.8,0.000006,,,,,,,,
761400,2515.2,0.000005,,,,,,,,
761500,2515.5,0.000006,,,,,,,,
761600,2515.8,0.000006,,,,,,,,
761700,2516.1,0.000006,,,,,,,,
761800,2516.4,0.000005,,,,,,,,
761900,2516.7,0.000007,,,,,,,,
762000,2517.0,0.000006,,,,,,,,
762100,2517.3,0.000005,,,,,,,,
762200,2517.6,0.000005,,,,,,,,
762300,2517.9,0.000005,,,,,,,,
762400,2518.2,0.000006,,,,,,,,
762500,2518.5,0.000007,,,,,,,,
762600,2518.8,0.000006,,,,,,,,
762700,2519.0,0.000006,,,,,,,,
762800,2519.3,0.000005,,,,,,,,
762900,2519.7,0.000005,,,,,,,,
763000,2520.0,0.000005,,,,,,,,
763100,2520.3,0.000006,,,,,,,,
763200,2520.6,0.000006,,,,,,,,
763300,2520.9,0.000006,,,,,,,,
763400,2521.2,0.000006,,,,,,,,
763500,2521.5,0.000005,,,,,,,,
763600,2521.8,0.000006,,,,,,,,
763700,2522.1,0.000007,,,,,,,,
763800,2522.4,0.000006,,,,,,,,
763900,2522.7,0.000006,,,,,,,,
764000,2523.0,0.000005,,,,,,,,
764100,2523.3,0.000006,,,,,,,,
764200,2523.5,0.000006,,,,,,,,
764300,2523.8,0.000006,,,,,,,,
764400,2524.2,0.000007,,,,,,,,
764500,2524.5,0.000005,,,,,,,,
764600,2524.8,0.000006,,,,,,,,
764700,2525.1,0.000004,,,,,,,,
764800,2525.3,0.000006,,,,,,,,
764900,2525.6,0.000006,,,,,,,,
765000,2527.2,0.000006,0.000006,1.099220e+00,1.868520e-01,1.524578e-01,0.000000,9.335346e-01,1.710705e-01,1.416695e-01
765100,2527.4,0.000005,,,,,,,,
765200,2527.6,0.000006,,,,,,,,
765300,2527.9,0.000007,,,,,,,,
765400,2528.2,0.000006,,,,,,,,
765500,2528.5,0.000005,,,,,,,,
765600,2528.9,0.000005,,,,,,,,
765700,2529.2,0.000005,,,,,,,,
765800,2529.6,0.000005,,,,,,,,
765900,2529.9,0.000005,,,,,,,,
766000,2530.2,0.000005,,,,,,,,
766100,2530.6,0.000006,,,,,,,,
766200,2530.8,0.000006,,,,,,,,
766300,2531.1,0.000005,,,,,,,,
766400,2531.5,0.000006,,,,,,,,
766500,2531.8,0.000006,,,,,,,,
766600,2532.1,0.000005,,,,,,,,
766700,2532.5,0.000007,,,,,,,,
766800,2532.7,0.000005,,,,,,,,
766900,2533.1,0.000006,,,,,,,,
767000,2533.4,0.000005,,,,,,,,
767100,2533.7,0.000005,,,,,,,,
767200,2534.0,0.000006,,,,,,,,
767300,2534.3,0.000005,,,,,,,,
767400,2534.5,0.000007,,,,,,,,
767500,2534.9,0.000006,,,,,,,,
767600,2535.2,0.000005,,,,,,,,
767700,2535.5,0.000006,,,,,,,,
767800,2535.8,0.000006,,,,,,,,
767900,2536.1,0.000006,,,,,,,,
768000,2536.4,0.000006,,,,,,,,
768100,2536.7,0.000005,,,,,,,,
768200,2536.9,0.000006,,,,,,,,
768300,2537.2,0.000006,,,,,,,,
768400,2537.6,0.000006,,,,,,,,
768500,2537.9,0.000005,,,,,,,,
768600,2538.1,0.000006,,,,,,,,
768700,2538.5,0.000006,,,,,,,,
768800,2538.7,0.000006,,,,,,,,
768900,2539.0,0.000006,,,,,,,,
769000,2539.4,0.000006,,,,,,,,
769100,2539.7,0.000007,,,,,,,,
769200,2540.0,0.000006,,,,,,,,
769300,2540.3,0.000005,,,,,,,,
769400,2540.6,0.000006,,,,,,,,
769500,2540.9,0.000006,,,,,,,,
769600,2541.2,0.000007,,,,,,,,
769700,2541.5,0.000005,,,,,,,,
769800,2541.8,0.000006,,,,,,,,
769900,2542.2,0.000005,,,,,,,,
770000,2543.6,0.000006,0.000006,1.100459e+00,1.862022e-01,1.508959e-01,0.000000,9.347439e-01,1.703796e-01,1.402428e-01
770100,2543.8,0.000006,,,,,,,,
770200,2544.1,0.000006,,,,,,,,
770300,2544.4,0.000006,,,,,,,,
770400,2544.8,0.000006,,,,,,,,
770500,2545.1,0.000006,,,,,,,,
770600,2545.3,0.000006,,,,,,,,
770700,2545.6,0.000006,,,,,,,,
770800,2545.9,0.000007,,,,,,,,
770900,2546.1,0.000006,,,,,,,,
771000,2546.4,0.000006,,,,,,,,
771100,2546.7,0.000006,,,,,,,,
771200,2547.0,0.000006,,,,,,,,
771300,2547.2,0.000005,,,,,,,,
771400,2547.5,0.000006,,,,,,,,
771500,2547.8,0.000005,,,,,,,,
771600,2548.1,0.000005,,,,,,,,
771700,2548.3,0.000005,,,,,,,,
771800,2548.6,0.000007,,,,,,,,
771900,2548.9,0.000006,,,,,,,,
772000,2549.2,0.000006,,,,,,,,
772100,2549.4,0.000006,,,,,,,,
772200,2549.7,0.000005,,,,,,,,
772300,2550.0,0.000005,,,,,,,,
772400,2550.3,0.000005,,,,,,,,
772500,2550.6,0.000006,,,,,,,,
772600,2550.9,0.000006,,,,,,,,
772700,2551.2,0.000006,,,,,,,,
772800,2551.5,0.000006,,,,,,,,
772900,2551.8,0.000005,,,,,,,,
773000,2552.1,0.000006,,,,,,,,
773100,2552.4,0.000006,,,,,,,,
773200,2552.6,0.000006,,,,,,,,
773300,2552.9,0.000006,,,,,,,,
773400,2553.2,0.000005,,,,,,,,
773500,2553.5,0.000006,,,,,,,,
773600,2553.8,0.000006,,,,,,,,
773700,2554.0,0.000005,,,,,,,,
773800,2554.3,0.000005,,,,,,,,
773900,2554.6,0.000006,,,,,,,,
774000,2554.8,0.000006,,,,,,,,
774100,2555.2,0.000007,,,,,,,,
774200,2555.5,0.000007,,,,,,,,
774300,2555.8,0.000006,,,,,,,,
774400,2556.1,0.000006,,,,,,,,
774500,2556.3,0.000006,,,,,,,,
774600,2556.6,0.000006,,,,,,,,
774700,2556.9,0.000006,,,,,,,,
774800,2557.1,0.000006,,,,,,,,
774900,2557.4,0.000006,,,,,,,,
775000,2558.9,0.000006,0.000006,1.110824e+00,1.866239e-01,1.516079e-01,0.000000,9.451084e-01,1.707464e-01,1.407924e-01
775100,2559.1,0.000006,,,,,,,,
775200,2559.4,0.000005,,,,,,,,
775300,2559.7,0.000007,,,,,,,,
775400,2560.0,0.000005,,,,,,,,
775500,2560.3,0.000006,,,,,,,,
775600,2560.6,0.000005,,,,,,,,
775700,2560.9,0.000006,,,,,,,,
775800,2561.3,0.000006,,,,,,,,
775900,2561.6,0.000006,,,,,,,,
776000,2561.9,0.000006,,,,,,,,
776100,2562.2,0.000006,,,,,,,,
776200,2562.5,0.000006,,,,,,,,
776300,2562.8,0.000005,,,,,,,,
776400,2563.2,0.000005,,,,,,,,
776500,2563.4,0.000006,,,,,,,,
776600,2563.7,0.000006,,,,,,,,
776700,2564.1,0.000007,,,,,,,,
776800,2564.4,0.000005,,,,,,,,
776900,2564.7,0.000005,,,,,,,,
777000,2565.0,0.000007,,,,,,,,
777100,2565.3,0.000005,,,,,,,,
777200,2565.6,0.000005,,,,,,,,
777300,2565.9,0.000006,,,,,,,,
777400,2566.2,0.000005,,,,,,,,
777500,2566.4,0.000006,,,,,,,,
777600,2566.8,0.000006,,,,,,,,
777700,2567.1,0.000005,,,,,,,,
777800,2567.5,0.000005,,,,,,,,
777900,2567.8,0.000007,,,,,,,,
778000,2568.1,0.000006,,,,,,,,
778100,2568.4,0.000005,,,,,,,,
778200,2568.7,0.000005,,,,,,,,
778300,2569.0,0.000005,,,,,,,,
778400,2569.3,0.000006,,,,,,,,
778500,2569.6,0.000007,,,,,,,,
778600,2569.9,0.000005,,,,,,,,
778700,2570.3,0.000005,,,,,,,,
778800,2570.6,0.000007,,,,,,,,
778900,2571.0,0.000005,,,,,,,,
779000,2571.2,0.000006,,,,,,,,
779100,2571.5,0.000005,,,,,,,,
779200,2571.7,0.000006,,,,,,,,
779300,2572.1,0.000005,,,,,,,,
779400,2572.4,0.000006,,,,,,,,
779500,2572.8,0.000005,,,,,,,,
779600,2573.1,0.000006,,,,,,,,
779700,2573.4,0.000005,,,,,,,,
779800,2573.7,0.000005,,,,,,,,
779900,2574.0,0.000005,,,,,,,,
780000,2575.5,0.000006,0.000006,1.107372e+00,1.863134e-01,1.508943e-01,0.000000,9.416752e-01,1.704282e-01,1.404597e-01
780100,2575.8,0.000006,,,,,,,,
780200,2576.0,0.000006,,,,,,,,
780300,2576.3,0.000005,,,,,,,,
780400,2576.6,0.000007,,,,,,,,
780500,2576.9,0.000006,,,,,,,,
780600,2577.1,0.000005,,,,,,,,
780700,2577.5,0.000007,,,,,,,,
780800,2577.7,0.000006,,,,,,,,
780900,2578.0,0.000006,,,,,,,,
781000,2578.3,0.000006,,,,,,,,
781100,2578.6,0.000005,,,,,,,,
781200,2578.9,0.000005,,,,,,,,
781300,2579.3,0.000005,,,,,,,,
781400,2579.6,0.000005,,,,,,,,
781500,2579.9,0.000006,,,,,,,,
781600,2580.1,0.000006,,,,,,,,
781700,2580.4,0.000006,,,,,,,,
781800,2580.7,0.000007,,,,,,,,
781900,2580.9,0.000005,,,,,,,,
782000,2581.3,0.000006,,,,,,,,
782100,2581.5,0.000006,,,,,,,,
782200,2581.8,0.000006,,,,,,,,
782300,2582.1,0.000006,,,,,,,,
782400,2582.4,0.000005,,,,,,,,
782500,2582.7,0.000005,,,,,,,,
782600,2582.9,0.000007,,,,,,,,
782700,2583.2,0.000007,,,,,,,,
782800,2583.5,0.000005,,,,,,,,
782900,2583.8,0.000006,,,,,,,,
783000,2584.1,0.000006,,,,,,,,
783100,2584.3,0.000006,,,,,,,,
783200,2584.7,0.000005,,,,,,,,
783300,2584.9,0.000006,,,,,,,,
783400,2585.2,0.000006,,,,,,,,
783500,2585.6,0.000006,,,,,,,,
783600,2585.8,0.000005,,,,,,,,
783700,2586.1,0.000005,,,,,,,,
783800,2586.4,0.000006,,,,,,,,
783900,2586.7,0.000006,,,,,,,,
784000,2587.0,0.000005,,,,,,,,
784100,2587.2,0.000005,,,,,,,,
784200,2587.5,0.000006,,,,,,,,
784300,2587.8,0.000005,,,,,,,,
784400,2588.2,0.000007,,,,,,,,
784500,2588.4,0.000006,,,,,,,,
784600,2588.7,0.000005,,,,,,,,
784700,2589.1,0.000005,,,,,,,,
784800,2589.3,0.000006,,,,,,,,
784900,2589.6,0.000006,,,,,,,,
785000,2591.1,0.000005,0.000006,1.116119e+00,1.863921e-01,1.511821e-01,0.000000,9.504185e-01,1.705315e-01,1.409328e-01
785100,2591.3,0.000006,,,,,,,,
785200,2591.5,0.000005,,,,,,,,
785300,2591.9,0.000007,,,,,,,,
785400,2592.2,0.000005,,,,,,,,
785500,2592.6,0.000005,,,,,,,,
785600,2592.9,0.000005,,,,,,,,
785700,2593.2,0.000006,,,,,,,,
785800,2593.6,0.000007,,,,,,,,
785900,2593.9,0.000006,,,,,,,,
786000,2594.2,0.000005,,,,,,,,
786100,2594.5,0.000006,,,,,,,,
786200,2594.8,0.000006,,,,,,,,
786300,2595.1,0.000005,,,,,,,,
786400,2595.4,0.000005,,,,,,,,
786500,2595.7,0.000005,,,,,,,,
786600,2596.1,0.000007,,,,,,,,
786700,2596.4,0.000006,,,,,,,,
786800,2596.7,0.000006,,,,,,,,
786900,2597.0,0.000007,,,,,,,,
787000,2597.3,0.000007,,,,,,,,
787100,2597.6,0.000006,,,,,,,,
787200,2598.0,0.000005,,,,,,,,
787300,2598.3,0.000006,,,,,,,,
787400,2598.7,0.000006,,,,,,,,
787500,2599.0,0.000007,,,,,,,,
787600,2599.3,0.000006,,,,,,,,
787700,2599.6,0.000006,,,,,,,,
787800,2599.9,0.000006,,,,,,,,
787900,2600.2,0.000006,,,,,,,,
788000,2600.5,0.000007,,,,,,,,
788100,2600.8,0.000005,,,,,,,,
788200,2601.1,0.000006,,,,,,,,
788300,2601.4,0.000005,,,,,,,,
788400,2601.7,0.000005,,,,,,,,
788500,2602.0,0.000006,,,,,,,,
788600,2602.4,0.000005,,,,,,,,
788700,2602.6,0.000006,,,,,,,,
788800,2602.9,0.000005,,,,,,,,
788900,2603.3,0.000006,,,,,,,,
789000,2603.6,0.000005,,,,,,,,
789100,2603.9,0.000005,,,,,,,,
789200,2604.2,0.000005,,,,,,,,
789300,2604.5,0.000005,,,,,,,,
789400,2604.9,0.000006,,,,,,,,
789500,2605.2,0.000006,,,,,,,,
789600,2605.5,0.000006,,,,,,,,
789700,2605.9,0.000005,,,,,,,,
789800,2606.2,0.000006,,,,,,,,
789900,2606.5,0.000006,,,,,,,,
790000,2608.0,0.000005,0.000006,1.115901e+00,1.863248e-01,1.506673e-01,0.000000,9.502239e-01,1.704715e-01,1.402486e-01
790100,2608.2,0.000005,,,,,,,,
790200,2608.5,0.000005,,,,,,,,
790300,2608.8,0.000006,,,,,,,,
790400,2609.1,0.000006,,,,,,,,
790500,2609.5,0.000007,,,,,,,,
790600,2609.8,0.000005,,,,,,,,
790700,2610.2,0.000005,,,,,,,,
790800,2610.5,0.000005,,,,,,,,
790900,2610.8,0.000005,,,,,,,,
791000,2611.0,0.000006,,,,,,,,
791100,2611.3,0.000005,,,,,,,,
791200,2611.6,0.000006,,,,,,,,
791300,2611.9,0.000006,,,,,,,,
791400,2612.3,0.000006,,,,,,,,
791500,2612.6,0.000006,,,,,,,,
791600,2613.0,0.000006,,,,,,,,
791700,2613.3,0.000007,,,,,,,,
791800,2613.6,0.000006,,,,,,,,
791900,2614.0,0.000006,,,,,,,,
792000,2614.3,0.000004,,,,,,,,
792100,2614.6,0.000005,,,,,,,,
792200,2614.9,0.000006,,,,,,,,
792300,2615.2,0.000005,,,,,,,,
792400,2615.6,0.000005,,,,,,,,
792500,2615.9,0.000006,,,,,,,,
792600,2616.2,0.000005,,,,,,,,
792700,2616.6,0.000006,,,,,,,,
792800,2616.9,0.000006,,,,,,,,
792900,2617.3,0.000005,,,,,,,,
793000,2617.6,0.000004,,,,,,,,
793100,2617.9,0.000006,,,,,,,,
793200,2618.3,0.000005,,,,,,,,
793300,2618.6,0.000006,,,,,,,,
793400,2618.9,0.000005,,,,,,,,
793500,2619.2,0.000006,,,,,,,,
793600,2619.5,0.000005,,,,,,,,
793700,2619.8,0.000006,,,,,,,,
793800,2620.2,0.000005,,,,,,,,
793900,2620.5,0.000005,,,,,,,,
794000,2620.9,0.000006,,,,,,,,
794100,2621.1,0.000006,,,,,,,,
794200,2621.4,0.000006,,,,,,,,
794300,2621.8,0.000006,,,,,,,,
794400,2622.1,0.000006,,,,,,,,
794500,2622.3,0.000006,,,,,,,,
794600,2622.7,0.000005,,,,,,,,
794700,2623.0,0.000007,,,,,,,,
794800,2623.4,0.000006,,,,,,,,
794900,2623.7,0.000005,,,,,,,,
795000,2625.1,0.000005,0.000006,1.114704e+00,1.863412e-01,1.506902e-01,0.000000,9.490185e-01,1.704908e-01,1.404033e-01
795100,2625.4,0.000005,,,,,,,,
795200,2625.6,0.000007,,,,,,,,
795300,2625.9,0.000005,,,,,,,,
795400,2626.2,0.000005,,,,,,,,
795500,2626.5,0.000005,,,,,,,,
795600,2626.8,0.000005,,,,,,,,
795700,2627.1,0.000007,,,,,,,,
795800,2627.4,0.000006,,,,,,,,
795900,2627.7,0.000006,,,,,,,,
796000,2628.1,0.000006,,,,,,,,
796100,2628.4,0.000006,,,,,,,,
796200,2628.7,0.000006,,,,,,,,
796300,2629.0,0.000006,,,,,,,,
796400,2629.3,0.000005,,,,,,,,
796500,2629.6,0.000005,,,,,,,,
796600,2629.9,0.000006,,,,,,,,
796700,2630.2,0.000006,,,,,,,,
796800,2630.6,0.000006,,,,,,,,
796900,2630.9,0.000005,,,,,,,,
797000,2631.1,0.000007,,,,,,,,
797100,2631.4,0.000006,,,,,,,,
797200,2631.7,0.000006,,,,,,,,
797300,2632.0,0.000006,,,,,,,,
797400,2632.4,0.000007,,,,,,,,
797500,2632.6,0.000005,,,,,,,,
797600,2632.9,0.000006,,,,,,,,
797700,2633.2,0.000007,,,,,,,,
797800,2633.5,0.000007,,,,,,,,
797900,2633.9,0.000006,,,,,,,,
798000,2634.2,0.000005,,,,,,,,
798100,2634.5,0.000007,,,,,,,,
798200,2634.8,0.000006,,,,,,,,
798300,2635.1,0.000005,,,,,,,,
798400,2635.4,0.000005,,,,,,,,
798500,2635.8,0.000005,,,,,,,,
798600,2636.1,0.000006,,,,,,,,
798700,2636.5,0.000006,,,,,,,,
798800,2636.8,0.000007,,,,,,,,
798900,2637.1,0.000005,,,,,,,,
799000,2637.4,0.000005,,,,,,,,
799100,2637.7,0.000006,,,,,,,,
799200,2637.9,0.000004,,,,,,,,
799300,2638.2,0.000006,,,,,,,,
799400,2638.5,0.000006,,,,,,,,
799500,2638.8,0.000006,,,,,,,,
799600,2639.2,0.000006,,,,,,,,
799700,2639.5,0.000006,,,,,,,,
799800,2639.8,0.000006,,,,,,,,
799900,2640.2,0.000005,,,,,,,,
800000,2641.7,0.000006,0.000006,1.111640e+00,1.863178e-01,1.508548e-01,0.000000,9.459591e-01,1.704907e-01,1.404155e-01
