step,elapsed_s,train_loss,eval_loss,max_abs_err,mean_abs_err,median_abs_err,frac_under_boyd,max_abs_err_bulk,mean_abs_err_bulk,median_abs_err_bulk
100,1.6,0.100166,,,,,,,,
200,1.8,0.111047,,,,,,,,
300,2.0,0.072751,,,,,,,,
400,2.2,0.033073,,,,,,,,
500,2.4,0.020020,,,,,,,,
600,2.6,0.008144,,,,,,,,
700,2.8,0.004139,,,,,,,,
800,3.0,0.002352,,,,,,,,
900,3.3,0.001727,,,,,,,,
1000,3.5,0.001040,,,,,,,,
1100,3.7,0.000581,,,,,,,,
1200,4.0,0.000391,,,,,,,,
1300,4.2,0.000270,,,,,,,,
1400,4.4,0.000275,,,,,,,,
1500,4.7,0.000282,,,,,,,,
1600,4.9,0.000323,,,,,,,,
1700,5.1,0.000198,,,,,,,,
1800,5.4,0.000191,,,,,,,,
1900,5.6,0.000400,,,,,,,,
2000,5.8,0.000334,,,,,,,,
2100,6.0,0.000151,,,,,,,,
2200,6.3,0.000121,,,,,,,,
2300,6.5,0.000101,,,,,,,,
2400,6.7,0.000153,,,,,,,,
2500,7.0,0.000110,,,,,,,,
2600,7.2,0.000202,,,,,,,,
2700,7.4,0.000113,,,,,,,,
2800,7.7,0.000094,,,,,,,,
2900,7.9,0.000097,,,,,,,,
3000,8.2,0.000138,,,,,,,,
3100,8.4,0.000068,,,,,,,,
3200,8.6,0.000095,,,,,,,,
3300,8.8,0.000066,,,,,,,,
3400,9.0,0.000062,,,,,,,,
3500,9.3,0.000085,,,,,,,,
3600,9.5,0.000064,,,,,,,,
3700,9.7,0.000074,,,,,,,,
3800,9.9,0.000106,,,,,,,,
3900,10.2,0.000050,,,,,,,,
4000,10.4,0.000051,,,,,,,,
4100,10.6,0.000086,,,,,,,,
4200,10.8,0.000082,,,,,,,,
4300,11.0,0.000057,,,,,,,,
4400,11.3,0.000065,,,,,,,,
4500,11.5,0.000038,,,,,,,,
4600,11.7,0.000070,,,,,,,,
4700,12.0,0.000049,,,,,,,,
4800,12.2,0.000076,,,,,,,,
4900,12.4,0.000039,,,,,,,,
5000,14.2,0.000044,0.005005,3.184209e-01,3.144613e-02,2.528900e-02,0.000000,3.059958e-01,3.004321e-02,2.458222e-02
5100,14.4,0.000059,,,,,,,,
5200,14.6,0.000045,,,,,,,,
5300,14.8,0.000056,,,,,,,,
5400,15.0,0.000052,,,,,,,,
5500,15.2,0.000044,,,,,,,,
5600,15.4,0.000053,,,,,,,,
5700,15.6,0.000035,,,,,,,,
5800,15.8,0.000032,,,,,,,,
5900,16.0,0.000066,,,,,,,,
6000,16.3,0.000037,,,,,,,,
6100,16.5,0.000035,,,,,,,,
6200,16.7,0.000037,,,,,,,,
6300,16.9,0.000033,,,,,,,,
6400,17.2,0.000026,,,,,,,,
6500,17.4,0.000048,,,,,,,,
6600,17.6,0.000031,,,,,,,,
6700,17.9,0.000049,,,,,,,,
6800,18.1,0.000059,,,,,,,,
6900,18.3,0.000056,,,,,,,,
7000,18.6,0.000041,,,,,,,,
7100,18.8,0.000029,,,,,,,,
7200,19.0,0.000022,,,,,,,,
7300,19.3,0.000042,,,,,,,,
7400,19.5,0.000026,,,,,,,,
7500,19.7,0.000029,,,,,,,,
7600,20.0,0.000018,,,,,,,,
7700,20.2,0.000024,,,,,,,,
7800,20.4,0.000020,,,,,,,,
7900,20.6,0.000039,,,,,,,,
8000,20.8,0.000047,,,,,,,,
8100,21.1,0.000028,,,,,,,,
8200,21.3,0.000049,,,,,,,,
8300,21.5,0.000039,,,,,,,,
8400,21.8,0.000037,,,,,,,,
8500,22.0,0.000021,,,,,,,,
8600,22.2,0.000046,,,,,,,,
8700,22.5,0.000030,,,,,,,,
8800,22.7,0.000022,,,,,,,,
8900,22.9,0.000017,,,,,,,,
9000,23.2,0.000020,,,,,,,,
9100,23.4,0.000068,,,,,,,,
9200,23.6,0.000043,,,,,,,,
9300,23.9,0.000019,,,,,,,,
9400,24.1,0.000015,,,,,,,,
9500,24.3,0.000020,,,,,,,,
9600,24.5,0.000016,,,,,,,,
9700,24.8,0.000028,,,,,,,,
9800,25.0,0.000066,,,,,,,,
9900,25.2,0.000020,,,,,,,,
10000,26.5,0.000012,0.003437,2.258083e-01,2.159314e-02,1.738773e-02,0.000000,2.044747e-01,2.096323e-02,1.718716e-02
10100,26.7,0.000039,,,,,,,,
10200,26.9,0.000024,,,,,,,,
10300,27.1,0.000021,,,,,,,,
10400,27.3,0.000021,,,,,,,,
10500,27.5,0.000016,,,,,,,,
10600,27.7,0.000016,,,,,,,,
10700,27.9,0.000058,,,,,,,,
10800,28.2,0.000024,,,,,,,,
10900,28.4,0.000015,,,,,,,,
11000,28.6,0.000014,,,,,,,,
11100,28.9,0.000025,,,,,,,,
11200,29.1,0.000022,,,,,,,,
11300,29.3,0.000037,,,,,,,,
11400,29.5,0.000013,,,,,,,,
11500,29.8,0.000015,,,,,,,,
11600,30.0,0.000026,,,,,,,,
11700,30.2,0.000016,,,,,,,,
11800,30.4,0.000011,,,,,,,,
11900,30.6,0.000044,,,,,,,,
12000,30.8,0.000016,,,,,,,,
12100,31.1,0.000015,,,,,,,,
12200,31.3,0.000022,,,,,,,,
12300,31.5,0.000016,,,,,,,,
12400,31.8,0.000012,,,,,,,,
12500,32.0,0.000046,,,,,,,,
12600,32.2,0.000015,,,,,,,,
12700,32.4,0.000014,,,,,,,,
12800,32.7,0.000013,,,,,,,,
12900,32.9,0.000013,,,,,,,,
13000,33.1,0.000027,,,,,,,,
13100,33.4,0.000010,,,,,,,,
13200,33.6,0.000018,,,,,,,,
13300,33.8,0.000015,,,,,,,,
13400,34.1,0.000020,,,,,,,,
13500,34.3,0.000010,,,,,,,,
13600,34.5,0.000008,,,,,,,,
13700,34.7,0.000010,,,,,,,,
13800,35.0,0.000021,,,,,,,,
13900,35.2,0.000022,,,,,,,,
14000,35.4,0.000008,,,,,,,,
14100,35.6,0.000013,,,,,,,,
14200,35.8,0.000026,,,,,,,,
14300,36.1,0.000016,,,,,,,,
14400,36.3,0.000015,,,,,,,,
14500,36.5,0.000011,,,,,,,,
14600,36.7,0.000041,,,,,,,,
14700,37.0,0.000010,,,,,,,,
14800,37.2,0.000011,,,,,,,,
14900,37.4,0.000014,,,,,,,,
15000,38.7,0.000018,0.003669,2.485657e-01,2.305603e-02,1.918469e-02,0.000000,1.652371e-01,2.301530e-02,1.966495e-02
15100,38.9,0.000007,,,,,,,,
15200,39.1,0.000012,,,,,,,,
15300,39.3,0.000011,,,,,,,,
15400,39.5,0.000008,,,,,,,,
15500,39.7,0.000014,,,,,,,,
15600,39.9,0.000010,,,,,,,,
15700,40.1,0.000018,,,,,,,,
15800,40.4,0.000007,,,,,,,,
15900,40.6,0.000008,,,,,,,,
16000,40.8,0.000008,,,,,,,,
16100,41.1,0.000012,,,,,,,,
16200,41.3,0.000015,,,,,,,,
16300,41.5,0.000012,,,,,,,,
16400,41.7,0.000018,,,,,,,,
16500,42.0,0.000025,,,,,,,,
16600,42.2,0.000008,,,,,,,,
16700,42.4,0.000009,,,,,,,,
16800,42.7,0.000012,,,,,,,,
16900,42.9,0.000008,,,,,,,,
17000,43.1,0.000008,,,,,,,,
17100,43.4,0.000017,,,,,,,,
17200,43.6,0.000009,,,,,,,,
17300,43.9,0.000007,,,,,,,,
17400,44.1,0.000012,,,,,,,,
17500,44.3,0.000017,,,,,,,,
17600,44.6,0.000013,,,,,,,,
17700,44.8,0.000007,,,,,,,,
17800,45.0,0.000008,,,,,,,,
17900,45.3,0.000007,,,,,,,,
18000,45.5,0.000008,,,,,,,,
18100,45.7,0.000017,,,,,,,,
18200,45.9,0.000028,,,,,,,,
18300,46.2,0.000011,,,,,,,,
18400,46.4,0.000015,,,,,,,,
18500,46.6,0.000019,,,,,,,,
18600,46.9,0.000008,,,,,,,,
18700,47.1,0.000008,,,,,,,,
18800,47.3,0.000016,,,,,,,,
18900,47.6,0.000008,,,,,,,,
19000,47.8,0.000008,,,,,,,,
19100,48.0,0.000009,,,,,,,,
19200,48.2,0.000011,,,,,,,,
19300,48.5,0.000014,,,,,,,,
19400,48.7,0.000008,,,,,,,,
19500,49.0,0.000006,,,,,,,,
19600,49.2,0.000009,,,,,,,,
19700,49.4,0.000009,,,,,,,,
19800,49.6,0.000017,,,,,,,,
19900,49.8,0.000009,,,,,,,,
20000,51.1,0.000006,0.001652,2.056714e-01,1.037997e-02,7.890774e-03,0.000000,1.339814e-01,1.002522e-02,7.840215e-03
20100,51.3,0.000007,,,,,,,,
20200,51.5,0.000017,,,,,,,,
20300,51.7,0.000005,,,,,,,,
20400,51.9,0.000010,,,,,,,,
20500,52.1,0.000005,,,,,,,,
20600,52.4,0.000007,,,,,,,,
20700,52.6,0.000011,,,,,,,,
20800,52.8,0.000008,,,,,,,,
20900,53.0,0.000007,,,,,,,,
21000,53.3,0.000018,,,,,,,,
21100,53.5,0.000007,,,,,,,,
21200,53.7,0.000007,,,,,,,,
21300,53.9,0.000020,,,,,,,,
21400,54.2,0.000015,,,,,,,,
21500,54.4,0.000007,,,,,,,,
21600,54.6,0.000008,,,,,,,,
21700,54.8,0.000009,,,,,,,,
21800,55.0,0.000008,,,,,,,,
21900,55.3,0.000007,,,,,,,,
22000,55.5,0.000006,,,,,,,,
22100,55.8,0.000006,,,,,,,,
22200,56.0,0.000009,,,,,,,,
22300,56.2,0.000013,,,,,,,,
22400,56.4,0.000007,,,,,,,,
22500,56.7,0.000005,,,,,,,,
22600,56.9,0.000004,,,,,,,,
22700,57.1,0.000017,,,,,,,,
22800,57.4,0.000009,,,,,,,,
22900,57.6,0.000013,,,,,,,,
23000,57.8,0.000014,,,,,,,,
23100,58.1,0.000008,,,,,,,,
23200,58.3,0.000007,,,,,,,,
23300,58.5,0.000005,,,,,,,,
23400,58.7,0.000007,,,,,,,,
23500,59.0,0.000008,,,,,,,,
23600,59.2,0.000017,,,,,,,,
23700,59.4,0.000009,,,,,,,,
23800,59.7,0.000014,,,,,,,,
23900,59.9,0.000006,,,,,,,,
24000,60.1,0.000007,,,,,,,,
24100,60.4,0.000007,,,,,,,,
24200,60.6,0.000017,,,,,,,,
24300,60.8,0.000008,,,,,,,,
24400,61.0,0.000012,,,,,,,,
24500,61.3,0.000004,,,,,,,,
24600,61.5,0.000004,,,,,,,,
24700,61.7,0.000006,,,,,,,,
24800,62.0,0.000009,,,,,,,,
24900,62.2,0.000013,,,,,,,,
25000,63.4,0.000010,0.002258,2.637195e-01,1.419046e-02,1.110137e-02,0.000000,1.627244e-01,1.399289e-02,1.103179e-02
25100,63.7,0.000006,,,,,,,,
25200,63.8,0.000005,,,,,,,,
25300,64.0,0.000008,,,,,,,,
25400,64.3,0.000009,,,,,,,,
25500,64.5,0.000008,,,,,,,,
25600,64.7,0.000009,,,,,,,,
25700,64.9,0.000004,,,,,,,,
25800,65.1,0.000011,,,,,,,,
25900,65.3,0.000005,,,,,,,,
26000,65.5,0.000018,,,,,,,,
26100,65.8,0.000021,,,,,,,,
26200,66.0,0.000006,,,,,,,,
26300,66.2,0.000008,,,,,,,,
26400,66.4,0.000008,,,,,,,,
26500,66.6,0.000006,,,,,,,,
26600,66.8,0.000006,,,,,,,,
26700,67.1,0.000006,,,,,,,,
26800,67.3,0.000004,,,,,,,,
26900,67.5,0.000009,,,,,,,,
27000,67.8,0.000006,,,,,,,,
27100,68.0,0.000012,,,,,,,,
27200,68.2,0.000004,,,,,,,,
27300,68.5,0.000008,,,,,,,,
27400,68.7,0.000006,,,,,,,,
27500,68.9,0.000009,,,,,,,,
27600,69.2,0.000008,,,,,,,,
27700,69.4,0.000006,,,,,,,,
27800,69.7,0.000013,,,,,,,,
27900,69.9,0.000007,,,,,,,,
28000,70.2,0.000012,,,,,,,,
28100,70.4,0.000007,,,,,,,,
28200,70.6,0.000004,,,,,,,,
28300,70.9,0.000010,,,,,,,,
28400,71.1,0.000007,,,,,,,,
28500,71.3,0.000010,,,,,,,,
28600,71.6,0.000006,,,,,,,,
28700,71.8,0.000009,,,,,,,,
28800,72.0,0.000006,,,,,,,,
28900,72.3,0.000006,,,,,,,,
29000,72.5,0.000007,,,,,,,,
29100,72.7,0.000007,,,,,,,,
29200,72.9,0.000006,,,,,,,,
29300,73.1,0.000007,,,,,,,,
29400,73.4,0.000004,,,,,,,,
29500,73.6,0.000004,,,,,,,,
29600,73.8,0.000005,,,,,,,,
29700,74.1,0.000007,,,,,,,,
29800,74.3,0.000009,,,,,,,,
29900,74.5,0.000004,,,,,,,,
30000,75.8,0.000005,0.001532,1.793560e-01,9.623352e-03,7.335375e-03,0.000000,1.198241e-01,9.543055e-03,7.377323e-03
30100,76.0,0.000007,,,,,,,,
30200,76.2,0.000006,,,,,,,,
30300,76.4,0.000006,,,,,,,,
30400,76.6,0.000005,,,,,,,,
30500,76.8,0.000005,,,,,,,,
30600,77.0,0.000018,,,,,,,,
30700,77.3,0.000013,,,,,,,,
30800,77.5,0.000016,,,,,,,,
30900,77.7,0.000004,,,,,,,,
31000,78.0,0.000005,,,,,,,,
31100,78.2,0.000004,,,,,,,,
31200,78.4,0.000004,,,,,,,,
31300,78.7,0.000018,,,,,,,,
31400,78.9,0.000012,,,,,,,,
31500,79.1,0.000007,,,,,,,,
31600,79.4,0.000004,,,,,,,,
31700,79.6,0.000007,,,,,,,,
31800,79.8,0.000005,,,,,,,,
31900,80.1,0.000009,,,,,,,,
32000,80.3,0.000006,,,,,,,,
32100,80.5,0.000004,,,,,,,,
32200,80.7,0.000008,,,,,,,,
32300,81.0,0.000004,,,,,,,,
32400,81.2,0.000003,,,,,,,,
32500,81.4,0.000003,,,,,,,,
32600,81.6,0.000012,,,,,,,,
32700,81.9,0.000004,,,,,,,,
32800,82.1,0.000005,,,,,,,,
32900,82.3,0.000004,,,,,,,,
33000,82.6,0.000016,,,,,,,,
33100,82.8,0.000012,,,,,,,,
33200,83.0,0.000004,,,,,,,,
33300,83.3,0.000014,,,,,,,,
33400,83.5,0.000008,,,,,,,,
33500,83.7,0.000007,,,,,,,,
33600,84.0,0.000004,,,,,,,,
33700,84.2,0.000003,,,,,,,,
33800,84.4,0.000005,,,,,,,,
33900,84.6,0.000008,,,,,,,,
34000,84.8,0.000005,,,,,,,,
34100,85.1,0.000003,,,,,,,,
34200,85.3,0.000004,,,,,,,,
34300,85.5,0.000011,,,,,,,,
34400,85.7,0.000012,,,,,,,,
34500,86.0,0.000006,,,,,,,,
34600,86.2,0.000007,,,,,,,,
34700,86.5,0.000005,,,,,,,,
34800,86.7,0.000015,,,,,,,,
34900,86.9,0.000005,,,,,,,,
35000,88.2,0.000004,0.001541,1.436489e-01,9.680659e-03,7.296432e-03,0.000000,1.139743e-01,9.641469e-03,7.365229e-03
35100,88.4,0.000009,,,,,,,,
35200,88.6,0.000005,,,,,,,,
35300,88.8,0.000003,,,,,,,,
35400,89.0,0.000005,,,,,,,,
35500,89.2,0.000008,,,,,,,,
35600,89.5,0.000006,,,,,,,,
35700,89.7,0.000006,,,,,,,,
35800,89.9,0.000007,,,,,,,,
35900,90.2,0.000018,,,,,,,,
36000,90.4,0.000004,,,,,,,,
36100,90.6,0.000006,,,,,,,,
36200,90.8,0.000007,,,,,,,,
36300,91.1,0.000005,,,,,,,,
36400,91.3,0.000005,,,,,,,,
36500,91.5,0.000005,,,,,,,,
36600,91.7,0.000005,,,,,,,,
36700,92.0,0.000004,,,,,,,,
36800,92.2,0.000003,,,,,,,,
36900,92.5,0.000005,,,,,,,,
37000,92.7,0.000005,,,,,,,,
37100,92.9,0.000006,,,,,,,,
37200,93.2,0.000007,,,,,,,,
37300,93.4,0.000003,,,,,,,,
37400,93.6,0.000005,,,,,,,,
37500,93.8,0.000005,,,,,,,,
37600,94.1,0.000003,,,,,,,,
37700,94.3,0.000010,,,,,,,,
37800,94.5,0.000012,,,,,,,,
37900,94.7,0.000004,,,,,,,,
38000,95.0,0.000005,,,,,,,,
38100,95.2,0.000010,,,,,,,,
38200,95.4,0.000005,,,,,,,,
38300,95.7,0.000006,,,,,,,,
38400,95.9,0.000005,,,,,,,,
38500,96.1,0.000005,,,,,,,,
38600,96.3,0.000018,,,,,,,,
38700,96.5,0.000004,,,,,,,,
38800,96.8,0.000007,,,,,,,,
38900,97.0,0.000006,,,,,,,,
39000,97.2,0.000004,,,,,,,,
39100,97.4,0.000005,,,,,,,,
39200,97.7,0.000013,,,,,,,,
39300,97.9,0.000006,,,,,,,,
39400,98.1,0.000006,,,,,,,,
39500,98.4,0.000011,,,,,,,,
39600,98.6,0.000004,,,,,,,,
39700,98.8,0.000004,,,,,,,,
39800,99.1,0.000013,,,,,,,,
39900,99.3,0.000005,,,,,,,,
40000,100.5,0.000003,0.001948,1.794230e-01,1.224255e-02,1.037364e-02,0.000000,1.320757e-01,1.212929e-02,1.029730e-02
40100,100.8,0.000005,,,,,,,,
40200,100.9,0.000006,,,,,,,,
40300,101.1,0.000006,,,,,,,,
40400,101.4,0.000005,,,,,,,,
40500,101.6,0.000005,,,,,,,,
40600,101.8,0.000005,,,,,,,,
40700,102.0,0.000005,,,,,,,,
40800,102.2,0.000007,,,,,,,,
40900,102.4,0.000012,,,,,,,,
41000,102.7,0.000004,,,,,,,,
41100,102.9,0.000011,,,,,,,,
41200,103.1,0.000006,,,,,,,,
41300,103.4,0.000009,,,,,,,,
41400,103.6,0.000007,,,,,,,,
41500,103.8,0.000002,,,,,,,,
41600,104.1,0.000004,,,,,,,,
41700,104.3,0.000005,,,,,,,,
41800,104.5,0.000002,,,,,,,,
41900,104.7,0.000004,,,,,,,,
42000,105.0,0.000007,,,,,,,,
42100,105.2,0.000004,,,,,,,,
42200,105.4,0.000004,,,,,,,,
42300,105.6,0.000004,,,,,,,,
42400,105.9,0.000011,,,,,,,,
42500,106.1,0.000003,,,,,,,,
42600,106.3,0.000004,,,,,,,,
42700,106.6,0.000003,,,,,,,,
42800,106.8,0.000004,,,,,,,,
42900,107.0,0.000005,,,,,,,,
43000,107.3,0.000003,,,,,,,,
43100,107.5,0.000003,,,,,,,,
43200,107.8,0.000012,,,,,,,,
43300,108.0,0.000009,,,,,,,,
43400,108.3,0.000006,,,,,,,,
43500,108.5,0.000003,,,,,,,,
43600,108.7,0.000012,,,,,,,,
43700,109.0,0.000011,,,,,,,,
43800,109.2,0.000005,,,,,,,,
43900,109.4,0.000004,,,,,,,,
44000,109.7,0.000009,,,,,,,,
44100,109.9,0.000008,,,,,,,,
44200,110.1,0.000008,,,,,,,,
44300,110.3,0.000006,,,,,,,,
44400,110.6,0.000005,,,,,,,,
44500,110.8,0.000004,,,,,,,,
44600,111.0,0.000010,,,,,,,,
44700,111.3,0.000005,,,,,,,,
44800,111.5,0.000006,,,,,,,,
44900,111.7,0.000007,,,,,,,,
45000,113.0,0.000006,0.001379,1.906423e-01,8.665056e-03,6.622056e-03,0.000000,1.485292e-01,8.277287e-03,6.513375e-03
45100,113.2,0.000011,,,,,,,,
45200,113.4,0.000012,,,,,,,,
45300,113.6,0.000007,,,,,,,,
45400,113.8,0.000003,,,,,,,,
45500,114.0,0.000004,,,,,,,,
45600,114.2,0.000003,,,,,,,,
45700,114.4,0.000010,,,,,,,,
45800,114.6,0.000004,,,,,,,,
45900,114.9,0.000009,,,,,,,,
46000,115.1,0.000006,,,,,,,,
46100,115.3,0.000006,,,,,,,,
46200,115.5,0.000004,,,,,,,,
46300,115.8,0.000008,,,,,,,,
46400,116.0,0.000004,,,,,,,,
46500,116.2,0.000004,,,,,,,,
46600,116.5,0.000003,,,,,,,,
46700,116.7,0.000007,,,,,,,,
46800,116.9,0.000003,,,,,,,,
46900,117.1,0.000003,,,,,,,,
47000,117.3,0.000004,,,,,,,,
47100,117.6,0.000013,,,,,,,,
47200,117.8,0.000005,,,,,,,,
47300,118.0,0.000006,,,,,,,,
47400,118.3,0.000003,,,,,,,,
47500,118.5,0.000007,,,,,,,,
47600,118.7,0.000003,,,,,,,,
47700,119.0,0.000003,,,,,,,,
47800,119.2,0.000005,,,,,,,,
47900,119.4,0.000004,,,,,,,,
48000,119.7,0.000004,,,,,,,,
48100,119.9,0.000005,,,,,,,,
48200,120.1,0.000003,,,,,,,,
48300,120.4,0.000004,,,,,,,,
48400,120.6,0.000005,,,,,,,,
48500,120.9,0.000007,,,,,,,,
48600,121.1,0.000006,,,,,,,,
48700,121.3,0.000004,,,,,,,,
48800,121.5,0.000005,,,,,,,,
48900,121.7,0.000002,,,,,,,,
49000,121.9,0.000008,,,,,,,,
49100,122.1,0.000003,,,,,,,,
49200,122.3,0.000004,,,,,,,,
49300,122.6,0.000005,,,,,,,,
49400,122.8,0.000004,,,,,,,,
49500,123.0,0.000005,,,,,,,,
49600,123.2,0.000003,,,,,,,,
49700,123.5,0.000004,,,,,,,,
49800,123.7,0.000005,,,,,,,,
49900,123.9,0.000005,,,,,,,,
50000,125.2,0.000003,0.001755,1.397894e-01,1.102422e-02,8.437759e-03,0.000000,9.055780e-02,1.109699e-02,8.725597e-03
50100,125.4,0.000008,,,,,,,,
50200,125.6,0.000006,,,,,,,,
50300,125.8,0.000004,,,,,,,,
50400,126.0,0.000004,,,,,,,,
50500,126.2,0.000005,,,,,,,,
50600,126.4,0.000003,,,,,,,,
50700,126.6,0.000003,,,,,,,,
50800,126.9,0.000004,,,,,,,,
50900,127.1,0.000003,,,,,,,,
51000,127.3,0.000004,,,,,,,,
51100,127.6,0.000006,,,,,,,,
51200,127.8,0.000014,,,,,,,,
51300,128.0,0.000003,,,,,,,,
51400,128.2,0.000004,,,,,,,,
51500,128.5,0.000003,,,,,,,,
51600,128.7,0.000006,,,,,,,,
51700,128.9,0.000007,,,,,,,,
51800,129.1,0.000005,,,,,,,,
51900,129.3,0.000003,,,,,,,,
52000,129.6,0.000011,,,,,,,,
52100,129.8,0.000004,,,,,,,,
52200,130.0,0.000004,,,,,,,,
52300,130.2,0.000008,,,,,,,,
52400,130.5,0.000005,,,,,,,,
52500,130.7,0.000018,,,,,,,,
52600,130.9,0.000006,,,,,,,,
52700,131.1,0.000008,,,,,,,,
52800,131.4,0.000003,,,,,,,,
52900,131.6,0.000012,,,,,,,,
53000,131.8,0.000003,,,,,,,,
53100,132.1,0.000006,,,,,,,,
53200,132.3,0.000007,,,,,,,,
53300,132.5,0.000015,,,,,,,,
53400,132.7,0.000004,,,,,,,,
53500,133.0,0.000003,,,,,,,,
53600,133.2,0.000004,,,,,,,,
53700,133.4,0.000005,,,,,,,,
53800,133.7,0.000004,,,,,,,,
53900,133.9,0.000003,,,,,,,,
54000,134.1,0.000004,,,,,,,,
54100,134.4,0.000004,,,,,,,,
54200,134.6,0.000005,,,,,,,,
54300,134.8,0.000006,,,,,,,,
54400,135.0,0.000009,,,,,,,,
54500,135.3,0.000004,,,,,,,,
54600,135.5,0.000005,,,,,,,,
54700,135.7,0.000003,,,,,,,,
54800,136.0,0.000004,,,,,,,,
54900,136.2,0.000006,,,,,,,,
55000,137.4,0.000003,0.001447,1.263007e-01,9.093784e-03,7.413375e-03,0.000000,1.056413e-01,8.990135e-03,7.424223e-03
55100,137.6,0.000003,,,,,,,,
55200,137.8,0.000004,,,,,,,,
55300,138.0,0.000006,,,,,,,,
55400,138.2,0.000003,,,,,,,,
55500,138.5,0.000003,,,,,,,,
55600,138.7,0.000004,,,,,,,,
55700,138.9,0.000005,,,,,,,,
55800,139.1,0.000007,,,,,,,,
55900,139.4,0.000004,,,,,,,,
56000,139.6,0.000003,,,,,,,,
56100,139.8,0.000006,,,,,,,,
56200,140.0,0.000006,,,,,,,,
56300,140.3,0.000004,,,,,,,,
56400,140.5,0.000006,,,,,,,,
56500,140.7,0.000005,,,,,,,,
56600,141.0,0.000010,,,,,,,,
56700,141.2,0.000004,,,,,,,,
56800,141.4,0.000005,,,,,,,,
56900,141.7,0.000007,,,,,,,,
57000,141.9,0.000003,,,,,,,,
57100,142.1,0.000003,,,,,,,,
57200,142.3,0.000002,,,,,,,,
57300,142.6,0.000005,,,,,,,,
57400,142.8,0.000004,,,,,,,,
57500,143.0,0.000003,,,,,,,,
57600,143.3,0.000003,,,,,,,,
57700,143.5,0.000005,,,,,,,,
57800,143.7,0.000003,,,,,,,,
57900,144.0,0.000003,,,,,,,,
58000,144.2,0.000006,,,,,,,,
58100,144.4,0.000002,,,,,,,,
58200,144.6,0.000006,,,,,,,,
58300,144.9,0.000003,,,,,,,,
58400,145.1,0.000002,,,,,,,,
58500,145.3,0.000002,,,,,,,,
58600,145.5,0.000006,,,,,,,,
58700,145.8,0.000004,,,,,,,,
58800,146.0,0.000008,,,,,,,,
58900,146.2,0.000008,,,,,,,,
59000,146.4,0.000004,,,,,,,,
59100,146.7,0.000004,,,,,,,,
59200,146.9,0.000004,,,,,,,,
59300,147.1,0.000003,,,,,,,,
59400,147.3,0.000005,,,,,,,,
59500,147.6,0.000003,,,,,,,,
59600,147.8,0.000007,,,,,,,,
59700,148.0,0.000003,,,,,,,,
59800,148.3,0.000003,,,,,,,,
59900,148.5,0.000010,,,,,,,,
60000,149.8,0.000006,0.001794,1.501185e-01,1.127276e-02,8.370376e-03,0.000000,1.054649e-01,1.159475e-02,8.855659e-03
60100,150.0,0.000005,,,,,,,,
60200,150.2,0.000003,,,,,,,,
60300,150.4,0.000004,,,,,,,,
60400,150.6,0.000004,,,,,,,,
60500,150.8,0.000003,,,,,,,,
60600,151.0,0.000004,,,,,,,,
60700,151.2,0.000003,,,,,,,,
60800,151.4,0.000004,,,,,,,,
60900,151.6,0.000004,,,,,,,,
61000,151.8,0.000006,,,,,,,,
61100,152.1,0.000002,,,,,,,,
61200,152.3,0.000006,,,,,,,,
61300,152.5,0.000005,,,,,,,,
61400,152.7,0.000008,,,,,,,,
61500,152.9,0.000004,,,,,,,,
61600,153.2,0.000004,,,,,,,,
61700,153.4,0.000003,,,,,,,,
61800,153.6,0.000004,,,,,,,,
61900,153.8,0.000002,,,,,,,,
62000,154.1,0.000010,,,,,,,,
62100,154.3,0.000004,,,,,,,,
62200,154.5,0.000003,,,,,,,,
62300,154.7,0.000008,,,,,,,,
62400,155.0,0.000003,,,,,,,,
62500,155.2,0.000004,,,,,,,,
62600,155.4,0.000005,,,,,,,,
62700,155.6,0.000014,,,,,,,,
62800,155.8,0.000004,,,,,,,,
62900,156.0,0.000003,,,,,,,,
63000,156.2,0.000007,,,,,,,,
63100,156.5,0.000002,,,,,,,,
63200,156.7,0.000006,,,,,,,,
63300,156.9,0.000003,,,,,,,,
63400,157.1,0.000005,,,,,,,,
63500,157.4,0.000004,,,,,,,,
63600,157.6,0.000004,,,,,,,,
63700,157.8,0.000008,,,,,,,,
63800,158.0,0.000005,,,,,,,,
63900,158.3,0.000004,,,,,,,,
64000,158.5,0.000004,,,,,,,,
64100,158.7,0.000004,,,,,,,,
64200,158.9,0.000010,,,,,,,,
64300,159.2,0.000008,,,,,,,,
64400,159.4,0.000003,,,,,,,,
64500,159.6,0.000004,,,,,,,,
64600,159.9,0.000003,,,,,,,,
64700,160.1,0.000006,,,,,,,,
64800,160.3,0.000004,,,,,,,,
64900,160.6,0.000003,,,,,,,,
65000,161.8,0.000003,0.001699,1.140413e-01,1.067570e-02,8.647174e-03,0.000000,8.185024e-02,1.054829e-02,8.703772e-03
65100,162.0,0.000003,,,,,,,,
65200,162.2,0.000003,,,,,,,,
65300,162.4,0.000004,,,,,,,,
65400,162.6,0.000007,,,,,,,,
65500,162.9,0.000006,,,,,,,,
65600,163.1,0.000006,,,,,,,,
65700,163.3,0.000003,,,,,,,,
65800,163.5,0.000014,,,,,,,,
65900,163.7,0.000004,,,,,,,,
66000,164.0,0.000009,,,,,,,,
66100,164.2,0.000002,,,,,,,,
66200,164.5,0.000002,,,,,,,,
66300,164.7,0.000003,,,,,,,,
66400,165.0,0.000008,,,,,,,,
66500,165.2,0.000008,,,,,,,,
66600,165.4,0.000005,,,,,,,,
66700,165.7,0.000002,,,,,,,,
66800,165.9,0.000003,,,,,,,,
66900,166.1,0.000005,,,,,,,,
67000,166.4,0.000009,,,,,,,,
67100,166.6,0.000006,,,,,,,,
67200,166.9,0.000003,,,,,,,,
67300,167.1,0.000005,,,,,,,,
67400,167.3,0.000003,,,,,,,,
67500,167.6,0.000003,,,,,,,,
67600,167.8,0.000006,,,,,,,,
67700,168.1,0.000002,,,,,,,,
67800,168.3,0.000003,,,,,,,,
67900,168.5,0.000009,,,,,,,,
68000,168.8,0.000005,,,,,,,,
68100,169.0,0.000003,,,,,,,,
68200,169.2,0.000004,,,,,,,,
68300,169.5,0.000003,,,,,,,,
68400,169.7,0.000005,,,,,,,,
68500,169.9,0.000004,,,,,,,,
68600,170.1,0.000008,,,,,,,,
68700,170.3,0.000004,,,,,,,,
68800,170.6,0.000003,,,,,,,,
68900,170.8,0.000002,,,,,,,,
69000,171.0,0.000009,,,,,,,,
69100,171.2,0.000003,,,,,,,,
69200,171.5,0.000004,,,,,,,,
69300,171.7,0.000006,,,,,,,,
69400,171.9,0.000002,,,,,,,,
69500,172.1,0.000003,,,,,,,,
69600,172.4,0.000003,,,,,,,,
69700,172.6,0.000004,,,,,,,,
69800,172.8,0.000003,,,,,,,,
69900,173.0,0.000002,,,,,,,,
70000,174.3,0.000004,0.001830,1.705219e-01,1.149578e-02,9.752908e-03,0.000000,8.388109e-02,1.134527e-02,9.647060e-03
70100,174.5,0.000007,,,,,,,,
70200,174.7,0.000003,,,,,,,,
70300,174.9,0.000004,,,,,,,,
70400,175.1,0.000003,,,,,,,,
70500,175.3,0.000002,,,,,,,,
70600,175.5,0.000003,,,,,,,,
70700,175.7,0.000002,,,,,,,,
70800,175.9,0.000003,,,,,,,,
70900,176.1,0.000002,,,,,,,,
71000,176.4,0.000004,,,,,,,,
71100,176.6,0.000008,,,,,,,,
71200,176.8,0.000004,,,,,,,,
71300,177.0,0.000002,,,,,,,,
71400,177.3,0.000009,,,,,,,,
71500,177.5,0.000006,,,,,,,,
71600,177.7,0.000002,,,,,,,,
71700,178.0,0.000003,,,,,,,,
71800,178.2,0.000003,,,,,,,,
71900,178.4,0.000002,,,,,,,,
72000,178.6,0.000003,,,,,,,,
72100,178.9,0.000002,,,,,,,,
72200,179.1,0.000002,,,,,,,,
72300,179.3,0.000004,,,,,,,,
72400,179.5,0.000005,,,,,,,,
72500,179.8,0.000004,,,,,,,,
72600,180.0,0.000003,,,,,,,,
72700,180.2,0.000003,,,,,,,,
72800,180.5,0.000007,,,,,,,,
72900,180.7,0.000002,,,,,,,,
73000,181.0,0.000005,,,,,,,,
73100,181.2,0.000005,,,,,,,,
73200,181.4,0.000004,,,,,,,,
73300,181.6,0.000003,,,,,,,,
73400,181.9,0.000006,,,,,,,,
73500,182.1,0.000002,,,,,,,,
73600,182.3,0.000003,,,,,,,,
73700,182.5,0.000003,,,,,,,,
73800,182.7,0.000003,,,,,,,,
73900,183.0,0.000005,,,,,,,,
74000,183.2,0.000003,,,,,,,,
74100,183.4,0.000003,,,,,,,,
74200,183.6,0.000003,,,,,,,,
74300,183.9,0.000004,,,,,,,,
74400,184.1,0.000010,,,,,,,,
74500,184.3,0.000002,,,,,,,,
74600,184.6,0.000007,,,,,,,,
74700,184.8,0.000004,,,,,,,,
74800,185.0,0.000002,,,,,,,,
74900,185.2,0.000008,,,,,,,,
75000,186.5,0.000011,0.001946,1.828951e-01,1.222612e-02,1.004886e-02,0.000000,1.268989e-01,1.213933e-02,9.953508e-03
75100,186.7,0.000002,,,,,,,,
75200,186.9,0.000003,,,,,,,,
75300,187.1,0.000003,,,,,,,,
75400,187.3,0.000002,,,,,,,,
75500,187.5,0.000004,,,,,,,,
75600,187.7,0.000005,,,,,,,,
75700,188.0,0.000004,,,,,,,,
75800,188.2,0.000002,,,,,,,,
75900,188.4,0.000003,,,,,,,,
76000,188.6,0.000002,,,,,,,,
76100,188.9,0.000002,,,,,,,,
76200,189.1,0.000004,,,,,,,,
76300,189.3,0.000002,,,,,,,,
76400,189.6,0.000007,,,,,,,,
76500,189.8,0.000003,,,,,,,,
76600,190.0,0.000006,,,,,,,,
76700,190.3,0.000003,,,,,,,,
76800,190.5,0.000002,,,,,,,,
76900,190.8,0.000002,,,,,,,,
77000,191.0,0.000003,,,,,,,,
77100,191.2,0.000002,,,,,,,,
77200,191.4,0.000003,,,,,,,,
77300,191.7,0.000004,,,,,,,,
77400,191.9,0.000002,,,,,,,,
77500,192.1,0.000003,,,,,,,,
77600,192.4,0.000003,,,,,,,,
77700,192.6,0.000003,,,,,,,,
77800,192.8,0.000003,,,,,,,,
77900,193.1,0.000006,,,,,,,,
78000,193.3,0.000006,,,,,,,,
78100,193.5,0.000004,,,,,,,,
78200,193.8,0.000004,,,,,,,,
78300,194.0,0.000003,,,,,,,,
78400,194.2,0.000010,,,,,,,,
78500,194.5,0.000002,,,,,,,,
78600,194.7,0.000002,,,,,,,,
78700,194.9,0.000004,,,,,,,,
78800,195.1,0.000007,,,,,,,,
78900,195.3,0.000007,,,,,,,,
79000,195.6,0.000003,,,,,,,,
79100,195.8,0.000003,,,,,,,,
79200,196.1,0.000006,,,,,,,,
79300,196.3,0.000002,,,,,,,,
79400,196.5,0.000003,,,,,,,,
79500,196.7,0.000004,,,,,,,,
79600,197.0,0.000004,,,,,,,,
79700,197.2,0.000003,,,,,,,,
79800,197.4,0.000010,,,,,,,,
79900,197.6,0.000005,,,,,,,,
80000,198.9,0.000009,0.001977,1.197525e-01,1.241993e-02,1.137151e-02,0.000000,9.313316e-02,1.247008e-02,1.143330e-02
80100,199.1,0.000003,,,,,,,,
80200,199.3,0.000004,,,,,,,,
80300,199.5,0.000005,,,,,,,,
80400,199.7,0.000002,,,,,,,,
80500,199.9,0.000003,,,,,,,,
80600,200.1,0.000003,,,,,,,,
80700,200.4,0.000002,,,,,,,,
80800,200.6,0.000007,,,,,,,,
80900,200.8,0.000002,,,,,,,,
81000,201.0,0.000002,,,,,,,,
81100,201.3,0.000002,,,,,,,,
81200,201.5,0.000004,,,,,,,,
81300,201.7,0.000003,,,,,,,,
81400,202.0,0.000005,,,,,,,,
81500,202.2,0.000002,,,,,,,,
81600,202.4,0.000003,,,,,,,,
81700,202.7,0.000008,,,,,,,,
81800,202.9,0.000005,,,,,,,,
81900,203.1,0.000003,,,,,,,,
82000,203.3,0.000003,,,,,,,,
82100,203.6,0.000002,,,,,,,,
82200,203.8,0.000006,,,,,,,,
82300,204.1,0.000004,,,,,,,,
82400,204.3,0.000009,,,,,,,,
82500,204.5,0.000008,,,,,,,,
82600,204.8,0.000004,,,,,,,,
82700,205.0,0.000002,,,,,,,,
82800,205.2,0.000003,,,,,,,,
82900,205.5,0.000002,,,,,,,,
83000,205.7,0.000004,,,,,,,,
83100,205.9,0.000004,,,,,,,,
83200,206.2,0.000002,,,,,,,,
83300,206.4,0.000002,,,,,,,,
83400,206.6,0.000003,,,,,,,,
83500,206.8,0.000004,,,,,,,,
83600,207.1,0.000006,,,,,,,,
83700,207.3,0.000008,,,,,,,,
83800,207.5,0.000006,,,,,,,,
83900,207.8,0.000003,,,,,,,,
84000,208.0,0.000003,,,,,,,,
84100,208.2,0.000002,,,,,,,,
84200,208.5,0.000002,,,,,,,,
84300,208.7,0.000006,,,,,,,,
84400,208.9,0.000004,,,,,,,,
84500,209.2,0.000004,,,,,,,,
84600,209.4,0.000002,,,,,,,,
84700,209.6,0.000012,,,,,,,,
84800,209.8,0.000005,,,,,,,,
84900,210.1,0.000004,,,,,,,,
85000,211.4,0.000006,0.001948,1.365177e-01,1.223990e-02,9.588556e-03,0.000000,6.134862e-02,1.237318e-02,9.620309e-03
85100,211.6,0.000003,,,,,,,,
85200,211.8,0.000002,,,,,,,,
85300,212.0,0.000004,,,,,,,,
85400,212.2,0.000003,,,,,,,,
85500,212.4,0.000003,,,,,,,,
85600,212.6,0.000003,,,,,,,,
85700,212.8,0.000002,,,,,,,,
85800,213.0,0.000005,,,,,,,,
85900,213.3,0.000002,,,,,,,,
86000,213.5,0.000003,,,,,,,,
86100,213.7,0.000003,,,,,,,,
86200,214.0,0.000018,,,,,,,,
86300,214.2,0.000005,,,,,,,,
86400,214.4,0.000003,,,,,,,,
86500,214.7,0.000009,,,,,,,,
86600,214.9,0.000003,,,,,,,,
86700,215.1,0.000005,,,,,,,,
86800,215.3,0.000002,,,,,,,,
86900,215.6,0.000006,,,,,,,,
87000,215.8,0.000002,,,,,,,,
87100,216.0,0.000004,,,,,,,,
87200,216.3,0.000003,,,,,,,,
87300,216.5,0.000003,,,,,,,,
87400,216.7,0.000005,,,,,,,,
87500,217.0,0.000003,,,,,,,,
87600,217.2,0.000005,,,,,,,,
87700,217.4,0.000003,,,,,,,,
87800,217.6,0.000009,,,,,,,,
87900,217.9,0.000005,,,,,,,,
88000,218.1,0.000013,,,,,,,,
88100,218.3,0.000003,,,,,,,,
88200,218.6,0.000004,,,,,,,,
88300,218.8,0.000003,,,,,,,,
88400,219.1,0.000003,,,,,,,,
88500,219.3,0.000005,,,,,,,,
88600,219.6,0.000005,,,,,,,,
88700,219.8,0.000002,,,,,,,,
88800,220.0,0.000007,,,,,,,,
88900,220.2,0.000002,,,,,,,,
89000,220.5,0.000004,,,,,,,,
89100,220.7,0.000003,,,,,,,,
89200,220.9,0.000002,,,,,,,,
89300,221.1,0.000002,,,,,,,,
89400,221.4,0.000006,,,,,,,,
89500,221.6,0.000004,,,,,,,,
89600,221.8,0.000004,,,,,,,,
89700,222.0,0.000004,,,,,,,,
89800,222.3,0.000004,,,,,,,,
89900,222.5,0.000002,,,,,,,,
90000,223.7,0.000005,0.001284,9.659164e-02,8.067963e-03,6.584179e-03,0.000000,8.698319e-02,8.078736e-03,6.718115e-03
90100,223.9,0.000005,,,,,,,,
90200,224.1,0.000004,,,,,,,,
90300,224.4,0.000006,,,,,,,,
90400,224.6,0.000007,,,,,,,,
90500,224.8,0.000004,,,,,,,,
90600,225.0,0.000003,,,,,,,,
90700,225.2,0.000002,,,,,,,,
90800,225.4,0.000007,,,,,,,,
90900,225.7,0.000005,,,,,,,,
91000,225.9,0.000002,,,,,,,,
91100,226.1,0.000002,,,,,,,,
91200,226.3,0.000005,,,,,,,,
91300,226.6,0.000003,,,,,,,,
91400,226.8,0.000010,,,,,,,,
91500,227.0,0.000004,,,,,,,,
91600,227.2,0.000011,,,,,,,,
91700,227.5,0.000002,,,,,,,,
91800,227.7,0.000005,,,,,,,,
91900,227.9,0.000004,,,,,,,,
92000,228.2,0.000003,,,,,,,,
92100,228.4,0.000002,,,,,,,,
92200,228.6,0.000002,,,,,,,,
92300,228.9,0.000006,,,,,,,,
92400,229.1,0.000002,,,,,,,,
92500,229.3,0.000011,,,,,,,,
92600,229.5,0.000002,,,,,,,,
92700,229.8,0.000002,,,,,,,,
92800,230.0,0.000007,,,,,,,,
92900,230.2,0.000007,,,,,,,,
93000,230.4,0.000002,,,,,,,,
93100,230.7,0.000002,,,,,,,,
93200,230.9,0.000005,,,,,,,,
93300,231.1,0.000005,,,,,,,,
93400,231.4,0.000006,,,,,,,,
93500,231.6,0.000005,,,,,,,,
93600,231.8,0.000015,,,,,,,,
93700,232.0,0.000007,,,,,,,,
93800,232.3,0.000005,,,,,,,,
93900,232.5,0.000004,,,,,,,,
94000,232.7,0.000003,,,,,,,,
94100,232.9,0.000003,,,,,,,,
94200,233.2,0.000003,,,,,,,,
94300,233.4,0.000003,,,,,,,,
94400,233.7,0.000005,,,,,,,,
94500,233.9,0.000002,,,,,,,,
94600,234.2,0.000005,,,,,,,,
94700,234.4,0.000010,,,,,,,,
94800,234.7,0.000002,,,,,,,,
94900,234.9,0.000009,,,,,,,,
95000,236.2,0.000003,0.000922,1.415991e-01,5.790210e-03,4.302657e-03,0.000000,8.369250e-02,5.698799e-03,4.324991e-03
95100,236.4,0.000003,,,,,,,,
95200,236.6,0.000002,,,,,,,,
95300,236.8,0.000003,,,,,,,,
95400,237.0,0.000003,,,,,,,,
95500,237.2,0.000004,,,,,,,,
95600,237.5,0.000003,,,,,,,,
95700,237.7,0.000003,,,,,,,,
95800,237.9,0.000002,,,,,,,,
95900,238.2,0.000003,,,,,,,,
96000,238.4,0.000002,,,,,,,,
96100,238.6,0.000011,,,,,,,,
96200,238.9,0.000004,,,,,,,,
96300,239.1,0.000004,,,,,,,,
96400,239.3,0.000003,,,,,,,,
96500,239.6,0.000003,,,,,,,,
96600,239.8,0.000003,,,,,,,,
96700,240.0,0.000005,,,,,,,,
96800,240.2,0.000002,,,,,,,,
96900,240.5,0.000004,,,,,,,,
97000,240.7,0.000003,,,,,,,,
97100,240.9,0.000002,,,,,,,,
97200,241.2,0.000002,,,,,,,,
97300,241.4,0.000006,,,,,,,,
97400,241.7,0.000006,,,,,,,,
97500,241.9,0.000003,,,,,,,,
97600,242.1,0.000002,,,,,,,,
97700,242.4,0.000007,,,,,,,,
97800,242.6,0.000003,,,,,,,,
97900,242.9,0.000002,,,,,,,,
98000,243.1,0.000003,,,,,,,,
98100,243.3,0.000002,,,,,,,,
98200,243.5,0.000002,,,,,,,,
98300,243.8,0.000006,,,,,,,,
98400,244.0,0.000002,,,,,,,,
98500,244.2,0.000005,,,,,,,,
98600,244.5,0.000004,,,,,,,,
98700,244.7,0.000004,,,,,,,,
98800,244.9,0.000006,,,,,,,,
98900,245.1,0.000002,,,,,,,,
99000,245.4,0.000002,,,,,,,,
99100,245.6,0.000007,,,,,,,,
99200,245.8,0.000002,,,,,,,,
99300,246.0,0.000015,,,,,,,,
99400,246.2,0.000004,,,,,,,,
99500,246.5,0.000006,,,,,,,,
99600,246.7,0.000005,,,,,,,,
99700,246.9,0.000004,,,,,,,,
99800,247.2,0.000002,,,,,,,,
99900,247.4,0.000003,,,,,,,,
100000,248.7,0.000004,0.001463,1.072651e-01,9.191655e-03,7.944681e-03,0.000000,8.014340e-02,9.244009e-03,8.076776e-03
100100,248.9,0.000002,,,,,,,,
100200,249.1,0.000005,,,,,,,,
100300,249.3,0.000003,,,,,,,,
100400,249.5,0.000003,,,,,,,,
100500,249.7,0.000004,,,,,,,,
100600,249.9,0.000003,,,,,,,,
100700,250.1,0.000007,,,,,,,,
100800,250.4,0.000004,,,,,,,,
100900,250.6,0.000004,,,,,,,,
101000,250.8,0.000002,,,,,,,,
101100,251.0,0.000003,,,,,,,,
101200,251.2,0.000004,,,,,,,,
101300,251.5,0.000003,,,,,,,,
101400,251.7,0.000005,,,,,,,,
101500,251.9,0.000002,,,,,,,,
101600,252.1,0.000001,,,,,,,,
101700,252.4,0.000004,,,,,,,,
101800,252.6,0.000002,,,,,,,,
101900,252.8,0.000007,,,,,,,,
102000,253.0,0.000003,,,,,,,,
102100,253.3,0.000006,,,,,,,,
102200,253.5,0.000007,,,,,,,,
102300,253.7,0.000004,,,,,,,,
102400,254.0,0.000002,,,,,,,,
102500,254.2,0.000003,,,,,,,,
102600,254.4,0.000002,,,,,,,,
102700,254.7,0.000004,,,,,,,,
102800,254.9,0.000003,,,,,,,,
102900,255.1,0.000003,,,,,,,,
103000,255.3,0.000005,,,,,,,,
103100,255.6,0.000002,,,,,,,,
103200,255.8,0.000003,,,,,,,,
103300,256.0,0.000005,,,,,,,,
103400,256.3,0.000003,,,,,,,,
103500,256.5,0.000004,,,,,,,,
103600,256.7,0.000004,,,,,,,,
103700,256.9,0.000009,,,,,,,,
103800,257.2,0.000004,,,,,,,,
103900,257.4,0.000002,,,,,,,,
104000,257.6,0.000002,,,,,,,,
104100,257.9,0.000002,,,,,,,,
104200,258.1,0.000004,,,,,,,,
104300,258.3,0.000004,,,,,,,,
104400,258.6,0.000005,,,,,,,,
104500,258.8,0.000003,,,,,,,,
104600,259.0,0.000003,,,,,,,,
104700,259.3,0.000004,,,,,,,,
104800,259.5,0.000003,,,,,,,,
104900,259.7,0.000002,,,,,,,,
105000,261.0,0.000005,0.001310,1.147553e-01,8.229149e-03,6.040112e-03,0.000000,8.583878e-02,8.286916e-03,6.141113e-03
105100,261.2,0.000003,,,,,,,,
105200,261.4,0.000002,,,,,,,,
105300,261.6,0.000002,,,,,,,,
105400,261.8,0.000005,,,,,,,,
105500,262.0,0.000003,,,,,,,,
105600,262.3,0.000003,,,,,,,,
105700,262.5,0.000003,,,,,,,,
105800,262.7,0.000004,,,,,,,,
105900,262.9,0.000004,,,,,,,,
106000,263.2,0.000009,,,,,,,,
106100,263.4,0.000002,,,,,,,,
106200,263.7,0.000004,,,,,,,,
106300,263.9,0.000002,,,,,,,,
106400,264.2,0.000003,,,,,,,,
106500,264.4,0.000001,,,,,,,,
106600,264.6,0.000005,,,,,,,,
106700,264.9,0.000003,,,,,,,,
106800,265.1,0.000004,,,,,,,,
106900,265.4,0.000003,,,,,,,,
107000,265.6,0.000006,,,,,,,,
107100,265.8,0.000002,,,,,,,,
107200,266.1,0.000009,,,,,,,,
107300,266.3,0.000002,,,,,,,,
107400,266.5,0.000004,,,,,,,,
107500,266.7,0.000005,,,,,,,,
107600,267.0,0.000003,,,,,,,,
107700,267.2,0.000003,,,,,,,,
107800,267.4,0.000004,,,,,,,,
107900,267.7,0.000008,,,,,,,,
108000,267.9,0.000003,,,,,,,,
108100,268.1,0.000004,,,,,,,,
108200,268.3,0.000003,,,,,,,,
108300,268.6,0.000003,,,,,,,,
108400,268.8,0.000004,,,,,,,,
108500,269.0,0.000012,,,,,,,,
108600,269.3,0.000003,,,,,,,,
108700,269.5,0.000003,,,,,,,,
108800,269.7,0.000003,,,,,,,,
108900,270.0,0.000003,,,,,,,,
109000,270.2,0.000003,,,,,,,,
109100,270.4,0.000011,,,,,,,,
109200,270.6,0.000003,,,,,,,,
109300,270.9,0.000004,,,,,,,,
109400,271.1,0.000003,,,,,,,,
109500,271.4,0.000002,,,,,,,,
109600,271.6,0.000003,,,,,,,,
109700,271.8,0.000006,,,,,,,,
109800,272.1,0.000003,,,,,,,,
109900,272.3,0.000003,,,,,,,,
110000,273.6,0.000002,0.001266,1.629051e-01,7.952936e-03,6.393120e-03,0.000000,9.161639e-02,7.757729e-03,6.267564e-03
110100,273.8,0.000005,,,,,,,,
110200,274.0,0.000004,,,,,,,,
110300,274.2,0.000004,,,,,,,,
110400,274.4,0.000004,,,,,,,,
110500,274.6,0.000004,,,,,,,,
110600,274.8,0.000003,,,,,,,,
110700,275.0,0.000003,,,,,,,,
110800,275.2,0.000004,,,,,,,,
110900,275.4,0.000001,,,,,,,,
111000,275.6,0.000002,,,,,,,,
111100,275.9,0.000006,,,,,,,,
111200,276.1,0.000003,,,,,,,,
111300,276.3,0.000003,,,,,,,,
111400,276.5,0.000003,,,,,,,,
111500,276.7,0.000005,,,,,,,,
111600,276.9,0.000004,,,,,,,,
111700,277.2,0.000003,,,,,,,,
111800,277.4,0.000002,,,,,,,,
111900,277.7,0.000005,,,,,,,,
112000,277.9,0.000001,,,,,,,,
112100,278.1,0.000002,,,,,,,,
112200,278.4,0.000004,,,,,,,,
112300,278.6,0.000004,,,,,,,,
112400,278.8,0.000003,,,,,,,,
112500,279.1,0.000004,,,,,,,,
112600,279.3,0.000003,,,,,,,,
112700,279.5,0.000004,,,,,,,,
112800,279.7,0.000002,,,,,,,,
112900,280.0,0.000004,,,,,,,,
113000,280.2,0.000014,,,,,,,,
113100,280.4,0.000021,,,,,,,,
113200,280.6,0.000003,,,,,,,,
113300,280.9,0.000002,,,,,,,,
113400,281.1,0.000014,,,,,,,,
113500,281.3,0.000002,,,,,,,,
113600,281.5,0.000004,,,,,,,,
113700,281.8,0.000004,,,,,,,,
113800,282.0,0.000006,,,,,,,,
113900,282.2,0.000005,,,,,,,,
114000,282.4,0.000009,,,,,,,,
114100,282.7,0.000004,,,,,,,,
114200,282.9,0.000004,,,,,,,,
114300,283.1,0.000003,,,,,,,,
114400,283.4,0.000004,,,,,,,,
114500,283.6,0.000004,,,,,,,,
114600,283.8,0.000003,,,,,,,,
114700,284.0,0.000002,,,,,,,,
114800,284.3,0.000005,,,,,,,,
114900,284.5,0.000007,,,,,,,,
115000,285.8,0.000003,0.000908,1.816258e-01,5.706086e-03,4.025338e-03,0.000000,1.324971e-01,5.358604e-03,3.862053e-03
115100,286.0,0.000004,,,,,,,,
115200,286.2,0.000003,,,,,,,,
115300,286.4,0.000003,,,,,,,,
115400,286.6,0.000003,,,,,,,,
115500,286.8,0.000010,,,,,,,,
115600,287.0,0.000004,,,,,,,,
115700,287.2,0.000005,,,,,,,,
115800,287.4,0.000003,,,,,,,,
115900,287.6,0.000003,,,,,,,,
116000,287.9,0.000004,,,,,,,,
116100,288.1,0.000003,,,,,,,,
116200,288.3,0.000004,,,,,,,,
116300,288.5,0.000005,,,,,,,,
116400,288.8,0.000005,,,,,,,,
116500,289.0,0.000003,,,,,,,,
116600,289.3,0.000005,,,,,,,,
116700,289.5,0.000003,,,,,,,,
116800,289.7,0.000002,,,,,,,,
116900,290.0,0.000005,,,,,,,,
117000,290.2,0.000003,,,,,,,,
117100,290.4,0.000006,,,,,,,,
117200,290.7,0.000017,,,,,,,,
117300,290.9,0.000002,,,,,,,,
117400,291.1,0.000007,,,,,,,,
117500,291.4,0.000006,,,,,,,,
117600,291.6,0.000003,,,,,,,,
117700,291.8,0.000003,,,,,,,,
117800,292.0,0.000003,,,,,,,,
117900,292.3,0.000002,,,,,,,,
118000,292.5,0.000003,,,,,,,,
118100,292.7,0.000004,,,,,,,,
118200,292.9,0.000003,,,,,,,,
118300,293.2,0.000004,,,,,,,,
118400,293.4,0.000006,,,,,,,,
118500,293.6,0.000006,,,,,,,,
118600,293.9,0.000004,,,,,,,,
118700,294.1,0.000007,,,,,,,,
118800,294.3,0.000002,,,,,,,,
118900,294.5,0.000003,,,,,,,,
119000,294.7,0.000002,,,,,,,,
119100,295.0,0.000005,,,,,,,,
119200,295.2,0.000002,,,,,,,,
119300,295.4,0.000002,,,,,,,,
119400,295.6,0.000003,,,,,,,,
119500,295.9,0.000006,,,,,,,,
119600,296.1,0.000002,,,,,,,,
119700,296.3,0.000003,,,,,,,,
119800,296.6,0.000002,,,,,,,,
119900,296.8,0.000002,,,,,,,,
120000,298.0,0.000002,0.001753,1.130201e-01,1.101706e-02,8.535993e-03,0.000000,8.107085e-02,1.126585e-02,8.919660e-03
120100,298.2,0.000005,,,,,,,,
120200,298.4,0.000004,,,,,,,,
120300,298.6,0.000002,,,,,,,,
120400,298.8,0.000003,,,,,,,,
120500,299.0,0.000001,,,,,,,,
120600,299.3,0.000002,,,,,,,,
120700,299.5,0.000007,,,,,,,,
120800,299.7,0.000005,,,,,,,,
120900,300.0,0.000007,,,,,,,,
121000,300.2,0.000014,,,,,,,,
121100,300.4,0.000002,,,,,,,,
121200,300.7,0.000003,,,,,,,,
121300,300.9,0.000005,,,,,,,,
121400,301.2,0.000001,,,,,,,,
121500,301.4,0.000003,,,,,,,,
121600,301.6,0.000002,,,,,,,,
121700,301.9,0.000004,,,,,,,,
121800,302.1,0.000004,,,,,,,,
121900,302.3,0.000003,,,,,,,,
122000,302.6,0.000004,,,,,,,,
122100,302.8,0.000005,,,,,,,,
122200,303.0,0.000002,,,,,,,,
122300,303.3,0.000002,,,,,,,,
122400,303.5,0.000003,,,,,,,,
122500,303.7,0.000002,,,,,,,,
122600,303.9,0.000004,,,,,,,,
122700,304.1,0.000004,,,,,,,,
122800,304.4,0.000004,,,,,,,,
122900,304.6,0.000004,,,,,,,,
123000,304.8,0.000002,,,,,,,,
123100,305.1,0.000003,,,,,,,,
123200,305.3,0.000001,,,,,,,,
123300,305.5,0.000003,,,,,,,,
123400,305.8,0.000004,,,,,,,,
123500,306.0,0.000002,,,,,,,,
123600,306.2,0.000004,,,,,,,,
123700,306.4,0.000002,,,,,,,,
123800,306.6,0.000002,,,,,,,,
123900,306.9,0.000002,,,,,,,,
124000,307.1,0.000002,,,,,,,,
124100,307.3,0.000006,,,,,,,,
124200,307.5,0.000002,,,,,,,,
124300,307.8,0.000003,,,,,,,,
124400,308.0,0.000002,,,,,,,,
124500,308.2,0.000005,,,,,,,,
124600,308.4,0.000005,,,,,,,,
124700,308.7,0.000002,,,,,,,,
124800,308.9,0.000002,,,,,,,,
124900,309.1,0.000011,,,,,,,,
125000,310.4,0.000010,0.002884,1.610331e-01,1.812045e-02,1.633806e-02,0.000000,1.342732e-01,1.832761e-02,1.693170e-02
125100,310.6,0.000005,,,,,,,,
125200,310.8,0.000005,,,,,,,,
125300,311.0,0.000002,,,,,,,,
125400,311.2,0.000003,,,,,,,,
125500,311.4,0.000005,,,,,,,,
125600,311.6,0.000003,,,,,,,,
125700,311.8,0.000006,,,,,,,,
125800,312.0,0.000007,,,,,,,,
125900,312.3,0.000006,,,,,,,,
126000,312.5,0.000004,,,,,,,,
126100,312.7,0.000003,,,,,,,,
126200,312.9,0.000003,,,,,,,,
126300,313.1,0.000003,,,,,,,,
126400,313.3,0.000005,,,,,,,,
126500,313.6,0.000004,,,,,,,,
126600,313.8,0.000004,,,,,,,,
126700,314.0,0.000005,,,,,,,,
126800,314.2,0.000003,,,,,,,,
126900,314.5,0.000002,,,,,,,,
127000,314.7,0.000003,,,,,,,,
127100,314.9,0.000003,,,,,,,,
127200,315.2,0.000002,,,,,,,,
127300,315.4,0.000003,,,,,,,,
127400,315.6,0.000003,,,,,,,,
127500,315.9,0.000008,,,,,,,,
127600,316.1,0.000004,,,,,,,,
127700,316.3,0.000002,,,,,,,,
127800,316.5,0.000004,,,,,,,,
127900,316.8,0.000004,,,,,,,,
128000,317.0,0.000007,,,,,,,,
128100,317.2,0.000001,,,,,,,,
128200,317.5,0.000003,,,,,,,,
128300,317.7,0.000002,,,,,,,,
128400,317.9,0.000002,,,,,,,,
128500,318.2,0.000002,,,,,,,,
128600,318.4,0.000002,,,,,,,,
128700,318.6,0.000001,,,,,,,,
128800,318.9,0.000003,,,,,,,,
128900,319.1,0.000011,,,,,,,,
129000,319.3,0.000003,,,,,,,,
129100,319.6,0.000003,,,,,,,,
129200,319.8,0.000004,,,,,,,,
129300,320.0,0.000004,,,,,,,,
129400,320.2,0.000004,,,,,,,,
129500,320.5,0.000002,,,,,,,,
129600,320.7,0.000005,,,,,,,,
129700,320.9,0.000002,,,,,,,,
129800,321.1,0.000002,,,,,,,,
129900,321.3,0.000002,,,,,,,,
130000,322.6,0.000005,0.001442,2.189109e-01,9.062424e-03,7.348598e-03,0.000000,1.516435e-01,8.931192e-03,7.412017e-03
130100,322.8,0.000003,,,,,,,,
130200,323.0,0.000002,,,,,,,,
130300,323.2,0.000003,,,,,,,,
130400,323.4,0.000006,,,,,,,,
130500,323.6,0.000002,,,,,,,,
130600,323.8,0.000004,,,,,,,,
130700,324.0,0.000003,,,,,,,,
130800,324.3,0.000002,,,,,,,,
130900,324.5,0.000003,,,,,,,,
131000,324.7,0.000004,,,,,,,,
131100,325.0,0.000002,,,,,,,,
131200,325.2,0.000002,,,,,,,,
131300,325.4,0.000004,,,,,,,,
131400,325.6,0.000002,,,,,,,,
131500,325.9,0.000005,,,,,,,,
131600,326.1,0.000004,,,,,,,,
131700,326.4,0.000004,,,,,,,,
131800,326.6,0.000003,,,,,,,,
131900,326.8,0.000002,,,,,,,,
132000,327.1,0.000002,,,,,,,,
132100,327.3,0.000003,,,,,,,,
132200,327.5,0.000002,,,,,,,,
132300,327.7,0.000002,,,,,,,,
132400,328.0,0.000002,,,,,,,,
132500,328.2,0.000004,,,,,,,,
132600,328.4,0.000005,,,,,,,,
132700,328.7,0.000003,,,,,,,,
132800,328.9,0.000004,,,,,,,,
132900,329.1,0.000003,,,,,,,,
133000,329.4,0.000003,,,,,,,,
133100,329.6,0.000005,,,,,,,,
133200,329.8,0.000002,,,,,,,,
133300,330.1,0.000005,,,,,,,,
133400,330.3,0.000004,,,,,,,,
133500,330.5,0.000003,,,,,,,,
133600,330.8,0.000003,,,,,,,,
133700,331.0,0.000002,,,,,,,,
133800,331.2,0.000002,,,,,,,,
133900,331.5,0.000008,,,,,,,,
134000,331.7,0.000005,,,,,,,,
134100,331.9,0.000002,,,,,,,,
134200,332.2,0.000003,,,,,,,,
134300,332.4,0.000008,,,,,,,,
134400,332.6,0.000003,,,,,,,,
134500,332.9,0.000002,,,,,,,,
134600,333.1,0.000002,,,,,,,,
134700,333.3,0.000003,,,,,,,,
134800,333.5,0.000004,,,,,,,,
134900,333.8,0.000003,,,,,,,,
135000,335.0,0.000002,0.001279,1.170495e-01,8.036367e-03,6.168816e-03,0.000000,7.447813e-02,7.966621e-03,6.141711e-03
135100,335.2,0.000004,,,,,,,,
135200,335.4,0.000002,,,,,,,,
135300,335.6,0.000001,,,,,,,,
135400,335.8,0.000002,,,,,,,,
135500,336.0,0.000003,,,,,,,,
135600,336.2,0.000002,,,,,,,,
135700,336.5,0.000003,,,,,,,,
135800,336.7,0.000002,,,,,,,,
135900,336.9,0.000004,,,,,,,,
136000,337.2,0.000004,,,,,,,,
136100,337.4,0.000010,,,,,,,,
136200,337.6,0.000005,,,,,,,,
136300,337.8,0.000006,,,,,,,,
136400,338.1,0.000004,,,,,,,,
136500,338.3,0.000003,,,,,,,,
136600,338.6,0.000002,,,,,,,,
136700,338.8,0.000002,,,,,,,,
136800,339.1,0.000002,,,,,,,,
136900,339.3,0.000001,,,,,,,,
137000,339.5,0.000004,,,,,,,,
137100,339.8,0.000004,,,,,,,,
137200,340.0,0.000005,,,,,,,,
137300,340.2,0.000005,,,,,,,,
137400,340.4,0.000002,,,,,,,,
137500,340.7,0.000002,,,,,,,,
137600,340.9,0.000004,,,,,,,,
137700,341.1,0.000004,,,,,,,,
137800,341.4,0.000002,,,,,,,,
137900,341.6,0.000004,,,,,,,,
138000,341.8,0.000004,,,,,,,,
138100,342.1,0.000003,,,,,,,,
138200,342.3,0.000004,,,,,,,,
138300,342.5,0.000004,,,,,,,,
138400,342.8,0.000004,,,,,,,,
138500,343.0,0.000002,,,,,,,,
138600,343.2,0.000005,,,,,,,,
138700,343.5,0.000002,,,,,,,,
138800,343.7,0.000001,,,,,,,,
138900,343.9,0.000003,,,,,,,,
139000,344.1,0.000003,,,,,,,,
139100,344.4,0.000003,,,,,,,,
139200,344.6,0.000004,,,,,,,,
139300,344.8,0.000002,,,,,,,,
139400,345.0,0.000005,,,,,,,,
139500,345.3,0.000003,,,,,,,,
139600,345.5,0.000003,,,,,,,,
139700,345.7,0.000002,,,,,,,,
139800,346.0,0.000003,,,,,,,,
139900,346.2,0.000003,,,,,,,,
140000,347.4,0.000003,0.001153,1.451099e-01,7.244691e-03,5.896015e-03,0.000000,8.377073e-02,7.105097e-03,5.909504e-03
140100,347.6,0.000002,,,,,,,,
140200,347.8,0.000004,,,,,,,,
140300,348.0,0.000002,,,,,,,,
140400,348.2,0.000004,,,,,,,,
140500,348.4,0.000003,,,,,,,,
140600,348.6,0.000010,,,,,,,,
140700,348.8,0.000003,,,,,,,,
140800,349.0,0.000002,,,,,,,,
140900,349.3,0.000003,,,,,,,,
141000,349.5,0.000003,,,,,,,,
141100,349.8,0.000004,,,,,,,,
141200,350.0,0.000003,,,,,,,,
141300,350.2,0.000002,,,,,,,,
141400,350.5,0.000005,,,,,,,,
141500,350.7,0.000002,,,,,,,,
141600,351.0,0.000003,,,,,,,,
141700,351.2,0.000003,,,,,,,,
141800,351.4,0.000003,,,,,,,,
141900,351.7,0.000003,,,,,,,,
142000,351.9,0.000006,,,,,,,,
142100,352.2,0.000003,,,,,,,,
142200,352.4,0.000002,,,,,,,,
142300,352.6,0.000002,,,,,,,,
142400,352.8,0.000002,,,,,,,,
142500,353.1,0.000001,,,,,,,,
142600,353.3,0.000004,,,,,,,,
142700,353.5,0.000003,,,,,,,,
142800,353.7,0.000006,,,,,,,,
142900,354.0,0.000003,,,,,,,,
143000,354.2,0.000008,,,,,,,,
143100,354.4,0.000002,,,,,,,,
143200,354.7,0.000007,,,,,,,,
143300,354.9,0.000005,,,,,,,,
143400,355.1,0.000002,,,,,,,,
143500,355.4,0.000003,,,,,,,,
143600,355.6,0.000002,,,,,,,,
143700,355.8,0.000003,,,,,,,,
143800,356.0,0.000002,,,,,,,,
143900,356.2,0.000002,,,,,,,,
144000,356.5,0.000009,,,,,,,,
144100,356.7,0.000005,,,,,,,,
144200,356.9,0.000005,,,,,,,,
144300,357.2,0.000004,,,,,,,,
144400,357.4,0.000001,,,,,,,,
144500,357.6,0.000003,,,,,,,,
144600,357.8,0.000002,,,,,,,,
144700,358.1,0.000004,,,,,,,,
144800,358.3,0.000003,,,,,,,,
144900,358.6,0.000002,,,,,,,,
145000,359.8,0.000002,0.001182,1.370288e-01,7.424198e-03,5.710561e-03,0.000000,1.013258e-01,7.219148e-03,5.635270e-03
145100,360.0,0.000004,,,,,,,,
145200,360.2,0.000001,,,,,,,,
145300,360.4,0.000002,,,,,,,,
145400,360.6,0.000003,,,,,,,,
145500,360.8,0.000002,,,,,,,,
145600,361.0,0.000004,,,,,,,,
145700,361.2,0.000003,,,,,,,,
145800,361.5,0.000004,,,,,,,,
145900,361.7,0.000002,,,,,,,,
146000,362.0,0.000007,,,,,,,,
146100,362.2,0.000002,,,,,,,,
146200,362.4,0.000005,,,,,,,,
146300,362.6,0.000007,,,,,,,,
146400,362.9,0.000003,,,,,,,,
146500,363.1,0.000002,,,,,,,,
146600,363.4,0.000003,,,,,,,,
146700,363.6,0.000003,,,,,,,,
146800,363.8,0.000004,,,,,,,,
146900,364.1,0.000002,,,,,,,,
147000,364.3,0.000002,,,,,,,,
147100,364.5,0.000007,,,,,,,,
147200,364.7,0.000002,,,,,,,,
147300,365.0,0.000004,,,,,,,,
147400,365.2,0.000005,,,,,,,,
147500,365.4,0.000002,,,,,,,,
147600,365.6,0.000002,,,,,,,,
147700,365.9,0.000004,,,,,,,,
147800,366.1,0.000004,,,,,,,,
147900,366.3,0.000006,,,,,,,,
148000,366.5,0.000003,,,,,,,,
148100,366.7,0.000005,,,,,,,,
148200,366.9,0.000004,,,,,,,,
148300,367.1,0.000003,,,,,,,,
148400,367.4,0.000005,,,,,,,,
148500,367.6,0.000006,,,,,,,,
148600,367.8,0.000003,,,,,,,,
148700,368.0,0.000002,,,,,,,,
148800,368.3,0.000005,,,,,,,,
148900,368.5,0.000002,,,,,,,,
149000,368.7,0.000004,,,,,,,,
149100,369.0,0.000003,,,,,,,,
149200,369.2,0.000003,,,,,,,,
149300,369.5,0.000002,,,,,,,,
149400,369.7,0.000013,,,,,,,,
149500,369.9,0.000002,,,,,,,,
149600,370.1,0.000002,,,,,,,,
149700,370.4,0.000004,,,,,,,,
149800,370.6,0.000005,,,,,,,,
149900,370.8,0.000018,,,,,,,,
150000,372.1,0.000002,0.001192,1.292262e-01,7.488034e-03,6.050139e-03,0.000000,9.962328e-02,7.513596e-03,6.143016e-03
150100,372.3,0.000003,,,,,,,,
150200,372.5,0.000007,,,,,,,,
150300,372.7,0.000003,,,,,,,,
150400,372.9,0.000003,,,,,,,,
150500,373.1,0.000003,,,,,,,,
150600,373.3,0.000002,,,,,,,,
150700,373.5,0.000002,,,,,,,,
150800,373.8,0.000002,,,,,,,,
150900,374.0,0.000004,,,,,,,,
151000,374.3,0.000003,,,,,,,,
151100,374.5,0.000002,,,,,,,,
151200,374.7,0.000004,,,,,,,,
151300,375.0,0.000015,,,,,,,,
151400,375.2,0.000003,,,,,,,,
151500,375.5,0.000009,,,,,,,,
151600,375.7,0.000005,,,,,,,,
151700,375.9,0.000002,,,,,,,,
151800,376.1,0.000002,,,,,,,,
151900,376.4,0.000008,,,,,,,,
152000,376.6,0.000003,,,,,,,,
152100,376.8,0.000002,,,,,,,,
152200,377.1,0.000004,,,,,,,,
152300,377.3,0.000008,,,,,,,,
152400,377.5,0.000002,,,,,,,,
152500,377.8,0.000004,,,,,,,,
152600,378.0,0.000002,,,,,,,,
152700,378.3,0.000003,,,,,,,,
152800,378.5,0.000004,,,,,,,,
152900,378.7,0.000002,,,,,,,,
153000,379.0,0.000002,,,,,,,,
153100,379.2,0.000003,,,,,,,,
153200,379.4,0.000004,,,,,,,,
153300,379.6,0.000007,,,,,,,,
153400,379.9,0.000005,,,,,,,,
153500,380.1,0.000002,,,,,,,,
153600,380.3,0.000001,,,,,,,,
153700,380.6,0.000005,,,,,,,,
153800,380.8,0.000005,,,,,,,,
153900,381.0,0.000003,,,,,,,,
154000,381.3,0.000002,,,,,,,,
154100,381.5,0.000002,,,,,,,,
154200,381.7,0.000002,,,,,,,,
154300,382.0,0.000005,,,,,,,,
154400,382.2,0.000002,,,,,,,,
154500,382.4,0.000008,,,,,,,,
154600,382.6,0.000002,,,,,,,,
154700,382.8,0.000003,,,,,,,,
154800,383.1,0.000002,,,,,,,,
154900,383.3,0.000002,,,,,,,,
155000,384.6,0.000004,0.001395,1.250180e-01,8.763236e-03,7.036691e-03,0.000000,8.413599e-02,8.980577e-03,7.375531e-03
155100,384.8,0.000004,,,,,,,,
155200,385.0,0.000008,,,,,,,,
155300,385.2,0.000005,,,,,,,,
155400,385.4,0.000006,,,,,,,,
155500,385.6,0.000002,,,,,,,,
155600,385.8,0.000002,,,,,,,,
155700,386.0,0.000002,,,,,,,,
155800,386.2,0.000004,,,,,,,,
155900,386.5,0.000002,,,,,,,,
156000,386.7,0.000004,,,,,,,,
156100,386.9,0.000002,,,,,,,,
156200,387.1,0.000002,,,,,,,,
156300,387.4,0.000002,,,,,,,,
156400,387.6,0.000004,,,,,,,,
156500,387.9,0.000003,,,,,,,,
156600,388.1,0.000007,,,,,,,,
156700,388.3,0.000002,,,,,,,,
156800,388.5,0.000002,,,,,,,,
156900,388.8,0.000003,,,,,,,,
157000,389.0,0.000002,,,,,,,,
157100,389.2,0.000003,,,,,,,,
157200,389.5,0.000002,,,,,,,,
157300,389.7,0.000002,,,,,,,,
157400,389.9,0.000003,,,,,,,,
157500,390.2,0.000003,,,,,,,,
157600,390.4,0.000002,,,,,,,,
157700,390.6,0.000002,,,,,,,,
157800,390.9,0.000003,,,,,,,,
157900,391.1,0.000004,,,,,,,,
158000,391.3,0.000002,,,,,,,,
158100,391.6,0.000002,,,,,,,,
158200,391.8,0.000004,,,,,,,,
158300,392.1,0.000004,,,,,,,,
158400,392.3,0.000003,,,,,,,,
158500,392.6,0.000003,,,,,,,,
158600,392.8,0.000002,,,,,,,,
158700,393.0,0.000002,,,,,,,,
158800,393.2,0.000002,,,,,,,,
158900,393.5,0.000002,,,,,,,,
159000,393.7,0.000003,,,,,,,,
159100,393.9,0.000003,,,,,,,,
159200,394.2,0.000002,,,,,,,,
159300,394.4,0.000002,,,,,,,,
159400,394.6,0.000002,,,,,,,,
159500,394.8,0.000002,,,,,,,,
159600,395.1,0.000002,,,,,,,,
159700,395.3,0.000003,,,,,,,,
159800,395.5,0.000003,,,,,,,,
159900,395.7,0.000004,,,,,,,,
160000,397.0,0.000002,0.001165,1.226340e-01,7.318238e-03,5.310734e-03,0.000000,7.069833e-02,7.303713e-03,5.378216e-03
160100,397.2,0.000006,,,,,,,,
160200,397.4,0.000002,,,,,,,,
160300,397.6,0.000003,,,,,,,,
160400,397.8,0.000007,,,,,,,,
160500,398.0,0.000002,,,,,,,,
160600,398.2,0.000003,,,,,,,,
160700,398.4,0.000006,,,,,,,,
160800,398.6,0.000005,,,,,,,,
160900,398.9,0.000002,,,,,,,,
161000,399.1,0.000002,,,,,,,,
161100,399.3,0.000002,,,,,,,,
161200,399.6,0.000003,,,,,,,,
161300,399.8,0.000003,,,,,,,,
161400,400.0,0.000002,,,,,,,,
161500,400.3,0.000005,,,,,,,,
161600,400.5,0.000002,,,,,,,,
161700,400.8,0.000002,,,,,,,,
161800,401.0,0.000003,,,,,,,,
161900,401.2,0.000003,,,,,,,,
162000,401.5,0.000002,,,,,,,,
162100,401.7,0.000002,,,,,,,,
162200,402.0,0.000002,,,,,,,,
162300,402.2,0.000002,,,,,,,,
162400,402.4,0.000003,,,,,,,,
162500,402.6,0.000002,,,,,,,,
162600,402.9,0.000002,,,,,,,,
162700,403.1,0.000002,,,,,,,,
162800,403.3,0.000002,,,,,,,,
162900,403.6,0.000005,,,,,,,,
163000,403.8,0.000002,,,,,,,,
163100,404.0,0.000019,,,,,,,,
163200,404.2,0.000002,,,,,,,,
163300,404.4,0.000002,,,,,,,,
163400,404.7,0.000006,,,,,,,,
163500,404.9,0.000003,,,,,,,,
163600,405.1,0.000004,,,,,,,,
163700,405.4,0.000002,,,,,,,,
163800,405.6,0.000002,,,,,,,,
163900,405.8,0.000002,,,,,,,,
164000,406.0,0.000002,,,,,,,,
164100,406.3,0.000005,,,,,,,,
164200,406.5,0.000003,,,,,,,,
164300,406.7,0.000002,,,,,,,,
164400,406.9,0.000003,,,,,,,,
164500,407.1,0.000003,,,,,,,,
164600,407.4,0.000002,,,,,,,,
164700,407.6,0.000004,,,,,,,,
164800,407.8,0.000003,,,,,,,,
164900,408.0,0.000002,,,,,,,,
165000,409.3,0.000004,0.002360,2.328016e-01,1.482702e-02,1.349198e-02,0.000000,1.589980e-01,1.462079e-02,1.356637e-02
165100,409.5,0.000002,,,,,,,,
165200,409.7,0.000032,,,,,,,,
165300,409.9,0.000003,,,,,,,,
165400,410.1,0.000004,,,,,,,,
165500,410.3,0.000002,,,,,,,,
165600,410.5,0.000004,,,,,,,,
165700,410.8,0.000002,,,,,,,,
165800,411.0,0.000003,,,,,,,,
165900,411.2,0.000003,,,,,,,,
166000,411.5,0.000003,,,,,,,,
166100,411.7,0.000002,,,,,,,,
166200,411.9,0.000002,,,,,,,,
166300,412.2,0.000003,,,,,,,,
166400,412.4,0.000003,,,,,,,,
166500,412.6,0.000002,,,,,,,,
166600,412.9,0.000003,,,,,,,,
166700,413.1,0.000003,,,,,,,,
166800,413.4,0.000007,,,,,,,,
166900,413.6,0.000003,,,,,,,,
167000,413.9,0.000003,,,,,,,,
167100,414.1,0.000003,,,,,,,,
167200,414.3,0.000001,,,,,,,,
167300,414.6,0.000002,,,,,,,,
167400,414.8,0.000003,,,,,,,,
167500,415.0,0.000002,,,,,,,,
167600,415.2,0.000002,,,,,,,,
167700,415.5,0.000003,,,,,,,,
167800,415.7,0.000002,,,,,,,,
167900,415.9,0.000003,,,,,,,,
168000,416.2,0.000003,,,,,,,,
168100,416.4,0.000002,,,,,,,,
168200,416.6,0.000003,,,,,,,,
168300,416.8,0.000003,,,,,,,,
168400,417.1,0.000002,,,,,,,,
168500,417.3,0.000006,,,,,,,,
168600,417.5,0.000003,,,,,,,,
168700,417.8,0.000005,,,,,,,,
168800,418.0,0.000001,,,,,,,,
168900,418.2,0.000004,,,,,,,,
169000,418.5,0.000002,,,,,,,,
169100,418.7,0.000003,,,,,,,,
169200,418.9,0.000003,,,,,,,,
169300,419.1,0.000002,,,,,,,,
169400,419.3,0.000003,,,,,,,,
169500,419.6,0.000003,,,,,,,,
169600,419.8,0.000002,,,,,,,,
169700,420.0,0.000004,,,,,,,,
169800,420.3,0.000003,,,,,,,,
169900,420.5,0.000005,,,,,,,,
170000,421.8,0.000001,0.000892,1.222437e-01,5.603664e-03,4.083075e-03,0.000000,8.835514e-02,5.449295e-03,3.987436e-03
170100,422.0,0.000004,,,,,,,,
170200,422.2,0.000002,,,,,,,,
170300,422.4,0.000003,,,,,,,,
170400,422.6,0.000006,,,,,,,,
170500,422.8,0.000002,,,,,,,,
170600,423.0,0.000004,,,,,,,,
170700,423.2,0.000002,,,,,,,,
170800,423.5,0.000002,,,,,,,,
170900,423.7,0.000002,,,,,,,,
171000,424.0,0.000006,,,,,,,,
171100,424.2,0.000001,,,,,,,,
171200,424.4,0.000003,,,,,,,,
171300,424.7,0.000003,,,,,,,,
171400,424.9,0.000002,,,,,,,,
171500,425.1,0.000003,,,,,,,,
171600,425.4,0.000002,,,,,,,,
171700,425.6,0.000003,,,,,,,,
171800,425.8,0.000001,,,,,,,,
171900,426.1,0.000004,,,,,,,,
172000,426.3,0.000003,,,,,,,,
172100,426.5,0.000004,,,,,,,,
172200,426.8,0.000002,,,,,,,,
172300,427.0,0.000001,,,,,,,,
172400,427.2,0.000002,,,,,,,,
172500,427.4,0.000003,,,,,,,,
172600,427.7,0.000003,,,,,,,,
172700,427.9,0.000003,,,,,,,,
172800,428.1,0.000002,,,,,,,,
172900,428.3,0.000002,,,,,,,,
173000,428.5,0.000003,,,,,,,,
173100,428.8,0.000002,,,,,,,,
173200,429.0,0.000002,,,,,,,,
173300,429.2,0.000003,,,,,,,,
173400,429.4,0.000004,,,,,,,,
173500,429.7,0.000004,,,,,,,,
173600,429.9,0.000004,,,,,,,,
173700,430.2,0.000004,,,,,,,,
173800,430.4,0.000002,,,,,,,,
173900,430.6,0.000003,,,,,,,,
174000,430.8,0.000002,,,,,,,,
174100,431.1,0.000007,,,,,,,,
174200,431.3,0.000003,,,,,,,,
174300,431.5,0.000009,,,,,,,,
174400,431.7,0.000002,,,,,,,,
174500,432.0,0.000002,,,,,,,,
174600,432.2,0.000002,,,,,,,,
174700,432.4,0.000004,,,,,,,,
174800,432.7,0.000002,,,,,,,,
174900,432.9,0.000004,,,,,,,,
175000,434.2,0.000001,0.001720,1.594887e-01,1.081004e-02,8.835320e-03,0.000000,1.257201e-01,1.064598e-02,8.774097e-03
175100,434.4,0.000003,,,,,,,,
175200,434.6,0.000004,,,,,,,,
175300,434.8,0.000007,,,,,,,,
175400,435.0,0.000002,,,,,,,,
175500,435.2,0.000001,,,,,,,,
175600,435.4,0.000004,,,,,,,,
175700,435.6,0.000001,,,,,,,,
175800,435.8,0.000002,,,,,,,,
175900,436.0,0.000002,,,,,,,,
176000,436.2,0.000003,,,,,,,,
176100,436.4,0.000003,,,,,,,,
176200,436.6,0.000001,,,,,,,,
176300,436.9,0.000010,,,,,,,,
176400,437.1,0.000003,,,,,,,,
176500,437.4,0.000002,,,,,,,,
176600,437.6,0.000003,,,,,,,,
176700,437.8,0.000006,,,,,,,,
176800,438.0,0.000003,,,,,,,,
176900,438.3,0.000002,,,,,,,,
177000,438.5,0.000001,,,,,,,,
177100,438.7,0.000002,,,,,,,,
177200,439.0,0.000006,,,,,,,,
177300,439.2,0.000002,,,,,,,,
177400,439.4,0.000006,,,,,,,,
177500,439.6,0.000002,,,,,,,,
177600,439.9,0.000003,,,,,,,,
177700,440.1,0.000003,,,,,,,,
177800,440.3,0.000003,,,,,,,,
177900,440.5,0.000003,,,,,,,,
178000,440.8,0.000006,,,,,,,,
178100,441.0,0.000007,,,,,,,,
178200,441.2,0.000002,,,,,,,,
178300,441.5,0.000001,,,,,,,,
178400,441.7,0.000005,,,,,,,,
178500,441.9,0.000003,,,,,,,,
178600,442.1,0.000001,,,,,,,,
178700,442.4,0.000002,,,,,,,,
178800,442.6,0.000005,,,,,,,,
178900,442.8,0.000003,,,,,,,,
179000,443.0,0.000004,,,,,,,,
179100,443.3,0.000002,,,,,,,,
179200,443.5,0.000006,,,,,,,,
179300,443.8,0.000002,,,,,,,,
179400,444.0,0.000012,,,,,,,,
179500,444.2,0.000002,,,,,,,,
179600,444.5,0.000002,,,,,,,,
179700,444.7,0.000002,,,,,,,,
179800,445.0,0.000005,,,,,,,,
179900,445.2,0.000003,,,,,,,,
180000,446.5,0.000002,0.001780,1.161972e-01,1.118625e-02,1.046968e-02,0.000000,8.240636e-02,1.078898e-02,1.026254e-02
180100,446.7,0.000003,,,,,,,,
180200,446.9,0.000002,,,,,,,,
180300,447.1,0.000002,,,,,,,,
180400,447.3,0.000002,,,,,,,,
180500,447.5,0.000003,,,,,,,,
180600,447.7,0.000002,,,,,,,,
180700,447.9,0.000004,,,,,,,,
180800,448.1,0.000002,,,,,,,,
180900,448.4,0.000005,,,,,,,,
181000,448.6,0.000003,,,,,,,,
181100,448.8,0.000005,,,,,,,,
181200,449.1,0.000003,,,,,,,,
181300,449.3,0.000002,,,,,,,,
181400,449.5,0.000005,,,,,,,,
181500,449.8,0.000003,,,,,,,,
181600,450.0,0.000002,,,,,,,,
181700,450.2,0.000002,,,,,,,,
181800,450.5,0.000002,,,,,,,,
181900,450.7,0.000004,,,,,,,,
182000,450.9,0.000003,,,,,,,,
182100,451.2,0.000002,,,,,,,,
182200,451.4,0.000002,,,,,,,,
182300,451.6,0.000002,,,,,,,,
182400,451.8,0.000003,,,,,,,,
182500,452.0,0.000002,,,,,,,,
182600,452.2,0.000002,,,,,,,,
182700,452.5,0.000003,,,,,,,,
182800,452.7,0.000005,,,,,,,,
182900,452.9,0.000004,,,,,,,,
183000,453.2,0.000014,,,,,,,,
183100,453.4,0.000005,,,,,,,,
183200,453.6,0.000001,,,,,,,,
183300,453.8,0.000005,,,,,,,,
183400,454.1,0.000003,,,,,,,,
183500,454.3,0.000003,,,,,,,,
183600,454.5,0.000002,,,,,,,,
183700,454.7,0.000008,,,,,,,,
183800,455.0,0.000003,,,,,,,,
183900,455.2,0.000002,,,,,,,,
184000,455.4,0.000002,,,,,,,,
184100,455.6,0.000001,,,,,,,,
184200,455.9,0.000002,,,,,,,,
184300,456.1,0.000002,,,,,,,,
184400,456.3,0.000004,,,,,,,,
184500,456.6,0.000004,,,,,,,,
184600,456.8,0.000003,,,,,,,,
184700,457.0,0.000003,,,,,,,,
184800,457.2,0.000005,,,,,,,,
184900,457.4,0.000002,,,,,,,,
185000,458.7,0.000004,0.001175,1.715673e-01,7.382227e-03,5.160848e-03,0.000000,1.266984e-01,7.279609e-03,5.228418e-03
185100,458.9,0.000004,,,,,,,,
185200,459.1,0.000002,,,,,,,,
185300,459.3,0.000006,,,,,,,,
185400,459.5,0.000002,,,,,,,,
185500,459.7,0.000003,,,,,,,,
185600,459.9,0.000004,,,,,,,,
185700,460.2,0.000002,,,,,,,,
185800,460.4,0.000002,,,,,,,,
185900,460.6,0.000002,,,,,,,,
186000,460.9,0.000002,,,,,,,,
186100,461.1,0.000005,,,,,,,,
186200,461.4,0.000002,,,,,,,,
186300,461.6,0.000011,,,,,,,,
186400,461.8,0.000002,,,,,,,,
186500,462.1,0.000003,,,,,,,,
186600,462.3,0.000003,,,,,,,,
186700,462.5,0.000003,,,,,,,,
186800,462.8,0.000003,,,,,,,,
186900,463.0,0.000002,,,,,,,,
187000,463.3,0.000003,,,,,,,,
187100,463.5,0.000002,,,,,,,,
187200,463.7,0.000002,,,,,,,,
187300,464.0,0.000003,,,,,,,,
187400,464.2,0.000003,,,,,,,,
187500,464.4,0.000002,,,,,,,,
187600,464.7,0.000008,,,,,,,,
187700,464.9,0.000002,,,,,,,,
187800,465.1,0.000004,,,,,,,,
187900,465.4,0.000001,,,,,,,,
188000,465.6,0.000004,,,,,,,,
188100,465.8,0.000008,,,,,,,,
188200,466.0,0.000004,,,,,,,,
188300,466.2,0.000002,,,,,,,,
188400,466.4,0.000002,,,,,,,,
188500,466.7,0.000005,,,,,,,,
188600,466.9,0.000003,,,,,,,,
188700,467.1,0.000001,,,,,,,,
188800,467.3,0.000002,,,,,,,,
188900,467.6,0.000005,,,,,,,,
189000,467.8,0.000002,,,,,,,,
189100,468.0,0.000003,,,,,,,,
189200,468.3,0.000003,,,,,,,,
189300,468.5,0.000004,,,,,,,,
189400,468.7,0.000003,,,,,,,,
189500,468.9,0.000002,,,,,,,,
189600,469.2,0.000002,,,,,,,,
189700,469.4,0.000002,,,,,,,,
189800,469.6,0.000001,,,,,,,,
189900,469.8,0.000002,,,,,,,,
190000,471.1,0.000002,0.001218,8.979912e-02,7.654168e-03,6.243419e-03,0.000000,5.802436e-02,7.709389e-03,6.394369e-03
190100,471.3,0.000002,,,,,,,,
190200,471.5,0.000002,,,,,,,,
190300,471.7,0.000005,,,,,,,,
190400,471.9,0.000002,,,,,,,,
190500,472.1,0.000004,,,,,,,,
190600,472.3,0.000003,,,,,,,,
190700,472.6,0.000002,,,,,,,,
190800,472.8,0.000003,,,,,,,,
190900,473.0,0.000003,,,,,,,,
191000,473.2,0.000001,,,,,,,,
191100,473.5,0.000002,,,,,,,,
191200,473.7,0.000001,,,,,,,,
191300,474.0,0.000003,,,,,,,,
191400,474.2,0.000003,,,,,,,,
191500,474.4,0.000005,,,,,,,,
191600,474.6,0.000002,,,,,,,,
191700,474.8,0.000004,,,,,,,,
191800,475.1,0.000005,,,,,,,,
191900,475.3,0.000003,,,,,,,,
192000,475.5,0.000001,,,,,,,,
192100,475.8,0.000003,,,,,,,,
192200,476.0,0.000002,,,,,,,,
192300,476.3,0.000005,,,,,,,,
192400,476.5,0.000002,,,,,,,,
192500,476.8,0.000003,,,,,,,,
192600,477.0,0.000004,,,,,,,,
192700,477.2,0.000002,,,,,,,,
192800,477.4,0.000004,,,,,,,,
192900,477.7,0.000002,,,,,,,,
193000,477.9,0.000006,,,,,,,,
193100,478.1,0.000003,,,,,,,,
193200,478.4,0.000002,,,,,,,,
193300,478.6,0.000002,,,,,,,,
193400,478.8,0.000002,,,,,,,,
193500,479.1,0.000003,,,,,,,,
193600,479.3,0.000006,,,,,,,,
193700,479.5,0.000003,,,,,,,,
193800,479.8,0.000002,,,,,,,,
193900,480.0,0.000005,,,,,,,,
194000,480.2,0.000005,,,,,,,,
194100,480.4,0.000003,,,,,,,,
194200,480.7,0.000005,,,,,,,,
194300,480.9,0.000001,,,,,,,,
194400,481.1,0.000002,,,,,,,,
194500,481.3,0.000002,,,,,,,,
194600,481.6,0.000003,,,,,,,,
194700,481.8,0.000002,,,,,,,,
194800,482.1,0.000007,,,,,,,,
194900,482.3,0.000003,,,,,,,,
195000,483.5,0.000003,0.000966,1.109404e-01,6.071559e-03,4.691964e-03,0.000000,8.143587e-02,5.987726e-03,4.695912e-03
195100,483.7,0.000005,,,,,,,,
195200,483.9,0.000001,,,,,,,,
195300,484.1,0.000002,,,,,,,,
195400,484.3,0.000002,,,,,,,,
195500,484.6,0.000003,,,,,,,,
195600,484.8,0.000004,,,,,,,,
195700,485.0,0.000002,,,,,,,,
195800,485.2,0.000002,,,,,,,,
195900,485.5,0.000002,,,,,,,,
196000,485.7,0.000001,,,,,,,,
196100,485.9,0.000001,,,,,,,,
196200,486.2,0.000002,,,,,,,,
196300,486.4,0.000004,,,,,,,,
196400,486.6,0.000005,,,,,,,,
196500,486.8,0.000002,,,,,,,,
196600,487.1,0.000005,,,,,,,,
196700,487.3,0.000002,,,,,,,,
196800,487.5,0.000010,,,,,,,,
196900,487.8,0.000003,,,,,,,,
197000,488.0,0.000002,,,,,,,,
197100,488.3,0.000002,,,,,,,,
197200,488.5,0.000002,,,,,,,,
197300,488.7,0.000003,,,,,,,,
197400,488.9,0.000002,,,,,,,,
197500,489.2,0.000006,,,,,,,,
197600,489.4,0.000001,,,,,,,,
197700,489.6,0.000002,,,,,,,,
197800,489.9,0.000001,,,,,,,,
197900,490.1,0.000002,,,,,,,,
198000,490.3,0.000003,,,,,,,,
198100,490.6,0.000002,,,,,,,,
198200,490.8,0.000003,,,,,,,,
198300,491.1,0.000007,,,,,,,,
198400,491.3,0.000002,,,,,,,,
198500,491.6,0.000002,,,,,,,,
198600,491.8,0.000002,,,,,,,,
198700,492.0,0.000002,,,,,,,,
198800,492.3,0.000005,,,,,,,,
198900,492.5,0.000002,,,,,,,,
199000,492.7,0.000004,,,,,,,,
199100,492.9,0.000003,,,,,,,,
199200,493.2,0.000002,,,,,,,,
199300,493.4,0.000002,,,,,,,,
199400,493.7,0.000003,,,,,,,,
199500,493.9,0.000001,,,,,,,,
199600,494.1,0.000004,,,,,,,,
199700,494.4,0.000001,,,,,,,,
199800,494.6,0.000002,,,,,,,,
199900,494.8,0.000002,,,,,,,,
200000,496.1,0.000003,0.001463,1.232992e-01,9.189318e-03,8.196793e-03,0.000000,8.408292e-02,9.348039e-03,8.455385e-03
200100,496.3,0.000003,,,,,,,,
200200,496.5,0.000002,,,,,,,,
200300,496.7,0.000002,,,,,,,,
200400,496.9,0.000002,,,,,,,,
200500,497.1,0.000003,,,,,,,,
200600,497.3,0.000004,,,,,,,,
200700,497.5,0.000002,,,,,,,,
200800,497.8,0.000004,,,,,,,,
200900,498.0,0.000005,,,,,,,,
201000,498.2,0.000002,,,,,,,,
201100,498.4,0.000002,,,,,,,,
201200,498.7,0.000002,,,,,,,,
201300,498.9,0.000004,,,,,,,,
201400,499.1,0.000002,,,,,,,,
201500,499.4,0.000004,,,,,,,,
201600,499.6,0.000003,,,,,,,,
201700,499.8,0.000009,,,,,,,,
201800,500.1,0.000004,,,,,,,,
201900,500.3,0.000004,,,,,,,,
202000,500.5,0.000002,,,,,,,,
202100,500.7,0.000001,,,,,,,,
202200,501.0,0.000004,,,,,,,,
202300,501.2,0.000002,,,,,,,,
202400,501.4,0.000002,,,,,,,,
202500,501.6,0.000001,,,,,,,,
202600,501.9,0.000003,,,,,,,,
202700,502.1,0.000002,,,,,,,,
202800,502.3,0.000002,,,,,,,,
202900,502.5,0.000004,,,,,,,,
203000,502.8,0.000002,,,,,,,,
203100,503.0,0.000004,,,,,,,,
203200,503.2,0.000002,,,,,,,,
203300,503.4,0.000002,,,,,,,,
203400,503.7,0.000011,,,,,,,,
203500,503.9,0.000010,,,,,,,,
203600,504.1,0.000002,,,,,,,,
203700,504.3,0.000003,,,,,,,,
203800,504.6,0.000004,,,,,,,,
203900,504.8,0.000002,,,,,,,,
204000,505.0,0.000002,,,,,,,,
204100,505.3,0.000001,,,,,,,,
204200,505.5,0.000001,,,,,,,,
204300,505.7,0.000002,,,,,,,,
204400,505.9,0.000003,,,,,,,,
204500,506.1,0.000002,,,,,,,,
204600,506.4,0.000002,,,,,,,,
204700,506.6,0.000002,,,,,,,,
204800,506.9,0.000003,,,,,,,,
204900,507.1,0.000003,,,,,,,,
205000,508.3,0.000003,0.001751,1.391744e-01,1.100380e-02,9.734716e-03,0.000000,9.042200e-02,1.089758e-02,9.823873e-03
205100,508.5,0.000004,,,,,,,,
205200,508.7,0.000004,,,,,,,,
205300,508.9,0.000010,,,,,,,,
205400,509.1,0.000004,,,,,,,,
205500,509.3,0.000002,,,,,,,,
205600,509.5,0.000002,,,,,,,,
205700,509.8,0.000001,,,,,,,,
205800,510.0,0.000006,,,,,,,,
205900,510.2,0.000002,,,,,,,,
206000,510.4,0.000004,,,,,,,,
206100,510.7,0.000002,,,,,,,,
206200,510.9,0.000002,,,,,,,,
206300,511.1,0.000007,,,,,,,,
206400,511.4,0.000003,,,,,,,,
206500,511.6,0.000002,,,,,,,,
206600,511.8,0.000003,,,,,,,,
206700,512.0,0.000001,,,,,,,,
206800,512.3,0.000003,,,,,,,,
206900,512.5,0.000006,,,,,,,,
207000,512.7,0.000003,,,,,,,,
207100,513.0,0.000004,,,,,,,,
207200,513.2,0.000002,,,,,,,,
207300,513.4,0.000004,,,,,,,,
207400,513.6,0.000004,,,,,,,,
207500,513.9,0.000004,,,,,,,,
207600,514.1,0.000002,,,,,,,,
207700,514.3,0.000003,,,,,,,,
207800,514.6,0.000003,,,,,,,,
207900,514.8,0.000006,,,,,,,,
208000,515.0,0.000002,,,,,,,,
208100,515.2,0.000004,,,,,,,,
208200,515.5,0.000017,,,,,,,,
208300,515.7,0.000002,,,,,,,,
208400,515.9,0.000003,,,,,,,,
208500,516.1,0.000003,,,,,,,,
208600,516.4,0.000002,,,,,,,,
208700,516.6,0.000002,,,,,,,,
208800,516.8,0.000002,,,,,,,,
208900,517.0,0.000007,,,,,,,,
209000,517.3,0.000001,,,,,,,,
209100,517.5,0.000008,,,,,,,,
209200,517.7,0.000004,,,,,,,,
209300,518.0,0.000004,,,,,,,,
209400,518.2,0.000004,,,,,,,,
209500,518.4,0.000008,,,,,,,,
209600,518.6,0.000002,,,,,,,,
209700,518.9,0.000003,,,,,,,,
209800,519.1,0.000002,,,,,,,,
209900,519.4,0.000002,,,,,,,,
210000,520.6,0.000003,0.002192,1.588247e-01,1.377427e-02,1.306621e-02,0.000000,1.268202e-01,1.387466e-02,1.329951e-02
210100,520.8,0.000002,,,,,,,,
210200,521.0,0.000002,,,,,,,,
210300,521.2,0.000002,,,,,,,,
210400,521.4,0.000004,,,,,,,,
210500,521.7,0.000002,,,,,,,,
210600,521.9,0.000007,,,,,,,,
210700,522.1,0.000002,,,,,,,,
210800,522.3,0.000003,,,,,,,,
210900,522.6,0.000001,,,,,,,,
211000,522.8,0.000002,,,,,,,,
211100,523.0,0.000002,,,,,,,,
211200,523.2,0.000003,,,,,,,,
211300,523.5,0.000002,,,,,,,,
211400,523.7,0.000001,,,,,,,,
211500,523.9,0.000003,,,,,,,,
211600,524.1,0.000002,,,,,,,,
211700,524.4,0.000002,,,,,,,,
211800,524.6,0.000004,,,,,,,,
211900,524.8,0.000002,,,,,,,,
212000,525.1,0.000004,,,,,,,,
212100,525.3,0.000002,,,,,,,,
212200,525.5,0.000004,,,,,,,,
212300,525.7,0.000002,,,,,,,,
212400,526.0,0.000003,,,,,,,,
212500,526.2,0.000005,,,,,,,,
212600,526.4,0.000003,,,,,,,,
212700,526.7,0.000002,,,,,,,,
212800,526.9,0.000003,,,,,,,,
212900,527.1,0.000002,,,,,,,,
213000,527.3,0.000002,,,,,,,,
213100,527.5,0.000005,,,,,,,,
213200,527.8,0.000002,,,,,,,,
213300,528.0,0.000004,,,,,,,,
213400,528.2,0.000002,,,,,,,,
213500,528.5,0.000003,,,,,,,,
213600,528.7,0.000001,,,,,,,,
213700,528.9,0.000002,,,,,,,,
213800,529.2,0.000002,,,,,,,,
213900,529.4,0.000004,,,,,,,,
214000,529.6,0.000002,,,,,,,,
214100,529.8,0.000002,,,,,,,,
214200,530.1,0.000003,,,,,,,,
214300,530.3,0.000005,,,,,,,,
214400,530.5,0.000002,,,,,,,,
214500,530.7,0.000003,,,,,,,,
214600,531.0,0.000002,,,,,,,,
214700,531.2,0.000002,,,,,,,,
214800,531.4,0.000004,,,,,,,,
214900,531.6,0.000001,,,,,,,,
215000,532.9,0.000003,0.000807,1.246423e-01,5.073072e-03,3.712876e-03,0.000000,9.119101e-02,4.895665e-03,3.587507e-03
215100,533.1,0.000004,,,,,,,,
215200,533.3,0.000002,,,,,,,,
215300,533.5,0.000003,,,,,,,,
215400,533.7,0.000003,,,,,,,,
215500,533.9,0.000003,,,,,,,,
215600,534.1,0.000003,,,,,,,,
215700,534.3,0.000003,,,,,,,,
215800,534.5,0.000003,,,,,,,,
215900,534.7,0.000002,,,,,,,,
216000,535.0,0.000002,,,,,,,,
216100,535.2,0.000004,,,,,,,,
216200,535.4,0.000002,,,,,,,,
216300,535.7,0.000004,,,,,,,,
216400,535.9,0.000002,,,,,,,,
216500,536.1,0.000008,,,,,,,,
216600,536.4,0.000003,,,,,,,,
216700,536.6,0.000002,,,,,,,,
216800,536.8,0.000005,,,,,,,,
216900,537.1,0.000003,,,,,,,,
217000,537.3,0.000002,,,,,,,,
217100,537.6,0.000003,,,,,,,,
217200,537.8,0.000003,,,,,,,,
217300,538.0,0.000002,,,,,,,,
217400,538.2,0.000005,,,,,,,,
217500,538.5,0.000002,,,,,,,,
217600,538.7,0.000002,,,,,,,,
217700,538.9,0.000002,,,,,,,,
217800,539.1,0.000005,,,,,,,,
217900,539.4,0.000002,,,,,,,,
218000,539.6,0.000003,,,,,,,,
218100,539.8,0.000002,,,,,,,,
218200,540.0,0.000002,,,,,,,,
218300,540.3,0.000003,,,,,,,,
218400,540.5,0.000002,,,,,,,,
218500,540.8,0.000002,,,,,,,,
218600,541.0,0.000002,,,,,,,,
218700,541.2,0.000003,,,,,,,,
218800,541.4,0.000002,,,,,,,,
218900,541.6,0.000002,,,,,,,,
219000,541.8,0.000002,,,,,,,,
219100,542.0,0.000003,,,,,,,,
219200,542.2,0.000002,,,,,,,,
219300,542.4,0.000002,,,,,,,,
219400,542.7,0.000002,,,,,,,,
219500,542.9,0.000002,,,,,,,,
219600,543.1,0.000003,,,,,,,,
219700,543.3,0.000002,,,,,,,,
219800,543.6,0.000003,,,,,,,,
219900,543.8,0.000003,,,,,,,,
220000,545.0,0.000001,0.001230,7.797690e-02,7.729982e-03,6.882951e-03,0.000000,5.459471e-02,7.823385e-03,7.120130e-03
220100,545.2,0.000002,,,,,,,,
220200,545.4,0.000005,,,,,,,,
220300,545.6,0.000005,,,,,,,,
220400,545.8,0.000002,,,,,,,,
220500,546.1,0.000003,,,,,,,,
220600,546.3,0.000002,,,,,,,,
220700,546.5,0.000001,,,,,,,,
220800,546.7,0.000004,,,,,,,,
220900,547.0,0.000002,,,,,,,,
221000,547.2,0.000005,,,,,,,,
221100,547.4,0.000002,,,,,,,,
221200,547.7,0.000002,,,,,,,,
221300,547.9,0.000002,,,,,,,,
221400,548.1,0.000005,,,,,,,,
221500,548.3,0.000003,,,,,,,,
221600,548.5,0.000002,,,,,,,,
221700,548.7,0.000002,,,,,,,,
221800,549.0,0.000002,,,,,,,,
221900,549.2,0.000002,,,,,,,,
222000,549.4,0.000002,,,,,,,,
222100,549.6,0.000002,,,,,,,,
222200,549.8,0.000003,,,,,,,,
222300,550.1,0.000003,,,,,,,,
222400,550.3,0.000004,,,,,,,,
222500,550.5,0.000005,,,,,,,,
222600,550.7,0.000010,,,,,,,,
222700,551.0,0.000003,,,,,,,,
222800,551.2,0.000002,,,,,,,,
222900,551.4,0.000002,,,,,,,,
223000,551.6,0.000004,,,,,,,,
223100,551.9,0.000002,,,,,,,,
223200,552.1,0.000003,,,,,,,,
223300,552.3,0.000003,,,,,,,,
223400,552.5,0.000003,,,,,,,,
223500,552.8,0.000002,,,,,,,,
223600,553.0,0.000002,,,,,,,,
223700,553.2,0.000002,,,,,,,,
223800,553.4,0.000002,,,,,,,,
223900,553.7,0.000002,,,,,,,,
224000,553.9,0.000003,,,,,,,,
224100,554.1,0.000002,,,,,,,,
224200,554.4,0.000002,,,,,,,,
224300,554.6,0.000006,,,,,,,,
224400,554.8,0.000002,,,,,,,,
224500,555.1,0.000002,,,,,,,,
224600,555.3,0.000002,,,,,,,,
224700,555.5,0.000003,,,,,,,,
224800,555.7,0.000001,,,,,,,,
224900,556.0,0.000006,,,,,,,,
225000,557.2,0.000002,0.001551,1.298029e-01,9.743999e-03,9.207974e-03,0.000000,8.947845e-02,9.717481e-03,9.337258e-03
225100,557.4,0.000004,,,,,,,,
225200,557.6,0.000002,,,,,,,,
225300,557.8,0.000006,,,,,,,,
225400,558.0,0.000002,,,,,,,,
225500,558.2,0.000004,,,,,,,,
225600,558.5,0.000002,,,,,,,,
225700,558.7,0.000006,,,,,,,,
225800,558.9,0.000001,,,,,,,,
225900,559.2,0.000003,,,,,,,,
226000,559.4,0.000004,,,,,,,,
226100,559.6,0.000006,,,,,,,,
226200,559.9,0.000006,,,,,,,,
226300,560.1,0.000002,,,,,,,,
226400,560.4,0.000004,,,,,,,,
226500,560.6,0.000002,,,,,,,,
226600,560.8,0.000004,,,,,,,,
226700,561.1,0.000002,,,,,,,,
226800,561.3,0.000002,,,,,,,,
226900,561.5,0.000003,,,,,,,,
227000,561.7,0.000001,,,,,,,,
227100,562.0,0.000002,,,,,,,,
227200,562.2,0.000004,,,,,,,,
227300,562.5,0.000003,,,,,,,,
227400,562.7,0.000003,,,,,,,,
227500,563.0,0.000001,,,,,,,,
227600,563.2,0.000002,,,,,,,,
227700,563.5,0.000002,,,,,,,,
227800,563.7,0.000002,,,,,,,,
227900,564.0,0.000002,,,,,,,,
228000,564.2,0.000001,,,,,,,,
228100,564.4,0.000002,,,,,,,,
228200,564.7,0.000002,,,,,,,,
228300,564.9,0.000003,,,,,,,,
228400,565.1,0.000001,,,,,,,,
228500,565.3,0.000002,,,,,,,,
228600,565.6,0.000002,,,,,,,,
228700,565.8,0.000001,,,,,,,,
228800,566.0,0.000003,,,,,,,,
228900,566.3,0.000004,,,,,,,,
229000,566.5,0.000002,,,,,,,,
229100,566.7,0.000008,,,,,,,,
229200,566.9,0.000003,,,,,,,,
229300,567.2,0.000002,,,,,,,,
229400,567.4,0.000003,,,,,,,,
229500,567.6,0.000001,,,,,,,,
229600,567.9,0.000003,,,,,,,,
229700,568.1,0.000004,,,,,,,,
229800,568.3,0.000002,,,,,,,,
229900,568.5,0.000004,,,,,,,,
230000,569.8,0.000005,0.001485,9.477609e-02,9.329509e-03,7.228529e-03,0.000000,9.189528e-02,9.262885e-03,7.211045e-03
230100,570.0,0.000003,,,,,,,,
230200,570.2,0.000002,,,,,,,,
230300,570.4,0.000003,,,,,,,,
230400,570.6,0.000002,,,,,,,,
230500,570.8,0.000002,,,,,,,,
230600,571.1,0.000006,,,,,,,,
230700,571.3,0.000002,,,,,,,,
230800,571.5,0.000004,,,,,,,,
230900,571.7,0.000001,,,,,,,,
231000,571.9,0.000001,,,,,,,,
231100,572.2,0.000003,,,,,,,,
231200,572.4,0.000002,,,,,,,,
231300,572.6,0.000002,,,,,,,,
231400,572.8,0.000004,,,,,,,,
231500,573.1,0.000003,,,,,,,,
231600,573.3,0.000002,,,,,,,,
231700,573.6,0.000006,,,,,,,,
231800,573.8,0.000004,,,,,,,,
231900,574.0,0.000006,,,,,,,,
232000,574.3,0.000003,,,,,,,,
232100,574.5,0.000003,,,,,,,,
232200,574.7,0.000002,,,,,,,,
232300,575.0,0.000004,,,,,,,,
232400,575.2,0.000002,,,,,,,,
232500,575.4,0.000004,,,,,,,,
232600,575.6,0.000003,,,,,,,,
232700,575.9,0.000002,,,,,,,,
232800,576.1,0.000007,,,,,,,,
232900,576.3,0.000003,,,,,,,,
233000,576.6,0.000005,,,,,,,,
233100,576.8,0.000002,,,,,,,,
233200,577.1,0.000002,,,,,,,,
233300,577.3,0.000004,,,,,,,,
233400,577.5,0.000006,,,,,,,,
233500,577.8,0.000001,,,,,,,,
233600,578.0,0.000002,,,,,,,,
233700,578.2,0.000003,,,,,,,,
233800,578.5,0.000002,,,,,,,,
233900,578.7,0.000002,,,,,,,,
234000,578.9,0.000003,,,,,,,,
234100,579.1,0.000003,,,,,,,,
234200,579.4,0.000011,,,,,,,,
234300,579.6,0.000004,,,,,,,,
234400,579.8,0.000001,,,,,,,,
234500,580.1,0.000008,,,,,,,,
234600,580.3,0.000004,,,,,,,,
234700,580.5,0.000002,,,,,,,,
234800,580.8,0.000002,,,,,,,,
234900,581.0,0.000003,,,,,,,,
235000,582.2,0.000001,0.000975,9.550328e-02,6.123934e-03,4.941833e-03,0.000000,5.835695e-02,5.825346e-03,4.750171e-03
235100,582.4,0.000002,,,,,,,,
235200,582.6,0.000005,,,,,,,,
235300,582.8,0.000003,,,,,,,,
235400,583.0,0.000007,,,,,,,,
235500,583.3,0.000002,,,,,,,,
235600,583.5,0.000002,,,,,,,,
235700,583.7,0.000002,,,,,,,,
235800,583.9,0.000001,,,,,,,,
235900,584.1,0.000002,,,,,,,,
236000,584.4,0.000002,,,,,,,,
236100,584.6,0.000005,,,,,,,,
236200,584.8,0.000002,,,,,,,,
236300,585.1,0.000003,,,,,,,,
236400,585.3,0.000003,,,,,,,,
236500,585.6,0.000005,,,,,,,,
236600,585.9,0.000001,,,,,,,,
236700,586.1,0.000003,,,,,,,,
236800,586.3,0.000002,,,,,,,,
236900,586.5,0.000006,,,,,,,,
237000,586.8,0.000002,,,,,,,,
237100,587.0,0.000002,,,,,,,,
237200,587.2,0.000004,,,,,,,,
237300,587.5,0.000005,,,,,,,,
237400,587.7,0.000002,,,,,,,,
237500,587.9,0.000002,,,,,,,,
237600,588.2,0.000004,,,,,,,,
237700,588.4,0.000003,,,,,,,,
237800,588.7,0.000004,,,,,,,,
237900,588.9,0.000002,,,,,,,,
238000,589.1,0.000005,,,,,,,,
238100,589.4,0.000001,,,,,,,,
238200,589.6,0.000006,,,,,,,,
238300,589.8,0.000003,,,,,,,,
238400,590.0,0.000002,,,,,,,,
238500,590.3,0.000001,,,,,,,,
238600,590.5,0.000002,,,,,,,,
238700,590.7,0.000003,,,,,,,,
238800,591.0,0.000002,,,,,,,,
238900,591.2,0.000002,,,,,,,,
239000,591.4,0.000005,,,,,,,,
239100,591.7,0.000005,,,,,,,,
239200,591.9,0.000002,,,,,,,,
239300,592.1,0.000004,,,,,,,,
239400,592.3,0.000002,,,,,,,,
239500,592.6,0.000004,,,,,,,,
239600,592.8,0.000005,,,,,,,,
239700,593.1,0.000002,,,,,,,,
239800,593.3,0.000002,,,,,,,,
239900,593.5,0.000003,,,,,,,,
240000,594.8,0.000001,0.001289,1.401510e-01,8.096780e-03,6.976689e-03,0.000000,6.415260e-02,8.264886e-03,7.312032e-03
240100,595.0,0.000002,,,,,,,,
240200,595.2,0.000002,,,,,,,,
240300,595.4,0.000002,,,,,,,,
240400,595.6,0.000009,,,,,,,,
240500,595.8,0.000002,,,,,,,,
240600,596.0,0.000002,,,,,,,,
240700,596.2,0.000003,,,,,,,,
240800,596.5,0.000001,,,,,,,,
240900,596.7,0.000004,,,,,,,,
241000,596.9,0.000003,,,,,,,,
241100,597.1,0.000002,,,,,,,,
241200,597.4,0.000002,,,,,,,,
241300,597.6,0.000002,,,,,,,,
241400,597.9,0.000005,,,,,,,,
241500,598.1,0.000004,,,,,,,,
241600,598.3,0.000007,,,,,,,,
241700,598.5,0.000002,,,,,,,,
241800,598.8,0.000006,,,,,,,,
241900,599.0,0.000006,,,,,,,,
242000,599.2,0.000006,,,,,,,,
242100,599.5,0.000001,,,,,,,,
242200,599.7,0.000002,,,,,,,,
242300,599.9,0.000002,,,,,,,,
242400,600.1,0.000002,,,,,,,,
242500,600.4,0.000002,,,,,,,,
242600,600.6,0.000003,,,,,,,,
242700,600.8,0.000005,,,,,,,,
242800,601.0,0.000002,,,,,,,,
242900,601.3,0.000002,,,,,,,,
243000,601.5,0.000002,,,,,,,,
243100,601.7,0.000001,,,,,,,,
243200,601.9,0.000002,,,,,,,,
243300,602.1,0.000002,,,,,,,,
243400,602.4,0.000002,,,,,,,,
243500,602.6,0.000013,,,,,,,,
243600,602.8,0.000002,,,,,,,,
243700,603.1,0.000003,,,,,,,,
243800,603.3,0.000003,,,,,,,,
243900,603.5,0.000006,,,,,,,,
244000,603.8,0.000002,,,,,,,,
244100,604.0,0.000006,,,,,,,,
244200,604.2,0.000002,,,,,,,,
244300,604.4,0.000006,,,,,,,,
244400,604.7,0.000002,,,,,,,,
244500,604.9,0.000003,,,,,,,,
244600,605.1,0.000004,,,,,,,,
244700,605.4,0.000001,,,,,,,,
244800,605.6,0.000003,,,,,,,,
244900,605.8,0.000002,,,,,,,,
245000,607.1,0.000001,0.001178,1.332858e-01,7.401536e-03,6.252617e-03,0.000000,5.438817e-02,7.026399e-03,6.055639e-03
245100,607.3,0.000002,,,,,,,,
245200,607.5,0.000003,,,,,,,,
245300,607.7,0.000002,,,,,,,,
245400,607.9,0.000004,,,,,,,,
245500,608.1,0.000001,,,,,,,,
245600,608.3,0.000003,,,,,,,,
245700,608.5,0.000001,,,,,,,,
245800,608.8,0.000002,,,,,,,,
245900,609.0,0.000003,,,,,,,,
246000,609.2,0.000001,,,,,,,,
246100,609.4,0.000005,,,,,,,,
246200,609.7,0.000003,,,,,,,,
246300,609.9,0.000001,,,,,,,,
246400,610.1,0.000002,,,,,,,,
246500,610.4,0.000002,,,,,,,,
246600,610.6,0.000004,,,,,,,,
246700,610.8,0.000001,,,,,,,,
246800,611.1,0.000003,,,,,,,,
246900,611.3,0.000003,,,,,,,,
247000,611.6,0.000005,,,,,,,,
247100,611.8,0.000002,,,,,,,,
247200,612.0,0.000002,,,,,,,,
247300,612.3,0.000002,,,,,,,,
247400,612.5,0.000001,,,,,,,,
247500,612.7,0.000011,,,,,,,,
247600,613.0,0.000002,,,,,,,,
247700,613.2,0.000003,,,,,,,,
247800,613.4,0.000004,,,,,,,,
247900,613.6,0.000006,,,,,,,,
248000,613.9,0.000002,,,,,,,,
248100,614.1,0.000002,,,,,,,,
248200,614.3,0.000002,,,,,,,,
248300,614.5,0.000002,,,,,,,,
248400,614.8,0.000001,,,,,,,,
248500,615.0,0.000002,,,,,,,,
248600,615.2,0.000002,,,,,,,,
248700,615.5,0.000001,,,,,,,,
248800,615.7,0.000011,,,,,,,,
248900,615.9,0.000009,,,,,,,,
249000,616.1,0.000002,,,,,,,,
249100,616.3,0.000003,,,,,,,,
249200,616.6,0.000001,,,,,,,,
249300,616.8,0.000001,,,,,,,,
249400,617.0,0.000002,,,,,,,,
249500,617.2,0.000002,,,,,,,,
249600,617.5,0.000002,,,,,,,,
249700,617.7,0.000001,,,,,,,,
249800,618.0,0.000002,,,,,,,,
249900,618.2,0.000002,,,,,,,,
250000,619.5,0.000002,0.001131,1.446895e-01,7.105178e-03,5.676653e-03,0.000000,7.021554e-02,7.131644e-03,5.795410e-03
250100,619.7,0.000003,,,,,,,,
250200,619.9,0.000002,,,,,,,,
250300,620.1,0.000004,,,,,,,,
250400,620.3,0.000001,,,,,,,,
250500,620.5,0.000003,,,,,,,,
250600,620.7,0.000002,,,,,,,,
250700,620.9,0.000002,,,,,,,,
250800,621.1,0.000003,,,,,,,,
250900,621.3,0.000002,,,,,,,,
251000,621.6,0.000001,,,,,,,,
251100,621.8,0.000004,,,,,,,,
251200,622.0,0.000004,,,,,,,,
251300,622.2,0.000002,,,,,,,,
251400,622.5,0.000005,,,,,,,,
251500,622.7,0.000001,,,,,,,,
251600,622.9,0.000002,,,,,,,,
251700,623.1,0.000003,,,,,,,,
251800,623.4,0.000002,,,,,,,,
251900,623.6,0.000010,,,,,,,,
252000,623.8,0.000003,,,,,,,,
252100,624.0,0.000005,,,,,,,,
252200,624.3,0.000002,,,,,,,,
252300,624.5,0.000002,,,,,,,,
252400,624.7,0.000002,,,,,,,,
252500,624.9,0.000002,,,,,,,,
252600,625.2,0.000002,,,,,,,,
252700,625.4,0.000005,,,,,,,,
252800,625.6,0.000004,,,,,,,,
252900,625.8,0.000002,,,,,,,,
253000,626.1,0.000002,,,,,,,,
253100,626.3,0.000002,,,,,,,,
253200,626.5,0.000003,,,,,,,,
253300,626.7,0.000003,,,,,,,,
253400,627.0,0.000004,,,,,,,,
253500,627.2,0.000003,,,,,,,,
253600,627.4,0.000003,,,,,,,,
253700,627.7,0.000006,,,,,,,,
253800,627.9,0.000003,,,,,,,,
253900,628.1,0.000003,,,,,,,,
254000,628.4,0.000001,,,,,,,,
254100,628.6,0.000002,,,,,,,,
254200,628.8,0.000002,,,,,,,,
254300,629.0,0.000003,,,,,,,,
254400,629.2,0.000002,,,,,,,,
254500,629.5,0.000002,,,,,,,,
254600,629.7,0.000002,,,,,,,,
254700,629.9,0.000002,,,,,,,,
254800,630.2,0.000004,,,,,,,,
254900,630.4,0.000002,,,,,,,,
255000,631.7,0.000002,0.000879,9.676547e-02,5.523727e-03,4.244729e-03,0.000000,5.001770e-02,5.381206e-03,4.158562e-03
255100,631.9,0.000001,,,,,,,,
255200,632.1,0.000002,,,,,,,,
255300,632.3,0.000005,,,,,,,,
255400,632.5,0.000002,,,,,,,,
255500,632.7,0.000002,,,,,,,,
255600,632.9,0.000001,,,,,,,,
255700,633.1,0.000008,,,,,,,,
255800,633.4,0.000002,,,,,,,,
255900,633.6,0.000003,,,,,,,,
256000,633.8,0.000004,,,,,,,,
256100,634.1,0.000002,,,,,,,,
256200,634.3,0.000011,,,,,,,,
256300,634.6,0.000002,,,,,,,,
256400,634.8,0.000002,,,,,,,,
256500,635.0,0.000002,,,,,,,,
256600,635.2,0.000002,,,,,,,,
256700,635.5,0.000007,,,,,,,,
256800,635.7,0.000001,,,,,,,,
256900,635.9,0.000003,,,,,,,,
257000,636.1,0.000003,,,,,,,,
257100,636.4,0.000001,,,,,,,,
257200,636.6,0.000004,,,,,,,,
257300,636.8,0.000003,,,,,,,,
257400,637.1,0.000002,,,,,,,,
257500,637.3,0.000002,,,,,,,,
257600,637.5,0.000003,,,,,,,,
257700,637.7,0.000002,,,,,,,,
257800,638.0,0.000006,,,,,,,,
257900,638.2,0.000003,,,,,,,,
258000,638.4,0.000001,,,,,,,,
258100,638.7,0.000002,,,,,,,,
258200,638.9,0.000002,,,,,,,,
258300,639.1,0.000002,,,,,,,,
258400,639.3,0.000002,,,,,,,,
258500,639.5,0.000002,,,,,,,,
258600,639.8,0.000001,,,,,,,,
258700,640.0,0.000002,,,,,,,,
258800,640.2,0.000002,,,,,,,,
258900,640.5,0.000005,,,,,,,,
259000,640.7,0.000002,,,,,,,,
259100,640.9,0.000002,,,,,,,,
259200,641.2,0.000003,,,,,,,,
259300,641.4,0.000002,,,,,,,,
259400,641.6,0.000004,,,,,,,,
259500,641.8,0.000002,,,,,,,,
259600,642.1,0.000002,,,,,,,,
259700,642.3,0.000002,,,,,,,,
259800,642.5,0.000003,,,,,,,,
259900,642.7,0.000001,,,,,,,,
260000,644.0,0.000002,0.001052,1.293847e-01,6.611979e-03,4.951629e-03,0.000000,7.418776e-02,6.418884e-03,4.785473e-03
260100,644.2,0.000002,,,,,,,,
260200,644.4,0.000003,,,,,,,,
260300,644.6,0.000002,,,,,,,,
260400,644.8,0.000002,,,,,,,,
260500,645.0,0.000002,,,,,,,,
260600,645.2,0.000002,,,,,,,,
260700,645.4,0.000002,,,,,,,,
260800,645.6,0.000002,,,,,,,,
260900,645.8,0.000002,,,,,,,,
261000,646.1,0.000004,,,,,,,,
261100,646.3,0.000002,,,,,,,,
261200,646.5,0.000003,,,,,,,,
261300,646.8,0.000002,,,,,,,,
261400,647.0,0.000002,,,,,,,,
261500,647.2,0.000002,,,,,,,,
261600,647.4,0.000002,,,,,,,,
261700,647.7,0.000004,,,,,,,,
261800,647.9,0.000003,,,,,,,,
261900,648.1,0.000002,,,,,,,,
262000,648.3,0.000002,,,,,,,,
262100,648.6,0.000003,,,,,,,,
262200,648.8,0.000001,,,,,,,,
262300,649.1,0.000002,,,,,,,,
262400,649.3,0.000002,,,,,,,,
262500,649.5,0.000002,,,,,,,,
262600,649.8,0.000002,,,,,,,,
262700,650.0,0.000002,,,,,,,,
262800,650.2,0.000002,,,,,,,,
262900,650.5,0.000002,,,,,,,,
263000,650.7,0.000002,,,,,,,,
263100,650.9,0.000004,,,,,,,,
263200,651.2,0.000002,,,,,,,,
263300,651.4,0.000002,,,,,,,,
263400,651.6,0.000002,,,,,,,,
263500,651.9,0.000006,,,,,,,,
263600,652.1,0.000002,,,,,,,,
263700,652.3,0.000002,,,,,,,,
263800,652.5,0.000004,,,,,,,,
263900,652.8,0.000004,,,,,,,,
264000,653.0,0.000004,,,,,,,,
264100,653.2,0.000002,,,,,,,,
264200,653.5,0.000003,,,,,,,,
264300,653.7,0.000003,,,,,,,,
264400,653.9,0.000001,,,,,,,,
264500,654.2,0.000002,,,,,,,,
264600,654.4,0.000001,,,,,,,,
264700,654.7,0.000003,,,,,,,,
264800,654.9,0.000004,,,,,,,,
264900,655.1,0.000003,,,,,,,,
265000,656.4,0.000002,0.000899,1.346674e-01,5.647969e-03,4.235909e-03,0.000000,7.860471e-02,5.591198e-03,4.268650e-03
265100,656.6,0.000002,,,,,,,,
265200,656.8,0.000002,,,,,,,,
265300,657.0,0.000002,,,,,,,,
265400,657.2,0.000003,,,,,,,,
265500,657.4,0.000002,,,,,,,,
265600,657.6,0.000005,,,,,,,,
265700,657.9,0.000002,,,,,,,,
265800,658.1,0.000001,,,,,,,,
265900,658.3,0.000002,,,,,,,,
266000,658.6,0.000005,,,,,,,,
266100,658.8,0.000002,,,,,,,,
266200,659.0,0.000007,,,,,,,,
266300,659.3,0.000003,,,,,,,,
266400,659.5,0.000001,,,,,,,,
266500,659.8,0.000003,,,,,,,,
266600,660.0,0.000003,,,,,,,,
266700,660.2,0.000003,,,,,,,,
266800,660.5,0.000002,,,,,,,,
266900,660.7,0.000002,,,,,,,,
267000,660.9,0.000002,,,,,,,,
267100,661.2,0.000002,,,,,,,,
267200,661.4,0.000005,,,,,,,,
267300,661.6,0.000001,,,,,,,,
267400,661.9,0.000003,,,,,,,,
267500,662.1,0.000005,,,,,,,,
267600,662.3,0.000004,,,,,,,,
267700,662.6,0.000004,,,,,,,,
267800,662.8,0.000002,,,,,,,,
267900,663.0,0.000001,,,,,,,,
268000,663.3,0.000001,,,,,,,,
268100,663.5,0.000003,,,,,,,,
268200,663.7,0.000004,,,,,,,,
268300,663.9,0.000002,,,,,,,,
268400,664.2,0.000001,,,,,,,,
268500,664.4,0.000003,,,,,,,,
268600,664.6,0.000002,,,,,,,,
268700,664.8,0.000003,,,,,,,,
268800,665.0,0.000002,,,,,,,,
268900,665.3,0.000001,,,,,,,,
269000,665.5,0.000002,,,,,,,,
269100,665.7,0.000002,,,,,,,,
269200,666.0,0.000002,,,,,,,,
269300,666.2,0.000002,,,,,,,,
269400,666.4,0.000003,,,,,,,,
269500,666.6,0.000001,,,,,,,,
269600,666.8,0.000006,,,,,,,,
269700,667.0,0.000001,,,,,,,,
269800,667.2,0.000002,,,,,,,,
269900,667.4,0.000002,,,,,,,,
270000,668.6,0.000002,0.001086,1.064220e-01,6.820751e-03,5.040765e-03,0.000000,6.744369e-02,6.818658e-03,5.078797e-03
270100,668.8,0.000006,,,,,,,,
270200,669.0,0.000001,,,,,,,,
270300,669.2,0.000004,,,,,,,,
270400,669.4,0.000002,,,,,,,,
270500,669.6,0.000004,,,,,,,,
270600,669.9,0.000002,,,,,,,,
270700,670.1,0.000001,,,,,,,,
270800,670.3,0.000003,,,,,,,,
270900,670.5,0.000002,,,,,,,,
271000,670.8,0.000003,,,,,,,,
271100,671.0,0.000004,,,,,,,,
271200,671.2,0.000002,,,,,,,,
271300,671.4,0.000003,,,,,,,,
271400,671.7,0.000002,,,,,,,,
271500,671.9,0.000002,,,,,,,,
271600,672.2,0.000003,,,,,,,,
271700,672.4,0.000004,,,,,,,,
271800,672.7,0.000002,,,,,,,,
271900,672.9,0.000001,,,,,,,,
272000,673.1,0.000001,,,,,,,,
272100,673.3,0.000002,,,,,,,,
272200,673.6,0.000004,,,,,,,,
272300,673.8,0.000002,,,,,,,,
272400,674.0,0.000003,,,,,,,,
272500,674.2,0.000002,,,,,,,,
272600,674.5,0.000002,,,,,,,,
272700,674.7,0.000002,,,,,,,,
272800,674.9,0.000002,,,,,,,,
272900,675.1,0.000002,,,,,,,,
273000,675.4,0.000004,,,,,,,,
273100,675.6,0.000002,,,,,,,,
273200,675.8,0.000003,,,,,,,,
273300,676.0,0.000002,,,,,,,,
273400,676.2,0.000002,,,,,,,,
273500,676.5,0.000002,,,,,,,,
273600,676.7,0.000004,,,,,,,,
273700,676.9,0.000002,,,,,,,,
273800,677.1,0.000001,,,,,,,,
273900,677.4,0.000004,,,,,,,,
274000,677.6,0.000002,,,,,,,,
274100,677.8,0.000001,,,,,,,,
274200,678.0,0.000003,,,,,,,,
274300,678.3,0.000002,,,,,,,,
274400,678.5,0.000002,,,,,,,,
274500,678.7,0.000001,,,,,,,,
274600,679.0,0.000003,,,,,,,,
274700,679.2,0.000001,,,,,,,,
274800,679.5,0.000006,,,,,,,,
274900,679.7,0.000001,,,,,,,,
275000,680.9,0.000002,0.000953,1.222045e-01,5.987670e-03,4.358283e-03,0.000000,7.859440e-02,5.913066e-03,4.316952e-03
275100,681.1,0.000002,,,,,,,,
275200,681.3,0.000003,,,,,,,,
275300,681.5,0.000002,,,,,,,,
275400,681.7,0.000006,,,,,,,,
275500,681.9,0.000002,,,,,,,,
275600,682.1,0.000002,,,,,,,,
275700,682.4,0.000003,,,,,,,,
275800,682.6,0.000002,,,,,,,,
275900,682.8,0.000004,,,,,,,,
276000,683.1,0.000001,,,,,,,,
276100,683.3,0.000004,,,,,,,,
276200,683.5,0.000002,,,,,,,,
276300,683.8,0.000002,,,,,,,,
276400,684.0,0.000002,,,,,,,,
276500,684.2,0.000001,,,,,,,,
276600,684.4,0.000006,,,,,,,,
276700,684.7,0.000002,,,,,,,,
276800,684.9,0.000005,,,,,,,,
276900,685.1,0.000003,,,,,,,,
277000,685.4,0.000006,,,,,,,,
277100,685.6,0.000002,,,,,,,,
277200,685.8,0.000002,,,,,,,,
277300,686.0,0.000001,,,,,,,,
277400,686.3,0.000002,,,,,,,,
277500,686.5,0.000004,,,,,,,,
277600,686.7,0.000001,,,,,,,,
277700,687.0,0.000002,,,,,,,,
277800,687.2,0.000001,,,,,,,,
277900,687.4,0.000002,,,,,,,,
278000,687.6,0.000001,,,,,,,,
278100,687.9,0.000003,,,,,,,,
278200,688.1,0.000002,,,,,,,,
278300,688.3,0.000002,,,,,,,,
278400,688.6,0.000002,,,,,,,,
278500,688.8,0.000003,,,,,,,,
278600,689.0,0.000004,,,,,,,,
278700,689.2,0.000002,,,,,,,,
278800,689.5,0.000003,,,,,,,,
278900,689.7,0.000006,,,,,,,,
279000,689.9,0.000007,,,,,,,,
279100,690.2,0.000002,,,,,,,,
279200,690.4,0.000006,,,,,,,,
279300,690.6,0.000005,,,,,,,,
279400,690.8,0.000002,,,,,,,,
279500,691.1,0.000001,,,,,,,,
279600,691.3,0.000003,,,,,,,,
279700,691.5,0.000003,,,,,,,,
279800,691.8,0.000002,,,,,,,,
279900,692.0,0.000003,,,,,,,,
280000,693.3,0.000004,0.001931,1.641179e-01,1.213150e-02,1.119889e-02,0.000000,1.308027e-01,1.224204e-02,1.142299e-02
280100,693.5,0.000005,,,,,,,,
280200,693.7,0.000002,,,,,,,,
280300,693.8,0.000002,,,,,,,,
280400,694.0,0.000002,,,,,,,,
280500,694.2,0.000001,,,,,,,,
280600,694.4,0.000002,,,,,,,,
280700,694.7,0.000004,,,,,,,,
280800,694.9,0.000002,,,,,,,,
280900,695.1,0.000002,,,,,,,,
281000,695.3,0.000002,,,,,,,,
281100,695.6,0.000002,,,,,,,,
281200,695.8,0.000002,,,,,,,,
281300,696.0,0.000003,,,,,,,,
281400,696.3,0.000003,,,,,,,,
281500,696.5,0.000005,,,,,,,,
281600,696.7,0.000002,,,,,,,,
281700,697.0,0.000002,,,,,,,,
281800,697.2,0.000001,,,,,,,,
281900,697.4,0.000002,,,,,,,,
282000,697.6,0.000002,,,,,,,,
282100,697.8,0.000003,,,,,,,,
282200,698.1,0.000002,,,,,,,,
282300,698.3,0.000005,,,,,,,,
282400,698.5,0.000002,,,,,,,,
282500,698.8,0.000002,,,,,,,,
282600,699.0,0.000003,,,,,,,,
282700,699.2,0.000003,,,,,,,,
282800,699.4,0.000003,,,,,,,,
282900,699.7,0.000002,,,,,,,,
283000,699.9,0.000002,,,,,,,,
283100,700.1,0.000001,,,,,,,,
283200,700.3,0.000005,,,,,,,,
283300,700.5,0.000001,,,,,,,,
283400,700.8,0.000002,,,,,,,,
283500,701.0,0.000006,,,,,,,,
283600,701.2,0.000004,,,,,,,,
283700,701.5,0.000001,,,,,,,,
283800,701.7,0.000002,,,,,,,,
283900,701.9,0.000001,,,,,,,,
284000,702.2,0.000008,,,,,,,,
284100,702.4,0.000003,,,,,,,,
284200,702.6,0.000001,,,,,,,,
284300,702.8,0.000001,,,,,,,,
284400,703.1,0.000002,,,,,,,,
284500,703.3,0.000002,,,,,,,,
284600,703.5,0.000001,,,,,,,,
284700,703.7,0.000002,,,,,,,,
284800,703.9,0.000003,,,,,,,,
284900,704.2,0.000002,,,,,,,,
285000,705.4,0.000004,0.001325,1.719276e-01,8.326051e-03,6.222523e-03,0.000000,6.863773e-02,8.422760e-03,6.371857e-03
285100,705.6,0.000005,,,,,,,,
285200,705.8,0.000002,,,,,,,,
285300,706.0,0.000005,,,,,,,,
285400,706.2,0.000003,,,,,,,,
285500,706.4,0.000002,,,,,,,,
285600,706.7,0.000001,,,,,,,,
285700,706.9,0.000002,,,,,,,,
285800,707.1,0.000002,,,,,,,,
285900,707.3,0.000002,,,,,,,,
286000,707.5,0.000002,,,,,,,,
286100,707.8,0.000002,,,,,,,,
286200,708.0,0.000001,,,,,,,,
286300,708.2,0.000001,,,,,,,,
286400,708.4,0.000002,,,,,,,,
286500,708.7,0.000001,,,,,,,,
286600,708.9,0.000003,,,,,,,,
286700,709.1,0.000005,,,,,,,,
286800,709.4,0.000002,,,,,,,,
286900,709.6,0.000002,,,,,,,,
287000,709.8,0.000002,,,,,,,,
287100,710.1,0.000003,,,,,,,,
287200,710.3,0.000001,,,,,,,,
287300,710.5,0.000001,,,,,,,,
287400,710.8,0.000002,,,,,,,,
287500,711.0,0.000002,,,,,,,,
287600,711.2,0.000012,,,,,,,,
287700,711.4,0.000001,,,,,,,,
287800,711.7,0.000002,,,,,,,,
287900,711.9,0.000003,,,,,,,,
288000,712.1,0.000002,,,,,,,,
288100,712.4,0.000006,,,,,,,,
288200,712.6,0.000003,,,,,,,,
288300,712.9,0.000002,,,,,,,,
288400,713.1,0.000003,,,,,,,,
288500,713.3,0.000002,,,,,,,,
288600,713.5,0.000002,,,,,,,,
288700,713.8,0.000003,,,,,,,,
288800,714.0,0.000004,,,,,,,,
288900,714.2,0.000002,,,,,,,,
289000,714.4,0.000001,,,,,,,,
289100,714.7,0.000003,,,,,,,,
289200,714.9,0.000002,,,,,,,,
289300,715.1,0.000006,,,,,,,,
289400,715.3,0.000002,,,,,,,,
289500,715.6,0.000003,,,,,,,,
289600,715.8,0.000002,,,,,,,,
289700,716.0,0.000001,,,,,,,,
289800,716.2,0.000006,,,,,,,,
289900,716.5,0.000002,,,,,,,,
290000,717.7,0.000002,0.000902,1.064176e-01,5.670245e-03,4.436730e-03,0.000000,5.530034e-02,5.550239e-03,4.403242e-03
290100,717.9,0.000001,,,,,,,,
290200,718.1,0.000002,,,,,,,,
290300,718.3,0.000001,,,,,,,,
290400,718.5,0.000014,,,,,,,,
290500,718.7,0.000001,,,,,,,,
290600,719.0,0.000001,,,,,,,,
290700,719.2,0.000002,,,,,,,,
290800,719.4,0.000002,,,,,,,,
290900,719.6,0.000002,,,,,,,,
291000,719.9,0.000001,,,,,,,,
291100,720.1,0.000003,,,,,,,,
291200,720.3,0.000001,,,,,,,,
291300,720.6,0.000002,,,,,,,,
291400,720.8,0.000003,,,,,,,,
291500,721.0,0.000002,,,,,,,,
291600,721.3,0.000005,,,,,,,,
291700,721.5,0.000001,,,,,,,,
291800,721.7,0.000002,,,,,,,,
291900,721.9,0.000002,,,,,,,,
292000,722.1,0.000003,,,,,,,,
292100,722.3,0.000001,,,,,,,,
292200,722.5,0.000002,,,,,,,,
292300,722.7,0.000002,,,,,,,,
292400,723.0,0.000002,,,,,,,,
292500,723.2,0.000002,,,,,,,,
292600,723.4,0.000002,,,,,,,,
292700,723.7,0.000003,,,,,,,,
292800,723.9,0.000004,,,,,,,,
292900,724.1,0.000002,,,,,,,,
293000,724.3,0.000003,,,,,,,,
293100,724.6,0.000006,,,,,,,,
293200,724.8,0.000002,,,,,,,,
293300,725.0,0.000002,,,,,,,,
293400,725.2,0.000004,,,,,,,,
293500,725.5,0.000005,,,,,,,,
293600,725.7,0.000002,,,,,,,,
293700,725.9,0.000001,,,,,,,,
293800,726.1,0.000002,,,,,,,,
293900,726.4,0.000001,,,,,,,,
294000,726.6,0.000001,,,,,,,,
294100,726.8,0.000001,,,,,,,,
294200,727.1,0.000002,,,,,,,,
294300,727.3,0.000003,,,,,,,,
294400,727.5,0.000005,,,,,,,,
294500,727.7,0.000005,,,,,,,,
294600,728.0,0.000002,,,,,,,,
294700,728.2,0.000001,,,,,,,,
294800,728.4,0.000002,,,,,,,,
294900,728.7,0.000001,,,,,,,,
295000,729.9,0.000001,0.000700,9.836264e-02,4.398992e-03,3.213664e-03,0.000000,5.292641e-02,4.257368e-03,3.158627e-03
295100,730.1,0.000002,,,,,,,,
295200,730.3,0.000002,,,,,,,,
295300,730.5,0.000003,,,,,,,,
295400,730.7,0.000003,,,,,,,,
295500,730.9,0.000003,,,,,,,,
295600,731.1,0.000003,,,,,,,,
295700,731.4,0.000002,,,,,,,,
295800,731.6,0.000003,,,,,,,,
295900,731.8,0.000001,,,,,,,,
296000,732.1,0.000003,,,,,,,,
296100,732.3,0.000002,,,,,,,,
296200,732.5,0.000002,,,,,,,,
296300,732.7,0.000002,,,,,,,,
296400,733.0,0.000003,,,,,,,,
296500,733.2,0.000002,,,,,,,,
296600,733.4,0.000001,,,,,,,,
296700,733.7,0.000002,,,,,,,,
296800,733.9,0.000004,,,,,,,,
296900,734.1,0.000002,,,,,,,,
297000,734.4,0.000002,,,,,,,,
297100,734.6,0.000002,,,,,,,,
297200,734.8,0.000002,,,,,,,,
297300,735.1,0.000002,,,,,,,,
297400,735.3,0.000002,,,,,,,,
297500,735.5,0.000001,,,,,,,,
297600,735.7,0.000004,,,,,,,,
297700,736.0,0.000002,,,,,,,,
297800,736.2,0.000001,,,,,,,,
297900,736.4,0.000004,,,,,,,,
298000,736.7,0.000002,,,,,,,,
298100,736.9,0.000003,,,,,,,,
298200,737.1,0.000002,,,,,,,,
298300,737.4,0.000002,,,,,,,,
298400,737.6,0.000002,,,,,,,,
298500,737.8,0.000003,,,,,,,,
298600,738.1,0.000002,,,,,,,,
298700,738.3,0.000003,,,,,,,,
298800,738.5,0.000003,,,,,,,,
298900,738.8,0.000003,,,,,,,,
299000,739.0,0.000002,,,,,,,,
299100,739.2,0.000005,,,,,,,,
299200,739.5,0.000002,,,,,,,,
299300,739.7,0.000003,,,,,,,,
299400,739.9,0.000001,,,,,,,,
299500,740.2,0.000004,,,,,,,,
299600,740.4,0.000002,,,,,,,,
299700,740.7,0.000002,,,,,,,,
299800,740.9,0.000002,,,,,,,,
299900,741.1,0.000002,,,,,,,,
300000,742.4,0.000006,0.001227,1.215861e-01,7.711012e-03,6.151525e-03,0.000000,8.379253e-02,7.638161e-03,6.243846e-03
300100,742.6,0.000002,,,,,,,,
300200,742.8,0.000002,,,,,,,,
300300,743.0,0.000002,,,,,,,,
300400,743.1,0.000005,,,,,,,,
300500,743.3,0.000002,,,,,,,,
300600,743.5,0.000002,,,,,,,,
300700,743.8,0.000001,,,,,,,,
300800,744.0,0.000001,,,,,,,,
300900,744.2,0.000003,,,,,,,,
301000,744.4,0.000002,,,,,,,,
301100,744.6,0.000004,,,,,,,,
301200,744.9,0.000006,,,,,,,,
301300,745.1,0.000005,,,,,,,,
301400,745.3,0.000005,,,,,,,,
301500,745.6,0.000001,,,,,,,,
301600,745.8,0.000002,,,,,,,,
301700,746.0,0.000003,,,,,,,,
301800,746.3,0.000001,,,,,,,,
301900,746.5,0.000002,,,,,,,,
302000,746.7,0.000003,,,,,,,,
302100,746.9,0.000002,,,,,,,,
302200,747.2,0.000004,,,,,,,,
302300,747.4,0.000003,,,,,,,,
302400,747.6,0.000002,,,,,,,,
302500,747.8,0.000002,,,,,,,,
302600,748.1,0.000004,,,,,,,,
302700,748.3,0.000002,,,,,,,,
302800,748.6,0.000004,,,,,,,,
302900,748.8,0.000001,,,,,,,,
303000,749.0,0.000002,,,,,,,,
303100,749.3,0.000002,,,,,,,,
303200,749.5,0.000006,,,,,,,,
303300,749.7,0.000002,,,,,,,,
303400,749.9,0.000001,,,,,,,,
303500,750.2,0.000007,,,,,,,,
303600,750.4,0.000002,,,,,,,,
303700,750.6,0.000003,,,,,,,,
303800,750.9,0.000002,,,,,,,,
303900,751.1,0.000001,,,,,,,,
304000,751.4,0.000002,,,,,,,,
304100,751.6,0.000001,,,,,,,,
304200,751.8,0.000004,,,,,,,,
304300,752.1,0.000002,,,,,,,,
304400,752.3,0.000002,,,,,,,,
304500,752.5,0.000002,,,,,,,,
304600,752.7,0.000004,,,,,,,,
304700,753.0,0.000006,,,,,,,,
304800,753.2,0.000003,,,,,,,,
304900,753.4,0.000011,,,,,,,,
305000,754.7,0.000002,0.000996,1.094923e-01,6.255827e-03,4.877415e-03,0.000000,5.473481e-02,6.132979e-03,4.774681e-03
305100,754.9,0.000001,,,,,,,,
305200,755.1,0.000002,,,,,,,,
305300,755.3,0.000007,,,,,,,,
305400,755.5,0.000004,,,,,,,,
305500,755.7,0.000002,,,,,,,,
305600,755.9,0.000002,,,,,,,,
305700,756.1,0.000003,,,,,,,,
305800,756.3,0.000002,,,,,,,,
305900,756.5,0.000003,,,,,,,,
306000,756.8,0.000002,,,,,,,,
306100,757.0,0.000003,,,,,,,,
306200,757.2,0.000004,,,,,,,,
306300,757.5,0.000002,,,,,,,,
306400,757.7,0.000002,,,,,,,,
306500,757.9,0.000002,,,,,,,,
306600,758.2,0.000004,,,,,,,,
306700,758.4,0.000002,,,,,,,,
306800,758.6,0.000001,,,,,,,,
306900,758.9,0.000002,,,,,,,,
307000,759.1,0.000002,,,,,,,,
307100,759.3,0.000002,,,,,,,,
307200,759.6,0.000002,,,,,,,,
307300,759.8,0.000002,,,,,,,,
307400,760.0,0.000004,,,,,,,,
307500,760.2,0.000002,,,,,,,,
307600,760.5,0.000003,,,,,,,,
307700,760.7,0.000002,,,,,,,,
307800,761.0,0.000003,,,,,,,,
307900,761.2,0.000003,,,,,,,,
308000,761.4,0.000004,,,,,,,,
308100,761.6,0.000002,,,,,,,,
308200,761.9,0.000003,,,,,,,,
308300,762.1,0.000002,,,,,,,,
308400,762.3,0.000006,,,,,,,,
308500,762.5,0.000002,,,,,,,,
308600,762.7,0.000003,,,,,,,,
308700,763.0,0.000001,,,,,,,,
308800,763.2,0.000002,,,,,,,,
308900,763.5,0.000002,,,,,,,,
309000,763.7,0.000001,,,,,,,,
309100,763.9,0.000002,,,,,,,,
309200,764.2,0.000005,,,,,,,,
309300,764.4,0.000001,,,,,,,,
309400,764.6,0.000002,,,,,,,,
309500,764.9,0.000001,,,,,,,,
309600,765.1,0.000004,,,,,,,,
309700,765.3,0.000003,,,,,,,,
309800,765.5,0.000003,,,,,,,,
309900,765.7,0.000001,,,,,,,,
310000,767.0,0.000004,0.001228,1.396969e-01,7.712761e-03,5.954271e-03,0.000000,5.612482e-02,7.716791e-03,6.078207e-03
310100,767.2,0.000002,,,,,,,,
310200,767.4,0.000001,,,,,,,,
310300,767.6,0.000003,,,,,,,,
310400,767.8,0.000002,,,,,,,,
310500,768.0,0.000004,,,,,,,,
310600,768.2,0.000001,,,,,,,,
310700,768.4,0.000001,,,,,,,,
310800,768.7,0.000002,,,,,,,,
310900,768.9,0.000003,,,,,,,,
311000,769.1,0.000002,,,,,,,,
311100,769.3,0.000002,,,,,,,,
311200,769.6,0.000007,,,,,,,,
311300,769.8,0.000002,,,,,,,,
311400,770.0,0.000001,,,,,,,,
311500,770.3,0.000002,,,,,,,,
311600,770.5,0.000009,,,,,,,,
311700,770.7,0.000002,,,,,,,,
311800,770.9,0.000002,,,,,,,,
311900,771.2,0.000001,,,,,,,,
312000,771.4,0.000003,,,,,,,,
312100,771.6,0.000005,,,,,,,,
312200,771.8,0.000002,,,,,,,,
312300,772.1,0.000004,,,,,,,,
312400,772.3,0.000003,,,,,,,,
312500,772.5,0.000004,,,,,,,,
312600,772.8,0.000003,,,,,,,,
312700,773.0,0.000005,,,,,,,,
312800,773.2,0.000003,,,,,,,,
312900,773.5,0.000002,,,,,,,,
313000,773.7,0.000001,,,,,,,,
313100,773.9,0.000001,,,,,,,,
313200,774.1,0.000001,,,,,,,,
313300,774.4,0.000005,,,,,,,,
313400,774.6,0.000002,,,,,,,,
313500,774.8,0.000002,,,,,,,,
313600,775.1,0.000002,,,,,,,,
313700,775.3,0.000004,,,,,,,,
313800,775.5,0.000002,,,,,,,,
313900,775.7,0.000003,,,,,,,,
314000,776.0,0.000004,,,,,,,,
314100,776.2,0.000001,,,,,,,,
314200,776.4,0.000002,,,,,,,,
314300,776.7,0.000002,,,,,,,,
314400,776.9,0.000002,,,,,,,,
314500,777.1,0.000006,,,,,,,,
314600,777.3,0.000002,,,,,,,,
314700,777.6,0.000003,,,,,,,,
314800,777.8,0.000002,,,,,,,,
314900,778.0,0.000003,,,,,,,,
315000,779.3,0.000002,0.000889,1.209653e-01,5.582840e-03,4.509799e-03,0.000000,7.143212e-02,5.456224e-03,4.484392e-03
315100,779.5,0.000002,,,,,,,,
315200,779.7,0.000004,,,,,,,,
315300,779.9,0.000001,,,,,,,,
315400,780.1,0.000002,,,,,,,,
315500,780.3,0.000004,,,,,,,,
315600,780.5,0.000004,,,,,,,,
315700,780.7,0.000004,,,,,,,,
315800,781.0,0.000001,,,,,,,,
315900,781.2,0.000002,,,,,,,,
316000,781.4,0.000001,,,,,,,,
316100,781.6,0.000002,,,,,,,,
316200,781.9,0.000002,,,,,,,,
316300,782.1,0.000002,,,,,,,,
316400,782.4,0.000001,,,,,,,,
316500,782.6,0.000001,,,,,,,,
316600,782.8,0.000002,,,,,,,,
316700,783.0,0.000008,,,,,,,,
316800,783.3,0.000005,,,,,,,,
316900,783.5,0.000002,,,,,,,,
317000,783.7,0.000001,,,,,,,,
317100,783.9,0.000001,,,,,,,,
317200,784.2,0.000003,,,,,,,,
317300,784.4,0.000003,,,,,,,,
317400,784.6,0.000001,,,,,,,,
317500,784.8,0.000003,,,,,,,,
317600,785.1,0.000002,,,,,,,,
317700,785.3,0.000006,,,,,,,,
317800,785.6,0.000002,,,,,,,,
317900,785.8,0.000002,,,,,,,,
318000,786.0,0.000005,,,,,,,,
318100,786.2,0.000008,,,,,,,,
318200,786.5,0.000004,,,,,,,,
318300,786.7,0.000001,,,,,,,,
318400,786.9,0.000003,,,,,,,,
318500,787.2,0.000002,,,,,,,,
318600,787.4,0.000001,,,,,,,,
318700,787.6,0.000001,,,,,,,,
318800,787.9,0.000001,,,,,,,,
318900,788.1,0.000001,,,,,,,,
319000,788.3,0.000002,,,,,,,,
319100,788.6,0.000004,,,,,,,,
319200,788.8,0.000001,,,,,,,,
319300,789.0,0.000002,,,,,,,,
319400,789.3,0.000001,,,,,,,,
319500,789.5,0.000003,,,,,,,,
319600,789.7,0.000005,,,,,,,,
319700,790.0,0.000002,,,,,,,,
319800,790.2,0.000003,,,,,,,,
319900,790.4,0.000002,,,,,,,,
320000,791.7,0.000003,0.001064,1.175447e-01,6.683681e-03,5.316077e-03,0.000000,4.951239e-02,6.698330e-03,5.426488e-03
320100,791.9,0.000002,,,,,,,,
320200,792.1,0.000002,,,,,,,,
320300,792.3,0.000003,,,,,,,,
320400,792.5,0.000002,,,,,,,,
320500,792.7,0.000001,,,,,,,,
320600,792.9,0.000001,,,,,,,,
320700,793.1,0.000003,,,,,,,,
320800,793.3,0.000002,,,,,,,,
320900,793.5,0.000006,,,,,,,,
321000,793.8,0.000001,,,,,,,,
321100,794.0,0.000005,,,,,,,,
321200,794.3,0.000003,,,,,,,,
321300,794.5,0.000001,,,,,,,,
321400,794.8,0.000002,,,,,,,,
321500,795.0,0.000005,,,,,,,,
321600,795.2,0.000002,,,,,,,,
321700,795.5,0.000002,,,,,,,,
321800,795.7,0.000002,,,,,,,,
321900,795.9,0.000005,,,,,,,,
322000,796.2,0.000001,,,,,,,,
322100,796.4,0.000002,,,,,,,,
322200,796.6,0.000001,,,,,,,,
322300,796.9,0.000002,,,,,,,,
322400,797.1,0.000002,,,,,,,,
322500,797.3,0.000001,,,,,,,,
322600,797.6,0.000002,,,,,,,,
322700,797.8,0.000002,,,,,,,,
322800,798.0,0.000001,,,,,,,,
322900,798.2,0.000002,,,,,,,,
323000,798.5,0.000003,,,,,,,,
323100,798.7,0.000001,,,,,,,,
323200,798.9,0.000007,,,,,,,,
323300,799.1,0.000002,,,,,,,,
323400,799.4,0.000001,,,,,,,,
323500,799.6,0.000003,,,,,,,,
323600,799.8,0.000002,,,,,,,,
323700,800.1,0.000001,,,,,,,,
323800,800.3,0.000002,,,,,,,,
323900,800.5,0.000003,,,,,,,,
324000,800.8,0.000003,,,,,,,,
324100,801.0,0.000004,,,,,,,,
324200,801.2,0.000002,,,,,,,,
324300,801.4,0.000002,,,,,,,,
324400,801.7,0.000004,,,,,,,,
324500,801.9,0.000001,,,,,,,,
324600,802.2,0.000004,,,,,,,,
324700,802.4,0.000001,,,,,,,,
324800,802.7,0.000002,,,,,,,,
324900,802.9,0.000003,,,,,,,,
325000,804.2,0.000007,0.002386,1.592905e-01,1.499338e-02,1.321390e-02,0.000000,1.093706e-01,1.520730e-02,1.369160e-02
325100,804.4,0.000001,,,,,,,,
325200,804.6,0.000005,,,,,,,,
325300,804.8,0.000002,,,,,,,,
325400,804.9,0.000002,,,,,,,,
325500,805.1,0.000002,,,,,,,,
325600,805.4,0.000002,,,,,,,,
325700,805.6,0.000004,,,,,,,,
325800,805.8,0.000004,,,,,,,,
325900,806.0,0.000002,,,,,,,,
326000,806.3,0.000001,,,,,,,,
326100,806.5,0.000006,,,,,,,,
326200,806.7,0.000004,,,,,,,,
326300,807.0,0.000001,,,,,,,,
326400,807.2,0.000003,,,,,,,,
326500,807.4,0.000005,,,,,,,,
326600,807.6,0.000002,,,,,,,,
326700,807.9,0.000001,,,,,,,,
326800,808.1,0.000001,,,,,,,,
326900,808.4,0.000002,,,,,,,,
327000,808.6,0.000002,,,,,,,,
327100,808.8,0.000004,,,,,,,,
327200,809.1,0.000003,,,,,,,,
327300,809.3,0.000001,,,,,,,,
327400,809.5,0.000003,,,,,,,,
327500,809.7,0.000002,,,,,,,,
327600,810.0,0.000001,,,,,,,,
327700,810.2,0.000002,,,,,,,,
327800,810.4,0.000002,,,,,,,,
327900,810.7,0.000003,,,,,,,,
328000,810.9,0.000001,,,,,,,,
328100,811.1,0.000002,,,,,,,,
328200,811.3,0.000002,,,,,,,,
328300,811.6,0.000005,,,,,,,,
328400,811.8,0.000003,,,,,,,,
328500,812.0,0.000002,,,,,,,,
328600,812.2,0.000001,,,,,,,,
328700,812.5,0.000003,,,,,,,,
328800,812.7,0.000003,,,,,,,,
328900,812.9,0.000002,,,,,,,,
329000,813.1,0.000006,,,,,,,,
329100,813.4,0.000007,,,,,,,,
329200,813.6,0.000002,,,,,,,,
329300,813.8,0.000004,,,,,,,,
329400,814.1,0.000005,,,,,,,,
329500,814.3,0.000002,,,,,,,,
329600,814.5,0.000002,,,,,,,,
329700,814.7,0.000001,,,,,,,,
329800,815.0,0.000001,,,,,,,,
329900,815.2,0.000001,,,,,,,,
330000,816.5,0.000002,0.000857,8.239990e-02,5.383091e-03,4.288856e-03,0.000000,5.340608e-02,5.347754e-03,4.348365e-03
330100,816.7,0.000002,,,,,,,,
330200,816.9,0.000003,,,,,,,,
330300,817.1,0.000002,,,,,,,,
330400,817.3,0.000002,,,,,,,,
330500,817.5,0.000002,,,,,,,,
330600,817.7,0.000002,,,,,,,,
330700,817.9,0.000003,,,,,,,,
330800,818.2,0.000001,,,,,,,,
330900,818.4,0.000002,,,,,,,,
331000,818.6,0.000002,,,,,,,,
331100,818.9,0.000008,,,,,,,,
331200,819.1,0.000004,,,,,,,,
331300,819.3,0.000001,,,,,,,,
331400,819.6,0.000004,,,,,,,,
331500,819.8,0.000001,,,,,,,,
331600,820.0,0.000002,,,,,,,,
331700,820.2,0.000005,,,,,,,,
331800,820.5,0.000001,,,,,,,,
331900,820.7,0.000001,,,,,,,,
332000,821.0,0.000001,,,,,,,,
332100,821.2,0.000002,,,,,,,,
332200,821.4,0.000004,,,,,,,,
332300,821.7,0.000002,,,,,,,,
332400,821.9,0.000001,,,,,,,,
332500,822.1,0.000003,,,,,,,,
332600,822.4,0.000002,,,,,,,,
332700,822.6,0.000001,,,,,,,,
332800,822.8,0.000001,,,,,,,,
332900,823.1,0.000003,,,,,,,,
333000,823.3,0.000001,,,,,,,,
333100,823.5,0.000003,,,,,,,,
333200,823.8,0.000003,,,,,,,,
333300,824.0,0.000002,,,,,,,,
333400,824.2,0.000002,,,,,,,,
333500,824.4,0.000002,,,,,,,,
333600,824.7,0.000002,,,,,,,,
333700,824.9,0.000001,,,,,,,,
333800,825.1,0.000001,,,,,,,,
333900,825.4,0.000004,,,,,,,,
334000,825.6,0.000002,,,,,,,,
334100,825.8,0.000001,,,,,,,,
334200,826.1,0.000002,,,,,,,,
334300,826.3,0.000002,,,,,,,,
334400,826.5,0.000003,,,,,,,,
334500,826.8,0.000002,,,,,,,,
334600,827.0,0.000003,,,,,,,,
334700,827.2,0.000003,,,,,,,,
334800,827.4,0.000003,,,,,,,,
334900,827.7,0.000003,,,,,,,,
335000,829.0,0.000002,0.001367,8.736044e-02,8.588588e-03,7.774116e-03,0.000000,6.360134e-02,8.815430e-03,8.185803e-03
335100,829.2,0.000006,,,,,,,,
335200,829.3,0.000004,,,,,,,,
335300,829.5,0.000002,,,,,,,,
335400,829.7,0.000002,,,,,,,,
335500,830.0,0.000003,,,,,,,,
335600,830.2,0.000002,,,,,,,,
335700,830.4,0.000001,,,,,,,,
335800,830.6,0.000003,,,,,,,,
335900,830.8,0.000002,,,,,,,,
336000,831.1,0.000002,,,,,,,,
336100,831.3,0.000002,,,,,,,,
336200,831.5,0.000003,,,,,,,,
336300,831.8,0.000004,,,,,,,,
336400,832.0,0.000004,,,,,,,,
336500,832.2,0.000002,,,,,,,,
336600,832.4,0.000001,,,,,,,,
336700,832.7,0.000003,,,,,,,,
336800,832.9,0.000002,,,,,,,,
336900,833.1,0.000008,,,,,,,,
337000,833.4,0.000002,,,,,,,,
337100,833.6,0.000002,,,,,,,,
337200,833.8,0.000003,,,,,,,,
337300,834.1,0.000001,,,,,,,,
337400,834.3,0.000002,,,,,,,,
337500,834.5,0.000002,,,,,,,,
337600,834.7,0.000002,,,,,,,,
337700,834.9,0.000002,,,,,,,,
337800,835.2,0.000001,,,,,,,,
337900,835.4,0.000002,,,,,,,,
338000,835.6,0.000001,,,,,,,,
338100,835.8,0.000004,,,,,,,,
338200,836.1,0.000005,,,,,,,,
338300,836.3,0.000005,,,,,,,,
338400,836.5,0.000004,,,,,,,,
338500,836.8,0.000001,,,,,,,,
338600,837.0,0.000004,,,,,,,,
338700,837.2,0.000001,,,,,,,,
338800,837.5,0.000002,,,,,,,,
338900,837.7,0.000002,,,,,,,,
339000,838.0,0.000002,,,,,,,,
339100,838.2,0.000002,,,,,,,,
339200,838.4,0.000008,,,,,,,,
339300,838.7,0.000002,,,,,,,,
339400,838.9,0.000001,,,,,,,,
339500,839.1,0.000001,,,,,,,,
339600,839.3,0.000002,,,,,,,,
339700,839.6,0.000005,,,,,,,,
339800,839.8,0.000001,,,,,,,,
339900,840.0,0.000002,,,,,,,,
340000,841.3,0.000003,0.000842,1.046241e-01,5.292615e-03,3.979766e-03,0.000000,7.534870e-02,5.253056e-03,3.966960e-03
340100,841.5,0.000004,,,,,,,,
340200,841.7,0.000002,,,,,,,,
340300,841.9,0.000002,,,,,,,,
340400,842.1,0.000002,,,,,,,,
340500,842.3,0.000004,,,,,,,,
340600,842.5,0.000001,,,,,,,,
340700,842.7,0.000001,,,,,,,,
340800,843.0,0.000001,,,,,,,,
340900,843.2,0.000002,,,,,,,,
341000,843.4,0.000003,,,,,,,,
341100,843.6,0.000002,,,,,,,,
341200,843.9,0.000002,,,,,,,,
341300,844.1,0.000002,,,,,,,,
341400,844.4,0.000002,,,,,,,,
341500,844.6,0.000002,,,,,,,,
341600,844.8,0.000002,,,,,,,,
341700,845.0,0.000003,,,,,,,,
341800,845.3,0.000003,,,,,,,,
341900,845.5,0.000001,,,,,,,,
342000,845.7,0.000006,,,,,,,,
342100,846.0,0.000001,,,,,,,,
342200,846.2,0.000003,,,,,,,,
342300,846.5,0.000003,,,,,,,,
342400,846.7,0.000002,,,,,,,,
342500,847.0,0.000002,,,,,,,,
342600,847.2,0.000002,,,,,,,,
342700,847.4,0.000002,,,,,,,,
342800,847.6,0.000002,,,,,,,,
342900,847.9,0.000002,,,,,,,,
343000,848.1,0.000002,,,,,,,,
343100,848.3,0.000001,,,,,,,,
343200,848.6,0.000001,,,,,,,,
343300,848.8,0.000002,,,,,,,,
343400,849.0,0.000001,,,,,,,,
343500,849.2,0.000002,,,,,,,,
343600,849.5,0.000002,,,,,,,,
343700,849.7,0.000002,,,,,,,,
343800,849.9,0.000002,,,,,,,,
343900,850.1,0.000003,,,,,,,,
344000,850.3,0.000003,,,,,,,,
344100,850.6,0.000002,,,,,,,,
344200,850.8,0.000001,,,,,,,,
344300,851.1,0.000002,,,,,,,,
344400,851.3,0.000005,,,,,,,,
344500,851.5,0.000003,,,,,,,,
344600,851.8,0.000003,,,,,,,,
344700,852.0,0.000002,,,,,,,,
344800,852.2,0.000003,,,,,,,,
344900,852.5,0.000002,,,,,,,,
345000,853.8,0.000002,0.000868,9.584218e-02,5.456608e-03,3.939127e-03,0.000000,6.658896e-02,5.395036e-03,3.910039e-03
345100,854.0,0.000003,,,,,,,,
345200,854.2,0.000002,,,,,,,,
345300,854.4,0.000002,,,,,,,,
345400,854.6,0.000001,,,,,,,,
345500,854.8,0.000002,,,,,,,,
345600,855.0,0.000002,,,,,,,,
345700,855.2,0.000001,,,,,,,,
345800,855.4,0.000001,,,,,,,,
345900,855.7,0.000001,,,,,,,,
346000,855.9,0.000002,,,,,,,,
346100,856.1,0.000003,,,,,,,,
346200,856.3,0.000002,,,,,,,,
346300,856.6,0.000005,,,,,,,,
346400,856.8,0.000001,,,,,,,,
346500,857.0,0.000002,,,,,,,,
346600,857.3,0.000003,,,,,,,,
346700,857.5,0.000002,,,,,,,,
346800,857.8,0.000002,,,,,,,,
346900,858.0,0.000002,,,,,,,,
347000,858.2,0.000001,,,,,,,,
347100,858.5,0.000002,,,,,,,,
347200,858.7,0.000005,,,,,,,,
347300,858.9,0.000002,,,,,,,,
347400,859.2,0.000002,,,,,,,,
347500,859.4,0.000001,,,,,,,,
347600,859.6,0.000002,,,,,,,,
347700,859.9,0.000003,,,,,,,,
347800,860.1,0.000002,,,,,,,,
347900,860.4,0.000001,,,,,,,,
348000,860.6,0.000005,,,,,,,,
348100,860.8,0.000002,,,,,,,,
348200,861.0,0.000001,,,,,,,,
348300,861.3,0.000002,,,,,,,,
348400,861.5,0.000002,,,,,,,,
348500,861.7,0.000001,,,,,,,,
348600,862.0,0.000001,,,,,,,,
348700,862.2,0.000002,,,,,,,,
348800,862.4,0.000003,,,,,,,,
348900,862.6,0.000008,,,,,,,,
349000,862.9,0.000002,,,,,,,,
349100,863.1,0.000001,,,,,,,,
349200,863.4,0.000002,,,,,,,,
349300,863.6,0.000005,,,,,,,,
349400,863.8,0.000001,,,,,,,,
349500,864.0,0.000003,,,,,,,,
349600,864.3,0.000002,,,,,,,,
349700,864.5,0.000005,,,,,,,,
349800,864.8,0.000006,,,,,,,,
349900,865.0,0.000002,,,,,,,,
350000,866.2,0.000003,0.001561,1.422980e-01,9.806399e-03,8.595266e-03,0.000000,1.042453e-01,9.625278e-03,8.449549e-03
350100,866.4,0.000002,,,,,,,,
350200,866.6,0.000003,,,,,,,,
350300,866.8,0.000008,,,,,,,,
350400,867.0,0.000002,,,,,,,,
350500,867.2,0.000002,,,,,,,,
350600,867.5,0.000002,,,,,,,,
350700,867.7,0.000002,,,,,,,,
350800,867.9,0.000002,,,,,,,,
350900,868.1,0.000001,,,,,,,,
351000,868.4,0.000006,,,,,,,,
351100,868.6,0.000003,,,,,,,,
351200,868.8,0.000003,,,,,,,,
351300,869.1,0.000002,,,,,,,,
351400,869.3,0.000001,,,,,,,,
351500,869.5,0.000002,,,,,,,,
351600,869.8,0.000001,,,,,,,,
351700,870.0,0.000002,,,,,,,,
351800,870.2,0.000002,,,,,,,,
351900,870.5,0.000001,,,,,,,,
352000,870.7,0.000002,,,,,,,,
352100,870.9,0.000004,,,,,,,,
352200,871.2,0.000001,,,,,,,,
352300,871.4,0.000002,,,,,,,,
352400,871.6,0.000002,,,,,,,,
352500,871.9,0.000002,,,,,,,,
352600,872.1,0.000003,,,,,,,,
352700,872.4,0.000002,,,,,,,,
352800,872.6,0.000002,,,,,,,,
352900,872.8,0.000003,,,,,,,,
353000,873.1,0.000001,,,,,,,,
353100,873.3,0.000001,,,,,,,,
353200,873.5,0.000003,,,,,,,,
353300,873.7,0.000007,,,,,,,,
353400,874.0,0.000003,,,,,,,,
353500,874.2,0.000001,,,,,,,,
353600,874.4,0.000004,,,,,,,,
353700,874.6,0.000001,,,,,,,,
353800,874.8,0.000003,,,,,,,,
353900,875.0,0.000001,,,,,,,,
354000,875.3,0.000002,,,,,,,,
354100,875.5,0.000002,,,,,,,,
354200,875.7,0.000001,,,,,,,,
354300,875.9,0.000002,,,,,,,,
354400,876.1,0.000002,,,,,,,,
354500,876.4,0.000002,,,,,,,,
354600,876.6,0.000003,,,,,,,,
354700,876.8,0.000001,,,,,,,,
354800,877.0,0.000002,,,,,,,,
354900,877.3,0.000003,,,,,,,,
355000,878.5,0.000002,0.001634,1.153557e-01,1.026624e-02,8.750588e-03,0.000000,8.291269e-02,1.064432e-02,9.262013e-03
355100,878.7,0.000001,,,,,,,,
355200,878.9,0.000002,,,,,,,,
355300,879.1,0.000001,,,,,,,,
355400,879.3,0.000004,,,,,,,,
355500,879.5,0.000002,,,,,,,,
355600,879.8,0.000001,,,,,,,,
355700,880.0,0.000002,,,,,,,,
355800,880.2,0.000002,,,,,,,,
355900,880.5,0.000001,,,,,,,,
356000,880.7,0.000003,,,,,,,,
356100,881.0,0.000003,,,,,,,,
356200,881.2,0.000003,,,,,,,,
356300,881.4,0.000001,,,,,,,,
356400,881.7,0.000002,,,,,,,,
356500,881.9,0.000001,,,,,,,,
356600,882.2,0.000002,,,,,,,,
356700,882.4,0.000003,,,,,,,,
356800,882.6,0.000002,,,,,,,,
356900,882.9,0.000004,,,,,,,,
357000,883.1,0.000004,,,,,,,,
357100,883.3,0.000001,,,,,,,,
357200,883.6,0.000001,,,,,,,,
357300,883.8,0.000003,,,,,,,,
357400,884.0,0.000001,,,,,,,,
357500,884.2,0.000003,,,,,,,,
357600,884.4,0.000010,,,,,,,,
357700,884.7,0.000004,,,,,,,,
357800,884.9,0.000001,,,,,,,,
357900,885.2,0.000001,,,,,,,,
358000,885.4,0.000002,,,,,,,,
358100,885.6,0.000003,,,,,,,,
358200,885.8,0.000002,,,,,,,,
358300,886.1,0.000001,,,,,,,,
358400,886.3,0.000001,,,,,,,,
358500,886.5,0.000002,,,,,,,,
358600,886.8,0.000001,,,,,,,,
358700,887.0,0.000001,,,,,,,,
358800,887.2,0.000003,,,,,,,,
358900,887.4,0.000002,,,,,,,,
359000,887.7,0.000002,,,,,,,,
359100,887.9,0.000001,,,,,,,,
359200,888.1,0.000001,,,,,,,,
359300,888.4,0.000002,,,,,,,,
359400,888.6,0.000002,,,,,,,,
359500,888.8,0.000001,,,,,,,,
359600,889.1,0.000002,,,,,,,,
359700,889.3,0.000001,,,,,,,,
359800,889.5,0.000001,,,,,,,,
359900,889.7,0.000001,,,,,,,,
360000,891.0,0.000001,0.001195,1.381278e-01,7.507311e-03,6.413243e-03,0.000000,9.078194e-02,7.372865e-03,6.435425e-03
360100,891.2,0.000001,,,,,,,,
360200,891.4,0.000001,,,,,,,,
360300,891.6,0.000003,,,,,,,,
360400,891.8,0.000002,,,,,,,,
360500,892.0,0.000001,,,,,,,,
360600,892.2,0.000003,,,,,,,,
360700,892.5,0.000001,,,,,,,,
360800,892.7,0.000002,,,,,,,,
360900,892.9,0.000002,,,,,,,,
361000,893.2,0.000003,,,,,,,,
361100,893.4,0.000004,,,,,,,,
361200,893.6,0.000003,,,,,,,,
361300,893.9,0.000001,,,,,,,,
361400,894.1,0.000003,,,,,,,,
361500,894.3,0.000003,,,,,,,,
361600,894.6,0.000002,,,,,,,,
361700,894.8,0.000002,,,,,,,,
361800,895.0,0.000003,,,,,,,,
361900,895.3,0.000002,,,,,,,,
362000,895.5,0.000001,,,,,,,,
362100,895.7,0.000001,,,,,,,,
362200,895.9,0.000001,,,,,,,,
362300,896.1,0.000002,,,,,,,,
362400,896.4,0.000002,,,,,,,,
362500,896.6,0.000002,,,,,,,,
362600,896.8,0.000001,,,,,,,,
362700,897.0,0.000003,,,,,,,,
362800,897.3,0.000004,,,,,,,,
362900,897.5,0.000001,,,,,,,,
363000,897.7,0.000002,,,,,,,,
363100,897.9,0.000002,,,,,,,,
363200,898.2,0.000001,,,,,,,,
363300,898.4,0.000002,,,,,,,,
363400,898.6,0.000004,,,,,,,,
363500,898.8,0.000002,,,,,,,,
363600,899.1,0.000001,,,,,,,,
363700,899.3,0.000001,,,,,,,,
363800,899.5,0.000001,,,,,,,,
363900,899.7,0.000001,,,,,,,,
364000,900.0,0.000001,,,,,,,,
364100,900.2,0.000003,,,,,,,,
364200,900.4,0.000002,,,,,,,,
364300,900.7,0.000001,,,,,,,,
364400,900.9,0.000003,,,,,,,,
364500,901.1,0.000002,,,,,,,,
364600,901.4,0.000003,,,,,,,,
364700,901.6,0.000003,,,,,,,,
364800,901.8,0.000001,,,,,,,,
364900,902.0,0.000001,,,,,,,,
365000,903.3,0.000003,0.001354,1.445694e-01,8.506797e-03,7.671162e-03,0.000000,9.694911e-02,8.425829e-03,7.754609e-03
365100,903.5,0.000004,,,,,,,,
365200,903.7,0.000002,,,,,,,,
365300,903.9,0.000002,,,,,,,,
365400,904.1,0.000001,,,,,,,,
365500,904.3,0.000002,,,,,,,,
365600,904.5,0.000003,,,,,,,,
365700,904.7,0.000003,,,,,,,,
365800,904.9,0.000002,,,,,,,,
365900,905.1,0.000004,,,,,,,,
366000,905.4,0.000002,,,,,,,,
366100,905.6,0.000001,,,,,,,,
366200,905.8,0.000001,,,,,,,,
366300,906.1,0.000002,,,,,,,,
366400,906.3,0.000002,,,,,,,,
366500,906.5,0.000002,,,,,,,,
366600,906.7,0.000003,,,,,,,,
366700,907.0,0.000001,,,,,,,,
366800,907.2,0.000002,,,,,,,,
366900,907.4,0.000004,,,,,,,,
367000,907.7,0.000001,,,,,,,,
367100,907.9,0.000002,,,,,,,,
367200,908.1,0.000002,,,,,,,,
367300,908.3,0.000003,,,,,,,,
367400,908.6,0.000002,,,,,,,,
367500,908.8,0.000002,,,,,,,,
367600,909.0,0.000001,,,,,,,,
367700,909.3,0.000002,,,,,,,,
367800,909.5,0.000001,,,,,,,,
367900,909.8,0.000001,,,,,,,,
368000,910.0,0.000001,,,,,,,,
368100,910.2,0.000004,,,,,,,,
368200,910.4,0.000001,,,,,,,,
368300,910.7,0.000002,,,,,,,,
368400,910.9,0.000001,,,,,,,,
368500,911.1,0.000001,,,,,,,,
368600,911.4,0.000002,,,,,,,,
368700,911.6,0.000009,,,,,,,,
368800,911.8,0.000002,,,,,,,,
368900,912.1,0.000002,,,,,,,,
369000,912.3,0.000006,,,,,,,,
369100,912.5,0.000001,,,,,,,,
369200,912.7,0.000002,,,,,,,,
369300,913.0,0.000001,,,,,,,,
369400,913.2,0.000001,,,,,,,,
369500,913.4,0.000005,,,,,,,,
369600,913.7,0.000010,,,,,,,,
369700,913.9,0.000002,,,,,,,,
369800,914.1,0.000002,,,,,,,,
369900,914.4,0.000001,,,,,,,,
370000,915.6,0.000001,0.000846,8.750778e-02,5.317054e-03,4.201564e-03,0.000000,6.097325e-02,5.254217e-03,4.200459e-03
370100,915.8,0.000004,,,,,,,,
370200,916.0,0.000001,,,,,,,,
370300,916.2,0.000002,,,,,,,,
370400,916.4,0.000002,,,,,,,,
370500,916.6,0.000004,,,,,,,,
370600,916.8,0.000001,,,,,,,,
370700,917.1,0.000001,,,,,,,,
370800,917.3,0.000001,,,,,,,,
370900,917.5,0.000002,,,,,,,,
371000,917.7,0.000002,,,,,,,,
371100,918.0,0.000002,,,,,,,,
371200,918.2,0.000003,,,,,,,,
371300,918.5,0.000002,,,,,,,,
371400,918.7,0.000001,,,,,,,,
371500,918.9,0.000001,,,,,,,,
371600,919.2,0.000002,,,,,,,,
371700,919.4,0.000001,,,,,,,,
371800,919.6,0.000002,,,,,,,,
371900,919.9,0.000001,,,,,,,,
372000,920.1,0.000002,,,,,,,,
372100,920.3,0.000002,,,,,,,,
372200,920.6,0.000002,,,,,,,,
372300,920.8,0.000002,,,,,,,,
372400,921.0,0.000001,,,,,,,,
372500,921.3,0.000003,,,,,,,,
372600,921.5,0.000002,,,,,,,,
372700,921.7,0.000002,,,,,,,,
372800,922.0,0.000002,,,,,,,,
372900,922.2,0.000001,,,,,,,,
373000,922.4,0.000001,,,,,,,,
373100,922.6,0.000001,,,,,,,,
373200,922.9,0.000002,,,,,,,,
373300,923.1,0.000005,,,,,,,,
373400,923.3,0.000002,,,,,,,,
373500,923.6,0.000004,,,,,,,,
373600,923.8,0.000001,,,,,,,,
373700,924.0,0.000002,,,,,,,,
373800,924.2,0.000001,,,,,,,,
373900,924.5,0.000002,,,,,,,,
374000,924.7,0.000002,,,,,,,,
374100,924.9,0.000002,,,,,,,,
374200,925.1,0.000003,,,,,,,,
374300,925.4,0.000003,,,,,,,,
374400,925.6,0.000001,,,,,,,,
374500,925.8,0.000003,,,,,,,,
374600,926.1,0.000002,,,,,,,,
374700,926.3,0.000001,,,,,,,,
374800,926.5,0.000006,,,,,,,,
374900,926.8,0.000002,,,,,,,,
375000,928.0,0.000001,0.000804,7.973666e-02,5.051872e-03,3.742169e-03,0.000000,5.326544e-02,4.974704e-03,3.704798e-03
375100,928.2,0.000001,,,,,,,,
375200,928.4,0.000003,,,,,,,,
375300,928.6,0.000003,,,,,,,,
375400,928.8,0.000001,,,,,,,,
375500,929.0,0.000001,,,,,,,,
375600,929.3,0.000001,,,,,,,,
375700,929.5,0.000002,,,,,,,,
375800,929.7,0.000001,,,,,,,,
375900,930.0,0.000002,,,,,,,,
376000,930.2,0.000001,,,,,,,,
376100,930.4,0.000006,,,,,,,,
376200,930.6,0.000002,,,,,,,,
376300,930.9,0.000001,,,,,,,,
376400,931.1,0.000001,,,,,,,,
376500,931.3,0.000003,,,,,,,,
376600,931.5,0.000003,,,,,,,,
376700,931.8,0.000001,,,,,,,,
376800,932.0,0.000003,,,,,,,,
376900,932.2,0.000004,,,,,,,,
377000,932.5,0.000001,,,,,,,,
377100,932.7,0.000002,,,,,,,,
377200,932.9,0.000003,,,,,,,,
377300,933.2,0.000003,,,,,,,,
377400,933.4,0.000003,,,,,,,,
377500,933.7,0.000001,,,,,,,,
377600,933.9,0.000001,,,,,,,,
377700,934.1,0.000003,,,,,,,,
377800,934.3,0.000001,,,,,,,,
377900,934.6,0.000002,,,,,,,,
378000,934.8,0.000004,,,,,,,,
378100,935.0,0.000002,,,,,,,,
378200,935.3,0.000003,,,,,,,,
378300,935.5,0.000002,,,,,,,,
378400,935.7,0.000001,,,,,,,,
378500,935.9,0.000001,,,,,,,,
378600,936.2,0.000001,,,,,,,,
378700,936.4,0.000002,,,,,,,,
378800,936.6,0.000001,,,,,,,,
378900,936.9,0.000007,,,,,,,,
379000,937.1,0.000005,,,,,,,,
379100,937.3,0.000004,,,,,,,,
379200,937.5,0.000004,,,,,,,,
379300,937.7,0.000001,,,,,,,,
379400,938.0,0.000002,,,,,,,,
379500,938.2,0.000003,,,,,,,,
379600,938.4,0.000004,,,,,,,,
379700,938.6,0.000001,,,,,,,,
379800,938.9,0.000001,,,,,,,,
379900,939.1,0.000002,,,,,,,,
380000,940.4,0.000007,0.001704,8.962722e-02,1.070469e-02,9.937499e-03,0.000000,5.241729e-02,1.091613e-02,1.030615e-02
380100,940.6,0.000002,,,,,,,,
380200,940.8,0.000001,,,,,,,,
380300,941.0,0.000001,,,,,,,,
380400,941.2,0.000002,,,,,,,,
380500,941.4,0.000001,,,,,,,,
380600,941.6,0.000001,,,,,,,,
380700,941.9,0.000001,,,,,,,,
380800,942.1,0.000002,,,,,,,,
380900,942.3,0.000002,,,,,,,,
381000,942.5,0.000003,,,,,,,,
381100,942.8,0.000002,,,,,,,,
381200,943.0,0.000003,,,,,,,,
381300,943.2,0.000004,,,,,,,,
381400,943.4,0.000002,,,,,,,,
381500,943.6,0.000001,,,,,,,,
381600,943.9,0.000002,,,,,,,,
381700,944.1,0.000002,,,,,,,,
381800,944.3,0.000003,,,,,,,,
381900,944.5,0.000001,,,,,,,,
382000,944.8,0.000001,,,,,,,,
382100,945.0,0.000001,,,,,,,,
382200,945.2,0.000002,,,,,,,,
382300,945.4,0.000001,,,,,,,,
382400,945.6,0.000001,,,,,,,,
382500,945.9,0.000003,,,,,,,,
382600,946.1,0.000003,,,,,,,,
382700,946.4,0.000002,,,,,,,,
382800,946.6,0.000003,,,,,,,,
382900,946.8,0.000001,,,,,,,,
383000,947.1,0.000005,,,,,,,,
383100,947.3,0.000002,,,,,,,,
383200,947.5,0.000003,,,,,,,,
383300,947.7,0.000002,,,,,,,,
383400,948.0,0.000002,,,,,,,,
383500,948.2,0.000003,,,,,,,,
383600,948.4,0.000002,,,,,,,,
383700,948.7,0.000002,,,,,,,,
383800,948.9,0.000002,,,,,,,,
383900,949.1,0.000001,,,,,,,,
384000,949.3,0.000003,,,,,,,,
384100,949.5,0.000002,,,,,,,,
384200,949.8,0.000002,,,,,,,,
384300,950.0,0.000003,,,,,,,,
384400,950.2,0.000002,,,,,,,,
384500,950.4,0.000001,,,,,,,,
384600,950.7,0.000002,,,,,,,,
384700,950.9,0.000002,,,,,,,,
384800,951.2,0.000002,,,,,,,,
384900,951.4,0.000002,,,,,,,,
385000,952.7,0.000003,0.001158,9.889526e-02,7.277431e-03,6.160860e-03,0.000000,6.391462e-02,7.208860e-03,6.134591e-03
385100,952.9,0.000002,,,,,,,,
385200,953.0,0.000001,,,,,,,,
385300,953.2,0.000002,,,,,,,,
385400,953.4,0.000001,,,,,,,,
385500,953.6,0.000003,,,,,,,,
385600,953.8,0.000003,,,,,,,,
385700,954.0,0.000003,,,,,,,,
385800,954.3,0.000001,,,,,,,,
385900,954.5,0.000007,,,,,,,,
386000,954.7,0.000002,,,,,,,,
386100,954.9,0.000001,,,,,,,,
386200,955.2,0.000001,,,,,,,,
386300,955.4,0.000002,,,,,,,,
386400,955.6,0.000002,,,,,,,,
386500,955.9,0.000001,,,,,,,,
386600,956.1,0.000002,,,,,,,,
386700,956.3,0.000002,,,,,,,,
386800,956.6,0.000001,,,,,,,,
386900,956.8,0.000002,,,,,,,,
387000,957.0,0.000002,,,,,,,,
387100,957.3,0.000005,,,,,,,,
387200,957.5,0.000002,,,,,,,,
387300,957.7,0.000001,,,,,,,,
387400,958.0,0.000001,,,,,,,,
387500,958.2,0.000002,,,,,,,,
387600,958.4,0.000002,,,,,,,,
387700,958.6,0.000001,,,,,,,,
387800,958.9,0.000002,,,,,,,,
387900,959.1,0.000002,,,,,,,,
388000,959.4,0.000002,,,,,,,,
388100,959.6,0.000001,,,,,,,,
388200,959.9,0.000004,,,,,,,,
388300,960.1,0.000002,,,,,,,,
388400,960.4,0.000002,,,,,,,,
388500,960.6,0.000002,,,,,,,,
388600,960.8,0.000002,,,,,,,,
388700,961.1,0.000001,,,,,,,,
388800,961.3,0.000003,,,,,,,,
388900,961.5,0.000002,,,,,,,,
389000,961.8,0.000002,,,,,,,,
389100,962.0,0.000001,,,,,,,,
389200,962.2,0.000003,,,,,,,,
389300,962.5,0.000001,,,,,,,,
389400,962.7,0.000002,,,,,,,,
389500,962.9,0.000002,,,,,,,,
389600,963.1,0.000002,,,,,,,,
389700,963.4,0.000003,,,,,,,,
389800,963.6,0.000001,,,,,,,,
389900,963.8,0.000002,,,,,,,,
390000,965.0,0.000002,0.000783,8.584505e-02,4.919630e-03,3.670201e-03,0.000000,6.149157e-02,4.833313e-03,3.642845e-03
390100,965.2,0.000002,,,,,,,,
390200,965.4,0.000002,,,,,,,,
390300,965.6,0.000003,,,,,,,,
390400,965.8,0.000001,,,,,,,,
390500,966.0,0.000001,,,,,,,,
390600,966.3,0.000002,,,,,,,,
390700,966.5,0.000001,,,,,,,,
390800,966.7,0.000002,,,,,,,,
390900,966.9,0.000002,,,,,,,,
391000,967.1,0.000004,,,,,,,,
391100,967.3,0.000002,,,,,,,,
391200,967.6,0.000001,,,,,,,,
391300,967.8,0.000004,,,,,,,,
391400,968.0,0.000002,,,,,,,,
391500,968.2,0.000001,,,,,,,,
391600,968.5,0.000003,,,,,,,,
391700,968.7,0.000004,,,,,,,,
391800,968.9,0.000002,,,,,,,,
391900,969.1,0.000004,,,,,,,,
392000,969.4,0.000001,,,,,,,,
392100,969.6,0.000005,,,,,,,,
392200,969.8,0.000004,,,,,,,,
392300,970.0,0.000001,,,,,,,,
392400,970.3,0.000001,,,,,,,,
392500,970.5,0.000004,,,,,,,,
392600,970.7,0.000004,,,,,,,,
392700,971.0,0.000001,,,,,,,,
392800,971.2,0.000003,,,,,,,,
392900,971.4,0.000002,,,,,,,,
393000,971.7,0.000002,,,,,,,,
393100,971.9,0.000001,,,,,,,,
393200,972.2,0.000002,,,,,,,,
393300,972.4,0.000001,,,,,,,,
393400,972.6,0.000002,,,,,,,,
393500,972.8,0.000001,,,,,,,,
393600,973.1,0.000002,,,,,,,,
393700,973.3,0.000002,,,,,,,,
393800,973.5,0.000002,,,,,,,,
393900,973.8,0.000002,,,,,,,,
394000,974.0,0.000002,,,,,,,,
394100,974.3,0.000001,,,,,,,,
394200,974.5,0.000004,,,,,,,,
394300,974.7,0.000001,,,,,,,,
394400,975.0,0.000001,,,,,,,,
394500,975.2,0.000001,,,,,,,,
394600,975.4,0.000003,,,,,,,,
394700,975.7,0.000003,,,,,,,,
394800,975.9,0.000001,,,,,,,,
394900,976.1,0.000001,,,,,,,,
395000,977.4,0.000002,0.000860,1.019725e-01,5.405671e-03,4.552859e-03,0.000000,5.557545e-02,5.177578e-03,4.399513e-03
395100,977.6,0.000002,,,,,,,,
395200,977.8,0.000002,,,,,,,,
395300,978.0,0.000006,,,,,,,,
395400,978.2,0.000002,,,,,,,,
395500,978.4,0.000001,,,,,,,,
395600,978.6,0.000001,,,,,,,,
395700,978.8,0.000010,,,,,,,,
395800,979.1,0.000001,,,,,,,,
395900,979.3,0.000003,,,,,,,,
396000,979.5,0.000001,,,,,,,,
396100,979.7,0.000001,,,,,,,,
396200,979.9,0.000001,,,,,,,,
396300,980.2,0.000003,,,,,,,,
396400,980.4,0.000001,,,,,,,,
396500,980.6,0.000004,,,,,,,,
396600,980.9,0.000003,,,,,,,,
396700,981.1,0.000002,,,,,,,,
396800,981.3,0.000002,,,,,,,,
396900,981.6,0.000001,,,,,,,,
397000,981.8,0.000004,,,,,,,,
397100,982.0,0.000001,,,,,,,,
397200,982.2,0.000002,,,,,,,,
397300,982.5,0.000002,,,,,,,,
397400,982.7,0.000001,,,,,,,,
397500,982.9,0.000005,,,,,,,,
397600,983.1,0.000004,,,,,,,,
397700,983.4,0.000001,,,,,,,,
397800,983.6,0.000002,,,,,,,,
397900,983.9,0.000004,,,,,,,,
398000,984.1,0.000003,,,,,,,,
398100,984.3,0.000001,,,,,,,,
398200,984.6,0.000004,,,,,,,,
398300,984.8,0.000003,,,,,,,,
398400,985.0,0.000001,,,,,,,,
398500,985.3,0.000001,,,,,,,,
398600,985.5,0.000001,,,,,,,,
398700,985.7,0.000001,,,,,,,,
398800,986.0,0.000007,,,,,,,,
398900,986.2,0.000002,,,,,,,,
399000,986.4,0.000002,,,,,,,,
399100,986.6,0.000002,,,,,,,,
399200,986.9,0.000002,,,,,,,,
399300,987.1,0.000002,,,,,,,,
399400,987.3,0.000001,,,,,,,,
399500,987.5,0.000001,,,,,,,,
399600,987.8,0.000002,,,,,,,,
399700,988.0,0.000001,,,,,,,,
399800,988.2,0.000002,,,,,,,,
399900,988.5,0.000001,,,,,,,,
400000,989.7,0.000001,0.000904,1.073886e-01,5.679908e-03,4.531084e-03,0.000000,7.727726e-02,5.528118e-03,4.483847e-03
400100,989.9,0.000002,,,,,,,,
400200,990.1,0.000008,,,,,,,,
400300,990.3,0.000002,,,,,,,,
400400,990.5,0.000004,,,,,,,,
400500,990.8,0.000003,,,,,,,,
400600,991.0,0.000001,,,,,,,,
400700,991.2,0.000001,,,,,,,,
400800,991.4,0.000001,,,,,,,,
400900,991.7,0.000001,,,,,,,,
401000,991.9,0.000001,,,,,,,,
401100,992.2,0.000002,,,,,,,,
401200,992.4,0.000002,,,,,,,,
401300,992.6,0.000002,,,,,,,,
401400,992.9,0.000002,,,,,,,,
401500,993.1,0.000002,,,,,,,,
401600,993.4,0.000002,,,,,,,,
401700,993.6,0.000001,,,,,,,,
401800,993.8,0.000001,,,,,,,,
401900,994.0,0.000002,,,,,,,,
402000,994.3,0.000001,,,,,,,,
402100,994.5,0.000001,,,,,,,,
402200,994.7,0.000001,,,,,,,,
402300,994.9,0.000002,,,,,,,,
402400,995.2,0.000002,,,,,,,,
402500,995.4,0.000001,,,,,,,,
402600,995.6,0.000005,,,,,,,,
402700,995.8,0.000003,,,,,,,,
402800,996.1,0.000001,,,,,,,,
402900,996.3,0.000002,,,,,,,,
403000,996.5,0.000001,,,,,,,,
403100,996.7,0.000002,,,,,,,,
403200,997.0,0.000002,,,,,,,,
403300,997.2,0.000001,,,,,,,,
403400,997.5,0.000001,,,,,,,,
403500,997.7,0.000003,,,,,,,,
403600,997.9,0.000001,,,,,,,,
403700,998.2,0.000001,,,,,,,,
403800,998.4,0.000001,,,,,,,,
403900,998.6,0.000003,,,,,,,,
404000,998.8,0.000002,,,,,,,,
404100,999.1,0.000002,,,,,,,,
404200,999.3,0.000003,,,,,,,,
404300,999.6,0.000002,,,,,,,,
404400,999.8,0.000002,,,,,,,,
404500,1000.0,0.000001,,,,,,,,
404600,1000.2,0.000003,,,,,,,,
404700,1000.5,0.000002,,,,,,,,
404800,1000.7,0.000001,,,,,,,,
404900,1000.9,0.000003,,,,,,,,
405000,1002.2,0.000002,0.000968,1.009539e-01,6.084342e-03,5.054438e-03,0.000000,5.218492e-02,5.976687e-03,5.053771e-03
405100,1002.4,0.000002,,,,,,,,
405200,1002.6,0.000003,,,,,,,,
405300,1002.8,0.000001,,,,,,,,
405400,1003.0,0.000001,,,,,,,,
405500,1003.2,0.000005,,,,,,,,
405600,1003.4,0.000003,,,,,,,,
405700,1003.7,0.000001,,,,,,,,
405800,1003.9,0.000002,,,,,,,,
405900,1004.1,0.000002,,,,,,,,
406000,1004.3,0.000002,,,,,,,,
406100,1004.6,0.000004,,,,,,,,
406200,1004.8,0.000004,,,,,,,,
406300,1005.0,0.000003,,,,,,,,
406400,1005.3,0.000004,,,,,,,,
406500,1005.5,0.000001,,,,,,,,
406600,1005.7,0.000001,,,,,,,,
406700,1005.9,0.000001,,,,,,,,
406800,1006.2,0.000002,,,,,,,,
406900,1006.4,0.000002,,,,,,,,
407000,1006.6,0.000001,,,,,,,,
407100,1006.9,0.000001,,,,,,,,
407200,1007.1,0.000001,,,,,,,,
407300,1007.3,0.000002,,,,,,,,
407400,1007.6,0.000001,,,,,,,,
407500,1007.8,0.000002,,,,,,,,
407600,1008.0,0.000001,,,,,,,,
407700,1008.2,0.000002,,,,,,,,
407800,1008.4,0.000001,,,,,,,,
407900,1008.7,0.000001,,,,,,,,
408000,1008.9,0.000001,,,,,,,,
408100,1009.2,0.000002,,,,,,,,
408200,1009.4,0.000002,,,,,,,,
408300,1009.6,0.000001,,,,,,,,
408400,1009.9,0.000001,,,,,,,,
408500,1010.1,0.000008,,,,,,,,
408600,1010.3,0.000002,,,,,,,,
408700,1010.5,0.000002,,,,,,,,
408800,1010.8,0.000005,,,,,,,,
408900,1011.0,0.000001,,,,,,,,
409000,1011.2,0.000002,,,,,,,,
409100,1011.5,0.000003,,,,,,,,
409200,1011.7,0.000002,,,,,,,,
409300,1012.0,0.000001,,,,,,,,
409400,1012.2,0.000001,,,,,,,,
409500,1012.5,0.000003,,,,,,,,
409600,1012.7,0.000002,,,,,,,,
409700,1012.9,0.000001,,,,,,,,
409800,1013.1,0.000001,,,,,,,,
409900,1013.3,0.000001,,,,,,,,
410000,1014.6,0.000001,0.001150,8.869262e-02,7.223813e-03,6.258514e-03,0.000000,5.379821e-02,7.162005e-03,6.277310e-03
410100,1014.8,0.000002,,,,,,,,
410200,1015.0,0.000002,,,,,,,,
410300,1015.2,0.000001,,,,,,,,
410400,1015.4,0.000002,,,,,,,,
410500,1015.6,0.000003,,,,,,,,
410600,1015.8,0.000002,,,,,,,,
410700,1016.0,0.000002,,,,,,,,
410800,1016.3,0.000002,,,,,,,,
410900,1016.5,0.000002,,,,,,,,
411000,1016.7,0.000001,,,,,,,,
411100,1016.9,0.000002,,,,,,,,
411200,1017.2,0.000002,,,,,,,,
411300,1017.4,0.000002,,,,,,,,
411400,1017.7,0.000001,,,,,,,,
411500,1017.9,0.000001,,,,,,,,
411600,1018.1,0.000002,,,,,,,,
411700,1018.4,0.000001,,,,,,,,
411800,1018.6,0.000004,,,,,,,,
411900,1018.8,0.000001,,,,,,,,
412000,1019.0,0.000004,,,,,,,,
412100,1019.3,0.000002,,,,,,,,
412200,1019.5,0.000004,,,,,,,,
412300,1019.7,0.000001,,,,,,,,
412400,1020.0,0.000002,,,,,,,,
412500,1020.2,0.000001,,,,,,,,
412600,1020.4,0.000002,,,,,,,,
412700,1020.6,0.000002,,,,,,,,
412800,1020.9,0.000007,,,,,,,,
412900,1021.1,0.000001,,,,,,,,
413000,1021.3,0.000002,,,,,,,,
413100,1021.5,0.000001,,,,,,,,
413200,1021.8,0.000002,,,,,,,,
413300,1022.0,0.000001,,,,,,,,
413400,1022.2,0.000001,,,,,,,,
413500,1022.4,0.000004,,,,,,,,
413600,1022.7,0.000003,,,,,,,,
413700,1022.9,0.000001,,,,,,,,
413800,1023.1,0.000002,,,,,,,,
413900,1023.3,0.000002,,,,,,,,
414000,1023.6,0.000001,,,,,,,,
414100,1023.8,0.000001,,,,,,,,
414200,1024.0,0.000003,,,,,,,,
414300,1024.3,0.000001,,,,,,,,
414400,1024.5,0.000005,,,,,,,,
414500,1024.7,0.000008,,,,,,,,
414600,1025.0,0.000001,,,,,,,,
414700,1025.2,0.000002,,,,,,,,
414800,1025.4,0.000003,,,,,,,,
414900,1025.6,0.000002,,,,,,,,
415000,1026.9,0.000001,0.000741,8.130866e-02,4.653409e-03,3.512492e-03,0.000000,5.754598e-02,4.569902e-03,3.489216e-03
415100,1027.1,0.000003,,,,,,,,
415200,1027.3,0.000003,,,,,,,,
415300,1027.5,0.000003,,,,,,,,
415400,1027.7,0.000002,,,,,,,,
415500,1027.9,0.000005,,,,,,,,
415600,1028.1,0.000001,,,,,,,,
415700,1028.3,0.000001,,,,,,,,
415800,1028.6,0.000001,,,,,,,,
415900,1028.8,0.000008,,,,,,,,
416000,1029.0,0.000002,,,,,,,,
416100,1029.3,0.000002,,,,,,,,
416200,1029.5,0.000001,,,,,,,,
416300,1029.7,0.000001,,,,,,,,
416400,1030.0,0.000001,,,,,,,,
416500,1030.2,0.000003,,,,,,,,
416600,1030.4,0.000004,,,,,,,,
416700,1030.7,0.000001,,,,,,,,
416800,1030.9,0.000002,,,,,,,,
416900,1031.1,0.000001,,,,,,,,
417000,1031.4,0.000002,,,,,,,,
417100,1031.6,0.000002,,,,,,,,
417200,1031.8,0.000002,,,,,,,,
417300,1032.0,0.000001,,,,,,,,
417400,1032.3,0.000001,,,,,,,,
417500,1032.5,0.000002,,,,,,,,
417600,1032.7,0.000001,,,,,,,,
417700,1033.0,0.000003,,,,,,,,
417800,1033.2,0.000002,,,,,,,,
417900,1033.4,0.000001,,,,,,,,
418000,1033.7,0.000002,,,,,,,,
418100,1033.9,0.000003,,,,,,,,
418200,1034.1,0.000002,,,,,,,,
418300,1034.4,0.000001,,,,,,,,
418400,1034.6,0.000005,,,,,,,,
418500,1034.8,0.000001,,,,,,,,
418600,1035.1,0.000006,,,,,,,,
418700,1035.3,0.000002,,,,,,,,
418800,1035.5,0.000001,,,,,,,,
418900,1035.7,0.000002,,,,,,,,
419000,1035.9,0.000003,,,,,,,,
419100,1036.2,0.000001,,,,,,,,
419200,1036.4,0.000004,,,,,,,,
419300,1036.6,0.000001,,,,,,,,
419400,1036.8,0.000002,,,,,,,,
419500,1037.1,0.000002,,,,,,,,
419600,1037.3,0.000001,,,,,,,,
419700,1037.6,0.000003,,,,,,,,
419800,1037.8,0.000001,,,,,,,,
419900,1038.0,0.000003,,,,,,,,
420000,1039.3,0.000002,0.000771,7.760125e-02,4.846029e-03,3.466913e-03,0.000000,5.421863e-02,4.747348e-03,3.407565e-03
420100,1039.5,0.000002,,,,,,,,
420200,1039.7,0.000002,,,,,,,,
420300,1039.9,0.000001,,,,,,,,
420400,1040.1,0.000001,,,,,,,,
420500,1040.3,0.000001,,,,,,,,
420600,1040.5,0.000002,,,,,,,,
420700,1040.7,0.000001,,,,,,,,
420800,1040.9,0.000001,,,,,,,,
420900,1041.1,0.000002,,,,,,,,
421000,1041.3,0.000001,,,,,,,,
421100,1041.6,0.000002,,,,,,,,
421200,1041.8,0.000001,,,,,,,,
421300,1042.1,0.000002,,,,,,,,
421400,1042.3,0.000001,,,,,,,,
421500,1042.5,0.000002,,,,,,,,
421600,1042.8,0.000001,,,,,,,,
421700,1043.0,0.000002,,,,,,,,
421800,1043.2,0.000002,,,,,,,,
421900,1043.5,0.000001,,,,,,,,
422000,1043.7,0.000002,,,,,,,,
422100,1043.9,0.000001,,,,,,,,
422200,1044.2,0.000002,,,,,,,,
422300,1044.4,0.000002,,,,,,,,
422400,1044.6,0.000002,,,,,,,,
422500,1044.8,0.000002,,,,,,,,
422600,1045.1,0.000002,,,,,,,,
422700,1045.3,0.000001,,,,,,,,
422800,1045.5,0.000002,,,,,,,,
422900,1045.8,0.000004,,,,,,,,
423000,1046.0,0.000002,,,,,,,,
423100,1046.2,0.000004,,,,,,,,
423200,1046.5,0.000003,,,,,,,,
423300,1046.7,0.000001,,,,,,,,
423400,1046.9,0.000001,,,,,,,,
423500,1047.1,0.000002,,,,,,,,
423600,1047.4,0.000003,,,,,,,,
423700,1047.6,0.000002,,,,,,,,
423800,1047.8,0.000001,,,,,,,,
423900,1048.1,0.000002,,,,,,,,
424000,1048.3,0.000004,,,,,,,,
424100,1048.5,0.000001,,,,,,,,
424200,1048.7,0.000007,,,,,,,,
424300,1049.0,0.000003,,,,,,,,
424400,1049.2,0.000003,,,,,,,,
424500,1049.4,0.000001,,,,,,,,
424600,1049.7,0.000001,,,,,,,,
424700,1049.9,0.000002,,,,,,,,
424800,1050.1,0.000001,,,,,,,,
424900,1050.4,0.000003,,,,,,,,
425000,1051.6,0.000001,0.000875,7.098941e-02,5.499336e-03,4.328186e-03,0.000000,5.625473e-02,5.479617e-03,4.364763e-03
425100,1051.8,0.000002,,,,,,,,
425200,1052.0,0.000001,,,,,,,,
425300,1052.2,0.000002,,,,,,,,
425400,1052.4,0.000002,,,,,,,,
425500,1052.6,0.000004,,,,,,,,
425600,1052.9,0.000003,,,,,,,,
425700,1053.1,0.000002,,,,,,,,
425800,1053.3,0.000001,,,,,,,,
425900,1053.5,0.000002,,,,,,,,
426000,1053.8,0.000003,,,,,,,,
426100,1054.0,0.000002,,,,,,,,
426200,1054.2,0.000001,,,,,,,,
426300,1054.4,0.000002,,,,,,,,
426400,1054.7,0.000001,,,,,,,,
426500,1054.9,0.000001,,,,,,,,
426600,1055.1,0.000004,,,,,,,,
426700,1055.4,0.000001,,,,,,,,
426800,1055.6,0.000001,,,,,,,,
426900,1055.8,0.000002,,,,,,,,
427000,1056.0,0.000002,,,,,,,,
427100,1056.2,0.000001,,,,,,,,
427200,1056.5,0.000002,,,,,,,,
427300,1056.7,0.000002,,,,,,,,
427400,1056.9,0.000002,,,,,,,,
427500,1057.2,0.000001,,,,,,,,
427600,1057.4,0.000001,,,,,,,,
427700,1057.6,0.000001,,,,,,,,
427800,1057.9,0.000001,,,,,,,,
427900,1058.1,0.000001,,,,,,,,
428000,1058.4,0.000001,,,,,,,,
428100,1058.6,0.000001,,,,,,,,
428200,1058.8,0.000001,,,,,,,,
428300,1059.0,0.000004,,,,,,,,
428400,1059.3,0.000002,,,,,,,,
428500,1059.5,0.000001,,,,,,,,
428600,1059.7,0.000002,,,,,,,,
428700,1059.9,0.000001,,,,,,,,
428800,1060.2,0.000002,,,,,,,,
428900,1060.4,0.000002,,,,,,,,
429000,1060.6,0.000001,,,,,,,,
429100,1060.8,0.000002,,,,,,,,
429200,1061.1,0.000002,,,,,,,,
429300,1061.3,0.000001,,,,,,,,
429400,1061.5,0.000001,,,,,,,,
429500,1061.7,0.000002,,,,,,,,
429600,1062.0,0.000002,,,,,,,,
429700,1062.2,0.000002,,,,,,,,
429800,1062.5,0.000001,,,,,,,,
429900,1062.7,0.000001,,,,,,,,
430000,1064.0,0.000001,0.000731,9.240288e-02,4.591905e-03,3.434840e-03,0.000000,5.046903e-02,4.529391e-03,3.443729e-03
430100,1064.2,0.000006,,,,,,,,
430200,1064.4,0.000002,,,,,,,,
430300,1064.6,0.000001,,,,,,,,
430400,1064.8,0.000002,,,,,,,,
430500,1065.0,0.000001,,,,,,,,
430600,1065.2,0.000002,,,,,,,,
430700,1065.4,0.000001,,,,,,,,
430800,1065.7,0.000001,,,,,,,,
430900,1065.9,0.000003,,,,,,,,
431000,1066.1,0.000001,,,,,,,,
431100,1066.3,0.000002,,,,,,,,
431200,1066.6,0.000002,,,,,,,,
431300,1066.8,0.000001,,,,,,,,
431400,1067.0,0.000001,,,,,,,,
431500,1067.3,0.000001,,,,,,,,
431600,1067.5,0.000005,,,,,,,,
431700,1067.7,0.000002,,,,,,,,
431800,1067.9,0.000001,,,,,,,,
431900,1068.2,0.000001,,,,,,,,
432000,1068.4,0.000005,,,,,,,,
432100,1068.6,0.000003,,,,,,,,
432200,1068.8,0.000001,,,,,,,,
432300,1069.1,0.000001,,,,,,,,
432400,1069.3,0.000001,,,,,,,,
432500,1069.6,0.000001,,,,,,,,
432600,1069.8,0.000002,,,,,,,,
432700,1070.0,0.000002,,,,,,,,
432800,1070.3,0.000004,,,,,,,,
432900,1070.5,0.000004,,,,,,,,
433000,1070.7,0.000002,,,,,,,,
433100,1071.0,0.000002,,,,,,,,
433200,1071.2,0.000002,,,,,,,,
433300,1071.4,0.000002,,,,,,,,
433400,1071.7,0.000002,,,,,,,,
433500,1071.9,0.000002,,,,,,,,
433600,1072.1,0.000001,,,,,,,,
433700,1072.3,0.000002,,,,,,,,
433800,1072.6,0.000005,,,,,,,,
433900,1072.8,0.000002,,,,,,,,
434000,1073.0,0.000001,,,,,,,,
434100,1073.2,0.000002,,,,,,,,
434200,1073.5,0.000002,,,,,,,,
434300,1073.7,0.000002,,,,,,,,
434400,1074.0,0.000001,,,,,,,,
434500,1074.2,0.000002,,,,,,,,
434600,1074.4,0.000002,,,,,,,,
434700,1074.7,0.000001,,,,,,,,
434800,1074.9,0.000003,,,,,,,,
434900,1075.1,0.000003,,,,,,,,
435000,1076.4,0.000002,0.001159,7.599381e-02,7.280179e-03,6.559279e-03,0.000000,5.521012e-02,7.453542e-03,6.885570e-03
435100,1076.6,0.000002,,,,,,,,
435200,1076.8,0.000006,,,,,,,,
435300,1077.0,0.000003,,,,,,,,
435400,1077.2,0.000003,,,,,,,,
435500,1077.4,0.000005,,,,,,,,
435600,1077.6,0.000003,,,,,,,,
435700,1077.8,0.000002,,,,,,,,
435800,1078.1,0.000001,,,,,,,,
435900,1078.3,0.000001,,,,,,,,
436000,1078.5,0.000001,,,,,,,,
436100,1078.7,0.000001,,,,,,,,
436200,1078.9,0.000003,,,,,,,,
436300,1079.2,0.000003,,,,,,,,
436400,1079.4,0.000002,,,,,,,,
436500,1079.7,0.000001,,,,,,,,
436600,1079.9,0.000001,,,,,,,,
436700,1080.1,0.000004,,,,,,,,
436800,1080.4,0.000001,,,,,,,,
436900,1080.6,0.000003,,,,,,,,
437000,1080.8,0.000004,,,,,,,,
437100,1081.0,0.000002,,,,,,,,
437200,1081.3,0.000002,,,,,,,,
437300,1081.5,0.000001,,,,,,,,
437400,1081.7,0.000001,,,,,,,,
437500,1081.9,0.000001,,,,,,,,
437600,1082.2,0.000005,,,,,,,,
437700,1082.4,0.000001,,,,,,,,
437800,1082.6,0.000001,,,,,,,,
437900,1082.9,0.000001,,,,,,,,
438000,1083.1,0.000001,,,,,,,,
438100,1083.3,0.000001,,,,,,,,
438200,1083.6,0.000003,,,,,,,,
438300,1083.8,0.000003,,,,,,,,
438400,1084.0,0.000002,,,,,,,,
438500,1084.3,0.000002,,,,,,,,
438600,1084.5,0.000002,,,,,,,,
438700,1084.7,0.000001,,,,,,,,
438800,1085.0,0.000002,,,,,,,,
438900,1085.2,0.000002,,,,,,,,
439000,1085.4,0.000002,,,,,,,,
439100,1085.7,0.000003,,,,,,,,
439200,1085.9,0.000001,,,,,,,,
439300,1086.1,0.000003,,,,,,,,
439400,1086.4,0.000003,,,,,,,,
439500,1086.6,0.000002,,,,,,,,
439600,1086.8,0.000001,,,,,,,,
439700,1087.1,0.000003,,,,,,,,
439800,1087.3,0.000002,,,,,,,,
439900,1087.5,0.000002,,,,,,,,
440000,1088.8,0.000002,0.000892,1.196529e-01,5.601922e-03,4.013267e-03,0.000000,7.267023e-02,5.437370e-03,3.958283e-03
440100,1089.0,0.000002,,,,,,,,
440200,1089.2,0.000002,,,,,,,,
440300,1089.4,0.000001,,,,,,,,
440400,1089.6,0.000002,,,,,,,,
440500,1089.8,0.000003,,,,,,,,
440600,1090.0,0.000002,,,,,,,,
440700,1090.2,0.000002,,,,,,,,
440800,1090.4,0.000001,,,,,,,,
440900,1090.7,0.000003,,,,,,,,
441000,1090.9,0.000002,,,,,,,,
441100,1091.1,0.000002,,,,,,,,
441200,1091.4,0.000002,,,,,,,,
441300,1091.6,0.000002,,,,,,,,
441400,1091.8,0.000002,,,,,,,,
441500,1092.1,0.000001,,,,,,,,
441600,1092.3,0.000001,,,,,,,,
441700,1092.5,0.000004,,,,,,,,
441800,1092.7,0.000002,,,,,,,,
441900,1093.0,0.000002,,,,,,,,
442000,1093.2,0.000001,,,,,,,,
442100,1093.4,0.000001,,,,,,,,
442200,1093.6,0.000001,,,,,,,,
442300,1093.8,0.000003,,,,,,,,
442400,1094.1,0.000002,,,,,,,,
442500,1094.3,0.000001,,,,,,,,
442600,1094.5,0.000001,,,,,,,,
442700,1094.8,0.000002,,,,,,,,
442800,1095.0,0.000005,,,,,,,,
442900,1095.2,0.000002,,,,,,,,
443000,1095.5,0.000004,,,,,,,,
443100,1095.7,0.000004,,,,,,,,
443200,1095.9,0.000001,,,,,,,,
443300,1096.1,0.000001,,,,,,,,
443400,1096.4,0.000002,,,,,,,,
443500,1096.6,0.000001,,,,,,,,
443600,1096.8,0.000001,,,,,,,,
443700,1097.1,0.000001,,,,,,,,
443800,1097.3,0.000002,,,,,,,,
443900,1097.5,0.000003,,,,,,,,
444000,1097.7,0.000007,,,,,,,,
444100,1098.0,0.000001,,,,,,,,
444200,1098.2,0.000001,,,,,,,,
444300,1098.5,0.000001,,,,,,,,
444400,1098.7,0.000001,,,,,,,,
444500,1098.9,0.000001,,,,,,,,
444600,1099.2,0.000002,,,,,,,,
444700,1099.4,0.000003,,,,,,,,
444800,1099.6,0.000001,,,,,,,,
444900,1099.9,0.000002,,,,,,,,
445000,1101.1,0.000001,0.000864,8.645745e-02,5.427155e-03,4.232792e-03,0.000000,5.648552e-02,5.275975e-03,4.122700e-03
445100,1101.3,0.000001,,,,,,,,
445200,1101.5,0.000001,,,,,,,,
445300,1101.7,0.000002,,,,,,,,
445400,1101.9,0.000003,,,,,,,,
445500,1102.1,0.000001,,,,,,,,
445600,1102.3,0.000001,,,,,,,,
445700,1102.5,0.000001,,,,,,,,
445800,1102.8,0.000002,,,,,,,,
445900,1103.0,0.000002,,,,,,,,
446000,1103.2,0.000001,,,,,,,,
446100,1103.5,0.000003,,,,,,,,
446200,1103.7,0.000001,,,,,,,,
446300,1103.9,0.000001,,,,,,,,
446400,1104.2,0.000002,,,,,,,,
446500,1104.4,0.000001,,,,,,,,
446600,1104.7,0.000001,,,,,,,,
446700,1105.0,0.000001,,,,,,,,
446800,1105.2,0.000001,,,,,,,,
446900,1105.5,0.000001,,,,,,,,
447000,1105.8,0.000003,,,,,,,,
447100,1106.0,0.000001,,,,,,,,
447200,1106.2,0.000001,,,,,,,,
447300,1106.5,0.000001,,,,,,,,
447400,1106.7,0.000005,,,,,,,,
447500,1107.0,0.000001,,,,,,,,
447600,1107.2,0.000002,,,,,,,,
447700,1107.5,0.000002,,,,,,,,
447800,1107.7,0.000001,,,,,,,,
447900,1107.9,0.000001,,,,,,,,
448000,1108.1,0.000002,,,,,,,,
448100,1108.4,0.000001,,,,,,,,
448200,1108.6,0.000002,,,,,,,,
448300,1108.8,0.000001,,,,,,,,
448400,1109.1,0.000001,,,,,,,,
448500,1109.3,0.000001,,,,,,,,
448600,1109.5,0.000006,,,,,,,,
448700,1109.8,0.000002,,,,,,,,
448800,1110.0,0.000002,,,,,,,,
448900,1110.2,0.000001,,,,,,,,
449000,1110.5,0.000002,,,,,,,,
449100,1110.7,0.000004,,,,,,,,
449200,1110.9,0.000002,,,,,,,,
449300,1111.1,0.000002,,,,,,,,
449400,1111.4,0.000001,,,,,,,,
449500,1111.6,0.000001,,,,,,,,
449600,1111.8,0.000006,,,,,,,,
449700,1112.0,0.000001,,,,,,,,
449800,1112.3,0.000001,,,,,,,,
449900,1112.5,0.000002,,,,,,,,
450000,1113.7,0.000001,0.000756,1.222269e-01,4.751548e-03,3.427446e-03,0.000000,5.740190e-02,4.654315e-03,3.413731e-03
450100,1113.9,0.000001,,,,,,,,
450200,1114.1,0.000001,,,,,,,,
450300,1114.3,0.000001,,,,,,,,
450400,1114.5,0.000001,,,,,,,,
450500,1114.7,0.000002,,,,,,,,
450600,1114.9,0.000001,,,,,,,,
450700,1115.1,0.000005,,,,,,,,
450800,1115.3,0.000001,,,,,,,,
450900,1115.6,0.000005,,,,,,,,
451000,1115.8,0.000002,,,,,,,,
451100,1116.0,0.000001,,,,,,,,
451200,1116.3,0.000005,,,,,,,,
451300,1116.5,0.000004,,,,,,,,
451400,1116.7,0.000002,,,,,,,,
451500,1116.9,0.000001,,,,,,,,
451600,1117.1,0.000003,,,,,,,,
451700,1117.4,0.000002,,,,,,,,
451800,1117.6,0.000001,,,,,,,,
451900,1117.8,0.000002,,,,,,,,
452000,1118.1,0.000002,,,,,,,,
452100,1118.3,0.000002,,,,,,,,
452200,1118.5,0.000001,,,,,,,,
452300,1118.8,0.000001,,,,,,,,
452400,1119.0,0.000001,,,,,,,,
452500,1119.2,0.000003,,,,,,,,
452600,1119.4,0.000001,,,,,,,,
452700,1119.7,0.000001,,,,,,,,
452800,1119.9,0.000003,,,,,,,,
452900,1120.1,0.000002,,,,,,,,
453000,1120.3,0.000001,,,,,,,,
453100,1120.6,0.000001,,,,,,,,
453200,1120.8,0.000002,,,,,,,,
453300,1121.0,0.000001,,,,,,,,
453400,1121.3,0.000001,,,,,,,,
453500,1121.5,0.000001,,,,,,,,
453600,1121.7,0.000002,,,,,,,,
453700,1122.0,0.000005,,,,,,,,
453800,1122.2,0.000002,,,,,,,,
453900,1122.5,0.000001,,,,,,,,
454000,1122.7,0.000003,,,,,,,,
454100,1122.9,0.000002,,,,,,,,
454200,1123.2,0.000002,,,,,,,,
454300,1123.4,0.000002,,,,,,,,
454400,1123.6,0.000001,,,,,,,,
454500,1123.8,0.000002,,,,,,,,
454600,1124.1,0.000005,,,,,,,,
454700,1124.3,0.000001,,,,,,,,
454800,1124.5,0.000001,,,,,,,,
454900,1124.8,0.000001,,,,,,,,
455000,1126.0,0.000001,0.000871,1.031858e-01,5.474396e-03,4.315285e-03,0.000000,5.256663e-02,5.398522e-03,4.310548e-03
455100,1126.2,0.000001,,,,,,,,
455200,1126.4,0.000001,,,,,,,,
455300,1126.6,0.000002,,,,,,,,
455400,1126.8,0.000001,,,,,,,,
455500,1127.0,0.000001,,,,,,,,
455600,1127.3,0.000001,,,,,,,,
455700,1127.5,0.000001,,,,,,,,
455800,1127.7,0.000001,,,,,,,,
455900,1127.9,0.000001,,,,,,,,
456000,1128.1,0.000002,,,,,,,,
456100,1128.4,0.000001,,,,,,,,
456200,1128.6,0.000003,,,,,,,,
456300,1128.9,0.000002,,,,,,,,
456400,1129.1,0.000001,,,,,,,,
456500,1129.3,0.000001,,,,,,,,
456600,1129.6,0.000002,,,,,,,,
456700,1129.8,0.000001,,,,,,,,
456800,1130.0,0.000001,,,,,,,,
456900,1130.3,0.000002,,,,,,,,
457000,1130.5,0.000001,,,,,,,,
457100,1130.7,0.000001,,,,,,,,
457200,1130.9,0.000002,,,,,,,,
457300,1131.1,0.000001,,,,,,,,
457400,1131.4,0.000003,,,,,,,,
457500,1131.6,0.000002,,,,,,,,
457600,1131.8,0.000002,,,,,,,,
457700,1132.0,0.000002,,,,,,,,
457800,1132.3,0.000001,,,,,,,,
457900,1132.5,0.000003,,,,,,,,
458000,1132.7,0.000001,,,,,,,,
458100,1133.0,0.000001,,,,,,,,
458200,1133.2,0.000001,,,,,,,,
458300,1133.4,0.000002,,,,,,,,
458400,1133.7,0.000004,,,,,,,,
458500,1133.9,0.000001,,,,,,,,
458600,1134.1,0.000001,,,,,,,,
458700,1134.3,0.000001,,,,,,,,
458800,1134.6,0.000002,,,,,,,,
458900,1134.8,0.000004,,,,,,,,
459000,1135.0,0.000004,,,,,,,,
459100,1135.2,0.000001,,,,,,,,
459200,1135.5,0.000001,,,,,,,,
459300,1135.7,0.000001,,,,,,,,
459400,1135.9,0.000005,,,,,,,,
459500,1136.1,0.000001,,,,,,,,
459600,1136.4,0.000003,,,,,,,,
459700,1136.6,0.000005,,,,,,,,
459800,1136.8,0.000004,,,,,,,,
459900,1137.1,0.000004,,,,,,,,
460000,1138.3,0.000001,0.000635,8.496028e-02,3.989194e-03,2.850286e-03,0.000000,6.238945e-02,3.871605e-03,2.809125e-03
460100,1138.5,0.000001,,,,,,,,
460200,1138.7,0.000001,,,,,,,,
460300,1138.9,0.000002,,,,,,,,
460400,1139.1,0.000001,,,,,,,,
460500,1139.3,0.000002,,,,,,,,
460600,1139.6,0.000003,,,,,,,,
460700,1139.8,0.000002,,,,,,,,
460800,1140.0,0.000001,,,,,,,,
460900,1140.3,0.000001,,,,,,,,
461000,1140.5,0.000002,,,,,,,,
461100,1140.7,0.000002,,,,,,,,
461200,1141.0,0.000001,,,,,,,,
461300,1141.2,0.000001,,,,,,,,
461400,1141.4,0.000002,,,,,,,,
461500,1141.7,0.000002,,,,,,,,
461600,1141.9,0.000002,,,,,,,,
461700,1142.1,0.000001,,,,,,,,
461800,1142.4,0.000001,,,,,,,,
461900,1142.6,0.000002,,,,,,,,
462000,1142.8,0.000001,,,,,,,,
462100,1143.0,0.000001,,,,,,,,
462200,1143.3,0.000002,,,,,,,,
462300,1143.5,0.000001,,,,,,,,
462400,1143.8,0.000002,,,,,,,,
462500,1144.0,0.000002,,,,,,,,
462600,1144.2,0.000003,,,,,,,,
462700,1144.5,0.000001,,,,,,,,
462800,1144.7,0.000001,,,,,,,,
462900,1144.9,0.000001,,,,,,,,
463000,1145.1,0.000001,,,,,,,,
463100,1145.3,0.000001,,,,,,,,
463200,1145.6,0.000003,,,,,,,,
463300,1145.8,0.000001,,,,,,,,
463400,1146.0,0.000001,,,,,,,,
463500,1146.2,0.000004,,,,,,,,
463600,1146.5,0.000001,,,,,,,,
463700,1146.7,0.000001,,,,,,,,
463800,1146.9,0.000001,,,,,,,,
463900,1147.2,0.000003,,,,,,,,
464000,1147.4,0.000003,,,,,,,,
464100,1147.6,0.000003,,,,,,,,
464200,1147.9,0.000001,,,,,,,,
464300,1148.1,0.000002,,,,,,,,
464400,1148.3,0.000003,,,,,,,,
464500,1148.6,0.000005,,,,,,,,
464600,1148.8,0.000002,,,,,,,,
464700,1149.0,0.000001,,,,,,,,
464800,1149.3,0.000002,,,,,,,,
464900,1149.5,0.000003,,,,,,,,
465000,1150.7,0.000002,0.001357,1.234739e-01,8.524289e-03,6.710414e-03,0.000000,9.426578e-02,8.486797e-03,6.727688e-03
465100,1150.9,0.000002,,,,,,,,
465200,1151.1,0.000002,,,,,,,,
465300,1151.3,0.000004,,,,,,,,
465400,1151.5,0.000001,,,,,,,,
465500,1151.7,0.000001,,,,,,,,
465600,1152.0,0.000005,,,,,,,,
465700,1152.2,0.000003,,,,,,,,
465800,1152.4,0.000001,,,,,,,,
465900,1152.6,0.000005,,,,,,,,
466000,1152.8,0.000002,,,,,,,,
466100,1153.1,0.000003,,,,,,,,
466200,1153.3,0.000001,,,,,,,,
466300,1153.5,0.000001,,,,,,,,
466400,1153.8,0.000003,,,,,,,,
466500,1154.0,0.000002,,,,,,,,
466600,1154.2,0.000002,,,,,,,,
466700,1154.5,0.000001,,,,,,,,
466800,1154.7,0.000002,,,,,,,,
466900,1154.9,0.000001,,,,,,,,
467000,1155.2,0.000001,,,,,,,,
467100,1155.4,0.000002,,,,,,,,
467200,1155.6,0.000001,,,,,,,,
467300,1155.9,0.000003,,,,,,,,
467400,1156.1,0.000001,,,,,,,,
467500,1156.3,0.000002,,,,,,,,
467600,1156.6,0.000001,,,,,,,,
467700,1156.8,0.000001,,,,,,,,
467800,1157.1,0.000001,,,,,,,,
467900,1157.3,0.000002,,,,,,,,
468000,1157.5,0.000004,,,,,,,,
468100,1157.8,0.000002,,,,,,,,
468200,1158.0,0.000001,,,,,,,,
468300,1158.2,0.000002,,,,,,,,
468400,1158.4,0.000003,,,,,,,,
468500,1158.6,0.000001,,,,,,,,
468600,1158.8,0.000001,,,,,,,,
468700,1159.1,0.000001,,,,,,,,
468800,1159.3,0.000002,,,,,,,,
468900,1159.5,0.000003,,,,,,,,
469000,1159.7,0.000001,,,,,,,,
469100,1160.0,0.000001,,,,,,,,
469200,1160.2,0.000002,,,,,,,,
469300,1160.4,0.000001,,,,,,,,
469400,1160.7,0.000001,,,,,,,,
469500,1160.9,0.000001,,,,,,,,
469600,1161.1,0.000001,,,,,,,,
469700,1161.4,0.000002,,,,,,,,
469800,1161.6,0.000001,,,,,,,,
469900,1161.8,0.000001,,,,,,,,
470000,1163.1,0.000001,0.000745,8.049875e-02,4.681969e-03,3.854153e-03,0.000000,5.335148e-02,4.539230e-03,3.794235e-03
470100,1163.3,0.000001,,,,,,,,
470200,1163.5,0.000006,,,,,,,,
470300,1163.7,0.000001,,,,,,,,
470400,1163.9,0.000002,,,,,,,,
470500,1164.1,0.000001,,,,,,,,
470600,1164.3,0.000002,,,,,,,,
470700,1164.6,0.000003,,,,,,,,
470800,1164.8,0.000001,,,,,,,,
470900,1165.0,0.000001,,,,,,,,
471000,1165.3,0.000001,,,,,,,,
471100,1165.5,0.000001,,,,,,,,
471200,1165.7,0.000003,,,,,,,,
471300,1166.0,0.000004,,,,,,,,
471400,1166.2,0.000002,,,,,,,,
471500,1166.4,0.000002,,,,,,,,
471600,1166.7,0.000001,,,,,,,,
471700,1166.9,0.000001,,,,,,,,
471800,1167.1,0.000001,,,,,,,,
471900,1167.3,0.000001,,,,,,,,
472000,1167.6,0.000002,,,,,,,,
472100,1167.8,0.000001,,,,,,,,
472200,1168.0,0.000001,,,,,,,,
472300,1168.3,0.000001,,,,,,,,
472400,1168.5,0.000005,,,,,,,,
472500,1168.7,0.000001,,,,,,,,
472600,1169.0,0.000002,,,,,,,,
472700,1169.2,0.000001,,,,,,,,
472800,1169.4,0.000001,,,,,,,,
472900,1169.7,0.000002,,,,,,,,
473000,1169.9,0.000002,,,,,,,,
473100,1170.1,0.000001,,,,,,,,
473200,1170.3,0.000005,,,,,,,,
473300,1170.6,0.000002,,,,,,,,
473400,1170.8,0.000002,,,,,,,,
473500,1171.0,0.000002,,,,,,,,
473600,1171.3,0.000001,,,,,,,,
473700,1171.5,0.000002,,,,,,,,
473800,1171.7,0.000002,,,,,,,,
473900,1172.0,0.000001,,,,,,,,
474000,1172.2,0.000004,,,,,,,,
474100,1172.4,0.000001,,,,,,,,
474200,1172.7,0.000001,,,,,,,,
474300,1172.9,0.000001,,,,,,,,
474400,1173.1,0.000001,,,,,,,,
474500,1173.4,0.000001,,,,,,,,
474600,1173.6,0.000001,,,,,,,,
474700,1173.8,0.000001,,,,,,,,
474800,1174.0,0.000002,,,,,,,,
474900,1174.3,0.000002,,,,,,,,
475000,1175.6,0.000001,0.000778,7.409340e-02,4.888570e-03,3.828502e-03,0.000000,4.943667e-02,4.830197e-03,3.851560e-03
475100,1175.8,0.000002,,,,,,,,
475200,1176.0,0.000003,,,,,,,,
475300,1176.2,0.000001,,,,,,,,
475400,1176.4,0.000001,,,,,,,,
475500,1176.6,0.000001,,,,,,,,
475600,1176.8,0.000002,,,,,,,,
475700,1177.0,0.000003,,,,,,,,
475800,1177.3,0.000002,,,,,,,,
475900,1177.5,0.000001,,,,,,,,
476000,1177.7,0.000001,,,,,,,,
476100,1178.0,0.000001,,,,,,,,
476200,1178.2,0.000002,,,,,,,,
476300,1178.5,0.000002,,,,,,,,
476400,1178.7,0.000002,,,,,,,,
476500,1178.9,0.000003,,,,,,,,
476600,1179.1,0.000002,,,,,,,,
476700,1179.3,0.000001,,,,,,,,
476800,1179.6,0.000005,,,,,,,,
476900,1179.8,0.000002,,,,,,,,
477000,1180.0,0.000002,,,,,,,,
477100,1180.3,0.000001,,,,,,,,
477200,1180.5,0.000002,,,,,,,,
477300,1180.7,0.000001,,,,,,,,
477400,1181.0,0.000001,,,,,,,,
477500,1181.2,0.000001,,,,,,,,
477600,1181.4,0.000002,,,,,,,,
477700,1181.7,0.000001,,,,,,,,
477800,1181.9,0.000001,,,,,,,,
477900,1182.1,0.000002,,,,,,,,
478000,1182.4,0.000001,,,,,,,,
478100,1182.6,0.000002,,,,,,,,
478200,1182.9,0.000001,,,,,,,,
478300,1183.1,0.000003,,,,,,,,
478400,1183.3,0.000001,,,,,,,,
478500,1183.5,0.000003,,,,,,,,
478600,1183.8,0.000001,,,,,,,,
478700,1184.0,0.000001,,,,,,,,
478800,1184.2,0.000001,,,,,,,,
478900,1184.5,0.000005,,,,,,,,
479000,1184.7,0.000001,,,,,,,,
479100,1184.9,0.000002,,,,,,,,
479200,1185.2,0.000002,,,,,,,,
479300,1185.4,0.000002,,,,,,,,
479400,1185.6,0.000001,,,,,,,,
479500,1185.8,0.000001,,,,,,,,
479600,1186.1,0.000003,,,,,,,,
479700,1186.3,0.000001,,,,,,,,
479800,1186.5,0.000004,,,,,,,,
479900,1186.8,0.000001,,,,,,,,
480000,1188.0,0.000001,0.000728,1.000619e-01,4.574265e-03,3.625148e-03,0.000000,7.539233e-02,4.507501e-03,3.621686e-03
480100,1188.2,0.000002,,,,,,,,
480200,1188.4,0.000001,,,,,,,,
480300,1188.6,0.000002,,,,,,,,
480400,1188.8,0.000002,,,,,,,,
480500,1189.0,0.000003,,,,,,,,
480600,1189.3,0.000004,,,,,,,,
480700,1189.5,0.000002,,,,,,,,
480800,1189.7,0.000001,,,,,,,,
480900,1190.0,0.000001,,,,,,,,
481000,1190.2,0.000001,,,,,,,,
481100,1190.4,0.000002,,,,,,,,
481200,1190.7,0.000001,,,,,,,,
481300,1190.9,0.000001,,,,,,,,
481400,1191.1,0.000002,,,,,,,,
481500,1191.4,0.000001,,,,,,,,
481600,1191.6,0.000002,,,,,,,,
481700,1191.9,0.000001,,,,,,,,
481800,1192.1,0.000001,,,,,,,,
481900,1192.3,0.000004,,,,,,,,
482000,1192.6,0.000001,,,,,,,,
482100,1192.8,0.000001,,,,,,,,
482200,1193.0,0.000001,,,,,,,,
482300,1193.3,0.000006,,,,,,,,
482400,1193.5,0.000002,,,,,,,,
482500,1193.7,0.000002,,,,,,,,
482600,1193.9,0.000001,,,,,,,,
482700,1194.2,0.000001,,,,,,,,
482800,1194.4,0.000001,,,,,,,,
482900,1194.6,0.000002,,,,,,,,
483000,1194.8,0.000002,,,,,,,,
483100,1195.0,0.000001,,,,,,,,
483200,1195.3,0.000002,,,,,,,,
483300,1195.5,0.000002,,,,,,,,
483400,1195.7,0.000002,,,,,,,,
483500,1195.9,0.000002,,,,,,,,
483600,1196.2,0.000001,,,,,,,,
483700,1196.4,0.000001,,,,,,,,
483800,1196.6,0.000001,,,,,,,,
483900,1196.8,0.000001,,,,,,,,
484000,1197.0,0.000003,,,,,,,,
484100,1197.3,0.000001,,,,,,,,
484200,1197.5,0.000002,,,,,,,,
484300,1197.7,0.000001,,,,,,,,
484400,1198.0,0.000001,,,,,,,,
484500,1198.2,0.000002,,,,,,,,
484600,1198.4,0.000001,,,,,,,,
484700,1198.6,0.000001,,,,,,,,
484800,1198.8,0.000001,,,,,,,,
484900,1199.1,0.000001,,,,,,,,
485000,1200.3,0.000002,0.000935,8.499999e-02,5.877393e-03,4.934020e-03,0.000000,4.817162e-02,5.760880e-03,4.900583e-03
485100,1200.5,0.000002,,,,,,,,
485200,1200.7,0.000002,,,,,,,,
485300,1200.9,0.000001,,,,,,,,
485400,1201.1,0.000002,,,,,,,,
485500,1201.3,0.000001,,,,,,,,
485600,1201.6,0.000001,,,,,,,,
485700,1201.8,0.000002,,,,,,,,
485800,1202.0,0.000001,,,,,,,,
485900,1202.2,0.000001,,,,,,,,
486000,1202.4,0.000001,,,,,,,,
486100,1202.7,0.000002,,,,,,,,
486200,1202.9,0.000002,,,,,,,,
486300,1203.1,0.000001,,,,,,,,
486400,1203.4,0.000001,,,,,,,,
486500,1203.6,0.000001,,,,,,,,
486600,1203.8,0.000002,,,,,,,,
486700,1204.0,0.000001,,,,,,,,
486800,1204.3,0.000001,,,,,,,,
486900,1204.5,0.000001,,,,,,,,
487000,1204.7,0.000002,,,,,,,,
487100,1204.9,0.000002,,,,,,,,
487200,1205.2,0.000002,,,,,,,,
487300,1205.4,0.000001,,,,,,,,
487400,1205.7,0.000003,,,,,,,,
487500,1205.9,0.000001,,,,,,,,
487600,1206.1,0.000001,,,,,,,,
487700,1206.3,0.000003,,,,,,,,
487800,1206.6,0.000001,,,,,,,,
487900,1206.8,0.000001,,,,,,,,
488000,1207.0,0.000001,,,,,,,,
488100,1207.3,0.000003,,,,,,,,
488200,1207.5,0.000001,,,,,,,,
488300,1207.7,0.000001,,,,,,,,
488400,1208.0,0.000001,,,,,,,,
488500,1208.2,0.000001,,,,,,,,
488600,1208.4,0.000003,,,,,,,,
488700,1208.6,0.000002,,,,,,,,
488800,1208.9,0.000001,,,,,,,,
488900,1209.1,0.000001,,,,,,,,
489000,1209.3,0.000002,,,,,,,,
489100,1209.6,0.000001,,,,,,,,
489200,1209.8,0.000002,,,,,,,,
489300,1210.0,0.000001,,,,,,,,
489400,1210.2,0.000002,,,,,,,,
489500,1210.5,0.000001,,,,,,,,
489600,1210.7,0.000001,,,,,,,,
489700,1210.9,0.000001,,,,,,,,
489800,1211.2,0.000001,,,,,,,,
489900,1211.4,0.000001,,,,,,,,
490000,1212.6,0.000001,0.000858,9.800750e-02,5.388013e-03,4.223111e-03,0.000000,7.311471e-02,5.359320e-03,4.297784e-03
490100,1212.8,0.000002,,,,,,,,
490200,1213.0,0.000004,,,,,,,,
490300,1213.2,0.000002,,,,,,,,
490400,1213.5,0.000001,,,,,,,,
490500,1213.9,0.000001,,,,,,,,
490600,1214.1,0.000001,,,,,,,,
490700,1214.2,0.000001,,,,,,,,
490800,1214.4,0.000002,,,,,,,,
490900,1214.6,0.000002,,,,,,,,
491000,1214.8,0.000002,,,,,,,,
491100,1215.0,0.000004,,,,,,,,
491200,1215.2,0.000002,,,,,,,,
491300,1215.5,0.000002,,,,,,,,
491400,1215.7,0.000001,,,,,,,,
491500,1215.9,0.000001,,,,,,,,
491600,1216.1,0.000001,,,,,,,,
491700,1216.3,0.000001,,,,,,,,
491800,1216.5,0.000001,,,,,,,,
491900,1216.8,0.000001,,,,,,,,
492000,1217.0,0.000003,,,,,,,,
492100,1217.2,0.000004,,,,,,,,
492200,1217.5,0.000001,,,,,,,,
492300,1217.7,0.000001,,,,,,,,
492400,1217.9,0.000001,,,,,,,,
492500,1218.2,0.000002,,,,,,,,
492600,1218.4,0.000002,,,,,,,,
492700,1218.6,0.000002,,,,,,,,
492800,1218.9,0.000001,,,,,,,,
492900,1219.1,0.000001,,,,,,,,
493000,1219.3,0.000002,,,,,,,,
493100,1219.6,0.000003,,,,,,,,
493200,1219.8,0.000001,,,,,,,,
493300,1220.0,0.000002,,,,,,,,
493400,1220.2,0.000001,,,,,,,,
493500,1220.4,0.000001,,,,,,,,
493600,1220.7,0.000002,,,,,,,,
493700,1220.9,0.000001,,,,,,,,
493800,1221.1,0.000002,,,,,,,,
493900,1221.3,0.000002,,,,,,,,
494000,1221.6,0.000001,,,,,,,,
494100,1221.8,0.000003,,,,,,,,
494200,1222.0,0.000001,,,,,,,,
494300,1222.3,0.000003,,,,,,,,
494400,1222.5,0.000002,,,,,,,,
494500,1222.7,0.000001,,,,,,,,
494600,1222.9,0.000001,,,,,,,,
494700,1223.1,0.000001,,,,,,,,
494800,1223.4,0.000001,,,,,,,,
494900,1223.6,0.000001,,,,,,,,
495000,1224.8,0.000002,0.000921,9.199733e-02,5.788877e-03,4.400689e-03,0.000000,5.415402e-02,5.761126e-03,4.449157e-03
495100,1225.1,0.000001,,,,,,,,
495200,1225.2,0.000001,,,,,,,,
495300,1225.4,0.000001,,,,,,,,
495400,1225.6,0.000002,,,,,,,,
495500,1225.9,0.000001,,,,,,,,
495600,1226.1,0.000001,,,,,,,,
495700,1226.3,0.000002,,,,,,,,
495800,1226.5,0.000003,,,,,,,,
495900,1226.7,0.000001,,,,,,,,
496000,1226.9,0.000001,,,,,,,,
496100,1227.1,0.000001,,,,,,,,
496200,1227.3,0.000001,,,,,,,,
496300,1227.5,0.000002,,,,,,,,
496400,1227.8,0.000001,,,,,,,,
496500,1228.0,0.000001,,,,,,,,
496600,1228.3,0.000002,,,,,,,,
496700,1228.5,0.000001,,,,,,,,
496800,1228.7,0.000001,,,,,,,,
496900,1229.0,0.000002,,,,,,,,
497000,1229.2,0.000003,,,,,,,,
497100,1229.4,0.000002,,,,,,,,
497200,1229.7,0.000001,,,,,,,,
497300,1229.9,0.000001,,,,,,,,
497400,1230.1,0.000001,,,,,,,,
497500,1230.4,0.000002,,,,,,,,
497600,1230.6,0.000001,,,,,,,,
497700,1230.8,0.000001,,,,,,,,
497800,1231.1,0.000001,,,,,,,,
497900,1231.3,0.000002,,,,,,,,
498000,1231.5,0.000001,,,,,,,,
498100,1231.7,0.000002,,,,,,,,
498200,1232.0,0.000001,,,,,,,,
498300,1232.2,0.000006,,,,,,,,
498400,1232.4,0.000001,,,,,,,,
498500,1232.6,0.000001,,,,,,,,
498600,1232.9,0.000002,,,,,,,,
498700,1233.1,0.000004,,,,,,,,
498800,1233.3,0.000001,,,,,,,,
498900,1233.5,0.000002,,,,,,,,
499000,1233.8,0.000002,,,,,,,,
499100,1234.0,0.000001,,,,,,,,
499200,1234.2,0.000001,,,,,,,,
499300,1234.5,0.000002,,,,,,,,
499400,1234.7,0.000001,,,,,,,,
499500,1234.9,0.000002,,,,,,,,
499600,1235.2,0.000001,,,,,,,,
499700,1235.4,0.000001,,,,,,,,
499800,1235.6,0.000002,,,,,,,,
499900,1235.9,0.000001,,,,,,,,
500000,1237.1,0.000001,0.000649,9.552665e-02,4.077831e-03,2.998876e-03,0.000000,5.351950e-02,3.958185e-03,2.966782e-03
500100,1237.3,0.000001,,,,,,,,
500200,1237.5,0.000001,,,,,,,,
500300,1237.7,0.000001,,,,,,,,
500400,1237.9,0.000002,,,,,,,,
500500,1238.1,0.000001,,,,,,,,
500600,1238.4,0.000001,,,,,,,,
500700,1238.6,0.000003,,,,,,,,
500800,1238.8,0.000001,,,,,,,,
500900,1239.0,0.000001,,,,,,,,
501000,1239.3,0.000001,,,,,,,,
501100,1239.5,0.000002,,,,,,,,
501200,1239.8,0.000004,,,,,,,,
501300,1240.0,0.000001,,,,,,,,
501400,1240.2,0.000002,,,,,,,,
501500,1240.5,0.000001,,,,,,,,
501600,1240.7,0.000001,,,,,,,,
501700,1241.0,0.000002,,,,,,,,
501800,1241.2,0.000001,,,,,,,,
501900,1241.4,0.000001,,,,,,,,
502000,1241.7,0.000003,,,,,,,,
502100,1241.9,0.000001,,,,,,,,
502200,1242.1,0.000002,,,,,,,,
502300,1242.4,0.000001,,,,,,,,
502400,1242.6,0.000001,,,,,,,,
502500,1242.8,0.000001,,,,,,,,
502600,1243.0,0.000001,,,,,,,,
502700,1243.3,0.000001,,,,,,,,
502800,1243.5,0.000001,,,,,,,,
502900,1243.7,0.000002,,,,,,,,
503000,1244.0,0.000001,,,,,,,,
503100,1244.2,0.000003,,,,,,,,
503200,1244.5,0.000001,,,,,,,,
503300,1244.7,0.000001,,,,,,,,
503400,1244.9,0.000001,,,,,,,,
503500,1245.1,0.000001,,,,,,,,
503600,1245.4,0.000001,,,,,,,,
503700,1245.6,0.000002,,,,,,,,
503800,1245.8,0.000002,,,,,,,,
503900,1246.0,0.000002,,,,,,,,
504000,1246.3,0.000001,,,,,,,,
504100,1246.5,0.000001,,,,,,,,
504200,1246.7,0.000004,,,,,,,,
504300,1246.9,0.000001,,,,,,,,
504400,1247.2,0.000001,,,,,,,,
504500,1247.4,0.000001,,,,,,,,
504600,1247.7,0.000002,,,,,,,,
504700,1247.9,0.000002,,,,,,,,
504800,1248.1,0.000001,,,,,,,,
504900,1248.4,0.000002,,,,,,,,
505000,1249.6,0.000001,0.000648,1.018292e-01,4.073864e-03,3.013815e-03,0.000000,6.403614e-02,3.968367e-03,2.999375e-03
505100,1249.8,0.000001,,,,,,,,
505200,1250.0,0.000001,,,,,,,,
505300,1250.2,0.000003,,,,,,,,
505400,1250.4,0.000001,,,,,,,,
505500,1250.6,0.000002,,,,,,,,
505600,1250.8,0.000001,,,,,,,,
505700,1251.1,0.000001,,,,,,,,
505800,1251.3,0.000002,,,,,,,,
505900,1251.5,0.000002,,,,,,,,
506000,1251.7,0.000001,,,,,,,,
506100,1252.0,0.000001,,,,,,,,
506200,1252.2,0.000001,,,,,,,,
506300,1252.4,0.000001,,,,,,,,
506400,1252.7,0.000001,,,,,,,,
506500,1252.9,0.000001,,,,,,,,
506600,1253.1,0.000001,,,,,,,,
506700,1253.3,0.000002,,,,,,,,
506800,1253.6,0.000001,,,,,,,,
506900,1253.8,0.000001,,,,,,,,
507000,1254.0,0.000001,,,,,,,,
507100,1254.3,0.000001,,,,,,,,
507200,1254.5,0.000001,,,,,,,,
507300,1254.7,0.000001,,,,,,,,
507400,1254.9,0.000001,,,,,,,,
507500,1255.2,0.000001,,,,,,,,
507600,1255.4,0.000001,,,,,,,,
507700,1255.7,0.000002,,,,,,,,
507800,1255.9,0.000003,,,,,,,,
507900,1256.1,0.000001,,,,,,,,
508000,1256.4,0.000001,,,,,,,,
508100,1256.6,0.000006,,,,,,,,
508200,1256.8,0.000001,,,,,,,,
508300,1257.1,0.000001,,,,,,,,
508400,1257.3,0.000001,,,,,,,,
508500,1257.6,0.000002,,,,,,,,
508600,1257.9,0.000001,,,,,,,,
508700,1258.1,0.000004,,,,,,,,
508800,1258.3,0.000001,,,,,,,,
508900,1258.6,0.000001,,,,,,,,
509000,1258.8,0.000001,,,,,,,,
509100,1259.1,0.000001,,,,,,,,
509200,1259.3,0.000002,,,,,,,,
509300,1259.5,0.000003,,,,,,,,
509400,1259.8,0.000002,,,,,,,,
509500,1260.0,0.000001,,,,,,,,
509600,1260.2,0.000002,,,,,,,,
509700,1260.4,0.000006,,,,,,,,
509800,1260.7,0.000001,,,,,,,,
509900,1260.9,0.000004,,,,,,,,
510000,1262.2,0.000001,0.000680,1.086852e-01,4.274161e-03,3.272141e-03,0.000000,6.630374e-02,4.174825e-03,3.263983e-03
510100,1262.4,0.000001,,,,,,,,
510200,1262.6,0.000005,,,,,,,,
510300,1262.7,0.000001,,,,,,,,
510400,1262.9,0.000002,,,,,,,,
510500,1263.2,0.000001,,,,,,,,
510600,1263.4,0.000004,,,,,,,,
510700,1263.6,0.000001,,,,,,,,
510800,1263.8,0.000001,,,,,,,,
510900,1264.0,0.000001,,,,,,,,
511000,1264.3,0.000002,,,,,,,,
511100,1264.5,0.000001,,,,,,,,
511200,1264.7,0.000001,,,,,,,,
511300,1264.9,0.000002,,,,,,,,
511400,1265.2,0.000003,,,,,,,,
511500,1265.4,0.000002,,,,,,,,
511600,1265.6,0.000001,,,,,,,,
511700,1265.9,0.000001,,,,,,,,
511800,1266.1,0.000002,,,,,,,,
511900,1266.3,0.000001,,,,,,,,
512000,1266.5,0.000001,,,,,,,,
512100,1266.7,0.000001,,,,,,,,
512200,1267.0,0.000002,,,,,,,,
512300,1267.2,0.000001,,,,,,,,
512400,1267.4,0.000001,,,,,,,,
512500,1267.6,0.000002,,,,,,,,
512600,1267.8,0.000001,,,,,,,,
512700,1268.1,0.000001,,,,,,,,
512800,1268.3,0.000002,,,,,,,,
512900,1268.5,0.000001,,,,,,,,
513000,1268.7,0.000004,,,,,,,,
513100,1269.0,0.000001,,,,,,,,
513200,1269.2,0.000001,,,,,,,,
513300,1269.4,0.000002,,,,,,,,
513400,1269.6,0.000001,,,,,,,,
513500,1269.9,0.000001,,,,,,,,
513600,1270.1,0.000001,,,,,,,,
513700,1270.3,0.000001,,,,,,,,
513800,1270.5,0.000002,,,,,,,,
513900,1270.8,0.000001,,,,,,,,
514000,1271.0,0.000002,,,,,,,,
514100,1271.2,0.000001,,,,,,,,
514200,1271.5,0.000002,,,,,,,,
514300,1271.7,0.000001,,,,,,,,
514400,1271.9,0.000002,,,,,,,,
514500,1272.2,0.000001,,,,,,,,
514600,1272.4,0.000001,,,,,,,,
514700,1272.6,0.000004,,,,,,,,
514800,1272.9,0.000001,,,,,,,,
514900,1273.1,0.000002,,,,,,,,
515000,1274.4,0.000001,0.000773,1.003446e-01,4.859470e-03,3.644854e-03,0.000000,6.346544e-02,4.783374e-03,3.653359e-03
515100,1274.6,0.000001,,,,,,,,
515200,1274.8,0.000001,,,,,,,,
515300,1275.0,0.000001,,,,,,,,
515400,1275.2,0.000001,,,,,,,,
515500,1275.4,0.000004,,,,,,,,
515600,1275.6,0.000001,,,,,,,,
515700,1275.8,0.000001,,,,,,,,
515800,1276.0,0.000001,,,,,,,,
515900,1276.3,0.000001,,,,,,,,
516000,1276.5,0.000001,,,,,,,,
516100,1276.7,0.000001,,,,,,,,
516200,1276.9,0.000001,,,,,,,,
516300,1277.2,0.000001,,,,,,,,
516400,1277.4,0.000005,,,,,,,,
516500,1277.6,0.000002,,,,,,,,
516600,1277.9,0.000001,,,,,,,,
516700,1278.1,0.000003,,,,,,,,
516800,1278.3,0.000001,,,,,,,,
516900,1278.6,0.000001,,,,,,,,
517000,1278.8,0.000002,,,,,,,,
517100,1279.0,0.000001,,,,,,,,
517200,1279.3,0.000001,,,,,,,,
517300,1279.5,0.000001,,,,,,,,
517400,1279.7,0.000002,,,,,,,,
517500,1279.9,0.000001,,,,,,,,
517600,1280.2,0.000002,,,,,,,,
517700,1280.4,0.000001,,,,,,,,
517800,1280.7,0.000002,,,,,,,,
517900,1280.9,0.000001,,,,,,,,
518000,1281.1,0.000001,,,,,,,,
518100,1281.4,0.000001,,,,,,,,
518200,1281.6,0.000001,,,,,,,,
518300,1281.8,0.000002,,,,,,,,
518400,1282.1,0.000003,,,,,,,,
518500,1282.3,0.000001,,,,,,,,
518600,1282.5,0.000001,,,,,,,,
518700,1282.7,0.000002,,,,,,,,
518800,1283.0,0.000002,,,,,,,,
518900,1283.2,0.000001,,,,,,,,
519000,1283.4,0.000001,,,,,,,,
519100,1283.7,0.000001,,,,,,,,
519200,1283.9,0.000001,,,,,,,,
519300,1284.1,0.000003,,,,,,,,
519400,1284.4,0.000001,,,,,,,,
519500,1284.6,0.000002,,,,,,,,
519600,1284.8,0.000002,,,,,,,,
519700,1285.1,0.000001,,,,,,,,
519800,1285.3,0.000001,,,,,,,,
519900,1285.5,0.000001,,,,,,,,
520000,1286.8,0.000001,0.000951,1.393711e-01,5.976680e-03,4.902608e-03,0.000000,5.466109e-02,5.735705e-03,4.837134e-03
520100,1287.0,0.000001,,,,,,,,
520200,1287.2,0.000001,,,,,,,,
520300,1287.4,0.000001,,,,,,,,
520400,1287.6,0.000002,,,,,,,,
520500,1287.8,0.000001,,,,,,,,
520600,1288.0,0.000001,,,,,,,,
520700,1288.2,0.000002,,,,,,,,
520800,1288.4,0.000002,,,,,,,,
520900,1288.7,0.000002,,,,,,,,
521000,1288.9,0.000003,,,,,,,,
521100,1289.1,0.000001,,,,,,,,
521200,1289.4,0.000002,,,,,,,,
521300,1289.6,0.000001,,,,,,,,
521400,1289.8,0.000001,,,,,,,,
521500,1290.1,0.000001,,,,,,,,
521600,1290.3,0.000001,,,,,,,,
521700,1290.6,0.000001,,,,,,,,
521800,1290.8,0.000001,,,,,,,,
521900,1291.0,0.000001,,,,,,,,
522000,1291.3,0.000001,,,,,,,,
522100,1291.5,0.000004,,,,,,,,
522200,1291.8,0.000001,,,,,,,,
522300,1292.0,0.000001,,,,,,,,
522400,1292.2,0.000001,,,,,,,,
522500,1292.5,0.000001,,,,,,,,
522600,1292.7,0.000003,,,,,,,,
522700,1292.9,0.000001,,,,,,,,
522800,1293.2,0.000001,,,,,,,,
522900,1293.4,0.000001,,,,,,,,
523000,1293.6,0.000001,,,,,,,,
523100,1293.8,0.000001,,,,,,,,
523200,1294.0,0.000002,,,,,,,,
523300,1294.3,0.000001,,,,,,,,
523400,1294.5,0.000001,,,,,,,,
523500,1294.7,0.000001,,,,,,,,
523600,1295.0,0.000001,,,,,,,,
523700,1295.2,0.000001,,,,,,,,
523800,1295.4,0.000001,,,,,,,,
523900,1295.7,0.000001,,,,,,,,
524000,1295.9,0.000002,,,,,,,,
524100,1296.1,0.000002,,,,,,,,
524200,1296.3,0.000001,,,,,,,,
524300,1296.6,0.000001,,,,,,,,
524400,1296.8,0.000001,,,,,,,,
524500,1297.0,0.000001,,,,,,,,
524600,1297.2,0.000001,,,,,,,,
524700,1297.5,0.000001,,,,,,,,
524800,1297.7,0.000001,,,,,,,,
524900,1297.9,0.000001,,,,,,,,
525000,1299.2,0.000002,0.001352,1.307706e-01,8.496288e-03,7.353967e-03,0.000000,1.084617e-01,8.378722e-03,7.344015e-03
525100,1299.4,0.000002,,,,,,,,
525200,1299.6,0.000001,,,,,,,,
525300,1299.8,0.000001,,,,,,,,
525400,1300.0,0.000001,,,,,,,,
525500,1300.2,0.000001,,,,,,,,
525600,1300.4,0.000002,,,,,,,,
525700,1300.6,0.000001,,,,,,,,
525800,1300.8,0.000001,,,,,,,,
525900,1301.1,0.000001,,,,,,,,
526000,1301.3,0.000008,,,,,,,,
526100,1301.5,0.000001,,,,,,,,
526200,1301.8,0.000001,,,,,,,,
526300,1302.0,0.000001,,,,,,,,
526400,1302.2,0.000001,,,,,,,,
526500,1302.5,0.000001,,,,,,,,
526600,1302.7,0.000001,,,,,,,,
526700,1302.9,0.000001,,,,,,,,
526800,1303.2,0.000003,,,,,,,,
526900,1303.4,0.000001,,,,,,,,
527000,1303.6,0.000002,,,,,,,,
527100,1303.8,0.000002,,,,,,,,
527200,1304.1,0.000001,,,,,,,,
527300,1304.3,0.000001,,,,,,,,
527400,1304.6,0.000001,,,,,,,,
527500,1304.8,0.000001,,,,,,,,
527600,1305.0,0.000001,,,,,,,,
527700,1305.3,0.000001,,,,,,,,
527800,1305.5,0.000001,,,,,,,,
527900,1305.7,0.000001,,,,,,,,
528000,1306.0,0.000001,,,,,,,,
528100,1306.2,0.000001,,,,,,,,
528200,1306.4,0.000002,,,,,,,,
528300,1306.7,0.000001,,,,,,,,
528400,1306.9,0.000001,,,,,,,,
528500,1307.2,0.000001,,,,,,,,
528600,1307.4,0.000001,,,,,,,,
528700,1307.6,0.000001,,,,,,,,
528800,1307.8,0.000001,,,,,,,,
528900,1308.1,0.000001,,,,,,,,
529000,1308.3,0.000001,,,,,,,,
529100,1308.5,0.000001,,,,,,,,
529200,1308.7,0.000003,,,,,,,,
529300,1308.9,0.000001,,,,,,,,
529400,1309.2,0.000003,,,,,,,,
529500,1309.4,0.000001,,,,,,,,
529600,1309.6,0.000001,,,,,,,,
529700,1309.9,0.000002,,,,,,,,
529800,1310.1,0.000001,,,,,,,,
529900,1310.3,0.000003,,,,,,,,
530000,1311.6,0.000001,0.000625,7.357712e-02,3.929669e-03,2.930090e-03,0.000000,5.721386e-02,3.843760e-03,2.919700e-03
530100,1311.8,0.000003,,,,,,,,
530200,1312.0,0.000005,,,,,,,,
530300,1312.2,0.000001,,,,,,,,
530400,1312.4,0.000001,,,,,,,,
530500,1312.6,0.000001,,,,,,,,
530600,1312.8,0.000001,,,,,,,,
530700,1313.0,0.000001,,,,,,,,
530800,1313.3,0.000001,,,,,,,,
530900,1313.5,0.000001,,,,,,,,
531000,1313.7,0.000001,,,,,,,,
531100,1313.9,0.000001,,,,,,,,
531200,1314.1,0.000001,,,,,,,,
531300,1314.3,0.000002,,,,,,,,
531400,1314.6,0.000001,,,,,,,,
531500,1314.8,0.000001,,,,,,,,
531600,1315.0,0.000001,,,,,,,,
531700,1315.3,0.000002,,,,,,,,
531800,1315.5,0.000001,,,,,,,,
531900,1315.7,0.000001,,,,,,,,
532000,1316.0,0.000002,,,,,,,,
532100,1316.2,0.000001,,,,,,,,
532200,1316.4,0.000001,,,,,,,,
532300,1316.6,0.000002,,,,,,,,
532400,1316.9,0.000001,,,,,,,,
532500,1317.1,0.000001,,,,,,,,
532600,1317.3,0.000001,,,,,,,,
532700,1317.6,0.000001,,,,,,,,
532800,1317.8,0.000001,,,,,,,,
532900,1318.0,0.000001,,,,,,,,
533000,1318.2,0.000001,,,,,,,,
533100,1318.4,0.000001,,,,,,,,
533200,1318.7,0.000001,,,,,,,,
533300,1318.9,0.000001,,,,,,,,
533400,1319.1,0.000001,,,,,,,,
533500,1319.4,0.000001,,,,,,,,
533600,1319.6,0.000001,,,,,,,,
533700,1319.8,0.000002,,,,,,,,
533800,1320.1,0.000001,,,,,,,,
533900,1320.3,0.000001,,,,,,,,
534000,1320.5,0.000002,,,,,,,,
534100,1320.7,0.000002,,,,,,,,
534200,1321.0,0.000001,,,,,,,,
534300,1321.2,0.000001,,,,,,,,
534400,1321.4,0.000001,,,,,,,,
534500,1321.6,0.000001,,,,,,,,
534600,1321.9,0.000001,,,,,,,,
534700,1322.1,0.000003,,,,,,,,
534800,1322.3,0.000001,,,,,,,,
534900,1322.5,0.000002,,,,,,,,
535000,1323.8,0.000001,0.000630,7.726504e-02,3.957552e-03,2.919912e-03,0.000000,5.002485e-02,3.850671e-03,2.899723e-03
535100,1324.0,0.000001,,,,,,,,
535200,1324.2,0.000001,,,,,,,,
535300,1324.4,0.000001,,,,,,,,
535400,1324.6,0.000001,,,,,,,,
535500,1324.8,0.000003,,,,,,,,
535600,1325.0,0.000002,,,,,,,,
535700,1325.2,0.000001,,,,,,,,
535800,1325.5,0.000001,,,,,,,,
535900,1325.7,0.000001,,,,,,,,
536000,1325.9,0.000003,,,,,,,,
536100,1326.1,0.000001,,,,,,,,
536200,1326.4,0.000001,,,,,,,,
536300,1326.6,0.000001,,,,,,,,
536400,1326.8,0.000001,,,,,,,,
536500,1327.1,0.000002,,,,,,,,
536600,1327.3,0.000001,,,,,,,,
536700,1327.5,0.000002,,,,,,,,
536800,1327.7,0.000001,,,,,,,,
536900,1328.0,0.000002,,,,,,,,
537000,1328.2,0.000001,,,,,,,,
537100,1328.4,0.000002,,,,,,,,
537200,1328.7,0.000001,,,,,,,,
537300,1328.9,0.000001,,,,,,,,
537400,1329.1,0.000001,,,,,,,,
537500,1329.3,0.000001,,,,,,,,
537600,1329.6,0.000001,,,,,,,,
537700,1329.8,0.000001,,,,,,,,
537800,1330.0,0.000001,,,,,,,,
537900,1330.3,0.000002,,,,,,,,
538000,1330.5,0.000004,,,,,,,,
538100,1330.8,0.000001,,,,,,,,
538200,1331.0,0.000001,,,,,,,,
538300,1331.2,0.000001,,,,,,,,
538400,1331.4,0.000001,,,,,,,,
538500,1331.7,0.000003,,,,,,,,
538600,1331.9,0.000002,,,,,,,,
538700,1332.1,0.000001,,,,,,,,
538800,1332.3,0.000002,,,,,,,,
538900,1332.6,0.000003,,,,,,,,
539000,1332.8,0.000003,,,,,,,,
539100,1333.0,0.000001,,,,,,,,
539200,1333.2,0.000001,,,,,,,,
539300,1333.5,0.000001,,,,,,,,
539400,1333.7,0.000001,,,,,,,,
539500,1334.0,0.000001,,,,,,,,
539600,1334.2,0.000001,,,,,,,,
539700,1334.4,0.000001,,,,,,,,
539800,1334.7,0.000001,,,,,,,,
539900,1334.9,0.000004,,,,,,,,
540000,1336.2,0.000001,0.001033,1.061344e-01,6.490700e-03,5.212960e-03,0.000000,7.041574e-02,6.552843e-03,5.441390e-03
540100,1336.4,0.000004,,,,,,,,
540200,1336.5,0.000001,,,,,,,,
540300,1336.7,0.000001,,,,,,,,
540400,1336.9,0.000005,,,,,,,,
540500,1337.2,0.000001,,,,,,,,
540600,1337.4,0.000001,,,,,,,,
540700,1337.6,0.000001,,,,,,,,
540800,1337.8,0.000001,,,,,,,,
540900,1338.0,0.000000,,,,,,,,
541000,1338.3,0.000001,,,,,,,,
541100,1338.5,0.000001,,,,,,,,
541200,1338.7,0.000002,,,,,,,,
541300,1338.9,0.000001,,,,,,,,
541400,1339.1,0.000001,,,,,,,,
541500,1339.4,0.000001,,,,,,,,
541600,1339.6,0.000001,,,,,,,,
541700,1339.9,0.000001,,,,,,,,
541800,1340.1,0.000001,,,,,,,,
541900,1340.3,0.000001,,,,,,,,
542000,1340.5,0.000001,,,,,,,,
542100,1340.7,0.000001,,,,,,,,
542200,1341.0,0.000001,,,,,,,,
542300,1341.2,0.000001,,,,,,,,
542400,1341.4,0.000001,,,,,,,,
542500,1341.6,0.000001,,,,,,,,
542600,1341.9,0.000001,,,,,,,,
542700,1342.1,0.000001,,,,,,,,
542800,1342.3,0.000001,,,,,,,,
542900,1342.6,0.000001,,,,,,,,
543000,1342.8,0.000001,,,,,,,,
543100,1343.0,0.000003,,,,,,,,
543200,1343.3,0.000002,,,,,,,,
543300,1343.5,0.000001,,,,,,,,
543400,1343.8,0.000001,,,,,,,,
543500,1344.0,0.000001,,,,,,,,
543600,1344.2,0.000001,,,,,,,,
543700,1344.4,0.000003,,,,,,,,
543800,1344.7,0.000002,,,,,,,,
543900,1344.9,0.000001,,,,,,,,
544000,1345.1,0.000001,,,,,,,,
544100,1345.3,0.000002,,,,,,,,
544200,1345.5,0.000001,,,,,,,,
544300,1345.8,0.000001,,,,,,,,
544400,1346.0,0.000001,,,,,,,,
544500,1346.2,0.000001,,,,,,,,
544600,1346.5,0.000001,,,,,,,,
544700,1346.7,0.000001,,,,,,,,
544800,1346.9,0.000002,,,,,,,,
544900,1347.2,0.000001,,,,,,,,
545000,1348.4,0.000001,0.000682,7.143636e-02,4.288196e-03,3.184698e-03,0.000000,4.543506e-02,4.237973e-03,3.174160e-03
545100,1348.6,0.000001,,,,,,,,
545200,1348.8,0.000001,,,,,,,,
545300,1349.0,0.000001,,,,,,,,
545400,1349.2,0.000002,,,,,,,,
545500,1349.4,0.000001,,,,,,,,
545600,1349.6,0.000001,,,,,,,,
545700,1349.8,0.000001,,,,,,,,
545800,1350.0,0.000002,,,,,,,,
545900,1350.3,0.000001,,,,,,,,
546000,1350.5,0.000001,,,,,,,,
546100,1350.7,0.000001,,,,,,,,
546200,1351.0,0.000001,,,,,,,,
546300,1351.2,0.000002,,,,,,,,
546400,1351.5,0.000001,,,,,,,,
546500,1351.7,0.000002,,,,,,,,
546600,1351.9,0.000002,,,,,,,,
546700,1352.1,0.000001,,,,,,,,
546800,1352.4,0.000001,,,,,,,,
546900,1352.6,0.000001,,,,,,,,
547000,1352.8,0.000001,,,,,,,,
547100,1353.0,0.000002,,,,,,,,
547200,1353.3,0.000001,,,,,,,,
547300,1353.5,0.000001,,,,,,,,
547400,1353.7,0.000001,,,,,,,,
547500,1354.0,0.000001,,,,,,,,
547600,1354.2,0.000001,,,,,,,,
547700,1354.4,0.000001,,,,,,,,
547800,1354.7,0.000002,,,,,,,,
547900,1354.9,0.000002,,,,,,,,
548000,1355.1,0.000001,,,,,,,,
548100,1355.4,0.000001,,,,,,,,
548200,1355.6,0.000001,,,,,,,,
548300,1355.8,0.000001,,,,,,,,
548400,1356.0,0.000001,,,,,,,,
548500,1356.3,0.000001,,,,,,,,
548600,1356.5,0.000001,,,,,,,,
548700,1356.7,0.000002,,,,,,,,
548800,1357.0,0.000001,,,,,,,,
548900,1357.2,0.000001,,,,,,,,
549000,1357.4,0.000001,,,,,,,,
549100,1357.7,0.000001,,,,,,,,
549200,1357.9,0.000002,,,,,,,,
549300,1358.1,0.000002,,,,,,,,
549400,1358.3,0.000001,,,,,,,,
549500,1358.6,0.000001,,,,,,,,
549600,1358.8,0.000001,,,,,,,,
549700,1359.0,0.000001,,,,,,,,
549800,1359.2,0.000001,,,,,,,,
549900,1359.4,0.000001,,,,,,,,
550000,1360.7,0.000001,0.000623,9.858699e-02,3.912063e-03,2.921033e-03,0.000000,5.700684e-02,3.805306e-03,2.873775e-03
550100,1360.9,0.000001,,,,,,,,
550200,1361.0,0.000001,,,,,,,,
550300,1361.2,0.000001,,,,,,,,
550400,1361.4,0.000001,,,,,,,,
550500,1361.6,0.000002,,,,,,,,
550600,1361.8,0.000001,,,,,,,,
550700,1362.0,0.000001,,,,,,,,
550800,1362.2,0.000001,,,,,,,,
550900,1362.5,0.000004,,,,,,,,
551000,1362.7,0.000001,,,,,,,,
551100,1362.9,0.000001,,,,,,,,
551200,1363.2,0.000001,,,,,,,,
551300,1363.4,0.000001,,,,,,,,
551400,1363.6,0.000001,,,,,,,,
551500,1363.9,0.000001,,,,,,,,
551600,1364.1,0.000002,,,,,,,,
551700,1364.3,0.000001,,,,,,,,
551800,1364.6,0.000001,,,,,,,,
551900,1364.8,0.000001,,,,,,,,
552000,1365.1,0.000001,,,,,,,,
552100,1365.3,0.000001,,,,,,,,
552200,1365.5,0.000001,,,,,,,,
552300,1365.8,0.000001,,,,,,,,
552400,1366.0,0.000001,,,,,,,,
552500,1366.2,0.000001,,,,,,,,
552600,1366.4,0.000001,,,,,,,,
552700,1366.7,0.000001,,,,,,,,
552800,1366.9,0.000001,,,,,,,,
552900,1367.1,0.000002,,,,,,,,
553000,1367.3,0.000001,,,,,,,,
553100,1367.6,0.000001,,,,,,,,
553200,1367.8,0.000001,,,,,,,,
553300,1368.0,0.000002,,,,,,,,
553400,1368.2,0.000001,,,,,,,,
553500,1368.5,0.000003,,,,,,,,
553600,1368.7,0.000001,,,,,,,,
553700,1368.9,0.000001,,,,,,,,
553800,1369.1,0.000002,,,,,,,,
553900,1369.3,0.000001,,,,,,,,
554000,1369.6,0.000001,,,,,,,,
554100,1369.8,0.000002,,,,,,,,
554200,1370.0,0.000001,,,,,,,,
554300,1370.2,0.000001,,,,,,,,
554400,1370.5,0.000001,,,,,,,,
554500,1370.7,0.000002,,,,,,,,
554600,1370.9,0.000002,,,,,,,,
554700,1371.1,0.000001,,,,,,,,
554800,1371.4,0.000001,,,,,,,,
554900,1371.6,0.000001,,,,,,,,
555000,1372.8,0.000003,0.000761,9.334655e-02,4.783481e-03,3.632955e-03,0.000000,7.618459e-02,4.711678e-03,3.597339e-03
555100,1373.0,0.000001,,,,,,,,
555200,1373.2,0.000001,,,,,,,,
555300,1373.4,0.000001,,,,,,,,
555400,1373.6,0.000001,,,,,,,,
555500,1373.8,0.000001,,,,,,,,
555600,1374.0,0.000001,,,,,,,,
555700,1374.2,0.000001,,,,,,,,
555800,1374.5,0.000001,,,,,,,,
555900,1374.7,0.000002,,,,,,,,
556000,1374.9,0.000002,,,,,,,,
556100,1375.2,0.000002,,,,,,,,
556200,1375.4,0.000001,,,,,,,,
556300,1375.6,0.000001,,,,,,,,
556400,1375.8,0.000001,,,,,,,,
556500,1376.1,0.000001,,,,,,,,
556600,1376.3,0.000001,,,,,,,,
556700,1376.5,0.000001,,,,,,,,
556800,1376.7,0.000001,,,,,,,,
556900,1377.0,0.000002,,,,,,,,
557000,1377.2,0.000001,,,,,,,,
557100,1377.4,0.000001,,,,,,,,
557200,1377.6,0.000002,,,,,,,,
557300,1377.9,0.000001,,,,,,,,
557400,1378.1,0.000001,,,,,,,,
557500,1378.3,0.000001,,,,,,,,
557600,1378.6,0.000001,,,,,,,,
557700,1378.8,0.000001,,,,,,,,
557800,1379.0,0.000001,,,,,,,,
557900,1379.2,0.000001,,,,,,,,
558000,1379.5,0.000001,,,,,,,,
558100,1379.7,0.000001,,,,,,,,
558200,1379.9,0.000001,,,,,,,,
558300,1380.1,0.000001,,,,,,,,
558400,1380.3,0.000001,,,,,,,,
558500,1380.6,0.000001,,,,,,,,
558600,1380.8,0.000001,,,,,,,,
558700,1381.0,0.000001,,,,,,,,
558800,1381.3,0.000001,,,,,,,,
558900,1381.5,0.000001,,,,,,,,
559000,1381.7,0.000001,,,,,,,,
559100,1381.9,0.000001,,,,,,,,
559200,1382.2,0.000001,,,,,,,,
559300,1382.4,0.000001,,,,,,,,
559400,1382.6,0.000001,,,,,,,,
559500,1382.8,0.000001,,,,,,,,
559600,1383.1,0.000001,,,,,,,,
559700,1383.3,0.000001,,,,,,,,
559800,1383.5,0.000001,,,,,,,,
559900,1383.8,0.000002,,,,,,,,
560000,1385.0,0.000001,0.000714,9.620185e-02,4.485208e-03,3.599127e-03,0.000000,6.064893e-02,4.449775e-03,3.646243e-03
560100,1385.2,0.000002,,,,,,,,
560200,1385.4,0.000001,,,,,,,,
560300,1385.6,0.000002,,,,,,,,
560400,1385.8,0.000001,,,,,,,,
560500,1386.0,0.000001,,,,,,,,
560600,1386.3,0.000001,,,,,,,,
560700,1386.5,0.000001,,,,,,,,
560800,1386.7,0.000001,,,,,,,,
560900,1386.9,0.000001,,,,,,,,
561000,1387.2,0.000001,,,,,,,,
561100,1387.4,0.000001,,,,,,,,
561200,1387.7,0.000001,,,,,,,,
561300,1387.9,0.000001,,,,,,,,
561400,1388.1,0.000001,,,,,,,,
561500,1388.3,0.000001,,,,,,,,
561600,1388.6,0.000001,,,,,,,,
561700,1388.8,0.000001,,,,,,,,
561800,1389.0,0.000001,,,,,,,,
561900,1389.3,0.000002,,,,,,,,
562000,1389.5,0.000001,,,,,,,,
562100,1389.7,0.000001,,,,,,,,
562200,1389.9,0.000001,,,,,,,,
562300,1390.2,0.000001,,,,,,,,
562400,1390.4,0.000001,,,,,,,,
562500,1390.6,0.000003,,,,,,,,
562600,1390.9,0.000001,,,,,,,,
562700,1391.1,0.000001,,,,,,,,
562800,1391.3,0.000001,,,,,,,,
562900,1391.6,0.000001,,,,,,,,
563000,1391.8,0.000003,,,,,,,,
563100,1392.0,0.000001,,,,,,,,
563200,1392.3,0.000001,,,,,,,,
563300,1392.5,0.000001,,,,,,,,
563400,1392.7,0.000001,,,,,,,,
563500,1392.9,0.000001,,,,,,,,
563600,1393.1,0.000001,,,,,,,,
563700,1393.4,0.000001,,,,,,,,
563800,1393.6,0.000001,,,,,,,,
563900,1393.9,0.000001,,,,,,,,
564000,1394.1,0.000001,,,,,,,,
564100,1394.3,0.000002,,,,,,,,
564200,1394.6,0.000001,,,,,,,,
564300,1394.8,0.000001,,,,,,,,
564400,1395.0,0.000001,,,,,,,,
564500,1395.2,0.000001,,,,,,,,
564600,1395.5,0.000003,,,,,,,,
564700,1395.7,0.000002,,,,,,,,
564800,1395.9,0.000001,,,,,,,,
564900,1396.2,0.000001,,,,,,,,
565000,1397.4,0.000001,0.000702,8.888179e-02,4.410345e-03,3.348814e-03,0.000000,7.355078e-02,4.327931e-03,3.355769e-03
565100,1397.6,0.000002,,,,,,,,
565200,1397.8,0.000001,,,,,,,,
565300,1398.0,0.000003,,,,,,,,
565400,1398.3,0.000001,,,,,,,,
565500,1398.5,0.000001,,,,,,,,
565600,1398.7,0.000001,,,,,,,,
565700,1398.9,0.000003,,,,,,,,
565800,1399.2,0.000001,,,,,,,,
565900,1399.4,0.000005,,,,,,,,
566000,1399.6,0.000002,,,,,,,,
566100,1399.9,0.000001,,,,,,,,
566200,1400.1,0.000001,,,,,,,,
566300,1400.4,0.000001,,,,,,,,
566400,1400.6,0.000002,,,,,,,,
566500,1400.8,0.000001,,,,,,,,
566600,1401.1,0.000001,,,,,,,,
566700,1401.3,0.000001,,,,,,,,
566800,1401.5,0.000001,,,,,,,,
566900,1401.7,0.000001,,,,,,,,
567000,1401.9,0.000001,,,,,,,,
567100,1402.2,0.000001,,,,,,,,
567200,1402.4,0.000002,,,,,,,,
567300,1402.7,0.000002,,,,,,,,
567400,1402.9,0.000001,,,,,,,,
567500,1403.1,0.000001,,,,,,,,
567600,1403.4,0.000001,,,,,,,,
567700,1403.6,0.000002,,,,,,,,
567800,1403.8,0.000001,,,,,,,,
567900,1404.0,0.000001,,,,,,,,
568000,1404.3,0.000001,,,,,,,,
568100,1404.5,0.000001,,,,,,,,
568200,1404.7,0.000001,,,,,,,,
568300,1405.0,0.000001,,,,,,,,
568400,1405.2,0.000001,,,,,,,,
568500,1405.4,0.000001,,,,,,,,
568600,1405.7,0.000001,,,,,,,,
568700,1405.9,0.000001,,,,,,,,
568800,1406.1,0.000001,,,,,,,,
568900,1406.3,0.000002,,,,,,,,
569000,1406.5,0.000002,,,,,,,,
569100,1406.8,0.000001,,,,,,,,
569200,1407.0,0.000003,,,,,,,,
569300,1407.2,0.000001,,,,,,,,
569400,1407.5,0.000001,,,,,,,,
569500,1407.7,0.000001,,,,,,,,
569600,1407.9,0.000001,,,,,,,,
569700,1408.2,0.000004,,,,,,,,
569800,1408.4,0.000003,,,,,,,,
569900,1408.6,0.000001,,,,,,,,
570000,1409.9,0.000002,0.000982,1.073422e-01,6.173222e-03,4.887084e-03,0.000000,6.158076e-02,6.131685e-03,4.899631e-03
570100,1410.1,0.000001,,,,,,,,
570200,1410.3,0.000001,,,,,,,,
570300,1410.5,0.000001,,,,,,,,
570400,1410.7,0.000001,,,,,,,,
570500,1410.9,0.000001,,,,,,,,
570600,1411.1,0.000001,,,,,,,,
570700,1411.3,0.000001,,,,,,,,
570800,1411.5,0.000001,,,,,,,,
570900,1411.8,0.000001,,,,,,,,
571000,1412.0,0.000001,,,,,,,,
571100,1412.2,0.000001,,,,,,,,
571200,1412.4,0.000001,,,,,,,,
571300,1412.6,0.000001,,,,,,,,
571400,1412.9,0.000002,,,,,,,,
571500,1413.1,0.000001,,,,,,,,
571600,1413.3,0.000001,,,,,,,,
571700,1413.6,0.000001,,,,,,,,
571800,1413.8,0.000001,,,,,,,,
571900,1414.0,0.000001,,,,,,,,
572000,1414.2,0.000001,,,,,,,,
572100,1414.4,0.000001,,,,,,,,
572200,1414.7,0.000003,,,,,,,,
572300,1414.9,0.000001,,,,,,,,
572400,1415.1,0.000001,,,,,,,,
572500,1415.3,0.000002,,,,,,,,
572600,1415.6,0.000002,,,,,,,,
572700,1415.8,0.000002,,,,,,,,
572800,1416.1,0.000001,,,,,,,,
572900,1416.3,0.000001,,,,,,,,
573000,1416.5,0.000002,,,,,,,,
573100,1416.8,0.000001,,,,,,,,
573200,1417.0,0.000001,,,,,,,,
573300,1417.2,0.000001,,,,,,,,
573400,1417.4,0.000001,,,,,,,,
573500,1417.7,0.000001,,,,,,,,
573600,1417.9,0.000001,,,,,,,,
573700,1418.1,0.000001,,,,,,,,
573800,1418.3,0.000001,,,,,,,,
573900,1418.6,0.000001,,,,,,,,
574000,1418.8,0.000001,,,,,,,,
574100,1419.0,0.000001,,,,,,,,
574200,1419.3,0.000001,,,,,,,,
574300,1419.5,0.000001,,,,,,,,
574400,1419.7,0.000001,,,,,,,,
574500,1419.9,0.000001,,,,,,,,
574600,1420.2,0.000002,,,,,,,,
574700,1420.4,0.000003,,,,,,,,
574800,1420.6,0.000001,,,,,,,,
574900,1420.9,0.000001,,,,,,,,
575000,1422.1,0.000001,0.000643,8.877940e-02,4.037208e-03,3.214691e-03,0.000000,5.077935e-02,3.971909e-03,3.215012e-03
575100,1422.3,0.000001,,,,,,,,
575200,1422.5,0.000001,,,,,,,,
575300,1422.7,0.000001,,,,,,,,
575400,1422.9,0.000001,,,,,,,,
575500,1423.1,0.000001,,,,,,,,
575600,1423.3,0.000001,,,,,,,,
575700,1423.6,0.000001,,,,,,,,
575800,1423.8,0.000001,,,,,,,,
575900,1424.0,0.000001,,,,,,,,
576000,1424.3,0.000001,,,,,,,,
576100,1424.5,0.000002,,,,,,,,
576200,1424.7,0.000001,,,,,,,,
576300,1425.0,0.000001,,,,,,,,
576400,1425.2,0.000001,,,,,,,,
576500,1425.4,0.000001,,,,,,,,
576600,1425.7,0.000001,,,,,,,,
576700,1425.9,0.000001,,,,,,,,
576800,1426.2,0.000001,,,,,,,,
576900,1426.4,0.000001,,,,,,,,
577000,1426.6,0.000001,,,,,,,,
577100,1426.9,0.000001,,,,,,,,
577200,1427.1,0.000001,,,,,,,,
577300,1427.3,0.000001,,,,,,,,
577400,1427.6,0.000005,,,,,,,,
577500,1427.8,0.000001,,,,,,,,
577600,1428.0,0.000001,,,,,,,,
577700,1428.3,0.000001,,,,,,,,
577800,1428.5,0.000001,,,,,,,,
577900,1428.7,0.000001,,,,,,,,
578000,1428.9,0.000001,,,,,,,,
578100,1429.1,0.000001,,,,,,,,
578200,1429.4,0.000002,,,,,,,,
578300,1429.6,0.000001,,,,,,,,
578400,1429.8,0.000001,,,,,,,,
578500,1430.0,0.000001,,,,,,,,
578600,1430.3,0.000001,,,,,,,,
578700,1430.5,0.000001,,,,,,,,
578800,1430.7,0.000001,,,,,,,,
578900,1430.9,0.000001,,,,,,,,
579000,1431.2,0.000001,,,,,,,,
579100,1431.4,0.000001,,,,,,,,
579200,1431.6,0.000001,,,,,,,,
579300,1431.9,0.000002,,,,,,,,
579400,1432.1,0.000001,,,,,,,,
579500,1432.4,0.000001,,,,,,,,
579600,1432.6,0.000001,,,,,,,,
579700,1432.8,0.000002,,,,,,,,
579800,1433.1,0.000000,,,,,,,,
579900,1433.3,0.000001,,,,,,,,
580000,1434.6,0.000001,0.000640,7.262845e-02,4.018576e-03,3.140435e-03,0.000000,4.454838e-02,3.894861e-03,3.087837e-03
580100,1434.8,0.000001,,,,,,,,
580200,1435.0,0.000002,,,,,,,,
580300,1435.2,0.000001,,,,,,,,
580400,1435.4,0.000001,,,,,,,,
580500,1435.6,0.000001,,,,,,,,
580600,1435.8,0.000002,,,,,,,,
580700,1436.0,0.000001,,,,,,,,
580800,1436.2,0.000001,,,,,,,,
580900,1436.5,0.000001,,,,,,,,
581000,1436.7,0.000001,,,,,,,,
581100,1436.9,0.000001,,,,,,,,
581200,1437.1,0.000001,,,,,,,,
581300,1437.4,0.000001,,,,,,,,
581400,1437.6,0.000001,,,,,,,,
581500,1437.8,0.000000,,,,,,,,
581600,1438.1,0.000001,,,,,,,,
581700,1438.3,0.000002,,,,,,,,
581800,1438.5,0.000001,,,,,,,,
581900,1438.7,0.000000,,,,,,,,
582000,1439.0,0.000001,,,,,,,,
582100,1439.2,0.000001,,,,,,,,
582200,1439.5,0.000001,,,,,,,,
582300,1439.7,0.000001,,,,,,,,
582400,1439.9,0.000001,,,,,,,,
582500,1440.2,0.000001,,,,,,,,
582600,1440.4,0.000001,,,,,,,,
582700,1440.7,0.000001,,,,,,,,
582800,1440.9,0.000001,,,,,,,,
582900,1441.1,0.000004,,,,,,,,
583000,1441.3,0.000001,,,,,,,,
583100,1441.6,0.000001,,,,,,,,
583200,1441.8,0.000001,,,,,,,,
583300,1442.0,0.000002,,,,,,,,
583400,1442.2,0.000001,,,,,,,,
583500,1442.5,0.000001,,,,,,,,
583600,1442.7,0.000001,,,,,,,,
583700,1442.9,0.000001,,,,,,,,
583800,1443.2,0.000001,,,,,,,,
583900,1443.4,0.000001,,,,,,,,
584000,1443.7,0.000001,,,,,,,,
584100,1443.9,0.000001,,,,,,,,
584200,1444.1,0.000001,,,,,,,,
584300,1444.4,0.000001,,,,,,,,
584400,1444.6,0.000002,,,,,,,,
584500,1444.8,0.000001,,,,,,,,
584600,1445.0,0.000002,,,,,,,,
584700,1445.3,0.000001,,,,,,,,
584800,1445.5,0.000001,,,,,,,,
584900,1445.7,0.000001,,,,,,,,
585000,1447.0,0.000002,0.001099,1.149563e-01,6.903382e-03,6.384814e-03,0.000000,6.757403e-02,6.873491e-03,6.454817e-03
585100,1447.2,0.000001,,,,,,,,
585200,1447.4,0.000001,,,,,,,,
585300,1447.6,0.000001,,,,,,,,
585400,1447.8,0.000001,,,,,,,,
585500,1448.0,0.000001,,,,,,,,
585600,1448.2,0.000001,,,,,,,,
585700,1448.4,0.000001,,,,,,,,
585800,1448.6,0.000001,,,,,,,,
585900,1448.9,0.000002,,,,,,,,
586000,1449.1,0.000001,,,,,,,,
586100,1449.3,0.000001,,,,,,,,
586200,1449.5,0.000001,,,,,,,,
586300,1449.8,0.000001,,,,,,,,
586400,1450.0,0.000002,,,,,,,,
586500,1450.2,0.000001,,,,,,,,
586600,1450.4,0.000001,,,,,,,,
586700,1450.7,0.000002,,,,,,,,
586800,1450.9,0.000001,,,,,,,,
586900,1451.1,0.000001,,,,,,,,
587000,1451.3,0.000001,,,,,,,,
587100,1451.6,0.000002,,,,,,,,
587200,1451.8,0.000001,,,,,,,,
587300,1452.0,0.000001,,,,,,,,
587400,1452.3,0.000001,,,,,,,,
587500,1452.5,0.000000,,,,,,,,
587600,1452.7,0.000001,,,,,,,,
587700,1452.9,0.000001,,,,,,,,
587800,1453.2,0.000001,,,,,,,,
587900,1453.4,0.000001,,,,,,,,
588000,1453.6,0.000001,,,,,,,,
588100,1453.8,0.000001,,,,,,,,
588200,1454.1,0.000001,,,,,,,,
588300,1454.3,0.000001,,,,,,,,
588400,1454.5,0.000001,,,,,,,,
588500,1454.8,0.000001,,,,,,,,
588600,1455.0,0.000001,,,,,,,,
588700,1455.2,0.000001,,,,,,,,
588800,1455.4,0.000001,,,,,,,,
588900,1455.7,0.000001,,,,,,,,
589000,1455.9,0.000001,,,,,,,,
589100,1456.1,0.000002,,,,,,,,
589200,1456.3,0.000001,,,,,,,,
589300,1456.6,0.000001,,,,,,,,
589400,1456.8,0.000001,,,,,,,,
589500,1457.0,0.000001,,,,,,,,
589600,1457.2,0.000001,,,,,,,,
589700,1457.5,0.000001,,,,,,,,
589800,1457.7,0.000001,,,,,,,,
589900,1457.9,0.000001,,,,,,,,
590000,1459.2,0.000001,0.000657,7.718368e-02,4.129981e-03,3.118232e-03,0.000000,4.636918e-02,4.096246e-03,3.153413e-03
590100,1459.4,0.000001,,,,,,,,
590200,1459.6,0.000001,,,,,,,,
590300,1459.8,0.000001,,,,,,,,
590400,1460.0,0.000001,,,,,,,,
590500,1460.2,0.000001,,,,,,,,
590600,1460.4,0.000001,,,,,,,,
590700,1460.6,0.000000,,,,,,,,
590800,1460.9,0.000002,,,,,,,,
590900,1461.1,0.000001,,,,,,,,
591000,1461.3,0.000001,,,,,,,,
591100,1461.6,0.000001,,,,,,,,
591200,1461.8,0.000000,,,,,,,,
591300,1462.1,0.000001,,,,,,,,
591400,1462.3,0.000001,,,,,,,,
591500,1462.6,0.000001,,,,,,,,
591600,1462.8,0.000001,,,,,,,,
591700,1463.0,0.000001,,,,,,,,
591800,1463.2,0.000001,,,,,,,,
591900,1463.5,0.000002,,,,,,,,
592000,1463.7,0.000001,,,,,,,,
592100,1463.9,0.000000,,,,,,,,
592200,1464.1,0.000005,,,,,,,,
592300,1464.4,0.000000,,,,,,,,
592400,1464.6,0.000001,,,,,,,,
592500,1464.8,0.000001,,,,,,,,
592600,1465.1,0.000000,,,,,,,,
592700,1465.3,0.000001,,,,,,,,
592800,1465.5,0.000001,,,,,,,,
592900,1465.7,0.000001,,,,,,,,
593000,1466.0,0.000001,,,,,,,,
593100,1466.2,0.000001,,,,,,,,
593200,1466.4,0.000001,,,,,,,,
593300,1466.7,0.000001,,,,,,,,
593400,1466.9,0.000001,,,,,,,,
593500,1467.1,0.000001,,,,,,,,
593600,1467.3,0.000001,,,,,,,,
593700,1467.6,0.000001,,,,,,,,
593800,1467.8,0.000002,,,,,,,,
593900,1468.0,0.000001,,,,,,,,
594000,1468.2,0.000001,,,,,,,,
594100,1468.4,0.000001,,,,,,,,
594200,1468.6,0.000001,,,,,,,,
594300,1468.9,0.000001,,,,,,,,
594400,1469.1,0.000001,,,,,,,,
594500,1469.3,0.000001,,,,,,,,
594600,1469.5,0.000001,,,,,,,,
594700,1469.8,0.000001,,,,,,,,
594800,1470.0,0.000001,,,,,,,,
594900,1470.2,0.000002,,,,,,,,
595000,1471.5,0.000001,0.000698,1.130883e-01,4.386813e-03,3.408351e-03,0.000000,5.811406e-02,4.170314e-03,3.333594e-03
595100,1471.7,0.000001,,,,,,,,
595200,1471.9,0.000001,,,,,,,,
595300,1472.1,0.000001,,,,,,,,
595400,1472.3,0.000001,,,,,,,,
595500,1472.5,0.000001,,,,,,,,
595600,1472.7,0.000001,,,,,,,,
595700,1472.9,0.000001,,,,,,,,
595800,1473.2,0.000002,,,,,,,,
595900,1473.4,0.000002,,,,,,,,
596000,1473.6,0.000001,,,,,,,,
596100,1473.9,0.000001,,,,,,,,
596200,1474.1,0.000001,,,,,,,,
596300,1474.3,0.000001,,,,,,,,
596400,1474.6,0.000001,,,,,,,,
596500,1474.8,0.000001,,,,,,,,
596600,1475.1,0.000001,,,,,,,,
596700,1475.3,0.000001,,,,,,,,
596800,1475.6,0.000001,,,,,,,,
596900,1475.8,0.000001,,,,,,,,
597000,1476.0,0.000001,,,,,,,,
597100,1476.3,0.000001,,,,,,,,
597200,1476.5,0.000001,,,,,,,,
597300,1476.7,0.000001,,,,,,,,
597400,1477.0,0.000001,,,,,,,,
597500,1477.2,0.000001,,,,,,,,
597600,1477.4,0.000001,,,,,,,,
597700,1477.6,0.000000,,,,,,,,
597800,1477.9,0.000001,,,,,,,,
597900,1478.1,0.000001,,,,,,,,
598000,1478.3,0.000001,,,,,,,,
598100,1478.5,0.000001,,,,,,,,
598200,1478.8,0.000001,,,,,,,,
598300,1479.0,0.000001,,,,,,,,
598400,1479.2,0.000001,,,,,,,,
598500,1479.5,0.000001,,,,,,,,
598600,1479.7,0.000001,,,,,,,,
598700,1479.9,0.000001,,,,,,,,
598800,1480.2,0.000001,,,,,,,,
598900,1480.4,0.000001,,,,,,,,
599000,1480.6,0.000001,,,,,,,,
599100,1480.9,0.000001,,,,,,,,
599200,1481.1,0.000001,,,,,,,,
599300,1481.3,0.000001,,,,,,,,
599400,1481.6,0.000001,,,,,,,,
599500,1481.8,0.000001,,,,,,,,
599600,1482.0,0.000001,,,,,,,,
599700,1482.3,0.000001,,,,,,,,
599800,1482.5,0.000002,,,,,,,,
599900,1482.7,0.000001,,,,,,,,
600000,1484.0,0.000001,0.000532,7.036681e-02,3.339977e-03,2.477904e-03,0.000000,4.461442e-02,3.226451e-03,2.443436e-03
600100,1484.2,0.000001,,,,,,,,
600200,1484.4,0.000001,,,,,,,,
600300,1484.6,0.000001,,,,,,,,
600400,1484.8,0.000001,,,,,,,,
600500,1485.0,0.000001,,,,,,,,
600600,1485.2,0.000001,,,,,,,,
600700,1485.4,0.000001,,,,,,,,
600800,1485.6,0.000001,,,,,,,,
600900,1485.9,0.000002,,,,,,,,
601000,1486.1,0.000001,,,,,,,,
601100,1486.3,0.000000,,,,,,,,
601200,1486.6,0.000001,,,,,,,,
601300,1486.8,0.000002,,,,,,,,
601400,1487.0,0.000001,,,,,,,,
601500,1487.2,0.000001,,,,,,,,
601600,1487.4,0.000001,,,,,,,,
601700,1487.7,0.000001,,,,,,,,
601800,1487.9,0.000001,,,,,,,,
601900,1488.1,0.000000,,,,,,,,
602000,1488.4,0.000001,,,,,,,,
602100,1488.6,0.000002,,,,,,,,
602200,1488.8,0.000001,,,,,,,,
602300,1489.0,0.000001,,,,,,,,
602400,1489.3,0.000001,,,,,,,,
602500,1489.5,0.000000,,,,,,,,
602600,1489.7,0.000001,,,,,,,,
602700,1490.0,0.000001,,,,,,,,
602800,1490.2,0.000001,,,,,,,,
602900,1490.4,0.000001,,,,,,,,
603000,1490.7,0.000001,,,,,,,,
603100,1490.9,0.000001,,,,,,,,
603200,1491.2,0.000001,,,,,,,,
603300,1491.4,0.000001,,,,,,,,
603400,1491.6,0.000001,,,,,,,,
603500,1491.9,0.000001,,,,,,,,
603600,1492.1,0.000002,,,,,,,,
603700,1492.3,0.000004,,,,,,,,
603800,1492.6,0.000000,,,,,,,,
603900,1492.8,0.000001,,,,,,,,
604000,1493.0,0.000001,,,,,,,,
604100,1493.3,0.000001,,,,,,,,
604200,1493.5,0.000001,,,,,,,,
604300,1493.8,0.000003,,,,,,,,
604400,1494.0,0.000001,,,,,,,,
604500,1494.2,0.000001,,,,,,,,
604600,1494.4,0.000001,,,,,,,,
604700,1494.7,0.000001,,,,,,,,
604800,1494.9,0.000001,,,,,,,,
604900,1495.2,0.000001,,,,,,,,
605000,1496.4,0.000001,0.000945,8.548003e-02,5.938061e-03,4.818566e-03,0.000000,6.881317e-02,5.967545e-03,4.929369e-03
605100,1496.6,0.000001,,,,,,,,
605200,1496.8,0.000001,,,,,,,,
605300,1497.0,0.000001,,,,,,,,
605400,1497.2,0.000001,,,,,,,,
605500,1497.4,0.000001,,,,,,,,
605600,1497.6,0.000002,,,,,,,,
605700,1497.8,0.000001,,,,,,,,
605800,1498.1,0.000001,,,,,,,,
605900,1498.3,0.000002,,,,,,,,
606000,1498.5,0.000001,,,,,,,,
606100,1498.7,0.000001,,,,,,,,
606200,1498.9,0.000001,,,,,,,,
606300,1499.2,0.000001,,,,,,,,
606400,1499.4,0.000001,,,,,,,,
606500,1499.6,0.000001,,,,,,,,
606600,1499.9,0.000001,,,,,,,,
606700,1500.1,0.000001,,,,,,,,
606800,1500.4,0.000001,,,,,,,,
606900,1500.6,0.000001,,,,,,,,
607000,1500.8,0.000001,,,,,,,,
607100,1501.1,0.000001,,,,,,,,
607200,1501.3,0.000001,,,,,,,,
607300,1501.5,0.000001,,,,,,,,
607400,1501.8,0.000001,,,,,,,,
607500,1502.0,0.000001,,,,,,,,
607600,1502.3,0.000001,,,,,,,,
607700,1502.5,0.000001,,,,,,,,
607800,1502.7,0.000001,,,,,,,,
607900,1502.9,0.000001,,,,,,,,
608000,1503.2,0.000001,,,,,,,,
608100,1503.4,0.000001,,,,,,,,
608200,1503.6,0.000001,,,,,,,,
608300,1503.8,0.000001,,,,,,,,
608400,1504.1,0.000001,,,,,,,,
608500,1504.3,0.000002,,,,,,,,
608600,1504.5,0.000001,,,,,,,,
608700,1504.8,0.000001,,,,,,,,
608800,1505.0,0.000001,,,,,,,,
608900,1505.2,0.000001,,,,,,,,
609000,1505.4,0.000002,,,,,,,,
609100,1505.6,0.000001,,,,,,,,
609200,1505.9,0.000001,,,,,,,,
609300,1506.1,0.000001,,,,,,,,
609400,1506.3,0.000001,,,,,,,,
609500,1506.5,0.000001,,,,,,,,
609600,1506.8,0.000001,,,,,,,,
609700,1507.0,0.000001,,,,,,,,
609800,1507.2,0.000001,,,,,,,,
609900,1507.5,0.000001,,,,,,,,
610000,1508.7,0.000001,0.000600,1.124134e-01,3.768655e-03,2.751797e-03,0.000000,5.988558e-02,3.604870e-03,2.714199e-03
610100,1508.9,0.000001,,,,,,,,
610200,1509.1,0.000000,,,,,,,,
610300,1509.3,0.000001,,,,,,,,
610400,1509.5,0.000002,,,,,,,,
610500,1509.7,0.000001,,,,,,,,
610600,1509.9,0.000001,,,,,,,,
610700,1510.1,0.000001,,,,,,,,
610800,1510.4,0.000001,,,,,,,,
610900,1510.6,0.000001,,,,,,,,
611000,1510.8,0.000001,,,,,,,,
611100,1511.1,0.000001,,,,,,,,
611200,1511.3,0.000001,,,,,,,,
611300,1511.5,0.000001,,,,,,,,
611400,1511.8,0.000001,,,,,,,,
611500,1512.0,0.000000,,,,,,,,
611600,1512.2,0.000001,,,,,,,,
611700,1512.4,0.000001,,,,,,,,
611800,1512.6,0.000002,,,,,,,,
611900,1512.9,0.000001,,,,,,,,
612000,1513.1,0.000000,,,,,,,,
612100,1513.3,0.000001,,,,,,,,
612200,1513.5,0.000001,,,,,,,,
612300,1513.8,0.000001,,,,,,,,
612400,1514.0,0.000001,,,,,,,,
612500,1514.2,0.000001,,,,,,,,
612600,1514.5,0.000002,,,,,,,,
612700,1514.7,0.000000,,,,,,,,
612800,1514.9,0.000003,,,,,,,,
612900,1515.2,0.000001,,,,,,,,
613000,1515.4,0.000001,,,,,,,,
613100,1515.6,0.000001,,,,,,,,
613200,1515.9,0.000000,,,,,,,,
613300,1516.1,0.000005,,,,,,,,
613400,1516.4,0.000001,,,,,,,,
613500,1516.6,0.000001,,,,,,,,
613600,1516.8,0.000001,,,,,,,,
613700,1517.1,0.000001,,,,,,,,
613800,1517.3,0.000001,,,,,,,,
613900,1517.5,0.000001,,,,,,,,
614000,1517.8,0.000001,,,,,,,,
614100,1518.0,0.000001,,,,,,,,
614200,1518.2,0.000001,,,,,,,,
614300,1518.4,0.000001,,,,,,,,
614400,1518.7,0.000001,,,,,,,,
614500,1518.9,0.000001,,,,,,,,
614600,1519.1,0.000001,,,,,,,,
614700,1519.4,0.000001,,,,,,,,
614800,1519.6,0.000001,,,,,,,,
614900,1519.9,0.000001,,,,,,,,
615000,1521.1,0.000001,0.000548,5.884367e-02,3.440363e-03,2.544940e-03,0.000000,4.861101e-02,3.318366e-03,2.505261e-03
615100,1521.3,0.000002,,,,,,,,
615200,1521.5,0.000000,,,,,,,,
615300,1521.7,0.000001,,,,,,,,
615400,1521.9,0.000001,,,,,,,,
615500,1522.2,0.000001,,,,,,,,
615600,1522.4,0.000004,,,,,,,,
615700,1522.6,0.000001,,,,,,,,
615800,1522.8,0.000001,,,,,,,,
615900,1523.1,0.000001,,,,,,,,
616000,1523.3,0.000001,,,,,,,,
616100,1523.5,0.000001,,,,,,,,
616200,1523.8,0.000001,,,,,,,,
616300,1524.0,0.000001,,,,,,,,
616400,1524.2,0.000002,,,,,,,,
616500,1524.5,0.000001,,,,,,,,
616600,1524.7,0.000001,,,,,,,,
616700,1524.9,0.000002,,,,,,,,
616800,1525.1,0.000001,,,,,,,,
616900,1525.4,0.000001,,,,,,,,
617000,1525.6,0.000001,,,,,,,,
617100,1525.9,0.000001,,,,,,,,
617200,1526.1,0.000002,,,,,,,,
617300,1526.3,0.000001,,,,,,,,
617400,1526.6,0.000001,,,,,,,,
617500,1526.8,0.000001,,,,,,,,
617600,1527.0,0.000001,,,,,,,,
617700,1527.3,0.000001,,,,,,,,
617800,1527.5,0.000001,,,,,,,,
617900,1527.7,0.000001,,,,,,,,
618000,1527.9,0.000001,,,,,,,,
618100,1528.1,0.000001,,,,,,,,
618200,1528.4,0.000001,,,,,,,,
618300,1528.6,0.000001,,,,,,,,
618400,1528.8,0.000001,,,,,,,,
618500,1529.1,0.000001,,,,,,,,
618600,1529.3,0.000000,,,,,,,,
618700,1529.5,0.000001,,,,,,,,
618800,1529.8,0.000001,,,,,,,,
618900,1530.0,0.000003,,,,,,,,
619000,1530.2,0.000001,,,,,,,,
619100,1530.5,0.000001,,,,,,,,
619200,1530.7,0.000001,,,,,,,,
619300,1530.9,0.000001,,,,,,,,
619400,1531.2,0.000001,,,,,,,,
619500,1531.4,0.000001,,,,,,,,
619600,1531.6,0.000001,,,,,,,,
619700,1531.9,0.000001,,,,,,,,
619800,1532.1,0.000000,,,,,,,,
619900,1532.3,0.000001,,,,,,,,
620000,1533.6,0.000001,0.000740,1.036835e-01,4.647880e-03,3.346098e-03,0.000013,8.585080e-02,4.475288e-03,3.310608e-03
620100,1533.8,0.000001,,,,,,,,
620200,1534.0,0.000001,,,,,,,,
620300,1534.2,0.000001,,,,,,,,
620400,1534.4,0.000001,,,,,,,,
620500,1534.6,0.000001,,,,,,,,
620600,1534.8,0.000001,,,,,,,,
620700,1535.0,0.000001,,,,,,,,
620800,1535.2,0.000001,,,,,,,,
620900,1535.4,0.000001,,,,,,,,
621000,1535.6,0.000001,,,,,,,,
621100,1535.9,0.000001,,,,,,,,
621200,1536.1,0.000001,,,,,,,,
621300,1536.3,0.000001,,,,,,,,
621400,1536.6,0.000001,,,,,,,,
621500,1536.8,0.000000,,,,,,,,
621600,1537.1,0.000001,,,,,,,,
621700,1537.3,0.000001,,,,,,,,
621800,1537.5,0.000001,,,,,,,,
621900,1537.8,0.000001,,,,,,,,
622000,1538.0,0.000001,,,,,,,,
622100,1538.3,0.000001,,,,,,,,
622200,1538.5,0.000001,,,,,,,,
622300,1538.7,0.000001,,,,,,,,
622400,1539.0,0.000001,,,,,,,,
622500,1539.2,0.000001,,,,,,,,
622600,1539.4,0.000001,,,,,,,,
622700,1539.7,0.000001,,,,,,,,
622800,1539.9,0.000001,,,,,,,,
622900,1540.1,0.000001,,,,,,,,
623000,1540.3,0.000001,,,,,,,,
623100,1540.6,0.000001,,,,,,,,
623200,1540.8,0.000001,,,,,,,,
623300,1541.0,0.000002,,,,,,,,
623400,1541.3,0.000001,,,,,,,,
623500,1541.5,0.000001,,,,,,,,
623600,1541.7,0.000001,,,,,,,,
623700,1542.0,0.000001,,,,,,,,
623800,1542.2,0.000001,,,,,,,,
623900,1542.5,0.000001,,,,,,,,
624000,1542.7,0.000000,,,,,,,,
624100,1542.9,0.000001,,,,,,,,
624200,1543.2,0.000000,,,,,,,,
624300,1543.4,0.000001,,,,,,,,
624400,1543.6,0.000001,,,,,,,,
624500,1543.9,0.000000,,,,,,,,
624600,1544.1,0.000001,,,,,,,,
624700,1544.4,0.000001,,,,,,,,
624800,1544.6,0.000001,,,,,,,,
624900,1544.8,0.000001,,,,,,,,
625000,1546.1,0.000002,0.000598,6.582732e-02,3.757561e-03,2.855025e-03,0.000000,4.238139e-02,3.657074e-03,2.819330e-03
625100,1546.3,0.000001,,,,,,,,
625200,1546.5,0.000001,,,,,,,,
625300,1546.7,0.000001,,,,,,,,
625400,1546.9,0.000001,,,,,,,,
625500,1547.1,0.000001,,,,,,,,
625600,1547.3,0.000001,,,,,,,,
625700,1547.5,0.000001,,,,,,,,
625800,1547.7,0.000001,,,,,,,,
625900,1547.9,0.000001,,,,,,,,
626000,1548.1,0.000000,,,,,,,,
626100,1548.3,0.000001,,,,,,,,
626200,1548.6,0.000001,,,,,,,,
626300,1548.8,0.000001,,,,,,,,
626400,1549.0,0.000002,,,,,,,,
626500,1549.3,0.000001,,,,,,,,
626600,1549.5,0.000001,,,,,,,,
626700,1549.7,0.000001,,,,,,,,
626800,1550.0,0.000001,,,,,,,,
626900,1550.2,0.000001,,,,,,,,
627000,1550.4,0.000001,,,,,,,,
627100,1550.7,0.000003,,,,,,,,
627200,1550.9,0.000001,,,,,,,,
627300,1551.1,0.000001,,,,,,,,
627400,1551.4,0.000001,,,,,,,,
627500,1551.6,0.000001,,,,,,,,
627600,1551.8,0.000001,,,,,,,,
627700,1552.0,0.000001,,,,,,,,
627800,1552.3,0.000001,,,,,,,,
627900,1552.5,0.000001,,,,,,,,
628000,1552.7,0.000001,,,,,,,,
628100,1552.9,0.000001,,,,,,,,
628200,1553.2,0.000001,,,,,,,,
628300,1553.4,0.000001,,,,,,,,
628400,1553.6,0.000001,,,,,,,,
628500,1553.8,0.000001,,,,,,,,
628600,1554.1,0.000001,,,,,,,,
628700,1554.3,0.000001,,,,,,,,
628800,1554.5,0.000001,,,,,,,,
628900,1554.7,0.000001,,,,,,,,
629000,1555.0,0.000001,,,,,,,,
629100,1555.2,0.000001,,,,,,,,
629200,1555.4,0.000001,,,,,,,,
629300,1555.7,0.000001,,,,,,,,
629400,1555.9,0.000001,,,,,,,,
629500,1556.1,0.000001,,,,,,,,
629600,1556.3,0.000001,,,,,,,,
629700,1556.5,0.000001,,,,,,,,
629800,1556.8,0.000001,,,,,,,,
629900,1557.0,0.000001,,,,,,,,
630000,1558.3,0.000001,0.000590,1.132082e-01,3.705129e-03,2.868255e-03,0.000000,6.891275e-02,3.623855e-03,2.871921e-03
630100,1558.5,0.000001,,,,,,,,
630200,1558.7,0.000001,,,,,,,,
630300,1558.9,0.000001,,,,,,,,
630400,1559.1,0.000001,,,,,,,,
630500,1559.3,0.000001,,,,,,,,
630600,1559.5,0.000001,,,,,,,,
630700,1559.7,0.000001,,,,,,,,
630800,1559.9,0.000001,,,,,,,,
630900,1560.2,0.000001,,,,,,,,
631000,1560.4,0.000002,,,,,,,,
631100,1560.6,0.000000,,,,,,,,
631200,1560.9,0.000001,,,,,,,,
631300,1561.1,0.000001,,,,,,,,
631400,1561.3,0.000000,,,,,,,,
631500,1561.6,0.000001,,,,,,,,
631600,1561.8,0.000002,,,,,,,,
631700,1562.0,0.000001,,,,,,,,
631800,1562.2,0.000001,,,,,,,,
631900,1562.5,0.000001,,,,,,,,
632000,1562.7,0.000001,,,,,,,,
632100,1562.9,0.000001,,,,,,,,
632200,1563.2,0.000001,,,,,,,,
632300,1563.4,0.000001,,,,,,,,
632400,1563.6,0.000001,,,,,,,,
632500,1563.9,0.000001,,,,,,,,
632600,1564.1,0.000001,,,,,,,,
632700,1564.3,0.000001,,,,,,,,
632800,1564.5,0.000000,,,,,,,,
632900,1564.8,0.000001,,,,,,,,
633000,1565.0,0.000001,,,,,,,,
633100,1565.2,0.000001,,,,,,,,
633200,1565.5,0.000000,,,,,,,,
633300,1565.7,0.000001,,,,,,,,
633400,1565.9,0.000000,,,,,,,,
633500,1566.1,0.000001,,,,,,,,
633600,1566.3,0.000001,,,,,,,,
633700,1566.5,0.000001,,,,,,,,
633800,1566.8,0.000001,,,,,,,,
633900,1567.0,0.000001,,,,,,,,
634000,1567.2,0.000001,,,,,,,,
634100,1567.4,0.000001,,,,,,,,
634200,1567.6,0.000001,,,,,,,,
634300,1567.8,0.000001,,,,,,,,
634400,1568.1,0.000000,,,,,,,,
634500,1568.3,0.000001,,,,,,,,
634600,1568.5,0.000001,,,,,,,,
634700,1568.7,0.000001,,,,,,,,
634800,1569.0,0.000001,,,,,,,,
634900,1569.2,0.000001,,,,,,,,
635000,1570.5,0.000001,0.000547,1.092658e-01,3.436710e-03,2.517461e-03,0.000000,6.116439e-02,3.307485e-03,2.472436e-03
635100,1570.7,0.000001,,,,,,,,
635200,1570.9,0.000001,,,,,,,,
635300,1571.1,0.000001,,,,,,,,
635400,1571.3,0.000001,,,,,,,,
635500,1571.5,0.000000,,,,,,,,
635600,1571.7,0.000001,,,,,,,,
635700,1571.9,0.000001,,,,,,,,
635800,1572.1,0.000001,,,,,,,,
635900,1572.3,0.000001,,,,,,,,
636000,1572.6,0.000001,,,,,,,,
636100,1572.8,0.000001,,,,,,,,
636200,1573.0,0.000002,,,,,,,,
636300,1573.2,0.000001,,,,,,,,
636400,1573.4,0.000001,,,,,,,,
636500,1573.7,0.000001,,,,,,,,
636600,1573.9,0.000001,,,,,,,,
636700,1574.2,0.000001,,,,,,,,
636800,1574.4,0.000001,,,,,,,,
636900,1574.6,0.000002,,,,,,,,
637000,1574.9,0.000001,,,,,,,,
637100,1575.1,0.000001,,,,,,,,
637200,1575.3,0.000001,,,,,,,,
637300,1575.5,0.000001,,,,,,,,
637400,1575.7,0.000001,,,,,,,,
637500,1576.0,0.000001,,,,,,,,
637600,1576.2,0.000001,,,,,,,,
637700,1576.4,0.000001,,,,,,,,
637800,1576.7,0.000001,,,,,,,,
637900,1576.9,0.000001,,,,,,,,
638000,1577.1,0.000001,,,,,,,,
638100,1577.4,0.000001,,,,,,,,
638200,1577.6,0.000001,,,,,,,,
638300,1577.8,0.000001,,,,,,,,
638400,1578.1,0.000001,,,,,,,,
638500,1578.3,0.000001,,,,,,,,
638600,1578.5,0.000002,,,,,,,,
638700,1578.7,0.000001,,,,,,,,
638800,1579.0,0.000001,,,,,,,,
638900,1579.2,0.000001,,,,,,,,
639000,1579.4,0.000001,,,,,,,,
639100,1579.6,0.000001,,,,,,,,
639200,1579.9,0.000001,,,,,,,,
639300,1580.1,0.000001,,,,,,,,
639400,1580.3,0.000000,,,,,,,,
639500,1580.6,0.000001,,,,,,,,
639600,1580.8,0.000001,,,,,,,,
639700,1581.0,0.000001,,,,,,,,
639800,1581.2,0.000001,,,,,,,,
639900,1581.4,0.000001,,,,,,,,
640000,1582.7,0.000000,0.000509,7.496352e-02,3.200853e-03,2.401908e-03,0.000000,5.380424e-02,3.084863e-03,2.356075e-03
640100,1582.9,0.000001,,,,,,,,
640200,1583.1,0.000000,,,,,,,,
640300,1583.3,0.000001,,,,,,,,
640400,1583.5,0.000001,,,,,,,,
640500,1583.7,0.000001,,,,,,,,
640600,1583.9,0.000001,,,,,,,,
640700,1584.2,0.000001,,,,,,,,
640800,1584.4,0.000001,,,,,,,,
640900,1584.6,0.000001,,,,,,,,
641000,1584.8,0.000001,,,,,,,,
641100,1585.1,0.000001,,,,,,,,
641200,1585.3,0.000001,,,,,,,,
641300,1585.5,0.000001,,,,,,,,
641400,1585.8,0.000001,,,,,,,,
641500,1586.0,0.000000,,,,,,,,
641600,1586.2,0.000001,,,,,,,,
641700,1586.5,0.000001,,,,,,,,
641800,1586.7,0.000001,,,,,,,,
641900,1586.9,0.000002,,,,,,,,
642000,1587.2,0.000001,,,,,,,,
642100,1587.4,0.000001,,,,,,,,
642200,1587.6,0.000001,,,,,,,,
642300,1587.8,0.000000,,,,,,,,
642400,1588.1,0.000001,,,,,,,,
642500,1588.3,0.000001,,,,,,,,
642600,1588.5,0.000001,,,,,,,,
642700,1588.8,0.000001,,,,,,,,
642800,1589.0,0.000002,,,,,,,,
642900,1589.2,0.000001,,,,,,,,
643000,1589.5,0.000001,,,,,,,,
643100,1589.7,0.000001,,,,,,,,
643200,1589.9,0.000001,,,,,,,,
643300,1590.2,0.000001,,,,,,,,
643400,1590.4,0.000001,,,,,,,,
643500,1590.6,0.000001,,,,,,,,
643600,1590.9,0.000001,,,,,,,,
643700,1591.1,0.000001,,,,,,,,
643800,1591.3,0.000001,,,,,,,,
643900,1591.5,0.000001,,,,,,,,
644000,1591.7,0.000001,,,,,,,,
644100,1592.0,0.000001,,,,,,,,
644200,1592.2,0.000001,,,,,,,,
644300,1592.4,0.000001,,,,,,,,
644400,1592.7,0.000001,,,,,,,,
644500,1592.9,0.000000,,,,,,,,
644600,1593.1,0.000001,,,,,,,,
644700,1593.3,0.000001,,,,,,,,
644800,1593.6,0.000001,,,,,,,,
644900,1593.8,0.000001,,,,,,,,
645000,1595.0,0.000001,0.000606,7.724947e-02,3.810138e-03,2.958166e-03,0.000000,4.140340e-02,3.701740e-03,2.936408e-03
645100,1595.2,0.000001,,,,,,,,
645200,1595.4,0.000001,,,,,,,,
645300,1595.6,0.000001,,,,,,,,
645400,1595.8,0.000001,,,,,,,,
645500,1596.0,0.000001,,,,,,,,
645600,1596.2,0.000001,,,,,,,,
645700,1596.5,0.000001,,,,,,,,
645800,1596.7,0.000001,,,,,,,,
645900,1596.9,0.000001,,,,,,,,
646000,1597.1,0.000001,,,,,,,,
646100,1597.3,0.000000,,,,,,,,
646200,1597.6,0.000001,,,,,,,,
646300,1597.8,0.000001,,,,,,,,
646400,1598.0,0.000001,,,,,,,,
646500,1598.2,0.000001,,,,,,,,
646600,1598.5,0.000001,,,,,,,,
646700,1598.7,0.000001,,,,,,,,
646800,1598.9,0.000001,,,,,,,,
646900,1599.1,0.000001,,,,,,,,
647000,1599.4,0.000001,,,,,,,,
647100,1599.6,0.000000,,,,,,,,
647200,1599.8,0.000001,,,,,,,,
647300,1600.0,0.000001,,,,,,,,
647400,1600.2,0.000001,,,,,,,,
647500,1600.5,0.000001,,,,,,,,
647600,1600.7,0.000000,,,,,,,,
647700,1600.9,0.000001,,,,,,,,
647800,1601.1,0.000001,,,,,,,,
647900,1601.4,0.000001,,,,,,,,
648000,1601.6,0.000001,,,,,,,,
648100,1601.9,0.000001,,,,,,,,
648200,1602.1,0.000001,,,,,,,,
648300,1602.3,0.000000,,,,,,,,
648400,1602.5,0.000001,,,,,,,,
648500,1602.8,0.000001,,,,,,,,
648600,1603.0,0.000001,,,,,,,,
648700,1603.2,0.000002,,,,,,,,
648800,1603.5,0.000001,,,,,,,,
648900,1603.7,0.000001,,,,,,,,
649000,1603.9,0.000001,,,,,,,,
649100,1604.1,0.000001,,,,,,,,
649200,1604.3,0.000001,,,,,,,,
649300,1604.5,0.000001,,,,,,,,
649400,1604.8,0.000001,,,,,,,,
649500,1605.0,0.000001,,,,,,,,
649600,1605.2,0.000001,,,,,,,,
649700,1605.4,0.000002,,,,,,,,
649800,1605.7,0.000001,,,,,,,,
649900,1605.9,0.000001,,,,,,,,
650000,1607.2,0.000001,0.000729,6.291987e-02,4.579169e-03,3.734227e-03,0.000000,4.375227e-02,4.441903e-03,3.680950e-03
650100,1607.4,0.000001,,,,,,,,
650200,1607.6,0.000001,,,,,,,,
650300,1607.8,0.000002,,,,,,,,
650400,1608.0,0.000001,,,,,,,,
650500,1608.2,0.000001,,,,,,,,
650600,1608.4,0.000001,,,,,,,,
650700,1608.6,0.000001,,,,,,,,
650800,1608.8,0.000000,,,,,,,,
650900,1609.1,0.000001,,,,,,,,
651000,1609.3,0.000000,,,,,,,,
651100,1609.5,0.000001,,,,,,,,
651200,1609.7,0.000002,,,,,,,,
651300,1610.0,0.000001,,,,,,,,
651400,1610.2,0.000001,,,,,,,,
651500,1610.5,0.000001,,,,,,,,
651600,1610.7,0.000001,,,,,,,,
651700,1610.9,0.000001,,,,,,,,
651800,1611.2,0.000001,,,,,,,,
651900,1611.4,0.000001,,,,,,,,
652000,1611.6,0.000001,,,,,,,,
652100,1611.8,0.000001,,,,,,,,
652200,1612.1,0.000001,,,,,,,,
652300,1612.3,0.000001,,,,,,,,
652400,1612.5,0.000002,,,,,,,,
652500,1612.8,0.000000,,,,,,,,
652600,1613.0,0.000001,,,,,,,,
652700,1613.2,0.000001,,,,,,,,
652800,1613.4,0.000001,,,,,,,,
652900,1613.7,0.000002,,,,,,,,
653000,1613.9,0.000001,,,,,,,,
653100,1614.1,0.000001,,,,,,,,
653200,1614.4,0.000001,,,,,,,,
653300,1614.6,0.000000,,,,,,,,
653400,1614.8,0.000000,,,,,,,,
653500,1615.0,0.000000,,,,,,,,
653600,1615.3,0.000001,,,,,,,,
653700,1615.5,0.000001,,,,,,,,
653800,1615.7,0.000001,,,,,,,,
653900,1616.0,0.000000,,,,,,,,
654000,1616.2,0.000000,,,,,,,,
654100,1616.4,0.000001,,,,,,,,
654200,1616.7,0.000001,,,,,,,,
654300,1616.9,0.000001,,,,,,,,
654400,1617.1,0.000001,,,,,,,,
654500,1617.3,0.000001,,,,,,,,
654600,1617.6,0.000001,,,,,,,,
654700,1617.8,0.000001,,,,,,,,
654800,1618.0,0.000001,,,,,,,,
654900,1618.3,0.000000,,,,,,,,
655000,1619.5,0.000001,0.000593,7.982041e-02,3.723177e-03,2.823377e-03,0.000000,4.026948e-02,3.621619e-03,2.808167e-03
655100,1619.7,0.000001,,,,,,,,
655200,1619.9,0.000001,,,,,,,,
655300,1620.1,0.000001,,,,,,,,
655400,1620.3,0.000001,,,,,,,,
655500,1620.5,0.000001,,,,,,,,
655600,1620.8,0.000001,,,,,,,,
655700,1621.0,0.000001,,,,,,,,
655800,1621.2,0.000002,,,,,,,,
655900,1621.4,0.000001,,,,,,,,
656000,1621.6,0.000001,,,,,,,,
656100,1621.8,0.000001,,,,,,,,
656200,1622.1,0.000000,,,,,,,,
656300,1622.3,0.000001,,,,,,,,
656400,1622.5,0.000000,,,,,,,,
656500,1622.7,0.000001,,,,,,,,
656600,1622.9,0.000001,,,,,,,,
656700,1623.1,0.000001,,,,,,,,
656800,1623.4,0.000001,,,,,,,,
656900,1623.6,0.000001,,,,,,,,
657000,1623.8,0.000001,,,,,,,,
657100,1624.0,0.000001,,,,,,,,
657200,1624.2,0.000001,,,,,,,,
657300,1624.5,0.000001,,,,,,,,
657400,1624.7,0.000000,,,,,,,,
657500,1624.9,0.000001,,,,,,,,
657600,1625.2,0.000000,,,,,,,,
657700,1625.4,0.000000,,,,,,,,
657800,1625.6,0.000001,,,,,,,,
657900,1625.9,0.000000,,,,,,,,
658000,1626.1,0.000001,,,,,,,,
658100,1626.3,0.000001,,,,,,,,
658200,1626.5,0.000001,,,,,,,,
658300,1626.8,0.000001,,,,,,,,
658400,1627.0,0.000001,,,,,,,,
658500,1627.2,0.000001,,,,,,,,
658600,1627.5,0.000001,,,,,,,,
658700,1627.7,0.000003,,,,,,,,
658800,1627.9,0.000001,,,,,,,,
658900,1628.2,0.000001,,,,,,,,
659000,1628.4,0.000001,,,,,,,,
659100,1628.6,0.000001,,,,,,,,
659200,1628.9,0.000001,,,,,,,,
659300,1629.1,0.000001,,,,,,,,
659400,1629.3,0.000001,,,,,,,,
659500,1629.5,0.000001,,,,,,,,
659600,1629.8,0.000001,,,,,,,,
659700,1630.0,0.000000,,,,,,,,
659800,1630.2,0.000001,,,,,,,,
659900,1630.4,0.000001,,,,,,,,
660000,1631.7,0.000001,0.000525,6.557108e-02,3.300105e-03,2.404130e-03,0.000000,4.848154e-02,3.125395e-03,2.327061e-03
660100,1631.9,0.000001,,,,,,,,
660200,1632.1,0.000001,,,,,,,,
660300,1632.3,0.000001,,,,,,,,
660400,1632.5,0.000000,,,,,,,,
660500,1632.7,0.000001,,,,,,,,
660600,1632.9,0.000000,,,,,,,,
660700,1633.1,0.000001,,,,,,,,
660800,1633.4,0.000001,,,,,,,,
660900,1633.6,0.000002,,,,,,,,
661000,1633.8,0.000001,,,,,,,,
661100,1634.0,0.000001,,,,,,,,
661200,1634.3,0.000001,,,,,,,,
661300,1634.5,0.000001,,,,,,,,
661400,1634.7,0.000001,,,,,,,,
661500,1634.9,0.000001,,,,,,,,
661600,1635.2,0.000001,,,,,,,,
661700,1635.4,0.000001,,,,,,,,
661800,1635.6,0.000001,,,,,,,,
661900,1635.9,0.000001,,,,,,,,
662000,1636.1,0.000001,,,,,,,,
662100,1636.3,0.000001,,,,,,,,
662200,1636.5,0.000001,,,,,,,,
662300,1636.8,0.000001,,,,,,,,
662400,1637.0,0.000001,,,,,,,,
662500,1637.2,0.000001,,,,,,,,
662600,1637.4,0.000001,,,,,,,,
662700,1637.6,0.000001,,,,,,,,
662800,1637.9,0.000001,,,,,,,,
662900,1638.1,0.000001,,,,,,,,
663000,1638.3,0.000001,,,,,,,,
663100,1638.5,0.000001,,,,,,,,
663200,1638.7,0.000000,,,,,,,,
663300,1639.0,0.000000,,,,,,,,
663400,1639.2,0.000001,,,,,,,,
663500,1639.4,0.000001,,,,,,,,
663600,1639.7,0.000001,,,,,,,,
663700,1639.9,0.000001,,,,,,,,
663800,1640.1,0.000001,,,,,,,,
663900,1640.4,0.000001,,,,,,,,
664000,1640.6,0.000001,,,,,,,,
664100,1640.8,0.000001,,,,,,,,
664200,1641.0,0.000000,,,,,,,,
664300,1641.3,0.000000,,,,,,,,
664400,1641.5,0.000001,,,,,,,,
664500,1641.7,0.000002,,,,,,,,
664600,1641.9,0.000001,,,,,,,,
664700,1642.2,0.000001,,,,,,,,
664800,1642.4,0.000001,,,,,,,,
664900,1642.6,0.000001,,,,,,,,
665000,1643.8,0.000000,0.000534,8.811594e-02,3.357173e-03,2.469194e-03,0.000000,4.380210e-02,3.253393e-03,2.440055e-03
665100,1644.0,0.000001,,,,,,,,
665200,1644.2,0.000001,,,,,,,,
665300,1644.4,0.000001,,,,,,,,
665400,1644.6,0.000001,,,,,,,,
665500,1644.8,0.000001,,,,,,,,
665600,1645.1,0.000001,,,,,,,,
665700,1645.3,0.000000,,,,,,,,
665800,1645.5,0.000001,,,,,,,,
665900,1645.7,0.000000,,,,,,,,
666000,1646.0,0.000001,,,,,,,,
666100,1646.2,0.000001,,,,,,,,
666200,1646.4,0.000001,,,,,,,,
666300,1646.7,0.000001,,,,,,,,
666400,1646.9,0.000001,,,,,,,,
666500,1647.1,0.000002,,,,,,,,
666600,1647.3,0.000001,,,,,,,,
666700,1647.6,0.000001,,,,,,,,
666800,1647.8,0.000001,,,,,,,,
666900,1648.1,0.000001,,,,,,,,
667000,1648.3,0.000001,,,,,,,,
667100,1648.5,0.000001,,,,,,,,
667200,1648.7,0.000001,,,,,,,,
667300,1649.0,0.000001,,,,,,,,
667400,1649.2,0.000001,,,,,,,,
667500,1649.4,0.000001,,,,,,,,
667600,1649.6,0.000001,,,,,,,,
667700,1649.9,0.000001,,,,,,,,
667800,1650.1,0.000001,,,,,,,,
667900,1650.3,0.000001,,,,,,,,
668000,1650.5,0.000001,,,,,,,,
668100,1650.8,0.000001,,,,,,,,
668200,1651.0,0.000001,,,,,,,,
668300,1651.2,0.000001,,,,,,,,
668400,1651.4,0.000001,,,,,,,,
668500,1651.6,0.000001,,,,,,,,
668600,1651.8,0.000001,,,,,,,,
668700,1652.1,0.000000,,,,,,,,
668800,1652.3,0.000001,,,,,,,,
668900,1652.5,0.000001,,,,,,,,
669000,1652.7,0.000001,,,,,,,,
669100,1653.0,0.000001,,,,,,,,
669200,1653.2,0.000001,,,,,,,,
669300,1653.4,0.000001,,,,,,,,
669400,1653.6,0.000001,,,,,,,,
669500,1653.9,0.000001,,,,,,,,
669600,1654.1,0.000001,,,,,,,,
669700,1654.3,0.000001,,,,,,,,
669800,1654.6,0.000003,,,,,,,,
669900,1654.8,0.000001,,,,,,,,
670000,1656.0,0.000001,0.000576,7.015032e-02,3.621664e-03,2.877459e-03,0.000000,4.114042e-02,3.542485e-03,2.883858e-03
670100,1656.2,0.000000,,,,,,,,
670200,1656.4,0.000001,,,,,,,,
670300,1656.6,0.000001,,,,,,,,
670400,1656.8,0.000001,,,,,,,,
670500,1657.0,0.000001,,,,,,,,
670600,1657.3,0.000001,,,,,,,,
670700,1657.5,0.000001,,,,,,,,
670800,1657.7,0.000001,,,,,,,,
670900,1658.0,0.000001,,,,,,,,
671000,1658.2,0.000002,,,,,,,,
671100,1658.4,0.000001,,,,,,,,
671200,1658.7,0.000000,,,,,,,,
671300,1658.9,0.000001,,,,,,,,
671400,1659.1,0.000001,,,,,,,,
671500,1659.4,0.000001,,,,,,,,
671600,1659.6,0.000000,,,,,,,,
671700,1659.8,0.000001,,,,,,,,
671800,1660.1,0.000001,,,,,,,,
671900,1660.3,0.000001,,,,,,,,
672000,1660.5,0.000001,,,,,,,,
672100,1660.8,0.000000,,,,,,,,
672200,1661.0,0.000000,,,,,,,,
672300,1661.2,0.000001,,,,,,,,
672400,1661.4,0.000001,,,,,,,,
672500,1661.7,0.000001,,,,,,,,
672600,1661.9,0.000001,,,,,,,,
672700,1662.1,0.000001,,,,,,,,
672800,1662.3,0.000001,,,,,,,,
672900,1662.6,0.000001,,,,,,,,
673000,1662.8,0.000001,,,,,,,,
673100,1663.0,0.000000,,,,,,,,
673200,1663.3,0.000001,,,,,,,,
673300,1663.5,0.000001,,,,,,,,
673400,1663.8,0.000001,,,,,,,,
673500,1664.0,0.000001,,,,,,,,
673600,1664.2,0.000001,,,,,,,,
673700,1664.4,0.000001,,,,,,,,
673800,1664.6,0.000001,,,,,,,,
673900,1664.9,0.000001,,,,,,,,
674000,1665.1,0.000001,,,,,,,,
674100,1665.3,0.000000,,,,,,,,
674200,1665.5,0.000001,,,,,,,,
674300,1665.8,0.000001,,,,,,,,
674400,1666.0,0.000001,,,,,,,,
674500,1666.2,0.000001,,,,,,,,
674600,1666.5,0.000001,,,,,,,,
674700,1666.7,0.000001,,,,,,,,
674800,1666.9,0.000001,,,,,,,,
674900,1667.1,0.000001,,,,,,,,
675000,1668.4,0.000001,0.000543,8.486648e-02,3.410394e-03,2.489100e-03,0.000000,4.940511e-02,3.275198e-03,2.430811e-03
675100,1668.6,0.000001,,,,,,,,
675200,1668.8,0.000001,,,,,,,,
675300,1669.0,0.000001,,,,,,,,
675400,1669.2,0.000001,,,,,,,,
675500,1669.4,0.000001,,,,,,,,
675600,1669.6,0.000001,,,,,,,,
675700,1669.8,0.000001,,,,,,,,
675800,1670.1,0.000001,,,,,,,,
675900,1670.3,0.000001,,,,,,,,
676000,1670.5,0.000001,,,,,,,,
676100,1670.8,0.000001,,,,,,,,
676200,1671.0,0.000001,,,,,,,,
676300,1671.2,0.000001,,,,,,,,
676400,1671.4,0.000001,,,,,,,,
676500,1671.7,0.000001,,,,,,,,
676600,1671.9,0.000001,,,,,,,,
676700,1672.1,0.000001,,,,,,,,
676800,1672.4,0.000001,,,,,,,,
676900,1672.6,0.000001,,,,,,,,
677000,1672.8,0.000002,,,,,,,,
677100,1673.1,0.000001,,,,,,,,
677200,1673.3,0.000000,,,,,,,,
677300,1673.5,0.000001,,,,,,,,
677400,1673.7,0.000000,,,,,,,,
677500,1674.0,0.000001,,,,,,,,
677600,1674.2,0.000001,,,,,,,,
677700,1674.4,0.000001,,,,,,,,
677800,1674.7,0.000001,,,,,,,,
677900,1674.9,0.000001,,,,,,,,
678000,1675.1,0.000000,,,,,,,,
678100,1675.4,0.000001,,,,,,,,
678200,1675.6,0.000001,,,,,,,,
678300,1675.8,0.000001,,,,,,,,
678400,1676.0,0.000001,,,,,,,,
678500,1676.3,0.000000,,,,,,,,
678600,1676.5,0.000000,,,,,,,,
678700,1676.7,0.000001,,,,,,,,
678800,1676.9,0.000001,,,,,,,,
678900,1677.2,0.000001,,,,,,,,
679000,1677.4,0.000000,,,,,,,,
679100,1677.6,0.000000,,,,,,,,
679200,1677.9,0.000001,,,,,,,,
679300,1678.1,0.000001,,,,,,,,
679400,1678.3,0.000001,,,,,,,,
679500,1678.6,0.000001,,,,,,,,
679600,1678.8,0.000002,,,,,,,,
679700,1679.0,0.000000,,,,,,,,
679800,1679.2,0.000001,,,,,,,,
679900,1679.5,0.000001,,,,,,,,
680000,1680.7,0.000000,0.000510,7.143040e-02,3.206061e-03,2.439391e-03,0.000000,4.200483e-02,3.100472e-03,2.402251e-03
680100,1680.9,0.000000,,,,,,,,
680200,1681.1,0.000001,,,,,,,,
680300,1681.3,0.000001,,,,,,,,
680400,1681.5,0.000001,,,,,,,,
680500,1681.7,0.000000,,,,,,,,
680600,1681.9,0.000001,,,,,,,,
680700,1682.1,0.000001,,,,,,,,
680800,1682.3,0.000001,,,,,,,,
680900,1682.6,0.000001,,,,,,,,
681000,1682.8,0.000000,,,,,,,,
681100,1683.1,0.000000,,,,,,,,
681200,1683.3,0.000001,,,,,,,,
681300,1683.5,0.000000,,,,,,,,
681400,1683.8,0.000001,,,,,,,,
681500,1684.0,0.000001,,,,,,,,
681600,1684.2,0.000001,,,,,,,,
681700,1684.5,0.000001,,,,,,,,
681800,1684.7,0.000000,,,,,,,,
681900,1684.9,0.000001,,,,,,,,
682000,1685.2,0.000001,,,,,,,,
682100,1685.4,0.000000,,,,,,,,
682200,1685.6,0.000001,,,,,,,,
682300,1685.9,0.000000,,,,,,,,
682400,1686.1,0.000000,,,,,,,,
682500,1686.3,0.000000,,,,,,,,
682600,1686.6,0.000001,,,,,,,,
682700,1686.8,0.000001,,,,,,,,
682800,1687.0,0.000001,,,,,,,,
682900,1687.2,0.000001,,,,,,,,
683000,1687.5,0.000001,,,,,,,,
683100,1687.7,0.000000,,,,,,,,
683200,1688.0,0.000001,,,,,,,,
683300,1688.2,0.000001,,,,,,,,
683400,1688.4,0.000001,,,,,,,,
683500,1688.7,0.000001,,,,,,,,
683600,1688.9,0.000001,,,,,,,,
683700,1689.1,0.000001,,,,,,,,
683800,1689.4,0.000001,,,,,,,,
683900,1689.6,0.000001,,,,,,,,
684000,1689.8,0.000001,,,,,,,,
684100,1690.0,0.000001,,,,,,,,
684200,1690.3,0.000001,,,,,,,,
684300,1690.5,0.000001,,,,,,,,
684400,1690.7,0.000001,,,,,,,,
684500,1691.0,0.000001,,,,,,,,
684600,1691.2,0.000001,,,,,,,,
684700,1691.4,0.000000,,,,,,,,
684800,1691.7,0.000001,,,,,,,,
684900,1691.9,0.000001,,,,,,,,
685000,1693.2,0.000000,0.000703,8.462697e-02,4.415371e-03,3.552499e-03,0.000000,7.240804e-02,4.401244e-03,3.613489e-03
685100,1693.4,0.000000,,,,,,,,
685200,1693.5,0.000001,,,,,,,,
685300,1693.7,0.000001,,,,,,,,
685400,1693.9,0.000001,,,,,,,,
685500,1694.2,0.000000,,,,,,,,
685600,1694.4,0.000001,,,,,,,,
685700,1694.6,0.000001,,,,,,,,
685800,1694.8,0.000001,,,,,,,,
685900,1695.0,0.000002,,,,,,,,
686000,1695.2,0.000001,,,,,,,,
686100,1695.5,0.000001,,,,,,,,
686200,1695.7,0.000001,,,,,,,,
686300,1695.9,0.000001,,,,,,,,
686400,1696.1,0.000001,,,,,,,,
686500,1696.4,0.000001,,,,,,,,
686600,1696.6,0.000001,,,,,,,,
686700,1696.8,0.000001,,,,,,,,
686800,1697.0,0.000000,,,,,,,,
686900,1697.3,0.000001,,,,,,,,
687000,1697.5,0.000000,,,,,,,,
687100,1697.7,0.000000,,,,,,,,
687200,1697.9,0.000001,,,,,,,,
687300,1698.2,0.000001,,,,,,,,
687400,1698.4,0.000000,,,,,,,,
687500,1698.6,0.000000,,,,,,,,
687600,1698.9,0.000000,,,,,,,,
687700,1699.1,0.000001,,,,,,,,
687800,1699.3,0.000001,,,,,,,,
687900,1699.5,0.000001,,,,,,,,
688000,1699.7,0.000001,,,,,,,,
688100,1699.9,0.000000,,,,,,,,
688200,1700.2,0.000001,,,,,,,,
688300,1700.4,0.000001,,,,,,,,
688400,1700.6,0.000001,,,,,,,,
688500,1700.9,0.000000,,,,,,,,
688600,1701.1,0.000001,,,,,,,,
688700,1701.3,0.000001,,,,,,,,
688800,1701.5,0.000000,,,,,,,,
688900,1701.8,0.000001,,,,,,,,
689000,1702.0,0.000000,,,,,,,,
689100,1702.2,0.000001,,,,,,,,
689200,1702.4,0.000000,,,,,,,,
689300,1702.7,0.000001,,,,,,,,
689400,1702.9,0.000001,,,,,,,,
689500,1703.1,0.000000,,,,,,,,
689600,1703.4,0.000001,,,,,,,,
689700,1703.6,0.000001,,,,,,,,
689800,1703.8,0.000001,,,,,,,,
689900,1704.1,0.000001,,,,,,,,
690000,1705.3,0.000000,0.000535,6.075998e-02,3.359621e-03,2.556890e-03,0.000000,3.994761e-02,3.251365e-03,2.524874e-03
690100,1705.5,0.000000,,,,,,,,
690200,1705.7,0.000001,,,,,,,,
690300,1705.9,0.000000,,,,,,,,
690400,1706.1,0.000001,,,,,,,,
690500,1706.3,0.000001,,,,,,,,
690600,1706.6,0.000001,,,,,,,,
690700,1706.8,0.000000,,,,,,,,
690800,1707.0,0.000001,,,,,,,,
690900,1707.2,0.000000,,,,,,,,
691000,1707.5,0.000001,,,,,,,,
691100,1707.7,0.000001,,,,,,,,
691200,1708.0,0.000000,,,,,,,,
691300,1708.2,0.000001,,,,,,,,
691400,1708.4,0.000001,,,,,,,,
691500,1708.7,0.000000,,,,,,,,
691600,1708.9,0.000001,,,,,,,,
691700,1709.1,0.000001,,,,,,,,
691800,1709.3,0.000001,,,,,,,,
691900,1709.6,0.000000,,,,,,,,
692000,1709.8,0.000001,,,,,,,,
692100,1710.1,0.000001,,,,,,,,
692200,1710.3,0.000000,,,,,,,,
692300,1710.5,0.000000,,,,,,,,
692400,1710.7,0.000001,,,,,,,,
692500,1711.0,0.000001,,,,,,,,
692600,1711.2,0.000001,,,,,,,,
692700,1711.4,0.000001,,,,,,,,
692800,1711.7,0.000000,,,,,,,,
692900,1711.9,0.000001,,,,,,,,
693000,1712.1,0.000002,,,,,,,,
693100,1712.4,0.000001,,,,,,,,
693200,1712.6,0.000000,,,,,,,,
693300,1712.8,0.000001,,,,,,,,
693400,1713.1,0.000000,,,,,,,,
693500,1713.3,0.000000,,,,,,,,
693600,1713.6,0.000000,,,,,,,,
693700,1713.8,0.000001,,,,,,,,
693800,1714.0,0.000001,,,,,,,,
693900,1714.3,0.000000,,,,,,,,
694000,1714.5,0.000001,,,,,,,,
694100,1714.7,0.000000,,,,,,,,
694200,1715.0,0.000001,,,,,,,,
694300,1715.2,0.000001,,,,,,,,
694400,1715.5,0.000001,,,,,,,,
694500,1715.7,0.000001,,,,,,,,
694600,1715.9,0.000000,,,,,,,,
694700,1716.2,0.000001,,,,,,,,
694800,1716.4,0.000001,,,,,,,,
694900,1716.7,0.000001,,,,,,,,
695000,1717.9,0.000000,0.000496,7.939619e-02,3.118101e-03,2.254442e-03,0.000000,4.039179e-02,2.983376e-03,2.199458e-03
695100,1718.1,0.000001,,,,,,,,
695200,1718.3,0.000000,,,,,,,,
695300,1718.5,0.000001,,,,,,,,
695400,1718.7,0.000001,,,,,,,,
695500,1718.9,0.000000,,,,,,,,
695600,1719.2,0.000000,,,,,,,,
695700,1719.4,0.000001,,,,,,,,
695800,1719.6,0.000001,,,,,,,,
695900,1719.8,0.000000,,,,,,,,
696000,1720.1,0.000000,,,,,,,,
696100,1720.3,0.000001,,,,,,,,
696200,1720.5,0.000000,,,,,,,,
696300,1720.7,0.000001,,,,,,,,
696400,1721.0,0.000001,,,,,,,,
696500,1721.2,0.000001,,,,,,,,
696600,1721.4,0.000001,,,,,,,,
696700,1721.6,0.000000,,,,,,,,
696800,1721.9,0.000001,,,,,,,,
696900,1722.1,0.000000,,,,,,,,
697000,1722.3,0.000001,,,,,,,,
697100,1722.5,0.000001,,,,,,,,
697200,1722.8,0.000000,,,,,,,,
697300,1723.0,0.000000,,,,,,,,
697400,1723.2,0.000000,,,,,,,,
697500,1723.5,0.000001,,,,,,,,
697600,1723.7,0.000000,,,,,,,,
697700,1723.9,0.000000,,,,,,,,
697800,1724.2,0.000001,,,,,,,,
697900,1724.4,0.000001,,,,,,,,
698000,1724.7,0.000001,,,,,,,,
698100,1724.9,0.000000,,,,,,,,
698200,1725.1,0.000000,,,,,,,,
698300,1725.4,0.000001,,,,,,,,
698400,1725.6,0.000000,,,,,,,,
698500,1725.8,0.000001,,,,,,,,
698600,1726.1,0.000001,,,,,,,,
698700,1726.3,0.000001,,,,,,,,
698800,1726.5,0.000001,,,,,,,,
698900,1726.7,0.000001,,,,,,,,
699000,1727.0,0.000000,,,,,,,,
699100,1727.2,0.000001,,,,,,,,
699200,1727.4,0.000001,,,,,,,,
699300,1727.6,0.000001,,,,,,,,
699400,1727.9,0.000001,,,,,,,,
699500,1728.1,0.000000,,,,,,,,
699600,1728.4,0.000001,,,,,,,,
699700,1728.6,0.000000,,,,,,,,
699800,1728.8,0.000001,,,,,,,,
699900,1729.0,0.000000,,,,,,,,
700000,1730.3,0.000001,0.000476,7.165809e-02,2.992394e-03,2.186824e-03,0.000000,3.943954e-02,2.865011e-03,2.133675e-03
700100,1730.5,0.000001,,,,,,,,
700200,1730.7,0.000001,,,,,,,,
700300,1730.9,0.000000,,,,,,,,
700400,1731.1,0.000001,,,,,,,,
700500,1731.3,0.000000,,,,,,,,
700600,1731.5,0.000000,,,,,,,,
700700,1731.7,0.000000,,,,,,,,
700800,1732.0,0.000000,,,,,,,,
700900,1732.2,0.000001,,,,,,,,
701000,1732.4,0.000000,,,,,,,,
701100,1732.7,0.000000,,,,,,,,
701200,1732.9,0.000001,,,,,,,,
701300,1733.2,0.000001,,,,,,,,
701400,1733.4,0.000000,,,,,,,,
701500,1733.6,0.000000,,,,,,,,
701600,1733.9,0.000000,,,,,,,,
701700,1734.1,0.000000,,,,,,,,
701800,1734.3,0.000000,,,,,,,,
701900,1734.6,0.000001,,,,,,,,
702000,1734.8,0.000001,,,,,,,,
702100,1735.1,0.000001,,,,,,,,
702200,1735.3,0.000000,,,,,,,,
702300,1735.5,0.000000,,,,,,,,
702400,1735.8,0.000001,,,,,,,,
702500,1736.0,0.000000,,,,,,,,
702600,1736.2,0.000001,,,,,,,,
702700,1736.4,0.000001,,,,,,,,
702800,1736.6,0.000000,,,,,,,,
702900,1736.9,0.000000,,,,,,,,
703000,1737.1,0.000001,,,,,,,,
703100,1737.3,0.000000,,,,,,,,
703200,1737.5,0.000000,,,,,,,,
703300,1737.8,0.000001,,,,,,,,
703400,1738.0,0.000000,,,,,,,,
703500,1738.2,0.000001,,,,,,,,
703600,1738.4,0.000001,,,,,,,,
703700,1738.7,0.000003,,,,,,,,
703800,1738.9,0.000001,,,,,,,,
703900,1739.1,0.000000,,,,,,,,
704000,1739.3,0.000001,,,,,,,,
704100,1739.6,0.000000,,,,,,,,
704200,1739.8,0.000001,,,,,,,,
704300,1740.0,0.000001,,,,,,,,
704400,1740.2,0.000000,,,,,,,,
704500,1740.5,0.000001,,,,,,,,
704600,1740.7,0.000000,,,,,,,,
704700,1740.9,0.000000,,,,,,,,
704800,1741.1,0.000001,,,,,,,,
704900,1741.4,0.000001,,,,,,,,
705000,1742.6,0.000000,0.000466,6.984307e-02,2.925350e-03,2.162715e-03,0.000000,4.981192e-02,2.797434e-03,2.110020e-03
705100,1742.8,0.000000,,,,,,,,
705200,1743.0,0.000001,,,,,,,,
705300,1743.2,0.000001,,,,,,,,
705400,1743.4,0.000001,,,,,,,,
705500,1743.6,0.000000,,,,,,,,
705600,1743.8,0.000001,,,,,,,,
705700,1744.1,0.000000,,,,,,,,
705800,1744.3,0.000001,,,,,,,,
705900,1744.5,0.000001,,,,,,,,
706000,1744.7,0.000001,,,,,,,,
706100,1744.9,0.000001,,,,,,,,
706200,1745.2,0.000001,,,,,,,,
706300,1745.4,0.000001,,,,,,,,
706400,1745.6,0.000001,,,,,,,,
706500,1745.9,0.000000,,,,,,,,
706600,1746.1,0.000000,,,,,,,,
706700,1746.3,0.000001,,,,,,,,
706800,1746.6,0.000000,,,,,,,,
706900,1746.8,0.000000,,,,,,,,
707000,1747.0,0.000001,,,,,,,,
707100,1747.2,0.000001,,,,,,,,
707200,1747.5,0.000001,,,,,,,,
707300,1747.7,0.000001,,,,,,,,
707400,1747.9,0.000000,,,,,,,,
707500,1748.1,0.000001,,,,,,,,
707600,1748.4,0.000001,,,,,,,,
707700,1748.6,0.000000,,,,,,,,
707800,1748.8,0.000001,,,,,,,,
707900,1749.0,0.000000,,,,,,,,
708000,1749.2,0.000001,,,,,,,,
708100,1749.5,0.000000,,,,,,,,
708200,1749.7,0.000000,,,,,,,,
708300,1750.0,0.000000,,,,,,,,
708400,1750.2,0.000001,,,,,,,,
708500,1750.4,0.000001,,,,,,,,
708600,1750.7,0.000001,,,,,,,,
708700,1750.9,0.000000,,,,,,,,
708800,1751.1,0.000003,,,,,,,,
708900,1751.3,0.000001,,,,,,,,
709000,1751.6,0.000000,,,,,,,,
709100,1751.8,0.000001,,,,,,,,
709200,1752.0,0.000001,,,,,,,,
709300,1752.2,0.000000,,,,,,,,
709400,1752.5,0.000001,,,,,,,,
709500,1752.7,0.000001,,,,,,,,
709600,1752.9,0.000001,,,,,,,,
709700,1753.2,0.000000,,,,,,,,
709800,1753.4,0.000001,,,,,,,,
709900,1753.6,0.000001,,,,,,,,
710000,1754.9,0.000001,0.000494,6.569578e-02,3.105936e-03,2.310516e-03,0.000000,4.006489e-02,2.998114e-03,2.271029e-03
710100,1755.1,0.000001,,,,,,,,
710200,1755.3,0.000001,,,,,,,,
710300,1755.5,0.000001,,,,,,,,
710400,1755.7,0.000001,,,,,,,,
710500,1755.9,0.000001,,,,,,,,
710600,1756.1,0.000001,,,,,,,,
710700,1756.3,0.000001,,,,,,,,
710800,1756.5,0.000000,,,,,,,,
710900,1756.8,0.000001,,,,,,,,
711000,1757.0,0.000001,,,,,,,,
711100,1757.2,0.000001,,,,,,,,
711200,1757.5,0.000001,,,,,,,,
711300,1757.7,0.000000,,,,,,,,
711400,1757.9,0.000001,,,,,,,,
711500,1758.1,0.000001,,,,,,,,
711600,1758.4,0.000001,,,,,,,,
711700,1758.6,0.000001,,,,,,,,
711800,1758.8,0.000002,,,,,,,,
711900,1759.0,0.000001,,,,,,,,
712000,1759.3,0.000000,,,,,,,,
712100,1759.5,0.000001,,,,,,,,
712200,1759.7,0.000000,,,,,,,,
712300,1760.0,0.000001,,,,,,,,
712400,1760.2,0.000000,,,,,,,,
712500,1760.4,0.000000,,,,,,,,
712600,1760.7,0.000000,,,,,,,,
712700,1760.9,0.000001,,,,,,,,
712800,1761.1,0.000001,,,,,,,,
712900,1761.3,0.000000,,,,,,,,
713000,1761.5,0.000000,,,,,,,,
713100,1761.8,0.000001,,,,,,,,
713200,1762.0,0.000000,,,,,,,,
713300,1762.2,0.000001,,,,,,,,
713400,1762.5,0.000000,,,,,,,,
713500,1762.7,0.000001,,,,,,,,
713600,1762.9,0.000001,,,,,,,,
713700,1763.1,0.000001,,,,,,,,
713800,1763.4,0.000001,,,,,,,,
713900,1763.6,0.000001,,,,,,,,
714000,1763.8,0.000000,,,,,,,,
714100,1764.1,0.000000,,,,,,,,
714200,1764.3,0.000001,,,,,,,,
714300,1764.6,0.000001,,,,,,,,
714400,1764.8,0.000000,,,,,,,,
714500,1765.0,0.000000,,,,,,,,
714600,1765.2,0.000001,,,,,,,,
714700,1765.5,0.000001,,,,,,,,
714800,1765.7,0.000001,,,,,,,,
714900,1765.9,0.000001,,,,,,,,
715000,1767.2,0.000001,0.000489,5.452628e-02,3.071127e-03,2.272266e-03,0.000000,3.898226e-02,2.948667e-03,2.228641e-03
715100,1767.4,0.000001,,,,,,,,
715200,1767.6,0.000001,,,,,,,,
715300,1767.8,0.000001,,,,,,,,
715400,1768.0,0.000000,,,,,,,,
715500,1768.2,0.000000,,,,,,,,
715600,1768.4,0.000001,,,,,,,,
715700,1768.6,0.000001,,,,,,,,
715800,1768.9,0.000001,,,,,,,,
715900,1769.1,0.000000,,,,,,,,
716000,1769.3,0.000000,,,,,,,,
716100,1769.6,0.000000,,,,,,,,
716200,1769.8,0.000000,,,,,,,,
716300,1770.0,0.000001,,,,,,,,
716400,1770.3,0.000001,,,,,,,,
716500,1770.5,0.000001,,,,,,,,
716600,1770.7,0.000000,,,,,,,,
716700,1771.0,0.000001,,,,,,,,
716800,1771.2,0.000001,,,,,,,,
716900,1771.4,0.000000,,,,,,,,
717000,1771.6,0.000000,,,,,,,,
717100,1771.8,0.000000,,,,,,,,
717200,1772.1,0.000001,,,,,,,,
717300,1772.3,0.000000,,,,,,,,
717400,1772.5,0.000001,,,,,,,,
717500,1772.7,0.000001,,,,,,,,
717600,1773.0,0.000000,,,,,,,,
717700,1773.2,0.000000,,,,,,,,
717800,1773.4,0.000000,,,,,,,,
717900,1773.6,0.000001,,,,,,,,
718000,1773.9,0.000000,,,,,,,,
718100,1774.1,0.000001,,,,,,,,
718200,1774.3,0.000001,,,,,,,,
718300,1774.5,0.000001,,,,,,,,
718400,1774.7,0.000001,,,,,,,,
718500,1775.0,0.000001,,,,,,,,
718600,1775.2,0.000000,,,,,,,,
718700,1775.4,0.000001,,,,,,,,
718800,1775.6,0.000000,,,,,,,,
718900,1775.8,0.000000,,,,,,,,
719000,1776.1,0.000001,,,,,,,,
719100,1776.3,0.000001,,,,,,,,
719200,1776.6,0.000001,,,,,,,,
719300,1776.8,0.000000,,,,,,,,
719400,1777.0,0.000001,,,,,,,,
719500,1777.3,0.000000,,,,,,,,
719600,1777.5,0.000000,,,,,,,,
719700,1777.8,0.000001,,,,,,,,
719800,1778.0,0.000001,,,,,,,,
719900,1778.2,0.000001,,,,,,,,
720000,1779.5,0.000000,0.000605,1.026847e-01,3.801755e-03,2.864948e-03,0.000000,5.987914e-02,3.734943e-03,2.888138e-03
720100,1779.7,0.000001,,,,,,,,
720200,1779.9,0.000000,,,,,,,,
720300,1780.1,0.000000,,,,,,,,
720400,1780.3,0.000001,,,,,,,,
720500,1780.5,0.000000,,,,,,,,
720600,1780.7,0.000000,,,,,,,,
720700,1780.9,0.000000,,,,,,,,
720800,1781.2,0.000000,,,,,,,,
720900,1781.4,0.000001,,,,,,,,
721000,1781.6,0.000000,,,,,,,,
721100,1781.9,0.000001,,,,,,,,
721200,1782.1,0.000001,,,,,,,,
721300,1782.3,0.000000,,,,,,,,
721400,1782.5,0.000000,,,,,,,,
721500,1782.7,0.000001,,,,,,,,
721600,1783.0,0.000001,,,,,,,,
721700,1783.2,0.000001,,,,,,,,
721800,1783.4,0.000001,,,,,,,,
721900,1783.7,0.000002,,,,,,,,
722000,1783.9,0.000001,,,,,,,,
722100,1784.1,0.000000,,,,,,,,
722200,1784.4,0.000000,,,,,,,,
722300,1784.6,0.000000,,,,,,,,
722400,1784.8,0.000001,,,,,,,,
722500,1785.1,0.000001,,,,,,,,
722600,1785.3,0.000000,,,,,,,,
722700,1785.5,0.000001,,,,,,,,
722800,1785.8,0.000000,,,,,,,,
722900,1786.0,0.000001,,,,,,,,
723000,1786.2,0.000001,,,,,,,,
723100,1786.5,0.000001,,,,,,,,
723200,1786.7,0.000000,,,,,,,,
723300,1786.9,0.000001,,,,,,,,
723400,1787.2,0.000000,,,,,,,,
723500,1787.4,0.000001,,,,,,,,
723600,1787.6,0.000001,,,,,,,,
723700,1787.9,0.000001,,,,,,,,
723800,1788.1,0.000000,,,,,,,,
723900,1788.3,0.000001,,,,,,,,
724000,1788.6,0.000000,,,,,,,,
724100,1788.8,0.000001,,,,,,,,
724200,1789.0,0.000001,,,,,,,,
724300,1789.3,0.000001,,,,,,,,
724400,1789.5,0.000001,,,,,,,,
724500,1789.7,0.000000,,,,,,,,
724600,1789.9,0.000000,,,,,,,,
724700,1790.2,0.000001,,,,,,,,
724800,1790.4,0.000000,,,,,,,,
724900,1790.6,0.000000,,,,,,,,
725000,1791.9,0.000000,0.000613,7.514090e-02,3.854446e-03,3.095434e-03,0.000000,4.032503e-02,3.763472e-03,3.088815e-03
725100,1792.1,0.000001,,,,,,,,
725200,1792.3,0.000001,,,,,,,,
725300,1792.5,0.000000,,,,,,,,
725400,1792.7,0.000000,,,,,,,,
725500,1792.9,0.000000,,,,,,,,
725600,1793.1,0.000000,,,,,,,,
725700,1793.3,0.000000,,,,,,,,
725800,1793.6,0.000000,,,,,,,,
725900,1793.8,0.000000,,,,,,,,
726000,1794.0,0.000001,,,,,,,,
726100,1794.3,0.000000,,,,,,,,
726200,1794.5,0.000000,,,,,,,,
726300,1794.7,0.000000,,,,,,,,
726400,1794.9,0.000001,,,,,,,,
726500,1795.2,0.000001,,,,,,,,
726600,1795.4,0.000000,,,,,,,,
726700,1795.6,0.000001,,,,,,,,
726800,1795.8,0.000001,,,,,,,,
726900,1796.1,0.000000,,,,,,,,
727000,1796.3,0.000001,,,,,,,,
727100,1796.5,0.000001,,,,,,,,
727200,1796.8,0.000001,,,,,,,,
727300,1797.0,0.000000,,,,,,,,
727400,1797.2,0.000001,,,,,,,,
727500,1797.5,0.000002,,,,,,,,
727600,1797.7,0.000001,,,,,,,,
727700,1797.9,0.000001,,,,,,,,
727800,1798.2,0.000000,,,,,,,,
727900,1798.4,0.000001,,,,,,,,
728000,1798.7,0.000001,,,,,,,,
728100,1798.9,0.000001,,,,,,,,
728200,1799.1,0.000001,,,,,,,,
728300,1799.3,0.000000,,,,,,,,
728400,1799.6,0.000001,,,,,,,,
728500,1799.8,0.000001,,,,,,,,
728600,1800.0,0.000000,,,,,,,,
728700,1800.3,0.000000,,,,,,,,
728800,1800.5,0.000000,,,,,,,,
728900,1800.7,0.000000,,,,,,,,
729000,1800.9,0.000001,,,,,,,,
729100,1801.2,0.000001,,,,,,,,
729200,1801.4,0.000000,,,,,,,,
729300,1801.6,0.000001,,,,,,,,
729400,1801.8,0.000000,,,,,,,,
729500,1802.1,0.000001,,,,,,,,
729600,1802.3,0.000000,,,,,,,,
729700,1802.5,0.000001,,,,,,,,
729800,1802.7,0.000001,,,,,,,,
729900,1803.0,0.000001,,,,,,,,
730000,1804.2,0.000000,0.000465,5.752045e-02,2.919304e-03,2.146902e-03,0.000000,4.737957e-02,2.796930e-03,2.091639e-03
730100,1804.4,0.000001,,,,,,,,
730200,1804.6,0.000000,,,,,,,,
730300,1804.8,0.000000,,,,,,,,
730400,1805.0,0.000000,,,,,,,,
730500,1805.2,0.000001,,,,,,,,
730600,1805.4,0.000000,,,,,,,,
730700,1805.6,0.000001,,,,,,,,
730800,1805.9,0.000001,,,,,,,,
730900,1806.1,0.000000,,,,,,,,
731000,1806.3,0.000001,,,,,,,,
731100,1806.6,0.000001,,,,,,,,
731200,1806.8,0.000001,,,,,,,,
731300,1807.0,0.000001,,,,,,,,
731400,1807.3,0.000000,,,,,,,,
731500,1807.5,0.000001,,,,,,,,
731600,1807.7,0.000001,,,,,,,,
731700,1808.0,0.000001,,,,,,,,
731800,1808.2,0.000000,,,,,,,,
731900,1808.4,0.000000,,,,,,,,
732000,1808.7,0.000001,,,,,,,,
732100,1808.9,0.000001,,,,,,,,
732200,1809.1,0.000001,,,,,,,,
732300,1809.4,0.000000,,,,,,,,
732400,1809.6,0.000000,,,,,,,,
732500,1809.8,0.000000,,,,,,,,
732600,1810.1,0.000000,,,,,,,,
732700,1810.3,0.000001,,,,,,,,
732800,1810.5,0.000001,,,,,,,,
732900,1810.8,0.000001,,,,,,,,
733000,1811.0,0.000000,,,,,,,,
733100,1811.2,0.000001,,,,,,,,
733200,1811.4,0.000001,,,,,,,,
733300,1811.7,0.000001,,,,,,,,
733400,1811.9,0.000000,,,,,,,,
733500,1812.1,0.000001,,,,,,,,
733600,1812.3,0.000001,,,,,,,,
733700,1812.6,0.000000,,,,,,,,
733800,1812.8,0.000000,,,,,,,,
733900,1813.0,0.000000,,,,,,,,
734000,1813.3,0.000001,,,,,,,,
734100,1813.5,0.000001,,,,,,,,
734200,1813.7,0.000000,,,,,,,,
734300,1813.9,0.000001,,,,,,,,
734400,1814.2,0.000000,,,,,,,,
734500,1814.4,0.000001,,,,,,,,
734600,1814.6,0.000000,,,,,,,,
734700,1814.9,0.000000,,,,,,,,
734800,1815.1,0.000000,,,,,,,,
734900,1815.4,0.000001,,,,,,,,
735000,1816.6,0.000001,0.000453,6.292076e-02,2.845826e-03,2.051453e-03,0.000000,4.882368e-02,2.710812e-03,1.997662e-03
735100,1816.8,0.000000,,,,,,,,
735200,1817.0,0.000001,,,,,,,,
735300,1817.2,0.000000,,,,,,,,
735400,1817.4,0.000000,,,,,,,,
735500,1817.6,0.000000,,,,,,,,
735600,1817.8,0.000000,,,,,,,,
735700,1818.0,0.000000,,,,,,,,
735800,1818.2,0.000000,,,,,,,,
735900,1818.4,0.000001,,,,,,,,
736000,1818.7,0.000001,,,,,,,,
736100,1818.9,0.000001,,,,,,,,
736200,1819.1,0.000001,,,,,,,,
736300,1819.3,0.000000,,,,,,,,
736400,1819.6,0.000000,,,,,,,,
736500,1819.8,0.000000,,,,,,,,
736600,1820.0,0.000000,,,,,,,,
736700,1820.3,0.000000,,,,,,,,
736800,1820.5,0.000000,,,,,,,,
736900,1820.7,0.000000,,,,,,,,
737000,1820.9,0.000000,,,,,,,,
737100,1821.2,0.000001,,,,,,,,
737200,1821.4,0.000000,,,,,,,,
737300,1821.6,0.000001,,,,,,,,
737400,1821.9,0.000001,,,,,,,,
737500,1822.1,0.000000,,,,,,,,
737600,1822.3,0.000000,,,,,,,,
737700,1822.6,0.000000,,,,,,,,
737800,1822.8,0.000001,,,,,,,,
737900,1823.1,0.000001,,,,,,,,
738000,1823.3,0.000000,,,,,,,,
738100,1823.5,0.000000,,,,,,,,
738200,1823.7,0.000000,,,,,,,,
738300,1823.9,0.000000,,,,,,,,
738400,1824.2,0.000000,,,,,,,,
738500,1824.4,0.000001,,,,,,,,
738600,1824.6,0.000000,,,,,,,,
738700,1824.8,0.000001,,,,,,,,
738800,1825.1,0.000000,,,,,,,,
738900,1825.3,0.000001,,,,,,,,
739000,1825.5,0.000000,,,,,,,,
739100,1825.7,0.000000,,,,,,,,
739200,1825.9,0.000000,,,,,,,,
739300,1826.1,0.000000,,,,,,,,
739400,1826.3,0.000000,,,,,,,,
739500,1826.6,0.000001,,,,,,,,
739600,1826.8,0.000001,,,,,,,,
739700,1827.0,0.000000,,,,,,,,
739800,1827.2,0.000000,,,,,,,,
739900,1827.5,0.000000,,,,,,,,
740000,1828.7,0.000001,0.000457,5.638291e-02,2.872707e-03,2.095044e-03,0.000000,4.297741e-02,2.745473e-03,2.042014e-03
740100,1828.9,0.000001,,,,,,,,
740200,1829.1,0.000001,,,,,,,,
740300,1829.3,0.000000,,,,,,,,
740400,1829.5,0.000001,,,,,,,,
740500,1829.8,0.000001,,,,,,,,
740600,1830.0,0.000001,,,,,,,,
740700,1830.2,0.000000,,,,,,,,
740800,1830.4,0.000000,,,,,,,,
740900,1830.6,0.000001,,,,,,,,
741000,1830.9,0.000001,,,,,,,,
741100,1831.1,0.000000,,,,,,,,
741200,1831.3,0.000000,,,,,,,,
741300,1831.5,0.000000,,,,,,,,
741400,1831.8,0.000000,,,,,,,,
741500,1832.0,0.000001,,,,,,,,
741600,1832.2,0.000001,,,,,,,,
741700,1832.5,0.000001,,,,,,,,
741800,1832.7,0.000001,,,,,,,,
741900,1832.9,0.000001,,,,,,,,
742000,1833.2,0.000000,,,,,,,,
742100,1833.4,0.000001,,,,,,,,
742200,1833.7,0.000001,,,,,,,,
742300,1833.9,0.000000,,,,,,,,
742400,1834.1,0.000001,,,,,,,,
742500,1834.4,0.000000,,,,,,,,
742600,1834.6,0.000001,,,,,,,,
742700,1834.8,0.000000,,,,,,,,
742800,1835.0,0.000000,,,,,,,,
742900,1835.2,0.000000,,,,,,,,
743000,1835.5,0.000001,,,,,,,,
743100,1835.7,0.000001,,,,,,,,
743200,1835.9,0.000000,,,,,,,,
743300,1836.1,0.000001,,,,,,,,
743400,1836.4,0.000000,,,,,,,,
743500,1836.6,0.000000,,,,,,,,
743600,1836.8,0.000000,,,,,,,,
743700,1837.1,0.000000,,,,,,,,
743800,1837.3,0.000001,,,,,,,,
743900,1837.6,0.000001,,,,,,,,
744000,1837.8,0.000001,,,,,,,,
744100,1838.0,0.000000,,,,,,,,
744200,1838.3,0.000000,,,,,,,,
744300,1838.5,0.000000,,,,,,,,
744400,1838.7,0.000000,,,,,,,,
744500,1839.0,0.000001,,,,,,,,
744600,1839.2,0.000001,,,,,,,,
744700,1839.4,0.000001,,,,,,,,
744800,1839.7,0.000000,,,,,,,,
744900,1839.9,0.000001,,,,,,,,
745000,1841.1,0.000000,0.000471,5.733819e-02,2.960132e-03,2.211999e-03,0.000000,3.804026e-02,2.828491e-03,2.168530e-03
745100,1841.3,0.000001,,,,,,,,
745200,1841.5,0.000001,,,,,,,,
745300,1841.7,0.000001,,,,,,,,
745400,1841.9,0.000000,,,,,,,,
745500,1842.1,0.000001,,,,,,,,
745600,1842.4,0.000000,,,,,,,,
745700,1842.6,0.000000,,,,,,,,
745800,1842.8,0.000000,,,,,,,,
745900,1843.0,0.000000,,,,,,,,
746000,1843.2,0.000000,,,,,,,,
746100,1843.4,0.000000,,,,,,,,
746200,1843.6,0.000000,,,,,,,,
746300,1843.8,0.000000,,,,,,,,
746400,1844.0,0.000000,,,,,,,,
746500,1844.3,0.000000,,,,,,,,
746600,1844.5,0.000001,,,,,,,,
746700,1844.7,0.000000,,,,,,,,
746800,1844.9,0.000000,,,,,,,,
746900,1845.2,0.000000,,,,,,,,
747000,1845.4,0.000001,,,,,,,,
747100,1845.7,0.000000,,,,,,,,
747200,1845.9,0.000000,,,,,,,,
747300,1846.1,0.000001,,,,,,,,
747400,1846.4,0.000000,,,,,,,,
747500,1846.6,0.000000,,,,,,,,
747600,1846.9,0.000000,,,,,,,,
747700,1847.1,0.000000,,,,,,,,
747800,1847.3,0.000001,,,,,,,,
747900,1847.5,0.000001,,,,,,,,
748000,1847.8,0.000001,,,,,,,,
748100,1848.0,0.000000,,,,,,,,
748200,1848.2,0.000000,,,,,,,,
748300,1848.5,0.000000,,,,,,,,
748400,1848.7,0.000001,,,,,,,,
748500,1848.9,0.000000,,,,,,,,
748600,1849.1,0.000000,,,,,,,,
748700,1849.3,0.000000,,,,,,,,
748800,1849.6,0.000000,,,,,,,,
748900,1849.8,0.000001,,,,,,,,
749000,1850.1,0.000000,,,,,,,,
749100,1850.3,0.000000,,,,,,,,
749200,1850.5,0.000000,,,,,,,,
749300,1850.7,0.000001,,,,,,,,
749400,1851.0,0.000000,,,,,,,,
749500,1851.2,0.000000,,,,,,,,
749600,1851.5,0.000000,,,,,,,,
749700,1851.7,0.000000,,,,,,,,
749800,1851.9,0.000000,,,,,,,,
749900,1852.1,0.000000,,,,,,,,
750000,1853.4,0.000000,0.000459,5.442025e-02,2.882485e-03,2.128621e-03,0.000000,3.757821e-02,2.750718e-03,2.068913e-03
750100,1853.6,0.000000,,,,,,,,
750200,1853.8,0.000000,,,,,,,,
750300,1853.9,0.000000,,,,,,,,
750400,1854.2,0.000000,,,,,,,,
750500,1854.4,0.000001,,,,,,,,
750600,1854.6,0.000000,,,,,,,,
750700,1854.8,0.000000,,,,,,,,
750800,1855.0,0.000001,,,,,,,,
750900,1855.2,0.000001,,,,,,,,
751000,1855.5,0.000000,,,,,,,,
751100,1855.7,0.000000,,,,,,,,
751200,1855.9,0.000001,,,,,,,,
751300,1856.2,0.000000,,,,,,,,
751400,1856.4,0.000000,,,,,,,,
751500,1856.6,0.000000,,,,,,,,
751600,1856.9,0.000000,,,,,,,,
751700,1857.1,0.000000,,,,,,,,
751800,1857.3,0.000000,,,,,,,,
751900,1857.5,0.000001,,,,,,,,
752000,1857.8,0.000000,,,,,,,,
752100,1858.0,0.000000,,,,,,,,
752200,1858.2,0.000000,,,,,,,,
752300,1858.5,0.000001,,,,,,,,
752400,1858.7,0.000000,,,,,,,,
752500,1858.9,0.000000,,,,,,,,
752600,1859.1,0.000000,,,,,,,,
752700,1859.4,0.000001,,,,,,,,
752800,1859.6,0.000002,,,,,,,,
752900,1859.8,0.000000,,,,,,,,
753000,1860.0,0.000001,,,,,,,,
753100,1860.3,0.000000,,,,,,,,
753200,1860.5,0.000000,,,,,,,,
753300,1860.7,0.000001,,,,,,,,
753400,1861.0,0.000000,,,,,,,,
753500,1861.2,0.000000,,,,,,,,
753600,1861.4,0.000000,,,,,,,,
753700,1861.6,0.000001,,,,,,,,
753800,1861.9,0.000001,,,,,,,,
753900,1862.1,0.000001,,,,,,,,
754000,1862.4,0.000001,,,,,,,,
754100,1862.6,0.000001,,,,,,,,
754200,1862.8,0.000000,,,,,,,,
754300,1863.0,0.000000,,,,,,,,
754400,1863.3,0.000001,,,,,,,,
754500,1863.5,0.000000,,,,,,,,
754600,1863.7,0.000000,,,,,,,,
754700,1864.0,0.000001,,,,,,,,
754800,1864.2,0.000000,,,,,,,,
754900,1864.4,0.000001,,,,,,,,
755000,1865.6,0.000000,0.000447,6.060816e-02,2.808172e-03,2.089779e-03,0.000000,4.315623e-02,2.676504e-03,2.034802e-03
755100,1865.8,0.000001,,,,,,,,
755200,1866.0,0.000001,,,,,,,,
755300,1866.3,0.000000,,,,,,,,
755400,1866.5,0.000000,,,,,,,,
755500,1866.6,0.000000,,,,,,,,
755600,1866.8,0.000000,,,,,,,,
755700,1867.0,0.000000,,,,,,,,
755800,1867.2,0.000000,,,,,,,,
755900,1867.4,0.000000,,,,,,,,
756000,1867.6,0.000001,,,,,,,,
756100,1867.8,0.000000,,,,,,,,
756200,1868.1,0.000000,,,,,,,,
756300,1868.3,0.000000,,,,,,,,
756400,1868.5,0.000001,,,,,,,,
756500,1868.7,0.000000,,,,,,,,
756600,1869.0,0.000000,,,,,,,,
756700,1869.2,0.000001,,,,,,,,
756800,1869.4,0.000000,,,,,,,,
756900,1869.7,0.000000,,,,,,,,
757000,1869.9,0.000000,,,,,,,,
757100,1870.1,0.000000,,,,,,,,
757200,1870.4,0.000000,,,,,,,,
757300,1870.6,0.000000,,,,,,,,
757400,1870.8,0.000000,,,,,,,,
757500,1871.1,0.000000,,,,,,,,
757600,1871.3,0.000000,,,,,,,,
757700,1871.5,0.000001,,,,,,,,
757800,1871.8,0.000000,,,,,,,,
757900,1872.0,0.000000,,,,,,,,
758000,1872.2,0.000001,,,,,,,,
758100,1872.4,0.000001,,,,,,,,
758200,1872.7,0.000000,,,,,,,,
758300,1872.9,0.000000,,,,,,,,
758400,1873.1,0.000001,,,,,,,,
758500,1873.3,0.000000,,,,,,,,
758600,1873.6,0.000000,,,,,,,,
758700,1873.8,0.000000,,,,,,,,
758800,1874.0,0.000000,,,,,,,,
758900,1874.2,0.000000,,,,,,,,
759000,1874.5,0.000001,,,,,,,,
759100,1874.7,0.000001,,,,,,,,
759200,1874.9,0.000000,,,,,,,,
759300,1875.1,0.000000,,,,,,,,
759400,1875.4,0.000000,,,,,,,,
759500,1875.6,0.000000,,,,,,,,
759600,1875.8,0.000000,,,,,,,,
759700,1876.0,0.000001,,,,,,,,
759800,1876.3,0.000000,,,,,,,,
759900,1876.5,0.000000,,,,,,,,
760000,1877.7,0.000001,0.000447,5.583115e-02,2.806279e-03,2.056488e-03,0.000000,4.177173e-02,2.677857e-03,2.004596e-03
760100,1877.9,0.000000,,,,,,,,
760200,1878.1,0.000000,,,,,,,,
760300,1878.3,0.000002,,,,,,,,
760400,1878.5,0.000001,,,,,,,,
760500,1878.7,0.000000,,,,,,,,
760600,1878.9,0.000000,,,,,,,,
760700,1879.2,0.000000,,,,,,,,
760800,1879.4,0.000001,,,,,,,,
760900,1879.6,0.000001,,,,,,,,
761000,1879.8,0.000000,,,,,,,,
761100,1880.0,0.000001,,,,,,,,
761200,1880.3,0.000000,,,,,,,,
761300,1880.5,0.000000,,,,,,,,
761400,1880.7,0.000000,,,,,,,,
761500,1881.0,0.000000,,,,,,,,
761600,1881.2,0.000000,,,,,,,,
761700,1881.4,0.000001,,,,,,,,
761800,1881.7,0.000000,,,,,,,,
761900,1881.9,0.000000,,,,,,,,
762000,1882.1,0.000000,,,,,,,,
762100,1882.4,0.000001,,,,,,,,
762200,1882.6,0.000000,,,,,,,,
762300,1882.8,0.000000,,,,,,,,
762400,1883.0,0.000001,,,,,,,,
762500,1883.3,0.000000,,,,,,,,
762600,1883.5,0.000000,,,,,,,,
762700,1883.7,0.000000,,,,,,,,
762800,1884.0,0.000001,,,,,,,,
762900,1884.2,0.000000,,,,,,,,
763000,1884.4,0.000000,,,,,,,,
763100,1884.6,0.000000,,,,,,,,
763200,1884.8,0.000001,,,,,,,,
763300,1885.0,0.000000,,,,,,,,
763400,1885.2,0.000000,,,,,,,,
763500,1885.5,0.000001,,,,,,,,
763600,1885.7,0.000001,,,,,,,,
763700,1885.9,0.000000,,,,,,,,
763800,1886.2,0.000001,,,,,,,,
763900,1886.4,0.000000,,,,,,,,
764000,1886.6,0.000000,,,,,,,,
764100,1886.8,0.000000,,,,,,,,
764200,1887.1,0.000001,,,,,,,,
764300,1887.3,0.000000,,,,,,,,
764400,1887.5,0.000000,,,,,,,,
764500,1887.7,0.000000,,,,,,,,
764600,1888.0,0.000000,,,,,,,,
764700,1888.2,0.000000,,,,,,,,
764800,1888.4,0.000001,,,,,,,,
764900,1888.7,0.000000,,,,,,,,
765000,1889.9,0.000000,0.000450,7.940699e-02,2.830128e-03,2.084499e-03,0.000000,4.608735e-02,2.696935e-03,2.031960e-03
765100,1890.1,0.000000,,,,,,,,
765200,1890.3,0.000000,,,,,,,,
765300,1890.5,0.000000,,,,,,,,
765400,1890.7,0.000000,,,,,,,,
765500,1890.9,0.000000,,,,,,,,
765600,1891.1,0.000000,,,,,,,,
765700,1891.4,0.000001,,,,,,,,
765800,1891.6,0.000001,,,,,,,,
765900,1891.8,0.000000,,,,,,,,
766000,1892.1,0.000000,,,,,,,,
766100,1892.3,0.000001,,,,,,,,
766200,1892.6,0.000001,,,,,,,,
766300,1892.8,0.000000,,,,,,,,
766400,1893.0,0.000000,,,,,,,,
766500,1893.3,0.000000,,,,,,,,
766600,1893.5,0.000000,,,,,,,,
766700,1893.7,0.000000,,,,,,,,
766800,1894.0,0.000000,,,,,,,,
766900,1894.2,0.000000,,,,,,,,
767000,1894.4,0.000000,,,,,,,,
767100,1894.6,0.000000,,,,,,,,
767200,1894.9,0.000000,,,,,,,,
767300,1895.1,0.000000,,,,,,,,
767400,1895.3,0.000001,,,,,,,,
767500,1895.5,0.000000,,,,,,,,
767600,1895.8,0.000000,,,,,,,,
767700,1896.0,0.000000,,,,,,,,
767800,1896.2,0.000000,,,,,,,,
767900,1896.5,0.000001,,,,,,,,
768000,1896.7,0.000000,,,,,,,,
768100,1896.9,0.000001,,,,,,,,
768200,1897.1,0.000000,,,,,,,,
768300,1897.4,0.000000,,,,,,,,
768400,1897.6,0.000001,,,,,,,,
768500,1897.8,0.000000,,,,,,,,
768600,1898.0,0.000001,,,,,,,,
768700,1898.3,0.000000,,,,,,,,
768800,1898.5,0.000001,,,,,,,,
768900,1898.7,0.000000,,,,,,,,
769000,1898.9,0.000000,,,,,,,,
769100,1899.2,0.000000,,,,,,,,
769200,1899.4,0.000000,,,,,,,,
769300,1899.6,0.000000,,,,,,,,
769400,1899.9,0.000001,,,,,,,,
769500,1900.1,0.000000,,,,,,,,
769600,1900.3,0.000000,,,,,,,,
769700,1900.5,0.000000,,,,,,,,
769800,1900.8,0.000000,,,,,,,,
769900,1901.0,0.000000,,,,,,,,
770000,1902.2,0.000001,0.000446,5.495335e-02,2.802157e-03,2.081824e-03,0.000000,4.290136e-02,2.668914e-03,2.021504e-03
770100,1902.5,0.000000,,,,,,,,
770200,1902.6,0.000000,,,,,,,,
770300,1902.8,0.000000,,,,,,,,
770400,1903.0,0.000000,,,,,,,,
770500,1903.3,0.000000,,,,,,,,
770600,1903.5,0.000000,,,,,,,,
770700,1903.7,0.000001,,,,,,,,
770800,1903.9,0.000000,,,,,,,,
770900,1904.1,0.000000,,,,,,,,
771000,1904.3,0.000000,,,,,,,,
771100,1904.5,0.000001,,,,,,,,
771200,1904.8,0.000000,,,,,,,,
771300,1905.0,0.000001,,,,,,,,
771400,1905.3,0.000000,,,,,,,,
771500,1905.5,0.000000,,,,,,,,
771600,1905.7,0.000000,,,,,,,,
771700,1906.0,0.000000,,,,,,,,
771800,1906.2,0.000001,,,,,,,,
771900,1906.4,0.000000,,,,,,,,
772000,1906.7,0.000000,,,,,,,,
772100,1906.9,0.000000,,,,,,,,
772200,1907.1,0.000001,,,,,,,,
772300,1907.3,0.000000,,,,,,,,
772400,1907.6,0.000000,,,,,,,,
772500,1907.8,0.000001,,,,,,,,
772600,1908.0,0.000001,,,,,,,,
772700,1908.3,0.000001,,,,,,,,
772800,1908.5,0.000001,,,,,,,,
772900,1908.7,0.000000,,,,,,,,
773000,1908.9,0.000000,,,,,,,,
773100,1909.2,0.000000,,,,,,,,
773200,1909.4,0.000001,,,,,,,,
773300,1909.6,0.000000,,,,,,,,
773400,1909.9,0.000001,,,,,,,,
773500,1910.1,0.000000,,,,,,,,
773600,1910.3,0.000000,,,,,,,,
773700,1910.5,0.000000,,,,,,,,
773800,1910.8,0.000000,,,,,,,,
773900,1911.0,0.000000,,,,,,,,
774000,1911.2,0.000000,,,,,,,,
774100,1911.5,0.000000,,,,,,,,
774200,1911.7,0.000000,,,,,,,,
774300,1911.9,0.000001,,,,,,,,
774400,1912.1,0.000000,,,,,,,,
774500,1912.4,0.000001,,,,,,,,
774600,1912.6,0.000001,,,,,,,,
774700,1912.8,0.000001,,,,,,,,
774800,1913.0,0.000000,,,,,,,,
774900,1913.2,0.000000,,,,,,,,
775000,1914.5,0.000000,0.000451,5.642082e-02,2.834428e-03,2.115813e-03,0.000000,4.105957e-02,2.703306e-03,2.059889e-03
775100,1914.7,0.000000,,,,,,,,
775200,1914.9,0.000000,,,,,,,,
775300,1915.1,0.000000,,,,,,,,
775400,1915.3,0.000000,,,,,,,,
775500,1915.5,0.000000,,,,,,,,
775600,1915.7,0.000000,,,,,,,,
775700,1915.9,0.000001,,,,,,,,
775800,1916.1,0.000000,,,,,,,,
775900,1916.3,0.000000,,,,,,,,
776000,1916.6,0.000000,,,,,,,,
776100,1916.8,0.000001,,,,,,,,
776200,1917.0,0.000000,,,,,,,,
776300,1917.2,0.000000,,,,,,,,
776400,1917.5,0.000000,,,,,,,,
776500,1917.7,0.000000,,,,,,,,
776600,1917.9,0.000001,,,,,,,,
776700,1918.1,0.000000,,,,,,,,
776800,1918.4,0.000000,,,,,,,,
776900,1918.6,0.000000,,,,,,,,
777000,1918.8,0.000000,,,,,,,,
777100,1919.1,0.000000,,,,,,,,
777200,1919.3,0.000001,,,,,,,,
777300,1919.5,0.000000,,,,,,,,
777400,1919.7,0.000000,,,,,,,,
777500,1919.9,0.000000,,,,,,,,
777600,1920.2,0.000000,,,,,,,,
777700,1920.4,0.000000,,,,,,,,
777800,1920.6,0.000001,,,,,,,,
777900,1920.9,0.000000,,,,,,,,
778000,1921.1,0.000000,,,,,,,,
778100,1921.3,0.000001,,,,,,,,
778200,1921.5,0.000001,,,,,,,,
778300,1921.8,0.000000,,,,,,,,
778400,1922.0,0.000000,,,,,,,,
778500,1922.2,0.000000,,,,,,,,
778600,1922.4,0.000000,,,,,,,,
778700,1922.6,0.000001,,,,,,,,
778800,1922.8,0.000001,,,,,,,,
778900,1923.1,0.000001,,,,,,,,
779000,1923.3,0.000001,,,,,,,,
779100,1923.5,0.000000,,,,,,,,
779200,1923.7,0.000001,,,,,,,,
779300,1924.0,0.000000,,,,,,,,
779400,1924.2,0.000000,,,,,,,,
779500,1924.4,0.000000,,,,,,,,
779600,1924.7,0.000000,,,,,,,,
779700,1924.9,0.000000,,,,,,,,
779800,1925.1,0.000001,,,,,,,,
779900,1925.3,0.000000,,,,,,,,
780000,1926.6,0.000000,0.000445,5.529453e-02,2.796792e-03,2.064951e-03,0.000000,3.907975e-02,2.663296e-03,2.007693e-03
780100,1926.8,0.000000,,,,,,,,
780200,1927.0,0.000000,,,,,,,,
780300,1927.2,0.000000,,,,,,,,
780400,1927.4,0.000001,,,,,,,,
780500,1927.6,0.000000,,,,,,,,
780600,1927.8,0.000000,,,,,,,,
780700,1928.0,0.000000,,,,,,,,
780800,1928.2,0.000000,,,,,,,,
780900,1928.5,0.000000,,,,,,,,
781000,1928.7,0.000000,,,,,,,,
781100,1928.9,0.000000,,,,,,,,
781200,1929.2,0.000000,,,,,,,,
781300,1929.4,0.000000,,,,,,,,
781400,1929.6,0.000000,,,,,,,,
781500,1929.9,0.000000,,,,,,,,
781600,1930.1,0.000000,,,,,,,,
781700,1930.3,0.000000,,,,,,,,
781800,1930.6,0.000000,,,,,,,,
781900,1930.8,0.000000,,,,,,,,
782000,1931.1,0.000002,,,,,,,,
782100,1931.3,0.000000,,,,,,,,
782200,1931.5,0.000000,,,,,,,,
782300,1931.7,0.000000,,,,,,,,
782400,1932.0,0.000000,,,,,,,,
782500,1932.2,0.000000,,,,,,,,
782600,1932.4,0.000001,,,,,,,,
782700,1932.7,0.000000,,,,,,,,
782800,1932.9,0.000001,,,,,,,,
782900,1933.2,0.000000,,,,,,,,
783000,1933.4,0.000001,,,,,,,,
783100,1933.6,0.000001,,,,,,,,
783200,1933.9,0.000000,,,,,,,,
783300,1934.1,0.000000,,,,,,,,
783400,1934.3,0.000000,,,,,,,,
783500,1934.5,0.000000,,,,,,,,
783600,1934.8,0.000000,,,,,,,,
783700,1935.0,0.000000,,,,,,,,
783800,1935.2,0.000000,,,,,,,,
783900,1935.4,0.000000,,,,,,,,
784000,1935.7,0.000001,,,,,,,,
784100,1935.9,0.000000,,,,,,,,
784200,1936.1,0.000001,,,,,,,,
784300,1936.3,0.000000,,,,,,,,
784400,1936.6,0.000000,,,,,,,,
784500,1936.8,0.000000,,,,,,,,
784600,1937.1,0.000001,,,,,,,,
784700,1937.3,0.000000,,,,,,,,
784800,1937.5,0.000000,,,,,,,,
784900,1937.8,0.000001,,,,,,,,
785000,1939.0,0.000001,0.000445,5.892749e-02,2.793740e-03,2.064526e-03,0.000000,3.792463e-02,2.659770e-03,2.001545e-03
785100,1939.2,0.000000,,,,,,,,
785200,1939.4,0.000000,,,,,,,,
785300,1939.6,0.000000,,,,,,,,
785400,1939.8,0.000000,,,,,,,,
785500,1940.0,0.000000,,,,,,,,
785600,1940.2,0.000000,,,,,,,,
785700,1940.4,0.000000,,,,,,,,
785800,1940.6,0.000000,,,,,,,,
785900,1940.8,0.000001,,,,,,,,
786000,1941.0,0.000000,,,,,,,,
786100,1941.3,0.000000,,,,,,,,
786200,1941.5,0.000000,,,,,,,,
786300,1941.8,0.000001,,,,,,,,
786400,1942.0,0.000000,,,,,,,,
786500,1942.2,0.000000,,,,,,,,
786600,1942.5,0.000000,,,,,,,,
786700,1942.7,0.000000,,,,,,,,
786800,1942.9,0.000000,,,,,,,,
786900,1943.1,0.000000,,,,,,,,
787000,1943.4,0.000000,,,,,,,,
787100,1943.6,0.000000,,,,,,,,
787200,1943.8,0.000001,,,,,,,,
787300,1944.0,0.000000,,,,,,,,
787400,1944.2,0.000000,,,,,,,,
787500,1944.5,0.000000,,,,,,,,
787600,1944.7,0.000001,,,,,,,,
787700,1944.9,0.000000,,,,,,,,
787800,1945.1,0.000000,,,,,,,,
787900,1945.3,0.000000,,,,,,,,
788000,1945.6,0.000000,,,,,,,,
788100,1945.8,0.000000,,,,,,,,
788200,1946.0,0.000000,,,,,,,,
788300,1946.3,0.000000,,,,,,,,
788400,1946.5,0.000000,,,,,,,,
788500,1946.7,0.000000,,,,,,,,
788600,1947.0,0.000001,,,,,,,,
788700,1947.2,0.000000,,,,,,,,
788800,1947.5,0.000000,,,,,,,,
788900,1947.7,0.000000,,,,,,,,
789000,1947.9,0.000000,,,,,,,,
789100,1948.1,0.000000,,,,,,,,
789200,1948.4,0.000000,,,,,,,,
789300,1948.6,0.000000,,,,,,,,
789400,1948.9,0.000000,,,,,,,,
789500,1949.1,0.000001,,,,,,,,
789600,1949.3,0.000000,,,,,,,,
789700,1949.5,0.000001,,,,,,,,
789800,1949.8,0.000000,,,,,,,,
789900,1950.0,0.000000,,,,,,,,
790000,1951.2,0.000000,0.000440,5.677058e-02,2.764502e-03,2.030210e-03,0.000000,4.039868e-02,2.632022e-03,1.971832e-03
790100,1951.4,0.000000,,,,,,,,
790200,1951.6,0.000000,,,,,,,,
790300,1951.8,0.000000,,,,,,,,
790400,1952.0,0.000000,,,,,,,,
790500,1952.2,0.000000,,,,,,,,
790600,1952.4,0.000000,,,,,,,,
790700,1952.6,0.000000,,,,,,,,
790800,1952.8,0.000000,,,,,,,,
790900,1953.1,0.000000,,,,,,,,
791000,1953.3,0.000000,,,,,,,,
791100,1953.5,0.000000,,,,,,,,
791200,1953.8,0.000000,,,,,,,,
791300,1954.0,0.000001,,,,,,,,
791400,1954.2,0.000000,,,,,,,,
791500,1954.5,0.000000,,,,,,,,
791600,1954.7,0.000000,,,,,,,,
791700,1955.0,0.000000,,,,,,,,
791800,1955.2,0.000000,,,,,,,,
791900,1955.4,0.000000,,,,,,,,
792000,1955.7,0.000000,,,,,,,,
792100,1955.9,0.000000,,,,,,,,
792200,1956.1,0.000001,,,,,,,,
792300,1956.4,0.000001,,,,,,,,
792400,1956.6,0.000000,,,,,,,,
792500,1956.8,0.000000,,,,,,,,
792600,1957.0,0.000000,,,,,,,,
792700,1957.2,0.000000,,,,,,,,
792800,1957.5,0.000000,,,,,,,,
792900,1957.7,0.000000,,,,,,,,
793000,1957.9,0.000001,,,,,,,,
793100,1958.2,0.000001,,,,,,,,
793200,1958.4,0.000001,,,,,,,,
793300,1958.6,0.000000,,,,,,,,
793400,1958.8,0.000000,,,,,,,,
793500,1959.1,0.000000,,,,,,,,
793600,1959.3,0.000000,,,,,,,,
793700,1959.5,0.000000,,,,,,,,
793800,1959.7,0.000000,,,,,,,,
793900,1960.0,0.000000,,,,,,,,
794000,1960.2,0.000000,,,,,,,,
794100,1960.4,0.000002,,,,,,,,
794200,1960.6,0.000000,,,,,,,,
794300,1960.9,0.000000,,,,,,,,
794400,1961.1,0.000000,,,,,,,,
794500,1961.3,0.000000,,,,,,,,
794600,1961.5,0.000001,,,,,,,,
794700,1961.8,0.000000,,,,,,,,
794800,1962.0,0.000000,,,,,,,,
794900,1962.3,0.000000,,,,,,,,
795000,1963.5,0.000000,0.000440,5.616452e-02,2.764298e-03,2.034206e-03,0.000000,4.146274e-02,2.632816e-03,1.980348e-03
795100,1963.7,0.000000,,,,,,,,
795200,1963.9,0.000000,,,,,,,,
795300,1964.1,0.000000,,,,,,,,
795400,1964.3,0.000001,,,,,,,,
795500,1964.5,0.000000,,,,,,,,
795600,1964.8,0.000001,,,,,,,,
795700,1965.0,0.000000,,,,,,,,
795800,1965.2,0.000000,,,,,,,,
795900,1965.4,0.000000,,,,,,,,
796000,1965.7,0.000001,,,,,,,,
796100,1965.9,0.000000,,,,,,,,
796200,1966.1,0.000000,,,,,,,,
796300,1966.4,0.000000,,,,,,,,
796400,1966.6,0.000001,,,,,,,,
796500,1966.8,0.000000,,,,,,,,
796600,1967.0,0.000000,,,,,,,,
796700,1967.2,0.000000,,,,,,,,
796800,1967.5,0.000001,,,,,,,,
796900,1967.7,0.000000,,,,,,,,
797000,1967.9,0.000000,,,,,,,,
797100,1968.1,0.000000,,,,,,,,
797200,1968.3,0.000000,,,,,,,,
797300,1968.6,0.000001,,,,,,,,
797400,1968.8,0.000000,,,,,,,,
797500,1969.0,0.000000,,,,,,,,
797600,1969.2,0.000000,,,,,,,,
797700,1969.5,0.000000,,,,,,,,
797800,1969.7,0.000001,,,,,,,,
797900,1969.9,0.000000,,,,,,,,
798000,1970.2,0.000000,,,,,,,,
798100,1970.4,0.000000,,,,,,,,
798200,1970.6,0.000000,,,,,,,,
798300,1970.8,0.000000,,,,,,,,
798400,1971.1,0.000001,,,,,,,,
798500,1971.3,0.000000,,,,,,,,
798600,1971.5,0.000000,,,,,,,,
798700,1971.8,0.000000,,,,,,,,
798800,1972.0,0.000001,,,,,,,,
798900,1972.2,0.000000,,,,,,,,
799000,1972.5,0.000000,,,,,,,,
799100,1972.7,0.000000,,,,,,,,
799200,1972.9,0.000000,,,,,,,,
799300,1973.2,0.000000,,,,,,,,
799400,1973.4,0.000001,,,,,,,,
799500,1973.6,0.000000,,,,,,,,
799600,1973.8,0.000000,,,,,,,,
799700,1974.1,0.000000,,,,,,,,
799800,1974.3,0.000000,,,,,,,,
799900,1974.5,0.000000,,,,,,,,
800000,1975.8,0.000001,0.000439,5.512000e-02,2.760453e-03,2.031853e-03,0.000000,3.990777e-02,2.628385e-03,1.977491e-03
