step,elapsed_s,train_loss,eval_loss,max_abs_err,mean_abs_err,median_abs_err,frac_under_boyd,max_abs_err_bulk,mean_abs_err_bulk,median_abs_err_bulk
100,0.7,0.098143,,,,,,,,
200,1.2,0.002327,,,,,,,,
300,1.7,0.002266,,,,,,,,
400,2.2,0.000435,,,,,,,,
500,2.7,0.000151,,,,,,,,
600,3.3,0.000493,,,,,,,,
700,3.9,0.000308,,,,,,,,
800,4.5,0.000374,,,,,,,,
900,5.0,0.000148,,,,,,,,
1000,5.6,0.000106,,,,,,,,
1100,6.2,0.000088,,,,,,,,
1200,6.7,0.000108,,,,,,,,
1300,7.3,0.000039,,,,,,,,
1400,7.9,0.000092,,,,,,,,
1500,8.4,0.000084,,,,,,,,
1600,9.0,0.000053,,,,,,,,
1700,9.6,0.000075,,,,,,,,
1800,10.1,0.000035,,,,,,,,
1900,10.7,0.000055,,,,,,,,
2000,11.3,0.000051,,,,,,,,
2100,11.9,0.000062,,,,,,,,
2200,12.4,0.000042,,,,,,,,
2300,13.0,0.000019,,,,,,,,
2400,13.6,0.000041,,,,,,,,
2500,14.1,0.000011,,,,,,,,
2600,14.7,0.000034,,,,,,,,
2700,15.3,0.000031,,,,,,,,
2800,15.8,0.000022,,,,,,,,
2900,16.4,0.000162,,,,,,,,
3000,17.0,0.000095,,,,,,,,
3100,17.5,0.000013,,,,,,,,
3200,18.1,0.000010,,,,,,,,
3300,18.7,0.000007,,,,,,,,
3400,19.3,0.000033,,,,,,,,
3500,19.8,0.000029,,,,,,,,
3600,20.4,0.000034,,,,,,,,
3700,21.0,0.000008,,,,,,,,
3800,21.6,0.000028,,,,,,,,
3900,22.1,0.000043,,,,,,,,
4000,22.7,0.000016,,,,,,,,
4100,23.2,0.000036,,,,,,,,
4200,23.8,0.000010,,,,,,,,
4300,24.4,0.000019,,,,,,,,
4400,24.9,0.000008,,,,,,,,
4500,25.5,0.000009,,,,,,,,
4600,26.0,0.000004,,,,,,,,
4700,26.6,0.000008,,,,,,,,
4800,27.1,0.000010,,,,,,,,
4900,27.7,0.000005,,,,,,,,
5000,30.3,0.000011,0.000008,2.152134e-01,1.335198e-02,1.105815e-02,0.000000,1.815692e-01,1.327294e-02,1.111963e-02
5100,30.7,0.000006,,,,,,,,
5200,31.2,0.000016,,,,,,,,
5300,31.6,0.000008,,,,,,,,
5400,32.1,0.000017,,,,,,,,
5500,32.5,0.000018,,,,,,,,
5600,32.9,0.000005,,,,,,,,
5700,33.4,0.000004,,,,,,,,
5800,33.9,0.000008,,,,,,,,
5900,34.5,0.000017,,,,,,,,
6000,35.0,0.000016,,,,,,,,
6100,35.6,0.000006,,,,,,,,
6200,36.2,0.000022,,,,,,,,
6300,36.7,0.000010,,,,,,,,
6400,37.3,0.000005,,,,,,,,
6500,37.9,0.000008,,,,,,,,
6600,38.4,0.000009,,,,,,,,
6700,39.0,0.000019,,,,,,,,
6800,39.6,0.000008,,,,,,,,
6900,40.2,0.000006,,,,,,,,
7000,40.7,0.000004,,,,,,,,
7100,41.3,0.000008,,,,,,,,
7200,41.9,0.000016,,,,,,,,
7300,42.4,0.000006,,,,,,,,
7400,43.0,0.000007,,,,,,,,
7500,43.6,0.000005,,,,,,,,
7600,44.1,0.000005,,,,,,,,
7700,44.6,0.000005,,,,,,,,
7800,45.2,0.000005,,,,,,,,
7900,45.8,0.000008,,,,,,,,
8000,46.4,0.000007,,,,,,,,
8100,46.9,0.000009,,,,,,,,
8200,47.5,0.000008,,,,,,,,
8300,48.1,0.000007,,,,,,,,
8400,48.6,0.000010,,,,,,,,
8500,49.2,0.000002,,,,,,,,
8600,49.8,0.000006,,,,,,,,
8700,50.3,0.000011,,,,,,,,
8800,50.9,0.000006,,,,,,,,
8900,51.5,0.000002,,,,,,,,
9000,52.0,0.000003,,,,,,,,
9100,52.6,0.000009,,,,,,,,
9200,53.2,0.000013,,,,,,,,
9300,53.7,0.000004,,,,,,,,
9400,54.3,0.000003,,,,,,,,
9500,54.9,0.000003,,,,,,,,
9600,55.4,0.000006,,,,,,,,
9700,56.0,0.000017,,,,,,,,
9800,56.6,0.000008,,,,,,,,
9900,57.2,0.000003,,,,,,,,
10000,59.6,0.000020,0.000029,2.238711e-01,2.781835e-02,2.857221e-02,0.000000,2.001878e-01,2.757794e-02,2.842308e-02
10100,60.0,0.000009,,,,,,,,
10200,60.5,0.000006,,,,,,,,
10300,60.9,0.000010,,,,,,,,
10400,61.3,0.000007,,,,,,,,
10500,61.8,0.000007,,,,,,,,
10600,62.2,0.000018,,,,,,,,
10700,62.7,0.000009,,,,,,,,
10800,63.3,0.000016,,,,,,,,
10900,63.9,0.000010,,,,,,,,
11000,64.4,0.000005,,,,,,,,
11100,65.0,0.000002,,,,,,,,
11200,65.6,0.000007,,,,,,,,
11300,66.1,0.000003,,,,,,,,
11400,66.7,0.000003,,,,,,,,
11500,67.3,0.000005,,,,,,,,
11600,67.8,0.000010,,,,,,,,
11700,68.4,0.000005,,,,,,,,
11800,69.0,0.000005,,,,,,,,
11900,69.6,0.000004,,,,,,,,
12000,70.2,0.000004,,,,,,,,
12100,70.7,0.000009,,,,,,,,
12200,71.3,0.000009,,,,,,,,
12300,71.9,0.000006,,,,,,,,
12400,72.4,0.000005,,,,,,,,
12500,73.0,0.000006,,,,,,,,
12600,73.6,0.000003,,,,,,,,
12700,74.1,0.000018,,,,,,,,
12800,74.7,0.000003,,,,,,,,
12900,75.3,0.000010,,,,,,,,
13000,75.9,0.000003,,,,,,,,
13100,76.4,0.000011,,,,,,,,
13200,77.0,0.000001,,,,,,,,
13300,77.6,0.000003,,,,,,,,
13400,78.2,0.000007,,,,,,,,
13500,78.7,0.000007,,,,,,,,
13600,79.3,0.000005,,,,,,,,
13700,79.9,0.000006,,,,,,,,
13800,80.4,0.000008,,,,,,,,
13900,81.0,0.000002,,,,,,,,
14000,81.6,0.000005,,,,,,,,
14100,82.1,0.000004,,,,,,,,
14200,82.7,0.000003,,,,,,,,
14300,83.3,0.000004,,,,,,,,
14400,83.9,0.000004,,,,,,,,
14500,84.4,0.000002,,,,,,,,
14600,85.0,0.000002,,,,,,,,
14700,85.6,0.000006,,,,,,,,
14800,86.1,0.000012,,,,,,,,
14900,86.7,0.000004,,,,,,,,
15000,89.1,0.000002,0.000005,1.105630e-01,1.113640e-02,9.850225e-03,0.000000,6.661124e-02,1.110395e-02,9.859665e-03
15100,89.6,0.000003,,,,,,,,
15200,90.0,0.000001,,,,,,,,
15300,90.5,0.000007,,,,,,,,
15400,90.9,0.000003,,,,,,,,
15500,91.3,0.000006,,,,,,,,
15600,91.8,0.000005,,,,,,,,
15700,92.2,0.000001,,,,,,,,
15800,92.7,0.000005,,,,,,,,
15900,93.2,0.000003,,,,,,,,
16000,93.8,0.000003,,,,,,,,
16100,94.4,0.000002,,,,,,,,
16200,94.9,0.000002,,,,,,,,
16300,95.5,0.000005,,,,,,,,
16400,96.1,0.000004,,,,,,,,
16500,96.6,0.000004,,,,,,,,
16600,97.2,0.000006,,,,,,,,
16700,97.8,0.000003,,,,,,,,
16800,98.3,0.000003,,,,,,,,
16900,98.9,0.000003,,,,,,,,
17000,99.4,0.000004,,,,,,,,
17100,100.0,0.000008,,,,,,,,
17200,100.6,0.000007,,,,,,,,
17300,101.2,0.000004,,,,,,,,
17400,101.8,0.000002,,,,,,,,
17500,102.3,0.000002,,,,,,,,
17600,102.9,0.000002,,,,,,,,
17700,103.4,0.000003,,,,,,,,
17800,104.0,0.000003,,,,,,,,
17900,104.6,0.000003,,,,,,,,
18000,105.2,0.000004,,,,,,,,
18100,105.8,0.000007,,,,,,,,
18200,106.3,0.000003,,,,,,,,
18300,106.9,0.000002,,,,,,,,
18400,107.4,0.000002,,,,,,,,
18500,108.0,0.000004,,,,,,,,
18600,108.6,0.000011,,,,,,,,
18700,109.2,0.000002,,,,,,,,
18800,109.7,0.000001,,,,,,,,
18900,110.3,0.000007,,,,,,,,
19000,110.8,0.000003,,,,,,,,
19100,111.3,0.000003,,,,,,,,
19200,111.8,0.000002,,,,,,,,
19300,112.3,0.000003,,,,,,,,
19400,112.9,0.000004,,,,,,,,
19500,113.5,0.000008,,,,,,,,
19600,114.0,0.000002,,,,,,,,
19700,114.6,0.000011,,,,,,,,
19800,115.2,0.000002,,,,,,,,
19900,115.7,0.000001,,,,,,,,
20000,118.2,0.000002,0.000003,7.894525e-02,8.315816e-03,6.272539e-03,0.000000,7.894525e-02,8.298205e-03,6.329744e-03
20100,118.6,0.000002,,,,,,,,
20200,119.1,0.000009,,,,,,,,
20300,119.5,0.000002,,,,,,,,
20400,119.9,0.000002,,,,,,,,
20500,120.4,0.000005,,,,,,,,
20600,120.8,0.000006,,,,,,,,
20700,121.3,0.000004,,,,,,,,
20800,121.8,0.000002,,,,,,,,
20900,122.4,0.000003,,,,,,,,
21000,122.9,0.000003,,,,,,,,
21100,123.5,0.000003,,,,,,,,
21200,124.0,0.000001,,,,,,,,
21300,124.6,0.000002,,,,,,,,
21400,125.2,0.000002,,,,,,,,
21500,125.7,0.000009,,,,,,,,
21600,126.3,0.000003,,,,,,,,
21700,126.8,0.000002,,,,,,,,
21800,127.4,0.000003,,,,,,,,
21900,128.0,0.000005,,,,,,,,
22000,128.5,0.000003,,,,,,,,
22100,129.1,0.000004,,,,,,,,
22200,129.7,0.000005,,,,,,,,
22300,130.2,0.000002,,,,,,,,
22400,130.8,0.000002,,,,,,,,
22500,131.3,0.000002,,,,,,,,
22600,131.8,0.000007,,,,,,,,
22700,132.3,0.000006,,,,,,,,
22800,132.9,0.000003,,,,,,,,
22900,133.4,0.000001,,,,,,,,
23000,134.0,0.000002,,,,,,,,
23100,134.6,0.000003,,,,,,,,
23200,135.1,0.000009,,,,,,,,
23300,135.7,0.000002,,,,,,,,
23400,136.3,0.000003,,,,,,,,
23500,136.8,0.000010,,,,,,,,
23600,137.4,0.000007,,,,,,,,
23700,138.0,0.000006,,,,,,,,
23800,138.5,0.000003,,,,,,,,
23900,139.1,0.000006,,,,,,,,
24000,139.7,0.000001,,,,,,,,
24100,140.2,0.000015,,,,,,,,
24200,140.8,0.000002,,,,,,,,
24300,141.4,0.000002,,,,,,,,
24400,141.9,0.000003,,,,,,,,
24500,142.5,0.000003,,,,,,,,
24600,143.1,0.000001,,,,,,,,
24700,143.7,0.000001,,,,,,,,
24800,144.2,0.000001,,,,,,,,
24900,144.8,0.000002,,,,,,,,
25000,147.2,0.000003,0.000002,5.777418e-02,7.304923e-03,6.975870e-03,0.000000,3.976942e-02,7.244711e-03,6.959265e-03
25100,147.7,0.000002,,,,,,,,
25200,148.1,0.000002,,,,,,,,
25300,148.6,0.000007,,,,,,,,
25400,149.0,0.000001,,,,,,,,
25500,149.4,0.000002,,,,,,,,
25600,149.9,0.000003,,,,,,,,
25700,150.3,0.000007,,,,,,,,
25800,150.9,0.000002,,,,,,,,
25900,151.5,0.000002,,,,,,,,
26000,152.0,0.000003,,,,,,,,
26100,152.6,0.000001,,,,,,,,
26200,153.2,0.000007,,,,,,,,
26300,153.7,0.000003,,,,,,,,
26400,154.3,0.000007,,,,,,,,
26500,154.9,0.000002,,,,,,,,
26600,155.5,0.000002,,,,,,,,
26700,156.0,0.000002,,,,,,,,
26800,156.6,0.000003,,,,,,,,
26900,157.2,0.000003,,,,,,,,
27000,157.7,0.000002,,,,,,,,
27100,158.3,0.000001,,,,,,,,
27200,158.9,0.000002,,,,,,,,
27300,159.5,0.000002,,,,,,,,
27400,160.0,0.000001,,,,,,,,
27500,160.6,0.000002,,,,,,,,
27600,161.1,0.000001,,,,,,,,
27700,161.7,0.000004,,,,,,,,
27800,162.3,0.000002,,,,,,,,
27900,162.8,0.000001,,,,,,,,
28000,163.4,0.000001,,,,,,,,
28100,164.0,0.000002,,,,,,,,
28200,164.5,0.000001,,,,,,,,
28300,165.1,0.000005,,,,,,,,
28400,165.7,0.000001,,,,,,,,
28500,166.3,0.000003,,,,,,,,
28600,166.9,0.000001,,,,,,,,
28700,167.4,0.000002,,,,,,,,
28800,168.0,0.000004,,,,,,,,
28900,168.6,0.000003,,,,,,,,
29000,169.2,0.000002,,,,,,,,
29100,169.7,0.000008,,,,,,,,
29200,170.3,0.000007,,,,,,,,
29300,170.9,0.000002,,,,,,,,
29400,171.4,0.000001,,,,,,,,
29500,172.0,0.000006,,,,,,,,
29600,172.6,0.000003,,,,,,,,
29700,173.1,0.000003,,,,,,,,
29800,173.7,0.000001,,,,,,,,
29900,174.3,0.000004,,,,,,,,
30000,176.7,0.000004,0.000003,8.850944e-02,9.270832e-03,8.386879e-03,0.000000,7.895637e-02,9.237280e-03,8.217553e-03
30100,177.1,0.000002,,,,,,,,
30200,177.6,0.000002,,,,,,,,
30300,178.0,0.000012,,,,,,,,
30400,178.5,0.000001,,,,,,,,
30500,178.9,0.000002,,,,,,,,
30600,179.3,0.000001,,,,,,,,
30700,179.8,0.000006,,,,,,,,
30800,180.2,0.000001,,,,,,,,
30900,180.7,0.000006,,,,,,,,
31000,181.3,0.000001,,,,,,,,
31100,181.8,0.000001,,,,,,,,
31200,182.4,0.000005,,,,,,,,
31300,183.0,0.000002,,,,,,,,
31400,183.6,0.000002,,,,,,,,
31500,184.1,0.000009,,,,,,,,
31600,184.7,0.000005,,,,,,,,
31700,185.3,0.000003,,,,,,,,
31800,185.8,0.000002,,,,,,,,
31900,186.4,0.000002,,,,,,,,
32000,187.0,0.000003,,,,,,,,
32100,187.5,0.000005,,,,,,,,
32200,188.1,0.000002,,,,,,,,
32300,188.6,0.000003,,,,,,,,
32400,189.2,0.000001,,,,,,,,
32500,189.8,0.000001,,,,,,,,
32600,190.3,0.000001,,,,,,,,
32700,190.9,0.000002,,,,,,,,
32800,191.5,0.000001,,,,,,,,
32900,192.0,0.000001,,,,,,,,
33000,192.6,0.000001,,,,,,,,
33100,193.2,0.000000,,,,,,,,
33200,193.8,0.000001,,,,,,,,
33300,194.3,0.000002,,,,,,,,
33400,194.9,0.000002,,,,,,,,
33500,195.5,0.000002,,,,,,,,
33600,196.0,0.000002,,,,,,,,
33700,196.6,0.000004,,,,,,,,
33800,197.1,0.000002,,,,,,,,
33900,197.7,0.000003,,,,,,,,
34000,198.2,0.000004,,,,,,,,
34100,198.8,0.000001,,,,,,,,
34200,199.3,0.000002,,,,,,,,
34300,199.8,0.000004,,,,,,,,
34400,200.4,0.000003,,,,,,,,
34500,201.0,0.000001,,,,,,,,
34600,201.5,0.000002,,,,,,,,
34700,202.0,0.000001,,,,,,,,
34800,202.5,0.000002,,,,,,,,
34900,203.1,0.000003,,,,,,,,
35000,205.5,0.000001,0.000001,7.650173e-02,5.120998e-03,3.861557e-03,0.000000,6.510592e-02,5.342475e-03,4.171233e-03
35100,205.9,0.000001,,,,,,,,
35200,206.4,0.000002,,,,,,,,
35300,206.8,0.000002,,,,,,,,
35400,207.3,0.000001,,,,,,,,
35500,207.7,0.000003,,,,,,,,
35600,208.1,0.000001,,,,,,,,
35700,208.6,0.000001,,,,,,,,
35800,209.1,0.000005,,,,,,,,
35900,209.6,0.000002,,,,,,,,
36000,210.2,0.000001,,,,,,,,
36100,210.7,0.000001,,,,,,,,
36200,211.3,0.000002,,,,,,,,
36300,211.8,0.000001,,,,,,,,
36400,212.4,0.000001,,,,,,,,
36500,213.0,0.000001,,,,,,,,
36600,213.5,0.000001,,,,,,,,
36700,214.1,0.000001,,,,,,,,
36800,214.7,0.000001,,,,,,,,
36900,215.2,0.000004,,,,,,,,
37000,215.8,0.000001,,,,,,,,
37100,216.4,0.000003,,,,,,,,
37200,217.0,0.000000,,,,,,,,
37300,217.5,0.000002,,,,,,,,
37400,218.1,0.000002,,,,,,,,
37500,218.7,0.000003,,,,,,,,
37600,219.2,0.000005,,,,,,,,
37700,219.8,0.000001,,,,,,,,
37800,220.4,0.000002,,,,,,,,
37900,220.9,0.000002,,,,,,,,
38000,221.5,0.000002,,,,,,,,
38100,222.1,0.000001,,,,,,,,
38200,222.6,0.000005,,,,,,,,
38300,223.2,0.000001,,,,,,,,
38400,223.8,0.000002,,,,,,,,
38500,224.4,0.000001,,,,,,,,
38600,224.9,0.000001,,,,,,,,
38700,225.5,0.000005,,,,,,,,
38800,226.1,0.000001,,,,,,,,
38900,226.6,0.000003,,,,,,,,
39000,227.2,0.000001,,,,,,,,
39100,227.8,0.000003,,,,,,,,
39200,228.4,0.000001,,,,,,,,
39300,228.9,0.000001,,,,,,,,
39400,229.5,0.000001,,,,,,,,
39500,230.1,0.000001,,,,,,,,
39600,230.6,0.000003,,,,,,,,
39700,231.1,0.000003,,,,,,,,
39800,231.7,0.000003,,,,,,,,
39900,232.3,0.000001,,,,,,,,
40000,234.7,0.000002,0.000002,1.140338e-01,6.880906e-03,5.368232e-03,0.000000,6.118608e-02,6.913894e-03,5.627793e-03
40100,235.1,0.000006,,,,,,,,
40200,235.6,0.000003,,,,,,,,
40300,236.0,0.000001,,,,,,,,
40400,236.4,0.000001,,,,,,,,
40500,236.9,0.000001,,,,,,,,
40600,237.3,0.000005,,,,,,,,
40700,237.8,0.000003,,,,,,,,
40800,238.3,0.000001,,,,,,,,
40900,238.8,0.000002,,,,,,,,
41000,239.4,0.000003,,,,,,,,
41100,239.9,0.000002,,,,,,,,
41200,240.5,0.000001,,,,,,,,
41300,241.1,0.000001,,,,,,,,
41400,241.6,0.000003,,,,,,,,
41500,242.2,0.000002,,,,,,,,
41600,242.8,0.000004,,,,,,,,
41700,243.4,0.000001,,,,,,,,
41800,244.0,0.000002,,,,,,,,
41900,244.5,0.000002,,,,,,,,
42000,245.1,0.000002,,,,,,,,
42100,245.7,0.000003,,,,,,,,
42200,246.2,0.000006,,,,,,,,
42300,246.8,0.000000,,,,,,,,
42400,247.4,0.000002,,,,,,,,
42500,247.9,0.000001,,,,,,,,
42600,248.5,0.000001,,,,,,,,
42700,249.0,0.000001,,,,,,,,
42800,249.6,0.000001,,,,,,,,
42900,250.1,0.000003,,,,,,,,
43000,250.7,0.000002,,,,,,,,
43100,251.2,0.000002,,,,,,,,
43200,251.8,0.000001,,,,,,,,
43300,252.3,0.000002,,,,,,,,
43400,252.9,0.000000,,,,,,,,
43500,253.5,0.000002,,,,,,,,
43600,254.0,0.000002,,,,,,,,
43700,254.6,0.000000,,,,,,,,
43800,255.2,0.000003,,,,,,,,
43900,255.7,0.000004,,,,,,,,
44000,256.3,0.000001,,,,,,,,
44100,256.8,0.000003,,,,,,,,
44200,257.4,0.000002,,,,,,,,
44300,258.0,0.000002,,,,,,,,
44400,258.5,0.000002,,,,,,,,
44500,259.1,0.000001,,,,,,,,
44600,259.7,0.000001,,,,,,,,
44700,260.2,0.000001,,,,,,,,
44800,260.8,0.000003,,,,,,,,
44900,261.3,0.000001,,,,,,,,
45000,263.7,0.000000,0.000001,1.015996e-01,4.842907e-03,3.842390e-03,0.000000,6.023289e-02,4.777673e-03,3.871891e-03
45100,264.2,0.000001,,,,,,,,
45200,264.6,0.000001,,,,,,,,
45300,265.0,0.000003,,,,,,,,
45400,265.5,0.000002,,,,,,,,
45500,265.9,0.000002,,,,,,,,
45600,266.4,0.000001,,,,,,,,
45700,266.8,0.000001,,,,,,,,
45800,267.2,0.000001,,,,,,,,
45900,267.7,0.000002,,,,,,,,
46000,268.1,0.000001,,,,,,,,
46100,268.6,0.000001,,,,,,,,
46200,269.1,0.000000,,,,,,,,
46300,269.7,0.000000,,,,,,,,
46400,270.2,0.000001,,,,,,,,
46500,270.8,0.000003,,,,,,,,
46600,271.4,0.000001,,,,,,,,
46700,271.9,0.000002,,,,,,,,
46800,272.4,0.000001,,,,,,,,
46900,272.9,0.000002,,,,,,,,
47000,273.5,0.000001,,,,,,,,
47100,274.1,0.000001,,,,,,,,
47200,274.6,0.000003,,,,,,,,
47300,275.2,0.000000,,,,,,,,
47400,275.7,0.000006,,,,,,,,
47500,276.2,0.000001,,,,,,,,
47600,276.8,0.000001,,,,,,,,
47700,277.4,0.000003,,,,,,,,
47800,278.0,0.000003,,,,,,,,
47900,278.5,0.000001,,,,,,,,
48000,279.0,0.000002,,,,,,,,
48100,279.5,0.000003,,,,,,,,
48200,280.1,0.000002,,,,,,,,
48300,280.7,0.000004,,,,,,,,
48400,281.2,0.000002,,,,,,,,
48500,281.8,0.000002,,,,,,,,
48600,282.3,0.000002,,,,,,,,
48700,282.9,0.000001,,,,,,,,
48800,283.5,0.000002,,,,,,,,
48900,284.0,0.000001,,,,,,,,
49000,284.6,0.000002,,,,,,,,
49100,285.2,0.000001,,,,,,,,
49200,285.7,0.000002,,,,,,,,
49300,286.3,0.000002,,,,,,,,
49400,286.8,0.000001,,,,,,,,
49500,287.4,0.000001,,,,,,,,
49600,287.8,0.000001,,,,,,,,
49700,288.3,0.000001,,,,,,,,
49800,288.8,0.000004,,,,,,,,
49900,289.2,0.000001,,,,,,,,
50000,291.6,0.000002,0.000001,8.944166e-02,5.455848e-03,4.260129e-03,0.000000,4.963518e-02,5.518755e-03,4.376544e-03
50100,292.1,0.000003,,,,,,,,
50200,292.5,0.000001,,,,,,,,
50300,293.0,0.000003,,,,,,,,
50400,293.4,0.000001,,,,,,,,
50500,293.8,0.000000,,,,,,,,
50600,294.3,0.000003,,,,,,,,
50700,294.7,0.000001,,,,,,,,
50800,295.2,0.000001,,,,,,,,
50900,295.7,0.000001,,,,,,,,
51000,296.3,0.000002,,,,,,,,
51100,296.9,0.000004,,,,,,,,
51200,297.4,0.000000,,,,,,,,
51300,298.0,0.000001,,,,,,,,
51400,298.5,0.000001,,,,,,,,
51500,299.1,0.000001,,,,,,,,
51600,299.7,0.000004,,,,,,,,
51700,300.3,0.000000,,,,,,,,
51800,300.9,0.000001,,,,,,,,
51900,301.5,0.000001,,,,,,,,
52000,302.1,0.000002,,,,,,,,
52100,302.7,0.000001,,,,,,,,
52200,303.3,0.000002,,,,,,,,
52300,303.9,0.000001,,,,,,,,
52400,304.5,0.000002,,,,,,,,
52500,305.1,0.000001,,,,,,,,
52600,305.7,0.000001,,,,,,,,
52700,306.3,0.000001,,,,,,,,
52800,306.9,0.000001,,,,,,,,
52900,307.5,0.000001,,,,,,,,
53000,308.1,0.000001,,,,,,,,
53100,308.7,0.000004,,,,,,,,
53200,309.3,0.000002,,,,,,,,
53300,309.9,0.000001,,,,,,,,
53400,310.5,0.000001,,,,,,,,
53500,311.1,0.000001,,,,,,,,
53600,311.7,0.000001,,,,,,,,
53700,312.3,0.000002,,,,,,,,
53800,312.9,0.000002,,,,,,,,
53900,313.5,0.000000,,,,,,,,
54000,314.1,0.000001,,,,,,,,
54100,314.7,0.000001,,,,,,,,
54200,315.3,0.000004,,,,,,,,
54300,315.9,0.000001,,,,,,,,
54400,316.5,0.000005,,,,,,,,
54500,317.1,0.000001,,,,,,,,
54600,317.7,0.000002,,,,,,,,
54700,318.3,0.000002,,,,,,,,
54800,318.9,0.000001,,,,,,,,
54900,319.5,0.000001,,,,,,,,
55000,321.9,0.000001,0.000001,9.644878e-02,5.986634e-03,4.995030e-03,0.000000,6.540824e-02,5.974734e-03,5.003116e-03
55100,322.4,0.000002,,,,,,,,
55200,322.9,0.000000,,,,,,,,
55300,323.3,0.000001,,,,,,,,
55400,323.7,0.000001,,,,,,,,
55500,324.2,0.000001,,,,,,,,
55600,324.6,0.000001,,,,,,,,
55700,325.1,0.000001,,,,,,,,
55800,325.6,0.000001,,,,,,,,
55900,326.2,0.000001,,,,,,,,
56000,326.7,0.000002,,,,,,,,
56100,327.3,0.000001,,,,,,,,
56200,327.8,0.000000,,,,,,,,
56300,328.4,0.000001,,,,,,,,
56400,329.0,0.000001,,,,,,,,
56500,329.5,0.000001,,,,,,,,
56600,330.1,0.000002,,,,,,,,
56700,330.7,0.000002,,,,,,,,
56800,331.2,0.000001,,,,,,,,
56900,331.8,0.000005,,,,,,,,
57000,332.4,0.000000,,,,,,,,
57100,332.9,0.000001,,,,,,,,
57200,333.5,0.000001,,,,,,,,
57300,334.0,0.000001,,,,,,,,
57400,334.6,0.000001,,,,,,,,
57500,335.2,0.000001,,,,,,,,
57600,335.7,0.000002,,,,,,,,
57700,336.3,0.000001,,,,,,,,
57800,336.8,0.000001,,,,,,,,
57900,337.4,0.000003,,,,,,,,
58000,338.0,0.000001,,,,,,,,
58100,338.5,0.000001,,,,,,,,
58200,339.1,0.000001,,,,,,,,
58300,339.7,0.000002,,,,,,,,
58400,340.2,0.000001,,,,,,,,
58500,340.8,0.000000,,,,,,,,
58600,341.3,0.000001,,,,,,,,
58700,341.9,0.000001,,,,,,,,
58800,342.4,0.000002,,,,,,,,
58900,343.0,0.000001,,,,,,,,
59000,343.6,0.000003,,,,,,,,
59100,344.1,0.000001,,,,,,,,
59200,344.7,0.000002,,,,,,,,
59300,345.2,0.000001,,,,,,,,
59400,345.8,0.000001,,,,,,,,
59500,346.4,0.000001,,,,,,,,
59600,346.9,0.000000,,,,,,,,
59700,347.5,0.000003,,,,,,,,
59800,348.1,0.000005,,,,,,,,
59900,348.6,0.000001,,,,,,,,
60000,351.1,0.000002,0.000001,6.184828e-02,4.696167e-03,3.609567e-03,0.000000,4.785046e-02,4.763096e-03,3.658716e-03
60100,351.5,0.000001,,,,,,,,
60200,352.0,0.000002,,,,,,,,
60300,352.4,0.000000,,,,,,,,
60400,352.8,0.000001,,,,,,,,
60500,353.3,0.000005,,,,,,,,
60600,353.7,0.000001,,,,,,,,
60700,354.2,0.000001,,,,,,,,
60800,354.6,0.000003,,,,,,,,
60900,355.1,0.000002,,,,,,,,
61000,355.6,0.000001,,,,,,,,
61100,356.2,0.000001,,,,,,,,
61200,356.8,0.000001,,,,,,,,
61300,357.4,0.000001,,,,,,,,
61400,357.9,0.000002,,,,,,,,
61500,358.5,0.000000,,,,,,,,
61600,359.1,0.000001,,,,,,,,
61700,359.6,0.000002,,,,,,,,
61800,360.2,0.000001,,,,,,,,
61900,360.8,0.000001,,,,,,,,
62000,361.3,0.000000,,,,,,,,
62100,361.9,0.000010,,,,,,,,
62200,362.5,0.000000,,,,,,,,
62300,363.1,0.000001,,,,,,,,
62400,363.6,0.000004,,,,,,,,
62500,364.2,0.000001,,,,,,,,
62600,364.8,0.000002,,,,,,,,
62700,365.3,0.000001,,,,,,,,
62800,365.9,0.000001,,,,,,,,
62900,366.5,0.000003,,,,,,,,
63000,367.1,0.000002,,,,,,,,
63100,367.6,0.000000,,,,,,,,
63200,368.2,0.000001,,,,,,,,
63300,368.7,0.000002,,,,,,,,
63400,369.3,0.000001,,,,,,,,
63500,369.9,0.000002,,,,,,,,
63600,370.5,0.000001,,,,,,,,
63700,371.0,0.000003,,,,,,,,
63800,371.6,0.000000,,,,,,,,
63900,372.2,0.000001,,,,,,,,
64000,372.7,0.000001,,,,,,,,
64100,373.3,0.000001,,,,,,,,
64200,373.9,0.000002,,,,,,,,
64300,374.4,0.000001,,,,,,,,
64400,375.0,0.000000,,,,,,,,
64500,375.5,0.000001,,,,,,,,
64600,376.0,0.000000,,,,,,,,
64700,376.4,0.000001,,,,,,,,
64800,376.9,0.000002,,,,,,,,
64900,377.3,0.000001,,,,,,,,
65000,379.6,0.000001,0.000001,6.752566e-02,4.955271e-03,3.573497e-03,0.000000,5.569535e-02,5.059750e-03,3.727770e-03
65100,380.1,0.000001,,,,,,,,
65200,380.5,0.000002,,,,,,,,
65300,380.9,0.000001,,,,,,,,
65400,381.4,0.000001,,,,,,,,
65500,381.8,0.000003,,,,,,,,
65600,382.3,0.000000,,,,,,,,
65700,382.7,0.000001,,,,,,,,
65800,383.2,0.000001,,,,,,,,
65900,383.7,0.000001,,,,,,,,
66000,384.2,0.000001,,,,,,,,
66100,384.8,0.000001,,,,,,,,
66200,385.4,0.000001,,,,,,,,
66300,385.9,0.000000,,,,,,,,
66400,386.5,0.000001,,,,,,,,
66500,387.0,0.000001,,,,,,,,
66600,387.6,0.000001,,,,,,,,
66700,388.2,0.000001,,,,,,,,
66800,388.7,0.000001,,,,,,,,
66900,389.3,0.000003,,,,,,,,
67000,389.9,0.000001,,,,,,,,
67100,390.4,0.000001,,,,,,,,
67200,391.0,0.000001,,,,,,,,
67300,391.6,0.000001,,,,,,,,
67400,392.1,0.000001,,,,,,,,
67500,392.7,0.000000,,,,,,,,
67600,393.3,0.000001,,,,,,,,
67700,393.8,0.000001,,,,,,,,
67800,394.4,0.000002,,,,,,,,
67900,394.9,0.000000,,,,,,,,
68000,395.5,0.000001,,,,,,,,
68100,396.0,0.000001,,,,,,,,
68200,396.6,0.000002,,,,,,,,
68300,397.1,0.000001,,,,,,,,
68400,397.7,0.000001,,,,,,,,
68500,398.3,0.000002,,,,,,,,
68600,398.8,0.000001,,,,,,,,
68700,399.4,0.000001,,,,,,,,
68800,400.0,0.000002,,,,,,,,
68900,400.5,0.000000,,,,,,,,
69000,401.1,0.000004,,,,,,,,
69100,401.6,0.000001,,,,,,,,
69200,402.1,0.000001,,,,,,,,
69300,402.7,0.000001,,,,,,,,
69400,403.3,0.000001,,,,,,,,
69500,403.8,0.000001,,,,,,,,
69600,404.4,0.000000,,,,,,,,
69700,405.0,0.000001,,,,,,,,
69800,405.5,0.000001,,,,,,,,
69900,406.1,0.000003,,,,,,,,
70000,408.5,0.000001,0.000000,9.269065e-02,3.073153e-03,2.189931e-03,0.000000,5.432249e-02,2.927504e-03,2.169736e-03
70100,409.0,0.000001,,,,,,,,
70200,409.4,0.000000,,,,,,,,
70300,409.8,0.000000,,,,,,,,
70400,410.3,0.000002,,,,,,,,
70500,410.7,0.000002,,,,,,,,
70600,411.2,0.000003,,,,,,,,
70700,411.6,0.000001,,,,,,,,
70800,412.0,0.000002,,,,,,,,
70900,412.5,0.000001,,,,,,,,
71000,413.0,0.000002,,,,,,,,
71100,413.5,0.000001,,,,,,,,
71200,414.1,0.000000,,,,,,,,
71300,414.6,0.000000,,,,,,,,
71400,415.2,0.000000,,,,,,,,
71500,415.8,0.000001,,,,,,,,
71600,416.3,0.000000,,,,,,,,
71700,416.9,0.000001,,,,,,,,
71800,417.5,0.000002,,,,,,,,
71900,418.0,0.000000,,,,,,,,
72000,418.6,0.000001,,,,,,,,
72100,419.1,0.000001,,,,,,,,
72200,419.7,0.000000,,,,,,,,
72300,420.3,0.000000,,,,,,,,
72400,420.8,0.000000,,,,,,,,
72500,421.4,0.000001,,,,,,,,
72600,421.9,0.000001,,,,,,,,
72700,422.5,0.000003,,,,,,,,
72800,423.1,0.000001,,,,,,,,
72900,423.6,0.000001,,,,,,,,
73000,424.2,0.000001,,,,,,,,
73100,424.7,0.000000,,,,,,,,
73200,425.3,0.000000,,,,,,,,
73300,425.9,0.000001,,,,,,,,
73400,426.4,0.000002,,,,,,,,
73500,426.9,0.000003,,,,,,,,
73600,427.5,0.000001,,,,,,,,
73700,428.0,0.000000,,,,,,,,
73800,428.6,0.000001,,,,,,,,
73900,429.1,0.000002,,,,,,,,
74000,429.7,0.000001,,,,,,,,
74100,430.2,0.000001,,,,,,,,
74200,430.8,0.000000,,,,,,,,
74300,431.3,0.000002,,,,,,,,
74400,431.9,0.000001,,,,,,,,
74500,432.5,0.000000,,,,,,,,
74600,433.0,0.000002,,,,,,,,
74700,433.6,0.000002,,,,,,,,
74800,434.2,0.000001,,,,,,,,
74900,434.7,0.000000,,,,,,,,
75000,437.1,0.000001,0.000001,9.686489e-02,3.366375e-03,2.697298e-03,0.000000,4.182202e-02,3.347360e-03,2.739247e-03
75100,437.6,0.000002,,,,,,,,
75200,438.0,0.000001,,,,,,,,
75300,438.5,0.000001,,,,,,,,
75400,438.9,0.000000,,,,,,,,
75500,439.3,0.000001,,,,,,,,
75600,439.8,0.000001,,,,,,,,
75700,440.2,0.000001,,,,,,,,
75800,440.7,0.000001,,,,,,,,
75900,441.2,0.000002,,,,,,,,
76000,441.7,0.000001,,,,,,,,
76100,442.3,0.000001,,,,,,,,
76200,442.9,0.000001,,,,,,,,
76300,443.4,0.000004,,,,,,,,
76400,444.0,0.000001,,,,,,,,
76500,444.5,0.000002,,,,,,,,
76600,445.1,0.000001,,,,,,,,
76700,445.7,0.000002,,,,,,,,
76800,446.2,0.000001,,,,,,,,
76900,446.8,0.000001,,,,,,,,
77000,447.4,0.000001,,,,,,,,
77100,447.9,0.000001,,,,,,,,
77200,448.5,0.000000,,,,,,,,
77300,449.0,0.000001,,,,,,,,
77400,449.6,0.000001,,,,,,,,
77500,450.2,0.000001,,,,,,,,
77600,450.7,0.000001,,,,,,,,
77700,451.3,0.000002,,,,,,,,
77800,451.8,0.000001,,,,,,,,
77900,452.4,0.000000,,,,,,,,
78000,453.0,0.000001,,,,,,,,
78100,453.5,0.000002,,,,,,,,
78200,454.1,0.000000,,,,,,,,
78300,454.6,0.000002,,,,,,,,
78400,455.2,0.000002,,,,,,,,
78500,455.8,0.000000,,,,,,,,
78600,456.3,0.000001,,,,,,,,
78700,456.9,0.000002,,,,,,,,
78800,457.5,0.000001,,,,,,,,
78900,458.1,0.000000,,,,,,,,
79000,458.6,0.000001,,,,,,,,
79100,459.2,0.000000,,,,,,,,
79200,459.7,0.000001,,,,,,,,
79300,460.3,0.000001,,,,,,,,
79400,460.9,0.000001,,,,,,,,
79500,461.4,0.000000,,,,,,,,
79600,462.0,0.000000,,,,,,,,
79700,462.6,0.000001,,,,,,,,
79800,463.1,0.000002,,,,,,,,
79900,463.7,0.000001,,,,,,,,
80000,466.1,0.000002,0.000001,5.263912e-02,4.381555e-03,3.514335e-03,0.000000,4.550100e-02,4.281247e-03,3.456122e-03
80100,466.5,0.000001,,,,,,,,
80200,467.0,0.000000,,,,,,,,
80300,467.4,0.000000,,,,,,,,
80400,467.9,0.000001,,,,,,,,
80500,468.3,0.000001,,,,,,,,
80600,468.7,0.000000,,,,,,,,
80700,469.2,0.000001,,,,,,,,
80800,469.7,0.000000,,,,,,,,
80900,470.2,0.000001,,,,,,,,
81000,470.7,0.000000,,,,,,,,
81100,471.3,0.000001,,,,,,,,
81200,471.9,0.000000,,,,,,,,
81300,472.4,0.000001,,,,,,,,
81400,473.0,0.000002,,,,,,,,
81500,473.5,0.000002,,,,,,,,
81600,474.1,0.000000,,,,,,,,
81700,474.7,0.000001,,,,,,,,
81800,475.2,0.000004,,,,,,,,
81900,475.8,0.000000,,,,,,,,
82000,476.4,0.000001,,,,,,,,
82100,476.9,0.000001,,,,,,,,
82200,477.5,0.000002,,,,,,,,
82300,478.1,0.000000,,,,,,,,
82400,478.6,0.000001,,,,,,,,
82500,479.2,0.000002,,,,,,,,
82600,479.7,0.000001,,,,,,,,
82700,480.3,0.000001,,,,,,,,
82800,480.9,0.000001,,,,,,,,
82900,481.4,0.000000,,,,,,,,
83000,482.0,0.000000,,,,,,,,
83100,482.5,0.000001,,,,,,,,
83200,483.1,0.000001,,,,,,,,
83300,483.7,0.000001,,,,,,,,
83400,484.2,0.000001,,,,,,,,
83500,484.8,0.000002,,,,,,,,
83600,485.4,0.000002,,,,,,,,
83700,485.9,0.000001,,,,,,,,
83800,486.5,0.000000,,,,,,,,
83900,487.1,0.000001,,,,,,,,
84000,487.6,0.000000,,,,,,,,
84100,488.2,0.000001,,,,,,,,
84200,488.7,0.000001,,,,,,,,
84300,489.3,0.000001,,,,,,,,
84400,489.8,0.000001,,,,,,,,
84500,490.4,0.000001,,,,,,,,
84600,491.0,0.000001,,,,,,,,
84700,491.5,0.000000,,,,,,,,
84800,492.1,0.000002,,,,,,,,
84900,492.6,0.000001,,,,,,,,
85000,495.1,0.000001,0.000002,7.387021e-02,6.678763e-03,5.543647e-03,0.000000,5.204440e-02,6.810055e-03,5.702570e-03
85100,495.5,0.000001,,,,,,,,
85200,495.9,0.000000,,,,,,,,
85300,496.4,0.000002,,,,,,,,
85400,496.8,0.000000,,,,,,,,
85500,497.3,0.000002,,,,,,,,
85600,497.7,0.000002,,,,,,,,
85700,498.1,0.000000,,,,,,,,
85800,498.6,0.000002,,,,,,,,
85900,499.1,0.000001,,,,,,,,
86000,499.7,0.000000,,,,,,,,
86100,500.2,0.000000,,,,,,,,
86200,500.8,0.000001,,,,,,,,
86300,501.4,0.000001,,,,,,,,
86400,501.9,0.000001,,,,,,,,
86500,502.5,0.000000,,,,,,,,
86600,503.1,0.000001,,,,,,,,
86700,503.7,0.000001,,,,,,,,
86800,504.3,0.000002,,,,,,,,
86900,504.8,0.000002,,,,,,,,
87000,505.4,0.000000,,,,,,,,
87100,506.0,0.000002,,,,,,,,
87200,506.6,0.000002,,,,,,,,
87300,507.1,0.000001,,,,,,,,
87400,507.6,0.000002,,,,,,,,
87500,508.1,0.000001,,,,,,,,
87600,508.7,0.000000,,,,,,,,
87700,509.3,0.000001,,,,,,,,
87800,509.8,0.000001,,,,,,,,
87900,510.4,0.000001,,,,,,,,
88000,511.0,0.000000,,,,,,,,
88100,511.6,0.000000,,,,,,,,
88200,512.1,0.000002,,,,,,,,
88300,512.7,0.000000,,,,,,,,
88400,513.2,0.000000,,,,,,,,
88500,513.8,0.000001,,,,,,,,
88600,514.4,0.000002,,,,,,,,
88700,515.0,0.000000,,,,,,,,
88800,515.5,0.000001,,,,,,,,
88900,516.1,0.000001,,,,,,,,
89000,516.6,0.000001,,,,,,,,
89100,517.2,0.000001,,,,,,,,
89200,517.7,0.000001,,,,,,,,
89300,518.3,0.000001,,,,,,,,
89400,518.9,0.000000,,,,,,,,
89500,519.4,0.000001,,,,,,,,
89600,520.0,0.000003,,,,,,,,
89700,520.5,0.000001,,,,,,,,
89800,521.1,0.000000,,,,,,,,
89900,521.7,0.000002,,,,,,,,
90000,524.1,0.000000,0.000000,4.815590e-02,2.635373e-03,2.312895e-03,0.000000,3.189612e-02,2.636450e-03,2.353595e-03
90100,524.5,0.000001,,,,,,,,
90200,525.0,0.000000,,,,,,,,
90300,525.4,0.000001,,,,,,,,
90400,525.9,0.000001,,,,,,,,
90500,526.3,0.000001,,,,,,,,
90600,526.7,0.000000,,,,,,,,
90700,527.2,0.000000,,,,,,,,
90800,527.6,0.000001,,,,,,,,
90900,528.2,0.000000,,,,,,,,
91000,528.7,0.000001,,,,,,,,
91100,529.3,0.000004,,,,,,,,
91200,529.9,0.000001,,,,,,,,
91300,530.4,0.000001,,,,,,,,
91400,531.0,0.000000,,,,,,,,
91500,531.5,0.000001,,,,,,,,
91600,532.1,0.000000,,,,,,,,
91700,532.6,0.000001,,,,,,,,
91800,533.2,0.000000,,,,,,,,
91900,533.8,0.000000,,,,,,,,
92000,534.3,0.000000,,,,,,,,
92100,534.9,0.000001,,,,,,,,
92200,535.4,0.000000,,,,,,,,
92300,536.0,0.000000,,,,,,,,
92400,536.6,0.000001,,,,,,,,
92500,537.1,0.000000,,,,,,,,
92600,537.7,0.000001,,,,,,,,
92700,538.2,0.000001,,,,,,,,
92800,538.8,0.000000,,,,,,,,
92900,539.4,0.000000,,,,,,,,
93000,539.9,0.000000,,,,,,,,
93100,540.5,0.000000,,,,,,,,
93200,541.1,0.000001,,,,,,,,
93300,541.6,0.000000,,,,,,,,
93400,542.1,0.000001,,,,,,,,
93500,542.6,0.000000,,,,,,,,
93600,543.1,0.000001,,,,,,,,
93700,543.7,0.000001,,,,,,,,
93800,544.2,0.000000,,,,,,,,
93900,544.8,0.000000,,,,,,,,
94000,545.4,0.000001,,,,,,,,
94100,545.9,0.000002,,,,,,,,
94200,546.5,0.000000,,,,,,,,
94300,547.1,0.000000,,,,,,,,
94400,547.6,0.000001,,,,,,,,
94500,548.2,0.000001,,,,,,,,
94600,548.7,0.000001,,,,,,,,
94700,549.3,0.000000,,,,,,,,
94800,549.9,0.000000,,,,,,,,
94900,550.4,0.000001,,,,,,,,
95000,552.8,0.000001,0.000001,7.895656e-02,3.992780e-03,3.734356e-03,0.000000,4.384828e-02,3.999204e-03,3.773810e-03
95100,553.2,0.000000,,,,,,,,
95200,553.7,0.000001,,,,,,,,
95300,554.1,0.000001,,,,,,,,
95400,554.6,0.000001,,,,,,,,
95500,555.0,0.000002,,,,,,,,
95600,555.4,0.000000,,,,,,,,
95700,555.9,0.000002,,,,,,,,
95800,556.3,0.000001,,,,,,,,
95900,556.8,0.000001,,,,,,,,
96000,557.2,0.000001,,,,,,,,
96100,557.7,0.000000,,,,,,,,
96200,558.2,0.000001,,,,,,,,
96300,558.8,0.000003,,,,,,,,
96400,559.3,0.000001,,,,,,,,
96500,559.8,0.000002,,,,,,,,
96600,560.4,0.000000,,,,,,,,
96700,560.9,0.000000,,,,,,,,
96800,561.5,0.000000,,,,,,,,
96900,562.0,0.000000,,,,,,,,
97000,562.6,0.000001,,,,,,,,
97100,563.2,0.000001,,,,,,,,
97200,563.7,0.000000,,,,,,,,
97300,564.3,0.000006,,,,,,,,
97400,564.9,0.000001,,,,,,,,
97500,565.4,0.000000,,,,,,,,
97600,566.0,0.000001,,,,,,,,
97700,566.5,0.000000,,,,,,,,
97800,567.1,0.000001,,,,,,,,
97900,567.7,0.000001,,,,,,,,
98000,568.2,0.000000,,,,,,,,
98100,568.8,0.000000,,,,,,,,
98200,569.4,0.000000,,,,,,,,
98300,569.9,0.000000,,,,,,,,
98400,570.5,0.000000,,,,,,,,
98500,571.0,0.000001,,,,,,,,
98600,571.6,0.000000,,,,,,,,
98700,572.1,0.000001,,,,,,,,
98800,572.7,0.000001,,,,,,,,
98900,573.2,0.000001,,,,,,,,
99000,573.8,0.000001,,,,,,,,
99100,574.3,0.000001,,,,,,,,
99200,574.9,0.000001,,,,,,,,
99300,575.4,0.000001,,,,,,,,
99400,575.9,0.000001,,,,,,,,
99500,576.4,0.000001,,,,,,,,
99600,577.0,0.000000,,,,,,,,
99700,577.5,0.000001,,,,,,,,
99800,578.1,0.000001,,,,,,,,
99900,578.7,0.000001,,,,,,,,
100000,581.0,0.000001,0.000001,1.295108e-01,5.968100e-03,4.824034e-03,0.000000,2.962358e-02,5.902020e-03,4.763945e-03
100100,581.5,0.000000,,,,,,,,
100200,581.9,0.000000,,,,,,,,
100300,582.4,0.000002,,,,,,,,
100400,582.8,0.000001,,,,,,,,
100500,583.3,0.000001,,,,,,,,
100600,583.7,0.000000,,,,,,,,
100700,584.2,0.000000,,,,,,,,
100800,584.6,0.000001,,,,,,,,
100900,585.1,0.000001,,,,,,,,
101000,585.6,0.000000,,,,,,,,
101100,586.2,0.000000,,,,,,,,
101200,586.8,0.000001,,,,,,,,
101300,587.3,0.000000,,,,,,,,
101400,587.9,0.000001,,,,,,,,
101500,588.4,0.000001,,,,,,,,
101600,589.0,0.000000,,,,,,,,
101700,589.6,0.000000,,,,,,,,
101800,590.1,0.000001,,,,,,,,
101900,590.7,0.000000,,,,,,,,
102000,591.2,0.000001,,,,,,,,
102100,591.8,0.000001,,,,,,,,
102200,592.4,0.000001,,,,,,,,
102300,592.9,0.000002,,,,,,,,
102400,593.5,0.000001,,,,,,,,
102500,594.0,0.000000,,,,,,,,
102600,594.6,0.000001,,,,,,,,
102700,595.1,0.000000,,,,,,,,
102800,595.7,0.000000,,,,,,,,
102900,596.2,0.000001,,,,,,,,
103000,596.7,0.000002,,,,,,,,
103100,597.3,0.000001,,,,,,,,
103200,597.8,0.000002,,,,,,,,
103300,598.4,0.000001,,,,,,,,
103400,599.0,0.000001,,,,,,,,
103500,599.5,0.000001,,,,,,,,
103600,600.1,0.000001,,,,,,,,
103700,600.7,0.000001,,,,,,,,
103800,601.2,0.000001,,,,,,,,
103900,601.8,0.000000,,,,,,,,
104000,602.3,0.000001,,,,,,,,
104100,602.9,0.000001,,,,,,,,
104200,603.5,0.000001,,,,,,,,
104300,604.0,0.000001,,,,,,,,
104400,604.5,0.000001,,,,,,,,
104500,605.1,0.000001,,,,,,,,
104600,605.7,0.000001,,,,,,,,
104700,606.2,0.000001,,,,,,,,
104800,606.8,0.000002,,,,,,,,
104900,607.4,0.000001,,,,,,,,
105000,609.7,0.000001,0.000001,3.115763e-02,6.052364e-03,5.674300e-03,0.000000,2.761109e-02,6.062826e-03,5.565901e-03
105100,610.2,0.000001,,,,,,,,
105200,610.6,0.000001,,,,,,,,
105300,611.1,0.000001,,,,,,,,
105400,611.5,0.000000,,,,,,,,
105500,611.9,0.000001,,,,,,,,
105600,612.4,0.000000,,,,,,,,
105700,612.8,0.000001,,,,,,,,
105800,613.3,0.000001,,,,,,,,
105900,613.8,0.000001,,,,,,,,
106000,614.3,0.000000,,,,,,,,
106100,614.9,0.000001,,,,,,,,
106200,615.5,0.000001,,,,,,,,
106300,616.0,0.000000,,,,,,,,
106400,616.6,0.000001,,,,,,,,
106500,617.2,0.000002,,,,,,,,
106600,617.7,0.000001,,,,,,,,
106700,618.3,0.000001,,,,,,,,
106800,618.8,0.000001,,,,,,,,
106900,619.4,0.000001,,,,,,,,
107000,620.0,0.000001,,,,,,,,
107100,620.5,0.000002,,,,,,,,
107200,621.0,0.000000,,,,,,,,
107300,621.6,0.000001,,,,,,,,
107400,622.2,0.000000,,,,,,,,
107500,622.7,0.000000,,,,,,,,
107600,623.3,0.000001,,,,,,,,
107700,623.9,0.000000,,,,,,,,
107800,624.4,0.000000,,,,,,,,
107900,625.0,0.000001,,,,,,,,
108000,625.6,0.000001,,,,,,,,
108100,626.1,0.000000,,,,,,,,
108200,626.7,0.000001,,,,,,,,
108300,627.2,0.000001,,,,,,,,
108400,627.8,0.000000,,,,,,,,
108500,628.4,0.000000,,,,,,,,
108600,628.9,0.000000,,,,,,,,
108700,629.5,0.000000,,,,,,,,
108800,630.1,0.000000,,,,,,,,
108900,630.6,0.000001,,,,,,,,
109000,631.2,0.000001,,,,,,,,
109100,631.7,0.000000,,,,,,,,
109200,632.3,0.000001,,,,,,,,
109300,632.9,0.000000,,,,,,,,
109400,633.4,0.000000,,,,,,,,
109500,634.0,0.000001,,,,,,,,
109600,634.6,0.000001,,,,,,,,
109700,635.1,0.000001,,,,,,,,
109800,635.7,0.000001,,,,,,,,
109900,636.2,0.000000,,,,,,,,
110000,638.6,0.000000,0.000000,4.377932e-02,2.462049e-03,2.030077e-03,0.000000,2.667386e-02,2.524138e-03,2.144898e-03
110100,639.1,0.000001,,,,,,,,
110200,639.5,0.000000,,,,,,,,
110300,640.0,0.000001,,,,,,,,
110400,640.4,0.000000,,,,,,,,
110500,640.9,0.000001,,,,,,,,
110600,641.3,0.000001,,,,,,,,
110700,641.8,0.000001,,,,,,,,
110800,642.3,0.000000,,,,,,,,
110900,642.9,0.000000,,,,,,,,
111000,643.4,0.000001,,,,,,,,
111100,644.0,0.000000,,,,,,,,
111200,644.6,0.000000,,,,,,,,
111300,645.1,0.000001,,,,,,,,
111400,645.7,0.000000,,,,,,,,
111500,646.2,0.000001,,,,,,,,
111600,646.8,0.000000,,,,,,,,
111700,647.4,0.000001,,,,,,,,
111800,647.9,0.000000,,,,,,,,
111900,648.5,0.000000,,,,,,,,
112000,649.1,0.000002,,,,,,,,
112100,649.6,0.000000,,,,,,,,
112200,650.2,0.000000,,,,,,,,
112300,650.7,0.000001,,,,,,,,
112400,651.3,0.000002,,,,,,,,
112500,651.9,0.000002,,,,,,,,
112600,652.4,0.000001,,,,,,,,
112700,653.0,0.000000,,,,,,,,
112800,653.6,0.000001,,,,,,,,
112900,654.1,0.000001,,,,,,,,
113000,654.5,0.000000,,,,,,,,
113100,655.0,0.000001,,,,,,,,
113200,655.5,0.000001,,,,,,,,
113300,656.0,0.000001,,,,,,,,
113400,656.5,0.000000,,,,,,,,
113500,657.1,0.000000,,,,,,,,
113600,657.7,0.000000,,,,,,,,
113700,658.2,0.000001,,,,,,,,
113800,658.8,0.000001,,,,,,,,
113900,659.3,0.000001,,,,,,,,
114000,659.9,0.000000,,,,,,,,
114100,660.5,0.000000,,,,,,,,
114200,661.0,0.000000,,,,,,,,
114300,661.6,0.000000,,,,,,,,
114400,662.1,0.000000,,,,,,,,
114500,662.7,0.000000,,,,,,,,
114600,663.2,0.000001,,,,,,,,
114700,663.7,0.000001,,,,,,,,
114800,664.2,0.000000,,,,,,,,
114900,664.6,0.000001,,,,,,,,
115000,666.9,0.000000,0.000001,8.633768e-02,3.973206e-03,3.474926e-03,0.000000,7.829914e-02,3.827318e-03,3.373944e-03
115100,667.3,0.000000,,,,,,,,
115200,667.7,0.000001,,,,,,,,
115300,668.2,0.000001,,,,,,,,
115400,668.6,0.000000,,,,,,,,
115500,669.0,0.000000,,,,,,,,
115600,669.5,0.000001,,,,,,,,
115700,669.9,0.000000,,,,,,,,
115800,670.4,0.000001,,,,,,,,
115900,670.9,0.000000,,,,,,,,
116000,671.3,0.000000,,,,,,,,
116100,671.9,0.000001,,,,,,,,
116200,672.5,0.000000,,,,,,,,
116300,673.0,0.000000,,,,,,,,
116400,673.5,0.000000,,,,,,,,
116500,674.1,0.000000,,,,,,,,
116600,674.7,0.000001,,,,,,,,
116700,675.2,0.000000,,,,,,,,
116800,675.8,0.000001,,,,,,,,
116900,676.4,0.000001,,,,,,,,
117000,676.9,0.000002,,,,,,,,
117100,677.5,0.000002,,,,,,,,
117200,678.0,0.000000,,,,,,,,
117300,678.6,0.000001,,,,,,,,
117400,679.2,0.000000,,,,,,,,
117500,679.7,0.000000,,,,,,,,
117600,680.3,0.000001,,,,,,,,
117700,680.8,0.000001,,,,,,,,
117800,681.4,0.000001,,,,,,,,
117900,682.0,0.000001,,,,,,,,
118000,682.5,0.000001,,,,,,,,
118100,683.1,0.000000,,,,,,,,
118200,683.6,0.000000,,,,,,,,
118300,684.2,0.000000,,,,,,,,
118400,684.8,0.000000,,,,,,,,
118500,685.3,0.000000,,,,,,,,
118600,685.9,0.000000,,,,,,,,
118700,686.4,0.000000,,,,,,,,
118800,687.0,0.000001,,,,,,,,
118900,687.6,0.000001,,,,,,,,
119000,688.1,0.000000,,,,,,,,
119100,688.7,0.000000,,,,,,,,
119200,689.3,0.000001,,,,,,,,
119300,689.8,0.000000,,,,,,,,
119400,690.4,0.000000,,,,,,,,
119500,690.9,0.000001,,,,,,,,
119600,691.5,0.000000,,,,,,,,
119700,692.0,0.000001,,,,,,,,
119800,692.6,0.000000,,,,,,,,
119900,693.1,0.000001,,,,,,,,
120000,695.6,0.000001,0.000001,1.098365e-01,5.146347e-03,3.970294e-03,0.000000,5.512433e-02,5.309325e-03,4.267778e-03
120100,696.0,0.000000,,,,,,,,
120200,696.4,0.000000,,,,,,,,
120300,696.9,0.000001,,,,,,,,
120400,697.3,0.000001,,,,,,,,
120500,697.8,0.000000,,,,,,,,
120600,698.2,0.000000,,,,,,,,
120700,698.6,0.000001,,,,,,,,
120800,699.1,0.000000,,,,,,,,
120900,699.7,0.000000,,,,,,,,
121000,700.3,0.000001,,,,,,,,
121100,700.8,0.000001,,,,,,,,
121200,701.4,0.000001,,,,,,,,
121300,701.9,0.000001,,,,,,,,
121400,702.5,0.000001,,,,,,,,
121500,703.1,0.000002,,,,,,,,
121600,703.7,0.000001,,,,,,,,
121700,704.2,0.000000,,,,,,,,
121800,704.8,0.000000,,,,,,,,
121900,705.3,0.000001,,,,,,,,
122000,705.9,0.000000,,,,,,,,
122100,706.4,0.000001,,,,,,,,
122200,707.0,0.000001,,,,,,,,
122300,707.5,0.000000,,,,,,,,
122400,708.1,0.000000,,,,,,,,
122500,708.7,0.000001,,,,,,,,
122600,709.3,0.000000,,,,,,,,
122700,709.8,0.000000,,,,,,,,
122800,710.4,0.000001,,,,,,,,
122900,711.0,0.000001,,,,,,,,
123000,711.5,0.000001,,,,,,,,
123100,712.1,0.000001,,,,,,,,
123200,712.6,0.000001,,,,,,,,
123300,713.2,0.000001,,,,,,,,
123400,713.8,0.000000,,,,,,,,
123500,714.3,0.000000,,,,,,,,
123600,714.9,0.000000,,,,,,,,
123700,715.5,0.000000,,,,,,,,
123800,716.1,0.000001,,,,,,,,
123900,716.6,0.000001,,,,,,,,
124000,717.2,0.000001,,,,,,,,
124100,717.8,0.000000,,,,,,,,
124200,718.3,0.000000,,,,,,,,
124300,718.9,0.000000,,,,,,,,
124400,719.5,0.000001,,,,,,,,
124500,720.0,0.000001,,,,,,,,
124600,720.6,0.000000,,,,,,,,
124700,721.2,0.000001,,,,,,,,
124800,721.8,0.000000,,,,,,,,
124900,722.3,0.000000,,,,,,,,
125000,724.7,0.000000,0.000001,4.524457e-02,3.912750e-03,3.627627e-03,0.000000,1.666022e-02,3.820863e-03,3.583210e-03
125100,725.2,0.000000,,,,,,,,
125200,725.6,0.000000,,,,,,,,
125300,726.1,0.000002,,,,,,,,
125400,726.5,0.000001,,,,,,,,
125500,727.0,0.000001,,,,,,,,
125600,727.4,0.000001,,,,,,,,
125700,727.9,0.000001,,,,,,,,
125800,728.4,0.000000,,,,,,,,
125900,729.0,0.000001,,,,,,,,
126000,729.6,0.000000,,,,,,,,
126100,730.1,0.000000,,,,,,,,
126200,730.7,0.000001,,,,,,,,
126300,731.3,0.000001,,,,,,,,
126400,731.9,0.000000,,,,,,,,
126500,732.4,0.000000,,,,,,,,
126600,733.0,0.000001,,,,,,,,
126700,733.6,0.000000,,,,,,,,
126800,734.1,0.000001,,,,,,,,
126900,734.7,0.000001,,,,,,,,
127000,735.3,0.000001,,,,,,,,
127100,735.8,0.000000,,,,,,,,
127200,736.4,0.000000,,,,,,,,
127300,737.0,0.000000,,,,,,,,
127400,737.6,0.000000,,,,,,,,
127500,738.1,0.000000,,,,,,,,
127600,738.7,0.000000,,,,,,,,
127700,739.3,0.000001,,,,,,,,
127800,739.8,0.000001,,,,,,,,
127900,740.4,0.000000,,,,,,,,
128000,741.0,0.000000,,,,,,,,
128100,741.5,0.000001,,,,,,,,
128200,742.1,0.000001,,,,,,,,
128300,742.7,0.000000,,,,,,,,
128400,743.3,0.000001,,,,,,,,
128500,743.8,0.000000,,,,,,,,
128600,744.4,0.000000,,,,,,,,
128700,745.0,0.000000,,,,,,,,
128800,745.5,0.000000,,,,,,,,
128900,746.1,0.000000,,,,,,,,
129000,746.7,0.000001,,,,,,,,
129100,747.2,0.000000,,,,,,,,
129200,747.8,0.000000,,,,,,,,
129300,748.4,0.000000,,,,,,,,
129400,749.0,0.000002,,,,,,,,
129500,749.5,0.000000,,,,,,,,
129600,750.1,0.000000,,,,,,,,
129700,750.7,0.000001,,,,,,,,
129800,751.2,0.000000,,,,,,,,
129900,751.8,0.000002,,,,,,,,
130000,754.2,0.000000,0.000000,5.625720e-02,2.872490e-03,2.240911e-03,0.000000,2.842975e-02,2.815083e-03,2.278247e-03
130100,754.7,0.000000,,,,,,,,
130200,755.1,0.000000,,,,,,,,
130300,755.5,0.000001,,,,,,,,
130400,756.0,0.000000,,,,,,,,
130500,756.4,0.000000,,,,,,,,
130600,756.9,0.000000,,,,,,,,
130700,757.3,0.000000,,,,,,,,
130800,757.8,0.000001,,,,,,,,
130900,758.2,0.000000,,,,,,,,
131000,758.8,0.000000,,,,,,,,
131100,759.4,0.000000,,,,,,,,
131200,759.9,0.000000,,,,,,,,
131300,760.5,0.000000,,,,,,,,
131400,761.0,0.000000,,,,,,,,
131500,761.6,0.000000,,,,,,,,
131600,762.2,0.000000,,,,,,,,
131700,762.8,0.000000,,,,,,,,
131800,763.3,0.000000,,,,,,,,
131900,763.9,0.000000,,,,,,,,
132000,764.5,0.000000,,,,,,,,
132100,765.0,0.000001,,,,,,,,
132200,765.6,0.000002,,,,,,,,
132300,766.2,0.000000,,,,,,,,
132400,766.7,0.000000,,,,,,,,
132500,767.3,0.000000,,,,,,,,
132600,767.9,0.000000,,,,,,,,
132700,768.4,0.000000,,,,,,,,
132800,769.0,0.000000,,,,,,,,
132900,769.6,0.000000,,,,,,,,
133000,770.1,0.000000,,,,,,,,
133100,770.7,0.000000,,,,,,,,
133200,771.3,0.000001,,,,,,,,
133300,771.8,0.000000,,,,,,,,
133400,772.4,0.000001,,,,,,,,
133500,773.0,0.000000,,,,,,,,
133600,773.6,0.000000,,,,,,,,
133700,774.1,0.000000,,,,,,,,
133800,774.7,0.000000,,,,,,,,
133900,775.3,0.000000,,,,,,,,
134000,775.8,0.000000,,,,,,,,
134100,776.4,0.000001,,,,,,,,
134200,777.0,0.000001,,,,,,,,
134300,777.6,0.000001,,,,,,,,
134400,778.1,0.000000,,,,,,,,
134500,778.7,0.000000,,,,,,,,
134600,779.3,0.000000,,,,,,,,
134700,779.8,0.000000,,,,,,,,
134800,780.4,0.000000,,,,,,,,
134900,781.0,0.000000,,,,,,,,
135000,783.3,0.000000,0.000000,7.756276e-02,2.562289e-03,2.001956e-03,0.000000,2.678467e-02,2.522909e-03,1.959585e-03
135100,783.8,0.000001,,,,,,,,
135200,784.2,0.000000,,,,,,,,
135300,784.7,0.000000,,,,,,,,
135400,785.1,0.000001,,,,,,,,
135500,785.5,0.000000,,,,,,,,
135600,786.0,0.000000,,,,,,,,
135700,786.4,0.000000,,,,,,,,
135800,786.9,0.000001,,,,,,,,
135900,787.4,0.000000,,,,,,,,
136000,788.0,0.000000,,,,,,,,
136100,788.6,0.000001,,,,,,,,
136200,789.1,0.000000,,,,,,,,
136300,789.7,0.000000,,,,,,,,
136400,790.2,0.000000,,,,,,,,
136500,790.8,0.000000,,,,,,,,
136600,791.4,0.000000,,,,,,,,
136700,791.9,0.000000,,,,,,,,
136800,792.5,0.000000,,,,,,,,
136900,793.1,0.000002,,,,,,,,
137000,793.6,0.000000,,,,,,,,
137100,794.2,0.000000,,,,,,,,
137200,794.7,0.000000,,,,,,,,
137300,795.3,0.000000,,,,,,,,
137400,795.9,0.000001,,,,,,,,
137500,796.5,0.000000,,,,,,,,
137600,797.0,0.000001,,,,,,,,
137700,797.6,0.000000,,,,,,,,
137800,798.2,0.000001,,,,,,,,
137900,798.7,0.000000,,,,,,,,
138000,799.3,0.000001,,,,,,,,
138100,799.8,0.000000,,,,,,,,
138200,800.4,0.000001,,,,,,,,
138300,801.0,0.000000,,,,,,,,
138400,801.6,0.000000,,,,,,,,
138500,802.1,0.000001,,,,,,,,
138600,802.7,0.000000,,,,,,,,
138700,803.3,0.000000,,,,,,,,
138800,803.8,0.000000,,,,,,,,
138900,804.4,0.000001,,,,,,,,
139000,805.0,0.000001,,,,,,,,
139100,805.5,0.000001,,,,,,,,
139200,806.1,0.000000,,,,,,,,
139300,806.7,0.000000,,,,,,,,
139400,807.3,0.000001,,,,,,,,
139500,807.8,0.000000,,,,,,,,
139600,808.4,0.000000,,,,,,,,
139700,809.0,0.000001,,,,,,,,
139800,809.5,0.000000,,,,,,,,
139900,810.1,0.000000,,,,,,,,
140000,812.5,0.000000,0.000001,9.372272e-02,4.503542e-03,3.941632e-03,0.000000,5.728049e-02,4.509574e-03,4.087280e-03
140100,813.0,0.000001,,,,,,,,
140200,813.4,0.000000,,,,,,,,
140300,813.8,0.000001,,,,,,,,
140400,814.3,0.000000,,,,,,,,
140500,814.7,0.000000,,,,,,,,
140600,815.2,0.000001,,,,,,,,
140700,815.6,0.000001,,,,,,,,
140800,816.1,0.000000,,,,,,,,
140900,816.6,0.000000,,,,,,,,
141000,817.2,0.000001,,,,,,,,
141100,817.8,0.000001,,,,,,,,
141200,818.3,0.000000,,,,,,,,
141300,818.9,0.000000,,,,,,,,
141400,819.4,0.000000,,,,,,,,
141500,820.0,0.000000,,,,,,,,
141600,820.6,0.000001,,,,,,,,
141700,821.1,0.000000,,,,,,,,
141800,821.7,0.000001,,,,,,,,
141900,822.3,0.000001,,,,,,,,
142000,822.9,0.000000,,,,,,,,
142100,823.4,0.000000,,,,,,,,
142200,824.0,0.000000,,,,,,,,
142300,824.6,0.000001,,,,,,,,
142400,825.1,0.000000,,,,,,,,
142500,825.7,0.000000,,,,,,,,
142600,826.3,0.000000,,,,,,,,
142700,826.8,0.000000,,,,,,,,
142800,827.4,0.000000,,,,,,,,
142900,828.0,0.000000,,,,,,,,
143000,828.5,0.000001,,,,,,,,
143100,829.1,0.000001,,,,,,,,
143200,829.6,0.000001,,,,,,,,
143300,830.2,0.000000,,,,,,,,
143400,830.8,0.000000,,,,,,,,
143500,831.4,0.000000,,,,,,,,
143600,831.9,0.000001,,,,,,,,
143700,832.5,0.000000,,,,,,,,
143800,833.1,0.000001,,,,,,,,
143900,833.6,0.000000,,,,,,,,
144000,834.2,0.000001,,,,,,,,
144100,834.8,0.000001,,,,,,,,
144200,835.3,0.000000,,,,,,,,
144300,835.9,0.000000,,,,,,,,
144400,836.5,0.000000,,,,,,,,
144500,837.0,0.000001,,,,,,,,
144600,837.6,0.000000,,,,,,,,
144700,838.2,0.000000,,,,,,,,
144800,838.8,0.000001,,,,,,,,
144900,839.3,0.000001,,,,,,,,
145000,841.7,0.000000,0.000000,8.695406e-02,2.501877e-03,1.880185e-03,0.000000,3.865415e-02,2.463678e-03,1.892921e-03
145100,842.2,0.000000,,,,,,,,
145200,842.6,0.000001,,,,,,,,
145300,843.1,0.000001,,,,,,,,
145400,843.5,0.000000,,,,,,,,
145500,844.0,0.000000,,,,,,,,
145600,844.4,0.000001,,,,,,,,
145700,844.9,0.000001,,,,,,,,
145800,845.4,0.000000,,,,,,,,
145900,846.0,0.000001,,,,,,,,
146000,846.6,0.000000,,,,,,,,
146100,847.1,0.000000,,,,,,,,
146200,847.7,0.000000,,,,,,,,
146300,848.3,0.000000,,,,,,,,
146400,848.8,0.000000,,,,,,,,
146500,849.4,0.000000,,,,,,,,
146600,850.0,0.000000,,,,,,,,
146700,850.5,0.000000,,,,,,,,
146800,851.1,0.000000,,,,,,,,
146900,851.7,0.000000,,,,,,,,
147000,852.2,0.000001,,,,,,,,
147100,852.8,0.000000,,,,,,,,
147200,853.4,0.000001,,,,,,,,
147300,854.0,0.000000,,,,,,,,
147400,854.5,0.000001,,,,,,,,
147500,855.1,0.000000,,,,,,,,
147600,855.7,0.000000,,,,,,,,
147700,856.2,0.000000,,,,,,,,
147800,856.8,0.000000,,,,,,,,
147900,857.4,0.000001,,,,,,,,
148000,857.9,0.000000,,,,,,,,
148100,858.5,0.000000,,,,,,,,
148200,859.1,0.000000,,,,,,,,
148300,859.6,0.000001,,,,,,,,
148400,860.2,0.000000,,,,,,,,
148500,860.7,0.000000,,,,,,,,
148600,861.3,0.000001,,,,,,,,
148700,861.9,0.000000,,,,,,,,
148800,862.4,0.000000,,,,,,,,
148900,863.0,0.000000,,,,,,,,
149000,863.6,0.000000,,,,,,,,
149100,864.2,0.000000,,,,,,,,
149200,864.7,0.000000,,,,,,,,
149300,865.3,0.000001,,,,,,,,
149400,865.9,0.000000,,,,,,,,
149500,866.4,0.000001,,,,,,,,
149600,867.0,0.000001,,,,,,,,
149700,867.6,0.000000,,,,,,,,
149800,868.2,0.000000,,,,,,,,
149900,868.8,0.000000,,,,,,,,
150000,871.2,0.000000,0.000001,5.590791e-02,3.298169e-03,2.619002e-03,0.000000,3.149992e-02,3.211928e-03,2.612737e-03
150100,871.7,0.000000,,,,,,,,
150200,872.1,0.000000,,,,,,,,
150300,872.5,0.000000,,,,,,,,
150400,873.0,0.000001,,,,,,,,
150500,873.4,0.000001,,,,,,,,
150600,873.8,0.000000,,,,,,,,
150700,874.3,0.000000,,,,,,,,
150800,874.7,0.000000,,,,,,,,
150900,875.3,0.000000,,,,,,,,
151000,875.8,0.000000,,,,,,,,
151100,876.4,0.000001,,,,,,,,
151200,877.0,0.000000,,,,,,,,
151300,877.5,0.000000,,,,,,,,
151400,878.1,0.000001,,,,,,,,
151500,878.7,0.000001,,,,,,,,
151600,879.3,0.000000,,,,,,,,
151700,879.9,0.000000,,,,,,,,
151800,880.4,0.000001,,,,,,,,
151900,881.0,0.000000,,,,,,,,
152000,881.5,0.000000,,,,,,,,
152100,882.1,0.000000,,,,,,,,
152200,882.6,0.000001,,,,,,,,
152300,883.2,0.000001,,,,,,,,
152400,883.8,0.000000,,,,,,,,
152500,884.3,0.000000,,,,,,,,
152600,884.9,0.000000,,,,,,,,
152700,885.5,0.000000,,,,,,,,
152800,886.1,0.000001,,,,,,,,
152900,886.6,0.000000,,,,,,,,
153000,887.2,0.000000,,,,,,,,
153100,887.7,0.000001,,,,,,,,
153200,888.3,0.000001,,,,,,,,
153300,888.9,0.000001,,,,,,,,
153400,889.5,0.000001,,,,,,,,
153500,890.0,0.000000,,,,,,,,
153600,890.6,0.000000,,,,,,,,
153700,891.1,0.000000,,,,,,,,
153800,891.7,0.000000,,,,,,,,
153900,892.3,0.000000,,,,,,,,
154000,892.8,0.000001,,,,,,,,
154100,893.4,0.000000,,,,,,,,
154200,894.0,0.000001,,,,,,,,
154300,894.5,0.000000,,,,,,,,
154400,895.1,0.000000,,,,,,,,
154500,895.7,0.000000,,,,,,,,
154600,896.3,0.000000,,,,,,,,
154700,896.8,0.000000,,,,,,,,
154800,897.4,0.000001,,,,,,,,
154900,898.0,0.000001,,,,,,,,
155000,900.4,0.000000,0.000000,8.548915e-02,2.287209e-03,1.996604e-03,0.000000,4.927445e-02,2.298714e-03,2.022455e-03
155100,900.9,0.000000,,,,,,,,
155200,901.3,0.000000,,,,,,,,
155300,901.7,0.000001,,,,,,,,
155400,902.2,0.000000,,,,,,,,
155500,902.6,0.000000,,,,,,,,
155600,903.1,0.000000,,,,,,,,
155700,903.6,0.000001,,,,,,,,
155800,904.1,0.000001,,,,,,,,
155900,904.7,0.000001,,,,,,,,
156000,905.3,0.000001,,,,,,,,
156100,905.8,0.000001,,,,,,,,
156200,906.4,0.000000,,,,,,,,
156300,907.0,0.000000,,,,,,,,
156400,907.6,0.000000,,,,,,,,
156500,908.1,0.000001,,,,,,,,
156600,908.7,0.000002,,,,,,,,
156700,909.3,0.000001,,,,,,,,
156800,909.9,0.000000,,,,,,,,
156900,910.4,0.000001,,,,,,,,
157000,911.0,0.000001,,,,,,,,
157100,911.5,0.000002,,,,,,,,
157200,912.1,0.000001,,,,,,,,
157300,912.7,0.000000,,,,,,,,
157400,913.3,0.000000,,,,,,,,
157500,913.8,0.000000,,,,,,,,
157600,914.4,0.000000,,,,,,,,
157700,915.0,0.000002,,,,,,,,
157800,915.5,0.000000,,,,,,,,
157900,916.1,0.000000,,,,,,,,
158000,916.7,0.000001,,,,,,,,
158100,917.3,0.000000,,,,,,,,
158200,917.8,0.000000,,,,,,,,
158300,918.4,0.000000,,,,,,,,
158400,918.9,0.000000,,,,,,,,
158500,919.5,0.000001,,,,,,,,
158600,920.1,0.000000,,,,,,,,
158700,920.6,0.000002,,,,,,,,
158800,921.2,0.000000,,,,,,,,
158900,921.8,0.000000,,,,,,,,
159000,922.4,0.000000,,,,,,,,
159100,922.9,0.000000,,,,,,,,
159200,923.5,0.000000,,,,,,,,
159300,924.1,0.000000,,,,,,,,
159400,924.6,0.000000,,,,,,,,
159500,925.2,0.000000,,,,,,,,
159600,925.8,0.000001,,,,,,,,
159700,926.4,0.000000,,,,,,,,
159800,927.0,0.000000,,,,,,,,
159900,927.5,0.000001,,,,,,,,
160000,929.9,0.000001,0.000000,1.220822e-01,1.789788e-03,1.127276e-03,0.000000,5.032354e-02,1.716781e-03,1.108090e-03
160100,930.4,0.000001,,,,,,,,
160200,930.8,0.000000,,,,,,,,
160300,931.3,0.000000,,,,,,,,
160400,931.7,0.000000,,,,,,,,
160500,932.1,0.000001,,,,,,,,
160600,932.6,0.000000,,,,,,,,
160700,933.0,0.000000,,,,,,,,
160800,933.5,0.000000,,,,,,,,
160900,934.0,0.000001,,,,,,,,
161000,934.6,0.000000,,,,,,,,
161100,935.1,0.000001,,,,,,,,
161200,935.7,0.000000,,,,,,,,
161300,936.3,0.000000,,,,,,,,
161400,936.8,0.000001,,,,,,,,
161500,937.4,0.000000,,,,,,,,
161600,938.0,0.000000,,,,,,,,
161700,938.5,0.000000,,,,,,,,
161800,939.1,0.000000,,,,,,,,
161900,939.7,0.000000,,,,,,,,
162000,940.2,0.000000,,,,,,,,
162100,940.8,0.000001,,,,,,,,
162200,941.4,0.000000,,,,,,,,
162300,941.9,0.000000,,,,,,,,
162400,942.5,0.000000,,,,,,,,
162500,943.1,0.000001,,,,,,,,
162600,943.7,0.000001,,,,,,,,
162700,944.2,0.000000,,,,,,,,
162800,944.8,0.000000,,,,,,,,
162900,945.3,0.000000,,,,,,,,
163000,945.9,0.000000,,,,,,,,
163100,946.4,0.000000,,,,,,,,
163200,947.0,0.000000,,,,,,,,
163300,947.6,0.000001,,,,,,,,
163400,948.2,0.000000,,,,,,,,
163500,948.8,0.000001,,,,,,,,
163600,949.3,0.000001,,,,,,,,
163700,949.9,0.000000,,,,,,,,
163800,950.5,0.000000,,,,,,,,
163900,951.0,0.000001,,,,,,,,
164000,951.6,0.000000,,,,,,,,
164100,952.2,0.000000,,,,,,,,
164200,952.7,0.000000,,,,,,,,
164300,953.3,0.000000,,,,,,,,
164400,953.9,0.000000,,,,,,,,
164500,954.4,0.000000,,,,,,,,
164600,955.0,0.000000,,,,,,,,
164700,955.6,0.000000,,,,,,,,
164800,956.1,0.000000,,,,,,,,
164900,956.7,0.000001,,,,,,,,
165000,959.1,0.000000,0.000001,5.580294e-02,4.558631e-03,4.248769e-03,0.000000,3.975035e-02,4.629754e-03,4.332599e-03
165100,959.6,0.000000,,,,,,,,
165200,960.0,0.000001,,,,,,,,
165300,960.5,0.000001,,,,,,,,
165400,960.9,0.000000,,,,,,,,
165500,961.3,0.000000,,,,,,,,
165600,961.8,0.000000,,,,,,,,
165700,962.2,0.000000,,,,,,,,
165800,962.7,0.000001,,,,,,,,
165900,963.1,0.000000,,,,,,,,
166000,963.7,0.000000,,,,,,,,
166100,964.3,0.000001,,,,,,,,
166200,964.8,0.000000,,,,,,,,
166300,965.4,0.000000,,,,,,,,
166400,966.0,0.000000,,,,,,,,
166500,966.5,0.000000,,,,,,,,
166600,967.1,0.000001,,,,,,,,
166700,967.7,0.000000,,,,,,,,
166800,968.3,0.000000,,,,,,,,
166900,968.8,0.000001,,,,,,,,
167000,969.4,0.000001,,,,,,,,
167100,970.0,0.000001,,,,,,,,
167200,970.5,0.000001,,,,,,,,
167300,971.1,0.000000,,,,,,,,
167400,971.7,0.000001,,,,,,,,
167500,972.2,0.000000,,,,,,,,
167600,972.8,0.000000,,,,,,,,
167700,973.4,0.000000,,,,,,,,
167800,973.9,0.000000,,,,,,,,
167900,974.5,0.000000,,,,,,,,
168000,975.1,0.000001,,,,,,,,
168100,975.6,0.000000,,,,,,,,
168200,976.2,0.000000,,,,,,,,
168300,976.8,0.000001,,,,,,,,
168400,977.4,0.000000,,,,,,,,
168500,977.9,0.000000,,,,,,,,
168600,978.5,0.000000,,,,,,,,
168700,979.1,0.000000,,,,,,,,
168800,979.7,0.000000,,,,,,,,
168900,980.2,0.000001,,,,,,,,
169000,980.8,0.000001,,,,,,,,
169100,981.4,0.000000,,,,,,,,
169200,981.9,0.000000,,,,,,,,
169300,982.5,0.000000,,,,,,,,
169400,983.1,0.000001,,,,,,,,
169500,983.7,0.000000,,,,,,,,
169600,984.2,0.000000,,,,,,,,
169700,984.8,0.000000,,,,,,,,
169800,985.4,0.000000,,,,,,,,
169900,985.9,0.000000,,,,,,,,
170000,988.3,0.000000,0.000000,6.210584e-02,1.888424e-03,1.566098e-03,0.000000,2.108283e-02,1.811964e-03,1.544241e-03
170100,988.8,0.000000,,,,,,,,
170200,989.2,0.000002,,,,,,,,
170300,989.7,0.000001,,,,,,,,
170400,990.1,0.000000,,,,,,,,
170500,990.6,0.000001,,,,,,,,
170600,991.0,0.000000,,,,,,,,
170700,991.5,0.000000,,,,,,,,
170800,992.1,0.000001,,,,,,,,
170900,992.6,0.000000,,,,,,,,
171000,993.2,0.000000,,,,,,,,
171100,993.8,0.000000,,,,,,,,
171200,994.3,0.000000,,,,,,,,
171300,994.9,0.000000,,,,,,,,
171400,995.5,0.000001,,,,,,,,
171500,996.0,0.000000,,,,,,,,
171600,996.6,0.000000,,,,,,,,
171700,997.2,0.000000,,,,,,,,
171800,997.7,0.000000,,,,,,,,
171900,998.3,0.000000,,,,,,,,
172000,998.9,0.000000,,,,,,,,
172100,999.4,0.000001,,,,,,,,
172200,1000.0,0.000000,,,,,,,,
172300,1000.6,0.000000,,,,,,,,
172400,1001.1,0.000000,,,,,,,,
172500,1001.7,0.000000,,,,,,,,
172600,1002.3,0.000000,,,,,,,,
172700,1002.9,0.000000,,,,,,,,
172800,1003.4,0.000001,,,,,,,,
172900,1004.0,0.000000,,,,,,,,
173000,1004.5,0.000001,,,,,,,,
173100,1005.1,0.000000,,,,,,,,
173200,1005.6,0.000000,,,,,,,,
173300,1006.2,0.000000,,,,,,,,
173400,1006.8,0.000000,,,,,,,,
173500,1007.4,0.000000,,,,,,,,
173600,1007.9,0.000000,,,,,,,,
173700,1008.5,0.000000,,,,,,,,
173800,1009.0,0.000000,,,,,,,,
173900,1009.6,0.000000,,,,,,,,
174000,1010.2,0.000001,,,,,,,,
174100,1010.7,0.000001,,,,,,,,
174200,1011.3,0.000000,,,,,,,,
174300,1011.9,0.000000,,,,,,,,
174400,1012.4,0.000000,,,,,,,,
174500,1013.0,0.000000,,,,,,,,
174600,1013.6,0.000000,,,,,,,,
174700,1014.2,0.000000,,,,,,,,
174800,1014.7,0.000001,,,,,,,,
174900,1015.3,0.000000,,,,,,,,
175000,1017.7,0.000000,0.000000,6.822867e-02,2.087092e-03,1.682955e-03,0.000000,3.798581e-02,2.055682e-03,1.690534e-03
175100,1018.2,0.000000,,,,,,,,
175200,1018.6,0.000000,,,,,,,,
175300,1019.1,0.000000,,,,,,,,
175400,1019.5,0.000000,,,,,,,,
175500,1020.0,0.000000,,,,,,,,
175600,1020.4,0.000001,,,,,,,,
175700,1020.9,0.000000,,,,,,,,
175800,1021.4,0.000000,,,,,,,,
175900,1022.0,0.000000,,,,,,,,
176000,1022.5,0.000001,,,,,,,,
176100,1023.1,0.000000,,,,,,,,
176200,1023.6,0.000001,,,,,,,,
176300,1024.2,0.000000,,,,,,,,
176400,1024.7,0.000001,,,,,,,,
176500,1025.3,0.000002,,,,,,,,
176600,1025.8,0.000001,,,,,,,,
176700,1026.4,0.000000,,,,,,,,
176800,1026.8,0.000000,,,,,,,,
176900,1027.3,0.000000,,,,,,,,
177000,1027.8,0.000000,,,,,,,,
177100,1028.4,0.000000,,,,,,,,
177200,1028.9,0.000001,,,,,,,,
177300,1029.5,0.000000,,,,,,,,
177400,1030.1,0.000000,,,,,,,,
177500,1030.6,0.000000,,,,,,,,
177600,1031.2,0.000000,,,,,,,,
177700,1031.8,0.000000,,,,,,,,
177800,1032.4,0.000001,,,,,,,,
177900,1032.9,0.000000,,,,,,,,
178000,1033.5,0.000000,,,,,,,,
178100,1034.1,0.000001,,,,,,,,
178200,1034.7,0.000001,,,,,,,,
178300,1035.2,0.000000,,,,,,,,
178400,1035.8,0.000000,,,,,,,,
178500,1036.3,0.000000,,,,,,,,
178600,1036.9,0.000000,,,,,,,,
178700,1037.5,0.000000,,,,,,,,
178800,1038.1,0.000000,,,,,,,,
178900,1038.6,0.000000,,,,,,,,
179000,1039.2,0.000000,,,,,,,,
179100,1039.8,0.000000,,,,,,,,
179200,1040.3,0.000000,,,,,,,,
179300,1040.9,0.000000,,,,,,,,
179400,1041.5,0.000000,,,,,,,,
179500,1042.0,0.000000,,,,,,,,
179600,1042.6,0.000000,,,,,,,,
179700,1043.1,0.000000,,,,,,,,
179800,1043.7,0.000000,,,,,,,,
179900,1044.3,0.000000,,,,,,,,
180000,1046.7,0.000001,0.000000,5.661554e-02,2.838916e-03,2.155805e-03,0.000000,3.044306e-02,2.803863e-03,2.158292e-03
180100,1047.1,0.000002,,,,,,,,
180200,1047.6,0.000000,,,,,,,,
180300,1048.0,0.000001,,,,,,,,
180400,1048.4,0.000000,,,,,,,,
180500,1048.9,0.000000,,,,,,,,
180600,1049.3,0.000000,,,,,,,,
180700,1049.8,0.000000,,,,,,,,
180800,1050.3,0.000000,,,,,,,,
180900,1050.8,0.000000,,,,,,,,
181000,1051.4,0.000000,,,,,,,,
181100,1051.9,0.000000,,,,,,,,
181200,1052.5,0.000000,,,,,,,,
181300,1053.0,0.000000,,,,,,,,
181400,1053.6,0.000000,,,,,,,,
181500,1054.2,0.000000,,,,,,,,
181600,1054.7,0.000001,,,,,,,,
181700,1055.3,0.000001,,,,,,,,
181800,1055.9,0.000000,,,,,,,,
181900,1056.5,0.000000,,,,,,,,
182000,1057.0,0.000000,,,,,,,,
182100,1057.6,0.000000,,,,,,,,
182200,1058.2,0.000000,,,,,,,,
182300,1058.7,0.000000,,,,,,,,
182400,1059.3,0.000000,,,,,,,,
182500,1059.9,0.000000,,,,,,,,
182600,1060.5,0.000000,,,,,,,,
182700,1061.0,0.000000,,,,,,,,
182800,1061.6,0.000000,,,,,,,,
182900,1062.2,0.000001,,,,,,,,
183000,1062.7,0.000000,,,,,,,,
183100,1063.3,0.000000,,,,,,,,
183200,1063.9,0.000000,,,,,,,,
183300,1064.5,0.000000,,,,,,,,
183400,1065.0,0.000000,,,,,,,,
183500,1065.6,0.000001,,,,,,,,
183600,1066.2,0.000000,,,,,,,,
183700,1066.8,0.000000,,,,,,,,
183800,1067.3,0.000000,,,,,,,,
183900,1067.9,0.000001,,,,,,,,
184000,1068.5,0.000001,,,,,,,,
184100,1069.1,0.000000,,,,,,,,
184200,1069.6,0.000001,,,,,,,,
184300,1070.2,0.000001,,,,,,,,
184400,1070.8,0.000000,,,,,,,,
184500,1071.4,0.000000,,,,,,,,
184600,1071.9,0.000000,,,,,,,,
184700,1072.5,0.000001,,,,,,,,
184800,1073.1,0.000000,,,,,,,,
184900,1073.7,0.000000,,,,,,,,
185000,1076.0,0.000000,0.000000,4.238333e-02,2.046976e-03,1.635372e-03,0.000000,3.311831e-02,2.102516e-03,1.732633e-03
185100,1076.5,0.000001,,,,,,,,
185200,1076.9,0.000000,,,,,,,,
185300,1077.4,0.000000,,,,,,,,
185400,1077.8,0.000000,,,,,,,,
185500,1078.2,0.000000,,,,,,,,
185600,1078.7,0.000000,,,,,,,,
185700,1079.1,0.000000,,,,,,,,
185800,1079.6,0.000000,,,,,,,,
185900,1080.2,0.000000,,,,,,,,
186000,1080.7,0.000000,,,,,,,,
186100,1081.3,0.000000,,,,,,,,
186200,1081.9,0.000000,,,,,,,,
186300,1082.4,0.000000,,,,,,,,
186400,1083.0,0.000000,,,,,,,,
186500,1083.5,0.000000,,,,,,,,
186600,1084.1,0.000000,,,,,,,,
186700,1084.7,0.000000,,,,,,,,
186800,1085.3,0.000000,,,,,,,,
186900,1085.9,0.000000,,,,,,,,
187000,1086.4,0.000000,,,,,,,,
187100,1087.0,0.000000,,,,,,,,
187200,1087.6,0.000001,,,,,,,,
187300,1088.1,0.000000,,,,,,,,
187400,1088.7,0.000000,,,,,,,,
187500,1089.3,0.000000,,,,,,,,
187600,1089.8,0.000000,,,,,,,,
187700,1090.4,0.000000,,,,,,,,
187800,1091.0,0.000000,,,,,,,,
187900,1091.5,0.000000,,,,,,,,
188000,1092.0,0.000000,,,,,,,,
188100,1092.5,0.000000,,,,,,,,
188200,1093.1,0.000001,,,,,,,,
188300,1093.7,0.000000,,,,,,,,
188400,1094.3,0.000000,,,,,,,,
188500,1094.8,0.000000,,,,,,,,
188600,1095.4,0.000000,,,,,,,,
188700,1095.9,0.000000,,,,,,,,
188800,1096.5,0.000000,,,,,,,,
188900,1097.0,0.000000,,,,,,,,
189000,1097.6,0.000000,,,,,,,,
189100,1098.2,0.000000,,,,,,,,
189200,1098.8,0.000000,,,,,,,,
189300,1099.3,0.000000,,,,,,,,
189400,1099.9,0.000000,,,,,,,,
189500,1100.5,0.000000,,,,,,,,
189600,1101.1,0.000000,,,,,,,,
189700,1101.6,0.000000,,,,,,,,
189800,1102.2,0.000000,,,,,,,,
189900,1102.8,0.000000,,,,,,,,
190000,1105.2,0.000000,0.000000,5.203337e-02,1.720059e-03,1.389984e-03,0.000000,2.617336e-02,1.721798e-03,1.412829e-03
190100,1105.7,0.000000,,,,,,,,
190200,1106.1,0.000001,,,,,,,,
190300,1106.6,0.000000,,,,,,,,
190400,1107.0,0.000000,,,,,,,,
190500,1107.4,0.000001,,,,,,,,
190600,1107.9,0.000000,,,,,,,,
190700,1108.4,0.000000,,,,,,,,
190800,1108.9,0.000000,,,,,,,,
190900,1109.5,0.000000,,,,,,,,
191000,1110.1,0.000000,,,,,,,,
191100,1110.7,0.000000,,,,,,,,
191200,1111.2,0.000000,,,,,,,,
191300,1111.8,0.000001,,,,,,,,
191400,1112.4,0.000000,,,,,,,,
191500,1112.9,0.000000,,,,,,,,
191600,1113.5,0.000000,,,,,,,,
191700,1114.1,0.000000,,,,,,,,
191800,1114.6,0.000000,,,,,,,,
191900,1115.2,0.000000,,,,,,,,
192000,1115.8,0.000000,,,,,,,,
192100,1116.3,0.000001,,,,,,,,
192200,1116.9,0.000000,,,,,,,,
192300,1117.5,0.000000,,,,,,,,
192400,1118.1,0.000002,,,,,,,,
192500,1118.6,0.000000,,,,,,,,
192600,1119.2,0.000002,,,,,,,,
192700,1119.8,0.000000,,,,,,,,
192800,1120.3,0.000000,,,,,,,,
192900,1120.9,0.000000,,,,,,,,
193000,1121.5,0.000000,,,,,,,,
193100,1122.1,0.000000,,,,,,,,
193200,1122.6,0.000000,,,,,,,,
193300,1123.2,0.000000,,,,,,,,
193400,1123.8,0.000000,,,,,,,,
193500,1124.4,0.000000,,,,,,,,
193600,1124.9,0.000001,,,,,,,,
193700,1125.5,0.000001,,,,,,,,
193800,1126.1,0.000000,,,,,,,,
193900,1126.7,0.000000,,,,,,,,
194000,1127.2,0.000000,,,,,,,,
194100,1127.8,0.000000,,,,,,,,
194200,1128.4,0.000000,,,,,,,,
194300,1129.0,0.000000,,,,,,,,
194400,1129.5,0.000000,,,,,,,,
194500,1130.1,0.000000,,,,,,,,
194600,1130.6,0.000000,,,,,,,,
194700,1131.2,0.000000,,,,,,,,
194800,1131.8,0.000000,,,,,,,,
194900,1132.3,0.000001,,,,,,,,
195000,1134.7,0.000000,0.000000,5.721278e-02,2.232505e-03,1.769453e-03,0.000000,1.937390e-02,2.219532e-03,1.748127e-03
195100,1135.2,0.000000,,,,,,,,
195200,1135.6,0.000000,,,,,,,,
195300,1136.1,0.000000,,,,,,,,
195400,1136.5,0.000000,,,,,,,,
195500,1136.9,0.000001,,,,,,,,
195600,1137.4,0.000000,,,,,,,,
195700,1137.8,0.000000,,,,,,,,
195800,1138.3,0.000000,,,,,,,,
195900,1138.7,0.000000,,,,,,,,
196000,1139.3,0.000000,,,,,,,,
196100,1139.9,0.000000,,,,,,,,
196200,1140.4,0.000000,,,,,,,,
196300,1141.0,0.000000,,,,,,,,
196400,1141.6,0.000001,,,,,,,,
196500,1142.1,0.000000,,,,,,,,
196600,1142.7,0.000000,,,,,,,,
196700,1143.3,0.000001,,,,,,,,
196800,1143.9,0.000000,,,,,,,,
196900,1144.4,0.000000,,,,,,,,
197000,1145.0,0.000001,,,,,,,,
197100,1145.6,0.000000,,,,,,,,
197200,1146.1,0.000000,,,,,,,,
197300,1146.7,0.000000,,,,,,,,
197400,1147.3,0.000000,,,,,,,,
197500,1147.8,0.000000,,,,,,,,
197600,1148.4,0.000001,,,,,,,,
197700,1149.0,0.000000,,,,,,,,
197800,1149.5,0.000001,,,,,,,,
197900,1150.0,0.000000,,,,,,,,
198000,1150.6,0.000000,,,,,,,,
198100,1151.1,0.000000,,,,,,,,
198200,1151.7,0.000000,,,,,,,,
198300,1152.3,0.000000,,,,,,,,
198400,1152.9,0.000000,,,,,,,,
198500,1153.4,0.000000,,,,,,,,
198600,1154.0,0.000001,,,,,,,,
198700,1154.6,0.000000,,,,,,,,
198800,1155.2,0.000000,,,,,,,,
198900,1155.7,0.000000,,,,,,,,
199000,1156.3,0.000001,,,,,,,,
199100,1156.9,0.000000,,,,,,,,
199200,1157.4,0.000000,,,,,,,,
199300,1158.0,0.000000,,,,,,,,
199400,1158.6,0.000000,,,,,,,,
199500,1159.1,0.000000,,,,,,,,
199600,1159.7,0.000000,,,,,,,,
199700,1160.3,0.000001,,,,,,,,
199800,1160.9,0.000000,,,,,,,,
199900,1161.4,0.000000,,,,,,,,
200000,1163.9,0.000000,0.000000,5.725688e-02,1.315444e-03,1.031064e-03,0.000000,2.222277e-02,1.299587e-03,1.058533e-03
200100,1164.3,0.000000,,,,,,,,
200200,1164.7,0.000000,,,,,,,,
200300,1165.2,0.000000,,,,,,,,
200400,1165.6,0.000000,,,,,,,,
200500,1166.1,0.000000,,,,,,,,
200600,1166.5,0.000000,,,,,,,,
200700,1166.9,0.000000,,,,,,,,
200800,1167.4,0.000000,,,,,,,,
200900,1167.9,0.000000,,,,,,,,
201000,1168.4,0.000000,,,,,,,,
201100,1169.0,0.000000,,,,,,,,
201200,1169.5,0.000000,,,,,,,,
201300,1170.1,0.000000,,,,,,,,
201400,1170.7,0.000000,,,,,,,,
201500,1171.2,0.000000,,,,,,,,
201600,1171.8,0.000000,,,,,,,,
201700,1172.4,0.000000,,,,,,,,
201800,1172.9,0.000000,,,,,,,,
201900,1173.5,0.000001,,,,,,,,
202000,1174.1,0.000001,,,,,,,,
202100,1174.7,0.000000,,,,,,,,
202200,1175.2,0.000000,,,,,,,,
202300,1175.8,0.000000,,,,,,,,
202400,1176.4,0.000001,,,,,,,,
202500,1176.9,0.000000,,,,,,,,
202600,1177.5,0.000000,,,,,,,,
202700,1178.1,0.000000,,,,,,,,
202800,1178.7,0.000000,,,,,,,,
202900,1179.2,0.000000,,,,,,,,
203000,1179.8,0.000000,,,,,,,,
203100,1180.4,0.000001,,,,,,,,
203200,1180.9,0.000000,,,,,,,,
203300,1181.5,0.000000,,,,,,,,
203400,1182.1,0.000000,,,,,,,,
203500,1182.6,0.000000,,,,,,,,
203600,1183.2,0.000000,,,,,,,,
203700,1183.8,0.000000,,,,,,,,
203800,1184.3,0.000001,,,,,,,,
203900,1184.9,0.000000,,,,,,,,
204000,1185.4,0.000000,,,,,,,,
204100,1186.0,0.000000,,,,,,,,
204200,1186.6,0.000000,,,,,,,,
204300,1187.1,0.000000,,,,,,,,
204400,1187.7,0.000000,,,,,,,,
204500,1188.3,0.000000,,,,,,,,
204600,1188.9,0.000001,,,,,,,,
204700,1189.4,0.000000,,,,,,,,
204800,1190.0,0.000000,,,,,,,,
204900,1190.6,0.000000,,,,,,,,
205000,1193.0,0.000000,0.000000,4.179759e-02,1.506480e-03,1.172330e-03,0.000000,1.854582e-02,1.534653e-03,1.226728e-03
205100,1193.4,0.000001,,,,,,,,
205200,1193.9,0.000000,,,,,,,,
205300,1194.3,0.000000,,,,,,,,
205400,1194.7,0.000000,,,,,,,,
205500,1195.2,0.000000,,,,,,,,
205600,1195.6,0.000000,,,,,,,,
205700,1196.1,0.000001,,,,,,,,
205800,1196.5,0.000000,,,,,,,,
205900,1197.0,0.000000,,,,,,,,
206000,1197.5,0.000001,,,,,,,,
206100,1198.1,0.000000,,,,,,,,
206200,1198.6,0.000001,,,,,,,,
206300,1199.2,0.000000,,,,,,,,
206400,1199.8,0.000001,,,,,,,,
206500,1200.3,0.000001,,,,,,,,
206600,1200.9,0.000000,,,,,,,,
206700,1201.5,0.000000,,,,,,,,
206800,1202.0,0.000000,,,,,,,,
206900,1202.6,0.000000,,,,,,,,
207000,1203.2,0.000000,,,,,,,,
207100,1203.8,0.000000,,,,,,,,
207200,1204.3,0.000000,,,,,,,,
207300,1204.9,0.000000,,,,,,,,
207400,1205.4,0.000000,,,,,,,,
207500,1206.0,0.000000,,,,,,,,
207600,1206.6,0.000000,,,,,,,,
207700,1207.2,0.000000,,,,,,,,
207800,1207.7,0.000000,,,,,,,,
207900,1208.3,0.000000,,,,,,,,
208000,1208.9,0.000000,,,,,,,,
208100,1209.4,0.000000,,,,,,,,
208200,1210.0,0.000000,,,,,,,,
208300,1210.6,0.000000,,,,,,,,
208400,1211.1,0.000000,,,,,,,,
208500,1211.7,0.000001,,,,,,,,
208600,1212.2,0.000000,,,,,,,,
208700,1212.8,0.000000,,,,,,,,
208800,1213.4,0.000001,,,,,,,,
208900,1214.0,0.000000,,,,,,,,
209000,1214.5,0.000000,,,,,,,,
209100,1215.1,0.000000,,,,,,,,
209200,1215.7,0.000000,,,,,,,,
209300,1216.2,0.000000,,,,,,,,
209400,1216.8,0.000000,,,,,,,,
209500,1217.3,0.000000,,,,,,,,
209600,1217.9,0.000000,,,,,,,,
209700,1218.5,0.000000,,,,,,,,
209800,1219.1,0.000000,,,,,,,,
209900,1219.6,0.000000,,,,,,,,
210000,1222.0,0.000000,0.000000,8.669633e-02,2.828666e-03,2.577279e-03,0.000000,2.229386e-02,2.847508e-03,2.632663e-03
210100,1222.5,0.000000,,,,,,,,
210200,1222.9,0.000000,,,,,,,,
210300,1223.4,0.000000,,,,,,,,
210400,1223.8,0.000000,,,,,,,,
210500,1224.2,0.000000,,,,,,,,
210600,1224.7,0.000000,,,,,,,,
210700,1225.1,0.000001,,,,,,,,
210800,1225.6,0.000000,,,,,,,,
210900,1226.1,0.000000,,,,,,,,
211000,1226.7,0.000000,,,,,,,,
211100,1227.3,0.000000,,,,,,,,
211200,1227.9,0.000000,,,,,,,,
211300,1228.4,0.000000,,,,,,,,
211400,1229.0,0.000000,,,,,,,,
211500,1229.6,0.000000,,,,,,,,
211600,1230.1,0.000000,,,,,,,,
211700,1230.7,0.000000,,,,,,,,
211800,1231.3,0.000000,,,,,,,,
211900,1231.8,0.000000,,,,,,,,
212000,1232.4,0.000000,,,,,,,,
212100,1233.0,0.000000,,,,,,,,
212200,1233.5,0.000000,,,,,,,,
212300,1234.1,0.000000,,,,,,,,
212400,1234.6,0.000000,,,,,,,,
212500,1235.1,0.000000,,,,,,,,
212600,1235.7,0.000000,,,,,,,,
212700,1236.2,0.000001,,,,,,,,
212800,1236.8,0.000000,,,,,,,,
212900,1237.4,0.000000,,,,,,,,
213000,1238.0,0.000001,,,,,,,,
213100,1238.6,0.000000,,,,,,,,
213200,1239.1,0.000001,,,,,,,,
213300,1239.7,0.000000,,,,,,,,
213400,1240.2,0.000000,,,,,,,,
213500,1240.8,0.000000,,,,,,,,
213600,1241.4,0.000000,,,,,,,,
213700,1242.0,0.000000,,,,,,,,
213800,1242.5,0.000000,,,,,,,,
213900,1243.1,0.000001,,,,,,,,
214000,1243.7,0.000000,,,,,,,,
214100,1244.2,0.000000,,,,,,,,
214200,1244.8,0.000000,,,,,,,,
214300,1245.4,0.000000,,,,,,,,
214400,1245.9,0.000000,,,,,,,,
214500,1246.5,0.000001,,,,,,,,
214600,1247.1,0.000000,,,,,,,,
214700,1247.6,0.000000,,,,,,,,
214800,1248.1,0.000000,,,,,,,,
214900,1248.7,0.000000,,,,,,,,
215000,1251.1,0.000000,0.000000,6.449313e-02,2.570786e-03,2.040489e-03,0.000000,3.991629e-02,2.541824e-03,2.070337e-03
215100,1251.5,0.000000,,,,,,,,
215200,1252.0,0.000000,,,,,,,,
215300,1252.4,0.000000,,,,,,,,
215400,1252.8,0.000000,,,,,,,,
215500,1253.3,0.000000,,,,,,,,
215600,1253.7,0.000000,,,,,,,,
215700,1254.2,0.000000,,,,,,,,
215800,1254.6,0.000001,,,,,,,,
215900,1255.1,0.000000,,,,,,,,
216000,1255.7,0.000000,,,,,,,,
216100,1256.3,0.000001,,,,,,,,
216200,1256.8,0.000000,,,,,,,,
216300,1257.4,0.000000,,,,,,,,
216400,1258.0,0.000000,,,,,,,,
216500,1258.5,0.000000,,,,,,,,
216600,1259.1,0.000000,,,,,,,,
216700,1259.6,0.000000,,,,,,,,
216800,1260.1,0.000000,,,,,,,,
216900,1260.5,0.000000,,,,,,,,
217000,1261.0,0.000000,,,,,,,,
217100,1261.4,0.000000,,,,,,,,
217200,1262.0,0.000000,,,,,,,,
217300,1262.5,0.000000,,,,,,,,
217400,1263.1,0.000000,,,,,,,,
217500,1263.7,0.000000,,,,,,,,
217600,1264.2,0.000000,,,,,,,,
217700,1264.8,0.000000,,,,,,,,
217800,1265.4,0.000000,,,,,,,,
217900,1265.9,0.000000,,,,,,,,
218000,1266.5,0.000001,,,,,,,,
218100,1267.1,0.000000,,,,,,,,
218200,1267.7,0.000000,,,,,,,,
218300,1268.2,0.000000,,,,,,,,
218400,1268.8,0.000000,,,,,,,,
218500,1269.4,0.000001,,,,,,,,
218600,1269.9,0.000000,,,,,,,,
218700,1270.5,0.000000,,,,,,,,
218800,1271.1,0.000002,,,,,,,,
218900,1271.6,0.000000,,,,,,,,
219000,1272.2,0.000000,,,,,,,,
219100,1272.8,0.000000,,,,,,,,
219200,1273.4,0.000000,,,,,,,,
219300,1273.9,0.000000,,,,,,,,
219400,1274.5,0.000000,,,,,,,,
219500,1275.0,0.000001,,,,,,,,
219600,1275.6,0.000000,,,,,,,,
219700,1276.2,0.000000,,,,,,,,
219800,1276.7,0.000000,,,,,,,,
219900,1277.3,0.000000,,,,,,,,
220000,1279.7,0.000000,0.000000,3.460181e-02,1.422259e-03,1.129115e-03,0.000000,2.466787e-02,1.395144e-03,1.137185e-03
220100,1280.2,0.000000,,,,,,,,
220200,1280.6,0.000000,,,,,,,,
220300,1281.0,0.000001,,,,,,,,
220400,1281.5,0.000000,,,,,,,,
220500,1281.9,0.000000,,,,,,,,
220600,1282.4,0.000000,,,,,,,,
220700,1282.8,0.000000,,,,,,,,
220800,1283.2,0.000000,,,,,,,,
220900,1283.7,0.000000,,,,,,,,
221000,1284.3,0.000000,,,,,,,,
221100,1284.8,0.000000,,,,,,,,
221200,1285.3,0.000000,,,,,,,,
221300,1285.9,0.000000,,,,,,,,
221400,1286.4,0.000000,,,,,,,,
221500,1287.0,0.000000,,,,,,,,
221600,1287.6,0.000000,,,,,,,,
221700,1288.1,0.000000,,,,,,,,
221800,1288.7,0.000000,,,,,,,,
221900,1289.3,0.000000,,,,,,,,
222000,1289.8,0.000000,,,,,,,,
222100,1290.4,0.000001,,,,,,,,
222200,1291.0,0.000000,,,,,,,,
222300,1291.6,0.000000,,,,,,,,
222400,1292.2,0.000000,,,,,,,,
222500,1292.7,0.000000,,,,,,,,
222600,1293.3,0.000000,,,,,,,,
222700,1293.9,0.000000,,,,,,,,
222800,1294.4,0.000001,,,,,,,,
222900,1295.0,0.000000,,,,,,,,
223000,1295.6,0.000000,,,,,,,,
223100,1296.1,0.000000,,,,,,,,
223200,1296.7,0.000001,,,,,,,,
223300,1297.2,0.000000,,,,,,,,
223400,1297.8,0.000000,,,,,,,,
223500,1298.4,0.000001,,,,,,,,
223600,1298.9,0.000000,,,,,,,,
223700,1299.4,0.000000,,,,,,,,
223800,1299.9,0.000000,,,,,,,,
223900,1300.3,0.000000,,,,,,,,
224000,1300.7,0.000000,,,,,,,,
224100,1301.2,0.000000,,,,,,,,
224200,1301.7,0.000000,,,,,,,,
224300,1302.3,0.000000,,,,,,,,
224400,1302.8,0.000000,,,,,,,,
224500,1303.4,0.000000,,,,,,,,
224600,1304.0,0.000000,,,,,,,,
224700,1304.5,0.000000,,,,,,,,
224800,1305.1,0.000000,,,,,,,,
224900,1305.7,0.000000,,,,,,,,
225000,1308.1,0.000000,0.000000,4.944050e-02,1.827845e-03,1.545537e-03,0.000000,3.041626e-02,1.844772e-03,1.585187e-03
225100,1308.5,0.000000,,,,,,,,
225200,1309.0,0.000000,,,,,,,,
225300,1309.4,0.000000,,,,,,,,
225400,1309.9,0.000000,,,,,,,,
225500,1310.3,0.000000,,,,,,,,
225600,1310.7,0.000000,,,,,,,,
225700,1311.2,0.000000,,,,,,,,
225800,1311.6,0.000000,,,,,,,,
225900,1312.1,0.000000,,,,,,,,
226000,1312.7,0.000001,,,,,,,,
226100,1313.3,0.000000,,,,,,,,
226200,1313.8,0.000000,,,,,,,,
226300,1314.4,0.000001,,,,,,,,
226400,1315.0,0.000000,,,,,,,,
226500,1315.6,0.000000,,,,,,,,
226600,1316.1,0.000000,,,,,,,,
226700,1316.7,0.000000,,,,,,,,
226800,1317.2,0.000000,,,,,,,,
226900,1317.8,0.000000,,,,,,,,
227000,1318.3,0.000000,,,,,,,,
227100,1318.9,0.000001,,,,,,,,
227200,1319.5,0.000000,,,,,,,,
227300,1320.0,0.000000,,,,,,,,
227400,1320.6,0.000000,,,,,,,,
227500,1321.2,0.000000,,,,,,,,
227600,1321.7,0.000000,,,,,,,,
227700,1322.3,0.000000,,,,,,,,
227800,1322.9,0.000000,,,,,,,,
227900,1323.5,0.000000,,,,,,,,
228000,1324.0,0.000000,,,,,,,,
228100,1324.6,0.000000,,,,,,,,
228200,1325.2,0.000000,,,,,,,,
228300,1325.7,0.000000,,,,,,,,
228400,1326.3,0.000000,,,,,,,,
228500,1326.9,0.000000,,,,,,,,
228600,1327.5,0.000000,,,,,,,,
228700,1328.0,0.000000,,,,,,,,
228800,1328.6,0.000000,,,,,,,,
228900,1329.2,0.000000,,,,,,,,
229000,1329.8,0.000000,,,,,,,,
229100,1330.4,0.000000,,,,,,,,
229200,1330.9,0.000000,,,,,,,,
229300,1331.5,0.000000,,,,,,,,
229400,1332.1,0.000000,,,,,,,,
229500,1332.7,0.000000,,,,,,,,
229600,1333.2,0.000000,,,,,,,,
229700,1333.8,0.000000,,,,,,,,
229800,1334.4,0.000000,,,,,,,,
229900,1334.9,0.000000,,,,,,,,
230000,1337.4,0.000000,0.000000,8.524121e-02,2.746284e-03,2.282645e-03,0.000000,5.265326e-02,2.745259e-03,2.316363e-03
230100,1337.9,0.000000,,,,,,,,
230200,1338.3,0.000000,,,,,,,,
230300,1338.7,0.000000,,,,,,,,
230400,1339.2,0.000000,,,,,,,,
230500,1339.6,0.000000,,,,,,,,
230600,1340.1,0.000000,,,,,,,,
230700,1340.6,0.000000,,,,,,,,
230800,1341.2,0.000000,,,,,,,,
230900,1341.7,0.000000,,,,,,,,
231000,1342.2,0.000000,,,,,,,,
231100,1342.8,0.000000,,,,,,,,
231200,1343.4,0.000000,,,,,,,,
231300,1343.9,0.000000,,,,,,,,
231400,1344.5,0.000000,,,,,,,,
231500,1345.1,0.000000,,,,,,,,
231600,1345.6,0.000000,,,,,,,,
231700,1346.2,0.000000,,,,,,,,
231800,1346.8,0.000000,,,,,,,,
231900,1347.3,0.000000,,,,,,,,
232000,1347.9,0.000000,,,,,,,,
232100,1348.5,0.000000,,,,,,,,
232200,1349.0,0.000000,,,,,,,,
232300,1349.6,0.000000,,,,,,,,
232400,1350.2,0.000000,,,,,,,,
232500,1350.7,0.000000,,,,,,,,
232600,1351.3,0.000000,,,,,,,,
232700,1351.9,0.000000,,,,,,,,
232800,1352.5,0.000000,,,,,,,,
232900,1353.0,0.000000,,,,,,,,
233000,1353.6,0.000000,,,,,,,,
233100,1354.2,0.000001,,,,,,,,
233200,1354.8,0.000000,,,,,,,,
233300,1355.3,0.000000,,,,,,,,
233400,1355.9,0.000001,,,,,,,,
233500,1356.5,0.000000,,,,,,,,
233600,1357.0,0.000000,,,,,,,,
233700,1357.6,0.000000,,,,,,,,
233800,1358.2,0.000000,,,,,,,,
233900,1358.7,0.000000,,,,,,,,
234000,1359.3,0.000000,,,,,,,,
234100,1359.9,0.000000,,,,,,,,
234200,1360.4,0.000000,,,,,,,,
234300,1360.9,0.000000,,,,,,,,
234400,1361.5,0.000000,,,,,,,,
234500,1362.1,0.000000,,,,,,,,
234600,1362.6,0.000000,,,,,,,,
234700,1363.2,0.000000,,,,,,,,
234800,1363.8,0.000000,,,,,,,,
234900,1364.3,0.000000,,,,,,,,
235000,1366.8,0.000000,0.000000,2.156937e-02,1.377102e-03,1.088409e-03,0.000000,1.684760e-02,1.356520e-03,1.073420e-03
235100,1367.2,0.000000,,,,,,,,
235200,1367.7,0.000000,,,,,,,,
235300,1368.1,0.000000,,,,,,,,
235400,1368.5,0.000000,,,,,,,,
235500,1369.0,0.000000,,,,,,,,
235600,1369.4,0.000000,,,,,,,,
235700,1369.9,0.000000,,,,,,,,
235800,1370.4,0.000000,,,,,,,,
235900,1370.9,0.000000,,,,,,,,
236000,1371.5,0.000000,,,,,,,,
236100,1372.1,0.000000,,,,,,,,
236200,1372.6,0.000000,,,,,,,,
236300,1373.2,0.000000,,,,,,,,
236400,1373.8,0.000000,,,,,,,,
236500,1374.3,0.000000,,,,,,,,
236600,1374.9,0.000000,,,,,,,,
236700,1375.5,0.000001,,,,,,,,
236800,1376.0,0.000000,,,,,,,,
236900,1376.5,0.000000,,,,,,,,
237000,1377.1,0.000000,,,,,,,,
237100,1377.7,0.000000,,,,,,,,
237200,1378.2,0.000000,,,,,,,,
237300,1378.8,0.000000,,,,,,,,
237400,1379.3,0.000000,,,,,,,,
237500,1379.9,0.000000,,,,,,,,
237600,1380.5,0.000000,,,,,,,,
237700,1381.1,0.000000,,,,,,,,
237800,1381.6,0.000000,,,,,,,,
237900,1382.2,0.000000,,,,,,,,
238000,1382.8,0.000001,,,,,,,,
238100,1383.4,0.000000,,,,,,,,
238200,1383.9,0.000001,,,,,,,,
238300,1384.5,0.000000,,,,,,,,
238400,1385.1,0.000000,,,,,,,,
238500,1385.6,0.000000,,,,,,,,
238600,1386.1,0.000000,,,,,,,,
238700,1386.6,0.000000,,,,,,,,
238800,1387.0,0.000000,,,,,,,,
238900,1387.5,0.000000,,,,,,,,
239000,1387.9,0.000000,,,,,,,,
239100,1388.5,0.000000,,,,,,,,
239200,1389.1,0.000000,,,,,,,,
239300,1389.6,0.000000,,,,,,,,
239400,1390.2,0.000000,,,,,,,,
239500,1390.8,0.000000,,,,,,,,
239600,1391.3,0.000002,,,,,,,,
239700,1391.9,0.000000,,,,,,,,
239800,1392.5,0.000000,,,,,,,,
239900,1393.1,0.000000,,,,,,,,
240000,1395.5,0.000000,0.000000,4.135103e-02,1.117115e-03,8.446196e-04,0.000000,2.788902e-02,1.066316e-03,8.395192e-04
240100,1396.0,0.000000,,,,,,,,
240200,1396.4,0.000000,,,,,,,,
240300,1396.8,0.000000,,,,,,,,
240400,1397.3,0.000000,,,,,,,,
240500,1397.7,0.000000,,,,,,,,
240600,1398.2,0.000000,,,,,,,,
240700,1398.6,0.000000,,,,,,,,
240800,1399.2,0.000000,,,,,,,,
240900,1399.8,0.000000,,,,,,,,
241000,1400.4,0.000000,,,,,,,,
241100,1400.9,0.000000,,,,,,,,
241200,1401.5,0.000000,,,,,,,,
241300,1402.1,0.000000,,,,,,,,
241400,1402.7,0.000000,,,,,,,,
241500,1403.2,0.000000,,,,,,,,
241600,1403.8,0.000000,,,,,,,,
241700,1404.4,0.000000,,,,,,,,
241800,1405.0,0.000000,,,,,,,,
241900,1405.5,0.000000,,,,,,,,
242000,1406.1,0.000001,,,,,,,,
242100,1406.7,0.000000,,,,,,,,
242200,1407.2,0.000000,,,,,,,,
242300,1407.8,0.000000,,,,,,,,
242400,1408.4,0.000000,,,,,,,,
242500,1408.9,0.000000,,,,,,,,
242600,1409.5,0.000000,,,,,,,,
242700,1410.0,0.000000,,,,,,,,
242800,1410.6,0.000000,,,,,,,,
242900,1411.2,0.000000,,,,,,,,
243000,1411.7,0.000000,,,,,,,,
243100,1412.3,0.000000,,,,,,,,
243200,1412.9,0.000000,,,,,,,,
243300,1413.5,0.000000,,,,,,,,
243400,1414.0,0.000000,,,,,,,,
243500,1414.6,0.000000,,,,,,,,
243600,1415.2,0.000000,,,,,,,,
243700,1415.7,0.000000,,,,,,,,
243800,1416.3,0.000000,,,,,,,,
243900,1416.9,0.000000,,,,,,,,
244000,1417.4,0.000000,,,,,,,,
244100,1418.0,0.000000,,,,,,,,
244200,1418.6,0.000000,,,,,,,,
244300,1419.1,0.000000,,,,,,,,
244400,1419.7,0.000000,,,,,,,,
244500,1420.3,0.000000,,,,,,,,
244600,1420.8,0.000000,,,,,,,,
244700,1421.4,0.000000,,,,,,,,
244800,1422.0,0.000000,,,,,,,,
244900,1422.5,0.000000,,,,,,,,
245000,1425.0,0.000000,0.000000,5.726635e-02,1.391299e-03,1.158416e-03,0.000000,3.035594e-02,1.345611e-03,1.147108e-03
245100,1425.4,0.000000,,,,,,,,
245200,1425.9,0.000000,,,,,,,,
245300,1426.3,0.000000,,,,,,,,
245400,1426.8,0.000001,,,,,,,,
245500,1427.2,0.000000,,,,,,,,
245600,1427.6,0.000000,,,,,,,,
245700,1428.1,0.000000,,,,,,,,
245800,1428.6,0.000000,,,,,,,,
245900,1429.2,0.000000,,,,,,,,
246000,1429.7,0.000000,,,,,,,,
246100,1430.3,0.000000,,,,,,,,
246200,1430.8,0.000000,,,,,,,,
246300,1431.4,0.000000,,,,,,,,
246400,1432.0,0.000000,,,,,,,,
246500,1432.6,0.000000,,,,,,,,
246600,1433.1,0.000000,,,,,,,,
246700,1433.7,0.000000,,,,,,,,
246800,1434.3,0.000000,,,,,,,,
246900,1434.8,0.000000,,,,,,,,
247000,1435.4,0.000000,,,,,,,,
247100,1436.0,0.000000,,,,,,,,
247200,1436.6,0.000000,,,,,,,,
247300,1437.1,0.000000,,,,,,,,
247400,1437.7,0.000000,,,,,,,,
247500,1438.3,0.000000,,,,,,,,
247600,1438.8,0.000000,,,,,,,,
247700,1439.4,0.000000,,,,,,,,
247800,1440.0,0.000000,,,,,,,,
247900,1440.6,0.000000,,,,,,,,
248000,1441.1,0.000000,,,,,,,,
248100,1441.7,0.000000,,,,,,,,
248200,1442.3,0.000000,,,,,,,,
248300,1442.8,0.000000,,,,,,,,
248400,1443.4,0.000001,,,,,,,,
248500,1444.0,0.000000,,,,,,,,
248600,1444.6,0.000000,,,,,,,,
248700,1445.1,0.000000,,,,,,,,
248800,1445.7,0.000000,,,,,,,,
248900,1446.3,0.000000,,,,,,,,
249000,1446.8,0.000000,,,,,,,,
249100,1447.4,0.000000,,,,,,,,
249200,1448.0,0.000000,,,,,,,,
249300,1448.6,0.000000,,,,,,,,
249400,1449.1,0.000000,,,,,,,,
249500,1449.7,0.000000,,,,,,,,
249600,1450.3,0.000000,,,,,,,,
249700,1450.8,0.000000,,,,,,,,
249800,1451.4,0.000000,,,,,,,,
249900,1452.0,0.000000,,,,,,,,
250000,1454.4,0.000000,0.000000,2.643072e-02,1.000787e-03,7.892679e-04,0.000000,1.966287e-02,9.718305e-04,7.822539e-04
250100,1454.8,0.000000,,,,,,,,
250200,1455.3,0.000000,,,,,,,,
250300,1455.7,0.000001,,,,,,,,
250400,1456.1,0.000000,,,,,,,,
250500,1456.6,0.000000,,,,,,,,
250600,1457.0,0.000000,,,,,,,,
250700,1457.5,0.000000,,,,,,,,
250800,1457.9,0.000000,,,,,,,,
250900,1458.4,0.000000,,,,,,,,
251000,1459.0,0.000000,,,,,,,,
251100,1459.5,0.000000,,,,,,,,
251200,1460.1,0.000000,,,,,,,,
251300,1460.7,0.000000,,,,,,,,
251400,1461.3,0.000000,,,,,,,,
251500,1461.8,0.000000,,,,,,,,
251600,1462.4,0.000000,,,,,,,,
251700,1463.0,0.000000,,,,,,,,
251800,1463.6,0.000000,,,,,,,,
251900,1464.1,0.000000,,,,,,,,
252000,1464.6,0.000000,,,,,,,,
252100,1465.2,0.000000,,,,,,,,
252200,1465.8,0.000000,,,,,,,,
252300,1466.3,0.000000,,,,,,,,
252400,1466.9,0.000000,,,,,,,,
252500,1467.5,0.000000,,,,,,,,
252600,1468.1,0.000000,,,,,,,,
252700,1468.6,0.000000,,,,,,,,
252800,1469.2,0.000000,,,,,,,,
252900,1469.8,0.000000,,,,,,,,
253000,1470.3,0.000000,,,,,,,,
253100,1470.9,0.000000,,,,,,,,
253200,1471.5,0.000000,,,,,,,,
253300,1472.1,0.000000,,,,,,,,
253400,1472.7,0.000000,,,,,,,,
253500,1473.2,0.000000,,,,,,,,
253600,1473.8,0.000000,,,,,,,,
253700,1474.4,0.000001,,,,,,,,
253800,1474.9,0.000000,,,,,,,,
253900,1475.5,0.000000,,,,,,,,
254000,1476.1,0.000000,,,,,,,,
254100,1476.6,0.000000,,,,,,,,
254200,1477.2,0.000000,,,,,,,,
254300,1477.8,0.000000,,,,,,,,
254400,1478.4,0.000000,,,,,,,,
254500,1478.9,0.000000,,,,,,,,
254600,1479.5,0.000000,,,,,,,,
254700,1480.1,0.000000,,,,,,,,
254800,1480.6,0.000000,,,,,,,,
254900,1481.1,0.000000,,,,,,,,
255000,1483.5,0.000000,0.000000,4.417033e-02,1.226525e-03,9.064575e-04,0.000000,1.702761e-02,1.198462e-03,9.201865e-04
255100,1484.0,0.000000,,,,,,,,
255200,1484.4,0.000000,,,,,,,,
255300,1484.9,0.000000,,,,,,,,
255400,1485.3,0.000000,,,,,,,,
255500,1485.8,0.000000,,,,,,,,
255600,1486.2,0.000000,,,,,,,,
255700,1486.6,0.000000,,,,,,,,
255800,1487.1,0.000000,,,,,,,,
255900,1487.7,0.000000,,,,,,,,
256000,1488.3,0.000000,,,,,,,,
256100,1488.9,0.000000,,,,,,,,
256200,1489.4,0.000000,,,,,,,,
256300,1490.0,0.000000,,,,,,,,
256400,1490.5,0.000000,,,,,,,,
256500,1491.1,0.000000,,,,,,,,
256600,1491.7,0.000000,,,,,,,,
256700,1492.2,0.000000,,,,,,,,
256800,1492.8,0.000000,,,,,,,,
256900,1493.4,0.000000,,,,,,,,
257000,1494.0,0.000000,,,,,,,,
257100,1494.5,0.000000,,,,,,,,
257200,1495.1,0.000000,,,,,,,,
257300,1495.7,0.000000,,,,,,,,
257400,1496.2,0.000000,,,,,,,,
257500,1496.8,0.000000,,,,,,,,
257600,1497.4,0.000000,,,,,,,,
257700,1497.9,0.000000,,,,,,,,
257800,1498.5,0.000000,,,,,,,,
257900,1499.1,0.000000,,,,,,,,
258000,1499.6,0.000000,,,,,,,,
258100,1500.2,0.000000,,,,,,,,
258200,1500.8,0.000000,,,,,,,,
258300,1501.3,0.000000,,,,,,,,
258400,1501.9,0.000000,,,,,,,,
258500,1502.5,0.000000,,,,,,,,
258600,1503.1,0.000000,,,,,,,,
258700,1503.6,0.000000,,,,,,,,
258800,1504.2,0.000000,,,,,,,,
258900,1504.8,0.000000,,,,,,,,
259000,1505.3,0.000000,,,,,,,,
259100,1505.9,0.000000,,,,,,,,
259200,1506.5,0.000000,,,,,,,,
259300,1507.1,0.000000,,,,,,,,
259400,1507.6,0.000000,,,,,,,,
259500,1508.2,0.000000,,,,,,,,
259600,1508.8,0.000000,,,,,,,,
259700,1509.3,0.000000,,,,,,,,
259800,1509.9,0.000000,,,,,,,,
259900,1510.5,0.000000,,,,,,,,
260000,1512.9,0.000000,0.000000,3.018469e-02,9.891081e-04,7.808329e-04,0.000000,1.789380e-02,1.000879e-03,8.005165e-04
260100,1513.4,0.000000,,,,,,,,
260200,1513.8,0.000000,,,,,,,,
260300,1514.3,0.000000,,,,,,,,
260400,1514.7,0.000000,,,,,,,,
260500,1515.1,0.000000,,,,,,,,
260600,1515.6,0.000000,,,,,,,,
260700,1516.0,0.000000,,,,,,,,
260800,1516.6,0.000000,,,,,,,,
260900,1517.1,0.000000,,,,,,,,
261000,1517.7,0.000000,,,,,,,,
261100,1518.2,0.000000,,,,,,,,
261200,1518.8,0.000000,,,,,,,,
261300,1519.3,0.000000,,,,,,,,
261400,1519.9,0.000000,,,,,,,,
261500,1520.4,0.000000,,,,,,,,
261600,1521.0,0.000000,,,,,,,,
261700,1521.6,0.000000,,,,,,,,
261800,1522.1,0.000000,,,,,,,,
261900,1522.7,0.000000,,,,,,,,
262000,1523.2,0.000000,,,,,,,,
262100,1523.8,0.000000,,,,,,,,
262200,1524.3,0.000000,,,,,,,,
262300,1524.9,0.000000,,,,,,,,
262400,1525.5,0.000000,,,,,,,,
262500,1526.1,0.000000,,,,,,,,
262600,1526.6,0.000000,,,,,,,,
262700,1527.2,0.000000,,,,,,,,
262800,1527.7,0.000000,,,,,,,,
262900,1528.3,0.000001,,,,,,,,
263000,1528.8,0.000000,,,,,,,,
263100,1529.4,0.000000,,,,,,,,
263200,1530.0,0.000000,,,,,,,,
263300,1530.5,0.000000,,,,,,,,
263400,1531.1,0.000000,,,,,,,,
263500,1531.7,0.000000,,,,,,,,
263600,1532.2,0.000000,,,,,,,,
263700,1532.8,0.000000,,,,,,,,
263800,1533.4,0.000000,,,,,,,,
263900,1533.9,0.000001,,,,,,,,
264000,1534.5,0.000000,,,,,,,,
264100,1535.1,0.000000,,,,,,,,
264200,1535.7,0.000000,,,,,,,,
264300,1536.2,0.000000,,,,,,,,
264400,1536.8,0.000000,,,,,,,,
264500,1537.4,0.000000,,,,,,,,
264600,1537.9,0.000000,,,,,,,,
264700,1538.5,0.000000,,,,,,,,
264800,1539.0,0.000000,,,,,,,,
264900,1539.6,0.000000,,,,,,,,
265000,1542.0,0.000000,0.000000,5.358667e-02,1.306206e-03,9.851868e-04,0.000000,1.523901e-02,1.308817e-03,1.006712e-03
265100,1542.5,0.000000,,,,,,,,
265200,1542.9,0.000000,,,,,,,,
265300,1543.4,0.000000,,,,,,,,
265400,1543.8,0.000000,,,,,,,,
265500,1544.2,0.000000,,,,,,,,
265600,1544.7,0.000000,,,,,,,,
265700,1545.1,0.000000,,,,,,,,
265800,1545.6,0.000000,,,,,,,,
265900,1546.2,0.000000,,,,,,,,
266000,1546.8,0.000000,,,,,,,,
266100,1547.3,0.000000,,,,,,,,
266200,1547.9,0.000000,,,,,,,,
266300,1548.5,0.000000,,,,,,,,
266400,1549.0,0.000000,,,,,,,,
266500,1549.6,0.000000,,,,,,,,
266600,1550.2,0.000000,,,,,,,,
266700,1550.7,0.000000,,,,,,,,
266800,1551.3,0.000000,,,,,,,,
266900,1551.9,0.000000,,,,,,,,
267000,1552.4,0.000000,,,,,,,,
267100,1553.0,0.000000,,,,,,,,
267200,1553.6,0.000000,,,,,,,,
267300,1554.2,0.000000,,,,,,,,
267400,1554.7,0.000000,,,,,,,,
267500,1555.3,0.000000,,,,,,,,
267600,1555.9,0.000000,,,,,,,,
267700,1556.4,0.000000,,,,,,,,
267800,1557.0,0.000000,,,,,,,,
267900,1557.6,0.000000,,,,,,,,
268000,1558.1,0.000000,,,,,,,,
268100,1558.7,0.000000,,,,,,,,
268200,1559.3,0.000000,,,,,,,,
268300,1559.8,0.000000,,,,,,,,
268400,1560.4,0.000000,,,,,,,,
268500,1561.0,0.000000,,,,,,,,
268600,1561.6,0.000000,,,,,,,,
268700,1562.1,0.000000,,,,,,,,
268800,1562.7,0.000000,,,,,,,,
268900,1563.3,0.000000,,,,,,,,
269000,1563.8,0.000000,,,,,,,,
269100,1564.4,0.000000,,,,,,,,
269200,1565.0,0.000000,,,,,,,,
269300,1565.5,0.000000,,,,,,,,
269400,1566.1,0.000000,,,,,,,,
269500,1566.7,0.000000,,,,,,,,
269600,1567.2,0.000000,,,,,,,,
269700,1567.8,0.000000,,,,,,,,
269800,1568.4,0.000000,,,,,,,,
269900,1569.0,0.000000,,,,,,,,
270000,1571.3,0.000000,0.000000,4.623051e-02,1.767763e-03,1.474569e-03,0.000000,1.962448e-02,1.740049e-03,1.464073e-03
270100,1571.8,0.000000,,,,,,,,
270200,1572.2,0.000000,,,,,,,,
270300,1572.7,0.000000,,,,,,,,
270400,1573.1,0.000000,,,,,,,,
270500,1573.6,0.000000,,,,,,,,
270600,1574.0,0.000000,,,,,,,,
270700,1574.5,0.000000,,,,,,,,
270800,1575.0,0.000000,,,,,,,,
270900,1575.6,0.000000,,,,,,,,
271000,1576.1,0.000000,,,,,,,,
271100,1576.7,0.000000,,,,,,,,
271200,1577.3,0.000000,,,,,,,,
271300,1577.8,0.000000,,,,,,,,
271400,1578.4,0.000000,,,,,,,,
271500,1579.0,0.000000,,,,,,,,
271600,1579.5,0.000000,,,,,,,,
271700,1580.1,0.000000,,,,,,,,
271800,1580.7,0.000000,,,,,,,,
271900,1581.2,0.000000,,,,,,,,
272000,1581.8,0.000000,,,,,,,,
272100,1582.4,0.000000,,,,,,,,
272200,1582.9,0.000000,,,,,,,,
272300,1583.5,0.000000,,,,,,,,
272400,1584.1,0.000000,,,,,,,,
272500,1584.6,0.000000,,,,,,,,
272600,1585.2,0.000000,,,,,,,,
272700,1585.8,0.000000,,,,,,,,
272800,1586.4,0.000000,,,,,,,,
272900,1587.0,0.000000,,,,,,,,
273000,1587.5,0.000000,,,,,,,,
273100,1588.1,0.000000,,,,,,,,
273200,1588.7,0.000000,,,,,,,,
273300,1589.3,0.000000,,,,,,,,
273400,1589.8,0.000000,,,,,,,,
273500,1590.4,0.000000,,,,,,,,
273600,1591.0,0.000000,,,,,,,,
273700,1591.6,0.000000,,,,,,,,
273800,1592.1,0.000000,,,,,,,,
273900,1592.7,0.000000,,,,,,,,
274000,1593.2,0.000000,,,,,,,,
274100,1593.8,0.000000,,,,,,,,
274200,1594.3,0.000000,,,,,,,,
274300,1594.9,0.000000,,,,,,,,
274400,1595.4,0.000000,,,,,,,,
274500,1596.0,0.000000,,,,,,,,
274600,1596.6,0.000000,,,,,,,,
274700,1597.2,0.000000,,,,,,,,
274800,1597.7,0.000000,,,,,,,,
274900,1598.3,0.000000,,,,,,,,
275000,1600.7,0.000000,0.000000,3.259583e-02,1.203840e-03,9.121359e-04,0.000000,1.179833e-02,1.176541e-03,8.918171e-04
275100,1601.2,0.000000,,,,,,,,
275200,1601.6,0.000000,,,,,,,,
275300,1602.1,0.000000,,,,,,,,
275400,1602.5,0.000000,,,,,,,,
275500,1602.9,0.000000,,,,,,,,
275600,1603.4,0.000000,,,,,,,,
275700,1603.8,0.000000,,,,,,,,
275800,1604.3,0.000000,,,,,,,,
275900,1604.8,0.000000,,,,,,,,
276000,1605.4,0.000000,,,,,,,,
276100,1606.0,0.000000,,,,,,,,
276200,1606.5,0.000001,,,,,,,,
276300,1607.1,0.000000,,,,,,,,
276400,1607.7,0.000000,,,,,,,,
276500,1608.3,0.000000,,,,,,,,
276600,1608.8,0.000000,,,,,,,,
276700,1609.4,0.000000,,,,,,,,
276800,1610.0,0.000000,,,,,,,,
276900,1610.5,0.000000,,,,,,,,
277000,1611.1,0.000000,,,,,,,,
277100,1611.7,0.000000,,,,,,,,
277200,1612.3,0.000000,,,,,,,,
277300,1612.9,0.000000,,,,,,,,
277400,1613.4,0.000000,,,,,,,,
277500,1614.0,0.000000,,,,,,,,
277600,1614.5,0.000000,,,,,,,,
277700,1615.1,0.000000,,,,,,,,
277800,1615.7,0.000000,,,,,,,,
277900,1616.2,0.000000,,,,,,,,
278000,1616.8,0.000000,,,,,,,,
278100,1617.4,0.000000,,,,,,,,
278200,1618.0,0.000000,,,,,,,,
278300,1618.5,0.000000,,,,,,,,
278400,1619.1,0.000000,,,,,,,,
278500,1619.7,0.000000,,,,,,,,
278600,1620.2,0.000000,,,,,,,,
278700,1620.8,0.000000,,,,,,,,
278800,1621.4,0.000000,,,,,,,,
278900,1621.9,0.000000,,,,,,,,
279000,1622.5,0.000000,,,,,,,,
279100,1623.1,0.000000,,,,,,,,
279200,1623.7,0.000000,,,,,,,,
279300,1624.2,0.000000,,,,,,,,
279400,1624.8,0.000000,,,,,,,,
279500,1625.4,0.000000,,,,,,,,
279600,1625.9,0.000000,,,,,,,,
279700,1626.5,0.000000,,,,,,,,
279800,1627.1,0.000000,,,,,,,,
279900,1627.7,0.000000,,,,,,,,
280000,1630.1,0.000000,0.000000,4.498279e-02,6.818633e-04,5.590570e-04,0.000000,2.713133e-02,6.631051e-04,5.587313e-04
280100,1630.5,0.000000,,,,,,,,
280200,1631.0,0.000000,,,,,,,,
280300,1631.4,0.000000,,,,,,,,
280400,1631.8,0.000000,,,,,,,,
280500,1632.3,0.000001,,,,,,,,
280600,1632.7,0.000000,,,,,,,,
280700,1633.2,0.000000,,,,,,,,
280800,1633.7,0.000000,,,,,,,,
280900,1634.2,0.000000,,,,,,,,
281000,1634.8,0.000001,,,,,,,,
281100,1635.3,0.000000,,,,,,,,
281200,1635.9,0.000000,,,,,,,,
281300,1636.5,0.000000,,,,,,,,
281400,1637.0,0.000000,,,,,,,,
281500,1637.6,0.000000,,,,,,,,
281600,1638.2,0.000000,,,,,,,,
281700,1638.7,0.000000,,,,,,,,
281800,1639.3,0.000000,,,,,,,,
281900,1639.9,0.000000,,,,,,,,
282000,1640.4,0.000000,,,,,,,,
282100,1641.0,0.000000,,,,,,,,
282200,1641.6,0.000000,,,,,,,,
282300,1642.1,0.000000,,,,,,,,
282400,1642.7,0.000000,,,,,,,,
282500,1643.3,0.000000,,,,,,,,
282600,1643.8,0.000000,,,,,,,,
282700,1644.4,0.000000,,,,,,,,
282800,1644.9,0.000000,,,,,,,,
282900,1645.4,0.000000,,,,,,,,
283000,1645.9,0.000000,,,,,,,,
283100,1646.4,0.000000,,,,,,,,
283200,1647.0,0.000000,,,,,,,,
283300,1647.5,0.000000,,,,,,,,
283400,1648.1,0.000000,,,,,,,,
283500,1648.6,0.000000,,,,,,,,
283600,1649.2,0.000000,,,,,,,,
283700,1649.8,0.000000,,,,,,,,
283800,1650.3,0.000000,,,,,,,,
283900,1650.9,0.000000,,,,,,,,
284000,1651.5,0.000000,,,,,,,,
284100,1652.0,0.000000,,,,,,,,
284200,1652.6,0.000000,,,,,,,,
284300,1653.1,0.000000,,,,,,,,
284400,1653.7,0.000000,,,,,,,,
284500,1654.2,0.000000,,,,,,,,
284600,1654.8,0.000000,,,,,,,,
284700,1655.3,0.000000,,,,,,,,
284800,1655.9,0.000000,,,,,,,,
284900,1656.4,0.000000,,,,,,,,
285000,1658.8,0.000000,0.000000,1.935446e-02,1.132218e-03,1.021982e-03,0.000000,1.174022e-02,1.112521e-03,1.020018e-03
285100,1659.3,0.000000,,,,,,,,
285200,1659.7,0.000000,,,,,,,,
285300,1660.1,0.000000,,,,,,,,
285400,1660.6,0.000000,,,,,,,,
285500,1661.0,0.000000,,,,,,,,
285600,1661.5,0.000000,,,,,,,,
285700,1661.9,0.000000,,,,,,,,
285800,1662.4,0.000000,,,,,,,,
285900,1662.9,0.000000,,,,,,,,
286000,1663.5,0.000000,,,,,,,,
286100,1664.0,0.000000,,,,,,,,
286200,1664.6,0.000000,,,,,,,,
286300,1665.1,0.000000,,,,,,,,
286400,1665.7,0.000000,,,,,,,,
286500,1666.3,0.000000,,,,,,,,
286600,1666.8,0.000000,,,,,,,,
286700,1667.4,0.000000,,,,,,,,
286800,1668.0,0.000000,,,,,,,,
286900,1668.6,0.000000,,,,,,,,
287000,1669.1,0.000000,,,,,,,,
287100,1669.7,0.000000,,,,,,,,
287200,1670.3,0.000000,,,,,,,,
287300,1670.8,0.000000,,,,,,,,
287400,1671.4,0.000000,,,,,,,,
287500,1672.0,0.000000,,,,,,,,
287600,1672.6,0.000000,,,,,,,,
287700,1673.1,0.000000,,,,,,,,
287800,1673.6,0.000000,,,,,,,,
287900,1674.2,0.000000,,,,,,,,
288000,1674.8,0.000000,,,,,,,,
288100,1675.4,0.000000,,,,,,,,
288200,1675.9,0.000000,,,,,,,,
288300,1676.5,0.000000,,,,,,,,
288400,1677.1,0.000000,,,,,,,,
288500,1677.6,0.000000,,,,,,,,
288600,1678.2,0.000000,,,,,,,,
288700,1678.8,0.000000,,,,,,,,
288800,1679.4,0.000000,,,,,,,,
288900,1679.9,0.000000,,,,,,,,
289000,1680.5,0.000000,,,,,,,,
289100,1681.1,0.000000,,,,,,,,
289200,1681.7,0.000000,,,,,,,,
289300,1682.2,0.000000,,,,,,,,
289400,1682.8,0.000000,,,,,,,,
289500,1683.4,0.000000,,,,,,,,
289600,1683.9,0.000000,,,,,,,,
289700,1684.5,0.000000,,,,,,,,
289800,1685.1,0.000000,,,,,,,,
289900,1685.7,0.000000,,,,,,,,
290000,1688.1,0.000000,0.000000,2.065822e-02,1.560869e-03,1.413476e-03,0.000000,1.321722e-02,1.522230e-03,1.390042e-03
290100,1688.5,0.000000,,,,,,,,
290200,1689.0,0.000000,,,,,,,,
290300,1689.4,0.000000,,,,,,,,
290400,1689.8,0.000000,,,,,,,,
290500,1690.3,0.000000,,,,,,,,
290600,1690.7,0.000000,,,,,,,,
290700,1691.2,0.000000,,,,,,,,
290800,1691.6,0.000000,,,,,,,,
290900,1692.2,0.000000,,,,,,,,
291000,1692.8,0.000000,,,,,,,,
291100,1693.3,0.000000,,,,,,,,
291200,1693.9,0.000000,,,,,,,,
291300,1694.5,0.000000,,,,,,,,
291400,1695.0,0.000000,,,,,,,,
291500,1695.6,0.000000,,,,,,,,
291600,1696.2,0.000000,,,,,,,,
291700,1696.8,0.000000,,,,,,,,
291800,1697.3,0.000000,,,,,,,,
291900,1697.9,0.000000,,,,,,,,
292000,1698.5,0.000000,,,,,,,,
292100,1699.0,0.000000,,,,,,,,
292200,1699.6,0.000000,,,,,,,,
292300,1700.1,0.000000,,,,,,,,
292400,1700.7,0.000000,,,,,,,,
292500,1701.3,0.000000,,,,,,,,
292600,1701.8,0.000000,,,,,,,,
292700,1702.4,0.000000,,,,,,,,
292800,1703.0,0.000000,,,,,,,,
292900,1703.5,0.000000,,,,,,,,
293000,1704.1,0.000000,,,,,,,,
293100,1704.7,0.000000,,,,,,,,
293200,1705.2,0.000000,,,,,,,,
293300,1705.8,0.000001,,,,,,,,
293400,1706.4,0.000000,,,,,,,,
293500,1706.9,0.000000,,,,,,,,
293600,1707.5,0.000000,,,,,,,,
293700,1708.1,0.000000,,,,,,,,
293800,1708.6,0.000000,,,,,,,,
293900,1709.2,0.000000,,,,,,,,
294000,1709.8,0.000000,,,,,,,,
294100,1710.4,0.000000,,,,,,,,
294200,1710.9,0.000000,,,,,,,,
294300,1711.5,0.000000,,,,,,,,
294400,1712.1,0.000000,,,,,,,,
294500,1712.6,0.000000,,,,,,,,
294600,1713.0,0.000000,,,,,,,,
294700,1713.5,0.000000,,,,,,,,
294800,1713.9,0.000000,,,,,,,,
294900,1714.5,0.000000,,,,,,,,
295000,1716.9,0.000000,0.000000,3.055799e-02,1.120500e-03,8.883453e-04,0.000000,1.463748e-02,1.130753e-03,9.140365e-04
295100,1717.3,0.000000,,,,,,,,
295200,1717.8,0.000000,,,,,,,,
295300,1718.2,0.000000,,,,,,,,
295400,1718.6,0.000000,,,,,,,,
295500,1719.1,0.000000,,,,,,,,
295600,1719.5,0.000000,,,,,,,,
295700,1720.0,0.000000,,,,,,,,
295800,1720.4,0.000000,,,,,,,,
295900,1721.0,0.000000,,,,,,,,
296000,1721.6,0.000000,,,,,,,,
296100,1722.1,0.000000,,,,,,,,
296200,1722.7,0.000000,,,,,,,,
296300,1723.2,0.000000,,,,,,,,
296400,1723.8,0.000000,,,,,,,,
296500,1724.4,0.000000,,,,,,,,
296600,1725.0,0.000000,,,,,,,,
296700,1725.5,0.000000,,,,,,,,
296800,1726.1,0.000000,,,,,,,,
296900,1726.7,0.000000,,,,,,,,
297000,1727.2,0.000000,,,,,,,,
297100,1727.8,0.000000,,,,,,,,
297200,1728.4,0.000000,,,,,,,,
297300,1729.0,0.000000,,,,,,,,
297400,1729.5,0.000000,,,,,,,,
297500,1730.1,0.000000,,,,,,,,
297600,1730.7,0.000000,,,,,,,,
297700,1731.2,0.000000,,,,,,,,
297800,1731.8,0.000000,,,,,,,,
297900,1732.3,0.000000,,,,,,,,
298000,1732.9,0.000000,,,,,,,,
298100,1733.5,0.000000,,,,,,,,
298200,1734.0,0.000000,,,,,,,,
298300,1734.6,0.000000,,,,,,,,
298400,1735.2,0.000000,,,,,,,,
298500,1735.8,0.000000,,,,,,,,
298600,1736.3,0.000000,,,,,,,,
298700,1736.9,0.000000,,,,,,,,
298800,1737.5,0.000000,,,,,,,,
298900,1738.0,0.000000,,,,,,,,
299000,1738.6,0.000000,,,,,,,,
299100,1739.2,0.000000,,,,,,,,
299200,1739.7,0.000000,,,,,,,,
299300,1740.2,0.000000,,,,,,,,
299400,1740.8,0.000000,,,,,,,,
299500,1741.3,0.000000,,,,,,,,
299600,1741.9,0.000000,,,,,,,,
299700,1742.5,0.000000,,,,,,,,
299800,1743.0,0.000000,,,,,,,,
299900,1743.5,0.000000,,,,,,,,
300000,1745.9,0.000000,0.000000,2.593442e-02,7.811423e-04,6.452474e-04,0.000000,1.069496e-02,7.506818e-04,6.409375e-04
300100,1746.4,0.000000,,,,,,,,
300200,1746.8,0.000000,,,,,,,,
300300,1747.3,0.000000,,,,,,,,
300400,1747.7,0.000000,,,,,,,,
300500,1748.1,0.000000,,,,,,,,
300600,1748.6,0.000000,,,,,,,,
300700,1749.0,0.000000,,,,,,,,
300800,1749.5,0.000000,,,,,,,,
300900,1750.1,0.000000,,,,,,,,
301000,1750.7,0.000000,,,,,,,,
301100,1751.2,0.000000,,,,,,,,
301200,1751.8,0.000000,,,,,,,,
301300,1752.4,0.000000,,,,,,,,
301400,1752.9,0.000000,,,,,,,,
301500,1753.5,0.000000,,,,,,,,
301600,1754.1,0.000000,,,,,,,,
301700,1754.6,0.000000,,,,,,,,
301800,1755.2,0.000000,,,,,,,,
301900,1755.8,0.000000,,,,,,,,
302000,1756.4,0.000000,,,,,,,,
302100,1756.9,0.000000,,,,,,,,
302200,1757.5,0.000000,,,,,,,,
302300,1758.0,0.000000,,,,,,,,
302400,1758.6,0.000000,,,,,,,,
302500,1759.2,0.000000,,,,,,,,
302600,1759.8,0.000000,,,,,,,,
302700,1760.3,0.000000,,,,,,,,
302800,1760.9,0.000000,,,,,,,,
302900,1761.5,0.000000,,,,,,,,
303000,1762.0,0.000000,,,,,,,,
303100,1762.6,0.000000,,,,,,,,
303200,1763.1,0.000000,,,,,,,,
303300,1763.7,0.000000,,,,,,,,
303400,1764.3,0.000000,,,,,,,,
303500,1764.8,0.000000,,,,,,,,
303600,1765.4,0.000000,,,,,,,,
303700,1766.0,0.000000,,,,,,,,
303800,1766.5,0.000000,,,,,,,,
303900,1767.1,0.000000,,,,,,,,
304000,1767.7,0.000000,,,,,,,,
304100,1768.3,0.000000,,,,,,,,
304200,1768.8,0.000000,,,,,,,,
304300,1769.3,0.000000,,,,,,,,
304400,1769.9,0.000000,,,,,,,,
304500,1770.5,0.000000,,,,,,,,
304600,1771.1,0.000000,,,,,,,,
304700,1771.6,0.000000,,,,,,,,
304800,1772.2,0.000000,,,,,,,,
304900,1772.8,0.000000,,,,,,,,
305000,1775.2,0.000000,0.000000,2.486152e-02,6.431892e-04,4.919065e-04,0.000000,8.038291e-03,6.331012e-04,4.920960e-04
305100,1775.6,0.000000,,,,,,,,
305200,1776.1,0.000000,,,,,,,,
305300,1776.5,0.000000,,,,,,,,
305400,1777.0,0.000000,,,,,,,,
305500,1777.4,0.000000,,,,,,,,
305600,1777.8,0.000000,,,,,,,,
305700,1778.3,0.000000,,,,,,,,
305800,1778.7,0.000000,,,,,,,,
305900,1779.2,0.000000,,,,,,,,
306000,1779.8,0.000000,,,,,,,,
306100,1780.4,0.000000,,,,,,,,
306200,1781.0,0.000000,,,,,,,,
306300,1781.5,0.000000,,,,,,,,
306400,1782.1,0.000000,,,,,,,,
306500,1782.7,0.000000,,,,,,,,
306600,1783.3,0.000000,,,,,,,,
306700,1783.8,0.000000,,,,,,,,
306800,1784.4,0.000000,,,,,,,,
306900,1785.0,0.000000,,,,,,,,
307000,1785.6,0.000000,,,,,,,,
307100,1786.1,0.000000,,,,,,,,
307200,1786.7,0.000000,,,,,,,,
307300,1787.3,0.000000,,,,,,,,
307400,1787.8,0.000000,,,,,,,,
307500,1788.4,0.000000,,,,,,,,
307600,1789.0,0.000000,,,,,,,,
307700,1789.6,0.000000,,,,,,,,
307800,1790.1,0.000000,,,,,,,,
307900,1790.7,0.000000,,,,,,,,
308000,1791.3,0.000000,,,,,,,,
308100,1791.9,0.000000,,,,,,,,
308200,1792.4,0.000000,,,,,,,,
308300,1793.0,0.000000,,,,,,,,
308400,1793.6,0.000000,,,,,,,,
308500,1794.1,0.000000,,,,,,,,
308600,1794.7,0.000000,,,,,,,,
308700,1795.3,0.000000,,,,,,,,
308800,1795.8,0.000000,,,,,,,,
308900,1796.4,0.000000,,,,,,,,
309000,1797.0,0.000000,,,,,,,,
309100,1797.5,0.000000,,,,,,,,
309200,1798.1,0.000000,,,,,,,,
309300,1798.7,0.000000,,,,,,,,
309400,1799.2,0.000000,,,,,,,,
309500,1799.8,0.000000,,,,,,,,
309600,1800.3,0.000000,,,,,,,,
309700,1800.9,0.000000,,,,,,,,
309800,1801.5,0.000000,,,,,,,,
309900,1802.1,0.000000,,,,,,,,
310000,1804.5,0.000000,0.000000,2.660579e-02,6.824219e-04,4.993620e-04,0.000000,1.079256e-02,6.257646e-04,4.868362e-04
310100,1804.9,0.000000,,,,,,,,
310200,1805.4,0.000000,,,,,,,,
310300,1805.8,0.000000,,,,,,,,
310400,1806.2,0.000000,,,,,,,,
310500,1806.7,0.000000,,,,,,,,
310600,1807.1,0.000000,,,,,,,,
310700,1807.6,0.000000,,,,,,,,
310800,1808.0,0.000000,,,,,,,,
310900,1808.6,0.000000,,,,,,,,
311000,1809.2,0.000000,,,,,,,,
311100,1809.7,0.000000,,,,,,,,
311200,1810.3,0.000000,,,,,,,,
311300,1810.8,0.000000,,,,,,,,
311400,1811.4,0.000000,,,,,,,,
311500,1812.0,0.000000,,,,,,,,
311600,1812.6,0.000000,,,,,,,,
311700,1813.1,0.000000,,,,,,,,
311800,1813.7,0.000000,,,,,,,,
311900,1814.3,0.000000,,,,,,,,
312000,1814.8,0.000000,,,,,,,,
312100,1815.4,0.000000,,,,,,,,
312200,1815.9,0.000000,,,,,,,,
312300,1816.5,0.000000,,,,,,,,
312400,1817.1,0.000000,,,,,,,,
312500,1817.7,0.000000,,,,,,,,
312600,1818.2,0.000000,,,,,,,,
312700,1818.8,0.000000,,,,,,,,
312800,1819.4,0.000000,,,,,,,,
312900,1819.9,0.000000,,,,,,,,
313000,1820.5,0.000000,,,,,,,,
313100,1821.1,0.000000,,,,,,,,
313200,1821.6,0.000000,,,,,,,,
313300,1822.2,0.000000,,,,,,,,
313400,1822.8,0.000000,,,,,,,,
313500,1823.3,0.000000,,,,,,,,
313600,1823.9,0.000000,,,,,,,,
313700,1824.5,0.000000,,,,,,,,
313800,1825.1,0.000000,,,,,,,,
313900,1825.6,0.000000,,,,,,,,
314000,1826.2,0.000000,,,,,,,,
314100,1826.8,0.000000,,,,,,,,
314200,1827.3,0.000000,,,,,,,,
314300,1827.9,0.000000,,,,,,,,
314400,1828.5,0.000000,,,,,,,,
314500,1829.1,0.000000,,,,,,,,
314600,1829.6,0.000000,,,,,,,,
314700,1830.2,0.000000,,,,,,,,
314800,1830.8,0.000000,,,,,,,,
314900,1831.3,0.000000,,,,,,,,
315000,1833.8,0.000000,0.000000,2.450438e-02,1.073493e-03,8.705541e-04,0.000000,2.104098e-02,1.089775e-03,9.211460e-04
315100,1834.2,0.000000,,,,,,,,
315200,1834.6,0.000000,,,,,,,,
315300,1835.1,0.000000,,,,,,,,
315400,1835.5,0.000000,,,,,,,,
315500,1836.0,0.000000,,,,,,,,
315600,1836.4,0.000000,,,,,,,,
315700,1836.8,0.000000,,,,,,,,
315800,1837.3,0.000000,,,,,,,,
315900,1837.8,0.000000,,,,,,,,
316000,1838.4,0.000000,,,,,,,,
316100,1838.9,0.000000,,,,,,,,
316200,1839.5,0.000000,,,,,,,,
316300,1840.1,0.000000,,,,,,,,
316400,1840.6,0.000000,,,,,,,,
316500,1841.2,0.000000,,,,,,,,
316600,1841.8,0.000000,,,,,,,,
316700,1842.3,0.000000,,,,,,,,
316800,1842.9,0.000000,,,,,,,,
316900,1843.5,0.000000,,,,,,,,
317000,1844.1,0.000000,,,,,,,,
317100,1844.6,0.000000,,,,,,,,
317200,1845.2,0.000000,,,,,,,,
317300,1845.8,0.000000,,,,,,,,
317400,1846.3,0.000000,,,,,,,,
317500,1846.9,0.000000,,,,,,,,
317600,1847.5,0.000000,,,,,,,,
317700,1848.0,0.000000,,,,,,,,
317800,1848.6,0.000000,,,,,,,,
317900,1849.1,0.000000,,,,,,,,
318000,1849.7,0.000000,,,,,,,,
318100,1850.3,0.000000,,,,,,,,
318200,1850.9,0.000000,,,,,,,,
318300,1851.4,0.000000,,,,,,,,
318400,1852.0,0.000000,,,,,,,,
318500,1852.6,0.000000,,,,,,,,
318600,1853.2,0.000000,,,,,,,,
318700,1853.7,0.000000,,,,,,,,
318800,1854.3,0.000000,,,,,,,,
318900,1854.8,0.000000,,,,,,,,
319000,1855.4,0.000000,,,,,,,,
319100,1856.0,0.000000,,,,,,,,
319200,1856.5,0.000000,,,,,,,,
319300,1857.1,0.000000,,,,,,,,
319400,1857.7,0.000000,,,,,,,,
319500,1858.3,0.000000,,,,,,,,
319600,1858.8,0.000000,,,,,,,,
319700,1859.4,0.000000,,,,,,,,
319800,1860.0,0.000000,,,,,,,,
319900,1860.5,0.000000,,,,,,,,
320000,1862.9,0.000000,0.000000,1.688166e-02,5.913149e-04,4.441262e-04,0.000000,9.525308e-03,5.577263e-04,4.273795e-04
320100,1863.4,0.000000,,,,,,,,
320200,1863.8,0.000000,,,,,,,,
320300,1864.3,0.000000,,,,,,,,
320400,1864.7,0.000000,,,,,,,,
320500,1865.1,0.000000,,,,,,,,
320600,1865.6,0.000000,,,,,,,,
320700,1866.0,0.000000,,,,,,,,
320800,1866.5,0.000000,,,,,,,,
320900,1867.0,0.000000,,,,,,,,
321000,1867.6,0.000000,,,,,,,,
321100,1868.1,0.000000,,,,,,,,
321200,1868.7,0.000000,,,,,,,,
321300,1869.3,0.000000,,,,,,,,
321400,1869.8,0.000000,,,,,,,,
321500,1870.4,0.000000,,,,,,,,
321600,1871.0,0.000000,,,,,,,,
321700,1871.5,0.000000,,,,,,,,
321800,1872.1,0.000000,,,,,,,,
321900,1872.7,0.000000,,,,,,,,
322000,1873.3,0.000000,,,,,,,,
322100,1873.8,0.000000,,,,,,,,
322200,1874.4,0.000000,,,,,,,,
322300,1875.0,0.000000,,,,,,,,
322400,1875.5,0.000000,,,,,,,,
322500,1876.1,0.000000,,,,,,,,
322600,1876.7,0.000000,,,,,,,,
322700,1877.2,0.000000,,,,,,,,
322800,1877.8,0.000000,,,,,,,,
322900,1878.4,0.000000,,,,,,,,
323000,1879.0,0.000000,,,,,,,,
323100,1879.5,0.000000,,,,,,,,
323200,1880.1,0.000000,,,,,,,,
323300,1880.7,0.000000,,,,,,,,
323400,1881.2,0.000000,,,,,,,,
323500,1881.8,0.000000,,,,,,,,
323600,1882.4,0.000000,,,,,,,,
323700,1883.0,0.000000,,,,,,,,
323800,1883.5,0.000000,,,,,,,,
323900,1884.1,0.000000,,,,,,,,
324000,1884.6,0.000000,,,,,,,,
324100,1885.2,0.000000,,,,,,,,
324200,1885.8,0.000000,,,,,,,,
324300,1886.3,0.000000,,,,,,,,
324400,1886.9,0.000000,,,,,,,,
324500,1887.5,0.000000,,,,,,,,
324600,1888.0,0.000000,,,,,,,,
324700,1888.6,0.000000,,,,,,,,
324800,1889.2,0.000000,,,,,,,,
324900,1889.7,0.000000,,,,,,,,
325000,1892.2,0.000000,0.000000,2.043981e-02,5.964994e-04,4.971554e-04,0.000000,1.166684e-02,5.857167e-04,4.929050e-04
325100,1892.6,0.000000,,,,,,,,
325200,1893.1,0.000000,,,,,,,,
325300,1893.5,0.000000,,,,,,,,
325400,1894.0,0.000000,,,,,,,,
325500,1894.4,0.000000,,,,,,,,
325600,1894.8,0.000000,,,,,,,,
325700,1895.3,0.000000,,,,,,,,
325800,1895.9,0.000000,,,,,,,,
325900,1896.5,0.000000,,,,,,,,
326000,1897.0,0.000000,,,,,,,,
326100,1897.6,0.000000,,,,,,,,
326200,1898.2,0.000000,,,,,,,,
326300,1898.8,0.000000,,,,,,,,
326400,1899.3,0.000000,,,,,,,,
326500,1899.9,0.000000,,,,,,,,
326600,1900.5,0.000000,,,,,,,,
326700,1901.0,0.000000,,,,,,,,
326800,1901.6,0.000000,,,,,,,,
326900,1902.2,0.000000,,,,,,,,
327000,1902.8,0.000000,,,,,,,,
327100,1903.3,0.000000,,,,,,,,
327200,1903.9,0.000000,,,,,,,,
327300,1904.5,0.000000,,,,,,,,
327400,1905.0,0.000000,,,,,,,,
327500,1905.6,0.000000,,,,,,,,
327600,1906.2,0.000000,,,,,,,,
327700,1906.7,0.000000,,,,,,,,
327800,1907.3,0.000000,,,,,,,,
327900,1907.9,0.000000,,,,,,,,
328000,1908.4,0.000000,,,,,,,,
328100,1909.0,0.000000,,,,,,,,
328200,1909.6,0.000000,,,,,,,,
328300,1910.1,0.000000,,,,,,,,
328400,1910.7,0.000000,,,,,,,,
328500,1911.3,0.000000,,,,,,,,
328600,1911.8,0.000000,,,,,,,,
328700,1912.4,0.000000,,,,,,,,
328800,1913.0,0.000000,,,,,,,,
328900,1913.6,0.000000,,,,,,,,
329000,1914.1,0.000000,,,,,,,,
329100,1914.7,0.000000,,,,,,,,
329200,1915.2,0.000000,,,,,,,,
329300,1915.8,0.000000,,,,,,,,
329400,1916.4,0.000000,,,,,,,,
329500,1916.9,0.000000,,,,,,,,
329600,1917.5,0.000000,,,,,,,,
329700,1918.1,0.000000,,,,,,,,
329800,1918.6,0.000000,,,,,,,,
329900,1919.2,0.000000,,,,,,,,
330000,1921.6,0.000000,0.000000,1.976723e-02,4.377589e-04,3.338759e-04,0.000000,1.103092e-02,4.271542e-04,3.360296e-04
330100,1922.1,0.000000,,,,,,,,
330200,1922.5,0.000000,,,,,,,,
330300,1922.9,0.000000,,,,,,,,
330400,1923.4,0.000000,,,,,,,,
330500,1923.8,0.000000,,,,,,,,
330600,1924.3,0.000000,,,,,,,,
330700,1924.7,0.000000,,,,,,,,
330800,1925.1,0.000000,,,,,,,,
330900,1925.6,0.000000,,,,,,,,
331000,1926.2,0.000000,,,,,,,,
331100,1926.8,0.000000,,,,,,,,
331200,1927.3,0.000000,,,,,,,,
331300,1927.9,0.000000,,,,,,,,
331400,1928.4,0.000000,,,,,,,,
331500,1929.0,0.000000,,,,,,,,
331600,1929.6,0.000000,,,,,,,,
331700,1930.1,0.000000,,,,,,,,
331800,1930.7,0.000000,,,,,,,,
331900,1931.3,0.000000,,,,,,,,
332000,1931.9,0.000000,,,,,,,,
332100,1932.4,0.000000,,,,,,,,
332200,1933.0,0.000000,,,,,,,,
332300,1933.6,0.000000,,,,,,,,
332400,1934.1,0.000000,,,,,,,,
332500,1934.7,0.000000,,,,,,,,
332600,1935.3,0.000000,,,,,,,,
332700,1935.8,0.000000,,,,,,,,
332800,1936.4,0.000000,,,,,,,,
332900,1937.0,0.000000,,,,,,,,
333000,1937.5,0.000000,,,,,,,,
333100,1938.1,0.000000,,,,,,,,
333200,1938.7,0.000000,,,,,,,,
333300,1939.2,0.000000,,,,,,,,
333400,1939.8,0.000000,,,,,,,,
333500,1940.4,0.000000,,,,,,,,
333600,1940.9,0.000000,,,,,,,,
333700,1941.5,0.000000,,,,,,,,
333800,1942.1,0.000000,,,,,,,,
333900,1942.6,0.000000,,,,,,,,
334000,1943.2,0.000000,,,,,,,,
334100,1943.7,0.000000,,,,,,,,
334200,1944.3,0.000000,,,,,,,,
334300,1944.9,0.000000,,,,,,,,
334400,1945.4,0.000000,,,,,,,,
334500,1946.0,0.000000,,,,,,,,
334600,1946.6,0.000000,,,,,,,,
334700,1947.2,0.000000,,,,,,,,
334800,1947.7,0.000000,,,,,,,,
334900,1948.3,0.000000,,,,,,,,
335000,1950.7,0.000000,0.000000,2.581901e-02,4.358773e-04,3.338934e-04,0.000000,1.088072e-02,4.276065e-04,3.337084e-04
335100,1951.2,0.000000,,,,,,,,
335200,1951.6,0.000000,,,,,,,,
335300,1952.1,0.000000,,,,,,,,
335400,1952.5,0.000000,,,,,,,,
335500,1952.9,0.000000,,,,,,,,
335600,1953.4,0.000000,,,,,,,,
335700,1953.8,0.000000,,,,,,,,
335800,1954.3,0.000000,,,,,,,,
335900,1954.8,0.000000,,,,,,,,
336000,1955.4,0.000000,,,,,,,,
336100,1956.0,0.000000,,,,,,,,
336200,1956.6,0.000000,,,,,,,,
336300,1957.1,0.000000,,,,,,,,
336400,1957.7,0.000000,,,,,,,,
336500,1958.3,0.000000,,,,,,,,
336600,1958.8,0.000000,,,,,,,,
336700,1959.4,0.000000,,,,,,,,
336800,1960.0,0.000000,,,,,,,,
336900,1960.6,0.000000,,,,,,,,
337000,1961.2,0.000000,,,,,,,,
337100,1961.7,0.000000,,,,,,,,
337200,1962.3,0.000000,,,,,,,,
337300,1962.9,0.000000,,,,,,,,
337400,1963.4,0.000000,,,,,,,,
337500,1964.0,0.000000,,,,,,,,
337600,1964.5,0.000000,,,,,,,,
337700,1965.1,0.000000,,,,,,,,
337800,1965.7,0.000000,,,,,,,,
337900,1966.2,0.000000,,,,,,,,
338000,1966.8,0.000000,,,,,,,,
338100,1967.4,0.000000,,,,,,,,
338200,1967.9,0.000000,,,,,,,,
338300,1968.5,0.000000,,,,,,,,
338400,1969.1,0.000000,,,,,,,,
338500,1969.6,0.000000,,,,,,,,
338600,1970.2,0.000000,,,,,,,,
338700,1970.8,0.000000,,,,,,,,
338800,1971.3,0.000000,,,,,,,,
338900,1971.9,0.000000,,,,,,,,
339000,1972.5,0.000000,,,,,,,,
339100,1973.1,0.000000,,,,,,,,
339200,1973.6,0.000000,,,,,,,,
339300,1974.2,0.000000,,,,,,,,
339400,1974.8,0.000000,,,,,,,,
339500,1975.3,0.000000,,,,,,,,
339600,1975.9,0.000000,,,,,,,,
339700,1976.4,0.000000,,,,,,,,
339800,1977.0,0.000000,,,,,,,,
339900,1977.6,0.000000,,,,,,,,
340000,1980.0,0.000000,0.000000,1.235577e-02,3.600022e-04,2.706553e-04,0.000013,8.585348e-03,3.495536e-04,2.675581e-04
340100,1980.4,0.000000,,,,,,,,
340200,1980.9,0.000000,,,,,,,,
340300,1981.3,0.000000,,,,,,,,
340400,1981.8,0.000000,,,,,,,,
340500,1982.2,0.000000,,,,,,,,
340600,1982.6,0.000000,,,,,,,,
340700,1983.1,0.000000,,,,,,,,
340800,1983.6,0.000000,,,,,,,,
340900,1984.2,0.000000,,,,,,,,
341000,1984.7,0.000000,,,,,,,,
341100,1985.3,0.000000,,,,,,,,
341200,1985.9,0.000000,,,,,,,,
341300,1986.4,0.000000,,,,,,,,
341400,1987.0,0.000000,,,,,,,,
341500,1987.6,0.000000,,,,,,,,
341600,1988.2,0.000000,,,,,,,,
341700,1988.7,0.000000,,,,,,,,
341800,1989.3,0.000000,,,,,,,,
341900,1989.9,0.000000,,,,,,,,
342000,1990.4,0.000000,,,,,,,,
342100,1991.0,0.000000,,,,,,,,
342200,1991.6,0.000000,,,,,,,,
342300,1992.1,0.000000,,,,,,,,
342400,1992.7,0.000000,,,,,,,,
342500,1993.3,0.000000,,,,,,,,
342600,1993.8,0.000000,,,,,,,,
342700,1994.4,0.000000,,,,,,,,
342800,1994.9,0.000000,,,,,,,,
342900,1995.5,0.000000,,,,,,,,
343000,1996.1,0.000000,,,,,,,,
343100,1996.7,0.000000,,,,,,,,
343200,1997.2,0.000000,,,,,,,,
343300,1997.8,0.000000,,,,,,,,
343400,1998.4,0.000000,,,,,,,,
343500,1998.9,0.000000,,,,,,,,
343600,1999.5,0.000000,,,,,,,,
343700,2000.1,0.000000,,,,,,,,
343800,2000.7,0.000000,,,,,,,,
343900,2001.3,0.000000,,,,,,,,
344000,2001.8,0.000000,,,,,,,,
344100,2002.4,0.000000,,,,,,,,
344200,2003.0,0.000000,,,,,,,,
344300,2003.5,0.000000,,,,,,,,
344400,2004.1,0.000000,,,,,,,,
344500,2004.7,0.000000,,,,,,,,
344600,2005.3,0.000000,,,,,,,,
344700,2005.8,0.000000,,,,,,,,
344800,2006.4,0.000000,,,,,,,,
344900,2007.0,0.000000,,,,,,,,
345000,2009.4,0.000000,0.000000,3.205003e-02,6.877749e-04,5.024347e-04,0.000000,1.783628e-02,6.815607e-04,5.141911e-04
345100,2009.8,0.000000,,,,,,,,
345200,2010.3,0.000000,,,,,,,,
345300,2010.7,0.000000,,,,,,,,
345400,2011.1,0.000000,,,,,,,,
345500,2011.6,0.000000,,,,,,,,
345600,2012.0,0.000000,,,,,,,,
345700,2012.5,0.000000,,,,,,,,
345800,2013.0,0.000000,,,,,,,,
345900,2013.6,0.000000,,,,,,,,
346000,2014.1,0.000000,,,,,,,,
346100,2014.7,0.000000,,,,,,,,
346200,2015.2,0.000000,,,,,,,,
346300,2015.8,0.000000,,,,,,,,
346400,2016.4,0.000000,,,,,,,,
346500,2016.9,0.000000,,,,,,,,
346600,2017.5,0.000000,,,,,,,,
346700,2018.1,0.000000,,,,,,,,
346800,2018.6,0.000000,,,,,,,,
346900,2019.2,0.000000,,,,,,,,
347000,2019.8,0.000000,,,,,,,,
347100,2020.4,0.000000,,,,,,,,
347200,2020.9,0.000000,,,,,,,,
347300,2021.5,0.000000,,,,,,,,
347400,2022.1,0.000000,,,,,,,,
347500,2022.6,0.000000,,,,,,,,
347600,2023.2,0.000000,,,,,,,,
347700,2023.8,0.000000,,,,,,,,
347800,2024.3,0.000000,,,,,,,,
347900,2024.9,0.000000,,,,,,,,
348000,2025.5,0.000000,,,,,,,,
348100,2026.1,0.000000,,,,,,,,
348200,2026.6,0.000000,,,,,,,,
348300,2027.2,0.000000,,,,,,,,
348400,2027.7,0.000000,,,,,,,,
348500,2028.3,0.000000,,,,,,,,
348600,2028.9,0.000000,,,,,,,,
348700,2029.5,0.000000,,,,,,,,
348800,2030.0,0.000000,,,,,,,,
348900,2030.6,0.000000,,,,,,,,
349000,2031.2,0.000000,,,,,,,,
349100,2031.7,0.000000,,,,,,,,
349200,2032.3,0.000000,,,,,,,,
349300,2032.9,0.000000,,,,,,,,
349400,2033.4,0.000000,,,,,,,,
349500,2034.0,0.000000,,,,,,,,
349600,2034.6,0.000000,,,,,,,,
349700,2035.2,0.000000,,,,,,,,
349800,2035.7,0.000000,,,,,,,,
349900,2036.3,0.000000,,,,,,,,
350000,2038.7,0.000000,0.000000,2.144069e-02,6.292033e-04,5.027329e-04,0.000000,7.927961e-03,6.220849e-04,5.036350e-04
350100,2039.1,0.000000,,,,,,,,
350200,2039.6,0.000000,,,,,,,,
350300,2040.0,0.000000,,,,,,,,
350400,2040.5,0.000000,,,,,,,,
350500,2040.9,0.000000,,,,,,,,
350600,2041.3,0.000000,,,,,,,,
350700,2041.8,0.000000,,,,,,,,
350800,2042.3,0.000000,,,,,,,,
350900,2042.9,0.000000,,,,,,,,
351000,2043.4,0.000000,,,,,,,,
351100,2044.0,0.000000,,,,,,,,
351200,2044.6,0.000000,,,,,,,,
351300,2045.2,0.000000,,,,,,,,
351400,2045.7,0.000000,,,,,,,,
351500,2046.3,0.000000,,,,,,,,
351600,2046.9,0.000000,,,,,,,,
351700,2047.4,0.000000,,,,,,,,
351800,2048.0,0.000000,,,,,,,,
351900,2048.6,0.000000,,,,,,,,
352000,2049.1,0.000000,,,,,,,,
352100,2049.7,0.000000,,,,,,,,
352200,2050.3,0.000000,,,,,,,,
352300,2050.8,0.000000,,,,,,,,
352400,2051.4,0.000000,,,,,,,,
352500,2052.0,0.000000,,,,,,,,
352600,2052.6,0.000000,,,,,,,,
352700,2053.1,0.000000,,,,,,,,
352800,2053.7,0.000000,,,,,,,,
352900,2054.3,0.000000,,,,,,,,
353000,2054.9,0.000000,,,,,,,,
353100,2055.4,0.000000,,,,,,,,
353200,2056.0,0.000000,,,,,,,,
353300,2056.6,0.000000,,,,,,,,
353400,2057.1,0.000000,,,,,,,,
353500,2057.7,0.000000,,,,,,,,
353600,2058.3,0.000000,,,,,,,,
353700,2058.9,0.000000,,,,,,,,
353800,2059.4,0.000000,,,,,,,,
353900,2060.0,0.000000,,,,,,,,
354000,2060.6,0.000000,,,,,,,,
354100,2061.2,0.000000,,,,,,,,
354200,2061.7,0.000000,,,,,,,,
354300,2062.3,0.000000,,,,,,,,
354400,2062.8,0.000000,,,,,,,,
354500,2063.4,0.000000,,,,,,,,
354600,2064.0,0.000000,,,,,,,,
354700,2064.6,0.000000,,,,,,,,
354800,2065.1,0.000000,,,,,,,,
354900,2065.7,0.000000,,,,,,,,
355000,2068.1,0.000000,0.000000,1.673303e-02,3.459882e-04,2.671878e-04,0.000013,8.981236e-03,3.345456e-04,2.632592e-04
355100,2068.6,0.000000,,,,,,,,
355200,2069.0,0.000000,,,,,,,,
355300,2069.5,0.000000,,,,,,,,
355400,2069.9,0.000000,,,,,,,,
355500,2070.3,0.000000,,,,,,,,
355600,2070.8,0.000000,,,,,,,,
355700,2071.2,0.000000,,,,,,,,
355800,2071.7,0.000000,,,,,,,,
355900,2072.3,0.000000,,,,,,,,
356000,2072.9,0.000000,,,,,,,,
356100,2073.4,0.000000,,,,,,,,
356200,2074.0,0.000000,,,,,,,,
356300,2074.6,0.000000,,,,,,,,
356400,2075.2,0.000000,,,,,,,,
356500,2075.7,0.000000,,,,,,,,
356600,2076.3,0.000000,,,,,,,,
356700,2076.9,0.000000,,,,,,,,
356800,2077.4,0.000000,,,,,,,,
356900,2078.0,0.000000,,,,,,,,
357000,2078.6,0.000000,,,,,,,,
357100,2079.1,0.000000,,,,,,,,
357200,2079.7,0.000000,,,,,,,,
357300,2080.3,0.000000,,,,,,,,
357400,2080.9,0.000000,,,,,,,,
357500,2081.4,0.000000,,,,,,,,
357600,2082.0,0.000000,,,,,,,,
357700,2082.6,0.000000,,,,,,,,
357800,2083.2,0.000000,,,,,,,,
357900,2083.7,0.000000,,,,,,,,
358000,2084.3,0.000000,,,,,,,,
358100,2084.9,0.000000,,,,,,,,
358200,2085.5,0.000000,,,,,,,,
358300,2086.0,0.000000,,,,,,,,
358400,2086.6,0.000000,,,,,,,,
358500,2087.2,0.000000,,,,,,,,
358600,2087.8,0.000000,,,,,,,,
358700,2088.3,0.000000,,,,,,,,
358800,2088.9,0.000000,,,,,,,,
358900,2089.4,0.000000,,,,,,,,
359000,2090.0,0.000000,,,,,,,,
359100,2090.6,0.000000,,,,,,,,
359200,2091.2,0.000000,,,,,,,,
359300,2091.7,0.000000,,,,,,,,
359400,2092.3,0.000000,,,,,,,,
359500,2092.8,0.000000,,,,,,,,
359600,2093.4,0.000000,,,,,,,,
359700,2094.0,0.000000,,,,,,,,
359800,2094.5,0.000000,,,,,,,,
359900,2095.1,0.000000,,,,,,,,
360000,2097.5,0.000000,0.000000,1.639790e-02,3.074616e-04,2.390291e-04,0.000000,8.638867e-03,2.968634e-04,2.352196e-04
360100,2098.0,0.000000,,,,,,,,
360200,2098.4,0.000000,,,,,,,,
360300,2098.9,0.000000,,,,,,,,
360400,2099.3,0.000000,,,,,,,,
360500,2099.7,0.000000,,,,,,,,
360600,2100.2,0.000000,,,,,,,,
360700,2100.6,0.000000,,,,,,,,
360800,2101.1,0.000000,,,,,,,,
360900,2101.7,0.000000,,,,,,,,
361000,2102.3,0.000000,,,,,,,,
361100,2102.8,0.000000,,,,,,,,
361200,2103.4,0.000000,,,,,,,,
361300,2104.0,0.000000,,,,,,,,
361400,2104.6,0.000000,,,,,,,,
361500,2105.1,0.000000,,,,,,,,
361600,2105.7,0.000000,,,,,,,,
361700,2106.3,0.000000,,,,,,,,
361800,2106.8,0.000000,,,,,,,,
361900,2107.4,0.000000,,,,,,,,
362000,2108.0,0.000000,,,,,,,,
362100,2108.5,0.000000,,,,,,,,
362200,2109.1,0.000000,,,,,,,,
362300,2109.7,0.000000,,,,,,,,
362400,2110.2,0.000000,,,,,,,,
362500,2110.8,0.000000,,,,,,,,
362600,2111.4,0.000000,,,,,,,,
362700,2111.9,0.000000,,,,,,,,
362800,2112.5,0.000000,,,,,,,,
362900,2113.1,0.000000,,,,,,,,
363000,2113.7,0.000000,,,,,,,,
363100,2114.2,0.000000,,,,,,,,
363200,2114.8,0.000000,,,,,,,,
363300,2115.4,0.000000,,,,,,,,
363400,2115.9,0.000000,,,,,,,,
363500,2116.5,0.000000,,,,,,,,
363600,2117.1,0.000000,,,,,,,,
363700,2117.7,0.000000,,,,,,,,
363800,2118.2,0.000000,,,,,,,,
363900,2118.8,0.000000,,,,,,,,
364000,2119.4,0.000000,,,,,,,,
364100,2119.9,0.000000,,,,,,,,
364200,2120.5,0.000000,,,,,,,,
364300,2121.1,0.000000,,,,,,,,
364400,2121.7,0.000000,,,,,,,,
364500,2122.2,0.000000,,,,,,,,
364600,2122.8,0.000000,,,,,,,,
364700,2123.4,0.000000,,,,,,,,
364800,2124.0,0.000000,,,,,,,,
364900,2124.5,0.000000,,,,,,,,
365000,2127.0,0.000000,0.000000,1.706882e-02,2.913008e-04,2.163115e-04,0.000000,1.229835e-02,2.817694e-04,2.155007e-04
365100,2127.4,0.000000,,,,,,,,
365200,2127.8,0.000000,,,,,,,,
365300,2128.3,0.000000,,,,,,,,
365400,2128.7,0.000000,,,,,,,,
365500,2129.2,0.000000,,,,,,,,
365600,2129.6,0.000000,,,,,,,,
365700,2130.1,0.000000,,,,,,,,
365800,2130.6,0.000000,,,,,,,,
365900,2131.2,0.000000,,,,,,,,
366000,2131.7,0.000000,,,,,,,,
366100,2132.3,0.000000,,,,,,,,
366200,2132.9,0.000000,,,,,,,,
366300,2133.4,0.000000,,,,,,,,
366400,2134.0,0.000000,,,,,,,,
366500,2134.6,0.000000,,,,,,,,
366600,2135.1,0.000000,,,,,,,,
366700,2135.7,0.000000,,,,,,,,
366800,2136.3,0.000000,,,,,,,,
366900,2136.8,0.000000,,,,,,,,
367000,2137.4,0.000000,,,,,,,,
367100,2138.0,0.000000,,,,,,,,
367200,2138.6,0.000000,,,,,,,,
367300,2139.1,0.000000,,,,,,,,
367400,2139.7,0.000000,,,,,,,,
367500,2140.3,0.000000,,,,,,,,
367600,2140.8,0.000000,,,,,,,,
367700,2141.4,0.000000,,,,,,,,
367800,2142.0,0.000000,,,,,,,,
367900,2142.5,0.000000,,,,,,,,
368000,2143.1,0.000000,,,,,,,,
368100,2143.6,0.000000,,,,,,,,
368200,2144.2,0.000000,,,,,,,,
368300,2144.8,0.000000,,,,,,,,
368400,2145.3,0.000000,,,,,,,,
368500,2145.9,0.000000,,,,,,,,
368600,2146.5,0.000000,,,,,,,,
368700,2147.1,0.000000,,,,,,,,
368800,2147.7,0.000000,,,,,,,,
368900,2148.2,0.000000,,,,,,,,
369000,2148.8,0.000000,,,,,,,,
369100,2149.3,0.000000,,,,,,,,
369200,2149.9,0.000000,,,,,,,,
369300,2150.5,0.000000,,,,,,,,
369400,2151.0,0.000000,,,,,,,,
369500,2151.6,0.000000,,,,,,,,
369600,2152.2,0.000000,,,,,,,,
369700,2152.7,0.000000,,,,,,,,
369800,2153.3,0.000000,,,,,,,,
369900,2153.9,0.000000,,,,,,,,
370000,2156.3,0.000000,0.000000,2.043528e-02,3.093085e-04,2.390079e-04,0.000000,8.263893e-03,2.991081e-04,2.365838e-04
370100,2156.8,0.000000,,,,,,,,
370200,2157.2,0.000000,,,,,,,,
370300,2157.6,0.000000,,,,,,,,
370400,2158.1,0.000000,,,,,,,,
370500,2158.5,0.000000,,,,,,,,
370600,2159.0,0.000000,,,,,,,,
370700,2159.5,0.000000,,,,,,,,
370800,2160.1,0.000000,,,,,,,,
370900,2160.6,0.000000,,,,,,,,
371000,2161.2,0.000000,,,,,,,,
371100,2161.8,0.000000,,,,,,,,
371200,2162.3,0.000000,,,,,,,,
371300,2162.9,0.000000,,,,,,,,
371400,2163.5,0.000000,,,,,,,,
371500,2164.1,0.000000,,,,,,,,
371600,2164.6,0.000000,,,,,,,,
371700,2165.2,0.000000,,,,,,,,
371800,2165.8,0.000000,,,,,,,,
371900,2166.3,0.000000,,,,,,,,
372000,2166.9,0.000000,,,,,,,,
372100,2167.5,0.000000,,,,,,,,
372200,2168.0,0.000000,,,,,,,,
372300,2168.6,0.000000,,,,,,,,
372400,2169.2,0.000000,,,,,,,,
372500,2169.7,0.000000,,,,,,,,
372600,2170.3,0.000000,,,,,,,,
372700,2170.8,0.000000,,,,,,,,
372800,2171.4,0.000000,,,,,,,,
372900,2172.0,0.000000,,,,,,,,
373000,2172.6,0.000000,,,,,,,,
373100,2173.1,0.000000,,,,,,,,
373200,2173.7,0.000000,,,,,,,,
373300,2174.3,0.000000,,,,,,,,
373400,2174.9,0.000000,,,,,,,,
373500,2175.4,0.000000,,,,,,,,
373600,2176.0,0.000000,,,,,,,,
373700,2176.5,0.000000,,,,,,,,
373800,2176.9,0.000000,,,,,,,,
373900,2177.4,0.000000,,,,,,,,
374000,2177.9,0.000000,,,,,,,,
374100,2178.4,0.000000,,,,,,,,
374200,2179.0,0.000000,,,,,,,,
374300,2179.5,0.000000,,,,,,,,
374400,2180.1,0.000000,,,,,,,,
374500,2180.7,0.000000,,,,,,,,
374600,2181.2,0.000000,,,,,,,,
374700,2181.8,0.000000,,,,,,,,
374800,2182.4,0.000000,,,,,,,,
374900,2183.0,0.000000,,,,,,,,
375000,2185.4,0.000000,0.000000,1.634330e-02,2.983481e-04,2.223512e-04,0.000000,9.118862e-03,2.890955e-04,2.214556e-04
375100,2185.8,0.000000,,,,,,,,
375200,2186.3,0.000000,,,,,,,,
375300,2186.7,0.000000,,,,,,,,
375400,2187.1,0.000000,,,,,,,,
375500,2187.6,0.000000,,,,,,,,
375600,2188.0,0.000000,,,,,,,,
375700,2188.5,0.000000,,,,,,,,
375800,2188.9,0.000000,,,,,,,,
375900,2189.5,0.000000,,,,,,,,
376000,2190.1,0.000000,,,,,,,,
376100,2190.6,0.000000,,,,,,,,
376200,2191.2,0.000000,,,,,,,,
376300,2191.8,0.000000,,,,,,,,
376400,2192.3,0.000000,,,,,,,,
376500,2192.9,0.000000,,,,,,,,
376600,2193.5,0.000000,,,,,,,,
376700,2194.1,0.000000,,,,,,,,
376800,2194.6,0.000000,,,,,,,,
376900,2195.2,0.000000,,,,,,,,
377000,2195.8,0.000000,,,,,,,,
377100,2196.3,0.000000,,,,,,,,
377200,2196.9,0.000000,,,,,,,,
377300,2197.5,0.000000,,,,,,,,
377400,2198.0,0.000000,,,,,,,,
377500,2198.6,0.000000,,,,,,,,
377600,2199.2,0.000000,,,,,,,,
377700,2199.7,0.000000,,,,,,,,
377800,2200.3,0.000000,,,,,,,,
377900,2200.9,0.000000,,,,,,,,
378000,2201.5,0.000000,,,,,,,,
378100,2202.0,0.000000,,,,,,,,
378200,2202.6,0.000000,,,,,,,,
378300,2203.2,0.000000,,,,,,,,
378400,2203.7,0.000000,,,,,,,,
378500,2204.3,0.000000,,,,,,,,
378600,2204.9,0.000000,,,,,,,,
378700,2205.4,0.000000,,,,,,,,
378800,2206.0,0.000000,,,,,,,,
378900,2206.6,0.000000,,,,,,,,
379000,2207.1,0.000000,,,,,,,,
379100,2207.7,0.000000,,,,,,,,
379200,2208.2,0.000000,,,,,,,,
379300,2208.7,0.000000,,,,,,,,
379400,2209.2,0.000000,,,,,,,,
379500,2209.8,0.000000,,,,,,,,
379600,2210.3,0.000000,,,,,,,,
379700,2210.9,0.000000,,,,,,,,
379800,2211.5,0.000000,,,,,,,,
379900,2212.0,0.000000,,,,,,,,
380000,2214.4,0.000000,0.000000,1.288218e-02,2.536003e-04,1.856804e-04,0.000000,8.121557e-03,2.423016e-04,1.817430e-04
380100,2214.9,0.000000,,,,,,,,
380200,2215.3,0.000000,,,,,,,,
380300,2215.8,0.000000,,,,,,,,
380400,2216.2,0.000000,,,,,,,,
380500,2216.7,0.000000,,,,,,,,
380600,2217.1,0.000000,,,,,,,,
380700,2217.5,0.000000,,,,,,,,
380800,2218.0,0.000000,,,,,,,,
380900,2218.6,0.000000,,,,,,,,
381000,2219.1,0.000000,,,,,,,,
381100,2219.7,0.000000,,,,,,,,
381200,2220.3,0.000000,,,,,,,,
381300,2220.8,0.000000,,,,,,,,
381400,2221.4,0.000000,,,,,,,,
381500,2222.0,0.000000,,,,,,,,
381600,2222.6,0.000000,,,,,,,,
381700,2223.1,0.000000,,,,,,,,
381800,2223.7,0.000000,,,,,,,,
381900,2224.3,0.000000,,,,,,,,
382000,2224.8,0.000000,,,,,,,,
382100,2225.4,0.000000,,,,,,,,
382200,2226.0,0.000000,,,,,,,,
382300,2226.5,0.000000,,,,,,,,
382400,2227.1,0.000000,,,,,,,,
382500,2227.7,0.000000,,,,,,,,
382600,2228.3,0.000000,,,,,,,,
382700,2228.8,0.000000,,,,,,,,
382800,2229.4,0.000000,,,,,,,,
382900,2230.0,0.000000,,,,,,,,
383000,2230.5,0.000000,,,,,,,,
383100,2231.1,0.000000,,,,,,,,
383200,2231.7,0.000000,,,,,,,,
383300,2232.3,0.000000,,,,,,,,
383400,2232.9,0.000000,,,,,,,,
383500,2233.4,0.000000,,,,,,,,
383600,2234.0,0.000000,,,,,,,,
383700,2234.6,0.000000,,,,,,,,
383800,2235.1,0.000000,,,,,,,,
383900,2235.7,0.000000,,,,,,,,
384000,2236.2,0.000000,,,,,,,,
384100,2236.8,0.000000,,,,,,,,
384200,2237.4,0.000000,,,,,,,,
384300,2237.9,0.000000,,,,,,,,
384400,2238.5,0.000000,,,,,,,,
384500,2239.1,0.000000,,,,,,,,
384600,2239.6,0.000000,,,,,,,,
384700,2240.2,0.000000,,,,,,,,
384800,2240.7,0.000000,,,,,,,,
384900,2241.3,0.000000,,,,,,,,
385000,2243.6,0.000000,0.000000,1.527423e-02,2.425851e-04,1.740230e-04,0.000000,8.780488e-03,2.314145e-04,1.708032e-04
385100,2244.1,0.000000,,,,,,,,
385200,2244.5,0.000000,,,,,,,,
385300,2245.0,0.000000,,,,,,,,
385400,2245.4,0.000000,,,,,,,,
385500,2245.9,0.000000,,,,,,,,
385600,2246.4,0.000000,,,,,,,,
385700,2246.8,0.000000,,,,,,,,
385800,2247.2,0.000000,,,,,,,,
385900,2247.7,0.000000,,,,,,,,
386000,2248.1,0.000000,,,,,,,,
386100,2248.6,0.000000,,,,,,,,
386200,2249.0,0.000000,,,,,,,,
386300,2249.4,0.000000,,,,,,,,
386400,2249.9,0.000000,,,,,,,,
386500,2250.3,0.000001,,,,,,,,
386600,2250.8,0.000000,,,,,,,,
386700,2251.2,0.000000,,,,,,,,
386800,2251.7,0.000000,,,,,,,,
386900,2252.3,0.000000,,,,,,,,
387000,2252.9,0.000000,,,,,,,,
387100,2253.4,0.000000,,,,,,,,
387200,2254.0,0.000000,,,,,,,,
387300,2254.6,0.000000,,,,,,,,
387400,2255.2,0.000000,,,,,,,,
387500,2255.7,0.000000,,,,,,,,
387600,2256.3,0.000000,,,,,,,,
387700,2256.9,0.000000,,,,,,,,
387800,2257.4,0.000000,,,,,,,,
387900,2258.0,0.000000,,,,,,,,
388000,2258.6,0.000000,,,,,,,,
388100,2259.2,0.000000,,,,,,,,
388200,2259.7,0.000000,,,,,,,,
388300,2260.3,0.000000,,,,,,,,
388400,2260.9,0.000000,,,,,,,,
388500,2261.4,0.000000,,,,,,,,
388600,2262.0,0.000000,,,,,,,,
388700,2262.6,0.000000,,,,,,,,
388800,2263.2,0.000000,,,,,,,,
388900,2263.7,0.000000,,,,,,,,
389000,2264.3,0.000000,,,,,,,,
389100,2264.8,0.000000,,,,,,,,
389200,2265.4,0.000000,,,,,,,,
389300,2266.0,0.000000,,,,,,,,
389400,2266.5,0.000000,,,,,,,,
389500,2267.1,0.000000,,,,,,,,
389600,2267.7,0.000000,,,,,,,,
389700,2268.2,0.000000,,,,,,,,
389800,2268.8,0.000000,,,,,,,,
389900,2269.4,0.000000,,,,,,,,
390000,2271.8,0.000000,0.000000,1.368112e-02,2.456633e-04,1.789054e-04,0.000000,7.791109e-03,2.351676e-04,1.752920e-04
390100,2272.2,0.000000,,,,,,,,
390200,2272.7,0.000000,,,,,,,,
390300,2273.1,0.000000,,,,,,,,
390400,2273.6,0.000000,,,,,,,,
390500,2274.0,0.000000,,,,,,,,
390600,2274.4,0.000000,,,,,,,,
390700,2274.9,0.000000,,,,,,,,
390800,2275.4,0.000000,,,,,,,,
390900,2275.9,0.000000,,,,,,,,
391000,2276.5,0.000000,,,,,,,,
391100,2277.1,0.000000,,,,,,,,
391200,2277.6,0.000000,,,,,,,,
391300,2278.2,0.000000,,,,,,,,
391400,2278.8,0.000000,,,,,,,,
391500,2279.4,0.000000,,,,,,,,
391600,2280.0,0.000000,,,,,,,,
391700,2280.5,0.000000,,,,,,,,
391800,2281.1,0.000000,,,,,,,,
391900,2281.7,0.000000,,,,,,,,
392000,2282.2,0.000000,,,,,,,,
392100,2282.8,0.000000,,,,,,,,
392200,2283.4,0.000000,,,,,,,,
392300,2284.0,0.000000,,,,,,,,
392400,2284.5,0.000000,,,,,,,,
392500,2285.1,0.000000,,,,,,,,
392600,2285.7,0.000000,,,,,,,,
392700,2286.3,0.000000,,,,,,,,
392800,2286.8,0.000000,,,,,,,,
392900,2287.4,0.000000,,,,,,,,
393000,2288.0,0.000000,,,,,,,,
393100,2288.5,0.000000,,,,,,,,
393200,2289.0,0.000000,,,,,,,,
393300,2289.4,0.000000,,,,,,,,
393400,2289.9,0.000000,,,,,,,,
393500,2290.3,0.000000,,,,,,,,
393600,2290.8,0.000000,,,,,,,,
393700,2291.3,0.000000,,,,,,,,
393800,2291.8,0.000000,,,,,,,,
393900,2292.4,0.000000,,,,,,,,
394000,2292.9,0.000000,,,,,,,,
394100,2293.5,0.000000,,,,,,,,
394200,2294.1,0.000000,,,,,,,,
394300,2294.6,0.000000,,,,,,,,
394400,2295.2,0.000000,,,,,,,,
394500,2295.8,0.000000,,,,,,,,
394600,2296.3,0.000000,,,,,,,,
394700,2296.9,0.000000,,,,,,,,
394800,2297.5,0.000000,,,,,,,,
394900,2298.0,0.000000,,,,,,,,
395000,2300.5,0.000000,0.000000,1.255722e-02,2.371976e-04,1.706473e-04,0.000013,8.131989e-03,2.258918e-04,1.667238e-04
395100,2300.9,0.000000,,,,,,,,
395200,2301.4,0.000000,,,,,,,,
395300,2301.8,0.000000,,,,,,,,
395400,2302.2,0.000000,,,,,,,,
395500,2302.7,0.000000,,,,,,,,
395600,2303.1,0.000000,,,,,,,,
395700,2303.5,0.000000,,,,,,,,
395800,2304.0,0.000000,,,,,,,,
395900,2304.5,0.000000,,,,,,,,
396000,2305.1,0.000000,,,,,,,,
396100,2305.7,0.000000,,,,,,,,
396200,2306.3,0.000000,,,,,,,,
396300,2306.8,0.000000,,,,,,,,
396400,2307.4,0.000000,,,,,,,,
396500,2308.0,0.000000,,,,,,,,
396600,2308.6,0.000000,,,,,,,,
396700,2309.1,0.000000,,,,,,,,
396800,2309.7,0.000000,,,,,,,,
396900,2310.2,0.000000,,,,,,,,
397000,2310.8,0.000000,,,,,,,,
397100,2311.4,0.000000,,,,,,,,
397200,2312.0,0.000000,,,,,,,,
397300,2312.5,0.000000,,,,,,,,
397400,2313.1,0.000000,,,,,,,,
397500,2313.7,0.000000,,,,,,,,
397600,2314.2,0.000000,,,,,,,,
397700,2314.8,0.000000,,,,,,,,
397800,2315.4,0.000000,,,,,,,,
397900,2316.0,0.000000,,,,,,,,
398000,2316.5,0.000000,,,,,,,,
398100,2317.1,0.000000,,,,,,,,
398200,2317.7,0.000000,,,,,,,,
398300,2318.2,0.000000,,,,,,,,
398400,2318.8,0.000000,,,,,,,,
398500,2319.3,0.000000,,,,,,,,
398600,2319.9,0.000000,,,,,,,,
398700,2320.5,0.000000,,,,,,,,
398800,2321.1,0.000000,,,,,,,,
398900,2321.6,0.000000,,,,,,,,
399000,2322.2,0.000000,,,,,,,,
399100,2322.8,0.000000,,,,,,,,
399200,2323.3,0.000000,,,,,,,,
399300,2323.9,0.000000,,,,,,,,
399400,2324.5,0.000000,,,,,,,,
399500,2325.0,0.000000,,,,,,,,
399600,2325.6,0.000000,,,,,,,,
399700,2326.2,0.000000,,,,,,,,
399800,2326.8,0.000000,,,,,,,,
399900,2327.3,0.000000,,,,,,,,
400000,2329.7,0.000000,0.000000,1.327080e-02,2.337654e-04,1.664570e-04,0.000000,8.243569e-03,2.226924e-04,1.629805e-04
