step,elapsed_s,train_loss,eval_loss,max_abs_err,mean_abs_err,median_abs_err,frac_under_boyd,max_abs_err_bulk,mean_abs_err_bulk,median_abs_err_bulk
100,0.5,0.170797,,,,,,,,
200,0.8,0.122376,,,,,,,,
300,1.1,0.081803,,,,,,,,
400,1.4,0.088783,,,,,,,,
500,1.7,0.021181,,,,,,,,
600,2.0,0.003127,,,,,,,,
700,2.3,0.001213,,,,,,,,
800,2.6,0.000471,,,,,,,,
900,2.9,0.000325,,,,,,,,
1000,3.2,0.000238,,,,,,,,
1100,3.5,0.000198,,,,,,,,
1200,3.8,0.000104,,,,,,,,
1300,4.1,0.000125,,,,,,,,
1400,4.4,0.000076,,,,,,,,
1500,4.7,0.000057,,,,,,,,
1600,5.0,0.000121,,,,,,,,
1700,5.3,0.000044,,,,,,,,
1800,5.6,0.000055,,,,,,,,
1900,5.9,0.000024,,,,,,,,
2000,6.2,0.000052,,,,,,,,
2100,6.5,0.000088,,,,,,,,
2200,6.8,0.000064,,,,,,,,
2300,7.1,0.000028,,,,,,,,
2400,7.4,0.000033,,,,,,,,
2500,7.7,0.000041,,,,,,,,
2600,8.0,0.000024,,,,,,,,
2700,8.3,0.000027,,,,,,,,
2800,8.6,0.000042,,,,,,,,
2900,8.9,0.000038,,,,,,,,
3000,9.2,0.000044,,,,,,,,
3100,9.5,0.000022,,,,,,,,
3200,9.8,0.000026,,,,,,,,
3300,10.2,0.000048,,,,,,,,
3400,10.5,0.000021,,,,,,,,
3500,10.8,0.000042,,,,,,,,
3600,11.1,0.000025,,,,,,,,
3700,11.4,0.000031,,,,,,,,
3800,11.7,0.000041,,,,,,,,
3900,12.0,0.000044,,,,,,,,
4000,12.3,0.000017,,,,,,,,
4100,12.6,0.000023,,,,,,,,
4200,12.9,0.000039,,,,,,,,
4300,13.2,0.000020,,,,,,,,
4400,13.5,0.000053,,,,,,,,
4500,13.8,0.000019,,,,,,,,
4600,14.1,0.000025,,,,,,,,
4700,14.3,0.000023,,,,,,,,
4800,14.6,0.000021,,,,,,,,
4900,14.9,0.000036,,,,,,,,
5000,16.5,0.000033,0.000027,1.035400e+00,2.661487e-01,2.301969e-01,0.000000,1.030736e+00,2.586768e-01,2.252626e-01
5100,16.7,0.000026,,,,,,,,
5200,17.0,0.000019,,,,,,,,
5300,17.3,0.000017,,,,,,,,
5400,17.6,0.000017,,,,,,,,
5500,17.9,0.000026,,,,,,,,
5600,18.2,0.000018,,,,,,,,
5700,18.5,0.000014,,,,,,,,
5800,18.8,0.000022,,,,,,,,
5900,19.1,0.000022,,,,,,,,
6000,19.4,0.000015,,,,,,,,
6100,19.7,0.000019,,,,,,,,
6200,20.0,0.000016,,,,,,,,
6300,20.3,0.000028,,,,,,,,
6400,20.6,0.000015,,,,,,,,
6500,20.9,0.000016,,,,,,,,
6600,21.2,0.000023,,,,,,,,
6700,21.5,0.000014,,,,,,,,
6800,21.8,0.000015,,,,,,,,
6900,22.1,0.000029,,,,,,,,
7000,22.4,0.000019,,,,,,,,
7100,22.7,0.000021,,,,,,,,
7200,23.0,0.000016,,,,,,,,
7300,23.3,0.000021,,,,,,,,
7400,23.6,0.000016,,,,,,,,
7500,23.9,0.000017,,,,,,,,
7600,24.2,0.000046,,,,,,,,
7700,24.5,0.000014,,,,,,,,
7800,24.8,0.000023,,,,,,,,
7900,25.1,0.000018,,,,,,,,
8000,25.4,0.000016,,,,,,,,
8100,25.7,0.000021,,,,,,,,
8200,26.0,0.000018,,,,,,,,
8300,26.3,0.000015,,,,,,,,
8400,26.6,0.000018,,,,,,,,
8500,26.9,0.000017,,,,,,,,
8600,27.2,0.000017,,,,,,,,
8700,27.5,0.000018,,,,,,,,
8800,27.8,0.000016,,,,,,,,
8900,28.1,0.000013,,,,,,,,
9000,28.4,0.000015,,,,,,,,
9100,28.7,0.000016,,,,,,,,
9200,29.1,0.000015,,,,,,,,
9300,29.4,0.000013,,,,,,,,
9400,29.7,0.000016,,,,,,,,
9500,30.0,0.000024,,,,,,,,
9600,30.3,0.000016,,,,,,,,
9700,30.6,0.000015,,,,,,,,
9800,30.9,0.000018,,,,,,,,
9900,31.2,0.000020,,,,,,,,
10000,32.6,0.000022,0.000020,1.096141e+00,2.245200e-01,1.892994e-01,0.000000,9.442373e-01,2.113686e-01,1.800876e-01
10100,32.8,0.000018,,,,,,,,
10200,33.1,0.000015,,,,,,,,
10300,33.4,0.000018,,,,,,,,
10400,33.7,0.000015,,,,,,,,
10500,34.0,0.000014,,,,,,,,
10600,34.3,0.000017,,,,,,,,
10700,34.6,0.000014,,,,,,,,
10800,34.9,0.000015,,,,,,,,
10900,35.2,0.000016,,,,,,,,
11000,35.5,0.000018,,,,,,,,
11100,35.8,0.000023,,,,,,,,
11200,36.1,0.000015,,,,,,,,
11300,36.4,0.000016,,,,,,,,
11400,36.7,0.000014,,,,,,,,
11500,37.0,0.000014,,,,,,,,
11600,37.4,0.000019,,,,,,,,
11700,37.7,0.000018,,,,,,,,
11800,38.0,0.000017,,,,,,,,
11900,38.3,0.000015,,,,,,,,
12000,38.6,0.000016,,,,,,,,
12100,38.8,0.000018,,,,,,,,
12200,39.1,0.000014,,,,,,,,
12300,39.4,0.000018,,,,,,,,
12400,39.7,0.000016,,,,,,,,
12500,40.0,0.000019,,,,,,,,
12600,40.3,0.000014,,,,,,,,
12700,40.6,0.000017,,,,,,,,
12800,40.9,0.000015,,,,,,,,
12900,41.2,0.000014,,,,,,,,
13000,41.6,0.000017,,,,,,,,
13100,41.9,0.000014,,,,,,,,
13200,42.2,0.000027,,,,,,,,
13300,42.5,0.000020,,,,,,,,
13400,42.8,0.000021,,,,,,,,
13500,43.1,0.000015,,,,,,,,
13600,43.4,0.000018,,,,,,,,
13700,43.6,0.000015,,,,,,,,
13800,44.0,0.000014,,,,,,,,
13900,44.2,0.000015,,,,,,,,
14000,44.6,0.000014,,,,,,,,
14100,44.9,0.000014,,,,,,,,
14200,45.2,0.000014,,,,,,,,
14300,45.5,0.000014,,,,,,,,
14400,45.8,0.000021,,,,,,,,
14500,46.1,0.000016,,,,,,,,
14600,46.4,0.000015,,,,,,,,
14700,46.7,0.000015,,,,,,,,
14800,47.0,0.000014,,,,,,,,
14900,47.3,0.000024,,,,,,,,
15000,48.7,0.000017,0.000014,8.904179e-01,1.824535e-01,1.484007e-01,0.000000,7.614999e-01,1.708536e-01,1.390311e-01
15100,48.9,0.000019,,,,,,,,
15200,49.2,0.000013,,,,,,,,
15300,49.5,0.000016,,,,,,,,
15400,49.8,0.000016,,,,,,,,
15500,50.1,0.000015,,,,,,,,
15600,50.4,0.000015,,,,,,,,
15700,50.7,0.000023,,,,,,,,
15800,51.0,0.000016,,,,,,,,
15900,51.3,0.000016,,,,,,,,
16000,51.6,0.000016,,,,,,,,
16100,51.9,0.000021,,,,,,,,
16200,52.2,0.000024,,,,,,,,
16300,52.5,0.000016,,,,,,,,
16400,52.8,0.000018,,,,,,,,
16500,53.1,0.000015,,,,,,,,
16600,53.4,0.000020,,,,,,,,
16700,53.7,0.000013,,,,,,,,
16800,54.1,0.000017,,,,,,,,
16900,54.4,0.000018,,,,,,,,
17000,54.7,0.000017,,,,,,,,
17100,55.0,0.000014,,,,,,,,
17200,55.3,0.000017,,,,,,,,
17300,55.6,0.000013,,,,,,,,
17400,55.9,0.000016,,,,,,,,
17500,56.2,0.000016,,,,,,,,
17600,56.5,0.000020,,,,,,,,
17700,56.8,0.000014,,,,,,,,
17800,57.1,0.000018,,,,,,,,
17900,57.4,0.000013,,,,,,,,
18000,57.7,0.000013,,,,,,,,
18100,58.0,0.000012,,,,,,,,
18200,58.3,0.000016,,,,,,,,
18300,58.6,0.000016,,,,,,,,
18400,58.9,0.000016,,,,,,,,
18500,59.2,0.000019,,,,,,,,
18600,59.5,0.000013,,,,,,,,
18700,59.8,0.000013,,,,,,,,
18800,60.1,0.000015,,,,,,,,
18900,60.4,0.000016,,,,,,,,
19000,60.7,0.000015,,,,,,,,
19100,61.0,0.000014,,,,,,,,
19200,61.3,0.000015,,,,,,,,
19300,61.6,0.000015,,,,,,,,
19400,61.9,0.000018,,,,,,,,
19500,62.2,0.000017,,,,,,,,
19600,62.5,0.000018,,,,,,,,
19700,62.8,0.000013,,,,,,,,
19800,63.2,0.000014,,,,,,,,
19900,63.5,0.000012,,,,,,,,
20000,64.9,0.000018,0.000017,1.013954e+00,2.109436e-01,1.816371e-01,0.000000,8.664023e-01,2.004014e-01,1.730629e-01
20100,65.1,0.000017,,,,,,,,
20200,65.4,0.000013,,,,,,,,
20300,65.7,0.000014,,,,,,,,
20400,66.0,0.000016,,,,,,,,
20500,66.3,0.000012,,,,,,,,
20600,66.6,0.000015,,,,,,,,
20700,66.9,0.000018,,,,,,,,
20800,67.2,0.000015,,,,,,,,
20900,67.5,0.000016,,,,,,,,
21000,67.8,0.000015,,,,,,,,
21100,68.1,0.000015,,,,,,,,
21200,68.4,0.000013,,,,,,,,
21300,68.7,0.000014,,,,,,,,
21400,69.0,0.000012,,,,,,,,
21500,69.3,0.000016,,,,,,,,
21600,69.6,0.000016,,,,,,,,
21700,69.9,0.000010,,,,,,,,
21800,70.2,0.000014,,,,,,,,
21900,70.5,0.000016,,,,,,,,
22000,70.8,0.000017,,,,,,,,
22100,71.2,0.000018,,,,,,,,
22200,71.5,0.000013,,,,,,,,
22300,71.8,0.000015,,,,,,,,
22400,72.1,0.000016,,,,,,,,
22500,72.4,0.000015,,,,,,,,
22600,72.7,0.000014,,,,,,,,
22700,73.0,0.000017,,,,,,,,
22800,73.3,0.000014,,,,,,,,
22900,73.6,0.000015,,,,,,,,
23000,73.8,0.000015,,,,,,,,
23100,74.1,0.000017,,,,,,,,
23200,74.4,0.000014,,,,,,,,
23300,74.7,0.000024,,,,,,,,
23400,75.0,0.000015,,,,,,,,
23500,75.3,0.000014,,,,,,,,
23600,75.6,0.000027,,,,,,,,
23700,75.9,0.000013,,,,,,,,
23800,76.2,0.000016,,,,,,,,
23900,76.5,0.000014,,,,,,,,
24000,76.8,0.000020,,,,,,,,
24100,77.1,0.000014,,,,,,,,
24200,77.4,0.000015,,,,,,,,
24300,77.7,0.000018,,,,,,,,
24400,78.0,0.000015,,,,,,,,
24500,78.3,0.000015,,,,,,,,
24600,78.6,0.000016,,,,,,,,
24700,78.9,0.000020,,,,,,,,
24800,79.2,0.000011,,,,,,,,
24900,79.6,0.000013,,,,,,,,
25000,81.0,0.000014,0.000017,1.019265e+00,2.074898e-01,1.757882e-01,0.000000,8.961326e-01,1.968243e-01,1.685265e-01
25100,81.2,0.000014,,,,,,,,
25200,81.5,0.000014,,,,,,,,
25300,81.8,0.000015,,,,,,,,
25400,82.1,0.000016,,,,,,,,
25500,82.4,0.000018,,,,,,,,
25600,82.7,0.000017,,,,,,,,
25700,83.0,0.000018,,,,,,,,
25800,83.3,0.000013,,,,,,,,
25900,83.6,0.000020,,,,,,,,
26000,83.9,0.000014,,,,,,,,
26100,84.2,0.000017,,,,,,,,
26200,84.5,0.000018,,,,,,,,
26300,84.8,0.000015,,,,,,,,
26400,85.1,0.000016,,,,,,,,
26500,85.4,0.000016,,,,,,,,
26600,85.7,0.000022,,,,,,,,
26700,86.0,0.000010,,,,,,,,
26800,86.3,0.000017,,,,,,,,
26900,86.6,0.000019,,,,,,,,
27000,86.9,0.000020,,,,,,,,
27100,87.2,0.000026,,,,,,,,
27200,87.5,0.000014,,,,,,,,
27300,87.8,0.000015,,,,,,,,
27400,88.1,0.000012,,,,,,,,
27500,88.4,0.000013,,,,,,,,
27600,88.7,0.000015,,,,,,,,
27700,89.0,0.000015,,,,,,,,
27800,89.3,0.000016,,,,,,,,
27900,89.6,0.000017,,,,,,,,
28000,89.9,0.000012,,,,,,,,
28100,90.2,0.000015,,,,,,,,
28200,90.5,0.000017,,,,,,,,
28300,90.8,0.000015,,,,,,,,
28400,91.1,0.000014,,,,,,,,
28500,91.4,0.000016,,,,,,,,
28600,91.7,0.000013,,,,,,,,
28700,92.0,0.000014,,,,,,,,
28800,92.3,0.000012,,,,,,,,
28900,92.6,0.000014,,,,,,,,
29000,93.0,0.000016,,,,,,,,
29100,93.3,0.000014,,,,,,,,
29200,93.6,0.000012,,,,,,,,
29300,93.9,0.000015,,,,,,,,
29400,94.2,0.000017,,,,,,,,
29500,94.4,0.000016,,,,,,,,
29600,94.8,0.000014,,,,,,,,
29700,95.1,0.000012,,,,,,,,
29800,95.4,0.000011,,,,,,,,
29900,95.7,0.000015,,,,,,,,
30000,97.1,0.000013,0.000014,8.932107e-01,1.892045e-01,1.579039e-01,0.000000,7.867074e-01,1.768063e-01,1.488636e-01
30100,97.3,0.000015,,,,,,,,
30200,97.6,0.000012,,,,,,,,
30300,97.9,0.000017,,,,,,,,
30400,98.1,0.000017,,,,,,,,
30500,98.5,0.000014,,,,,,,,
30600,98.7,0.000015,,,,,,,,
30700,99.0,0.000017,,,,,,,,
30800,99.3,0.000014,,,,,,,,
30900,99.6,0.000014,,,,,,,,
31000,100.0,0.000016,,,,,,,,
31100,100.3,0.000016,,,,,,,,
31200,100.6,0.000016,,,,,,,,
31300,100.9,0.000017,,,,,,,,
31400,101.2,0.000013,,,,,,,,
31500,101.5,0.000013,,,,,,,,
31600,101.8,0.000013,,,,,,,,
31700,102.1,0.000017,,,,,,,,
31800,102.3,0.000016,,,,,,,,
31900,102.6,0.000018,,,,,,,,
32000,102.9,0.000014,,,,,,,,
32100,103.2,0.000016,,,,,,,,
32200,103.5,0.000011,,,,,,,,
32300,103.8,0.000014,,,,,,,,
32400,104.1,0.000015,,,,,,,,
32500,104.4,0.000014,,,,,,,,
32600,104.7,0.000013,,,,,,,,
32700,105.0,0.000012,,,,,,,,
32800,105.3,0.000013,,,,,,,,
32900,105.6,0.000017,,,,,,,,
33000,105.9,0.000014,,,,,,,,
33100,106.2,0.000014,,,,,,,,
33200,106.5,0.000018,,,,,,,,
33300,106.8,0.000016,,,,,,,,
33400,107.1,0.000012,,,,,,,,
33500,107.4,0.000013,,,,,,,,
33600,107.7,0.000014,,,,,,,,
33700,108.0,0.000015,,,,,,,,
33800,108.3,0.000015,,,,,,,,
33900,108.6,0.000025,,,,,,,,
34000,108.9,0.000014,,,,,,,,
34100,109.2,0.000020,,,,,,,,
34200,109.5,0.000017,,,,,,,,
34300,109.8,0.000015,,,,,,,,
34400,110.1,0.000015,,,,,,,,
34500,110.4,0.000014,,,,,,,,
34600,110.7,0.000013,,,,,,,,
34700,111.0,0.000010,,,,,,,,
34800,111.3,0.000016,,,,,,,,
34900,111.6,0.000014,,,,,,,,
35000,113.0,0.000010,0.000013,8.146679e-01,1.804976e-01,1.492258e-01,0.000000,8.146679e-01,1.724220e-01,1.428740e-01
35100,113.3,0.000011,,,,,,,,
35200,113.6,0.000010,,,,,,,,
35300,113.9,0.000011,,,,,,,,
35400,114.2,0.000009,,,,,,,,
35500,114.5,0.000007,,,,,,,,
35600,114.8,0.000013,,,,,,,,
35700,115.1,0.000008,,,,,,,,
35800,115.4,0.000007,,,,,,,,
35900,115.7,0.000007,,,,,,,,
36000,116.0,0.000006,,,,,,,,
36100,116.3,0.000007,,,,,,,,
36200,116.5,0.000011,,,,,,,,
36300,116.8,0.000006,,,,,,,,
36400,117.2,0.000004,,,,,,,,
36500,117.5,0.000004,,,,,,,,
36600,117.8,0.000007,,,,,,,,
36700,118.1,0.000004,,,,,,,,
36800,118.4,0.000004,,,,,,,,
36900,118.7,0.000005,,,,,,,,
37000,119.0,0.000003,,,,,,,,
37100,119.3,0.000003,,,,,,,,
37200,119.6,0.000004,,,,,,,,
37300,119.9,0.000003,,,,,,,,
37400,120.2,0.000010,,,,,,,,
37500,120.5,0.000005,,,,,,,,
37600,120.8,0.000003,,,,,,,,
37700,121.1,0.000003,,,,,,,,
37800,121.4,0.000004,,,,,,,,
37900,121.7,0.000005,,,,,,,,
38000,122.0,0.000002,,,,,,,,
38100,122.3,0.000004,,,,,,,,
38200,122.6,0.000005,,,,,,,,
38300,122.9,0.000003,,,,,,,,
38400,123.2,0.000004,,,,,,,,
38500,123.5,0.000003,,,,,,,,
38600,123.8,0.000004,,,,,,,,
38700,124.1,0.000003,,,,,,,,
38800,124.4,0.000002,,,,,,,,
38900,124.7,0.000004,,,,,,,,
39000,125.0,0.000002,,,,,,,,
39100,125.3,0.000002,,,,,,,,
39200,125.6,0.000005,,,,,,,,
39300,125.9,0.000003,,,,,,,,
39400,126.2,0.000004,,,,,,,,
39500,126.5,0.000002,,,,,,,,
39600,126.8,0.000003,,,,,,,,
39700,127.1,0.000003,,,,,,,,
39800,127.4,0.000005,,,,,,,,
39900,127.7,0.000003,,,,,,,,
40000,129.1,0.000003,0.000003,8.301160e-01,9.264446e-02,8.310704e-02,0.000000,7.693640e-01,9.079649e-02,8.213647e-02
40100,129.4,0.000002,,,,,,,,
40200,129.7,0.000003,,,,,,,,
40300,130.0,0.000002,,,,,,,,
40400,130.3,0.000003,,,,,,,,
40500,130.6,0.000002,,,,,,,,
40600,130.8,0.000003,,,,,,,,
40700,131.1,0.000002,,,,,,,,
40800,131.4,0.000002,,,,,,,,
40900,131.7,0.000002,,,,,,,,
41000,132.1,0.000004,,,,,,,,
41100,132.4,0.000004,,,,,,,,
41200,132.7,0.000003,,,,,,,,
41300,133.0,0.000002,,,,,,,,
41400,133.3,0.000002,,,,,,,,
41500,133.6,0.000002,,,,,,,,
41600,133.9,0.000002,,,,,,,,
41700,134.2,0.000005,,,,,,,,
41800,134.5,0.000003,,,,,,,,
41900,134.8,0.000004,,,,,,,,
42000,135.1,0.000005,,,,,,,,
42100,135.4,0.000002,,,,,,,,
42200,135.7,0.000005,,,,,,,,
42300,136.0,0.000002,,,,,,,,
42400,136.3,0.000002,,,,,,,,
42500,136.6,0.000003,,,,,,,,
42600,136.9,0.000003,,,,,,,,
42700,137.2,0.000005,,,,,,,,
42800,137.5,0.000003,,,,,,,,
42900,137.8,0.000002,,,,,,,,
43000,138.1,0.000002,,,,,,,,
43100,138.4,0.000003,,,,,,,,
43200,138.7,0.000002,,,,,,,,
43300,139.0,0.000002,,,,,,,,
43400,139.3,0.000003,,,,,,,,
43500,139.6,0.000003,,,,,,,,
43600,139.9,0.000002,,,,,,,,
43700,140.2,0.000003,,,,,,,,
43800,140.5,0.000002,,,,,,,,
43900,140.8,0.000002,,,,,,,,
44000,141.1,0.000004,,,,,,,,
44100,141.4,0.000003,,,,,,,,
44200,141.7,0.000003,,,,,,,,
44300,142.0,0.000003,,,,,,,,
44400,142.3,0.000003,,,,,,,,
44500,142.6,0.000002,,,,,,,,
44600,142.9,0.000003,,,,,,,,
44700,143.2,0.000004,,,,,,,,
44800,143.5,0.000002,,,,,,,,
44900,143.8,0.000002,,,,,,,,
45000,145.2,0.000005,0.000003,7.773129e-01,8.884540e-02,7.491577e-02,0.000000,7.035962e-01,8.635518e-02,7.338915e-02
45100,145.5,0.000002,,,,,,,,
45200,145.8,0.000006,,,,,,,,
45300,146.1,0.000003,,,,,,,,
45400,146.4,0.000002,,,,,,,,
45500,146.7,0.000004,,,,,,,,
45600,147.0,0.000004,,,,,,,,
45700,147.3,0.000004,,,,,,,,
45800,147.6,0.000002,,,,,,,,
45900,147.9,0.000003,,,,,,,,
46000,148.2,0.000003,,,,,,,,
46100,148.5,0.000002,,,,,,,,
46200,148.8,0.000002,,,,,,,,
46300,149.1,0.000002,,,,,,,,
46400,149.4,0.000002,,,,,,,,
46500,149.7,0.000003,,,,,,,,
46600,150.0,0.000003,,,,,,,,
46700,150.3,0.000003,,,,,,,,
46800,150.6,0.000003,,,,,,,,
46900,150.9,0.000002,,,,,,,,
47000,151.2,0.000004,,,,,,,,
47100,151.5,0.000002,,,,,,,,
47200,151.8,0.000002,,,,,,,,
47300,152.1,0.000004,,,,,,,,
47400,152.4,0.000002,,,,,,,,
47500,152.7,0.000004,,,,,,,,
47600,153.0,0.000004,,,,,,,,
47700,153.3,0.000003,,,,,,,,
47800,153.6,0.000002,,,,,,,,
47900,153.9,0.000004,,,,,,,,
48000,154.2,0.000002,,,,,,,,
48100,154.5,0.000002,,,,,,,,
48200,154.8,0.000002,,,,,,,,
48300,155.1,0.000003,,,,,,,,
48400,155.4,0.000002,,,,,,,,
48500,155.7,0.000002,,,,,,,,
48600,156.0,0.000002,,,,,,,,
48700,156.3,0.000004,,,,,,,,
48800,156.6,0.000002,,,,,,,,
48900,156.9,0.000002,,,,,,,,
49000,157.2,0.000003,,,,,,,,
49100,157.5,0.000002,,,,,,,,
49200,157.8,0.000002,,,,,,,,
49300,158.1,0.000002,,,,,,,,
49400,158.4,0.000002,,,,,,,,
49500,158.7,0.000002,,,,,,,,
49600,159.0,0.000009,,,,,,,,
49700,159.3,0.000002,,,,,,,,
49800,159.6,0.000002,,,,,,,,
49900,159.9,0.000002,,,,,,,,
50000,161.4,0.000003,0.000003,6.693685e-01,8.889807e-02,7.834387e-02,0.000000,6.261674e-01,8.753351e-02,7.800243e-02
50100,161.6,0.000002,,,,,,,,
50200,161.9,0.000002,,,,,,,,
50300,162.2,0.000002,,,,,,,,
50400,162.5,0.000003,,,,,,,,
50500,162.8,0.000002,,,,,,,,
50600,163.1,0.000002,,,,,,,,
50700,163.4,0.000003,,,,,,,,
50800,163.7,0.000002,,,,,,,,
50900,164.0,0.000003,,,,,,,,
51000,164.3,0.000004,,,,,,,,
51100,164.6,0.000002,,,,,,,,
51200,164.9,0.000003,,,,,,,,
51300,165.2,0.000002,,,,,,,,
51400,165.5,0.000004,,,,,,,,
51500,165.8,0.000004,,,,,,,,
51600,166.1,0.000003,,,,,,,,
51700,166.4,0.000002,,,,,,,,
51800,166.7,0.000005,,,,,,,,
51900,167.0,0.000005,,,,,,,,
52000,167.3,0.000002,,,,,,,,
52100,167.6,0.000002,,,,,,,,
52200,167.9,0.000001,,,,,,,,
52300,168.2,0.000002,,,,,,,,
52400,168.5,0.000002,,,,,,,,
52500,168.8,0.000004,,,,,,,,
52600,169.1,0.000002,,,,,,,,
52700,169.4,0.000003,,,,,,,,
52800,169.8,0.000005,,,,,,,,
52900,170.1,0.000003,,,,,,,,
53000,170.4,0.000003,,,,,,,,
53100,170.7,0.000002,,,,,,,,
53200,171.0,0.000002,,,,,,,,
53300,171.3,0.000003,,,,,,,,
53400,171.6,0.000002,,,,,,,,
53500,171.9,0.000002,,,,,,,,
53600,172.2,0.000003,,,,,,,,
53700,172.5,0.000005,,,,,,,,
53800,172.8,0.000002,,,,,,,,
53900,173.1,0.000004,,,,,,,,
54000,173.4,0.000002,,,,,,,,
54100,173.7,0.000004,,,,,,,,
54200,174.0,0.000001,,,,,,,,
54300,174.3,0.000002,,,,,,,,
54400,174.6,0.000003,,,,,,,,
54500,174.9,0.000003,,,,,,,,
54600,175.2,0.000002,,,,,,,,
54700,175.5,0.000003,,,,,,,,
54800,175.8,0.000002,,,,,,,,
54900,176.1,0.000002,,,,,,,,
55000,177.5,0.000004,0.000005,5.383050e-01,1.109690e-01,9.983236e-02,0.000000,5.088196e-01,1.091068e-01,9.766859e-02
55100,177.8,0.000002,,,,,,,,
55200,178.1,0.000003,,,,,,,,
55300,178.3,0.000002,,,,,,,,
55400,178.7,0.000002,,,,,,,,
55500,179.0,0.000004,,,,,,,,
55600,179.3,0.000002,,,,,,,,
55700,179.6,0.000002,,,,,,,,
55800,179.9,0.000004,,,,,,,,
55900,180.2,0.000004,,,,,,,,
56000,180.5,0.000002,,,,,,,,
56100,180.8,0.000002,,,,,,,,
56200,181.1,0.000002,,,,,,,,
56300,181.4,0.000002,,,,,,,,
56400,181.7,0.000002,,,,,,,,
56500,182.0,0.000004,,,,,,,,
56600,182.3,0.000004,,,,,,,,
56700,182.6,0.000002,,,,,,,,
56800,182.9,0.000002,,,,,,,,
56900,183.2,0.000002,,,,,,,,
57000,183.5,0.000002,,,,,,,,
57100,183.8,0.000002,,,,,,,,
57200,184.1,0.000003,,,,,,,,
57300,184.4,0.000002,,,,,,,,
57400,184.7,0.000002,,,,,,,,
57500,185.0,0.000004,,,,,,,,
57600,185.3,0.000003,,,,,,,,
57700,185.6,0.000003,,,,,,,,
57800,185.9,0.000002,,,,,,,,
57900,186.3,0.000001,,,,,,,,
58000,186.6,0.000004,,,,,,,,
58100,186.9,0.000003,,,,,,,,
58200,187.2,0.000002,,,,,,,,
58300,187.5,0.000002,,,,,,,,
58400,187.8,0.000003,,,,,,,,
58500,188.1,0.000003,,,,,,,,
58600,188.4,0.000002,,,,,,,,
58700,188.7,0.000002,,,,,,,,
58800,189.0,0.000002,,,,,,,,
58900,189.3,0.000002,,,,,,,,
59000,189.6,0.000002,,,,,,,,
59100,189.9,0.000002,,,,,,,,
59200,190.2,0.000002,,,,,,,,
59300,190.5,0.000003,,,,,,,,
59400,190.8,0.000004,,,,,,,,
59500,191.1,0.000002,,,,,,,,
59600,191.4,0.000004,,,,,,,,
59700,191.7,0.000001,,,,,,,,
59800,192.0,0.000003,,,,,,,,
59900,192.3,0.000002,,,,,,,,
60000,193.8,0.000003,0.000002,6.377255e-01,7.426622e-02,6.128087e-02,0.000000,6.008111e-01,7.099663e-02,5.869994e-02
60100,194.0,0.000004,,,,,,,,
60200,194.3,0.000002,,,,,,,,
60300,194.6,0.000002,,,,,,,,
60400,194.9,0.000003,,,,,,,,
60500,195.2,0.000003,,,,,,,,
60600,195.5,0.000002,,,,,,,,
60700,195.8,0.000002,,,,,,,,
60800,196.1,0.000002,,,,,,,,
60900,196.4,0.000002,,,,,,,,
61000,196.7,0.000002,,,,,,,,
61100,197.0,0.000002,,,,,,,,
61200,197.3,0.000002,,,,,,,,
61300,197.6,0.000003,,,,,,,,
61400,197.9,0.000002,,,,,,,,
61500,198.2,0.000002,,,,,,,,
61600,198.5,0.000005,,,,,,,,
61700,198.8,0.000002,,,,,,,,
61800,199.1,0.000002,,,,,,,,
61900,199.4,0.000003,,,,,,,,
62000,199.7,0.000002,,,,,,,,
62100,200.0,0.000003,,,,,,,,
62200,200.3,0.000002,,,,,,,,
62300,200.6,0.000002,,,,,,,,
62400,200.9,0.000002,,,,,,,,
62500,201.2,0.000003,,,,,,,,
62600,201.5,0.000002,,,,,,,,
62700,201.8,0.000002,,,,,,,,
62800,202.1,0.000002,,,,,,,,
62900,202.4,0.000002,,,,,,,,
63000,202.7,0.000002,,,,,,,,
63100,203.0,0.000002,,,,,,,,
63200,203.3,0.000001,,,,,,,,
63300,203.6,0.000004,,,,,,,,
63400,204.0,0.000002,,,,,,,,
63500,204.3,0.000002,,,,,,,,
63600,204.6,0.000002,,,,,,,,
63700,204.9,0.000004,,,,,,,,
63800,205.2,0.000004,,,,,,,,
63900,205.4,0.000002,,,,,,,,
64000,205.8,0.000003,,,,,,,,
64100,206.1,0.000003,,,,,,,,
64200,206.4,0.000003,,,,,,,,
64300,206.7,0.000002,,,,,,,,
64400,207.0,0.000002,,,,,,,,
64500,207.3,0.000002,,,,,,,,
64600,207.6,0.000002,,,,,,,,
64700,207.9,0.000003,,,,,,,,
64800,208.2,0.000002,,,,,,,,
64900,208.4,0.000002,,,,,,,,
65000,209.8,0.000001,0.000001,5.424420e-01,5.725601e-02,4.380933e-02,0.000000,5.142319e-01,5.382056e-02,4.159680e-02
65100,210.1,0.000003,,,,,,,,
65200,210.4,0.000002,,,,,,,,
65300,210.7,0.000004,,,,,,,,
65400,211.0,0.000002,,,,,,,,
65500,211.3,0.000002,,,,,,,,
65600,211.6,0.000002,,,,,,,,
65700,211.9,0.000002,,,,,,,,
65800,212.2,0.000002,,,,,,,,
65900,212.5,0.000002,,,,,,,,
66000,212.8,0.000001,,,,,,,,
66100,213.1,0.000002,,,,,,,,
66200,213.4,0.000003,,,,,,,,
66300,213.7,0.000002,,,,,,,,
66400,214.0,0.000004,,,,,,,,
66500,214.3,0.000002,,,,,,,,
66600,214.6,0.000002,,,,,,,,
66700,214.9,0.000005,,,,,,,,
66800,215.2,0.000003,,,,,,,,
66900,215.5,0.000004,,,,,,,,
67000,215.8,0.000003,,,,,,,,
67100,216.1,0.000002,,,,,,,,
67200,216.4,0.000002,,,,,,,,
67300,216.7,0.000003,,,,,,,,
67400,217.0,0.000002,,,,,,,,
67500,217.3,0.000001,,,,,,,,
67600,217.6,0.000002,,,,,,,,
67700,217.9,0.000002,,,,,,,,
67800,218.2,0.000002,,,,,,,,
67900,218.5,0.000002,,,,,,,,
68000,218.8,0.000002,,,,,,,,
68100,219.1,0.000003,,,,,,,,
68200,219.5,0.000002,,,,,,,,
68300,219.8,0.000003,,,,,,,,
68400,220.1,0.000003,,,,,,,,
68500,220.4,0.000005,,,,,,,,
68600,220.7,0.000002,,,,,,,,
68700,221.0,0.000002,,,,,,,,
68800,221.3,0.000001,,,,,,,,
68900,221.6,0.000002,,,,,,,,
69000,221.9,0.000004,,,,,,,,
69100,222.2,0.000003,,,,,,,,
69200,222.5,0.000002,,,,,,,,
69300,222.8,0.000003,,,,,,,,
69400,223.1,0.000002,,,,,,,,
69500,223.4,0.000002,,,,,,,,
69600,223.7,0.000002,,,,,,,,
69700,224.0,0.000004,,,,,,,,
69800,224.3,0.000003,,,,,,,,
69900,224.6,0.000005,,,,,,,,
70000,226.0,0.000001,0.000004,4.463326e-01,1.029705e-01,9.434107e-02,0.000000,4.303026e-01,1.007640e-01,9.312019e-02
70100,226.2,0.000002,,,,,,,,
70200,226.5,0.000001,,,,,,,,
70300,226.8,0.000001,,,,,,,,
70400,227.1,0.000001,,,,,,,,
70500,227.4,0.000002,,,,,,,,
70600,227.7,0.000003,,,,,,,,
70700,228.0,0.000004,,,,,,,,
70800,228.3,0.000003,,,,,,,,
70900,228.6,0.000003,,,,,,,,
71000,228.9,0.000001,,,,,,,,
71100,229.2,0.000001,,,,,,,,
71200,229.5,0.000004,,,,,,,,
71300,229.8,0.000004,,,,,,,,
71400,230.1,0.000002,,,,,,,,
71500,230.4,0.000004,,,,,,,,
71600,230.7,0.000002,,,,,,,,
71700,231.0,0.000001,,,,,,,,
71800,231.3,0.000001,,,,,,,,
71900,231.6,0.000002,,,,,,,,
72000,231.9,0.000001,,,,,,,,
72100,232.2,0.000001,,,,,,,,
72200,232.5,0.000002,,,,,,,,
72300,232.8,0.000004,,,,,,,,
72400,233.0,0.000001,,,,,,,,
72500,233.3,0.000001,,,,,,,,
72600,233.7,0.000003,,,,,,,,
72700,234.0,0.000002,,,,,,,,
72800,234.3,0.000003,,,,,,,,
72900,234.6,0.000002,,,,,,,,
73000,234.9,0.000002,,,,,,,,
73100,235.2,0.000002,,,,,,,,
73200,235.5,0.000003,,,,,,,,
73300,235.8,0.000002,,,,,,,,
73400,236.1,0.000002,,,,,,,,
73500,236.3,0.000002,,,,,,,,
73600,236.6,0.000002,,,,,,,,
73700,236.9,0.000002,,,,,,,,
73800,237.2,0.000002,,,,,,,,
73900,237.5,0.000002,,,,,,,,
74000,237.8,0.000006,,,,,,,,
74100,238.1,0.000002,,,,,,,,
74200,238.4,0.000002,,,,,,,,
74300,238.7,0.000001,,,,,,,,
74400,239.0,0.000001,,,,,,,,
74500,239.3,0.000003,,,,,,,,
74600,239.6,0.000002,,,,,,,,
74700,239.9,0.000002,,,,,,,,
74800,240.2,0.000001,,,,,,,,
74900,240.5,0.000002,,,,,,,,
75000,242.0,0.000005,0.000003,7.278001e-01,8.495969e-02,7.018756e-02,0.000000,6.869042e-01,8.284463e-02,6.879069e-02
75100,242.2,0.000002,,,,,,,,
75200,242.5,0.000002,,,,,,,,
75300,242.8,0.000002,,,,,,,,
75400,243.1,0.000003,,,,,,,,
75500,243.4,0.000002,,,,,,,,
75600,243.7,0.000002,,,,,,,,
75700,244.0,0.000001,,,,,,,,
75800,244.3,0.000001,,,,,,,,
75900,244.6,0.000004,,,,,,,,
76000,244.9,0.000002,,,,,,,,
76100,245.2,0.000001,,,,,,,,
76200,245.5,0.000006,,,,,,,,
76300,245.8,0.000002,,,,,,,,
76400,246.1,0.000003,,,,,,,,
76500,246.4,0.000004,,,,,,,,
76600,246.7,0.000001,,,,,,,,
76700,247.0,0.000002,,,,,,,,
76800,247.3,0.000002,,,,,,,,
76900,247.6,0.000001,,,,,,,,
77000,247.9,0.000002,,,,,,,,
77100,248.2,0.000001,,,,,,,,
77200,248.5,0.000002,,,,,,,,
77300,248.8,0.000001,,,,,,,,
77400,249.1,0.000001,,,,,,,,
77500,249.5,0.000003,,,,,,,,
77600,249.8,0.000001,,,,,,,,
77700,250.1,0.000001,,,,,,,,
77800,250.4,0.000002,,,,,,,,
77900,250.7,0.000003,,,,,,,,
78000,251.0,0.000001,,,,,,,,
78100,251.3,0.000002,,,,,,,,
78200,251.6,0.000002,,,,,,,,
78300,251.9,0.000001,,,,,,,,
78400,252.2,0.000002,,,,,,,,
78500,252.4,0.000002,,,,,,,,
78600,252.7,0.000002,,,,,,,,
78700,253.0,0.000001,,,,,,,,
78800,253.3,0.000003,,,,,,,,
78900,253.6,0.000002,,,,,,,,
79000,254.0,0.000001,,,,,,,,
79100,254.3,0.000002,,,,,,,,
79200,254.6,0.000001,,,,,,,,
79300,254.9,0.000001,,,,,,,,
79400,255.2,0.000004,,,,,,,,
79500,255.5,0.000001,,,,,,,,
79600,255.8,0.000002,,,,,,,,
79700,256.1,0.000002,,,,,,,,
79800,256.4,0.000001,,,,,,,,
79900,256.7,0.000002,,,,,,,,
80000,258.1,0.000003,0.000002,5.622460e-01,7.598534e-02,6.802651e-02,0.000000,5.172341e-01,7.466700e-02,6.729406e-02
80100,258.3,0.000003,,,,,,,,
80200,258.6,0.000002,,,,,,,,
80300,258.9,0.000002,,,,,,,,
80400,259.2,0.000002,,,,,,,,
80500,259.5,0.000002,,,,,,,,
80600,259.8,0.000003,,,,,,,,
80700,260.1,0.000001,,,,,,,,
80800,260.4,0.000001,,,,,,,,
80900,260.7,0.000001,,,,,,,,
81000,261.0,0.000002,,,,,,,,
81100,261.3,0.000001,,,,,,,,
81200,261.6,0.000001,,,,,,,,
81300,261.9,0.000002,,,,,,,,
81400,262.2,0.000001,,,,,,,,
81500,262.5,0.000001,,,,,,,,
81600,262.8,0.000001,,,,,,,,
81700,263.1,0.000002,,,,,,,,
81800,263.5,0.000006,,,,,,,,
81900,263.8,0.000001,,,,,,,,
82000,264.1,0.000001,,,,,,,,
82100,264.4,0.000001,,,,,,,,
82200,264.7,0.000003,,,,,,,,
82300,265.0,0.000001,,,,,,,,
82400,265.2,0.000001,,,,,,,,
82500,265.5,0.000001,,,,,,,,
82600,265.8,0.000001,,,,,,,,
82700,266.1,0.000001,,,,,,,,
82800,266.4,0.000001,,,,,,,,
82900,266.7,0.000002,,,,,,,,
83000,267.0,0.000003,,,,,,,,
83100,267.3,0.000001,,,,,,,,
83200,267.6,0.000001,,,,,,,,
83300,268.0,0.000002,,,,,,,,
83400,268.3,0.000004,,,,,,,,
83500,268.6,0.000002,,,,,,,,
83600,268.9,0.000001,,,,,,,,
83700,269.2,0.000004,,,,,,,,
83800,269.5,0.000002,,,,,,,,
83900,269.8,0.000001,,,,,,,,
84000,270.1,0.000002,,,,,,,,
84100,270.4,0.000001,,,,,,,,
84200,270.7,0.000001,,,,,,,,
84300,271.0,0.000002,,,,,,,,
84400,271.3,0.000001,,,,,,,,
84500,271.6,0.000002,,,,,,,,
84600,271.9,0.000002,,,,,,,,
84700,272.2,0.000002,,,,,,,,
84800,272.5,0.000002,,,,,,,,
84900,272.8,0.000002,,,,,,,,
85000,274.2,0.000002,0.000002,4.640958e-01,6.516250e-02,5.343430e-02,0.000000,4.262555e-01,6.260856e-02,5.203775e-02
85100,274.4,0.000002,,,,,,,,
85200,274.7,0.000001,,,,,,,,
85300,275.0,0.000001,,,,,,,,
85400,275.3,0.000001,,,,,,,,
85500,275.6,0.000002,,,,,,,,
85600,275.9,0.000001,,,,,,,,
85700,276.2,0.000002,,,,,,,,
85800,276.5,0.000003,,,,,,,,
85900,276.8,0.000002,,,,,,,,
86000,277.2,0.000001,,,,,,,,
86100,277.5,0.000001,,,,,,,,
86200,277.8,0.000002,,,,,,,,
86300,278.1,0.000001,,,,,,,,
86400,278.4,0.000002,,,,,,,,
86500,278.7,0.000001,,,,,,,,
86600,279.0,0.000002,,,,,,,,
86700,279.3,0.000001,,,,,,,,
86800,279.6,0.000001,,,,,,,,
86900,279.9,0.000003,,,,,,,,
87000,280.2,0.000002,,,,,,,,
87100,280.5,0.000001,,,,,,,,
87200,280.8,0.000001,,,,,,,,
87300,281.1,0.000001,,,,,,,,
87400,281.4,0.000001,,,,,,,,
87500,281.7,0.000002,,,,,,,,
87600,282.0,0.000001,,,,,,,,
87700,282.3,0.000002,,,,,,,,
87800,282.6,0.000001,,,,,,,,
87900,282.9,0.000001,,,,,,,,
88000,283.2,0.000002,,,,,,,,
88100,283.5,0.000001,,,,,,,,
88200,283.8,0.000002,,,,,,,,
88300,284.1,0.000001,,,,,,,,
88400,284.4,0.000003,,,,,,,,
88500,284.7,0.000001,,,,,,,,
88600,285.0,0.000002,,,,,,,,
88700,285.3,0.000002,,,,,,,,
88800,285.6,0.000001,,,,,,,,
88900,285.9,0.000002,,,,,,,,
89000,286.2,0.000002,,,,,,,,
89100,286.5,0.000001,,,,,,,,
89200,286.8,0.000002,,,,,,,,
89300,287.1,0.000003,,,,,,,,
89400,287.4,0.000001,,,,,,,,
89500,287.7,0.000004,,,,,,,,
89600,288.0,0.000003,,,,,,,,
89700,288.3,0.000001,,,,,,,,
89800,288.6,0.000001,,,,,,,,
89900,288.9,0.000001,,,,,,,,
90000,290.4,0.000002,0.000001,5.241200e-01,5.381085e-02,4.361943e-02,0.000000,4.726975e-01,5.165392e-02,4.257993e-02
90100,290.6,0.000001,,,,,,,,
90200,290.9,0.000001,,,,,,,,
90300,291.2,0.000001,,,,,,,,
90400,291.5,0.000001,,,,,,,,
90500,291.8,0.000001,,,,,,,,
90600,292.1,0.000002,,,,,,,,
90700,292.4,0.000003,,,,,,,,
90800,292.7,0.000003,,,,,,,,
90900,293.0,0.000001,,,,,,,,
91000,293.3,0.000005,,,,,,,,
91100,293.6,0.000001,,,,,,,,
91200,293.9,0.000002,,,,,,,,
91300,294.2,0.000001,,,,,,,,
91400,294.5,0.000003,,,,,,,,
91500,294.8,0.000001,,,,,,,,
91600,295.1,0.000002,,,,,,,,
91700,295.4,0.000001,,,,,,,,
91800,295.6,0.000003,,,,,,,,
91900,296.0,0.000002,,,,,,,,
92000,296.3,0.000002,,,,,,,,
92100,296.5,0.000001,,,,,,,,
92200,296.8,0.000003,,,,,,,,
92300,297.2,0.000001,,,,,,,,
92400,297.5,0.000002,,,,,,,,
92500,297.8,0.000001,,,,,,,,
92600,298.1,0.000001,,,,,,,,
92700,298.4,0.000002,,,,,,,,
92800,298.7,0.000002,,,,,,,,
92900,299.0,0.000001,,,,,,,,
93000,299.3,0.000001,,,,,,,,
93100,299.6,0.000001,,,,,,,,
93200,299.9,0.000003,,,,,,,,
93300,300.2,0.000002,,,,,,,,
93400,300.5,0.000001,,,,,,,,
93500,300.8,0.000002,,,,,,,,
93600,301.1,0.000001,,,,,,,,
93700,301.4,0.000002,,,,,,,,
93800,301.7,0.000004,,,,,,,,
93900,302.0,0.000004,,,,,,,,
94000,302.3,0.000001,,,,,,,,
94100,302.6,0.000001,,,,,,,,
94200,302.9,0.000002,,,,,,,,
94300,303.2,0.000003,,,,,,,,
94400,303.5,0.000002,,,,,,,,
94500,303.8,0.000002,,,,,,,,
94600,304.1,0.000002,,,,,,,,
94700,304.4,0.000002,,,,,,,,
94800,304.7,0.000003,,,,,,,,
94900,305.0,0.000002,,,,,,,,
95000,306.5,0.000003,0.000003,5.430142e-01,8.832497e-02,8.461615e-02,0.000000,4.977334e-01,8.673724e-02,8.333650e-02
95100,306.7,0.000001,,,,,,,,
95200,306.9,0.000002,,,,,,,,
95300,307.2,0.000002,,,,,,,,
95400,307.5,0.000002,,,,,,,,
95500,307.8,0.000001,,,,,,,,
95600,308.1,0.000001,,,,,,,,
95700,308.5,0.000002,,,,,,,,
95800,308.8,0.000001,,,,,,,,
95900,309.1,0.000001,,,,,,,,
96000,309.4,0.000001,,,,,,,,
96100,309.7,0.000002,,,,,,,,
96200,310.0,0.000001,,,,,,,,
96300,310.3,0.000001,,,,,,,,
96400,310.6,0.000001,,,,,,,,
96500,310.9,0.000002,,,,,,,,
96600,311.2,0.000003,,,,,,,,
96700,311.5,0.000001,,,,,,,,
96800,311.8,0.000001,,,,,,,,
96900,312.1,0.000002,,,,,,,,
97000,312.4,0.000003,,,,,,,,
97100,312.7,0.000001,,,,,,,,
97200,313.0,0.000002,,,,,,,,
97300,313.3,0.000002,,,,,,,,
97400,313.6,0.000001,,,,,,,,
97500,313.9,0.000002,,,,,,,,
97600,314.2,0.000002,,,,,,,,
97700,314.5,0.000002,,,,,,,,
97800,314.8,0.000003,,,,,,,,
97900,315.1,0.000002,,,,,,,,
98000,315.4,0.000001,,,,,,,,
98100,315.7,0.000002,,,,,,,,
98200,316.0,0.000001,,,,,,,,
98300,316.3,0.000001,,,,,,,,
98400,316.6,0.000001,,,,,,,,
98500,316.9,0.000004,,,,,,,,
98600,317.2,0.000002,,,,,,,,
98700,317.6,0.000002,,,,,,,,
98800,317.9,0.000003,,,,,,,,
98900,318.2,0.000003,,,,,,,,
99000,318.5,0.000001,,,,,,,,
99100,318.8,0.000002,,,,,,,,
99200,319.1,0.000002,,,,,,,,
99300,319.4,0.000003,,,,,,,,
99400,319.7,0.000003,,,,,,,,
99500,320.0,0.000003,,,,,,,,
99600,320.3,0.000001,,,,,,,,
99700,320.6,0.000003,,,,,,,,
99800,320.9,0.000001,,,,,,,,
99900,321.2,0.000001,,,,,,,,
100000,322.6,0.000003,0.000001,5.864198e-01,4.662546e-02,3.572274e-02,0.000000,5.481847e-01,4.426270e-02,3.442526e-02
100100,322.9,0.000001,,,,,,,,
100200,323.2,0.000002,,,,,,,,
100300,323.5,0.000001,,,,,,,,
100400,323.8,0.000003,,,,,,,,
100500,324.1,0.000001,,,,,,,,
100600,324.4,0.000003,,,,,,,,
100700,324.7,0.000001,,,,,,,,
100800,325.0,0.000002,,,,,,,,
100900,325.3,0.000003,,,,,,,,
101000,325.6,0.000001,,,,,,,,
101100,325.9,0.000002,,,,,,,,
101200,326.2,0.000002,,,,,,,,
101300,326.5,0.000003,,,,,,,,
101400,326.8,0.000002,,,,,,,,
101500,327.1,0.000003,,,,,,,,
101600,327.4,0.000004,,,,,,,,
101700,327.7,0.000001,,,,,,,,
101800,328.0,0.000002,,,,,,,,
101900,328.3,0.000001,,,,,,,,
102000,328.6,0.000002,,,,,,,,
102100,328.9,0.000001,,,,,,,,
102200,329.2,0.000002,,,,,,,,
102300,329.5,0.000002,,,,,,,,
102400,329.8,0.000001,,,,,,,,
102500,330.1,0.000005,,,,,,,,
102600,330.4,0.000001,,,,,,,,
102700,330.8,0.000002,,,,,,,,
102800,331.0,0.000002,,,,,,,,
102900,331.3,0.000002,,,,,,,,
103000,331.7,0.000002,,,,,,,,
103100,332.0,0.000002,,,,,,,,
103200,332.3,0.000001,,,,,,,,
103300,332.6,0.000001,,,,,,,,
103400,332.9,0.000002,,,,,,,,
103500,333.2,0.000001,,,,,,,,
103600,333.5,0.000002,,,,,,,,
103700,333.8,0.000001,,,,,,,,
103800,334.1,0.000005,,,,,,,,
103900,334.4,0.000001,,,,,,,,
104000,334.7,0.000001,,,,,,,,
104100,335.0,0.000001,,,,,,,,
104200,335.3,0.000002,,,,,,,,
104300,335.6,0.000002,,,,,,,,
104400,335.9,0.000001,,,,,,,,
104500,336.2,0.000001,,,,,,,,
104600,336.5,0.000001,,,,,,,,
104700,336.8,0.000001,,,,,,,,
104800,337.1,0.000002,,,,,,,,
104900,337.4,0.000001,,,,,,,,
105000,338.8,0.000002,0.000005,6.404092e-01,1.225505e-01,1.204439e-01,0.000000,5.998891e-01,1.231479e-01,1.213195e-01
105100,339.0,0.000001,,,,,,,,
105200,339.3,0.000001,,,,,,,,
105300,339.6,0.000004,,,,,,,,
105400,339.9,0.000002,,,,,,,,
105500,340.2,0.000001,,,,,,,,
105600,340.5,0.000001,,,,,,,,
105700,340.8,0.000001,,,,,,,,
105800,341.1,0.000001,,,,,,,,
105900,341.4,0.000001,,,,,,,,
106000,341.7,0.000001,,,,,,,,
106100,342.0,0.000001,,,,,,,,
106200,342.4,0.000003,,,,,,,,
106300,342.7,0.000002,,,,,,,,
106400,343.0,0.000001,,,,,,,,
106500,343.3,0.000002,,,,,,,,
106600,343.6,0.000001,,,,,,,,
106700,343.9,0.000002,,,,,,,,
106800,344.2,0.000001,,,,,,,,
106900,344.5,0.000003,,,,,,,,
107000,344.8,0.000004,,,,,,,,
107100,345.1,0.000003,,,,,,,,
107200,345.4,0.000001,,,,,,,,
107300,345.7,0.000002,,,,,,,,
107400,346.0,0.000003,,,,,,,,
107500,346.3,0.000003,,,,,,,,
107600,346.6,0.000002,,,,,,,,
107700,346.9,0.000004,,,,,,,,
107800,347.2,0.000003,,,,,,,,
107900,347.5,0.000001,,,,,,,,
108000,347.8,0.000003,,,,,,,,
108100,348.1,0.000002,,,,,,,,
108200,348.4,0.000002,,,,,,,,
108300,348.7,0.000001,,,,,,,,
108400,349.0,0.000003,,,,,,,,
108500,349.3,0.000002,,,,,,,,
108600,349.6,0.000001,,,,,,,,
108700,349.9,0.000002,,,,,,,,
108800,350.2,0.000001,,,,,,,,
108900,350.5,0.000001,,,,,,,,
109000,350.8,0.000003,,,,,,,,
109100,351.2,0.000001,,,,,,,,
109200,351.4,0.000002,,,,,,,,
109300,351.7,0.000003,,,,,,,,
109400,352.0,0.000001,,,,,,,,
109500,352.4,0.000001,,,,,,,,
109600,352.7,0.000002,,,,,,,,
109700,353.0,0.000001,,,,,,,,
109800,353.3,0.000001,,,,,,,,
109900,353.6,0.000003,,,,,,,,
110000,355.0,0.000001,0.000002,5.376508e-01,7.333488e-02,6.774146e-02,0.000000,4.903157e-01,7.219633e-02,6.749081e-02
110100,355.2,0.000002,,,,,,,,
110200,355.5,0.000003,,,,,,,,
110300,355.8,0.000002,,,,,,,,
110400,356.1,0.000002,,,,,,,,
110500,356.4,0.000001,,,,,,,,
110600,356.7,0.000001,,,,,,,,
110700,357.0,0.000002,,,,,,,,
110800,357.3,0.000002,,,,,,,,
110900,357.6,0.000001,,,,,,,,
111000,357.9,0.000001,,,,,,,,
111100,358.2,0.000003,,,,,,,,
111200,358.5,0.000001,,,,,,,,
111300,358.8,0.000002,,,,,,,,
111400,359.1,0.000004,,,,,,,,
111500,359.4,0.000001,,,,,,,,
111600,359.8,0.000003,,,,,,,,
111700,360.1,0.000001,,,,,,,,
111800,360.4,0.000003,,,,,,,,
111900,360.7,0.000001,,,,,,,,
112000,361.0,0.000001,,,,,,,,
112100,361.3,0.000002,,,,,,,,
112200,361.6,0.000001,,,,,,,,
112300,361.9,0.000001,,,,,,,,
112400,362.2,0.000001,,,,,,,,
112500,362.5,0.000001,,,,,,,,
112600,362.8,0.000001,,,,,,,,
112700,363.1,0.000001,,,,,,,,
112800,363.4,0.000001,,,,,,,,
112900,363.7,0.000002,,,,,,,,
113000,364.0,0.000002,,,,,,,,
113100,364.3,0.000001,,,,,,,,
113200,364.6,0.000001,,,,,,,,
113300,364.9,0.000001,,,,,,,,
113400,365.2,0.000003,,,,,,,,
113500,365.5,0.000001,,,,,,,,
113600,365.8,0.000003,,,,,,,,
113700,366.1,0.000001,,,,,,,,
113800,366.4,0.000002,,,,,,,,
113900,366.7,0.000001,,,,,,,,
114000,367.0,0.000002,,,,,,,,
114100,367.3,0.000003,,,,,,,,
114200,367.6,0.000002,,,,,,,,
114300,367.9,0.000001,,,,,,,,
114400,368.2,0.000002,,,,,,,,
114500,368.5,0.000001,,,,,,,,
114600,368.8,0.000001,,,,,,,,
114700,369.1,0.000001,,,,,,,,
114800,369.4,0.000002,,,,,,,,
114900,369.7,0.000002,,,,,,,,
115000,371.1,0.000001,0.000001,5.767171e-01,5.559999e-02,4.478760e-02,0.000000,5.439179e-01,5.360045e-02,4.334052e-02
115100,371.4,0.000003,,,,,,,,
115200,371.6,0.000002,,,,,,,,
115300,371.9,0.000001,,,,,,,,
115400,372.2,0.000002,,,,,,,,
115500,372.5,0.000001,,,,,,,,
115600,372.8,0.000002,,,,,,,,
115700,373.1,0.000002,,,,,,,,
115800,373.4,0.000002,,,,,,,,
115900,373.7,0.000001,,,,,,,,
116000,374.0,0.000001,,,,,,,,
116100,374.4,0.000003,,,,,,,,
116200,374.7,0.000002,,,,,,,,
116300,375.0,0.000002,,,,,,,,
116400,375.3,0.000002,,,,,,,,
116500,375.6,0.000002,,,,,,,,
116600,375.9,0.000001,,,,,,,,
116700,376.2,0.000001,,,,,,,,
116800,376.5,0.000001,,,,,,,,
116900,376.8,0.000002,,,,,,,,
117000,377.1,0.000001,,,,,,,,
117100,377.4,0.000002,,,,,,,,
117200,377.7,0.000003,,,,,,,,
117300,378.0,0.000001,,,,,,,,
117400,378.3,0.000002,,,,,,,,
117500,378.6,0.000001,,,,,,,,
117600,378.9,0.000001,,,,,,,,
117700,379.2,0.000001,,,,,,,,
117800,379.5,0.000003,,,,,,,,
117900,379.8,0.000001,,,,,,,,
118000,380.1,0.000001,,,,,,,,
118100,380.4,0.000002,,,,,,,,
118200,380.7,0.000001,,,,,,,,
118300,381.0,0.000002,,,,,,,,
118400,381.3,0.000001,,,,,,,,
118500,381.6,0.000001,,,,,,,,
118600,381.9,0.000001,,,,,,,,
118700,382.2,0.000004,,,,,,,,
118800,382.5,0.000001,,,,,,,,
118900,382.8,0.000001,,,,,,,,
119000,383.1,0.000001,,,,,,,,
119100,383.4,0.000003,,,,,,,,
119200,383.7,0.000002,,,,,,,,
119300,384.0,0.000001,,,,,,,,
119400,384.3,0.000004,,,,,,,,
119500,384.6,0.000003,,,,,,,,
119600,384.9,0.000001,,,,,,,,
119700,385.2,0.000001,,,,,,,,
119800,385.5,0.000001,,,,,,,,
119900,385.8,0.000001,,,,,,,,
120000,387.2,0.000005,0.000002,5.910394e-01,7.966050e-02,7.206212e-02,0.000000,5.506203e-01,7.608606e-02,6.900143e-02
120100,387.5,0.000003,,,,,,,,
120200,387.7,0.000002,,,,,,,,
120300,388.0,0.000002,,,,,,,,
120400,388.3,0.000001,,,,,,,,
120500,388.6,0.000002,,,,,,,,
120600,388.9,0.000001,,,,,,,,
120700,389.2,0.000001,,,,,,,,
120800,389.5,0.000002,,,,,,,,
120900,389.8,0.000003,,,,,,,,
121000,390.1,0.000001,,,,,,,,
121100,390.4,0.000001,,,,,,,,
121200,390.7,0.000005,,,,,,,,
121300,391.0,0.000001,,,,,,,,
121400,391.3,0.000001,,,,,,,,
121500,391.6,0.000002,,,,,,,,
121600,391.9,0.000002,,,,,,,,
121700,392.3,0.000001,,,,,,,,
121800,392.6,0.000001,,,,,,,,
121900,392.8,0.000001,,,,,,,,
122000,393.1,0.000001,,,,,,,,
122100,393.4,0.000001,,,,,,,,
122200,393.8,0.000001,,,,,,,,
122300,394.1,0.000002,,,,,,,,
122400,394.4,0.000001,,,,,,,,
122500,394.7,0.000001,,,,,,,,
122600,395.0,0.000001,,,,,,,,
122700,395.3,0.000001,,,,,,,,
122800,395.6,0.000001,,,,,,,,
122900,395.9,0.000002,,,,,,,,
123000,396.2,0.000002,,,,,,,,
123100,396.5,0.000001,,,,,,,,
123200,396.8,0.000001,,,,,,,,
123300,397.1,0.000001,,,,,,,,
123400,397.4,0.000001,,,,,,,,
123500,397.7,0.000001,,,,,,,,
123600,398.0,0.000002,,,,,,,,
123700,398.3,0.000001,,,,,,,,
123800,398.6,0.000002,,,,,,,,
123900,398.9,0.000001,,,,,,,,
124000,399.2,0.000001,,,,,,,,
124100,399.5,0.000001,,,,,,,,
124200,399.8,0.000002,,,,,,,,
124300,400.1,0.000002,,,,,,,,
124400,400.4,0.000002,,,,,,,,
124500,400.7,0.000005,,,,,,,,
124600,401.0,0.000001,,,,,,,,
124700,401.3,0.000002,,,,,,,,
124800,401.6,0.000001,,,,,,,,
124900,401.9,0.000001,,,,,,,,
125000,403.3,0.000001,0.000001,5.653665e-01,4.742266e-02,3.737746e-02,0.000000,5.232556e-01,4.489606e-02,3.601348e-02
125100,403.6,0.000001,,,,,,,,
125200,403.9,0.000004,,,,,,,,
125300,404.2,0.000002,,,,,,,,
125400,404.4,0.000001,,,,,,,,
125500,404.7,0.000003,,,,,,,,
125600,405.0,0.000001,,,,,,,,
125700,405.3,0.000002,,,,,,,,
125800,405.6,0.000001,,,,,,,,
125900,406.0,0.000001,,,,,,,,
126000,406.3,0.000001,,,,,,,,
126100,406.6,0.000001,,,,,,,,
126200,406.9,0.000001,,,,,,,,
126300,407.2,0.000003,,,,,,,,
126400,407.5,0.000002,,,,,,,,
126500,407.8,0.000002,,,,,,,,
126600,408.1,0.000003,,,,,,,,
126700,408.4,0.000002,,,,,,,,
126800,408.7,0.000001,,,,,,,,
126900,409.0,0.000001,,,,,,,,
127000,409.3,0.000002,,,,,,,,
127100,409.6,0.000001,,,,,,,,
127200,409.9,0.000001,,,,,,,,
127300,410.2,0.000001,,,,,,,,
127400,410.5,0.000001,,,,,,,,
127500,410.8,0.000002,,,,,,,,
127600,411.1,0.000001,,,,,,,,
127700,411.4,0.000001,,,,,,,,
127800,411.7,0.000003,,,,,,,,
127900,412.0,0.000001,,,,,,,,
128000,412.3,0.000001,,,,,,,,
128100,412.6,0.000003,,,,,,,,
128200,412.9,0.000003,,,,,,,,
128300,413.2,0.000001,,,,,,,,
128400,413.5,0.000002,,,,,,,,
128500,413.9,0.000001,,,,,,,,
128600,414.2,0.000001,,,,,,,,
128700,414.5,0.000006,,,,,,,,
128800,414.8,0.000002,,,,,,,,
128900,415.1,0.000001,,,,,,,,
129000,415.4,0.000002,,,,,,,,
129100,415.7,0.000001,,,,,,,,
129200,416.0,0.000002,,,,,,,,
129300,416.3,0.000002,,,,,,,,
129400,416.6,0.000001,,,,,,,,
129500,416.9,0.000001,,,,,,,,
129600,417.2,0.000001,,,,,,,,
129700,417.5,0.000001,,,,,,,,
129800,417.8,0.000001,,,,,,,,
129900,418.1,0.000004,,,,,,,,
130000,419.5,0.000002,0.000002,5.746324e-01,6.494342e-02,5.607159e-02,0.000000,5.335496e-01,6.267127e-02,5.459802e-02
130100,419.7,0.000002,,,,,,,,
130200,420.0,0.000001,,,,,,,,
130300,420.3,0.000001,,,,,,,,
130400,420.6,0.000003,,,,,,,,
130500,420.9,0.000001,,,,,,,,
130600,421.2,0.000001,,,,,,,,
130700,421.5,0.000001,,,,,,,,
130800,421.8,0.000001,,,,,,,,
130900,422.1,0.000002,,,,,,,,
131000,422.4,0.000001,,,,,,,,
131100,422.7,0.000001,,,,,,,,
131200,423.0,0.000004,,,,,,,,
131300,423.3,0.000001,,,,,,,,
131400,423.7,0.000001,,,,,,,,
131500,424.0,0.000004,,,,,,,,
131600,424.3,0.000002,,,,,,,,
131700,424.6,0.000001,,,,,,,,
131800,424.9,0.000001,,,,,,,,
131900,425.2,0.000003,,,,,,,,
132000,425.5,0.000001,,,,,,,,
132100,425.8,0.000002,,,,,,,,
132200,426.1,0.000003,,,,,,,,
132300,426.4,0.000001,,,,,,,,
132400,426.7,0.000001,,,,,,,,
132500,427.0,0.000004,,,,,,,,
132600,427.3,0.000005,,,,,,,,
132700,427.6,0.000001,,,,,,,,
132800,427.9,0.000001,,,,,,,,
132900,428.2,0.000001,,,,,,,,
133000,428.5,0.000002,,,,,,,,
133100,428.8,0.000001,,,,,,,,
133200,429.1,0.000002,,,,,,,,
133300,429.4,0.000001,,,,,,,,
133400,429.7,0.000001,,,,,,,,
133500,430.0,0.000001,,,,,,,,
133600,430.3,0.000001,,,,,,,,
133700,430.6,0.000002,,,,,,,,
133800,430.9,0.000003,,,,,,,,
133900,431.2,0.000002,,,,,,,,
134000,431.5,0.000002,,,,,,,,
134100,431.9,0.000002,,,,,,,,
134200,432.2,0.000001,,,,,,,,
134300,432.5,0.000001,,,,,,,,
134400,432.8,0.000003,,,,,,,,
134500,433.1,0.000001,,,,,,,,
134600,433.4,0.000001,,,,,,,,
134700,433.7,0.000002,,,,,,,,
134800,434.0,0.000001,,,,,,,,
134900,434.3,0.000001,,,,,,,,
135000,435.7,0.000001,0.000001,5.486276e-01,4.845804e-02,3.776901e-02,0.000000,5.161278e-01,4.592107e-02,3.636428e-02
135100,435.9,0.000001,,,,,,,,
135200,436.2,0.000002,,,,,,,,
135300,436.5,0.000001,,,,,,,,
135400,436.9,0.000002,,,,,,,,
135500,437.2,0.000002,,,,,,,,
135600,437.5,0.000001,,,,,,,,
135700,437.8,0.000001,,,,,,,,
135800,438.1,0.000002,,,,,,,,
135900,438.4,0.000001,,,,,,,,
136000,438.7,0.000001,,,,,,,,
136100,439.0,0.000004,,,,,,,,
136200,439.3,0.000001,,,,,,,,
136300,439.6,0.000001,,,,,,,,
136400,439.9,0.000001,,,,,,,,
136500,440.2,0.000002,,,,,,,,
136600,440.5,0.000001,,,,,,,,
136700,440.8,0.000001,,,,,,,,
136800,441.1,0.000001,,,,,,,,
136900,441.4,0.000002,,,,,,,,
137000,441.7,0.000002,,,,,,,,
137100,442.0,0.000002,,,,,,,,
137200,442.4,0.000001,,,,,,,,
137300,442.7,0.000002,,,,,,,,
137400,443.0,0.000003,,,,,,,,
137500,443.3,0.000003,,,,,,,,
137600,443.5,0.000002,,,,,,,,
137700,443.8,0.000002,,,,,,,,
137800,444.1,0.000002,,,,,,,,
137900,444.4,0.000001,,,,,,,,
138000,444.7,0.000001,,,,,,,,
138100,445.0,0.000002,,,,,,,,
138200,445.3,0.000001,,,,,,,,
138300,445.6,0.000002,,,,,,,,
138400,445.9,0.000001,,,,,,,,
138500,446.2,0.000002,,,,,,,,
138600,446.5,0.000001,,,,,,,,
138700,446.8,0.000003,,,,,,,,
138800,447.1,0.000001,,,,,,,,
138900,447.4,0.000001,,,,,,,,
139000,447.7,0.000001,,,,,,,,
139100,448.1,0.000002,,,,,,,,
139200,448.4,0.000002,,,,,,,,
139300,448.7,0.000002,,,,,,,,
139400,449.0,0.000001,,,,,,,,
139500,449.3,0.000002,,,,,,,,
139600,449.6,0.000001,,,,,,,,
139700,449.9,0.000001,,,,,,,,
139800,450.2,0.000001,,,,,,,,
139900,450.5,0.000002,,,,,,,,
140000,451.9,0.000001,0.000003,6.562592e-01,8.802943e-02,8.163371e-02,0.000000,6.205228e-01,8.732337e-02,8.181486e-02
140100,452.1,0.000001,,,,,,,,
140200,452.4,0.000001,,,,,,,,
140300,452.7,0.000001,,,,,,,,
140400,453.0,0.000001,,,,,,,,
140500,453.3,0.000002,,,,,,,,
140600,453.6,0.000001,,,,,,,,
140700,453.9,0.000003,,,,,,,,
140800,454.2,0.000002,,,,,,,,
140900,454.5,0.000003,,,,,,,,
141000,454.8,0.000003,,,,,,,,
141100,455.1,0.000002,,,,,,,,
141200,455.4,0.000002,,,,,,,,
141300,455.7,0.000001,,,,,,,,
141400,456.1,0.000002,,,,,,,,
141500,456.4,0.000002,,,,,,,,
141600,456.7,0.000001,,,,,,,,
141700,457.0,0.000001,,,,,,,,
141800,457.3,0.000001,,,,,,,,
141900,457.6,0.000002,,,,,,,,
142000,457.9,0.000002,,,,,,,,
142100,458.2,0.000002,,,,,,,,
142200,458.5,0.000001,,,,,,,,
142300,458.8,0.000001,,,,,,,,
142400,459.1,0.000001,,,,,,,,
142500,459.4,0.000001,,,,,,,,
142600,459.7,0.000001,,,,,,,,
142700,460.0,0.000001,,,,,,,,
142800,460.3,0.000001,,,,,,,,
142900,460.6,0.000005,,,,,,,,
143000,460.9,0.000001,,,,,,,,
143100,461.2,0.000001,,,,,,,,
143200,461.5,0.000001,,,,,,,,
143300,461.8,0.000001,,,,,,,,
143400,462.1,0.000002,,,,,,,,
143500,462.4,0.000001,,,,,,,,
143600,462.7,0.000007,,,,,,,,
143700,463.0,0.000002,,,,,,,,
143800,463.3,0.000001,,,,,,,,
143900,463.6,0.000001,,,,,,,,
144000,463.9,0.000002,,,,,,,,
144100,464.2,0.000001,,,,,,,,
144200,464.5,0.000002,,,,,,,,
144300,464.8,0.000002,,,,,,,,
144400,465.1,0.000001,,,,,,,,
144500,465.4,0.000003,,,,,,,,
144600,465.7,0.000004,,,,,,,,
144700,466.0,0.000002,,,,,,,,
144800,466.3,0.000001,,,,,,,,
144900,466.6,0.000001,,,,,,,,
145000,468.1,0.000001,0.000001,5.312116e-01,4.692703e-02,3.705687e-02,0.000000,5.015080e-01,4.497941e-02,3.636430e-02
145100,468.3,0.000001,,,,,,,,
145200,468.6,0.000001,,,,,,,,
145300,468.9,0.000004,,,,,,,,
145400,469.1,0.000002,,,,,,,,
145500,469.4,0.000001,,,,,,,,
145600,469.8,0.000002,,,,,,,,
145700,470.1,0.000001,,,,,,,,
145800,470.4,0.000003,,,,,,,,
145900,470.7,0.000001,,,,,,,,
146000,470.9,0.000002,,,,,,,,
146100,471.2,0.000002,,,,,,,,
146200,471.5,0.000001,,,,,,,,
146300,471.8,0.000002,,,,,,,,
146400,472.1,0.000004,,,,,,,,
146500,472.4,0.000001,,,,,,,,
146600,472.7,0.000003,,,,,,,,
146700,473.0,0.000001,,,,,,,,
146800,473.3,0.000002,,,,,,,,
146900,473.6,0.000001,,,,,,,,
147000,473.9,0.000001,,,,,,,,
147100,474.2,0.000005,,,,,,,,
147200,474.5,0.000002,,,,,,,,
147300,474.8,0.000002,,,,,,,,
147400,475.1,0.000002,,,,,,,,
147500,475.4,0.000001,,,,,,,,
147600,475.8,0.000001,,,,,,,,
147700,476.1,0.000001,,,,,,,,
147800,476.4,0.000001,,,,,,,,
147900,476.7,0.000001,,,,,,,,
148000,477.0,0.000001,,,,,,,,
148100,477.3,0.000002,,,,,,,,
148200,477.6,0.000002,,,,,,,,
148300,477.9,0.000001,,,,,,,,
148400,478.2,0.000001,,,,,,,,
148500,478.5,0.000001,,,,,,,,
148600,478.8,0.000001,,,,,,,,
148700,479.1,0.000003,,,,,,,,
148800,479.4,0.000001,,,,,,,,
148900,479.7,0.000001,,,,,,,,
149000,480.0,0.000001,,,,,,,,
149100,480.3,0.000001,,,,,,,,
149200,480.6,0.000002,,,,,,,,
149300,480.9,0.000001,,,,,,,,
149400,481.2,0.000002,,,,,,,,
149500,481.5,0.000003,,,,,,,,
149600,481.8,0.000001,,,,,,,,
149700,482.1,0.000001,,,,,,,,
149800,482.4,0.000002,,,,,,,,
149900,482.7,0.000004,,,,,,,,
150000,484.2,0.000002,0.000002,4.411981e-01,7.998897e-02,7.358397e-02,0.000000,4.088872e-01,7.859710e-02,7.289275e-02
150100,484.4,0.000003,,,,,,,,
150200,484.7,0.000001,,,,,,,,
150300,485.0,0.000001,,,,,,,,
150400,485.3,0.000001,,,,,,,,
150500,485.6,0.000001,,,,,,,,
150600,485.9,0.000002,,,,,,,,
150700,486.2,0.000002,,,,,,,,
150800,486.5,0.000001,,,,,,,,
150900,486.8,0.000001,,,,,,,,
151000,487.1,0.000002,,,,,,,,
151100,487.4,0.000002,,,,,,,,
151200,487.7,0.000001,,,,,,,,
151300,488.0,0.000001,,,,,,,,
151400,488.3,0.000001,,,,,,,,
151500,488.7,0.000002,,,,,,,,
151600,489.0,0.000001,,,,,,,,
151700,489.3,0.000001,,,,,,,,
151800,489.6,0.000003,,,,,,,,
151900,489.9,0.000003,,,,,,,,
152000,490.2,0.000001,,,,,,,,
152100,490.5,0.000001,,,,,,,,
152200,490.8,0.000001,,,,,,,,
152300,491.1,0.000002,,,,,,,,
152400,491.4,0.000002,,,,,,,,
152500,491.7,0.000001,,,,,,,,
152600,492.0,0.000001,,,,,,,,
152700,492.2,0.000001,,,,,,,,
152800,492.5,0.000001,,,,,,,,
152900,492.8,0.000001,,,,,,,,
153000,493.1,0.000001,,,,,,,,
153100,493.4,0.000002,,,,,,,,
153200,493.7,0.000001,,,,,,,,
153300,494.1,0.000002,,,,,,,,
153400,494.4,0.000002,,,,,,,,
153500,494.7,0.000001,,,,,,,,
153600,495.0,0.000002,,,,,,,,
153700,495.3,0.000002,,,,,,,,
153800,495.6,0.000002,,,,,,,,
153900,495.9,0.000001,,,,,,,,
154000,496.2,0.000002,,,,,,,,
154100,496.5,0.000002,,,,,,,,
154200,496.8,0.000001,,,,,,,,
154300,497.1,0.000001,,,,,,,,
154400,497.4,0.000001,,,,,,,,
154500,497.7,0.000001,,,,,,,,
154600,498.0,0.000002,,,,,,,,
154700,498.3,0.000004,,,,,,,,
154800,498.6,0.000001,,,,,,,,
154900,498.9,0.000002,,,,,,,,
155000,500.4,0.000001,0.000002,4.564015e-01,6.302899e-02,5.259961e-02,0.000000,4.270299e-01,6.092619e-02,5.112172e-02
155100,500.6,0.000002,,,,,,,,
155200,500.8,0.000003,,,,,,,,
155300,501.1,0.000006,,,,,,,,
155400,501.4,0.000002,,,,,,,,
155500,501.7,0.000003,,,,,,,,
155600,502.0,0.000003,,,,,,,,
155700,502.3,0.000001,,,,,,,,
155800,502.6,0.000001,,,,,,,,
155900,502.9,0.000002,,,,,,,,
156000,503.2,0.000001,,,,,,,,
156100,503.5,0.000002,,,,,,,,
156200,503.8,0.000001,,,,,,,,
156300,504.1,0.000002,,,,,,,,
156400,504.4,0.000002,,,,,,,,
156500,504.7,0.000002,,,,,,,,
156600,505.0,0.000002,,,,,,,,
156700,505.3,0.000001,,,,,,,,
156800,505.6,0.000001,,,,,,,,
156900,505.9,0.000003,,,,,,,,
157000,506.2,0.000001,,,,,,,,
157100,506.5,0.000002,,,,,,,,
157200,506.8,0.000001,,,,,,,,
157300,507.1,0.000002,,,,,,,,
157400,507.4,0.000001,,,,,,,,
157500,507.7,0.000002,,,,,,,,
157600,508.1,0.000001,,,,,,,,
157700,508.4,0.000002,,,,,,,,
157800,508.7,0.000001,,,,,,,,
157900,509.0,0.000002,,,,,,,,
158000,509.3,0.000001,,,,,,,,
158100,509.6,0.000001,,,,,,,,
158200,509.9,0.000001,,,,,,,,
158300,510.2,0.000003,,,,,,,,
158400,510.5,0.000001,,,,,,,,
158500,510.8,0.000002,,,,,,,,
158600,511.1,0.000002,,,,,,,,
158700,511.4,0.000005,,,,,,,,
158800,511.7,0.000003,,,,,,,,
158900,512.0,0.000001,,,,,,,,
159000,512.3,0.000001,,,,,,,,
159100,512.6,0.000002,,,,,,,,
159200,512.9,0.000001,,,,,,,,
159300,513.2,0.000001,,,,,,,,
159400,513.5,0.000001,,,,,,,,
159500,513.8,0.000003,,,,,,,,
159600,514.1,0.000002,,,,,,,,
159700,514.4,0.000001,,,,,,,,
159800,514.7,0.000003,,,,,,,,
159900,515.0,0.000004,,,,,,,,
160000,516.4,0.000001,0.000001,6.097714e-01,4.664380e-02,3.484246e-02,0.000000,5.669453e-01,4.364889e-02,3.309507e-02
160100,516.7,0.000001,,,,,,,,
160200,517.0,0.000001,,,,,,,,
160300,517.3,0.000001,,,,,,,,
160400,517.6,0.000002,,,,,,,,
160500,517.9,0.000003,,,,,,,,
160600,518.2,0.000001,,,,,,,,
160700,518.5,0.000001,,,,,,,,
160800,518.8,0.000001,,,,,,,,
160900,519.1,0.000001,,,,,,,,
161000,519.4,0.000001,,,,,,,,
161100,519.7,0.000001,,,,,,,,
161200,520.0,0.000001,,,,,,,,
161300,520.3,0.000003,,,,,,,,
161400,520.6,0.000002,,,,,,,,
161500,520.9,0.000001,,,,,,,,
161600,521.2,0.000003,,,,,,,,
161700,521.5,0.000002,,,,,,,,
161800,521.8,0.000004,,,,,,,,
161900,522.1,0.000002,,,,,,,,
162000,522.4,0.000001,,,,,,,,
162100,522.7,0.000002,,,,,,,,
162200,522.9,0.000002,,,,,,,,
162300,523.2,0.000001,,,,,,,,
162400,523.6,0.000001,,,,,,,,
162500,523.9,0.000002,,,,,,,,
162600,524.2,0.000001,,,,,,,,
162700,524.5,0.000002,,,,,,,,
162800,524.8,0.000001,,,,,,,,
162900,525.1,0.000002,,,,,,,,
163000,525.4,0.000001,,,,,,,,
163100,525.7,0.000002,,,,,,,,
163200,526.0,0.000002,,,,,,,,
163300,526.3,0.000001,,,,,,,,
163400,526.6,0.000001,,,,,,,,
163500,526.9,0.000002,,,,,,,,
163600,527.2,0.000002,,,,,,,,
163700,527.5,0.000001,,,,,,,,
163800,527.8,0.000001,,,,,,,,
163900,528.1,0.000002,,,,,,,,
164000,528.4,0.000001,,,,,,,,
164100,528.7,0.000001,,,,,,,,
164200,529.0,0.000002,,,,,,,,
164300,529.3,0.000002,,,,,,,,
164400,529.6,0.000003,,,,,,,,
164500,529.9,0.000001,,,,,,,,
164600,530.2,0.000001,,,,,,,,
164700,530.5,0.000001,,,,,,,,
164800,530.8,0.000003,,,,,,,,
164900,531.1,0.000002,,,,,,,,
165000,532.5,0.000002,0.000001,5.641763e-01,4.104445e-02,2.921183e-02,0.000000,5.333398e-01,3.830058e-02,2.806570e-02
165100,532.8,0.000001,,,,,,,,
165200,533.1,0.000001,,,,,,,,
165300,533.4,0.000003,,,,,,,,
165400,533.7,0.000002,,,,,,,,
165500,534.0,0.000002,,,,,,,,
165600,534.3,0.000002,,,,,,,,
165700,534.6,0.000001,,,,,,,,
165800,534.9,0.000001,,,,,,,,
165900,535.2,0.000001,,,,,,,,
166000,535.5,0.000001,,,,,,,,
166100,535.8,0.000003,,,,,,,,
166200,536.1,0.000001,,,,,,,,
166300,536.4,0.000004,,,,,,,,
166400,536.7,0.000002,,,,,,,,
166500,537.0,0.000001,,,,,,,,
166600,537.3,0.000002,,,,,,,,
166700,537.5,0.000002,,,,,,,,
166800,537.8,0.000004,,,,,,,,
166900,538.0,0.000001,,,,,,,,
167000,538.3,0.000002,,,,,,,,
167100,538.7,0.000001,,,,,,,,
167200,538.9,0.000003,,,,,,,,
167300,539.2,0.000001,,,,,,,,
167400,539.5,0.000002,,,,,,,,
167500,539.8,0.000003,,,,,,,,
167600,540.1,0.000001,,,,,,,,
167700,540.4,0.000003,,,,,,,,
167800,540.8,0.000001,,,,,,,,
167900,541.1,0.000005,,,,,,,,
168000,541.4,0.000002,,,,,,,,
168100,541.7,0.000003,,,,,,,,
168200,542.0,0.000002,,,,,,,,
168300,542.3,0.000001,,,,,,,,
168400,542.6,0.000002,,,,,,,,
168500,542.9,0.000001,,,,,,,,
168600,543.2,0.000002,,,,,,,,
168700,543.5,0.000001,,,,,,,,
168800,543.8,0.000001,,,,,,,,
168900,544.1,0.000002,,,,,,,,
169000,544.4,0.000002,,,,,,,,
169100,544.7,0.000002,,,,,,,,
169200,545.0,0.000002,,,,,,,,
169300,545.3,0.000001,,,,,,,,
169400,545.6,0.000001,,,,,,,,
169500,545.9,0.000001,,,,,,,,
169600,546.2,0.000001,,,,,,,,
169700,546.5,0.000003,,,,,,,,
169800,546.8,0.000002,,,,,,,,
169900,547.1,0.000001,,,,,,,,
170000,548.5,0.000004,0.000001,5.427377e-01,4.606760e-02,3.401207e-02,0.000000,5.121262e-01,4.414460e-02,3.295488e-02
170100,548.7,0.000002,,,,,,,,
170200,549.0,0.000001,,,,,,,,
170300,549.3,0.000001,,,,,,,,
170400,549.6,0.000003,,,,,,,,
170500,549.9,0.000001,,,,,,,,
170600,550.2,0.000001,,,,,,,,
170700,550.5,0.000003,,,,,,,,
170800,550.8,0.000001,,,,,,,,
170900,551.1,0.000002,,,,,,,,
171000,551.4,0.000001,,,,,,,,
171100,551.8,0.000001,,,,,,,,
171200,552.1,0.000001,,,,,,,,
171300,552.3,0.000002,,,,,,,,
171400,552.6,0.000001,,,,,,,,
171500,552.9,0.000003,,,,,,,,
171600,553.2,0.000002,,,,,,,,
171700,553.5,0.000001,,,,,,,,
171800,553.8,0.000002,,,,,,,,
171900,554.1,0.000001,,,,,,,,
172000,554.4,0.000001,,,,,,,,
172100,554.7,0.000001,,,,,,,,
172200,555.0,0.000001,,,,,,,,
172300,555.3,0.000001,,,,,,,,
172400,555.6,0.000003,,,,,,,,
172500,555.9,0.000001,,,,,,,,
172600,556.2,0.000001,,,,,,,,
172700,556.5,0.000002,,,,,,,,
172800,556.8,0.000002,,,,,,,,
172900,557.1,0.000001,,,,,,,,
173000,557.4,0.000001,,,,,,,,
173100,557.7,0.000001,,,,,,,,
173200,558.0,0.000001,,,,,,,,
173300,558.3,0.000001,,,,,,,,
173400,558.6,0.000002,,,,,,,,
173500,558.9,0.000001,,,,,,,,
173600,559.2,0.000001,,,,,,,,
173700,559.5,0.000001,,,,,,,,
173800,559.8,0.000001,,,,,,,,
173900,560.1,0.000001,,,,,,,,
174000,560.4,0.000003,,,,,,,,
174100,560.7,0.000001,,,,,,,,
174200,561.0,0.000002,,,,,,,,
174300,561.3,0.000002,,,,,,,,
174400,561.7,0.000001,,,,,,,,
174500,562.0,0.000002,,,,,,,,
174600,562.3,0.000002,,,,,,,,
174700,562.6,0.000001,,,,,,,,
174800,562.9,0.000001,,,,,,,,
174900,563.2,0.000001,,,,,,,,
175000,564.6,0.000001,0.000001,5.042703e-01,4.644163e-02,3.635818e-02,0.000000,4.697068e-01,4.350139e-02,3.479678e-02
175100,564.8,0.000001,,,,,,,,
175200,565.1,0.000004,,,,,,,,
175300,565.4,0.000001,,,,,,,,
175400,565.7,0.000002,,,,,,,,
175500,566.0,0.000003,,,,,,,,
175600,566.3,0.000001,,,,,,,,
175700,566.6,0.000002,,,,,,,,
175800,566.9,0.000001,,,,,,,,
175900,567.2,0.000002,,,,,,,,
176000,567.5,0.000001,,,,,,,,
176100,567.8,0.000002,,,,,,,,
176200,568.1,0.000001,,,,,,,,
176300,568.4,0.000002,,,,,,,,
176400,568.7,0.000001,,,,,,,,
176500,569.0,0.000001,,,,,,,,
176600,569.3,0.000001,,,,,,,,
176700,569.6,0.000001,,,,,,,,
176800,569.9,0.000002,,,,,,,,
176900,570.2,0.000001,,,,,,,,
177000,570.5,0.000001,,,,,,,,
177100,570.8,0.000001,,,,,,,,
177200,571.1,0.000001,,,,,,,,
177300,571.4,0.000001,,,,,,,,
177400,571.7,0.000002,,,,,,,,
177500,572.0,0.000001,,,,,,,,
177600,572.3,0.000001,,,,,,,,
177700,572.6,0.000002,,,,,,,,
177800,572.9,0.000001,,,,,,,,
177900,573.2,0.000001,,,,,,,,
178000,573.5,0.000001,,,,,,,,
178100,573.8,0.000001,,,,,,,,
178200,574.1,0.000001,,,,,,,,
178300,574.4,0.000001,,,,,,,,
178400,574.7,0.000001,,,,,,,,
178500,575.0,0.000001,,,,,,,,
178600,575.3,0.000002,,,,,,,,
178700,575.6,0.000001,,,,,,,,
178800,575.9,0.000001,,,,,,,,
178900,576.2,0.000001,,,,,,,,
179000,576.5,0.000001,,,,,,,,
179100,576.8,0.000002,,,,,,,,
179200,577.1,0.000001,,,,,,,,
179300,577.4,0.000001,,,,,,,,
179400,577.7,0.000001,,,,,,,,
179500,578.0,0.000001,,,,,,,,
179600,578.3,0.000002,,,,,,,,
179700,578.6,0.000001,,,,,,,,
179800,578.9,0.000002,,,,,,,,
179900,579.2,0.000001,,,,,,,,
180000,580.6,0.000001,0.000001,4.967477e-01,5.140175e-02,4.060875e-02,0.000000,4.689763e-01,4.919375e-02,3.937545e-02
180100,580.8,0.000001,,,,,,,,
180200,581.1,0.000001,,,,,,,,
180300,581.4,0.000002,,,,,,,,
180400,581.8,0.000002,,,,,,,,
180500,582.1,0.000001,,,,,,,,
180600,582.4,0.000001,,,,,,,,
180700,582.7,0.000001,,,,,,,,
180800,583.0,0.000001,,,,,,,,
180900,583.3,0.000003,,,,,,,,
181000,583.6,0.000001,,,,,,,,
181100,583.9,0.000001,,,,,,,,
181200,584.2,0.000001,,,,,,,,
181300,584.5,0.000001,,,,,,,,
181400,584.8,0.000002,,,,,,,,
181500,585.1,0.000002,,,,,,,,
181600,585.4,0.000001,,,,,,,,
181700,585.7,0.000001,,,,,,,,
181800,586.0,0.000001,,,,,,,,
181900,586.3,0.000001,,,,,,,,
182000,586.6,0.000001,,,,,,,,
182100,586.9,0.000001,,,,,,,,
182200,587.2,0.000001,,,,,,,,
182300,587.5,0.000001,,,,,,,,
182400,587.8,0.000002,,,,,,,,
182500,588.1,0.000002,,,,,,,,
182600,588.4,0.000001,,,,,,,,
182700,588.7,0.000002,,,,,,,,
182800,589.0,0.000002,,,,,,,,
182900,589.3,0.000001,,,,,,,,
183000,589.6,0.000001,,,,,,,,
183100,589.9,0.000001,,,,,,,,
183200,590.2,0.000001,,,,,,,,
183300,590.5,0.000004,,,,,,,,
183400,590.8,0.000001,,,,,,,,
183500,591.1,0.000001,,,,,,,,
183600,591.4,0.000001,,,,,,,,
183700,591.7,0.000001,,,,,,,,
183800,592.0,0.000002,,,,,,,,
183900,592.3,0.000001,,,,,,,,
184000,592.6,0.000001,,,,,,,,
184100,592.9,0.000001,,,,,,,,
184200,593.2,0.000001,,,,,,,,
184300,593.5,0.000001,,,,,,,,
184400,593.8,0.000002,,,,,,,,
184500,594.1,0.000001,,,,,,,,
184600,594.3,0.000001,,,,,,,,
184700,594.6,0.000002,,,,,,,,
184800,594.9,0.000002,,,,,,,,
184900,595.2,0.000001,,,,,,,,
185000,596.6,0.000001,0.000001,5.756623e-01,5.563242e-02,4.433031e-02,0.000000,5.437710e-01,5.360074e-02,4.309664e-02
185100,596.9,0.000001,,,,,,,,
185200,597.2,0.000001,,,,,,,,
185300,597.5,0.000003,,,,,,,,
185400,597.8,0.000002,,,,,,,,
185500,598.1,0.000004,,,,,,,,
185600,598.4,0.000001,,,,,,,,
185700,598.7,0.000001,,,,,,,,
185800,599.0,0.000001,,,,,,,,
185900,599.3,0.000002,,,,,,,,
186000,599.6,0.000001,,,,,,,,
186100,599.9,0.000001,,,,,,,,
186200,600.2,0.000001,,,,,,,,
186300,600.5,0.000003,,,,,,,,
186400,600.8,0.000001,,,,,,,,
186500,601.1,0.000001,,,,,,,,
186600,601.4,0.000002,,,,,,,,
186700,601.7,0.000001,,,,,,,,
186800,602.0,0.000001,,,,,,,,
186900,602.3,0.000001,,,,,,,,
187000,602.6,0.000003,,,,,,,,
187100,602.9,0.000002,,,,,,,,
187200,603.2,0.000003,,,,,,,,
187300,603.5,0.000001,,,,,,,,
187400,603.8,0.000001,,,,,,,,
187500,604.1,0.000001,,,,,,,,
187600,604.3,0.000002,,,,,,,,
187700,604.6,0.000002,,,,,,,,
187800,604.9,0.000001,,,,,,,,
187900,605.2,0.000001,,,,,,,,
188000,605.5,0.000002,,,,,,,,
188100,605.8,0.000002,,,,,,,,
188200,606.1,0.000003,,,,,,,,
188300,606.4,0.000002,,,,,,,,
188400,606.7,0.000002,,,,,,,,
188500,607.0,0.000001,,,,,,,,
188600,607.3,0.000001,,,,,,,,
188700,607.6,0.000002,,,,,,,,
188800,608.0,0.000001,,,,,,,,
188900,608.3,0.000004,,,,,,,,
189000,608.6,0.000001,,,,,,,,
189100,608.9,0.000001,,,,,,,,
189200,609.2,0.000001,,,,,,,,
189300,609.5,0.000002,,,,,,,,
189400,609.8,0.000001,,,,,,,,
189500,610.1,0.000002,,,,,,,,
189600,610.4,0.000001,,,,,,,,
189700,610.7,0.000001,,,,,,,,
189800,611.0,0.000002,,,,,,,,
189900,611.3,0.000003,,,,,,,,
190000,612.7,0.000003,0.000002,5.630605e-01,8.271676e-02,8.030240e-02,0.000000,5.344460e-01,8.271970e-02,8.083035e-02
190100,613.0,0.000004,,,,,,,,
190200,613.2,0.000002,,,,,,,,
190300,613.5,0.000001,,,,,,,,
190400,613.9,0.000002,,,,,,,,
190500,614.2,0.000002,,,,,,,,
190600,614.5,0.000002,,,,,,,,
190700,614.8,0.000001,,,,,,,,
190800,615.1,0.000001,,,,,,,,
190900,615.4,0.000001,,,,,,,,
191000,615.7,0.000002,,,,,,,,
191100,616.0,0.000001,,,,,,,,
191200,616.3,0.000001,,,,,,,,
191300,616.6,0.000001,,,,,,,,
191400,616.9,0.000001,,,,,,,,
191500,617.2,0.000002,,,,,,,,
191600,617.5,0.000001,,,,,,,,
191700,617.8,0.000003,,,,,,,,
191800,618.1,0.000002,,,,,,,,
191900,618.4,0.000001,,,,,,,,
192000,618.7,0.000003,,,,,,,,
192100,619.0,0.000001,,,,,,,,
192200,619.3,0.000005,,,,,,,,
192300,619.6,0.000001,,,,,,,,
192400,619.9,0.000001,,,,,,,,
192500,620.2,0.000001,,,,,,,,
192600,620.5,0.000002,,,,,,,,
192700,620.8,0.000001,,,,,,,,
192800,621.1,0.000002,,,,,,,,
192900,621.4,0.000002,,,,,,,,
193000,621.7,0.000001,,,,,,,,
193100,622.0,0.000001,,,,,,,,
193200,622.3,0.000001,,,,,,,,
193300,622.6,0.000002,,,,,,,,
193400,622.9,0.000001,,,,,,,,
193500,623.2,0.000003,,,,,,,,
193600,623.5,0.000001,,,,,,,,
193700,623.8,0.000002,,,,,,,,
193800,624.1,0.000002,,,,,,,,
193900,624.4,0.000002,,,,,,,,
194000,624.6,0.000001,,,,,,,,
194100,624.9,0.000001,,,,,,,,
194200,625.2,0.000002,,,,,,,,
194300,625.5,0.000003,,,,,,,,
194400,625.8,0.000001,,,,,,,,
194500,626.1,0.000001,,,,,,,,
194600,626.4,0.000001,,,,,,,,
194700,626.7,0.000001,,,,,,,,
194800,627.0,0.000002,,,,,,,,
194900,627.3,0.000001,,,,,,,,
195000,628.7,0.000005,0.000002,6.560170e-01,7.614274e-02,6.671010e-02,0.000000,6.305001e-01,7.518024e-02,6.605198e-02
195100,629.0,0.000002,,,,,,,,
195200,629.3,0.000002,,,,,,,,
195300,629.6,0.000002,,,,,,,,
195400,629.9,0.000001,,,,,,,,
195500,630.2,0.000002,,,,,,,,
195600,630.5,0.000001,,,,,,,,
195700,630.8,0.000001,,,,,,,,
195800,631.1,0.000003,,,,,,,,
195900,631.4,0.000001,,,,,,,,
196000,631.7,0.000001,,,,,,,,
196100,632.0,0.000002,,,,,,,,
196200,632.3,0.000001,,,,,,,,
196300,632.6,0.000002,,,,,,,,
196400,632.9,0.000002,,,,,,,,
196500,633.2,0.000001,,,,,,,,
196600,633.5,0.000001,,,,,,,,
196700,633.8,0.000001,,,,,,,,
196800,634.1,0.000001,,,,,,,,
196900,634.4,0.000002,,,,,,,,
197000,634.7,0.000001,,,,,,,,
197100,635.0,0.000001,,,,,,,,
197200,635.3,0.000001,,,,,,,,
197300,635.6,0.000001,,,,,,,,
197400,635.9,0.000001,,,,,,,,
197500,636.2,0.000001,,,,,,,,
197600,636.5,0.000002,,,,,,,,
197700,636.8,0.000001,,,,,,,,
197800,637.1,0.000002,,,,,,,,
197900,637.4,0.000004,,,,,,,,
198000,637.7,0.000002,,,,,,,,
198100,638.0,0.000002,,,,,,,,
198200,638.3,0.000002,,,,,,,,
198300,638.6,0.000003,,,,,,,,
198400,638.9,0.000001,,,,,,,,
198500,639.2,0.000001,,,,,,,,
198600,639.5,0.000001,,,,,,,,
198700,639.8,0.000001,,,,,,,,
198800,640.1,0.000001,,,,,,,,
198900,640.4,0.000001,,,,,,,,
199000,640.7,0.000001,,,,,,,,
199100,641.0,0.000001,,,,,,,,
199200,641.3,0.000001,,,,,,,,
199300,641.6,0.000002,,,,,,,,
199400,641.9,0.000002,,,,,,,,
199500,642.2,0.000001,,,,,,,,
199600,642.5,0.000002,,,,,,,,
199700,642.8,0.000003,,,,,,,,
199800,643.1,0.000002,,,,,,,,
199900,643.4,0.000001,,,,,,,,
200000,644.8,0.000001,0.000001,5.150754e-01,4.720818e-02,3.485481e-02,0.000000,4.879544e-01,4.368702e-02,3.272061e-02
200100,645.1,0.000003,,,,,,,,
200200,645.4,0.000001,,,,,,,,
200300,645.7,0.000001,,,,,,,,
200400,646.0,0.000002,,,,,,,,
200500,646.3,0.000001,,,,,,,,
200600,646.6,0.000001,,,,,,,,
200700,646.9,0.000002,,,,,,,,
200800,647.2,0.000001,,,,,,,,
200900,647.5,0.000001,,,,,,,,
201000,647.8,0.000001,,,,,,,,
201100,648.1,0.000002,,,,,,,,
201200,648.4,0.000002,,,,,,,,
201300,648.7,0.000002,,,,,,,,
201400,649.0,0.000001,,,,,,,,
201500,649.3,0.000001,,,,,,,,
201600,649.6,0.000001,,,,,,,,
201700,649.9,0.000001,,,,,,,,
201800,650.2,0.000001,,,,,,,,
201900,650.5,0.000001,,,,,,,,
202000,650.8,0.000003,,,,,,,,
202100,651.2,0.000001,,,,,,,,
202200,651.5,0.000001,,,,,,,,
202300,651.8,0.000001,,,,,,,,
202400,652.1,0.000001,,,,,,,,
202500,652.4,0.000001,,,,,,,,
202600,652.7,0.000001,,,,,,,,
202700,653.0,0.000002,,,,,,,,
202800,653.3,0.000001,,,,,,,,
202900,653.6,0.000002,,,,,,,,
203000,653.9,0.000002,,,,,,,,
203100,654.2,0.000004,,,,,,,,
203200,654.5,0.000002,,,,,,,,
203300,654.8,0.000001,,,,,,,,
203400,655.1,0.000001,,,,,,,,
203500,655.4,0.000002,,,,,,,,
203600,655.7,0.000001,,,,,,,,
203700,656.0,0.000001,,,,,,,,
203800,656.3,0.000002,,,,,,,,
203900,656.6,0.000002,,,,,,,,
204000,656.9,0.000001,,,,,,,,
204100,657.2,0.000002,,,,,,,,
204200,657.5,0.000001,,,,,,,,
204300,657.8,0.000002,,,,,,,,
204400,658.1,0.000001,,,,,,,,
204500,658.4,0.000001,,,,,,,,
204600,658.7,0.000001,,,,,,,,
204700,659.0,0.000001,,,,,,,,
204800,659.3,0.000001,,,,,,,,
204900,659.6,0.000002,,,,,,,,
205000,661.0,0.000001,0.000003,7.145326e-01,8.714124e-02,7.714413e-02,0.000000,6.748879e-01,8.545929e-02,7.662795e-02
205100,661.2,0.000001,,,,,,,,
205200,661.5,0.000001,,,,,,,,
205300,661.8,0.000001,,,,,,,,
205400,662.1,0.000001,,,,,,,,
205500,662.4,0.000001,,,,,,,,
205600,662.7,0.000001,,,,,,,,
205700,663.0,0.000001,,,,,,,,
205800,663.3,0.000002,,,,,,,,
205900,663.6,0.000002,,,,,,,,
206000,663.9,0.000002,,,,,,,,
206100,664.2,0.000001,,,,,,,,
206200,664.5,0.000001,,,,,,,,
206300,664.8,0.000002,,,,,,,,
206400,665.1,0.000001,,,,,,,,
206500,665.4,0.000002,,,,,,,,
206600,665.7,0.000001,,,,,,,,
206700,666.0,0.000001,,,,,,,,
206800,666.3,0.000001,,,,,,,,
206900,666.6,0.000001,,,,,,,,
207000,666.9,0.000002,,,,,,,,
207100,667.2,0.000001,,,,,,,,
207200,667.5,0.000002,,,,,,,,
207300,667.8,0.000002,,,,,,,,
207400,668.1,0.000002,,,,,,,,
207500,668.4,0.000001,,,,,,,,
207600,668.7,0.000001,,,,,,,,
207700,669.0,0.000001,,,,,,,,
207800,669.3,0.000002,,,,,,,,
207900,669.6,0.000002,,,,,,,,
208000,669.9,0.000001,,,,,,,,
208100,670.2,0.000001,,,,,,,,
208200,670.5,0.000001,,,,,,,,
208300,670.8,0.000004,,,,,,,,
208400,671.1,0.000001,,,,,,,,
208500,671.4,0.000001,,,,,,,,
208600,671.7,0.000002,,,,,,,,
208700,672.0,0.000002,,,,,,,,
208800,672.4,0.000001,,,,,,,,
208900,672.7,0.000001,,,,,,,,
209000,673.0,0.000002,,,,,,,,
209100,673.3,0.000001,,,,,,,,
209200,673.6,0.000001,,,,,,,,
209300,673.9,0.000001,,,,,,,,
209400,674.2,0.000001,,,,,,,,
209500,674.5,0.000001,,,,,,,,
209600,674.8,0.000001,,,,,,,,
209700,675.1,0.000001,,,,,,,,
209800,675.4,0.000002,,,,,,,,
209900,675.7,0.000001,,,,,,,,
210000,677.1,0.000001,0.000001,5.979325e-01,5.742752e-02,4.759032e-02,0.000000,5.711949e-01,5.534096e-02,4.617477e-02
210100,677.3,0.000001,,,,,,,,
210200,677.6,0.000002,,,,,,,,
210300,677.9,0.000001,,,,,,,,
210400,678.2,0.000001,,,,,,,,
210500,678.5,0.000002,,,,,,,,
210600,678.8,0.000001,,,,,,,,
210700,679.1,0.000001,,,,,,,,
210800,679.4,0.000001,,,,,,,,
210900,679.7,0.000002,,,,,,,,
211000,680.0,0.000001,,,,,,,,
211100,680.3,0.000001,,,,,,,,
211200,680.6,0.000001,,,,,,,,
211300,680.9,0.000001,,,,,,,,
211400,681.2,0.000002,,,,,,,,
211500,681.5,0.000003,,,,,,,,
211600,681.8,0.000002,,,,,,,,
211700,682.1,0.000001,,,,,,,,
211800,682.4,0.000001,,,,,,,,
211900,682.7,0.000001,,,,,,,,
212000,683.0,0.000001,,,,,,,,
212100,683.3,0.000004,,,,,,,,
212200,683.6,0.000001,,,,,,,,
212300,684.0,0.000001,,,,,,,,
212400,684.3,0.000001,,,,,,,,
212500,684.6,0.000001,,,,,,,,
212600,684.9,0.000002,,,,,,,,
212700,685.2,0.000001,,,,,,,,
212800,685.5,0.000002,,,,,,,,
212900,685.8,0.000002,,,,,,,,
213000,686.1,0.000002,,,,,,,,
213100,686.4,0.000002,,,,,,,,
213200,686.7,0.000002,,,,,,,,
213300,687.0,0.000001,,,,,,,,
213400,687.3,0.000001,,,,,,,,
213500,687.6,0.000001,,,,,,,,
213600,687.9,0.000002,,,,,,,,
213700,688.2,0.000001,,,,,,,,
213800,688.5,0.000001,,,,,,,,
213900,688.8,0.000001,,,,,,,,
214000,689.1,0.000001,,,,,,,,
214100,689.4,0.000001,,,,,,,,
214200,689.7,0.000001,,,,,,,,
214300,690.0,0.000001,,,,,,,,
214400,690.3,0.000001,,,,,,,,
214500,690.6,0.000002,,,,,,,,
214600,690.9,0.000002,,,,,,,,
214700,691.2,0.000001,,,,,,,,
214800,691.5,0.000001,,,,,,,,
214900,691.8,0.000001,,,,,,,,
215000,693.2,0.000002,0.000001,5.136449e-01,5.134341e-02,4.154298e-02,0.000000,4.884694e-01,4.894148e-02,4.014041e-02
215100,693.4,0.000001,,,,,,,,
215200,693.7,0.000002,,,,,,,,
215300,694.0,0.000001,,,,,,,,
215400,694.3,0.000001,,,,,,,,
215500,694.6,0.000001,,,,,,,,
215600,694.9,0.000001,,,,,,,,
215700,695.2,0.000001,,,,,,,,
215800,695.5,0.000006,,,,,,,,
215900,695.8,0.000001,,,,,,,,
216000,696.1,0.000002,,,,,,,,
216100,696.4,0.000004,,,,,,,,
216200,696.7,0.000001,,,,,,,,
216300,697.0,0.000001,,,,,,,,
216400,697.3,0.000001,,,,,,,,
216500,697.6,0.000001,,,,,,,,
216600,697.9,0.000001,,,,,,,,
216700,698.2,0.000001,,,,,,,,
216800,698.5,0.000001,,,,,,,,
216900,698.8,0.000002,,,,,,,,
217000,699.1,0.000002,,,,,,,,
217100,699.4,0.000001,,,,,,,,
217200,699.7,0.000002,,,,,,,,
217300,700.0,0.000001,,,,,,,,
217400,700.3,0.000002,,,,,,,,
217500,700.6,0.000002,,,,,,,,
217600,701.0,0.000001,,,,,,,,
217700,701.3,0.000001,,,,,,,,
217800,701.6,0.000001,,,,,,,,
217900,701.9,0.000001,,,,,,,,
218000,702.2,0.000002,,,,,,,,
218100,702.5,0.000003,,,,,,,,
218200,702.8,0.000002,,,,,,,,
218300,703.1,0.000001,,,,,,,,
218400,703.3,0.000001,,,,,,,,
218500,703.6,0.000002,,,,,,,,
218600,703.9,0.000001,,,,,,,,
218700,704.2,0.000001,,,,,,,,
218800,704.5,0.000002,,,,,,,,
218900,704.8,0.000003,,,,,,,,
219000,705.2,0.000002,,,,,,,,
219100,705.5,0.000001,,,,,,,,
219200,705.8,0.000001,,,,,,,,
219300,706.1,0.000002,,,,,,,,
219400,706.4,0.000001,,,,,,,,
219500,706.7,0.000001,,,,,,,,
219600,707.0,0.000002,,,,,,,,
219700,707.3,0.000001,,,,,,,,
219800,707.6,0.000001,,,,,,,,
219900,707.9,0.000002,,,,,,,,
220000,709.3,0.000003,0.000002,5.926931e-01,7.645039e-02,6.743133e-02,0.000000,5.674832e-01,7.420442e-02,6.599770e-02
220100,709.5,0.000001,,,,,,,,
220200,709.8,0.000003,,,,,,,,
220300,710.1,0.000002,,,,,,,,
220400,710.4,0.000001,,,,,,,,
220500,710.7,0.000001,,,,,,,,
220600,711.0,0.000001,,,,,,,,
220700,711.4,0.000001,,,,,,,,
220800,711.7,0.000003,,,,,,,,
220900,712.0,0.000001,,,,,,,,
221000,712.3,0.000001,,,,,,,,
221100,712.6,0.000001,,,,,,,,
221200,712.9,0.000001,,,,,,,,
221300,713.2,0.000003,,,,,,,,
221400,713.5,0.000002,,,,,,,,
221500,713.8,0.000002,,,,,,,,
221600,714.1,0.000002,,,,,,,,
221700,714.4,0.000001,,,,,,,,
221800,714.7,0.000001,,,,,,,,
221900,715.0,0.000002,,,,,,,,
222000,715.3,0.000001,,,,,,,,
222100,715.6,0.000003,,,,,,,,
222200,715.9,0.000001,,,,,,,,
222300,716.2,0.000001,,,,,,,,
222400,716.5,0.000001,,,,,,,,
222500,716.8,0.000001,,,,,,,,
222600,717.1,0.000002,,,,,,,,
222700,717.4,0.000001,,,,,,,,
222800,717.7,0.000002,,,,,,,,
222900,718.0,0.000001,,,,,,,,
223000,718.3,0.000001,,,,,,,,
223100,718.6,0.000002,,,,,,,,
223200,719.0,0.000001,,,,,,,,
223300,719.3,0.000002,,,,,,,,
223400,719.6,0.000003,,,,,,,,
223500,719.9,0.000001,,,,,,,,
223600,720.2,0.000001,,,,,,,,
223700,720.5,0.000002,,,,,,,,
223800,720.8,0.000001,,,,,,,,
223900,721.1,0.000001,,,,,,,,
224000,721.4,0.000002,,,,,,,,
224100,721.7,0.000002,,,,,,,,
224200,722.0,0.000001,,,,,,,,
224300,722.3,0.000002,,,,,,,,
224400,722.6,0.000001,,,,,,,,
224500,722.9,0.000001,,,,,,,,
224600,723.2,0.000001,,,,,,,,
224700,723.5,0.000002,,,,,,,,
224800,723.8,0.000001,,,,,,,,
224900,724.1,0.000001,,,,,,,,
225000,725.6,0.000002,0.000001,5.839517e-01,4.629265e-02,3.613023e-02,0.000000,5.461381e-01,4.290997e-02,3.419212e-02
225100,725.8,0.000002,,,,,,,,
225200,726.1,0.000001,,,,,,,,
225300,726.4,0.000001,,,,,,,,
225400,726.7,0.000001,,,,,,,,
225500,727.0,0.000001,,,,,,,,
225600,727.3,0.000001,,,,,,,,
225700,727.6,0.000002,,,,,,,,
225800,727.9,0.000001,,,,,,,,
225900,728.2,0.000002,,,,,,,,
226000,728.5,0.000002,,,,,,,,
226100,728.8,0.000002,,,,,,,,
226200,729.1,0.000002,,,,,,,,
226300,729.4,0.000001,,,,,,,,
226400,729.7,0.000001,,,,,,,,
226500,730.0,0.000001,,,,,,,,
226600,730.3,0.000002,,,,,,,,
226700,730.6,0.000001,,,,,,,,
226800,730.9,0.000002,,,,,,,,
226900,731.2,0.000001,,,,,,,,
227000,731.5,0.000001,,,,,,,,
227100,731.8,0.000002,,,,,,,,
227200,732.1,0.000001,,,,,,,,
227300,732.4,0.000002,,,,,,,,
227400,732.7,0.000001,,,,,,,,
227500,733.0,0.000002,,,,,,,,
227600,733.3,0.000001,,,,,,,,
227700,733.6,0.000001,,,,,,,,
227800,733.9,0.000002,,,,,,,,
227900,734.2,0.000002,,,,,,,,
228000,734.5,0.000001,,,,,,,,
228100,734.8,0.000001,,,,,,,,
228200,735.1,0.000001,,,,,,,,
228300,735.4,0.000002,,,,,,,,
228400,735.7,0.000001,,,,,,,,
228500,736.0,0.000001,,,,,,,,
228600,736.4,0.000001,,,,,,,,
228700,736.7,0.000003,,,,,,,,
228800,737.0,0.000001,,,,,,,,
228900,737.3,0.000001,,,,,,,,
229000,737.6,0.000001,,,,,,,,
229100,737.9,0.000002,,,,,,,,
229200,738.2,0.000001,,,,,,,,
229300,738.5,0.000002,,,,,,,,
229400,738.8,0.000003,,,,,,,,
229500,739.1,0.000001,,,,,,,,
229600,739.4,0.000001,,,,,,,,
229700,739.7,0.000002,,,,,,,,
229800,740.0,0.000001,,,,,,,,
229900,740.3,0.000001,,,,,,,,
230000,741.7,0.000001,0.000001,5.052087e-01,4.823989e-02,3.811820e-02,0.000000,4.654153e-01,4.601426e-02,3.676637e-02
230100,742.0,0.000002,,,,,,,,
230200,742.2,0.000001,,,,,,,,
230300,742.5,0.000002,,,,,,,,
230400,742.8,0.000001,,,,,,,,
230500,743.1,0.000002,,,,,,,,
230600,743.5,0.000001,,,,,,,,
230700,743.8,0.000003,,,,,,,,
230800,744.1,0.000002,,,,,,,,
230900,744.4,0.000001,,,,,,,,
231000,744.7,0.000001,,,,,,,,
231100,745.0,0.000001,,,,,,,,
231200,745.3,0.000001,,,,,,,,
231300,745.6,0.000001,,,,,,,,
231400,745.9,0.000001,,,,,,,,
231500,746.2,0.000001,,,,,,,,
231600,746.5,0.000002,,,,,,,,
231700,746.8,0.000001,,,,,,,,
231800,747.1,0.000003,,,,,,,,
231900,747.4,0.000001,,,,,,,,
232000,747.6,0.000001,,,,,,,,
232100,748.0,0.000001,,,,,,,,
232200,748.3,0.000001,,,,,,,,
232300,748.6,0.000002,,,,,,,,
232400,748.9,0.000001,,,,,,,,
232500,749.2,0.000002,,,,,,,,
232600,749.4,0.000002,,,,,,,,
232700,749.7,0.000001,,,,,,,,
232800,750.1,0.000001,,,,,,,,
232900,750.4,0.000001,,,,,,,,
233000,750.6,0.000003,,,,,,,,
233100,750.9,0.000002,,,,,,,,
233200,751.2,0.000001,,,,,,,,
233300,751.5,0.000002,,,,,,,,
233400,751.8,0.000001,,,,,,,,
233500,752.1,0.000001,,,,,,,,
233600,752.4,0.000001,,,,,,,,
233700,752.7,0.000002,,,,,,,,
233800,753.0,0.000002,,,,,,,,
233900,753.3,0.000001,,,,,,,,
234000,753.6,0.000001,,,,,,,,
234100,754.0,0.000001,,,,,,,,
234200,754.3,0.000001,,,,,,,,
234300,754.6,0.000001,,,,,,,,
234400,754.9,0.000001,,,,,,,,
234500,755.2,0.000001,,,,,,,,
234600,755.5,0.000001,,,,,,,,
234700,755.8,0.000001,,,,,,,,
234800,756.1,0.000001,,,,,,,,
234900,756.4,0.000002,,,,,,,,
235000,757.8,0.000001,0.000001,5.661199e-01,4.729908e-02,3.699422e-02,0.000000,5.379346e-01,4.485549e-02,3.544569e-02
235100,758.0,0.000002,,,,,,,,
235200,758.3,0.000001,,,,,,,,
235300,758.6,0.000001,,,,,,,,
235400,758.9,0.000002,,,,,,,,
235500,759.2,0.000002,,,,,,,,
235600,759.6,0.000001,,,,,,,,
235700,759.9,0.000001,,,,,,,,
235800,760.2,0.000001,,,,,,,,
235900,760.5,0.000002,,,,,,,,
236000,760.8,0.000001,,,,,,,,
236100,761.1,0.000001,,,,,,,,
236200,761.4,0.000002,,,,,,,,
236300,761.7,0.000001,,,,,,,,
236400,762.0,0.000001,,,,,,,,
236500,762.3,0.000001,,,,,,,,
236600,762.6,0.000002,,,,,,,,
236700,762.9,0.000001,,,,,,,,
236800,763.2,0.000001,,,,,,,,
236900,763.5,0.000002,,,,,,,,
237000,763.8,0.000001,,,,,,,,
237100,764.1,0.000001,,,,,,,,
237200,764.4,0.000002,,,,,,,,
237300,764.7,0.000001,,,,,,,,
237400,765.0,0.000001,,,,,,,,
237500,765.3,0.000002,,,,,,,,
237600,765.6,0.000001,,,,,,,,
237700,765.9,0.000001,,,,,,,,
237800,766.2,0.000001,,,,,,,,
237900,766.5,0.000001,,,,,,,,
238000,766.8,0.000001,,,,,,,,
238100,767.1,0.000002,,,,,,,,
238200,767.4,0.000001,,,,,,,,
238300,767.7,0.000002,,,,,,,,
238400,768.0,0.000001,,,,,,,,
238500,768.3,0.000002,,,,,,,,
238600,768.6,0.000001,,,,,,,,
238700,768.9,0.000002,,,,,,,,
238800,769.3,0.000001,,,,,,,,
238900,769.6,0.000003,,,,,,,,
239000,769.9,0.000001,,,,,,,,
239100,770.2,0.000001,,,,,,,,
239200,770.5,0.000001,,,,,,,,
239300,770.8,0.000001,,,,,,,,
239400,771.1,0.000002,,,,,,,,
239500,771.4,0.000001,,,,,,,,
239600,771.7,0.000001,,,,,,,,
239700,772.0,0.000003,,,,,,,,
239800,772.3,0.000001,,,,,,,,
239900,772.6,0.000001,,,,,,,,
240000,774.0,0.000001,0.000001,5.045354e-01,6.140325e-02,5.427105e-02,0.000000,4.676240e-01,6.015518e-02,5.376290e-02
240100,774.3,0.000001,,,,,,,,
240200,774.6,0.000001,,,,,,,,
240300,774.9,0.000001,,,,,,,,
240400,775.2,0.000001,,,,,,,,
240500,775.5,0.000001,,,,,,,,
240600,775.8,0.000001,,,,,,,,
240700,776.1,0.000001,,,,,,,,
240800,776.4,0.000002,,,,,,,,
240900,776.7,0.000003,,,,,,,,
241000,777.0,0.000001,,,,,,,,
241100,777.3,0.000001,,,,,,,,
241200,777.6,0.000001,,,,,,,,
241300,777.9,0.000001,,,,,,,,
241400,778.2,0.000001,,,,,,,,
241500,778.5,0.000001,,,,,,,,
241600,778.8,0.000002,,,,,,,,
241700,779.1,0.000002,,,,,,,,
241800,779.4,0.000001,,,,,,,,
241900,779.7,0.000002,,,,,,,,
242000,780.0,0.000001,,,,,,,,
242100,780.3,0.000002,,,,,,,,
242200,780.6,0.000001,,,,,,,,
242300,780.9,0.000001,,,,,,,,
242400,781.2,0.000002,,,,,,,,
242500,781.5,0.000002,,,,,,,,
242600,781.8,0.000002,,,,,,,,
242700,782.1,0.000001,,,,,,,,
242800,782.4,0.000002,,,,,,,,
242900,782.7,0.000002,,,,,,,,
243000,783.0,0.000001,,,,,,,,
243100,783.3,0.000002,,,,,,,,
243200,783.6,0.000002,,,,,,,,
243300,783.9,0.000001,,,,,,,,
243400,784.2,0.000002,,,,,,,,
243500,784.5,0.000002,,,,,,,,
243600,784.8,0.000002,,,,,,,,
243700,785.2,0.000001,,,,,,,,
243800,785.5,0.000003,,,,,,,,
243900,785.8,0.000001,,,,,,,,
244000,786.1,0.000003,,,,,,,,
244100,786.4,0.000001,,,,,,,,
244200,786.7,0.000002,,,,,,,,
244300,787.0,0.000001,,,,,,,,
244400,787.3,0.000001,,,,,,,,
244500,787.6,0.000001,,,,,,,,
244600,787.9,0.000001,,,,,,,,
244700,788.2,0.000001,,,,,,,,
244800,788.5,0.000001,,,,,,,,
244900,788.8,0.000001,,,,,,,,
245000,790.2,0.000001,0.000002,6.371934e-01,7.837797e-02,6.996805e-02,0.000000,5.996716e-01,7.546110e-02,6.802377e-02
245100,790.4,0.000002,,,,,,,,
245200,790.7,0.000001,,,,,,,,
245300,791.0,0.000002,,,,,,,,
245400,791.3,0.000002,,,,,,,,
245500,791.6,0.000001,,,,,,,,
245600,791.9,0.000002,,,,,,,,
245700,792.2,0.000001,,,,,,,,
245800,792.5,0.000002,,,,,,,,
245900,792.8,0.000001,,,,,,,,
246000,793.1,0.000002,,,,,,,,
246100,793.4,0.000002,,,,,,,,
246200,793.7,0.000001,,,,,,,,
246300,794.1,0.000001,,,,,,,,
246400,794.4,0.000001,,,,,,,,
246500,794.7,0.000001,,,,,,,,
246600,795.0,0.000002,,,,,,,,
246700,795.3,0.000002,,,,,,,,
246800,795.6,0.000001,,,,,,,,
246900,795.9,0.000002,,,,,,,,
247000,796.2,0.000002,,,,,,,,
247100,796.5,0.000001,,,,,,,,
247200,796.8,0.000001,,,,,,,,
247300,797.1,0.000001,,,,,,,,
247400,797.4,0.000001,,,,,,,,
247500,797.7,0.000001,,,,,,,,
247600,798.0,0.000001,,,,,,,,
247700,798.3,0.000001,,,,,,,,
247800,798.6,0.000001,,,,,,,,
247900,798.9,0.000002,,,,,,,,
248000,799.2,0.000001,,,,,,,,
248100,799.5,0.000002,,,,,,,,
248200,799.8,0.000001,,,,,,,,
248300,800.1,0.000001,,,,,,,,
248400,800.4,0.000001,,,,,,,,
248500,800.7,0.000001,,,,,,,,
248600,801.0,0.000001,,,,,,,,
248700,801.4,0.000001,,,,,,,,
248800,801.7,0.000001,,,,,,,,
248900,802.0,0.000001,,,,,,,,
249000,802.3,0.000001,,,,,,,,
249100,802.6,0.000001,,,,,,,,
249200,802.9,0.000001,,,,,,,,
249300,803.2,0.000003,,,,,,,,
249400,803.5,0.000002,,,,,,,,
249500,803.8,0.000001,,,,,,,,
249600,804.1,0.000002,,,,,,,,
249700,804.4,0.000003,,,,,,,,
249800,804.7,0.000002,,,,,,,,
249900,805.0,0.000002,,,,,,,,
250000,806.4,0.000001,0.000001,5.852849e-01,4.100453e-02,2.979009e-02,0.000000,5.510819e-01,3.873870e-02,2.824630e-02
250100,806.7,0.000001,,,,,,,,
250200,807.0,0.000001,,,,,,,,
250300,807.3,0.000001,,,,,,,,
250400,807.6,0.000001,,,,,,,,
250500,807.9,0.000001,,,,,,,,
250600,808.2,0.000001,,,,,,,,
250700,808.5,0.000002,,,,,,,,
250800,808.8,0.000001,,,,,,,,
250900,809.1,0.000002,,,,,,,,
251000,809.4,0.000001,,,,,,,,
251100,809.7,0.000001,,,,,,,,
251200,810.0,0.000001,,,,,,,,
251300,810.3,0.000001,,,,,,,,
251400,810.6,0.000002,,,,,,,,
251500,810.9,0.000001,,,,,,,,
251600,811.2,0.000001,,,,,,,,
251700,811.5,0.000001,,,,,,,,
251800,811.8,0.000003,,,,,,,,
251900,812.1,0.000001,,,,,,,,
252000,812.4,0.000001,,,,,,,,
252100,812.8,0.000001,,,,,,,,
252200,813.1,0.000002,,,,,,,,
252300,813.4,0.000002,,,,,,,,
252400,813.7,0.000001,,,,,,,,
252500,814.0,0.000002,,,,,,,,
252600,814.3,0.000001,,,,,,,,
252700,814.6,0.000002,,,,,,,,
252800,814.9,0.000001,,,,,,,,
252900,815.2,0.000001,,,,,,,,
253000,815.5,0.000001,,,,,,,,
253100,815.8,0.000002,,,,,,,,
253200,816.1,0.000001,,,,,,,,
253300,816.4,0.000001,,,,,,,,
253400,816.7,0.000003,,,,,,,,
253500,817.0,0.000001,,,,,,,,
253600,817.3,0.000001,,,,,,,,
253700,817.6,0.000001,,,,,,,,
253800,817.9,0.000002,,,,,,,,
253900,818.2,0.000001,,,,,,,,
254000,818.5,0.000002,,,,,,,,
254100,818.8,0.000002,,,,,,,,
254200,819.1,0.000002,,,,,,,,
254300,819.4,0.000001,,,,,,,,
254400,819.8,0.000001,,,,,,,,
254500,820.1,0.000001,,,,,,,,
254600,820.4,0.000002,,,,,,,,
254700,820.7,0.000001,,,,,,,,
254800,821.0,0.000001,,,,,,,,
254900,821.3,0.000001,,,,,,,,
255000,822.7,0.000004,0.000003,5.063665e-01,9.807147e-02,9.280005e-02,0.000000,4.699681e-01,9.656178e-02,9.197562e-02
255100,822.9,0.000001,,,,,,,,
255200,823.2,0.000002,,,,,,,,
255300,823.5,0.000001,,,,,,,,
255400,823.8,0.000001,,,,,,,,
255500,824.1,0.000001,,,,,,,,
255600,824.4,0.000001,,,,,,,,
255700,824.7,0.000002,,,,,,,,
255800,825.0,0.000001,,,,,,,,
255900,825.3,0.000001,,,,,,,,
256000,825.6,0.000001,,,,,,,,
256100,825.9,0.000002,,,,,,,,
256200,826.2,0.000001,,,,,,,,
256300,826.5,0.000001,,,,,,,,
256400,826.8,0.000001,,,,,,,,
256500,827.1,0.000001,,,,,,,,
256600,827.4,0.000002,,,,,,,,
256700,827.7,0.000001,,,,,,,,
256800,828.0,0.000001,,,,,,,,
256900,828.3,0.000001,,,,,,,,
257000,828.6,0.000002,,,,,,,,
257100,828.9,0.000001,,,,,,,,
257200,829.2,0.000002,,,,,,,,
257300,829.5,0.000001,,,,,,,,
257400,829.8,0.000001,,,,,,,,
257500,830.1,0.000001,,,,,,,,
257600,830.4,0.000001,,,,,,,,
257700,830.7,0.000003,,,,,,,,
257800,831.0,0.000001,,,,,,,,
257900,831.3,0.000001,,,,,,,,
258000,831.6,0.000001,,,,,,,,
258100,831.9,0.000002,,,,,,,,
258200,832.2,0.000001,,,,,,,,
258300,832.5,0.000004,,,,,,,,
258400,832.8,0.000001,,,,,,,,
258500,833.1,0.000001,,,,,,,,
258600,833.4,0.000001,,,,,,,,
258700,833.7,0.000001,,,,,,,,
258800,834.0,0.000002,,,,,,,,
258900,834.3,0.000001,,,,,,,,
259000,834.6,0.000002,,,,,,,,
259100,834.9,0.000001,,,,,,,,
259200,835.2,0.000001,,,,,,,,
259300,835.5,0.000001,,,,,,,,
259400,835.8,0.000001,,,,,,,,
259500,836.1,0.000001,,,,,,,,
259600,836.4,0.000001,,,,,,,,
259700,836.7,0.000001,,,,,,,,
259800,837.0,0.000001,,,,,,,,
259900,837.3,0.000002,,,,,,,,
260000,838.7,0.000001,0.000001,5.910013e-01,3.955095e-02,2.835749e-02,0.000000,5.517724e-01,3.749475e-02,2.715280e-02
260100,839.0,0.000001,,,,,,,,
260200,839.3,0.000001,,,,,,,,
260300,839.6,0.000001,,,,,,,,
260400,839.9,0.000002,,,,,,,,
260500,840.2,0.000002,,,,,,,,
260600,840.5,0.000002,,,,,,,,
260700,840.8,0.000003,,,,,,,,
260800,841.1,0.000002,,,,,,,,
260900,841.4,0.000001,,,,,,,,
261000,841.7,0.000001,,,,,,,,
261100,842.0,0.000001,,,,,,,,
261200,842.3,0.000001,,,,,,,,
261300,842.6,0.000001,,,,,,,,
261400,842.9,0.000001,,,,,,,,
261500,843.2,0.000001,,,,,,,,
261600,843.5,0.000001,,,,,,,,
261700,843.8,0.000001,,,,,,,,
261800,844.1,0.000001,,,,,,,,
261900,844.4,0.000001,,,,,,,,
262000,844.7,0.000001,,,,,,,,
262100,845.0,0.000002,,,,,,,,
262200,845.3,0.000002,,,,,,,,
262300,845.6,0.000001,,,,,,,,
262400,845.9,0.000001,,,,,,,,
262500,846.2,0.000001,,,,,,,,
262600,846.5,0.000001,,,,,,,,
262700,846.8,0.000001,,,,,,,,
262800,847.1,0.000003,,,,,,,,
262900,847.4,0.000001,,,,,,,,
263000,847.7,0.000001,,,,,,,,
263100,848.0,0.000001,,,,,,,,
263200,848.3,0.000001,,,,,,,,
263300,848.6,0.000001,,,,,,,,
263400,848.9,0.000001,,,,,,,,
263500,849.2,0.000001,,,,,,,,
263600,849.5,0.000003,,,,,,,,
263700,849.8,0.000002,,,,,,,,
263800,850.1,0.000001,,,,,,,,
263900,850.4,0.000002,,,,,,,,
264000,850.7,0.000001,,,,,,,,
264100,851.1,0.000001,,,,,,,,
264200,851.4,0.000001,,,,,,,,
264300,851.7,0.000001,,,,,,,,
264400,852.0,0.000001,,,,,,,,
264500,852.3,0.000001,,,,,,,,
264600,852.6,0.000002,,,,,,,,
264700,852.9,0.000002,,,,,,,,
264800,853.2,0.000002,,,,,,,,
264900,853.5,0.000001,,,,,,,,
265000,854.9,0.000001,0.000001,5.450456e-01,4.273269e-02,3.360485e-02,0.000000,5.088151e-01,4.014587e-02,3.223191e-02
265100,855.1,0.000001,,,,,,,,
265200,855.4,0.000001,,,,,,,,
265300,855.7,0.000001,,,,,,,,
265400,856.0,0.000001,,,,,,,,
265500,856.3,0.000001,,,,,,,,
265600,856.7,0.000001,,,,,,,,
265700,857.0,0.000002,,,,,,,,
265800,857.2,0.000001,,,,,,,,
265900,857.5,0.000001,,,,,,,,
266000,857.8,0.000001,,,,,,,,
266100,858.2,0.000001,,,,,,,,
266200,858.5,0.000002,,,,,,,,
266300,858.8,0.000001,,,,,,,,
266400,859.1,0.000001,,,,,,,,
266500,859.4,0.000001,,,,,,,,
266600,859.7,0.000002,,,,,,,,
266700,860.0,0.000001,,,,,,,,
266800,860.3,0.000001,,,,,,,,
266900,860.5,0.000001,,,,,,,,
267000,860.8,0.000001,,,,,,,,
267100,861.1,0.000001,,,,,,,,
267200,861.4,0.000001,,,,,,,,
267300,861.7,0.000002,,,,,,,,
267400,862.0,0.000002,,,,,,,,
267500,862.4,0.000001,,,,,,,,
267600,862.7,0.000001,,,,,,,,
267700,863.0,0.000002,,,,,,,,
267800,863.3,0.000001,,,,,,,,
267900,863.5,0.000002,,,,,,,,
268000,863.8,0.000001,,,,,,,,
268100,864.2,0.000001,,,,,,,,
268200,864.5,0.000001,,,,,,,,
268300,864.8,0.000001,,,,,,,,
268400,865.1,0.000002,,,,,,,,
268500,865.4,0.000002,,,,,,,,
268600,865.7,0.000001,,,,,,,,
268700,866.0,0.000001,,,,,,,,
268800,866.3,0.000001,,,,,,,,
268900,866.6,0.000001,,,,,,,,
269000,866.9,0.000001,,,,,,,,
269100,867.2,0.000002,,,,,,,,
269200,867.5,0.000001,,,,,,,,
269300,867.7,0.000002,,,,,,,,
269400,868.0,0.000003,,,,,,,,
269500,868.3,0.000001,,,,,,,,
269600,868.7,0.000001,,,,,,,,
269700,869.0,0.000001,,,,,,,,
269800,869.3,0.000001,,,,,,,,
269900,869.6,0.000002,,,,,,,,
270000,870.9,0.000001,0.000001,5.951745e-01,5.758744e-02,5.055663e-02,0.000000,5.605977e-01,5.520485e-02,4.908912e-02
270100,871.2,0.000001,,,,,,,,
270200,871.5,0.000002,,,,,,,,
270300,871.8,0.000001,,,,,,,,
270400,872.1,0.000002,,,,,,,,
270500,872.4,0.000001,,,,,,,,
270600,872.7,0.000001,,,,,,,,
270700,873.0,0.000001,,,,,,,,
270800,873.3,0.000001,,,,,,,,
270900,873.6,0.000001,,,,,,,,
271000,873.9,0.000001,,,,,,,,
271100,874.2,0.000002,,,,,,,,
271200,874.5,0.000002,,,,,,,,
271300,874.9,0.000001,,,,,,,,
271400,875.2,0.000001,,,,,,,,
271500,875.5,0.000001,,,,,,,,
271600,875.8,0.000001,,,,,,,,
271700,876.1,0.000003,,,,,,,,
271800,876.3,0.000002,,,,,,,,
271900,876.7,0.000001,,,,,,,,
272000,877.0,0.000002,,,,,,,,
272100,877.2,0.000001,,,,,,,,
272200,877.5,0.000002,,,,,,,,
272300,877.9,0.000001,,,,,,,,
272400,878.2,0.000001,,,,,,,,
272500,878.5,0.000002,,,,,,,,
272600,878.8,0.000001,,,,,,,,
272700,879.1,0.000001,,,,,,,,
272800,879.4,0.000003,,,,,,,,
272900,879.7,0.000002,,,,,,,,
273000,880.0,0.000002,,,,,,,,
273100,880.3,0.000001,,,,,,,,
273200,880.6,0.000001,,,,,,,,
273300,880.9,0.000001,,,,,,,,
273400,881.2,0.000002,,,,,,,,
273500,881.5,0.000001,,,,,,,,
273600,881.8,0.000002,,,,,,,,
273700,882.1,0.000002,,,,,,,,
273800,882.4,0.000001,,,,,,,,
273900,882.7,0.000001,,,,,,,,
274000,883.0,0.000002,,,,,,,,
274100,883.3,0.000001,,,,,,,,
274200,883.6,0.000001,,,,,,,,
274300,883.9,0.000001,,,,,,,,
274400,884.2,0.000001,,,,,,,,
274500,884.5,0.000001,,,,,,,,
274600,884.8,0.000001,,,,,,,,
274700,885.1,0.000001,,,,,,,,
274800,885.4,0.000001,,,,,,,,
274900,885.7,0.000003,,,,,,,,
275000,887.1,0.000002,0.000001,5.867155e-01,4.990543e-02,4.102135e-02,0.000000,5.529664e-01,4.787226e-02,3.963362e-02
275100,887.4,0.000002,,,,,,,,
275200,887.7,0.000001,,,,,,,,
275300,888.0,0.000001,,,,,,,,
275400,888.3,0.000001,,,,,,,,
275500,888.6,0.000001,,,,,,,,
275600,888.9,0.000001,,,,,,,,
275700,889.2,0.000001,,,,,,,,
275800,889.5,0.000001,,,,,,,,
275900,889.8,0.000001,,,,,,,,
276000,890.1,0.000001,,,,,,,,
276100,890.4,0.000001,,,,,,,,
276200,890.7,0.000001,,,,,,,,
276300,891.0,0.000002,,,,,,,,
276400,891.3,0.000002,,,,,,,,
276500,891.6,0.000001,,,,,,,,
276600,891.9,0.000001,,,,,,,,
276700,892.2,0.000001,,,,,,,,
276800,892.6,0.000001,,,,,,,,
276900,892.9,0.000001,,,,,,,,
277000,893.2,0.000001,,,,,,,,
277100,893.5,0.000001,,,,,,,,
277200,893.8,0.000001,,,,,,,,
277300,894.1,0.000002,,,,,,,,
277400,894.4,0.000001,,,,,,,,
277500,894.7,0.000001,,,,,,,,
277600,895.0,0.000002,,,,,,,,
277700,895.3,0.000001,,,,,,,,
277800,895.6,0.000001,,,,,,,,
277900,895.9,0.000003,,,,,,,,
278000,896.2,0.000001,,,,,,,,
278100,896.5,0.000001,,,,,,,,
278200,896.8,0.000001,,,,,,,,
278300,897.1,0.000001,,,,,,,,
278400,897.4,0.000001,,,,,,,,
278500,897.7,0.000001,,,,,,,,
278600,898.0,0.000001,,,,,,,,
278700,898.3,0.000002,,,,,,,,
278800,898.6,0.000003,,,,,,,,
278900,898.9,0.000001,,,,,,,,
279000,899.2,0.000002,,,,,,,,
279100,899.5,0.000001,,,,,,,,
279200,899.8,0.000002,,,,,,,,
279300,900.1,0.000002,,,,,,,,
279400,900.4,0.000001,,,,,,,,
279500,900.7,0.000001,,,,,,,,
279600,901.0,0.000001,,,,,,,,
279700,901.3,0.000002,,,,,,,,
279800,901.6,0.000002,,,,,,,,
279900,901.9,0.000005,,,,,,,,
280000,903.3,0.000002,0.000003,6.198118e-01,8.663182e-02,8.413811e-02,0.000000,5.766099e-01,8.487233e-02,8.367401e-02
280100,903.6,0.000001,,,,,,,,
280200,903.9,0.000002,,,,,,,,
280300,904.2,0.000001,,,,,,,,
280400,904.5,0.000001,,,,,,,,
280500,904.8,0.000001,,,,,,,,
280600,905.1,0.000002,,,,,,,,
280700,905.4,0.000001,,,,,,,,
280800,905.7,0.000001,,,,,,,,
280900,906.0,0.000001,,,,,,,,
281000,906.3,0.000002,,,,,,,,
281100,906.6,0.000001,,,,,,,,
281200,906.9,0.000001,,,,,,,,
281300,907.2,0.000001,,,,,,,,
281400,907.5,0.000001,,,,,,,,
281500,907.8,0.000001,,,,,,,,
281600,908.1,0.000001,,,,,,,,
281700,908.4,0.000002,,,,,,,,
281800,908.7,0.000001,,,,,,,,
281900,909.0,0.000002,,,,,,,,
282000,909.3,0.000001,,,,,,,,
282100,909.6,0.000001,,,,,,,,
282200,909.9,0.000002,,,,,,,,
282300,910.2,0.000001,,,,,,,,
282400,910.5,0.000001,,,,,,,,
282500,910.8,0.000001,,,,,,,,
282600,911.1,0.000001,,,,,,,,
282700,911.4,0.000001,,,,,,,,
282800,911.7,0.000001,,,,,,,,
282900,912.0,0.000001,,,,,,,,
283000,912.3,0.000001,,,,,,,,
283100,912.7,0.000002,,,,,,,,
283200,913.0,0.000001,,,,,,,,
283300,913.3,0.000001,,,,,,,,
283400,913.6,0.000001,,,,,,,,
283500,913.8,0.000001,,,,,,,,
283600,914.1,0.000001,,,,,,,,
283700,914.4,0.000001,,,,,,,,
283800,914.7,0.000001,,,,,,,,
283900,915.0,0.000001,,,,,,,,
284000,915.3,0.000001,,,,,,,,
284100,915.6,0.000001,,,,,,,,
284200,915.9,0.000002,,,,,,,,
284300,916.3,0.000002,,,,,,,,
284400,916.6,0.000002,,,,,,,,
284500,916.9,0.000001,,,,,,,,
284600,917.2,0.000001,,,,,,,,
284700,917.5,0.000002,,,,,,,,
284800,917.8,0.000001,,,,,,,,
284900,918.1,0.000001,,,,,,,,
285000,919.5,0.000001,0.000001,5.407293e-01,4.989399e-02,4.112411e-02,0.000000,4.901231e-01,4.838388e-02,4.052679e-02
285100,919.7,0.000001,,,,,,,,
285200,920.0,0.000001,,,,,,,,
285300,920.3,0.000001,,,,,,,,
285400,920.6,0.000002,,,,,,,,
285500,920.9,0.000001,,,,,,,,
285600,921.2,0.000001,,,,,,,,
285700,921.5,0.000001,,,,,,,,
285800,921.8,0.000001,,,,,,,,
285900,922.1,0.000002,,,,,,,,
286000,922.4,0.000001,,,,,,,,
286100,922.7,0.000001,,,,,,,,
286200,923.0,0.000001,,,,,,,,
286300,923.3,0.000001,,,,,,,,
286400,923.6,0.000004,,,,,,,,
286500,923.9,0.000002,,,,,,,,
286600,924.2,0.000001,,,,,,,,
286700,924.5,0.000001,,,,,,,,
286800,924.8,0.000002,,,,,,,,
286900,925.1,0.000001,,,,,,,,
287000,925.4,0.000001,,,,,,,,
287100,925.7,0.000001,,,,,,,,
287200,926.0,0.000001,,,,,,,,
287300,926.3,0.000001,,,,,,,,
287400,926.7,0.000002,,,,,,,,
287500,927.0,0.000001,,,,,,,,
287600,927.3,0.000001,,,,,,,,
287700,927.6,0.000001,,,,,,,,
287800,927.9,0.000001,,,,,,,,
287900,928.2,0.000001,,,,,,,,
288000,928.5,0.000002,,,,,,,,
288100,928.8,0.000002,,,,,,,,
288200,929.1,0.000001,,,,,,,,
288300,929.4,0.000001,,,,,,,,
288400,929.7,0.000001,,,,,,,,
288500,929.9,0.000002,,,,,,,,
288600,930.2,0.000001,,,,,,,,
288700,930.5,0.000003,,,,,,,,
288800,930.8,0.000002,,,,,,,,
288900,931.1,0.000002,,,,,,,,
289000,931.4,0.000001,,,,,,,,
289100,931.7,0.000001,,,,,,,,
289200,932.0,0.000002,,,,,,,,
289300,932.3,0.000002,,,,,,,,
289400,932.6,0.000001,,,,,,,,
289500,932.9,0.000001,,,,,,,,
289600,933.2,0.000001,,,,,,,,
289700,933.5,0.000001,,,,,,,,
289800,933.8,0.000001,,,,,,,,
289900,934.1,0.000001,,,,,,,,
290000,935.6,0.000003,0.000001,5.517595e-01,4.751878e-02,3.577884e-02,0.000000,5.075352e-01,4.355026e-02,3.316728e-02
290100,935.8,0.000003,,,,,,,,
290200,936.1,0.000001,,,,,,,,
290300,936.4,0.000001,,,,,,,,
290400,936.7,0.000001,,,,,,,,
290500,937.0,0.000001,,,,,,,,
290600,937.3,0.000002,,,,,,,,
290700,937.6,0.000001,,,,,,,,
290800,937.9,0.000002,,,,,,,,
290900,938.2,0.000002,,,,,,,,
291000,938.5,0.000001,,,,,,,,
291100,938.8,0.000002,,,,,,,,
291200,939.1,0.000001,,,,,,,,
291300,939.4,0.000001,,,,,,,,
291400,939.7,0.000001,,,,,,,,
291500,940.1,0.000001,,,,,,,,
291600,940.4,0.000002,,,,,,,,
291700,940.7,0.000001,,,,,,,,
291800,941.0,0.000001,,,,,,,,
291900,941.2,0.000001,,,,,,,,
292000,941.5,0.000004,,,,,,,,
292100,941.8,0.000001,,,,,,,,
292200,942.2,0.000001,,,,,,,,
292300,942.5,0.000001,,,,,,,,
292400,942.8,0.000001,,,,,,,,
292500,943.1,0.000001,,,,,,,,
292600,943.4,0.000001,,,,,,,,
292700,943.7,0.000001,,,,,,,,
292800,944.0,0.000002,,,,,,,,
292900,944.3,0.000002,,,,,,,,
293000,944.6,0.000001,,,,,,,,
293100,944.9,0.000002,,,,,,,,
293200,945.2,0.000001,,,,,,,,
293300,945.5,0.000001,,,,,,,,
293400,945.7,0.000001,,,,,,,,
293500,946.1,0.000001,,,,,,,,
293600,946.4,0.000001,,,,,,,,
293700,946.7,0.000001,,,,,,,,
293800,947.0,0.000001,,,,,,,,
293900,947.3,0.000001,,,,,,,,
294000,947.6,0.000001,,,,,,,,
294100,947.9,0.000001,,,,,,,,
294200,948.2,0.000001,,,,,,,,
294300,948.5,0.000001,,,,,,,,
294400,948.8,0.000001,,,,,,,,
294500,949.1,0.000002,,,,,,,,
294600,949.4,0.000001,,,,,,,,
294700,949.7,0.000003,,,,,,,,
294800,950.0,0.000001,,,,,,,,
294900,950.3,0.000001,,,,,,,,
295000,951.7,0.000001,0.000001,5.034749e-01,3.948841e-02,2.961972e-02,0.000000,4.554036e-01,3.744306e-02,2.838478e-02
295100,952.0,0.000002,,,,,,,,
295200,952.3,0.000002,,,,,,,,
295300,952.6,0.000001,,,,,,,,
295400,952.8,0.000001,,,,,,,,
295500,953.1,0.000001,,,,,,,,
295600,953.4,0.000001,,,,,,,,
295700,953.7,0.000002,,,,,,,,
295800,954.0,0.000001,,,,,,,,
295900,954.3,0.000003,,,,,,,,
296000,954.6,0.000001,,,,,,,,
296100,954.9,0.000001,,,,,,,,
296200,955.2,0.000001,,,,,,,,
296300,955.5,0.000001,,,,,,,,
296400,955.8,0.000001,,,,,,,,
296500,956.1,0.000002,,,,,,,,
296600,956.4,0.000001,,,,,,,,
296700,956.7,0.000003,,,,,,,,
296800,957.0,0.000002,,,,,,,,
296900,957.3,0.000001,,,,,,,,
297000,957.6,0.000002,,,,,,,,
297100,957.9,0.000001,,,,,,,,
297200,958.2,0.000002,,,,,,,,
297300,958.5,0.000001,,,,,,,,
297400,958.9,0.000002,,,,,,,,
297500,959.2,0.000001,,,,,,,,
297600,959.5,0.000002,,,,,,,,
297700,959.8,0.000001,,,,,,,,
297800,960.1,0.000001,,,,,,,,
297900,960.4,0.000001,,,,,,,,
298000,960.7,0.000001,,,,,,,,
298100,961.0,0.000001,,,,,,,,
298200,961.3,0.000001,,,,,,,,
298300,961.6,0.000001,,,,,,,,
298400,961.9,0.000003,,,,,,,,
298500,962.2,0.000001,,,,,,,,
298600,962.5,0.000002,,,,,,,,
298700,962.8,0.000001,,,,,,,,
298800,963.1,0.000001,,,,,,,,
298900,963.4,0.000001,,,,,,,,
299000,963.7,0.000001,,,,,,,,
299100,964.0,0.000001,,,,,,,,
299200,964.3,0.000001,,,,,,,,
299300,964.6,0.000001,,,,,,,,
299400,964.9,0.000001,,,,,,,,
299500,965.2,0.000001,,,,,,,,
299600,965.5,0.000001,,,,,,,,
299700,965.8,0.000001,,,,,,,,
299800,966.1,0.000002,,,,,,,,
299900,966.4,0.000001,,,,,,,,
300000,967.8,0.000001,0.000002,5.394876e-01,6.277107e-02,5.403509e-02,0.000000,4.786713e-01,6.096644e-02,5.297665e-02
300100,968.0,0.000001,,,,,,,,
300200,968.3,0.000001,,,,,,,,
300300,968.6,0.000001,,,,,,,,
300400,968.9,0.000001,,,,,,,,
300500,969.2,0.000001,,,,,,,,
300600,969.5,0.000001,,,,,,,,
300700,969.8,0.000001,,,,,,,,
300800,970.1,0.000001,,,,,,,,
300900,970.4,0.000001,,,,,,,,
301000,970.7,0.000001,,,,,,,,
301100,971.0,0.000001,,,,,,,,
301200,971.3,0.000001,,,,,,,,
301300,971.7,0.000001,,,,,,,,
301400,972.0,0.000001,,,,,,,,
301500,972.3,0.000001,,,,,,,,
301600,972.6,0.000001,,,,,,,,
301700,972.9,0.000001,,,,,,,,
301800,973.2,0.000001,,,,,,,,
301900,973.5,0.000001,,,,,,,,
302000,973.8,0.000001,,,,,,,,
302100,974.1,0.000001,,,,,,,,
302200,974.4,0.000001,,,,,,,,
302300,974.7,0.000002,,,,,,,,
302400,975.0,0.000001,,,,,,,,
302500,975.3,0.000001,,,,,,,,
302600,975.6,0.000002,,,,,,,,
302700,975.9,0.000001,,,,,,,,
302800,976.2,0.000001,,,,,,,,
302900,976.5,0.000001,,,,,,,,
303000,976.8,0.000001,,,,,,,,
303100,977.1,0.000001,,,,,,,,
303200,977.4,0.000001,,,,,,,,
303300,977.7,0.000001,,,,,,,,
303400,978.0,0.000002,,,,,,,,
303500,978.3,0.000001,,,,,,,,
303600,978.6,0.000001,,,,,,,,
303700,978.9,0.000001,,,,,,,,
303800,979.2,0.000002,,,,,,,,
303900,979.5,0.000001,,,,,,,,
304000,979.9,0.000001,,,,,,,,
304100,980.2,0.000001,,,,,,,,
304200,980.5,0.000003,,,,,,,,
304300,980.7,0.000002,,,,,,,,
304400,981.1,0.000001,,,,,,,,
304500,981.3,0.000001,,,,,,,,
304600,981.6,0.000001,,,,,,,,
304700,981.9,0.000003,,,,,,,,
304800,982.2,0.000002,,,,,,,,
304900,982.5,0.000001,,,,,,,,
305000,984.0,0.000001,0.000001,5.112302e-01,4.849387e-02,3.815987e-02,0.000000,4.536450e-01,4.728737e-02,3.750050e-02
305100,984.2,0.000001,,,,,,,,
305200,984.5,0.000001,,,,,,,,
305300,984.8,0.000001,,,,,,,,
305400,985.1,0.000001,,,,,,,,
305500,985.4,0.000001,,,,,,,,
305600,985.7,0.000001,,,,,,,,
305700,986.0,0.000001,,,,,,,,
305800,986.3,0.000001,,,,,,,,
305900,986.6,0.000001,,,,,,,,
306000,986.9,0.000001,,,,,,,,
306100,987.2,0.000001,,,,,,,,
306200,987.5,0.000001,,,,,,,,
306300,987.8,0.000002,,,,,,,,
306400,988.1,0.000001,,,,,,,,
306500,988.4,0.000001,,,,,,,,
306600,988.7,0.000001,,,,,,,,
306700,989.0,0.000001,,,,,,,,
306800,989.4,0.000001,,,,,,,,
306900,989.7,0.000001,,,,,,,,
307000,990.0,0.000001,,,,,,,,
307100,990.3,0.000001,,,,,,,,
307200,990.6,0.000001,,,,,,,,
307300,990.9,0.000002,,,,,,,,
307400,991.2,0.000001,,,,,,,,
307500,991.5,0.000001,,,,,,,,
307600,991.8,0.000001,,,,,,,,
307700,992.1,0.000001,,,,,,,,
307800,992.4,0.000001,,,,,,,,
307900,992.7,0.000001,,,,,,,,
308000,993.0,0.000001,,,,,,,,
308100,993.3,0.000002,,,,,,,,
308200,993.6,0.000002,,,,,,,,
308300,993.9,0.000001,,,,,,,,
308400,994.2,0.000002,,,,,,,,
308500,994.5,0.000001,,,,,,,,
308600,994.8,0.000001,,,,,,,,
308700,995.1,0.000002,,,,,,,,
308800,995.4,0.000001,,,,,,,,
308900,995.7,0.000001,,,,,,,,
309000,996.0,0.000001,,,,,,,,
309100,996.3,0.000001,,,,,,,,
309200,996.6,0.000001,,,,,,,,
309300,997.0,0.000001,,,,,,,,
309400,997.3,0.000001,,,,,,,,
309500,997.6,0.000001,,,,,,,,
309600,997.9,0.000001,,,,,,,,
309700,998.2,0.000001,,,,,,,,
309800,998.5,0.000001,,,,,,,,
309900,998.8,0.000002,,,,,,,,
310000,1000.2,0.000001,0.000001,5.642145e-01,3.814161e-02,2.772355e-02,0.000000,4.947827e-01,3.563261e-02,2.635395e-02
310100,1000.4,0.000001,,,,,,,,
310200,1000.7,0.000002,,,,,,,,
310300,1001.0,0.000001,,,,,,,,
310400,1001.3,0.000001,,,,,,,,
310500,1001.6,0.000001,,,,,,,,
310600,1001.9,0.000001,,,,,,,,
310700,1002.2,0.000001,,,,,,,,
310800,1002.5,0.000001,,,,,,,,
310900,1002.8,0.000001,,,,,,,,
311000,1003.1,0.000001,,,,,,,,
311100,1003.4,0.000001,,,,,,,,
311200,1003.7,0.000001,,,,,,,,
311300,1004.0,0.000001,,,,,,,,
311400,1004.3,0.000001,,,,,,,,
311500,1004.6,0.000003,,,,,,,,
311600,1004.9,0.000001,,,,,,,,
311700,1005.2,0.000001,,,,,,,,
311800,1005.5,0.000001,,,,,,,,
311900,1005.8,0.000001,,,,,,,,
312000,1006.1,0.000001,,,,,,,,
312100,1006.4,0.000001,,,,,,,,
312200,1006.7,0.000001,,,,,,,,
312300,1007.0,0.000001,,,,,,,,
312400,1007.3,0.000002,,,,,,,,
312500,1007.6,0.000001,,,,,,,,
312600,1007.9,0.000001,,,,,,,,
312700,1008.2,0.000001,,,,,,,,
312800,1008.5,0.000001,,,,,,,,
312900,1008.8,0.000001,,,,,,,,
313000,1009.1,0.000001,,,,,,,,
313100,1009.4,0.000001,,,,,,,,
313200,1009.7,0.000001,,,,,,,,
313300,1010.0,0.000002,,,,,,,,
313400,1010.3,0.000001,,,,,,,,
313500,1010.6,0.000001,,,,,,,,
313600,1010.9,0.000001,,,,,,,,
313700,1011.2,0.000001,,,,,,,,
313800,1011.5,0.000002,,,,,,,,
313900,1011.8,0.000001,,,,,,,,
314000,1012.1,0.000001,,,,,,,,
314100,1012.4,0.000001,,,,,,,,
314200,1012.7,0.000001,,,,,,,,
314300,1013.0,0.000001,,,,,,,,
314400,1013.3,0.000002,,,,,,,,
314500,1013.6,0.000001,,,,,,,,
314600,1013.9,0.000001,,,,,,,,
314700,1014.2,0.000001,,,,,,,,
314800,1014.5,0.000001,,,,,,,,
314900,1014.8,0.000001,,,,,,,,
315000,1016.3,0.000001,0.000002,5.022066e-01,7.119855e-02,6.551697e-02,0.000000,4.341157e-01,7.013750e-02,6.525466e-02
315100,1016.5,0.000001,,,,,,,,
315200,1016.8,0.000002,,,,,,,,
315300,1017.1,0.000001,,,,,,,,
315400,1017.4,0.000001,,,,,,,,
315500,1017.7,0.000002,,,,,,,,
315600,1018.0,0.000001,,,,,,,,
315700,1018.3,0.000001,,,,,,,,
315800,1018.6,0.000002,,,,,,,,
315900,1018.9,0.000002,,,,,,,,
316000,1019.2,0.000001,,,,,,,,
316100,1019.5,0.000001,,,,,,,,
316200,1019.8,0.000001,,,,,,,,
316300,1020.1,0.000001,,,,,,,,
316400,1020.4,0.000001,,,,,,,,
316500,1020.7,0.000001,,,,,,,,
316600,1021.1,0.000001,,,,,,,,
316700,1021.4,0.000001,,,,,,,,
316800,1021.7,0.000001,,,,,,,,
316900,1022.0,0.000001,,,,,,,,
317000,1022.3,0.000001,,,,,,,,
317100,1022.6,0.000001,,,,,,,,
317200,1022.9,0.000002,,,,,,,,
317300,1023.2,0.000001,,,,,,,,
317400,1023.5,0.000002,,,,,,,,
317500,1023.8,0.000001,,,,,,,,
317600,1024.1,0.000002,,,,,,,,
317700,1024.4,0.000001,,,,,,,,
317800,1024.7,0.000001,,,,,,,,
317900,1025.0,0.000001,,,,,,,,
318000,1025.3,0.000001,,,,,,,,
318100,1025.6,0.000001,,,,,,,,
318200,1025.9,0.000002,,,,,,,,
318300,1026.2,0.000001,,,,,,,,
318400,1026.5,0.000001,,,,,,,,
318500,1026.8,0.000001,,,,,,,,
318600,1027.1,0.000003,,,,,,,,
318700,1027.4,0.000002,,,,,,,,
318800,1027.7,0.000002,,,,,,,,
318900,1028.0,0.000001,,,,,,,,
319000,1028.3,0.000001,,,,,,,,
319100,1028.6,0.000001,,,,,,,,
319200,1028.9,0.000001,,,,,,,,
319300,1029.2,0.000001,,,,,,,,
319400,1029.5,0.000002,,,,,,,,
319500,1029.8,0.000001,,,,,,,,
319600,1030.2,0.000001,,,,,,,,
319700,1030.4,0.000001,,,,,,,,
319800,1030.8,0.000001,,,,,,,,
319900,1031.1,0.000001,,,,,,,,
320000,1032.5,0.000001,0.000001,5.022924e-01,4.460112e-02,3.506628e-02,0.000000,4.365361e-01,4.280836e-02,3.404744e-02
320100,1032.7,0.000001,,,,,,,,
320200,1033.0,0.000001,,,,,,,,
320300,1033.3,0.000001,,,,,,,,
320400,1033.6,0.000001,,,,,,,,
320500,1033.9,0.000001,,,,,,,,
320600,1034.2,0.000001,,,,,,,,
320700,1034.5,0.000001,,,,,,,,
320800,1034.8,0.000001,,,,,,,,
320900,1035.1,0.000002,,,,,,,,
321000,1035.4,0.000001,,,,,,,,
321100,1035.7,0.000001,,,,,,,,
321200,1036.0,0.000001,,,,,,,,
321300,1036.3,0.000001,,,,,,,,
321400,1036.6,0.000001,,,,,,,,
321500,1036.9,0.000005,,,,,,,,
321600,1037.2,0.000001,,,,,,,,
321700,1037.5,0.000001,,,,,,,,
321800,1037.8,0.000003,,,,,,,,
321900,1038.1,0.000001,,,,,,,,
322000,1038.5,0.000001,,,,,,,,
322100,1038.8,0.000003,,,,,,,,
322200,1039.1,0.000001,,,,,,,,
322300,1039.4,0.000001,,,,,,,,
322400,1039.7,0.000001,,,,,,,,
322500,1040.0,0.000002,,,,,,,,
322600,1040.3,0.000001,,,,,,,,
322700,1040.6,0.000001,,,,,,,,
322800,1040.9,0.000001,,,,,,,,
322900,1041.2,0.000002,,,,,,,,
323000,1041.5,0.000001,,,,,,,,
323100,1041.8,0.000001,,,,,,,,
323200,1042.1,0.000001,,,,,,,,
323300,1042.4,0.000001,,,,,,,,
323400,1042.7,0.000001,,,,,,,,
323500,1043.0,0.000002,,,,,,,,
323600,1043.3,0.000001,,,,,,,,
323700,1043.6,0.000001,,,,,,,,
323800,1043.9,0.000001,,,,,,,,
323900,1044.2,0.000001,,,,,,,,
324000,1044.5,0.000001,,,,,,,,
324100,1044.8,0.000001,,,,,,,,
324200,1045.1,0.000001,,,,,,,,
324300,1045.4,0.000002,,,,,,,,
324400,1045.7,0.000001,,,,,,,,
324500,1046.1,0.000001,,,,,,,,
324600,1046.4,0.000001,,,,,,,,
324700,1046.7,0.000001,,,,,,,,
324800,1047.0,0.000001,,,,,,,,
324900,1047.3,0.000001,,,,,,,,
325000,1048.7,0.000001,0.000001,5.771367e-01,4.507202e-02,3.709724e-02,0.000000,5.041478e-01,4.330059e-02,3.597401e-02
325100,1048.9,0.000001,,,,,,,,
325200,1049.2,0.000002,,,,,,,,
325300,1049.5,0.000001,,,,,,,,
325400,1049.8,0.000001,,,,,,,,
325500,1050.1,0.000001,,,,,,,,
325600,1050.4,0.000002,,,,,,,,
325700,1050.7,0.000003,,,,,,,,
325800,1051.0,0.000002,,,,,,,,
325900,1051.3,0.000001,,,,,,,,
326000,1051.6,0.000001,,,,,,,,
326100,1051.9,0.000002,,,,,,,,
326200,1052.2,0.000001,,,,,,,,
326300,1052.5,0.000002,,,,,,,,
326400,1052.8,0.000001,,,,,,,,
326500,1053.1,0.000001,,,,,,,,
326600,1053.4,0.000001,,,,,,,,
326700,1053.7,0.000001,,,,,,,,
326800,1054.0,0.000001,,,,,,,,
326900,1054.3,0.000001,,,,,,,,
327000,1054.6,0.000001,,,,,,,,
327100,1055.0,0.000001,,,,,,,,
327200,1055.2,0.000001,,,,,,,,
327300,1055.6,0.000002,,,,,,,,
327400,1055.9,0.000001,,,,,,,,
327500,1056.2,0.000001,,,,,,,,
327600,1056.5,0.000001,,,,,,,,
327700,1056.8,0.000001,,,,,,,,
327800,1057.1,0.000001,,,,,,,,
327900,1057.4,0.000001,,,,,,,,
328000,1057.7,0.000003,,,,,,,,
328100,1058.0,0.000002,,,,,,,,
328200,1058.3,0.000001,,,,,,,,
328300,1058.6,0.000001,,,,,,,,
328400,1058.9,0.000001,,,,,,,,
328500,1059.2,0.000001,,,,,,,,
328600,1059.5,0.000001,,,,,,,,
328700,1059.8,0.000001,,,,,,,,
328800,1060.1,0.000001,,,,,,,,
328900,1060.4,0.000001,,,,,,,,
329000,1060.7,0.000002,,,,,,,,
329100,1061.0,0.000001,,,,,,,,
329200,1061.3,0.000001,,,,,,,,
329300,1061.6,0.000002,,,,,,,,
329400,1061.9,0.000001,,,,,,,,
329500,1062.2,0.000001,,,,,,,,
329600,1062.5,0.000001,,,,,,,,
329700,1062.8,0.000001,,,,,,,,
329800,1063.1,0.000001,,,,,,,,
329900,1063.4,0.000001,,,,,,,,
330000,1064.9,0.000001,0.000001,5.725763e-01,4.049110e-02,3.078185e-02,0.000000,4.828141e-01,3.833124e-02,2.938517e-02
330100,1065.1,0.000001,,,,,,,,
330200,1065.4,0.000001,,,,,,,,
330300,1065.7,0.000001,,,,,,,,
330400,1066.0,0.000001,,,,,,,,
330500,1066.3,0.000001,,,,,,,,
330600,1066.6,0.000001,,,,,,,,
330700,1066.9,0.000001,,,,,,,,
330800,1067.2,0.000001,,,,,,,,
330900,1067.5,0.000001,,,,,,,,
331000,1067.8,0.000001,,,,,,,,
331100,1068.1,0.000001,,,,,,,,
331200,1068.4,0.000001,,,,,,,,
331300,1068.7,0.000001,,,,,,,,
331400,1069.0,0.000001,,,,,,,,
331500,1069.3,0.000001,,,,,,,,
331600,1069.6,0.000003,,,,,,,,
331700,1070.0,0.000001,,,,,,,,
331800,1070.3,0.000001,,,,,,,,
331900,1070.6,0.000001,,,,,,,,
332000,1070.9,0.000001,,,,,,,,
332100,1071.2,0.000002,,,,,,,,
332200,1071.5,0.000001,,,,,,,,
332300,1071.8,0.000002,,,,,,,,
332400,1072.1,0.000001,,,,,,,,
332500,1072.4,0.000001,,,,,,,,
332600,1072.6,0.000001,,,,,,,,
332700,1072.9,0.000001,,,,,,,,
332800,1073.2,0.000001,,,,,,,,
332900,1073.5,0.000001,,,,,,,,
333000,1073.8,0.000001,,,,,,,,
333100,1074.1,0.000002,,,,,,,,
333200,1074.4,0.000001,,,,,,,,
333300,1074.7,0.000001,,,,,,,,
333400,1075.1,0.000001,,,,,,,,
333500,1075.3,0.000001,,,,,,,,
333600,1075.6,0.000001,,,,,,,,
333700,1075.9,0.000001,,,,,,,,
333800,1076.3,0.000001,,,,,,,,
333900,1076.6,0.000001,,,,,,,,
334000,1076.9,0.000001,,,,,,,,
334100,1077.1,0.000001,,,,,,,,
334200,1077.4,0.000002,,,,,,,,
334300,1077.7,0.000001,,,,,,,,
334400,1078.0,0.000001,,,,,,,,
334500,1078.3,0.000001,,,,,,,,
334600,1078.6,0.000001,,,,,,,,
334700,1078.9,0.000001,,,,,,,,
334800,1079.2,0.000001,,,,,,,,
334900,1079.5,0.000001,,,,,,,,
335000,1081.0,0.000001,0.000001,5.191018e-01,4.086936e-02,3.134392e-02,0.000000,4.289468e-01,3.816519e-02,2.970872e-02
335100,1081.2,0.000001,,,,,,,,
335200,1081.5,0.000001,,,,,,,,
335300,1081.8,0.000001,,,,,,,,
335400,1082.1,0.000002,,,,,,,,
335500,1082.4,0.000001,,,,,,,,
335600,1082.7,0.000001,,,,,,,,
335700,1083.0,0.000001,,,,,,,,
335800,1083.3,0.000002,,,,,,,,
335900,1083.6,0.000001,,,,,,,,
336000,1083.9,0.000001,,,,,,,,
336100,1084.2,0.000001,,,,,,,,
336200,1084.5,0.000002,,,,,,,,
336300,1084.8,0.000002,,,,,,,,
336400,1085.1,0.000001,,,,,,,,
336500,1085.4,0.000002,,,,,,,,
336600,1085.7,0.000001,,,,,,,,
336700,1086.0,0.000001,,,,,,,,
336800,1086.3,0.000002,,,,,,,,
336900,1086.6,0.000003,,,,,,,,
337000,1086.9,0.000002,,,,,,,,
337100,1087.3,0.000001,,,,,,,,
337200,1087.5,0.000002,,,,,,,,
337300,1087.8,0.000001,,,,,,,,
337400,1088.1,0.000001,,,,,,,,
337500,1088.4,0.000003,,,,,,,,
337600,1088.7,0.000001,,,,,,,,
337700,1089.0,0.000002,,,,,,,,
337800,1089.4,0.000002,,,,,,,,
337900,1089.7,0.000002,,,,,,,,
338000,1090.0,0.000001,,,,,,,,
338100,1090.3,0.000001,,,,,,,,
338200,1090.6,0.000002,,,,,,,,
338300,1090.9,0.000001,,,,,,,,
338400,1091.2,0.000001,,,,,,,,
338500,1091.5,0.000001,,,,,,,,
338600,1091.8,0.000001,,,,,,,,
338700,1092.1,0.000001,,,,,,,,
338800,1092.4,0.000001,,,,,,,,
338900,1092.7,0.000002,,,,,,,,
339000,1093.0,0.000001,,,,,,,,
339100,1093.3,0.000002,,,,,,,,
339200,1093.6,0.000002,,,,,,,,
339300,1093.9,0.000001,,,,,,,,
339400,1094.2,0.000001,,,,,,,,
339500,1094.5,0.000001,,,,,,,,
339600,1094.8,0.000002,,,,,,,,
339700,1095.1,0.000001,,,,,,,,
339800,1095.4,0.000001,,,,,,,,
339900,1095.7,0.000001,,,,,,,,
340000,1097.1,0.000002,0.000002,5.938775e-01,6.396520e-02,6.035653e-02,0.000000,5.018857e-01,6.222764e-02,5.900188e-02
340100,1097.3,0.000002,,,,,,,,
340200,1097.6,0.000001,,,,,,,,
340300,1097.9,0.000002,,,,,,,,
340400,1098.2,0.000003,,,,,,,,
340500,1098.6,0.000001,,,,,,,,
340600,1098.8,0.000001,,,,,,,,
340700,1099.2,0.000001,,,,,,,,
340800,1099.5,0.000001,,,,,,,,
340900,1099.8,0.000001,,,,,,,,
341000,1100.1,0.000001,,,,,,,,
341100,1100.4,0.000001,,,,,,,,
341200,1100.7,0.000001,,,,,,,,
341300,1101.0,0.000001,,,,,,,,
341400,1101.3,0.000001,,,,,,,,
341500,1101.6,0.000001,,,,,,,,
341600,1101.9,0.000001,,,,,,,,
341700,1102.2,0.000001,,,,,,,,
341800,1102.5,0.000002,,,,,,,,
341900,1102.8,0.000001,,,,,,,,
342000,1103.1,0.000001,,,,,,,,
342100,1103.4,0.000001,,,,,,,,
342200,1103.7,0.000000,,,,,,,,
342300,1104.0,0.000001,,,,,,,,
342400,1104.3,0.000001,,,,,,,,
342500,1104.6,0.000001,,,,,,,,
342600,1104.9,0.000001,,,,,,,,
342700,1105.2,0.000003,,,,,,,,
342800,1105.5,0.000001,,,,,,,,
342900,1105.8,0.000001,,,,,,,,
343000,1106.1,0.000001,,,,,,,,
343100,1106.4,0.000001,,,,,,,,
343200,1106.7,0.000001,,,,,,,,
343300,1107.0,0.000001,,,,,,,,
343400,1107.3,0.000001,,,,,,,,
343500,1107.6,0.000003,,,,,,,,
343600,1107.9,0.000002,,,,,,,,
343700,1108.2,0.000001,,,,,,,,
343800,1108.5,0.000002,,,,,,,,
343900,1108.8,0.000001,,,,,,,,
344000,1109.1,0.000002,,,,,,,,
344100,1109.4,0.000001,,,,,,,,
344200,1109.7,0.000003,,,,,,,,
344300,1110.0,0.000001,,,,,,,,
344400,1110.3,0.000001,,,,,,,,
344500,1110.6,0.000002,,,,,,,,
344600,1111.0,0.000001,,,,,,,,
344700,1111.3,0.000001,,,,,,,,
344800,1111.6,0.000001,,,,,,,,
344900,1111.9,0.000001,,,,,,,,
345000,1113.3,0.000001,0.000001,6.318777e-01,5.033566e-02,4.199665e-02,0.000000,5.254185e-01,4.840593e-02,4.064667e-02
345100,1113.5,0.000001,,,,,,,,
345200,1113.8,0.000001,,,,,,,,
345300,1114.1,0.000001,,,,,,,,
345400,1114.4,0.000001,,,,,,,,
345500,1114.7,0.000001,,,,,,,,
345600,1115.0,0.000002,,,,,,,,
345700,1115.3,0.000002,,,,,,,,
345800,1115.6,0.000002,,,,,,,,
345900,1115.9,0.000003,,,,,,,,
346000,1116.2,0.000001,,,,,,,,
346100,1116.5,0.000001,,,,,,,,
346200,1116.8,0.000001,,,,,,,,
346300,1117.1,0.000001,,,,,,,,
346400,1117.4,0.000001,,,,,,,,
346500,1117.7,0.000002,,,,,,,,
346600,1118.0,0.000001,,,,,,,,
346700,1118.3,0.000001,,,,,,,,
346800,1118.6,0.000001,,,,,,,,
346900,1118.9,0.000001,,,,,,,,
347000,1119.2,0.000002,,,,,,,,
347100,1119.5,0.000001,,,,,,,,
347200,1119.8,0.000002,,,,,,,,
347300,1120.1,0.000001,,,,,,,,
347400,1120.4,0.000001,,,,,,,,
347500,1120.7,0.000001,,,,,,,,
347600,1121.0,0.000001,,,,,,,,
347700,1121.3,0.000002,,,,,,,,
347800,1121.6,0.000001,,,,,,,,
347900,1122.0,0.000001,,,,,,,,
348000,1122.3,0.000001,,,,,,,,
348100,1122.6,0.000001,,,,,,,,
348200,1122.9,0.000002,,,,,,,,
348300,1123.1,0.000001,,,,,,,,
348400,1123.4,0.000001,,,,,,,,
348500,1123.7,0.000001,,,,,,,,
348600,1124.0,0.000002,,,,,,,,
348700,1124.3,0.000002,,,,,,,,
348800,1124.6,0.000001,,,,,,,,
348900,1124.9,0.000001,,,,,,,,
349000,1125.2,0.000001,,,,,,,,
349100,1125.5,0.000001,,,,,,,,
349200,1125.8,0.000001,,,,,,,,
349300,1126.1,0.000001,,,,,,,,
349400,1126.4,0.000001,,,,,,,,
349500,1126.7,0.000001,,,,,,,,
349600,1127.0,0.000001,,,,,,,,
349700,1127.4,0.000002,,,,,,,,
349800,1127.7,0.000001,,,,,,,,
349900,1128.0,0.000002,,,,,,,,
350000,1129.4,0.000001,0.000001,5.620420e-01,5.981791e-02,5.373191e-02,0.000000,4.778111e-01,6.026343e-02,5.437824e-02
350100,1129.6,0.000001,,,,,,,,
350200,1129.9,0.000002,,,,,,,,
350300,1130.2,0.000001,,,,,,,,
350400,1130.5,0.000001,,,,,,,,
350500,1130.8,0.000001,,,,,,,,
350600,1131.1,0.000002,,,,,,,,
350700,1131.4,0.000001,,,,,,,,
350800,1131.7,0.000001,,,,,,,,
350900,1132.0,0.000001,,,,,,,,
351000,1132.3,0.000001,,,,,,,,
351100,1132.6,0.000002,,,,,,,,
351200,1132.9,0.000001,,,,,,,,
351300,1133.3,0.000001,,,,,,,,
351400,1133.5,0.000001,,,,,,,,
351500,1133.8,0.000001,,,,,,,,
351600,1134.1,0.000001,,,,,,,,
351700,1134.4,0.000001,,,,,,,,
351800,1134.7,0.000003,,,,,,,,
351900,1135.0,0.000001,,,,,,,,
352000,1135.3,0.000002,,,,,,,,
352100,1135.6,0.000002,,,,,,,,
352200,1135.9,0.000001,,,,,,,,
352300,1136.2,0.000001,,,,,,,,
352400,1136.5,0.000001,,,,,,,,
352500,1136.8,0.000001,,,,,,,,
352600,1137.1,0.000001,,,,,,,,
352700,1137.4,0.000001,,,,,,,,
352800,1137.7,0.000001,,,,,,,,
352900,1138.0,0.000001,,,,,,,,
353000,1138.3,0.000001,,,,,,,,
353100,1138.6,0.000001,,,,,,,,
353200,1138.9,0.000001,,,,,,,,
353300,1139.2,0.000002,,,,,,,,
353400,1139.5,0.000001,,,,,,,,
353500,1139.8,0.000001,,,,,,,,
353600,1140.1,0.000001,,,,,,,,
353700,1140.4,0.000002,,,,,,,,
353800,1140.7,0.000001,,,,,,,,
353900,1141.0,0.000002,,,,,,,,
354000,1141.3,0.000001,,,,,,,,
354100,1141.6,0.000001,,,,,,,,
354200,1141.9,0.000001,,,,,,,,
354300,1142.3,0.000001,,,,,,,,
354400,1142.6,0.000001,,,,,,,,
354500,1142.9,0.000001,,,,,,,,
354600,1143.2,0.000002,,,,,,,,
354700,1143.5,0.000001,,,,,,,,
354800,1143.7,0.000001,,,,,,,,
354900,1144.0,0.000002,,,,,,,,
355000,1145.5,0.000001,0.000001,4.843461e-01,5.502730e-02,4.844889e-02,0.000000,3.900540e-01,5.421591e-02,4.839900e-02
355100,1145.7,0.000001,,,,,,,,
355200,1146.0,0.000001,,,,,,,,
355300,1146.3,0.000002,,,,,,,,
355400,1146.6,0.000001,,,,,,,,
355500,1146.9,0.000001,,,,,,,,
355600,1147.2,0.000001,,,,,,,,
355700,1147.5,0.000001,,,,,,,,
355800,1147.8,0.000001,,,,,,,,
355900,1148.1,0.000001,,,,,,,,
356000,1148.4,0.000001,,,,,,,,
356100,1148.7,0.000001,,,,,,,,
356200,1149.0,0.000001,,,,,,,,
356300,1149.3,0.000001,,,,,,,,
356400,1149.6,0.000001,,,,,,,,
356500,1149.9,0.000001,,,,,,,,
356600,1150.2,0.000001,,,,,,,,
356700,1150.5,0.000001,,,,,,,,
356800,1150.8,0.000001,,,,,,,,
356900,1151.1,0.000001,,,,,,,,
357000,1151.5,0.000001,,,,,,,,
357100,1151.8,0.000001,,,,,,,,
357200,1152.1,0.000001,,,,,,,,
357300,1152.4,0.000003,,,,,,,,
357400,1152.7,0.000001,,,,,,,,
357500,1153.0,0.000001,,,,,,,,
357600,1153.3,0.000001,,,,,,,,
357700,1153.6,0.000001,,,,,,,,
357800,1153.9,0.000001,,,,,,,,
357900,1154.2,0.000002,,,,,,,,
358000,1154.5,0.000001,,,,,,,,
358100,1154.8,0.000001,,,,,,,,
358200,1155.1,0.000001,,,,,,,,
358300,1155.4,0.000001,,,,,,,,
358400,1155.7,0.000001,,,,,,,,
358500,1156.0,0.000001,,,,,,,,
358600,1156.3,0.000001,,,,,,,,
358700,1156.6,0.000001,,,,,,,,
358800,1156.9,0.000003,,,,,,,,
358900,1157.2,0.000002,,,,,,,,
359000,1157.5,0.000001,,,,,,,,
359100,1157.8,0.000001,,,,,,,,
359200,1158.1,0.000001,,,,,,,,
359300,1158.4,0.000002,,,,,,,,
359400,1158.7,0.000001,,,,,,,,
359500,1159.0,0.000001,,,,,,,,
359600,1159.3,0.000001,,,,,,,,
359700,1159.6,0.000001,,,,,,,,
359800,1159.9,0.000002,,,,,,,,
359900,1160.2,0.000001,,,,,,,,
360000,1161.6,0.000001,0.000001,5.561578e-01,4.017743e-02,3.225462e-02,0.000000,4.604237e-01,3.832329e-02,3.098186e-02
360100,1161.9,0.000001,,,,,,,,
360200,1162.2,0.000001,,,,,,,,
360300,1162.5,0.000001,,,,,,,,
360400,1162.8,0.000001,,,,,,,,
360500,1163.1,0.000002,,,,,,,,
360600,1163.4,0.000001,,,,,,,,
360700,1163.7,0.000001,,,,,,,,
360800,1164.0,0.000001,,,,,,,,
360900,1164.3,0.000001,,,,,,,,
361000,1164.6,0.000001,,,,,,,,
361100,1164.9,0.000001,,,,,,,,
361200,1165.2,0.000001,,,,,,,,
361300,1165.5,0.000001,,,,,,,,
361400,1165.8,0.000001,,,,,,,,
361500,1166.1,0.000003,,,,,,,,
361600,1166.4,0.000001,,,,,,,,
361700,1166.7,0.000001,,,,,,,,
361800,1167.0,0.000001,,,,,,,,
361900,1167.3,0.000001,,,,,,,,
362000,1167.6,0.000001,,,,,,,,
362100,1167.9,0.000001,,,,,,,,
362200,1168.2,0.000001,,,,,,,,
362300,1168.5,0.000001,,,,,,,,
362400,1168.8,0.000001,,,,,,,,
362500,1169.1,0.000001,,,,,,,,
362600,1169.4,0.000001,,,,,,,,
362700,1169.7,0.000001,,,,,,,,
362800,1170.1,0.000001,,,,,,,,
362900,1170.4,0.000001,,,,,,,,
363000,1170.7,0.000001,,,,,,,,
363100,1171.0,0.000001,,,,,,,,
363200,1171.3,0.000001,,,,,,,,
363300,1171.6,0.000001,,,,,,,,
363400,1171.9,0.000001,,,,,,,,
363500,1172.2,0.000001,,,,,,,,
363600,1172.5,0.000001,,,,,,,,
363700,1172.8,0.000002,,,,,,,,
363800,1173.1,0.000001,,,,,,,,
363900,1173.4,0.000001,,,,,,,,
364000,1173.7,0.000001,,,,,,,,
364100,1174.0,0.000001,,,,,,,,
364200,1174.3,0.000001,,,,,,,,
364300,1174.6,0.000001,,,,,,,,
364400,1174.9,0.000001,,,,,,,,
364500,1175.2,0.000001,,,,,,,,
364600,1175.5,0.000001,,,,,,,,
364700,1175.8,0.000002,,,,,,,,
364800,1176.1,0.000001,,,,,,,,
364900,1176.4,0.000001,,,,,,,,
365000,1177.8,0.000001,0.000001,6.060274e-01,4.044194e-02,3.087491e-02,0.000000,4.886487e-01,3.839098e-02,2.983064e-02
365100,1178.1,0.000001,,,,,,,,
365200,1178.3,0.000001,,,,,,,,
365300,1178.7,0.000001,,,,,,,,
365400,1179.0,0.000001,,,,,,,,
365500,1179.3,0.000001,,,,,,,,
365600,1179.6,0.000001,,,,,,,,
365700,1179.9,0.000002,,,,,,,,
365800,1180.2,0.000002,,,,,,,,
365900,1180.5,0.000001,,,,,,,,
366000,1180.8,0.000002,,,,,,,,
366100,1181.1,0.000001,,,,,,,,
366200,1181.4,0.000001,,,,,,,,
366300,1181.7,0.000001,,,,,,,,
366400,1182.0,0.000001,,,,,,,,
366500,1182.3,0.000000,,,,,,,,
366600,1182.6,0.000001,,,,,,,,
366700,1182.9,0.000001,,,,,,,,
366800,1183.2,0.000002,,,,,,,,
366900,1183.5,0.000002,,,,,,,,
367000,1183.8,0.000002,,,,,,,,
367100,1184.1,0.000002,,,,,,,,
367200,1184.4,0.000001,,,,,,,,
367300,1184.7,0.000001,,,,,,,,
367400,1185.0,0.000001,,,,,,,,
367500,1185.3,0.000001,,,,,,,,
367600,1185.6,0.000001,,,,,,,,
367700,1185.9,0.000001,,,,,,,,
367800,1186.2,0.000001,,,,,,,,
367900,1186.5,0.000001,,,,,,,,
368000,1186.8,0.000001,,,,,,,,
368100,1187.1,0.000001,,,,,,,,
368200,1187.4,0.000001,,,,,,,,
368300,1187.7,0.000002,,,,,,,,
368400,1188.0,0.000001,,,,,,,,
368500,1188.3,0.000002,,,,,,,,
368600,1188.6,0.000001,,,,,,,,
368700,1188.9,0.000001,,,,,,,,
368800,1189.2,0.000002,,,,,,,,
368900,1189.5,0.000001,,,,,,,,
369000,1189.8,0.000001,,,,,,,,
369100,1190.2,0.000001,,,,,,,,
369200,1190.5,0.000002,,,,,,,,
369300,1190.8,0.000004,,,,,,,,
369400,1191.1,0.000001,,,,,,,,
369500,1191.4,0.000001,,,,,,,,
369600,1191.7,0.000001,,,,,,,,
369700,1192.0,0.000001,,,,,,,,
369800,1192.3,0.000001,,,,,,,,
369900,1192.6,0.000001,,,,,,,,
370000,1194.0,0.000001,0.000001,5.248563e-01,3.540887e-02,2.583851e-02,0.000000,4.197629e-01,3.354173e-02,2.467976e-02
370100,1194.2,0.000002,,,,,,,,
370200,1194.5,0.000001,,,,,,,,
370300,1194.8,0.000001,,,,,,,,
370400,1195.1,0.000001,,,,,,,,
370500,1195.4,0.000001,,,,,,,,
370600,1195.7,0.000001,,,,,,,,
370700,1196.0,0.000001,,,,,,,,
370800,1196.3,0.000001,,,,,,,,
370900,1196.6,0.000002,,,,,,,,
371000,1196.9,0.000001,,,,,,,,
371100,1197.2,0.000003,,,,,,,,
371200,1197.5,0.000001,,,,,,,,
371300,1197.8,0.000001,,,,,,,,
371400,1198.1,0.000001,,,,,,,,
371500,1198.4,0.000001,,,,,,,,
371600,1198.7,0.000001,,,,,,,,
371700,1199.0,0.000001,,,,,,,,
371800,1199.3,0.000001,,,,,,,,
371900,1199.6,0.000001,,,,,,,,
372000,1199.9,0.000001,,,,,,,,
372100,1200.2,0.000001,,,,,,,,
372200,1200.5,0.000002,,,,,,,,
372300,1200.8,0.000002,,,,,,,,
372400,1201.1,0.000001,,,,,,,,
372500,1201.4,0.000002,,,,,,,,
372600,1201.7,0.000001,,,,,,,,
372700,1202.0,0.000001,,,,,,,,
372800,1202.3,0.000002,,,,,,,,
372900,1202.7,0.000001,,,,,,,,
373000,1203.0,0.000001,,,,,,,,
373100,1203.3,0.000001,,,,,,,,
373200,1203.6,0.000001,,,,,,,,
373300,1203.9,0.000001,,,,,,,,
373400,1204.2,0.000001,,,,,,,,
373500,1204.5,0.000001,,,,,,,,
373600,1204.8,0.000001,,,,,,,,
373700,1205.1,0.000001,,,,,,,,
373800,1205.4,0.000001,,,,,,,,
373900,1205.7,0.000001,,,,,,,,
374000,1206.0,0.000001,,,,,,,,
374100,1206.3,0.000001,,,,,,,,
374200,1206.6,0.000001,,,,,,,,
374300,1206.9,0.000001,,,,,,,,
374400,1207.2,0.000001,,,,,,,,
374500,1207.5,0.000001,,,,,,,,
374600,1207.8,0.000001,,,,,,,,
374700,1208.1,0.000002,,,,,,,,
374800,1208.4,0.000001,,,,,,,,
374900,1208.7,0.000001,,,,,,,,
375000,1210.1,0.000001,0.000001,6.254537e-01,4.594823e-02,3.826042e-02,0.000000,5.105183e-01,4.375776e-02,3.670404e-02
375100,1210.4,0.000002,,,,,,,,
375200,1210.7,0.000001,,,,,,,,
375300,1211.0,0.000001,,,,,,,,
375400,1211.3,0.000001,,,,,,,,
375500,1211.6,0.000001,,,,,,,,
375600,1211.9,0.000001,,,,,,,,
375700,1212.2,0.000001,,,,,,,,
375800,1212.5,0.000001,,,,,,,,
375900,1212.8,0.000001,,,,,,,,
376000,1213.1,0.000001,,,,,,,,
376100,1213.4,0.000001,,,,,,,,
376200,1213.7,0.000001,,,,,,,,
376300,1214.0,0.000001,,,,,,,,
376400,1214.3,0.000001,,,,,,,,
376500,1214.6,0.000001,,,,,,,,
376600,1214.9,0.000001,,,,,,,,
376700,1215.2,0.000001,,,,,,,,
376800,1215.5,0.000002,,,,,,,,
376900,1215.8,0.000001,,,,,,,,
377000,1216.1,0.000001,,,,,,,,
377100,1216.4,0.000001,,,,,,,,
377200,1216.7,0.000001,,,,,,,,
377300,1217.0,0.000001,,,,,,,,
377400,1217.3,0.000001,,,,,,,,
377500,1217.6,0.000001,,,,,,,,
377600,1217.9,0.000001,,,,,,,,
377700,1218.2,0.000001,,,,,,,,
377800,1218.5,0.000001,,,,,,,,
377900,1218.8,0.000001,,,,,,,,
378000,1219.1,0.000001,,,,,,,,
378100,1219.4,0.000001,,,,,,,,
378200,1219.7,0.000001,,,,,,,,
378300,1220.0,0.000001,,,,,,,,
378400,1220.3,0.000001,,,,,,,,
378500,1220.6,0.000002,,,,,,,,
378600,1220.9,0.000001,,,,,,,,
378700,1221.2,0.000001,,,,,,,,
378800,1221.6,0.000001,,,,,,,,
378900,1221.9,0.000002,,,,,,,,
379000,1222.2,0.000001,,,,,,,,
379100,1222.5,0.000001,,,,,,,,
379200,1222.8,0.000001,,,,,,,,
379300,1223.1,0.000002,,,,,,,,
379400,1223.3,0.000001,,,,,,,,
379500,1223.6,0.000001,,,,,,,,
379600,1223.9,0.000001,,,,,,,,
379700,1224.2,0.000001,,,,,,,,
379800,1224.5,0.000001,,,,,,,,
379900,1224.8,0.000001,,,,,,,,
380000,1226.2,0.000001,0.000001,5.428026e-01,5.635410e-02,4.734553e-02,0.000000,4.277470e-01,5.524406e-02,4.652736e-02
380100,1226.5,0.000002,,,,,,,,
380200,1226.8,0.000001,,,,,,,,
380300,1227.1,0.000001,,,,,,,,
380400,1227.4,0.000001,,,,,,,,
380500,1227.7,0.000001,,,,,,,,
380600,1228.0,0.000001,,,,,,,,
380700,1228.3,0.000002,,,,,,,,
380800,1228.6,0.000001,,,,,,,,
380900,1228.9,0.000001,,,,,,,,
381000,1229.2,0.000001,,,,,,,,
381100,1229.5,0.000001,,,,,,,,
381200,1229.8,0.000002,,,,,,,,
381300,1230.1,0.000001,,,,,,,,
381400,1230.4,0.000001,,,,,,,,
381500,1230.7,0.000001,,,,,,,,
381600,1231.0,0.000001,,,,,,,,
381700,1231.3,0.000002,,,,,,,,
381800,1231.6,0.000001,,,,,,,,
381900,1231.9,0.000001,,,,,,,,
382000,1232.2,0.000001,,,,,,,,
382100,1232.5,0.000001,,,,,,,,
382200,1232.8,0.000001,,,,,,,,
382300,1233.1,0.000001,,,,,,,,
382400,1233.4,0.000001,,,,,,,,
382500,1233.6,0.000001,,,,,,,,
382600,1234.0,0.000001,,,,,,,,
382700,1234.3,0.000001,,,,,,,,
382800,1234.5,0.000001,,,,,,,,
382900,1234.8,0.000001,,,,,,,,
383000,1235.1,0.000001,,,,,,,,
383100,1235.4,0.000001,,,,,,,,
383200,1235.7,0.000001,,,,,,,,
383300,1236.0,0.000002,,,,,,,,
383400,1236.3,0.000001,,,,,,,,
383500,1236.6,0.000001,,,,,,,,
383600,1236.9,0.000001,,,,,,,,
383700,1237.2,0.000001,,,,,,,,
383800,1237.5,0.000001,,,,,,,,
383900,1237.8,0.000001,,,,,,,,
384000,1238.1,0.000001,,,,,,,,
384100,1238.4,0.000001,,,,,,,,
384200,1238.7,0.000001,,,,,,,,
384300,1239.0,0.000002,,,,,,,,
384400,1239.3,0.000001,,,,,,,,
384500,1239.6,0.000001,,,,,,,,
384600,1239.9,0.000001,,,,,,,,
384700,1240.2,0.000001,,,,,,,,
384800,1240.5,0.000001,,,,,,,,
384900,1240.9,0.000001,,,,,,,,
385000,1242.3,0.000001,0.000001,5.857732e-01,3.682458e-02,2.768062e-02,0.000000,4.766076e-01,3.554623e-02,2.687097e-02
385100,1242.5,0.000001,,,,,,,,
385200,1242.8,0.000001,,,,,,,,
385300,1243.1,0.000001,,,,,,,,
385400,1243.4,0.000001,,,,,,,,
385500,1243.7,0.000001,,,,,,,,
385600,1244.0,0.000002,,,,,,,,
385700,1244.3,0.000001,,,,,,,,
385800,1244.6,0.000001,,,,,,,,
385900,1244.9,0.000001,,,,,,,,
386000,1245.2,0.000001,,,,,,,,
386100,1245.5,0.000001,,,,,,,,
386200,1245.8,0.000001,,,,,,,,
386300,1246.1,0.000001,,,,,,,,
386400,1246.4,0.000001,,,,,,,,
386500,1246.7,0.000001,,,,,,,,
386600,1247.0,0.000001,,,,,,,,
386700,1247.3,0.000002,,,,,,,,
386800,1247.6,0.000001,,,,,,,,
386900,1247.9,0.000001,,,,,,,,
387000,1248.2,0.000001,,,,,,,,
387100,1248.6,0.000001,,,,,,,,
387200,1248.9,0.000001,,,,,,,,
387300,1249.2,0.000001,,,,,,,,
387400,1249.4,0.000001,,,,,,,,
387500,1249.7,0.000001,,,,,,,,
387600,1250.0,0.000001,,,,,,,,
387700,1250.3,0.000001,,,,,,,,
387800,1250.7,0.000001,,,,,,,,
387900,1251.0,0.000001,,,,,,,,
388000,1251.3,0.000001,,,,,,,,
388100,1251.6,0.000001,,,,,,,,
388200,1251.9,0.000001,,,,,,,,
388300,1252.2,0.000001,,,,,,,,
388400,1252.5,0.000001,,,,,,,,
388500,1252.8,0.000001,,,,,,,,
388600,1253.1,0.000001,,,,,,,,
388700,1253.4,0.000001,,,,,,,,
388800,1253.7,0.000002,,,,,,,,
388900,1254.0,0.000001,,,,,,,,
389000,1254.3,0.000001,,,,,,,,
389100,1254.6,0.000001,,,,,,,,
389200,1254.9,0.000002,,,,,,,,
389300,1255.2,0.000001,,,,,,,,
389400,1255.5,0.000001,,,,,,,,
389500,1255.8,0.000001,,,,,,,,
389600,1256.1,0.000002,,,,,,,,
389700,1256.4,0.000001,,,,,,,,
389800,1256.7,0.000001,,,,,,,,
389900,1257.0,0.000001,,,,,,,,
390000,1258.5,0.000002,0.000001,5.790098e-01,4.257754e-02,3.444686e-02,0.000000,4.632313e-01,4.088166e-02,3.352204e-02
390100,1258.7,0.000001,,,,,,,,
390200,1259.0,0.000001,,,,,,,,
390300,1259.3,0.000001,,,,,,,,
390400,1259.6,0.000001,,,,,,,,
390500,1259.9,0.000002,,,,,,,,
390600,1260.2,0.000001,,,,,,,,
390700,1260.5,0.000001,,,,,,,,
390800,1260.8,0.000001,,,,,,,,
390900,1261.1,0.000001,,,,,,,,
391000,1261.4,0.000001,,,,,,,,
391100,1261.7,0.000001,,,,,,,,
391200,1262.0,0.000001,,,,,,,,
391300,1262.3,0.000001,,,,,,,,
391400,1262.6,0.000001,,,,,,,,
391500,1262.9,0.000001,,,,,,,,
391600,1263.2,0.000001,,,,,,,,
391700,1263.5,0.000002,,,,,,,,
391800,1263.8,0.000001,,,,,,,,
391900,1264.1,0.000001,,,,,,,,
392000,1264.4,0.000002,,,,,,,,
392100,1264.7,0.000001,,,,,,,,
392200,1265.0,0.000002,,,,,,,,
392300,1265.3,0.000001,,,,,,,,
392400,1265.6,0.000001,,,,,,,,
392500,1265.9,0.000001,,,,,,,,
392600,1266.2,0.000001,,,,,,,,
392700,1266.5,0.000001,,,,,,,,
392800,1266.8,0.000001,,,,,,,,
392900,1267.1,0.000001,,,,,,,,
393000,1267.4,0.000001,,,,,,,,
393100,1267.7,0.000001,,,,,,,,
393200,1268.0,0.000001,,,,,,,,
393300,1268.3,0.000001,,,,,,,,
393400,1268.6,0.000001,,,,,,,,
393500,1269.0,0.000001,,,,,,,,
393600,1269.3,0.000001,,,,,,,,
393700,1269.5,0.000001,,,,,,,,
393800,1269.8,0.000001,,,,,,,,
393900,1270.2,0.000001,,,,,,,,
394000,1270.5,0.000001,,,,,,,,
394100,1270.7,0.000003,,,,,,,,
394200,1271.1,0.000001,,,,,,,,
394300,1271.4,0.000001,,,,,,,,
394400,1271.7,0.000001,,,,,,,,
394500,1272.0,0.000002,,,,,,,,
394600,1272.3,0.000001,,,,,,,,
394700,1272.6,0.000001,,,,,,,,
394800,1272.9,0.000001,,,,,,,,
394900,1273.2,0.000001,,,,,,,,
395000,1274.6,0.000001,0.000001,6.112859e-01,4.752772e-02,3.800611e-02,0.000000,4.994366e-01,4.633673e-02,3.736892e-02
395100,1274.8,0.000001,,,,,,,,
395200,1275.1,0.000001,,,,,,,,
395300,1275.4,0.000001,,,,,,,,
395400,1275.7,0.000001,,,,,,,,
395500,1276.0,0.000001,,,,,,,,
395600,1276.3,0.000001,,,,,,,,
395700,1276.6,0.000001,,,,,,,,
395800,1276.9,0.000001,,,,,,,,
395900,1277.2,0.000002,,,,,,,,
396000,1277.5,0.000001,,,,,,,,
396100,1277.8,0.000002,,,,,,,,
396200,1278.1,0.000001,,,,,,,,
396300,1278.5,0.000002,,,,,,,,
396400,1278.8,0.000001,,,,,,,,
396500,1279.1,0.000001,,,,,,,,
396600,1279.4,0.000001,,,,,,,,
396700,1279.7,0.000001,,,,,,,,
396800,1280.0,0.000001,,,,,,,,
396900,1280.3,0.000001,,,,,,,,
397000,1280.6,0.000002,,,,,,,,
397100,1280.9,0.000001,,,,,,,,
397200,1281.2,0.000001,,,,,,,,
397300,1281.5,0.000001,,,,,,,,
397400,1281.8,0.000001,,,,,,,,
397500,1282.1,0.000002,,,,,,,,
397600,1282.4,0.000001,,,,,,,,
397700,1282.7,0.000001,,,,,,,,
397800,1283.0,0.000001,,,,,,,,
397900,1283.3,0.000001,,,,,,,,
398000,1283.6,0.000001,,,,,,,,
398100,1283.9,0.000000,,,,,,,,
398200,1284.2,0.000001,,,,,,,,
398300,1284.5,0.000001,,,,,,,,
398400,1284.8,0.000001,,,,,,,,
398500,1285.1,0.000001,,,,,,,,
398600,1285.4,0.000001,,,,,,,,
398700,1285.7,0.000001,,,,,,,,
398800,1286.1,0.000001,,,,,,,,
398900,1286.4,0.000001,,,,,,,,
399000,1286.7,0.000001,,,,,,,,
399100,1287.0,0.000001,,,,,,,,
399200,1287.3,0.000001,,,,,,,,
399300,1287.6,0.000001,,,,,,,,
399400,1287.9,0.000003,,,,,,,,
399500,1288.2,0.000001,,,,,,,,
399600,1288.5,0.000002,,,,,,,,
399700,1288.8,0.000001,,,,,,,,
399800,1289.1,0.000001,,,,,,,,
399900,1289.4,0.000001,,,,,,,,
400000,1290.8,0.000001,0.000001,5.444753e-01,5.532730e-02,4.623672e-02,0.000000,4.262364e-01,5.434380e-02,4.568179e-02
400100,1291.0,0.000001,,,,,,,,
400200,1291.3,0.000001,,,,,,,,
400300,1291.6,0.000001,,,,,,,,
400400,1291.9,0.000001,,,,,,,,
400500,1292.2,0.000001,,,,,,,,
400600,1292.5,0.000001,,,,,,,,
400700,1292.8,0.000001,,,,,,,,
400800,1293.1,0.000001,,,,,,,,
400900,1293.4,0.000001,,,,,,,,
401000,1293.7,0.000001,,,,,,,,
401100,1294.0,0.000002,,,,,,,,
401200,1294.3,0.000001,,,,,,,,
401300,1294.6,0.000001,,,,,,,,
401400,1294.9,0.000001,,,,,,,,
401500,1295.2,0.000001,,,,,,,,
401600,1295.5,0.000002,,,,,,,,
401700,1295.8,0.000002,,,,,,,,
401800,1296.1,0.000001,,,,,,,,
401900,1296.4,0.000001,,,,,,,,
402000,1296.8,0.000001,,,,,,,,
402100,1297.0,0.000001,,,,,,,,
402200,1297.4,0.000001,,,,,,,,
402300,1297.7,0.000001,,,,,,,,
402400,1298.0,0.000002,,,,,,,,
402500,1298.3,0.000001,,,,,,,,
402600,1298.5,0.000002,,,,,,,,
402700,1298.8,0.000001,,,,,,,,
402800,1299.1,0.000001,,,,,,,,
402900,1299.4,0.000001,,,,,,,,
403000,1299.7,0.000002,,,,,,,,
403100,1300.0,0.000001,,,,,,,,
403200,1300.3,0.000001,,,,,,,,
403300,1300.6,0.000001,,,,,,,,
403400,1300.9,0.000002,,,,,,,,
403500,1301.2,0.000001,,,,,,,,
403600,1301.5,0.000001,,,,,,,,
403700,1301.8,0.000001,,,,,,,,
403800,1302.1,0.000002,,,,,,,,
403900,1302.4,0.000001,,,,,,,,
404000,1302.8,0.000001,,,,,,,,
404100,1303.1,0.000001,,,,,,,,
404200,1303.4,0.000001,,,,,,,,
404300,1303.7,0.000002,,,,,,,,
404400,1304.0,0.000002,,,,,,,,
404500,1304.3,0.000002,,,,,,,,
404600,1304.6,0.000001,,,,,,,,
404700,1304.9,0.000001,,,,,,,,
404800,1305.2,0.000001,,,,,,,,
404900,1305.5,0.000001,,,,,,,,
405000,1306.9,0.000001,0.000001,5.516755e-01,3.557224e-02,2.656114e-02,0.000000,4.360497e-01,3.378547e-02,2.560597e-02
405100,1307.1,0.000001,,,,,,,,
405200,1307.3,0.000001,,,,,,,,
405300,1307.6,0.000001,,,,,,,,
405400,1307.9,0.000001,,,,,,,,
405500,1308.2,0.000002,,,,,,,,
405600,1308.6,0.000001,,,,,,,,
405700,1308.9,0.000001,,,,,,,,
405800,1309.2,0.000001,,,,,,,,
405900,1309.5,0.000001,,,,,,,,
406000,1309.8,0.000001,,,,,,,,
406100,1310.1,0.000001,,,,,,,,
406200,1310.4,0.000001,,,,,,,,
406300,1310.7,0.000001,,,,,,,,
406400,1311.0,0.000001,,,,,,,,
406500,1311.3,0.000001,,,,,,,,
406600,1311.6,0.000001,,,,,,,,
406700,1311.9,0.000001,,,,,,,,
406800,1312.2,0.000001,,,,,,,,
406900,1312.5,0.000001,,,,,,,,
407000,1312.8,0.000001,,,,,,,,
407100,1313.1,0.000001,,,,,,,,
407200,1313.4,0.000001,,,,,,,,
407300,1313.7,0.000001,,,,,,,,
407400,1314.0,0.000001,,,,,,,,
407500,1314.3,0.000001,,,,,,,,
407600,1314.6,0.000001,,,,,,,,
407700,1314.9,0.000001,,,,,,,,
407800,1315.2,0.000001,,,,,,,,
407900,1315.5,0.000001,,,,,,,,
408000,1315.8,0.000001,,,,,,,,
408100,1316.1,0.000001,,,,,,,,
408200,1316.4,0.000002,,,,,,,,
408300,1316.7,0.000001,,,,,,,,
408400,1317.0,0.000001,,,,,,,,
408500,1317.3,0.000001,,,,,,,,
408600,1317.6,0.000001,,,,,,,,
408700,1317.9,0.000001,,,,,,,,
408800,1318.2,0.000001,,,,,,,,
408900,1318.5,0.000001,,,,,,,,
409000,1318.8,0.000001,,,,,,,,
409100,1319.1,0.000001,,,,,,,,
409200,1319.4,0.000001,,,,,,,,
409300,1319.8,0.000001,,,,,,,,
409400,1320.1,0.000001,,,,,,,,
409500,1320.4,0.000001,,,,,,,,
409600,1320.7,0.000002,,,,,,,,
409700,1321.0,0.000002,,,,,,,,
409800,1321.3,0.000001,,,,,,,,
409900,1321.6,0.000001,,,,,,,,
410000,1323.0,0.000001,0.000004,6.098554e-01,1.089890e-01,1.076659e-01,0.000000,4.853318e-01,1.072032e-01,1.064495e-01
410100,1323.2,0.000001,,,,,,,,
410200,1323.5,0.000001,,,,,,,,
410300,1323.8,0.000001,,,,,,,,
410400,1324.1,0.000001,,,,,,,,
410500,1324.4,0.000001,,,,,,,,
410600,1324.7,0.000001,,,,,,,,
410700,1325.0,0.000002,,,,,,,,
410800,1325.4,0.000001,,,,,,,,
410900,1325.7,0.000001,,,,,,,,
411000,1326.0,0.000001,,,,,,,,
411100,1326.3,0.000001,,,,,,,,
411200,1326.6,0.000001,,,,,,,,
411300,1326.9,0.000001,,,,,,,,
411400,1327.2,0.000001,,,,,,,,
411500,1327.5,0.000001,,,,,,,,
411600,1327.8,0.000001,,,,,,,,
411700,1328.1,0.000001,,,,,,,,
411800,1328.4,0.000001,,,,,,,,
411900,1328.7,0.000001,,,,,,,,
412000,1329.0,0.000001,,,,,,,,
412100,1329.3,0.000001,,,,,,,,
412200,1329.6,0.000002,,,,,,,,
412300,1329.9,0.000001,,,,,,,,
412400,1330.1,0.000001,,,,,,,,
412500,1330.4,0.000001,,,,,,,,
412600,1330.7,0.000001,,,,,,,,
412700,1331.0,0.000001,,,,,,,,
412800,1331.3,0.000001,,,,,,,,
412900,1331.6,0.000001,,,,,,,,
413000,1331.9,0.000001,,,,,,,,
413100,1332.2,0.000001,,,,,,,,
413200,1332.5,0.000001,,,,,,,,
413300,1332.8,0.000002,,,,,,,,
413400,1333.1,0.000001,,,,,,,,
413500,1333.4,0.000001,,,,,,,,
413600,1333.8,0.000001,,,,,,,,
413700,1334.1,0.000001,,,,,,,,
413800,1334.4,0.000001,,,,,,,,
413900,1334.7,0.000001,,,,,,,,
414000,1335.0,0.000001,,,,,,,,
414100,1335.3,0.000001,,,,,,,,
414200,1335.6,0.000001,,,,,,,,
414300,1335.9,0.000001,,,,,,,,
414400,1336.2,0.000001,,,,,,,,
414500,1336.5,0.000002,,,,,,,,
414600,1336.8,0.000001,,,,,,,,
414700,1337.1,0.000001,,,,,,,,
414800,1337.4,0.000001,,,,,,,,
414900,1337.7,0.000001,,,,,,,,
415000,1339.1,0.000001,0.000001,6.142175e-01,4.814271e-02,3.928896e-02,0.000000,4.916337e-01,4.593053e-02,3.773209e-02
415100,1339.3,0.000001,,,,,,,,
415200,1339.6,0.000001,,,,,,,,
415300,1339.9,0.000002,,,,,,,,
415400,1340.2,0.000001,,,,,,,,
415500,1340.5,0.000001,,,,,,,,
415600,1340.8,0.000001,,,,,,,,
415700,1341.1,0.000001,,,,,,,,
415800,1341.4,0.000001,,,,,,,,
415900,1341.7,0.000001,,,,,,,,
416000,1342.0,0.000002,,,,,,,,
416100,1342.3,0.000001,,,,,,,,
416200,1342.6,0.000001,,,,,,,,
416300,1342.9,0.000001,,,,,,,,
416400,1343.2,0.000001,,,,,,,,
416500,1343.5,0.000001,,,,,,,,
416600,1343.8,0.000001,,,,,,,,
416700,1344.1,0.000001,,,,,,,,
416800,1344.4,0.000001,,,,,,,,
416900,1344.8,0.000001,,,,,,,,
417000,1345.1,0.000001,,,,,,,,
417100,1345.4,0.000001,,,,,,,,
417200,1345.7,0.000001,,,,,,,,
417300,1346.0,0.000001,,,,,,,,
417400,1346.3,0.000001,,,,,,,,
417500,1346.6,0.000001,,,,,,,,
417600,1346.9,0.000001,,,,,,,,
417700,1347.2,0.000001,,,,,,,,
417800,1347.5,0.000001,,,,,,,,
417900,1347.8,0.000001,,,,,,,,
418000,1348.1,0.000001,,,,,,,,
418100,1348.4,0.000001,,,,,,,,
418200,1348.7,0.000001,,,,,,,,
418300,1349.0,0.000002,,,,,,,,
418400,1349.3,0.000001,,,,,,,,
418500,1349.6,0.000002,,,,,,,,
418600,1349.9,0.000001,,,,,,,,
418700,1350.2,0.000002,,,,,,,,
418800,1350.5,0.000002,,,,,,,,
418900,1350.8,0.000001,,,,,,,,
419000,1351.1,0.000001,,,,,,,,
419100,1351.4,0.000002,,,,,,,,
419200,1351.7,0.000001,,,,,,,,
419300,1352.0,0.000001,,,,,,,,
419400,1352.3,0.000001,,,,,,,,
419500,1352.6,0.000001,,,,,,,,
419600,1352.9,0.000002,,,,,,,,
419700,1353.2,0.000001,,,,,,,,
419800,1353.5,0.000001,,,,,,,,
419900,1353.8,0.000001,,,,,,,,
420000,1355.2,0.000001,0.000001,5.836008e-01,4.037103e-02,3.033335e-02,0.000000,4.569905e-01,3.846627e-02,2.885069e-02
420100,1355.5,0.000001,,,,,,,,
420200,1355.7,0.000002,,,,,,,,
420300,1356.0,0.000001,,,,,,,,
420400,1356.3,0.000001,,,,,,,,
420500,1356.6,0.000001,,,,,,,,
420600,1357.0,0.000001,,,,,,,,
420700,1357.3,0.000001,,,,,,,,
420800,1357.6,0.000001,,,,,,,,
420900,1357.8,0.000001,,,,,,,,
421000,1358.1,0.000001,,,,,,,,
421100,1358.4,0.000001,,,,,,,,
421200,1358.7,0.000001,,,,,,,,
421300,1359.0,0.000001,,,,,,,,
421400,1359.3,0.000001,,,,,,,,
421500,1359.6,0.000002,,,,,,,,
421600,1359.9,0.000001,,,,,,,,
421700,1360.2,0.000002,,,,,,,,
421800,1360.6,0.000001,,,,,,,,
421900,1360.9,0.000001,,,,,,,,
422000,1361.2,0.000001,,,,,,,,
422100,1361.5,0.000001,,,,,,,,
422200,1361.8,0.000001,,,,,,,,
422300,1362.1,0.000001,,,,,,,,
422400,1362.4,0.000001,,,,,,,,
422500,1362.7,0.000001,,,,,,,,
422600,1363.0,0.000001,,,,,,,,
422700,1363.3,0.000002,,,,,,,,
422800,1363.6,0.000001,,,,,,,,
422900,1363.9,0.000002,,,,,,,,
423000,1364.2,0.000001,,,,,,,,
423100,1364.5,0.000002,,,,,,,,
423200,1364.8,0.000001,,,,,,,,
423300,1365.1,0.000001,,,,,,,,
423400,1365.4,0.000001,,,,,,,,
423500,1365.7,0.000001,,,,,,,,
423600,1366.0,0.000001,,,,,,,,
423700,1366.3,0.000001,,,,,,,,
423800,1366.6,0.000001,,,,,,,,
423900,1366.9,0.000001,,,,,,,,
424000,1367.2,0.000001,,,,,,,,
424100,1367.5,0.000001,,,,,,,,
424200,1367.8,0.000001,,,,,,,,
424300,1368.1,0.000001,,,,,,,,
424400,1368.4,0.000001,,,,,,,,
424500,1368.7,0.000001,,,,,,,,
424600,1369.0,0.000002,,,,,,,,
424700,1369.3,0.000001,,,,,,,,
424800,1369.7,0.000001,,,,,,,,
424900,1370.0,0.000001,,,,,,,,
425000,1371.4,0.000001,0.000001,6.075303e-01,5.304534e-02,4.723189e-02,0.000000,4.786160e-01,5.170540e-02,4.644448e-02
425100,1371.6,0.000002,,,,,,,,
425200,1371.9,0.000001,,,,,,,,
425300,1372.2,0.000001,,,,,,,,
425400,1372.5,0.000001,,,,,,,,
425500,1372.8,0.000001,,,,,,,,
425600,1373.1,0.000001,,,,,,,,
425700,1373.4,0.000001,,,,,,,,
425800,1373.7,0.000001,,,,,,,,
425900,1374.0,0.000001,,,,,,,,
426000,1374.3,0.000002,,,,,,,,
426100,1374.6,0.000001,,,,,,,,
426200,1374.9,0.000001,,,,,,,,
426300,1375.2,0.000000,,,,,,,,
426400,1375.5,0.000001,,,,,,,,
426500,1375.8,0.000001,,,,,,,,
426600,1376.1,0.000001,,,,,,,,
426700,1376.4,0.000001,,,,,,,,
426800,1376.7,0.000001,,,,,,,,
426900,1377.0,0.000001,,,,,,,,
427000,1377.3,0.000001,,,,,,,,
427100,1377.6,0.000001,,,,,,,,
427200,1377.9,0.000001,,,,,,,,
427300,1378.2,0.000001,,,,,,,,
427400,1378.5,0.000001,,,,,,,,
427500,1378.9,0.000002,,,,,,,,
427600,1379.2,0.000001,,,,,,,,
427700,1379.4,0.000001,,,,,,,,
427800,1379.7,0.000001,,,,,,,,
427900,1380.0,0.000001,,,,,,,,
428000,1380.3,0.000001,,,,,,,,
428100,1380.6,0.000001,,,,,,,,
428200,1380.9,0.000001,,,,,,,,
428300,1381.2,0.000001,,,,,,,,
428400,1381.5,0.000001,,,,,,,,
428500,1381.8,0.000001,,,,,,,,
428600,1382.1,0.000001,,,,,,,,
428700,1382.4,0.000001,,,,,,,,
428800,1382.7,0.000002,,,,,,,,
428900,1383.0,0.000001,,,,,,,,
429000,1383.4,0.000001,,,,,,,,
429100,1383.7,0.000001,,,,,,,,
429200,1384.0,0.000001,,,,,,,,
429300,1384.3,0.000001,,,,,,,,
429400,1384.6,0.000001,,,,,,,,
429500,1384.9,0.000001,,,,,,,,
429600,1385.2,0.000001,,,,,,,,
429700,1385.5,0.000001,,,,,,,,
429800,1385.8,0.000001,,,,,,,,
429900,1386.1,0.000001,,,,,,,,
430000,1387.5,0.000001,0.000001,4.768236e-01,6.013104e-02,5.362501e-02,0.000000,3.927429e-01,5.828703e-02,5.273209e-02
430100,1387.7,0.000001,,,,,,,,
430200,1388.0,0.000001,,,,,,,,
430300,1388.3,0.000001,,,,,,,,
430400,1388.7,0.000001,,,,,,,,
430500,1389.0,0.000001,,,,,,,,
430600,1389.3,0.000002,,,,,,,,
430700,1389.6,0.000001,,,,,,,,
430800,1389.9,0.000001,,,,,,,,
430900,1390.2,0.000001,,,,,,,,
431000,1390.5,0.000001,,,,,,,,
431100,1390.8,0.000001,,,,,,,,
431200,1391.1,0.000001,,,,,,,,
431300,1391.4,0.000001,,,,,,,,
431400,1391.7,0.000001,,,,,,,,
431500,1392.0,0.000002,,,,,,,,
431600,1392.3,0.000001,,,,,,,,
431700,1392.6,0.000002,,,,,,,,
431800,1392.9,0.000001,,,,,,,,
431900,1393.2,0.000001,,,,,,,,
432000,1393.5,0.000001,,,,,,,,
432100,1393.8,0.000001,,,,,,,,
432200,1394.1,0.000001,,,,,,,,
432300,1394.4,0.000001,,,,,,,,
432400,1394.7,0.000001,,,,,,,,
432500,1395.0,0.000001,,,,,,,,
432600,1395.3,0.000001,,,,,,,,
432700,1395.6,0.000001,,,,,,,,
432800,1395.9,0.000001,,,,,,,,
432900,1396.2,0.000001,,,,,,,,
433000,1396.6,0.000001,,,,,,,,
433100,1396.9,0.000002,,,,,,,,
433200,1397.2,0.000001,,,,,,,,
433300,1397.5,0.000001,,,,,,,,
433400,1397.8,0.000001,,,,,,,,
433500,1398.1,0.000001,,,,,,,,
433600,1398.4,0.000001,,,,,,,,
433700,1398.7,0.000001,,,,,,,,
433800,1399.0,0.000001,,,,,,,,
433900,1399.3,0.000001,,,,,,,,
434000,1399.6,0.000001,,,,,,,,
434100,1399.9,0.000002,,,,,,,,
434200,1400.1,0.000002,,,,,,,,
434300,1400.5,0.000001,,,,,,,,
434400,1400.8,0.000001,,,,,,,,
434500,1401.1,0.000002,,,,,,,,
434600,1401.4,0.000001,,,,,,,,
434700,1401.7,0.000001,,,,,,,,
434800,1402.0,0.000001,,,,,,,,
434900,1402.3,0.000001,,,,,,,,
435000,1403.7,0.000001,0.000001,5.410440e-01,4.256440e-02,3.468182e-02,0.000000,4.106858e-01,4.101965e-02,3.410749e-02
435100,1403.9,0.000001,,,,,,,,
435200,1404.2,0.000001,,,,,,,,
435300,1404.5,0.000001,,,,,,,,
435400,1404.8,0.000001,,,,,,,,
435500,1405.1,0.000001,,,,,,,,
435600,1405.4,0.000001,,,,,,,,
435700,1405.7,0.000001,,,,,,,,
435800,1406.0,0.000001,,,,,,,,
435900,1406.3,0.000001,,,,,,,,
436000,1406.6,0.000001,,,,,,,,
436100,1406.9,0.000001,,,,,,,,
436200,1407.2,0.000001,,,,,,,,
436300,1407.5,0.000001,,,,,,,,
436400,1407.9,0.000001,,,,,,,,
436500,1408.2,0.000001,,,,,,,,
436600,1408.5,0.000001,,,,,,,,
436700,1408.8,0.000001,,,,,,,,
436800,1409.1,0.000001,,,,,,,,
436900,1409.4,0.000001,,,,,,,,
437000,1409.7,0.000002,,,,,,,,
437100,1410.0,0.000001,,,,,,,,
437200,1410.3,0.000001,,,,,,,,
437300,1410.6,0.000001,,,,,,,,
437400,1410.9,0.000001,,,,,,,,
437500,1411.2,0.000001,,,,,,,,
437600,1411.5,0.000001,,,,,,,,
437700,1411.8,0.000001,,,,,,,,
437800,1412.1,0.000001,,,,,,,,
437900,1412.4,0.000002,,,,,,,,
438000,1412.7,0.000001,,,,,,,,
438100,1413.0,0.000001,,,,,,,,
438200,1413.3,0.000001,,,,,,,,
438300,1413.6,0.000001,,,,,,,,
438400,1413.9,0.000001,,,,,,,,
438500,1414.2,0.000001,,,,,,,,
438600,1414.5,0.000001,,,,,,,,
438700,1414.8,0.000001,,,,,,,,
438800,1415.1,0.000001,,,,,,,,
438900,1415.4,0.000001,,,,,,,,
439000,1415.7,0.000001,,,,,,,,
439100,1416.0,0.000001,,,,,,,,
439200,1416.3,0.000001,,,,,,,,
439300,1416.6,0.000001,,,,,,,,
439400,1417.0,0.000002,,,,,,,,
439500,1417.3,0.000001,,,,,,,,
439600,1417.6,0.000001,,,,,,,,
439700,1417.9,0.000001,,,,,,,,
439800,1418.2,0.000001,,,,,,,,
439900,1418.5,0.000001,,,,,,,,
440000,1419.9,0.000001,0.000001,6.026666e-01,4.532266e-02,3.601527e-02,0.000000,4.580929e-01,4.297188e-02,3.485638e-02
440100,1420.1,0.000001,,,,,,,,
440200,1420.4,0.000001,,,,,,,,
440300,1420.7,0.000001,,,,,,,,
440400,1421.0,0.000001,,,,,,,,
440500,1421.3,0.000001,,,,,,,,
440600,1421.6,0.000001,,,,,,,,
440700,1422.0,0.000001,,,,,,,,
440800,1422.3,0.000001,,,,,,,,
440900,1422.6,0.000001,,,,,,,,
441000,1422.9,0.000001,,,,,,,,
441100,1423.2,0.000001,,,,,,,,
441200,1423.5,0.000001,,,,,,,,
441300,1423.8,0.000001,,,,,,,,
441400,1424.1,0.000001,,,,,,,,
441500,1424.4,0.000001,,,,,,,,
441600,1424.7,0.000001,,,,,,,,
441700,1425.0,0.000001,,,,,,,,
441800,1425.3,0.000001,,,,,,,,
441900,1425.6,0.000001,,,,,,,,
442000,1425.9,0.000001,,,,,,,,
442100,1426.2,0.000001,,,,,,,,
442200,1426.5,0.000001,,,,,,,,
442300,1426.8,0.000001,,,,,,,,
442400,1427.1,0.000001,,,,,,,,
442500,1427.4,0.000001,,,,,,,,
442600,1427.7,0.000001,,,,,,,,
442700,1428.0,0.000001,,,,,,,,
442800,1428.3,0.000001,,,,,,,,
442900,1428.6,0.000001,,,,,,,,
443000,1428.9,0.000001,,,,,,,,
443100,1429.2,0.000001,,,,,,,,
443200,1429.5,0.000001,,,,,,,,
443300,1429.8,0.000001,,,,,,,,
443400,1430.1,0.000001,,,,,,,,
443500,1430.4,0.000001,,,,,,,,
443600,1430.7,0.000001,,,,,,,,
443700,1431.0,0.000001,,,,,,,,
443800,1431.3,0.000001,,,,,,,,
443900,1431.6,0.000001,,,,,,,,
444000,1431.9,0.000001,,,,,,,,
444100,1432.2,0.000001,,,,,,,,
444200,1432.5,0.000002,,,,,,,,
444300,1432.8,0.000001,,,,,,,,
444400,1433.1,0.000001,,,,,,,,
444500,1433.4,0.000002,,,,,,,,
444600,1433.7,0.000001,,,,,,,,
444700,1434.0,0.000001,,,,,,,,
444800,1434.3,0.000001,,,,,,,,
444900,1434.6,0.000001,,,,,,,,
445000,1436.0,0.000001,0.000001,5.961683e-01,5.384979e-02,4.602595e-02,0.000000,4.484170e-01,5.271083e-02,4.497577e-02
445100,1436.3,0.000002,,,,,,,,
445200,1436.6,0.000001,,,,,,,,
445300,1436.9,0.000002,,,,,,,,
445400,1437.2,0.000002,,,,,,,,
445500,1437.4,0.000001,,,,,,,,
445600,1437.7,0.000001,,,,,,,,
445700,1438.0,0.000001,,,,,,,,
445800,1438.3,0.000000,,,,,,,,
445900,1438.7,0.000001,,,,,,,,
446000,1439.0,0.000001,,,,,,,,
446100,1439.3,0.000001,,,,,,,,
446200,1439.6,0.000001,,,,,,,,
446300,1439.9,0.000001,,,,,,,,
446400,1440.2,0.000001,,,,,,,,
446500,1440.5,0.000001,,,,,,,,
446600,1440.8,0.000001,,,,,,,,
446700,1441.1,0.000002,,,,,,,,
446800,1441.4,0.000001,,,,,,,,
446900,1441.7,0.000001,,,,,,,,
447000,1442.0,0.000001,,,,,,,,
447100,1442.3,0.000001,,,,,,,,
447200,1442.6,0.000001,,,,,,,,
447300,1442.9,0.000001,,,,,,,,
447400,1443.2,0.000001,,,,,,,,
447500,1443.5,0.000002,,,,,,,,
447600,1443.8,0.000001,,,,,,,,
447700,1444.1,0.000001,,,,,,,,
447800,1444.4,0.000001,,,,,,,,
447900,1444.7,0.000001,,,,,,,,
448000,1445.0,0.000001,,,,,,,,
448100,1445.3,0.000001,,,,,,,,
448200,1445.6,0.000001,,,,,,,,
448300,1445.9,0.000001,,,,,,,,
448400,1446.2,0.000001,,,,,,,,
448500,1446.5,0.000002,,,,,,,,
448600,1446.8,0.000001,,,,,,,,
448700,1447.1,0.000001,,,,,,,,
448800,1447.4,0.000001,,,,,,,,
448900,1447.7,0.000001,,,,,,,,
449000,1448.0,0.000001,,,,,,,,
449100,1448.3,0.000001,,,,,,,,
449200,1448.6,0.000001,,,,,,,,
449300,1448.9,0.000001,,,,,,,,
449400,1449.2,0.000001,,,,,,,,
449500,1449.5,0.000001,,,,,,,,
449600,1449.8,0.000001,,,,,,,,
449700,1450.1,0.000001,,,,,,,,
449800,1450.4,0.000001,,,,,,,,
449900,1450.7,0.000001,,,,,,,,
450000,1452.2,0.000001,0.000001,6.106660e-01,3.802061e-02,2.915918e-02,0.000000,4.592660e-01,3.649483e-02,2.794808e-02
450100,1452.4,0.000001,,,,,,,,
450200,1452.7,0.000001,,,,,,,,
450300,1453.0,0.000001,,,,,,,,
450400,1453.3,0.000001,,,,,,,,
450500,1453.6,0.000002,,,,,,,,
450600,1453.9,0.000001,,,,,,,,
450700,1454.2,0.000001,,,,,,,,
450800,1454.5,0.000001,,,,,,,,
450900,1454.9,0.000001,,,,,,,,
451000,1455.2,0.000001,,,,,,,,
451100,1455.4,0.000001,,,,,,,,
451200,1455.7,0.000001,,,,,,,,
451300,1456.0,0.000001,,,,,,,,
451400,1456.3,0.000001,,,,,,,,
451500,1456.6,0.000001,,,,,,,,
451600,1456.9,0.000001,,,,,,,,
451700,1457.3,0.000000,,,,,,,,
451800,1457.6,0.000001,,,,,,,,
451900,1457.9,0.000001,,,,,,,,
452000,1458.2,0.000001,,,,,,,,
452100,1458.5,0.000001,,,,,,,,
452200,1458.8,0.000001,,,,,,,,
452300,1459.1,0.000001,,,,,,,,
452400,1459.4,0.000001,,,,,,,,
452500,1459.7,0.000001,,,,,,,,
452600,1460.0,0.000001,,,,,,,,
452700,1460.3,0.000002,,,,,,,,
452800,1460.6,0.000001,,,,,,,,
452900,1460.9,0.000001,,,,,,,,
453000,1461.2,0.000001,,,,,,,,
453100,1461.5,0.000001,,,,,,,,
453200,1461.8,0.000001,,,,,,,,
453300,1462.1,0.000001,,,,,,,,
453400,1462.4,0.000001,,,,,,,,
453500,1462.7,0.000001,,,,,,,,
453600,1463.0,0.000001,,,,,,,,
453700,1463.3,0.000001,,,,,,,,
453800,1463.6,0.000001,,,,,,,,
453900,1463.9,0.000001,,,,,,,,
454000,1464.2,0.000000,,,,,,,,
454100,1464.5,0.000001,,,,,,,,
454200,1464.8,0.000001,,,,,,,,
454300,1465.1,0.000002,,,,,,,,
454400,1465.4,0.000001,,,,,,,,
454500,1465.7,0.000000,,,,,,,,
454600,1466.1,0.000001,,,,,,,,
454700,1466.4,0.000001,,,,,,,,
454800,1466.7,0.000001,,,,,,,,
454900,1467.0,0.000001,,,,,,,,
455000,1468.4,0.000001,0.000001,6.008737e-01,5.057570e-02,4.252086e-02,0.000000,4.530671e-01,4.909070e-02,4.126483e-02
455100,1468.6,0.000001,,,,,,,,
455200,1468.9,0.000001,,,,,,,,
455300,1469.2,0.000001,,,,,,,,
455400,1469.5,0.000002,,,,,,,,
455500,1469.8,0.000001,,,,,,,,
455600,1470.1,0.000001,,,,,,,,
455700,1470.4,0.000001,,,,,,,,
455800,1470.7,0.000001,,,,,,,,
455900,1471.0,0.000000,,,,,,,,
456000,1471.3,0.000001,,,,,,,,
456100,1471.6,0.000001,,,,,,,,
456200,1471.9,0.000001,,,,,,,,
456300,1472.2,0.000001,,,,,,,,
456400,1472.5,0.000001,,,,,,,,
456500,1472.8,0.000001,,,,,,,,
456600,1473.1,0.000001,,,,,,,,
456700,1473.5,0.000001,,,,,,,,
456800,1473.8,0.000001,,,,,,,,
456900,1474.1,0.000001,,,,,,,,
457000,1474.4,0.000001,,,,,,,,
457100,1474.7,0.000001,,,,,,,,
457200,1475.0,0.000001,,,,,,,,
457300,1475.2,0.000001,,,,,,,,
457400,1475.5,0.000001,,,,,,,,
457500,1475.8,0.000001,,,,,,,,
457600,1476.1,0.000001,,,,,,,,
457700,1476.4,0.000001,,,,,,,,
457800,1476.7,0.000001,,,,,,,,
457900,1477.0,0.000001,,,,,,,,
458000,1477.4,0.000001,,,,,,,,
458100,1477.6,0.000001,,,,,,,,
458200,1477.9,0.000001,,,,,,,,
458300,1478.2,0.000001,,,,,,,,
458400,1478.6,0.000001,,,,,,,,
458500,1478.9,0.000001,,,,,,,,
458600,1479.2,0.000001,,,,,,,,
458700,1479.5,0.000001,,,,,,,,
458800,1479.8,0.000001,,,,,,,,
458900,1480.1,0.000002,,,,,,,,
459000,1480.4,0.000001,,,,,,,,
459100,1480.7,0.000001,,,,,,,,
459200,1481.0,0.000001,,,,,,,,
459300,1481.3,0.000001,,,,,,,,
459400,1481.6,0.000001,,,,,,,,
459500,1481.9,0.000001,,,,,,,,
459600,1482.2,0.000002,,,,,,,,
459700,1482.5,0.000002,,,,,,,,
459800,1482.8,0.000001,,,,,,,,
459900,1483.1,0.000001,,,,,,,,
460000,1484.6,0.000001,0.000001,5.640924e-01,3.542599e-02,2.625535e-02,0.000000,4.159730e-01,3.385528e-02,2.531509e-02
460100,1484.8,0.000001,,,,,,,,
460200,1485.1,0.000001,,,,,,,,
460300,1485.4,0.000001,,,,,,,,
460400,1485.7,0.000001,,,,,,,,
460500,1485.9,0.000001,,,,,,,,
460600,1486.2,0.000001,,,,,,,,
460700,1486.4,0.000001,,,,,,,,
460800,1486.7,0.000001,,,,,,,,
460900,1487.0,0.000001,,,,,,,,
461000,1487.3,0.000001,,,,,,,,
461100,1487.6,0.000001,,,,,,,,
461200,1487.9,0.000001,,,,,,,,
461300,1488.2,0.000001,,,,,,,,
461400,1488.5,0.000001,,,,,,,,
461500,1488.8,0.000001,,,,,,,,
461600,1489.1,0.000001,,,,,,,,
461700,1489.4,0.000002,,,,,,,,
461800,1489.7,0.000001,,,,,,,,
461900,1490.0,0.000000,,,,,,,,
462000,1490.3,0.000001,,,,,,,,
462100,1490.6,0.000001,,,,,,,,
462200,1490.9,0.000001,,,,,,,,
462300,1491.2,0.000001,,,,,,,,
462400,1491.5,0.000001,,,,,,,,
462500,1491.8,0.000001,,,,,,,,
462600,1492.1,0.000002,,,,,,,,
462700,1492.4,0.000001,,,,,,,,
462800,1492.8,0.000001,,,,,,,,
462900,1493.0,0.000001,,,,,,,,
463000,1493.4,0.000001,,,,,,,,
463100,1493.7,0.000001,,,,,,,,
463200,1494.0,0.000001,,,,,,,,
463300,1494.3,0.000001,,,,,,,,
463400,1494.6,0.000001,,,,,,,,
463500,1494.9,0.000001,,,,,,,,
463600,1495.2,0.000001,,,,,,,,
463700,1495.5,0.000001,,,,,,,,
463800,1495.8,0.000001,,,,,,,,
463900,1496.1,0.000002,,,,,,,,
464000,1496.4,0.000001,,,,,,,,
464100,1496.7,0.000001,,,,,,,,
464200,1497.0,0.000001,,,,,,,,
464300,1497.3,0.000001,,,,,,,,
464400,1497.6,0.000001,,,,,,,,
464500,1497.9,0.000001,,,,,,,,
464600,1498.2,0.000001,,,,,,,,
464700,1498.5,0.000001,,,,,,,,
464800,1498.8,0.000001,,,,,,,,
464900,1499.1,0.000001,,,,,,,,
465000,1500.6,0.000000,0.000001,5.813100e-01,4.257159e-02,3.354677e-02,0.000000,4.305203e-01,4.171996e-02,3.319866e-02
465100,1500.8,0.000000,,,,,,,,
465200,1501.1,0.000001,,,,,,,,
465300,1501.4,0.000001,,,,,,,,
465400,1501.7,0.000000,,,,,,,,
465500,1502.0,0.000001,,,,,,,,
465600,1502.3,0.000001,,,,,,,,
465700,1502.6,0.000001,,,,,,,,
465800,1502.9,0.000002,,,,,,,,
465900,1503.2,0.000001,,,,,,,,
466000,1503.5,0.000001,,,,,,,,
466100,1503.8,0.000001,,,,,,,,
466200,1504.2,0.000001,,,,,,,,
466300,1504.5,0.000001,,,,,,,,
466400,1504.8,0.000001,,,,,,,,
466500,1505.1,0.000001,,,,,,,,
466600,1505.3,0.000001,,,,,,,,
466700,1505.6,0.000001,,,,,,,,
466800,1505.9,0.000001,,,,,,,,
466900,1506.2,0.000001,,,,,,,,
467000,1506.6,0.000001,,,,,,,,
467100,1506.9,0.000001,,,,,,,,
467200,1507.2,0.000001,,,,,,,,
467300,1507.5,0.000001,,,,,,,,
467400,1507.8,0.000000,,,,,,,,
467500,1508.1,0.000001,,,,,,,,
467600,1508.4,0.000001,,,,,,,,
467700,1508.7,0.000001,,,,,,,,
467800,1509.0,0.000001,,,,,,,,
467900,1509.3,0.000001,,,,,,,,
468000,1509.6,0.000001,,,,,,,,
468100,1509.9,0.000001,,,,,,,,
468200,1510.2,0.000001,,,,,,,,
468300,1510.5,0.000001,,,,,,,,
468400,1510.8,0.000001,,,,,,,,
468500,1511.1,0.000001,,,,,,,,
468600,1511.4,0.000001,,,,,,,,
468700,1511.7,0.000001,,,,,,,,
468800,1512.0,0.000001,,,,,,,,
468900,1512.3,0.000001,,,,,,,,
469000,1512.6,0.000001,,,,,,,,
469100,1512.9,0.000000,,,,,,,,
469200,1513.2,0.000002,,,,,,,,
469300,1513.5,0.000001,,,,,,,,
469400,1513.8,0.000001,,,,,,,,
469500,1514.1,0.000001,,,,,,,,
469600,1514.4,0.000001,,,,,,,,
469700,1514.7,0.000001,,,,,,,,
469800,1515.0,0.000001,,,,,,,,
469900,1515.3,0.000002,,,,,,,,
470000,1516.7,0.000001,0.000001,5.202958e-01,4.657220e-02,3.800501e-02,0.000000,3.709729e-01,4.609241e-02,3.792157e-02
470100,1517.0,0.000001,,,,,,,,
470200,1517.2,0.000002,,,,,,,,
470300,1517.5,0.000001,,,,,,,,
470400,1517.8,0.000001,,,,,,,,
470500,1518.1,0.000001,,,,,,,,
470600,1518.5,0.000001,,,,,,,,
470700,1518.8,0.000001,,,,,,,,
470800,1519.1,0.000001,,,,,,,,
470900,1519.4,0.000001,,,,,,,,
471000,1519.7,0.000001,,,,,,,,
471100,1520.0,0.000001,,,,,,,,
471200,1520.3,0.000001,,,,,,,,
471300,1520.6,0.000001,,,,,,,,
471400,1520.9,0.000001,,,,,,,,
471500,1521.2,0.000001,,,,,,,,
471600,1521.5,0.000001,,,,,,,,
471700,1521.8,0.000001,,,,,,,,
471800,1522.1,0.000001,,,,,,,,
471900,1522.4,0.000001,,,,,,,,
472000,1522.7,0.000000,,,,,,,,
472100,1523.0,0.000000,,,,,,,,
472200,1523.3,0.000001,,,,,,,,
472300,1523.5,0.000001,,,,,,,,
472400,1523.8,0.000001,,,,,,,,
472500,1524.2,0.000001,,,,,,,,
472600,1524.5,0.000001,,,,,,,,
472700,1524.8,0.000001,,,,,,,,
472800,1525.1,0.000001,,,,,,,,
472900,1525.4,0.000001,,,,,,,,
473000,1525.7,0.000001,,,,,,,,
473100,1526.0,0.000000,,,,,,,,
473200,1526.3,0.000001,,,,,,,,
473300,1526.6,0.000001,,,,,,,,
473400,1526.9,0.000001,,,,,,,,
473500,1527.2,0.000001,,,,,,,,
473600,1527.5,0.000001,,,,,,,,
473700,1527.8,0.000002,,,,,,,,
473800,1528.1,0.000001,,,,,,,,
473900,1528.4,0.000001,,,,,,,,
474000,1528.7,0.000001,,,,,,,,
474100,1529.0,0.000001,,,,,,,,
474200,1529.3,0.000000,,,,,,,,
474300,1529.6,0.000001,,,,,,,,
474400,1529.9,0.000001,,,,,,,,
474500,1530.2,0.000001,,,,,,,,
474600,1530.5,0.000001,,,,,,,,
474700,1530.8,0.000001,,,,,,,,
474800,1531.1,0.000001,,,,,,,,
474900,1531.4,0.000001,,,,,,,,
475000,1532.8,0.000001,0.000001,6.110151e-01,5.545591e-02,5.232004e-02,0.000000,4.618905e-01,5.597523e-02,5.385232e-02
475100,1533.1,0.000001,,,,,,,,
475200,1533.4,0.000001,,,,,,,,
475300,1533.7,0.000001,,,,,,,,
475400,1534.0,0.000001,,,,,,,,
475500,1534.3,0.000001,,,,,,,,
475600,1534.6,0.000001,,,,,,,,
475700,1534.9,0.000001,,,,,,,,
475800,1535.2,0.000001,,,,,,,,
475900,1535.5,0.000001,,,,,,,,
476000,1535.8,0.000001,,,,,,,,
476100,1536.1,0.000001,,,,,,,,
476200,1536.4,0.000001,,,,,,,,
476300,1536.7,0.000001,,,,,,,,
476400,1537.0,0.000001,,,,,,,,
476500,1537.3,0.000001,,,,,,,,
476600,1537.6,0.000001,,,,,,,,
476700,1537.9,0.000001,,,,,,,,
476800,1538.2,0.000001,,,,,,,,
476900,1538.5,0.000001,,,,,,,,
477000,1538.8,0.000001,,,,,,,,
477100,1539.1,0.000001,,,,,,,,
477200,1539.4,0.000001,,,,,,,,
477300,1539.8,0.000000,,,,,,,,
477400,1540.1,0.000001,,,,,,,,
477500,1540.4,0.000001,,,,,,,,
477600,1540.7,0.000001,,,,,,,,
477700,1541.0,0.000001,,,,,,,,
477800,1541.2,0.000001,,,,,,,,
477900,1541.5,0.000001,,,,,,,,
478000,1541.8,0.000001,,,,,,,,
478100,1542.1,0.000001,,,,,,,,
478200,1542.4,0.000001,,,,,,,,
478300,1542.8,0.000001,,,,,,,,
478400,1543.0,0.000001,,,,,,,,
478500,1543.3,0.000001,,,,,,,,
478600,1543.6,0.000001,,,,,,,,
478700,1543.9,0.000001,,,,,,,,
478800,1544.2,0.000001,,,,,,,,
478900,1544.5,0.000001,,,,,,,,
479000,1544.8,0.000001,,,,,,,,
479100,1545.1,0.000001,,,,,,,,
479200,1545.4,0.000002,,,,,,,,
479300,1545.7,0.000001,,,,,,,,
479400,1546.0,0.000001,,,,,,,,
479500,1546.3,0.000001,,,,,,,,
479600,1546.6,0.000001,,,,,,,,
479700,1546.9,0.000001,,,,,,,,
479800,1547.2,0.000001,,,,,,,,
479900,1547.5,0.000001,,,,,,,,
480000,1549.0,0.000001,0.000001,6.131551e-01,4.782616e-02,3.960097e-02,0.000000,4.561455e-01,4.635469e-02,3.839319e-02
480100,1549.2,0.000001,,,,,,,,
480200,1549.5,0.000001,,,,,,,,
480300,1549.8,0.000001,,,,,,,,
480400,1550.2,0.000001,,,,,,,,
480500,1550.5,0.000001,,,,,,,,
480600,1550.8,0.000001,,,,,,,,
480700,1551.1,0.000001,,,,,,,,
480800,1551.4,0.000001,,,,,,,,
480900,1551.7,0.000001,,,,,,,,
481000,1552.0,0.000001,,,,,,,,
481100,1552.3,0.000001,,,,,,,,
481200,1552.6,0.000001,,,,,,,,
481300,1552.9,0.000001,,,,,,,,
481400,1553.1,0.000001,,,,,,,,
481500,1553.4,0.000001,,,,,,,,
481600,1553.7,0.000001,,,,,,,,
481700,1554.0,0.000001,,,,,,,,
481800,1554.4,0.000001,,,,,,,,
481900,1554.7,0.000001,,,,,,,,
482000,1555.0,0.000001,,,,,,,,
482100,1555.3,0.000000,,,,,,,,
482200,1555.6,0.000001,,,,,,,,
482300,1555.9,0.000002,,,,,,,,
482400,1556.2,0.000001,,,,,,,,
482500,1556.5,0.000000,,,,,,,,
482600,1556.8,0.000001,,,,,,,,
482700,1557.1,0.000001,,,,,,,,
482800,1557.4,0.000001,,,,,,,,
482900,1557.7,0.000001,,,,,,,,
483000,1558.0,0.000000,,,,,,,,
483100,1558.3,0.000001,,,,,,,,
483200,1558.6,0.000001,,,,,,,,
483300,1558.9,0.000001,,,,,,,,
483400,1559.2,0.000002,,,,,,,,
483500,1559.5,0.000001,,,,,,,,
483600,1559.8,0.000001,,,,,,,,
483700,1560.1,0.000001,,,,,,,,
483800,1560.4,0.000001,,,,,,,,
483900,1560.7,0.000001,,,,,,,,
484000,1561.0,0.000001,,,,,,,,
484100,1561.3,0.000001,,,,,,,,
484200,1561.6,0.000001,,,,,,,,
484300,1561.9,0.000001,,,,,,,,
484400,1562.2,0.000001,,,,,,,,
484500,1562.5,0.000001,,,,,,,,
484600,1562.8,0.000001,,,,,,,,
484700,1563.1,0.000001,,,,,,,,
484800,1563.4,0.000001,,,,,,,,
484900,1563.7,0.000001,,,,,,,,
485000,1565.1,0.000001,0.000001,5.385702e-01,3.316236e-02,2.369099e-02,0.000000,3.886864e-01,3.147838e-02,2.273662e-02
485100,1565.4,0.000001,,,,,,,,
485200,1565.7,0.000001,,,,,,,,
485300,1566.0,0.000001,,,,,,,,
485400,1566.2,0.000001,,,,,,,,
485500,1566.5,0.000001,,,,,,,,
485600,1566.8,0.000001,,,,,,,,
485700,1567.1,0.000001,,,,,,,,
485800,1567.4,0.000001,,,,,,,,
485900,1567.7,0.000001,,,,,,,,
486000,1568.0,0.000001,,,,,,,,
486100,1568.3,0.000001,,,,,,,,
486200,1568.6,0.000001,,,,,,,,
486300,1568.9,0.000001,,,,,,,,
486400,1569.3,0.000001,,,,,,,,
486500,1569.6,0.000001,,,,,,,,
486600,1569.9,0.000000,,,,,,,,
486700,1570.2,0.000001,,,,,,,,
486800,1570.5,0.000001,,,,,,,,
486900,1570.8,0.000001,,,,,,,,
487000,1571.1,0.000001,,,,,,,,
487100,1571.4,0.000001,,,,,,,,
487200,1571.7,0.000001,,,,,,,,
487300,1572.0,0.000001,,,,,,,,
487400,1572.3,0.000001,,,,,,,,
487500,1572.6,0.000001,,,,,,,,
487600,1572.9,0.000001,,,,,,,,
487700,1573.2,0.000001,,,,,,,,
487800,1573.5,0.000001,,,,,,,,
487900,1573.8,0.000002,,,,,,,,
488000,1574.1,0.000001,,,,,,,,
488100,1574.4,0.000000,,,,,,,,
488200,1574.7,0.000001,,,,,,,,
488300,1575.0,0.000001,,,,,,,,
488400,1575.3,0.000001,,,,,,,,
488500,1575.6,0.000001,,,,,,,,
488600,1575.9,0.000001,,,,,,,,
488700,1576.2,0.000001,,,,,,,,
488800,1576.5,0.000001,,,,,,,,
488900,1576.9,0.000001,,,,,,,,
489000,1577.2,0.000001,,,,,,,,
489100,1577.5,0.000001,,,,,,,,
489200,1577.8,0.000001,,,,,,,,
489300,1578.1,0.000001,,,,,,,,
489400,1578.4,0.000001,,,,,,,,
489500,1578.7,0.000001,,,,,,,,
489600,1579.0,0.000001,,,,,,,,
489700,1579.3,0.000001,,,,,,,,
489800,1579.6,0.000001,,,,,,,,
489900,1579.9,0.000001,,,,,,,,
490000,1581.3,0.000001,0.000001,5.924143e-01,3.404939e-02,2.485193e-02,0.000000,4.577897e-01,3.271149e-02,2.381455e-02
490100,1581.6,0.000001,,,,,,,,
490200,1581.9,0.000000,,,,,,,,
490300,1582.2,0.000001,,,,,,,,
490400,1582.5,0.000000,,,,,,,,
490500,1582.8,0.000001,,,,,,,,
490600,1583.1,0.000002,,,,,,,,
490700,1583.4,0.000001,,,,,,,,
490800,1583.7,0.000001,,,,,,,,
490900,1584.0,0.000001,,,,,,,,
491000,1584.3,0.000001,,,,,,,,
491100,1584.6,0.000001,,,,,,,,
491200,1584.9,0.000001,,,,,,,,
491300,1585.2,0.000001,,,,,,,,
491400,1585.5,0.000001,,,,,,,,
491500,1585.8,0.000001,,,,,,,,
491600,1586.1,0.000001,,,,,,,,
491700,1586.4,0.000001,,,,,,,,
491800,1586.7,0.000001,,,,,,,,
491900,1587.0,0.000001,,,,,,,,
492000,1587.3,0.000001,,,,,,,,
492100,1587.6,0.000001,,,,,,,,
492200,1587.9,0.000001,,,,,,,,
492300,1588.2,0.000001,,,,,,,,
492400,1588.5,0.000001,,,,,,,,
492500,1588.8,0.000001,,,,,,,,
492600,1589.1,0.000001,,,,,,,,
492700,1589.4,0.000001,,,,,,,,
492800,1589.7,0.000001,,,,,,,,
492900,1590.0,0.000001,,,,,,,,
493000,1590.3,0.000000,,,,,,,,
493100,1590.6,0.000001,,,,,,,,
493200,1590.9,0.000001,,,,,,,,
493300,1591.2,0.000001,,,,,,,,
493400,1591.5,0.000001,,,,,,,,
493500,1591.8,0.000001,,,,,,,,
493600,1592.1,0.000002,,,,,,,,
493700,1592.4,0.000001,,,,,,,,
493800,1592.7,0.000001,,,,,,,,
493900,1593.1,0.000001,,,,,,,,
494000,1593.4,0.000001,,,,,,,,
494100,1593.7,0.000001,,,,,,,,
494200,1594.0,0.000001,,,,,,,,
494300,1594.3,0.000002,,,,,,,,
494400,1594.6,0.000001,,,,,,,,
494500,1594.9,0.000001,,,,,,,,
494600,1595.2,0.000001,,,,,,,,
494700,1595.5,0.000001,,,,,,,,
494800,1595.8,0.000001,,,,,,,,
494900,1596.1,0.000001,,,,,,,,
495000,1597.5,0.000001,0.000001,5.809702e-01,3.367180e-02,2.458300e-02,0.000000,4.476559e-01,3.262716e-02,2.383191e-02
495100,1597.8,0.000001,,,,,,,,
495200,1598.1,0.000001,,,,,,,,
495300,1598.3,0.000001,,,,,,,,
495400,1598.6,0.000001,,,,,,,,
495500,1598.9,0.000001,,,,,,,,
495600,1599.2,0.000001,,,,,,,,
495700,1599.5,0.000001,,,,,,,,
495800,1599.8,0.000001,,,,,,,,
495900,1600.1,0.000001,,,,,,,,
496000,1600.4,0.000001,,,,,,,,
496100,1600.7,0.000001,,,,,,,,
496200,1601.0,0.000001,,,,,,,,
496300,1601.3,0.000001,,,,,,,,
496400,1601.6,0.000001,,,,,,,,
496500,1601.9,0.000001,,,,,,,,
496600,1602.2,0.000001,,,,,,,,
496700,1602.5,0.000001,,,,,,,,
496800,1602.9,0.000001,,,,,,,,
496900,1603.2,0.000001,,,,,,,,
497000,1603.5,0.000001,,,,,,,,
497100,1603.8,0.000001,,,,,,,,
497200,1604.1,0.000001,,,,,,,,
497300,1604.4,0.000001,,,,,,,,
497400,1604.7,0.000001,,,,,,,,
497500,1605.0,0.000001,,,,,,,,
497600,1605.2,0.000001,,,,,,,,
497700,1605.5,0.000001,,,,,,,,
497800,1605.8,0.000001,,,,,,,,
497900,1606.1,0.000001,,,,,,,,
498000,1606.4,0.000001,,,,,,,,
498100,1606.7,0.000001,,,,,,,,
498200,1607.0,0.000001,,,,,,,,
498300,1607.3,0.000001,,,,,,,,
498400,1607.6,0.000001,,,,,,,,
498500,1607.9,0.000001,,,,,,,,
498600,1608.2,0.000002,,,,,,,,
498700,1608.5,0.000001,,,,,,,,
498800,1608.8,0.000001,,,,,,,,
498900,1609.1,0.000001,,,,,,,,
499000,1609.4,0.000001,,,,,,,,
499100,1609.7,0.000001,,,,,,,,
499200,1610.0,0.000000,,,,,,,,
499300,1610.3,0.000001,,,,,,,,
499400,1610.6,0.000001,,,,,,,,
499500,1610.9,0.000001,,,,,,,,
499600,1611.2,0.000000,,,,,,,,
499700,1611.5,0.000001,,,,,,,,
499800,1611.8,0.000001,,,,,,,,
499900,1612.1,0.000000,,,,,,,,
500000,1613.5,0.000002,0.000001,4.908003e-01,5.282899e-02,4.619929e-02,0.000000,3.501504e-01,5.148207e-02,4.551269e-02
500100,1613.8,0.000001,,,,,,,,
500200,1614.1,0.000001,,,,,,,,
500300,1614.4,0.000001,,,,,,,,
500400,1614.6,0.000001,,,,,,,,
500500,1614.9,0.000001,,,,,,,,
500600,1615.2,0.000001,,,,,,,,
500700,1615.5,0.000001,,,,,,,,
500800,1615.8,0.000001,,,,,,,,
500900,1616.1,0.000001,,,,,,,,
501000,1616.4,0.000002,,,,,,,,
501100,1616.7,0.000001,,,,,,,,
501200,1617.0,0.000001,,,,,,,,
501300,1617.3,0.000001,,,,,,,,
501400,1617.6,0.000001,,,,,,,,
501500,1617.9,0.000001,,,,,,,,
501600,1618.2,0.000001,,,,,,,,
501700,1618.5,0.000001,,,,,,,,
501800,1618.8,0.000001,,,,,,,,
501900,1619.2,0.000000,,,,,,,,
502000,1619.5,0.000001,,,,,,,,
502100,1619.8,0.000001,,,,,,,,
502200,1620.0,0.000001,,,,,,,,
502300,1620.3,0.000001,,,,,,,,
502400,1620.6,0.000001,,,,,,,,
502500,1620.9,0.000000,,,,,,,,
502600,1621.2,0.000001,,,,,,,,
502700,1621.5,0.000001,,,,,,,,
502800,1621.8,0.000001,,,,,,,,
502900,1622.1,0.000001,,,,,,,,
503000,1622.4,0.000001,,,,,,,,
503100,1622.7,0.000001,,,,,,,,
503200,1623.0,0.000001,,,,,,,,
503300,1623.3,0.000000,,,,,,,,
503400,1623.6,0.000001,,,,,,,,
503500,1623.9,0.000000,,,,,,,,
503600,1624.2,0.000001,,,,,,,,
503700,1624.5,0.000001,,,,,,,,
503800,1624.8,0.000001,,,,,,,,
503900,1625.1,0.000001,,,,,,,,
504000,1625.4,0.000001,,,,,,,,
504100,1625.7,0.000000,,,,,,,,
504200,1626.0,0.000001,,,,,,,,
504300,1626.3,0.000001,,,,,,,,
504400,1626.6,0.000001,,,,,,,,
504500,1626.9,0.000001,,,,,,,,
504600,1627.2,0.000001,,,,,,,,
504700,1627.5,0.000001,,,,,,,,
504800,1627.8,0.000001,,,,,,,,
504900,1628.1,0.000001,,,,,,,,
505000,1629.5,0.000001,0.000000,5.628199e-01,2.902466e-02,2.063358e-02,0.000000,4.264634e-01,2.782764e-02,2.004551e-02
505100,1629.8,0.000001,,,,,,,,
505200,1630.1,0.000001,,,,,,,,
505300,1630.4,0.000001,,,,,,,,
505400,1630.7,0.000001,,,,,,,,
505500,1631.0,0.000001,,,,,,,,
505600,1631.3,0.000001,,,,,,,,
505700,1631.6,0.000001,,,,,,,,
505800,1631.9,0.000001,,,,,,,,
505900,1632.2,0.000001,,,,,,,,
506000,1632.5,0.000002,,,,,,,,
506100,1632.8,0.000001,,,,,,,,
506200,1633.1,0.000001,,,,,,,,
506300,1633.4,0.000001,,,,,,,,
506400,1633.7,0.000001,,,,,,,,
506500,1634.0,0.000001,,,,,,,,
506600,1634.3,0.000001,,,,,,,,
506700,1634.6,0.000001,,,,,,,,
506800,1634.9,0.000001,,,,,,,,
506900,1635.2,0.000000,,,,,,,,
507000,1635.5,0.000001,,,,,,,,
507100,1635.8,0.000001,,,,,,,,
507200,1636.1,0.000001,,,,,,,,
507300,1636.4,0.000001,,,,,,,,
507400,1636.7,0.000001,,,,,,,,
507500,1637.0,0.000001,,,,,,,,
507600,1637.3,0.000001,,,,,,,,
507700,1637.6,0.000001,,,,,,,,
507800,1637.9,0.000001,,,,,,,,
507900,1638.2,0.000000,,,,,,,,
508000,1638.5,0.000001,,,,,,,,
508100,1638.8,0.000001,,,,,,,,
508200,1639.1,0.000001,,,,,,,,
508300,1639.4,0.000001,,,,,,,,
508400,1639.7,0.000000,,,,,,,,
508500,1640.0,0.000001,,,,,,,,
508600,1640.3,0.000000,,,,,,,,
508700,1640.6,0.000001,,,,,,,,
508800,1641.0,0.000001,,,,,,,,
508900,1641.3,0.000001,,,,,,,,
509000,1641.6,0.000001,,,,,,,,
509100,1641.9,0.000001,,,,,,,,
509200,1642.2,0.000000,,,,,,,,
509300,1642.5,0.000001,,,,,,,,
509400,1642.8,0.000001,,,,,,,,
509500,1643.1,0.000001,,,,,,,,
509600,1643.4,0.000001,,,,,,,,
509700,1643.7,0.000001,,,,,,,,
509800,1644.0,0.000000,,,,,,,,
509900,1644.3,0.000000,,,,,,,,
510000,1645.7,0.000001,0.000001,5.533022e-01,3.150114e-02,2.261999e-02,0.000000,4.194997e-01,2.968406e-02,2.150445e-02
510100,1646.0,0.000001,,,,,,,,
510200,1646.3,0.000000,,,,,,,,
510300,1646.6,0.000001,,,,,,,,
510400,1646.9,0.000001,,,,,,,,
510500,1647.2,0.000001,,,,,,,,
510600,1647.5,0.000001,,,,,,,,
510700,1647.7,0.000001,,,,,,,,
510800,1648.0,0.000001,,,,,,,,
510900,1648.3,0.000001,,,,,,,,
511000,1648.7,0.000001,,,,,,,,
511100,1649.0,0.000000,,,,,,,,
511200,1649.3,0.000001,,,,,,,,
511300,1649.6,0.000000,,,,,,,,
511400,1649.9,0.000001,,,,,,,,
511500,1650.1,0.000001,,,,,,,,
511600,1650.5,0.000001,,,,,,,,
511700,1650.8,0.000001,,,,,,,,
511800,1651.1,0.000001,,,,,,,,
511900,1651.4,0.000001,,,,,,,,
512000,1651.7,0.000001,,,,,,,,
512100,1652.0,0.000001,,,,,,,,
512200,1652.3,0.000001,,,,,,,,
512300,1652.6,0.000000,,,,,,,,
512400,1652.9,0.000001,,,,,,,,
512500,1653.2,0.000001,,,,,,,,
512600,1653.5,0.000001,,,,,,,,
512700,1653.8,0.000001,,,,,,,,
512800,1654.1,0.000001,,,,,,,,
512900,1654.3,0.000001,,,,,,,,
513000,1654.6,0.000001,,,,,,,,
513100,1655.0,0.000000,,,,,,,,
513200,1655.3,0.000001,,,,,,,,
513300,1655.6,0.000001,,,,,,,,
513400,1655.9,0.000001,,,,,,,,
513500,1656.2,0.000000,,,,,,,,
513600,1656.5,0.000001,,,,,,,,
513700,1656.8,0.000001,,,,,,,,
513800,1657.1,0.000001,,,,,,,,
513900,1657.4,0.000001,,,,,,,,
514000,1657.7,0.000000,,,,,,,,
514100,1658.0,0.000000,,,,,,,,
514200,1658.3,0.000001,,,,,,,,
514300,1658.6,0.000001,,,,,,,,
514400,1658.9,0.000001,,,,,,,,
514500,1659.2,0.000001,,,,,,,,
514600,1659.5,0.000001,,,,,,,,
514700,1659.8,0.000001,,,,,,,,
514800,1660.1,0.000001,,,,,,,,
514900,1660.4,0.000001,,,,,,,,
515000,1661.8,0.000001,0.000001,5.425810e-01,4.012162e-02,3.198881e-02,0.000000,4.096654e-01,3.852807e-02,3.075657e-02
515100,1662.1,0.000001,,,,,,,,
515200,1662.4,0.000000,,,,,,,,
515300,1662.7,0.000001,,,,,,,,
515400,1663.0,0.000001,,,,,,,,
515500,1663.3,0.000001,,,,,,,,
515600,1663.6,0.000000,,,,,,,,
515700,1663.9,0.000001,,,,,,,,
515800,1664.2,0.000001,,,,,,,,
515900,1664.5,0.000000,,,,,,,,
516000,1664.8,0.000001,,,,,,,,
516100,1665.1,0.000001,,,,,,,,
516200,1665.4,0.000001,,,,,,,,
516300,1665.7,0.000001,,,,,,,,
516400,1666.0,0.000001,,,,,,,,
516500,1666.3,0.000001,,,,,,,,
516600,1666.6,0.000001,,,,,,,,
516700,1666.9,0.000001,,,,,,,,
516800,1667.2,0.000001,,,,,,,,
516900,1667.5,0.000001,,,,,,,,
517000,1667.8,0.000001,,,,,,,,
517100,1668.2,0.000001,,,,,,,,
517200,1668.5,0.000000,,,,,,,,
517300,1668.8,0.000001,,,,,,,,
517400,1669.1,0.000001,,,,,,,,
517500,1669.4,0.000001,,,,,,,,
517600,1669.7,0.000001,,,,,,,,
517700,1670.0,0.000000,,,,,,,,
517800,1670.3,0.000001,,,,,,,,
517900,1670.6,0.000001,,,,,,,,
518000,1670.9,0.000001,,,,,,,,
518100,1671.2,0.000001,,,,,,,,
518200,1671.5,0.000000,,,,,,,,
518300,1671.8,0.000001,,,,,,,,
518400,1672.1,0.000001,,,,,,,,
518500,1672.4,0.000001,,,,,,,,
518600,1672.7,0.000001,,,,,,,,
518700,1673.0,0.000001,,,,,,,,
518800,1673.3,0.000001,,,,,,,,
518900,1673.6,0.000001,,,,,,,,
519000,1673.9,0.000001,,,,,,,,
519100,1674.2,0.000000,,,,,,,,
519200,1674.5,0.000000,,,,,,,,
519300,1674.8,0.000001,,,,,,,,
519400,1675.1,0.000001,,,,,,,,
519500,1675.4,0.000000,,,,,,,,
519600,1675.7,0.000001,,,,,,,,
519700,1676.0,0.000001,,,,,,,,
519800,1676.4,0.000001,,,,,,,,
519900,1676.7,0.000001,,,,,,,,
520000,1678.1,0.000001,0.000001,5.427203e-01,5.035577e-02,4.542627e-02,0.000000,4.116852e-01,4.969958e-02,4.517592e-02
520100,1678.3,0.000001,,,,,,,,
520200,1678.6,0.000001,,,,,,,,
520300,1678.9,0.000001,,,,,,,,
520400,1679.3,0.000001,,,,,,,,
520500,1679.6,0.000001,,,,,,,,
520600,1679.9,0.000001,,,,,,,,
520700,1680.1,0.000000,,,,,,,,
520800,1680.4,0.000001,,,,,,,,
520900,1680.8,0.000001,,,,,,,,
521000,1681.1,0.000000,,,,,,,,
521100,1681.4,0.000001,,,,,,,,
521200,1681.7,0.000001,,,,,,,,
521300,1682.0,0.000001,,,,,,,,
521400,1682.3,0.000000,,,,,,,,
521500,1682.6,0.000001,,,,,,,,
521600,1682.9,0.000001,,,,,,,,
521700,1683.2,0.000001,,,,,,,,
521800,1683.5,0.000000,,,,,,,,
521900,1683.8,0.000000,,,,,,,,
522000,1684.1,0.000001,,,,,,,,
522100,1684.4,0.000001,,,,,,,,
522200,1684.7,0.000001,,,,,,,,
522300,1685.0,0.000001,,,,,,,,
522400,1685.3,0.000001,,,,,,,,
522500,1685.6,0.000001,,,,,,,,
522600,1685.9,0.000001,,,,,,,,
522700,1686.2,0.000001,,,,,,,,
522800,1686.5,0.000001,,,,,,,,
522900,1686.8,0.000001,,,,,,,,
523000,1687.1,0.000001,,,,,,,,
523100,1687.4,0.000001,,,,,,,,
523200,1687.7,0.000001,,,,,,,,
523300,1688.0,0.000001,,,,,,,,
523400,1688.3,0.000001,,,,,,,,
523500,1688.6,0.000001,,,,,,,,
523600,1688.9,0.000001,,,,,,,,
523700,1689.2,0.000001,,,,,,,,
523800,1689.5,0.000001,,,,,,,,
523900,1689.8,0.000001,,,,,,,,
524000,1690.1,0.000001,,,,,,,,
524100,1690.4,0.000001,,,,,,,,
524200,1690.8,0.000001,,,,,,,,
524300,1691.1,0.000001,,,,,,,,
524400,1691.4,0.000001,,,,,,,,
524500,1691.7,0.000001,,,,,,,,
524600,1692.0,0.000001,,,,,,,,
524700,1692.3,0.000001,,,,,,,,
524800,1692.6,0.000001,,,,,,,,
524900,1692.9,0.000000,,,,,,,,
525000,1694.3,0.000001,0.000001,5.150370e-01,3.843419e-02,3.191850e-02,0.000000,3.884900e-01,3.702434e-02,3.127080e-02
525100,1694.5,0.000000,,,,,,,,
525200,1694.8,0.000001,,,,,,,,
525300,1695.1,0.000001,,,,,,,,
525400,1695.4,0.000001,,,,,,,,
525500,1695.7,0.000000,,,,,,,,
525600,1696.0,0.000001,,,,,,,,
525700,1696.3,0.000001,,,,,,,,
525800,1696.6,0.000000,,,,,,,,
525900,1696.9,0.000000,,,,,,,,
526000,1697.2,0.000001,,,,,,,,
526100,1697.5,0.000000,,,,,,,,
526200,1697.8,0.000000,,,,,,,,
526300,1698.1,0.000001,,,,,,,,
526400,1698.4,0.000001,,,,,,,,
526500,1698.8,0.000000,,,,,,,,
526600,1699.1,0.000001,,,,,,,,
526700,1699.4,0.000001,,,,,,,,
526800,1699.7,0.000001,,,,,,,,
526900,1700.0,0.000001,,,,,,,,
527000,1700.3,0.000001,,,,,,,,
527100,1700.5,0.000001,,,,,,,,
527200,1700.8,0.000001,,,,,,,,
527300,1701.1,0.000001,,,,,,,,
527400,1701.4,0.000001,,,,,,,,
527500,1701.7,0.000001,,,,,,,,
527600,1702.1,0.000001,,,,,,,,
527700,1702.4,0.000001,,,,,,,,
527800,1702.7,0.000001,,,,,,,,
527900,1703.0,0.000001,,,,,,,,
528000,1703.3,0.000001,,,,,,,,
528100,1703.6,0.000001,,,,,,,,
528200,1703.9,0.000000,,,,,,,,
528300,1704.2,0.000000,,,,,,,,
528400,1704.5,0.000001,,,,,,,,
528500,1704.8,0.000001,,,,,,,,
528600,1705.1,0.000001,,,,,,,,
528700,1705.4,0.000001,,,,,,,,
528800,1705.7,0.000001,,,,,,,,
528900,1706.0,0.000000,,,,,,,,
529000,1706.3,0.000001,,,,,,,,
529100,1706.6,0.000001,,,,,,,,
529200,1706.9,0.000001,,,,,,,,
529300,1707.2,0.000001,,,,,,,,
529400,1707.5,0.000000,,,,,,,,
529500,1707.8,0.000000,,,,,,,,
529600,1708.1,0.000000,,,,,,,,
529700,1708.4,0.000001,,,,,,,,
529800,1708.7,0.000001,,,,,,,,
529900,1709.0,0.000001,,,,,,,,
530000,1710.4,0.000001,0.000001,5.439753e-01,5.184016e-02,4.800481e-02,0.000000,4.129594e-01,5.096003e-02,4.772671e-02
530100,1710.7,0.000000,,,,,,,,
530200,1710.9,0.000001,,,,,,,,
530300,1711.2,0.000001,,,,,,,,
530400,1711.5,0.000001,,,,,,,,
530500,1711.8,0.000001,,,,,,,,
530600,1712.1,0.000001,,,,,,,,
530700,1712.4,0.000001,,,,,,,,
530800,1712.7,0.000001,,,,,,,,
530900,1713.0,0.000001,,,,,,,,
531000,1713.3,0.000001,,,,,,,,
531100,1713.6,0.000000,,,,,,,,
531200,1713.9,0.000001,,,,,,,,
531300,1714.2,0.000001,,,,,,,,
531400,1714.5,0.000001,,,,,,,,
531500,1714.8,0.000001,,,,,,,,
531600,1715.1,0.000001,,,,,,,,
531700,1715.4,0.000000,,,,,,,,
531800,1715.7,0.000001,,,,,,,,
531900,1716.1,0.000001,,,,,,,,
532000,1716.3,0.000001,,,,,,,,
532100,1716.6,0.000001,,,,,,,,
532200,1717.0,0.000000,,,,,,,,
532300,1717.3,0.000001,,,,,,,,
532400,1717.6,0.000001,,,,,,,,
532500,1717.9,0.000001,,,,,,,,
532600,1718.2,0.000000,,,,,,,,
532700,1718.5,0.000001,,,,,,,,
532800,1718.8,0.000001,,,,,,,,
532900,1719.1,0.000001,,,,,,,,
533000,1719.4,0.000001,,,,,,,,
533100,1719.7,0.000001,,,,,,,,
533200,1720.0,0.000001,,,,,,,,
533300,1720.3,0.000000,,,,,,,,
533400,1720.6,0.000001,,,,,,,,
533500,1720.9,0.000001,,,,,,,,
533600,1721.2,0.000001,,,,,,,,
533700,1721.5,0.000000,,,,,,,,
533800,1721.8,0.000000,,,,,,,,
533900,1722.1,0.000001,,,,,,,,
534000,1722.4,0.000001,,,,,,,,
534100,1722.7,0.000000,,,,,,,,
534200,1723.0,0.000001,,,,,,,,
534300,1723.3,0.000001,,,,,,,,
534400,1723.6,0.000000,,,,,,,,
534500,1723.9,0.000001,,,,,,,,
534600,1724.2,0.000001,,,,,,,,
534700,1724.5,0.000001,,,,,,,,
534800,1724.8,0.000000,,,,,,,,
534900,1725.2,0.000001,,,,,,,,
535000,1726.6,0.000001,0.000001,5.296015e-01,3.077805e-02,2.204932e-02,0.000000,3.997929e-01,2.955517e-02,2.145888e-02
535100,1726.8,0.000001,,,,,,,,
535200,1727.1,0.000001,,,,,,,,
535300,1727.4,0.000001,,,,,,,,
535400,1727.7,0.000001,,,,,,,,
535500,1728.0,0.000001,,,,,,,,
535600,1728.3,0.000001,,,,,,,,
535700,1728.6,0.000000,,,,,,,,
535800,1728.9,0.000001,,,,,,,,
535900,1729.2,0.000000,,,,,,,,
536000,1729.5,0.000001,,,,,,,,
536100,1729.8,0.000001,,,,,,,,
536200,1730.1,0.000001,,,,,,,,
536300,1730.4,0.000001,,,,,,,,
536400,1730.7,0.000001,,,,,,,,
536500,1731.0,0.000000,,,,,,,,
536600,1731.3,0.000000,,,,,,,,
536700,1731.7,0.000001,,,,,,,,
536800,1732.0,0.000000,,,,,,,,
536900,1732.3,0.000000,,,,,,,,
537000,1732.6,0.000000,,,,,,,,
537100,1732.9,0.000001,,,,,,,,
537200,1733.2,0.000000,,,,,,,,
537300,1733.5,0.000001,,,,,,,,
537400,1733.8,0.000001,,,,,,,,
537500,1734.1,0.000001,,,,,,,,
537600,1734.4,0.000001,,,,,,,,
537700,1734.7,0.000001,,,,,,,,
537800,1735.0,0.000000,,,,,,,,
537900,1735.3,0.000001,,,,,,,,
538000,1735.6,0.000001,,,,,,,,
538100,1735.9,0.000000,,,,,,,,
538200,1736.2,0.000001,,,,,,,,
538300,1736.5,0.000001,,,,,,,,
538400,1736.8,0.000000,,,,,,,,
538500,1737.1,0.000001,,,,,,,,
538600,1737.4,0.000001,,,,,,,,
538700,1737.7,0.000001,,,,,,,,
538800,1738.1,0.000001,,,,,,,,
538900,1738.4,0.000001,,,,,,,,
539000,1738.7,0.000001,,,,,,,,
539100,1739.0,0.000000,,,,,,,,
539200,1739.3,0.000001,,,,,,,,
539300,1739.6,0.000000,,,,,,,,
539400,1739.9,0.000001,,,,,,,,
539500,1740.2,0.000001,,,,,,,,
539600,1740.5,0.000001,,,,,,,,
539700,1740.8,0.000000,,,,,,,,
539800,1741.1,0.000000,,,,,,,,
539900,1741.4,0.000000,,,,,,,,
540000,1742.8,0.000001,0.000001,5.792536e-01,3.348853e-02,2.642930e-02,0.000000,4.536336e-01,3.244906e-02,2.601478e-02
540100,1743.0,0.000001,,,,,,,,
540200,1743.3,0.000001,,,,,,,,
540300,1743.6,0.000001,,,,,,,,
540400,1743.9,0.000001,,,,,,,,
540500,1744.2,0.000001,,,,,,,,
540600,1744.5,0.000000,,,,,,,,
540700,1744.8,0.000001,,,,,,,,
540800,1745.1,0.000000,,,,,,,,
540900,1745.4,0.000000,,,,,,,,
541000,1745.7,0.000001,,,,,,,,
541100,1746.1,0.000000,,,,,,,,
541200,1746.4,0.000001,,,,,,,,
541300,1746.7,0.000000,,,,,,,,
541400,1747.0,0.000000,,,,,,,,
541500,1747.3,0.000001,,,,,,,,
541600,1747.6,0.000001,,,,,,,,
541700,1747.9,0.000001,,,,,,,,
541800,1748.2,0.000001,,,,,,,,
541900,1748.5,0.000001,,,,,,,,
542000,1748.8,0.000000,,,,,,,,
542100,1749.1,0.000000,,,,,,,,
542200,1749.4,0.000001,,,,,,,,
542300,1749.7,0.000001,,,,,,,,
542400,1750.0,0.000001,,,,,,,,
542500,1750.3,0.000001,,,,,,,,
542600,1750.6,0.000000,,,,,,,,
542700,1750.9,0.000001,,,,,,,,
542800,1751.2,0.000001,,,,,,,,
542900,1751.5,0.000001,,,,,,,,
543000,1751.8,0.000000,,,,,,,,
543100,1752.1,0.000001,,,,,,,,
543200,1752.4,0.000000,,,,,,,,
543300,1752.7,0.000000,,,,,,,,
543400,1753.0,0.000000,,,,,,,,
543500,1753.3,0.000000,,,,,,,,
543600,1753.6,0.000001,,,,,,,,
543700,1753.9,0.000000,,,,,,,,
543800,1754.2,0.000001,,,,,,,,
543900,1754.5,0.000001,,,,,,,,
544000,1754.8,0.000001,,,,,,,,
544100,1755.1,0.000001,,,,,,,,
544200,1755.4,0.000001,,,,,,,,
544300,1755.7,0.000001,,,,,,,,
544400,1756.0,0.000001,,,,,,,,
544500,1756.3,0.000000,,,,,,,,
544600,1756.6,0.000001,,,,,,,,
544700,1756.9,0.000001,,,,,,,,
544800,1757.2,0.000001,,,,,,,,
544900,1757.5,0.000001,,,,,,,,
545000,1758.9,0.000000,0.000000,5.170035e-01,3.075636e-02,2.242670e-02,0.000000,3.927605e-01,2.939652e-02,2.167434e-02
545100,1759.2,0.000000,,,,,,,,
545200,1759.4,0.000001,,,,,,,,
545300,1759.7,0.000001,,,,,,,,
545400,1760.0,0.000000,,,,,,,,
545500,1760.3,0.000001,,,,,,,,
545600,1760.6,0.000001,,,,,,,,
545700,1760.9,0.000000,,,,,,,,
545800,1761.2,0.000001,,,,,,,,
545900,1761.5,0.000001,,,,,,,,
546000,1761.8,0.000000,,,,,,,,
546100,1762.2,0.000001,,,,,,,,
546200,1762.5,0.000000,,,,,,,,
546300,1762.8,0.000000,,,,,,,,
546400,1763.1,0.000000,,,,,,,,
546500,1763.4,0.000001,,,,,,,,
546600,1763.7,0.000000,,,,,,,,
546700,1764.0,0.000001,,,,,,,,
546800,1764.3,0.000001,,,,,,,,
546900,1764.6,0.000001,,,,,,,,
547000,1764.9,0.000001,,,,,,,,
547100,1765.2,0.000000,,,,,,,,
547200,1765.5,0.000001,,,,,,,,
547300,1765.8,0.000001,,,,,,,,
547400,1766.1,0.000001,,,,,,,,
547500,1766.4,0.000001,,,,,,,,
547600,1766.7,0.000001,,,,,,,,
547700,1767.0,0.000000,,,,,,,,
547800,1767.3,0.000001,,,,,,,,
547900,1767.5,0.000001,,,,,,,,
548000,1767.8,0.000001,,,,,,,,
548100,1768.1,0.000001,,,,,,,,
548200,1768.4,0.000001,,,,,,,,
548300,1768.8,0.000001,,,,,,,,
548400,1769.1,0.000001,,,,,,,,
548500,1769.4,0.000001,,,,,,,,
548600,1769.7,0.000000,,,,,,,,
548700,1770.0,0.000001,,,,,,,,
548800,1770.3,0.000001,,,,,,,,
548900,1770.6,0.000000,,,,,,,,
549000,1770.9,0.000001,,,,,,,,
549100,1771.2,0.000001,,,,,,,,
549200,1771.5,0.000001,,,,,,,,
549300,1771.8,0.000000,,,,,,,,
549400,1772.1,0.000000,,,,,,,,
549500,1772.4,0.000001,,,,,,,,
549600,1772.7,0.000001,,,,,,,,
549700,1773.0,0.000001,,,,,,,,
549800,1773.3,0.000000,,,,,,,,
549900,1773.6,0.000001,,,,,,,,
550000,1775.1,0.000001,0.000001,5.520415e-01,4.893415e-02,4.369720e-02,0.000000,4.257100e-01,4.879973e-02,4.394133e-02
550100,1775.3,0.000001,,,,,,,,
550200,1775.6,0.000001,,,,,,,,
550300,1775.9,0.000000,,,,,,,,
550400,1776.2,0.000001,,,,,,,,
550500,1776.5,0.000001,,,,,,,,
550600,1776.8,0.000001,,,,,,,,
550700,1777.1,0.000000,,,,,,,,
550800,1777.4,0.000001,,,,,,,,
550900,1777.7,0.000000,,,,,,,,
551000,1778.0,0.000001,,,,,,,,
551100,1778.3,0.000001,,,,,,,,
551200,1778.6,0.000001,,,,,,,,
551300,1778.9,0.000001,,,,,,,,
551400,1779.2,0.000001,,,,,,,,
551500,1779.5,0.000001,,,,,,,,
551600,1779.8,0.000001,,,,,,,,
551700,1780.1,0.000000,,,,,,,,
551800,1780.4,0.000000,,,,,,,,
551900,1780.7,0.000001,,,,,,,,
552000,1781.0,0.000000,,,,,,,,
552100,1781.4,0.000001,,,,,,,,
552200,1781.7,0.000001,,,,,,,,
552300,1782.0,0.000000,,,,,,,,
552400,1782.3,0.000000,,,,,,,,
552500,1782.6,0.000001,,,,,,,,
552600,1782.9,0.000001,,,,,,,,
552700,1783.2,0.000000,,,,,,,,
552800,1783.5,0.000001,,,,,,,,
552900,1783.8,0.000001,,,,,,,,
553000,1784.1,0.000001,,,,,,,,
553100,1784.4,0.000001,,,,,,,,
553200,1784.7,0.000001,,,,,,,,
553300,1785.0,0.000000,,,,,,,,
553400,1785.3,0.000001,,,,,,,,
553500,1785.6,0.000001,,,,,,,,
553600,1785.9,0.000001,,,,,,,,
553700,1786.2,0.000000,,,,,,,,
553800,1786.5,0.000000,,,,,,,,
553900,1786.8,0.000000,,,,,,,,
554000,1787.1,0.000001,,,,,,,,
554100,1787.4,0.000001,,,,,,,,
554200,1787.7,0.000000,,,,,,,,
554300,1788.0,0.000001,,,,,,,,
554400,1788.3,0.000000,,,,,,,,
554500,1788.6,0.000001,,,,,,,,
554600,1788.9,0.000001,,,,,,,,
554700,1789.2,0.000000,,,,,,,,
554800,1789.5,0.000001,,,,,,,,
554900,1789.8,0.000001,,,,,,,,
555000,1791.2,0.000001,0.000001,5.292773e-01,3.472673e-02,2.801173e-02,0.000000,4.077580e-01,3.338417e-02,2.732573e-02
555100,1791.5,0.000001,,,,,,,,
555200,1791.8,0.000000,,,,,,,,
555300,1792.1,0.000001,,,,,,,,
555400,1792.4,0.000001,,,,,,,,
555500,1792.7,0.000001,,,,,,,,
555600,1793.0,0.000001,,,,,,,,
555700,1793.3,0.000001,,,,,,,,
555800,1793.6,0.000001,,,,,,,,
555900,1793.9,0.000001,,,,,,,,
556000,1794.2,0.000000,,,,,,,,
556100,1794.5,0.000001,,,,,,,,
556200,1794.8,0.000000,,,,,,,,
556300,1795.1,0.000000,,,,,,,,
556400,1795.4,0.000001,,,,,,,,
556500,1795.7,0.000001,,,,,,,,
556600,1796.0,0.000001,,,,,,,,
556700,1796.3,0.000000,,,,,,,,
556800,1796.6,0.000001,,,,,,,,
556900,1796.9,0.000000,,,,,,,,
557000,1797.2,0.000001,,,,,,,,
557100,1797.5,0.000001,,,,,,,,
557200,1797.8,0.000001,,,,,,,,
557300,1798.1,0.000001,,,,,,,,
557400,1798.4,0.000000,,,,,,,,
557500,1798.7,0.000001,,,,,,,,
557600,1799.0,0.000001,,,,,,,,
557700,1799.3,0.000001,,,,,,,,
557800,1799.6,0.000001,,,,,,,,
557900,1799.9,0.000001,,,,,,,,
558000,1800.3,0.000001,,,,,,,,
558100,1800.6,0.000000,,,,,,,,
558200,1800.8,0.000001,,,,,,,,
558300,1801.1,0.000000,,,,,,,,
558400,1801.4,0.000001,,,,,,,,
558500,1801.7,0.000001,,,,,,,,
558600,1802.0,0.000001,,,,,,,,
558700,1802.3,0.000001,,,,,,,,
558800,1802.6,0.000001,,,,,,,,
558900,1802.9,0.000001,,,,,,,,
559000,1803.3,0.000001,,,,,,,,
559100,1803.6,0.000001,,,,,,,,
559200,1803.9,0.000000,,,,,,,,
559300,1804.2,0.000001,,,,,,,,
559400,1804.5,0.000000,,,,,,,,
559500,1804.8,0.000000,,,,,,,,
559600,1805.1,0.000001,,,,,,,,
559700,1805.4,0.000000,,,,,,,,
559800,1805.7,0.000000,,,,,,,,
559900,1806.0,0.000000,,,,,,,,
560000,1807.4,0.000001,0.000000,5.742220e-01,2.991302e-02,2.250488e-02,0.000000,4.451840e-01,2.852806e-02,2.184513e-02
560100,1807.7,0.000001,,,,,,,,
560200,1808.0,0.000000,,,,,,,,
560300,1808.3,0.000001,,,,,,,,
560400,1808.5,0.000000,,,,,,,,
560500,1808.8,0.000001,,,,,,,,
560600,1809.1,0.000001,,,,,,,,
560700,1809.4,0.000000,,,,,,,,
560800,1809.8,0.000001,,,,,,,,
560900,1810.1,0.000001,,,,,,,,
561000,1810.4,0.000001,,,,,,,,
561100,1810.7,0.000000,,,,,,,,
561200,1811.0,0.000000,,,,,,,,
561300,1811.3,0.000001,,,,,,,,
561400,1811.6,0.000001,,,,,,,,
561500,1811.9,0.000000,,,,,,,,
561600,1812.2,0.000000,,,,,,,,
561700,1812.5,0.000000,,,,,,,,
561800,1812.8,0.000000,,,,,,,,
561900,1813.1,0.000001,,,,,,,,
562000,1813.4,0.000001,,,,,,,,
562100,1813.7,0.000001,,,,,,,,
562200,1814.0,0.000001,,,,,,,,
562300,1814.3,0.000001,,,,,,,,
562400,1814.6,0.000000,,,,,,,,
562500,1814.9,0.000000,,,,,,,,
562600,1815.2,0.000000,,,,,,,,
562700,1815.5,0.000001,,,,,,,,
562800,1815.8,0.000001,,,,,,,,
562900,1816.1,0.000001,,,,,,,,
563000,1816.4,0.000000,,,,,,,,
563100,1816.7,0.000001,,,,,,,,
563200,1817.0,0.000001,,,,,,,,
563300,1817.3,0.000001,,,,,,,,
563400,1817.6,0.000001,,,,,,,,
563500,1817.9,0.000000,,,,,,,,
563600,1818.2,0.000001,,,,,,,,
563700,1818.5,0.000001,,,,,,,,
563800,1818.8,0.000001,,,,,,,,
563900,1819.1,0.000001,,,,,,,,
564000,1819.4,0.000000,,,,,,,,
564100,1819.7,0.000001,,,,,,,,
564200,1820.0,0.000001,,,,,,,,
564300,1820.3,0.000001,,,,,,,,
564400,1820.6,0.000000,,,,,,,,
564500,1820.9,0.000001,,,,,,,,
564600,1821.2,0.000001,,,,,,,,
564700,1821.6,0.000001,,,,,,,,
564800,1821.9,0.000000,,,,,,,,
564900,1822.2,0.000001,,,,,,,,
565000,1823.6,0.000001,0.000000,5.331320e-01,3.066011e-02,2.231620e-02,0.000000,4.051526e-01,2.944783e-02,2.171102e-02
565100,1823.8,0.000001,,,,,,,,
565200,1824.1,0.000000,,,,,,,,
565300,1824.4,0.000001,,,,,,,,
565400,1824.7,0.000000,,,,,,,,
565500,1825.0,0.000001,,,,,,,,
565600,1825.3,0.000000,,,,,,,,
565700,1825.6,0.000001,,,,,,,,
565800,1826.0,0.000001,,,,,,,,
565900,1826.3,0.000000,,,,,,,,
566000,1826.6,0.000001,,,,,,,,
566100,1826.9,0.000001,,,,,,,,
566200,1827.2,0.000001,,,,,,,,
566300,1827.5,0.000001,,,,,,,,
566400,1827.8,0.000000,,,,,,,,
566500,1828.1,0.000001,,,,,,,,
566600,1828.4,0.000001,,,,,,,,
566700,1828.7,0.000001,,,,,,,,
566800,1829.0,0.000001,,,,,,,,
566900,1829.3,0.000001,,,,,,,,
567000,1829.6,0.000001,,,,,,,,
567100,1829.9,0.000001,,,,,,,,
567200,1830.2,0.000001,,,,,,,,
567300,1830.5,0.000001,,,,,,,,
567400,1830.8,0.000000,,,,,,,,
567500,1831.1,0.000001,,,,,,,,
567600,1831.4,0.000001,,,,,,,,
567700,1831.7,0.000001,,,,,,,,
567800,1832.0,0.000001,,,,,,,,
567900,1832.3,0.000000,,,,,,,,
568000,1832.6,0.000000,,,,,,,,
568100,1832.9,0.000001,,,,,,,,
568200,1833.2,0.000000,,,,,,,,
568300,1833.5,0.000001,,,,,,,,
568400,1833.8,0.000000,,,,,,,,
568500,1834.2,0.000001,,,,,,,,
568600,1834.5,0.000001,,,,,,,,
568700,1834.8,0.000000,,,,,,,,
568800,1835.1,0.000001,,,,,,,,
568900,1835.4,0.000001,,,,,,,,
569000,1835.7,0.000000,,,,,,,,
569100,1836.0,0.000001,,,,,,,,
569200,1836.3,0.000001,,,,,,,,
569300,1836.6,0.000001,,,,,,,,
569400,1836.8,0.000001,,,,,,,,
569500,1837.1,0.000000,,,,,,,,
569600,1837.5,0.000001,,,,,,,,
569700,1837.8,0.000000,,,,,,,,
569800,1838.1,0.000001,,,,,,,,
569900,1838.4,0.000001,,,,,,,,
570000,1839.8,0.000000,0.000001,4.938788e-01,4.130808e-02,3.589987e-02,0.000000,3.756192e-01,4.037608e-02,3.561598e-02
570100,1840.0,0.000001,,,,,,,,
570200,1840.3,0.000000,,,,,,,,
570300,1840.6,0.000000,,,,,,,,
570400,1840.9,0.000000,,,,,,,,
570500,1841.2,0.000001,,,,,,,,
570600,1841.5,0.000001,,,,,,,,
570700,1841.8,0.000000,,,,,,,,
570800,1842.2,0.000001,,,,,,,,
570900,1842.4,0.000000,,,,,,,,
571000,1842.8,0.000001,,,,,,,,
571100,1843.1,0.000000,,,,,,,,
571200,1843.4,0.000001,,,,,,,,
571300,1843.7,0.000001,,,,,,,,
571400,1844.0,0.000001,,,,,,,,
571500,1844.3,0.000001,,,,,,,,
571600,1844.6,0.000001,,,,,,,,
571700,1844.9,0.000001,,,,,,,,
571800,1845.2,0.000001,,,,,,,,
571900,1845.5,0.000000,,,,,,,,
572000,1845.8,0.000001,,,,,,,,
572100,1846.1,0.000001,,,,,,,,
572200,1846.4,0.000000,,,,,,,,
572300,1846.7,0.000001,,,,,,,,
572400,1847.0,0.000000,,,,,,,,
572500,1847.3,0.000001,,,,,,,,
572600,1847.6,0.000001,,,,,,,,
572700,1847.9,0.000001,,,,,,,,
572800,1848.2,0.000001,,,,,,,,
572900,1848.5,0.000001,,,,,,,,
573000,1848.8,0.000001,,,,,,,,
573100,1849.1,0.000000,,,,,,,,
573200,1849.4,0.000001,,,,,,,,
573300,1849.7,0.000001,,,,,,,,
573400,1850.0,0.000001,,,,,,,,
573500,1850.3,0.000000,,,,,,,,
573600,1850.6,0.000000,,,,,,,,
573700,1850.9,0.000001,,,,,,,,
573800,1851.2,0.000001,,,,,,,,
573900,1851.5,0.000000,,,,,,,,
574000,1851.7,0.000000,,,,,,,,
574100,1852.0,0.000001,,,,,,,,
574200,1852.3,0.000001,,,,,,,,
574300,1852.6,0.000000,,,,,,,,
574400,1852.9,0.000001,,,,,,,,
574500,1853.2,0.000001,,,,,,,,
574600,1853.6,0.000001,,,,,,,,
574700,1853.9,0.000001,,,,,,,,
574800,1854.2,0.000000,,,,,,,,
574900,1854.5,0.000001,,,,,,,,
575000,1855.9,0.000001,0.000000,5.661940e-01,3.101485e-02,2.362428e-02,0.000000,4.357827e-01,2.974439e-02,2.296680e-02
575100,1856.1,0.000001,,,,,,,,
575200,1856.4,0.000000,,,,,,,,
575300,1856.7,0.000001,,,,,,,,
575400,1857.0,0.000001,,,,,,,,
575500,1857.3,0.000001,,,,,,,,
575600,1857.6,0.000001,,,,,,,,
575700,1857.9,0.000000,,,,,,,,
575800,1858.2,0.000001,,,,,,,,
575900,1858.5,0.000001,,,,,,,,
576000,1858.8,0.000001,,,,,,,,
576100,1859.1,0.000001,,,,,,,,
576200,1859.4,0.000001,,,,,,,,
576300,1859.7,0.000000,,,,,,,,
576400,1860.0,0.000000,,,,,,,,
576500,1860.3,0.000001,,,,,,,,
576600,1860.6,0.000001,,,,,,,,
576700,1860.9,0.000001,,,,,,,,
576800,1861.2,0.000001,,,,,,,,
576900,1861.5,0.000001,,,,,,,,
577000,1861.8,0.000001,,,,,,,,
577100,1862.1,0.000001,,,,,,,,
577200,1862.4,0.000000,,,,,,,,
577300,1862.7,0.000000,,,,,,,,
577400,1863.0,0.000001,,,,,,,,
577500,1863.3,0.000001,,,,,,,,
577600,1863.6,0.000001,,,,,,,,
577700,1863.9,0.000000,,,,,,,,
577800,1864.2,0.000001,,,,,,,,
577900,1864.5,0.000001,,,,,,,,
578000,1864.8,0.000001,,,,,,,,
578100,1865.1,0.000001,,,,,,,,
578200,1865.4,0.000001,,,,,,,,
578300,1865.7,0.000001,,,,,,,,
578400,1866.0,0.000000,,,,,,,,
578500,1866.3,0.000000,,,,,,,,
578600,1866.6,0.000001,,,,,,,,
578700,1866.9,0.000000,,,,,,,,
578800,1867.2,0.000000,,,,,,,,
578900,1867.6,0.000000,,,,,,,,
579000,1867.9,0.000000,,,,,,,,
579100,1868.2,0.000001,,,,,,,,
579200,1868.5,0.000000,,,,,,,,
579300,1868.8,0.000000,,,,,,,,
579400,1869.1,0.000001,,,,,,,,
579500,1869.4,0.000001,,,,,,,,
579600,1869.7,0.000000,,,,,,,,
579700,1870.0,0.000001,,,,,,,,
579800,1870.3,0.000000,,,,,,,,
579900,1870.6,0.000001,,,,,,,,
580000,1872.0,0.000001,0.000001,5.401339e-01,4.078540e-02,3.528740e-02,0.000000,4.072602e-01,4.050685e-02,3.562211e-02
580100,1872.2,0.000001,,,,,,,,
580200,1872.5,0.000000,,,,,,,,
580300,1872.8,0.000000,,,,,,,,
580400,1873.1,0.000001,,,,,,,,
580500,1873.4,0.000001,,,,,,,,
580600,1873.7,0.000001,,,,,,,,
580700,1874.0,0.000001,,,,,,,,
580800,1874.3,0.000001,,,,,,,,
580900,1874.6,0.000001,,,,,,,,
581000,1874.9,0.000000,,,,,,,,
581100,1875.2,0.000000,,,,,,,,
581200,1875.5,0.000001,,,,,,,,
581300,1875.8,0.000001,,,,,,,,
581400,1876.1,0.000000,,,,,,,,
581500,1876.3,0.000001,,,,,,,,
581600,1876.6,0.000001,,,,,,,,
581700,1876.9,0.000001,,,,,,,,
581800,1877.2,0.000001,,,,,,,,
581900,1877.5,0.000001,,,,,,,,
582000,1877.8,0.000000,,,,,,,,
582100,1878.1,0.000000,,,,,,,,
582200,1878.4,0.000000,,,,,,,,
582300,1878.7,0.000001,,,,,,,,
582400,1879.0,0.000001,,,,,,,,
582500,1879.3,0.000001,,,,,,,,
582600,1879.6,0.000000,,,,,,,,
582700,1879.9,0.000001,,,,,,,,
582800,1880.2,0.000001,,,,,,,,
582900,1880.5,0.000000,,,,,,,,
583000,1880.8,0.000001,,,,,,,,
583100,1881.1,0.000000,,,,,,,,
583200,1881.4,0.000000,,,,,,,,
583300,1881.8,0.000000,,,,,,,,
583400,1882.1,0.000001,,,,,,,,
583500,1882.4,0.000001,,,,,,,,
583600,1882.7,0.000000,,,,,,,,
583700,1883.0,0.000001,,,,,,,,
583800,1883.3,0.000000,,,,,,,,
583900,1883.6,0.000001,,,,,,,,
584000,1883.9,0.000001,,,,,,,,
584100,1884.2,0.000001,,,,,,,,
584200,1884.5,0.000000,,,,,,,,
584300,1884.8,0.000000,,,,,,,,
584400,1885.1,0.000001,,,,,,,,
584500,1885.4,0.000000,,,,,,,,
584600,1885.7,0.000000,,,,,,,,
584700,1886.0,0.000000,,,,,,,,
584800,1886.3,0.000000,,,,,,,,
584900,1886.6,0.000001,,,,,,,,
585000,1888.0,0.000001,0.000001,5.354116e-01,3.198288e-02,2.406661e-02,0.000000,4.002679e-01,3.051627e-02,2.322771e-02
585100,1888.2,0.000001,,,,,,,,
585200,1888.5,0.000000,,,,,,,,
585300,1888.8,0.000001,,,,,,,,
585400,1889.1,0.000001,,,,,,,,
585500,1889.4,0.000001,,,,,,,,
585600,1889.7,0.000001,,,,,,,,
585700,1890.0,0.000001,,,,,,,,
585800,1890.3,0.000001,,,,,,,,
585900,1890.6,0.000000,,,,,,,,
586000,1890.9,0.000001,,,,,,,,
586100,1891.2,0.000000,,,,,,,,
586200,1891.5,0.000000,,,,,,,,
586300,1891.8,0.000000,,,,,,,,
586400,1892.2,0.000001,,,,,,,,
586500,1892.5,0.000001,,,,,,,,
586600,1892.8,0.000001,,,,,,,,
586700,1893.1,0.000001,,,,,,,,
586800,1893.4,0.000001,,,,,,,,
586900,1893.7,0.000001,,,,,,,,
587000,1894.0,0.000001,,,,,,,,
587100,1894.3,0.000001,,,,,,,,
587200,1894.6,0.000000,,,,,,,,
587300,1894.9,0.000001,,,,,,,,
587400,1895.2,0.000000,,,,,,,,
587500,1895.5,0.000001,,,,,,,,
587600,1895.8,0.000001,,,,,,,,
587700,1896.1,0.000001,,,,,,,,
587800,1896.4,0.000001,,,,,,,,
587900,1896.6,0.000001,,,,,,,,
588000,1896.9,0.000000,,,,,,,,
588100,1897.2,0.000000,,,,,,,,
588200,1897.5,0.000001,,,,,,,,
588300,1897.8,0.000001,,,,,,,,
588400,1898.1,0.000001,,,,,,,,
588500,1898.4,0.000001,,,,,,,,
588600,1898.7,0.000001,,,,,,,,
588700,1899.0,0.000001,,,,,,,,
588800,1899.3,0.000000,,,,,,,,
588900,1899.7,0.000000,,,,,,,,
589000,1900.0,0.000001,,,,,,,,
589100,1900.2,0.000001,,,,,,,,
589200,1900.6,0.000001,,,,,,,,
589300,1900.9,0.000001,,,,,,,,
589400,1901.2,0.000000,,,,,,,,
589500,1901.5,0.000001,,,,,,,,
589600,1901.8,0.000001,,,,,,,,
589700,1902.1,0.000001,,,,,,,,
589800,1902.4,0.000001,,,,,,,,
589900,1902.7,0.000000,,,,,,,,
590000,1904.1,0.000001,0.000001,5.647485e-01,3.566622e-02,2.926370e-02,0.000000,4.338010e-01,3.475352e-02,2.894580e-02
590100,1904.3,0.000001,,,,,,,,
590200,1904.6,0.000000,,,,,,,,
590300,1904.9,0.000001,,,,,,,,
590400,1905.2,0.000000,,,,,,,,
590500,1905.5,0.000000,,,,,,,,
590600,1905.8,0.000001,,,,,,,,
590700,1906.1,0.000001,,,,,,,,
590800,1906.4,0.000000,,,,,,,,
590900,1906.7,0.000001,,,,,,,,
591000,1907.0,0.000000,,,,,,,,
591100,1907.3,0.000001,,,,,,,,
591200,1907.6,0.000000,,,,,,,,
591300,1907.9,0.000000,,,,,,,,
591400,1908.2,0.000001,,,,,,,,
591500,1908.5,0.000000,,,,,,,,
591600,1908.8,0.000001,,,,,,,,
591700,1909.1,0.000000,,,,,,,,
591800,1909.4,0.000000,,,,,,,,
591900,1909.7,0.000001,,,,,,,,
592000,1910.0,0.000001,,,,,,,,
592100,1910.3,0.000000,,,,,,,,
592200,1910.7,0.000000,,,,,,,,
592300,1911.0,0.000001,,,,,,,,
592400,1911.3,0.000000,,,,,,,,
592500,1911.6,0.000001,,,,,,,,
592600,1911.9,0.000001,,,,,,,,
592700,1912.2,0.000000,,,,,,,,
592800,1912.5,0.000000,,,,,,,,
592900,1912.8,0.000001,,,,,,,,
593000,1913.1,0.000000,,,,,,,,
593100,1913.4,0.000000,,,,,,,,
593200,1913.7,0.000001,,,,,,,,
593300,1914.0,0.000001,,,,,,,,
593400,1914.3,0.000001,,,,,,,,
593500,1914.6,0.000001,,,,,,,,
593600,1914.9,0.000000,,,,,,,,
593700,1915.2,0.000001,,,,,,,,
593800,1915.5,0.000000,,,,,,,,
593900,1915.8,0.000001,,,,,,,,
594000,1916.1,0.000000,,,,,,,,
594100,1916.4,0.000000,,,,,,,,
594200,1916.7,0.000000,,,,,,,,
594300,1917.0,0.000001,,,,,,,,
594400,1917.3,0.000000,,,,,,,,
594500,1917.6,0.000001,,,,,,,,
594600,1918.0,0.000000,,,,,,,,
594700,1918.2,0.000001,,,,,,,,
594800,1918.5,0.000001,,,,,,,,
594900,1918.8,0.000001,,,,,,,,
595000,1920.2,0.000000,0.000000,5.438459e-01,3.082935e-02,2.334540e-02,0.000000,4.124558e-01,2.963112e-02,2.281374e-02
595100,1920.5,0.000001,,,,,,,,
595200,1920.8,0.000001,,,,,,,,
595300,1921.1,0.000001,,,,,,,,
595400,1921.4,0.000000,,,,,,,,
595500,1921.7,0.000000,,,,,,,,
595600,1922.0,0.000000,,,,,,,,
595700,1922.3,0.000000,,,,,,,,
595800,1922.6,0.000001,,,,,,,,
595900,1922.9,0.000000,,,,,,,,
596000,1923.2,0.000001,,,,,,,,
596100,1923.5,0.000000,,,,,,,,
596200,1923.8,0.000001,,,,,,,,
596300,1924.1,0.000000,,,,,,,,
596400,1924.4,0.000001,,,,,,,,
596500,1924.7,0.000001,,,,,,,,
596600,1925.0,0.000001,,,,,,,,
596700,1925.3,0.000000,,,,,,,,
596800,1925.6,0.000000,,,,,,,,
596900,1925.9,0.000000,,,,,,,,
597000,1926.2,0.000001,,,,,,,,
597100,1926.5,0.000000,,,,,,,,
597200,1926.8,0.000000,,,,,,,,
597300,1927.1,0.000001,,,,,,,,
597400,1927.3,0.000000,,,,,,,,
597500,1927.6,0.000001,,,,,,,,
597600,1927.9,0.000000,,,,,,,,
597700,1928.2,0.000001,,,,,,,,
597800,1928.6,0.000001,,,,,,,,
597900,1928.8,0.000000,,,,,,,,
598000,1929.2,0.000000,,,,,,,,
598100,1929.5,0.000000,,,,,,,,
598200,1929.8,0.000001,,,,,,,,
598300,1930.1,0.000001,,,,,,,,
598400,1930.4,0.000001,,,,,,,,
598500,1930.7,0.000001,,,,,,,,
598600,1931.0,0.000000,,,,,,,,
598700,1931.3,0.000000,,,,,,,,
598800,1931.6,0.000001,,,,,,,,
598900,1931.9,0.000001,,,,,,,,
599000,1932.2,0.000001,,,,,,,,
599100,1932.5,0.000001,,,,,,,,
599200,1932.8,0.000001,,,,,,,,
599300,1933.1,0.000000,,,,,,,,
599400,1933.4,0.000001,,,,,,,,
599500,1933.7,0.000001,,,,,,,,
599600,1934.0,0.000000,,,,,,,,
599700,1934.3,0.000001,,,,,,,,
599800,1934.6,0.000000,,,,,,,,
599900,1934.9,0.000001,,,,,,,,
600000,1936.3,0.000001,0.000000,5.253462e-01,3.139060e-02,2.388089e-02,0.000000,3.932488e-01,3.049575e-02,2.358380e-02
600100,1936.6,0.000000,,,,,,,,
600200,1936.9,0.000000,,,,,,,,
600300,1937.2,0.000000,,,,,,,,
600400,1937.4,0.000000,,,,,,,,
600500,1937.7,0.000000,,,,,,,,
600600,1938.0,0.000001,,,,,,,,
600700,1938.4,0.000000,,,,,,,,
600800,1938.7,0.000001,,,,,,,,
600900,1939.0,0.000000,,,,,,,,
601000,1939.3,0.000000,,,,,,,,
601100,1939.6,0.000000,,,,,,,,
601200,1939.9,0.000000,,,,,,,,
601300,1940.2,0.000000,,,,,,,,
601400,1940.4,0.000000,,,,,,,,
601500,1940.7,0.000000,,,,,,,,
601600,1941.0,0.000000,,,,,,,,
601700,1941.3,0.000001,,,,,,,,
601800,1941.6,0.000001,,,,,,,,
601900,1941.9,0.000000,,,,,,,,
602000,1942.2,0.000001,,,,,,,,
602100,1942.6,0.000000,,,,,,,,
602200,1942.8,0.000000,,,,,,,,
602300,1943.2,0.000000,,,,,,,,
602400,1943.5,0.000000,,,,,,,,
602500,1943.8,0.000000,,,,,,,,
602600,1944.1,0.000000,,,,,,,,
602700,1944.4,0.000001,,,,,,,,
602800,1944.7,0.000000,,,,,,,,
602900,1945.0,0.000000,,,,,,,,
603000,1945.3,0.000000,,,,,,,,
603100,1945.6,0.000001,,,,,,,,
603200,1945.9,0.000001,,,,,,,,
603300,1946.2,0.000001,,,,,,,,
603400,1946.5,0.000000,,,,,,,,
603500,1946.8,0.000001,,,,,,,,
603600,1947.1,0.000000,,,,,,,,
603700,1947.4,0.000000,,,,,,,,
603800,1947.7,0.000000,,,,,,,,
603900,1948.0,0.000001,,,,,,,,
604000,1948.3,0.000000,,,,,,,,
604100,1948.6,0.000000,,,,,,,,
604200,1948.9,0.000001,,,,,,,,
604300,1949.2,0.000000,,,,,,,,
604400,1949.5,0.000001,,,,,,,,
604500,1949.8,0.000001,,,,,,,,
604600,1950.1,0.000001,,,,,,,,
604700,1950.4,0.000000,,,,,,,,
604800,1950.7,0.000000,,,,,,,,
604900,1951.0,0.000001,,,,,,,,
605000,1952.4,0.000001,0.000000,5.116915e-01,2.952481e-02,2.044228e-02,0.000000,3.818085e-01,2.785854e-02,1.947191e-02
605100,1952.7,0.000000,,,,,,,,
605200,1952.9,0.000001,,,,,,,,
605300,1953.2,0.000001,,,,,,,,
605400,1953.5,0.000000,,,,,,,,
605500,1953.8,0.000001,,,,,,,,
605600,1954.1,0.000001,,,,,,,,
605700,1954.4,0.000001,,,,,,,,
605800,1954.7,0.000000,,,,,,,,
605900,1955.0,0.000001,,,,,,,,
606000,1955.3,0.000000,,,,,,,,
606100,1955.7,0.000001,,,,,,,,
606200,1956.0,0.000000,,,,,,,,
606300,1956.2,0.000001,,,,,,,,
606400,1956.5,0.000000,,,,,,,,
606500,1956.8,0.000000,,,,,,,,
606600,1957.1,0.000000,,,,,,,,
606700,1957.4,0.000000,,,,,,,,
606800,1957.7,0.000000,,,,,,,,
606900,1958.0,0.000000,,,,,,,,
607000,1958.3,0.000001,,,,,,,,
607100,1958.6,0.000000,,,,,,,,
607200,1958.9,0.000000,,,,,,,,
607300,1959.2,0.000000,,,,,,,,
607400,1959.5,0.000000,,,,,,,,
607500,1959.8,0.000000,,,,,,,,
607600,1960.1,0.000001,,,,,,,,
607700,1960.4,0.000001,,,,,,,,
607800,1960.7,0.000000,,,,,,,,
607900,1961.0,0.000001,,,,,,,,
608000,1961.3,0.000000,,,,,,,,
608100,1961.7,0.000001,,,,,,,,
608200,1962.0,0.000001,,,,,,,,
608300,1962.3,0.000000,,,,,,,,
608400,1962.6,0.000000,,,,,,,,
608500,1962.9,0.000001,,,,,,,,
608600,1963.2,0.000001,,,,,,,,
608700,1963.5,0.000001,,,,,,,,
608800,1963.8,0.000001,,,,,,,,
608900,1964.1,0.000001,,,,,,,,
609000,1964.4,0.000001,,,,,,,,
609100,1964.7,0.000001,,,,,,,,
609200,1965.0,0.000001,,,,,,,,
609300,1965.3,0.000000,,,,,,,,
609400,1965.6,0.000001,,,,,,,,
609500,1965.9,0.000001,,,,,,,,
609600,1966.2,0.000001,,,,,,,,
609700,1966.5,0.000000,,,,,,,,
609800,1966.8,0.000000,,,,,,,,
609900,1967.1,0.000001,,,,,,,,
610000,1968.5,0.000000,0.000000,5.714700e-01,3.061102e-02,2.363491e-02,0.000000,4.326699e-01,2.917905e-02,2.295596e-02
610100,1968.7,0.000001,,,,,,,,
610200,1969.0,0.000000,,,,,,,,
610300,1969.3,0.000001,,,,,,,,
610400,1969.6,0.000000,,,,,,,,
610500,1969.9,0.000000,,,,,,,,
610600,1970.2,0.000000,,,,,,,,
610700,1970.5,0.000001,,,,,,,,
610800,1970.8,0.000000,,,,,,,,
610900,1971.1,0.000001,,,,,,,,
611000,1971.4,0.000001,,,,,,,,
611100,1971.6,0.000000,,,,,,,,
611200,1971.9,0.000001,,,,,,,,
611300,1972.2,0.000001,,,,,,,,
611400,1972.5,0.000000,,,,,,,,
611500,1972.8,0.000001,,,,,,,,
611600,1973.1,0.000000,,,,,,,,
611700,1973.4,0.000000,,,,,,,,
611800,1973.7,0.000000,,,,,,,,
611900,1974.0,0.000001,,,,,,,,
612000,1974.3,0.000000,,,,,,,,
612100,1974.6,0.000000,,,,,,,,
612200,1974.9,0.000001,,,,,,,,
612300,1975.2,0.000000,,,,,,,,
612400,1975.5,0.000000,,,,,,,,
612500,1975.8,0.000000,,,,,,,,
612600,1976.1,0.000000,,,,,,,,
612700,1976.4,0.000000,,,,,,,,
612800,1976.7,0.000000,,,,,,,,
612900,1977.0,0.000001,,,,,,,,
613000,1977.3,0.000001,,,,,,,,
613100,1977.6,0.000001,,,,,,,,
613200,1977.9,0.000000,,,,,,,,
613300,1978.2,0.000000,,,,,,,,
613400,1978.5,0.000001,,,,,,,,
613500,1978.8,0.000000,,,,,,,,
613600,1979.1,0.000001,,,,,,,,
613700,1979.4,0.000001,,,,,,,,
613800,1979.7,0.000000,,,,,,,,
613900,1980.0,0.000001,,,,,,,,
614000,1980.3,0.000000,,,,,,,,
614100,1980.6,0.000001,,,,,,,,
614200,1981.0,0.000000,,,,,,,,
614300,1981.3,0.000000,,,,,,,,
614400,1981.6,0.000001,,,,,,,,
614500,1981.9,0.000000,,,,,,,,
614600,1982.2,0.000000,,,,,,,,
614700,1982.5,0.000000,,,,,,,,
614800,1982.8,0.000000,,,,,,,,
614900,1983.1,0.000000,,,,,,,,
615000,1984.5,0.000000,0.000000,5.218465e-01,2.679507e-02,1.813643e-02,0.000000,3.878129e-01,2.526427e-02,1.736920e-02
615100,1984.7,0.000001,,,,,,,,
615200,1985.0,0.000000,,,,,,,,
615300,1985.4,0.000000,,,,,,,,
615400,1985.7,0.000001,,,,,,,,
615500,1986.0,0.000001,,,,,,,,
615600,1986.3,0.000001,,,,,,,,
615700,1986.6,0.000001,,,,,,,,
615800,1986.9,0.000000,,,,,,,,
615900,1987.2,0.000001,,,,,,,,
616000,1987.5,0.000000,,,,,,,,
616100,1987.8,0.000000,,,,,,,,
616200,1988.1,0.000000,,,,,,,,
616300,1988.4,0.000000,,,,,,,,
616400,1988.7,0.000000,,,,,,,,
616500,1989.0,0.000001,,,,,,,,
616600,1989.3,0.000001,,,,,,,,
616700,1989.6,0.000000,,,,,,,,
616800,1989.9,0.000001,,,,,,,,
616900,1990.2,0.000001,,,,,,,,
617000,1990.5,0.000000,,,,,,,,
617100,1990.8,0.000001,,,,,,,,
617200,1991.1,0.000000,,,,,,,,
617300,1991.4,0.000000,,,,,,,,
617400,1991.8,0.000000,,,,,,,,
617500,1992.1,0.000000,,,,,,,,
617600,1992.4,0.000000,,,,,,,,
617700,1992.7,0.000001,,,,,,,,
617800,1993.0,0.000000,,,,,,,,
617900,1993.3,0.000000,,,,,,,,
618000,1993.6,0.000001,,,,,,,,
618100,1993.9,0.000000,,,,,,,,
618200,1994.2,0.000000,,,,,,,,
618300,1994.5,0.000001,,,,,,,,
618400,1994.8,0.000001,,,,,,,,
618500,1995.1,0.000000,,,,,,,,
618600,1995.4,0.000000,,,,,,,,
618700,1995.7,0.000001,,,,,,,,
618800,1996.0,0.000001,,,,,,,,
618900,1996.3,0.000000,,,,,,,,
619000,1996.6,0.000000,,,,,,,,
619100,1996.8,0.000001,,,,,,,,
619200,1997.1,0.000001,,,,,,,,
619300,1997.5,0.000000,,,,,,,,
619400,1997.8,0.000000,,,,,,,,
619500,1998.1,0.000001,,,,,,,,
619600,1998.4,0.000000,,,,,,,,
619700,1998.7,0.000000,,,,,,,,
619800,1999.0,0.000000,,,,,,,,
619900,1999.3,0.000000,,,,,,,,
620000,2000.7,0.000000,0.000000,5.390489e-01,2.732710e-02,1.989918e-02,0.000000,4.022477e-01,2.634907e-02,1.950209e-02
620100,2000.9,0.000001,,,,,,,,
620200,2001.2,0.000000,,,,,,,,
620300,2001.5,0.000000,,,,,,,,
620400,2001.8,0.000000,,,,,,,,
620500,2002.1,0.000000,,,,,,,,
620600,2002.4,0.000001,,,,,,,,
620700,2002.7,0.000000,,,,,,,,
620800,2003.0,0.000000,,,,,,,,
620900,2003.3,0.000000,,,,,,,,
621000,2003.6,0.000001,,,,,,,,
621100,2003.9,0.000000,,,,,,,,
621200,2004.2,0.000001,,,,,,,,
621300,2004.5,0.000000,,,,,,,,
621400,2004.8,0.000001,,,,,,,,
621500,2005.1,0.000001,,,,,,,,
621600,2005.4,0.000001,,,,,,,,
621700,2005.7,0.000000,,,,,,,,
621800,2006.0,0.000000,,,,,,,,
621900,2006.3,0.000001,,,,,,,,
622000,2006.6,0.000000,,,,,,,,
622100,2006.9,0.000000,,,,,,,,
622200,2007.2,0.000000,,,,,,,,
622300,2007.5,0.000000,,,,,,,,
622400,2007.8,0.000000,,,,,,,,
622500,2008.1,0.000000,,,,,,,,
622600,2008.4,0.000001,,,,,,,,
622700,2008.7,0.000000,,,,,,,,
622800,2009.0,0.000000,,,,,,,,
622900,2009.3,0.000001,,,,,,,,
623000,2009.6,0.000000,,,,,,,,
623100,2009.9,0.000001,,,,,,,,
623200,2010.2,0.000000,,,,,,,,
623300,2010.5,0.000000,,,,,,,,
623400,2010.8,0.000000,,,,,,,,
623500,2011.1,0.000001,,,,,,,,
623600,2011.4,0.000001,,,,,,,,
623700,2011.7,0.000001,,,,,,,,
623800,2012.1,0.000001,,,,,,,,
623900,2012.4,0.000000,,,,,,,,
624000,2012.7,0.000000,,,,,,,,
624100,2013.0,0.000001,,,,,,,,
624200,2013.3,0.000001,,,,,,,,
624300,2013.6,0.000001,,,,,,,,
624400,2013.9,0.000000,,,,,,,,
624500,2014.2,0.000000,,,,,,,,
624600,2014.4,0.000001,,,,,,,,
624700,2014.8,0.000000,,,,,,,,
624800,2015.1,0.000001,,,,,,,,
624900,2015.4,0.000000,,,,,,,,
625000,2016.8,0.000001,0.000000,5.448301e-01,2.827012e-02,2.094502e-02,0.000000,4.034608e-01,2.724646e-02,2.056262e-02
625100,2017.0,0.000001,,,,,,,,
625200,2017.3,0.000000,,,,,,,,
625300,2017.6,0.000001,,,,,,,,
625400,2018.0,0.000000,,,,,,,,
625500,2018.2,0.000001,,,,,,,,
625600,2018.5,0.000001,,,,,,,,
625700,2018.9,0.000000,,,,,,,,
625800,2019.2,0.000001,,,,,,,,
625900,2019.5,0.000000,,,,,,,,
626000,2019.8,0.000001,,,,,,,,
626100,2020.1,0.000001,,,,,,,,
626200,2020.4,0.000001,,,,,,,,
626300,2020.7,0.000000,,,,,,,,
626400,2021.0,0.000000,,,,,,,,
626500,2021.3,0.000001,,,,,,,,
626600,2021.6,0.000000,,,,,,,,
626700,2021.9,0.000000,,,,,,,,
626800,2022.2,0.000001,,,,,,,,
626900,2022.5,0.000001,,,,,,,,
627000,2022.8,0.000000,,,,,,,,
627100,2023.1,0.000001,,,,,,,,
627200,2023.4,0.000000,,,,,,,,
627300,2023.7,0.000000,,,,,,,,
627400,2024.0,0.000001,,,,,,,,
627500,2024.3,0.000001,,,,,,,,
627600,2024.6,0.000001,,,,,,,,
627700,2024.9,0.000000,,,,,,,,
627800,2025.2,0.000000,,,,,,,,
627900,2025.5,0.000001,,,,,,,,
628000,2025.8,0.000000,,,,,,,,
628100,2026.1,0.000000,,,,,,,,
628200,2026.4,0.000001,,,,,,,,
628300,2026.7,0.000001,,,,,,,,
628400,2027.0,0.000000,,,,,,,,
628500,2027.3,0.000000,,,,,,,,
628600,2027.6,0.000001,,,,,,,,
628700,2027.9,0.000000,,,,,,,,
628800,2028.2,0.000000,,,,,,,,
628900,2028.5,0.000000,,,,,,,,
629000,2028.8,0.000001,,,,,,,,
629100,2029.2,0.000001,,,,,,,,
629200,2029.4,0.000000,,,,,,,,
629300,2029.8,0.000000,,,,,,,,
629400,2030.1,0.000001,,,,,,,,
629500,2030.4,0.000000,,,,,,,,
629600,2030.7,0.000000,,,,,,,,
629700,2031.0,0.000001,,,,,,,,
629800,2031.3,0.000000,,,,,,,,
629900,2031.6,0.000000,,,,,,,,
630000,2033.0,0.000000,0.000000,5.584562e-01,2.517287e-02,1.703868e-02,0.000000,4.151967e-01,2.386516e-02,1.640342e-02
630100,2033.2,0.000000,,,,,,,,
630200,2033.5,0.000000,,,,,,,,
630300,2033.8,0.000000,,,,,,,,
630400,2034.1,0.000001,,,,,,,,
630500,2034.4,0.000000,,,,,,,,
630600,2034.7,0.000000,,,,,,,,
630700,2035.0,0.000001,,,,,,,,
630800,2035.3,0.000000,,,,,,,,
630900,2035.6,0.000000,,,,,,,,
631000,2035.9,0.000001,,,,,,,,
631100,2036.2,0.000000,,,,,,,,
631200,2036.6,0.000000,,,,,,,,
631300,2036.9,0.000000,,,,,,,,
631400,2037.2,0.000000,,,,,,,,
631500,2037.5,0.000000,,,,,,,,
631600,2037.8,0.000000,,,,,,,,
631700,2038.1,0.000000,,,,,,,,
631800,2038.4,0.000000,,,,,,,,
631900,2038.7,0.000000,,,,,,,,
632000,2039.0,0.000000,,,,,,,,
632100,2039.3,0.000000,,,,,,,,
632200,2039.6,0.000001,,,,,,,,
632300,2039.9,0.000000,,,,,,,,
632400,2040.2,0.000001,,,,,,,,
632500,2040.5,0.000001,,,,,,,,
632600,2040.8,0.000000,,,,,,,,
632700,2041.1,0.000000,,,,,,,,
632800,2041.4,0.000000,,,,,,,,
632900,2041.7,0.000000,,,,,,,,
633000,2042.0,0.000000,,,,,,,,
633100,2042.3,0.000001,,,,,,,,
633200,2042.6,0.000000,,,,,,,,
633300,2042.9,0.000000,,,,,,,,
633400,2043.2,0.000001,,,,,,,,
633500,2043.5,0.000000,,,,,,,,
633600,2043.8,0.000001,,,,,,,,
633700,2044.1,0.000001,,,,,,,,
633800,2044.4,0.000001,,,,,,,,
633900,2044.7,0.000001,,,,,,,,
634000,2045.0,0.000000,,,,,,,,
634100,2045.3,0.000000,,,,,,,,
634200,2045.6,0.000000,,,,,,,,
634300,2045.9,0.000001,,,,,,,,
634400,2046.2,0.000000,,,,,,,,
634500,2046.5,0.000001,,,,,,,,
634600,2046.8,0.000001,,,,,,,,
634700,2047.1,0.000001,,,,,,,,
634800,2047.4,0.000000,,,,,,,,
634900,2047.7,0.000000,,,,,,,,
635000,2049.2,0.000000,0.000000,5.720632e-01,2.717346e-02,1.953594e-02,0.000000,4.270432e-01,2.566063e-02,1.865869e-02
635100,2049.4,0.000001,,,,,,,,
635200,2049.7,0.000001,,,,,,,,
635300,2050.0,0.000001,,,,,,,,
635400,2050.3,0.000001,,,,,,,,
635500,2050.6,0.000001,,,,,,,,
635600,2050.9,0.000001,,,,,,,,
635700,2051.2,0.000001,,,,,,,,
635800,2051.5,0.000000,,,,,,,,
635900,2051.8,0.000001,,,,,,,,
636000,2052.1,0.000001,,,,,,,,
636100,2052.4,0.000001,,,,,,,,
636200,2052.7,0.000001,,,,,,,,
636300,2053.0,0.000000,,,,,,,,
636400,2053.3,0.000000,,,,,,,,
636500,2053.6,0.000001,,,,,,,,
636600,2053.9,0.000000,,,,,,,,
636700,2054.2,0.000000,,,,,,,,
636800,2054.5,0.000000,,,,,,,,
636900,2054.8,0.000000,,,,,,,,
637000,2055.1,0.000000,,,,,,,,
637100,2055.4,0.000000,,,,,,,,
637200,2055.7,0.000000,,,,,,,,
637300,2056.0,0.000000,,,,,,,,
637400,2056.3,0.000000,,,,,,,,
637500,2056.6,0.000000,,,,,,,,
637600,2056.9,0.000000,,,,,,,,
637700,2057.2,0.000000,,,,,,,,
637800,2057.6,0.000001,,,,,,,,
637900,2057.8,0.000001,,,,,,,,
638000,2058.1,0.000000,,,,,,,,
638100,2058.4,0.000000,,,,,,,,
638200,2058.7,0.000001,,,,,,,,
638300,2059.0,0.000001,,,,,,,,
638400,2059.3,0.000000,,,,,,,,
638500,2059.6,0.000001,,,,,,,,
638600,2059.9,0.000000,,,,,,,,
638700,2060.2,0.000000,,,,,,,,
638800,2060.5,0.000000,,,,,,,,
638900,2060.8,0.000001,,,,,,,,
639000,2061.1,0.000000,,,,,,,,
639100,2061.4,0.000000,,,,,,,,
639200,2061.7,0.000000,,,,,,,,
639300,2062.0,0.000001,,,,,,,,
639400,2062.3,0.000000,,,,,,,,
639500,2062.6,0.000000,,,,,,,,
639600,2062.9,0.000001,,,,,,,,
639700,2063.2,0.000000,,,,,,,,
639800,2063.5,0.000000,,,,,,,,
639900,2063.8,0.000001,,,,,,,,
640000,2065.3,0.000001,0.000001,5.698564e-01,3.533851e-02,2.998780e-02,0.000000,4.282963e-01,3.442853e-02,2.965413e-02
640100,2065.5,0.000001,,,,,,,,
640200,2065.8,0.000000,,,,,,,,
640300,2066.1,0.000000,,,,,,,,
640400,2066.4,0.000001,,,,,,,,
640500,2066.7,0.000001,,,,,,,,
640600,2067.0,0.000001,,,,,,,,
640700,2067.3,0.000000,,,,,,,,
640800,2067.6,0.000001,,,,,,,,
640900,2067.9,0.000001,,,,,,,,
641000,2068.2,0.000001,,,,,,,,
641100,2068.5,0.000000,,,,,,,,
641200,2068.8,0.000000,,,,,,,,
641300,2069.1,0.000000,,,,,,,,
641400,2069.4,0.000000,,,,,,,,
641500,2069.7,0.000001,,,,,,,,
641600,2070.0,0.000001,,,,,,,,
641700,2070.3,0.000000,,,,,,,,
641800,2070.6,0.000000,,,,,,,,
641900,2070.9,0.000000,,,,,,,,
642000,2071.2,0.000000,,,,,,,,
642100,2071.5,0.000000,,,,,,,,
642200,2071.8,0.000000,,,,,,,,
642300,2072.1,0.000000,,,,,,,,
642400,2072.4,0.000000,,,,,,,,
642500,2072.7,0.000000,,,,,,,,
642600,2073.0,0.000000,,,,,,,,
642700,2073.3,0.000001,,,,,,,,
642800,2073.6,0.000000,,,,,,,,
642900,2073.9,0.000000,,,,,,,,
643000,2074.2,0.000000,,,,,,,,
643100,2074.6,0.000001,,,,,,,,
643200,2074.8,0.000000,,,,,,,,
643300,2075.2,0.000000,,,,,,,,
643400,2075.5,0.000000,,,,,,,,
643500,2075.8,0.000001,,,,,,,,
643600,2076.1,0.000000,,,,,,,,
643700,2076.4,0.000000,,,,,,,,
643800,2076.7,0.000000,,,,,,,,
643900,2077.0,0.000000,,,,,,,,
644000,2077.3,0.000001,,,,,,,,
644100,2077.6,0.000000,,,,,,,,
644200,2077.9,0.000000,,,,,,,,
644300,2078.2,0.000000,,,,,,,,
644400,2078.5,0.000001,,,,,,,,
644500,2078.8,0.000000,,,,,,,,
644600,2079.1,0.000000,,,,,,,,
644700,2079.4,0.000000,,,,,,,,
644800,2079.7,0.000000,,,,,,,,
644900,2080.0,0.000000,,,,,,,,
645000,2081.4,0.000000,0.000000,5.823362e-01,2.516381e-02,1.737981e-02,0.000000,4.425729e-01,2.384458e-02,1.669551e-02
645100,2081.7,0.000000,,,,,,,,
645200,2082.0,0.000001,,,,,,,,
645300,2082.3,0.000001,,,,,,,,
645400,2082.6,0.000001,,,,,,,,
645500,2082.9,0.000000,,,,,,,,
645600,2083.2,0.000001,,,,,,,,
645700,2083.5,0.000001,,,,,,,,
645800,2083.8,0.000000,,,,,,,,
645900,2084.1,0.000000,,,,,,,,
646000,2084.4,0.000001,,,,,,,,
646100,2084.7,0.000000,,,,,,,,
646200,2085.0,0.000000,,,,,,,,
646300,2085.3,0.000000,,,,,,,,
646400,2085.6,0.000000,,,,,,,,
646500,2085.8,0.000001,,,,,,,,
646600,2086.2,0.000001,,,,,,,,
646700,2086.5,0.000000,,,,,,,,
646800,2086.8,0.000000,,,,,,,,
646900,2087.1,0.000000,,,,,,,,
647000,2087.4,0.000000,,,,,,,,
647100,2087.7,0.000000,,,,,,,,
647200,2088.0,0.000000,,,,,,,,
647300,2088.3,0.000000,,,,,,,,
647400,2088.6,0.000000,,,,,,,,
647500,2088.9,0.000001,,,,,,,,
647600,2089.2,0.000000,,,,,,,,
647700,2089.5,0.000000,,,,,,,,
647800,2089.8,0.000000,,,,,,,,
647900,2090.1,0.000001,,,,,,,,
648000,2090.4,0.000001,,,,,,,,
648100,2090.7,0.000000,,,,,,,,
648200,2091.0,0.000001,,,,,,,,
648300,2091.3,0.000001,,,,,,,,
648400,2091.6,0.000001,,,,,,,,
648500,2091.9,0.000000,,,,,,,,
648600,2092.2,0.000001,,,,,,,,
648700,2092.5,0.000000,,,,,,,,
648800,2092.8,0.000000,,,,,,,,
648900,2093.1,0.000001,,,,,,,,
649000,2093.4,0.000000,,,,,,,,
649100,2093.7,0.000000,,,,,,,,
649200,2094.0,0.000001,,,,,,,,
649300,2094.3,0.000000,,,,,,,,
649400,2094.6,0.000000,,,,,,,,
649500,2094.9,0.000000,,,,,,,,
649600,2095.2,0.000000,,,,,,,,
649700,2095.4,0.000000,,,,,,,,
649800,2095.6,0.000000,,,,,,,,
649900,2095.9,0.000000,,,,,,,,
650000,2097.3,0.000000,0.000000,5.898225e-01,3.040123e-02,2.433847e-02,0.000000,4.448006e-01,2.929171e-02,2.394422e-02
650100,2097.6,0.000000,,,,,,,,
650200,2097.8,0.000001,,,,,,,,
650300,2098.2,0.000001,,,,,,,,
650400,2098.5,0.000000,,,,,,,,
650500,2098.8,0.000000,,,,,,,,
650600,2099.1,0.000000,,,,,,,,
650700,2099.4,0.000001,,,,,,,,
650800,2099.7,0.000001,,,,,,,,
650900,2099.9,0.000000,,,,,,,,
651000,2100.3,0.000000,,,,,,,,
651100,2100.6,0.000001,,,,,,,,
651200,2100.8,0.000000,,,,,,,,
651300,2101.1,0.000001,,,,,,,,
651400,2101.4,0.000000,,,,,,,,
651500,2101.7,0.000000,,,,,,,,
651600,2102.0,0.000000,,,,,,,,
651700,2102.4,0.000000,,,,,,,,
651800,2102.7,0.000000,,,,,,,,
651900,2103.0,0.000001,,,,,,,,
652000,2103.3,0.000000,,,,,,,,
652100,2103.6,0.000000,,,,,,,,
652200,2103.9,0.000001,,,,,,,,
652300,2104.2,0.000000,,,,,,,,
652400,2104.5,0.000000,,,,,,,,
652500,2104.8,0.000001,,,,,,,,
652600,2105.1,0.000000,,,,,,,,
652700,2105.4,0.000001,,,,,,,,
652800,2105.7,0.000000,,,,,,,,
652900,2106.0,0.000000,,,,,,,,
653000,2106.3,0.000001,,,,,,,,
653100,2106.6,0.000000,,,,,,,,
653200,2106.9,0.000000,,,,,,,,
653300,2107.2,0.000000,,,,,,,,
653400,2107.5,0.000000,,,,,,,,
653500,2107.8,0.000000,,,,,,,,
653600,2108.1,0.000001,,,,,,,,
653700,2108.4,0.000001,,,,,,,,
653800,2108.7,0.000000,,,,,,,,
653900,2109.0,0.000000,,,,,,,,
654000,2109.3,0.000000,,,,,,,,
654100,2109.6,0.000001,,,,,,,,
654200,2109.9,0.000000,,,,,,,,
654300,2110.2,0.000000,,,,,,,,
654400,2110.5,0.000001,,,,,,,,
654500,2110.8,0.000000,,,,,,,,
654600,2111.1,0.000000,,,,,,,,
654700,2111.4,0.000000,,,,,,,,
654800,2111.7,0.000000,,,,,,,,
654900,2112.0,0.000000,,,,,,,,
655000,2113.4,0.000000,0.000000,5.877511e-01,2.969421e-02,2.242791e-02,0.000000,4.486211e-01,2.861876e-02,2.181242e-02
655100,2113.7,0.000001,,,,,,,,
655200,2114.0,0.000000,,,,,,,,
655300,2114.3,0.000000,,,,,,,,
655400,2114.6,0.000000,,,,,,,,
655500,2114.9,0.000000,,,,,,,,
655600,2115.2,0.000000,,,,,,,,
655700,2115.5,0.000000,,,,,,,,
655800,2115.8,0.000000,,,,,,,,
655900,2116.1,0.000000,,,,,,,,
656000,2116.4,0.000000,,,,,,,,
656100,2116.7,0.000000,,,,,,,,
656200,2117.0,0.000001,,,,,,,,
656300,2117.3,0.000000,,,,,,,,
656400,2117.6,0.000001,,,,,,,,
656500,2117.9,0.000000,,,,,,,,
656600,2118.2,0.000000,,,,,,,,
656700,2118.5,0.000000,,,,,,,,
656800,2118.8,0.000000,,,,,,,,
656900,2119.1,0.000000,,,,,,,,
657000,2119.4,0.000000,,,,,,,,
657100,2119.7,0.000000,,,,,,,,
657200,2120.0,0.000001,,,,,,,,
657300,2120.3,0.000000,,,,,,,,
657400,2120.6,0.000000,,,,,,,,
657500,2120.9,0.000000,,,,,,,,
657600,2121.2,0.000000,,,,,,,,
657700,2121.5,0.000000,,,,,,,,
657800,2121.8,0.000000,,,,,,,,
657900,2122.1,0.000001,,,,,,,,
658000,2122.4,0.000000,,,,,,,,
658100,2122.7,0.000000,,,,,,,,
658200,2123.0,0.000000,,,,,,,,
658300,2123.3,0.000000,,,,,,,,
658400,2123.6,0.000000,,,,,,,,
658500,2123.9,0.000000,,,,,,,,
658600,2124.2,0.000000,,,,,,,,
658700,2124.5,0.000000,,,,,,,,
658800,2124.8,0.000001,,,,,,,,
658900,2125.2,0.000001,,,,,,,,
659000,2125.5,0.000000,,,,,,,,
659100,2125.8,0.000001,,,,,,,,
659200,2126.1,0.000000,,,,,,,,
659300,2126.4,0.000001,,,,,,,,
659400,2126.7,0.000000,,,,,,,,
659500,2126.9,0.000000,,,,,,,,
659600,2127.2,0.000000,,,,,,,,
659700,2127.5,0.000001,,,,,,,,
659800,2127.8,0.000001,,,,,,,,
659900,2128.1,0.000000,,,,,,,,
660000,2129.5,0.000001,0.000000,5.484254e-01,2.539050e-02,1.798005e-02,0.000000,4.087041e-01,2.417595e-02,1.744761e-02
660100,2129.8,0.000001,,,,,,,,
660200,2130.1,0.000000,,,,,,,,
660300,2130.3,0.000000,,,,,,,,
660400,2130.6,0.000001,,,,,,,,
660500,2130.9,0.000000,,,,,,,,
660600,2131.2,0.000000,,,,,,,,
660700,2131.5,0.000000,,,,,,,,
660800,2131.8,0.000000,,,,,,,,
660900,2132.2,0.000000,,,,,,,,
661000,2132.5,0.000001,,,,,,,,
661100,2132.8,0.000000,,,,,,,,
661200,2133.1,0.000000,,,,,,,,
661300,2133.4,0.000000,,,,,,,,
661400,2133.7,0.000001,,,,,,,,
661500,2134.0,0.000000,,,,,,,,
661600,2134.3,0.000000,,,,,,,,
661700,2134.6,0.000000,,,,,,,,
661800,2134.9,0.000000,,,,,,,,
661900,2135.2,0.000000,,,,,,,,
662000,2135.5,0.000000,,,,,,,,
662100,2135.8,0.000000,,,,,,,,
662200,2136.1,0.000000,,,,,,,,
662300,2136.4,0.000000,,,,,,,,
662400,2136.7,0.000000,,,,,,,,
662500,2137.0,0.000000,,,,,,,,
662600,2137.3,0.000001,,,,,,,,
662700,2137.6,0.000000,,,,,,,,
662800,2137.9,0.000001,,,,,,,,
662900,2138.2,0.000000,,,,,,,,
663000,2138.5,0.000000,,,,,,,,
663100,2138.8,0.000001,,,,,,,,
663200,2139.2,0.000000,,,,,,,,
663300,2139.5,0.000000,,,,,,,,
663400,2139.8,0.000000,,,,,,,,
663500,2140.1,0.000000,,,,,,,,
663600,2140.4,0.000000,,,,,,,,
663700,2140.7,0.000001,,,,,,,,
663800,2141.0,0.000000,,,,,,,,
663900,2141.3,0.000000,,,,,,,,
664000,2141.6,0.000000,,,,,,,,
664100,2141.9,0.000000,,,,,,,,
664200,2142.2,0.000000,,,,,,,,
664300,2142.5,0.000000,,,,,,,,
664400,2142.8,0.000000,,,,,,,,
664500,2143.1,0.000000,,,,,,,,
664600,2143.4,0.000000,,,,,,,,
664700,2143.7,0.000001,,,,,,,,
664800,2144.0,0.000000,,,,,,,,
664900,2144.3,0.000000,,,,,,,,
665000,2145.8,0.000000,0.000000,5.768697e-01,3.000625e-02,2.333190e-02,0.000000,4.300320e-01,2.906330e-02,2.303725e-02
665100,2146.0,0.000001,,,,,,,,
665200,2146.3,0.000000,,,,,,,,
665300,2146.6,0.000000,,,,,,,,
665400,2146.9,0.000000,,,,,,,,
665500,2147.2,0.000000,,,,,,,,
665600,2147.5,0.000000,,,,,,,,
665700,2147.8,0.000000,,,,,,,,
665800,2148.1,0.000000,,,,,,,,
665900,2148.4,0.000001,,,,,,,,
666000,2148.7,0.000000,,,,,,,,
666100,2149.0,0.000001,,,,,,,,
666200,2149.3,0.000000,,,,,,,,
666300,2149.6,0.000001,,,,,,,,
666400,2150.0,0.000001,,,,,,,,
666500,2150.3,0.000000,,,,,,,,
666600,2150.6,0.000001,,,,,,,,
666700,2150.9,0.000000,,,,,,,,
666800,2151.2,0.000000,,,,,,,,
666900,2151.5,0.000000,,,,,,,,
667000,2151.8,0.000000,,,,,,,,
667100,2152.1,0.000000,,,,,,,,
667200,2152.4,0.000001,,,,,,,,
667300,2152.7,0.000001,,,,,,,,
667400,2153.0,0.000000,,,,,,,,
667500,2153.3,0.000000,,,,,,,,
667600,2153.6,0.000000,,,,,,,,
667700,2153.9,0.000000,,,,,,,,
667800,2154.2,0.000000,,,,,,,,
667900,2154.5,0.000001,,,,,,,,
668000,2154.8,0.000000,,,,,,,,
668100,2155.1,0.000000,,,,,,,,
668200,2155.4,0.000000,,,,,,,,
668300,2155.7,0.000001,,,,,,,,
668400,2156.0,0.000001,,,,,,,,
668500,2156.3,0.000001,,,,,,,,
668600,2156.6,0.000001,,,,,,,,
668700,2156.9,0.000000,,,,,,,,
668800,2157.2,0.000000,,,,,,,,
668900,2157.5,0.000001,,,,,,,,
669000,2157.8,0.000000,,,,,,,,
669100,2158.1,0.000000,,,,,,,,
669200,2158.4,0.000000,,,,,,,,
669300,2158.7,0.000000,,,,,,,,
669400,2159.0,0.000000,,,,,,,,
669500,2159.3,0.000000,,,,,,,,
669600,2159.6,0.000000,,,,,,,,
669700,2160.0,0.000001,,,,,,,,
669800,2160.3,0.000000,,,,,,,,
669900,2160.6,0.000001,,,,,,,,
670000,2162.0,0.000000,0.000000,5.483186e-01,2.720176e-02,2.002782e-02,0.000000,4.021943e-01,2.594969e-02,1.947439e-02
670100,2162.2,0.000000,,,,,,,,
670200,2162.5,0.000000,,,,,,,,
670300,2162.8,0.000000,,,,,,,,
670400,2163.1,0.000000,,,,,,,,
670500,2163.4,0.000000,,,,,,,,
670600,2163.7,0.000001,,,,,,,,
670700,2164.0,0.000000,,,,,,,,
670800,2164.3,0.000000,,,,,,,,
670900,2164.6,0.000001,,,,,,,,
671000,2164.9,0.000001,,,,,,,,
671100,2165.2,0.000000,,,,,,,,
671200,2165.5,0.000000,,,,,,,,
671300,2165.8,0.000000,,,,,,,,
671400,2166.1,0.000000,,,,,,,,
671500,2166.4,0.000000,,,,,,,,
671600,2166.7,0.000000,,,,,,,,
671700,2167.0,0.000000,,,,,,,,
671800,2167.4,0.000000,,,,,,,,
671900,2167.7,0.000001,,,,,,,,
672000,2168.0,0.000000,,,,,,,,
672100,2168.3,0.000001,,,,,,,,
672200,2168.6,0.000000,,,,,,,,
672300,2168.9,0.000000,,,,,,,,
672400,2169.2,0.000001,,,,,,,,
672500,2169.5,0.000000,,,,,,,,
672600,2169.8,0.000001,,,,,,,,
672700,2170.1,0.000000,,,,,,,,
672800,2170.4,0.000000,,,,,,,,
672900,2170.7,0.000000,,,,,,,,
673000,2171.0,0.000000,,,,,,,,
673100,2171.3,0.000001,,,,,,,,
673200,2171.6,0.000000,,,,,,,,
673300,2171.9,0.000001,,,,,,,,
673400,2172.2,0.000000,,,,,,,,
673500,2172.5,0.000001,,,,,,,,
673600,2172.8,0.000000,,,,,,,,
673700,2173.1,0.000000,,,,,,,,
673800,2173.4,0.000001,,,,,,,,
673900,2173.7,0.000000,,,,,,,,
674000,2174.1,0.000000,,,,,,,,
674100,2174.4,0.000000,,,,,,,,
674200,2174.7,0.000000,,,,,,,,
674300,2175.0,0.000000,,,,,,,,
674400,2175.3,0.000001,,,,,,,,
674500,2175.6,0.000001,,,,,,,,
674600,2175.9,0.000000,,,,,,,,
674700,2176.2,0.000000,,,,,,,,
674800,2176.5,0.000000,,,,,,,,
674900,2176.8,0.000000,,,,,,,,
675000,2178.2,0.000000,0.000000,5.863282e-01,2.364479e-02,1.593953e-02,0.000000,4.389127e-01,2.237035e-02,1.534286e-02
675100,2178.4,0.000000,,,,,,,,
675200,2178.7,0.000000,,,,,,,,
675300,2179.0,0.000001,,,,,,,,
675400,2179.3,0.000001,,,,,,,,
675500,2179.6,0.000000,,,,,,,,
675600,2179.9,0.000000,,,,,,,,
675700,2180.2,0.000000,,,,,,,,
675800,2180.5,0.000000,,,,,,,,
675900,2180.9,0.000000,,,,,,,,
676000,2181.1,0.000000,,,,,,,,
676100,2181.5,0.000001,,,,,,,,
676200,2181.8,0.000000,,,,,,,,
676300,2182.1,0.000001,,,,,,,,
676400,2182.4,0.000000,,,,,,,,
676500,2182.7,0.000001,,,,,,,,
676600,2183.0,0.000001,,,,,,,,
676700,2183.3,0.000000,,,,,,,,
676800,2183.6,0.000000,,,,,,,,
676900,2183.9,0.000000,,,,,,,,
677000,2184.2,0.000000,,,,,,,,
677100,2184.5,0.000000,,,,,,,,
677200,2184.8,0.000000,,,,,,,,
677300,2185.1,0.000000,,,,,,,,
677400,2185.4,0.000000,,,,,,,,
677500,2185.7,0.000000,,,,,,,,
677600,2186.0,0.000000,,,,,,,,
677700,2186.3,0.000001,,,,,,,,
677800,2186.6,0.000000,,,,,,,,
677900,2186.9,0.000000,,,,,,,,
678000,2187.2,0.000000,,,,,,,,
678100,2187.5,0.000000,,,,,,,,
678200,2187.8,0.000000,,,,,,,,
678300,2188.1,0.000000,,,,,,,,
678400,2188.5,0.000000,,,,,,,,
678500,2188.8,0.000000,,,,,,,,
678600,2189.1,0.000000,,,,,,,,
678700,2189.4,0.000000,,,,,,,,
678800,2189.7,0.000000,,,,,,,,
678900,2190.0,0.000000,,,,,,,,
679000,2190.3,0.000001,,,,,,,,
679100,2190.6,0.000000,,,,,,,,
679200,2190.9,0.000001,,,,,,,,
679300,2191.2,0.000000,,,,,,,,
679400,2191.5,0.000000,,,,,,,,
679500,2191.8,0.000001,,,,,,,,
679600,2192.1,0.000000,,,,,,,,
679700,2192.4,0.000000,,,,,,,,
679800,2192.7,0.000000,,,,,,,,
679900,2193.0,0.000000,,,,,,,,
680000,2194.4,0.000000,0.000000,5.944001e-01,2.760210e-02,2.005425e-02,0.000000,4.455292e-01,2.646108e-02,1.959539e-02
680100,2194.7,0.000000,,,,,,,,
680200,2195.0,0.000001,,,,,,,,
680300,2195.3,0.000000,,,,,,,,
680400,2195.6,0.000000,,,,,,,,
680500,2195.9,0.000000,,,,,,,,
680600,2196.2,0.000001,,,,,,,,
680700,2196.5,0.000000,,,,,,,,
680800,2196.8,0.000000,,,,,,,,
680900,2197.1,0.000000,,,,,,,,
681000,2197.4,0.000000,,,,,,,,
681100,2197.7,0.000000,,,,,,,,
681200,2198.0,0.000000,,,,,,,,
681300,2198.3,0.000000,,,,,,,,
681400,2198.6,0.000000,,,,,,,,
681500,2198.9,0.000001,,,,,,,,
681600,2199.2,0.000000,,,,,,,,
681700,2199.5,0.000000,,,,,,,,
681800,2199.8,0.000000,,,,,,,,
681900,2200.1,0.000000,,,,,,,,
682000,2200.4,0.000001,,,,,,,,
682100,2200.7,0.000000,,,,,,,,
682200,2201.0,0.000001,,,,,,,,
682300,2201.3,0.000000,,,,,,,,
682400,2201.6,0.000000,,,,,,,,
682500,2201.9,0.000000,,,,,,,,
682600,2202.2,0.000000,,,,,,,,
682700,2202.5,0.000000,,,,,,,,
682800,2202.8,0.000001,,,,,,,,
682900,2203.1,0.000000,,,,,,,,
683000,2203.4,0.000001,,,,,,,,
683100,2203.7,0.000000,,,,,,,,
683200,2204.0,0.000000,,,,,,,,
683300,2204.3,0.000000,,,,,,,,
683400,2204.6,0.000000,,,,,,,,
683500,2204.9,0.000001,,,,,,,,
683600,2205.2,0.000000,,,,,,,,
683700,2205.5,0.000000,,,,,,,,
683800,2205.8,0.000000,,,,,,,,
683900,2206.1,0.000000,,,,,,,,
684000,2206.4,0.000000,,,,,,,,
684100,2206.7,0.000001,,,,,,,,
684200,2207.0,0.000001,,,,,,,,
684300,2207.3,0.000000,,,,,,,,
684400,2207.6,0.000000,,,,,,,,
684500,2207.9,0.000000,,,,,,,,
684600,2208.2,0.000000,,,,,,,,
684700,2208.5,0.000000,,,,,,,,
684800,2208.8,0.000000,,,,,,,,
684900,2209.2,0.000000,,,,,,,,
685000,2210.5,0.000000,0.000000,5.532433e-01,2.459087e-02,1.732681e-02,0.000000,4.071152e-01,2.330531e-02,1.676722e-02
685100,2210.8,0.000001,,,,,,,,
685200,2211.1,0.000000,,,,,,,,
685300,2211.4,0.000000,,,,,,,,
685400,2211.7,0.000001,,,,,,,,
685500,2211.9,0.000001,,,,,,,,
685600,2212.3,0.000000,,,,,,,,
685700,2212.6,0.000000,,,,,,,,
685800,2212.9,0.000001,,,,,,,,
685900,2213.2,0.000000,,,,,,,,
686000,2213.5,0.000000,,,,,,,,
686100,2213.8,0.000001,,,,,,,,
686200,2214.1,0.000001,,,,,,,,
686300,2214.4,0.000000,,,,,,,,
686400,2214.7,0.000000,,,,,,,,
686500,2215.0,0.000000,,,,,,,,
686600,2215.3,0.000000,,,,,,,,
686700,2215.6,0.000000,,,,,,,,
686800,2215.9,0.000000,,,,,,,,
686900,2216.2,0.000001,,,,,,,,
687000,2216.5,0.000000,,,,,,,,
687100,2216.8,0.000000,,,,,,,,
687200,2217.1,0.000001,,,,,,,,
687300,2217.4,0.000000,,,,,,,,
687400,2217.7,0.000000,,,,,,,,
687500,2218.0,0.000000,,,,,,,,
687600,2218.3,0.000000,,,,,,,,
687700,2218.6,0.000000,,,,,,,,
687800,2218.9,0.000001,,,,,,,,
687900,2219.2,0.000000,,,,,,,,
688000,2219.5,0.000000,,,,,,,,
688100,2219.8,0.000000,,,,,,,,
688200,2220.1,0.000000,,,,,,,,
688300,2220.4,0.000000,,,,,,,,
688400,2220.7,0.000000,,,,,,,,
688500,2221.0,0.000000,,,,,,,,
688600,2221.3,0.000000,,,,,,,,
688700,2221.6,0.000000,,,,,,,,
688800,2221.9,0.000001,,,,,,,,
688900,2222.2,0.000000,,,,,,,,
689000,2222.5,0.000000,,,,,,,,
689100,2222.8,0.000001,,,,,,,,
689200,2223.1,0.000000,,,,,,,,
689300,2223.4,0.000000,,,,,,,,
689400,2223.7,0.000000,,,,,,,,
689500,2224.0,0.000000,,,,,,,,
689600,2224.3,0.000001,,,,,,,,
689700,2224.6,0.000000,,,,,,,,
689800,2224.9,0.000000,,,,,,,,
689900,2225.2,0.000000,,,,,,,,
690000,2226.6,0.000000,0.000000,5.512292e-01,2.431297e-02,1.690775e-02,0.000000,4.022610e-01,2.313984e-02,1.636237e-02
690100,2226.9,0.000000,,,,,,,,
690200,2227.1,0.000001,,,,,,,,
690300,2227.4,0.000001,,,,,,,,
690400,2227.7,0.000000,,,,,,,,
690500,2228.0,0.000000,,,,,,,,
690600,2228.3,0.000000,,,,,,,,
690700,2228.6,0.000000,,,,,,,,
690800,2228.9,0.000000,,,,,,,,
690900,2229.2,0.000000,,,,,,,,
691000,2229.5,0.000000,,,,,,,,
691100,2229.8,0.000000,,,,,,,,
691200,2230.1,0.000000,,,,,,,,
691300,2230.4,0.000000,,,,,,,,
691400,2230.7,0.000000,,,,,,,,
691500,2231.0,0.000000,,,,,,,,
691600,2231.3,0.000001,,,,,,,,
691700,2231.6,0.000001,,,,,,,,
691800,2231.9,0.000000,,,,,,,,
691900,2232.2,0.000000,,,,,,,,
692000,2232.5,0.000001,,,,,,,,
692100,2232.8,0.000000,,,,,,,,
692200,2233.1,0.000001,,,,,,,,
692300,2233.4,0.000000,,,,,,,,
692400,2233.7,0.000000,,,,,,,,
692500,2234.0,0.000000,,,,,,,,
692600,2234.3,0.000001,,,,,,,,
692700,2234.6,0.000000,,,,,,,,
692800,2234.9,0.000000,,,,,,,,
692900,2235.2,0.000001,,,,,,,,
693000,2235.5,0.000000,,,,,,,,
693100,2235.8,0.000000,,,,,,,,
693200,2236.1,0.000001,,,,,,,,
693300,2236.4,0.000000,,,,,,,,
693400,2236.7,0.000001,,,,,,,,
693500,2237.0,0.000001,,,,,,,,
693600,2237.3,0.000001,,,,,,,,
693700,2237.7,0.000000,,,,,,,,
693800,2238.0,0.000000,,,,,,,,
693900,2238.3,0.000000,,,,,,,,
694000,2238.6,0.000000,,,,,,,,
694100,2238.9,0.000000,,,,,,,,
694200,2239.2,0.000000,,,,,,,,
694300,2239.5,0.000001,,,,,,,,
694400,2239.8,0.000000,,,,,,,,
694500,2240.1,0.000000,,,,,,,,
694600,2240.4,0.000000,,,,,,,,
694700,2240.7,0.000000,,,,,,,,
694800,2241.0,0.000000,,,,,,,,
694900,2241.3,0.000000,,,,,,,,
695000,2242.7,0.000000,0.000000,5.774610e-01,2.549668e-02,1.828348e-02,0.000000,4.292329e-01,2.447987e-02,1.788276e-02
695100,2242.9,0.000000,,,,,,,,
695200,2243.2,0.000000,,,,,,,,
695300,2243.5,0.000000,,,,,,,,
695400,2243.8,0.000001,,,,,,,,
695500,2244.1,0.000000,,,,,,,,
695600,2244.4,0.000000,,,,,,,,
695700,2244.7,0.000000,,,,,,,,
695800,2245.0,0.000000,,,,,,,,
695900,2245.3,0.000000,,,,,,,,
696000,2245.6,0.000001,,,,,,,,
696100,2245.9,0.000000,,,,,,,,
696200,2246.2,0.000000,,,,,,,,
696300,2246.5,0.000000,,,,,,,,
696400,2246.8,0.000001,,,,,,,,
696500,2247.1,0.000000,,,,,,,,
696600,2247.4,0.000001,,,,,,,,
696700,2247.7,0.000000,,,,,,,,
696800,2248.0,0.000000,,,,,,,,
696900,2248.3,0.000000,,,,,,,,
697000,2248.6,0.000000,,,,,,,,
697100,2249.0,0.000000,,,,,,,,
697200,2249.3,0.000000,,,,,,,,
697300,2249.6,0.000001,,,,,,,,
697400,2249.9,0.000001,,,,,,,,
697500,2250.2,0.000000,,,,,,,,
697600,2250.5,0.000000,,,,,,,,
697700,2250.8,0.000001,,,,,,,,
697800,2251.1,0.000000,,,,,,,,
697900,2251.4,0.000000,,,,,,,,
698000,2251.7,0.000000,,,,,,,,
698100,2252.0,0.000000,,,,,,,,
698200,2252.3,0.000000,,,,,,,,
698300,2252.6,0.000000,,,,,,,,
698400,2252.9,0.000001,,,,,,,,
698500,2253.2,0.000001,,,,,,,,
698600,2253.5,0.000000,,,,,,,,
698700,2253.8,0.000000,,,,,,,,
698800,2254.1,0.000000,,,,,,,,
698900,2254.4,0.000001,,,,,,,,
699000,2254.7,0.000000,,,,,,,,
699100,2255.0,0.000000,,,,,,,,
699200,2255.3,0.000001,,,,,,,,
699300,2255.6,0.000000,,,,,,,,
699400,2255.9,0.000000,,,,,,,,
699500,2256.2,0.000000,,,,,,,,
699600,2256.5,0.000001,,,,,,,,
699700,2256.8,0.000000,,,,,,,,
699800,2257.1,0.000000,,,,,,,,
699900,2257.4,0.000000,,,,,,,,
700000,2258.8,0.000000,0.000000,5.681436e-01,2.637967e-02,1.971170e-02,0.000000,4.165013e-01,2.504274e-02,1.907288e-02
700100,2259.1,0.000000,,,,,,,,
700200,2259.4,0.000001,,,,,,,,
700300,2259.7,0.000000,,,,,,,,
700400,2260.0,0.000000,,,,,,,,
700500,2260.3,0.000000,,,,,,,,
700600,2260.6,0.000000,,,,,,,,
700700,2260.9,0.000000,,,,,,,,
700800,2261.2,0.000000,,,,,,,,
700900,2261.5,0.000000,,,,,,,,
701000,2261.8,0.000000,,,,,,,,
701100,2262.1,0.000000,,,,,,,,
701200,2262.4,0.000000,,,,,,,,
701300,2262.7,0.000001,,,,,,,,
701400,2263.0,0.000000,,,,,,,,
701500,2263.3,0.000000,,,,,,,,
701600,2263.6,0.000001,,,,,,,,
701700,2263.9,0.000000,,,,,,,,
701800,2264.2,0.000000,,,,,,,,
701900,2264.5,0.000001,,,,,,,,
702000,2264.8,0.000001,,,,,,,,
702100,2265.1,0.000000,,,,,,,,
702200,2265.4,0.000000,,,,,,,,
702300,2265.7,0.000000,,,,,,,,
702400,2266.0,0.000000,,,,,,,,
702500,2266.3,0.000000,,,,,,,,
702600,2266.6,0.000000,,,,,,,,
702700,2266.9,0.000000,,,,,,,,
702800,2267.2,0.000000,,,,,,,,
702900,2267.5,0.000000,,,,,,,,
703000,2267.8,0.000000,,,,,,,,
703100,2268.1,0.000000,,,,,,,,
703200,2268.4,0.000000,,,,,,,,
703300,2268.7,0.000000,,,,,,,,
703400,2269.0,0.000000,,,,,,,,
703500,2269.3,0.000000,,,,,,,,
703600,2269.6,0.000000,,,,,,,,
703700,2269.9,0.000000,,,,,,,,
703800,2270.2,0.000000,,,,,,,,
703900,2270.5,0.000000,,,,,,,,
704000,2270.8,0.000001,,,,,,,,
704100,2271.1,0.000001,,,,,,,,
704200,2271.4,0.000000,,,,,,,,
704300,2271.7,0.000000,,,,,,,,
704400,2272.0,0.000000,,,,,,,,
704500,2272.3,0.000000,,,,,,,,
704600,2272.6,0.000000,,,,,,,,
704700,2272.9,0.000000,,,,,,,,
704800,2273.2,0.000000,,,,,,,,
704900,2273.5,0.000000,,,,,,,,
705000,2274.9,0.000000,0.000000,6.055219e-01,2.622496e-02,1.934129e-02,0.000000,4.531491e-01,2.520351e-02,1.890736e-02
705100,2275.2,0.000000,,,,,,,,
705200,2275.4,0.000001,,,,,,,,
705300,2275.8,0.000000,,,,,,,,
705400,2276.1,0.000000,,,,,,,,
705500,2276.4,0.000000,,,,,,,,
705600,2276.7,0.000001,,,,,,,,
705700,2277.0,0.000000,,,,,,,,
705800,2277.3,0.000000,,,,,,,,
705900,2277.6,0.000000,,,,,,,,
706000,2277.9,0.000000,,,,,,,,
706100,2278.2,0.000000,,,,,,,,
706200,2278.5,0.000000,,,,,,,,
706300,2278.8,0.000000,,,,,,,,
706400,2279.1,0.000000,,,,,,,,
706500,2279.4,0.000000,,,,,,,,
706600,2279.7,0.000000,,,,,,,,
706700,2280.0,0.000000,,,,,,,,
706800,2280.3,0.000000,,,,,,,,
706900,2280.6,0.000000,,,,,,,,
707000,2280.9,0.000000,,,,,,,,
707100,2281.2,0.000000,,,,,,,,
707200,2281.5,0.000000,,,,,,,,
707300,2281.8,0.000000,,,,,,,,
707400,2282.1,0.000000,,,,,,,,
707500,2282.4,0.000001,,,,,,,,
707600,2282.7,0.000000,,,,,,,,
707700,2283.0,0.000000,,,,,,,,
707800,2283.3,0.000000,,,,,,,,
707900,2283.6,0.000000,,,,,,,,
708000,2283.9,0.000000,,,,,,,,
708100,2284.2,0.000000,,,,,,,,
708200,2284.5,0.000001,,,,,,,,
708300,2284.8,0.000000,,,,,,,,
708400,2285.1,0.000000,,,,,,,,
708500,2285.4,0.000000,,,,,,,,
708600,2285.7,0.000000,,,,,,,,
708700,2286.0,0.000000,,,,,,,,
708800,2286.3,0.000000,,,,,,,,
708900,2286.6,0.000000,,,,,,,,
709000,2286.9,0.000000,,,,,,,,
709100,2287.2,0.000000,,,,,,,,
709200,2287.5,0.000000,,,,,,,,
709300,2287.8,0.000000,,,,,,,,
709400,2288.1,0.000000,,,,,,,,
709500,2288.4,0.000000,,,,,,,,
709600,2288.7,0.000000,,,,,,,,
709700,2289.0,0.000000,,,,,,,,
709800,2289.3,0.000001,,,,,,,,
709900,2289.6,0.000000,,,,,,,,
710000,2291.1,0.000000,0.000000,5.740964e-01,2.402204e-02,1.672980e-02,0.000000,4.241173e-01,2.288953e-02,1.622450e-02
710100,2291.3,0.000000,,,,,,,,
710200,2291.6,0.000000,,,,,,,,
710300,2291.9,0.000000,,,,,,,,
710400,2292.2,0.000000,,,,,,,,
710500,2292.5,0.000000,,,,,,,,
710600,2292.8,0.000000,,,,,,,,
710700,2293.1,0.000000,,,,,,,,
710800,2293.4,0.000000,,,,,,,,
710900,2293.7,0.000000,,,,,,,,
711000,2294.0,0.000000,,,,,,,,
711100,2294.3,0.000000,,,,,,,,
711200,2294.6,0.000000,,,,,,,,
711300,2294.9,0.000000,,,,,,,,
711400,2295.2,0.000000,,,,,,,,
711500,2295.5,0.000000,,,,,,,,
711600,2295.8,0.000000,,,,,,,,
711700,2296.2,0.000000,,,,,,,,
711800,2296.5,0.000000,,,,,,,,
711900,2296.8,0.000000,,,,,,,,
712000,2297.1,0.000000,,,,,,,,
712100,2297.4,0.000000,,,,,,,,
712200,2297.7,0.000000,,,,,,,,
712300,2298.0,0.000000,,,,,,,,
712400,2298.3,0.000000,,,,,,,,
712500,2298.6,0.000000,,,,,,,,
712600,2298.9,0.000001,,,,,,,,
712700,2299.2,0.000000,,,,,,,,
712800,2299.5,0.000000,,,,,,,,
712900,2299.8,0.000000,,,,,,,,
713000,2300.1,0.000000,,,,,,,,
713100,2300.4,0.000000,,,,,,,,
713200,2300.7,0.000000,,,,,,,,
713300,2301.0,0.000000,,,,,,,,
713400,2301.3,0.000000,,,,,,,,
713500,2301.6,0.000000,,,,,,,,
713600,2301.9,0.000000,,,,,,,,
713700,2302.2,0.000001,,,,,,,,
713800,2302.5,0.000000,,,,,,,,
713900,2302.8,0.000001,,,,,,,,
714000,2303.1,0.000000,,,,,,,,
714100,2303.4,0.000000,,,,,,,,
714200,2303.7,0.000000,,,,,,,,
714300,2304.0,0.000000,,,,,,,,
714400,2304.3,0.000001,,,,,,,,
714500,2304.6,0.000000,,,,,,,,
714600,2305.0,0.000000,,,,,,,,
714700,2305.3,0.000000,,,,,,,,
714800,2305.6,0.000000,,,,,,,,
714900,2305.9,0.000000,,,,,,,,
715000,2307.3,0.000000,0.000000,5.679109e-01,2.337988e-02,1.581079e-02,0.000000,4.173081e-01,2.225188e-02,1.529704e-02
715100,2307.5,0.000000,,,,,,,,
715200,2307.8,0.000000,,,,,,,,
715300,2308.1,0.000000,,,,,,,,
715400,2308.4,0.000000,,,,,,,,
715500,2308.7,0.000000,,,,,,,,
715600,2309.0,0.000000,,,,,,,,
715700,2309.3,0.000000,,,,,,,,
715800,2309.6,0.000001,,,,,,,,
715900,2309.9,0.000000,,,,,,,,
716000,2310.2,0.000000,,,,,,,,
716100,2310.5,0.000000,,,,,,,,
716200,2310.8,0.000000,,,,,,,,
716300,2311.1,0.000001,,,,,,,,
716400,2311.4,0.000000,,,,,,,,
716500,2311.7,0.000000,,,,,,,,
716600,2312.0,0.000000,,,,,,,,
716700,2312.3,0.000000,,,,,,,,
716800,2312.6,0.000000,,,,,,,,
716900,2312.9,0.000000,,,,,,,,
717000,2313.2,0.000000,,,,,,,,
717100,2313.5,0.000000,,,,,,,,
717200,2313.8,0.000000,,,,,,,,
717300,2314.1,0.000000,,,,,,,,
717400,2314.4,0.000000,,,,,,,,
717500,2314.8,0.000000,,,,,,,,
717600,2315.1,0.000001,,,,,,,,
717700,2315.4,0.000000,,,,,,,,
717800,2315.7,0.000000,,,,,,,,
717900,2316.0,0.000000,,,,,,,,
718000,2316.3,0.000000,,,,,,,,
718100,2316.6,0.000000,,,,,,,,
718200,2316.9,0.000000,,,,,,,,
718300,2317.2,0.000000,,,,,,,,
718400,2317.5,0.000000,,,,,,,,
718500,2317.7,0.000000,,,,,,,,
718600,2318.0,0.000000,,,,,,,,
718700,2318.3,0.000000,,,,,,,,
718800,2318.6,0.000000,,,,,,,,
718900,2318.9,0.000000,,,,,,,,
719000,2319.2,0.000000,,,,,,,,
719100,2319.5,0.000001,,,,,,,,
719200,2319.8,0.000001,,,,,,,,
719300,2320.1,0.000000,,,,,,,,
719400,2320.4,0.000000,,,,,,,,
719500,2320.7,0.000000,,,,,,,,
719600,2321.0,0.000000,,,,,,,,
719700,2321.3,0.000000,,,,,,,,
719800,2321.6,0.000000,,,,,,,,
719900,2321.9,0.000000,,,,,,,,
720000,2323.3,0.000001,0.000000,5.583360e-01,2.381621e-02,1.630756e-02,0.000000,4.121812e-01,2.266575e-02,1.586940e-02
720100,2323.6,0.000000,,,,,,,,
720200,2323.9,0.000001,,,,,,,,
720300,2324.2,0.000000,,,,,,,,
720400,2324.5,0.000000,,,,,,,,
720500,2324.8,0.000000,,,,,,,,
720600,2325.1,0.000000,,,,,,,,
720700,2325.4,0.000000,,,,,,,,
720800,2325.7,0.000000,,,,,,,,
720900,2326.0,0.000000,,,,,,,,
721000,2326.3,0.000000,,,,,,,,
721100,2326.6,0.000001,,,,,,,,
721200,2326.9,0.000000,,,,,,,,
721300,2327.2,0.000000,,,,,,,,
721400,2327.5,0.000000,,,,,,,,
721500,2327.8,0.000000,,,,,,,,
721600,2328.1,0.000000,,,,,,,,
721700,2328.4,0.000000,,,,,,,,
721800,2328.7,0.000000,,,,,,,,
721900,2329.0,0.000000,,,,,,,,
722000,2329.3,0.000000,,,,,,,,
722100,2329.6,0.000000,,,,,,,,
722200,2329.9,0.000000,,,,,,,,
722300,2330.2,0.000000,,,,,,,,
722400,2330.5,0.000000,,,,,,,,
722500,2330.8,0.000000,,,,,,,,
722600,2331.1,0.000001,,,,,,,,
722700,2331.5,0.000000,,,,,,,,
722800,2331.7,0.000000,,,,,,,,
722900,2332.0,0.000000,,,,,,,,
723000,2332.3,0.000000,,,,,,,,
723100,2332.6,0.000000,,,,,,,,
723200,2332.9,0.000000,,,,,,,,
723300,2333.2,0.000000,,,,,,,,
723400,2333.5,0.000000,,,,,,,,
723500,2333.8,0.000000,,,,,,,,
723600,2334.1,0.000001,,,,,,,,
723700,2334.5,0.000000,,,,,,,,
723800,2334.8,0.000000,,,,,,,,
723900,2335.1,0.000000,,,,,,,,
724000,2335.4,0.000000,,,,,,,,
724100,2335.7,0.000000,,,,,,,,
724200,2336.0,0.000000,,,,,,,,
724300,2336.3,0.000000,,,,,,,,
724400,2336.5,0.000001,,,,,,,,
724500,2336.8,0.000000,,,,,,,,
724600,2337.1,0.000000,,,,,,,,
724700,2337.4,0.000000,,,,,,,,
724800,2337.7,0.000000,,,,,,,,
724900,2338.0,0.000000,,,,,,,,
725000,2339.4,0.000000,0.000000,5.505120e-01,2.492324e-02,1.736715e-02,0.000000,4.003670e-01,2.380193e-02,1.693695e-02
725100,2339.6,0.000000,,,,,,,,
725200,2339.9,0.000000,,,,,,,,
725300,2340.2,0.000000,,,,,,,,
725400,2340.5,0.000000,,,,,,,,
725500,2340.8,0.000000,,,,,,,,
725600,2341.1,0.000000,,,,,,,,
725700,2341.4,0.000001,,,,,,,,
725800,2341.7,0.000000,,,,,,,,
725900,2342.0,0.000000,,,,,,,,
726000,2342.3,0.000000,,,,,,,,
726100,2342.6,0.000000,,,,,,,,
726200,2342.9,0.000000,,,,,,,,
726300,2343.2,0.000000,,,,,,,,
726400,2343.5,0.000000,,,,,,,,
726500,2343.8,0.000000,,,,,,,,
726600,2344.1,0.000000,,,,,,,,
726700,2344.4,0.000001,,,,,,,,
726800,2344.7,0.000000,,,,,,,,
726900,2345.0,0.000000,,,,,,,,
727000,2345.3,0.000000,,,,,,,,
727100,2345.6,0.000000,,,,,,,,
727200,2345.9,0.000001,,,,,,,,
727300,2346.2,0.000000,,,,,,,,
727400,2346.5,0.000000,,,,,,,,
727500,2346.8,0.000000,,,,,,,,
727600,2347.1,0.000000,,,,,,,,
727700,2347.4,0.000001,,,,,,,,
727800,2347.7,0.000001,,,,,,,,
727900,2348.0,0.000000,,,,,,,,
728000,2348.3,0.000000,,,,,,,,
728100,2348.6,0.000001,,,,,,,,
728200,2348.9,0.000000,,,,,,,,
728300,2349.2,0.000001,,,,,,,,
728400,2349.6,0.000000,,,,,,,,
728500,2349.9,0.000000,,,,,,,,
728600,2350.2,0.000000,,,,,,,,
728700,2350.5,0.000000,,,,,,,,
728800,2350.8,0.000000,,,,,,,,
728900,2351.1,0.000000,,,,,,,,
729000,2351.4,0.000000,,,,,,,,
729100,2351.7,0.000000,,,,,,,,
729200,2352.0,0.000000,,,,,,,,
729300,2352.3,0.000000,,,,,,,,
729400,2352.6,0.000000,,,,,,,,
729500,2352.9,0.000000,,,,,,,,
729600,2353.2,0.000001,,,,,,,,
729700,2353.5,0.000000,,,,,,,,
729800,2353.8,0.000001,,,,,,,,
729900,2354.1,0.000000,,,,,,,,
730000,2355.5,0.000000,0.000000,5.792424e-01,2.289378e-02,1.549228e-02,0.000000,4.313042e-01,2.170794e-02,1.494542e-02
730100,2355.8,0.000000,,,,,,,,
730200,2356.1,0.000000,,,,,,,,
730300,2356.4,0.000000,,,,,,,,
730400,2356.7,0.000000,,,,,,,,
730500,2357.0,0.000000,,,,,,,,
730600,2357.3,0.000000,,,,,,,,
730700,2357.6,0.000000,,,,,,,,
730800,2357.9,0.000000,,,,,,,,
730900,2358.2,0.000000,,,,,,,,
731000,2358.5,0.000000,,,,,,,,
731100,2358.8,0.000000,,,,,,,,
731200,2359.1,0.000000,,,,,,,,
731300,2359.4,0.000000,,,,,,,,
731400,2359.7,0.000000,,,,,,,,
731500,2360.0,0.000000,,,,,,,,
731600,2360.3,0.000000,,,,,,,,
731700,2360.6,0.000000,,,,,,,,
731800,2360.9,0.000000,,,,,,,,
731900,2361.2,0.000000,,,,,,,,
732000,2361.5,0.000000,,,,,,,,
732100,2361.8,0.000000,,,,,,,,
732200,2362.1,0.000000,,,,,,,,
732300,2362.4,0.000000,,,,,,,,
732400,2362.7,0.000001,,,,,,,,
732500,2363.0,0.000001,,,,,,,,
732600,2363.3,0.000000,,,,,,,,
732700,2363.6,0.000000,,,,,,,,
732800,2363.9,0.000000,,,,,,,,
732900,2364.2,0.000000,,,,,,,,
733000,2364.5,0.000000,,,,,,,,
733100,2364.8,0.000000,,,,,,,,
733200,2365.1,0.000000,,,,,,,,
733300,2365.4,0.000000,,,,,,,,
733400,2365.7,0.000000,,,,,,,,
733500,2366.0,0.000000,,,,,,,,
733600,2366.3,0.000000,,,,,,,,
733700,2366.6,0.000000,,,,,,,,
733800,2367.0,0.000000,,,,,,,,
733900,2367.3,0.000000,,,,,,,,
734000,2367.6,0.000000,,,,,,,,
734100,2367.9,0.000000,,,,,,,,
734200,2368.2,0.000000,,,,,,,,
734300,2368.4,0.000000,,,,,,,,
734400,2368.7,0.000000,,,,,,,,
734500,2369.0,0.000000,,,,,,,,
734600,2369.3,0.000000,,,,,,,,
734700,2369.6,0.000000,,,,,,,,
734800,2369.9,0.000000,,,,,,,,
734900,2370.2,0.000000,,,,,,,,
735000,2371.6,0.000000,0.000000,5.529916e-01,2.342218e-02,1.571644e-02,0.000000,4.042084e-01,2.230121e-02,1.527489e-02
735100,2371.9,0.000000,,,,,,,,
735200,2372.2,0.000000,,,,,,,,
735300,2372.5,0.000000,,,,,,,,
735400,2372.8,0.000000,,,,,,,,
735500,2373.1,0.000000,,,,,,,,
735600,2373.4,0.000001,,,,,,,,
735700,2373.7,0.000000,,,,,,,,
735800,2374.0,0.000000,,,,,,,,
735900,2374.3,0.000000,,,,,,,,
736000,2374.6,0.000000,,,,,,,,
736100,2374.9,0.000000,,,,,,,,
736200,2375.2,0.000000,,,,,,,,
736300,2375.5,0.000001,,,,,,,,
736400,2375.8,0.000000,,,,,,,,
736500,2376.0,0.000000,,,,,,,,
736600,2376.3,0.000000,,,,,,,,
736700,2376.6,0.000000,,,,,,,,
736800,2376.9,0.000000,,,,,,,,
736900,2377.2,0.000000,,,,,,,,
737000,2377.5,0.000000,,,,,,,,
737100,2377.8,0.000000,,,,,,,,
737200,2378.1,0.000000,,,,,,,,
737300,2378.4,0.000000,,,,,,,,
737400,2378.7,0.000000,,,,,,,,
737500,2379.0,0.000000,,,,,,,,
737600,2379.3,0.000000,,,,,,,,
737700,2379.7,0.000000,,,,,,,,
737800,2379.9,0.000000,,,,,,,,
737900,2380.2,0.000000,,,,,,,,
738000,2380.5,0.000000,,,,,,,,
738100,2380.8,0.000000,,,,,,,,
738200,2381.1,0.000000,,,,,,,,
738300,2381.4,0.000001,,,,,,,,
738400,2381.8,0.000000,,,,,,,,
738500,2382.1,0.000000,,,,,,,,
738600,2382.4,0.000001,,,,,,,,
738700,2382.7,0.000000,,,,,,,,
738800,2383.0,0.000000,,,,,,,,
738900,2383.3,0.000000,,,,,,,,
739000,2383.6,0.000000,,,,,,,,
739100,2383.9,0.000000,,,,,,,,
739200,2384.2,0.000001,,,,,,,,
739300,2384.5,0.000000,,,,,,,,
739400,2384.8,0.000000,,,,,,,,
739500,2385.1,0.000000,,,,,,,,
739600,2385.4,0.000000,,,,,,,,
739700,2385.7,0.000000,,,,,,,,
739800,2386.0,0.000000,,,,,,,,
739900,2386.3,0.000000,,,,,,,,
740000,2387.7,0.000000,0.000000,5.672280e-01,2.222478e-02,1.467016e-02,0.000000,4.212258e-01,2.105648e-02,1.417496e-02
740100,2388.0,0.000000,,,,,,,,
740200,2388.3,0.000000,,,,,,,,
740300,2388.6,0.000001,,,,,,,,
740400,2388.9,0.000000,,,,,,,,
740500,2389.2,0.000000,,,,,,,,
740600,2389.5,0.000000,,,,,,,,
740700,2389.8,0.000000,,,,,,,,
740800,2390.1,0.000000,,,,,,,,
740900,2390.4,0.000000,,,,,,,,
741000,2390.7,0.000000,,,,,,,,
741100,2391.0,0.000000,,,,,,,,
741200,2391.3,0.000000,,,,,,,,
741300,2391.6,0.000000,,,,,,,,
741400,2391.9,0.000000,,,,,,,,
741500,2392.2,0.000000,,,,,,,,
741600,2392.5,0.000000,,,,,,,,
741700,2392.8,0.000000,,,,,,,,
741800,2393.1,0.000000,,,,,,,,
741900,2393.4,0.000000,,,,,,,,
742000,2393.7,0.000000,,,,,,,,
742100,2394.0,0.000000,,,,,,,,
742200,2394.3,0.000000,,,,,,,,
742300,2394.6,0.000000,,,,,,,,
742400,2394.9,0.000000,,,,,,,,
742500,2395.2,0.000000,,,,,,,,
742600,2395.5,0.000000,,,,,,,,
742700,2395.8,0.000000,,,,,,,,
742800,2396.1,0.000000,,,,,,,,
742900,2396.5,0.000000,,,,,,,,
743000,2396.7,0.000000,,,,,,,,
743100,2397.0,0.000000,,,,,,,,
743200,2397.3,0.000000,,,,,,,,
743300,2397.6,0.000000,,,,,,,,
743400,2397.9,0.000000,,,,,,,,
743500,2398.2,0.000000,,,,,,,,
743600,2398.5,0.000000,,,,,,,,
743700,2398.8,0.000000,,,,,,,,
743800,2399.1,0.000000,,,,,,,,
743900,2399.4,0.000001,,,,,,,,
744000,2399.7,0.000000,,,,,,,,
744100,2400.0,0.000000,,,,,,,,
744200,2400.3,0.000000,,,,,,,,
744300,2400.6,0.000000,,,,,,,,
744400,2400.9,0.000000,,,,,,,,
744500,2401.2,0.000001,,,,,,,,
744600,2401.5,0.000000,,,,,,,,
744700,2401.8,0.000000,,,,,,,,
744800,2402.1,0.000000,,,,,,,,
744900,2402.4,0.000000,,,,,,,,
745000,2403.8,0.000001,0.000000,5.717141e-01,2.327131e-02,1.582718e-02,0.000000,4.217255e-01,2.204995e-02,1.526039e-02
745100,2404.1,0.000000,,,,,,,,
745200,2404.4,0.000000,,,,,,,,
745300,2404.7,0.000000,,,,,,,,
745400,2405.0,0.000000,,,,,,,,
745500,2405.3,0.000000,,,,,,,,
745600,2405.6,0.000000,,,,,,,,
745700,2405.9,0.000000,,,,,,,,
745800,2406.2,0.000000,,,,,,,,
745900,2406.5,0.000000,,,,,,,,
746000,2406.8,0.000000,,,,,,,,
746100,2407.1,0.000001,,,,,,,,
746200,2407.4,0.000000,,,,,,,,
746300,2407.7,0.000000,,,,,,,,
746400,2408.0,0.000000,,,,,,,,
746500,2408.3,0.000000,,,,,,,,
746600,2408.6,0.000000,,,,,,,,
746700,2408.9,0.000000,,,,,,,,
746800,2409.2,0.000000,,,,,,,,
746900,2409.5,0.000000,,,,,,,,
747000,2409.8,0.000000,,,,,,,,
747100,2410.1,0.000000,,,,,,,,
747200,2410.4,0.000000,,,,,,,,
747300,2410.7,0.000000,,,,,,,,
747400,2411.0,0.000000,,,,,,,,
747500,2411.3,0.000000,,,,,,,,
747600,2411.6,0.000000,,,,,,,,
747700,2411.9,0.000000,,,,,,,,
747800,2412.2,0.000000,,,,,,,,
747900,2412.5,0.000000,,,,,,,,
748000,2412.8,0.000000,,,,,,,,
748100,2413.1,0.000000,,,,,,,,
748200,2413.4,0.000000,,,,,,,,
748300,2413.7,0.000000,,,,,,,,
748400,2414.0,0.000000,,,,,,,,
748500,2414.3,0.000000,,,,,,,,
748600,2414.6,0.000000,,,,,,,,
748700,2414.9,0.000000,,,,,,,,
748800,2415.2,0.000000,,,,,,,,
748900,2415.5,0.000000,,,,,,,,
749000,2415.8,0.000000,,,,,,,,
749100,2416.1,0.000000,,,,,,,,
749200,2416.4,0.000001,,,,,,,,
749300,2416.7,0.000000,,,,,,,,
749400,2417.0,0.000000,,,,,,,,
749500,2417.3,0.000000,,,,,,,,
749600,2417.6,0.000000,,,,,,,,
749700,2417.9,0.000001,,,,,,,,
749800,2418.2,0.000000,,,,,,,,
749900,2418.5,0.000000,,,,,,,,
750000,2420.0,0.000000,0.000000,5.777738e-01,2.268494e-02,1.541253e-02,0.000000,4.317391e-01,2.153325e-02,1.489130e-02
750100,2420.2,0.000000,,,,,,,,
750200,2420.5,0.000000,,,,,,,,
750300,2420.8,0.000000,,,,,,,,
750400,2421.1,0.000000,,,,,,,,
750500,2421.4,0.000000,,,,,,,,
750600,2421.7,0.000001,,,,,,,,
750700,2422.0,0.000000,,,,,,,,
750800,2422.3,0.000000,,,,,,,,
750900,2422.6,0.000000,,,,,,,,
751000,2422.9,0.000000,,,,,,,,
751100,2423.3,0.000000,,,,,,,,
751200,2423.6,0.000000,,,,,,,,
751300,2423.9,0.000000,,,,,,,,
751400,2424.2,0.000000,,,,,,,,
751500,2424.5,0.000000,,,,,,,,
751600,2424.8,0.000000,,,,,,,,
751700,2425.1,0.000000,,,,,,,,
751800,2425.4,0.000000,,,,,,,,
751900,2425.7,0.000000,,,,,,,,
752000,2426.0,0.000000,,,,,,,,
752100,2426.3,0.000000,,,,,,,,
752200,2426.6,0.000000,,,,,,,,
752300,2426.9,0.000001,,,,,,,,
752400,2427.2,0.000000,,,,,,,,
752500,2427.5,0.000000,,,,,,,,
752600,2427.8,0.000000,,,,,,,,
752700,2428.1,0.000000,,,,,,,,
752800,2428.4,0.000001,,,,,,,,
752900,2428.7,0.000000,,,,,,,,
753000,2429.0,0.000000,,,,,,,,
753100,2429.3,0.000000,,,,,,,,
753200,2429.6,0.000000,,,,,,,,
753300,2429.9,0.000000,,,,,,,,
753400,2430.2,0.000000,,,,,,,,
753500,2430.5,0.000000,,,,,,,,
753600,2430.8,0.000000,,,,,,,,
753700,2431.1,0.000000,,,,,,,,
753800,2431.4,0.000000,,,,,,,,
753900,2431.7,0.000001,,,,,,,,
754000,2432.0,0.000000,,,,,,,,
754100,2432.3,0.000000,,,,,,,,
754200,2432.6,0.000000,,,,,,,,
754300,2432.9,0.000000,,,,,,,,
754400,2433.3,0.000000,,,,,,,,
754500,2433.6,0.000000,,,,,,,,
754600,2433.9,0.000000,,,,,,,,
754700,2434.2,0.000000,,,,,,,,
754800,2434.5,0.000000,,,,,,,,
754900,2434.8,0.000000,,,,,,,,
755000,2436.2,0.000000,0.000000,5.619332e-01,2.263167e-02,1.527990e-02,0.000000,4.167950e-01,2.152080e-02,1.484755e-02
755100,2436.4,0.000000,,,,,,,,
755200,2436.7,0.000000,,,,,,,,
755300,2437.0,0.000000,,,,,,,,
755400,2437.3,0.000000,,,,,,,,
755500,2437.6,0.000000,,,,,,,,
755600,2437.9,0.000000,,,,,,,,
755700,2438.2,0.000000,,,,,,,,
755800,2438.5,0.000000,,,,,,,,
755900,2438.8,0.000000,,,,,,,,
756000,2439.1,0.000000,,,,,,,,
756100,2439.4,0.000000,,,,,,,,
756200,2439.7,0.000000,,,,,,,,
756300,2440.0,0.000000,,,,,,,,
756400,2440.3,0.000000,,,,,,,,
756500,2440.6,0.000000,,,,,,,,
756600,2440.9,0.000000,,,,,,,,
756700,2441.2,0.000000,,,,,,,,
756800,2441.5,0.000001,,,,,,,,
756900,2441.8,0.000000,,,,,,,,
757000,2442.1,0.000000,,,,,,,,
757100,2442.4,0.000000,,,,,,,,
757200,2442.7,0.000000,,,,,,,,
757300,2443.0,0.000001,,,,,,,,
757400,2443.3,0.000000,,,,,,,,
757500,2443.6,0.000000,,,,,,,,
757600,2443.9,0.000000,,,,,,,,
757700,2444.2,0.000000,,,,,,,,
757800,2444.5,0.000000,,,,,,,,
757900,2444.8,0.000000,,,,,,,,
758000,2445.1,0.000000,,,,,,,,
758100,2445.4,0.000001,,,,,,,,
758200,2445.7,0.000000,,,,,,,,
758300,2446.0,0.000000,,,,,,,,
758400,2446.3,0.000000,,,,,,,,
758500,2446.6,0.000000,,,,,,,,
758600,2446.9,0.000000,,,,,,,,
758700,2447.2,0.000000,,,,,,,,
758800,2447.5,0.000000,,,,,,,,
758900,2447.8,0.000000,,,,,,,,
759000,2448.1,0.000000,,,,,,,,
759100,2448.4,0.000000,,,,,,,,
759200,2448.7,0.000000,,,,,,,,
759300,2449.0,0.000000,,,,,,,,
759400,2449.3,0.000000,,,,,,,,
759500,2449.6,0.000000,,,,,,,,
759600,2449.9,0.000000,,,,,,,,
759700,2450.2,0.000000,,,,,,,,
759800,2450.5,0.000000,,,,,,,,
759900,2450.8,0.000000,,,,,,,,
760000,2452.3,0.000000,0.000000,5.783555e-01,2.216005e-02,1.491307e-02,0.000000,4.318383e-01,2.086294e-02,1.430256e-02
760100,2452.5,0.000000,,,,,,,,
760200,2452.8,0.000000,,,,,,,,
760300,2453.1,0.000000,,,,,,,,
760400,2453.4,0.000000,,,,,,,,
760500,2453.7,0.000000,,,,,,,,
760600,2454.0,0.000000,,,,,,,,
760700,2454.3,0.000000,,,,,,,,
760800,2454.6,0.000001,,,,,,,,
760900,2454.9,0.000001,,,,,,,,
761000,2455.2,0.000000,,,,,,,,
761100,2455.5,0.000000,,,,,,,,
761200,2455.8,0.000000,,,,,,,,
761300,2456.1,0.000000,,,,,,,,
761400,2456.4,0.000000,,,,,,,,
761500,2456.7,0.000000,,,,,,,,
761600,2457.0,0.000000,,,,,,,,
761700,2457.3,0.000000,,,,,,,,
761800,2457.6,0.000000,,,,,,,,
761900,2457.9,0.000000,,,,,,,,
762000,2458.2,0.000000,,,,,,,,
762100,2458.5,0.000000,,,,,,,,
762200,2458.8,0.000000,,,,,,,,
762300,2459.1,0.000000,,,,,,,,
762400,2459.4,0.000000,,,,,,,,
762500,2459.7,0.000000,,,,,,,,
762600,2460.0,0.000000,,,,,,,,
762700,2460.3,0.000000,,,,,,,,
762800,2460.6,0.000000,,,,,,,,
762900,2461.0,0.000000,,,,,,,,
763000,2461.2,0.000000,,,,,,,,
763100,2461.6,0.000000,,,,,,,,
763200,2461.8,0.000000,,,,,,,,
763300,2462.1,0.000000,,,,,,,,
763400,2462.4,0.000000,,,,,,,,
763500,2462.7,0.000000,,,,,,,,
763600,2463.0,0.000000,,,,,,,,
763700,2463.3,0.000001,,,,,,,,
763800,2463.6,0.000000,,,,,,,,
763900,2463.9,0.000000,,,,,,,,
764000,2464.2,0.000000,,,,,,,,
764100,2464.5,0.000000,,,,,,,,
764200,2464.8,0.000000,,,,,,,,
764300,2465.1,0.000000,,,,,,,,
764400,2465.4,0.000000,,,,,,,,
764500,2465.7,0.000000,,,,,,,,
764600,2466.0,0.000000,,,,,,,,
764700,2466.3,0.000000,,,,,,,,
764800,2466.6,0.000000,,,,,,,,
764900,2466.9,0.000001,,,,,,,,
765000,2468.3,0.000001,0.000000,5.721108e-01,2.191260e-02,1.458796e-02,0.000000,4.255307e-01,2.073370e-02,1.410941e-02
765100,2468.5,0.000000,,,,,,,,
765200,2468.8,0.000000,,,,,,,,
765300,2469.1,0.000000,,,,,,,,
765400,2469.5,0.000000,,,,,,,,
765500,2469.8,0.000001,,,,,,,,
765600,2470.1,0.000000,,,,,,,,
765700,2470.4,0.000000,,,,,,,,
765800,2470.7,0.000000,,,,,,,,
765900,2471.0,0.000000,,,,,,,,
766000,2471.3,0.000000,,,,,,,,
766100,2471.6,0.000000,,,,,,,,
766200,2471.9,0.000000,,,,,,,,
766300,2472.2,0.000000,,,,,,,,
766400,2472.5,0.000000,,,,,,,,
766500,2472.8,0.000000,,,,,,,,
766600,2473.1,0.000001,,,,,,,,
766700,2473.4,0.000000,,,,,,,,
766800,2473.7,0.000000,,,,,,,,
766900,2474.0,0.000000,,,,,,,,
767000,2474.3,0.000000,,,,,,,,
767100,2474.6,0.000000,,,,,,,,
767200,2474.9,0.000000,,,,,,,,
767300,2475.2,0.000000,,,,,,,,
767400,2475.5,0.000000,,,,,,,,
767500,2475.8,0.000000,,,,,,,,
767600,2476.1,0.000000,,,,,,,,
767700,2476.4,0.000000,,,,,,,,
767800,2476.7,0.000000,,,,,,,,
767900,2477.0,0.000000,,,,,,,,
768000,2477.3,0.000000,,,,,,,,
768100,2477.6,0.000001,,,,,,,,
768200,2477.9,0.000000,,,,,,,,
768300,2478.2,0.000000,,,,,,,,
768400,2478.5,0.000000,,,,,,,,
768500,2478.8,0.000000,,,,,,,,
768600,2479.1,0.000000,,,,,,,,
768700,2479.4,0.000000,,,,,,,,
768800,2479.7,0.000000,,,,,,,,
768900,2480.0,0.000000,,,,,,,,
769000,2480.3,0.000000,,,,,,,,
769100,2480.6,0.000000,,,,,,,,
769200,2480.9,0.000000,,,,,,,,
769300,2481.2,0.000000,,,,,,,,
769400,2481.5,0.000000,,,,,,,,
769500,2481.8,0.000000,,,,,,,,
769600,2482.1,0.000000,,,,,,,,
769700,2482.4,0.000000,,,,,,,,
769800,2482.7,0.000000,,,,,,,,
769900,2483.0,0.000000,,,,,,,,
770000,2484.4,0.000000,0.000000,5.733544e-01,2.257257e-02,1.521545e-02,0.000000,4.267419e-01,2.145317e-02,1.478551e-02
770100,2484.7,0.000000,,,,,,,,
770200,2484.9,0.000000,,,,,,,,
770300,2485.2,0.000000,,,,,,,,
770400,2485.6,0.000000,,,,,,,,
770500,2485.9,0.000000,,,,,,,,
770600,2486.2,0.000000,,,,,,,,
770700,2486.5,0.000000,,,,,,,,
770800,2486.8,0.000000,,,,,,,,
770900,2487.1,0.000000,,,,,,,,
771000,2487.4,0.000000,,,,,,,,
771100,2487.7,0.000000,,,,,,,,
771200,2488.0,0.000000,,,,,,,,
771300,2488.3,0.000001,,,,,,,,
771400,2488.6,0.000000,,,,,,,,
771500,2488.9,0.000000,,,,,,,,
771600,2489.2,0.000000,,,,,,,,
771700,2489.5,0.000000,,,,,,,,
771800,2489.8,0.000000,,,,,,,,
771900,2490.1,0.000000,,,,,,,,
772000,2490.4,0.000000,,,,,,,,
772100,2490.7,0.000000,,,,,,,,
772200,2491.0,0.000000,,,,,,,,
772300,2491.3,0.000000,,,,,,,,
772400,2491.6,0.000000,,,,,,,,
772500,2491.9,0.000000,,,,,,,,
772600,2492.2,0.000000,,,,,,,,
772700,2492.5,0.000000,,,,,,,,
772800,2492.8,0.000000,,,,,,,,
772900,2493.1,0.000000,,,,,,,,
773000,2493.4,0.000000,,,,,,,,
773100,2493.7,0.000000,,,,,,,,
773200,2494.0,0.000000,,,,,,,,
773300,2494.3,0.000000,,,,,,,,
773400,2494.6,0.000000,,,,,,,,
773500,2495.0,0.000000,,,,,,,,
773600,2495.3,0.000000,,,,,,,,
773700,2495.6,0.000000,,,,,,,,
773800,2495.9,0.000000,,,,,,,,
773900,2496.2,0.000001,,,,,,,,
774000,2496.5,0.000000,,,,,,,,
774100,2496.8,0.000000,,,,,,,,
774200,2497.1,0.000000,,,,,,,,
774300,2497.4,0.000000,,,,,,,,
774400,2497.7,0.000000,,,,,,,,
774500,2497.9,0.000000,,,,,,,,
774600,2498.2,0.000000,,,,,,,,
774700,2498.5,0.000000,,,,,,,,
774800,2498.8,0.000000,,,,,,,,
774900,2499.1,0.000001,,,,,,,,
775000,2500.6,0.000000,0.000000,5.794808e-01,2.209931e-02,1.482585e-02,0.000000,4.333241e-01,2.089602e-02,1.429848e-02
775100,2500.8,0.000000,,,,,,,,
775200,2501.1,0.000000,,,,,,,,
775300,2501.4,0.000000,,,,,,,,
775400,2501.7,0.000000,,,,,,,,
775500,2502.0,0.000000,,,,,,,,
775600,2502.3,0.000000,,,,,,,,
775700,2502.6,0.000000,,,,,,,,
775800,2502.9,0.000000,,,,,,,,
775900,2503.2,0.000000,,,,,,,,
776000,2503.5,0.000000,,,,,,,,
776100,2503.8,0.000000,,,,,,,,
776200,2504.1,0.000000,,,,,,,,
776300,2504.4,0.000000,,,,,,,,
776400,2504.7,0.000001,,,,,,,,
776500,2505.0,0.000000,,,,,,,,
776600,2505.3,0.000000,,,,,,,,
776700,2505.6,0.000000,,,,,,,,
776800,2505.9,0.000000,,,,,,,,
776900,2506.2,0.000000,,,,,,,,
777000,2506.5,0.000000,,,,,,,,
777100,2506.8,0.000000,,,,,,,,
777200,2507.1,0.000001,,,,,,,,
777300,2507.4,0.000000,,,,,,,,
777400,2507.7,0.000000,,,,,,,,
777500,2508.0,0.000000,,,,,,,,
777600,2508.3,0.000000,,,,,,,,
777700,2508.6,0.000000,,,,,,,,
777800,2508.9,0.000000,,,,,,,,
777900,2509.2,0.000000,,,,,,,,
778000,2509.5,0.000000,,,,,,,,
778100,2509.9,0.000000,,,,,,,,
778200,2510.2,0.000000,,,,,,,,
778300,2510.5,0.000000,,,,,,,,
778400,2510.8,0.000000,,,,,,,,
778500,2511.0,0.000000,,,,,,,,
778600,2511.3,0.000000,,,,,,,,
778700,2511.7,0.000000,,,,,,,,
778800,2512.0,0.000000,,,,,,,,
778900,2512.3,0.000000,,,,,,,,
779000,2512.6,0.000000,,,,,,,,
779100,2512.9,0.000000,,,,,,,,
779200,2513.2,0.000000,,,,,,,,
779300,2513.5,0.000000,,,,,,,,
779400,2513.8,0.000000,,,,,,,,
779500,2514.1,0.000000,,,,,,,,
779600,2514.4,0.000000,,,,,,,,
779700,2514.7,0.000000,,,,,,,,
779800,2515.0,0.000000,,,,,,,,
779900,2515.3,0.000000,,,,,,,,
780000,2516.7,0.000000,0.000000,5.796029e-01,2.209992e-02,1.493295e-02,0.000000,4.344475e-01,2.091110e-02,1.444288e-02
780100,2516.9,0.000001,,,,,,,,
780200,2517.2,0.000000,,,,,,,,
780300,2517.5,0.000000,,,,,,,,
780400,2517.8,0.000000,,,,,,,,
780500,2518.1,0.000000,,,,,,,,
780600,2518.4,0.000000,,,,,,,,
780700,2518.7,0.000000,,,,,,,,
780800,2519.0,0.000000,,,,,,,,
780900,2519.3,0.000000,,,,,,,,
781000,2519.6,0.000000,,,,,,,,
781100,2519.9,0.000000,,,,,,,,
781200,2520.2,0.000000,,,,,,,,
781300,2520.5,0.000000,,,,,,,,
781400,2520.8,0.000000,,,,,,,,
781500,2521.1,0.000001,,,,,,,,
781600,2521.4,0.000000,,,,,,,,
781700,2521.7,0.000000,,,,,,,,
781800,2522.0,0.000000,,,,,,,,
781900,2522.3,0.000001,,,,,,,,
782000,2522.6,0.000000,,,,,,,,
782100,2522.9,0.000000,,,,,,,,
782200,2523.2,0.000000,,,,,,,,
782300,2523.5,0.000000,,,,,,,,
782400,2523.9,0.000000,,,,,,,,
782500,2524.2,0.000000,,,,,,,,
782600,2524.5,0.000000,,,,,,,,
782700,2524.8,0.000000,,,,,,,,
782800,2525.1,0.000000,,,,,,,,
782900,2525.4,0.000000,,,,,,,,
783000,2525.7,0.000000,,,,,,,,
783100,2526.0,0.000000,,,,,,,,
783200,2526.3,0.000001,,,,,,,,
783300,2526.6,0.000000,,,,,,,,
783400,2526.9,0.000000,,,,,,,,
783500,2527.2,0.000000,,,,,,,,
783600,2527.5,0.000000,,,,,,,,
783700,2527.8,0.000000,,,,,,,,
783800,2528.1,0.000000,,,,,,,,
783900,2528.4,0.000000,,,,,,,,
784000,2528.7,0.000000,,,,,,,,
784100,2529.0,0.000000,,,,,,,,
784200,2529.3,0.000000,,,,,,,,
784300,2529.6,0.000000,,,,,,,,
784400,2529.9,0.000000,,,,,,,,
784500,2530.2,0.000000,,,,,,,,
784600,2530.5,0.000000,,,,,,,,
784700,2530.8,0.000000,,,,,,,,
784800,2531.1,0.000000,,,,,,,,
784900,2531.4,0.000000,,,,,,,,
785000,2532.8,0.000000,0.000000,5.771844e-01,2.196824e-02,1.479987e-02,0.000000,4.322884e-01,2.078926e-02,1.429537e-02
785100,2533.1,0.000000,,,,,,,,
785200,2533.4,0.000000,,,,,,,,
785300,2533.7,0.000000,,,,,,,,
785400,2534.0,0.000000,,,,,,,,
785500,2534.3,0.000001,,,,,,,,
785600,2534.6,0.000000,,,,,,,,
785700,2534.9,0.000000,,,,,,,,
785800,2535.2,0.000000,,,,,,,,
785900,2535.5,0.000000,,,,,,,,
786000,2535.8,0.000000,,,,,,,,
786100,2536.1,0.000000,,,,,,,,
786200,2536.4,0.000000,,,,,,,,
786300,2536.7,0.000000,,,,,,,,
786400,2537.0,0.000000,,,,,,,,
786500,2537.3,0.000000,,,,,,,,
786600,2537.6,0.000000,,,,,,,,
786700,2537.9,0.000000,,,,,,,,
786800,2538.2,0.000000,,,,,,,,
786900,2538.5,0.000000,,,,,,,,
787000,2538.8,0.000000,,,,,,,,
787100,2539.1,0.000000,,,,,,,,
787200,2539.4,0.000000,,,,,,,,
787300,2539.7,0.000000,,,,,,,,
787400,2540.0,0.000000,,,,,,,,
787500,2540.3,0.000000,,,,,,,,
787600,2540.6,0.000001,,,,,,,,
787700,2541.0,0.000000,,,,,,,,
787800,2541.3,0.000000,,,,,,,,
787900,2541.6,0.000000,,,,,,,,
788000,2541.8,0.000000,,,,,,,,
788100,2542.2,0.000000,,,,,,,,
788200,2542.5,0.000000,,,,,,,,
788300,2542.8,0.000000,,,,,,,,
788400,2543.1,0.000000,,,,,,,,
788500,2543.4,0.000001,,,,,,,,
788600,2543.7,0.000000,,,,,,,,
788700,2544.0,0.000001,,,,,,,,
788800,2544.3,0.000000,,,,,,,,
788900,2544.6,0.000000,,,,,,,,
789000,2544.9,0.000000,,,,,,,,
789100,2545.2,0.000000,,,,,,,,
789200,2545.5,0.000000,,,,,,,,
789300,2545.8,0.000000,,,,,,,,
789400,2546.1,0.000000,,,,,,,,
789500,2546.4,0.000000,,,,,,,,
789600,2546.7,0.000001,,,,,,,,
789700,2547.0,0.000000,,,,,,,,
789800,2547.3,0.000001,,,,,,,,
789900,2547.6,0.000001,,,,,,,,
790000,2549.0,0.000000,0.000000,5.769135e-01,2.176791e-02,1.445566e-02,0.000000,4.312413e-01,2.055687e-02,1.392054e-02
790100,2549.3,0.000000,,,,,,,,
790200,2549.6,0.000001,,,,,,,,
790300,2549.9,0.000000,,,,,,,,
790400,2550.2,0.000000,,,,,,,,
790500,2550.5,0.000000,,,,,,,,
790600,2550.8,0.000001,,,,,,,,
790700,2551.1,0.000001,,,,,,,,
790800,2551.4,0.000000,,,,,,,,
790900,2551.7,0.000000,,,,,,,,
791000,2552.0,0.000000,,,,,,,,
791100,2552.3,0.000000,,,,,,,,
791200,2552.6,0.000000,,,,,,,,
791300,2553.0,0.000000,,,,,,,,
791400,2553.3,0.000000,,,,,,,,
791500,2553.6,0.000001,,,,,,,,
791600,2553.9,0.000000,,,,,,,,
791700,2554.2,0.000000,,,,,,,,
791800,2554.5,0.000000,,,,,,,,
791900,2554.8,0.000000,,,,,,,,
792000,2555.1,0.000000,,,,,,,,
792100,2555.4,0.000000,,,,,,,,
792200,2555.7,0.000001,,,,,,,,
792300,2556.0,0.000000,,,,,,,,
792400,2556.3,0.000000,,,,,,,,
792500,2556.6,0.000000,,,,,,,,
792600,2556.9,0.000000,,,,,,,,
792700,2557.2,0.000000,,,,,,,,
792800,2557.5,0.000001,,,,,,,,
792900,2557.8,0.000000,,,,,,,,
793000,2558.1,0.000000,,,,,,,,
793100,2558.4,0.000000,,,,,,,,
793200,2558.7,0.000000,,,,,,,,
793300,2559.0,0.000000,,,,,,,,
793400,2559.3,0.000000,,,,,,,,
793500,2559.6,0.000000,,,,,,,,
793600,2559.9,0.000001,,,,,,,,
793700,2560.2,0.000000,,,,,,,,
793800,2560.5,0.000000,,,,,,,,
793900,2560.8,0.000000,,,,,,,,
794000,2561.1,0.000001,,,,,,,,
794100,2561.4,0.000000,,,,,,,,
794200,2561.7,0.000000,,,,,,,,
794300,2562.0,0.000000,,,,,,,,
794400,2562.3,0.000000,,,,,,,,
794500,2562.6,0.000000,,,,,,,,
794600,2562.9,0.000000,,,,,,,,
794700,2563.2,0.000001,,,,,,,,
794800,2563.5,0.000000,,,,,,,,
794900,2563.8,0.000000,,,,,,,,
795000,2565.2,0.000000,0.000000,5.731141e-01,2.176533e-02,1.448343e-02,0.000000,4.278691e-01,2.055790e-02,1.397041e-02
795100,2565.4,0.000000,,,,,,,,
795200,2565.7,0.000000,,,,,,,,
795300,2566.0,0.000001,,,,,,,,
795400,2566.3,0.000000,,,,,,,,
795500,2566.6,0.000001,,,,,,,,
795600,2566.9,0.000000,,,,,,,,
795700,2567.2,0.000001,,,,,,,,
795800,2567.5,0.000000,,,,,,,,
795900,2567.8,0.000001,,,,,,,,
796000,2568.1,0.000000,,,,,,,,
796100,2568.4,0.000001,,,,,,,,
796200,2568.7,0.000000,,,,,,,,
796300,2569.0,0.000000,,,,,,,,
796400,2569.3,0.000000,,,,,,,,
796500,2569.6,0.000000,,,,,,,,
796600,2569.9,0.000000,,,,,,,,
796700,2570.2,0.000000,,,,,,,,
796800,2570.5,0.000000,,,,,,,,
796900,2570.8,0.000000,,,,,,,,
797000,2571.1,0.000000,,,,,,,,
797100,2571.4,0.000000,,,,,,,,
797200,2571.7,0.000000,,,,,,,,
797300,2572.0,0.000000,,,,,,,,
797400,2572.3,0.000000,,,,,,,,
797500,2572.6,0.000000,,,,,,,,
797600,2572.9,0.000000,,,,,,,,
797700,2573.2,0.000001,,,,,,,,
797800,2573.5,0.000000,,,,,,,,
797900,2573.8,0.000001,,,,,,,,
798000,2574.2,0.000000,,,,,,,,
798100,2574.5,0.000000,,,,,,,,
798200,2574.8,0.000000,,,,,,,,
798300,2575.1,0.000000,,,,,,,,
798400,2575.4,0.000000,,,,,,,,
798500,2575.7,0.000000,,,,,,,,
798600,2576.0,0.000001,,,,,,,,
798700,2576.3,0.000000,,,,,,,,
798800,2576.6,0.000000,,,,,,,,
798900,2576.9,0.000000,,,,,,,,
799000,2577.2,0.000000,,,,,,,,
799100,2577.5,0.000000,,,,,,,,
799200,2577.8,0.000000,,,,,,,,
799300,2578.1,0.000000,,,,,,,,
799400,2578.4,0.000000,,,,,,,,
799500,2578.7,0.000000,,,,,,,,
799600,2579.0,0.000000,,,,,,,,
799700,2579.3,0.000001,,,,,,,,
799800,2579.6,0.000000,,,,,,,,
799900,2579.9,0.000000,,,,,,,,
800000,2581.3,0.000000,0.000000,5.748059e-01,2.175172e-02,1.447033e-02,0.000000,4.296162e-01,2.054885e-02,1.394486e-02
