step,elapsed_s,train_loss,eval_loss,max_abs_err,mean_abs_err,median_abs_err,frac_under_boyd,max_abs_err_bulk,mean_abs_err_bulk,median_abs_err_bulk
100,0.5,0.110719,,,,,,,,
200,0.8,0.107620,,,,,,,,
300,1.1,0.089028,,,,,,,,
400,1.6,0.037353,,,,,,,,
500,2.1,0.019048,,,,,,,,
600,2.6,0.009147,,,,,,,,
700,3.1,0.004045,,,,,,,,
800,3.6,0.003236,,,,,,,,
900,4.0,0.003039,,,,,,,,
1000,4.6,0.001397,,,,,,,,
1100,5.1,0.001554,,,,,,,,
1200,5.6,0.001953,,,,,,,,
1300,6.1,0.001464,,,,,,,,
1400,6.6,0.001219,,,,,,,,
1500,7.1,0.001177,,,,,,,,
1600,7.6,0.001209,,,,,,,,
1700,8.1,0.001487,,,,,,,,
1800,8.6,0.001558,,,,,,,,
1900,9.2,0.001049,,,,,,,,
2000,9.7,0.001262,,,,,,,,
2100,10.2,0.001200,,,,,,,,
2200,10.7,0.000569,,,,,,,,
2300,11.2,0.000221,,,,,,,,
2400,11.7,0.000223,,,,,,,,
2500,12.2,0.000191,,,,,,,,
2600,12.7,0.000288,,,,,,,,
2700,13.3,0.000123,,,,,,,,
2800,13.8,0.000158,,,,,,,,
2900,14.3,0.000118,,,,,,,,
3000,14.8,0.000139,,,,,,,,
3100,15.3,0.000102,,,,,,,,
3200,15.8,0.000143,,,,,,,,
3300,16.3,0.000066,,,,,,,,
3400,16.8,0.000066,,,,,,,,
3500,17.3,0.000093,,,,,,,,
3600,17.9,0.000090,,,,,,,,
3700,18.4,0.000079,,,,,,,,
3800,18.9,0.000114,,,,,,,,
3900,19.4,0.000064,,,,,,,,
4000,19.9,0.000065,,,,,,,,
4100,20.4,0.000071,,,,,,,,
4200,20.9,0.000102,,,,,,,,
4300,21.4,0.000043,,,,,,,,
4400,21.9,0.000059,,,,,,,,
4500,22.4,0.000079,,,,,,,,
4600,22.9,0.000041,,,,,,,,
4700,23.4,0.000066,,,,,,,,
4800,24.0,0.000078,,,,,,,,
4900,24.4,0.000053,,,,,,,,
5000,26.1,0.000033,0.000039,3.182151e-01,2.895335e-02,2.193641e-02,0.000000,3.182151e-01,2.760003e-02,2.102124e-02
5100,26.3,0.000053,,,,,,,,
5200,26.6,0.000038,,,,,,,,
5300,26.9,0.000037,,,,,,,,
5400,27.4,0.000028,,,,,,,,
5500,27.9,0.000087,,,,,,,,
5600,28.4,0.000027,,,,,,,,
5700,28.9,0.000020,,,,,,,,
5800,29.4,0.000038,,,,,,,,
5900,29.9,0.000070,,,,,,,,
6000,30.4,0.000021,,,,,,,,
6100,30.9,0.000046,,,,,,,,
6200,31.4,0.000021,,,,,,,,
6300,31.9,0.000054,,,,,,,,
6400,32.5,0.000025,,,,,,,,
6500,32.9,0.000028,,,,,,,,
6600,33.5,0.000028,,,,,,,,
6700,34.0,0.000055,,,,,,,,
6800,34.5,0.000026,,,,,,,,
6900,35.0,0.000020,,,,,,,,
7000,35.5,0.000018,,,,,,,,
7100,36.0,0.000023,,,,,,,,
7200,36.5,0.000018,,,,,,,,
7300,37.0,0.000021,,,,,,,,
7400,37.5,0.000023,,,,,,,,
7500,38.0,0.000021,,,,,,,,
7600,38.6,0.000043,,,,,,,,
7700,39.0,0.000017,,,,,,,,
7800,39.6,0.000042,,,,,,,,
7900,40.1,0.000013,,,,,,,,
8000,40.6,0.000014,,,,,,,,
8100,41.1,0.000019,,,,,,,,
8200,41.6,0.000019,,,,,,,,
8300,42.1,0.000011,,,,,,,,
8400,42.6,0.000012,,,,,,,,
8500,43.1,0.000029,,,,,,,,
8600,43.6,0.000013,,,,,,,,
8700,44.1,0.000014,,,,,,,,
8800,44.6,0.000015,,,,,,,,
8900,45.1,0.000030,,,,,,,,
9000,45.6,0.000016,,,,,,,,
9100,46.1,0.000010,,,,,,,,
9200,46.6,0.000011,,,,,,,,
9300,47.1,0.000016,,,,,,,,
9400,47.6,0.000032,,,,,,,,
9500,48.1,0.000021,,,,,,,,
9600,48.7,0.000011,,,,,,,,
9700,49.1,0.000017,,,,,,,,
9800,49.6,0.000016,,,,,,,,
9900,50.2,0.000029,,,,,,,,
10000,51.8,0.000018,0.000017,2.216624e-01,2.007063e-02,1.636072e-02,0.000000,1.851494e-01,2.017197e-02,1.652185e-02
10100,52.0,0.000013,,,,,,,,
10200,52.3,0.000010,,,,,,,,
10300,52.7,0.000026,,,,,,,,
10400,53.2,0.000012,,,,,,,,
10500,53.7,0.000034,,,,,,,,
10600,54.2,0.000013,,,,,,,,
10700,54.7,0.000017,,,,,,,,
10800,55.2,0.000013,,,,,,,,
10900,55.7,0.000013,,,,,,,,
11000,56.2,0.000023,,,,,,,,
11100,56.7,0.000009,,,,,,,,
11200,57.3,0.000035,,,,,,,,
11300,57.8,0.000011,,,,,,,,
11400,58.3,0.000014,,,,,,,,
11500,58.8,0.000014,,,,,,,,
11600,59.3,0.000009,,,,,,,,
11700,59.9,0.000014,,,,,,,,
11800,60.4,0.000020,,,,,,,,
11900,60.9,0.000009,,,,,,,,
12000,61.4,0.000008,,,,,,,,
12100,61.9,0.000010,,,,,,,,
12200,62.4,0.000015,,,,,,,,
12300,62.9,0.000025,,,,,,,,
12400,63.4,0.000010,,,,,,,,
12500,63.9,0.000023,,,,,,,,
12600,64.4,0.000014,,,,,,,,
12700,65.0,0.000014,,,,,,,,
12800,65.4,0.000023,,,,,,,,
12900,66.0,0.000012,,,,,,,,
13000,66.5,0.000010,,,,,,,,
13100,67.0,0.000018,,,,,,,,
13200,67.5,0.000017,,,,,,,,
13300,68.0,0.000015,,,,,,,,
13400,68.5,0.000013,,,,,,,,
13500,69.0,0.000013,,,,,,,,
13600,69.5,0.000013,,,,,,,,
13700,70.0,0.000007,,,,,,,,
13800,70.6,0.000007,,,,,,,,
13900,71.1,0.000020,,,,,,,,
14000,71.6,0.000008,,,,,,,,
14100,72.1,0.000025,,,,,,,,
14200,72.6,0.000011,,,,,,,,
14300,73.1,0.000011,,,,,,,,
14400,73.6,0.000009,,,,,,,,
14500,74.1,0.000012,,,,,,,,
14600,74.6,0.000008,,,,,,,,
14700,75.1,0.000017,,,,,,,,
14800,75.6,0.000017,,,,,,,,
14900,76.2,0.000012,,,,,,,,
15000,77.8,0.000010,0.000016,2.674642e-01,1.744109e-02,1.242301e-02,0.000000,2.674642e-01,1.723444e-02,1.260660e-02
15100,78.1,0.000013,,,,,,,,
15200,78.4,0.000008,,,,,,,,
15300,78.7,0.000009,,,,,,,,
15400,79.2,0.000012,,,,,,,,
15500,79.7,0.000008,,,,,,,,
15600,80.2,0.000011,,,,,,,,
15700,80.8,0.000010,,,,,,,,
15800,81.3,0.000014,,,,,,,,
15900,81.8,0.000013,,,,,,,,
16000,82.3,0.000021,,,,,,,,
16100,82.8,0.000010,,,,,,,,
16200,83.3,0.000010,,,,,,,,
16300,83.8,0.000013,,,,,,,,
16400,84.3,0.000013,,,,,,,,
16500,84.9,0.000019,,,,,,,,
16600,85.3,0.000009,,,,,,,,
16700,85.6,0.000018,,,,,,,,
16800,86.1,0.000021,,,,,,,,
16900,86.6,0.000012,,,,,,,,
17000,87.2,0.000014,,,,,,,,
17100,87.7,0.000009,,,,,,,,
17200,88.2,0.000010,,,,,,,,
17300,88.7,0.000009,,,,,,,,
17400,89.2,0.000006,,,,,,,,
17500,89.8,0.000006,,,,,,,,
17600,90.3,0.000007,,,,,,,,
17700,90.8,0.000015,,,,,,,,
17800,91.3,0.000012,,,,,,,,
17900,91.8,0.000020,,,,,,,,
18000,92.3,0.000009,,,,,,,,
18100,92.8,0.000008,,,,,,,,
18200,93.4,0.000007,,,,,,,,
18300,93.9,0.000007,,,,,,,,
18400,94.3,0.000009,,,,,,,,
18500,94.9,0.000007,,,,,,,,
18600,95.4,0.000008,,,,,,,,
18700,95.9,0.000013,,,,,,,,
18800,96.4,0.000008,,,,,,,,
18900,96.9,0.000011,,,,,,,,
19000,97.4,0.000020,,,,,,,,
19100,98.0,0.000007,,,,,,,,
19200,98.5,0.000015,,,,,,,,
19300,99.0,0.000009,,,,,,,,
19400,99.4,0.000007,,,,,,,,
19500,100.0,0.000009,,,,,,,,
19600,100.5,0.000006,,,,,,,,
19700,101.0,0.000015,,,,,,,,
19800,101.5,0.000013,,,,,,,,
19900,102.0,0.000009,,,,,,,,
20000,103.6,0.000010,0.000020,2.102428e-01,2.298490e-02,2.044315e-02,0.000000,2.102428e-01,2.289359e-02,2.056999e-02
20100,103.9,0.000007,,,,,,,,
20200,104.1,0.000007,,,,,,,,
20300,104.4,0.000024,,,,,,,,
20400,104.9,0.000007,,,,,,,,
20500,105.4,0.000008,,,,,,,,
20600,106.0,0.000008,,,,,,,,
20700,106.5,0.000006,,,,,,,,
20800,107.0,0.000005,,,,,,,,
20900,107.5,0.000009,,,,,,,,
21000,108.0,0.000011,,,,,,,,
21100,108.5,0.000007,,,,,,,,
21200,109.0,0.000009,,,,,,,,
21300,109.6,0.000006,,,,,,,,
21400,110.1,0.000013,,,,,,,,
21500,110.6,0.000009,,,,,,,,
21600,111.1,0.000023,,,,,,,,
21700,111.6,0.000003,,,,,,,,
21800,112.1,0.000005,,,,,,,,
21900,112.6,0.000004,,,,,,,,
22000,113.1,0.000019,,,,,,,,
22100,113.6,0.000015,,,,,,,,
22200,114.1,0.000007,,,,,,,,
22300,114.6,0.000018,,,,,,,,
22400,115.1,0.000006,,,,,,,,
22500,115.6,0.000006,,,,,,,,
22600,116.1,0.000033,,,,,,,,
22700,116.6,0.000007,,,,,,,,
22800,117.1,0.000005,,,,,,,,
22900,117.6,0.000007,,,,,,,,
23000,118.2,0.000004,,,,,,,,
23100,118.7,0.000006,,,,,,,,
23200,119.2,0.000007,,,,,,,,
23300,119.7,0.000009,,,,,,,,
23400,120.2,0.000006,,,,,,,,
23500,120.7,0.000010,,,,,,,,
23600,121.2,0.000008,,,,,,,,
23700,121.7,0.000012,,,,,,,,
23800,122.2,0.000007,,,,,,,,
23900,122.8,0.000006,,,,,,,,
24000,123.2,0.000013,,,,,,,,
24100,123.8,0.000009,,,,,,,,
24200,124.2,0.000009,,,,,,,,
24300,124.7,0.000010,,,,,,,,
24400,125.2,0.000007,,,,,,,,
24500,125.7,0.000006,,,,,,,,
24600,126.2,0.000021,,,,,,,,
24700,126.7,0.000004,,,,,,,,
24800,127.2,0.000007,,,,,,,,
24900,127.7,0.000010,,,,,,,,
25000,129.4,0.000006,0.000004,1.759156e-01,9.167054e-03,6.985001e-03,0.000000,1.759156e-01,8.842080e-03,6.827755e-03
25100,129.6,0.000006,,,,,,,,
25200,129.9,0.000005,,,,,,,,
25300,130.2,0.000005,,,,,,,,
25400,130.7,0.000010,,,,,,,,
25500,131.2,0.000018,,,,,,,,
25600,131.7,0.000006,,,,,,,,
25700,132.2,0.000008,,,,,,,,
25800,132.8,0.000008,,,,,,,,
25900,133.3,0.000010,,,,,,,,
26000,133.8,0.000004,,,,,,,,
26100,134.3,0.000011,,,,,,,,
26200,134.8,0.000010,,,,,,,,
26300,135.3,0.000009,,,,,,,,
26400,135.8,0.000013,,,,,,,,
26500,136.3,0.000019,,,,,,,,
26600,136.8,0.000006,,,,,,,,
26700,137.3,0.000007,,,,,,,,
26800,137.8,0.000008,,,,,,,,
26900,138.4,0.000007,,,,,,,,
27000,138.9,0.000006,,,,,,,,
27100,139.4,0.000016,,,,,,,,
27200,139.9,0.000007,,,,,,,,
27300,140.4,0.000010,,,,,,,,
27400,140.9,0.000006,,,,,,,,
27500,141.4,0.000004,,,,,,,,
27600,141.9,0.000007,,,,,,,,
27700,142.4,0.000008,,,,,,,,
27800,143.0,0.000008,,,,,,,,
27900,143.4,0.000004,,,,,,,,
28000,144.0,0.000010,,,,,,,,
28100,144.5,0.000006,,,,,,,,
28200,145.0,0.000006,,,,,,,,
28300,145.5,0.000008,,,,,,,,
28400,146.0,0.000014,,,,,,,,
28500,146.4,0.000007,,,,,,,,
28600,146.9,0.000007,,,,,,,,
28700,147.4,0.000004,,,,,,,,
28800,147.9,0.000005,,,,,,,,
28900,148.4,0.000009,,,,,,,,
29000,148.9,0.000010,,,,,,,,
29100,149.4,0.000008,,,,,,,,
29200,149.9,0.000007,,,,,,,,
29300,150.4,0.000004,,,,,,,,
29400,150.9,0.000004,,,,,,,,
29500,151.4,0.000007,,,,,,,,
29600,151.9,0.000004,,,,,,,,
29700,152.5,0.000006,,,,,,,,
29800,153.0,0.000003,,,,,,,,
29900,153.5,0.000008,,,,,,,,
30000,155.1,0.000004,0.000004,1.492770e-01,8.734488e-03,6.373571e-03,0.000000,1.032136e-01,8.346223e-03,6.236605e-03
30100,155.3,0.000007,,,,,,,,
30200,155.6,0.000009,,,,,,,,
30300,156.0,0.000008,,,,,,,,
30400,156.5,0.000010,,,,,,,,
30500,157.0,0.000011,,,,,,,,
30600,157.5,0.000004,,,,,,,,
30700,158.0,0.000006,,,,,,,,
30800,158.5,0.000013,,,,,,,,
30900,159.0,0.000005,,,,,,,,
31000,159.5,0.000012,,,,,,,,
31100,160.0,0.000017,,,,,,,,
31200,160.6,0.000003,,,,,,,,
31300,161.1,0.000006,,,,,,,,
31400,161.6,0.000009,,,,,,,,
31500,162.1,0.000006,,,,,,,,
31600,162.7,0.000008,,,,,,,,
31700,163.2,0.000004,,,,,,,,
31800,163.7,0.000022,,,,,,,,
31900,164.2,0.000005,,,,,,,,
32000,164.7,0.000009,,,,,,,,
32100,165.2,0.000003,,,,,,,,
32200,165.7,0.000005,,,,,,,,
32300,166.2,0.000005,,,,,,,,
32400,166.7,0.000006,,,,,,,,
32500,167.3,0.000003,,,,,,,,
32600,167.8,0.000008,,,,,,,,
32700,168.3,0.000004,,,,,,,,
32800,168.8,0.000008,,,,,,,,
32900,169.3,0.000004,,,,,,,,
33000,169.8,0.000004,,,,,,,,
33100,170.3,0.000003,,,,,,,,
33200,170.8,0.000005,,,,,,,,
33300,171.4,0.000004,,,,,,,,
33400,171.9,0.000005,,,,,,,,
33500,172.3,0.000012,,,,,,,,
33600,172.9,0.000010,,,,,,,,
33700,173.4,0.000004,,,,,,,,
33800,173.9,0.000007,,,,,,,,
33900,174.4,0.000007,,,,,,,,
34000,174.8,0.000008,,,,,,,,
34100,175.3,0.000005,,,,,,,,
34200,175.8,0.000007,,,,,,,,
34300,176.3,0.000004,,,,,,,,
34400,176.8,0.000004,,,,,,,,
34500,177.3,0.000008,,,,,,,,
34600,177.8,0.000005,,,,,,,,
34700,178.3,0.000006,,,,,,,,
34800,178.8,0.000008,,,,,,,,
34900,179.3,0.000015,,,,,,,,
35000,181.0,0.000004,0.000003,1.633030e-01,8.014484e-03,6.031323e-03,0.000000,9.728814e-02,7.753203e-03,5.995592e-03
35100,181.2,0.000004,,,,,,,,
35200,181.5,0.000005,,,,,,,,
35300,181.7,0.000006,,,,,,,,
35400,182.1,0.000006,,,,,,,,
35500,182.5,0.000007,,,,,,,,
35600,183.0,0.000011,,,,,,,,
35700,183.5,0.000004,,,,,,,,
35800,184.0,0.000004,,,,,,,,
35900,184.5,0.000005,,,,,,,,
36000,185.0,0.000006,,,,,,,,
36100,185.5,0.000005,,,,,,,,
36200,186.0,0.000004,,,,,,,,
36300,186.5,0.000005,,,,,,,,
36400,187.0,0.000006,,,,,,,,
36500,187.5,0.000003,,,,,,,,
36600,188.0,0.000004,,,,,,,,
36700,188.5,0.000007,,,,,,,,
36800,189.0,0.000009,,,,,,,,
36900,189.5,0.000003,,,,,,,,
37000,190.0,0.000008,,,,,,,,
37100,190.5,0.000009,,,,,,,,
37200,191.0,0.000007,,,,,,,,
37300,191.5,0.000004,,,,,,,,
37400,191.9,0.000005,,,,,,,,
37500,192.5,0.000004,,,,,,,,
37600,192.9,0.000002,,,,,,,,
37700,193.4,0.000011,,,,,,,,
37800,193.9,0.000003,,,,,,,,
37900,194.5,0.000004,,,,,,,,
38000,195.0,0.000005,,,,,,,,
38100,195.4,0.000006,,,,,,,,
38200,195.9,0.000008,,,,,,,,
38300,196.4,0.000005,,,,,,,,
38400,196.9,0.000006,,,,,,,,
38500,197.4,0.000005,,,,,,,,
38600,197.9,0.000003,,,,,,,,
38700,198.4,0.000008,,,,,,,,
38800,198.9,0.000004,,,,,,,,
38900,199.4,0.000005,,,,,,,,
39000,199.9,0.000005,,,,,,,,
39100,200.4,0.000007,,,,,,,,
39200,200.9,0.000005,,,,,,,,
39300,201.4,0.000004,,,,,,,,
39400,201.9,0.000008,,,,,,,,
39500,202.5,0.000006,,,,,,,,
39600,203.0,0.000005,,,,,,,,
39700,203.5,0.000008,,,,,,,,
39800,204.0,0.000003,,,,,,,,
39900,204.5,0.000005,,,,,,,,
40000,206.1,0.000007,0.000005,1.509763e-01,1.057319e-02,7.949592e-03,0.000000,1.509763e-01,1.047824e-02,7.802156e-03
40100,206.3,0.000003,,,,,,,,
40200,206.6,0.000004,,,,,,,,
40300,206.9,0.000010,,,,,,,,
40400,207.3,0.000006,,,,,,,,
40500,207.6,0.000003,,,,,,,,
40600,208.1,0.000004,,,,,,,,
40700,208.6,0.000008,,,,,,,,
40800,209.1,0.000011,,,,,,,,
40900,209.5,0.000004,,,,,,,,
41000,210.0,0.000008,,,,,,,,
41100,210.6,0.000006,,,,,,,,
41200,211.0,0.000008,,,,,,,,
41300,211.5,0.000005,,,,,,,,
41400,212.1,0.000004,,,,,,,,
41500,212.6,0.000004,,,,,,,,
41600,213.0,0.000005,,,,,,,,
41700,213.5,0.000014,,,,,,,,
41800,214.1,0.000011,,,,,,,,
41900,214.6,0.000004,,,,,,,,
42000,215.1,0.000002,,,,,,,,
42100,215.6,0.000005,,,,,,,,
42200,216.1,0.000004,,,,,,,,
42300,216.6,0.000005,,,,,,,,
42400,217.1,0.000004,,,,,,,,
42500,217.6,0.000006,,,,,,,,
42600,218.1,0.000004,,,,,,,,
42700,218.6,0.000004,,,,,,,,
42800,219.1,0.000002,,,,,,,,
42900,219.7,0.000004,,,,,,,,
43000,220.2,0.000007,,,,,,,,
43100,220.7,0.000005,,,,,,,,
43200,221.2,0.000003,,,,,,,,
43300,221.7,0.000004,,,,,,,,
43400,222.2,0.000005,,,,,,,,
43500,222.7,0.000003,,,,,,,,
43600,223.2,0.000004,,,,,,,,
43700,223.7,0.000006,,,,,,,,
43800,224.2,0.000003,,,,,,,,
43900,224.7,0.000004,,,,,,,,
44000,225.2,0.000003,,,,,,,,
44100,225.7,0.000003,,,,,,,,
44200,226.3,0.000005,,,,,,,,
44300,226.8,0.000007,,,,,,,,
44400,227.3,0.000004,,,,,,,,
44500,227.8,0.000006,,,,,,,,
44600,228.3,0.000003,,,,,,,,
44700,228.8,0.000005,,,,,,,,
44800,229.3,0.000008,,,,,,,,
44900,229.8,0.000002,,,,,,,,
45000,231.4,0.000004,0.000010,1.460340e-01,1.599446e-02,1.397356e-02,0.000000,1.460340e-01,1.568911e-02,1.387095e-02
45100,231.6,0.000003,,,,,,,,
45200,231.9,0.000007,,,,,,,,
45300,232.3,0.000003,,,,,,,,
45400,232.8,0.000003,,,,,,,,
45500,233.3,0.000005,,,,,,,,
45600,233.8,0.000002,,,,,,,,
45700,234.3,0.000004,,,,,,,,
45800,234.8,0.000007,,,,,,,,
45900,235.3,0.000003,,,,,,,,
46000,235.8,0.000005,,,,,,,,
46100,236.3,0.000005,,,,,,,,
46200,236.8,0.000006,,,,,,,,
46300,237.3,0.000003,,,,,,,,
46400,237.8,0.000006,,,,,,,,
46500,238.3,0.000003,,,,,,,,
46600,238.8,0.000006,,,,,,,,
46700,239.4,0.000005,,,,,,,,
46800,239.9,0.000004,,,,,,,,
46900,240.4,0.000003,,,,,,,,
47000,240.9,0.000005,,,,,,,,
47100,241.4,0.000003,,,,,,,,
47200,241.9,0.000002,,,,,,,,
47300,242.4,0.000005,,,,,,,,
47400,243.0,0.000003,,,,,,,,
47500,243.5,0.000012,,,,,,,,
47600,244.0,0.000009,,,,,,,,
47700,244.4,0.000005,,,,,,,,
47800,244.9,0.000003,,,,,,,,
47900,245.5,0.000007,,,,,,,,
48000,246.0,0.000002,,,,,,,,
48100,246.5,0.000002,,,,,,,,
48200,247.0,0.000004,,,,,,,,
48300,247.5,0.000005,,,,,,,,
48400,248.0,0.000002,,,,,,,,
48500,248.5,0.000002,,,,,,,,
48600,249.0,0.000004,,,,,,,,
48700,249.5,0.000006,,,,,,,,
48800,250.0,0.000005,,,,,,,,
48900,250.5,0.000004,,,,,,,,
49000,251.1,0.000002,,,,,,,,
49100,251.6,0.000002,,,,,,,,
49200,252.1,0.000004,,,,,,,,
49300,252.6,0.000003,,,,,,,,
49400,253.1,0.000007,,,,,,,,
49500,253.6,0.000002,,,,,,,,
49600,254.1,0.000005,,,,,,,,
49700,254.7,0.000003,,,,,,,,
49800,255.2,0.000004,,,,,,,,
49900,255.7,0.000008,,,,,,,,
50000,257.3,0.000010,0.000011,1.923402e-01,1.588590e-02,1.365045e-02,0.000000,1.923402e-01,1.576999e-02,1.384511e-02
50100,257.5,0.000003,,,,,,,,
50200,257.8,0.000003,,,,,,,,
50300,258.2,0.000003,,,,,,,,
50400,258.6,0.000003,,,,,,,,
50500,259.2,0.000004,,,,,,,,
50600,259.7,0.000004,,,,,,,,
50700,260.1,0.000004,,,,,,,,
50800,260.6,0.000004,,,,,,,,
50900,261.2,0.000002,,,,,,,,
51000,261.7,0.000003,,,,,,,,
51100,262.0,0.000004,,,,,,,,
51200,262.4,0.000003,,,,,,,,
51300,262.9,0.000002,,,,,,,,
51400,263.4,0.000002,,,,,,,,
51500,264.0,0.000007,,,,,,,,
51600,264.5,0.000004,,,,,,,,
51700,265.0,0.000005,,,,,,,,
51800,265.5,0.000005,,,,,,,,
51900,266.0,0.000009,,,,,,,,
52000,266.5,0.000002,,,,,,,,
52100,267.0,0.000002,,,,,,,,
52200,267.5,0.000005,,,,,,,,
52300,268.0,0.000005,,,,,,,,
52400,268.4,0.000005,,,,,,,,
52500,269.0,0.000005,,,,,,,,
52600,269.5,0.000006,,,,,,,,
52700,270.0,0.000007,,,,,,,,
52800,270.5,0.000003,,,,,,,,
52900,271.0,0.000003,,,,,,,,
53000,271.5,0.000006,,,,,,,,
53100,272.0,0.000003,,,,,,,,
53200,272.5,0.000002,,,,,,,,
53300,273.0,0.000007,,,,,,,,
53400,273.5,0.000002,,,,,,,,
53500,274.0,0.000002,,,,,,,,
53600,274.6,0.000002,,,,,,,,
53700,275.1,0.000006,,,,,,,,
53800,275.6,0.000003,,,,,,,,
53900,276.1,0.000004,,,,,,,,
54000,276.6,0.000003,,,,,,,,
54100,277.1,0.000007,,,,,,,,
54200,277.6,0.000002,,,,,,,,
54300,278.1,0.000011,,,,,,,,
54400,278.6,0.000002,,,,,,,,
54500,279.1,0.000002,,,,,,,,
54600,279.6,0.000002,,,,,,,,
54700,280.1,0.000008,,,,,,,,
54800,280.6,0.000008,,,,,,,,
54900,281.1,0.000001,,,,,,,,
55000,282.8,0.000006,0.000005,1.736469e-01,1.052986e-02,9.254975e-03,0.000000,1.437194e-01,1.043734e-02,9.330344e-03
55100,283.0,0.000004,,,,,,,,
55200,283.3,0.000004,,,,,,,,
55300,283.7,0.000005,,,,,,,,
55400,284.2,0.000002,,,,,,,,
55500,284.7,0.000003,,,,,,,,
55600,285.2,0.000004,,,,,,,,
55700,285.7,0.000002,,,,,,,,
55800,286.2,0.000005,,,,,,,,
55900,286.7,0.000005,,,,,,,,
56000,287.2,0.000003,,,,,,,,
56100,287.7,0.000004,,,,,,,,
56200,288.3,0.000002,,,,,,,,
56300,288.8,0.000002,,,,,,,,
56400,289.2,0.000003,,,,,,,,
56500,289.8,0.000002,,,,,,,,
56600,290.3,0.000002,,,,,,,,
56700,290.8,0.000006,,,,,,,,
56800,291.3,0.000002,,,,,,,,
56900,291.8,0.000003,,,,,,,,
57000,292.3,0.000003,,,,,,,,
57100,292.8,0.000004,,,,,,,,
57200,293.3,0.000005,,,,,,,,
57300,293.8,0.000008,,,,,,,,
57400,294.3,0.000005,,,,,,,,
57500,294.8,0.000004,,,,,,,,
57600,295.3,0.000004,,,,,,,,
57700,295.9,0.000004,,,,,,,,
57800,296.4,0.000007,,,,,,,,
57900,296.9,0.000003,,,,,,,,
58000,297.4,0.000002,,,,,,,,
58100,297.9,0.000002,,,,,,,,
58200,298.4,0.000002,,,,,,,,
58300,298.9,0.000003,,,,,,,,
58400,299.4,0.000003,,,,,,,,
58500,299.9,0.000003,,,,,,,,
58600,300.4,0.000003,,,,,,,,
58700,300.9,0.000005,,,,,,,,
58800,301.4,0.000004,,,,,,,,
58900,301.9,0.000003,,,,,,,,
59000,302.4,0.000002,,,,,,,,
59100,302.9,0.000003,,,,,,,,
59200,303.4,0.000002,,,,,,,,
59300,303.9,0.000003,,,,,,,,
59400,304.4,0.000005,,,,,,,,
59500,304.9,0.000003,,,,,,,,
59600,305.4,0.000003,,,,,,,,
59700,305.9,0.000002,,,,,,,,
59800,306.4,0.000003,,,,,,,,
59900,306.9,0.000010,,,,,,,,
60000,308.6,0.000002,0.000002,1.370494e-01,6.865293e-03,5.409686e-03,0.000000,1.218468e-01,6.647202e-03,5.342317e-03
60100,308.8,0.000002,,,,,,,,
60200,309.1,0.000005,,,,,,,,
60300,309.4,0.000005,,,,,,,,
60400,309.9,0.000005,,,,,,,,
60500,310.4,0.000001,,,,,,,,
60600,310.9,0.000002,,,,,,,,
60700,311.4,0.000003,,,,,,,,
60800,311.9,0.000003,,,,,,,,
60900,312.4,0.000004,,,,,,,,
61000,312.9,0.000002,,,,,,,,
61100,313.4,0.000002,,,,,,,,
61200,313.9,0.000002,,,,,,,,
61300,314.4,0.000003,,,,,,,,
61400,315.0,0.000001,,,,,,,,
61500,315.5,0.000004,,,,,,,,
61600,316.0,0.000008,,,,,,,,
61700,316.5,0.000003,,,,,,,,
61800,317.0,0.000004,,,,,,,,
61900,317.4,0.000006,,,,,,,,
62000,317.9,0.000005,,,,,,,,
62100,318.4,0.000002,,,,,,,,
62200,318.9,0.000005,,,,,,,,
62300,319.4,0.000003,,,,,,,,
62400,319.9,0.000003,,,,,,,,
62500,320.4,0.000003,,,,,,,,
62600,320.9,0.000004,,,,,,,,
62700,321.4,0.000004,,,,,,,,
62800,321.9,0.000005,,,,,,,,
62900,322.4,0.000003,,,,,,,,
63000,322.9,0.000002,,,,,,,,
63100,323.4,0.000009,,,,,,,,
63200,323.9,0.000004,,,,,,,,
63300,324.4,0.000008,,,,,,,,
63400,325.0,0.000006,,,,,,,,
63500,325.5,0.000004,,,,,,,,
63600,326.0,0.000002,,,,,,,,
63700,326.5,0.000004,,,,,,,,
63800,327.0,0.000003,,,,,,,,
63900,327.5,0.000006,,,,,,,,
64000,328.0,0.000008,,,,,,,,
64100,328.5,0.000003,,,,,,,,
64200,329.0,0.000003,,,,,,,,
64300,329.5,0.000003,,,,,,,,
64400,330.0,0.000004,,,,,,,,
64500,330.5,0.000003,,,,,,,,
64600,331.0,0.000003,,,,,,,,
64700,331.6,0.000004,,,,,,,,
64800,332.1,0.000002,,,,,,,,
64900,332.6,0.000003,,,,,,,,
65000,334.2,0.000002,0.000002,1.237725e-01,7.226210e-03,5.708826e-03,0.000000,1.237725e-01,7.056228e-03,5.650920e-03
65100,334.4,0.000003,,,,,,,,
65200,334.7,0.000001,,,,,,,,
65300,335.0,0.000003,,,,,,,,
65400,335.5,0.000004,,,,,,,,
65500,336.0,0.000005,,,,,,,,
65600,336.5,0.000002,,,,,,,,
65700,337.0,0.000006,,,,,,,,
65800,337.5,0.000006,,,,,,,,
65900,338.0,0.000007,,,,,,,,
66000,338.5,0.000002,,,,,,,,
66100,339.1,0.000003,,,,,,,,
66200,339.6,0.000003,,,,,,,,
66300,340.1,0.000004,,,,,,,,
66400,340.5,0.000002,,,,,,,,
66500,341.0,0.000005,,,,,,,,
66600,341.6,0.000004,,,,,,,,
66700,342.1,0.000004,,,,,,,,
66800,342.6,0.000003,,,,,,,,
66900,343.1,0.000003,,,,,,,,
67000,343.6,0.000002,,,,,,,,
67100,344.1,0.000005,,,,,,,,
67200,344.6,0.000002,,,,,,,,
67300,345.1,0.000002,,,,,,,,
67400,345.6,0.000004,,,,,,,,
67500,346.2,0.000003,,,,,,,,
67600,346.7,0.000005,,,,,,,,
67700,347.2,0.000005,,,,,,,,
67800,347.7,0.000003,,,,,,,,
67900,348.2,0.000002,,,,,,,,
68000,348.7,0.000004,,,,,,,,
68100,349.2,0.000003,,,,,,,,
68200,349.7,0.000003,,,,,,,,
68300,350.2,0.000005,,,,,,,,
68400,350.7,0.000004,,,,,,,,
68500,351.2,0.000004,,,,,,,,
68600,351.7,0.000004,,,,,,,,
68700,352.3,0.000004,,,,,,,,
68800,352.8,0.000003,,,,,,,,
68900,353.2,0.000001,,,,,,,,
69000,353.8,0.000002,,,,,,,,
69100,354.3,0.000003,,,,,,,,
69200,354.7,0.000006,,,,,,,,
69300,355.3,0.000006,,,,,,,,
69400,355.8,0.000003,,,,,,,,
69500,356.2,0.000005,,,,,,,,
69600,356.7,0.000006,,,,,,,,
69700,357.2,0.000005,,,,,,,,
69800,357.8,0.000002,,,,,,,,
69900,358.3,0.000003,,,,,,,,
70000,359.9,0.000003,0.000003,1.158784e-01,7.863692e-03,6.483425e-03,0.000000,1.158784e-01,7.673560e-03,6.364889e-03
70100,360.1,0.000003,,,,,,,,
70200,360.4,0.000004,,,,,,,,
70300,360.7,0.000002,,,,,,,,
70400,361.2,0.000005,,,,,,,,
70500,361.7,0.000005,,,,,,,,
70600,362.2,0.000006,,,,,,,,
70700,362.7,0.000002,,,,,,,,
70800,363.2,0.000002,,,,,,,,
70900,363.7,0.000004,,,,,,,,
71000,364.2,0.000004,,,,,,,,
71100,364.7,0.000002,,,,,,,,
71200,365.2,0.000005,,,,,,,,
71300,365.7,0.000003,,,,,,,,
71400,366.2,0.000004,,,,,,,,
71500,366.7,0.000003,,,,,,,,
71600,367.3,0.000002,,,,,,,,
71700,367.8,0.000002,,,,,,,,
71800,368.3,0.000006,,,,,,,,
71900,368.8,0.000002,,,,,,,,
72000,369.3,0.000002,,,,,,,,
72100,369.8,0.000002,,,,,,,,
72200,370.3,0.000002,,,,,,,,
72300,370.8,0.000008,,,,,,,,
72400,371.3,0.000002,,,,,,,,
72500,371.8,0.000005,,,,,,,,
72600,372.4,0.000003,,,,,,,,
72700,372.9,0.000004,,,,,,,,
72800,373.4,0.000002,,,,,,,,
72900,373.9,0.000003,,,,,,,,
73000,374.4,0.000008,,,,,,,,
73100,374.9,0.000003,,,,,,,,
73200,375.4,0.000001,,,,,,,,
73300,375.9,0.000002,,,,,,,,
73400,376.5,0.000004,,,,,,,,
73500,377.0,0.000004,,,,,,,,
73600,377.5,0.000003,,,,,,,,
73700,378.0,0.000002,,,,,,,,
73800,378.5,0.000002,,,,,,,,
73900,379.0,0.000002,,,,,,,,
74000,379.5,0.000005,,,,,,,,
74100,380.0,0.000002,,,,,,,,
74200,380.5,0.000002,,,,,,,,
74300,381.1,0.000002,,,,,,,,
74400,381.5,0.000002,,,,,,,,
74500,382.1,0.000003,,,,,,,,
74600,382.6,0.000010,,,,,,,,
74700,383.1,0.000003,,,,,,,,
74800,383.6,0.000002,,,,,,,,
74900,384.1,0.000006,,,,,,,,
75000,385.8,0.000002,0.000005,1.482671e-01,1.184454e-02,1.062506e-02,0.000000,1.482671e-01,1.190689e-02,1.081078e-02
75100,386.0,0.000003,,,,,,,,
75200,386.3,0.000002,,,,,,,,
75300,386.7,0.000006,,,,,,,,
75400,387.2,0.000001,,,,,,,,
75500,387.6,0.000010,,,,,,,,
75600,388.1,0.000004,,,,,,,,
75700,388.7,0.000004,,,,,,,,
75800,389.2,0.000003,,,,,,,,
75900,389.6,0.000004,,,,,,,,
76000,390.2,0.000008,,,,,,,,
76100,390.5,0.000008,,,,,,,,
76200,391.0,0.000002,,,,,,,,
76300,391.5,0.000002,,,,,,,,
76400,392.0,0.000002,,,,,,,,
76500,392.5,0.000003,,,,,,,,
76600,393.0,0.000006,,,,,,,,
76700,393.5,0.000002,,,,,,,,
76800,394.0,0.000004,,,,,,,,
76900,394.5,0.000007,,,,,,,,
77000,395.0,0.000004,,,,,,,,
77100,395.5,0.000004,,,,,,,,
77200,396.0,0.000003,,,,,,,,
77300,396.6,0.000002,,,,,,,,
77400,397.1,0.000005,,,,,,,,
77500,397.6,0.000004,,,,,,,,
77600,398.1,0.000002,,,,,,,,
77700,398.6,0.000005,,,,,,,,
77800,399.2,0.000003,,,,,,,,
77900,399.6,0.000002,,,,,,,,
78000,400.2,0.000002,,,,,,,,
78100,400.7,0.000005,,,,,,,,
78200,401.2,0.000006,,,,,,,,
78300,401.7,0.000003,,,,,,,,
78400,402.2,0.000003,,,,,,,,
78500,402.7,0.000005,,,,,,,,
78600,403.2,0.000007,,,,,,,,
78700,403.7,0.000003,,,,,,,,
78800,404.2,0.000004,,,,,,,,
78900,404.8,0.000004,,,,,,,,
79000,405.3,0.000002,,,,,,,,
79100,405.8,0.000005,,,,,,,,
79200,406.3,0.000005,,,,,,,,
79300,406.8,0.000007,,,,,,,,
79400,407.3,0.000003,,,,,,,,
79500,407.8,0.000003,,,,,,,,
79600,408.3,0.000004,,,,,,,,
79700,408.9,0.000004,,,,,,,,
79800,409.4,0.000003,,,,,,,,
79900,409.9,0.000004,,,,,,,,
80000,411.5,0.000002,0.000006,1.661449e-01,1.123634e-02,8.141390e-03,0.000000,8.356698e-02,1.088675e-02,8.124648e-03
80100,411.8,0.000002,,,,,,,,
80200,412.1,0.000008,,,,,,,,
80300,412.4,0.000001,,,,,,,,
80400,413.0,0.000002,,,,,,,,
80500,413.5,0.000002,,,,,,,,
80600,414.0,0.000004,,,,,,,,
80700,414.5,0.000008,,,,,,,,
80800,415.0,0.000003,,,,,,,,
80900,415.5,0.000005,,,,,,,,
81000,416.0,0.000003,,,,,,,,
81100,416.5,0.000002,,,,,,,,
81200,417.0,0.000003,,,,,,,,
81300,417.5,0.000004,,,,,,,,
81400,418.0,0.000003,,,,,,,,
81500,418.5,0.000004,,,,,,,,
81600,419.1,0.000004,,,,,,,,
81700,419.6,0.000002,,,,,,,,
81800,420.1,0.000003,,,,,,,,
81900,420.6,0.000002,,,,,,,,
82000,421.1,0.000008,,,,,,,,
82100,421.6,0.000005,,,,,,,,
82200,422.1,0.000003,,,,,,,,
82300,422.6,0.000003,,,,,,,,
82400,423.1,0.000004,,,,,,,,
82500,423.6,0.000002,,,,,,,,
82600,424.2,0.000002,,,,,,,,
82700,424.6,0.000003,,,,,,,,
82800,425.1,0.000004,,,,,,,,
82900,425.7,0.000002,,,,,,,,
83000,426.2,0.000002,,,,,,,,
83100,426.7,0.000002,,,,,,,,
83200,427.2,0.000003,,,,,,,,
83300,427.7,0.000003,,,,,,,,
83400,428.3,0.000007,,,,,,,,
83500,428.8,0.000002,,,,,,,,
83600,429.3,0.000004,,,,,,,,
83700,429.8,0.000002,,,,,,,,
83800,430.3,0.000007,,,,,,,,
83900,430.8,0.000003,,,,,,,,
84000,431.3,0.000004,,,,,,,,
84100,431.8,0.000002,,,,,,,,
84200,432.3,0.000002,,,,,,,,
84300,432.8,0.000004,,,,,,,,
84400,433.4,0.000001,,,,,,,,
84500,433.9,0.000001,,,,,,,,
84600,434.4,0.000003,,,,,,,,
84700,434.9,0.000002,,,,,,,,
84800,435.4,0.000003,,,,,,,,
84900,435.9,0.000004,,,,,,,,
85000,437.6,0.000011,0.000011,2.300415e-01,1.436236e-02,9.928436e-03,0.000000,1.309461e-01,1.400214e-02,9.928179e-03
85100,437.8,0.000002,,,,,,,,
85200,438.1,0.000002,,,,,,,,
85300,438.4,0.000006,,,,,,,,
85400,438.8,0.000002,,,,,,,,
85500,439.4,0.000003,,,,,,,,
85600,439.9,0.000003,,,,,,,,
85700,440.4,0.000007,,,,,,,,
85800,440.9,0.000003,,,,,,,,
85900,441.4,0.000009,,,,,,,,
86000,441.9,0.000002,,,,,,,,
86100,442.5,0.000002,,,,,,,,
86200,442.9,0.000003,,,,,,,,
86300,443.5,0.000002,,,,,,,,
86400,443.9,0.000001,,,,,,,,
86500,444.4,0.000003,,,,,,,,
86600,445.0,0.000003,,,,,,,,
86700,445.5,0.000002,,,,,,,,
86800,446.0,0.000007,,,,,,,,
86900,446.4,0.000002,,,,,,,,
87000,447.0,0.000002,,,,,,,,
87100,447.5,0.000003,,,,,,,,
87200,448.0,0.000005,,,,,,,,
87300,448.5,0.000004,,,,,,,,
87400,449.0,0.000002,,,,,,,,
87500,449.5,0.000005,,,,,,,,
87600,450.0,0.000002,,,,,,,,
87700,450.5,0.000002,,,,,,,,
87800,451.0,0.000004,,,,,,,,
87900,451.5,0.000002,,,,,,,,
88000,451.9,0.000005,,,,,,,,
88100,452.4,0.000003,,,,,,,,
88200,452.9,0.000002,,,,,,,,
88300,453.4,0.000007,,,,,,,,
88400,453.9,0.000002,,,,,,,,
88500,454.5,0.000003,,,,,,,,
88600,455.0,0.000003,,,,,,,,
88700,455.5,0.000003,,,,,,,,
88800,456.0,0.000003,,,,,,,,
88900,456.5,0.000008,,,,,,,,
89000,457.0,0.000002,,,,,,,,
89100,457.6,0.000003,,,,,,,,
89200,458.1,0.000006,,,,,,,,
89300,458.6,0.000006,,,,,,,,
89400,459.1,0.000002,,,,,,,,
89500,459.6,0.000001,,,,,,,,
89600,460.1,0.000001,,,,,,,,
89700,460.7,0.000002,,,,,,,,
89800,461.1,0.000002,,,,,,,,
89900,461.6,0.000003,,,,,,,,
90000,463.3,0.000003,0.000003,1.592522e-01,7.577931e-03,5.796300e-03,0.000000,7.864774e-02,7.438894e-03,5.899985e-03
90100,463.6,0.000003,,,,,,,,
90200,463.8,0.000003,,,,,,,,
90300,464.2,0.000003,,,,,,,,
90400,464.7,0.000003,,,,,,,,
90500,465.2,0.000002,,,,,,,,
90600,465.7,0.000002,,,,,,,,
90700,466.1,0.000004,,,,,,,,
90800,466.6,0.000002,,,,,,,,
90900,467.2,0.000001,,,,,,,,
91000,467.7,0.000004,,,,,,,,
91100,468.2,0.000003,,,,,,,,
91200,468.7,0.000002,,,,,,,,
91300,469.2,0.000003,,,,,,,,
91400,469.7,0.000004,,,,,,,,
91500,470.2,0.000002,,,,,,,,
91600,470.7,0.000004,,,,,,,,
91700,471.2,0.000002,,,,,,,,
91800,471.7,0.000003,,,,,,,,
91900,472.2,0.000003,,,,,,,,
92000,472.7,0.000002,,,,,,,,
92100,473.3,0.000005,,,,,,,,
92200,473.8,0.000005,,,,,,,,
92300,474.3,0.000002,,,,,,,,
92400,474.8,0.000002,,,,,,,,
92500,475.3,0.000002,,,,,,,,
92600,475.8,0.000004,,,,,,,,
92700,476.3,0.000003,,,,,,,,
92800,476.8,0.000002,,,,,,,,
92900,477.3,0.000003,,,,,,,,
93000,477.8,0.000005,,,,,,,,
93100,478.4,0.000005,,,,,,,,
93200,478.9,0.000002,,,,,,,,
93300,479.4,0.000002,,,,,,,,
93400,479.9,0.000004,,,,,,,,
93500,480.4,0.000001,,,,,,,,
93600,481.0,0.000002,,,,,,,,
93700,481.5,0.000006,,,,,,,,
93800,482.0,0.000002,,,,,,,,
93900,482.5,0.000004,,,,,,,,
94000,483.0,0.000002,,,,,,,,
94100,483.5,0.000006,,,,,,,,
94200,484.0,0.000001,,,,,,,,
94300,484.5,0.000002,,,,,,,,
94400,485.0,0.000003,,,,,,,,
94500,485.5,0.000002,,,,,,,,
94600,486.0,0.000006,,,,,,,,
94700,486.5,0.000003,,,,,,,,
94800,487.0,0.000003,,,,,,,,
94900,487.5,0.000003,,,,,,,,
95000,489.2,0.000001,0.000001,1.108164e-01,4.800110e-03,3.423402e-03,0.000000,1.029006e-01,4.646198e-03,3.388136e-03
95100,489.4,0.000002,,,,,,,,
95200,489.6,0.000002,,,,,,,,
95300,489.9,0.000003,,,,,,,,
95400,490.3,0.000004,,,,,,,,
95500,490.8,0.000003,,,,,,,,
95600,491.3,0.000005,,,,,,,,
95700,491.8,0.000002,,,,,,,,
95800,492.3,0.000004,,,,,,,,
95900,492.8,0.000002,,,,,,,,
96000,493.3,0.000003,,,,,,,,
96100,493.9,0.000003,,,,,,,,
96200,494.3,0.000003,,,,,,,,
96300,494.9,0.000002,,,,,,,,
96400,495.4,0.000002,,,,,,,,
96500,495.9,0.000006,,,,,,,,
96600,496.4,0.000002,,,,,,,,
96700,497.0,0.000004,,,,,,,,
96800,497.5,0.000003,,,,,,,,
96900,498.0,0.000002,,,,,,,,
97000,498.5,0.000004,,,,,,,,
97100,499.0,0.000002,,,,,,,,
97200,499.5,0.000002,,,,,,,,
97300,500.0,0.000006,,,,,,,,
97400,500.5,0.000005,,,,,,,,
97500,501.0,0.000002,,,,,,,,
97600,501.6,0.000003,,,,,,,,
97700,502.1,0.000002,,,,,,,,
97800,502.6,0.000003,,,,,,,,
97900,503.1,0.000001,,,,,,,,
98000,503.6,0.000001,,,,,,,,
98100,504.1,0.000002,,,,,,,,
98200,504.6,0.000003,,,,,,,,
98300,505.1,0.000003,,,,,,,,
98400,505.6,0.000002,,,,,,,,
98500,506.1,0.000003,,,,,,,,
98600,506.6,0.000004,,,,,,,,
98700,507.1,0.000003,,,,,,,,
98800,507.6,0.000003,,,,,,,,
98900,508.1,0.000004,,,,,,,,
99000,508.6,0.000001,,,,,,,,
99100,509.1,0.000002,,,,,,,,
99200,509.6,0.000006,,,,,,,,
99300,510.1,0.000006,,,,,,,,
99400,510.6,0.000002,,,,,,,,
99500,511.1,0.000002,,,,,,,,
99600,511.7,0.000002,,,,,,,,
99700,512.2,0.000002,,,,,,,,
99800,512.5,0.000001,,,,,,,,
99900,513.0,0.000003,,,,,,,,
100000,514.7,0.000003,0.000004,1.320364e-01,9.167433e-03,6.320807e-03,0.000000,1.320364e-01,9.247470e-03,6.464770e-03
100100,514.9,0.000003,,,,,,,,
100200,515.2,0.000002,,,,,,,,
100300,515.6,0.000004,,,,,,,,
100400,516.1,0.000004,,,,,,,,
100500,516.6,0.000004,,,,,,,,
100600,517.1,0.000002,,,,,,,,
100700,517.6,0.000003,,,,,,,,
100800,518.1,0.000002,,,,,,,,
100900,518.6,0.000002,,,,,,,,
101000,519.2,0.000002,,,,,,,,
101100,519.7,0.000003,,,,,,,,
101200,520.2,0.000002,,,,,,,,
101300,520.6,0.000003,,,,,,,,
101400,521.2,0.000003,,,,,,,,
101500,521.7,0.000004,,,,,,,,
101600,522.2,0.000002,,,,,,,,
101700,522.7,0.000009,,,,,,,,
101800,523.2,0.000001,,,,,,,,
101900,523.8,0.000001,,,,,,,,
102000,524.3,0.000005,,,,,,,,
102100,524.8,0.000006,,,,,,,,
102200,525.3,0.000004,,,,,,,,
102300,525.8,0.000001,,,,,,,,
102400,526.3,0.000002,,,,,,,,
102500,526.8,0.000002,,,,,,,,
102600,527.3,0.000004,,,,,,,,
102700,527.8,0.000002,,,,,,,,
102800,528.3,0.000002,,,,,,,,
102900,528.8,0.000003,,,,,,,,
103000,529.3,0.000005,,,,,,,,
103100,529.8,0.000002,,,,,,,,
103200,530.3,0.000003,,,,,,,,
103300,530.8,0.000002,,,,,,,,
103400,531.3,0.000003,,,,,,,,
103500,531.8,0.000003,,,,,,,,
103600,532.3,0.000001,,,,,,,,
103700,532.8,0.000003,,,,,,,,
103800,533.3,0.000003,,,,,,,,
103900,533.8,0.000003,,,,,,,,
104000,534.3,0.000002,,,,,,,,
104100,534.8,0.000002,,,,,,,,
104200,535.3,0.000003,,,,,,,,
104300,535.8,0.000002,,,,,,,,
104400,536.4,0.000003,,,,,,,,
104500,536.8,0.000002,,,,,,,,
104600,537.3,0.000002,,,,,,,,
104700,537.9,0.000001,,,,,,,,
104800,538.4,0.000002,,,,,,,,
104900,538.8,0.000004,,,,,,,,
105000,540.5,0.000004,0.000003,1.150602e-01,7.419732e-03,5.936664e-03,0.000000,1.029813e-01,7.390709e-03,6.054637e-03
105100,540.7,0.000002,,,,,,,,
105200,540.9,0.000004,,,,,,,,
105300,541.3,0.000002,,,,,,,,
105400,541.7,0.000003,,,,,,,,
105500,542.2,0.000004,,,,,,,,
105600,542.7,0.000001,,,,,,,,
105700,543.2,0.000003,,,,,,,,
105800,543.7,0.000003,,,,,,,,
105900,544.3,0.000003,,,,,,,,
106000,544.7,0.000001,,,,,,,,
106100,545.2,0.000004,,,,,,,,
106200,545.7,0.000002,,,,,,,,
106300,546.3,0.000002,,,,,,,,
106400,546.8,0.000004,,,,,,,,
106500,547.3,0.000003,,,,,,,,
106600,547.8,0.000002,,,,,,,,
106700,548.3,0.000002,,,,,,,,
106800,548.8,0.000002,,,,,,,,
106900,549.3,0.000002,,,,,,,,
107000,549.8,0.000003,,,,,,,,
107100,550.3,0.000002,,,,,,,,
107200,550.8,0.000006,,,,,,,,
107300,551.3,0.000002,,,,,,,,
107400,551.8,0.000001,,,,,,,,
107500,552.3,0.000002,,,,,,,,
107600,552.9,0.000002,,,,,,,,
107700,553.4,0.000002,,,,,,,,
107800,553.9,0.000002,,,,,,,,
107900,554.4,0.000002,,,,,,,,
108000,554.9,0.000003,,,,,,,,
108100,555.5,0.000004,,,,,,,,
108200,556.0,0.000002,,,,,,,,
108300,556.5,0.000001,,,,,,,,
108400,557.0,0.000002,,,,,,,,
108500,557.5,0.000002,,,,,,,,
108600,558.0,0.000003,,,,,,,,
108700,558.5,0.000002,,,,,,,,
108800,559.0,0.000004,,,,,,,,
108900,559.5,0.000003,,,,,,,,
109000,560.0,0.000001,,,,,,,,
109100,560.5,0.000002,,,,,,,,
109200,561.0,0.000005,,,,,,,,
109300,561.5,0.000005,,,,,,,,
109400,562.0,0.000003,,,,,,,,
109500,562.5,0.000002,,,,,,,,
109600,563.1,0.000006,,,,,,,,
109700,563.6,0.000002,,,,,,,,
109800,564.1,0.000003,,,,,,,,
109900,564.6,0.000001,,,,,,,,
110000,566.3,0.000006,0.000003,1.604503e-01,8.323201e-03,6.703661e-03,0.000000,8.066870e-02,8.459926e-03,7.093926e-03
110100,566.5,0.000001,,,,,,,,
110200,566.8,0.000002,,,,,,,,
110300,567.2,0.000001,,,,,,,,
110400,567.7,0.000002,,,,,,,,
110500,568.1,0.000004,,,,,,,,
110600,568.6,0.000002,,,,,,,,
110700,569.1,0.000005,,,,,,,,
110800,569.6,0.000001,,,,,,,,
110900,570.1,0.000003,,,,,,,,
111000,570.6,0.000006,,,,,,,,
111100,571.1,0.000002,,,,,,,,
111200,571.6,0.000002,,,,,,,,
111300,572.1,0.000002,,,,,,,,
111400,572.6,0.000003,,,,,,,,
111500,573.1,0.000002,,,,,,,,
111600,573.6,0.000002,,,,,,,,
111700,574.1,0.000001,,,,,,,,
111800,574.7,0.000002,,,,,,,,
111900,575.2,0.000003,,,,,,,,
112000,575.7,0.000002,,,,,,,,
112100,576.2,0.000002,,,,,,,,
112200,576.7,0.000003,,,,,,,,
112300,577.2,0.000002,,,,,,,,
112400,577.7,0.000006,,,,,,,,
112500,578.2,0.000003,,,,,,,,
112600,578.7,0.000003,,,,,,,,
112700,579.3,0.000002,,,,,,,,
112800,579.8,0.000003,,,,,,,,
112900,580.3,0.000004,,,,,,,,
113000,580.8,0.000002,,,,,,,,
113100,581.3,0.000003,,,,,,,,
113200,581.8,0.000003,,,,,,,,
113300,582.3,0.000008,,,,,,,,
113400,582.8,0.000003,,,,,,,,
113500,583.3,0.000002,,,,,,,,
113600,583.8,0.000004,,,,,,,,
113700,584.3,0.000003,,,,,,,,
113800,584.9,0.000001,,,,,,,,
113900,585.4,0.000003,,,,,,,,
114000,585.9,0.000003,,,,,,,,
114100,586.4,0.000002,,,,,,,,
114200,586.9,0.000001,,,,,,,,
114300,587.4,0.000005,,,,,,,,
114400,587.9,0.000003,,,,,,,,
114500,588.4,0.000004,,,,,,,,
114600,589.0,0.000001,,,,,,,,
114700,589.5,0.000001,,,,,,,,
114800,590.0,0.000004,,,,,,,,
114900,590.5,0.000002,,,,,,,,
115000,592.1,0.000002,0.000002,1.064013e-01,6.203982e-03,4.692419e-03,0.000000,9.710164e-02,6.010847e-03,4.603548e-03
115100,592.4,0.000002,,,,,,,,
115200,592.7,0.000003,,,,,,,,
115300,593.0,0.000006,,,,,,,,
115400,593.5,0.000003,,,,,,,,
115500,594.0,0.000002,,,,,,,,
115600,594.5,0.000003,,,,,,,,
115700,595.0,0.000004,,,,,,,,
115800,595.6,0.000002,,,,,,,,
115900,596.1,0.000003,,,,,,,,
116000,596.6,0.000001,,,,,,,,
116100,597.1,0.000004,,,,,,,,
116200,597.6,0.000003,,,,,,,,
116300,598.1,0.000004,,,,,,,,
116400,598.6,0.000002,,,,,,,,
116500,599.2,0.000003,,,,,,,,
116600,599.7,0.000003,,,,,,,,
116700,600.2,0.000002,,,,,,,,
116800,600.7,0.000002,,,,,,,,
116900,601.2,0.000003,,,,,,,,
117000,601.7,0.000003,,,,,,,,
117100,602.2,0.000002,,,,,,,,
117200,602.7,0.000006,,,,,,,,
117300,603.2,0.000002,,,,,,,,
117400,603.7,0.000003,,,,,,,,
117500,604.2,0.000001,,,,,,,,
117600,604.7,0.000003,,,,,,,,
117700,605.2,0.000004,,,,,,,,
117800,605.7,0.000001,,,,,,,,
117900,606.2,0.000007,,,,,,,,
118000,606.7,0.000002,,,,,,,,
118100,607.2,0.000003,,,,,,,,
118200,607.8,0.000003,,,,,,,,
118300,608.3,0.000003,,,,,,,,
118400,608.8,0.000002,,,,,,,,
118500,609.3,0.000002,,,,,,,,
118600,609.8,0.000003,,,,,,,,
118700,610.3,0.000003,,,,,,,,
118800,610.8,0.000003,,,,,,,,
118900,611.3,0.000002,,,,,,,,
119000,611.8,0.000003,,,,,,,,
119100,612.3,0.000002,,,,,,,,
119200,612.8,0.000005,,,,,,,,
119300,613.3,0.000002,,,,,,,,
119400,613.8,0.000002,,,,,,,,
119500,614.4,0.000002,,,,,,,,
119600,614.9,0.000003,,,,,,,,
119700,615.4,0.000002,,,,,,,,
119800,615.9,0.000002,,,,,,,,
119900,616.4,0.000004,,,,,,,,
120000,618.1,0.000003,0.000004,1.567080e-01,9.284562e-03,7.938032e-03,0.000000,1.100731e-01,9.168390e-03,8.069126e-03
120100,618.3,0.000003,,,,,,,,
120200,618.6,0.000005,,,,,,,,
120300,619.0,0.000002,,,,,,,,
120400,619.5,0.000002,,,,,,,,
120500,620.0,0.000002,,,,,,,,
120600,620.5,0.000002,,,,,,,,
120700,621.0,0.000003,,,,,,,,
120800,621.5,0.000009,,,,,,,,
120900,622.1,0.000002,,,,,,,,
121000,622.6,0.000001,,,,,,,,
121100,623.1,0.000002,,,,,,,,
121200,623.6,0.000004,,,,,,,,
121300,624.1,0.000002,,,,,,,,
121400,624.6,0.000002,,,,,,,,
121500,625.1,0.000002,,,,,,,,
121600,625.7,0.000003,,,,,,,,
121700,626.2,0.000001,,,,,,,,
121800,626.6,0.000003,,,,,,,,
121900,627.1,0.000004,,,,,,,,
122000,627.6,0.000003,,,,,,,,
122100,628.1,0.000002,,,,,,,,
122200,628.6,0.000007,,,,,,,,
122300,629.1,0.000005,,,,,,,,
122400,629.6,0.000001,,,,,,,,
122500,630.1,0.000002,,,,,,,,
122600,630.7,0.000002,,,,,,,,
122700,631.2,0.000005,,,,,,,,
122800,631.7,0.000004,,,,,,,,
122900,632.2,0.000002,,,,,,,,
123000,632.7,0.000002,,,,,,,,
123100,633.2,0.000002,,,,,,,,
123200,633.6,0.000002,,,,,,,,
123300,634.1,0.000002,,,,,,,,
123400,634.6,0.000002,,,,,,,,
123500,635.1,0.000002,,,,,,,,
123600,635.6,0.000003,,,,,,,,
123700,636.1,0.000002,,,,,,,,
123800,636.6,0.000004,,,,,,,,
123900,637.1,0.000005,,,,,,,,
124000,637.6,0.000004,,,,,,,,
124100,638.1,0.000005,,,,,,,,
124200,638.6,0.000002,,,,,,,,
124300,639.1,0.000001,,,,,,,,
124400,639.6,0.000002,,,,,,,,
124500,640.1,0.000007,,,,,,,,
124600,640.6,0.000004,,,,,,,,
124700,641.2,0.000001,,,,,,,,
124800,641.6,0.000001,,,,,,,,
124900,642.2,0.000004,,,,,,,,
125000,643.8,0.000002,0.000002,9.474827e-02,6.112538e-03,4.892323e-03,0.000000,5.662943e-02,5.979899e-03,4.808157e-03
125100,644.0,0.000003,,,,,,,,
125200,644.3,0.000003,,,,,,,,
125300,644.7,0.000002,,,,,,,,
125400,645.2,0.000003,,,,,,,,
125500,645.7,0.000005,,,,,,,,
125600,646.2,0.000004,,,,,,,,
125700,646.7,0.000003,,,,,,,,
125800,647.2,0.000003,,,,,,,,
125900,647.7,0.000002,,,,,,,,
126000,648.3,0.000003,,,,,,,,
126100,648.8,0.000002,,,,,,,,
126200,649.3,0.000002,,,,,,,,
126300,649.8,0.000007,,,,,,,,
126400,650.3,0.000001,,,,,,,,
126500,650.8,0.000002,,,,,,,,
126600,651.3,0.000002,,,,,,,,
126700,651.8,0.000005,,,,,,,,
126800,652.3,0.000002,,,,,,,,
126900,652.8,0.000002,,,,,,,,
127000,653.3,0.000003,,,,,,,,
127100,653.9,0.000001,,,,,,,,
127200,654.4,0.000002,,,,,,,,
127300,654.9,0.000002,,,,,,,,
127400,655.4,0.000002,,,,,,,,
127500,655.9,0.000002,,,,,,,,
127600,656.4,0.000003,,,,,,,,
127700,656.9,0.000005,,,,,,,,
127800,657.4,0.000002,,,,,,,,
127900,658.0,0.000002,,,,,,,,
128000,658.4,0.000003,,,,,,,,
128100,659.0,0.000001,,,,,,,,
128200,659.5,0.000005,,,,,,,,
128300,660.0,0.000003,,,,,,,,
128400,660.5,0.000001,,,,,,,,
128500,661.0,0.000003,,,,,,,,
128600,661.5,0.000003,,,,,,,,
128700,662.0,0.000002,,,,,,,,
128800,662.5,0.000002,,,,,,,,
128900,663.0,0.000003,,,,,,,,
129000,663.5,0.000001,,,,,,,,
129100,664.1,0.000001,,,,,,,,
129200,664.5,0.000002,,,,,,,,
129300,665.0,0.000002,,,,,,,,
129400,665.5,0.000002,,,,,,,,
129500,666.0,0.000001,,,,,,,,
129600,666.5,0.000005,,,,,,,,
129700,667.1,0.000002,,,,,,,,
129800,667.6,0.000003,,,,,,,,
129900,668.1,0.000003,,,,,,,,
130000,669.7,0.000002,0.000004,9.226561e-02,9.249285e-03,7.547152e-03,0.000000,9.226561e-02,9.273255e-03,7.585766e-03
130100,669.9,0.000004,,,,,,,,
130200,670.2,0.000002,,,,,,,,
130300,670.6,0.000002,,,,,,,,
130400,671.1,0.000002,,,,,,,,
130500,671.6,0.000002,,,,,,,,
130600,672.1,0.000002,,,,,,,,
130700,672.6,0.000001,,,,,,,,
130800,673.2,0.000004,,,,,,,,
130900,673.7,0.000002,,,,,,,,
131000,674.2,0.000006,,,,,,,,
131100,674.7,0.000003,,,,,,,,
131200,675.2,0.000004,,,,,,,,
131300,675.7,0.000004,,,,,,,,
131400,676.2,0.000003,,,,,,,,
131500,676.7,0.000002,,,,,,,,
131600,677.2,0.000002,,,,,,,,
131700,677.8,0.000003,,,,,,,,
131800,678.3,0.000001,,,,,,,,
131900,678.8,0.000001,,,,,,,,
132000,679.3,0.000003,,,,,,,,
132100,679.8,0.000003,,,,,,,,
132200,680.3,0.000002,,,,,,,,
132300,680.8,0.000002,,,,,,,,
132400,681.3,0.000002,,,,,,,,
132500,681.8,0.000003,,,,,,,,
132600,682.3,0.000003,,,,,,,,
132700,682.8,0.000005,,,,,,,,
132800,683.3,0.000003,,,,,,,,
132900,683.8,0.000004,,,,,,,,
133000,684.3,0.000004,,,,,,,,
133100,684.8,0.000004,,,,,,,,
133200,685.3,0.000002,,,,,,,,
133300,685.8,0.000004,,,,,,,,
133400,686.4,0.000003,,,,,,,,
133500,686.8,0.000004,,,,,,,,
133600,687.3,0.000005,,,,,,,,
133700,687.8,0.000002,,,,,,,,
133800,688.3,0.000005,,,,,,,,
133900,688.8,0.000004,,,,,,,,
134000,689.4,0.000002,,,,,,,,
134100,689.9,0.000002,,,,,,,,
134200,690.4,0.000003,,,,,,,,
134300,690.9,0.000005,,,,,,,,
134400,691.4,0.000003,,,,,,,,
134500,691.9,0.000003,,,,,,,,
134600,692.4,0.000005,,,,,,,,
134700,692.9,0.000004,,,,,,,,
134800,693.4,0.000002,,,,,,,,
134900,693.8,0.000001,,,,,,,,
135000,695.5,0.000003,0.000007,1.904214e-01,1.237346e-02,1.021576e-02,0.000000,7.595558e-02,1.207898e-02,1.010438e-02
135100,695.7,0.000001,,,,,,,,
135200,696.0,0.000003,,,,,,,,
135300,696.3,0.000002,,,,,,,,
135400,696.9,0.000004,,,,,,,,
135500,697.3,0.000002,,,,,,,,
135600,697.9,0.000001,,,,,,,,
135700,698.4,0.000003,,,,,,,,
135800,698.9,0.000003,,,,,,,,
135900,699.4,0.000001,,,,,,,,
136000,699.9,0.000002,,,,,,,,
136100,700.4,0.000003,,,,,,,,
136200,701.0,0.000003,,,,,,,,
136300,701.5,0.000003,,,,,,,,
136400,702.0,0.000002,,,,,,,,
136500,702.5,0.000002,,,,,,,,
136600,703.0,0.000003,,,,,,,,
136700,703.5,0.000002,,,,,,,,
136800,704.0,0.000002,,,,,,,,
136900,704.5,0.000003,,,,,,,,
137000,705.0,0.000003,,,,,,,,
137100,705.5,0.000003,,,,,,,,
137200,706.0,0.000003,,,,,,,,
137300,706.6,0.000002,,,,,,,,
137400,707.1,0.000002,,,,,,,,
137500,707.6,0.000004,,,,,,,,
137600,708.1,0.000002,,,,,,,,
137700,708.6,0.000004,,,,,,,,
137800,709.1,0.000003,,,,,,,,
137900,709.6,0.000002,,,,,,,,
138000,710.1,0.000002,,,,,,,,
138100,710.7,0.000013,,,,,,,,
138200,711.2,0.000002,,,,,,,,
138300,711.7,0.000002,,,,,,,,
138400,712.2,0.000002,,,,,,,,
138500,712.7,0.000001,,,,,,,,
138600,713.2,0.000002,,,,,,,,
138700,713.7,0.000002,,,,,,,,
138800,714.2,0.000004,,,,,,,,
138900,714.7,0.000002,,,,,,,,
139000,715.2,0.000002,,,,,,,,
139100,715.7,0.000002,,,,,,,,
139200,716.2,0.000002,,,,,,,,
139300,716.7,0.000001,,,,,,,,
139400,717.2,0.000002,,,,,,,,
139500,717.7,0.000004,,,,,,,,
139600,718.3,0.000002,,,,,,,,
139700,718.8,0.000002,,,,,,,,
139800,719.3,0.000002,,,,,,,,
139900,719.8,0.000003,,,,,,,,
140000,721.5,0.000002,0.000004,1.187283e-01,1.037749e-02,8.951424e-03,0.000000,9.735078e-02,1.042590e-02,8.991509e-03
140100,721.7,0.000003,,,,,,,,
140200,722.0,0.000003,,,,,,,,
140300,722.4,0.000003,,,,,,,,
140400,722.9,0.000005,,,,,,,,
140500,723.4,0.000003,,,,,,,,
140600,723.9,0.000002,,,,,,,,
140700,724.4,0.000004,,,,,,,,
140800,724.9,0.000004,,,,,,,,
140900,725.4,0.000004,,,,,,,,
141000,725.9,0.000003,,,,,,,,
141100,726.4,0.000003,,,,,,,,
141200,726.9,0.000002,,,,,,,,
141300,727.4,0.000006,,,,,,,,
141400,727.9,0.000001,,,,,,,,
141500,728.4,0.000005,,,,,,,,
141600,729.0,0.000005,,,,,,,,
141700,729.5,0.000005,,,,,,,,
141800,729.9,0.000003,,,,,,,,
141900,730.5,0.000003,,,,,,,,
142000,730.9,0.000003,,,,,,,,
142100,731.5,0.000002,,,,,,,,
142200,731.9,0.000002,,,,,,,,
142300,732.5,0.000001,,,,,,,,
142400,733.0,0.000002,,,,,,,,
142500,733.5,0.000002,,,,,,,,
142600,734.0,0.000001,,,,,,,,
142700,734.5,0.000009,,,,,,,,
142800,735.0,0.000002,,,,,,,,
142900,735.5,0.000002,,,,,,,,
143000,736.0,0.000001,,,,,,,,
143100,736.5,0.000002,,,,,,,,
143200,737.0,0.000002,,,,,,,,
143300,737.5,0.000002,,,,,,,,
143400,738.0,0.000002,,,,,,,,
143500,738.5,0.000001,,,,,,,,
143600,739.1,0.000007,,,,,,,,
143700,739.6,0.000003,,,,,,,,
143800,740.1,0.000002,,,,,,,,
143900,740.6,0.000007,,,,,,,,
144000,741.1,0.000003,,,,,,,,
144100,741.6,0.000001,,,,,,,,
144200,742.1,0.000002,,,,,,,,
144300,742.6,0.000002,,,,,,,,
144400,743.1,0.000003,,,,,,,,
144500,743.6,0.000008,,,,,,,,
144600,744.1,0.000001,,,,,,,,
144700,744.6,0.000004,,,,,,,,
144800,745.2,0.000002,,,,,,,,
144900,745.7,0.000004,,,,,,,,
145000,747.4,0.000001,0.000002,9.550477e-02,5.885146e-03,4.057824e-03,0.000000,7.191581e-02,5.815702e-03,4.086917e-03
145100,747.6,0.000003,,,,,,,,
145200,747.9,0.000002,,,,,,,,
145300,748.2,0.000003,,,,,,,,
145400,748.7,0.000003,,,,,,,,
145500,749.2,0.000003,,,,,,,,
145600,749.7,0.000005,,,,,,,,
145700,750.2,0.000003,,,,,,,,
145800,750.7,0.000003,,,,,,,,
145900,751.3,0.000002,,,,,,,,
146000,751.8,0.000003,,,,,,,,
146100,752.3,0.000003,,,,,,,,
146200,752.8,0.000002,,,,,,,,
146300,753.3,0.000003,,,,,,,,
146400,753.7,0.000002,,,,,,,,
146500,754.2,0.000002,,,,,,,,
146600,754.7,0.000003,,,,,,,,
146700,755.2,0.000001,,,,,,,,
146800,755.7,0.000005,,,,,,,,
146900,756.2,0.000002,,,,,,,,
147000,756.7,0.000002,,,,,,,,
147100,757.3,0.000006,,,,,,,,
147200,757.8,0.000001,,,,,,,,
147300,758.3,0.000002,,,,,,,,
147400,758.8,0.000004,,,,,,,,
147500,759.3,0.000001,,,,,,,,
147600,759.8,0.000001,,,,,,,,
147700,760.4,0.000001,,,,,,,,
147800,760.9,0.000001,,,,,,,,
147900,761.4,0.000001,,,,,,,,
148000,761.9,0.000002,,,,,,,,
148100,762.4,0.000006,,,,,,,,
148200,762.9,0.000002,,,,,,,,
148300,763.4,0.000001,,,,,,,,
148400,763.9,0.000002,,,,,,,,
148500,764.4,0.000006,,,,,,,,
148600,764.9,0.000003,,,,,,,,
148700,765.4,0.000001,,,,,,,,
148800,765.9,0.000002,,,,,,,,
148900,766.4,0.000002,,,,,,,,
149000,766.9,0.000002,,,,,,,,
149100,767.4,0.000003,,,,,,,,
149200,767.9,0.000004,,,,,,,,
149300,768.5,0.000001,,,,,,,,
149400,769.0,0.000002,,,,,,,,
149500,769.5,0.000002,,,,,,,,
149600,770.0,0.000002,,,,,,,,
149700,770.5,0.000001,,,,,,,,
149800,771.0,0.000002,,,,,,,,
149900,771.5,0.000003,,,,,,,,
150000,773.2,0.000003,0.000002,1.038854e-01,6.139431e-03,5.126330e-03,0.000000,8.070303e-02,6.099399e-03,5.206196e-03
150100,773.4,0.000002,,,,,,,,
150200,773.6,0.000001,,,,,,,,
150300,773.9,0.000003,,,,,,,,
150400,774.3,0.000002,,,,,,,,
150500,774.8,0.000005,,,,,,,,
150600,775.3,0.000003,,,,,,,,
150700,775.8,0.000003,,,,,,,,
150800,776.3,0.000002,,,,,,,,
150900,776.8,0.000002,,,,,,,,
151000,777.3,0.000004,,,,,,,,
151100,777.8,0.000002,,,,,,,,
151200,778.3,0.000001,,,,,,,,
151300,778.8,0.000001,,,,,,,,
151400,779.3,0.000001,,,,,,,,
151500,779.9,0.000001,,,,,,,,
151600,780.4,0.000001,,,,,,,,
151700,780.9,0.000001,,,,,,,,
151800,781.4,0.000002,,,,,,,,
151900,781.9,0.000003,,,,,,,,
152000,782.5,0.000004,,,,,,,,
152100,783.0,0.000001,,,,,,,,
152200,783.5,0.000002,,,,,,,,
152300,784.0,0.000002,,,,,,,,
152400,784.5,0.000003,,,,,,,,
152500,785.0,0.000002,,,,,,,,
152600,785.5,0.000007,,,,,,,,
152700,786.0,0.000001,,,,,,,,
152800,786.5,0.000002,,,,,,,,
152900,787.0,0.000003,,,,,,,,
153000,787.5,0.000002,,,,,,,,
153100,788.1,0.000002,,,,,,,,
153200,788.6,0.000003,,,,,,,,
153300,789.1,0.000003,,,,,,,,
153400,789.6,0.000005,,,,,,,,
153500,790.1,0.000002,,,,,,,,
153600,790.6,0.000004,,,,,,,,
153700,791.1,0.000001,,,,,,,,
153800,791.6,0.000003,,,,,,,,
153900,792.2,0.000004,,,,,,,,
154000,792.7,0.000002,,,,,,,,
154100,793.2,0.000001,,,,,,,,
154200,793.7,0.000006,,,,,,,,
154300,794.2,0.000002,,,,,,,,
154400,794.7,0.000002,,,,,,,,
154500,795.2,0.000002,,,,,,,,
154600,795.7,0.000005,,,,,,,,
154700,796.3,0.000002,,,,,,,,
154800,796.8,0.000003,,,,,,,,
154900,797.3,0.000004,,,,,,,,
155000,798.9,0.000002,0.000002,1.190493e-01,5.516663e-03,3.766538e-03,0.000000,1.177344e-01,5.391991e-03,3.712566e-03
155100,799.2,0.000001,,,,,,,,
155200,799.4,0.000001,,,,,,,,
155300,799.8,0.000002,,,,,,,,
155400,800.2,0.000002,,,,,,,,
155500,800.7,0.000001,,,,,,,,
155600,801.2,0.000002,,,,,,,,
155700,801.7,0.000003,,,,,,,,
155800,802.2,0.000002,,,,,,,,
155900,802.7,0.000001,,,,,,,,
156000,803.3,0.000002,,,,,,,,
156100,803.8,0.000001,,,,,,,,
156200,804.3,0.000001,,,,,,,,
156300,804.8,0.000002,,,,,,,,
156400,805.3,0.000002,,,,,,,,
156500,805.8,0.000001,,,,,,,,
156600,806.3,0.000002,,,,,,,,
156700,806.8,0.000002,,,,,,,,
156800,807.3,0.000001,,,,,,,,
156900,807.8,0.000003,,,,,,,,
157000,808.2,0.000005,,,,,,,,
157100,808.8,0.000002,,,,,,,,
157200,809.3,0.000002,,,,,,,,
157300,809.8,0.000002,,,,,,,,
157400,810.3,0.000002,,,,,,,,
157500,810.8,0.000001,,,,,,,,
157600,811.3,0.000002,,,,,,,,
157700,811.8,0.000001,,,,,,,,
157800,812.3,0.000002,,,,,,,,
157900,812.8,0.000002,,,,,,,,
158000,813.3,0.000001,,,,,,,,
158100,813.7,0.000001,,,,,,,,
158200,814.2,0.000002,,,,,,,,
158300,814.6,0.000003,,,,,,,,
158400,815.2,0.000002,,,,,,,,
158500,815.7,0.000001,,,,,,,,
158600,816.2,0.000003,,,,,,,,
158700,816.7,0.000002,,,,,,,,
158800,817.2,0.000001,,,,,,,,
158900,817.7,0.000005,,,,,,,,
159000,818.2,0.000002,,,,,,,,
159100,818.7,0.000002,,,,,,,,
159200,819.2,0.000002,,,,,,,,
159300,819.7,0.000002,,,,,,,,
159400,820.2,0.000001,,,,,,,,
159500,820.7,0.000001,,,,,,,,
159600,821.3,0.000001,,,,,,,,
159700,821.8,0.000007,,,,,,,,
159800,822.2,0.000003,,,,,,,,
159900,822.8,0.000002,,,,,,,,
160000,824.4,0.000002,0.000003,1.075166e-01,9.144936e-03,8.351718e-03,0.000000,8.322240e-02,9.269958e-03,8.657449e-03
160100,824.6,0.000002,,,,,,,,
160200,824.9,0.000002,,,,,,,,
160300,825.3,0.000004,,,,,,,,
160400,825.7,0.000002,,,,,,,,
160500,826.2,0.000002,,,,,,,,
160600,826.7,0.000003,,,,,,,,
160700,827.3,0.000006,,,,,,,,
160800,827.8,0.000001,,,,,,,,
160900,828.3,0.000002,,,,,,,,
161000,828.8,0.000001,,,,,,,,
161100,829.3,0.000003,,,,,,,,
161200,829.8,0.000002,,,,,,,,
161300,830.2,0.000002,,,,,,,,
161400,830.7,0.000002,,,,,,,,
161500,831.3,0.000003,,,,,,,,
161600,831.8,0.000002,,,,,,,,
161700,832.2,0.000003,,,,,,,,
161800,832.7,0.000003,,,,,,,,
161900,833.2,0.000001,,,,,,,,
162000,833.7,0.000002,,,,,,,,
162100,834.2,0.000001,,,,,,,,
162200,834.7,0.000001,,,,,,,,
162300,835.3,0.000002,,,,,,,,
162400,835.8,0.000002,,,,,,,,
162500,836.3,0.000002,,,,,,,,
162600,836.8,0.000001,,,,,,,,
162700,837.2,0.000004,,,,,,,,
162800,837.8,0.000001,,,,,,,,
162900,838.3,0.000003,,,,,,,,
163000,838.8,0.000001,,,,,,,,
163100,839.3,0.000001,,,,,,,,
163200,839.8,0.000002,,,,,,,,
163300,840.3,0.000001,,,,,,,,
163400,840.8,0.000001,,,,,,,,
163500,841.3,0.000003,,,,,,,,
163600,841.8,0.000002,,,,,,,,
163700,842.4,0.000003,,,,,,,,
163800,842.9,0.000002,,,,,,,,
163900,843.4,0.000001,,,,,,,,
164000,843.9,0.000002,,,,,,,,
164100,844.4,0.000002,,,,,,,,
164200,844.8,0.000003,,,,,,,,
164300,845.3,0.000001,,,,,,,,
164400,845.9,0.000002,,,,,,,,
164500,846.4,0.000003,,,,,,,,
164600,846.9,0.000004,,,,,,,,
164700,847.4,0.000002,,,,,,,,
164800,847.9,0.000002,,,,,,,,
164900,848.4,0.000002,,,,,,,,
165000,850.1,0.000003,0.000002,1.240588e-01,6.940014e-03,5.944287e-03,0.000000,9.705038e-02,6.763375e-03,5.747331e-03
165100,850.3,0.000002,,,,,,,,
165200,850.6,0.000003,,,,,,,,
165300,851.0,0.000002,,,,,,,,
165400,851.5,0.000003,,,,,,,,
165500,852.0,0.000002,,,,,,,,
165600,852.5,0.000002,,,,,,,,
165700,853.0,0.000001,,,,,,,,
165800,853.5,0.000002,,,,,,,,
165900,854.0,0.000005,,,,,,,,
166000,854.5,0.000003,,,,,,,,
166100,855.0,0.000003,,,,,,,,
166200,855.5,0.000002,,,,,,,,
166300,856.0,0.000003,,,,,,,,
166400,856.6,0.000002,,,,,,,,
166500,857.0,0.000003,,,,,,,,
166600,857.5,0.000007,,,,,,,,
166700,858.1,0.000003,,,,,,,,
166800,858.6,0.000003,,,,,,,,
166900,859.1,0.000002,,,,,,,,
167000,859.6,0.000004,,,,,,,,
167100,860.1,0.000002,,,,,,,,
167200,860.6,0.000001,,,,,,,,
167300,861.1,0.000004,,,,,,,,
167400,861.6,0.000005,,,,,,,,
167500,862.1,0.000001,,,,,,,,
167600,862.6,0.000002,,,,,,,,
167700,863.1,0.000003,,,,,,,,
167800,863.6,0.000003,,,,,,,,
167900,864.2,0.000001,,,,,,,,
168000,864.7,0.000005,,,,,,,,
168100,865.2,0.000001,,,,,,,,
168200,865.7,0.000002,,,,,,,,
168300,866.2,0.000002,,,,,,,,
168400,866.7,0.000002,,,,,,,,
168500,867.2,0.000001,,,,,,,,
168600,867.7,0.000002,,,,,,,,
168700,868.2,0.000002,,,,,,,,
168800,868.7,0.000003,,,,,,,,
168900,869.2,0.000003,,,,,,,,
169000,869.6,0.000002,,,,,,,,
169100,870.2,0.000003,,,,,,,,
169200,870.7,0.000001,,,,,,,,
169300,871.2,0.000003,,,,,,,,
169400,871.7,0.000005,,,,,,,,
169500,872.2,0.000001,,,,,,,,
169600,872.7,0.000003,,,,,,,,
169700,873.2,0.000002,,,,,,,,
169800,873.8,0.000002,,,,,,,,
169900,874.2,0.000004,,,,,,,,
170000,875.9,0.000002,0.000003,1.142765e-01,7.202433e-03,5.180484e-03,0.000000,1.124382e-01,7.024825e-03,5.085087e-03
170100,876.1,0.000001,,,,,,,,
170200,876.4,0.000003,,,,,,,,
170300,876.7,0.000002,,,,,,,,
170400,877.3,0.000001,,,,,,,,
170500,877.8,0.000003,,,,,,,,
170600,878.3,0.000002,,,,,,,,
170700,878.8,0.000002,,,,,,,,
170800,879.3,0.000002,,,,,,,,
170900,879.8,0.000002,,,,,,,,
171000,880.3,0.000003,,,,,,,,
171100,880.8,0.000001,,,,,,,,
171200,881.3,0.000002,,,,,,,,
171300,881.8,0.000002,,,,,,,,
171400,882.3,0.000001,,,,,,,,
171500,882.8,0.000002,,,,,,,,
171600,883.3,0.000004,,,,,,,,
171700,883.8,0.000002,,,,,,,,
171800,884.4,0.000001,,,,,,,,
171900,884.9,0.000003,,,,,,,,
172000,885.4,0.000003,,,,,,,,
172100,885.9,0.000004,,,,,,,,
172200,886.4,0.000002,,,,,,,,
172300,887.0,0.000001,,,,,,,,
172400,887.5,0.000004,,,,,,,,
172500,888.0,0.000001,,,,,,,,
172600,888.5,0.000004,,,,,,,,
172700,889.0,0.000002,,,,,,,,
172800,889.5,0.000002,,,,,,,,
172900,890.0,0.000005,,,,,,,,
173000,890.5,0.000001,,,,,,,,
173100,891.1,0.000007,,,,,,,,
173200,891.6,0.000004,,,,,,,,
173300,892.1,0.000002,,,,,,,,
173400,892.6,0.000003,,,,,,,,
173500,893.1,0.000006,,,,,,,,
173600,893.6,0.000002,,,,,,,,
173700,894.1,0.000001,,,,,,,,
173800,894.6,0.000004,,,,,,,,
173900,895.1,0.000003,,,,,,,,
174000,895.6,0.000003,,,,,,,,
174100,896.1,0.000002,,,,,,,,
174200,896.6,0.000001,,,,,,,,
174300,897.1,0.000001,,,,,,,,
174400,897.6,0.000002,,,,,,,,
174500,898.1,0.000003,,,,,,,,
174600,898.6,0.000002,,,,,,,,
174700,899.1,0.000001,,,,,,,,
174800,899.6,0.000002,,,,,,,,
174900,900.1,0.000002,,,,,,,,
175000,901.8,0.000003,0.000003,1.094939e-01,8.636415e-03,7.297605e-03,0.000000,8.507843e-02,8.768776e-03,7.641366e-03
175100,902.1,0.000002,,,,,,,,
175200,902.4,0.000003,,,,,,,,
175300,902.7,0.000003,,,,,,,,
175400,903.2,0.000002,,,,,,,,
175500,903.7,0.000002,,,,,,,,
175600,904.3,0.000002,,,,,,,,
175700,904.8,0.000001,,,,,,,,
175800,905.2,0.000002,,,,,,,,
175900,905.7,0.000006,,,,,,,,
176000,906.2,0.000002,,,,,,,,
176100,906.7,0.000003,,,,,,,,
176200,907.3,0.000001,,,,,,,,
176300,907.8,0.000003,,,,,,,,
176400,908.3,0.000002,,,,,,,,
176500,908.8,0.000001,,,,,,,,
176600,909.3,0.000003,,,,,,,,
176700,909.8,0.000002,,,,,,,,
176800,910.3,0.000002,,,,,,,,
176900,910.8,0.000001,,,,,,,,
177000,911.3,0.000001,,,,,,,,
177100,911.8,0.000003,,,,,,,,
177200,912.3,0.000002,,,,,,,,
177300,912.8,0.000002,,,,,,,,
177400,913.3,0.000002,,,,,,,,
177500,913.8,0.000003,,,,,,,,
177600,914.3,0.000002,,,,,,,,
177700,914.8,0.000002,,,,,,,,
177800,915.3,0.000001,,,,,,,,
177900,915.8,0.000003,,,,,,,,
178000,916.3,0.000003,,,,,,,,
178100,916.8,0.000002,,,,,,,,
178200,917.3,0.000002,,,,,,,,
178300,917.9,0.000002,,,,,,,,
178400,918.4,0.000002,,,,,,,,
178500,918.8,0.000001,,,,,,,,
178600,919.4,0.000004,,,,,,,,
178700,919.9,0.000002,,,,,,,,
178800,920.4,0.000002,,,,,,,,
178900,920.9,0.000002,,,,,,,,
179000,921.4,0.000004,,,,,,,,
179100,921.9,0.000002,,,,,,,,
179200,922.4,0.000003,,,,,,,,
179300,922.9,0.000002,,,,,,,,
179400,923.5,0.000005,,,,,,,,
179500,924.0,0.000001,,,,,,,,
179600,924.5,0.000002,,,,,,,,
179700,925.0,0.000003,,,,,,,,
179800,925.5,0.000001,,,,,,,,
179900,926.0,0.000002,,,,,,,,
180000,927.6,0.000004,0.000002,1.184140e-01,6.532240e-03,4.096701e-03,0.000000,1.004834e-01,6.276365e-03,3.979596e-03
180100,927.8,0.000001,,,,,,,,
180200,928.2,0.000001,,,,,,,,
180300,928.5,0.000003,,,,,,,,
180400,929.0,0.000002,,,,,,,,
180500,929.5,0.000009,,,,,,,,
180600,930.1,0.000006,,,,,,,,
180700,930.6,0.000001,,,,,,,,
180800,931.1,0.000002,,,,,,,,
180900,931.6,0.000002,,,,,,,,
181000,932.1,0.000001,,,,,,,,
181100,932.6,0.000002,,,,,,,,
181200,933.1,0.000002,,,,,,,,
181300,933.5,0.000004,,,,,,,,
181400,934.0,0.000002,,,,,,,,
181500,934.5,0.000002,,,,,,,,
181600,935.0,0.000001,,,,,,,,
181700,935.5,0.000001,,,,,,,,
181800,936.0,0.000001,,,,,,,,
181900,936.5,0.000004,,,,,,,,
182000,937.0,0.000002,,,,,,,,
182100,937.5,0.000002,,,,,,,,
182200,938.0,0.000001,,,,,,,,
182300,938.5,0.000002,,,,,,,,
182400,939.0,0.000002,,,,,,,,
182500,939.6,0.000003,,,,,,,,
182600,940.1,0.000002,,,,,,,,
182700,940.6,0.000002,,,,,,,,
182800,941.1,0.000001,,,,,,,,
182900,941.6,0.000002,,,,,,,,
183000,942.1,0.000002,,,,,,,,
183100,942.6,0.000001,,,,,,,,
183200,943.1,0.000001,,,,,,,,
183300,943.6,0.000002,,,,,,,,
183400,944.1,0.000004,,,,,,,,
183500,944.6,0.000003,,,,,,,,
183600,945.1,0.000005,,,,,,,,
183700,945.6,0.000002,,,,,,,,
183800,946.1,0.000004,,,,,,,,
183900,946.6,0.000003,,,,,,,,
184000,947.1,0.000002,,,,,,,,
184100,947.6,0.000002,,,,,,,,
184200,948.1,0.000006,,,,,,,,
184300,948.7,0.000006,,,,,,,,
184400,949.2,0.000002,,,,,,,,
184500,949.7,0.000002,,,,,,,,
184600,950.2,0.000002,,,,,,,,
184700,950.7,0.000003,,,,,,,,
184800,951.2,0.000001,,,,,,,,
184900,951.7,0.000002,,,,,,,,
185000,953.4,0.000001,0.000001,1.065477e-01,5.420052e-03,4.043784e-03,0.000000,8.951593e-02,5.256899e-03,4.027618e-03
185100,953.6,0.000002,,,,,,,,
185200,953.9,0.000003,,,,,,,,
185300,954.2,0.000002,,,,,,,,
185400,954.6,0.000002,,,,,,,,
185500,955.2,0.000005,,,,,,,,
185600,955.7,0.000003,,,,,,,,
185700,956.2,0.000002,,,,,,,,
185800,956.7,0.000001,,,,,,,,
185900,957.2,0.000001,,,,,,,,
186000,957.7,0.000002,,,,,,,,
186100,958.2,0.000002,,,,,,,,
186200,958.8,0.000005,,,,,,,,
186300,959.3,0.000002,,,,,,,,
186400,959.8,0.000002,,,,,,,,
186500,960.3,0.000003,,,,,,,,
186600,960.8,0.000003,,,,,,,,
186700,961.3,0.000001,,,,,,,,
186800,961.8,0.000002,,,,,,,,
186900,962.3,0.000003,,,,,,,,
187000,962.9,0.000002,,,,,,,,
187100,963.4,0.000002,,,,,,,,
187200,963.9,0.000001,,,,,,,,
187300,964.4,0.000003,,,,,,,,
187400,964.9,0.000002,,,,,,,,
187500,965.4,0.000003,,,,,,,,
187600,965.9,0.000001,,,,,,,,
187700,966.4,0.000001,,,,,,,,
187800,966.9,0.000002,,,,,,,,
187900,967.4,0.000006,,,,,,,,
188000,967.9,0.000001,,,,,,,,
188100,968.5,0.000002,,,,,,,,
188200,969.0,0.000002,,,,,,,,
188300,969.5,0.000001,,,,,,,,
188400,970.0,0.000001,,,,,,,,
188500,970.5,0.000003,,,,,,,,
188600,971.0,0.000001,,,,,,,,
188700,971.5,0.000001,,,,,,,,
188800,972.0,0.000002,,,,,,,,
188900,972.6,0.000002,,,,,,,,
189000,973.2,0.000001,,,,,,,,
189100,973.7,0.000001,,,,,,,,
189200,974.2,0.000002,,,,,,,,
189300,974.7,0.000001,,,,,,,,
189400,975.2,0.000003,,,,,,,,
189500,975.7,0.000004,,,,,,,,
189600,976.2,0.000002,,,,,,,,
189700,976.7,0.000001,,,,,,,,
189800,977.3,0.000003,,,,,,,,
189900,977.8,0.000004,,,,,,,,
190000,979.4,0.000002,0.000003,1.296622e-01,8.116865e-03,6.810855e-03,0.000000,6.611038e-02,8.101850e-03,6.858587e-03
190100,979.6,0.000002,,,,,,,,
190200,979.9,0.000004,,,,,,,,
190300,980.3,0.000001,,,,,,,,
190400,980.8,0.000002,,,,,,,,
190500,981.3,0.000001,,,,,,,,
190600,981.8,0.000002,,,,,,,,
190700,982.4,0.000001,,,,,,,,
190800,982.9,0.000004,,,,,,,,
190900,983.4,0.000002,,,,,,,,
191000,983.9,0.000001,,,,,,,,
191100,984.4,0.000002,,,,,,,,
191200,984.9,0.000002,,,,,,,,
191300,985.5,0.000001,,,,,,,,
191400,986.0,0.000002,,,,,,,,
191500,986.5,0.000001,,,,,,,,
191600,987.0,0.000002,,,,,,,,
191700,987.5,0.000003,,,,,,,,
191800,988.0,0.000001,,,,,,,,
191900,988.5,0.000002,,,,,,,,
192000,989.0,0.000002,,,,,,,,
192100,989.5,0.000002,,,,,,,,
192200,990.0,0.000002,,,,,,,,
192300,990.5,0.000004,,,,,,,,
192400,991.0,0.000004,,,,,,,,
192500,991.5,0.000001,,,,,,,,
192600,992.0,0.000003,,,,,,,,
192700,992.5,0.000002,,,,,,,,
192800,993.0,0.000002,,,,,,,,
192900,993.4,0.000001,,,,,,,,
193000,993.9,0.000002,,,,,,,,
193100,994.4,0.000001,,,,,,,,
193200,994.9,0.000003,,,,,,,,
193300,995.4,0.000001,,,,,,,,
193400,995.9,0.000002,,,,,,,,
193500,996.4,0.000001,,,,,,,,
193600,996.9,0.000001,,,,,,,,
193700,997.4,0.000001,,,,,,,,
193800,998.0,0.000002,,,,,,,,
193900,998.4,0.000002,,,,,,,,
194000,999.0,0.000002,,,,,,,,
194100,999.5,0.000002,,,,,,,,
194200,1000.0,0.000001,,,,,,,,
194300,1000.5,0.000002,,,,,,,,
194400,1001.0,0.000001,,,,,,,,
194500,1001.5,0.000003,,,,,,,,
194600,1002.1,0.000005,,,,,,,,
194700,1002.6,0.000002,,,,,,,,
194800,1003.1,0.000002,,,,,,,,
194900,1003.6,0.000001,,,,,,,,
195000,1005.2,0.000002,0.000002,1.609402e-01,5.094373e-03,3.620183e-03,0.000000,7.429285e-02,4.973034e-03,3.680610e-03
195100,1005.4,0.000001,,,,,,,,
195200,1005.7,0.000002,,,,,,,,
195300,1006.1,0.000004,,,,,,,,
195400,1006.6,0.000001,,,,,,,,
195500,1007.1,0.000001,,,,,,,,
195600,1007.6,0.000003,,,,,,,,
195700,1008.2,0.000006,,,,,,,,
195800,1008.6,0.000002,,,,,,,,
195900,1009.2,0.000003,,,,,,,,
196000,1009.7,0.000002,,,,,,,,
196100,1010.2,0.000001,,,,,,,,
196200,1010.7,0.000006,,,,,,,,
196300,1011.2,0.000002,,,,,,,,
196400,1011.7,0.000001,,,,,,,,
196500,1012.2,0.000002,,,,,,,,
196600,1012.7,0.000001,,,,,,,,
196700,1013.2,0.000002,,,,,,,,
196800,1013.8,0.000002,,,,,,,,
196900,1014.3,0.000002,,,,,,,,
197000,1014.8,0.000004,,,,,,,,
197100,1015.2,0.000001,,,,,,,,
197200,1015.7,0.000002,,,,,,,,
197300,1016.2,0.000001,,,,,,,,
197400,1016.7,0.000001,,,,,,,,
197500,1017.3,0.000002,,,,,,,,
197600,1017.7,0.000001,,,,,,,,
197700,1018.2,0.000003,,,,,,,,
197800,1018.8,0.000002,,,,,,,,
197900,1019.3,0.000002,,,,,,,,
198000,1019.8,0.000006,,,,,,,,
198100,1020.4,0.000003,,,,,,,,
198200,1020.8,0.000005,,,,,,,,
198300,1021.4,0.000002,,,,,,,,
198400,1021.9,0.000004,,,,,,,,
198500,1022.4,0.000001,,,,,,,,
198600,1022.9,0.000001,,,,,,,,
198700,1023.4,0.000002,,,,,,,,
198800,1023.9,0.000001,,,,,,,,
198900,1024.4,0.000002,,,,,,,,
199000,1024.9,0.000002,,,,,,,,
199100,1025.4,0.000001,,,,,,,,
199200,1025.9,0.000002,,,,,,,,
199300,1026.4,0.000003,,,,,,,,
199400,1026.9,0.000002,,,,,,,,
199500,1027.4,0.000002,,,,,,,,
199600,1027.9,0.000004,,,,,,,,
199700,1028.4,0.000002,,,,,,,,
199800,1029.0,0.000001,,,,,,,,
199900,1029.5,0.000001,,,,,,,,
200000,1031.1,0.000001,0.000001,8.738686e-02,5.397857e-03,4.221435e-03,0.000000,5.268068e-02,5.151637e-03,4.128052e-03
200100,1031.3,0.000001,,,,,,,,
200200,1031.6,0.000002,,,,,,,,
200300,1032.0,0.000002,,,,,,,,
200400,1032.5,0.000002,,,,,,,,
200500,1033.0,0.000001,,,,,,,,
200600,1033.5,0.000002,,,,,,,,
200700,1034.0,0.000003,,,,,,,,
200800,1034.6,0.000002,,,,,,,,
200900,1035.1,0.000002,,,,,,,,
201000,1035.6,0.000003,,,,,,,,
201100,1036.1,0.000002,,,,,,,,
201200,1036.6,0.000001,,,,,,,,
201300,1037.1,0.000001,,,,,,,,
201400,1037.6,0.000003,,,,,,,,
201500,1038.1,0.000001,,,,,,,,
201600,1038.6,0.000003,,,,,,,,
201700,1039.1,0.000002,,,,,,,,
201800,1039.6,0.000004,,,,,,,,
201900,1040.1,0.000003,,,,,,,,
202000,1040.6,0.000001,,,,,,,,
202100,1041.1,0.000003,,,,,,,,
202200,1041.6,0.000002,,,,,,,,
202300,1042.2,0.000002,,,,,,,,
202400,1042.7,0.000002,,,,,,,,
202500,1043.2,0.000002,,,,,,,,
202600,1043.7,0.000003,,,,,,,,
202700,1044.2,0.000002,,,,,,,,
202800,1044.7,0.000002,,,,,,,,
202900,1045.2,0.000001,,,,,,,,
203000,1045.7,0.000006,,,,,,,,
203100,1046.2,0.000002,,,,,,,,
203200,1046.7,0.000002,,,,,,,,
203300,1047.2,0.000002,,,,,,,,
203400,1047.7,0.000001,,,,,,,,
203500,1048.2,0.000001,,,,,,,,
203600,1048.7,0.000005,,,,,,,,
203700,1049.2,0.000001,,,,,,,,
203800,1049.7,0.000002,,,,,,,,
203900,1050.2,0.000002,,,,,,,,
204000,1050.7,0.000001,,,,,,,,
204100,1051.2,0.000004,,,,,,,,
204200,1051.7,0.000002,,,,,,,,
204300,1052.2,0.000001,,,,,,,,
204400,1052.8,0.000002,,,,,,,,
204500,1053.3,0.000005,,,,,,,,
204600,1053.6,0.000001,,,,,,,,
204700,1054.1,0.000002,,,,,,,,
204800,1054.6,0.000003,,,,,,,,
204900,1055.2,0.000001,,,,,,,,
205000,1056.8,0.000002,0.000002,9.619891e-02,5.979004e-03,4.498366e-03,0.000000,7.936955e-02,5.792179e-03,4.422783e-03
205100,1057.1,0.000001,,,,,,,,
205200,1057.4,0.000002,,,,,,,,
205300,1057.7,0.000001,,,,,,,,
205400,1058.2,0.000002,,,,,,,,
205500,1058.7,0.000002,,,,,,,,
205600,1059.2,0.000002,,,,,,,,
205700,1059.8,0.000003,,,,,,,,
205800,1060.3,0.000002,,,,,,,,
205900,1060.8,0.000001,,,,,,,,
206000,1061.3,0.000002,,,,,,,,
206100,1061.8,0.000004,,,,,,,,
206200,1062.3,0.000001,,,,,,,,
206300,1062.8,0.000005,,,,,,,,
206400,1063.3,0.000002,,,,,,,,
206500,1063.8,0.000005,,,,,,,,
206600,1064.3,0.000002,,,,,,,,
206700,1064.8,0.000001,,,,,,,,
206800,1065.4,0.000003,,,,,,,,
206900,1065.9,0.000002,,,,,,,,
207000,1066.4,0.000002,,,,,,,,
207100,1066.9,0.000002,,,,,,,,
207200,1067.4,0.000003,,,,,,,,
207300,1068.0,0.000002,,,,,,,,
207400,1068.4,0.000001,,,,,,,,
207500,1069.0,0.000003,,,,,,,,
207600,1069.5,0.000003,,,,,,,,
207700,1070.0,0.000002,,,,,,,,
207800,1070.5,0.000002,,,,,,,,
207900,1071.0,0.000002,,,,,,,,
208000,1071.5,0.000005,,,,,,,,
208100,1072.0,0.000002,,,,,,,,
208200,1072.5,0.000003,,,,,,,,
208300,1073.1,0.000002,,,,,,,,
208400,1073.6,0.000003,,,,,,,,
208500,1074.1,0.000001,,,,,,,,
208600,1074.6,0.000002,,,,,,,,
208700,1075.1,0.000002,,,,,,,,
208800,1075.6,0.000002,,,,,,,,
208900,1076.1,0.000002,,,,,,,,
209000,1076.6,0.000006,,,,,,,,
209100,1077.2,0.000002,,,,,,,,
209200,1077.6,0.000001,,,,,,,,
209300,1078.2,0.000001,,,,,,,,
209400,1078.6,0.000002,,,,,,,,
209500,1079.2,0.000002,,,,,,,,
209600,1079.7,0.000002,,,,,,,,
209700,1080.2,0.000002,,,,,,,,
209800,1080.7,0.000002,,,,,,,,
209900,1081.2,0.000002,,,,,,,,
210000,1082.9,0.000002,0.000002,1.012774e-01,6.069893e-03,4.248564e-03,0.000000,5.192695e-02,5.996037e-03,4.271774e-03
210100,1083.1,0.000001,,,,,,,,
210200,1083.4,0.000002,,,,,,,,
210300,1083.8,0.000002,,,,,,,,
210400,1084.3,0.000002,,,,,,,,
210500,1084.8,0.000006,,,,,,,,
210600,1085.3,0.000003,,,,,,,,
210700,1085.8,0.000002,,,,,,,,
210800,1086.3,0.000001,,,,,,,,
210900,1086.8,0.000004,,,,,,,,
211000,1087.3,0.000002,,,,,,,,
211100,1087.8,0.000001,,,,,,,,
211200,1088.3,0.000003,,,,,,,,
211300,1088.8,0.000001,,,,,,,,
211400,1089.3,0.000003,,,,,,,,
211500,1089.8,0.000002,,,,,,,,
211600,1090.4,0.000004,,,,,,,,
211700,1090.8,0.000002,,,,,,,,
211800,1091.4,0.000001,,,,,,,,
211900,1091.9,0.000002,,,,,,,,
212000,1092.4,0.000002,,,,,,,,
212100,1092.8,0.000002,,,,,,,,
212200,1093.4,0.000003,,,,,,,,
212300,1093.9,0.000002,,,,,,,,
212400,1094.4,0.000002,,,,,,,,
212500,1094.9,0.000002,,,,,,,,
212600,1095.4,0.000001,,,,,,,,
212700,1095.9,0.000004,,,,,,,,
212800,1096.4,0.000002,,,,,,,,
212900,1096.9,0.000001,,,,,,,,
213000,1097.4,0.000001,,,,,,,,
213100,1097.9,0.000001,,,,,,,,
213200,1098.5,0.000001,,,,,,,,
213300,1099.0,0.000002,,,,,,,,
213400,1099.5,0.000002,,,,,,,,
213500,1100.0,0.000002,,,,,,,,
213600,1100.5,0.000001,,,,,,,,
213700,1101.0,0.000002,,,,,,,,
213800,1101.6,0.000001,,,,,,,,
213900,1102.1,0.000002,,,,,,,,
214000,1102.6,0.000001,,,,,,,,
214100,1103.1,0.000001,,,,,,,,
214200,1103.6,0.000003,,,,,,,,
214300,1104.1,0.000001,,,,,,,,
214400,1104.6,0.000003,,,,,,,,
214500,1105.1,0.000002,,,,,,,,
214600,1105.6,0.000001,,,,,,,,
214700,1106.2,0.000003,,,,,,,,
214800,1106.7,0.000003,,,,,,,,
214900,1107.2,0.000001,,,,,,,,
215000,1108.8,0.000002,0.000001,1.078665e-01,5.344396e-03,4.000697e-03,0.000000,8.182592e-02,5.362173e-03,4.119834e-03
215100,1109.0,0.000002,,,,,,,,
215200,1109.3,0.000001,,,,,,,,
215300,1109.7,0.000002,,,,,,,,
215400,1110.2,0.000003,,,,,,,,
215500,1110.7,0.000002,,,,,,,,
215600,1111.2,0.000001,,,,,,,,
215700,1111.8,0.000001,,,,,,,,
215800,1112.3,0.000003,,,,,,,,
215900,1112.8,0.000001,,,,,,,,
216000,1113.3,0.000002,,,,,,,,
216100,1113.6,0.000001,,,,,,,,
216200,1114.1,0.000002,,,,,,,,
216300,1114.6,0.000001,,,,,,,,
216400,1115.1,0.000004,,,,,,,,
216500,1115.6,0.000003,,,,,,,,
216600,1116.1,0.000003,,,,,,,,
216700,1116.6,0.000003,,,,,,,,
216800,1117.1,0.000001,,,,,,,,
216900,1117.6,0.000002,,,,,,,,
217000,1118.1,0.000001,,,,,,,,
217100,1118.6,0.000002,,,,,,,,
217200,1119.1,0.000003,,,,,,,,
217300,1119.6,0.000002,,,,,,,,
217400,1120.2,0.000002,,,,,,,,
217500,1120.7,0.000003,,,,,,,,
217600,1121.2,0.000002,,,,,,,,
217700,1121.6,0.000002,,,,,,,,
217800,1122.2,0.000001,,,,,,,,
217900,1122.7,0.000001,,,,,,,,
218000,1123.2,0.000001,,,,,,,,
218100,1123.7,0.000002,,,,,,,,
218200,1124.2,0.000001,,,,,,,,
218300,1124.7,0.000001,,,,,,,,
218400,1125.2,0.000002,,,,,,,,
218500,1125.7,0.000005,,,,,,,,
218600,1126.3,0.000003,,,,,,,,
218700,1126.8,0.000002,,,,,,,,
218800,1127.3,0.000002,,,,,,,,
218900,1127.8,0.000003,,,,,,,,
219000,1128.3,0.000002,,,,,,,,
219100,1128.8,0.000002,,,,,,,,
219200,1129.3,0.000001,,,,,,,,
219300,1129.8,0.000002,,,,,,,,
219400,1130.3,0.000002,,,,,,,,
219500,1130.8,0.000002,,,,,,,,
219600,1131.3,0.000002,,,,,,,,
219700,1131.8,0.000002,,,,,,,,
219800,1132.3,0.000002,,,,,,,,
219900,1132.8,0.000002,,,,,,,,
220000,1134.5,0.000001,0.000001,1.031865e-01,4.620423e-03,3.610173e-03,0.000000,7.688499e-02,4.522182e-03,3.597453e-03
220100,1134.7,0.000005,,,,,,,,
220200,1134.9,0.000001,,,,,,,,
220300,1135.3,0.000001,,,,,,,,
220400,1135.7,0.000001,,,,,,,,
220500,1136.2,0.000001,,,,,,,,
220600,1136.8,0.000002,,,,,,,,
220700,1137.3,0.000002,,,,,,,,
220800,1137.8,0.000009,,,,,,,,
220900,1138.3,0.000002,,,,,,,,
221000,1138.7,0.000003,,,,,,,,
221100,1139.3,0.000001,,,,,,,,
221200,1139.8,0.000003,,,,,,,,
221300,1140.3,0.000002,,,,,,,,
221400,1140.8,0.000003,,,,,,,,
221500,1141.3,0.000002,,,,,,,,
221600,1141.8,0.000004,,,,,,,,
221700,1142.3,0.000002,,,,,,,,
221800,1142.8,0.000002,,,,,,,,
221900,1143.4,0.000002,,,,,,,,
222000,1143.9,0.000004,,,,,,,,
222100,1144.4,0.000001,,,,,,,,
222200,1144.9,0.000001,,,,,,,,
222300,1145.4,0.000002,,,,,,,,
222400,1145.9,0.000002,,,,,,,,
222500,1146.4,0.000002,,,,,,,,
222600,1146.9,0.000002,,,,,,,,
222700,1147.4,0.000002,,,,,,,,
222800,1147.9,0.000001,,,,,,,,
222900,1148.4,0.000001,,,,,,,,
223000,1148.9,0.000001,,,,,,,,
223100,1149.4,0.000001,,,,,,,,
223200,1150.0,0.000002,,,,,,,,
223300,1150.5,0.000001,,,,,,,,
223400,1151.0,0.000007,,,,,,,,
223500,1151.5,0.000001,,,,,,,,
223600,1152.0,0.000004,,,,,,,,
223700,1152.5,0.000002,,,,,,,,
223800,1153.0,0.000003,,,,,,,,
223900,1153.5,0.000002,,,,,,,,
224000,1154.0,0.000002,,,,,,,,
224100,1154.6,0.000002,,,,,,,,
224200,1155.1,0.000002,,,,,,,,
224300,1155.6,0.000003,,,,,,,,
224400,1156.1,0.000001,,,,,,,,
224500,1156.6,0.000002,,,,,,,,
224600,1157.1,0.000002,,,,,,,,
224700,1157.6,0.000003,,,,,,,,
224800,1158.1,0.000001,,,,,,,,
224900,1158.6,0.000003,,,,,,,,
225000,1160.2,0.000002,0.000002,9.096372e-02,5.729818e-03,4.269671e-03,0.000000,5.234443e-02,5.712739e-03,4.368189e-03
225100,1160.5,0.000001,,,,,,,,
225200,1160.7,0.000004,,,,,,,,
225300,1161.1,0.000002,,,,,,,,
225400,1161.6,0.000001,,,,,,,,
225500,1162.1,0.000001,,,,,,,,
225600,1162.6,0.000001,,,,,,,,
225700,1163.1,0.000002,,,,,,,,
225800,1163.6,0.000001,,,,,,,,
225900,1164.2,0.000003,,,,,,,,
226000,1164.6,0.000002,,,,,,,,
226100,1165.2,0.000003,,,,,,,,
226200,1165.7,0.000001,,,,,,,,
226300,1166.2,0.000001,,,,,,,,
226400,1166.7,0.000002,,,,,,,,
226500,1167.2,0.000002,,,,,,,,
226600,1167.7,0.000002,,,,,,,,
226700,1168.1,0.000001,,,,,,,,
226800,1168.6,0.000002,,,,,,,,
226900,1169.1,0.000001,,,,,,,,
227000,1169.6,0.000003,,,,,,,,
227100,1170.2,0.000001,,,,,,,,
227200,1170.7,0.000001,,,,,,,,
227300,1171.2,0.000002,,,,,,,,
227400,1171.7,0.000001,,,,,,,,
227500,1172.2,0.000001,,,,,,,,
227600,1172.7,0.000001,,,,,,,,
227700,1173.2,0.000002,,,,,,,,
227800,1173.7,0.000001,,,,,,,,
227900,1174.3,0.000002,,,,,,,,
228000,1174.7,0.000002,,,,,,,,
228100,1175.3,0.000002,,,,,,,,
228200,1175.8,0.000002,,,,,,,,
228300,1176.3,0.000002,,,,,,,,
228400,1176.8,0.000002,,,,,,,,
228500,1177.3,0.000001,,,,,,,,
228600,1177.8,0.000002,,,,,,,,
228700,1178.3,0.000001,,,,,,,,
228800,1178.8,0.000002,,,,,,,,
228900,1179.4,0.000003,,,,,,,,
229000,1179.9,0.000002,,,,,,,,
229100,1180.4,0.000002,,,,,,,,
229200,1180.9,0.000003,,,,,,,,
229300,1181.4,0.000001,,,,,,,,
229400,1181.9,0.000001,,,,,,,,
229500,1182.4,0.000001,,,,,,,,
229600,1182.9,0.000003,,,,,,,,
229700,1183.4,0.000002,,,,,,,,
229800,1183.9,0.000003,,,,,,,,
229900,1184.5,0.000002,,,,,,,,
230000,1186.1,0.000001,0.000001,8.473503e-02,5.103378e-03,3.975032e-03,0.000000,5.825878e-02,5.133484e-03,4.098325e-03
230100,1186.3,0.000002,,,,,,,,
230200,1186.6,0.000001,,,,,,,,
230300,1186.9,0.000002,,,,,,,,
230400,1187.3,0.000001,,,,,,,,
230500,1187.8,0.000002,,,,,,,,
230600,1188.4,0.000004,,,,,,,,
230700,1188.9,0.000001,,,,,,,,
230800,1189.4,0.000002,,,,,,,,
230900,1189.9,0.000001,,,,,,,,
231000,1190.4,0.000002,,,,,,,,
231100,1190.9,0.000002,,,,,,,,
231200,1191.4,0.000002,,,,,,,,
231300,1191.9,0.000001,,,,,,,,
231400,1192.5,0.000002,,,,,,,,
231500,1192.9,0.000001,,,,,,,,
231600,1193.5,0.000002,,,,,,,,
231700,1194.0,0.000002,,,,,,,,
231800,1194.5,0.000003,,,,,,,,
231900,1195.1,0.000002,,,,,,,,
232000,1195.6,0.000003,,,,,,,,
232100,1196.1,0.000001,,,,,,,,
232200,1196.6,0.000001,,,,,,,,
232300,1197.1,0.000002,,,,,,,,
232400,1197.6,0.000003,,,,,,,,
232500,1198.1,0.000002,,,,,,,,
232600,1198.7,0.000002,,,,,,,,
232700,1199.2,0.000002,,,,,,,,
232800,1199.7,0.000001,,,,,,,,
232900,1200.2,0.000002,,,,,,,,
233000,1200.7,0.000001,,,,,,,,
233100,1201.2,0.000003,,,,,,,,
233200,1201.7,0.000003,,,,,,,,
233300,1202.3,0.000001,,,,,,,,
233400,1202.8,0.000001,,,,,,,,
233500,1203.3,0.000002,,,,,,,,
233600,1203.8,0.000002,,,,,,,,
233700,1204.3,0.000002,,,,,,,,
233800,1204.8,0.000001,,,,,,,,
233900,1205.3,0.000001,,,,,,,,
234000,1205.7,0.000003,,,,,,,,
234100,1206.3,0.000002,,,,,,,,
234200,1206.8,0.000001,,,,,,,,
234300,1207.3,0.000001,,,,,,,,
234400,1207.8,0.000001,,,,,,,,
234500,1208.3,0.000003,,,,,,,,
234600,1208.8,0.000002,,,,,,,,
234700,1209.4,0.000001,,,,,,,,
234800,1209.8,0.000002,,,,,,,,
234900,1210.4,0.000002,,,,,,,,
235000,1212.0,0.000001,0.000001,8.515632e-02,4.684794e-03,3.534586e-03,0.000000,7.281924e-02,4.602585e-03,3.539908e-03
235100,1212.2,0.000001,,,,,,,,
235200,1212.5,0.000001,,,,,,,,
235300,1212.9,0.000002,,,,,,,,
235400,1213.3,0.000002,,,,,,,,
235500,1213.9,0.000003,,,,,,,,
235600,1214.4,0.000004,,,,,,,,
235700,1214.9,0.000004,,,,,,,,
235800,1215.4,0.000001,,,,,,,,
235900,1215.9,0.000002,,,,,,,,
236000,1216.4,0.000001,,,,,,,,
236100,1216.9,0.000002,,,,,,,,
236200,1217.5,0.000001,,,,,,,,
236300,1218.0,0.000001,,,,,,,,
236400,1218.5,0.000001,,,,,,,,
236500,1219.0,0.000002,,,,,,,,
236600,1219.5,0.000001,,,,,,,,
236700,1220.0,0.000001,,,,,,,,
236800,1220.5,0.000003,,,,,,,,
236900,1221.1,0.000003,,,,,,,,
237000,1221.6,0.000002,,,,,,,,
237100,1222.1,0.000003,,,,,,,,
237200,1222.6,0.000001,,,,,,,,
237300,1223.1,0.000004,,,,,,,,
237400,1223.6,0.000001,,,,,,,,
237500,1224.1,0.000002,,,,,,,,
237600,1224.6,0.000002,,,,,,,,
237700,1225.1,0.000002,,,,,,,,
237800,1225.7,0.000001,,,,,,,,
237900,1226.2,0.000002,,,,,,,,
238000,1226.7,0.000002,,,,,,,,
238100,1227.2,0.000002,,,,,,,,
238200,1227.7,0.000002,,,,,,,,
238300,1228.1,0.000002,,,,,,,,
238400,1228.6,0.000004,,,,,,,,
238500,1229.1,0.000001,,,,,,,,
238600,1229.7,0.000001,,,,,,,,
238700,1230.2,0.000001,,,,,,,,
238800,1230.7,0.000001,,,,,,,,
238900,1231.2,0.000001,,,,,,,,
239000,1231.7,0.000002,,,,,,,,
239100,1232.2,0.000003,,,,,,,,
239200,1232.7,0.000003,,,,,,,,
239300,1233.2,0.000003,,,,,,,,
239400,1233.6,0.000001,,,,,,,,
239500,1234.1,0.000001,,,,,,,,
239600,1234.6,0.000002,,,,,,,,
239700,1235.2,0.000002,,,,,,,,
239800,1235.7,0.000001,,,,,,,,
239900,1236.2,0.000002,,,,,,,,
240000,1237.9,0.000001,0.000002,1.316734e-01,5.974470e-03,4.616819e-03,0.000000,8.161569e-02,5.834259e-03,4.628933e-03
240100,1238.1,0.000002,,,,,,,,
240200,1238.4,0.000001,,,,,,,,
240300,1238.8,0.000002,,,,,,,,
240400,1239.3,0.000002,,,,,,,,
240500,1239.9,0.000002,,,,,,,,
240600,1240.3,0.000001,,,,,,,,
240700,1240.8,0.000002,,,,,,,,
240800,1241.4,0.000002,,,,,,,,
240900,1241.9,0.000003,,,,,,,,
241000,1242.4,0.000003,,,,,,,,
241100,1242.9,0.000003,,,,,,,,
241200,1243.4,0.000001,,,,,,,,
241300,1243.9,0.000002,,,,,,,,
241400,1244.4,0.000002,,,,,,,,
241500,1244.9,0.000002,,,,,,,,
241600,1245.4,0.000002,,,,,,,,
241700,1245.9,0.000002,,,,,,,,
241800,1246.4,0.000001,,,,,,,,
241900,1246.9,0.000002,,,,,,,,
242000,1247.5,0.000003,,,,,,,,
242100,1248.0,0.000002,,,,,,,,
242200,1248.5,0.000001,,,,,,,,
242300,1249.0,0.000001,,,,,,,,
242400,1249.5,0.000002,,,,,,,,
242500,1250.0,0.000003,,,,,,,,
242600,1250.5,0.000001,,,,,,,,
242700,1251.0,0.000002,,,,,,,,
242800,1251.5,0.000001,,,,,,,,
242900,1252.1,0.000002,,,,,,,,
243000,1252.5,0.000005,,,,,,,,
243100,1253.1,0.000008,,,,,,,,
243200,1253.5,0.000001,,,,,,,,
243300,1254.1,0.000002,,,,,,,,
243400,1254.6,0.000002,,,,,,,,
243500,1255.1,0.000002,,,,,,,,
243600,1255.6,0.000002,,,,,,,,
243700,1256.1,0.000001,,,,,,,,
243800,1256.6,0.000001,,,,,,,,
243900,1257.1,0.000001,,,,,,,,
244000,1257.6,0.000005,,,,,,,,
244100,1258.1,0.000001,,,,,,,,
244200,1258.6,0.000001,,,,,,,,
244300,1259.1,0.000002,,,,,,,,
244400,1259.6,0.000001,,,,,,,,
244500,1260.1,0.000002,,,,,,,,
244600,1260.6,0.000002,,,,,,,,
244700,1261.1,0.000004,,,,,,,,
244800,1261.6,0.000001,,,,,,,,
244900,1262.1,0.000002,,,,,,,,
245000,1263.7,0.000002,0.000002,9.154689e-02,5.806218e-03,4.738078e-03,0.000000,4.951869e-02,5.700316e-03,4.705582e-03
245100,1264.0,0.000002,,,,,,,,
245200,1264.3,0.000001,,,,,,,,
245300,1264.6,0.000001,,,,,,,,
245400,1265.1,0.000001,,,,,,,,
245500,1265.6,0.000002,,,,,,,,
245600,1266.1,0.000001,,,,,,,,
245700,1266.6,0.000002,,,,,,,,
245800,1267.1,0.000002,,,,,,,,
245900,1267.6,0.000002,,,,,,,,
246000,1268.2,0.000001,,,,,,,,
246100,1268.7,0.000002,,,,,,,,
246200,1269.2,0.000001,,,,,,,,
246300,1269.7,0.000002,,,,,,,,
246400,1270.2,0.000002,,,,,,,,
246500,1270.7,0.000001,,,,,,,,
246600,1271.2,0.000001,,,,,,,,
246700,1271.7,0.000003,,,,,,,,
246800,1272.2,0.000003,,,,,,,,
246900,1272.8,0.000001,,,,,,,,
247000,1273.3,0.000002,,,,,,,,
247100,1273.8,0.000001,,,,,,,,
247200,1274.3,0.000001,,,,,,,,
247300,1274.8,0.000003,,,,,,,,
247400,1275.3,0.000004,,,,,,,,
247500,1275.8,0.000001,,,,,,,,
247600,1276.3,0.000001,,,,,,,,
247700,1276.8,0.000003,,,,,,,,
247800,1277.3,0.000002,,,,,,,,
247900,1277.9,0.000003,,,,,,,,
248000,1278.4,0.000001,,,,,,,,
248100,1278.9,0.000001,,,,,,,,
248200,1279.4,0.000001,,,,,,,,
248300,1279.9,0.000002,,,,,,,,
248400,1280.4,0.000006,,,,,,,,
248500,1280.9,0.000002,,,,,,,,
248600,1281.4,0.000002,,,,,,,,
248700,1281.9,0.000002,,,,,,,,
248800,1282.5,0.000001,,,,,,,,
248900,1283.0,0.000003,,,,,,,,
249000,1283.5,0.000001,,,,,,,,
249100,1284.0,0.000002,,,,,,,,
249200,1284.5,0.000003,,,,,,,,
249300,1285.0,0.000002,,,,,,,,
249400,1285.5,0.000001,,,,,,,,
249500,1286.0,0.000001,,,,,,,,
249600,1286.6,0.000002,,,,,,,,
249700,1287.1,0.000002,,,,,,,,
249800,1287.5,0.000001,,,,,,,,
249900,1288.0,0.000002,,,,,,,,
250000,1289.6,0.000002,0.000002,1.301682e-01,5.632230e-03,4.183395e-03,0.000000,8.336062e-02,5.454162e-03,4.145422e-03
250100,1289.9,0.000003,,,,,,,,
250200,1290.1,0.000003,,,,,,,,
250300,1290.5,0.000001,,,,,,,,
250400,1291.0,0.000002,,,,,,,,
250500,1291.5,0.000002,,,,,,,,
250600,1292.0,0.000002,,,,,,,,
250700,1292.5,0.000002,,,,,,,,
250800,1293.0,0.000005,,,,,,,,
250900,1293.4,0.000003,,,,,,,,
251000,1293.8,0.000001,,,,,,,,
251100,1294.3,0.000001,,,,,,,,
251200,1294.9,0.000001,,,,,,,,
251300,1295.4,0.000002,,,,,,,,
251400,1295.9,0.000002,,,,,,,,
251500,1296.4,0.000002,,,,,,,,
251600,1296.9,0.000002,,,,,,,,
251700,1297.4,0.000002,,,,,,,,
251800,1297.9,0.000001,,,,,,,,
251900,1298.4,0.000002,,,,,,,,
252000,1299.0,0.000002,,,,,,,,
252100,1299.5,0.000002,,,,,,,,
252200,1299.9,0.000001,,,,,,,,
252300,1300.5,0.000002,,,,,,,,
252400,1300.9,0.000002,,,,,,,,
252500,1301.5,0.000002,,,,,,,,
252600,1302.0,0.000002,,,,,,,,
252700,1302.5,0.000004,,,,,,,,
252800,1303.0,0.000003,,,,,,,,
252900,1303.5,0.000002,,,,,,,,
253000,1304.0,0.000002,,,,,,,,
253100,1304.5,0.000001,,,,,,,,
253200,1305.1,0.000002,,,,,,,,
253300,1305.6,0.000002,,,,,,,,
253400,1306.1,0.000001,,,,,,,,
253500,1306.6,0.000004,,,,,,,,
253600,1307.1,0.000012,,,,,,,,
253700,1307.6,0.000001,,,,,,,,
253800,1308.1,0.000002,,,,,,,,
253900,1308.6,0.000003,,,,,,,,
254000,1309.1,0.000003,,,,,,,,
254100,1309.6,0.000001,,,,,,,,
254200,1310.1,0.000001,,,,,,,,
254300,1310.6,0.000001,,,,,,,,
254400,1311.1,0.000002,,,,,,,,
254500,1311.6,0.000001,,,,,,,,
254600,1312.1,0.000002,,,,,,,,
254700,1312.6,0.000002,,,,,,,,
254800,1313.2,0.000002,,,,,,,,
254900,1313.7,0.000002,,,,,,,,
255000,1315.3,0.000001,0.000001,1.119832e-01,4.824893e-03,3.585621e-03,0.000000,6.655074e-02,4.681251e-03,3.577895e-03
255100,1315.5,0.000002,,,,,,,,
255200,1315.8,0.000006,,,,,,,,
255300,1316.1,0.000001,,,,,,,,
255400,1316.4,0.000001,,,,,,,,
255500,1317.0,0.000002,,,,,,,,
255600,1317.5,0.000004,,,,,,,,
255700,1318.0,0.000002,,,,,,,,
255800,1318.5,0.000001,,,,,,,,
255900,1319.0,0.000002,,,,,,,,
256000,1319.5,0.000001,,,,,,,,
256100,1320.0,0.000003,,,,,,,,
256200,1320.5,0.000001,,,,,,,,
256300,1321.0,0.000001,,,,,,,,
256400,1321.5,0.000001,,,,,,,,
256500,1322.0,0.000001,,,,,,,,
256600,1322.5,0.000004,,,,,,,,
256700,1323.1,0.000001,,,,,,,,
256800,1323.6,0.000002,,,,,,,,
256900,1324.1,0.000002,,,,,,,,
257000,1324.6,0.000002,,,,,,,,
257100,1325.1,0.000002,,,,,,,,
257200,1325.6,0.000002,,,,,,,,
257300,1326.1,0.000002,,,,,,,,
257400,1326.6,0.000001,,,,,,,,
257500,1327.1,0.000001,,,,,,,,
257600,1327.7,0.000002,,,,,,,,
257700,1328.2,0.000002,,,,,,,,
257800,1328.7,0.000001,,,,,,,,
257900,1329.2,0.000001,,,,,,,,
258000,1329.7,0.000001,,,,,,,,
258100,1330.1,0.000002,,,,,,,,
258200,1330.6,0.000001,,,,,,,,
258300,1331.1,0.000001,,,,,,,,
258400,1331.6,0.000002,,,,,,,,
258500,1332.2,0.000002,,,,,,,,
258600,1332.6,0.000001,,,,,,,,
258700,1333.2,0.000002,,,,,,,,
258800,1333.7,0.000001,,,,,,,,
258900,1334.2,0.000001,,,,,,,,
259000,1334.7,0.000001,,,,,,,,
259100,1335.2,0.000003,,,,,,,,
259200,1335.7,0.000003,,,,,,,,
259300,1336.2,0.000002,,,,,,,,
259400,1336.7,0.000002,,,,,,,,
259500,1337.3,0.000002,,,,,,,,
259600,1337.8,0.000002,,,,,,,,
259700,1338.3,0.000002,,,,,,,,
259800,1338.8,0.000001,,,,,,,,
259900,1339.3,0.000002,,,,,,,,
260000,1340.9,0.000002,0.000001,7.717706e-02,5.658118e-03,4.572866e-03,0.000000,6.146783e-02,5.532202e-03,4.515441e-03
260100,1341.2,0.000003,,,,,,,,
260200,1341.5,0.000001,,,,,,,,
260300,1341.8,0.000001,,,,,,,,
260400,1342.3,0.000002,,,,,,,,
260500,1342.8,0.000003,,,,,,,,
260600,1343.3,0.000002,,,,,,,,
260700,1343.9,0.000001,,,,,,,,
260800,1344.3,0.000001,,,,,,,,
260900,1344.8,0.000004,,,,,,,,
261000,1345.4,0.000002,,,,,,,,
261100,1345.8,0.000001,,,,,,,,
261200,1346.4,0.000001,,,,,,,,
261300,1346.8,0.000002,,,,,,,,
261400,1347.4,0.000001,,,,,,,,
261500,1347.9,0.000001,,,,,,,,
261600,1348.4,0.000001,,,,,,,,
261700,1348.9,0.000002,,,,,,,,
261800,1349.4,0.000004,,,,,,,,
261900,1350.0,0.000002,,,,,,,,
262000,1350.5,0.000002,,,,,,,,
262100,1351.0,0.000003,,,,,,,,
262200,1351.5,0.000002,,,,,,,,
262300,1352.0,0.000001,,,,,,,,
262400,1352.5,0.000001,,,,,,,,
262500,1353.0,0.000002,,,,,,,,
262600,1353.4,0.000001,,,,,,,,
262700,1353.9,0.000001,,,,,,,,
262800,1354.4,0.000002,,,,,,,,
262900,1354.9,0.000004,,,,,,,,
263000,1355.4,0.000002,,,,,,,,
263100,1356.0,0.000001,,,,,,,,
263200,1356.5,0.000001,,,,,,,,
263300,1357.0,0.000002,,,,,,,,
263400,1357.5,0.000001,,,,,,,,
263500,1358.0,0.000002,,,,,,,,
263600,1358.5,0.000001,,,,,,,,
263700,1359.0,0.000003,,,,,,,,
263800,1359.5,0.000002,,,,,,,,
263900,1360.0,0.000001,,,,,,,,
264000,1360.6,0.000002,,,,,,,,
264100,1361.1,0.000002,,,,,,,,
264200,1361.6,0.000002,,,,,,,,
264300,1362.1,0.000001,,,,,,,,
264400,1362.6,0.000001,,,,,,,,
264500,1363.1,0.000002,,,,,,,,
264600,1363.6,0.000003,,,,,,,,
264700,1364.1,0.000001,,,,,,,,
264800,1364.6,0.000007,,,,,,,,
264900,1365.1,0.000002,,,,,,,,
265000,1366.7,0.000002,0.000001,1.311277e-01,5.018286e-03,3.803571e-03,0.000000,1.069272e-01,4.840901e-03,3.733593e-03
265100,1366.9,0.000001,,,,,,,,
265200,1367.2,0.000002,,,,,,,,
265300,1367.6,0.000004,,,,,,,,
265400,1368.1,0.000001,,,,,,,,
265500,1368.6,0.000001,,,,,,,,
265600,1369.2,0.000002,,,,,,,,
265700,1369.7,0.000001,,,,,,,,
265800,1370.2,0.000002,,,,,,,,
265900,1370.7,0.000001,,,,,,,,
266000,1371.2,0.000001,,,,,,,,
266100,1371.7,0.000002,,,,,,,,
266200,1372.2,0.000001,,,,,,,,
266300,1372.8,0.000001,,,,,,,,
266400,1373.3,0.000002,,,,,,,,
266500,1373.7,0.000006,,,,,,,,
266600,1374.2,0.000002,,,,,,,,
266700,1374.7,0.000002,,,,,,,,
266800,1375.3,0.000001,,,,,,,,
266900,1375.7,0.000002,,,,,,,,
267000,1376.2,0.000004,,,,,,,,
267100,1376.7,0.000001,,,,,,,,
267200,1377.3,0.000004,,,,,,,,
267300,1377.8,0.000001,,,,,,,,
267400,1378.3,0.000002,,,,,,,,
267500,1378.8,0.000002,,,,,,,,
267600,1379.3,0.000003,,,,,,,,
267700,1379.8,0.000002,,,,,,,,
267800,1380.3,0.000003,,,,,,,,
267900,1380.9,0.000002,,,,,,,,
268000,1381.4,0.000002,,,,,,,,
268100,1381.9,0.000001,,,,,,,,
268200,1382.4,0.000001,,,,,,,,
268300,1382.9,0.000001,,,,,,,,
268400,1383.4,0.000002,,,,,,,,
268500,1383.9,0.000001,,,,,,,,
268600,1384.4,0.000001,,,,,,,,
268700,1384.9,0.000002,,,,,,,,
268800,1385.4,0.000001,,,,,,,,
268900,1385.9,0.000002,,,,,,,,
269000,1386.4,0.000002,,,,,,,,
269100,1386.9,0.000001,,,,,,,,
269200,1387.4,0.000004,,,,,,,,
269300,1387.9,0.000001,,,,,,,,
269400,1388.4,0.000004,,,,,,,,
269500,1388.9,0.000001,,,,,,,,
269600,1389.4,0.000001,,,,,,,,
269700,1389.9,0.000001,,,,,,,,
269800,1390.4,0.000001,,,,,,,,
269900,1390.9,0.000001,,,,,,,,
270000,1392.6,0.000002,0.000005,8.607304e-02,1.020010e-02,6.969837e-03,0.000000,6.336261e-02,1.034640e-02,7.124607e-03
270100,1392.8,0.000003,,,,,,,,
270200,1393.1,0.000001,,,,,,,,
270300,1393.5,0.000002,,,,,,,,
270400,1394.0,0.000001,,,,,,,,
270500,1394.5,0.000002,,,,,,,,
270600,1395.0,0.000002,,,,,,,,
270700,1395.5,0.000001,,,,,,,,
270800,1396.0,0.000001,,,,,,,,
270900,1396.5,0.000002,,,,,,,,
271000,1397.0,0.000002,,,,,,,,
271100,1397.5,0.000005,,,,,,,,
271200,1398.0,0.000001,,,,,,,,
271300,1398.6,0.000002,,,,,,,,
271400,1399.1,0.000001,,,,,,,,
271500,1399.6,0.000003,,,,,,,,
271600,1400.1,0.000002,,,,,,,,
271700,1400.6,0.000001,,,,,,,,
271800,1401.1,0.000001,,,,,,,,
271900,1401.6,0.000003,,,,,,,,
272000,1402.1,0.000001,,,,,,,,
272100,1402.6,0.000001,,,,,,,,
272200,1403.1,0.000001,,,,,,,,
272300,1403.6,0.000003,,,,,,,,
272400,1404.1,0.000002,,,,,,,,
272500,1404.6,0.000002,,,,,,,,
272600,1405.1,0.000001,,,,,,,,
272700,1405.6,0.000004,,,,,,,,
272800,1406.2,0.000001,,,,,,,,
272900,1406.7,0.000001,,,,,,,,
273000,1407.2,0.000004,,,,,,,,
273100,1407.7,0.000001,,,,,,,,
273200,1408.2,0.000002,,,,,,,,
273300,1408.6,0.000003,,,,,,,,
273400,1409.2,0.000002,,,,,,,,
273500,1409.7,0.000002,,,,,,,,
273600,1410.2,0.000001,,,,,,,,
273700,1410.7,0.000001,,,,,,,,
273800,1411.2,0.000001,,,,,,,,
273900,1411.7,0.000002,,,,,,,,
274000,1412.2,0.000001,,,,,,,,
274100,1412.7,0.000002,,,,,,,,
274200,1413.2,0.000001,,,,,,,,
274300,1413.7,0.000001,,,,,,,,
274400,1414.2,0.000001,,,,,,,,
274500,1414.7,0.000001,,,,,,,,
274600,1415.3,0.000003,,,,,,,,
274700,1415.8,0.000001,,,,,,,,
274800,1416.3,0.000001,,,,,,,,
274900,1416.8,0.000001,,,,,,,,
275000,1418.4,0.000002,0.000001,9.927107e-02,4.549707e-03,3.492874e-03,0.000000,4.414116e-02,4.407930e-03,3.468504e-03
275100,1418.7,0.000004,,,,,,,,
275200,1418.9,0.000003,,,,,,,,
275300,1419.2,0.000004,,,,,,,,
275400,1419.6,0.000002,,,,,,,,
275500,1420.1,0.000002,,,,,,,,
275600,1420.6,0.000001,,,,,,,,
275700,1421.1,0.000002,,,,,,,,
275800,1421.6,0.000002,,,,,,,,
275900,1422.1,0.000001,,,,,,,,
276000,1422.6,0.000002,,,,,,,,
276100,1423.1,0.000004,,,,,,,,
276200,1423.6,0.000004,,,,,,,,
276300,1424.2,0.000004,,,,,,,,
276400,1424.7,0.000002,,,,,,,,
276500,1425.2,0.000002,,,,,,,,
276600,1425.6,0.000001,,,,,,,,
276700,1426.2,0.000006,,,,,,,,
276800,1426.7,0.000001,,,,,,,,
276900,1427.2,0.000002,,,,,,,,
277000,1427.7,0.000001,,,,,,,,
277100,1428.2,0.000002,,,,,,,,
277200,1428.7,0.000002,,,,,,,,
277300,1429.2,0.000002,,,,,,,,
277400,1429.8,0.000001,,,,,,,,
277500,1430.3,0.000003,,,,,,,,
277600,1430.8,0.000002,,,,,,,,
277700,1431.3,0.000001,,,,,,,,
277800,1431.8,0.000001,,,,,,,,
277900,1432.3,0.000002,,,,,,,,
278000,1432.8,0.000002,,,,,,,,
278100,1433.3,0.000003,,,,,,,,
278200,1433.8,0.000001,,,,,,,,
278300,1434.3,0.000002,,,,,,,,
278400,1434.8,0.000001,,,,,,,,
278500,1435.3,0.000001,,,,,,,,
278600,1435.8,0.000001,,,,,,,,
278700,1436.3,0.000003,,,,,,,,
278800,1436.8,0.000002,,,,,,,,
278900,1437.3,0.000001,,,,,,,,
279000,1437.8,0.000001,,,,,,,,
279100,1438.3,0.000005,,,,,,,,
279200,1438.8,0.000001,,,,,,,,
279300,1439.3,0.000001,,,,,,,,
279400,1439.8,0.000002,,,,,,,,
279500,1440.3,0.000001,,,,,,,,
279600,1440.8,0.000001,,,,,,,,
279700,1441.3,0.000002,,,,,,,,
279800,1441.9,0.000001,,,,,,,,
279900,1442.4,0.000002,,,,,,,,
280000,1444.0,0.000002,0.000004,1.103318e-01,9.517802e-03,8.228647e-03,0.000000,7.733483e-02,9.575244e-03,8.312746e-03
280100,1444.3,0.000001,,,,,,,,
280200,1444.5,0.000001,,,,,,,,
280300,1444.9,0.000002,,,,,,,,
280400,1445.4,0.000005,,,,,,,,
280500,1445.9,0.000002,,,,,,,,
280600,1446.4,0.000001,,,,,,,,
280700,1446.9,0.000003,,,,,,,,
280800,1447.4,0.000002,,,,,,,,
280900,1447.9,0.000001,,,,,,,,
281000,1448.5,0.000001,,,,,,,,
281100,1449.0,0.000001,,,,,,,,
281200,1449.5,0.000002,,,,,,,,
281300,1450.0,0.000003,,,,,,,,
281400,1450.5,0.000001,,,,,,,,
281500,1451.0,0.000004,,,,,,,,
281600,1451.5,0.000001,,,,,,,,
281700,1452.0,0.000001,,,,,,,,
281800,1452.5,0.000001,,,,,,,,
281900,1453.0,0.000002,,,,,,,,
282000,1453.5,0.000001,,,,,,,,
282100,1454.1,0.000002,,,,,,,,
282200,1454.6,0.000002,,,,,,,,
282300,1455.1,0.000001,,,,,,,,
282400,1455.6,0.000002,,,,,,,,
282500,1456.1,0.000001,,,,,,,,
282600,1456.6,0.000002,,,,,,,,
282700,1457.1,0.000002,,,,,,,,
282800,1457.6,0.000001,,,,,,,,
282900,1458.2,0.000003,,,,,,,,
283000,1458.7,0.000001,,,,,,,,
283100,1459.2,0.000001,,,,,,,,
283200,1459.7,0.000002,,,,,,,,
283300,1460.2,0.000002,,,,,,,,
283400,1460.7,0.000001,,,,,,,,
283500,1461.2,0.000003,,,,,,,,
283600,1461.7,0.000002,,,,,,,,
283700,1462.2,0.000001,,,,,,,,
283800,1462.7,0.000001,,,,,,,,
283900,1463.3,0.000003,,,,,,,,
284000,1463.8,0.000001,,,,,,,,
284100,1464.3,0.000003,,,,,,,,
284200,1464.8,0.000002,,,,,,,,
284300,1465.3,0.000003,,,,,,,,
284400,1465.8,0.000002,,,,,,,,
284500,1466.3,0.000002,,,,,,,,
284600,1466.8,0.000004,,,,,,,,
284700,1467.3,0.000001,,,,,,,,
284800,1467.8,0.000002,,,,,,,,
284900,1468.3,0.000001,,,,,,,,
285000,1469.9,0.000001,0.000003,1.241702e-01,8.488342e-03,7.847668e-03,0.000000,9.270788e-02,8.310466e-03,7.712960e-03
285100,1470.2,0.000001,,,,,,,,
285200,1470.4,0.000002,,,,,,,,
285300,1470.7,0.000003,,,,,,,,
285400,1471.2,0.000002,,,,,,,,
285500,1471.7,0.000001,,,,,,,,
285600,1472.2,0.000002,,,,,,,,
285700,1472.7,0.000003,,,,,,,,
285800,1473.2,0.000002,,,,,,,,
285900,1473.7,0.000001,,,,,,,,
286000,1474.2,0.000002,,,,,,,,
286100,1474.7,0.000002,,,,,,,,
286200,1475.2,0.000002,,,,,,,,
286300,1475.7,0.000002,,,,,,,,
286400,1476.2,0.000001,,,,,,,,
286500,1476.8,0.000005,,,,,,,,
286600,1477.3,0.000001,,,,,,,,
286700,1477.8,0.000002,,,,,,,,
286800,1478.4,0.000001,,,,,,,,
286900,1478.9,0.000002,,,,,,,,
287000,1479.4,0.000002,,,,,,,,
287100,1479.9,0.000002,,,,,,,,
287200,1480.4,0.000001,,,,,,,,
287300,1480.9,0.000002,,,,,,,,
287400,1481.4,0.000001,,,,,,,,
287500,1481.9,0.000001,,,,,,,,
287600,1482.4,0.000001,,,,,,,,
287700,1482.9,0.000004,,,,,,,,
287800,1483.4,0.000001,,,,,,,,
287900,1483.9,0.000002,,,,,,,,
288000,1484.4,0.000003,,,,,,,,
288100,1484.9,0.000001,,,,,,,,
288200,1485.5,0.000002,,,,,,,,
288300,1486.0,0.000001,,,,,,,,
288400,1486.5,0.000003,,,,,,,,
288500,1487.0,0.000001,,,,,,,,
288600,1487.5,0.000002,,,,,,,,
288700,1488.1,0.000002,,,,,,,,
288800,1488.5,0.000002,,,,,,,,
288900,1489.1,0.000001,,,,,,,,
289000,1489.6,0.000002,,,,,,,,
289100,1490.1,0.000001,,,,,,,,
289200,1490.6,0.000001,,,,,,,,
289300,1491.1,0.000001,,,,,,,,
289400,1491.6,0.000002,,,,,,,,
289500,1492.1,0.000002,,,,,,,,
289600,1492.6,0.000002,,,,,,,,
289700,1493.1,0.000001,,,,,,,,
289800,1493.6,0.000001,,,,,,,,
289900,1494.1,0.000001,,,,,,,,
290000,1495.8,0.000004,0.000003,1.188504e-01,8.199271e-03,6.487639e-03,0.000000,6.412990e-02,8.257695e-03,6.689116e-03
290100,1496.0,0.000001,,,,,,,,
290200,1496.3,0.000002,,,,,,,,
290300,1496.6,0.000002,,,,,,,,
290400,1497.1,0.000001,,,,,,,,
290500,1497.6,0.000001,,,,,,,,
290600,1498.1,0.000001,,,,,,,,
290700,1498.6,0.000001,,,,,,,,
290800,1499.1,0.000003,,,,,,,,
290900,1499.7,0.000001,,,,,,,,
291000,1500.2,0.000003,,,,,,,,
291100,1500.7,0.000002,,,,,,,,
291200,1501.2,0.000001,,,,,,,,
291300,1501.7,0.000002,,,,,,,,
291400,1502.2,0.000001,,,,,,,,
291500,1502.7,0.000001,,,,,,,,
291600,1503.2,0.000001,,,,,,,,
291700,1503.7,0.000001,,,,,,,,
291800,1504.2,0.000001,,,,,,,,
291900,1504.7,0.000002,,,,,,,,
292000,1505.2,0.000002,,,,,,,,
292100,1505.7,0.000003,,,,,,,,
292200,1506.2,0.000002,,,,,,,,
292300,1506.7,0.000002,,,,,,,,
292400,1507.2,0.000002,,,,,,,,
292500,1507.7,0.000002,,,,,,,,
292600,1508.2,0.000002,,,,,,,,
292700,1508.7,0.000001,,,,,,,,
292800,1509.2,0.000002,,,,,,,,
292900,1509.8,0.000001,,,,,,,,
293000,1510.3,0.000002,,,,,,,,
293100,1510.8,0.000002,,,,,,,,
293200,1511.3,0.000001,,,,,,,,
293300,1511.8,0.000002,,,,,,,,
293400,1512.3,0.000001,,,,,,,,
293500,1512.8,0.000003,,,,,,,,
293600,1513.4,0.000002,,,,,,,,
293700,1513.9,0.000002,,,,,,,,
293800,1514.4,0.000002,,,,,,,,
293900,1514.9,0.000001,,,,,,,,
294000,1515.4,0.000001,,,,,,,,
294100,1515.9,0.000002,,,,,,,,
294200,1516.5,0.000002,,,,,,,,
294300,1516.9,0.000002,,,,,,,,
294400,1517.4,0.000002,,,,,,,,
294500,1518.0,0.000002,,,,,,,,
294600,1518.5,0.000001,,,,,,,,
294700,1519.0,0.000002,,,,,,,,
294800,1519.5,0.000002,,,,,,,,
294900,1520.0,0.000001,,,,,,,,
295000,1521.7,0.000002,0.000002,9.246065e-02,5.898408e-03,4.666094e-03,0.000000,5.244313e-02,5.791019e-03,4.600048e-03
295100,1521.9,0.000006,,,,,,,,
295200,1522.2,0.000002,,,,,,,,
295300,1522.6,0.000002,,,,,,,,
295400,1523.0,0.000002,,,,,,,,
295500,1523.6,0.000002,,,,,,,,
295600,1524.1,0.000002,,,,,,,,
295700,1524.6,0.000004,,,,,,,,
295800,1525.1,0.000001,,,,,,,,
295900,1525.6,0.000003,,,,,,,,
296000,1526.1,0.000002,,,,,,,,
296100,1526.7,0.000001,,,,,,,,
296200,1527.1,0.000003,,,,,,,,
296300,1527.6,0.000004,,,,,,,,
296400,1528.1,0.000001,,,,,,,,
296500,1528.6,0.000003,,,,,,,,
296600,1529.1,0.000001,,,,,,,,
296700,1529.6,0.000001,,,,,,,,
296800,1530.1,0.000002,,,,,,,,
296900,1530.7,0.000002,,,,,,,,
297000,1531.2,0.000001,,,,,,,,
297100,1531.7,0.000001,,,,,,,,
297200,1532.2,0.000004,,,,,,,,
297300,1532.7,0.000002,,,,,,,,
297400,1533.2,0.000002,,,,,,,,
297500,1533.7,0.000001,,,,,,,,
297600,1534.3,0.000002,,,,,,,,
297700,1534.8,0.000002,,,,,,,,
297800,1535.3,0.000002,,,,,,,,
297900,1535.8,0.000001,,,,,,,,
298000,1536.3,0.000002,,,,,,,,
298100,1536.8,0.000001,,,,,,,,
298200,1537.3,0.000005,,,,,,,,
298300,1537.8,0.000001,,,,,,,,
298400,1538.3,0.000001,,,,,,,,
298500,1538.9,0.000002,,,,,,,,
298600,1539.4,0.000004,,,,,,,,
298700,1539.8,0.000002,,,,,,,,
298800,1540.4,0.000002,,,,,,,,
298900,1540.9,0.000002,,,,,,,,
299000,1541.4,0.000001,,,,,,,,
299100,1541.9,0.000002,,,,,,,,
299200,1542.4,0.000005,,,,,,,,
299300,1542.9,0.000001,,,,,,,,
299400,1543.4,0.000002,,,,,,,,
299500,1543.9,0.000002,,,,,,,,
299600,1544.4,0.000002,,,,,,,,
299700,1545.0,0.000001,,,,,,,,
299800,1545.4,0.000001,,,,,,,,
299900,1545.9,0.000001,,,,,,,,
300000,1547.6,0.000001,0.000001,1.099068e-01,5.350882e-03,4.290658e-03,0.000000,8.229328e-02,5.199402e-03,4.228357e-03
300100,1547.9,0.000003,,,,,,,,
300200,1548.1,0.000001,,,,,,,,
300300,1548.4,0.000001,,,,,,,,
300400,1548.9,0.000001,,,,,,,,
300500,1549.4,0.000002,,,,,,,,
300600,1549.9,0.000001,,,,,,,,
300700,1550.5,0.000002,,,,,,,,
300800,1551.0,0.000001,,,,,,,,
300900,1551.5,0.000001,,,,,,,,
301000,1552.0,0.000002,,,,,,,,
301100,1552.5,0.000002,,,,,,,,
301200,1553.0,0.000002,,,,,,,,
301300,1553.5,0.000002,,,,,,,,
301400,1554.0,0.000002,,,,,,,,
301500,1554.6,0.000002,,,,,,,,
301600,1555.1,0.000001,,,,,,,,
301700,1555.6,0.000001,,,,,,,,
301800,1556.1,0.000001,,,,,,,,
301900,1556.6,0.000001,,,,,,,,
302000,1557.1,0.000002,,,,,,,,
302100,1557.6,0.000002,,,,,,,,
302200,1558.1,0.000002,,,,,,,,
302300,1558.6,0.000002,,,,,,,,
302400,1559.1,0.000001,,,,,,,,
302500,1559.6,0.000001,,,,,,,,
302600,1560.1,0.000001,,,,,,,,
302700,1560.7,0.000004,,,,,,,,
302800,1561.2,0.000001,,,,,,,,
302900,1561.7,0.000001,,,,,,,,
303000,1562.2,0.000001,,,,,,,,
303100,1562.7,0.000003,,,,,,,,
303200,1563.2,0.000002,,,,,,,,
303300,1563.8,0.000002,,,,,,,,
303400,1564.2,0.000001,,,,,,,,
303500,1564.8,0.000002,,,,,,,,
303600,1565.3,0.000002,,,,,,,,
303700,1565.7,0.000001,,,,,,,,
303800,1566.2,0.000002,,,,,,,,
303900,1566.7,0.000001,,,,,,,,
304000,1567.3,0.000002,,,,,,,,
304100,1567.8,0.000001,,,,,,,,
304200,1568.3,0.000005,,,,,,,,
304300,1568.8,0.000002,,,,,,,,
304400,1569.3,0.000003,,,,,,,,
304500,1569.8,0.000001,,,,,,,,
304600,1570.3,0.000001,,,,,,,,
304700,1570.8,0.000003,,,,,,,,
304800,1571.3,0.000001,,,,,,,,
304900,1571.8,0.000005,,,,,,,,
305000,1573.5,0.000001,0.000002,8.274884e-02,7.127055e-03,6.207861e-03,0.000000,8.274884e-02,7.229083e-03,6.369746e-03
305100,1573.7,0.000002,,,,,,,,
305200,1574.0,0.000001,,,,,,,,
305300,1574.3,0.000003,,,,,,,,
305400,1574.9,0.000001,,,,,,,,
305500,1575.4,0.000002,,,,,,,,
305600,1575.9,0.000001,,,,,,,,
305700,1576.4,0.000001,,,,,,,,
305800,1576.9,0.000002,,,,,,,,
305900,1577.4,0.000001,,,,,,,,
306000,1577.9,0.000002,,,,,,,,
306100,1578.4,0.000002,,,,,,,,
306200,1578.9,0.000002,,,,,,,,
306300,1579.4,0.000001,,,,,,,,
306400,1579.9,0.000001,,,,,,,,
306500,1580.4,0.000001,,,,,,,,
306600,1580.9,0.000002,,,,,,,,
306700,1581.4,0.000001,,,,,,,,
306800,1581.9,0.000002,,,,,,,,
306900,1582.4,0.000001,,,,,,,,
307000,1582.9,0.000001,,,,,,,,
307100,1583.5,0.000002,,,,,,,,
307200,1584.0,0.000002,,,,,,,,
307300,1584.5,0.000002,,,,,,,,
307400,1585.0,0.000001,,,,,,,,
307500,1585.5,0.000001,,,,,,,,
307600,1585.9,0.000001,,,,,,,,
307700,1586.5,0.000001,,,,,,,,
307800,1587.0,0.000001,,,,,,,,
307900,1587.5,0.000003,,,,,,,,
308000,1588.0,0.000002,,,,,,,,
308100,1588.5,0.000008,,,,,,,,
308200,1588.9,0.000003,,,,,,,,
308300,1589.5,0.000001,,,,,,,,
308400,1590.0,0.000004,,,,,,,,
308500,1590.5,0.000005,,,,,,,,
308600,1591.0,0.000001,,,,,,,,
308700,1591.5,0.000001,,,,,,,,
308800,1592.0,0.000001,,,,,,,,
308900,1592.5,0.000003,,,,,,,,
309000,1593.0,0.000002,,,,,,,,
309100,1593.5,0.000001,,,,,,,,
309200,1594.0,0.000001,,,,,,,,
309300,1594.5,0.000001,,,,,,,,
309400,1595.0,0.000001,,,,,,,,
309500,1595.5,0.000001,,,,,,,,
309600,1596.0,0.000002,,,,,,,,
309700,1596.6,0.000001,,,,,,,,
309800,1597.0,0.000003,,,,,,,,
309900,1597.6,0.000001,,,,,,,,
310000,1599.2,0.000001,0.000001,1.440513e-01,4.118877e-03,2.814844e-03,0.000000,4.649995e-02,3.942084e-03,2.807116e-03
310100,1599.4,0.000001,,,,,,,,
310200,1599.7,0.000003,,,,,,,,
310300,1600.0,0.000001,,,,,,,,
310400,1600.5,0.000002,,,,,,,,
310500,1601.0,0.000001,,,,,,,,
310600,1601.5,0.000001,,,,,,,,
310700,1602.0,0.000002,,,,,,,,
310800,1602.5,0.000001,,,,,,,,
310900,1603.0,0.000002,,,,,,,,
311000,1603.5,0.000001,,,,,,,,
311100,1604.0,0.000001,,,,,,,,
311200,1604.5,0.000001,,,,,,,,
311300,1605.0,0.000002,,,,,,,,
311400,1605.6,0.000002,,,,,,,,
311500,1606.1,0.000001,,,,,,,,
311600,1606.6,0.000002,,,,,,,,
311700,1607.1,0.000001,,,,,,,,
311800,1607.6,0.000002,,,,,,,,
311900,1608.1,0.000001,,,,,,,,
312000,1608.6,0.000003,,,,,,,,
312100,1609.1,0.000001,,,,,,,,
312200,1609.6,0.000001,,,,,,,,
312300,1610.2,0.000001,,,,,,,,
312400,1610.7,0.000002,,,,,,,,
312500,1611.2,0.000001,,,,,,,,
312600,1611.7,0.000001,,,,,,,,
312700,1612.2,0.000002,,,,,,,,
312800,1612.7,0.000001,,,,,,,,
312900,1613.2,0.000001,,,,,,,,
313000,1613.7,0.000001,,,,,,,,
313100,1614.3,0.000001,,,,,,,,
313200,1614.8,0.000002,,,,,,,,
313300,1615.3,0.000001,,,,,,,,
313400,1615.8,0.000001,,,,,,,,
313500,1616.3,0.000001,,,,,,,,
313600,1616.8,0.000001,,,,,,,,
313700,1617.3,0.000001,,,,,,,,
313800,1617.8,0.000002,,,,,,,,
313900,1618.3,0.000003,,,,,,,,
314000,1618.8,0.000001,,,,,,,,
314100,1619.3,0.000001,,,,,,,,
314200,1619.8,0.000001,,,,,,,,
314300,1620.3,0.000001,,,,,,,,
314400,1620.8,0.000001,,,,,,,,
314500,1621.3,0.000001,,,,,,,,
314600,1621.8,0.000002,,,,,,,,
314700,1622.3,0.000004,,,,,,,,
314800,1622.8,0.000001,,,,,,,,
314900,1623.4,0.000002,,,,,,,,
315000,1625.0,0.000002,0.000001,8.497917e-02,4.511328e-03,3.600943e-03,0.000000,5.536581e-02,4.525330e-03,3.701389e-03
315100,1625.2,0.000002,,,,,,,,
315200,1625.5,0.000001,,,,,,,,
315300,1625.9,0.000003,,,,,,,,
315400,1626.4,0.000001,,,,,,,,
315500,1626.9,0.000001,,,,,,,,
315600,1627.4,0.000002,,,,,,,,
315700,1627.9,0.000001,,,,,,,,
315800,1628.4,0.000003,,,,,,,,
315900,1628.9,0.000001,,,,,,,,
316000,1629.4,0.000001,,,,,,,,
316100,1629.9,0.000002,,,,,,,,
316200,1630.4,0.000003,,,,,,,,
316300,1631.0,0.000001,,,,,,,,
316400,1631.5,0.000001,,,,,,,,
316500,1632.0,0.000002,,,,,,,,
316600,1632.5,0.000001,,,,,,,,
316700,1633.0,0.000001,,,,,,,,
316800,1633.5,0.000005,,,,,,,,
316900,1634.0,0.000001,,,,,,,,
317000,1634.5,0.000001,,,,,,,,
317100,1635.0,0.000001,,,,,,,,
317200,1635.5,0.000001,,,,,,,,
317300,1636.0,0.000001,,,,,,,,
317400,1636.5,0.000002,,,,,,,,
317500,1637.0,0.000001,,,,,,,,
317600,1637.6,0.000001,,,,,,,,
317700,1638.0,0.000002,,,,,,,,
317800,1638.5,0.000001,,,,,,,,
317900,1639.1,0.000001,,,,,,,,
318000,1639.6,0.000001,,,,,,,,
318100,1640.1,0.000002,,,,,,,,
318200,1640.6,0.000001,,,,,,,,
318300,1641.1,0.000001,,,,,,,,
318400,1641.6,0.000002,,,,,,,,
318500,1642.1,0.000002,,,,,,,,
318600,1642.6,0.000002,,,,,,,,
318700,1643.1,0.000001,,,,,,,,
318800,1643.6,0.000003,,,,,,,,
318900,1644.1,0.000003,,,,,,,,
319000,1644.6,0.000001,,,,,,,,
319100,1645.2,0.000001,,,,,,,,
319200,1645.7,0.000003,,,,,,,,
319300,1646.2,0.000001,,,,,,,,
319400,1646.7,0.000002,,,,,,,,
319500,1647.2,0.000002,,,,,,,,
319600,1647.7,0.000002,,,,,,,,
319700,1648.2,0.000002,,,,,,,,
319800,1648.6,0.000001,,,,,,,,
319900,1649.2,0.000002,,,,,,,,
320000,1650.8,0.000002,0.000001,1.056286e-01,3.550475e-03,2.465036e-03,0.000000,6.590510e-02,3.373553e-03,2.399797e-03
320100,1651.0,0.000001,,,,,,,,
320200,1651.3,0.000001,,,,,,,,
320300,1651.6,0.000001,,,,,,,,
320400,1652.1,0.000001,,,,,,,,
320500,1652.6,0.000001,,,,,,,,
320600,1653.2,0.000002,,,,,,,,
320700,1653.7,0.000001,,,,,,,,
320800,1654.2,0.000001,,,,,,,,
320900,1654.7,0.000001,,,,,,,,
321000,1655.2,0.000003,,,,,,,,
321100,1655.7,0.000003,,,,,,,,
321200,1656.2,0.000002,,,,,,,,
321300,1656.7,0.000002,,,,,,,,
321400,1657.2,0.000001,,,,,,,,
321500,1657.7,0.000001,,,,,,,,
321600,1658.2,0.000001,,,,,,,,
321700,1658.7,0.000005,,,,,,,,
321800,1659.2,0.000001,,,,,,,,
321900,1659.7,0.000002,,,,,,,,
322000,1660.2,0.000002,,,,,,,,
322100,1660.7,0.000001,,,,,,,,
322200,1661.2,0.000001,,,,,,,,
322300,1661.7,0.000001,,,,,,,,
322400,1662.2,0.000002,,,,,,,,
322500,1662.7,0.000001,,,,,,,,
322600,1663.2,0.000002,,,,,,,,
322700,1663.7,0.000002,,,,,,,,
322800,1664.2,0.000002,,,,,,,,
322900,1664.7,0.000002,,,,,,,,
323000,1665.2,0.000006,,,,,,,,
323100,1665.7,0.000002,,,,,,,,
323200,1666.3,0.000002,,,,,,,,
323300,1666.7,0.000002,,,,,,,,
323400,1667.3,0.000002,,,,,,,,
323500,1667.8,0.000002,,,,,,,,
323600,1668.3,0.000003,,,,,,,,
323700,1668.8,0.000002,,,,,,,,
323800,1669.3,0.000002,,,,,,,,
323900,1669.8,0.000002,,,,,,,,
324000,1670.3,0.000001,,,,,,,,
324100,1670.8,0.000003,,,,,,,,
324200,1671.3,0.000001,,,,,,,,
324300,1671.9,0.000001,,,,,,,,
324400,1672.4,0.000009,,,,,,,,
324500,1672.9,0.000001,,,,,,,,
324600,1673.4,0.000001,,,,,,,,
324700,1673.9,0.000003,,,,,,,,
324800,1674.4,0.000001,,,,,,,,
324900,1674.9,0.000001,,,,,,,,
325000,1676.6,0.000001,0.000001,9.487736e-02,4.946720e-03,4.114776e-03,0.000000,6.671048e-02,4.885206e-03,4.107345e-03
325100,1676.8,0.000001,,,,,,,,
325200,1677.1,0.000002,,,,,,,,
325300,1677.5,0.000001,,,,,,,,
325400,1678.0,0.000002,,,,,,,,
325500,1678.5,0.000001,,,,,,,,
325600,1679.0,0.000001,,,,,,,,
325700,1679.5,0.000001,,,,,,,,
325800,1680.0,0.000001,,,,,,,,
325900,1680.5,0.000001,,,,,,,,
326000,1681.0,0.000001,,,,,,,,
326100,1681.5,0.000005,,,,,,,,
326200,1682.0,0.000002,,,,,,,,
326300,1682.5,0.000003,,,,,,,,
326400,1683.0,0.000003,,,,,,,,
326500,1683.5,0.000002,,,,,,,,
326600,1684.1,0.000002,,,,,,,,
326700,1684.6,0.000001,,,,,,,,
326800,1685.1,0.000002,,,,,,,,
326900,1685.6,0.000001,,,,,,,,
327000,1686.0,0.000001,,,,,,,,
327100,1686.5,0.000001,,,,,,,,
327200,1687.0,0.000001,,,,,,,,
327300,1687.5,0.000002,,,,,,,,
327400,1688.1,0.000001,,,,,,,,
327500,1688.6,0.000001,,,,,,,,
327600,1689.1,0.000001,,,,,,,,
327700,1689.6,0.000001,,,,,,,,
327800,1690.1,0.000001,,,,,,,,
327900,1690.6,0.000001,,,,,,,,
328000,1691.1,0.000001,,,,,,,,
328100,1691.6,0.000005,,,,,,,,
328200,1692.1,0.000001,,,,,,,,
328300,1692.6,0.000003,,,,,,,,
328400,1693.1,0.000001,,,,,,,,
328500,1693.6,0.000001,,,,,,,,
328600,1694.1,0.000002,,,,,,,,
328700,1694.6,0.000001,,,,,,,,
328800,1695.1,0.000003,,,,,,,,
328900,1695.6,0.000001,,,,,,,,
329000,1696.1,0.000002,,,,,,,,
329100,1696.7,0.000001,,,,,,,,
329200,1697.2,0.000002,,,,,,,,
329300,1697.7,0.000004,,,,,,,,
329400,1698.2,0.000001,,,,,,,,
329500,1698.7,0.000002,,,,,,,,
329600,1699.2,0.000001,,,,,,,,
329700,1699.7,0.000001,,,,,,,,
329800,1700.2,0.000002,,,,,,,,
329900,1700.8,0.000001,,,,,,,,
330000,1702.4,0.000002,0.000002,1.069836e-01,6.510652e-03,5.189728e-03,0.000000,6.319696e-02,6.407404e-03,5.225828e-03
330100,1702.7,0.000001,,,,,,,,
330200,1702.9,0.000001,,,,,,,,
330300,1703.2,0.000001,,,,,,,,
330400,1703.7,0.000001,,,,,,,,
330500,1704.2,0.000002,,,,,,,,
330600,1704.7,0.000001,,,,,,,,
330700,1705.3,0.000002,,,,,,,,
330800,1705.8,0.000001,,,,,,,,
330900,1706.3,0.000001,,,,,,,,
331000,1706.8,0.000001,,,,,,,,
331100,1707.3,0.000002,,,,,,,,
331200,1707.8,0.000001,,,,,,,,
331300,1708.3,0.000001,,,,,,,,
331400,1708.8,0.000001,,,,,,,,
331500,1709.3,0.000002,,,,,,,,
331600,1709.8,0.000002,,,,,,,,
331700,1710.3,0.000001,,,,,,,,
331800,1710.8,0.000003,,,,,,,,
331900,1711.3,0.000001,,,,,,,,
332000,1711.8,0.000001,,,,,,,,
332100,1712.3,0.000001,,,,,,,,
332200,1712.8,0.000003,,,,,,,,
332300,1713.3,0.000001,,,,,,,,
332400,1713.8,0.000001,,,,,,,,
332500,1714.3,0.000001,,,,,,,,
332600,1714.8,0.000005,,,,,,,,
332700,1715.3,0.000002,,,,,,,,
332800,1715.8,0.000002,,,,,,,,
332900,1716.3,0.000001,,,,,,,,
333000,1716.8,0.000001,,,,,,,,
333100,1717.3,0.000001,,,,,,,,
333200,1717.8,0.000001,,,,,,,,
333300,1718.3,0.000001,,,,,,,,
333400,1718.8,0.000001,,,,,,,,
333500,1719.3,0.000001,,,,,,,,
333600,1719.8,0.000001,,,,,,,,
333700,1720.3,0.000001,,,,,,,,
333800,1720.8,0.000002,,,,,,,,
333900,1721.3,0.000001,,,,,,,,
334000,1721.9,0.000001,,,,,,,,
334100,1722.4,0.000002,,,,,,,,
334200,1722.9,0.000001,,,,,,,,
334300,1723.4,0.000004,,,,,,,,
334400,1723.9,0.000002,,,,,,,,
334500,1724.4,0.000001,,,,,,,,
334600,1724.9,0.000004,,,,,,,,
334700,1725.4,0.000003,,,,,,,,
334800,1725.9,0.000002,,,,,,,,
334900,1726.4,0.000001,,,,,,,,
335000,1728.1,0.000002,0.000001,8.694374e-02,3.995855e-03,3.053390e-03,0.000013,6.648446e-02,3.883937e-03,3.014966e-03
335100,1728.3,0.000001,,,,,,,,
335200,1728.6,0.000002,,,,,,,,
335300,1728.9,0.000002,,,,,,,,
335400,1729.4,0.000001,,,,,,,,
335500,1729.9,0.000001,,,,,,,,
335600,1730.4,0.000001,,,,,,,,
335700,1730.9,0.000002,,,,,,,,
335800,1731.4,0.000005,,,,,,,,
335900,1731.9,0.000002,,,,,,,,
336000,1732.4,0.000002,,,,,,,,
336100,1732.9,0.000002,,,,,,,,
336200,1733.4,0.000002,,,,,,,,
336300,1733.9,0.000001,,,,,,,,
336400,1734.4,0.000001,,,,,,,,
336500,1734.9,0.000003,,,,,,,,
336600,1735.4,0.000002,,,,,,,,
336700,1736.0,0.000001,,,,,,,,
336800,1736.5,0.000001,,,,,,,,
336900,1737.0,0.000001,,,,,,,,
337000,1737.5,0.000001,,,,,,,,
337100,1738.0,0.000001,,,,,,,,
337200,1738.5,0.000001,,,,,,,,
337300,1739.0,0.000001,,,,,,,,
337400,1739.5,0.000001,,,,,,,,
337500,1740.0,0.000002,,,,,,,,
337600,1740.5,0.000001,,,,,,,,
337700,1741.0,0.000001,,,,,,,,
337800,1741.6,0.000001,,,,,,,,
337900,1742.1,0.000003,,,,,,,,
338000,1742.6,0.000002,,,,,,,,
338100,1743.1,0.000003,,,,,,,,
338200,1743.6,0.000001,,,,,,,,
338300,1744.1,0.000003,,,,,,,,
338400,1744.6,0.000003,,,,,,,,
338500,1745.1,0.000001,,,,,,,,
338600,1745.7,0.000003,,,,,,,,
338700,1746.1,0.000001,,,,,,,,
338800,1746.6,0.000002,,,,,,,,
338900,1747.1,0.000002,,,,,,,,
339000,1747.6,0.000001,,,,,,,,
339100,1748.2,0.000001,,,,,,,,
339200,1748.7,0.000001,,,,,,,,
339300,1749.2,0.000001,,,,,,,,
339400,1749.7,0.000002,,,,,,,,
339500,1750.2,0.000001,,,,,,,,
339600,1750.7,0.000001,,,,,,,,
339700,1751.2,0.000002,,,,,,,,
339800,1751.7,0.000001,,,,,,,,
339900,1752.2,0.000002,,,,,,,,
340000,1753.9,0.000001,0.000002,1.939753e-01,7.186684e-03,5.884837e-03,0.000000,5.705451e-02,6.909056e-03,5.854449e-03
340100,1754.2,0.000001,,,,,,,,
340200,1754.5,0.000002,,,,,,,,
340300,1754.8,0.000001,,,,,,,,
340400,1755.3,0.000002,,,,,,,,
340500,1755.9,0.000001,,,,,,,,
340600,1756.4,0.000001,,,,,,,,
340700,1756.9,0.000003,,,,,,,,
340800,1757.4,0.000001,,,,,,,,
340900,1757.9,0.000001,,,,,,,,
341000,1758.4,0.000002,,,,,,,,
341100,1758.9,0.000002,,,,,,,,
341200,1759.5,0.000001,,,,,,,,
341300,1760.0,0.000001,,,,,,,,
341400,1760.5,0.000003,,,,,,,,
341500,1761.0,0.000001,,,,,,,,
341600,1761.5,0.000001,,,,,,,,
341700,1762.0,0.000001,,,,,,,,
341800,1762.5,0.000001,,,,,,,,
341900,1763.0,0.000001,,,,,,,,
342000,1763.5,0.000001,,,,,,,,
342100,1764.1,0.000004,,,,,,,,
342200,1764.6,0.000001,,,,,,,,
342300,1765.1,0.000002,,,,,,,,
342400,1765.6,0.000001,,,,,,,,
342500,1766.1,0.000001,,,,,,,,
342600,1766.6,0.000002,,,,,,,,
342700,1767.1,0.000001,,,,,,,,
342800,1767.6,0.000002,,,,,,,,
342900,1768.1,0.000003,,,,,,,,
343000,1768.5,0.000001,,,,,,,,
343100,1769.0,0.000001,,,,,,,,
343200,1769.5,0.000001,,,,,,,,
343300,1770.1,0.000001,,,,,,,,
343400,1770.6,0.000001,,,,,,,,
343500,1771.1,0.000001,,,,,,,,
343600,1771.6,0.000001,,,,,,,,
343700,1772.1,0.000001,,,,,,,,
343800,1772.6,0.000003,,,,,,,,
343900,1773.1,0.000001,,,,,,,,
344000,1773.6,0.000001,,,,,,,,
344100,1774.2,0.000001,,,,,,,,
344200,1774.7,0.000001,,,,,,,,
344300,1775.2,0.000001,,,,,,,,
344400,1775.7,0.000002,,,,,,,,
344500,1776.2,0.000001,,,,,,,,
344600,1776.7,0.000002,,,,,,,,
344700,1777.2,0.000001,,,,,,,,
344800,1777.7,0.000001,,,,,,,,
344900,1778.3,0.000002,,,,,,,,
345000,1779.9,0.000001,0.000002,1.205460e-01,6.471606e-03,5.607493e-03,0.000000,9.419776e-02,6.242979e-03,5.419388e-03
345100,1780.1,0.000001,,,,,,,,
345200,1780.4,0.000001,,,,,,,,
345300,1780.7,0.000002,,,,,,,,
345400,1781.2,0.000004,,,,,,,,
345500,1781.7,0.000002,,,,,,,,
345600,1782.2,0.000003,,,,,,,,
345700,1782.7,0.000001,,,,,,,,
345800,1783.2,0.000001,,,,,,,,
345900,1783.7,0.000007,,,,,,,,
346000,1784.2,0.000003,,,,,,,,
346100,1784.7,0.000001,,,,,,,,
346200,1785.2,0.000002,,,,,,,,
346300,1785.7,0.000003,,,,,,,,
346400,1786.2,0.000001,,,,,,,,
346500,1786.7,0.000001,,,,,,,,
346600,1787.2,0.000002,,,,,,,,
346700,1787.7,0.000001,,,,,,,,
346800,1788.2,0.000003,,,,,,,,
346900,1788.8,0.000001,,,,,,,,
347000,1789.3,0.000001,,,,,,,,
347100,1789.8,0.000001,,,,,,,,
347200,1790.3,0.000001,,,,,,,,
347300,1790.8,0.000001,,,,,,,,
347400,1791.3,0.000002,,,,,,,,
347500,1791.8,0.000001,,,,,,,,
347600,1792.3,0.000002,,,,,,,,
347700,1792.9,0.000001,,,,,,,,
347800,1793.4,0.000003,,,,,,,,
347900,1793.9,0.000001,,,,,,,,
348000,1794.4,0.000001,,,,,,,,
348100,1794.9,0.000002,,,,,,,,
348200,1795.4,0.000001,,,,,,,,
348300,1795.9,0.000008,,,,,,,,
348400,1796.4,0.000001,,,,,,,,
348500,1797.0,0.000001,,,,,,,,
348600,1797.5,0.000001,,,,,,,,
348700,1798.0,0.000002,,,,,,,,
348800,1798.5,0.000001,,,,,,,,
348900,1799.0,0.000001,,,,,,,,
349000,1799.5,0.000001,,,,,,,,
349100,1800.0,0.000001,,,,,,,,
349200,1800.5,0.000003,,,,,,,,
349300,1801.1,0.000004,,,,,,,,
349400,1801.6,0.000001,,,,,,,,
349500,1802.1,0.000001,,,,,,,,
349600,1802.6,0.000003,,,,,,,,
349700,1803.2,0.000001,,,,,,,,
349800,1803.7,0.000001,,,,,,,,
349900,1804.2,0.000001,,,,,,,,
350000,1805.8,0.000002,0.000001,6.948210e-02,4.799376e-03,3.738920e-03,0.000000,5.184282e-02,4.687433e-03,3.746942e-03
350100,1806.1,0.000005,,,,,,,,
350200,1806.4,0.000001,,,,,,,,
350300,1806.8,0.000001,,,,,,,,
350400,1807.3,0.000002,,,,,,,,
350500,1807.8,0.000002,,,,,,,,
350600,1808.3,0.000002,,,,,,,,
350700,1808.8,0.000001,,,,,,,,
350800,1809.3,0.000001,,,,,,,,
350900,1809.8,0.000001,,,,,,,,
351000,1810.3,0.000001,,,,,,,,
351100,1810.8,0.000001,,,,,,,,
351200,1811.3,0.000001,,,,,,,,
351300,1811.9,0.000001,,,,,,,,
351400,1812.3,0.000001,,,,,,,,
351500,1812.9,0.000001,,,,,,,,
351600,1813.4,0.000001,,,,,,,,
351700,1813.9,0.000001,,,,,,,,
351800,1814.3,0.000001,,,,,,,,
351900,1814.8,0.000001,,,,,,,,
352000,1815.3,0.000001,,,,,,,,
352100,1815.9,0.000002,,,,,,,,
352200,1816.3,0.000001,,,,,,,,
352300,1816.8,0.000003,,,,,,,,
352400,1817.4,0.000002,,,,,,,,
352500,1817.9,0.000001,,,,,,,,
352600,1818.4,0.000002,,,,,,,,
352700,1818.9,0.000003,,,,,,,,
352800,1819.4,0.000002,,,,,,,,
352900,1819.9,0.000002,,,,,,,,
353000,1820.4,0.000002,,,,,,,,
353100,1820.9,0.000001,,,,,,,,
353200,1821.4,0.000001,,,,,,,,
353300,1821.9,0.000001,,,,,,,,
353400,1822.4,0.000002,,,,,,,,
353500,1822.9,0.000002,,,,,,,,
353600,1823.5,0.000001,,,,,,,,
353700,1824.0,0.000002,,,,,,,,
353800,1824.5,0.000001,,,,,,,,
353900,1825.0,0.000001,,,,,,,,
354000,1825.5,0.000001,,,,,,,,
354100,1826.0,0.000001,,,,,,,,
354200,1826.5,0.000003,,,,,,,,
354300,1827.1,0.000001,,,,,,,,
354400,1827.6,0.000001,,,,,,,,
354500,1828.1,0.000001,,,,,,,,
354600,1828.6,0.000001,,,,,,,,
354700,1829.1,0.000001,,,,,,,,
354800,1829.6,0.000001,,,,,,,,
354900,1830.1,0.000001,,,,,,,,
355000,1831.7,0.000001,0.000001,8.889377e-02,4.564260e-03,3.333852e-03,0.000000,6.924314e-02,4.479353e-03,3.317376e-03
355100,1831.9,0.000002,,,,,,,,
355200,1832.2,0.000001,,,,,,,,
355300,1832.5,0.000001,,,,,,,,
355400,1832.9,0.000002,,,,,,,,
355500,1833.5,0.000002,,,,,,,,
355600,1834.0,0.000002,,,,,,,,
355700,1834.5,0.000002,,,,,,,,
355800,1835.0,0.000004,,,,,,,,
355900,1835.5,0.000001,,,,,,,,
356000,1836.0,0.000001,,,,,,,,
356100,1836.5,0.000002,,,,,,,,
356200,1837.0,0.000002,,,,,,,,
356300,1837.6,0.000003,,,,,,,,
356400,1838.1,0.000002,,,,,,,,
356500,1838.6,0.000003,,,,,,,,
356600,1839.1,0.000002,,,,,,,,
356700,1839.6,0.000002,,,,,,,,
356800,1840.1,0.000001,,,,,,,,
356900,1840.6,0.000002,,,,,,,,
357000,1841.1,0.000001,,,,,,,,
357100,1841.6,0.000001,,,,,,,,
357200,1842.2,0.000001,,,,,,,,
357300,1842.7,0.000001,,,,,,,,
357400,1843.2,0.000002,,,,,,,,
357500,1843.7,0.000000,,,,,,,,
357600,1844.2,0.000001,,,,,,,,
357700,1844.7,0.000002,,,,,,,,
357800,1845.3,0.000002,,,,,,,,
357900,1845.8,0.000001,,,,,,,,
358000,1846.3,0.000001,,,,,,,,
358100,1846.8,0.000001,,,,,,,,
358200,1847.2,0.000002,,,,,,,,
358300,1847.8,0.000001,,,,,,,,
358400,1848.3,0.000001,,,,,,,,
358500,1848.8,0.000002,,,,,,,,
358600,1849.3,0.000001,,,,,,,,
358700,1849.8,0.000002,,,,,,,,
358800,1850.3,0.000001,,,,,,,,
358900,1850.8,0.000003,,,,,,,,
359000,1851.3,0.000001,,,,,,,,
359100,1851.8,0.000001,,,,,,,,
359200,1852.3,0.000001,,,,,,,,
359300,1852.9,0.000002,,,,,,,,
359400,1853.3,0.000001,,,,,,,,
359500,1853.9,0.000001,,,,,,,,
359600,1854.4,0.000001,,,,,,,,
359700,1854.9,0.000001,,,,,,,,
359800,1855.4,0.000001,,,,,,,,
359900,1855.9,0.000001,,,,,,,,
360000,1857.5,0.000001,0.000001,8.329553e-02,4.318229e-03,2.920838e-03,0.000000,6.353182e-02,4.070757e-03,2.803381e-03
360100,1857.8,0.000003,,,,,,,,
360200,1858.0,0.000001,,,,,,,,
360300,1858.4,0.000001,,,,,,,,
360400,1858.9,0.000002,,,,,,,,
360500,1859.4,0.000001,,,,,,,,
360600,1859.9,0.000001,,,,,,,,
360700,1860.4,0.000001,,,,,,,,
360800,1861.0,0.000001,,,,,,,,
360900,1861.4,0.000002,,,,,,,,
361000,1862.0,0.000002,,,,,,,,
361100,1862.5,0.000002,,,,,,,,
361200,1863.0,0.000003,,,,,,,,
361300,1863.5,0.000001,,,,,,,,
361400,1864.0,0.000001,,,,,,,,
361500,1864.5,0.000001,,,,,,,,
361600,1865.1,0.000002,,,,,,,,
361700,1865.6,0.000001,,,,,,,,
361800,1866.1,0.000003,,,,,,,,
361900,1866.6,0.000001,,,,,,,,
362000,1867.1,0.000002,,,,,,,,
362100,1867.6,0.000001,,,,,,,,
362200,1868.1,0.000001,,,,,,,,
362300,1868.6,0.000002,,,,,,,,
362400,1869.1,0.000001,,,,,,,,
362500,1869.6,0.000001,,,,,,,,
362600,1870.1,0.000001,,,,,,,,
362700,1870.7,0.000002,,,,,,,,
362800,1871.2,0.000002,,,,,,,,
362900,1871.6,0.000002,,,,,,,,
363000,1872.2,0.000001,,,,,,,,
363100,1872.7,0.000001,,,,,,,,
363200,1873.2,0.000001,,,,,,,,
363300,1873.7,0.000001,,,,,,,,
363400,1874.2,0.000002,,,,,,,,
363500,1874.7,0.000002,,,,,,,,
363600,1875.2,0.000001,,,,,,,,
363700,1875.7,0.000001,,,,,,,,
363800,1876.2,0.000001,,,,,,,,
363900,1876.8,0.000002,,,,,,,,
364000,1877.3,0.000004,,,,,,,,
364100,1877.8,0.000001,,,,,,,,
364200,1878.3,0.000002,,,,,,,,
364300,1878.8,0.000001,,,,,,,,
364400,1879.4,0.000001,,,,,,,,
364500,1879.9,0.000002,,,,,,,,
364600,1880.4,0.000003,,,,,,,,
364700,1880.9,0.000002,,,,,,,,
364800,1881.4,0.000002,,,,,,,,
364900,1881.9,0.000001,,,,,,,,
365000,1883.6,0.000001,0.000001,1.019443e-01,4.802245e-03,3.681982e-03,0.000000,7.355119e-02,4.796971e-03,3.757919e-03
365100,1883.8,0.000002,,,,,,,,
365200,1884.1,0.000001,,,,,,,,
365300,1884.4,0.000002,,,,,,,,
365400,1884.9,0.000004,,,,,,,,
365500,1885.4,0.000001,,,,,,,,
365600,1885.9,0.000004,,,,,,,,
365700,1886.4,0.000001,,,,,,,,
365800,1886.9,0.000001,,,,,,,,
365900,1887.5,0.000002,,,,,,,,
366000,1887.9,0.000001,,,,,,,,
366100,1888.4,0.000002,,,,,,,,
366200,1889.0,0.000004,,,,,,,,
366300,1889.4,0.000001,,,,,,,,
366400,1889.9,0.000001,,,,,,,,
366500,1890.5,0.000003,,,,,,,,
366600,1890.9,0.000001,,,,,,,,
366700,1891.4,0.000001,,,,,,,,
366800,1891.9,0.000002,,,,,,,,
366900,1892.4,0.000001,,,,,,,,
367000,1892.9,0.000001,,,,,,,,
367100,1893.5,0.000003,,,,,,,,
367200,1894.0,0.000002,,,,,,,,
367300,1894.5,0.000001,,,,,,,,
367400,1895.0,0.000001,,,,,,,,
367500,1895.5,0.000003,,,,,,,,
367600,1896.0,0.000001,,,,,,,,
367700,1896.5,0.000001,,,,,,,,
367800,1897.0,0.000001,,,,,,,,
367900,1897.6,0.000001,,,,,,,,
368000,1898.1,0.000001,,,,,,,,
368100,1898.6,0.000001,,,,,,,,
368200,1899.1,0.000001,,,,,,,,
368300,1899.6,0.000001,,,,,,,,
368400,1900.1,0.000001,,,,,,,,
368500,1900.6,0.000001,,,,,,,,
368600,1901.1,0.000003,,,,,,,,
368700,1901.6,0.000002,,,,,,,,
368800,1902.2,0.000001,,,,,,,,
368900,1902.6,0.000004,,,,,,,,
369000,1903.1,0.000001,,,,,,,,
369100,1903.7,0.000001,,,,,,,,
369200,1904.2,0.000002,,,,,,,,
369300,1904.7,0.000001,,,,,,,,
369400,1905.2,0.000001,,,,,,,,
369500,1905.7,0.000002,,,,,,,,
369600,1906.2,0.000001,,,,,,,,
369700,1906.7,0.000002,,,,,,,,
369800,1907.3,0.000002,,,,,,,,
369900,1907.8,0.000001,,,,,,,,
370000,1909.4,0.000001,0.000002,8.529102e-02,7.527322e-03,6.138067e-03,0.000000,6.761218e-02,7.695811e-03,6.414141e-03
370100,1909.7,0.000002,,,,,,,,
370200,1910.0,0.000002,,,,,,,,
370300,1910.3,0.000004,,,,,,,,
370400,1910.8,0.000000,,,,,,,,
370500,1911.4,0.000002,,,,,,,,
370600,1911.9,0.000001,,,,,,,,
370700,1912.4,0.000001,,,,,,,,
370800,1912.9,0.000001,,,,,,,,
370900,1913.4,0.000002,,,,,,,,
371000,1913.9,0.000001,,,,,,,,
371100,1914.5,0.000001,,,,,,,,
371200,1914.9,0.000001,,,,,,,,
371300,1915.4,0.000001,,,,,,,,
371400,1916.0,0.000001,,,,,,,,
371500,1916.5,0.000002,,,,,,,,
371600,1917.0,0.000002,,,,,,,,
371700,1917.5,0.000001,,,,,,,,
371800,1918.0,0.000001,,,,,,,,
371900,1918.5,0.000001,,,,,,,,
372000,1919.0,0.000001,,,,,,,,
372100,1919.4,0.000001,,,,,,,,
372200,1920.0,0.000002,,,,,,,,
372300,1920.5,0.000002,,,,,,,,
372400,1920.9,0.000003,,,,,,,,
372500,1921.5,0.000001,,,,,,,,
372600,1922.0,0.000001,,,,,,,,
372700,1922.5,0.000002,,,,,,,,
372800,1923.0,0.000002,,,,,,,,
372900,1923.5,0.000002,,,,,,,,
373000,1924.1,0.000001,,,,,,,,
373100,1924.6,0.000001,,,,,,,,
373200,1925.1,0.000001,,,,,,,,
373300,1925.6,0.000001,,,,,,,,
373400,1926.1,0.000002,,,,,,,,
373500,1926.6,0.000001,,,,,,,,
373600,1927.1,0.000002,,,,,,,,
373700,1927.6,0.000001,,,,,,,,
373800,1928.1,0.000001,,,,,,,,
373900,1928.6,0.000001,,,,,,,,
374000,1929.1,0.000002,,,,,,,,
374100,1929.6,0.000002,,,,,,,,
374200,1930.1,0.000003,,,,,,,,
374300,1930.7,0.000001,,,,,,,,
374400,1931.1,0.000001,,,,,,,,
374500,1931.7,0.000001,,,,,,,,
374600,1932.2,0.000001,,,,,,,,
374700,1932.7,0.000002,,,,,,,,
374800,1933.2,0.000001,,,,,,,,
374900,1933.7,0.000001,,,,,,,,
375000,1935.4,0.000001,0.000002,1.050961e-01,7.326281e-03,6.147589e-03,0.000000,5.944218e-02,7.193537e-03,6.064419e-03
375100,1935.6,0.000001,,,,,,,,
375200,1935.9,0.000003,,,,,,,,
375300,1936.3,0.000001,,,,,,,,
375400,1936.8,0.000002,,,,,,,,
375500,1937.3,0.000001,,,,,,,,
375600,1937.8,0.000002,,,,,,,,
375700,1938.3,0.000001,,,,,,,,
375800,1938.8,0.000001,,,,,,,,
375900,1939.3,0.000001,,,,,,,,
376000,1939.8,0.000001,,,,,,,,
376100,1940.4,0.000002,,,,,,,,
376200,1940.9,0.000003,,,,,,,,
376300,1941.4,0.000003,,,,,,,,
376400,1941.9,0.000002,,,,,,,,
376500,1942.4,0.000002,,,,,,,,
376600,1942.9,0.000001,,,,,,,,
376700,1943.4,0.000001,,,,,,,,
376800,1943.9,0.000001,,,,,,,,
376900,1944.5,0.000003,,,,,,,,
377000,1945.0,0.000001,,,,,,,,
377100,1945.5,0.000001,,,,,,,,
377200,1946.0,0.000002,,,,,,,,
377300,1946.5,0.000001,,,,,,,,
377400,1947.1,0.000002,,,,,,,,
377500,1947.6,0.000001,,,,,,,,
377600,1948.1,0.000001,,,,,,,,
377700,1948.6,0.000001,,,,,,,,
377800,1949.1,0.000001,,,,,,,,
377900,1949.6,0.000002,,,,,,,,
378000,1950.1,0.000001,,,,,,,,
378100,1950.6,0.000004,,,,,,,,
378200,1951.1,0.000005,,,,,,,,
378300,1951.6,0.000002,,,,,,,,
378400,1952.1,0.000001,,,,,,,,
378500,1952.6,0.000001,,,,,,,,
378600,1953.1,0.000001,,,,,,,,
378700,1953.6,0.000001,,,,,,,,
378800,1954.1,0.000001,,,,,,,,
378900,1954.7,0.000001,,,,,,,,
379000,1955.2,0.000001,,,,,,,,
379100,1955.6,0.000001,,,,,,,,
379200,1956.2,0.000001,,,,,,,,
379300,1956.7,0.000001,,,,,,,,
379400,1957.2,0.000002,,,,,,,,
379500,1957.7,0.000001,,,,,,,,
379600,1958.2,0.000002,,,,,,,,
379700,1958.7,0.000002,,,,,,,,
379800,1959.3,0.000002,,,,,,,,
379900,1959.8,0.000001,,,,,,,,
380000,1961.5,0.000002,0.000001,7.169806e-02,4.319753e-03,3.344023e-03,0.000000,6.075729e-02,4.203056e-03,3.254310e-03
380100,1961.7,0.000001,,,,,,,,
380200,1962.0,0.000001,,,,,,,,
380300,1962.3,0.000002,,,,,,,,
380400,1962.8,0.000001,,,,,,,,
380500,1963.3,0.000001,,,,,,,,
380600,1963.8,0.000001,,,,,,,,
380700,1964.3,0.000001,,,,,,,,
380800,1964.9,0.000004,,,,,,,,
380900,1965.4,0.000001,,,,,,,,
381000,1965.8,0.000002,,,,,,,,
381100,1966.3,0.000002,,,,,,,,
381200,1966.9,0.000001,,,,,,,,
381300,1967.4,0.000001,,,,,,,,
381400,1967.9,0.000001,,,,,,,,
381500,1968.4,0.000001,,,,,,,,
381600,1968.9,0.000003,,,,,,,,
381700,1969.4,0.000001,,,,,,,,
381800,1969.9,0.000001,,,,,,,,
381900,1970.4,0.000001,,,,,,,,
382000,1971.0,0.000001,,,,,,,,
382100,1971.5,0.000001,,,,,,,,
382200,1972.0,0.000001,,,,,,,,
382300,1972.5,0.000001,,,,,,,,
382400,1973.0,0.000001,,,,,,,,
382500,1973.5,0.000001,,,,,,,,
382600,1974.0,0.000003,,,,,,,,
382700,1974.5,0.000004,,,,,,,,
382800,1975.1,0.000001,,,,,,,,
382900,1975.6,0.000001,,,,,,,,
383000,1976.1,0.000001,,,,,,,,
383100,1976.6,0.000001,,,,,,,,
383200,1977.1,0.000001,,,,,,,,
383300,1977.6,0.000001,,,,,,,,
383400,1978.2,0.000001,,,,,,,,
383500,1978.7,0.000001,,,,,,,,
383600,1979.2,0.000001,,,,,,,,
383700,1979.7,0.000004,,,,,,,,
383800,1980.2,0.000002,,,,,,,,
383900,1980.7,0.000001,,,,,,,,
384000,1981.2,0.000001,,,,,,,,
384100,1981.7,0.000002,,,,,,,,
384200,1982.2,0.000001,,,,,,,,
384300,1982.7,0.000001,,,,,,,,
384400,1983.2,0.000001,,,,,,,,
384500,1983.7,0.000002,,,,,,,,
384600,1984.2,0.000001,,,,,,,,
384700,1984.7,0.000001,,,,,,,,
384800,1985.2,0.000003,,,,,,,,
384900,1985.8,0.000001,,,,,,,,
385000,1987.4,0.000001,0.000001,1.027725e-01,5.322586e-03,4.621421e-03,0.000000,4.334460e-02,5.161475e-03,4.546822e-03
385100,1987.6,0.000001,,,,,,,,
385200,1987.9,0.000001,,,,,,,,
385300,1988.2,0.000002,,,,,,,,
385400,1988.7,0.000001,,,,,,,,
385500,1989.2,0.000002,,,,,,,,
385600,1989.7,0.000001,,,,,,,,
385700,1990.2,0.000001,,,,,,,,
385800,1990.7,0.000001,,,,,,,,
385900,1991.3,0.000002,,,,,,,,
386000,1991.7,0.000002,,,,,,,,
386100,1992.3,0.000001,,,,,,,,
386200,1992.7,0.000003,,,,,,,,
386300,1993.3,0.000001,,,,,,,,
386400,1993.7,0.000001,,,,,,,,
386500,1994.3,0.000001,,,,,,,,
386600,1994.7,0.000001,,,,,,,,
386700,1995.2,0.000002,,,,,,,,
386800,1995.7,0.000001,,,,,,,,
386900,1996.3,0.000001,,,,,,,,
387000,1996.8,0.000001,,,,,,,,
387100,1997.3,0.000001,,,,,,,,
387200,1997.8,0.000002,,,,,,,,
387300,1998.3,0.000001,,,,,,,,
387400,1998.7,0.000001,,,,,,,,
387500,1999.2,0.000001,,,,,,,,
387600,1999.8,0.000004,,,,,,,,
387700,2000.3,0.000002,,,,,,,,
387800,2000.8,0.000001,,,,,,,,
387900,2001.3,0.000001,,,,,,,,
388000,2001.8,0.000001,,,,,,,,
388100,2002.3,0.000001,,,,,,,,
388200,2002.8,0.000001,,,,,,,,
388300,2003.3,0.000001,,,,,,,,
388400,2003.8,0.000001,,,,,,,,
388500,2004.4,0.000001,,,,,,,,
388600,2004.9,0.000001,,,,,,,,
388700,2005.4,0.000001,,,,,,,,
388800,2005.9,0.000002,,,,,,,,
388900,2006.4,0.000001,,,,,,,,
389000,2006.9,0.000001,,,,,,,,
389100,2007.4,0.000001,,,,,,,,
389200,2007.9,0.000001,,,,,,,,
389300,2008.4,0.000001,,,,,,,,
389400,2008.9,0.000002,,,,,,,,
389500,2009.4,0.000001,,,,,,,,
389600,2009.9,0.000001,,,,,,,,
389700,2010.4,0.000001,,,,,,,,
389800,2011.0,0.000001,,,,,,,,
389900,2011.5,0.000001,,,,,,,,
390000,2013.1,0.000002,0.000001,7.792675e-02,4.765796e-03,3.861834e-03,0.000000,6.122221e-02,4.671501e-03,3.799508e-03
390100,2013.3,0.000001,,,,,,,,
390200,2013.6,0.000001,,,,,,,,
390300,2014.0,0.000001,,,,,,,,
390400,2014.5,0.000003,,,,,,,,
390500,2015.0,0.000002,,,,,,,,
390600,2015.5,0.000001,,,,,,,,
390700,2016.0,0.000002,,,,,,,,
390800,2016.5,0.000001,,,,,,,,
390900,2017.0,0.000001,,,,,,,,
391000,2017.5,0.000001,,,,,,,,
391100,2018.0,0.000001,,,,,,,,
391200,2018.5,0.000001,,,,,,,,
391300,2019.1,0.000003,,,,,,,,
391400,2019.6,0.000001,,,,,,,,
391500,2020.1,0.000001,,,,,,,,
391600,2020.6,0.000001,,,,,,,,
391700,2021.1,0.000001,,,,,,,,
391800,2021.6,0.000001,,,,,,,,
391900,2022.1,0.000001,,,,,,,,
392000,2022.6,0.000001,,,,,,,,
392100,2023.1,0.000003,,,,,,,,
392200,2023.6,0.000002,,,,,,,,
392300,2024.1,0.000002,,,,,,,,
392400,2024.6,0.000002,,,,,,,,
392500,2025.1,0.000001,,,,,,,,
392600,2025.6,0.000001,,,,,,,,
392700,2026.1,0.000001,,,,,,,,
392800,2026.7,0.000001,,,,,,,,
392900,2027.2,0.000001,,,,,,,,
393000,2027.7,0.000001,,,,,,,,
393100,2028.2,0.000001,,,,,,,,
393200,2028.7,0.000001,,,,,,,,
393300,2029.2,0.000002,,,,,,,,
393400,2029.7,0.000001,,,,,,,,
393500,2030.1,0.000001,,,,,,,,
393600,2030.6,0.000001,,,,,,,,
393700,2031.1,0.000001,,,,,,,,
393800,2031.6,0.000001,,,,,,,,
393900,2032.1,0.000001,,,,,,,,
394000,2032.6,0.000001,,,,,,,,
394100,2033.1,0.000002,,,,,,,,
394200,2033.6,0.000002,,,,,,,,
394300,2034.1,0.000001,,,,,,,,
394400,2034.6,0.000001,,,,,,,,
394500,2035.1,0.000002,,,,,,,,
394600,2035.6,0.000001,,,,,,,,
394700,2036.1,0.000001,,,,,,,,
394800,2036.6,0.000001,,,,,,,,
394900,2037.1,0.000001,,,,,,,,
395000,2038.8,0.000001,0.000002,1.147388e-01,6.275254e-03,4.781347e-03,0.000000,6.089066e-02,6.214281e-03,4.791423e-03
395100,2039.0,0.000006,,,,,,,,
395200,2039.3,0.000002,,,,,,,,
395300,2039.7,0.000001,,,,,,,,
395400,2040.2,0.000001,,,,,,,,
395500,2040.7,0.000001,,,,,,,,
395600,2041.2,0.000002,,,,,,,,
395700,2041.7,0.000001,,,,,,,,
395800,2042.2,0.000001,,,,,,,,
395900,2042.7,0.000003,,,,,,,,
396000,2043.3,0.000001,,,,,,,,
396100,2043.8,0.000001,,,,,,,,
396200,2044.3,0.000002,,,,,,,,
396300,2044.8,0.000001,,,,,,,,
396400,2045.3,0.000001,,,,,,,,
396500,2045.8,0.000001,,,,,,,,
396600,2046.3,0.000002,,,,,,,,
396700,2046.8,0.000001,,,,,,,,
396800,2047.3,0.000000,,,,,,,,
396900,2047.8,0.000001,,,,,,,,
397000,2048.3,0.000003,,,,,,,,
397100,2048.8,0.000001,,,,,,,,
397200,2049.3,0.000001,,,,,,,,
397300,2049.8,0.000002,,,,,,,,
397400,2050.3,0.000002,,,,,,,,
397500,2050.9,0.000001,,,,,,,,
397600,2051.4,0.000001,,,,,,,,
397700,2051.9,0.000001,,,,,,,,
397800,2052.5,0.000001,,,,,,,,
397900,2053.0,0.000002,,,,,,,,
398000,2053.5,0.000002,,,,,,,,
398100,2054.0,0.000002,,,,,,,,
398200,2054.5,0.000002,,,,,,,,
398300,2055.0,0.000001,,,,,,,,
398400,2055.5,0.000004,,,,,,,,
398500,2056.0,0.000001,,,,,,,,
398600,2056.5,0.000001,,,,,,,,
398700,2057.1,0.000001,,,,,,,,
398800,2057.6,0.000001,,,,,,,,
398900,2058.1,0.000001,,,,,,,,
399000,2058.6,0.000001,,,,,,,,
399100,2059.1,0.000001,,,,,,,,
399200,2059.6,0.000001,,,,,,,,
399300,2060.1,0.000001,,,,,,,,
399400,2060.6,0.000001,,,,,,,,
399500,2061.1,0.000001,,,,,,,,
399600,2061.6,0.000002,,,,,,,,
399700,2062.1,0.000001,,,,,,,,
399800,2062.6,0.000002,,,,,,,,
399900,2063.2,0.000001,,,,,,,,
400000,2064.8,0.000003,0.000002,1.359279e-01,6.230502e-03,4.225339e-03,0.000000,8.054716e-02,6.079232e-03,4.249343e-03
400100,2065.1,0.000002,,,,,,,,
400200,2065.4,0.000001,,,,,,,,
400300,2065.7,0.000001,,,,,,,,
400400,2066.2,0.000001,,,,,,,,
400500,2066.8,0.000001,,,,,,,,
400600,2067.3,0.000001,,,,,,,,
400700,2067.8,0.000000,,,,,,,,
400800,2068.3,0.000001,,,,,,,,
400900,2068.8,0.000001,,,,,,,,
401000,2069.3,0.000001,,,,,,,,
401100,2069.8,0.000002,,,,,,,,
401200,2070.3,0.000001,,,,,,,,
401300,2070.8,0.000001,,,,,,,,
401400,2071.3,0.000002,,,,,,,,
401500,2071.8,0.000001,,,,,,,,
401600,2072.3,0.000001,,,,,,,,
401700,2072.8,0.000001,,,,,,,,
401800,2073.4,0.000001,,,,,,,,
401900,2073.9,0.000002,,,,,,,,
402000,2074.4,0.000001,,,,,,,,
402100,2074.9,0.000002,,,,,,,,
402200,2075.4,0.000002,,,,,,,,
402300,2075.9,0.000003,,,,,,,,
402400,2076.4,0.000001,,,,,,,,
402500,2076.9,0.000001,,,,,,,,
402600,2077.5,0.000001,,,,,,,,
402700,2078.0,0.000001,,,,,,,,
402800,2078.5,0.000002,,,,,,,,
402900,2079.0,0.000002,,,,,,,,
403000,2079.5,0.000002,,,,,,,,
403100,2080.1,0.000001,,,,,,,,
403200,2080.6,0.000001,,,,,,,,
403300,2081.1,0.000001,,,,,,,,
403400,2081.6,0.000001,,,,,,,,
403500,2082.1,0.000002,,,,,,,,
403600,2082.6,0.000001,,,,,,,,
403700,2083.1,0.000002,,,,,,,,
403800,2083.6,0.000001,,,,,,,,
403900,2084.2,0.000002,,,,,,,,
404000,2084.7,0.000001,,,,,,,,
404100,2085.2,0.000001,,,,,,,,
404200,2085.7,0.000001,,,,,,,,
404300,2086.2,0.000000,,,,,,,,
404400,2086.7,0.000001,,,,,,,,
404500,2087.2,0.000001,,,,,,,,
404600,2087.7,0.000001,,,,,,,,
404700,2088.2,0.000001,,,,,,,,
404800,2088.7,0.000001,,,,,,,,
404900,2089.2,0.000001,,,,,,,,
405000,2090.8,0.000001,0.000001,1.542580e-01,5.014844e-03,3.953394e-03,0.000000,6.322119e-02,4.890427e-03,3.965775e-03
405100,2091.0,0.000001,,,,,,,,
405200,2091.3,0.000001,,,,,,,,
405300,2091.5,0.000003,,,,,,,,
405400,2091.9,0.000001,,,,,,,,
405500,2092.4,0.000001,,,,,,,,
405600,2092.9,0.000001,,,,,,,,
405700,2093.4,0.000001,,,,,,,,
405800,2093.9,0.000002,,,,,,,,
405900,2094.4,0.000001,,,,,,,,
406000,2094.9,0.000001,,,,,,,,
406100,2095.4,0.000001,,,,,,,,
406200,2095.9,0.000001,,,,,,,,
406300,2096.4,0.000001,,,,,,,,
406400,2096.9,0.000001,,,,,,,,
406500,2097.5,0.000001,,,,,,,,
406600,2098.0,0.000003,,,,,,,,
406700,2098.5,0.000001,,,,,,,,
406800,2099.0,0.000001,,,,,,,,
406900,2099.5,0.000001,,,,,,,,
407000,2100.0,0.000001,,,,,,,,
407100,2100.5,0.000001,,,,,,,,
407200,2101.0,0.000001,,,,,,,,
407300,2101.5,0.000002,,,,,,,,
407400,2102.0,0.000001,,,,,,,,
407500,2102.6,0.000001,,,,,,,,
407600,2103.1,0.000001,,,,,,,,
407700,2103.5,0.000001,,,,,,,,
407800,2104.1,0.000001,,,,,,,,
407900,2104.6,0.000002,,,,,,,,
408000,2105.1,0.000001,,,,,,,,
408100,2105.6,0.000002,,,,,,,,
408200,2106.1,0.000002,,,,,,,,
408300,2106.6,0.000001,,,,,,,,
408400,2107.1,0.000002,,,,,,,,
408500,2107.6,0.000001,,,,,,,,
408600,2108.1,0.000001,,,,,,,,
408700,2108.6,0.000001,,,,,,,,
408800,2109.1,0.000001,,,,,,,,
408900,2109.6,0.000002,,,,,,,,
409000,2110.2,0.000001,,,,,,,,
409100,2110.7,0.000001,,,,,,,,
409200,2111.2,0.000002,,,,,,,,
409300,2111.7,0.000002,,,,,,,,
409400,2112.2,0.000001,,,,,,,,
409500,2112.7,0.000001,,,,,,,,
409600,2113.2,0.000001,,,,,,,,
409700,2113.7,0.000002,,,,,,,,
409800,2114.2,0.000002,,,,,,,,
409900,2114.7,0.000003,,,,,,,,
410000,2116.4,0.000001,0.000002,8.534872e-02,6.734357e-03,6.166745e-03,0.000000,6.015683e-02,6.688357e-03,6.125899e-03
410100,2116.6,0.000001,,,,,,,,
410200,2116.9,0.000002,,,,,,,,
410300,2117.2,0.000001,,,,,,,,
410400,2117.7,0.000001,,,,,,,,
410500,2118.2,0.000001,,,,,,,,
410600,2118.8,0.000003,,,,,,,,
410700,2119.3,0.000001,,,,,,,,
410800,2119.8,0.000001,,,,,,,,
410900,2120.3,0.000001,,,,,,,,
411000,2120.8,0.000002,,,,,,,,
411100,2121.3,0.000003,,,,,,,,
411200,2121.8,0.000002,,,,,,,,
411300,2122.3,0.000001,,,,,,,,
411400,2122.8,0.000001,,,,,,,,
411500,2123.4,0.000002,,,,,,,,
411600,2123.8,0.000002,,,,,,,,
411700,2124.4,0.000002,,,,,,,,
411800,2124.9,0.000001,,,,,,,,
411900,2125.4,0.000001,,,,,,,,
412000,2125.9,0.000001,,,,,,,,
412100,2126.4,0.000001,,,,,,,,
412200,2126.9,0.000001,,,,,,,,
412300,2127.5,0.000001,,,,,,,,
412400,2128.0,0.000001,,,,,,,,
412500,2128.5,0.000001,,,,,,,,
412600,2129.0,0.000003,,,,,,,,
412700,2129.5,0.000001,,,,,,,,
412800,2129.9,0.000001,,,,,,,,
412900,2130.5,0.000001,,,,,,,,
413000,2131.0,0.000003,,,,,,,,
413100,2131.5,0.000001,,,,,,,,
413200,2132.0,0.000001,,,,,,,,
413300,2132.5,0.000001,,,,,,,,
413400,2133.0,0.000002,,,,,,,,
413500,2133.5,0.000004,,,,,,,,
413600,2134.1,0.000001,,,,,,,,
413700,2134.6,0.000001,,,,,,,,
413800,2135.1,0.000001,,,,,,,,
413900,2135.6,0.000001,,,,,,,,
414000,2136.0,0.000001,,,,,,,,
414100,2136.6,0.000002,,,,,,,,
414200,2137.1,0.000001,,,,,,,,
414300,2137.6,0.000004,,,,,,,,
414400,2138.1,0.000001,,,,,,,,
414500,2138.6,0.000001,,,,,,,,
414600,2139.1,0.000003,,,,,,,,
414700,2139.6,0.000001,,,,,,,,
414800,2140.1,0.000001,,,,,,,,
414900,2140.6,0.000001,,,,,,,,
415000,2142.3,0.000002,0.000001,9.434105e-02,4.536096e-03,3.874128e-03,0.000000,4.497968e-02,4.431553e-03,3.821944e-03
415100,2142.5,0.000001,,,,,,,,
415200,2142.8,0.000001,,,,,,,,
415300,2143.2,0.000001,,,,,,,,
415400,2143.7,0.000001,,,,,,,,
415500,2144.2,0.000001,,,,,,,,
415600,2144.7,0.000002,,,,,,,,
415700,2145.2,0.000001,,,,,,,,
415800,2145.7,0.000000,,,,,,,,
415900,2146.2,0.000001,,,,,,,,
416000,2146.7,0.000001,,,,,,,,
416100,2147.2,0.000001,,,,,,,,
416200,2147.7,0.000002,,,,,,,,
416300,2148.2,0.000001,,,,,,,,
416400,2148.7,0.000001,,,,,,,,
416500,2149.3,0.000001,,,,,,,,
416600,2149.8,0.000002,,,,,,,,
416700,2150.3,0.000002,,,,,,,,
416800,2150.8,0.000001,,,,,,,,
416900,2151.3,0.000002,,,,,,,,
417000,2151.9,0.000001,,,,,,,,
417100,2152.4,0.000001,,,,,,,,
417200,2152.9,0.000001,,,,,,,,
417300,2153.4,0.000001,,,,,,,,
417400,2153.9,0.000001,,,,,,,,
417500,2154.4,0.000001,,,,,,,,
417600,2154.9,0.000001,,,,,,,,
417700,2155.4,0.000001,,,,,,,,
417800,2156.0,0.000001,,,,,,,,
417900,2156.5,0.000001,,,,,,,,
418000,2157.0,0.000001,,,,,,,,
418100,2157.5,0.000002,,,,,,,,
418200,2158.0,0.000001,,,,,,,,
418300,2158.5,0.000001,,,,,,,,
418400,2159.0,0.000001,,,,,,,,
418500,2159.5,0.000001,,,,,,,,
418600,2160.0,0.000001,,,,,,,,
418700,2160.5,0.000001,,,,,,,,
418800,2161.0,0.000001,,,,,,,,
418900,2161.5,0.000001,,,,,,,,
419000,2162.1,0.000001,,,,,,,,
419100,2162.6,0.000001,,,,,,,,
419200,2163.1,0.000001,,,,,,,,
419300,2163.5,0.000001,,,,,,,,
419400,2164.1,0.000002,,,,,,,,
419500,2164.6,0.000001,,,,,,,,
419600,2165.1,0.000001,,,,,,,,
419700,2165.6,0.000001,,,,,,,,
419800,2166.1,0.000001,,,,,,,,
419900,2166.6,0.000001,,,,,,,,
420000,2168.2,0.000001,0.000001,1.307300e-01,4.167861e-03,3.253239e-03,0.000000,6.409193e-02,3.969059e-03,3.157905e-03
420100,2168.4,0.000001,,,,,,,,
420200,2168.7,0.000001,,,,,,,,
420300,2169.1,0.000001,,,,,,,,
420400,2169.6,0.000001,,,,,,,,
420500,2170.1,0.000001,,,,,,,,
420600,2170.6,0.000001,,,,,,,,
420700,2171.1,0.000002,,,,,,,,
420800,2171.6,0.000001,,,,,,,,
420900,2172.1,0.000001,,,,,,,,
421000,2172.6,0.000001,,,,,,,,
421100,2173.1,0.000002,,,,,,,,
421200,2173.6,0.000001,,,,,,,,
421300,2174.2,0.000001,,,,,,,,
421400,2174.7,0.000001,,,,,,,,
421500,2175.2,0.000001,,,,,,,,
421600,2175.7,0.000002,,,,,,,,
421700,2176.2,0.000001,,,,,,,,
421800,2176.7,0.000001,,,,,,,,
421900,2177.2,0.000003,,,,,,,,
422000,2177.7,0.000001,,,,,,,,
422100,2178.2,0.000001,,,,,,,,
422200,2178.7,0.000001,,,,,,,,
422300,2179.2,0.000001,,,,,,,,
422400,2179.7,0.000001,,,,,,,,
422500,2180.2,0.000001,,,,,,,,
422600,2180.8,0.000001,,,,,,,,
422700,2181.3,0.000001,,,,,,,,
422800,2181.8,0.000000,,,,,,,,
422900,2182.3,0.000001,,,,,,,,
423000,2182.8,0.000001,,,,,,,,
423100,2183.3,0.000001,,,,,,,,
423200,2183.8,0.000002,,,,,,,,
423300,2184.3,0.000001,,,,,,,,
423400,2184.8,0.000001,,,,,,,,
423500,2185.3,0.000002,,,,,,,,
423600,2185.8,0.000001,,,,,,,,
423700,2186.3,0.000001,,,,,,,,
423800,2186.8,0.000004,,,,,,,,
423900,2187.3,0.000001,,,,,,,,
424000,2187.9,0.000001,,,,,,,,
424100,2188.3,0.000001,,,,,,,,
424200,2188.8,0.000003,,,,,,,,
424300,2189.3,0.000002,,,,,,,,
424400,2189.8,0.000001,,,,,,,,
424500,2190.3,0.000002,,,,,,,,
424600,2190.8,0.000001,,,,,,,,
424700,2191.3,0.000001,,,,,,,,
424800,2191.8,0.000001,,,,,,,,
424900,2192.3,0.000001,,,,,,,,
425000,2193.9,0.000002,0.000003,1.180216e-01,8.939043e-03,7.134892e-03,0.000000,6.319952e-02,8.921793e-03,7.211843e-03
425100,2194.2,0.000001,,,,,,,,
425200,2194.4,0.000001,,,,,,,,
425300,2194.7,0.000001,,,,,,,,
425400,2195.1,0.000001,,,,,,,,
425500,2195.5,0.000001,,,,,,,,
425600,2196.1,0.000001,,,,,,,,
425700,2196.6,0.000001,,,,,,,,
425800,2197.1,0.000001,,,,,,,,
425900,2197.6,0.000001,,,,,,,,
426000,2198.1,0.000001,,,,,,,,
426100,2198.6,0.000002,,,,,,,,
426200,2199.1,0.000001,,,,,,,,
426300,2199.7,0.000001,,,,,,,,
426400,2200.2,0.000002,,,,,,,,
426500,2200.7,0.000002,,,,,,,,
426600,2201.2,0.000003,,,,,,,,
426700,2201.7,0.000001,,,,,,,,
426800,2202.2,0.000001,,,,,,,,
426900,2202.8,0.000001,,,,,,,,
427000,2203.3,0.000001,,,,,,,,
427100,2203.8,0.000001,,,,,,,,
427200,2204.3,0.000001,,,,,,,,
427300,2204.8,0.000001,,,,,,,,
427400,2205.3,0.000001,,,,,,,,
427500,2205.8,0.000001,,,,,,,,
427600,2206.3,0.000001,,,,,,,,
427700,2206.8,0.000001,,,,,,,,
427800,2207.3,0.000001,,,,,,,,
427900,2207.8,0.000001,,,,,,,,
428000,2208.3,0.000002,,,,,,,,
428100,2208.8,0.000002,,,,,,,,
428200,2209.3,0.000001,,,,,,,,
428300,2209.8,0.000001,,,,,,,,
428400,2210.4,0.000001,,,,,,,,
428500,2210.9,0.000001,,,,,,,,
428600,2211.4,0.000001,,,,,,,,
428700,2211.9,0.000001,,,,,,,,
428800,2212.3,0.000001,,,,,,,,
428900,2212.9,0.000001,,,,,,,,
429000,2213.4,0.000001,,,,,,,,
429100,2213.9,0.000002,,,,,,,,
429200,2214.4,0.000003,,,,,,,,
429300,2214.9,0.000006,,,,,,,,
429400,2215.4,0.000001,,,,,,,,
429500,2215.9,0.000001,,,,,,,,
429600,2216.4,0.000003,,,,,,,,
429700,2216.9,0.000001,,,,,,,,
429800,2217.4,0.000001,,,,,,,,
429900,2218.0,0.000001,,,,,,,,
430000,2219.6,0.000001,0.000001,9.672715e-02,3.526749e-03,2.527121e-03,0.000000,5.770315e-02,3.351059e-03,2.412150e-03
430100,2219.8,0.000001,,,,,,,,
430200,2220.1,0.000001,,,,,,,,
430300,2220.5,0.000001,,,,,,,,
430400,2221.0,0.000001,,,,,,,,
430500,2221.5,0.000001,,,,,,,,
430600,2222.0,0.000001,,,,,,,,
430700,2222.5,0.000002,,,,,,,,
430800,2223.1,0.000001,,,,,,,,
430900,2223.6,0.000005,,,,,,,,
431000,2224.1,0.000001,,,,,,,,
431100,2224.6,0.000001,,,,,,,,
431200,2225.1,0.000001,,,,,,,,
431300,2225.6,0.000003,,,,,,,,
431400,2226.1,0.000001,,,,,,,,
431500,2226.6,0.000001,,,,,,,,
431600,2227.1,0.000001,,,,,,,,
431700,2227.6,0.000001,,,,,,,,
431800,2228.2,0.000001,,,,,,,,
431900,2228.7,0.000001,,,,,,,,
432000,2229.2,0.000001,,,,,,,,
432100,2229.7,0.000001,,,,,,,,
432200,2230.2,0.000000,,,,,,,,
432300,2230.7,0.000002,,,,,,,,
432400,2231.2,0.000001,,,,,,,,
432500,2231.7,0.000001,,,,,,,,
432600,2232.3,0.000001,,,,,,,,
432700,2232.8,0.000002,,,,,,,,
432800,2233.3,0.000001,,,,,,,,
432900,2233.8,0.000001,,,,,,,,
433000,2234.3,0.000001,,,,,,,,
433100,2234.8,0.000001,,,,,,,,
433200,2235.3,0.000001,,,,,,,,
433300,2235.8,0.000001,,,,,,,,
433400,2236.3,0.000001,,,,,,,,
433500,2236.8,0.000001,,,,,,,,
433600,2237.4,0.000002,,,,,,,,
433700,2237.9,0.000002,,,,,,,,
433800,2238.4,0.000001,,,,,,,,
433900,2238.9,0.000001,,,,,,,,
434000,2239.4,0.000001,,,,,,,,
434100,2239.9,0.000001,,,,,,,,
434200,2240.4,0.000001,,,,,,,,
434300,2240.9,0.000002,,,,,,,,
434400,2241.4,0.000002,,,,,,,,
434500,2242.0,0.000003,,,,,,,,
434600,2242.5,0.000002,,,,,,,,
434700,2243.0,0.000001,,,,,,,,
434800,2243.5,0.000001,,,,,,,,
434900,2244.0,0.000001,,,,,,,,
435000,2245.6,0.000002,0.000001,8.593833e-02,4.833219e-03,3.716050e-03,0.000000,6.859160e-02,4.848939e-03,3.820009e-03
435100,2245.9,0.000001,,,,,,,,
435200,2246.2,0.000002,,,,,,,,
435300,2246.5,0.000002,,,,,,,,
435400,2247.0,0.000001,,,,,,,,
435500,2247.5,0.000001,,,,,,,,
435600,2248.0,0.000002,,,,,,,,
435700,2248.5,0.000001,,,,,,,,
435800,2249.0,0.000001,,,,,,,,
435900,2249.6,0.000001,,,,,,,,
436000,2250.0,0.000001,,,,,,,,
436100,2250.6,0.000001,,,,,,,,
436200,2251.1,0.000001,,,,,,,,
436300,2251.6,0.000002,,,,,,,,
436400,2252.1,0.000003,,,,,,,,
436500,2252.6,0.000001,,,,,,,,
436600,2253.1,0.000001,,,,,,,,
436700,2253.6,0.000001,,,,,,,,
436800,2254.1,0.000001,,,,,,,,
436900,2254.6,0.000001,,,,,,,,
437000,2255.1,0.000001,,,,,,,,
437100,2255.7,0.000001,,,,,,,,
437200,2256.2,0.000001,,,,,,,,
437300,2256.7,0.000001,,,,,,,,
437400,2257.2,0.000002,,,,,,,,
437500,2257.7,0.000003,,,,,,,,
437600,2258.2,0.000001,,,,,,,,
437700,2258.7,0.000001,,,,,,,,
437800,2259.2,0.000001,,,,,,,,
437900,2259.7,0.000002,,,,,,,,
438000,2260.3,0.000001,,,,,,,,
438100,2260.8,0.000003,,,,,,,,
438200,2261.3,0.000002,,,,,,,,
438300,2261.8,0.000002,,,,,,,,
438400,2262.2,0.000001,,,,,,,,
438500,2262.7,0.000001,,,,,,,,
438600,2263.2,0.000001,,,,,,,,
438700,2263.8,0.000001,,,,,,,,
438800,2264.3,0.000001,,,,,,,,
438900,2264.8,0.000001,,,,,,,,
439000,2265.3,0.000001,,,,,,,,
439100,2265.8,0.000003,,,,,,,,
439200,2266.3,0.000001,,,,,,,,
439300,2266.8,0.000001,,,,,,,,
439400,2267.3,0.000001,,,,,,,,
439500,2267.8,0.000002,,,,,,,,
439600,2268.3,0.000001,,,,,,,,
439700,2268.9,0.000001,,,,,,,,
439800,2269.3,0.000003,,,,,,,,
439900,2269.9,0.000001,,,,,,,,
440000,2271.5,0.000001,0.000001,6.908683e-02,5.327980e-03,4.374129e-03,0.000000,4.811622e-02,5.113100e-03,4.318828e-03
440100,2271.7,0.000005,,,,,,,,
440200,2272.0,0.000002,,,,,,,,
440300,2272.3,0.000001,,,,,,,,
440400,2272.9,0.000001,,,,,,,,
440500,2273.4,0.000001,,,,,,,,
440600,2273.9,0.000001,,,,,,,,
440700,2274.4,0.000001,,,,,,,,
440800,2274.9,0.000001,,,,,,,,
440900,2275.4,0.000000,,,,,,,,
441000,2275.9,0.000000,,,,,,,,
441100,2276.5,0.000001,,,,,,,,
441200,2277.0,0.000001,,,,,,,,
441300,2277.5,0.000001,,,,,,,,
441400,2277.9,0.000001,,,,,,,,
441500,2278.5,0.000002,,,,,,,,
441600,2279.0,0.000001,,,,,,,,
441700,2279.5,0.000002,,,,,,,,
441800,2280.0,0.000002,,,,,,,,
441900,2280.5,0.000002,,,,,,,,
442000,2281.0,0.000001,,,,,,,,
442100,2281.5,0.000001,,,,,,,,
442200,2282.0,0.000001,,,,,,,,
442300,2282.5,0.000001,,,,,,,,
442400,2283.1,0.000001,,,,,,,,
442500,2283.6,0.000001,,,,,,,,
442600,2284.1,0.000001,,,,,,,,
442700,2284.6,0.000001,,,,,,,,
442800,2285.1,0.000001,,,,,,,,
442900,2285.6,0.000001,,,,,,,,
443000,2286.1,0.000003,,,,,,,,
443100,2286.6,0.000001,,,,,,,,
443200,2287.1,0.000001,,,,,,,,
443300,2287.6,0.000001,,,,,,,,
443400,2288.1,0.000001,,,,,,,,
443500,2288.6,0.000001,,,,,,,,
443600,2289.1,0.000002,,,,,,,,
443700,2289.6,0.000001,,,,,,,,
443800,2290.1,0.000001,,,,,,,,
443900,2290.6,0.000001,,,,,,,,
444000,2291.2,0.000001,,,,,,,,
444100,2291.6,0.000002,,,,,,,,
444200,2292.1,0.000002,,,,,,,,
444300,2292.7,0.000001,,,,,,,,
444400,2293.1,0.000002,,,,,,,,
444500,2293.6,0.000003,,,,,,,,
444600,2294.2,0.000001,,,,,,,,
444700,2294.7,0.000000,,,,,,,,
444800,2295.2,0.000001,,,,,,,,
444900,2295.7,0.000001,,,,,,,,
445000,2297.4,0.000001,0.000001,1.055449e-01,5.098655e-03,3.877156e-03,0.000000,5.448986e-02,5.007964e-03,3.815540e-03
445100,2297.6,0.000001,,,,,,,,
445200,2297.9,0.000001,,,,,,,,
445300,2298.2,0.000001,,,,,,,,
445400,2298.7,0.000001,,,,,,,,
445500,2299.2,0.000003,,,,,,,,
445600,2299.7,0.000001,,,,,,,,
445700,2300.2,0.000003,,,,,,,,
445800,2300.7,0.000002,,,,,,,,
445900,2301.2,0.000001,,,,,,,,
446000,2301.8,0.000001,,,,,,,,
446100,2302.3,0.000001,,,,,,,,
446200,2302.8,0.000001,,,,,,,,
446300,2303.3,0.000001,,,,,,,,
446400,2303.8,0.000001,,,,,,,,
446500,2304.3,0.000002,,,,,,,,
446600,2304.8,0.000000,,,,,,,,
446700,2305.4,0.000001,,,,,,,,
446800,2305.9,0.000001,,,,,,,,
446900,2306.4,0.000001,,,,,,,,
447000,2306.9,0.000001,,,,,,,,
447100,2307.4,0.000001,,,,,,,,
447200,2307.9,0.000001,,,,,,,,
447300,2308.4,0.000001,,,,,,,,
447400,2308.9,0.000002,,,,,,,,
447500,2309.4,0.000001,,,,,,,,
447600,2309.9,0.000001,,,,,,,,
447700,2310.4,0.000001,,,,,,,,
447800,2310.9,0.000001,,,,,,,,
447900,2311.4,0.000001,,,,,,,,
448000,2311.9,0.000001,,,,,,,,
448100,2312.4,0.000001,,,,,,,,
448200,2312.9,0.000001,,,,,,,,
448300,2313.4,0.000001,,,,,,,,
448400,2313.9,0.000000,,,,,,,,
448500,2314.4,0.000001,,,,,,,,
448600,2315.0,0.000001,,,,,,,,
448700,2315.5,0.000001,,,,,,,,
448800,2316.0,0.000001,,,,,,,,
448900,2316.5,0.000001,,,,,,,,
449000,2317.0,0.000001,,,,,,,,
449100,2317.5,0.000001,,,,,,,,
449200,2318.0,0.000001,,,,,,,,
449300,2318.5,0.000001,,,,,,,,
449400,2319.0,0.000001,,,,,,,,
449500,2319.6,0.000001,,,,,,,,
449600,2320.1,0.000002,,,,,,,,
449700,2320.6,0.000001,,,,,,,,
449800,2321.1,0.000001,,,,,,,,
449900,2321.6,0.000001,,,,,,,,
450000,2323.3,0.000001,0.000001,8.257677e-02,4.138395e-03,3.416753e-03,0.000000,4.292880e-02,4.025246e-03,3.361261e-03
450100,2323.5,0.000001,,,,,,,,
450200,2323.8,0.000002,,,,,,,,
450300,2324.2,0.000002,,,,,,,,
450400,2324.6,0.000001,,,,,,,,
450500,2325.2,0.000001,,,,,,,,
450600,2325.7,0.000001,,,,,,,,
450700,2326.2,0.000002,,,,,,,,
450800,2326.7,0.000001,,,,,,,,
450900,2327.2,0.000001,,,,,,,,
451000,2327.7,0.000001,,,,,,,,
451100,2328.2,0.000001,,,,,,,,
451200,2328.7,0.000004,,,,,,,,
451300,2329.2,0.000001,,,,,,,,
451400,2329.7,0.000001,,,,,,,,
451500,2330.2,0.000002,,,,,,,,
451600,2330.8,0.000001,,,,,,,,
451700,2331.3,0.000001,,,,,,,,
451800,2331.8,0.000001,,,,,,,,
451900,2332.3,0.000002,,,,,,,,
452000,2332.8,0.000001,,,,,,,,
452100,2333.3,0.000002,,,,,,,,
452200,2333.9,0.000001,,,,,,,,
452300,2334.4,0.000001,,,,,,,,
452400,2334.9,0.000002,,,,,,,,
452500,2335.4,0.000001,,,,,,,,
452600,2335.9,0.000001,,,,,,,,
452700,2336.4,0.000002,,,,,,,,
452800,2336.9,0.000001,,,,,,,,
452900,2337.5,0.000001,,,,,,,,
453000,2338.0,0.000001,,,,,,,,
453100,2338.5,0.000000,,,,,,,,
453200,2339.0,0.000001,,,,,,,,
453300,2339.5,0.000001,,,,,,,,
453400,2340.0,0.000002,,,,,,,,
453500,2340.5,0.000002,,,,,,,,
453600,2341.0,0.000001,,,,,,,,
453700,2341.5,0.000001,,,,,,,,
453800,2342.0,0.000002,,,,,,,,
453900,2342.5,0.000001,,,,,,,,
454000,2343.0,0.000001,,,,,,,,
454100,2343.5,0.000001,,,,,,,,
454200,2344.1,0.000001,,,,,,,,
454300,2344.6,0.000001,,,,,,,,
454400,2345.1,0.000001,,,,,,,,
454500,2345.6,0.000002,,,,,,,,
454600,2346.1,0.000001,,,,,,,,
454700,2346.6,0.000001,,,,,,,,
454800,2347.1,0.000001,,,,,,,,
454900,2347.6,0.000000,,,,,,,,
455000,2349.3,0.000001,0.000001,6.895768e-02,4.784325e-03,3.972108e-03,0.000000,5.230285e-02,4.641275e-03,3.926036e-03
455100,2349.5,0.000001,,,,,,,,
455200,2349.8,0.000001,,,,,,,,
455300,2350.1,0.000002,,,,,,,,
455400,2350.7,0.000002,,,,,,,,
455500,2351.2,0.000001,,,,,,,,
455600,2351.7,0.000002,,,,,,,,
455700,2352.2,0.000001,,,,,,,,
455800,2352.7,0.000001,,,,,,,,
455900,2353.2,0.000001,,,,,,,,
456000,2353.7,0.000001,,,,,,,,
456100,2354.3,0.000005,,,,,,,,
456200,2354.8,0.000001,,,,,,,,
456300,2355.3,0.000001,,,,,,,,
456400,2355.8,0.000001,,,,,,,,
456500,2356.3,0.000001,,,,,,,,
456600,2356.8,0.000001,,,,,,,,
456700,2357.3,0.000000,,,,,,,,
456800,2357.8,0.000001,,,,,,,,
456900,2358.3,0.000001,,,,,,,,
457000,2358.8,0.000001,,,,,,,,
457100,2359.4,0.000002,,,,,,,,
457200,2359.8,0.000001,,,,,,,,
457300,2360.3,0.000000,,,,,,,,
457400,2360.8,0.000002,,,,,,,,
457500,2361.4,0.000002,,,,,,,,
457600,2361.8,0.000001,,,,,,,,
457700,2362.3,0.000001,,,,,,,,
457800,2362.7,0.000002,,,,,,,,
457900,2363.2,0.000001,,,,,,,,
458000,2363.7,0.000000,,,,,,,,
458100,2364.1,0.000001,,,,,,,,
458200,2364.5,0.000002,,,,,,,,
458300,2365.0,0.000001,,,,,,,,
458400,2365.5,0.000001,,,,,,,,
458500,2366.1,0.000001,,,,,,,,
458600,2366.6,0.000001,,,,,,,,
458700,2367.1,0.000001,,,,,,,,
458800,2367.6,0.000001,,,,,,,,
458900,2368.1,0.000001,,,,,,,,
459000,2368.6,0.000001,,,,,,,,
459100,2369.1,0.000001,,,,,,,,
459200,2369.6,0.000003,,,,,,,,
459300,2370.1,0.000001,,,,,,,,
459400,2370.6,0.000001,,,,,,,,
459500,2371.1,0.000001,,,,,,,,
459600,2371.6,0.000001,,,,,,,,
459700,2372.1,0.000002,,,,,,,,
459800,2372.6,0.000001,,,,,,,,
459900,2373.1,0.000001,,,,,,,,
460000,2374.7,0.000001,0.000001,8.558744e-02,3.997130e-03,2.875886e-03,0.000000,6.463565e-02,3.889144e-03,2.841042e-03
460100,2375.0,0.000001,,,,,,,,
460200,2375.2,0.000001,,,,,,,,
460300,2375.6,0.000001,,,,,,,,
460400,2376.1,0.000001,,,,,,,,
460500,2376.6,0.000001,,,,,,,,
460600,2377.1,0.000001,,,,,,,,
460700,2377.6,0.000001,,,,,,,,
460800,2378.1,0.000001,,,,,,,,
460900,2378.7,0.000001,,,,,,,,
461000,2379.2,0.000002,,,,,,,,
461100,2379.7,0.000001,,,,,,,,
461200,2380.2,0.000001,,,,,,,,
461300,2380.7,0.000001,,,,,,,,
461400,2381.3,0.000001,,,,,,,,
461500,2381.8,0.000001,,,,,,,,
461600,2382.2,0.000001,,,,,,,,
461700,2382.8,0.000001,,,,,,,,
461800,2383.3,0.000001,,,,,,,,
461900,2383.8,0.000002,,,,,,,,
462000,2384.3,0.000001,,,,,,,,
462100,2384.8,0.000001,,,,,,,,
462200,2385.3,0.000001,,,,,,,,
462300,2385.8,0.000002,,,,,,,,
462400,2386.3,0.000001,,,,,,,,
462500,2386.9,0.000001,,,,,,,,
462600,2387.4,0.000002,,,,,,,,
462700,2387.9,0.000001,,,,,,,,
462800,2388.4,0.000001,,,,,,,,
462900,2388.9,0.000001,,,,,,,,
463000,2389.4,0.000001,,,,,,,,
463100,2389.9,0.000002,,,,,,,,
463200,2390.4,0.000001,,,,,,,,
463300,2390.9,0.000001,,,,,,,,
463400,2391.4,0.000002,,,,,,,,
463500,2391.9,0.000001,,,,,,,,
463600,2392.4,0.000001,,,,,,,,
463700,2392.9,0.000001,,,,,,,,
463800,2393.4,0.000001,,,,,,,,
463900,2394.0,0.000002,,,,,,,,
464000,2394.4,0.000001,,,,,,,,
464100,2395.0,0.000001,,,,,,,,
464200,2395.5,0.000000,,,,,,,,
464300,2396.0,0.000002,,,,,,,,
464400,2396.5,0.000001,,,,,,,,
464500,2397.0,0.000001,,,,,,,,
464600,2397.5,0.000001,,,,,,,,
464700,2398.0,0.000001,,,,,,,,
464800,2398.5,0.000001,,,,,,,,
464900,2399.0,0.000001,,,,,,,,
465000,2400.7,0.000001,0.000001,7.536375e-02,4.458798e-03,3.234801e-03,0.000000,6.330324e-02,4.391780e-03,3.226287e-03
465100,2400.9,0.000001,,,,,,,,
465200,2401.2,0.000001,,,,,,,,
465300,2401.5,0.000001,,,,,,,,
465400,2402.0,0.000001,,,,,,,,
465500,2402.5,0.000001,,,,,,,,
465600,2403.1,0.000001,,,,,,,,
465700,2403.6,0.000001,,,,,,,,
465800,2404.1,0.000001,,,,,,,,
465900,2404.6,0.000001,,,,,,,,
466000,2405.1,0.000001,,,,,,,,
466100,2405.6,0.000001,,,,,,,,
466200,2406.1,0.000001,,,,,,,,
466300,2406.6,0.000002,,,,,,,,
466400,2407.0,0.000001,,,,,,,,
466500,2407.6,0.000001,,,,,,,,
466600,2408.1,0.000000,,,,,,,,
466700,2408.6,0.000001,,,,,,,,
466800,2409.1,0.000001,,,,,,,,
466900,2409.6,0.000004,,,,,,,,
467000,2410.2,0.000001,,,,,,,,
467100,2410.7,0.000001,,,,,,,,
467200,2411.2,0.000001,,,,,,,,
467300,2411.7,0.000001,,,,,,,,
467400,2412.2,0.000003,,,,,,,,
467500,2412.7,0.000001,,,,,,,,
467600,2413.2,0.000001,,,,,,,,
467700,2413.8,0.000001,,,,,,,,
467800,2414.3,0.000001,,,,,,,,
467900,2414.8,0.000001,,,,,,,,
468000,2415.3,0.000001,,,,,,,,
468100,2415.7,0.000002,,,,,,,,
468200,2416.3,0.000001,,,,,,,,
468300,2416.8,0.000001,,,,,,,,
468400,2417.3,0.000001,,,,,,,,
468500,2417.8,0.000000,,,,,,,,
468600,2418.3,0.000001,,,,,,,,
468700,2418.8,0.000001,,,,,,,,
468800,2419.3,0.000001,,,,,,,,
468900,2419.8,0.000002,,,,,,,,
469000,2420.3,0.000001,,,,,,,,
469100,2420.8,0.000001,,,,,,,,
469200,2421.3,0.000001,,,,,,,,
469300,2421.9,0.000001,,,,,,,,
469400,2422.4,0.000000,,,,,,,,
469500,2422.9,0.000002,,,,,,,,
469600,2423.4,0.000001,,,,,,,,
469700,2423.9,0.000001,,,,,,,,
469800,2424.4,0.000000,,,,,,,,
469900,2424.9,0.000002,,,,,,,,
470000,2426.5,0.000001,0.000001,5.910827e-02,3.128812e-03,2.163612e-03,0.000000,5.722059e-02,3.036000e-03,2.131787e-03
470100,2426.7,0.000001,,,,,,,,
470200,2427.0,0.000001,,,,,,,,
470300,2427.4,0.000001,,,,,,,,
470400,2427.9,0.000001,,,,,,,,
470500,2428.4,0.000001,,,,,,,,
470600,2428.9,0.000002,,,,,,,,
470700,2429.4,0.000001,,,,,,,,
470800,2429.9,0.000001,,,,,,,,
470900,2430.4,0.000001,,,,,,,,
471000,2430.9,0.000001,,,,,,,,
471100,2431.4,0.000001,,,,,,,,
471200,2431.9,0.000001,,,,,,,,
471300,2432.4,0.000004,,,,,,,,
471400,2432.9,0.000002,,,,,,,,
471500,2433.4,0.000001,,,,,,,,
471600,2433.9,0.000001,,,,,,,,
471700,2434.4,0.000002,,,,,,,,
471800,2434.9,0.000002,,,,,,,,
471900,2435.4,0.000001,,,,,,,,
472000,2435.9,0.000001,,,,,,,,
472100,2436.4,0.000001,,,,,,,,
472200,2436.9,0.000001,,,,,,,,
472300,2437.4,0.000002,,,,,,,,
472400,2437.9,0.000001,,,,,,,,
472500,2438.4,0.000001,,,,,,,,
472600,2439.0,0.000002,,,,,,,,
472700,2439.5,0.000001,,,,,,,,
472800,2440.0,0.000001,,,,,,,,
472900,2440.5,0.000001,,,,,,,,
473000,2441.0,0.000001,,,,,,,,
473100,2441.5,0.000002,,,,,,,,
473200,2442.0,0.000001,,,,,,,,
473300,2442.6,0.000001,,,,,,,,
473400,2443.1,0.000001,,,,,,,,
473500,2443.6,0.000002,,,,,,,,
473600,2444.1,0.000001,,,,,,,,
473700,2444.6,0.000001,,,,,,,,
473800,2445.1,0.000001,,,,,,,,
473900,2445.6,0.000001,,,,,,,,
474000,2446.1,0.000001,,,,,,,,
474100,2446.6,0.000001,,,,,,,,
474200,2447.1,0.000001,,,,,,,,
474300,2447.6,0.000001,,,,,,,,
474400,2448.2,0.000001,,,,,,,,
474500,2448.7,0.000001,,,,,,,,
474600,2449.2,0.000002,,,,,,,,
474700,2449.7,0.000001,,,,,,,,
474800,2450.2,0.000001,,,,,,,,
474900,2450.7,0.000001,,,,,,,,
475000,2452.3,0.000001,0.000001,6.138550e-02,3.223955e-03,2.194797e-03,0.000000,5.587412e-02,3.062675e-03,2.142097e-03
475100,2452.6,0.000001,,,,,,,,
475200,2452.9,0.000001,,,,,,,,
475300,2453.2,0.000000,,,,,,,,
475400,2453.7,0.000001,,,,,,,,
475500,2454.3,0.000001,,,,,,,,
475600,2454.8,0.000001,,,,,,,,
475700,2455.3,0.000001,,,,,,,,
475800,2455.8,0.000001,,,,,,,,
475900,2456.3,0.000001,,,,,,,,
476000,2456.8,0.000001,,,,,,,,
476100,2457.3,0.000001,,,,,,,,
476200,2457.8,0.000001,,,,,,,,
476300,2458.3,0.000001,,,,,,,,
476400,2458.8,0.000001,,,,,,,,
476500,2459.4,0.000001,,,,,,,,
476600,2459.9,0.000001,,,,,,,,
476700,2460.4,0.000001,,,,,,,,
476800,2460.9,0.000001,,,,,,,,
476900,2461.4,0.000001,,,,,,,,
477000,2461.9,0.000001,,,,,,,,
477100,2462.4,0.000001,,,,,,,,
477200,2462.9,0.000001,,,,,,,,
477300,2463.4,0.000001,,,,,,,,
477400,2463.9,0.000002,,,,,,,,
477500,2464.4,0.000001,,,,,,,,
477600,2464.8,0.000001,,,,,,,,
477700,2465.3,0.000001,,,,,,,,
477800,2465.8,0.000001,,,,,,,,
477900,2466.3,0.000001,,,,,,,,
478000,2466.8,0.000002,,,,,,,,
478100,2467.3,0.000001,,,,,,,,
478200,2467.8,0.000001,,,,,,,,
478300,2468.3,0.000001,,,,,,,,
478400,2468.8,0.000002,,,,,,,,
478500,2469.4,0.000001,,,,,,,,
478600,2469.9,0.000001,,,,,,,,
478700,2470.4,0.000000,,,,,,,,
478800,2470.9,0.000001,,,,,,,,
478900,2471.4,0.000001,,,,,,,,
479000,2471.9,0.000001,,,,,,,,
479100,2472.4,0.000001,,,,,,,,
479200,2472.9,0.000000,,,,,,,,
479300,2473.4,0.000001,,,,,,,,
479400,2473.9,0.000001,,,,,,,,
479500,2474.4,0.000001,,,,,,,,
479600,2474.9,0.000001,,,,,,,,
479700,2475.4,0.000001,,,,,,,,
479800,2475.9,0.000001,,,,,,,,
479900,2476.4,0.000001,,,,,,,,
480000,2478.1,0.000001,0.000001,7.127289e-02,3.800805e-03,2.929420e-03,0.000000,6.150914e-02,3.741655e-03,2.935680e-03
480100,2478.3,0.000002,,,,,,,,
480200,2478.6,0.000001,,,,,,,,
480300,2479.0,0.000001,,,,,,,,
480400,2479.5,0.000001,,,,,,,,
480500,2480.0,0.000001,,,,,,,,
480600,2480.5,0.000001,,,,,,,,
480700,2481.0,0.000001,,,,,,,,
480800,2481.5,0.000001,,,,,,,,
480900,2482.0,0.000001,,,,,,,,
481000,2482.5,0.000001,,,,,,,,
481100,2483.0,0.000000,,,,,,,,
481200,2483.5,0.000001,,,,,,,,
481300,2484.0,0.000001,,,,,,,,
481400,2484.5,0.000002,,,,,,,,
481500,2485.0,0.000001,,,,,,,,
481600,2485.5,0.000001,,,,,,,,
481700,2486.0,0.000001,,,,,,,,
481800,2486.5,0.000001,,,,,,,,
481900,2487.0,0.000001,,,,,,,,
482000,2487.5,0.000001,,,,,,,,
482100,2488.1,0.000001,,,,,,,,
482200,2488.5,0.000001,,,,,,,,
482300,2489.0,0.000002,,,,,,,,
482400,2489.6,0.000001,,,,,,,,
482500,2490.1,0.000001,,,,,,,,
482600,2490.6,0.000001,,,,,,,,
482700,2491.1,0.000001,,,,,,,,
482800,2491.6,0.000001,,,,,,,,
482900,2492.1,0.000001,,,,,,,,
483000,2492.6,0.000001,,,,,,,,
483100,2493.1,0.000000,,,,,,,,
483200,2493.6,0.000001,,,,,,,,
483300,2494.1,0.000001,,,,,,,,
483400,2494.6,0.000001,,,,,,,,
483500,2495.1,0.000001,,,,,,,,
483600,2495.6,0.000001,,,,,,,,
483700,2496.1,0.000001,,,,,,,,
483800,2496.7,0.000001,,,,,,,,
483900,2497.2,0.000001,,,,,,,,
484000,2497.7,0.000001,,,,,,,,
484100,2498.2,0.000001,,,,,,,,
484200,2498.7,0.000001,,,,,,,,
484300,2499.2,0.000001,,,,,,,,
484400,2499.7,0.000001,,,,,,,,
484500,2500.2,0.000001,,,,,,,,
484600,2500.7,0.000001,,,,,,,,
484700,2501.2,0.000001,,,,,,,,
484800,2501.7,0.000001,,,,,,,,
484900,2502.2,0.000001,,,,,,,,
485000,2503.9,0.000001,0.000001,6.843864e-02,4.436363e-03,3.827193e-03,0.000000,5.615855e-02,4.384777e-03,3.834831e-03
485100,2504.1,0.000001,,,,,,,,
485200,2504.4,0.000001,,,,,,,,
485300,2504.7,0.000001,,,,,,,,
485400,2505.2,0.000001,,,,,,,,
485500,2505.7,0.000001,,,,,,,,
485600,2506.2,0.000001,,,,,,,,
485700,2506.7,0.000001,,,,,,,,
485800,2507.2,0.000001,,,,,,,,
485900,2507.7,0.000001,,,,,,,,
486000,2508.2,0.000001,,,,,,,,
486100,2508.8,0.000001,,,,,,,,
486200,2509.3,0.000001,,,,,,,,
486300,2509.8,0.000001,,,,,,,,
486400,2510.3,0.000001,,,,,,,,
486500,2510.8,0.000001,,,,,,,,
486600,2511.3,0.000001,,,,,,,,
486700,2511.8,0.000004,,,,,,,,
486800,2512.3,0.000001,,,,,,,,
486900,2512.8,0.000001,,,,,,,,
487000,2513.3,0.000001,,,,,,,,
487100,2513.8,0.000001,,,,,,,,
487200,2514.4,0.000001,,,,,,,,
487300,2514.9,0.000001,,,,,,,,
487400,2515.4,0.000001,,,,,,,,
487500,2515.9,0.000001,,,,,,,,
487600,2516.4,0.000001,,,,,,,,
487700,2516.9,0.000001,,,,,,,,
487800,2517.4,0.000001,,,,,,,,
487900,2518.0,0.000001,,,,,,,,
488000,2518.5,0.000001,,,,,,,,
488100,2519.0,0.000001,,,,,,,,
488200,2519.5,0.000003,,,,,,,,
488300,2520.0,0.000000,,,,,,,,
488400,2520.5,0.000001,,,,,,,,
488500,2521.1,0.000001,,,,,,,,
488600,2521.6,0.000001,,,,,,,,
488700,2522.1,0.000001,,,,,,,,
488800,2522.6,0.000001,,,,,,,,
488900,2523.1,0.000002,,,,,,,,
489000,2523.6,0.000001,,,,,,,,
489100,2524.1,0.000000,,,,,,,,
489200,2524.6,0.000002,,,,,,,,
489300,2525.2,0.000001,,,,,,,,
489400,2525.5,0.000001,,,,,,,,
489500,2526.0,0.000001,,,,,,,,
489600,2526.6,0.000001,,,,,,,,
489700,2527.0,0.000001,,,,,,,,
489800,2527.5,0.000001,,,,,,,,
489900,2528.0,0.000001,,,,,,,,
490000,2529.7,0.000001,0.000001,7.882000e-02,3.045535e-03,2.229675e-03,0.000000,3.999005e-02,2.930433e-03,2.179209e-03
490100,2529.9,0.000000,,,,,,,,
490200,2530.2,0.000000,,,,,,,,
490300,2530.6,0.000002,,,,,,,,
490400,2531.1,0.000001,,,,,,,,
490500,2531.6,0.000001,,,,,,,,
490600,2532.1,0.000001,,,,,,,,
490700,2532.6,0.000001,,,,,,,,
490800,2533.1,0.000001,,,,,,,,
490900,2533.6,0.000001,,,,,,,,
491000,2534.1,0.000001,,,,,,,,
491100,2534.6,0.000001,,,,,,,,
491200,2535.1,0.000002,,,,,,,,
491300,2535.6,0.000001,,,,,,,,
491400,2536.1,0.000001,,,,,,,,
491500,2536.6,0.000002,,,,,,,,
491600,2537.1,0.000001,,,,,,,,
491700,2537.6,0.000001,,,,,,,,
491800,2538.1,0.000001,,,,,,,,
491900,2538.6,0.000000,,,,,,,,
492000,2539.2,0.000001,,,,,,,,
492100,2539.7,0.000001,,,,,,,,
492200,2540.2,0.000002,,,,,,,,
492300,2540.7,0.000001,,,,,,,,
492400,2541.2,0.000001,,,,,,,,
492500,2541.7,0.000001,,,,,,,,
492600,2542.2,0.000001,,,,,,,,
492700,2542.7,0.000001,,,,,,,,
492800,2543.2,0.000001,,,,,,,,
492900,2543.8,0.000001,,,,,,,,
493000,2544.2,0.000001,,,,,,,,
493100,2544.8,0.000001,,,,,,,,
493200,2545.3,0.000001,,,,,,,,
493300,2545.8,0.000001,,,,,,,,
493400,2546.3,0.000001,,,,,,,,
493500,2546.8,0.000001,,,,,,,,
493600,2547.4,0.000000,,,,,,,,
493700,2547.9,0.000000,,,,,,,,
493800,2548.3,0.000001,,,,,,,,
493900,2548.8,0.000001,,,,,,,,
494000,2549.3,0.000001,,,,,,,,
494100,2549.9,0.000002,,,,,,,,
494200,2550.3,0.000001,,,,,,,,
494300,2550.8,0.000000,,,,,,,,
494400,2551.3,0.000002,,,,,,,,
494500,2551.8,0.000001,,,,,,,,
494600,2552.3,0.000001,,,,,,,,
494700,2552.8,0.000001,,,,,,,,
494800,2553.4,0.000001,,,,,,,,
494900,2553.9,0.000001,,,,,,,,
495000,2555.5,0.000001,0.000001,8.112146e-02,4.973161e-03,4.255591e-03,0.000000,4.106890e-02,4.833766e-03,4.194723e-03
495100,2555.8,0.000001,,,,,,,,
495200,2556.0,0.000001,,,,,,,,
495300,2556.4,0.000001,,,,,,,,
495400,2556.9,0.000001,,,,,,,,
495500,2557.4,0.000001,,,,,,,,
495600,2557.9,0.000001,,,,,,,,
495700,2558.4,0.000001,,,,,,,,
495800,2558.9,0.000002,,,,,,,,
495900,2559.4,0.000001,,,,,,,,
496000,2560.0,0.000001,,,,,,,,
496100,2560.5,0.000000,,,,,,,,
496200,2561.0,0.000001,,,,,,,,
496300,2561.5,0.000001,,,,,,,,
496400,2562.0,0.000001,,,,,,,,
496500,2562.5,0.000002,,,,,,,,
496600,2563.0,0.000001,,,,,,,,
496700,2563.5,0.000001,,,,,,,,
496800,2564.0,0.000002,,,,,,,,
496900,2564.5,0.000001,,,,,,,,
497000,2565.0,0.000002,,,,,,,,
497100,2565.5,0.000001,,,,,,,,
497200,2566.1,0.000001,,,,,,,,
497300,2566.6,0.000000,,,,,,,,
497400,2567.1,0.000001,,,,,,,,
497500,2567.6,0.000001,,,,,,,,
497600,2568.1,0.000001,,,,,,,,
497700,2568.6,0.000001,,,,,,,,
497800,2569.1,0.000003,,,,,,,,
497900,2569.7,0.000001,,,,,,,,
498000,2570.2,0.000000,,,,,,,,
498100,2570.6,0.000001,,,,,,,,
498200,2571.2,0.000001,,,,,,,,
498300,2571.7,0.000001,,,,,,,,
498400,2572.2,0.000001,,,,,,,,
498500,2572.7,0.000001,,,,,,,,
498600,2573.2,0.000001,,,,,,,,
498700,2573.7,0.000002,,,,,,,,
498800,2574.2,0.000001,,,,,,,,
498900,2574.7,0.000001,,,,,,,,
499000,2575.3,0.000001,,,,,,,,
499100,2575.8,0.000001,,,,,,,,
499200,2576.3,0.000001,,,,,,,,
499300,2576.8,0.000001,,,,,,,,
499400,2577.3,0.000001,,,,,,,,
499500,2577.9,0.000002,,,,,,,,
499600,2578.4,0.000001,,,,,,,,
499700,2578.9,0.000001,,,,,,,,
499800,2579.4,0.000001,,,,,,,,
499900,2579.9,0.000001,,,,,,,,
500000,2581.5,0.000001,0.000001,8.230275e-02,3.543271e-03,2.596215e-03,0.000000,6.577124e-02,3.399942e-03,2.526795e-03
500100,2581.8,0.000005,,,,,,,,
500200,2582.1,0.000001,,,,,,,,
500300,2582.4,0.000001,,,,,,,,
500400,2582.9,0.000001,,,,,,,,
500500,2583.4,0.000001,,,,,,,,
500600,2583.9,0.000001,,,,,,,,
500700,2584.4,0.000001,,,,,,,,
500800,2584.9,0.000001,,,,,,,,
500900,2585.4,0.000001,,,,,,,,
501000,2585.9,0.000001,,,,,,,,
501100,2586.4,0.000001,,,,,,,,
501200,2586.8,0.000001,,,,,,,,
501300,2587.2,0.000001,,,,,,,,
501400,2587.8,0.000002,,,,,,,,
501500,2588.3,0.000000,,,,,,,,
501600,2588.8,0.000002,,,,,,,,
501700,2589.3,0.000001,,,,,,,,
501800,2589.8,0.000001,,,,,,,,
501900,2590.3,0.000000,,,,,,,,
502000,2590.8,0.000000,,,,,,,,
502100,2591.3,0.000000,,,,,,,,
502200,2591.9,0.000001,,,,,,,,
502300,2592.4,0.000001,,,,,,,,
502400,2592.9,0.000002,,,,,,,,
502500,2593.4,0.000001,,,,,,,,
502600,2593.9,0.000001,,,,,,,,
502700,2594.5,0.000001,,,,,,,,
502800,2594.9,0.000001,,,,,,,,
502900,2595.4,0.000001,,,,,,,,
503000,2595.9,0.000001,,,,,,,,
503100,2596.5,0.000001,,,,,,,,
503200,2597.0,0.000001,,,,,,,,
503300,2597.5,0.000001,,,,,,,,
503400,2598.0,0.000001,,,,,,,,
503500,2598.5,0.000001,,,,,,,,
503600,2599.0,0.000001,,,,,,,,
503700,2599.5,0.000001,,,,,,,,
503800,2600.0,0.000001,,,,,,,,
503900,2600.5,0.000001,,,,,,,,
504000,2601.0,0.000002,,,,,,,,
504100,2601.5,0.000000,,,,,,,,
504200,2602.0,0.000001,,,,,,,,
504300,2602.5,0.000001,,,,,,,,
504400,2603.0,0.000002,,,,,,,,
504500,2603.6,0.000001,,,,,,,,
504600,2604.1,0.000001,,,,,,,,
504700,2604.6,0.000001,,,,,,,,
504800,2605.1,0.000001,,,,,,,,
504900,2605.6,0.000000,,,,,,,,
505000,2607.2,0.000001,0.000001,7.013930e-02,4.670525e-03,3.828534e-03,0.000000,4.425074e-02,4.614608e-03,3.791670e-03
505100,2607.4,0.000001,,,,,,,,
505200,2607.6,0.000000,,,,,,,,
505300,2607.9,0.000001,,,,,,,,
505400,2608.3,0.000000,,,,,,,,
505500,2608.8,0.000001,,,,,,,,
505600,2609.3,0.000001,,,,,,,,
505700,2609.8,0.000000,,,,,,,,
505800,2610.3,0.000001,,,,,,,,
505900,2610.8,0.000001,,,,,,,,
506000,2611.3,0.000001,,,,,,,,
506100,2611.8,0.000001,,,,,,,,
506200,2612.4,0.000001,,,,,,,,
506300,2612.9,0.000001,,,,,,,,
506400,2613.4,0.000001,,,,,,,,
506500,2613.9,0.000001,,,,,,,,
506600,2614.4,0.000000,,,,,,,,
506700,2614.9,0.000001,,,,,,,,
506800,2615.4,0.000001,,,,,,,,
506900,2615.9,0.000001,,,,,,,,
507000,2616.4,0.000001,,,,,,,,
507100,2616.9,0.000000,,,,,,,,
507200,2617.4,0.000000,,,,,,,,
507300,2617.9,0.000001,,,,,,,,
507400,2618.4,0.000001,,,,,,,,
507500,2618.9,0.000001,,,,,,,,
507600,2619.5,0.000001,,,,,,,,
507700,2619.9,0.000001,,,,,,,,
507800,2620.5,0.000001,,,,,,,,
507900,2621.0,0.000001,,,,,,,,
508000,2621.5,0.000001,,,,,,,,
508100,2622.0,0.000002,,,,,,,,
508200,2622.5,0.000001,,,,,,,,
508300,2623.0,0.000001,,,,,,,,
508400,2623.5,0.000001,,,,,,,,
508500,2624.0,0.000001,,,,,,,,
508600,2624.5,0.000000,,,,,,,,
508700,2625.0,0.000001,,,,,,,,
508800,2625.5,0.000001,,,,,,,,
508900,2626.0,0.000001,,,,,,,,
509000,2626.5,0.000001,,,,,,,,
509100,2627.1,0.000001,,,,,,,,
509200,2627.6,0.000001,,,,,,,,
509300,2628.1,0.000001,,,,,,,,
509400,2628.6,0.000001,,,,,,,,
509500,2629.1,0.000001,,,,,,,,
509600,2629.6,0.000001,,,,,,,,
509700,2630.1,0.000001,,,,,,,,
509800,2630.6,0.000001,,,,,,,,
509900,2631.2,0.000001,,,,,,,,
510000,2632.8,0.000001,0.000001,8.807267e-02,3.528620e-03,2.741681e-03,0.000000,4.737354e-02,3.429952e-03,2.722444e-03
510100,2633.0,0.000001,,,,,,,,
510200,2633.3,0.000001,,,,,,,,
510300,2633.7,0.000002,,,,,,,,
510400,2634.1,0.000001,,,,,,,,
510500,2634.6,0.000000,,,,,,,,
510600,2635.1,0.000001,,,,,,,,
510700,2635.6,0.000001,,,,,,,,
510800,2636.1,0.000001,,,,,,,,
510900,2636.6,0.000001,,,,,,,,
511000,2637.1,0.000001,,,,,,,,
511100,2637.6,0.000001,,,,,,,,
511200,2638.1,0.000001,,,,,,,,
511300,2638.7,0.000001,,,,,,,,
511400,2639.1,0.000001,,,,,,,,
511500,2639.6,0.000001,,,,,,,,
511600,2640.1,0.000001,,,,,,,,
511700,2640.6,0.000001,,,,,,,,
511800,2641.1,0.000001,,,,,,,,
511900,2641.6,0.000001,,,,,,,,
512000,2642.2,0.000001,,,,,,,,
512100,2642.7,0.000001,,,,,,,,
512200,2643.2,0.000000,,,,,,,,
512300,2643.7,0.000002,,,,,,,,
512400,2644.2,0.000001,,,,,,,,
512500,2644.7,0.000002,,,,,,,,
512600,2645.2,0.000001,,,,,,,,
512700,2645.8,0.000001,,,,,,,,
512800,2646.3,0.000001,,,,,,,,
512900,2646.8,0.000001,,,,,,,,
513000,2647.2,0.000001,,,,,,,,
513100,2647.5,0.000001,,,,,,,,
513200,2648.0,0.000001,,,,,,,,
513300,2648.5,0.000000,,,,,,,,
513400,2649.1,0.000001,,,,,,,,
513500,2649.6,0.000000,,,,,,,,
513600,2650.1,0.000001,,,,,,,,
513700,2650.6,0.000001,,,,,,,,
513800,2651.1,0.000001,,,,,,,,
513900,2651.6,0.000001,,,,,,,,
514000,2652.2,0.000001,,,,,,,,
514100,2652.7,0.000001,,,,,,,,
514200,2653.2,0.000001,,,,,,,,
514300,2653.7,0.000001,,,,,,,,
514400,2654.2,0.000001,,,,,,,,
514500,2654.7,0.000001,,,,,,,,
514600,2655.2,0.000001,,,,,,,,
514700,2655.7,0.000001,,,,,,,,
514800,2656.2,0.000000,,,,,,,,
514900,2656.7,0.000001,,,,,,,,
515000,2658.4,0.000002,0.000001,9.677970e-02,4.646446e-03,3.529841e-03,0.000000,8.430100e-02,4.518016e-03,3.515383e-03
515100,2658.6,0.000001,,,,,,,,
515200,2658.9,0.000001,,,,,,,,
515300,2659.3,0.000001,,,,,,,,
515400,2659.7,0.000001,,,,,,,,
515500,2660.2,0.000001,,,,,,,,
515600,2660.7,0.000000,,,,,,,,
515700,2661.2,0.000001,,,,,,,,
515800,2661.7,0.000002,,,,,,,,
515900,2662.2,0.000000,,,,,,,,
516000,2662.7,0.000000,,,,,,,,
516100,2663.2,0.000001,,,,,,,,
516200,2663.7,0.000001,,,,,,,,
516300,2664.2,0.000003,,,,,,,,
516400,2664.7,0.000001,,,,,,,,
516500,2665.2,0.000001,,,,,,,,
516600,2665.7,0.000001,,,,,,,,
516700,2666.2,0.000001,,,,,,,,
516800,2666.8,0.000001,,,,,,,,
516900,2667.2,0.000001,,,,,,,,
517000,2667.8,0.000001,,,,,,,,
517100,2668.3,0.000001,,,,,,,,
517200,2668.8,0.000002,,,,,,,,
517300,2669.3,0.000001,,,,,,,,
517400,2669.8,0.000001,,,,,,,,
517500,2670.3,0.000001,,,,,,,,
517600,2670.8,0.000001,,,,,,,,
517700,2671.2,0.000001,,,,,,,,
517800,2671.8,0.000001,,,,,,,,
517900,2672.3,0.000001,,,,,,,,
518000,2672.8,0.000001,,,,,,,,
518100,2673.3,0.000001,,,,,,,,
518200,2673.8,0.000001,,,,,,,,
518300,2674.3,0.000001,,,,,,,,
518400,2674.8,0.000001,,,,,,,,
518500,2675.3,0.000001,,,,,,,,
518600,2675.8,0.000000,,,,,,,,
518700,2676.3,0.000001,,,,,,,,
518800,2676.8,0.000001,,,,,,,,
518900,2677.2,0.000001,,,,,,,,
519000,2677.7,0.000001,,,,,,,,
519100,2678.1,0.000000,,,,,,,,
519200,2678.7,0.000001,,,,,,,,
519300,2679.2,0.000001,,,,,,,,
519400,2679.7,0.000001,,,,,,,,
519500,2680.2,0.000001,,,,,,,,
519600,2680.7,0.000001,,,,,,,,
519700,2681.2,0.000001,,,,,,,,
519800,2681.7,0.000001,,,,,,,,
519900,2682.2,0.000001,,,,,,,,
520000,2683.9,0.000001,0.000001,7.189644e-02,3.573506e-03,2.744043e-03,0.000000,5.755640e-02,3.495186e-03,2.736670e-03
520100,2684.1,0.000001,,,,,,,,
520200,2684.3,0.000001,,,,,,,,
520300,2684.6,0.000001,,,,,,,,
520400,2685.0,0.000001,,,,,,,,
520500,2685.5,0.000001,,,,,,,,
520600,2686.0,0.000001,,,,,,,,
520700,2686.5,0.000001,,,,,,,,
520800,2687.1,0.000001,,,,,,,,
520900,2687.6,0.000001,,,,,,,,
521000,2688.0,0.000001,,,,,,,,
521100,2688.5,0.000001,,,,,,,,
521200,2689.1,0.000001,,,,,,,,
521300,2689.5,0.000001,,,,,,,,
521400,2690.1,0.000001,,,,,,,,
521500,2690.6,0.000001,,,,,,,,
521600,2691.1,0.000001,,,,,,,,
521700,2691.6,0.000001,,,,,,,,
521800,2692.1,0.000000,,,,,,,,
521900,2692.6,0.000001,,,,,,,,
522000,2693.1,0.000001,,,,,,,,
522100,2693.6,0.000001,,,,,,,,
522200,2694.1,0.000001,,,,,,,,
522300,2694.6,0.000001,,,,,,,,
522400,2695.1,0.000001,,,,,,,,
522500,2695.6,0.000000,,,,,,,,
522600,2696.2,0.000001,,,,,,,,
522700,2696.7,0.000001,,,,,,,,
522800,2697.2,0.000001,,,,,,,,
522900,2697.7,0.000001,,,,,,,,
523000,2698.2,0.000000,,,,,,,,
523100,2698.7,0.000001,,,,,,,,
523200,2699.2,0.000001,,,,,,,,
523300,2699.7,0.000001,,,,,,,,
523400,2700.3,0.000001,,,,,,,,
523500,2700.8,0.000001,,,,,,,,
523600,2701.2,0.000000,,,,,,,,
523700,2701.7,0.000001,,,,,,,,
523800,2702.2,0.000001,,,,,,,,
523900,2702.8,0.000001,,,,,,,,
524000,2703.3,0.000001,,,,,,,,
524100,2703.8,0.000001,,,,,,,,
524200,2704.3,0.000000,,,,,,,,
524300,2704.8,0.000001,,,,,,,,
524400,2705.3,0.000001,,,,,,,,
524500,2705.8,0.000001,,,,,,,,
524600,2706.3,0.000001,,,,,,,,
524700,2706.8,0.000001,,,,,,,,
524800,2707.3,0.000001,,,,,,,,
524900,2707.8,0.000002,,,,,,,,
525000,2709.4,0.000000,0.000001,9.946834e-02,3.147770e-03,2.219738e-03,0.000000,8.291269e-02,2.988277e-03,2.153818e-03
525100,2709.7,0.000001,,,,,,,,
525200,2710.0,0.000001,,,,,,,,
525300,2710.3,0.000001,,,,,,,,
525400,2710.9,0.000001,,,,,,,,
525500,2711.4,0.000000,,,,,,,,
525600,2711.9,0.000001,,,,,,,,
525700,2712.4,0.000001,,,,,,,,
525800,2712.9,0.000001,,,,,,,,
525900,2713.4,0.000000,,,,,,,,
526000,2713.9,0.000001,,,,,,,,
526100,2714.4,0.000001,,,,,,,,
526200,2714.9,0.000001,,,,,,,,
526300,2715.4,0.000001,,,,,,,,
526400,2716.0,0.000001,,,,,,,,
526500,2716.5,0.000001,,,,,,,,
526600,2717.0,0.000001,,,,,,,,
526700,2717.5,0.000002,,,,,,,,
526800,2718.0,0.000001,,,,,,,,
526900,2718.5,0.000001,,,,,,,,
527000,2719.0,0.000000,,,,,,,,
527100,2719.6,0.000001,,,,,,,,
527200,2720.1,0.000001,,,,,,,,
527300,2720.6,0.000002,,,,,,,,
527400,2721.1,0.000000,,,,,,,,
527500,2721.6,0.000001,,,,,,,,
527600,2722.1,0.000001,,,,,,,,
527700,2722.6,0.000001,,,,,,,,
527800,2723.1,0.000001,,,,,,,,
527900,2723.7,0.000001,,,,,,,,
528000,2724.2,0.000001,,,,,,,,
528100,2724.7,0.000001,,,,,,,,
528200,2725.2,0.000001,,,,,,,,
528300,2725.7,0.000001,,,,,,,,
528400,2726.2,0.000001,,,,,,,,
528500,2726.7,0.000000,,,,,,,,
528600,2727.2,0.000001,,,,,,,,
528700,2727.7,0.000001,,,,,,,,
528800,2728.2,0.000001,,,,,,,,
528900,2728.7,0.000000,,,,,,,,
529000,2729.2,0.000002,,,,,,,,
529100,2729.7,0.000001,,,,,,,,
529200,2730.3,0.000001,,,,,,,,
529300,2730.7,0.000001,,,,,,,,
529400,2731.2,0.000001,,,,,,,,
529500,2731.7,0.000001,,,,,,,,
529600,2732.2,0.000001,,,,,,,,
529700,2732.7,0.000001,,,,,,,,
529800,2733.2,0.000000,,,,,,,,
529900,2733.8,0.000001,,,,,,,,
530000,2735.4,0.000000,0.000001,7.762958e-02,4.044608e-03,3.339663e-03,0.000000,4.777116e-02,3.941625e-03,3.290158e-03
530100,2735.6,0.000001,,,,,,,,
530200,2735.9,0.000001,,,,,,,,
530300,2736.3,0.000001,,,,,,,,
530400,2736.7,0.000001,,,,,,,,
530500,2737.2,0.000001,,,,,,,,
530600,2737.7,0.000001,,,,,,,,
530700,2738.2,0.000001,,,,,,,,
530800,2738.7,0.000001,,,,,,,,
530900,2739.2,0.000001,,,,,,,,
531000,2739.8,0.000001,,,,,,,,
531100,2740.3,0.000001,,,,,,,,
531200,2740.8,0.000001,,,,,,,,
531300,2741.3,0.000000,,,,,,,,
531400,2741.8,0.000001,,,,,,,,
531500,2742.3,0.000000,,,,,,,,
531600,2742.8,0.000001,,,,,,,,
531700,2743.4,0.000001,,,,,,,,
531800,2743.9,0.000002,,,,,,,,
531900,2744.4,0.000001,,,,,,,,
532000,2744.9,0.000001,,,,,,,,
532100,2745.4,0.000001,,,,,,,,
532200,2745.9,0.000001,,,,,,,,
532300,2746.5,0.000000,,,,,,,,
532400,2747.0,0.000001,,,,,,,,
532500,2747.5,0.000001,,,,,,,,
532600,2748.0,0.000001,,,,,,,,
532700,2748.5,0.000001,,,,,,,,
532800,2749.0,0.000000,,,,,,,,
532900,2749.5,0.000001,,,,,,,,
533000,2750.0,0.000001,,,,,,,,
533100,2750.5,0.000000,,,,,,,,
533200,2751.0,0.000001,,,,,,,,
533300,2751.5,0.000001,,,,,,,,
533400,2752.0,0.000001,,,,,,,,
533500,2752.6,0.000001,,,,,,,,
533600,2753.1,0.000001,,,,,,,,
533700,2753.6,0.000001,,,,,,,,
533800,2754.1,0.000000,,,,,,,,
533900,2754.6,0.000001,,,,,,,,
534000,2755.1,0.000001,,,,,,,,
534100,2755.6,0.000001,,,,,,,,
534200,2756.2,0.000000,,,,,,,,
534300,2756.7,0.000002,,,,,,,,
534400,2757.2,0.000001,,,,,,,,
534500,2757.7,0.000000,,,,,,,,
534600,2758.2,0.000001,,,,,,,,
534700,2758.8,0.000001,,,,,,,,
534800,2759.3,0.000001,,,,,,,,
534900,2759.8,0.000001,,,,,,,,
535000,2761.4,0.000000,0.000001,1.042766e-01,3.077312e-03,2.167954e-03,0.000000,5.415059e-02,2.992926e-03,2.157523e-03
535100,2761.7,0.000001,,,,,,,,
535200,2762.0,0.000001,,,,,,,,
535300,2762.3,0.000001,,,,,,,,
535400,2762.8,0.000001,,,,,,,,
535500,2763.3,0.000001,,,,,,,,
535600,2763.8,0.000001,,,,,,,,
535700,2764.3,0.000001,,,,,,,,
535800,2764.8,0.000001,,,,,,,,
535900,2765.3,0.000001,,,,,,,,
536000,2765.8,0.000001,,,,,,,,
536100,2766.3,0.000000,,,,,,,,
536200,2766.9,0.000001,,,,,,,,
536300,2767.3,0.000000,,,,,,,,
536400,2767.8,0.000001,,,,,,,,
536500,2768.4,0.000001,,,,,,,,
536600,2768.9,0.000000,,,,,,,,
536700,2769.3,0.000001,,,,,,,,
536800,2769.8,0.000001,,,,,,,,
536900,2770.3,0.000001,,,,,,,,
537000,2770.8,0.000001,,,,,,,,
537100,2771.3,0.000001,,,,,,,,
537200,2771.8,0.000000,,,,,,,,
537300,2772.4,0.000000,,,,,,,,
537400,2772.9,0.000001,,,,,,,,
537500,2773.4,0.000001,,,,,,,,
537600,2773.9,0.000001,,,,,,,,
537700,2774.4,0.000001,,,,,,,,
537800,2774.9,0.000001,,,,,,,,
537900,2775.4,0.000001,,,,,,,,
538000,2775.9,0.000001,,,,,,,,
538100,2776.4,0.000001,,,,,,,,
538200,2776.9,0.000001,,,,,,,,
538300,2777.4,0.000000,,,,,,,,
538400,2778.0,0.000000,,,,,,,,
538500,2778.5,0.000001,,,,,,,,
538600,2779.0,0.000001,,,,,,,,
538700,2779.5,0.000001,,,,,,,,
538800,2780.0,0.000001,,,,,,,,
538900,2780.5,0.000001,,,,,,,,
539000,2781.0,0.000001,,,,,,,,
539100,2781.6,0.000001,,,,,,,,
539200,2782.1,0.000000,,,,,,,,
539300,2782.6,0.000000,,,,,,,,
539400,2783.1,0.000002,,,,,,,,
539500,2783.6,0.000001,,,,,,,,
539600,2784.1,0.000001,,,,,,,,
539700,2784.6,0.000001,,,,,,,,
539800,2785.1,0.000001,,,,,,,,
539900,2785.7,0.000001,,,,,,,,
540000,2787.3,0.000001,0.000001,8.260132e-02,3.280345e-03,2.469226e-03,0.000000,3.729974e-02,3.185671e-03,2.432637e-03
540100,2787.5,0.000000,,,,,,,,
540200,2787.8,0.000001,,,,,,,,
540300,2788.1,0.000001,,,,,,,,
540400,2788.5,0.000002,,,,,,,,
540500,2789.0,0.000001,,,,,,,,
540600,2789.5,0.000001,,,,,,,,
540700,2790.0,0.000001,,,,,,,,
540800,2790.5,0.000001,,,,,,,,
540900,2791.0,0.000001,,,,,,,,
541000,2791.5,0.000000,,,,,,,,
541100,2792.0,0.000000,,,,,,,,
541200,2792.5,0.000001,,,,,,,,
541300,2793.0,0.000000,,,,,,,,
541400,2793.5,0.000000,,,,,,,,
541500,2794.1,0.000001,,,,,,,,
541600,2794.6,0.000000,,,,,,,,
541700,2795.1,0.000001,,,,,,,,
541800,2795.6,0.000002,,,,,,,,
541900,2796.1,0.000001,,,,,,,,
542000,2796.6,0.000001,,,,,,,,
542100,2797.2,0.000000,,,,,,,,
542200,2797.7,0.000001,,,,,,,,
542300,2798.2,0.000001,,,,,,,,
542400,2798.7,0.000001,,,,,,,,
542500,2799.2,0.000000,,,,,,,,
542600,2799.7,0.000001,,,,,,,,
542700,2800.2,0.000000,,,,,,,,
542800,2800.7,0.000001,,,,,,,,
542900,2801.2,0.000000,,,,,,,,
543000,2801.7,0.000001,,,,,,,,
543100,2802.2,0.000001,,,,,,,,
543200,2802.7,0.000002,,,,,,,,
543300,2803.2,0.000001,,,,,,,,
543400,2803.8,0.000001,,,,,,,,
543500,2804.3,0.000000,,,,,,,,
543600,2804.8,0.000001,,,,,,,,
543700,2805.3,0.000001,,,,,,,,
543800,2805.8,0.000001,,,,,,,,
543900,2806.3,0.000001,,,,,,,,
544000,2806.8,0.000002,,,,,,,,
544100,2807.3,0.000000,,,,,,,,
544200,2807.9,0.000000,,,,,,,,
544300,2808.4,0.000001,,,,,,,,
544400,2808.9,0.000001,,,,,,,,
544500,2809.4,0.000001,,,,,,,,
544600,2809.9,0.000001,,,,,,,,
544700,2810.5,0.000001,,,,,,,,
544800,2811.0,0.000000,,,,,,,,
544900,2811.5,0.000001,,,,,,,,
545000,2813.1,0.000001,0.000000,9.418739e-02,2.872160e-03,2.050986e-03,0.000013,3.601490e-02,2.783399e-03,2.043836e-03
545100,2813.4,0.000000,,,,,,,,
545200,2813.6,0.000001,,,,,,,,
545300,2814.0,0.000000,,,,,,,,
545400,2814.5,0.000001,,,,,,,,
545500,2815.0,0.000000,,,,,,,,
545600,2815.5,0.000000,,,,,,,,
545700,2816.0,0.000001,,,,,,,,
545800,2816.5,0.000001,,,,,,,,
545900,2817.0,0.000000,,,,,,,,
546000,2817.5,0.000001,,,,,,,,
546100,2818.0,0.000001,,,,,,,,
546200,2818.5,0.000001,,,,,,,,
546300,2819.0,0.000001,,,,,,,,
546400,2819.5,0.000001,,,,,,,,
546500,2820.0,0.000001,,,,,,,,
546600,2820.6,0.000001,,,,,,,,
546700,2821.0,0.000001,,,,,,,,
546800,2821.5,0.000001,,,,,,,,
546900,2822.0,0.000001,,,,,,,,
547000,2822.6,0.000000,,,,,,,,
547100,2823.1,0.000001,,,,,,,,
547200,2823.6,0.000001,,,,,,,,
547300,2824.1,0.000001,,,,,,,,
547400,2824.6,0.000000,,,,,,,,
547500,2825.1,0.000001,,,,,,,,
547600,2825.6,0.000001,,,,,,,,
547700,2826.1,0.000001,,,,,,,,
547800,2826.6,0.000001,,,,,,,,
547900,2827.1,0.000001,,,,,,,,
548000,2827.6,0.000000,,,,,,,,
548100,2828.1,0.000000,,,,,,,,
548200,2828.6,0.000001,,,,,,,,
548300,2829.1,0.000000,,,,,,,,
548400,2829.6,0.000001,,,,,,,,
548500,2830.1,0.000001,,,,,,,,
548600,2830.5,0.000000,,,,,,,,
548700,2831.0,0.000001,,,,,,,,
548800,2831.5,0.000001,,,,,,,,
548900,2832.0,0.000001,,,,,,,,
549000,2832.5,0.000001,,,,,,,,
549100,2833.0,0.000001,,,,,,,,
549200,2833.5,0.000001,,,,,,,,
549300,2834.0,0.000000,,,,,,,,
549400,2834.6,0.000001,,,,,,,,
549500,2835.1,0.000001,,,,,,,,
549600,2835.6,0.000001,,,,,,,,
549700,2836.1,0.000001,,,,,,,,
549800,2836.6,0.000001,,,,,,,,
549900,2837.1,0.000001,,,,,,,,
550000,2838.8,0.000001,0.000001,5.767459e-02,3.075380e-03,2.100558e-03,0.000000,4.399277e-02,2.976722e-03,2.072014e-03
550100,2839.0,0.000001,,,,,,,,
550200,2839.3,0.000001,,,,,,,,
550300,2839.6,0.000001,,,,,,,,
550400,2840.1,0.000001,,,,,,,,
550500,2840.6,0.000001,,,,,,,,
550600,2841.1,0.000000,,,,,,,,
550700,2841.6,0.000003,,,,,,,,
550800,2842.1,0.000001,,,,,,,,
550900,2842.6,0.000000,,,,,,,,
551000,2843.2,0.000001,,,,,,,,
551100,2843.7,0.000000,,,,,,,,
551200,2844.2,0.000001,,,,,,,,
551300,2844.7,0.000001,,,,,,,,
551400,2845.2,0.000000,,,,,,,,
551500,2845.7,0.000001,,,,,,,,
551600,2846.3,0.000000,,,,,,,,
551700,2846.8,0.000001,,,,,,,,
551800,2847.3,0.000000,,,,,,,,
551900,2847.8,0.000001,,,,,,,,
552000,2848.3,0.000001,,,,,,,,
552100,2848.9,0.000001,,,,,,,,
552200,2849.4,0.000001,,,,,,,,
552300,2849.8,0.000000,,,,,,,,
552400,2850.4,0.000001,,,,,,,,
552500,2851.0,0.000001,,,,,,,,
552600,2851.5,0.000001,,,,,,,,
552700,2852.2,0.000002,,,,,,,,
552800,2852.8,0.000001,,,,,,,,
552900,2853.3,0.000000,,,,,,,,
553000,2853.8,0.000000,,,,,,,,
553100,2854.3,0.000000,,,,,,,,
553200,2854.8,0.000001,,,,,,,,
553300,2855.4,0.000001,,,,,,,,
553400,2855.9,0.000001,,,,,,,,
553500,2856.4,0.000001,,,,,,,,
553600,2856.9,0.000000,,,,,,,,
553700,2857.5,0.000001,,,,,,,,
553800,2858.0,0.000001,,,,,,,,
553900,2858.5,0.000001,,,,,,,,
554000,2859.0,0.000001,,,,,,,,
554100,2859.5,0.000001,,,,,,,,
554200,2860.0,0.000000,,,,,,,,
554300,2860.5,0.000001,,,,,,,,
554400,2861.0,0.000001,,,,,,,,
554500,2861.6,0.000000,,,,,,,,
554600,2862.1,0.000001,,,,,,,,
554700,2862.6,0.000001,,,,,,,,
554800,2863.1,0.000001,,,,,,,,
554900,2863.7,0.000001,,,,,,,,
555000,2865.3,0.000001,0.000000,5.861372e-02,2.934697e-03,2.132676e-03,0.000000,4.015494e-02,2.902636e-03,2.164713e-03
555100,2865.6,0.000000,,,,,,,,
555200,2865.8,0.000001,,,,,,,,
555300,2866.2,0.000001,,,,,,,,
555400,2866.7,0.000001,,,,,,,,
555500,2867.3,0.000001,,,,,,,,
555600,2867.8,0.000001,,,,,,,,
555700,2868.3,0.000001,,,,,,,,
555800,2868.8,0.000000,,,,,,,,
555900,2869.4,0.000000,,,,,,,,
556000,2869.9,0.000001,,,,,,,,
556100,2870.4,0.000001,,,,,,,,
556200,2870.9,0.000001,,,,,,,,
556300,2871.4,0.000000,,,,,,,,
556400,2871.9,0.000000,,,,,,,,
556500,2872.5,0.000001,,,,,,,,
556600,2873.0,0.000000,,,,,,,,
556700,2873.5,0.000001,,,,,,,,
556800,2874.0,0.000001,,,,,,,,
556900,2874.5,0.000001,,,,,,,,
557000,2875.0,0.000001,,,,,,,,
557100,2875.5,0.000001,,,,,,,,
557200,2876.1,0.000001,,,,,,,,
557300,2876.6,0.000000,,,,,,,,
557400,2877.2,0.000001,,,,,,,,
557500,2877.7,0.000001,,,,,,,,
557600,2878.2,0.000001,,,,,,,,
557700,2878.7,0.000000,,,,,,,,
557800,2879.2,0.000001,,,,,,,,
557900,2879.8,0.000001,,,,,,,,
558000,2880.2,0.000000,,,,,,,,
558100,2880.8,0.000000,,,,,,,,
558200,2881.3,0.000000,,,,,,,,
558300,2881.8,0.000001,,,,,,,,
558400,2882.3,0.000001,,,,,,,,
558500,2882.8,0.000001,,,,,,,,
558600,2883.3,0.000000,,,,,,,,
558700,2883.9,0.000000,,,,,,,,
558800,2884.3,0.000001,,,,,,,,
558900,2884.9,0.000001,,,,,,,,
559000,2885.4,0.000000,,,,,,,,
559100,2885.9,0.000001,,,,,,,,
559200,2886.5,0.000000,,,,,,,,
559300,2887.0,0.000000,,,,,,,,
559400,2887.4,0.000001,,,,,,,,
559500,2888.0,0.000001,,,,,,,,
559600,2888.5,0.000001,,,,,,,,
559700,2889.0,0.000001,,,,,,,,
559800,2889.5,0.000001,,,,,,,,
559900,2890.0,0.000000,,,,,,,,
560000,2891.7,0.000001,0.000000,7.774571e-02,2.541337e-03,1.736411e-03,0.000000,5.306793e-02,2.438883e-03,1.692794e-03
560100,2891.9,0.000001,,,,,,,,
560200,2892.2,0.000001,,,,,,,,
560300,2892.6,0.000001,,,,,,,,
560400,2893.1,0.000001,,,,,,,,
560500,2893.6,0.000001,,,,,,,,
560600,2894.1,0.000001,,,,,,,,
560700,2894.6,0.000000,,,,,,,,
560800,2895.1,0.000001,,,,,,,,
560900,2895.7,0.000001,,,,,,,,
561000,2896.2,0.000001,,,,,,,,
561100,2896.7,0.000001,,,,,,,,
561200,2897.3,0.000001,,,,,,,,
561300,2897.8,0.000001,,,,,,,,
561400,2898.3,0.000000,,,,,,,,
561500,2898.8,0.000000,,,,,,,,
561600,2899.3,0.000001,,,,,,,,
561700,2899.8,0.000001,,,,,,,,
561800,2900.4,0.000001,,,,,,,,
561900,2900.9,0.000002,,,,,,,,
562000,2901.4,0.000000,,,,,,,,
562100,2902.0,0.000000,,,,,,,,
562200,2902.5,0.000001,,,,,,,,
562300,2903.0,0.000001,,,,,,,,
562400,2903.5,0.000001,,,,,,,,
562500,2904.1,0.000001,,,,,,,,
562600,2904.6,0.000001,,,,,,,,
562700,2905.1,0.000000,,,,,,,,
562800,2905.6,0.000000,,,,,,,,
562900,2906.1,0.000000,,,,,,,,
563000,2906.7,0.000001,,,,,,,,
563100,2907.2,0.000000,,,,,,,,
563200,2907.7,0.000001,,,,,,,,
563300,2908.2,0.000001,,,,,,,,
563400,2908.7,0.000001,,,,,,,,
563500,2909.2,0.000001,,,,,,,,
563600,2909.7,0.000001,,,,,,,,
563700,2910.3,0.000000,,,,,,,,
563800,2910.8,0.000001,,,,,,,,
563900,2911.2,0.000001,,,,,,,,
564000,2911.8,0.000001,,,,,,,,
564100,2912.3,0.000001,,,,,,,,
564200,2912.8,0.000000,,,,,,,,
564300,2913.3,0.000000,,,,,,,,
564400,2913.9,0.000000,,,,,,,,
564500,2914.4,0.000001,,,,,,,,
564600,2914.9,0.000000,,,,,,,,
564700,2915.4,0.000000,,,,,,,,
564800,2915.9,0.000002,,,,,,,,
564900,2916.5,0.000001,,,,,,,,
565000,2918.1,0.000001,0.000001,1.323468e-01,2.892489e-03,2.023965e-03,0.000000,4.315091e-02,2.735084e-03,1.951524e-03
565100,2918.4,0.000002,,,,,,,,
565200,2918.7,0.000000,,,,,,,,
565300,2919.1,0.000001,,,,,,,,
565400,2919.6,0.000000,,,,,,,,
565500,2920.1,0.000002,,,,,,,,
565600,2920.7,0.000001,,,,,,,,
565700,2921.2,0.000001,,,,,,,,
565800,2921.7,0.000000,,,,,,,,
565900,2922.2,0.000001,,,,,,,,
566000,2922.7,0.000001,,,,,,,,
566100,2923.2,0.000001,,,,,,,,
566200,2923.7,0.000001,,,,,,,,
566300,2924.3,0.000000,,,,,,,,
566400,2924.8,0.000002,,,,,,,,
566500,2925.3,0.000000,,,,,,,,
566600,2925.9,0.000001,,,,,,,,
566700,2926.4,0.000000,,,,,,,,
566800,2926.9,0.000001,,,,,,,,
566900,2927.4,0.000001,,,,,,,,
567000,2927.9,0.000000,,,,,,,,
567100,2928.5,0.000000,,,,,,,,
567200,2929.0,0.000002,,,,,,,,
567300,2929.5,0.000001,,,,,,,,
567400,2930.0,0.000001,,,,,,,,
567500,2930.5,0.000001,,,,,,,,
567600,2931.1,0.000001,,,,,,,,
567700,2931.6,0.000001,,,,,,,,
567800,2932.1,0.000001,,,,,,,,
567900,2932.6,0.000001,,,,,,,,
568000,2933.2,0.000001,,,,,,,,
568100,2933.7,0.000000,,,,,,,,
568200,2934.2,0.000001,,,,,,,,
568300,2934.7,0.000000,,,,,,,,
568400,2935.3,0.000000,,,,,,,,
568500,2935.8,0.000000,,,,,,,,
568600,2936.3,0.000001,,,,,,,,
568700,2936.8,0.000001,,,,,,,,
568800,2937.3,0.000000,,,,,,,,
568900,2937.8,0.000001,,,,,,,,
569000,2938.4,0.000001,,,,,,,,
569100,2938.9,0.000001,,,,,,,,
569200,2939.4,0.000000,,,,,,,,
569300,2939.9,0.000000,,,,,,,,
569400,2940.5,0.000001,,,,,,,,
569500,2941.0,0.000001,,,,,,,,
569600,2941.5,0.000000,,,,,,,,
569700,2942.0,0.000000,,,,,,,,
569800,2942.5,0.000001,,,,,,,,
569900,2943.0,0.000000,,,,,,,,
570000,2944.7,0.000000,0.000000,5.802251e-02,2.708977e-03,1.927391e-03,0.000000,3.850294e-02,2.608281e-03,1.893462e-03
570100,2944.9,0.000001,,,,,,,,
570200,2945.2,0.000000,,,,,,,,
570300,2945.6,0.000000,,,,,,,,
570400,2946.1,0.000001,,,,,,,,
570500,2946.6,0.000001,,,,,,,,
570600,2947.1,0.000001,,,,,,,,
570700,2947.6,0.000000,,,,,,,,
570800,2948.1,0.000001,,,,,,,,
570900,2948.7,0.000002,,,,,,,,
571000,2949.2,0.000001,,,,,,,,
571100,2949.7,0.000001,,,,,,,,
571200,2950.2,0.000001,,,,,,,,
571300,2950.7,0.000001,,,,,,,,
571400,2951.2,0.000001,,,,,,,,
571500,2951.8,0.000001,,,,,,,,
571600,2952.3,0.000000,,,,,,,,
571700,2952.6,0.000001,,,,,,,,
571800,2953.1,0.000001,,,,,,,,
571900,2953.7,0.000001,,,,,,,,
572000,2954.1,0.000001,,,,,,,,
572100,2954.7,0.000001,,,,,,,,
572200,2955.2,0.000001,,,,,,,,
572300,2955.7,0.000000,,,,,,,,
572400,2956.2,0.000001,,,,,,,,
572500,2956.8,0.000001,,,,,,,,
572600,2957.3,0.000001,,,,,,,,
572700,2957.8,0.000001,,,,,,,,
572800,2958.3,0.000000,,,,,,,,
572900,2958.9,0.000001,,,,,,,,
573000,2959.4,0.000001,,,,,,,,
573100,2959.9,0.000000,,,,,,,,
573200,2960.4,0.000000,,,,,,,,
573300,2960.9,0.000001,,,,,,,,
573400,2961.5,0.000000,,,,,,,,
573500,2962.0,0.000002,,,,,,,,
573600,2962.5,0.000000,,,,,,,,
573700,2963.0,0.000001,,,,,,,,
573800,2963.5,0.000001,,,,,,,,
573900,2964.0,0.000001,,,,,,,,
574000,2964.5,0.000001,,,,,,,,
574100,2965.1,0.000000,,,,,,,,
574200,2965.6,0.000001,,,,,,,,
574300,2966.1,0.000001,,,,,,,,
574400,2966.6,0.000001,,,,,,,,
574500,2967.1,0.000000,,,,,,,,
574600,2967.7,0.000001,,,,,,,,
574700,2968.2,0.000001,,,,,,,,
574800,2968.7,0.000001,,,,,,,,
574900,2969.2,0.000001,,,,,,,,
575000,2970.8,0.000001,0.000000,6.630956e-02,2.574495e-03,1.842752e-03,0.000000,5.565334e-02,2.483655e-03,1.811051e-03
575100,2971.1,0.000001,,,,,,,,
575200,2971.4,0.000001,,,,,,,,
575300,2971.7,0.000000,,,,,,,,
575400,2972.3,0.000001,,,,,,,,
575500,2972.8,0.000000,,,,,,,,
575600,2973.3,0.000001,,,,,,,,
575700,2973.8,0.000001,,,,,,,,
575800,2974.3,0.000000,,,,,,,,
575900,2974.9,0.000001,,,,,,,,
576000,2975.4,0.000001,,,,,,,,
576100,2975.9,0.000001,,,,,,,,
576200,2976.4,0.000001,,,,,,,,
576300,2977.0,0.000001,,,,,,,,
576400,2977.5,0.000001,,,,,,,,
576500,2978.0,0.000000,,,,,,,,
576600,2978.5,0.000001,,,,,,,,
576700,2979.1,0.000001,,,,,,,,
576800,2979.6,0.000001,,,,,,,,
576900,2980.1,0.000001,,,,,,,,
577000,2980.6,0.000001,,,,,,,,
577100,2981.2,0.000001,,,,,,,,
577200,2981.7,0.000000,,,,,,,,
577300,2982.2,0.000000,,,,,,,,
577400,2982.7,0.000001,,,,,,,,
577500,2983.2,0.000001,,,,,,,,
577600,2983.8,0.000001,,,,,,,,
577700,2984.3,0.000001,,,,,,,,
577800,2984.8,0.000001,,,,,,,,
577900,2985.4,0.000001,,,,,,,,
578000,2985.9,0.000000,,,,,,,,
578100,2986.4,0.000000,,,,,,,,
578200,2986.9,0.000001,,,,,,,,
578300,2987.4,0.000001,,,,,,,,
578400,2987.9,0.000001,,,,,,,,
578500,2988.5,0.000000,,,,,,,,
578600,2989.0,0.000000,,,,,,,,
578700,2989.5,0.000000,,,,,,,,
578800,2990.1,0.000001,,,,,,,,
578900,2990.6,0.000000,,,,,,,,
579000,2991.1,0.000000,,,,,,,,
579100,2991.5,0.000000,,,,,,,,
579200,2992.1,0.000001,,,,,,,,
579300,2992.6,0.000001,,,,,,,,
579400,2993.1,0.000001,,,,,,,,
579500,2993.6,0.000001,,,,,,,,
579600,2994.1,0.000001,,,,,,,,
579700,2994.7,0.000000,,,,,,,,
579800,2995.2,0.000000,,,,,,,,
579900,2995.7,0.000001,,,,,,,,
580000,2997.4,0.000001,0.000001,7.901275e-02,3.435886e-03,2.641727e-03,0.000000,5.577851e-02,3.358774e-03,2.641788e-03
580100,2997.6,0.000001,,,,,,,,
580200,2997.9,0.000001,,,,,,,,
580300,2998.3,0.000001,,,,,,,,
580400,2998.8,0.000000,,,,,,,,
580500,2999.4,0.000001,,,,,,,,
580600,2999.9,0.000001,,,,,,,,
580700,3000.4,0.000000,,,,,,,,
580800,3001.0,0.000001,,,,,,,,
580900,3001.4,0.000000,,,,,,,,
581000,3002.0,0.000000,,,,,,,,
581100,3002.5,0.000001,,,,,,,,
581200,3003.0,0.000000,,,,,,,,
581300,3003.5,0.000000,,,,,,,,
581400,3004.0,0.000001,,,,,,,,
581500,3004.5,0.000000,,,,,,,,
581600,3005.0,0.000001,,,,,,,,
581700,3005.5,0.000001,,,,,,,,
581800,3006.1,0.000001,,,,,,,,
581900,3006.6,0.000000,,,,,,,,
582000,3007.1,0.000001,,,,,,,,
582100,3007.6,0.000001,,,,,,,,
582200,3008.1,0.000001,,,,,,,,
582300,3008.6,0.000000,,,,,,,,
582400,3009.1,0.000001,,,,,,,,
582500,3009.6,0.000001,,,,,,,,
582600,3010.2,0.000001,,,,,,,,
582700,3010.7,0.000001,,,,,,,,
582800,3011.2,0.000001,,,,,,,,
582900,3011.7,0.000001,,,,,,,,
583000,3012.2,0.000001,,,,,,,,
583100,3012.7,0.000001,,,,,,,,
583200,3013.3,0.000001,,,,,,,,
583300,3013.8,0.000001,,,,,,,,
583400,3014.3,0.000001,,,,,,,,
583500,3014.8,0.000001,,,,,,,,
583600,3015.3,0.000000,,,,,,,,
583700,3015.8,0.000000,,,,,,,,
583800,3016.3,0.000001,,,,,,,,
583900,3016.9,0.000000,,,,,,,,
584000,3017.4,0.000000,,,,,,,,
584100,3017.9,0.000000,,,,,,,,
584200,3018.5,0.000000,,,,,,,,
584300,3018.9,0.000001,,,,,,,,
584400,3019.4,0.000000,,,,,,,,
584500,3019.9,0.000001,,,,,,,,
584600,3020.5,0.000000,,,,,,,,
584700,3021.0,0.000000,,,,,,,,
584800,3021.5,0.000000,,,,,,,,
584900,3022.0,0.000001,,,,,,,,
585000,3023.8,0.000001,0.000001,7.809294e-02,3.210889e-03,2.436012e-03,0.000000,4.950095e-02,3.074812e-03,2.338577e-03
585100,3024.0,0.000001,,,,,,,,
585200,3024.3,0.000001,,,,,,,,
585300,3024.7,0.000000,,,,,,,,
585400,3025.2,0.000000,,,,,,,,
585500,3025.7,0.000000,,,,,,,,
585600,3026.3,0.000001,,,,,,,,
585700,3026.8,0.000000,,,,,,,,
585800,3027.3,0.000000,,,,,,,,
585900,3027.8,0.000000,,,,,,,,
586000,3028.3,0.000001,,,,,,,,
586100,3028.9,0.000001,,,,,,,,
586200,3029.4,0.000000,,,,,,,,
586300,3029.9,0.000001,,,,,,,,
586400,3030.4,0.000001,,,,,,,,
586500,3030.9,0.000001,,,,,,,,
586600,3031.4,0.000000,,,,,,,,
586700,3031.9,0.000000,,,,,,,,
586800,3032.4,0.000001,,,,,,,,
586900,3032.9,0.000000,,,,,,,,
587000,3033.5,0.000000,,,,,,,,
587100,3034.0,0.000000,,,,,,,,
587200,3034.5,0.000001,,,,,,,,
587300,3035.0,0.000001,,,,,,,,
587400,3035.6,0.000001,,,,,,,,
587500,3036.1,0.000001,,,,,,,,
587600,3036.6,0.000001,,,,,,,,
587700,3037.2,0.000000,,,,,,,,
587800,3037.7,0.000001,,,,,,,,
587900,3038.2,0.000001,,,,,,,,
588000,3038.7,0.000001,,,,,,,,
588100,3039.2,0.000001,,,,,,,,
588200,3039.8,0.000001,,,,,,,,
588300,3040.3,0.000001,,,,,,,,
588400,3040.8,0.000001,,,,,,,,
588500,3041.3,0.000001,,,,,,,,
588600,3041.8,0.000000,,,,,,,,
588700,3042.4,0.000000,,,,,,,,
588800,3042.9,0.000001,,,,,,,,
588900,3043.4,0.000002,,,,,,,,
589000,3043.9,0.000001,,,,,,,,
589100,3044.4,0.000000,,,,,,,,
589200,3045.0,0.000001,,,,,,,,
589300,3045.5,0.000001,,,,,,,,
589400,3046.0,0.000000,,,,,,,,
589500,3046.5,0.000001,,,,,,,,
589600,3047.1,0.000001,,,,,,,,
589700,3047.6,0.000000,,,,,,,,
589800,3048.1,0.000001,,,,,,,,
589900,3048.6,0.000001,,,,,,,,
590000,3050.3,0.000001,0.000001,7.458682e-02,3.888615e-03,3.133726e-03,0.000000,4.147244e-02,3.853960e-03,3.165336e-03
590100,3050.5,0.000001,,,,,,,,
590200,3050.8,0.000001,,,,,,,,
590300,3051.2,0.000001,,,,,,,,
590400,3051.7,0.000000,,,,,,,,
590500,3052.2,0.000000,,,,,,,,
590600,3052.7,0.000000,,,,,,,,
590700,3053.3,0.000001,,,,,,,,
590800,3053.8,0.000001,,,,,,,,
590900,3054.3,0.000000,,,,,,,,
591000,3054.9,0.000001,,,,,,,,
591100,3055.4,0.000001,,,,,,,,
591200,3055.9,0.000001,,,,,,,,
591300,3056.4,0.000000,,,,,,,,
591400,3057.0,0.000000,,,,,,,,
591500,3057.5,0.000000,,,,,,,,
591600,3058.0,0.000001,,,,,,,,
591700,3058.5,0.000001,,,,,,,,
591800,3059.1,0.000001,,,,,,,,
591900,3059.6,0.000000,,,,,,,,
592000,3060.1,0.000001,,,,,,,,
592100,3060.7,0.000000,,,,,,,,
592200,3061.2,0.000001,,,,,,,,
592300,3061.7,0.000000,,,,,,,,
592400,3062.2,0.000000,,,,,,,,
592500,3062.7,0.000001,,,,,,,,
592600,3063.2,0.000000,,,,,,,,
592700,3063.8,0.000001,,,,,,,,
592800,3064.3,0.000002,,,,,,,,
592900,3064.8,0.000001,,,,,,,,
593000,3065.3,0.000001,,,,,,,,
593100,3065.8,0.000001,,,,,,,,
593200,3066.4,0.000001,,,,,,,,
593300,3066.9,0.000001,,,,,,,,
593400,3067.4,0.000001,,,,,,,,
593500,3067.9,0.000000,,,,,,,,
593600,3068.4,0.000000,,,,,,,,
593700,3068.9,0.000000,,,,,,,,
593800,3069.5,0.000000,,,,,,,,
593900,3070.0,0.000001,,,,,,,,
594000,3070.5,0.000001,,,,,,,,
594100,3071.0,0.000000,,,,,,,,
594200,3071.6,0.000001,,,,,,,,
594300,3072.1,0.000001,,,,,,,,
594400,3072.6,0.000000,,,,,,,,
594500,3073.1,0.000000,,,,,,,,
594600,3073.6,0.000001,,,,,,,,
594700,3074.1,0.000001,,,,,,,,
594800,3074.5,0.000001,,,,,,,,
594900,3075.0,0.000000,,,,,,,,
595000,3076.7,0.000001,0.000001,9.015230e-02,3.185626e-03,2.308585e-03,0.000000,4.280496e-02,3.083902e-03,2.289033e-03
595100,3077.0,0.000000,,,,,,,,
595200,3077.2,0.000000,,,,,,,,
595300,3077.6,0.000000,,,,,,,,
595400,3078.1,0.000001,,,,,,,,
595500,3078.6,0.000000,,,,,,,,
595600,3079.1,0.000001,,,,,,,,
595700,3079.6,0.000001,,,,,,,,
595800,3080.1,0.000001,,,,,,,,
595900,3080.7,0.000000,,,,,,,,
596000,3081.2,0.000000,,,,,,,,
596100,3081.7,0.000000,,,,,,,,
596200,3082.2,0.000000,,,,,,,,
596300,3082.8,0.000001,,,,,,,,
596400,3083.3,0.000001,,,,,,,,
596500,3083.8,0.000001,,,,,,,,
596600,3084.4,0.000001,,,,,,,,
596700,3084.9,0.000000,,,,,,,,
596800,3085.4,0.000001,,,,,,,,
596900,3085.9,0.000000,,,,,,,,
597000,3086.5,0.000001,,,,,,,,
597100,3087.0,0.000000,,,,,,,,
597200,3087.5,0.000001,,,,,,,,
597300,3088.0,0.000001,,,,,,,,
597400,3088.5,0.000001,,,,,,,,
597500,3089.0,0.000001,,,,,,,,
597600,3089.5,0.000001,,,,,,,,
597700,3090.1,0.000001,,,,,,,,
597800,3090.6,0.000001,,,,,,,,
597900,3091.0,0.000001,,,,,,,,
598000,3091.5,0.000000,,,,,,,,
598100,3092.0,0.000000,,,,,,,,
598200,3092.6,0.000001,,,,,,,,
598300,3093.1,0.000001,,,,,,,,
598400,3093.6,0.000001,,,,,,,,
598500,3094.1,0.000000,,,,,,,,
598600,3094.6,0.000001,,,,,,,,
598700,3095.2,0.000000,,,,,,,,
598800,3095.7,0.000000,,,,,,,,
598900,3096.2,0.000000,,,,,,,,
599000,3096.8,0.000001,,,,,,,,
599100,3097.3,0.000000,,,,,,,,
599200,3097.8,0.000000,,,,,,,,
599300,3098.3,0.000000,,,,,,,,
599400,3098.9,0.000002,,,,,,,,
599500,3099.4,0.000001,,,,,,,,
599600,3099.9,0.000000,,,,,,,,
599700,3100.4,0.000001,,,,,,,,
599800,3101.0,0.000000,,,,,,,,
599900,3101.5,0.000001,,,,,,,,
600000,3103.1,0.000001,0.000001,9.106363e-02,3.249373e-03,2.671059e-03,0.000000,3.171097e-02,3.151703e-03,2.639343e-03
600100,3103.3,0.000001,,,,,,,,
600200,3103.6,0.000000,,,,,,,,
600300,3103.9,0.000000,,,,,,,,
600400,3104.4,0.000000,,,,,,,,
600500,3104.9,0.000001,,,,,,,,
600600,3105.5,0.000001,,,,,,,,
600700,3106.0,0.000001,,,,,,,,
600800,3106.5,0.000000,,,,,,,,
600900,3107.0,0.000001,,,,,,,,
601000,3107.5,0.000000,,,,,,,,
601100,3108.0,0.000001,,,,,,,,
601200,3108.6,0.000001,,,,,,,,
601300,3109.1,0.000001,,,,,,,,
601400,3109.6,0.000001,,,,,,,,
601500,3110.1,0.000001,,,,,,,,
601600,3110.7,0.000001,,,,,,,,
601700,3111.2,0.000000,,,,,,,,
601800,3111.7,0.000001,,,,,,,,
601900,3112.2,0.000000,,,,,,,,
602000,3112.7,0.000000,,,,,,,,
602100,3113.3,0.000000,,,,,,,,
602200,3113.8,0.000001,,,,,,,,
602300,3114.3,0.000001,,,,,,,,
602400,3114.8,0.000001,,,,,,,,
602500,3115.4,0.000001,,,,,,,,
602600,3115.9,0.000000,,,,,,,,
602700,3116.4,0.000000,,,,,,,,
602800,3116.9,0.000000,,,,,,,,
602900,3117.5,0.000000,,,,,,,,
603000,3118.0,0.000001,,,,,,,,
603100,3118.5,0.000000,,,,,,,,
603200,3119.0,0.000001,,,,,,,,
603300,3119.6,0.000000,,,,,,,,
603400,3120.1,0.000001,,,,,,,,
603500,3120.7,0.000000,,,,,,,,
603600,3121.2,0.000001,,,,,,,,
603700,3121.7,0.000000,,,,,,,,
603800,3122.2,0.000001,,,,,,,,
603900,3122.7,0.000001,,,,,,,,
604000,3123.2,0.000001,,,,,,,,
604100,3123.8,0.000001,,,,,,,,
604200,3124.3,0.000000,,,,,,,,
604300,3124.8,0.000000,,,,,,,,
604400,3125.3,0.000001,,,,,,,,
604500,3125.9,0.000001,,,,,,,,
604600,3126.4,0.000001,,,,,,,,
604700,3126.9,0.000000,,,,,,,,
604800,3127.4,0.000000,,,,,,,,
604900,3127.9,0.000001,,,,,,,,
605000,3129.6,0.000001,0.000001,9.612206e-02,3.419841e-03,2.827836e-03,0.000000,5.518747e-02,3.350594e-03,2.841253e-03
605100,3129.8,0.000000,,,,,,,,
605200,3130.1,0.000001,,,,,,,,
605300,3130.4,0.000000,,,,,,,,
605400,3130.9,0.000000,,,,,,,,
605500,3131.4,0.000000,,,,,,,,
605600,3132.0,0.000000,,,,,,,,
605700,3132.5,0.000000,,,,,,,,
605800,3133.0,0.000000,,,,,,,,
605900,3133.5,0.000000,,,,,,,,
606000,3134.1,0.000001,,,,,,,,
606100,3134.6,0.000000,,,,,,,,
606200,3135.1,0.000000,,,,,,,,
606300,3135.5,0.000000,,,,,,,,
606400,3136.0,0.000001,,,,,,,,
606500,3136.5,0.000001,,,,,,,,
606600,3137.0,0.000000,,,,,,,,
606700,3137.6,0.000001,,,,,,,,
606800,3138.1,0.000000,,,,,,,,
606900,3138.6,0.000000,,,,,,,,
607000,3139.1,0.000000,,,,,,,,
607100,3139.7,0.000001,,,,,,,,
607200,3140.2,0.000000,,,,,,,,
607300,3140.7,0.000001,,,,,,,,
607400,3141.2,0.000001,,,,,,,,
607500,3141.8,0.000001,,,,,,,,
607600,3142.3,0.000000,,,,,,,,
607700,3142.8,0.000000,,,,,,,,
607800,3143.4,0.000001,,,,,,,,
607900,3143.9,0.000000,,,,,,,,
608000,3144.4,0.000000,,,,,,,,
608100,3144.9,0.000000,,,,,,,,
608200,3145.4,0.000000,,,,,,,,
608300,3146.0,0.000000,,,,,,,,
608400,3146.5,0.000000,,,,,,,,
608500,3147.0,0.000001,,,,,,,,
608600,3147.5,0.000001,,,,,,,,
608700,3148.1,0.000000,,,,,,,,
608800,3148.6,0.000001,,,,,,,,
608900,3149.1,0.000001,,,,,,,,
609000,3149.6,0.000001,,,,,,,,
609100,3150.1,0.000001,,,,,,,,
609200,3150.6,0.000001,,,,,,,,
609300,3151.1,0.000001,,,,,,,,
609400,3151.6,0.000001,,,,,,,,
609500,3152.1,0.000000,,,,,,,,
609600,3152.7,0.000000,,,,,,,,
609700,3153.2,0.000001,,,,,,,,
609800,3153.7,0.000001,,,,,,,,
609900,3154.2,0.000001,,,,,,,,
610000,3155.9,0.000000,0.000000,7.127477e-02,3.038327e-03,2.375154e-03,0.000000,3.512741e-02,2.978928e-03,2.380595e-03
610100,3156.2,0.000001,,,,,,,,
610200,3156.5,0.000001,,,,,,,,
610300,3156.9,0.000000,,,,,,,,
610400,3157.4,0.000001,,,,,,,,
610500,3157.9,0.000001,,,,,,,,
610600,3158.5,0.000000,,,,,,,,
610700,3159.0,0.000001,,,,,,,,
610800,3159.5,0.000001,,,,,,,,
610900,3160.0,0.000000,,,,,,,,
611000,3160.5,0.000000,,,,,,,,
611100,3161.0,0.000001,,,,,,,,
611200,3161.5,0.000000,,,,,,,,
611300,3162.1,0.000000,,,,,,,,
611400,3162.6,0.000000,,,,,,,,
611500,3163.1,0.000000,,,,,,,,
611600,3163.6,0.000000,,,,,,,,
611700,3164.1,0.000001,,,,,,,,
611800,3164.7,0.000000,,,,,,,,
611900,3165.2,0.000002,,,,,,,,
612000,3165.7,0.000001,,,,,,,,
612100,3166.2,0.000000,,,,,,,,
612200,3166.8,0.000001,,,,,,,,
612300,3167.3,0.000000,,,,,,,,
612400,3167.8,0.000000,,,,,,,,
612500,3168.3,0.000001,,,,,,,,
612600,3168.8,0.000000,,,,,,,,
612700,3169.3,0.000001,,,,,,,,
612800,3169.8,0.000001,,,,,,,,
612900,3170.4,0.000000,,,,,,,,
613000,3170.9,0.000000,,,,,,,,
613100,3171.3,0.000000,,,,,,,,
613200,3171.9,0.000001,,,,,,,,
613300,3172.4,0.000001,,,,,,,,
613400,3173.0,0.000000,,,,,,,,
613500,3173.5,0.000001,,,,,,,,
613600,3174.0,0.000000,,,,,,,,
613700,3174.5,0.000000,,,,,,,,
613800,3175.0,0.000001,,,,,,,,
613900,3175.5,0.000000,,,,,,,,
614000,3176.1,0.000000,,,,,,,,
614100,3176.6,0.000001,,,,,,,,
614200,3177.1,0.000001,,,,,,,,
614300,3177.6,0.000001,,,,,,,,
614400,3178.2,0.000000,,,,,,,,
614500,3178.7,0.000001,,,,,,,,
614600,3179.2,0.000001,,,,,,,,
614700,3179.7,0.000001,,,,,,,,
614800,3180.3,0.000001,,,,,,,,
614900,3180.8,0.000000,,,,,,,,
615000,3182.4,0.000001,0.000000,6.985547e-02,2.889231e-03,2.026146e-03,0.000000,3.603030e-02,2.795867e-03,2.026837e-03
615100,3182.7,0.000000,,,,,,,,
615200,3183.0,0.000001,,,,,,,,
615300,3183.3,0.000001,,,,,,,,
615400,3183.8,0.000001,,,,,,,,
615500,3184.3,0.000000,,,,,,,,
615600,3184.8,0.000001,,,,,,,,
615700,3185.4,0.000001,,,,,,,,
615800,3185.9,0.000000,,,,,,,,
615900,3186.4,0.000000,,,,,,,,
616000,3186.9,0.000000,,,,,,,,
616100,3187.4,0.000000,,,,,,,,
616200,3187.9,0.000001,,,,,,,,
616300,3188.4,0.000000,,,,,,,,
616400,3189.0,0.000000,,,,,,,,
616500,3189.5,0.000001,,,,,,,,
616600,3190.0,0.000000,,,,,,,,
616700,3190.5,0.000001,,,,,,,,
616800,3191.0,0.000001,,,,,,,,
616900,3191.5,0.000000,,,,,,,,
617000,3192.0,0.000001,,,,,,,,
617100,3192.6,0.000001,,,,,,,,
617200,3193.1,0.000000,,,,,,,,
617300,3193.7,0.000001,,,,,,,,
617400,3194.2,0.000001,,,,,,,,
617500,3194.7,0.000000,,,,,,,,
617600,3195.2,0.000001,,,,,,,,
617700,3195.7,0.000001,,,,,,,,
617800,3196.2,0.000001,,,,,,,,
617900,3196.6,0.000001,,,,,,,,
618000,3197.1,0.000001,,,,,,,,
618100,3197.6,0.000001,,,,,,,,
618200,3198.1,0.000001,,,,,,,,
618300,3198.6,0.000001,,,,,,,,
618400,3199.2,0.000000,,,,,,,,
618500,3199.7,0.000000,,,,,,,,
618600,3200.2,0.000001,,,,,,,,
618700,3200.8,0.000000,,,,,,,,
618800,3201.3,0.000000,,,,,,,,
618900,3201.8,0.000000,,,,,,,,
619000,3202.3,0.000001,,,,,,,,
619100,3202.9,0.000001,,,,,,,,
619200,3203.4,0.000001,,,,,,,,
619300,3203.9,0.000000,,,,,,,,
619400,3204.4,0.000000,,,,,,,,
619500,3205.0,0.000001,,,,,,,,
619600,3205.5,0.000001,,,,,,,,
619700,3206.1,0.000000,,,,,,,,
619800,3206.5,0.000000,,,,,,,,
619900,3207.1,0.000000,,,,,,,,
620000,3208.8,0.000001,0.000000,6.760169e-02,2.936485e-03,2.272568e-03,0.000000,3.786517e-02,2.837182e-03,2.216733e-03
620100,3209.0,0.000001,,,,,,,,
620200,3209.2,0.000000,,,,,,,,
620300,3209.6,0.000001,,,,,,,,
620400,3210.0,0.000000,,,,,,,,
620500,3210.5,0.000001,,,,,,,,
620600,3211.1,0.000000,,,,,,,,
620700,3211.6,0.000001,,,,,,,,
620800,3212.1,0.000000,,,,,,,,
620900,3212.6,0.000001,,,,,,,,
621000,3213.2,0.000000,,,,,,,,
621100,3213.7,0.000000,,,,,,,,
621200,3214.2,0.000001,,,,,,,,
621300,3214.7,0.000000,,,,,,,,
621400,3215.2,0.000001,,,,,,,,
621500,3215.7,0.000001,,,,,,,,
621600,3216.3,0.000001,,,,,,,,
621700,3216.8,0.000001,,,,,,,,
621800,3217.3,0.000000,,,,,,,,
621900,3217.8,0.000001,,,,,,,,
622000,3218.4,0.000000,,,,,,,,
622100,3218.9,0.000001,,,,,,,,
622200,3219.4,0.000000,,,,,,,,
622300,3219.9,0.000001,,,,,,,,
622400,3220.4,0.000000,,,,,,,,
622500,3220.9,0.000000,,,,,,,,
622600,3221.5,0.000001,,,,,,,,
622700,3222.0,0.000000,,,,,,,,
622800,3222.5,0.000000,,,,,,,,
622900,3223.0,0.000000,,,,,,,,
623000,3223.5,0.000001,,,,,,,,
623100,3224.1,0.000000,,,,,,,,
623200,3224.6,0.000000,,,,,,,,
623300,3225.2,0.000000,,,,,,,,
623400,3225.7,0.000000,,,,,,,,
623500,3226.2,0.000001,,,,,,,,
623600,3226.7,0.000000,,,,,,,,
623700,3227.2,0.000001,,,,,,,,
623800,3227.7,0.000000,,,,,,,,
623900,3228.3,0.000000,,,,,,,,
624000,3228.8,0.000001,,,,,,,,
624100,3229.3,0.000001,,,,,,,,
624200,3229.8,0.000000,,,,,,,,
624300,3230.4,0.000000,,,,,,,,
624400,3230.9,0.000000,,,,,,,,
624500,3231.4,0.000001,,,,,,,,
624600,3231.9,0.000000,,,,,,,,
624700,3232.4,0.000000,,,,,,,,
624800,3232.9,0.000000,,,,,,,,
624900,3233.5,0.000001,,,,,,,,
625000,3235.1,0.000000,0.000001,1.414673e-01,3.051265e-03,2.131943e-03,0.000000,4.519583e-02,2.845371e-03,2.067146e-03
625100,3235.4,0.000001,,,,,,,,
625200,3235.7,0.000000,,,,,,,,
625300,3236.1,0.000001,,,,,,,,
625400,3236.6,0.000001,,,,,,,,
625500,3237.1,0.000001,,,,,,,,
625600,3237.7,0.000000,,,,,,,,
625700,3238.2,0.000000,,,,,,,,
625800,3238.7,0.000001,,,,,,,,
625900,3239.2,0.000001,,,,,,,,
626000,3239.7,0.000000,,,,,,,,
626100,3240.3,0.000000,,,,,,,,
626200,3240.8,0.000000,,,,,,,,
626300,3241.3,0.000001,,,,,,,,
626400,3241.8,0.000001,,,,,,,,
626500,3242.3,0.000000,,,,,,,,
626600,3242.8,0.000001,,,,,,,,
626700,3243.3,0.000000,,,,,,,,
626800,3243.9,0.000001,,,,,,,,
626900,3244.4,0.000000,,,,,,,,
627000,3244.9,0.000000,,,,,,,,
627100,3245.4,0.000000,,,,,,,,
627200,3245.9,0.000000,,,,,,,,
627300,3246.4,0.000000,,,,,,,,
627400,3247.0,0.000000,,,,,,,,
627500,3247.5,0.000000,,,,,,,,
627600,3248.0,0.000000,,,,,,,,
627700,3248.5,0.000001,,,,,,,,
627800,3249.1,0.000001,,,,,,,,
627900,3249.6,0.000001,,,,,,,,
628000,3250.1,0.000001,,,,,,,,
628100,3250.6,0.000001,,,,,,,,
628200,3251.1,0.000000,,,,,,,,
628300,3251.6,0.000000,,,,,,,,
628400,3252.1,0.000000,,,,,,,,
628500,3252.7,0.000000,,,,,,,,
628600,3253.2,0.000000,,,,,,,,
628700,3253.7,0.000000,,,,,,,,
628800,3254.2,0.000000,,,,,,,,
628900,3254.8,0.000001,,,,,,,,
629000,3255.3,0.000000,,,,,,,,
629100,3255.8,0.000001,,,,,,,,
629200,3256.4,0.000000,,,,,,,,
629300,3256.9,0.000000,,,,,,,,
629400,3257.3,0.000000,,,,,,,,
629500,3257.7,0.000001,,,,,,,,
629600,3258.3,0.000000,,,,,,,,
629700,3258.8,0.000000,,,,,,,,
629800,3259.3,0.000001,,,,,,,,
629900,3259.8,0.000000,,,,,,,,
630000,3261.5,0.000001,0.000000,5.532433e-02,3.206418e-03,2.589067e-03,0.000000,4.023910e-02,3.152117e-03,2.600231e-03
630100,3261.7,0.000001,,,,,,,,
630200,3262.0,0.000001,,,,,,,,
630300,3262.3,0.000001,,,,,,,,
630400,3262.8,0.000000,,,,,,,,
630500,3263.3,0.000000,,,,,,,,
630600,3263.8,0.000000,,,,,,,,
630700,3264.3,0.000000,,,,,,,,
630800,3264.9,0.000000,,,,,,,,
630900,3265.4,0.000000,,,,,,,,
631000,3265.9,0.000000,,,,,,,,
631100,3266.5,0.000000,,,,,,,,
631200,3267.0,0.000000,,,,,,,,
631300,3267.5,0.000000,,,,,,,,
631400,3268.0,0.000001,,,,,,,,
631500,3268.5,0.000001,,,,,,,,
631600,3269.0,0.000000,,,,,,,,
631700,3269.6,0.000000,,,,,,,,
631800,3270.1,0.000000,,,,,,,,
631900,3270.6,0.000000,,,,,,,,
632000,3271.1,0.000000,,,,,,,,
632100,3271.6,0.000000,,,,,,,,
632200,3272.1,0.000000,,,,,,,,
632300,3272.6,0.000001,,,,,,,,
632400,3273.1,0.000000,,,,,,,,
632500,3273.6,0.000000,,,,,,,,
632600,3274.1,0.000000,,,,,,,,
632700,3274.7,0.000001,,,,,,,,
632800,3275.2,0.000000,,,,,,,,
632900,3275.8,0.000000,,,,,,,,
633000,3276.2,0.000000,,,,,,,,
633100,3276.8,0.000001,,,,,,,,
633200,3277.3,0.000000,,,,,,,,
633300,3277.8,0.000001,,,,,,,,
633400,3278.4,0.000000,,,,,,,,
633500,3278.9,0.000000,,,,,,,,
633600,3279.4,0.000000,,,,,,,,
633700,3279.9,0.000001,,,,,,,,
633800,3280.5,0.000001,,,,,,,,
633900,3281.0,0.000000,,,,,,,,
634000,3281.5,0.000000,,,,,,,,
634100,3282.0,0.000001,,,,,,,,
634200,3282.6,0.000000,,,,,,,,
634300,3283.1,0.000000,,,,,,,,
634400,3283.6,0.000000,,,,,,,,
634500,3284.1,0.000001,,,,,,,,
634600,3284.7,0.000001,,,,,,,,
634700,3285.2,0.000000,,,,,,,,
634800,3285.7,0.000000,,,,,,,,
634900,3286.2,0.000001,,,,,,,,
635000,3287.9,0.000000,0.000000,7.971234e-02,3.074713e-03,2.372256e-03,0.000000,4.874457e-02,2.999350e-03,2.379648e-03
635100,3288.1,0.000000,,,,,,,,
635200,3288.4,0.000001,,,,,,,,
635300,3288.9,0.000001,,,,,,,,
635400,3289.4,0.000001,,,,,,,,
635500,3289.9,0.000000,,,,,,,,
635600,3290.4,0.000000,,,,,,,,
635700,3290.9,0.000000,,,,,,,,
635800,3291.5,0.000001,,,,,,,,
635900,3292.0,0.000001,,,,,,,,
636000,3292.5,0.000000,,,,,,,,
636100,3293.0,0.000000,,,,,,,,
636200,3293.5,0.000000,,,,,,,,
636300,3294.0,0.000001,,,,,,,,
636400,3294.5,0.000000,,,,,,,,
636500,3295.0,0.000000,,,,,,,,
636600,3295.6,0.000000,,,,,,,,
636700,3296.1,0.000000,,,,,,,,
636800,3296.6,0.000001,,,,,,,,
636900,3297.1,0.000000,,,,,,,,
637000,3297.6,0.000000,,,,,,,,
637100,3298.2,0.000000,,,,,,,,
637200,3298.7,0.000000,,,,,,,,
637300,3299.2,0.000001,,,,,,,,
637400,3299.7,0.000000,,,,,,,,
637500,3300.3,0.000000,,,,,,,,
637600,3300.8,0.000000,,,,,,,,
637700,3301.3,0.000000,,,,,,,,
637800,3301.8,0.000000,,,,,,,,
637900,3302.3,0.000000,,,,,,,,
638000,3302.8,0.000000,,,,,,,,
638100,3303.4,0.000000,,,,,,,,
638200,3303.9,0.000001,,,,,,,,
638300,3304.4,0.000000,,,,,,,,
638400,3304.9,0.000001,,,,,,,,
638500,3305.5,0.000001,,,,,,,,
638600,3306.0,0.000000,,,,,,,,
638700,3306.5,0.000000,,,,,,,,
638800,3307.1,0.000000,,,,,,,,
638900,3307.6,0.000000,,,,,,,,
639000,3308.0,0.000000,,,,,,,,
639100,3308.6,0.000001,,,,,,,,
639200,3309.1,0.000001,,,,,,,,
639300,3309.6,0.000000,,,,,,,,
639400,3310.1,0.000000,,,,,,,,
639500,3310.7,0.000000,,,,,,,,
639600,3311.2,0.000000,,,,,,,,
639700,3311.7,0.000000,,,,,,,,
639800,3312.2,0.000001,,,,,,,,
639900,3312.7,0.000000,,,,,,,,
640000,3314.4,0.000000,0.000000,7.014645e-02,2.739456e-03,1.944919e-03,0.000000,5.217958e-02,2.668176e-03,1.916324e-03
640100,3314.7,0.000000,,,,,,,,
640200,3315.0,0.000001,,,,,,,,
640300,3315.4,0.000000,,,,,,,,
640400,3315.9,0.000000,,,,,,,,
640500,3316.4,0.000000,,,,,,,,
640600,3316.9,0.000001,,,,,,,,
640700,3317.2,0.000000,,,,,,,,
640800,3317.7,0.000001,,,,,,,,
640900,3318.2,0.000000,,,,,,,,
641000,3318.7,0.000001,,,,,,,,
641100,3319.2,0.000000,,,,,,,,
641200,3319.8,0.000001,,,,,,,,
641300,3320.3,0.000000,,,,,,,,
641400,3320.9,0.000000,,,,,,,,
641500,3321.3,0.000000,,,,,,,,
641600,3321.9,0.000000,,,,,,,,
641700,3322.4,0.000000,,,,,,,,
641800,3322.9,0.000000,,,,,,,,
641900,3323.4,0.000000,,,,,,,,
642000,3324.0,0.000001,,,,,,,,
642100,3324.5,0.000000,,,,,,,,
642200,3325.0,0.000000,,,,,,,,
642300,3325.5,0.000001,,,,,,,,
642400,3326.1,0.000000,,,,,,,,
642500,3326.6,0.000000,,,,,,,,
642600,3327.1,0.000001,,,,,,,,
642700,3327.7,0.000000,,,,,,,,
642800,3328.2,0.000000,,,,,,,,
642900,3328.7,0.000000,,,,,,,,
643000,3329.2,0.000000,,,,,,,,
643100,3329.7,0.000000,,,,,,,,
643200,3330.3,0.000000,,,,,,,,
643300,3330.8,0.000000,,,,,,,,
643400,3331.3,0.000000,,,,,,,,
643500,3331.8,0.000000,,,,,,,,
643600,3332.3,0.000000,,,,,,,,
643700,3332.8,0.000000,,,,,,,,
643800,3333.3,0.000000,,,,,,,,
643900,3333.8,0.000000,,,,,,,,
644000,3334.4,0.000000,,,,,,,,
644100,3334.9,0.000000,,,,,,,,
644200,3335.4,0.000001,,,,,,,,
644300,3335.9,0.000001,,,,,,,,
644400,3336.5,0.000000,,,,,,,,
644500,3337.0,0.000000,,,,,,,,
644600,3337.5,0.000001,,,,,,,,
644700,3338.0,0.000000,,,,,,,,
644800,3338.5,0.000001,,,,,,,,
644900,3339.0,0.000000,,,,,,,,
645000,3340.7,0.000000,0.000000,6.787588e-02,2.897480e-03,2.274705e-03,0.000000,3.622843e-02,2.836391e-03,2.269973e-03
645100,3340.9,0.000000,,,,,,,,
645200,3341.2,0.000001,,,,,,,,
645300,3341.6,0.000001,,,,,,,,
645400,3342.2,0.000001,,,,,,,,
645500,3342.7,0.000000,,,,,,,,
645600,3343.2,0.000001,,,,,,,,
645700,3343.7,0.000000,,,,,,,,
645800,3344.2,0.000000,,,,,,,,
645900,3344.8,0.000003,,,,,,,,
646000,3345.2,0.000001,,,,,,,,
646100,3345.7,0.000000,,,,,,,,
646200,3346.3,0.000000,,,,,,,,
646300,3346.8,0.000000,,,,,,,,
646400,3347.3,0.000000,,,,,,,,
646500,3347.8,0.000001,,,,,,,,
646600,3348.3,0.000001,,,,,,,,
646700,3348.8,0.000000,,,,,,,,
646800,3349.4,0.000000,,,,,,,,
646900,3349.9,0.000000,,,,,,,,
647000,3350.4,0.000000,,,,,,,,
647100,3350.9,0.000000,,,,,,,,
647200,3351.5,0.000000,,,,,,,,
647300,3351.9,0.000000,,,,,,,,
647400,3352.5,0.000001,,,,,,,,
647500,3353.0,0.000000,,,,,,,,
647600,3353.5,0.000001,,,,,,,,
647700,3354.0,0.000001,,,,,,,,
647800,3354.6,0.000000,,,,,,,,
647900,3354.9,0.000000,,,,,,,,
648000,3355.3,0.000000,,,,,,,,
648100,3355.8,0.000001,,,,,,,,
648200,3356.3,0.000000,,,,,,,,
648300,3356.9,0.000000,,,,,,,,
648400,3357.4,0.000000,,,,,,,,
648500,3357.9,0.000001,,,,,,,,
648600,3358.4,0.000000,,,,,,,,
648700,3358.9,0.000000,,,,,,,,
648800,3359.5,0.000000,,,,,,,,
648900,3360.0,0.000000,,,,,,,,
649000,3360.5,0.000000,,,,,,,,
649100,3361.0,0.000000,,,,,,,,
649200,3361.6,0.000000,,,,,,,,
649300,3362.0,0.000000,,,,,,,,
649400,3362.6,0.000000,,,,,,,,
649500,3363.1,0.000000,,,,,,,,
649600,3363.6,0.000000,,,,,,,,
649700,3364.1,0.000000,,,,,,,,
649800,3364.6,0.000000,,,,,,,,
649900,3365.1,0.000000,,,,,,,,
650000,3366.8,0.000001,0.000001,9.207274e-02,2.941278e-03,2.113999e-03,0.000000,4.115786e-02,2.867389e-03,2.109937e-03
650100,3367.1,0.000000,,,,,,,,
650200,3367.4,0.000000,,,,,,,,
650300,3367.8,0.000001,,,,,,,,
650400,3368.3,0.000000,,,,,,,,
650500,3368.8,0.000000,,,,,,,,
650600,3369.3,0.000000,,,,,,,,
650700,3369.9,0.000000,,,,,,,,
650800,3370.4,0.000000,,,,,,,,
650900,3370.9,0.000000,,,,,,,,
651000,3371.4,0.000001,,,,,,,,
651100,3372.0,0.000001,,,,,,,,
651200,3372.5,0.000000,,,,,,,,
651300,3373.0,0.000000,,,,,,,,
651400,3373.5,0.000000,,,,,,,,
651500,3374.1,0.000000,,,,,,,,
651600,3374.6,0.000000,,,,,,,,
651700,3375.1,0.000000,,,,,,,,
651800,3375.6,0.000000,,,,,,,,
651900,3376.1,0.000001,,,,,,,,
652000,3376.7,0.000000,,,,,,,,
652100,3377.2,0.000000,,,,,,,,
652200,3377.7,0.000000,,,,,,,,
652300,3378.2,0.000000,,,,,,,,
652400,3378.7,0.000000,,,,,,,,
652500,3379.3,0.000000,,,,,,,,
652600,3379.5,0.000000,,,,,,,,
652700,3380.0,0.000000,,,,,,,,
652800,3380.6,0.000001,,,,,,,,
652900,3381.1,0.000001,,,,,,,,
653000,3381.6,0.000000,,,,,,,,
653100,3382.2,0.000001,,,,,,,,
653200,3382.7,0.000000,,,,,,,,
653300,3383.2,0.000000,,,,,,,,
653400,3383.7,0.000000,,,,,,,,
653500,3384.2,0.000000,,,,,,,,
653600,3384.7,0.000000,,,,,,,,
653700,3385.3,0.000000,,,,,,,,
653800,3385.8,0.000000,,,,,,,,
653900,3386.3,0.000000,,,,,,,,
654000,3386.8,0.000000,,,,,,,,
654100,3387.3,0.000000,,,,,,,,
654200,3387.9,0.000000,,,,,,,,
654300,3388.4,0.000000,,,,,,,,
654400,3388.9,0.000000,,,,,,,,
654500,3389.4,0.000000,,,,,,,,
654600,3390.0,0.000000,,,,,,,,
654700,3390.4,0.000000,,,,,,,,
654800,3390.9,0.000000,,,,,,,,
654900,3391.4,0.000000,,,,,,,,
655000,3393.2,0.000000,0.000000,8.286042e-02,2.889268e-03,2.219931e-03,0.000000,3.266502e-02,2.777239e-03,2.177614e-03
655100,3393.4,0.000001,,,,,,,,
655200,3393.7,0.000000,,,,,,,,
655300,3394.0,0.000000,,,,,,,,
655400,3394.5,0.000000,,,,,,,,
655500,3395.0,0.000000,,,,,,,,
655600,3395.5,0.000000,,,,,,,,
655700,3396.1,0.000000,,,,,,,,
655800,3396.6,0.000000,,,,,,,,
655900,3397.1,0.000000,,,,,,,,
656000,3397.6,0.000000,,,,,,,,
656100,3398.2,0.000000,,,,,,,,
656200,3398.7,0.000000,,,,,,,,
656300,3399.2,0.000000,,,,,,,,
656400,3399.7,0.000000,,,,,,,,
656500,3400.3,0.000000,,,,,,,,
656600,3400.8,0.000001,,,,,,,,
656700,3401.3,0.000001,,,,,,,,
656800,3401.8,0.000001,,,,,,,,
656900,3402.3,0.000000,,,,,,,,
657000,3402.9,0.000000,,,,,,,,
657100,3403.4,0.000000,,,,,,,,
657200,3403.9,0.000000,,,,,,,,
657300,3404.4,0.000000,,,,,,,,
657400,3405.0,0.000001,,,,,,,,
657500,3405.5,0.000000,,,,,,,,
657600,3406.0,0.000000,,,,,,,,
657700,3406.5,0.000000,,,,,,,,
657800,3407.1,0.000000,,,,,,,,
657900,3407.5,0.000001,,,,,,,,
658000,3408.1,0.000000,,,,,,,,
658100,3408.6,0.000000,,,,,,,,
658200,3409.1,0.000000,,,,,,,,
658300,3409.6,0.000000,,,,,,,,
658400,3410.1,0.000000,,,,,,,,
658500,3410.6,0.000000,,,,,,,,
658600,3411.2,0.000001,,,,,,,,
658700,3411.7,0.000000,,,,,,,,
658800,3412.2,0.000000,,,,,,,,
658900,3412.7,0.000000,,,,,,,,
659000,3413.3,0.000001,,,,,,,,
659100,3413.8,0.000001,,,,,,,,
659200,3414.3,0.000000,,,,,,,,
659300,3414.8,0.000000,,,,,,,,
659400,3415.3,0.000000,,,,,,,,
659500,3415.9,0.000000,,,,,,,,
659600,3416.4,0.000000,,,,,,,,
659700,3416.9,0.000001,,,,,,,,
659800,3417.4,0.000000,,,,,,,,
659900,3417.9,0.000000,,,,,,,,
660000,3419.6,0.000000,0.000000,5.072309e-02,2.488919e-03,1.823473e-03,0.000000,3.919841e-02,2.425481e-03,1.819414e-03
660100,3419.8,0.000000,,,,,,,,
660200,3420.1,0.000000,,,,,,,,
660300,3420.4,0.000000,,,,,,,,
660400,3421.0,0.000000,,,,,,,,
660500,3421.5,0.000000,,,,,,,,
660600,3422.0,0.000000,,,,,,,,
660700,3422.5,0.000000,,,,,,,,
660800,3423.1,0.000000,,,,,,,,
660900,3423.5,0.000001,,,,,,,,
661000,3424.1,0.000000,,,,,,,,
661100,3424.6,0.000000,,,,,,,,
661200,3425.1,0.000000,,,,,,,,
661300,3425.7,0.000000,,,,,,,,
661400,3426.2,0.000000,,,,,,,,
661500,3426.7,0.000000,,,,,,,,
661600,3427.2,0.000000,,,,,,,,
661700,3427.7,0.000000,,,,,,,,
661800,3428.2,0.000000,,,,,,,,
661900,3428.7,0.000000,,,,,,,,
662000,3429.2,0.000000,,,,,,,,
662100,3429.8,0.000000,,,,,,,,
662200,3430.3,0.000001,,,,,,,,
662300,3430.8,0.000000,,,,,,,,
662400,3431.3,0.000000,,,,,,,,
662500,3431.8,0.000000,,,,,,,,
662600,3432.3,0.000000,,,,,,,,
662700,3432.9,0.000000,,,,,,,,
662800,3433.4,0.000000,,,,,,,,
662900,3433.9,0.000000,,,,,,,,
663000,3434.4,0.000000,,,,,,,,
663100,3435.0,0.000001,,,,,,,,
663200,3435.5,0.000000,,,,,,,,
663300,3436.0,0.000000,,,,,,,,
663400,3436.5,0.000000,,,,,,,,
663500,3437.0,0.000001,,,,,,,,
663600,3437.5,0.000000,,,,,,,,
663700,3438.0,0.000000,,,,,,,,
663800,3438.5,0.000000,,,,,,,,
663900,3439.1,0.000000,,,,,,,,
664000,3439.6,0.000000,,,,,,,,
664100,3440.1,0.000000,,,,,,,,
664200,3440.5,0.000000,,,,,,,,
664300,3441.0,0.000000,,,,,,,,
664400,3441.5,0.000000,,,,,,,,
664500,3442.1,0.000000,,,,,,,,
664600,3442.6,0.000000,,,,,,,,
664700,3443.1,0.000000,,,,,,,,
664800,3443.6,0.000000,,,,,,,,
664900,3444.2,0.000000,,,,,,,,
665000,3445.8,0.000001,0.000000,5.889911e-02,2.409858e-03,1.723196e-03,0.000000,4.464001e-02,2.327439e-03,1.712321e-03
665100,3446.1,0.000000,,,,,,,,
665200,3446.4,0.000000,,,,,,,,
665300,3446.8,0.000000,,,,,,,,
665400,3447.3,0.000000,,,,,,,,
665500,3447.8,0.000000,,,,,,,,
665600,3448.3,0.000000,,,,,,,,
665700,3448.8,0.000000,,,,,,,,
665800,3449.3,0.000001,,,,,,,,
665900,3449.9,0.000000,,,,,,,,
666000,3450.4,0.000000,,,,,,,,
666100,3450.9,0.000000,,,,,,,,
666200,3451.4,0.000000,,,,,,,,
666300,3452.0,0.000000,,,,,,,,
666400,3452.4,0.000000,,,,,,,,
666500,3453.0,0.000000,,,,,,,,
666600,3453.5,0.000000,,,,,,,,
666700,3454.0,0.000000,,,,,,,,
666800,3454.5,0.000000,,,,,,,,
666900,3455.0,0.000000,,,,,,,,
667000,3455.6,0.000000,,,,,,,,
667100,3456.1,0.000000,,,,,,,,
667200,3456.6,0.000000,,,,,,,,
667300,3457.1,0.000000,,,,,,,,
667400,3457.7,0.000000,,,,,,,,
667500,3458.2,0.000000,,,,,,,,
667600,3458.7,0.000000,,,,,,,,
667700,3459.2,0.000001,,,,,,,,
667800,3459.8,0.000000,,,,,,,,
667900,3460.3,0.000000,,,,,,,,
668000,3460.8,0.000000,,,,,,,,
668100,3461.3,0.000000,,,,,,,,
668200,3461.8,0.000000,,,,,,,,
668300,3462.3,0.000000,,,,,,,,
668400,3462.8,0.000000,,,,,,,,
668500,3463.4,0.000001,,,,,,,,
668600,3463.9,0.000000,,,,,,,,
668700,3464.4,0.000000,,,,,,,,
668800,3464.9,0.000000,,,,,,,,
668900,3465.4,0.000000,,,,,,,,
669000,3465.9,0.000000,,,,,,,,
669100,3466.5,0.000000,,,,,,,,
669200,3467.0,0.000000,,,,,,,,
669300,3467.5,0.000000,,,,,,,,
669400,3468.0,0.000000,,,,,,,,
669500,3468.6,0.000000,,,,,,,,
669600,3469.1,0.000000,,,,,,,,
669700,3469.6,0.000001,,,,,,,,
669800,3470.1,0.000001,,,,,,,,
669900,3470.7,0.000000,,,,,,,,
670000,3472.3,0.000000,0.000000,7.959880e-02,2.548928e-03,1.929393e-03,0.000000,4.260064e-02,2.435437e-03,1.877684e-03
670100,3472.6,0.000000,,,,,,,,
670200,3472.9,0.000000,,,,,,,,
670300,3473.3,0.000001,,,,,,,,
670400,3473.8,0.000001,,,,,,,,
670500,3474.4,0.000001,,,,,,,,
670600,3474.9,0.000000,,,,,,,,
670700,3475.4,0.000001,,,,,,,,
670800,3476.0,0.000000,,,,,,,,
670900,3476.5,0.000000,,,,,,,,
671000,3477.0,0.000000,,,,,,,,
671100,3477.5,0.000000,,,,,,,,
671200,3478.0,0.000000,,,,,,,,
671300,3478.6,0.000000,,,,,,,,
671400,3479.1,0.000000,,,,,,,,
671500,3479.6,0.000000,,,,,,,,
671600,3480.2,0.000000,,,,,,,,
671700,3480.7,0.000000,,,,,,,,
671800,3481.2,0.000000,,,,,,,,
671900,3481.7,0.000000,,,,,,,,
672000,3482.3,0.000000,,,,,,,,
672100,3482.8,0.000000,,,,,,,,
672200,3483.3,0.000001,,,,,,,,
672300,3483.8,0.000000,,,,,,,,
672400,3484.3,0.000000,,,,,,,,
672500,3484.8,0.000000,,,,,,,,
672600,3485.3,0.000000,,,,,,,,
672700,3485.9,0.000000,,,,,,,,
672800,3486.4,0.000000,,,,,,,,
672900,3486.9,0.000001,,,,,,,,
673000,3487.4,0.000000,,,,,,,,
673100,3488.0,0.000000,,,,,,,,
673200,3488.4,0.000000,,,,,,,,
673300,3489.0,0.000000,,,,,,,,
673400,3489.5,0.000000,,,,,,,,
673500,3490.0,0.000000,,,,,,,,
673600,3490.5,0.000000,,,,,,,,
673700,3491.1,0.000001,,,,,,,,
673800,3491.6,0.000000,,,,,,,,
673900,3492.1,0.000000,,,,,,,,
674000,3492.7,0.000000,,,,,,,,
674100,3493.2,0.000000,,,,,,,,
674200,3493.7,0.000000,,,,,,,,
674300,3494.2,0.000000,,,,,,,,
674400,3494.7,0.000001,,,,,,,,
674500,3495.3,0.000000,,,,,,,,
674600,3495.8,0.000000,,,,,,,,
674700,3496.3,0.000000,,,,,,,,
674800,3496.9,0.000000,,,,,,,,
674900,3497.4,0.000001,,,,,,,,
675000,3499.1,0.000000,0.000000,5.878569e-02,2.544458e-03,1.801398e-03,0.000000,3.514958e-02,2.449223e-03,1.778703e-03
675100,3499.3,0.000000,,,,,,,,
675200,3499.6,0.000000,,,,,,,,
675300,3500.0,0.000000,,,,,,,,
675400,3500.5,0.000000,,,,,,,,
675500,3501.0,0.000000,,,,,,,,
675600,3501.4,0.000001,,,,,,,,
675700,3501.9,0.000000,,,,,,,,
675800,3502.4,0.000000,,,,,,,,
675900,3503.0,0.000000,,,,,,,,
676000,3503.5,0.000001,,,,,,,,
676100,3504.0,0.000000,,,,,,,,
676200,3504.5,0.000000,,,,,,,,
676300,3505.1,0.000001,,,,,,,,
676400,3505.6,0.000000,,,,,,,,
676500,3506.1,0.000000,,,,,,,,
676600,3506.6,0.000000,,,,,,,,
676700,3507.2,0.000000,,,,,,,,
676800,3507.7,0.000000,,,,,,,,
676900,3508.2,0.000000,,,,,,,,
677000,3508.7,0.000000,,,,,,,,
677100,3509.2,0.000000,,,,,,,,
677200,3509.7,0.000000,,,,,,,,
677300,3510.2,0.000000,,,,,,,,
677400,3510.7,0.000001,,,,,,,,
677500,3511.2,0.000000,,,,,,,,
677600,3511.8,0.000000,,,,,,,,
677700,3512.3,0.000000,,,,,,,,
677800,3512.8,0.000000,,,,,,,,
677900,3513.3,0.000000,,,,,,,,
678000,3513.8,0.000000,,,,,,,,
678100,3514.3,0.000000,,,,,,,,
678200,3514.8,0.000001,,,,,,,,
678300,3515.4,0.000000,,,,,,,,
678400,3515.9,0.000001,,,,,,,,
678500,3516.4,0.000002,,,,,,,,
678600,3517.0,0.000000,,,,,,,,
678700,3517.5,0.000000,,,,,,,,
678800,3518.0,0.000000,,,,,,,,
678900,3518.5,0.000000,,,,,,,,
679000,3519.1,0.000000,,,,,,,,
679100,3519.6,0.000000,,,,,,,,
679200,3520.1,0.000001,,,,,,,,
679300,3520.7,0.000000,,,,,,,,
679400,3521.2,0.000000,,,,,,,,
679500,3521.7,0.000000,,,,,,,,
679600,3522.2,0.000000,,,,,,,,
679700,3522.7,0.000001,,,,,,,,
679800,3523.3,0.000000,,,,,,,,
679900,3523.8,0.000001,,,,,,,,
680000,3525.4,0.000000,0.000000,9.531350e-02,2.446849e-03,1.774756e-03,0.000000,3.903509e-02,2.367661e-03,1.763267e-03
680100,3525.7,0.000000,,,,,,,,
680200,3526.0,0.000000,,,,,,,,
680300,3526.4,0.000000,,,,,,,,
680400,3526.9,0.000000,,,,,,,,
680500,3527.4,0.000000,,,,,,,,
680600,3527.9,0.000000,,,,,,,,
680700,3528.4,0.000001,,,,,,,,
680800,3529.0,0.000000,,,,,,,,
680900,3529.5,0.000000,,,,,,,,
681000,3530.1,0.000000,,,,,,,,
681100,3530.6,0.000000,,,,,,,,
681200,3531.1,0.000000,,,,,,,,
681300,3531.6,0.000000,,,,,,,,
681400,3532.1,0.000001,,,,,,,,
681500,3532.6,0.000000,,,,,,,,
681600,3533.2,0.000000,,,,,,,,
681700,3533.7,0.000000,,,,,,,,
681800,3534.2,0.000001,,,,,,,,
681900,3534.7,0.000001,,,,,,,,
682000,3535.3,0.000001,,,,,,,,
682100,3535.8,0.000000,,,,,,,,
682200,3536.3,0.000000,,,,,,,,
682300,3536.8,0.000000,,,,,,,,
682400,3537.3,0.000001,,,,,,,,
682500,3537.9,0.000000,,,,,,,,
682600,3538.4,0.000000,,,,,,,,
682700,3538.9,0.000000,,,,,,,,
682800,3539.5,0.000000,,,,,,,,
682900,3540.0,0.000000,,,,,,,,
683000,3540.5,0.000000,,,,,,,,
683100,3541.1,0.000000,,,,,,,,
683200,3541.6,0.000000,,,,,,,,
683300,3542.1,0.000001,,,,,,,,
683400,3542.6,0.000000,,,,,,,,
683500,3543.1,0.000001,,,,,,,,
683600,3543.6,0.000000,,,,,,,,
683700,3544.2,0.000000,,,,,,,,
683800,3544.7,0.000000,,,,,,,,
683900,3545.2,0.000000,,,,,,,,
684000,3545.7,0.000000,,,,,,,,
684100,3546.3,0.000000,,,,,,,,
684200,3546.8,0.000000,,,,,,,,
684300,3547.3,0.000000,,,,,,,,
684400,3547.9,0.000000,,,,,,,,
684500,3548.3,0.000000,,,,,,,,
684600,3548.8,0.000000,,,,,,,,
684700,3549.3,0.000000,,,,,,,,
684800,3549.9,0.000000,,,,,,,,
684900,3550.4,0.000000,,,,,,,,
685000,3552.0,0.000000,0.000000,7.882542e-02,2.333979e-03,1.613358e-03,0.000000,3.644682e-02,2.263150e-03,1.603235e-03
685100,3552.2,0.000000,,,,,,,,
685200,3552.5,0.000001,,,,,,,,
685300,3552.9,0.000000,,,,,,,,
685400,3553.4,0.000000,,,,,,,,
685500,3553.9,0.000000,,,,,,,,
685600,3554.4,0.000000,,,,,,,,
685700,3554.9,0.000000,,,,,,,,
685800,3555.4,0.000000,,,,,,,,
685900,3555.9,0.000001,,,,,,,,
686000,3556.4,0.000000,,,,,,,,
686100,3557.0,0.000000,,,,,,,,
686200,3557.5,0.000000,,,,,,,,
686300,3558.0,0.000000,,,,,,,,
686400,3558.5,0.000000,,,,,,,,
686500,3559.0,0.000001,,,,,,,,
686600,3559.5,0.000000,,,,,,,,
686700,3560.0,0.000000,,,,,,,,
686800,3560.6,0.000000,,,,,,,,
686900,3561.1,0.000000,,,,,,,,
687000,3561.6,0.000000,,,,,,,,
687100,3562.0,0.000001,,,,,,,,
687200,3562.5,0.000001,,,,,,,,
687300,3563.0,0.000000,,,,,,,,
687400,3563.5,0.000000,,,,,,,,
687500,3564.0,0.000001,,,,,,,,
687600,3564.5,0.000000,,,,,,,,
687700,3565.1,0.000001,,,,,,,,
687800,3565.6,0.000001,,,,,,,,
687900,3566.1,0.000000,,,,,,,,
688000,3566.7,0.000000,,,,,,,,
688100,3567.2,0.000000,,,,,,,,
688200,3567.7,0.000000,,,,,,,,
688300,3568.3,0.000000,,,,,,,,
688400,3568.8,0.000000,,,,,,,,
688500,3569.3,0.000000,,,,,,,,
688600,3569.8,0.000000,,,,,,,,
688700,3570.3,0.000000,,,,,,,,
688800,3570.8,0.000000,,,,,,,,
688900,3571.3,0.000000,,,,,,,,
689000,3571.9,0.000000,,,,,,,,
689100,3572.4,0.000001,,,,,,,,
689200,3572.9,0.000000,,,,,,,,
689300,3573.4,0.000000,,,,,,,,
689400,3573.9,0.000001,,,,,,,,
689500,3574.5,0.000000,,,,,,,,
689600,3575.0,0.000000,,,,,,,,
689700,3575.5,0.000001,,,,,,,,
689800,3576.0,0.000000,,,,,,,,
689900,3576.5,0.000000,,,,,,,,
690000,3578.2,0.000000,0.000000,8.335585e-02,2.962469e-03,2.354579e-03,0.000000,2.897171e-02,2.880387e-03,2.350079e-03
690100,3578.5,0.000000,,,,,,,,
690200,3578.8,0.000000,,,,,,,,
690300,3579.2,0.000000,,,,,,,,
690400,3579.7,0.000000,,,,,,,,
690500,3580.2,0.000000,,,,,,,,
690600,3580.7,0.000000,,,,,,,,
690700,3581.3,0.000000,,,,,,,,
690800,3581.8,0.000000,,,,,,,,
690900,3582.3,0.000000,,,,,,,,
691000,3582.8,0.000000,,,,,,,,
691100,3583.4,0.000000,,,,,,,,
691200,3583.9,0.000000,,,,,,,,
691300,3584.4,0.000000,,,,,,,,
691400,3584.9,0.000000,,,,,,,,
691500,3585.5,0.000000,,,,,,,,
691600,3586.0,0.000000,,,,,,,,
691700,3586.5,0.000000,,,,,,,,
691800,3587.0,0.000000,,,,,,,,
691900,3587.6,0.000000,,,,,,,,
692000,3588.1,0.000000,,,,,,,,
692100,3588.6,0.000000,,,,,,,,
692200,3589.1,0.000000,,,,,,,,
692300,3589.7,0.000000,,,,,,,,
692400,3590.2,0.000000,,,,,,,,
692500,3590.7,0.000001,,,,,,,,
692600,3591.2,0.000000,,,,,,,,
692700,3591.8,0.000000,,,,,,,,
692800,3592.3,0.000000,,,,,,,,
692900,3592.8,0.000000,,,,,,,,
693000,3593.3,0.000000,,,,,,,,
693100,3593.8,0.000000,,,,,,,,
693200,3594.3,0.000000,,,,,,,,
693300,3594.9,0.000000,,,,,,,,
693400,3595.4,0.000000,,,,,,,,
693500,3595.9,0.000000,,,,,,,,
693600,3596.5,0.000000,,,,,,,,
693700,3597.0,0.000000,,,,,,,,
693800,3597.5,0.000000,,,,,,,,
693900,3598.0,0.000000,,,,,,,,
694000,3598.6,0.000000,,,,,,,,
694100,3599.1,0.000000,,,,,,,,
694200,3599.6,0.000000,,,,,,,,
694300,3600.1,0.000000,,,,,,,,
694400,3600.6,0.000000,,,,,,,,
694500,3601.1,0.000000,,,,,,,,
694600,3601.7,0.000001,,,,,,,,
694700,3602.2,0.000000,,,,,,,,
694800,3602.7,0.000000,,,,,,,,
694900,3603.2,0.000000,,,,,,,,
695000,3604.9,0.000000,0.000000,7.901854e-02,2.346454e-03,1.720555e-03,0.000000,3.828050e-02,2.277068e-03,1.721971e-03
695100,3605.1,0.000000,,,,,,,,
695200,3605.4,0.000000,,,,,,,,
695300,3605.9,0.000000,,,,,,,,
695400,3606.4,0.000000,,,,,,,,
695500,3606.9,0.000000,,,,,,,,
695600,3607.4,0.000000,,,,,,,,
695700,3607.9,0.000000,,,,,,,,
695800,3608.4,0.000000,,,,,,,,
695900,3609.0,0.000000,,,,,,,,
696000,3609.5,0.000003,,,,,,,,
696100,3610.0,0.000001,,,,,,,,
696200,3610.5,0.000000,,,,,,,,
696300,3611.0,0.000000,,,,,,,,
696400,3611.6,0.000000,,,,,,,,
696500,3612.1,0.000000,,,,,,,,
696600,3612.6,0.000000,,,,,,,,
696700,3613.1,0.000000,,,,,,,,
696800,3613.7,0.000000,,,,,,,,
696900,3614.2,0.000000,,,,,,,,
697000,3614.7,0.000000,,,,,,,,
697100,3615.2,0.000000,,,,,,,,
697200,3615.7,0.000001,,,,,,,,
697300,3616.3,0.000000,,,,,,,,
697400,3616.8,0.000000,,,,,,,,
697500,3617.2,0.000001,,,,,,,,
697600,3617.6,0.000000,,,,,,,,
697700,3618.2,0.000000,,,,,,,,
697800,3618.7,0.000000,,,,,,,,
697900,3619.2,0.000000,,,,,,,,
698000,3619.8,0.000000,,,,,,,,
698100,3620.3,0.000000,,,,,,,,
698200,3620.8,0.000000,,,,,,,,
698300,3621.3,0.000000,,,,,,,,
698400,3621.8,0.000000,,,,,,,,
698500,3622.4,0.000000,,,,,,,,
698600,3622.9,0.000000,,,,,,,,
698700,3623.4,0.000000,,,,,,,,
698800,3623.9,0.000000,,,,,,,,
698900,3624.4,0.000000,,,,,,,,
699000,3624.9,0.000000,,,,,,,,
699100,3625.5,0.000000,,,,,,,,
699200,3626.0,0.000000,,,,,,,,
699300,3626.5,0.000000,,,,,,,,
699400,3627.0,0.000000,,,,,,,,
699500,3627.6,0.000000,,,,,,,,
699600,3628.1,0.000000,,,,,,,,
699700,3628.6,0.000000,,,,,,,,
699800,3629.1,0.000000,,,,,,,,
699900,3629.7,0.000000,,,,,,,,
700000,3631.4,0.000000,0.000000,4.946126e-02,2.526542e-03,1.788950e-03,0.000000,4.162002e-02,2.429382e-03,1.741430e-03
700100,3631.6,0.000000,,,,,,,,
700200,3631.8,0.000000,,,,,,,,
700300,3632.2,0.000000,,,,,,,,
700400,3632.7,0.000000,,,,,,,,
700500,3633.2,0.000000,,,,,,,,
700600,3633.7,0.000000,,,,,,,,
700700,3634.2,0.000000,,,,,,,,
700800,3634.7,0.000000,,,,,,,,
700900,3635.2,0.000000,,,,,,,,
701000,3635.8,0.000000,,,,,,,,
701100,3636.3,0.000000,,,,,,,,
701200,3636.8,0.000001,,,,,,,,
701300,3637.3,0.000000,,,,,,,,
701400,3637.8,0.000000,,,,,,,,
701500,3638.3,0.000000,,,,,,,,
701600,3638.8,0.000000,,,,,,,,
701700,3639.4,0.000000,,,,,,,,
701800,3639.9,0.000000,,,,,,,,
701900,3640.4,0.000000,,,,,,,,
702000,3641.0,0.000000,,,,,,,,
702100,3641.5,0.000000,,,,,,,,
702200,3642.0,0.000000,,,,,,,,
702300,3642.5,0.000000,,,,,,,,
702400,3643.0,0.000000,,,,,,,,
702500,3643.5,0.000000,,,,,,,,
702600,3644.1,0.000000,,,,,,,,
702700,3644.6,0.000000,,,,,,,,
702800,3645.1,0.000000,,,,,,,,
702900,3645.7,0.000000,,,,,,,,
703000,3646.2,0.000000,,,,,,,,
703100,3646.7,0.000000,,,,,,,,
703200,3647.2,0.000000,,,,,,,,
703300,3647.7,0.000000,,,,,,,,
703400,3648.2,0.000000,,,,,,,,
703500,3648.8,0.000000,,,,,,,,
703600,3649.3,0.000000,,,,,,,,
703700,3649.8,0.000000,,,,,,,,
703800,3650.3,0.000000,,,,,,,,
703900,3650.9,0.000000,,,,,,,,
704000,3651.4,0.000000,,,,,,,,
704100,3651.9,0.000000,,,,,,,,
704200,3652.4,0.000000,,,,,,,,
704300,3652.9,0.000001,,,,,,,,
704400,3653.4,0.000000,,,,,,,,
704500,3654.0,0.000000,,,,,,,,
704600,3654.5,0.000000,,,,,,,,
704700,3655.0,0.000001,,,,,,,,
704800,3655.5,0.000000,,,,,,,,
704900,3656.1,0.000000,,,,,,,,
705000,3657.8,0.000000,0.000000,6.976313e-02,2.263865e-03,1.557729e-03,0.000000,3.229142e-02,2.176047e-03,1.543238e-03
705100,3658.0,0.000001,,,,,,,,
705200,3658.3,0.000000,,,,,,,,
705300,3658.6,0.000000,,,,,,,,
705400,3659.2,0.000000,,,,,,,,
705500,3659.7,0.000000,,,,,,,,
705600,3660.2,0.000000,,,,,,,,
705700,3660.7,0.000000,,,,,,,,
705800,3661.3,0.000000,,,,,,,,
705900,3661.8,0.000001,,,,,,,,
706000,3662.3,0.000000,,,,,,,,
706100,3662.8,0.000000,,,,,,,,
706200,3663.3,0.000001,,,,,,,,
706300,3663.8,0.000000,,,,,,,,
706400,3664.3,0.000000,,,,,,,,
706500,3664.9,0.000000,,,,,,,,
706600,3665.4,0.000000,,,,,,,,
706700,3665.9,0.000000,,,,,,,,
706800,3666.4,0.000000,,,,,,,,
706900,3667.0,0.000000,,,,,,,,
707000,3667.5,0.000000,,,,,,,,
707100,3668.0,0.000001,,,,,,,,
707200,3668.5,0.000000,,,,,,,,
707300,3669.0,0.000000,,,,,,,,
707400,3669.5,0.000000,,,,,,,,
707500,3670.0,0.000002,,,,,,,,
707600,3670.5,0.000000,,,,,,,,
707700,3671.1,0.000000,,,,,,,,
707800,3671.6,0.000000,,,,,,,,
707900,3672.1,0.000000,,,,,,,,
708000,3672.6,0.000001,,,,,,,,
708100,3673.1,0.000000,,,,,,,,
708200,3673.7,0.000000,,,,,,,,
708300,3674.2,0.000000,,,,,,,,
708400,3674.7,0.000000,,,,,,,,
708500,3675.2,0.000000,,,,,,,,
708600,3675.8,0.000000,,,,,,,,
708700,3676.3,0.000000,,,,,,,,
708800,3676.8,0.000000,,,,,,,,
708900,3677.4,0.000001,,,,,,,,
709000,3677.9,0.000000,,,,,,,,
709100,3678.4,0.000000,,,,,,,,
709200,3678.9,0.000000,,,,,,,,
709300,3679.4,0.000000,,,,,,,,
709400,3679.9,0.000000,,,,,,,,
709500,3680.5,0.000000,,,,,,,,
709600,3681.0,0.000000,,,,,,,,
709700,3681.5,0.000000,,,,,,,,
709800,3682.0,0.000000,,,,,,,,
709900,3682.5,0.000000,,,,,,,,
710000,3684.2,0.000000,0.000000,1.089153e-01,2.256671e-03,1.615051e-03,0.000000,3.601552e-02,2.161111e-03,1.598803e-03
710100,3684.4,0.000000,,,,,,,,
710200,3684.7,0.000000,,,,,,,,
710300,3685.1,0.000000,,,,,,,,
710400,3685.7,0.000000,,,,,,,,
710500,3686.1,0.000000,,,,,,,,
710600,3686.7,0.000000,,,,,,,,
710700,3687.2,0.000000,,,,,,,,
710800,3687.7,0.000000,,,,,,,,
710900,3688.2,0.000000,,,,,,,,
711000,3688.7,0.000000,,,,,,,,
711100,3689.3,0.000000,,,,,,,,
711200,3689.8,0.000000,,,,,,,,
711300,3690.3,0.000000,,,,,,,,
711400,3690.8,0.000000,,,,,,,,
711500,3691.3,0.000000,,,,,,,,
711600,3691.9,0.000000,,,,,,,,
711700,3692.4,0.000000,,,,,,,,
711800,3692.9,0.000000,,,,,,,,
711900,3693.4,0.000000,,,,,,,,
712000,3694.0,0.000000,,,,,,,,
712100,3694.5,0.000000,,,,,,,,
712200,3695.0,0.000000,,,,,,,,
712300,3695.5,0.000000,,,,,,,,
712400,3696.0,0.000000,,,,,,,,
712500,3696.5,0.000000,,,,,,,,
712600,3697.1,0.000000,,,,,,,,
712700,3697.6,0.000000,,,,,,,,
712800,3698.1,0.000000,,,,,,,,
712900,3698.6,0.000000,,,,,,,,
713000,3699.2,0.000000,,,,,,,,
713100,3699.7,0.000000,,,,,,,,
713200,3700.3,0.000001,,,,,,,,
713300,3700.8,0.000000,,,,,,,,
713400,3701.3,0.000000,,,,,,,,
713500,3701.8,0.000000,,,,,,,,
713600,3702.3,0.000000,,,,,,,,
713700,3702.8,0.000000,,,,,,,,
713800,3703.3,0.000000,,,,,,,,
713900,3703.9,0.000000,,,,,,,,
714000,3704.4,0.000000,,,,,,,,
714100,3704.9,0.000000,,,,,,,,
714200,3705.4,0.000000,,,,,,,,
714300,3705.9,0.000000,,,,,,,,
714400,3706.5,0.000000,,,,,,,,
714500,3707.0,0.000000,,,,,,,,
714600,3707.5,0.000000,,,,,,,,
714700,3708.0,0.000000,,,,,,,,
714800,3708.6,0.000000,,,,,,,,
714900,3709.1,0.000000,,,,,,,,
715000,3710.7,0.000000,0.000000,5.812396e-02,2.336783e-03,1.763522e-03,0.000000,4.714800e-02,2.268118e-03,1.756756e-03
715100,3711.0,0.000000,,,,,,,,
715200,3711.2,0.000000,,,,,,,,
715300,3711.6,0.000000,,,,,,,,
715400,3712.1,0.000000,,,,,,,,
715500,3712.6,0.000000,,,,,,,,
715600,3713.1,0.000000,,,,,,,,
715700,3713.6,0.000000,,,,,,,,
715800,3714.1,0.000000,,,,,,,,
715900,3714.6,0.000000,,,,,,,,
716000,3715.1,0.000001,,,,,,,,
716100,3715.7,0.000000,,,,,,,,
716200,3716.2,0.000000,,,,,,,,
716300,3716.7,0.000001,,,,,,,,
716400,3717.2,0.000000,,,,,,,,
716500,3717.7,0.000001,,,,,,,,
716600,3718.3,0.000000,,,,,,,,
716700,3718.8,0.000001,,,,,,,,
716800,3719.3,0.000000,,,,,,,,
716900,3719.8,0.000000,,,,,,,,
717000,3720.3,0.000000,,,,,,,,
717100,3720.9,0.000000,,,,,,,,
717200,3721.4,0.000000,,,,,,,,
717300,3721.9,0.000000,,,,,,,,
717400,3722.4,0.000000,,,,,,,,
717500,3722.9,0.000001,,,,,,,,
717600,3723.4,0.000000,,,,,,,,
717700,3723.9,0.000000,,,,,,,,
717800,3724.5,0.000000,,,,,,,,
717900,3725.0,0.000000,,,,,,,,
718000,3725.5,0.000000,,,,,,,,
718100,3726.0,0.000000,,,,,,,,
718200,3726.5,0.000000,,,,,,,,
718300,3727.1,0.000000,,,,,,,,
718400,3727.6,0.000000,,,,,,,,
718500,3728.1,0.000000,,,,,,,,
718600,3728.6,0.000000,,,,,,,,
718700,3729.1,0.000000,,,,,,,,
718800,3729.6,0.000000,,,,,,,,
718900,3730.1,0.000000,,,,,,,,
719000,3730.6,0.000000,,,,,,,,
719100,3731.2,0.000000,,,,,,,,
719200,3731.7,0.000000,,,,,,,,
719300,3732.2,0.000000,,,,,,,,
719400,3732.7,0.000000,,,,,,,,
719500,3733.2,0.000000,,,,,,,,
719600,3733.7,0.000001,,,,,,,,
719700,3734.3,0.000000,,,,,,,,
719800,3734.8,0.000000,,,,,,,,
719900,3735.3,0.000000,,,,,,,,
720000,3737.0,0.000000,0.000000,6.292434e-02,2.225472e-03,1.545372e-03,0.000000,3.014756e-02,2.147040e-03,1.532246e-03
720100,3737.2,0.000000,,,,,,,,
720200,3737.5,0.000000,,,,,,,,
720300,3738.0,0.000000,,,,,,,,
720400,3738.5,0.000001,,,,,,,,
720500,3739.0,0.000000,,,,,,,,
720600,3739.5,0.000000,,,,,,,,
720700,3740.0,0.000000,,,,,,,,
720800,3740.6,0.000000,,,,,,,,
720900,3741.1,0.000000,,,,,,,,
721000,3741.6,0.000000,,,,,,,,
721100,3742.1,0.000000,,,,,,,,
721200,3742.6,0.000000,,,,,,,,
721300,3743.2,0.000000,,,,,,,,
721400,3743.7,0.000000,,,,,,,,
721500,3744.2,0.000000,,,,,,,,
721600,3744.8,0.000000,,,,,,,,
721700,3745.3,0.000000,,,,,,,,
721800,3745.6,0.000000,,,,,,,,
721900,3746.1,0.000000,,,,,,,,
722000,3746.7,0.000000,,,,,,,,
722100,3747.2,0.000000,,,,,,,,
722200,3747.7,0.000000,,,,,,,,
722300,3748.2,0.000000,,,,,,,,
722400,3748.7,0.000000,,,,,,,,
722500,3749.2,0.000000,,,,,,,,
722600,3749.8,0.000000,,,,,,,,
722700,3750.3,0.000001,,,,,,,,
722800,3750.8,0.000000,,,,,,,,
722900,3751.3,0.000000,,,,,,,,
723000,3751.8,0.000000,,,,,,,,
723100,3752.3,0.000000,,,,,,,,
723200,3752.8,0.000000,,,,,,,,
723300,3753.3,0.000000,,,,,,,,
723400,3753.8,0.000000,,,,,,,,
723500,3754.4,0.000000,,,,,,,,
723600,3754.9,0.000000,,,,,,,,
723700,3755.4,0.000000,,,,,,,,
723800,3755.9,0.000000,,,,,,,,
723900,3756.5,0.000000,,,,,,,,
724000,3757.0,0.000000,,,,,,,,
724100,3757.6,0.000000,,,,,,,,
724200,3758.1,0.000000,,,,,,,,
724300,3758.6,0.000000,,,,,,,,
724400,3759.1,0.000001,,,,,,,,
724500,3759.7,0.000000,,,,,,,,
724600,3760.2,0.000000,,,,,,,,
724700,3760.7,0.000000,,,,,,,,
724800,3761.2,0.000000,,,,,,,,
724900,3761.7,0.000000,,,,,,,,
725000,3763.4,0.000000,0.000000,5.141856e-02,2.143549e-03,1.479065e-03,0.000000,3.492261e-02,2.066540e-03,1.459137e-03
725100,3763.7,0.000000,,,,,,,,
725200,3764.0,0.000000,,,,,,,,
725300,3764.4,0.000000,,,,,,,,
725400,3764.9,0.000000,,,,,,,,
725500,3765.4,0.000000,,,,,,,,
725600,3766.0,0.000000,,,,,,,,
725700,3766.5,0.000000,,,,,,,,
725800,3767.0,0.000000,,,,,,,,
725900,3767.5,0.000000,,,,,,,,
726000,3768.0,0.000000,,,,,,,,
726100,3768.5,0.000000,,,,,,,,
726200,3769.1,0.000000,,,,,,,,
726300,3769.6,0.000001,,,,,,,,
726400,3770.1,0.000000,,,,,,,,
726500,3770.6,0.000000,,,,,,,,
726600,3771.1,0.000000,,,,,,,,
726700,3771.6,0.000000,,,,,,,,
726800,3772.2,0.000000,,,,,,,,
726900,3772.7,0.000000,,,,,,,,
727000,3773.2,0.000000,,,,,,,,
727100,3773.7,0.000000,,,,,,,,
727200,3774.3,0.000000,,,,,,,,
727300,3774.8,0.000000,,,,,,,,
727400,3775.3,0.000000,,,,,,,,
727500,3775.8,0.000000,,,,,,,,
727600,3776.3,0.000000,,,,,,,,
727700,3776.8,0.000000,,,,,,,,
727800,3777.4,0.000000,,,,,,,,
727900,3777.9,0.000001,,,,,,,,
728000,3778.4,0.000000,,,,,,,,
728100,3778.9,0.000000,,,,,,,,
728200,3779.5,0.000000,,,,,,,,
728300,3780.0,0.000000,,,,,,,,
728400,3780.5,0.000000,,,,,,,,
728500,3781.0,0.000000,,,,,,,,
728600,3781.5,0.000000,,,,,,,,
728700,3782.1,0.000000,,,,,,,,
728800,3782.6,0.000000,,,,,,,,
728900,3783.1,0.000000,,,,,,,,
729000,3783.6,0.000000,,,,,,,,
729100,3784.1,0.000000,,,,,,,,
729200,3784.6,0.000000,,,,,,,,
729300,3785.2,0.000001,,,,,,,,
729400,3785.7,0.000000,,,,,,,,
729500,3786.2,0.000001,,,,,,,,
729600,3786.7,0.000000,,,,,,,,
729700,3787.3,0.000000,,,,,,,,
729800,3787.8,0.000000,,,,,,,,
729900,3788.3,0.000000,,,,,,,,
730000,3790.0,0.000000,0.000000,5.843402e-02,2.102057e-03,1.451788e-03,0.000000,3.142739e-02,2.030730e-03,1.440466e-03
730100,3790.2,0.000000,,,,,,,,
730200,3790.5,0.000000,,,,,,,,
730300,3790.8,0.000000,,,,,,,,
730400,3791.3,0.000000,,,,,,,,
730500,3791.9,0.000000,,,,,,,,
730600,3792.4,0.000000,,,,,,,,
730700,3792.9,0.000001,,,,,,,,
730800,3793.4,0.000000,,,,,,,,
730900,3793.9,0.000000,,,,,,,,
731000,3794.4,0.000001,,,,,,,,
731100,3794.9,0.000000,,,,,,,,
731200,3795.4,0.000000,,,,,,,,
731300,3795.9,0.000000,,,,,,,,
731400,3796.5,0.000000,,,,,,,,
731500,3796.9,0.000000,,,,,,,,
731600,3797.5,0.000000,,,,,,,,
731700,3798.0,0.000001,,,,,,,,
731800,3798.6,0.000000,,,,,,,,
731900,3799.1,0.000000,,,,,,,,
732000,3799.6,0.000000,,,,,,,,
732100,3800.1,0.000000,,,,,,,,
732200,3800.6,0.000000,,,,,,,,
732300,3801.2,0.000000,,,,,,,,
732400,3801.7,0.000000,,,,,,,,
732500,3802.2,0.000000,,,,,,,,
732600,3802.7,0.000000,,,,,,,,
732700,3803.3,0.000000,,,,,,,,
732800,3803.8,0.000000,,,,,,,,
732900,3804.3,0.000001,,,,,,,,
733000,3804.8,0.000000,,,,,,,,
733100,3805.3,0.000000,,,,,,,,
733200,3805.9,0.000000,,,,,,,,
733300,3806.3,0.000000,,,,,,,,
733400,3806.7,0.000000,,,,,,,,
733500,3807.3,0.000000,,,,,,,,
733600,3807.8,0.000000,,,,,,,,
733700,3808.3,0.000000,,,,,,,,
733800,3808.7,0.000001,,,,,,,,
733900,3809.3,0.000001,,,,,,,,
734000,3809.8,0.000000,,,,,,,,
734100,3810.3,0.000000,,,,,,,,
734200,3810.8,0.000000,,,,,,,,
734300,3811.3,0.000000,,,,,,,,
734400,3811.8,0.000000,,,,,,,,
734500,3812.4,0.000000,,,,,,,,
734600,3812.9,0.000000,,,,,,,,
734700,3813.4,0.000000,,,,,,,,
734800,3813.9,0.000000,,,,,,,,
734900,3814.4,0.000000,,,,,,,,
735000,3816.1,0.000000,0.000000,5.713872e-02,2.119333e-03,1.486515e-03,0.000000,3.804041e-02,2.029353e-03,1.451363e-03
735100,3816.3,0.000000,,,,,,,,
735200,3816.6,0.000000,,,,,,,,
735300,3817.0,0.000000,,,,,,,,
735400,3817.5,0.000000,,,,,,,,
735500,3818.0,0.000000,,,,,,,,
735600,3818.5,0.000000,,,,,,,,
735700,3819.0,0.000000,,,,,,,,
735800,3819.5,0.000000,,,,,,,,
735900,3820.1,0.000000,,,,,,,,
736000,3820.6,0.000000,,,,,,,,
736100,3821.1,0.000000,,,,,,,,
736200,3821.6,0.000000,,,,,,,,
736300,3822.2,0.000000,,,,,,,,
736400,3822.7,0.000000,,,,,,,,
736500,3823.2,0.000000,,,,,,,,
736600,3823.7,0.000000,,,,,,,,
736700,3824.2,0.000001,,,,,,,,
736800,3824.8,0.000000,,,,,,,,
736900,3825.3,0.000000,,,,,,,,
737000,3825.8,0.000000,,,,,,,,
737100,3826.3,0.000000,,,,,,,,
737200,3826.8,0.000000,,,,,,,,
737300,3827.3,0.000000,,,,,,,,
737400,3827.9,0.000000,,,,,,,,
737500,3828.4,0.000000,,,,,,,,
737600,3828.9,0.000000,,,,,,,,
737700,3829.5,0.000000,,,,,,,,
737800,3830.0,0.000000,,,,,,,,
737900,3830.5,0.000000,,,,,,,,
738000,3831.0,0.000000,,,,,,,,
738100,3831.6,0.000000,,,,,,,,
738200,3832.1,0.000000,,,,,,,,
738300,3832.6,0.000000,,,,,,,,
738400,3833.2,0.000000,,,,,,,,
738500,3833.7,0.000000,,,,,,,,
738600,3834.2,0.000000,,,,,,,,
738700,3834.7,0.000000,,,,,,,,
738800,3835.3,0.000000,,,,,,,,
738900,3835.8,0.000000,,,,,,,,
739000,3836.3,0.000000,,,,,,,,
739100,3836.8,0.000000,,,,,,,,
739200,3837.4,0.000000,,,,,,,,
739300,3837.9,0.000000,,,,,,,,
739400,3838.4,0.000000,,,,,,,,
739500,3838.9,0.000000,,,,,,,,
739600,3839.5,0.000000,,,,,,,,
739700,3840.0,0.000000,,,,,,,,
739800,3840.5,0.000000,,,,,,,,
739900,3841.0,0.000000,,,,,,,,
740000,3842.7,0.000000,0.000000,6.399850e-02,2.062682e-03,1.400955e-03,0.000000,4.019237e-02,1.977516e-03,1.373208e-03
740100,3842.9,0.000000,,,,,,,,
740200,3843.2,0.000000,,,,,,,,
740300,3843.6,0.000000,,,,,,,,
740400,3844.1,0.000000,,,,,,,,
740500,3844.7,0.000000,,,,,,,,
740600,3845.2,0.000000,,,,,,,,
740700,3845.7,0.000000,,,,,,,,
740800,3846.2,0.000000,,,,,,,,
740900,3846.8,0.000000,,,,,,,,
741000,3847.3,0.000000,,,,,,,,
741100,3847.9,0.000000,,,,,,,,
741200,3848.4,0.000001,,,,,,,,
741300,3848.9,0.000000,,,,,,,,
741400,3849.4,0.000000,,,,,,,,
741500,3850.0,0.000000,,,,,,,,
741600,3850.5,0.000000,,,,,,,,
741700,3851.0,0.000002,,,,,,,,
741800,3851.5,0.000000,,,,,,,,
741900,3852.1,0.000000,,,,,,,,
742000,3852.6,0.000000,,,,,,,,
742100,3853.1,0.000000,,,,,,,,
742200,3853.6,0.000000,,,,,,,,
742300,3854.2,0.000000,,,,,,,,
742400,3854.7,0.000000,,,,,,,,
742500,3855.2,0.000001,,,,,,,,
742600,3855.7,0.000000,,,,,,,,
742700,3856.3,0.000000,,,,,,,,
742800,3856.8,0.000000,,,,,,,,
742900,3857.3,0.000000,,,,,,,,
743000,3857.8,0.000000,,,,,,,,
743100,3858.3,0.000000,,,,,,,,
743200,3858.9,0.000000,,,,,,,,
743300,3859.4,0.000000,,,,,,,,
743400,3859.8,0.000000,,,,,,,,
743500,3860.4,0.000000,,,,,,,,
743600,3860.9,0.000000,,,,,,,,
743700,3861.4,0.000000,,,,,,,,
743800,3861.9,0.000000,,,,,,,,
743900,3862.3,0.000000,,,,,,,,
744000,3862.8,0.000000,,,,,,,,
744100,3863.3,0.000000,,,,,,,,
744200,3863.8,0.000000,,,,,,,,
744300,3864.4,0.000000,,,,,,,,
744400,3864.9,0.000000,,,,,,,,
744500,3865.4,0.000000,,,,,,,,
744600,3865.9,0.000000,,,,,,,,
744700,3866.5,0.000000,,,,,,,,
744800,3867.0,0.000000,,,,,,,,
744900,3867.5,0.000000,,,,,,,,
745000,3869.2,0.000000,0.000000,7.728309e-02,2.063033e-03,1.413933e-03,0.000000,3.864551e-02,1.986299e-03,1.398973e-03
745100,3869.4,0.000000,,,,,,,,
745200,3869.7,0.000000,,,,,,,,
745300,3870.1,0.000000,,,,,,,,
745400,3870.6,0.000000,,,,,,,,
745500,3871.1,0.000000,,,,,,,,
745600,3871.6,0.000000,,,,,,,,
745700,3872.2,0.000000,,,,,,,,
745800,3872.7,0.000000,,,,,,,,
745900,3873.2,0.000000,,,,,,,,
746000,3873.7,0.000000,,,,,,,,
746100,3874.2,0.000000,,,,,,,,
746200,3874.8,0.000000,,,,,,,,
746300,3875.3,0.000000,,,,,,,,
746400,3875.8,0.000000,,,,,,,,
746500,3876.4,0.000000,,,,,,,,
746600,3876.9,0.000000,,,,,,,,
746700,3877.4,0.000000,,,,,,,,
746800,3878.0,0.000000,,,,,,,,
746900,3878.5,0.000001,,,,,,,,
747000,3879.0,0.000000,,,,,,,,
747100,3879.5,0.000000,,,,,,,,
747200,3880.1,0.000000,,,,,,,,
747300,3880.6,0.000000,,,,,,,,
747400,3881.1,0.000000,,,,,,,,
747500,3881.6,0.000000,,,,,,,,
747600,3882.1,0.000000,,,,,,,,
747700,3882.7,0.000000,,,,,,,,
747800,3883.1,0.000000,,,,,,,,
747900,3883.7,0.000000,,,,,,,,
748000,3884.2,0.000000,,,,,,,,
748100,3884.7,0.000000,,,,,,,,
748200,3885.2,0.000000,,,,,,,,
748300,3885.7,0.000000,,,,,,,,
748400,3886.3,0.000000,,,,,,,,
748500,3886.8,0.000000,,,,,,,,
748600,3887.3,0.000000,,,,,,,,
748700,3887.9,0.000000,,,,,,,,
748800,3888.4,0.000000,,,,,,,,
748900,3888.9,0.000000,,,,,,,,
749000,3889.4,0.000000,,,,,,,,
749100,3889.9,0.000000,,,,,,,,
749200,3890.5,0.000000,,,,,,,,
749300,3891.0,0.000000,,,,,,,,
749400,3891.5,0.000000,,,,,,,,
749500,3892.0,0.000000,,,,,,,,
749600,3892.5,0.000000,,,,,,,,
749700,3893.1,0.000000,,,,,,,,
749800,3893.6,0.000000,,,,,,,,
749900,3894.1,0.000000,,,,,,,,
750000,3895.7,0.000000,0.000000,5.437759e-02,2.080957e-03,1.463596e-03,0.000000,3.655387e-02,2.005089e-03,1.438892e-03
750100,3896.0,0.000000,,,,,,,,
750200,3896.3,0.000000,,,,,,,,
750300,3896.7,0.000000,,,,,,,,
750400,3897.3,0.000000,,,,,,,,
750500,3897.8,0.000000,,,,,,,,
750600,3898.3,0.000000,,,,,,,,
750700,3898.8,0.000000,,,,,,,,
750800,3899.3,0.000000,,,,,,,,
750900,3899.8,0.000000,,,,,,,,
751000,3900.4,0.000000,,,,,,,,
751100,3900.9,0.000000,,,,,,,,
751200,3901.4,0.000000,,,,,,,,
751300,3901.9,0.000000,,,,,,,,
751400,3902.5,0.000000,,,,,,,,
751500,3903.0,0.000000,,,,,,,,
751600,3903.5,0.000000,,,,,,,,
751700,3904.0,0.000000,,,,,,,,
751800,3904.5,0.000000,,,,,,,,
751900,3905.1,0.000000,,,,,,,,
752000,3905.6,0.000000,,,,,,,,
752100,3906.1,0.000000,,,,,,,,
752200,3906.7,0.000000,,,,,,,,
752300,3907.2,0.000000,,,,,,,,
752400,3907.7,0.000000,,,,,,,,
752500,3908.2,0.000000,,,,,,,,
752600,3908.7,0.000000,,,,,,,,
752700,3909.2,0.000000,,,,,,,,
752800,3909.8,0.000000,,,,,,,,
752900,3910.3,0.000000,,,,,,,,
753000,3910.8,0.000000,,,,,,,,
753100,3911.3,0.000000,,,,,,,,
753200,3911.8,0.000000,,,,,,,,
753300,3912.3,0.000000,,,,,,,,
753400,3912.8,0.000000,,,,,,,,
753500,3913.4,0.000000,,,,,,,,
753600,3913.9,0.000000,,,,,,,,
753700,3914.4,0.000000,,,,,,,,
753800,3914.9,0.000000,,,,,,,,
753900,3915.4,0.000000,,,,,,,,
754000,3915.9,0.000000,,,,,,,,
754100,3916.5,0.000001,,,,,,,,
754200,3917.0,0.000000,,,,,,,,
754300,3917.3,0.000000,,,,,,,,
754400,3917.8,0.000000,,,,,,,,
754500,3918.4,0.000000,,,,,,,,
754600,3918.9,0.000000,,,,,,,,
754700,3919.4,0.000000,,,,,,,,
754800,3919.9,0.000000,,,,,,,,
754900,3920.5,0.000000,,,,,,,,
755000,3922.1,0.000000,0.000000,5.866594e-02,2.005262e-03,1.349244e-03,0.000000,3.502084e-02,1.926601e-03,1.334363e-03
755100,3922.3,0.000000,,,,,,,,
755200,3922.7,0.000000,,,,,,,,
755300,3923.1,0.000000,,,,,,,,
755400,3923.6,0.000000,,,,,,,,
755500,3924.1,0.000000,,,,,,,,
755600,3924.6,0.000000,,,,,,,,
755700,3925.1,0.000000,,,,,,,,
755800,3925.7,0.000000,,,,,,,,
755900,3926.2,0.000000,,,,,,,,
756000,3926.7,0.000000,,,,,,,,
756100,3927.3,0.000000,,,,,,,,
756200,3927.8,0.000000,,,,,,,,
756300,3928.3,0.000000,,,,,,,,
756400,3928.8,0.000000,,,,,,,,
756500,3929.3,0.000000,,,,,,,,
756600,3929.9,0.000000,,,,,,,,
756700,3930.4,0.000002,,,,,,,,
756800,3930.9,0.000000,,,,,,,,
756900,3931.4,0.000000,,,,,,,,
757000,3931.9,0.000000,,,,,,,,
757100,3932.4,0.000000,,,,,,,,
757200,3933.0,0.000000,,,,,,,,
757300,3933.5,0.000000,,,,,,,,
757400,3934.0,0.000000,,,,,,,,
757500,3934.5,0.000000,,,,,,,,
757600,3935.0,0.000000,,,,,,,,
757700,3935.6,0.000000,,,,,,,,
757800,3936.1,0.000000,,,,,,,,
757900,3936.6,0.000000,,,,,,,,
758000,3937.1,0.000000,,,,,,,,
758100,3937.7,0.000000,,,,,,,,
758200,3938.2,0.000000,,,,,,,,
758300,3938.7,0.000000,,,,,,,,
758400,3939.3,0.000000,,,,,,,,
758500,3939.8,0.000000,,,,,,,,
758600,3940.3,0.000000,,,,,,,,
758700,3940.8,0.000000,,,,,,,,
758800,3941.4,0.000000,,,,,,,,
758900,3941.9,0.000000,,,,,,,,
759000,3942.4,0.000001,,,,,,,,
759100,3942.9,0.000000,,,,,,,,
759200,3943.4,0.000000,,,,,,,,
759300,3944.0,0.000000,,,,,,,,
759400,3944.5,0.000000,,,,,,,,
759500,3945.0,0.000000,,,,,,,,
759600,3945.5,0.000000,,,,,,,,
759700,3946.0,0.000000,,,,,,,,
759800,3946.5,0.000000,,,,,,,,
759900,3947.0,0.000000,,,,,,,,
760000,3948.7,0.000000,0.000000,6.010760e-02,2.001268e-03,1.363451e-03,0.000000,3.674270e-02,1.919879e-03,1.339764e-03
760100,3948.9,0.000000,,,,,,,,
760200,3949.2,0.000000,,,,,,,,
760300,3949.5,0.000000,,,,,,,,
760400,3950.0,0.000000,,,,,,,,
760500,3950.6,0.000000,,,,,,,,
760600,3951.1,0.000000,,,,,,,,
760700,3951.6,0.000000,,,,,,,,
760800,3952.2,0.000000,,,,,,,,
760900,3952.7,0.000000,,,,,,,,
761000,3953.2,0.000000,,,,,,,,
761100,3953.8,0.000000,,,,,,,,
761200,3954.3,0.000000,,,,,,,,
761300,3954.8,0.000000,,,,,,,,
761400,3955.3,0.000000,,,,,,,,
761500,3955.8,0.000000,,,,,,,,
761600,3956.3,0.000000,,,,,,,,
761700,3956.9,0.000000,,,,,,,,
761800,3957.4,0.000000,,,,,,,,
761900,3957.9,0.000000,,,,,,,,
762000,3958.4,0.000000,,,,,,,,
762100,3959.0,0.000000,,,,,,,,
762200,3959.5,0.000000,,,,,,,,
762300,3960.0,0.000000,,,,,,,,
762400,3960.5,0.000000,,,,,,,,
762500,3961.0,0.000000,,,,,,,,
762600,3961.6,0.000000,,,,,,,,
762700,3962.1,0.000000,,,,,,,,
762800,3962.6,0.000000,,,,,,,,
762900,3963.1,0.000000,,,,,,,,
763000,3963.6,0.000000,,,,,,,,
763100,3964.1,0.000000,,,,,,,,
763200,3964.7,0.000000,,,,,,,,
763300,3965.2,0.000000,,,,,,,,
763400,3965.7,0.000000,,,,,,,,
763500,3966.2,0.000000,,,,,,,,
763600,3966.7,0.000000,,,,,,,,
763700,3967.2,0.000000,,,,,,,,
763800,3967.7,0.000000,,,,,,,,
763900,3968.3,0.000000,,,,,,,,
764000,3968.8,0.000000,,,,,,,,
764100,3969.3,0.000000,,,,,,,,
764200,3969.8,0.000000,,,,,,,,
764300,3970.3,0.000000,,,,,,,,
764400,3970.9,0.000000,,,,,,,,
764500,3971.4,0.000003,,,,,,,,
764600,3971.9,0.000000,,,,,,,,
764700,3972.4,0.000000,,,,,,,,
764800,3973.0,0.000000,,,,,,,,
764900,3973.5,0.000000,,,,,,,,
765000,3975.1,0.000000,0.000000,5.556203e-02,1.994397e-03,1.367758e-03,0.000000,3.328777e-02,1.916266e-03,1.343710e-03
765100,3975.4,0.000000,,,,,,,,
765200,3975.7,0.000000,,,,,,,,
765300,3976.1,0.000000,,,,,,,,
765400,3976.6,0.000000,,,,,,,,
765500,3977.2,0.000000,,,,,,,,
765600,3977.7,0.000000,,,,,,,,
765700,3978.2,0.000000,,,,,,,,
765800,3978.7,0.000000,,,,,,,,
765900,3979.3,0.000000,,,,,,,,
766000,3979.8,0.000000,,,,,,,,
766100,3980.3,0.000001,,,,,,,,
766200,3980.8,0.000000,,,,,,,,
766300,3981.3,0.000000,,,,,,,,
766400,3981.8,0.000001,,,,,,,,
766500,3982.4,0.000000,,,,,,,,
766600,3982.9,0.000000,,,,,,,,
766700,3983.4,0.000000,,,,,,,,
766800,3984.0,0.000000,,,,,,,,
766900,3984.5,0.000000,,,,,,,,
767000,3985.0,0.000000,,,,,,,,
767100,3985.5,0.000000,,,,,,,,
767200,3986.1,0.000000,,,,,,,,
767300,3986.6,0.000000,,,,,,,,
767400,3987.2,0.000000,,,,,,,,
767500,3987.7,0.000000,,,,,,,,
767600,3988.2,0.000000,,,,,,,,
767700,3988.7,0.000000,,,,,,,,
767800,3989.2,0.000000,,,,,,,,
767900,3989.6,0.000000,,,,,,,,
768000,3990.2,0.000000,,,,,,,,
768100,3990.7,0.000000,,,,,,,,
768200,3991.3,0.000000,,,,,,,,
768300,3991.8,0.000000,,,,,,,,
768400,3992.3,0.000000,,,,,,,,
768500,3992.9,0.000000,,,,,,,,
768600,3993.4,0.000000,,,,,,,,
768700,3993.9,0.000000,,,,,,,,
768800,3994.4,0.000000,,,,,,,,
768900,3994.9,0.000000,,,,,,,,
769000,3995.4,0.000000,,,,,,,,
769100,3995.9,0.000000,,,,,,,,
769200,3996.5,0.000000,,,,,,,,
769300,3997.0,0.000000,,,,,,,,
769400,3997.5,0.000000,,,,,,,,
769500,3998.0,0.000000,,,,,,,,
769600,3998.5,0.000000,,,,,,,,
769700,3999.0,0.000000,,,,,,,,
769800,3999.6,0.000000,,,,,,,,
769900,4000.1,0.000000,,,,,,,,
770000,4001.8,0.000000,0.000000,5.400921e-02,1.978189e-03,1.318579e-03,0.000000,3.389526e-02,1.895331e-03,1.292293e-03
770100,4002.0,0.000000,,,,,,,,
770200,4002.3,0.000000,,,,,,,,
770300,4002.8,0.000000,,,,,,,,
770400,4003.3,0.000000,,,,,,,,
770500,4003.8,0.000001,,,,,,,,
770600,4004.3,0.000000,,,,,,,,
770700,4004.8,0.000000,,,,,,,,
770800,4005.4,0.000000,,,,,,,,
770900,4005.9,0.000000,,,,,,,,
771000,4006.4,0.000000,,,,,,,,
771100,4006.9,0.000000,,,,,,,,
771200,4007.4,0.000000,,,,,,,,
771300,4008.0,0.000000,,,,,,,,
771400,4008.5,0.000000,,,,,,,,
771500,4009.0,0.000000,,,,,,,,
771600,4009.5,0.000000,,,,,,,,
771700,4010.1,0.000000,,,,,,,,
771800,4010.6,0.000000,,,,,,,,
771900,4011.1,0.000000,,,,,,,,
772000,4011.7,0.000000,,,,,,,,
772100,4012.2,0.000000,,,,,,,,
772200,4012.7,0.000000,,,,,,,,
772300,4013.2,0.000000,,,,,,,,
772400,4013.8,0.000000,,,,,,,,
772500,4014.3,0.000000,,,,,,,,
772600,4014.8,0.000000,,,,,,,,
772700,4015.4,0.000000,,,,,,,,
772800,4015.9,0.000000,,,,,,,,
772900,4016.4,0.000000,,,,,,,,
773000,4016.9,0.000000,,,,,,,,
773100,4017.4,0.000000,,,,,,,,
773200,4018.0,0.000000,,,,,,,,
773300,4018.5,0.000000,,,,,,,,
773400,4019.0,0.000000,,,,,,,,
773500,4019.5,0.000000,,,,,,,,
773600,4020.0,0.000000,,,,,,,,
773700,4020.5,0.000000,,,,,,,,
773800,4021.1,0.000000,,,,,,,,
773900,4021.6,0.000000,,,,,,,,
774000,4022.1,0.000000,,,,,,,,
774100,4022.6,0.000000,,,,,,,,
774200,4023.1,0.000000,,,,,,,,
774300,4023.6,0.000000,,,,,,,,
774400,4024.1,0.000000,,,,,,,,
774500,4024.6,0.000000,,,,,,,,
774600,4025.2,0.000000,,,,,,,,
774700,4025.7,0.000000,,,,,,,,
774800,4026.2,0.000000,,,,,,,,
774900,4026.7,0.000000,,,,,,,,
775000,4028.4,0.000000,0.000000,5.609835e-02,1.999788e-03,1.365272e-03,0.000000,3.649259e-02,1.920269e-03,1.340576e-03
775100,4028.6,0.000001,,,,,,,,
775200,4028.9,0.000000,,,,,,,,
775300,4029.3,0.000000,,,,,,,,
775400,4029.8,0.000000,,,,,,,,
775500,4030.3,0.000000,,,,,,,,
775600,4030.8,0.000000,,,,,,,,
775700,4031.4,0.000000,,,,,,,,
775800,4031.9,0.000000,,,,,,,,
775900,4032.4,0.000000,,,,,,,,
776000,4033.0,0.000000,,,,,,,,
776100,4033.5,0.000000,,,,,,,,
776200,4034.0,0.000000,,,,,,,,
776300,4034.5,0.000000,,,,,,,,
776400,4035.0,0.000000,,,,,,,,
776500,4035.5,0.000000,,,,,,,,
776600,4036.1,0.000000,,,,,,,,
776700,4036.6,0.000000,,,,,,,,
776800,4037.1,0.000001,,,,,,,,
776900,4037.7,0.000000,,,,,,,,
777000,4038.2,0.000000,,,,,,,,
777100,4038.7,0.000000,,,,,,,,
777200,4039.2,0.000000,,,,,,,,
777300,4039.7,0.000000,,,,,,,,
777400,4040.2,0.000000,,,,,,,,
777500,4040.8,0.000000,,,,,,,,
777600,4041.3,0.000000,,,,,,,,
777700,4041.8,0.000000,,,,,,,,
777800,4042.3,0.000000,,,,,,,,
777900,4042.9,0.000000,,,,,,,,
778000,4043.4,0.000000,,,,,,,,
778100,4043.9,0.000000,,,,,,,,
778200,4044.5,0.000000,,,,,,,,
778300,4045.0,0.000000,,,,,,,,
778400,4045.5,0.000000,,,,,,,,
778500,4046.0,0.000000,,,,,,,,
778600,4046.6,0.000000,,,,,,,,
778700,4047.1,0.000000,,,,,,,,
778800,4047.6,0.000000,,,,,,,,
778900,4048.1,0.000000,,,,,,,,
779000,4048.6,0.000000,,,,,,,,
779100,4049.2,0.000000,,,,,,,,
779200,4049.7,0.000000,,,,,,,,
779300,4050.2,0.000000,,,,,,,,
779400,4050.5,0.000000,,,,,,,,
779500,4051.1,0.000000,,,,,,,,
779600,4051.5,0.000000,,,,,,,,
779700,4052.1,0.000000,,,,,,,,
779800,4052.6,0.000000,,,,,,,,
779900,4053.2,0.000000,,,,,,,,
780000,4054.8,0.000000,0.000000,5.560864e-02,1.975283e-03,1.330467e-03,0.000000,3.788687e-02,1.896321e-03,1.308278e-03
780100,4055.0,0.000000,,,,,,,,
780200,4055.3,0.000000,,,,,,,,
780300,4055.6,0.000000,,,,,,,,
780400,4056.1,0.000000,,,,,,,,
780500,4056.6,0.000000,,,,,,,,
780600,4057.2,0.000000,,,,,,,,
780700,4057.7,0.000000,,,,,,,,
780800,4058.2,0.000000,,,,,,,,
780900,4058.8,0.000000,,,,,,,,
781000,4059.3,0.000000,,,,,,,,
781100,4059.8,0.000001,,,,,,,,
781200,4060.3,0.000000,,,,,,,,
781300,4060.8,0.000000,,,,,,,,
781400,4061.4,0.000000,,,,,,,,
781500,4061.9,0.000000,,,,,,,,
781600,4062.4,0.000000,,,,,,,,
781700,4062.9,0.000000,,,,,,,,
781800,4063.5,0.000000,,,,,,,,
781900,4064.0,0.000000,,,,,,,,
782000,4064.5,0.000000,,,,,,,,
782100,4065.0,0.000000,,,,,,,,
782200,4065.5,0.000000,,,,,,,,
782300,4066.0,0.000000,,,,,,,,
782400,4066.6,0.000000,,,,,,,,
782500,4067.1,0.000000,,,,,,,,
782600,4067.6,0.000000,,,,,,,,
782700,4068.1,0.000000,,,,,,,,
782800,4068.6,0.000000,,,,,,,,
782900,4069.2,0.000000,,,,,,,,
783000,4069.7,0.000000,,,,,,,,
783100,4070.2,0.000000,,,,,,,,
783200,4070.7,0.000000,,,,,,,,
783300,4071.2,0.000000,,,,,,,,
783400,4071.7,0.000000,,,,,,,,
783500,4072.2,0.000000,,,,,,,,
783600,4072.8,0.000000,,,,,,,,
783700,4073.3,0.000000,,,,,,,,
783800,4073.9,0.000000,,,,,,,,
783900,4074.4,0.000000,,,,,,,,
784000,4074.9,0.000000,,,,,,,,
784100,4075.5,0.000000,,,,,,,,
784200,4076.0,0.000000,,,,,,,,
784300,4076.5,0.000000,,,,,,,,
784400,4077.0,0.000000,,,,,,,,
784500,4077.6,0.000000,,,,,,,,
784600,4078.1,0.000000,,,,,,,,
784700,4078.6,0.000000,,,,,,,,
784800,4079.1,0.000000,,,,,,,,
784900,4079.6,0.000000,,,,,,,,
785000,4081.3,0.000000,0.000000,5.466021e-02,1.971301e-03,1.332465e-03,0.000000,3.610946e-02,1.894993e-03,1.314026e-03
785100,4081.5,0.000000,,,,,,,,
785200,4081.8,0.000000,,,,,,,,
785300,4082.2,0.000000,,,,,,,,
785400,4082.7,0.000000,,,,,,,,
785500,4083.2,0.000000,,,,,,,,
785600,4083.8,0.000000,,,,,,,,
785700,4084.3,0.000000,,,,,,,,
785800,4084.8,0.000000,,,,,,,,
785900,4085.3,0.000000,,,,,,,,
786000,4085.9,0.000000,,,,,,,,
786100,4086.4,0.000000,,,,,,,,
786200,4086.9,0.000000,,,,,,,,
786300,4087.4,0.000000,,,,,,,,
786400,4087.9,0.000000,,,,,,,,
786500,4088.4,0.000000,,,,,,,,
786600,4089.0,0.000000,,,,,,,,
786700,4089.5,0.000000,,,,,,,,
786800,4090.0,0.000000,,,,,,,,
786900,4090.5,0.000000,,,,,,,,
787000,4091.0,0.000000,,,,,,,,
787100,4091.6,0.000000,,,,,,,,
787200,4092.1,0.000000,,,,,,,,
787300,4092.6,0.000000,,,,,,,,
787400,4093.1,0.000000,,,,,,,,
787500,4093.7,0.000000,,,,,,,,
787600,4094.2,0.000000,,,,,,,,
787700,4094.7,0.000000,,,,,,,,
787800,4095.2,0.000000,,,,,,,,
787900,4095.7,0.000000,,,,,,,,
788000,4096.2,0.000000,,,,,,,,
788100,4096.7,0.000000,,,,,,,,
788200,4097.2,0.000000,,,,,,,,
788300,4097.7,0.000000,,,,,,,,
788400,4098.3,0.000000,,,,,,,,
788500,4098.8,0.000000,,,,,,,,
788600,4099.3,0.000000,,,,,,,,
788700,4099.8,0.000000,,,,,,,,
788800,4100.3,0.000000,,,,,,,,
788900,4100.9,0.000000,,,,,,,,
789000,4101.4,0.000000,,,,,,,,
789100,4101.9,0.000000,,,,,,,,
789200,4102.4,0.000000,,,,,,,,
789300,4103.0,0.000000,,,,,,,,
789400,4103.5,0.000000,,,,,,,,
789500,4104.0,0.000000,,,,,,,,
789600,4104.5,0.000000,,,,,,,,
789700,4105.1,0.000000,,,,,,,,
789800,4105.6,0.000000,,,,,,,,
789900,4106.1,0.000000,,,,,,,,
790000,4107.8,0.000000,0.000000,5.268468e-02,1.969086e-03,1.335656e-03,0.000000,3.703404e-02,1.890334e-03,1.312321e-03
790100,4108.0,0.000001,,,,,,,,
790200,4108.3,0.000000,,,,,,,,
790300,4108.7,0.000000,,,,,,,,
790400,4109.2,0.000000,,,,,,,,
790500,4109.7,0.000000,,,,,,,,
790600,4110.3,0.000000,,,,,,,,
790700,4110.8,0.000000,,,,,,,,
790800,4111.3,0.000000,,,,,,,,
790900,4111.7,0.000000,,,,,,,,
791000,4112.2,0.000000,,,,,,,,
791100,4112.7,0.000000,,,,,,,,
791200,4113.2,0.000000,,,,,,,,
791300,4113.7,0.000000,,,,,,,,
791400,4114.2,0.000000,,,,,,,,
791500,4114.7,0.000000,,,,,,,,
791600,4115.2,0.000001,,,,,,,,
791700,4115.8,0.000000,,,,,,,,
791800,4116.3,0.000000,,,,,,,,
791900,4116.8,0.000000,,,,,,,,
792000,4117.3,0.000000,,,,,,,,
792100,4117.9,0.000000,,,,,,,,
792200,4118.4,0.000000,,,,,,,,
792300,4118.9,0.000000,,,,,,,,
792400,4119.5,0.000000,,,,,,,,
792500,4120.0,0.000000,,,,,,,,
792600,4120.5,0.000001,,,,,,,,
792700,4121.0,0.000000,,,,,,,,
792800,4121.6,0.000000,,,,,,,,
792900,4122.1,0.000000,,,,,,,,
793000,4122.6,0.000000,,,,,,,,
793100,4123.1,0.000000,,,,,,,,
793200,4123.7,0.000000,,,,,,,,
793300,4124.2,0.000000,,,,,,,,
793400,4124.7,0.000000,,,,,,,,
793500,4125.2,0.000000,,,,,,,,
793600,4125.8,0.000000,,,,,,,,
793700,4126.3,0.000000,,,,,,,,
793800,4126.8,0.000001,,,,,,,,
793900,4127.3,0.000000,,,,,,,,
794000,4127.9,0.000000,,,,,,,,
794100,4128.4,0.000000,,,,,,,,
794200,4128.9,0.000000,,,,,,,,
794300,4129.4,0.000000,,,,,,,,
794400,4129.9,0.000000,,,,,,,,
794500,4130.4,0.000000,,,,,,,,
794600,4131.0,0.000000,,,,,,,,
794700,4131.5,0.000000,,,,,,,,
794800,4132.0,0.000000,,,,,,,,
794900,4132.5,0.000000,,,,,,,,
795000,4134.1,0.000000,0.000000,5.702580e-02,1.967847e-03,1.335311e-03,0.000000,3.605843e-02,1.890936e-03,1.316471e-03
795100,4134.4,0.000000,,,,,,,,
795200,4134.7,0.000000,,,,,,,,
795300,4135.1,0.000000,,,,,,,,
795400,4135.6,0.000000,,,,,,,,
795500,4136.2,0.000000,,,,,,,,
795600,4136.7,0.000000,,,,,,,,
795700,4137.2,0.000000,,,,,,,,
795800,4137.7,0.000000,,,,,,,,
795900,4138.2,0.000000,,,,,,,,
796000,4138.8,0.000000,,,,,,,,
796100,4139.3,0.000000,,,,,,,,
796200,4139.8,0.000000,,,,,,,,
796300,4140.3,0.000001,,,,,,,,
796400,4140.8,0.000000,,,,,,,,
796500,4141.4,0.000000,,,,,,,,
796600,4141.9,0.000000,,,,,,,,
796700,4142.4,0.000000,,,,,,,,
796800,4142.9,0.000000,,,,,,,,
796900,4143.4,0.000000,,,,,,,,
797000,4143.9,0.000000,,,,,,,,
797100,4144.5,0.000000,,,,,,,,
797200,4145.0,0.000000,,,,,,,,
797300,4145.5,0.000000,,,,,,,,
797400,4146.0,0.000000,,,,,,,,
797500,4146.5,0.000000,,,,,,,,
797600,4147.1,0.000000,,,,,,,,
797700,4147.6,0.000000,,,,,,,,
797800,4148.1,0.000000,,,,,,,,
797900,4148.6,0.000000,,,,,,,,
798000,4149.1,0.000000,,,,,,,,
798100,4149.6,0.000000,,,,,,,,
798200,4150.1,0.000002,,,,,,,,
798300,4150.6,0.000000,,,,,,,,
798400,4151.1,0.000000,,,,,,,,
798500,4151.7,0.000000,,,,,,,,
798600,4152.2,0.000000,,,,,,,,
798700,4152.7,0.000000,,,,,,,,
798800,4153.2,0.000000,,,,,,,,
798900,4153.7,0.000000,,,,,,,,
799000,4154.3,0.000000,,,,,,,,
799100,4154.8,0.000000,,,,,,,,
799200,4155.3,0.000001,,,,,,,,
799300,4155.8,0.000000,,,,,,,,
799400,4156.4,0.000000,,,,,,,,
799500,4156.9,0.000000,,,,,,,,
799600,4157.4,0.000000,,,,,,,,
799700,4157.9,0.000000,,,,,,,,
799800,4158.4,0.000000,,,,,,,,
799900,4158.9,0.000000,,,,,,,,
800000,4160.6,0.000000,0.000000,5.581964e-02,1.965137e-03,1.327584e-03,0.000000,3.649021e-02,1.887412e-03,1.307004e-03
