step,elapsed_s,train_loss,eval_loss,max_abs_err,mean_abs_err,median_abs_err,frac_under_boyd,max_abs_err_bulk,mean_abs_err_bulk,median_abs_err_bulk
100,1.5,0.110586,,,,,,,,
200,1.8,0.098524,,,,,,,,
300,2.1,0.032477,,,,,,,,
400,2.5,0.013524,,,,,,,,
500,2.8,0.009796,,,,,,,,
600,3.1,0.007491,,,,,,,,
700,3.4,0.003129,,,,,,,,
800,3.7,0.002045,,,,,,,,
900,4.0,0.001792,,,,,,,,
1000,4.4,0.001665,,,,,,,,
1100,4.7,0.001089,,,,,,,,
1200,5.0,0.001276,,,,,,,,
1300,5.3,0.000299,,,,,,,,
1400,5.6,0.000311,,,,,,,,
1500,5.9,0.000164,,,,,,,,
1600,6.3,0.000204,,,,,,,,
1700,6.6,0.000218,,,,,,,,
1800,6.9,0.000113,,,,,,,,
1900,7.2,0.000138,,,,,,,,
2000,7.5,0.000241,,,,,,,,
2100,7.8,0.000109,,,,,,,,
2200,8.2,0.000112,,,,,,,,
2300,8.5,0.000092,,,,,,,,
2400,8.8,0.000071,,,,,,,,
2500,9.1,0.000062,,,,,,,,
2600,9.4,0.000224,,,,,,,,
2700,9.7,0.000100,,,,,,,,
2800,10.1,0.000063,,,,,,,,
2900,10.4,0.000093,,,,,,,,
3000,10.7,0.000072,,,,,,,,
3100,11.0,0.000068,,,,,,,,
3200,11.3,0.000052,,,,,,,,
3300,11.6,0.000101,,,,,,,,
3400,12.0,0.000054,,,,,,,,
3500,12.3,0.000060,,,,,,,,
3600,12.6,0.000083,,,,,,,,
3700,12.9,0.000107,,,,,,,,
3800,13.2,0.000066,,,,,,,,
3900,13.5,0.000039,,,,,,,,
4000,13.9,0.000083,,,,,,,,
4100,14.2,0.000048,,,,,,,,
4200,14.5,0.000061,,,,,,,,
4300,14.8,0.000067,,,,,,,,
4400,15.1,0.000057,,,,,,,,
4500,15.5,0.000048,,,,,,,,
4600,15.8,0.000048,,,,,,,,
4700,16.1,0.000049,,,,,,,,
4800,16.4,0.000041,,,,,,,,
4900,16.7,0.000060,,,,,,,,
5000,18.6,0.000034,0.000050,3.187176e-01,3.243161e-02,2.402446e-02,0.000000,2.588211e-01,3.189039e-02,2.435237e-02
5100,18.9,0.000107,,,,,,,,
5200,19.2,0.000043,,,,,,,,
5300,19.5,0.000053,,,,,,,,
5400,19.8,0.000050,,,,,,,,
5500,20.2,0.000052,,,,,,,,
5600,20.5,0.000037,,,,,,,,
5700,20.8,0.000047,,,,,,,,
5800,21.1,0.000035,,,,,,,,
5900,21.4,0.000051,,,,,,,,
6000,21.7,0.000053,,,,,,,,
6100,22.1,0.000032,,,,,,,,
6200,22.4,0.000033,,,,,,,,
6300,22.7,0.000070,,,,,,,,
6400,23.0,0.000042,,,,,,,,
6500,23.3,0.000029,,,,,,,,
6600,23.6,0.000046,,,,,,,,
6700,24.0,0.000040,,,,,,,,
6800,24.3,0.000038,,,,,,,,
6900,24.6,0.000024,,,,,,,,
7000,24.9,0.000018,,,,,,,,
7100,25.2,0.000055,,,,,,,,
7200,25.6,0.000021,,,,,,,,
7300,25.9,0.000061,,,,,,,,
7400,26.2,0.000028,,,,,,,,
7500,26.5,0.000063,,,,,,,,
7600,26.8,0.000021,,,,,,,,
7700,27.1,0.000026,,,,,,,,
7800,27.5,0.000051,,,,,,,,
7900,27.8,0.000025,,,,,,,,
8000,28.1,0.000019,,,,,,,,
8100,28.4,0.000030,,,,,,,,
8200,28.7,0.000022,,,,,,,,
8300,29.1,0.000024,,,,,,,,
8400,29.4,0.000026,,,,,,,,
8500,29.7,0.000051,,,,,,,,
8600,30.0,0.000017,,,,,,,,
8700,30.3,0.000038,,,,,,,,
8800,30.6,0.000027,,,,,,,,
8900,31.0,0.000021,,,,,,,,
9000,31.3,0.000019,,,,,,,,
9100,31.6,0.000024,,,,,,,,
9200,31.9,0.000030,,,,,,,,
9300,32.2,0.000015,,,,,,,,
9400,32.5,0.000033,,,,,,,,
9500,32.9,0.000019,,,,,,,,
9600,33.2,0.000022,,,,,,,,
9700,33.5,0.000025,,,,,,,,
9800,33.8,0.000021,,,,,,,,
9900,34.1,0.000045,,,,,,,,
10000,35.6,0.000018,0.000023,2.384476e-01,2.421346e-02,2.140389e-02,0.000000,2.349269e-01,2.435365e-02,2.182313e-02
10100,35.9,0.000034,,,,,,,,
10200,36.2,0.000028,,,,,,,,
10300,36.5,0.000046,,,,,,,,
10400,36.8,0.000017,,,,,,,,
10500,37.1,0.000012,,,,,,,,
10600,37.5,0.000018,,,,,,,,
10700,37.8,0.000016,,,,,,,,
10800,38.1,0.000011,,,,,,,,
10900,38.4,0.000029,,,,,,,,
11000,38.7,0.000019,,,,,,,,
11100,39.1,0.000014,,,,,,,,
11200,39.4,0.000012,,,,,,,,
11300,39.7,0.000011,,,,,,,,
11400,40.0,0.000014,,,,,,,,
11500,40.3,0.000015,,,,,,,,
11600,40.6,0.000009,,,,,,,,
11700,41.0,0.000040,,,,,,,,
11800,41.3,0.000015,,,,,,,,
11900,41.6,0.000022,,,,,,,,
12000,41.9,0.000012,,,,,,,,
12100,42.2,0.000017,,,,,,,,
12200,42.6,0.000017,,,,,,,,
12300,42.9,0.000020,,,,,,,,
12400,43.2,0.000009,,,,,,,,
12500,43.5,0.000016,,,,,,,,
12600,43.8,0.000032,,,,,,,,
12700,44.1,0.000017,,,,,,,,
12800,44.5,0.000012,,,,,,,,
12900,44.8,0.000010,,,,,,,,
13000,45.1,0.000020,,,,,,,,
13100,45.4,0.000041,,,,,,,,
13200,45.7,0.000009,,,,,,,,
13300,46.0,0.000022,,,,,,,,
13400,46.4,0.000015,,,,,,,,
13500,46.7,0.000008,,,,,,,,
13600,47.0,0.000021,,,,,,,,
13700,47.3,0.000013,,,,,,,,
13800,47.6,0.000013,,,,,,,,
13900,48.0,0.000014,,,,,,,,
14000,48.3,0.000009,,,,,,,,
14100,48.6,0.000010,,,,,,,,
14200,48.9,0.000011,,,,,,,,
14300,49.2,0.000012,,,,,,,,
14400,49.5,0.000006,,,,,,,,
14500,49.9,0.000015,,,,,,,,
14600,50.2,0.000008,,,,,,,,
14700,50.5,0.000006,,,,,,,,
14800,50.8,0.000015,,,,,,,,
14900,51.1,0.000010,,,,,,,,
15000,52.6,0.000008,0.000010,1.796793e-01,1.478543e-02,1.157171e-02,0.000000,1.696640e-01,1.456760e-02,1.151524e-02
15100,52.9,0.000017,,,,,,,,
15200,53.2,0.000007,,,,,,,,
15300,53.5,0.000011,,,,,,,,
15400,53.8,0.000009,,,,,,,,
15500,54.1,0.000011,,,,,,,,
15600,54.5,0.000009,,,,,,,,
15700,54.8,0.000009,,,,,,,,
15800,55.1,0.000011,,,,,,,,
15900,55.4,0.000014,,,,,,,,
16000,55.7,0.000020,,,,,,,,
16100,56.1,0.000012,,,,,,,,
16200,56.4,0.000010,,,,,,,,
16300,56.7,0.000009,,,,,,,,
16400,57.0,0.000018,,,,,,,,
16500,57.3,0.000007,,,,,,,,
16600,57.6,0.000009,,,,,,,,
16700,58.0,0.000012,,,,,,,,
16800,58.3,0.000006,,,,,,,,
16900,58.6,0.000012,,,,,,,,
17000,58.9,0.000011,,,,,,,,
17100,59.2,0.000014,,,,,,,,
17200,59.5,0.000011,,,,,,,,
17300,59.9,0.000028,,,,,,,,
17400,60.2,0.000006,,,,,,,,
17500,60.5,0.000007,,,,,,,,
17600,60.8,0.000006,,,,,,,,
17700,61.1,0.000007,,,,,,,,
17800,61.5,0.000006,,,,,,,,
17900,61.8,0.000007,,,,,,,,
18000,62.1,0.000014,,,,,,,,
18100,62.4,0.000009,,,,,,,,
18200,62.7,0.000008,,,,,,,,
18300,63.0,0.000004,,,,,,,,
18400,63.4,0.000008,,,,,,,,
18500,63.7,0.000011,,,,,,,,
18600,64.0,0.000008,,,,,,,,
18700,64.3,0.000014,,,,,,,,
18800,64.6,0.000015,,,,,,,,
18900,64.9,0.000008,,,,,,,,
19000,65.3,0.000007,,,,,,,,
19100,65.6,0.000009,,,,,,,,
19200,65.9,0.000012,,,,,,,,
19300,66.2,0.000016,,,,,,,,
19400,66.5,0.000012,,,,,,,,
19500,66.8,0.000008,,,,,,,,
19600,67.2,0.000006,,,,,,,,
19700,67.5,0.000011,,,,,,,,
19800,67.8,0.000003,,,,,,,,
19900,68.1,0.000015,,,,,,,,
20000,69.6,0.000011,0.000008,2.029556e-01,1.377762e-02,1.176688e-02,0.000000,1.721788e-01,1.330920e-02,1.149742e-02
20100,69.9,0.000006,,,,,,,,
20200,70.2,0.000005,,,,,,,,
20300,70.5,0.000005,,,,,,,,
20400,70.8,0.000011,,,,,,,,
20500,71.1,0.000007,,,,,,,,
20600,71.5,0.000005,,,,,,,,
20700,71.8,0.000006,,,,,,,,
20800,72.1,0.000006,,,,,,,,
20900,72.4,0.000003,,,,,,,,
21000,72.7,0.000010,,,,,,,,
21100,73.1,0.000005,,,,,,,,
21200,73.4,0.000006,,,,,,,,
21300,73.7,0.000010,,,,,,,,
21400,74.0,0.000013,,,,,,,,
21500,74.3,0.000005,,,,,,,,
21600,74.6,0.000010,,,,,,,,
21700,75.0,0.000003,,,,,,,,
21800,75.3,0.000008,,,,,,,,
21900,75.6,0.000003,,,,,,,,
22000,75.9,0.000003,,,,,,,,
22100,76.2,0.000005,,,,,,,,
22200,76.6,0.000004,,,,,,,,
22300,76.9,0.000005,,,,,,,,
22400,77.2,0.000004,,,,,,,,
22500,77.5,0.000009,,,,,,,,
22600,77.8,0.000005,,,,,,,,
22700,78.1,0.000005,,,,,,,,
22800,78.5,0.000005,,,,,,,,
22900,78.8,0.000005,,,,,,,,
23000,79.1,0.000006,,,,,,,,
23100,79.4,0.000004,,,,,,,,
23200,79.7,0.000008,,,,,,,,
23300,80.0,0.000005,,,,,,,,
23400,80.4,0.000006,,,,,,,,
23500,80.7,0.000003,,,,,,,,
23600,81.0,0.000005,,,,,,,,
23700,81.3,0.000005,,,,,,,,
23800,81.6,0.000015,,,,,,,,
23900,82.0,0.000003,,,,,,,,
24000,82.3,0.000005,,,,,,,,
24100,82.6,0.000003,,,,,,,,
24200,82.9,0.000007,,,,,,,,
24300,83.2,0.000005,,,,,,,,
24400,83.5,0.000004,,,,,,,,
24500,83.9,0.000006,,,,,,,,
24600,84.2,0.000003,,,,,,,,
24700,84.5,0.000003,,,,,,,,
24800,84.8,0.000018,,,,,,,,
24900,85.1,0.000007,,,,,,,,
25000,86.6,0.000023,0.000007,1.655334e-01,1.357761e-02,1.196782e-02,0.000000,1.106091e-01,1.338636e-02,1.195669e-02
25100,86.9,0.000006,,,,,,,,
25200,87.2,0.000003,,,,,,,,
25300,87.5,0.000004,,,,,,,,
25400,87.8,0.000007,,,,,,,,
25500,88.1,0.000003,,,,,,,,
25600,88.5,0.000004,,,,,,,,
25700,88.8,0.000005,,,,,,,,
25800,89.1,0.000009,,,,,,,,
25900,89.4,0.000007,,,,,,,,
26000,89.7,0.000007,,,,,,,,
26100,90.0,0.000003,,,,,,,,
26200,90.4,0.000005,,,,,,,,
26300,90.7,0.000003,,,,,,,,
26400,91.0,0.000005,,,,,,,,
26500,91.3,0.000006,,,,,,,,
26600,91.6,0.000005,,,,,,,,
26700,91.9,0.000006,,,,,,,,
26800,92.3,0.000005,,,,,,,,
26900,92.6,0.000007,,,,,,,,
27000,92.9,0.000010,,,,,,,,
27100,93.2,0.000010,,,,,,,,
27200,93.5,0.000006,,,,,,,,
27300,93.9,0.000006,,,,,,,,
27400,94.2,0.000006,,,,,,,,
27500,94.5,0.000003,,,,,,,,
27600,94.8,0.000007,,,,,,,,
27700,95.1,0.000005,,,,,,,,
27800,95.4,0.000003,,,,,,,,
27900,95.8,0.000004,,,,,,,,
28000,96.1,0.000003,,,,,,,,
28100,96.4,0.000004,,,,,,,,
28200,96.7,0.000003,,,,,,,,
28300,97.0,0.000010,,,,,,,,
28400,97.3,0.000007,,,,,,,,
28500,97.7,0.000008,,,,,,,,
28600,98.0,0.000004,,,,,,,,
28700,98.3,0.000005,,,,,,,,
28800,98.6,0.000005,,,,,,,,
28900,98.9,0.000002,,,,,,,,
29000,99.3,0.000007,,,,,,,,
29100,99.6,0.000005,,,,,,,,
29200,99.9,0.000011,,,,,,,,
29300,100.2,0.000005,,,,,,,,
29400,100.5,0.000006,,,,,,,,
29500,100.8,0.000004,,,,,,,,
29600,101.2,0.000005,,,,,,,,
29700,101.5,0.000008,,,,,,,,
29800,101.8,0.000007,,,,,,,,
29900,102.1,0.000004,,,,,,,,
30000,103.6,0.000005,0.000003,1.277221e-01,8.272898e-03,6.796812e-03,0.000000,1.106913e-01,8.059543e-03,6.707536e-03
30100,103.9,0.000004,,,,,,,,
30200,104.2,0.000003,,,,,,,,
30300,104.5,0.000006,,,,,,,,
30400,104.8,0.000014,,,,,,,,
30500,105.1,0.000004,,,,,,,,
30600,105.5,0.000014,,,,,,,,
30700,105.8,0.000003,,,,,,,,
30800,106.1,0.000014,,,,,,,,
30900,106.4,0.000006,,,,,,,,
31000,106.7,0.000003,,,,,,,,
31100,107.0,0.000003,,,,,,,,
31200,107.4,0.000006,,,,,,,,
31300,107.7,0.000012,,,,,,,,
31400,108.0,0.000005,,,,,,,,
31500,108.3,0.000007,,,,,,,,
31600,108.6,0.000010,,,,,,,,
31700,109.0,0.000005,,,,,,,,
31800,109.3,0.000002,,,,,,,,
31900,109.6,0.000009,,,,,,,,
32000,109.9,0.000008,,,,,,,,
32100,110.2,0.000004,,,,,,,,
32200,110.5,0.000008,,,,,,,,
32300,110.9,0.000005,,,,,,,,
32400,111.2,0.000004,,,,,,,,
32500,111.5,0.000003,,,,,,,,
32600,111.8,0.000003,,,,,,,,
32700,112.1,0.000004,,,,,,,,
32800,112.4,0.000005,,,,,,,,
32900,112.8,0.000005,,,,,,,,
33000,113.1,0.000007,,,,,,,,
33100,113.4,0.000004,,,,,,,,
33200,113.7,0.000003,,,,,,,,
33300,114.0,0.000005,,,,,,,,
33400,114.3,0.000008,,,,,,,,
33500,114.7,0.000004,,,,,,,,
33600,115.0,0.000003,,,,,,,,
33700,115.3,0.000003,,,,,,,,
33800,115.6,0.000003,,,,,,,,
33900,115.9,0.000005,,,,,,,,
34000,116.3,0.000005,,,,,,,,
34100,116.6,0.000009,,,,,,,,
34200,116.9,0.000003,,,,,,,,
34300,117.2,0.000004,,,,,,,,
34400,117.5,0.000002,,,,,,,,
34500,117.8,0.000003,,,,,,,,
34600,118.2,0.000004,,,,,,,,
34700,118.5,0.000002,,,,,,,,
34800,118.8,0.000003,,,,,,,,
34900,119.1,0.000005,,,,,,,,
35000,120.6,0.000003,0.000002,1.578375e-01,6.037474e-03,4.684486e-03,0.000000,1.333318e-01,5.824753e-03,4.605957e-03
35100,120.9,0.000004,,,,,,,,
35200,121.2,0.000003,,,,,,,,
35300,121.5,0.000002,,,,,,,,
35400,121.8,0.000002,,,,,,,,
35500,122.1,0.000003,,,,,,,,
35600,122.4,0.000010,,,,,,,,
35700,122.8,0.000004,,,,,,,,
35800,123.1,0.000003,,,,,,,,
35900,123.4,0.000005,,,,,,,,
36000,123.7,0.000002,,,,,,,,
36100,124.0,0.000005,,,,,,,,
36200,124.3,0.000004,,,,,,,,
36300,124.7,0.000006,,,,,,,,
36400,125.0,0.000003,,,,,,,,
36500,125.3,0.000004,,,,,,,,
36600,125.6,0.000006,,,,,,,,
36700,125.9,0.000005,,,,,,,,
36800,126.3,0.000004,,,,,,,,
36900,126.6,0.000005,,,,,,,,
37000,126.9,0.000003,,,,,,,,
37100,127.2,0.000002,,,,,,,,
37200,127.5,0.000002,,,,,,,,
37300,127.8,0.000005,,,,,,,,
37400,128.2,0.000002,,,,,,,,
37500,128.5,0.000002,,,,,,,,
37600,128.8,0.000006,,,,,,,,
37700,129.1,0.000003,,,,,,,,
37800,129.4,0.000003,,,,,,,,
37900,129.7,0.000005,,,,,,,,
38000,130.1,0.000003,,,,,,,,
38100,130.4,0.000008,,,,,,,,
38200,130.7,0.000007,,,,,,,,
38300,131.0,0.000003,,,,,,,,
38400,131.3,0.000004,,,,,,,,
38500,131.6,0.000002,,,,,,,,
38600,132.0,0.000003,,,,,,,,
38700,132.3,0.000004,,,,,,,,
38800,132.6,0.000010,,,,,,,,
38900,132.9,0.000009,,,,,,,,
39000,133.2,0.000002,,,,,,,,
39100,133.6,0.000004,,,,,,,,
39200,133.9,0.000002,,,,,,,,
39300,134.2,0.000003,,,,,,,,
39400,134.5,0.000006,,,,,,,,
39500,134.8,0.000001,,,,,,,,
39600,135.1,0.000008,,,,,,,,
39700,135.5,0.000002,,,,,,,,
39800,135.8,0.000003,,,,,,,,
39900,136.1,0.000003,,,,,,,,
40000,137.6,0.000005,0.000003,1.838134e-01,7.327039e-03,5.877966e-03,0.000000,1.380701e-01,7.117957e-03,5.771899e-03
40100,137.9,0.000002,,,,,,,,
40200,138.2,0.000005,,,,,,,,
40300,138.5,0.000010,,,,,,,,
40400,138.8,0.000002,,,,,,,,
40500,139.1,0.000002,,,,,,,,
40600,139.5,0.000003,,,,,,,,
40700,139.8,0.000002,,,,,,,,
40800,140.1,0.000003,,,,,,,,
40900,140.4,0.000006,,,,,,,,
41000,140.7,0.000007,,,,,,,,
41100,141.0,0.000003,,,,,,,,
41200,141.4,0.000005,,,,,,,,
41300,141.7,0.000004,,,,,,,,
41400,142.0,0.000002,,,,,,,,
41500,142.3,0.000009,,,,,,,,
41600,142.6,0.000002,,,,,,,,
41700,143.0,0.000003,,,,,,,,
41800,143.3,0.000006,,,,,,,,
41900,143.6,0.000006,,,,,,,,
42000,143.9,0.000003,,,,,,,,
42100,144.2,0.000002,,,,,,,,
42200,144.5,0.000003,,,,,,,,
42300,144.9,0.000008,,,,,,,,
42400,145.2,0.000002,,,,,,,,
42500,145.5,0.000004,,,,,,,,
42600,145.8,0.000009,,,,,,,,
42700,146.1,0.000004,,,,,,,,
42800,146.5,0.000003,,,,,,,,
42900,146.8,0.000005,,,,,,,,
43000,147.1,0.000009,,,,,,,,
43100,147.4,0.000003,,,,,,,,
43200,147.7,0.000002,,,,,,,,
43300,148.0,0.000008,,,,,,,,
43400,148.4,0.000004,,,,,,,,
43500,148.7,0.000007,,,,,,,,
43600,149.0,0.000002,,,,,,,,
43700,149.3,0.000003,,,,,,,,
43800,149.6,0.000005,,,,,,,,
43900,150.0,0.000006,,,,,,,,
44000,150.3,0.000002,,,,,,,,
44100,150.6,0.000006,,,,,,,,
44200,150.9,0.000005,,,,,,,,
44300,151.2,0.000005,,,,,,,,
44400,151.5,0.000003,,,,,,,,
44500,151.9,0.000002,,,,,,,,
44600,152.2,0.000007,,,,,,,,
44700,152.5,0.000004,,,,,,,,
44800,152.8,0.000005,,,,,,,,
44900,153.1,0.000004,,,,,,,,
45000,154.6,0.000003,0.000004,1.644661e-01,9.167796e-03,8.063189e-03,0.000000,1.498019e-01,9.026688e-03,8.036997e-03
45100,154.9,0.000004,,,,,,,,
45200,155.2,0.000004,,,,,,,,
45300,155.5,0.000003,,,,,,,,
45400,155.8,0.000004,,,,,,,,
45500,156.1,0.000002,,,,,,,,
45600,156.5,0.000002,,,,,,,,
45700,156.8,0.000002,,,,,,,,
45800,157.1,0.000004,,,,,,,,
45900,157.4,0.000008,,,,,,,,
46000,157.7,0.000002,,,,,,,,
46100,158.0,0.000004,,,,,,,,
46200,158.4,0.000003,,,,,,,,
46300,158.7,0.000004,,,,,,,,
46400,159.0,0.000002,,,,,,,,
46500,159.3,0.000004,,,,,,,,
46600,159.6,0.000002,,,,,,,,
46700,160.0,0.000003,,,,,,,,
46800,160.3,0.000005,,,,,,,,
46900,160.6,0.000004,,,,,,,,
47000,160.9,0.000003,,,,,,,,
47100,161.2,0.000002,,,,,,,,
47200,161.6,0.000004,,,,,,,,
47300,161.9,0.000003,,,,,,,,
47400,162.2,0.000005,,,,,,,,
47500,162.5,0.000002,,,,,,,,
47600,162.8,0.000007,,,,,,,,
47700,163.1,0.000006,,,,,,,,
47800,163.5,0.000001,,,,,,,,
47900,163.8,0.000002,,,,,,,,
48000,164.1,0.000001,,,,,,,,
48100,164.4,0.000004,,,,,,,,
48200,164.7,0.000003,,,,,,,,
48300,165.0,0.000006,,,,,,,,
48400,165.4,0.000002,,,,,,,,
48500,165.7,0.000005,,,,,,,,
48600,166.0,0.000002,,,,,,,,
48700,166.3,0.000003,,,,,,,,
48800,166.6,0.000008,,,,,,,,
48900,167.0,0.000004,,,,,,,,
49000,167.3,0.000002,,,,,,,,
49100,167.6,0.000002,,,,,,,,
49200,167.9,0.000006,,,,,,,,
49300,168.2,0.000003,,,,,,,,
49400,168.5,0.000003,,,,,,,,
49500,168.9,0.000011,,,,,,,,
49600,169.2,0.000002,,,,,,,,
49700,169.5,0.000003,,,,,,,,
49800,169.8,0.000004,,,,,,,,
49900,170.1,0.000003,,,,,,,,
50000,171.6,0.000002,0.000003,1.498066e-01,7.844114e-03,6.683148e-03,0.000000,1.076329e-01,7.819787e-03,6.796431e-03
50100,171.9,0.000003,,,,,,,,
50200,172.2,0.000003,,,,,,,,
50300,172.5,0.000003,,,,,,,,
50400,172.8,0.000005,,,,,,,,
50500,173.2,0.000004,,,,,,,,
50600,173.5,0.000004,,,,,,,,
50700,173.8,0.000005,,,,,,,,
50800,174.1,0.000005,,,,,,,,
50900,174.4,0.000003,,,,,,,,
51000,174.7,0.000002,,,,,,,,
51100,175.1,0.000005,,,,,,,,
51200,175.4,0.000003,,,,,,,,
51300,175.7,0.000004,,,,,,,,
51400,176.0,0.000008,,,,,,,,
51500,176.3,0.000009,,,,,,,,
51600,176.6,0.000003,,,,,,,,
51700,177.0,0.000002,,,,,,,,
51800,177.3,0.000003,,,,,,,,
51900,177.6,0.000004,,,,,,,,
52000,177.9,0.000002,,,,,,,,
52100,178.2,0.000002,,,,,,,,
52200,178.6,0.000001,,,,,,,,
52300,178.9,0.000003,,,,,,,,
52400,179.2,0.000003,,,,,,,,
52500,179.5,0.000007,,,,,,,,
52600,179.8,0.000005,,,,,,,,
52700,180.1,0.000002,,,,,,,,
52800,180.5,0.000005,,,,,,,,
52900,180.8,0.000002,,,,,,,,
53000,181.1,0.000003,,,,,,,,
53100,181.4,0.000004,,,,,,,,
53200,181.7,0.000002,,,,,,,,
53300,182.0,0.000006,,,,,,,,
53400,182.4,0.000002,,,,,,,,
53500,182.7,0.000004,,,,,,,,
53600,183.0,0.000004,,,,,,,,
53700,183.3,0.000007,,,,,,,,
53800,183.6,0.000004,,,,,,,,
53900,183.9,0.000004,,,,,,,,
54000,184.3,0.000003,,,,,,,,
54100,184.6,0.000002,,,,,,,,
54200,184.9,0.000003,,,,,,,,
54300,185.2,0.000002,,,,,,,,
54400,185.5,0.000005,,,,,,,,
54500,185.8,0.000009,,,,,,,,
54600,186.2,0.000002,,,,,,,,
54700,186.5,0.000002,,,,,,,,
54800,186.8,0.000004,,,,,,,,
54900,187.1,0.000010,,,,,,,,
55000,188.6,0.000003,0.000003,1.229716e-01,8.841437e-03,7.165751e-03,0.000000,8.313585e-02,8.771241e-03,7.134874e-03
55100,188.8,0.000007,,,,,,,,
55200,189.2,0.000003,,,,,,,,
55300,189.5,0.000003,,,,,,,,
55400,189.8,0.000006,,,,,,,,
55500,190.1,0.000006,,,,,,,,
55600,190.4,0.000003,,,,,,,,
55700,190.7,0.000002,,,,,,,,
55800,191.1,0.000005,,,,,,,,
55900,191.4,0.000004,,,,,,,,
56000,191.7,0.000003,,,,,,,,
56100,192.0,0.000002,,,,,,,,
56200,192.3,0.000004,,,,,,,,
56300,192.7,0.000002,,,,,,,,
56400,193.0,0.000004,,,,,,,,
56500,193.3,0.000002,,,,,,,,
56600,193.6,0.000003,,,,,,,,
56700,193.9,0.000006,,,,,,,,
56800,194.3,0.000002,,,,,,,,
56900,194.6,0.000004,,,,,,,,
57000,194.9,0.000004,,,,,,,,
57100,195.2,0.000004,,,,,,,,
57200,195.5,0.000006,,,,,,,,
57300,195.8,0.000002,,,,,,,,
57400,196.2,0.000001,,,,,,,,
57500,196.5,0.000004,,,,,,,,
57600,196.8,0.000003,,,,,,,,
57700,197.1,0.000002,,,,,,,,
57800,197.4,0.000002,,,,,,,,
57900,197.8,0.000003,,,,,,,,
58000,198.1,0.000003,,,,,,,,
58100,198.4,0.000003,,,,,,,,
58200,198.7,0.000003,,,,,,,,
58300,199.0,0.000003,,,,,,,,
58400,199.3,0.000004,,,,,,,,
58500,199.7,0.000006,,,,,,,,
58600,200.0,0.000002,,,,,,,,
58700,200.3,0.000003,,,,,,,,
58800,200.6,0.000003,,,,,,,,
58900,200.9,0.000004,,,,,,,,
59000,201.2,0.000002,,,,,,,,
59100,201.6,0.000003,,,,,,,,
59200,201.9,0.000003,,,,,,,,
59300,202.2,0.000003,,,,,,,,
59400,202.5,0.000006,,,,,,,,
59500,202.8,0.000002,,,,,,,,
59600,203.2,0.000003,,,,,,,,
59700,203.5,0.000004,,,,,,,,
59800,203.8,0.000003,,,,,,,,
59900,204.1,0.000002,,,,,,,,
60000,205.6,0.000002,0.000003,1.333669e-01,7.473863e-03,5.968960e-03,0.000000,7.961131e-02,7.401712e-03,6.003146e-03
60100,205.9,0.000001,,,,,,,,
60200,206.2,0.000004,,,,,,,,
60300,206.5,0.000002,,,,,,,,
60400,206.8,0.000004,,,,,,,,
60500,207.1,0.000002,,,,,,,,
60600,207.5,0.000004,,,,,,,,
60700,207.8,0.000003,,,,,,,,
60800,208.1,0.000002,,,,,,,,
60900,208.4,0.000004,,,,,,,,
61000,208.7,0.000003,,,,,,,,
61100,209.0,0.000004,,,,,,,,
61200,209.4,0.000003,,,,,,,,
61300,209.7,0.000003,,,,,,,,
61400,210.0,0.000003,,,,,,,,
61500,210.3,0.000002,,,,,,,,
61600,210.6,0.000002,,,,,,,,
61700,211.0,0.000006,,,,,,,,
61800,211.3,0.000003,,,,,,,,
61900,211.6,0.000004,,,,,,,,
62000,211.9,0.000002,,,,,,,,
62100,212.2,0.000002,,,,,,,,
62200,212.5,0.000002,,,,,,,,
62300,212.9,0.000002,,,,,,,,
62400,213.2,0.000001,,,,,,,,
62500,213.5,0.000002,,,,,,,,
62600,213.8,0.000003,,,,,,,,
62700,214.1,0.000001,,,,,,,,
62800,214.5,0.000003,,,,,,,,
62900,214.8,0.000002,,,,,,,,
63000,215.1,0.000005,,,,,,,,
63100,215.4,0.000004,,,,,,,,
63200,215.7,0.000001,,,,,,,,
63300,216.0,0.000005,,,,,,,,
63400,216.4,0.000004,,,,,,,,
63500,216.7,0.000004,,,,,,,,
63600,217.0,0.000006,,,,,,,,
63700,217.3,0.000003,,,,,,,,
63800,217.6,0.000002,,,,,,,,
63900,217.9,0.000002,,,,,,,,
64000,218.3,0.000002,,,,,,,,
64100,218.6,0.000005,,,,,,,,
64200,218.9,0.000002,,,,,,,,
64300,219.2,0.000006,,,,,,,,
64400,219.5,0.000001,,,,,,,,
64500,219.9,0.000005,,,,,,,,
64600,220.2,0.000002,,,,,,,,
64700,220.5,0.000003,,,,,,,,
64800,220.8,0.000002,,,,,,,,
64900,221.1,0.000004,,,,,,,,
65000,222.6,0.000008,0.000008,3.120576e-01,1.058065e-02,6.892860e-03,0.000000,1.708796e-01,1.018328e-02,6.898945e-03
65100,222.9,0.000002,,,,,,,,
65200,223.2,0.000003,,,,,,,,
65300,223.5,0.000004,,,,,,,,
65400,223.8,0.000005,,,,,,,,
65500,224.1,0.000003,,,,,,,,
65600,224.5,0.000005,,,,,,,,
65700,224.8,0.000007,,,,,,,,
65800,225.1,0.000002,,,,,,,,
65900,225.4,0.000004,,,,,,,,
66000,225.7,0.000004,,,,,,,,
66100,226.0,0.000002,,,,,,,,
66200,226.4,0.000002,,,,,,,,
66300,226.7,0.000002,,,,,,,,
66400,227.0,0.000003,,,,,,,,
66500,227.3,0.000007,,,,,,,,
66600,227.6,0.000002,,,,,,,,
66700,227.9,0.000004,,,,,,,,
66800,228.3,0.000004,,,,,,,,
66900,228.6,0.000002,,,,,,,,
67000,228.9,0.000002,,,,,,,,
67100,229.2,0.000002,,,,,,,,
67200,229.5,0.000002,,,,,,,,
67300,229.8,0.000004,,,,,,,,
67400,230.2,0.000003,,,,,,,,
67500,230.5,0.000001,,,,,,,,
67600,230.8,0.000004,,,,,,,,
67700,231.1,0.000002,,,,,,,,
67800,231.4,0.000003,,,,,,,,
67900,231.7,0.000002,,,,,,,,
68000,232.1,0.000003,,,,,,,,
68100,232.4,0.000002,,,,,,,,
68200,232.7,0.000003,,,,,,,,
68300,233.0,0.000002,,,,,,,,
68400,233.3,0.000003,,,,,,,,
68500,233.7,0.000003,,,,,,,,
68600,234.0,0.000002,,,,,,,,
68700,234.3,0.000008,,,,,,,,
68800,234.6,0.000002,,,,,,,,
68900,234.9,0.000003,,,,,,,,
69000,235.2,0.000003,,,,,,,,
69100,235.6,0.000002,,,,,,,,
69200,235.9,0.000005,,,,,,,,
69300,236.2,0.000003,,,,,,,,
69400,236.5,0.000002,,,,,,,,
69500,236.8,0.000003,,,,,,,,
69600,237.2,0.000002,,,,,,,,
69700,237.5,0.000002,,,,,,,,
69800,237.8,0.000015,,,,,,,,
69900,238.1,0.000002,,,,,,,,
70000,239.6,0.000001,0.000003,1.295746e-01,7.404163e-03,5.756570e-03,0.000000,7.396794e-02,7.279455e-03,5.780531e-03
70100,239.9,0.000003,,,,,,,,
70200,240.2,0.000002,,,,,,,,
70300,240.5,0.000001,,,,,,,,
70400,240.8,0.000002,,,,,,,,
70500,241.1,0.000004,,,,,,,,
70600,241.5,0.000004,,,,,,,,
70700,241.8,0.000002,,,,,,,,
70800,242.1,0.000006,,,,,,,,
70900,242.4,0.000004,,,,,,,,
71000,242.7,0.000001,,,,,,,,
71100,243.0,0.000002,,,,,,,,
71200,243.4,0.000003,,,,,,,,
71300,243.7,0.000006,,,,,,,,
71400,244.0,0.000004,,,,,,,,
71500,244.3,0.000002,,,,,,,,
71600,244.6,0.000001,,,,,,,,
71700,244.9,0.000002,,,,,,,,
71800,245.3,0.000003,,,,,,,,
71900,245.6,0.000002,,,,,,,,
72000,245.9,0.000002,,,,,,,,
72100,246.2,0.000001,,,,,,,,
72200,246.5,0.000002,,,,,,,,
72300,246.9,0.000006,,,,,,,,
72400,247.2,0.000003,,,,,,,,
72500,247.5,0.000002,,,,,,,,
72600,247.8,0.000005,,,,,,,,
72700,248.1,0.000002,,,,,,,,
72800,248.4,0.000002,,,,,,,,
72900,248.8,0.000002,,,,,,,,
73000,249.1,0.000005,,,,,,,,
73100,249.4,0.000007,,,,,,,,
73200,249.7,0.000002,,,,,,,,
73300,250.0,0.000002,,,,,,,,
73400,250.3,0.000004,,,,,,,,
73500,250.7,0.000002,,,,,,,,
73600,251.0,0.000009,,,,,,,,
73700,251.3,0.000002,,,,,,,,
73800,251.6,0.000003,,,,,,,,
73900,251.9,0.000002,,,,,,,,
74000,252.2,0.000002,,,,,,,,
74100,252.6,0.000001,,,,,,,,
74200,252.9,0.000002,,,,,,,,
74300,253.2,0.000002,,,,,,,,
74400,253.5,0.000002,,,,,,,,
74500,253.8,0.000009,,,,,,,,
74600,254.2,0.000002,,,,,,,,
74700,254.5,0.000003,,,,,,,,
74800,254.7,0.000002,,,,,,,,
74900,255.0,0.000002,,,,,,,,
75000,256.5,0.000003,0.000002,1.094640e-01,6.523596e-03,4.820422e-03,0.000000,9.119042e-02,6.317103e-03,4.764362e-03
75100,256.8,0.000004,,,,,,,,
75200,257.1,0.000006,,,,,,,,
75300,257.4,0.000002,,,,,,,,
75400,257.7,0.000003,,,,,,,,
75500,258.1,0.000005,,,,,,,,
75600,258.4,0.000001,,,,,,,,
75700,258.7,0.000003,,,,,,,,
75800,259.0,0.000001,,,,,,,,
75900,259.3,0.000001,,,,,,,,
76000,259.6,0.000006,,,,,,,,
76100,260.0,0.000004,,,,,,,,
76200,260.3,0.000005,,,,,,,,
76300,260.6,0.000001,,,,,,,,
76400,260.9,0.000002,,,,,,,,
76500,261.2,0.000001,,,,,,,,
76600,261.6,0.000002,,,,,,,,
76700,261.9,0.000001,,,,,,,,
76800,262.2,0.000002,,,,,,,,
76900,262.5,0.000003,,,,,,,,
77000,262.8,0.000001,,,,,,,,
77100,263.1,0.000002,,,,,,,,
77200,263.5,0.000003,,,,,,,,
77300,263.8,0.000003,,,,,,,,
77400,264.1,0.000001,,,,,,,,
77500,264.4,0.000001,,,,,,,,
77600,264.7,0.000004,,,,,,,,
77700,265.1,0.000002,,,,,,,,
77800,265.4,0.000003,,,,,,,,
77900,265.7,0.000002,,,,,,,,
78000,266.0,0.000004,,,,,,,,
78100,266.3,0.000004,,,,,,,,
78200,266.6,0.000002,,,,,,,,
78300,267.0,0.000003,,,,,,,,
78400,267.3,0.000004,,,,,,,,
78500,267.6,0.000004,,,,,,,,
78600,267.9,0.000001,,,,,,,,
78700,268.2,0.000003,,,,,,,,
78800,268.6,0.000002,,,,,,,,
78900,268.9,0.000001,,,,,,,,
79000,269.2,0.000002,,,,,,,,
79100,269.5,0.000006,,,,,,,,
79200,269.8,0.000006,,,,,,,,
79300,270.1,0.000003,,,,,,,,
79400,270.5,0.000002,,,,,,,,
79500,270.8,0.000003,,,,,,,,
79600,271.1,0.000004,,,,,,,,
79700,271.4,0.000002,,,,,,,,
79800,271.7,0.000002,,,,,,,,
79900,272.0,0.000003,,,,,,,,
80000,273.5,0.000001,0.000003,1.410795e-01,8.178000e-03,6.839941e-03,0.000000,8.177520e-02,7.990802e-03,6.837675e-03
80100,273.8,0.000004,,,,,,,,
80200,274.1,0.000002,,,,,,,,
80300,274.4,0.000004,,,,,,,,
80400,274.8,0.000002,,,,,,,,
80500,275.1,0.000003,,,,,,,,
80600,275.4,0.000005,,,,,,,,
80700,275.7,0.000002,,,,,,,,
80800,276.0,0.000003,,,,,,,,
80900,276.3,0.000002,,,,,,,,
81000,276.7,0.000004,,,,,,,,
81100,277.0,0.000002,,,,,,,,
81200,277.3,0.000003,,,,,,,,
81300,277.6,0.000002,,,,,,,,
81400,277.9,0.000005,,,,,,,,
81500,278.3,0.000002,,,,,,,,
81600,278.6,0.000004,,,,,,,,
81700,278.9,0.000005,,,,,,,,
81800,279.2,0.000003,,,,,,,,
81900,279.5,0.000005,,,,,,,,
82000,279.8,0.000002,,,,,,,,
82100,280.2,0.000003,,,,,,,,
82200,280.5,0.000004,,,,,,,,
82300,280.8,0.000003,,,,,,,,
82400,281.1,0.000006,,,,,,,,
82500,281.4,0.000002,,,,,,,,
82600,281.7,0.000004,,,,,,,,
82700,282.1,0.000002,,,,,,,,
82800,282.4,0.000004,,,,,,,,
82900,282.7,0.000002,,,,,,,,
83000,283.0,0.000003,,,,,,,,
83100,283.3,0.000002,,,,,,,,
83200,283.7,0.000007,,,,,,,,
83300,284.0,0.000003,,,,,,,,
83400,284.3,0.000003,,,,,,,,
83500,284.6,0.000003,,,,,,,,
83600,284.9,0.000004,,,,,,,,
83700,285.2,0.000002,,,,,,,,
83800,285.6,0.000004,,,,,,,,
83900,285.9,0.000002,,,,,,,,
84000,286.2,0.000003,,,,,,,,
84100,286.5,0.000002,,,,,,,,
84200,286.8,0.000004,,,,,,,,
84300,287.2,0.000002,,,,,,,,
84400,287.5,0.000005,,,,,,,,
84500,287.8,0.000003,,,,,,,,
84600,288.1,0.000003,,,,,,,,
84700,288.4,0.000005,,,,,,,,
84800,288.7,0.000003,,,,,,,,
84900,289.1,0.000001,,,,,,,,
85000,290.5,0.000003,0.000002,1.092557e-01,5.976827e-03,4.433770e-03,0.000000,5.021678e-02,5.810718e-03,4.342755e-03
85100,290.8,0.000003,,,,,,,,
85200,291.1,0.000004,,,,,,,,
85300,291.5,0.000003,,,,,,,,
85400,291.8,0.000004,,,,,,,,
85500,292.1,0.000001,,,,,,,,
85600,292.4,0.000003,,,,,,,,
85700,292.7,0.000007,,,,,,,,
85800,293.1,0.000002,,,,,,,,
85900,293.4,0.000002,,,,,,,,
86000,293.7,0.000001,,,,,,,,
86100,294.0,0.000001,,,,,,,,
86200,294.3,0.000004,,,,,,,,
86300,294.6,0.000005,,,,,,,,
86400,295.0,0.000001,,,,,,,,
86500,295.3,0.000004,,,,,,,,
86600,295.6,0.000001,,,,,,,,
86700,295.9,0.000002,,,,,,,,
86800,296.2,0.000002,,,,,,,,
86900,296.5,0.000003,,,,,,,,
87000,296.9,0.000001,,,,,,,,
87100,297.2,0.000003,,,,,,,,
87200,297.5,0.000005,,,,,,,,
87300,297.8,0.000001,,,,,,,,
87400,298.1,0.000003,,,,,,,,
87500,298.5,0.000003,,,,,,,,
87600,298.8,0.000002,,,,,,,,
87700,299.1,0.000003,,,,,,,,
87800,299.4,0.000001,,,,,,,,
87900,299.7,0.000002,,,,,,,,
88000,300.0,0.000003,,,,,,,,
88100,300.4,0.000001,,,,,,,,
88200,300.7,0.000003,,,,,,,,
88300,301.0,0.000002,,,,,,,,
88400,301.3,0.000004,,,,,,,,
88500,301.6,0.000001,,,,,,,,
88600,302.0,0.000004,,,,,,,,
88700,302.3,0.000002,,,,,,,,
88800,302.6,0.000002,,,,,,,,
88900,302.9,0.000002,,,,,,,,
89000,303.2,0.000001,,,,,,,,
89100,303.5,0.000003,,,,,,,,
89200,303.9,0.000004,,,,,,,,
89300,304.2,0.000003,,,,,,,,
89400,304.5,0.000001,,,,,,,,
89500,304.8,0.000002,,,,,,,,
89600,305.1,0.000004,,,,,,,,
89700,305.4,0.000002,,,,,,,,
89800,305.8,0.000004,,,,,,,,
89900,306.1,0.000001,,,,,,,,
90000,307.5,0.000001,0.000002,1.667062e-01,6.741848e-03,5.601318e-03,0.000000,1.131735e-01,6.606330e-03,5.569374e-03
90100,307.8,0.000003,,,,,,,,
90200,308.1,0.000003,,,,,,,,
90300,308.5,0.000001,,,,,,,,
90400,308.8,0.000002,,,,,,,,
90500,309.1,0.000002,,,,,,,,
90600,309.4,0.000002,,,,,,,,
90700,309.7,0.000001,,,,,,,,
90800,310.0,0.000003,,,,,,,,
90900,310.4,0.000001,,,,,,,,
91000,310.7,0.000002,,,,,,,,
91100,311.0,0.000001,,,,,,,,
91200,311.3,0.000001,,,,,,,,
91300,311.6,0.000001,,,,,,,,
91400,311.9,0.000001,,,,,,,,
91500,312.3,0.000001,,,,,,,,
91600,312.6,0.000002,,,,,,,,
91700,312.9,0.000003,,,,,,,,
91800,313.2,0.000005,,,,,,,,
91900,313.5,0.000002,,,,,,,,
92000,313.8,0.000004,,,,,,,,
92100,314.2,0.000003,,,,,,,,
92200,314.5,0.000003,,,,,,,,
92300,314.8,0.000002,,,,,,,,
92400,315.1,0.000004,,,,,,,,
92500,315.4,0.000002,,,,,,,,
92600,315.7,0.000005,,,,,,,,
92700,316.1,0.000007,,,,,,,,
92800,316.4,0.000002,,,,,,,,
92900,316.7,0.000004,,,,,,,,
93000,317.0,0.000004,,,,,,,,
93100,317.3,0.000003,,,,,,,,
93200,317.7,0.000003,,,,,,,,
93300,318.0,0.000002,,,,,,,,
93400,318.3,0.000005,,,,,,,,
93500,318.6,0.000002,,,,,,,,
93600,318.9,0.000002,,,,,,,,
93700,319.2,0.000003,,,,,,,,
93800,319.6,0.000002,,,,,,,,
93900,319.9,0.000002,,,,,,,,
94000,320.2,0.000001,,,,,,,,
94100,320.5,0.000001,,,,,,,,
94200,320.8,0.000003,,,,,,,,
94300,321.1,0.000004,,,,,,,,
94400,321.5,0.000003,,,,,,,,
94500,321.8,0.000003,,,,,,,,
94600,322.1,0.000002,,,,,,,,
94700,322.4,0.000001,,,,,,,,
94800,322.7,0.000001,,,,,,,,
94900,323.1,0.000002,,,,,,,,
95000,324.5,0.000002,0.000002,1.160051e-01,6.865414e-03,5.177676e-03,0.000000,6.957317e-02,6.579322e-03,5.092236e-03
95100,324.8,0.000001,,,,,,,,
95200,325.1,0.000002,,,,,,,,
95300,325.4,0.000003,,,,,,,,
95400,325.8,0.000007,,,,,,,,
95500,326.1,0.000002,,,,,,,,
95600,326.4,0.000002,,,,,,,,
95700,326.7,0.000002,,,,,,,,
95800,327.0,0.000002,,,,,,,,
95900,327.4,0.000002,,,,,,,,
96000,327.7,0.000002,,,,,,,,
96100,328.0,0.000002,,,,,,,,
96200,328.3,0.000002,,,,,,,,
96300,328.6,0.000002,,,,,,,,
96400,328.9,0.000004,,,,,,,,
96500,329.3,0.000002,,,,,,,,
96600,329.6,0.000002,,,,,,,,
96700,329.9,0.000002,,,,,,,,
96800,330.2,0.000003,,,,,,,,
96900,330.5,0.000002,,,,,,,,
97000,330.8,0.000002,,,,,,,,
97100,331.2,0.000002,,,,,,,,
97200,331.5,0.000003,,,,,,,,
97300,331.8,0.000002,,,,,,,,
97400,332.1,0.000003,,,,,,,,
97500,332.4,0.000002,,,,,,,,
97600,332.7,0.000002,,,,,,,,
97700,333.1,0.000005,,,,,,,,
97800,333.4,0.000002,,,,,,,,
97900,333.7,0.000005,,,,,,,,
98000,334.0,0.000004,,,,,,,,
98100,334.3,0.000002,,,,,,,,
98200,334.7,0.000003,,,,,,,,
98300,335.0,0.000001,,,,,,,,
98400,335.3,0.000003,,,,,,,,
98500,335.6,0.000002,,,,,,,,
98600,335.9,0.000003,,,,,,,,
98700,336.2,0.000001,,,,,,,,
98800,336.5,0.000002,,,,,,,,
98900,336.9,0.000001,,,,,,,,
99000,337.2,0.000004,,,,,,,,
99100,337.5,0.000004,,,,,,,,
99200,337.8,0.000007,,,,,,,,
99300,338.1,0.000002,,,,,,,,
99400,338.5,0.000001,,,,,,,,
99500,338.8,0.000002,,,,,,,,
99600,339.1,0.000002,,,,,,,,
99700,339.4,0.000002,,,,,,,,
99800,339.7,0.000001,,,,,,,,
99900,340.0,0.000001,,,,,,,,
100000,341.5,0.000001,0.000002,1.085576e-01,5.918024e-03,5.077080e-03,0.000000,7.540878e-02,5.829147e-03,5.078337e-03
100100,341.8,0.000002,,,,,,,,
100200,342.1,0.000003,,,,,,,,
100300,342.4,0.000002,,,,,,,,
100400,342.8,0.000002,,,,,,,,
100500,343.1,0.000003,,,,,,,,
100600,343.3,0.000001,,,,,,,,
100700,343.5,0.000001,,,,,,,,
100800,343.8,0.000003,,,,,,,,
100900,344.1,0.000004,,,,,,,,
101000,344.4,0.000003,,,,,,,,
101100,344.7,0.000002,,,,,,,,
101200,345.1,0.000005,,,,,,,,
101300,345.4,0.000002,,,,,,,,
101400,345.7,0.000004,,,,,,,,
101500,346.0,0.000001,,,,,,,,
101600,346.3,0.000007,,,,,,,,
101700,346.7,0.000002,,,,,,,,
101800,347.0,0.000002,,,,,,,,
101900,347.3,0.000002,,,,,,,,
102000,347.6,0.000004,,,,,,,,
102100,347.9,0.000002,,,,,,,,
102200,348.2,0.000003,,,,,,,,
102300,348.6,0.000004,,,,,,,,
102400,348.9,0.000005,,,,,,,,
102500,349.2,0.000004,,,,,,,,
102600,349.5,0.000001,,,,,,,,
102700,349.8,0.000006,,,,,,,,
102800,350.2,0.000002,,,,,,,,
102900,350.5,0.000004,,,,,,,,
103000,350.8,0.000003,,,,,,,,
103100,351.1,0.000001,,,,,,,,
103200,351.4,0.000001,,,,,,,,
103300,351.7,0.000003,,,,,,,,
103400,352.1,0.000002,,,,,,,,
103500,352.4,0.000003,,,,,,,,
103600,352.6,0.000001,,,,,,,,
103700,352.9,0.000003,,,,,,,,
103800,353.2,0.000001,,,,,,,,
103900,353.6,0.000003,,,,,,,,
104000,353.9,0.000001,,,,,,,,
104100,354.2,0.000002,,,,,,,,
104200,354.5,0.000001,,,,,,,,
104300,354.8,0.000005,,,,,,,,
104400,355.1,0.000002,,,,,,,,
104500,355.5,0.000002,,,,,,,,
104600,355.8,0.000002,,,,,,,,
104700,356.1,0.000002,,,,,,,,
104800,356.4,0.000001,,,,,,,,
104900,356.7,0.000002,,,,,,,,
105000,358.2,0.000002,0.000002,1.458462e-01,6.456288e-03,5.551588e-03,0.000000,8.750082e-02,6.310944e-03,5.483321e-03
105100,358.5,0.000005,,,,,,,,
105200,358.8,0.000001,,,,,,,,
105300,359.1,0.000003,,,,,,,,
105400,359.4,0.000002,,,,,,,,
105500,359.7,0.000003,,,,,,,,
105600,360.1,0.000002,,,,,,,,
105700,360.4,0.000007,,,,,,,,
105800,360.7,0.000002,,,,,,,,
105900,361.0,0.000002,,,,,,,,
106000,361.3,0.000003,,,,,,,,
106100,361.6,0.000001,,,,,,,,
106200,362.0,0.000002,,,,,,,,
106300,362.3,0.000005,,,,,,,,
106400,362.6,0.000002,,,,,,,,
106500,362.9,0.000001,,,,,,,,
106600,363.2,0.000002,,,,,,,,
106700,363.6,0.000003,,,,,,,,
106800,363.9,0.000005,,,,,,,,
106900,364.2,0.000001,,,,,,,,
107000,364.5,0.000003,,,,,,,,
107100,364.8,0.000005,,,,,,,,
107200,365.1,0.000002,,,,,,,,
107300,365.5,0.000002,,,,,,,,
107400,365.8,0.000003,,,,,,,,
107500,366.1,0.000001,,,,,,,,
107600,366.4,0.000002,,,,,,,,
107700,366.7,0.000003,,,,,,,,
107800,367.0,0.000002,,,,,,,,
107900,367.4,0.000003,,,,,,,,
108000,367.7,0.000002,,,,,,,,
108100,368.0,0.000002,,,,,,,,
108200,368.3,0.000004,,,,,,,,
108300,368.6,0.000002,,,,,,,,
108400,368.9,0.000002,,,,,,,,
108500,369.3,0.000001,,,,,,,,
108600,369.6,0.000001,,,,,,,,
108700,369.9,0.000002,,,,,,,,
108800,370.2,0.000002,,,,,,,,
108900,370.5,0.000001,,,,,,,,
109000,370.8,0.000008,,,,,,,,
109100,371.2,0.000001,,,,,,,,
109200,371.5,0.000001,,,,,,,,
109300,371.8,0.000001,,,,,,,,
109400,372.1,0.000003,,,,,,,,
109500,372.4,0.000002,,,,,,,,
109600,372.7,0.000002,,,,,,,,
109700,373.1,0.000004,,,,,,,,
109800,373.4,0.000001,,,,,,,,
109900,373.7,0.000003,,,,,,,,
110000,375.2,0.000002,0.000001,1.508881e-01,4.753996e-03,3.516216e-03,0.000000,6.594301e-02,4.544224e-03,3.400869e-03
110100,375.5,0.000001,,,,,,,,
110200,375.8,0.000002,,,,,,,,
110300,376.1,0.000002,,,,,,,,
110400,376.4,0.000001,,,,,,,,
110500,376.7,0.000004,,,,,,,,
110600,377.0,0.000001,,,,,,,,
110700,377.4,0.000001,,,,,,,,
110800,377.7,0.000001,,,,,,,,
110900,378.0,0.000001,,,,,,,,
111000,378.3,0.000002,,,,,,,,
111100,378.6,0.000002,,,,,,,,
111200,378.9,0.000002,,,,,,,,
111300,379.3,0.000007,,,,,,,,
111400,379.6,0.000002,,,,,,,,
111500,379.9,0.000002,,,,,,,,
111600,380.2,0.000002,,,,,,,,
111700,380.5,0.000002,,,,,,,,
111800,380.8,0.000001,,,,,,,,
111900,381.2,0.000001,,,,,,,,
112000,381.5,0.000002,,,,,,,,
112100,381.8,0.000001,,,,,,,,
112200,382.1,0.000001,,,,,,,,
112300,382.4,0.000001,,,,,,,,
112400,382.8,0.000002,,,,,,,,
112500,383.1,0.000003,,,,,,,,
112600,383.4,0.000006,,,,,,,,
112700,383.7,0.000002,,,,,,,,
112800,384.0,0.000002,,,,,,,,
112900,384.3,0.000003,,,,,,,,
113000,384.7,0.000001,,,,,,,,
113100,385.0,0.000001,,,,,,,,
113200,385.3,0.000003,,,,,,,,
113300,385.6,0.000002,,,,,,,,
113400,385.9,0.000003,,,,,,,,
113500,386.2,0.000002,,,,,,,,
113600,386.6,0.000002,,,,,,,,
113700,386.9,0.000002,,,,,,,,
113800,387.2,0.000002,,,,,,,,
113900,387.5,0.000008,,,,,,,,
114000,387.8,0.000003,,,,,,,,
114100,388.1,0.000005,,,,,,,,
114200,388.5,0.000002,,,,,,,,
114300,388.8,0.000002,,,,,,,,
114400,389.1,0.000002,,,,,,,,
114500,389.4,0.000001,,,,,,,,
114600,389.7,0.000001,,,,,,,,
114700,390.1,0.000003,,,,,,,,
114800,390.4,0.000001,,,,,,,,
114900,390.7,0.000002,,,,,,,,
115000,392.2,0.000001,0.000003,9.542221e-02,7.490887e-03,5.585432e-03,0.000000,6.965288e-02,7.488970e-03,5.700825e-03
115100,392.5,0.000002,,,,,,,,
115200,392.8,0.000005,,,,,,,,
115300,393.1,0.000001,,,,,,,,
115400,393.4,0.000004,,,,,,,,
115500,393.7,0.000001,,,,,,,,
115600,394.0,0.000001,,,,,,,,
115700,394.4,0.000003,,,,,,,,
115800,394.7,0.000002,,,,,,,,
115900,395.0,0.000001,,,,,,,,
116000,395.3,0.000001,,,,,,,,
116100,395.6,0.000002,,,,,,,,
116200,395.9,0.000002,,,,,,,,
116300,396.3,0.000002,,,,,,,,
116400,396.6,0.000003,,,,,,,,
116500,396.9,0.000004,,,,,,,,
116600,397.2,0.000003,,,,,,,,
116700,397.5,0.000002,,,,,,,,
116800,397.9,0.000002,,,,,,,,
116900,398.2,0.000003,,,,,,,,
117000,398.5,0.000002,,,,,,,,
117100,398.8,0.000003,,,,,,,,
117200,399.1,0.000003,,,,,,,,
117300,399.4,0.000001,,,,,,,,
117400,399.8,0.000001,,,,,,,,
117500,400.1,0.000002,,,,,,,,
117600,400.4,0.000004,,,,,,,,
117700,400.7,0.000004,,,,,,,,
117800,401.0,0.000002,,,,,,,,
117900,401.3,0.000004,,,,,,,,
118000,401.7,0.000001,,,,,,,,
118100,402.0,0.000002,,,,,,,,
118200,402.3,0.000005,,,,,,,,
118300,402.6,0.000003,,,,,,,,
118400,402.9,0.000004,,,,,,,,
118500,403.3,0.000002,,,,,,,,
118600,403.6,0.000002,,,,,,,,
118700,403.9,0.000004,,,,,,,,
118800,404.2,0.000004,,,,,,,,
118900,404.5,0.000001,,,,,,,,
119000,404.8,0.000003,,,,,,,,
119100,405.2,0.000001,,,,,,,,
119200,405.5,0.000003,,,,,,,,
119300,405.8,0.000003,,,,,,,,
119400,406.1,0.000002,,,,,,,,
119500,406.4,0.000001,,,,,,,,
119600,406.8,0.000002,,,,,,,,
119700,407.1,0.000003,,,,,,,,
119800,407.4,0.000004,,,,,,,,
119900,407.7,0.000002,,,,,,,,
120000,409.2,0.000001,0.000001,1.170331e-01,3.937256e-03,2.854442e-03,0.000000,5.481039e-02,3.771305e-03,2.766847e-03
120100,409.5,0.000002,,,,,,,,
120200,409.8,0.000002,,,,,,,,
120300,410.1,0.000003,,,,,,,,
120400,410.4,0.000002,,,,,,,,
120500,410.7,0.000001,,,,,,,,
120600,411.1,0.000000,,,,,,,,
120700,411.4,0.000002,,,,,,,,
120800,411.7,0.000003,,,,,,,,
120900,412.0,0.000002,,,,,,,,
121000,412.3,0.000004,,,,,,,,
121100,412.7,0.000001,,,,,,,,
121200,413.0,0.000001,,,,,,,,
121300,413.3,0.000002,,,,,,,,
121400,413.6,0.000003,,,,,,,,
121500,413.9,0.000002,,,,,,,,
121600,414.2,0.000002,,,,,,,,
121700,414.6,0.000002,,,,,,,,
121800,414.9,0.000003,,,,,,,,
121900,415.2,0.000001,,,,,,,,
122000,415.5,0.000001,,,,,,,,
122100,415.8,0.000001,,,,,,,,
122200,416.1,0.000002,,,,,,,,
122300,416.5,0.000003,,,,,,,,
122400,416.8,0.000002,,,,,,,,
122500,417.1,0.000001,,,,,,,,
122600,417.4,0.000001,,,,,,,,
122700,417.7,0.000002,,,,,,,,
122800,418.0,0.000001,,,,,,,,
122900,418.4,0.000001,,,,,,,,
123000,418.7,0.000003,,,,,,,,
123100,419.0,0.000001,,,,,,,,
123200,419.3,0.000001,,,,,,,,
123300,419.6,0.000001,,,,,,,,
123400,420.0,0.000001,,,,,,,,
123500,420.3,0.000006,,,,,,,,
123600,420.6,0.000001,,,,,,,,
123700,420.9,0.000009,,,,,,,,
123800,421.2,0.000001,,,,,,,,
123900,421.5,0.000005,,,,,,,,
124000,421.9,0.000002,,,,,,,,
124100,422.2,0.000001,,,,,,,,
124200,422.5,0.000001,,,,,,,,
124300,422.8,0.000002,,,,,,,,
124400,423.1,0.000001,,,,,,,,
124500,423.4,0.000001,,,,,,,,
124600,423.8,0.000001,,,,,,,,
124700,424.1,0.000003,,,,,,,,
124800,424.4,0.000002,,,,,,,,
124900,424.7,0.000003,,,,,,,,
125000,426.2,0.000001,0.000002,8.494514e-02,6.350042e-03,5.200902e-03,0.000000,6.502546e-02,6.283994e-03,5.189959e-03
125100,426.5,0.000001,,,,,,,,
125200,426.8,0.000004,,,,,,,,
125300,427.1,0.000001,,,,,,,,
125400,427.4,0.000003,,,,,,,,
125500,427.7,0.000001,,,,,,,,
125600,428.1,0.000003,,,,,,,,
125700,428.4,0.000001,,,,,,,,
125800,428.7,0.000001,,,,,,,,
125900,429.0,0.000002,,,,,,,,
126000,429.3,0.000001,,,,,,,,
126100,429.6,0.000001,,,,,,,,
126200,430.0,0.000002,,,,,,,,
126300,430.3,0.000001,,,,,,,,
126400,430.6,0.000002,,,,,,,,
126500,430.9,0.000003,,,,,,,,
126600,431.2,0.000001,,,,,,,,
126700,431.5,0.000002,,,,,,,,
126800,431.9,0.000001,,,,,,,,
126900,432.2,0.000004,,,,,,,,
127000,432.5,0.000001,,,,,,,,
127100,432.8,0.000003,,,,,,,,
127200,433.1,0.000003,,,,,,,,
127300,433.5,0.000003,,,,,,,,
127400,433.8,0.000001,,,,,,,,
127500,434.1,0.000001,,,,,,,,
127600,434.4,0.000001,,,,,,,,
127700,434.7,0.000002,,,,,,,,
127800,435.0,0.000002,,,,,,,,
127900,435.4,0.000001,,,,,,,,
128000,435.7,0.000002,,,,,,,,
128100,436.0,0.000001,,,,,,,,
128200,436.3,0.000002,,,,,,,,
128300,436.6,0.000003,,,,,,,,
128400,437.0,0.000002,,,,,,,,
128500,437.3,0.000005,,,,,,,,
128600,437.6,0.000001,,,,,,,,
128700,437.9,0.000002,,,,,,,,
128800,438.2,0.000009,,,,,,,,
128900,438.5,0.000001,,,,,,,,
129000,438.9,0.000002,,,,,,,,
129100,439.2,0.000001,,,,,,,,
129200,439.5,0.000002,,,,,,,,
129300,439.8,0.000005,,,,,,,,
129400,440.1,0.000001,,,,,,,,
129500,440.4,0.000001,,,,,,,,
129600,440.8,0.000001,,,,,,,,
129700,441.1,0.000001,,,,,,,,
129800,441.4,0.000002,,,,,,,,
129900,441.7,0.000003,,,,,,,,
130000,443.2,0.000002,0.000001,9.133724e-02,4.974972e-03,3.593803e-03,0.000000,5.427395e-02,4.876023e-03,3.520752e-03
130100,443.5,0.000001,,,,,,,,
130200,443.8,0.000001,,,,,,,,
130300,444.1,0.000001,,,,,,,,
130400,444.4,0.000002,,,,,,,,
130500,444.7,0.000001,,,,,,,,
130600,445.1,0.000002,,,,,,,,
130700,445.4,0.000001,,,,,,,,
130800,445.7,0.000002,,,,,,,,
130900,446.0,0.000002,,,,,,,,
131000,446.3,0.000001,,,,,,,,
131100,446.6,0.000001,,,,,,,,
131200,447.0,0.000001,,,,,,,,
131300,447.3,0.000002,,,,,,,,
131400,447.6,0.000002,,,,,,,,
131500,447.9,0.000002,,,,,,,,
131600,448.2,0.000001,,,,,,,,
131700,448.5,0.000001,,,,,,,,
131800,448.9,0.000002,,,,,,,,
131900,449.2,0.000002,,,,,,,,
132000,449.5,0.000001,,,,,,,,
132100,449.8,0.000002,,,,,,,,
132200,450.1,0.000001,,,,,,,,
132300,450.4,0.000001,,,,,,,,
132400,450.7,0.000001,,,,,,,,
132500,451.0,0.000001,,,,,,,,
132600,451.3,0.000001,,,,,,,,
132700,451.6,0.000003,,,,,,,,
132800,451.9,0.000005,,,,,,,,
132900,452.3,0.000002,,,,,,,,
133000,452.6,0.000001,,,,,,,,
133100,452.9,0.000004,,,,,,,,
133200,453.2,0.000002,,,,,,,,
133300,453.5,0.000002,,,,,,,,
133400,453.8,0.000001,,,,,,,,
133500,454.2,0.000007,,,,,,,,
133600,454.5,0.000001,,,,,,,,
133700,454.8,0.000002,,,,,,,,
133800,455.1,0.000001,,,,,,,,
133900,455.4,0.000002,,,,,,,,
134000,455.8,0.000002,,,,,,,,
134100,456.1,0.000002,,,,,,,,
134200,456.4,0.000001,,,,,,,,
134300,456.7,0.000002,,,,,,,,
134400,457.0,0.000003,,,,,,,,
134500,457.3,0.000003,,,,,,,,
134600,457.7,0.000001,,,,,,,,
134700,458.0,0.000002,,,,,,,,
134800,458.3,0.000002,,,,,,,,
134900,458.6,0.000003,,,,,,,,
135000,460.1,0.000003,0.000002,1.239659e-01,6.157733e-03,4.226455e-03,0.000000,9.000858e-02,5.946934e-03,4.234282e-03
135100,460.4,0.000001,,,,,,,,
135200,460.7,0.000002,,,,,,,,
135300,461.0,0.000002,,,,,,,,
135400,461.3,0.000008,,,,,,,,
135500,461.6,0.000001,,,,,,,,
135600,462.0,0.000002,,,,,,,,
135700,462.3,0.000002,,,,,,,,
135800,462.6,0.000003,,,,,,,,
135900,462.9,0.000002,,,,,,,,
136000,463.2,0.000003,,,,,,,,
136100,463.5,0.000001,,,,,,,,
136200,463.9,0.000002,,,,,,,,
136300,464.2,0.000002,,,,,,,,
136400,464.5,0.000002,,,,,,,,
136500,464.8,0.000004,,,,,,,,
136600,465.1,0.000002,,,,,,,,
136700,465.5,0.000001,,,,,,,,
136800,465.8,0.000002,,,,,,,,
136900,466.1,0.000002,,,,,,,,
137000,466.4,0.000002,,,,,,,,
137100,466.7,0.000001,,,,,,,,
137200,467.0,0.000002,,,,,,,,
137300,467.4,0.000003,,,,,,,,
137400,467.7,0.000001,,,,,,,,
137500,468.0,0.000003,,,,,,,,
137600,468.3,0.000002,,,,,,,,
137700,468.6,0.000004,,,,,,,,
137800,469.0,0.000002,,,,,,,,
137900,469.3,0.000001,,,,,,,,
138000,469.6,0.000001,,,,,,,,
138100,469.9,0.000001,,,,,,,,
138200,470.2,0.000001,,,,,,,,
138300,470.5,0.000001,,,,,,,,
138400,470.9,0.000003,,,,,,,,
138500,471.2,0.000001,,,,,,,,
138600,471.5,0.000001,,,,,,,,
138700,471.8,0.000001,,,,,,,,
138800,472.1,0.000002,,,,,,,,
138900,472.4,0.000002,,,,,,,,
139000,472.8,0.000002,,,,,,,,
139100,473.1,0.000002,,,,,,,,
139200,473.4,0.000002,,,,,,,,
139300,473.7,0.000001,,,,,,,,
139400,474.0,0.000001,,,,,,,,
139500,474.4,0.000003,,,,,,,,
139600,474.7,0.000004,,,,,,,,
139700,475.0,0.000001,,,,,,,,
139800,475.3,0.000003,,,,,,,,
139900,475.6,0.000002,,,,,,,,
140000,477.1,0.000001,0.000001,7.579648e-02,4.159749e-03,3.244150e-03,0.000000,5.863317e-02,4.068693e-03,3.208881e-03
140100,477.4,0.000006,,,,,,,,
140200,477.7,0.000001,,,,,,,,
140300,478.0,0.000001,,,,,,,,
140400,478.3,0.000002,,,,,,,,
140500,478.6,0.000001,,,,,,,,
140600,479.0,0.000003,,,,,,,,
140700,479.3,0.000001,,,,,,,,
140800,479.6,0.000003,,,,,,,,
140900,479.9,0.000002,,,,,,,,
141000,480.2,0.000001,,,,,,,,
141100,480.6,0.000003,,,,,,,,
141200,480.9,0.000002,,,,,,,,
141300,481.2,0.000001,,,,,,,,
141400,481.5,0.000002,,,,,,,,
141500,481.8,0.000002,,,,,,,,
141600,482.1,0.000002,,,,,,,,
141700,482.5,0.000001,,,,,,,,
141800,482.8,0.000002,,,,,,,,
141900,483.1,0.000001,,,,,,,,
142000,483.4,0.000003,,,,,,,,
142100,483.7,0.000001,,,,,,,,
142200,484.0,0.000001,,,,,,,,
142300,484.4,0.000002,,,,,,,,
142400,484.7,0.000002,,,,,,,,
142500,485.0,0.000001,,,,,,,,
142600,485.3,0.000001,,,,,,,,
142700,485.6,0.000001,,,,,,,,
142800,485.9,0.000002,,,,,,,,
142900,486.3,0.000002,,,,,,,,
143000,486.6,0.000001,,,,,,,,
143100,486.9,0.000009,,,,,,,,
143200,487.2,0.000004,,,,,,,,
143300,487.5,0.000003,,,,,,,,
143400,487.9,0.000001,,,,,,,,
143500,488.2,0.000003,,,,,,,,
143600,488.5,0.000001,,,,,,,,
143700,488.8,0.000002,,,,,,,,
143800,489.1,0.000002,,,,,,,,
143900,489.4,0.000002,,,,,,,,
144000,489.8,0.000002,,,,,,,,
144100,490.1,0.000002,,,,,,,,
144200,490.4,0.000003,,,,,,,,
144300,490.7,0.000002,,,,,,,,
144400,491.0,0.000004,,,,,,,,
144500,491.3,0.000003,,,,,,,,
144600,491.7,0.000001,,,,,,,,
144700,492.0,0.000006,,,,,,,,
144800,492.3,0.000001,,,,,,,,
144900,492.6,0.000001,,,,,,,,
145000,494.1,0.000001,0.000001,7.546467e-02,4.748287e-03,3.666932e-03,0.000000,5.404721e-02,4.569690e-03,3.585287e-03
145100,494.4,0.000004,,,,,,,,
145200,494.7,0.000003,,,,,,,,
145300,495.0,0.000001,,,,,,,,
145400,495.3,0.000001,,,,,,,,
145500,495.6,0.000002,,,,,,,,
145600,495.9,0.000003,,,,,,,,
145700,496.3,0.000002,,,,,,,,
145800,496.6,0.000001,,,,,,,,
145900,496.9,0.000002,,,,,,,,
146000,497.2,0.000002,,,,,,,,
146100,497.5,0.000002,,,,,,,,
146200,497.9,0.000001,,,,,,,,
146300,498.2,0.000005,,,,,,,,
146400,498.5,0.000002,,,,,,,,
146500,498.8,0.000001,,,,,,,,
146600,499.1,0.000001,,,,,,,,
146700,499.4,0.000004,,,,,,,,
146800,499.8,0.000002,,,,,,,,
146900,500.1,0.000004,,,,,,,,
147000,500.4,0.000006,,,,,,,,
147100,500.7,0.000001,,,,,,,,
147200,501.0,0.000001,,,,,,,,
147300,501.4,0.000002,,,,,,,,
147400,501.7,0.000002,,,,,,,,
147500,502.0,0.000001,,,,,,,,
147600,502.3,0.000001,,,,,,,,
147700,502.6,0.000002,,,,,,,,
147800,502.9,0.000002,,,,,,,,
147900,503.3,0.000001,,,,,,,,
148000,503.6,0.000001,,,,,,,,
148100,503.9,0.000001,,,,,,,,
148200,504.2,0.000002,,,,,,,,
148300,504.5,0.000002,,,,,,,,
148400,504.8,0.000002,,,,,,,,
148500,505.2,0.000002,,,,,,,,
148600,505.5,0.000001,,,,,,,,
148700,505.8,0.000005,,,,,,,,
148800,506.1,0.000002,,,,,,,,
148900,506.4,0.000001,,,,,,,,
149000,506.8,0.000002,,,,,,,,
149100,507.1,0.000002,,,,,,,,
149200,507.4,0.000002,,,,,,,,
149300,507.7,0.000002,,,,,,,,
149400,508.0,0.000001,,,,,,,,
149500,508.3,0.000001,,,,,,,,
149600,508.7,0.000001,,,,,,,,
149700,509.0,0.000003,,,,,,,,
149800,509.3,0.000001,,,,,,,,
149900,509.6,0.000002,,,,,,,,
150000,511.1,0.000002,0.000003,1.181399e-01,8.077589e-03,6.739412e-03,0.000000,8.928294e-02,7.952216e-03,6.744309e-03
150100,511.4,0.000003,,,,,,,,
150200,511.7,0.000001,,,,,,,,
150300,512.0,0.000001,,,,,,,,
150400,512.3,0.000004,,,,,,,,
150500,512.6,0.000003,,,,,,,,
150600,513.0,0.000002,,,,,,,,
150700,513.3,0.000002,,,,,,,,
150800,513.6,0.000001,,,,,,,,
150900,513.9,0.000001,,,,,,,,
151000,514.2,0.000002,,,,,,,,
151100,514.5,0.000002,,,,,,,,
151200,514.9,0.000002,,,,,,,,
151300,515.2,0.000001,,,,,,,,
151400,515.5,0.000001,,,,,,,,
151500,515.8,0.000002,,,,,,,,
151600,516.1,0.000001,,,,,,,,
151700,516.5,0.000002,,,,,,,,
151800,516.8,0.000001,,,,,,,,
151900,517.1,0.000001,,,,,,,,
152000,517.4,0.000002,,,,,,,,
152100,517.7,0.000004,,,,,,,,
152200,518.1,0.000001,,,,,,,,
152300,518.4,0.000001,,,,,,,,
152400,518.7,0.000004,,,,,,,,
152500,519.0,0.000003,,,,,,,,
152600,519.3,0.000001,,,,,,,,
152700,519.6,0.000001,,,,,,,,
152800,520.0,0.000002,,,,,,,,
152900,520.3,0.000001,,,,,,,,
153000,520.6,0.000002,,,,,,,,
153100,520.9,0.000002,,,,,,,,
153200,521.2,0.000001,,,,,,,,
153300,521.5,0.000002,,,,,,,,
153400,521.9,0.000002,,,,,,,,
153500,522.2,0.000005,,,,,,,,
153600,522.5,0.000002,,,,,,,,
153700,522.8,0.000002,,,,,,,,
153800,523.1,0.000005,,,,,,,,
153900,523.5,0.000003,,,,,,,,
154000,523.8,0.000003,,,,,,,,
154100,524.1,0.000001,,,,,,,,
154200,524.4,0.000001,,,,,,,,
154300,524.7,0.000002,,,,,,,,
154400,525.0,0.000003,,,,,,,,
154500,525.4,0.000001,,,,,,,,
154600,525.7,0.000003,,,,,,,,
154700,526.0,0.000001,,,,,,,,
154800,526.3,0.000004,,,,,,,,
154900,526.6,0.000002,,,,,,,,
155000,528.1,0.000002,0.000001,9.369529e-02,4.186581e-03,2.890677e-03,0.000000,5.042015e-02,4.022154e-03,2.825509e-03
155100,528.4,0.000002,,,,,,,,
155200,528.7,0.000001,,,,,,,,
155300,529.0,0.000001,,,,,,,,
155400,529.3,0.000006,,,,,,,,
155500,529.7,0.000002,,,,,,,,
155600,530.0,0.000001,,,,,,,,
155700,530.3,0.000003,,,,,,,,
155800,530.6,0.000001,,,,,,,,
155900,530.9,0.000001,,,,,,,,
156000,531.3,0.000001,,,,,,,,
156100,531.6,0.000002,,,,,,,,
156200,531.9,0.000002,,,,,,,,
156300,532.2,0.000001,,,,,,,,
156400,532.5,0.000004,,,,,,,,
156500,532.8,0.000001,,,,,,,,
156600,533.2,0.000001,,,,,,,,
156700,533.5,0.000003,,,,,,,,
156800,533.8,0.000003,,,,,,,,
156900,534.1,0.000001,,,,,,,,
157000,534.4,0.000001,,,,,,,,
157100,534.7,0.000001,,,,,,,,
157200,535.1,0.000001,,,,,,,,
157300,535.4,0.000002,,,,,,,,
157400,535.7,0.000001,,,,,,,,
157500,536.0,0.000001,,,,,,,,
157600,536.3,0.000003,,,,,,,,
157700,536.7,0.000001,,,,,,,,
157800,537.0,0.000001,,,,,,,,
157900,537.3,0.000004,,,,,,,,
158000,537.6,0.000001,,,,,,,,
158100,537.9,0.000003,,,,,,,,
158200,538.2,0.000002,,,,,,,,
158300,538.6,0.000003,,,,,,,,
158400,538.9,0.000003,,,,,,,,
158500,539.2,0.000001,,,,,,,,
158600,539.5,0.000002,,,,,,,,
158700,539.8,0.000002,,,,,,,,
158800,540.1,0.000001,,,,,,,,
158900,540.5,0.000001,,,,,,,,
159000,540.8,0.000001,,,,,,,,
159100,541.1,0.000001,,,,,,,,
159200,541.4,0.000002,,,,,,,,
159300,541.7,0.000001,,,,,,,,
159400,542.1,0.000003,,,,,,,,
159500,542.4,0.000001,,,,,,,,
159600,542.7,0.000002,,,,,,,,
159700,543.0,0.000001,,,,,,,,
159800,543.3,0.000002,,,,,,,,
159900,543.6,0.000001,,,,,,,,
160000,545.1,0.000001,0.000001,6.878723e-02,3.832139e-03,2.977969e-03,0.000000,5.051742e-02,3.698479e-03,2.900456e-03
160100,545.4,0.000001,,,,,,,,
160200,545.7,0.000001,,,,,,,,
160300,546.0,0.000001,,,,,,,,
160400,546.3,0.000001,,,,,,,,
160500,546.7,0.000001,,,,,,,,
160600,547.0,0.000001,,,,,,,,
160700,547.3,0.000001,,,,,,,,
160800,547.6,0.000001,,,,,,,,
160900,547.9,0.000002,,,,,,,,
161000,548.2,0.000002,,,,,,,,
161100,548.6,0.000001,,,,,,,,
161200,548.9,0.000002,,,,,,,,
161300,549.2,0.000001,,,,,,,,
161400,549.5,0.000001,,,,,,,,
161500,549.8,0.000003,,,,,,,,
161600,550.1,0.000002,,,,,,,,
161700,550.5,0.000002,,,,,,,,
161800,550.8,0.000002,,,,,,,,
161900,551.1,0.000003,,,,,,,,
162000,551.4,0.000002,,,,,,,,
162100,551.7,0.000001,,,,,,,,
162200,552.1,0.000001,,,,,,,,
162300,552.4,0.000002,,,,,,,,
162400,552.7,0.000004,,,,,,,,
162500,553.0,0.000002,,,,,,,,
162600,553.3,0.000002,,,,,,,,
162700,553.6,0.000002,,,,,,,,
162800,553.9,0.000001,,,,,,,,
162900,554.3,0.000001,,,,,,,,
163000,554.6,0.000004,,,,,,,,
163100,554.9,0.000004,,,,,,,,
163200,555.2,0.000001,,,,,,,,
163300,555.5,0.000002,,,,,,,,
163400,555.9,0.000002,,,,,,,,
163500,556.2,0.000002,,,,,,,,
163600,556.5,0.000001,,,,,,,,
163700,556.8,0.000006,,,,,,,,
163800,557.1,0.000001,,,,,,,,
163900,557.4,0.000001,,,,,,,,
164000,557.8,0.000003,,,,,,,,
164100,558.1,0.000001,,,,,,,,
164200,558.4,0.000009,,,,,,,,
164300,558.7,0.000002,,,,,,,,
164400,559.0,0.000002,,,,,,,,
164500,559.3,0.000001,,,,,,,,
164600,559.7,0.000002,,,,,,,,
164700,560.0,0.000007,,,,,,,,
164800,560.3,0.000003,,,,,,,,
164900,560.6,0.000001,,,,,,,,
165000,562.1,0.000001,0.000003,7.156670e-02,7.674491e-03,5.076157e-03,0.000000,4.859328e-02,7.536104e-03,5.055361e-03
165100,562.4,0.000001,,,,,,,,
165200,562.7,0.000001,,,,,,,,
165300,563.0,0.000005,,,,,,,,
165400,563.3,0.000002,,,,,,,,
165500,563.6,0.000001,,,,,,,,
165600,564.0,0.000001,,,,,,,,
165700,564.3,0.000002,,,,,,,,
165800,564.6,0.000001,,,,,,,,
165900,564.9,0.000004,,,,,,,,
166000,565.2,0.000001,,,,,,,,
166100,565.5,0.000001,,,,,,,,
166200,565.9,0.000001,,,,,,,,
166300,566.2,0.000001,,,,,,,,
166400,566.5,0.000002,,,,,,,,
166500,566.8,0.000002,,,,,,,,
166600,567.0,0.000002,,,,,,,,
166700,567.4,0.000001,,,,,,,,
166800,567.7,0.000001,,,,,,,,
166900,568.0,0.000002,,,,,,,,
167000,568.3,0.000001,,,,,,,,
167100,568.6,0.000001,,,,,,,,
167200,569.0,0.000001,,,,,,,,
167300,569.3,0.000001,,,,,,,,
167400,569.6,0.000001,,,,,,,,
167500,569.9,0.000001,,,,,,,,
167600,570.2,0.000001,,,,,,,,
167700,570.5,0.000002,,,,,,,,
167800,570.9,0.000001,,,,,,,,
167900,571.2,0.000001,,,,,,,,
168000,571.5,0.000001,,,,,,,,
168100,571.8,0.000001,,,,,,,,
168200,572.1,0.000002,,,,,,,,
168300,572.5,0.000001,,,,,,,,
168400,572.8,0.000001,,,,,,,,
168500,573.1,0.000001,,,,,,,,
168600,573.4,0.000003,,,,,,,,
168700,573.7,0.000001,,,,,,,,
168800,574.0,0.000001,,,,,,,,
168900,574.4,0.000003,,,,,,,,
169000,574.7,0.000003,,,,,,,,
169100,575.0,0.000002,,,,,,,,
169200,575.3,0.000001,,,,,,,,
169300,575.6,0.000002,,,,,,,,
169400,575.9,0.000002,,,,,,,,
169500,576.3,0.000003,,,,,,,,
169600,576.6,0.000002,,,,,,,,
169700,576.9,0.000006,,,,,,,,
169800,577.2,0.000001,,,,,,,,
169900,577.5,0.000001,,,,,,,,
170000,579.0,0.000001,0.000001,7.343859e-02,4.921642e-03,3.651470e-03,0.000000,5.251511e-02,4.992822e-03,3.758958e-03
170100,579.3,0.000001,,,,,,,,
170200,579.6,0.000000,,,,,,,,
170300,579.9,0.000006,,,,,,,,
170400,580.2,0.000002,,,,,,,,
170500,580.6,0.000002,,,,,,,,
170600,580.9,0.000001,,,,,,,,
170700,581.2,0.000002,,,,,,,,
170800,581.5,0.000002,,,,,,,,
170900,581.8,0.000002,,,,,,,,
171000,582.1,0.000001,,,,,,,,
171100,582.5,0.000002,,,,,,,,
171200,582.8,0.000001,,,,,,,,
171300,583.1,0.000002,,,,,,,,
171400,583.4,0.000001,,,,,,,,
171500,583.7,0.000001,,,,,,,,
171600,584.1,0.000001,,,,,,,,
171700,584.4,0.000001,,,,,,,,
171800,584.7,0.000001,,,,,,,,
171900,585.0,0.000002,,,,,,,,
172000,585.3,0.000002,,,,,,,,
172100,585.6,0.000000,,,,,,,,
172200,586.0,0.000001,,,,,,,,
172300,586.3,0.000001,,,,,,,,
172400,586.6,0.000002,,,,,,,,
172500,586.9,0.000001,,,,,,,,
172600,587.2,0.000002,,,,,,,,
172700,587.5,0.000003,,,,,,,,
172800,587.9,0.000003,,,,,,,,
172900,588.2,0.000003,,,,,,,,
173000,588.5,0.000001,,,,,,,,
173100,588.8,0.000002,,,,,,,,
173200,589.1,0.000003,,,,,,,,
173300,589.5,0.000002,,,,,,,,
173400,589.8,0.000001,,,,,,,,
173500,590.1,0.000002,,,,,,,,
173600,590.4,0.000001,,,,,,,,
173700,590.7,0.000002,,,,,,,,
173800,591.0,0.000001,,,,,,,,
173900,591.4,0.000003,,,,,,,,
174000,591.7,0.000002,,,,,,,,
174100,592.0,0.000001,,,,,,,,
174200,592.3,0.000002,,,,,,,,
174300,592.6,0.000001,,,,,,,,
174400,593.0,0.000001,,,,,,,,
174500,593.3,0.000002,,,,,,,,
174600,593.6,0.000001,,,,,,,,
174700,593.9,0.000001,,,,,,,,
174800,594.2,0.000002,,,,,,,,
174900,594.6,0.000002,,,,,,,,
175000,596.0,0.000001,0.000001,1.017302e-01,4.070205e-03,3.313437e-03,0.000000,5.910490e-02,3.937674e-03,3.285325e-03
175100,596.3,0.000001,,,,,,,,
175200,596.6,0.000002,,,,,,,,
175300,596.9,0.000003,,,,,,,,
175400,597.2,0.000001,,,,,,,,
175500,597.6,0.000001,,,,,,,,
175600,597.9,0.000002,,,,,,,,
175700,598.2,0.000001,,,,,,,,
175800,598.5,0.000003,,,,,,,,
175900,598.8,0.000001,,,,,,,,
176000,599.2,0.000003,,,,,,,,
176100,599.4,0.000001,,,,,,,,
176200,599.7,0.000001,,,,,,,,
176300,600.0,0.000004,,,,,,,,
176400,600.3,0.000002,,,,,,,,
176500,600.7,0.000001,,,,,,,,
176600,601.0,0.000001,,,,,,,,
176700,601.3,0.000004,,,,,,,,
176800,601.6,0.000001,,,,,,,,
176900,601.9,0.000003,,,,,,,,
177000,602.2,0.000001,,,,,,,,
177100,602.6,0.000002,,,,,,,,
177200,602.9,0.000002,,,,,,,,
177300,603.2,0.000007,,,,,,,,
177400,603.5,0.000001,,,,,,,,
177500,603.8,0.000001,,,,,,,,
177600,604.2,0.000002,,,,,,,,
177700,604.5,0.000001,,,,,,,,
177800,604.8,0.000001,,,,,,,,
177900,605.1,0.000001,,,,,,,,
178000,605.4,0.000001,,,,,,,,
178100,605.7,0.000001,,,,,,,,
178200,606.1,0.000002,,,,,,,,
178300,606.4,0.000001,,,,,,,,
178400,606.7,0.000004,,,,,,,,
178500,607.0,0.000001,,,,,,,,
178600,607.3,0.000003,,,,,,,,
178700,607.6,0.000009,,,,,,,,
178800,608.0,0.000001,,,,,,,,
178900,608.3,0.000001,,,,,,,,
179000,608.6,0.000002,,,,,,,,
179100,608.9,0.000001,,,,,,,,
179200,609.2,0.000002,,,,,,,,
179300,609.5,0.000001,,,,,,,,
179400,609.9,0.000002,,,,,,,,
179500,610.2,0.000003,,,,,,,,
179600,610.5,0.000001,,,,,,,,
179700,610.8,0.000001,,,,,,,,
179800,611.1,0.000001,,,,,,,,
179900,611.4,0.000001,,,,,,,,
180000,612.9,0.000001,0.000001,7.039463e-02,4.219467e-03,3.275505e-03,0.000000,4.243384e-02,4.203890e-03,3.292118e-03
180100,613.2,0.000001,,,,,,,,
180200,613.5,0.000001,,,,,,,,
180300,613.8,0.000001,,,,,,,,
180400,614.1,0.000002,,,,,,,,
180500,614.5,0.000001,,,,,,,,
180600,614.8,0.000001,,,,,,,,
180700,615.1,0.000001,,,,,,,,
180800,615.4,0.000001,,,,,,,,
180900,615.7,0.000001,,,,,,,,
181000,616.1,0.000001,,,,,,,,
181100,616.4,0.000001,,,,,,,,
181200,616.7,0.000001,,,,,,,,
181300,617.0,0.000001,,,,,,,,
181400,617.3,0.000002,,,,,,,,
181500,617.6,0.000001,,,,,,,,
181600,618.0,0.000001,,,,,,,,
181700,618.3,0.000001,,,,,,,,
181800,618.6,0.000001,,,,,,,,
181900,618.9,0.000003,,,,,,,,
182000,619.2,0.000001,,,,,,,,
182100,619.6,0.000001,,,,,,,,
182200,619.9,0.000001,,,,,,,,
182300,620.2,0.000001,,,,,,,,
182400,620.5,0.000003,,,,,,,,
182500,620.8,0.000003,,,,,,,,
182600,621.1,0.000001,,,,,,,,
182700,621.5,0.000001,,,,,,,,
182800,621.8,0.000001,,,,,,,,
182900,622.1,0.000001,,,,,,,,
183000,622.4,0.000001,,,,,,,,
183100,622.7,0.000003,,,,,,,,
183200,623.1,0.000001,,,,,,,,
183300,623.4,0.000004,,,,,,,,
183400,623.7,0.000001,,,,,,,,
183500,624.0,0.000002,,,,,,,,
183600,624.3,0.000001,,,,,,,,
183700,624.6,0.000001,,,,,,,,
183800,625.0,0.000003,,,,,,,,
183900,625.3,0.000004,,,,,,,,
184000,625.6,0.000002,,,,,,,,
184100,625.9,0.000001,,,,,,,,
184200,626.2,0.000003,,,,,,,,
184300,626.6,0.000001,,,,,,,,
184400,626.9,0.000004,,,,,,,,
184500,627.2,0.000001,,,,,,,,
184600,627.5,0.000002,,,,,,,,
184700,627.8,0.000001,,,,,,,,
184800,628.1,0.000002,,,,,,,,
184900,628.5,0.000002,,,,,,,,
185000,629.9,0.000001,0.000001,9.139937e-02,4.394563e-03,3.385185e-03,0.000000,6.044515e-02,4.238061e-03,3.350281e-03
185100,630.2,0.000005,,,,,,,,
185200,630.5,0.000001,,,,,,,,
185300,630.9,0.000003,,,,,,,,
185400,631.2,0.000002,,,,,,,,
185500,631.5,0.000001,,,,,,,,
185600,631.8,0.000002,,,,,,,,
185700,632.1,0.000001,,,,,,,,
185800,632.5,0.000001,,,,,,,,
185900,632.8,0.000004,,,,,,,,
186000,633.1,0.000002,,,,,,,,
186100,633.4,0.000001,,,,,,,,
186200,633.6,0.000002,,,,,,,,
186300,633.9,0.000007,,,,,,,,
186400,634.2,0.000001,,,,,,,,
186500,634.5,0.000002,,,,,,,,
186600,634.9,0.000001,,,,,,,,
186700,635.2,0.000001,,,,,,,,
186800,635.5,0.000001,,,,,,,,
186900,635.8,0.000001,,,,,,,,
187000,636.1,0.000001,,,,,,,,
187100,636.4,0.000002,,,,,,,,
187200,636.7,0.000001,,,,,,,,
187300,637.0,0.000002,,,,,,,,
187400,637.4,0.000001,,,,,,,,
187500,637.7,0.000001,,,,,,,,
187600,638.0,0.000001,,,,,,,,
187700,638.3,0.000002,,,,,,,,
187800,638.6,0.000004,,,,,,,,
187900,638.9,0.000000,,,,,,,,
188000,639.2,0.000005,,,,,,,,
188100,639.6,0.000003,,,,,,,,
188200,639.9,0.000001,,,,,,,,
188300,640.2,0.000001,,,,,,,,
188400,640.5,0.000002,,,,,,,,
188500,640.8,0.000002,,,,,,,,
188600,641.1,0.000002,,,,,,,,
188700,641.5,0.000001,,,,,,,,
188800,641.8,0.000002,,,,,,,,
188900,642.1,0.000001,,,,,,,,
189000,642.4,0.000002,,,,,,,,
189100,642.7,0.000001,,,,,,,,
189200,643.0,0.000001,,,,,,,,
189300,643.4,0.000001,,,,,,,,
189400,643.7,0.000001,,,,,,,,
189500,644.0,0.000003,,,,,,,,
189600,644.3,0.000001,,,,,,,,
189700,644.6,0.000001,,,,,,,,
189800,644.9,0.000002,,,,,,,,
189900,645.3,0.000001,,,,,,,,
190000,646.7,0.000002,0.000001,8.017725e-02,5.495911e-03,4.538797e-03,0.000000,4.896174e-02,5.543024e-03,4.672239e-03
190100,647.0,0.000001,,,,,,,,
190200,647.3,0.000002,,,,,,,,
190300,647.6,0.000001,,,,,,,,
190400,648.0,0.000001,,,,,,,,
190500,648.3,0.000002,,,,,,,,
190600,648.6,0.000002,,,,,,,,
190700,648.9,0.000001,,,,,,,,
190800,649.2,0.000001,,,,,,,,
190900,649.5,0.000002,,,,,,,,
191000,649.9,0.000001,,,,,,,,
191100,650.2,0.000002,,,,,,,,
191200,650.5,0.000001,,,,,,,,
191300,650.8,0.000003,,,,,,,,
191400,651.1,0.000001,,,,,,,,
191500,651.4,0.000002,,,,,,,,
191600,651.8,0.000001,,,,,,,,
191700,652.1,0.000001,,,,,,,,
191800,652.4,0.000002,,,,,,,,
191900,652.7,0.000001,,,,,,,,
192000,653.0,0.000002,,,,,,,,
192100,653.4,0.000002,,,,,,,,
192200,653.7,0.000003,,,,,,,,
192300,654.0,0.000002,,,,,,,,
192400,654.3,0.000001,,,,,,,,
192500,654.6,0.000001,,,,,,,,
192600,654.9,0.000002,,,,,,,,
192700,655.2,0.000001,,,,,,,,
192800,655.6,0.000001,,,,,,,,
192900,655.9,0.000001,,,,,,,,
193000,656.2,0.000001,,,,,,,,
193100,656.5,0.000002,,,,,,,,
193200,656.8,0.000001,,,,,,,,
193300,657.1,0.000002,,,,,,,,
193400,657.5,0.000003,,,,,,,,
193500,657.8,0.000001,,,,,,,,
193600,658.1,0.000002,,,,,,,,
193700,658.4,0.000001,,,,,,,,
193800,658.7,0.000004,,,,,,,,
193900,659.1,0.000003,,,,,,,,
194000,659.4,0.000002,,,,,,,,
194100,659.7,0.000001,,,,,,,,
194200,660.0,0.000001,,,,,,,,
194300,660.3,0.000001,,,,,,,,
194400,660.6,0.000001,,,,,,,,
194500,661.0,0.000001,,,,,,,,
194600,661.3,0.000001,,,,,,,,
194700,661.6,0.000002,,,,,,,,
194800,661.9,0.000001,,,,,,,,
194900,662.2,0.000002,,,,,,,,
195000,663.7,0.000002,0.000002,1.035427e-01,6.081699e-03,4.588504e-03,0.000000,5.267547e-02,5.968577e-03,4.577211e-03
195100,664.0,0.000002,,,,,,,,
195200,664.3,0.000001,,,,,,,,
195300,664.6,0.000004,,,,,,,,
195400,664.9,0.000001,,,,,,,,
195500,665.2,0.000001,,,,,,,,
195600,665.6,0.000002,,,,,,,,
195700,665.9,0.000002,,,,,,,,
195800,666.2,0.000001,,,,,,,,
195900,666.5,0.000001,,,,,,,,
196000,666.8,0.000002,,,,,,,,
196100,667.2,0.000001,,,,,,,,
196200,667.5,0.000002,,,,,,,,
196300,667.8,0.000000,,,,,,,,
196400,668.1,0.000001,,,,,,,,
196500,668.4,0.000001,,,,,,,,
196600,668.7,0.000002,,,,,,,,
196700,669.1,0.000003,,,,,,,,
196800,669.4,0.000001,,,,,,,,
196900,669.7,0.000003,,,,,,,,
197000,670.0,0.000001,,,,,,,,
197100,670.3,0.000001,,,,,,,,
197200,670.6,0.000003,,,,,,,,
197300,671.0,0.000001,,,,,,,,
197400,671.3,0.000002,,,,,,,,
197500,671.6,0.000002,,,,,,,,
197600,671.9,0.000003,,,,,,,,
197700,672.2,0.000001,,,,,,,,
197800,672.6,0.000001,,,,,,,,
197900,672.9,0.000001,,,,,,,,
198000,673.2,0.000001,,,,,,,,
198100,673.5,0.000001,,,,,,,,
198200,673.8,0.000001,,,,,,,,
198300,674.1,0.000001,,,,,,,,
198400,674.5,0.000001,,,,,,,,
198500,674.8,0.000001,,,,,,,,
198600,675.1,0.000007,,,,,,,,
198700,675.4,0.000001,,,,,,,,
198800,675.7,0.000002,,,,,,,,
198900,676.0,0.000001,,,,,,,,
199000,676.4,0.000001,,,,,,,,
199100,676.7,0.000002,,,,,,,,
199200,677.0,0.000009,,,,,,,,
199300,677.3,0.000001,,,,,,,,
199400,677.6,0.000002,,,,,,,,
199500,677.9,0.000005,,,,,,,,
199600,678.3,0.000001,,,,,,,,
199700,678.6,0.000001,,,,,,,,
199800,678.9,0.000002,,,,,,,,
199900,679.2,0.000003,,,,,,,,
200000,680.7,0.000001,0.000002,1.108686e-01,6.661685e-03,5.039029e-03,0.000000,6.100559e-02,6.602674e-03,5.025237e-03
200100,681.0,0.000001,,,,,,,,
200200,681.3,0.000001,,,,,,,,
200300,681.6,0.000001,,,,,,,,
200400,681.9,0.000002,,,,,,,,
200500,682.2,0.000001,,,,,,,,
200600,682.5,0.000001,,,,,,,,
200700,682.9,0.000001,,,,,,,,
200800,683.2,0.000001,,,,,,,,
200900,683.5,0.000002,,,,,,,,
201000,683.8,0.000001,,,,,,,,
201100,684.1,0.000002,,,,,,,,
201200,684.5,0.000001,,,,,,,,
201300,684.8,0.000001,,,,,,,,
201400,685.1,0.000003,,,,,,,,
201500,685.4,0.000001,,,,,,,,
201600,685.7,0.000001,,,,,,,,
201700,686.0,0.000001,,,,,,,,
201800,686.4,0.000002,,,,,,,,
201900,686.7,0.000001,,,,,,,,
202000,687.0,0.000002,,,,,,,,
202100,687.3,0.000001,,,,,,,,
202200,687.6,0.000001,,,,,,,,
202300,687.9,0.000002,,,,,,,,
202400,688.3,0.000003,,,,,,,,
202500,688.6,0.000003,,,,,,,,
202600,688.9,0.000001,,,,,,,,
202700,689.2,0.000001,,,,,,,,
202800,689.5,0.000002,,,,,,,,
202900,689.9,0.000001,,,,,,,,
203000,690.2,0.000001,,,,,,,,
203100,690.5,0.000002,,,,,,,,
203200,690.8,0.000001,,,,,,,,
203300,691.1,0.000003,,,,,,,,
203400,691.4,0.000002,,,,,,,,
203500,691.8,0.000001,,,,,,,,
203600,692.1,0.000001,,,,,,,,
203700,692.4,0.000001,,,,,,,,
203800,692.7,0.000002,,,,,,,,
203900,693.0,0.000003,,,,,,,,
204000,693.3,0.000002,,,,,,,,
204100,693.7,0.000002,,,,,,,,
204200,694.0,0.000001,,,,,,,,
204300,694.3,0.000001,,,,,,,,
204400,694.6,0.000000,,,,,,,,
204500,694.9,0.000001,,,,,,,,
204600,695.3,0.000001,,,,,,,,
204700,695.6,0.000001,,,,,,,,
204800,695.9,0.000003,,,,,,,,
204900,696.2,0.000001,,,,,,,,
205000,697.7,0.000003,0.000003,6.596083e-02,8.790493e-03,7.880434e-03,0.000000,4.529916e-02,8.804564e-03,7.944209e-03
205100,698.0,0.000003,,,,,,,,
205200,698.3,0.000001,,,,,,,,
205300,698.6,0.000001,,,,,,,,
205400,698.9,0.000001,,,,,,,,
205500,699.2,0.000001,,,,,,,,
205600,699.6,0.000002,,,,,,,,
205700,699.9,0.000001,,,,,,,,
205800,700.2,0.000001,,,,,,,,
205900,700.5,0.000006,,,,,,,,
206000,700.8,0.000001,,,,,,,,
206100,701.2,0.000001,,,,,,,,
206200,701.5,0.000002,,,,,,,,
206300,701.8,0.000001,,,,,,,,
206400,702.1,0.000001,,,,,,,,
206500,702.4,0.000001,,,,,,,,
206600,702.7,0.000001,,,,,,,,
206700,703.1,0.000001,,,,,,,,
206800,703.4,0.000001,,,,,,,,
206900,703.7,0.000002,,,,,,,,
207000,704.0,0.000004,,,,,,,,
207100,704.3,0.000001,,,,,,,,
207200,704.7,0.000005,,,,,,,,
207300,705.0,0.000002,,,,,,,,
207400,705.3,0.000002,,,,,,,,
207500,705.6,0.000001,,,,,,,,
207600,705.9,0.000003,,,,,,,,
207700,706.2,0.000002,,,,,,,,
207800,706.6,0.000010,,,,,,,,
207900,706.9,0.000001,,,,,,,,
208000,707.2,0.000001,,,,,,,,
208100,707.5,0.000002,,,,,,,,
208200,707.8,0.000001,,,,,,,,
208300,708.2,0.000001,,,,,,,,
208400,708.5,0.000003,,,,,,,,
208500,708.8,0.000003,,,,,,,,
208600,709.1,0.000001,,,,,,,,
208700,709.4,0.000001,,,,,,,,
208800,709.7,0.000001,,,,,,,,
208900,710.1,0.000004,,,,,,,,
209000,710.4,0.000002,,,,,,,,
209100,710.7,0.000003,,,,,,,,
209200,711.0,0.000001,,,,,,,,
209300,711.3,0.000001,,,,,,,,
209400,711.6,0.000001,,,,,,,,
209500,712.0,0.000001,,,,,,,,
209600,712.3,0.000001,,,,,,,,
209700,712.6,0.000002,,,,,,,,
209800,712.9,0.000001,,,,,,,,
209900,713.2,0.000002,,,,,,,,
210000,714.7,0.000001,0.000002,9.563769e-02,7.906557e-03,7.562893e-03,0.000000,4.436813e-02,7.639458e-03,7.372198e-03
210100,715.0,0.000001,,,,,,,,
210200,715.3,0.000002,,,,,,,,
210300,715.6,0.000002,,,,,,,,
210400,715.9,0.000001,,,,,,,,
210500,716.3,0.000001,,,,,,,,
210600,716.6,0.000001,,,,,,,,
210700,716.9,0.000002,,,,,,,,
210800,717.2,0.000001,,,,,,,,
210900,717.5,0.000003,,,,,,,,
211000,717.8,0.000001,,,,,,,,
211100,718.2,0.000001,,,,,,,,
211200,718.5,0.000001,,,,,,,,
211300,718.8,0.000001,,,,,,,,
211400,719.1,0.000002,,,,,,,,
211500,719.4,0.000001,,,,,,,,
211600,719.7,0.000003,,,,,,,,
211700,720.1,0.000002,,,,,,,,
211800,720.3,0.000002,,,,,,,,
211900,720.6,0.000001,,,,,,,,
212000,720.9,0.000001,,,,,,,,
212100,721.2,0.000007,,,,,,,,
212200,721.6,0.000001,,,,,,,,
212300,721.9,0.000002,,,,,,,,
212400,722.2,0.000002,,,,,,,,
212500,722.5,0.000001,,,,,,,,
212600,722.8,0.000001,,,,,,,,
212700,723.2,0.000002,,,,,,,,
212800,723.5,0.000001,,,,,,,,
212900,723.8,0.000002,,,,,,,,
213000,724.1,0.000001,,,,,,,,
213100,724.4,0.000001,,,,,,,,
213200,724.7,0.000003,,,,,,,,
213300,725.0,0.000001,,,,,,,,
213400,725.4,0.000001,,,,,,,,
213500,725.7,0.000001,,,,,,,,
213600,726.0,0.000001,,,,,,,,
213700,726.3,0.000001,,,,,,,,
213800,726.6,0.000001,,,,,,,,
213900,727.0,0.000001,,,,,,,,
214000,727.3,0.000001,,,,,,,,
214100,727.6,0.000002,,,,,,,,
214200,727.9,0.000001,,,,,,,,
214300,728.2,0.000002,,,,,,,,
214400,728.5,0.000001,,,,,,,,
214500,728.9,0.000001,,,,,,,,
214600,729.2,0.000001,,,,,,,,
214700,729.5,0.000004,,,,,,,,
214800,729.8,0.000001,,,,,,,,
214900,730.1,0.000003,,,,,,,,
215000,731.6,0.000001,0.000001,1.710107e-01,4.277862e-03,3.094409e-03,0.000000,7.818867e-02,4.122604e-03,3.010594e-03
215100,731.9,0.000005,,,,,,,,
215200,732.2,0.000001,,,,,,,,
215300,732.5,0.000001,,,,,,,,
215400,732.8,0.000002,,,,,,,,
215500,733.2,0.000002,,,,,,,,
215600,733.5,0.000001,,,,,,,,
215700,733.8,0.000001,,,,,,,,
215800,734.1,0.000002,,,,,,,,
215900,734.4,0.000002,,,,,,,,
216000,734.7,0.000001,,,,,,,,
216100,735.1,0.000001,,,,,,,,
216200,735.4,0.000001,,,,,,,,
216300,735.7,0.000002,,,,,,,,
216400,736.0,0.000001,,,,,,,,
216500,736.3,0.000001,,,,,,,,
216600,736.6,0.000002,,,,,,,,
216700,737.0,0.000001,,,,,,,,
216800,737.3,0.000001,,,,,,,,
216900,737.6,0.000001,,,,,,,,
217000,737.9,0.000001,,,,,,,,
217100,738.2,0.000002,,,,,,,,
217200,738.5,0.000004,,,,,,,,
217300,738.9,0.000000,,,,,,,,
217400,739.2,0.000002,,,,,,,,
217500,739.5,0.000004,,,,,,,,
217600,739.8,0.000002,,,,,,,,
217700,740.1,0.000001,,,,,,,,
217800,740.5,0.000001,,,,,,,,
217900,740.8,0.000001,,,,,,,,
218000,741.1,0.000003,,,,,,,,
218100,741.4,0.000002,,,,,,,,
218200,741.7,0.000003,,,,,,,,
218300,742.0,0.000000,,,,,,,,
218400,742.4,0.000000,,,,,,,,
218500,742.7,0.000001,,,,,,,,
218600,743.0,0.000002,,,,,,,,
218700,743.3,0.000001,,,,,,,,
218800,743.6,0.000001,,,,,,,,
218900,744.0,0.000001,,,,,,,,
219000,744.3,0.000002,,,,,,,,
219100,744.6,0.000001,,,,,,,,
219200,744.9,0.000002,,,,,,,,
219300,745.2,0.000001,,,,,,,,
219400,745.5,0.000002,,,,,,,,
219500,745.9,0.000004,,,,,,,,
219600,746.2,0.000002,,,,,,,,
219700,746.5,0.000002,,,,,,,,
219800,746.8,0.000001,,,,,,,,
219900,747.1,0.000001,,,,,,,,
220000,748.6,0.000002,0.000002,1.208073e-01,6.945964e-03,6.030317e-03,0.000000,7.776637e-02,6.852413e-03,6.032713e-03
220100,748.9,0.000001,,,,,,,,
220200,749.2,0.000005,,,,,,,,
220300,749.5,0.000001,,,,,,,,
220400,749.8,0.000002,,,,,,,,
220500,750.2,0.000001,,,,,,,,
220600,750.5,0.000002,,,,,,,,
220700,750.8,0.000002,,,,,,,,
220800,751.1,0.000002,,,,,,,,
220900,751.4,0.000001,,,,,,,,
221000,751.7,0.000001,,,,,,,,
221100,752.1,0.000001,,,,,,,,
221200,752.4,0.000001,,,,,,,,
221300,752.7,0.000001,,,,,,,,
221400,753.0,0.000001,,,,,,,,
221500,753.3,0.000006,,,,,,,,
221600,753.6,0.000001,,,,,,,,
221700,754.0,0.000001,,,,,,,,
221800,754.3,0.000002,,,,,,,,
221900,754.5,0.000001,,,,,,,,
222000,754.8,0.000002,,,,,,,,
222100,755.2,0.000001,,,,,,,,
222200,755.5,0.000001,,,,,,,,
222300,755.8,0.000001,,,,,,,,
222400,756.1,0.000001,,,,,,,,
222500,756.4,0.000001,,,,,,,,
222600,756.8,0.000001,,,,,,,,
222700,757.1,0.000002,,,,,,,,
222800,757.4,0.000002,,,,,,,,
222900,757.7,0.000002,,,,,,,,
223000,758.0,0.000001,,,,,,,,
223100,758.3,0.000002,,,,,,,,
223200,758.7,0.000002,,,,,,,,
223300,759.0,0.000003,,,,,,,,
223400,759.3,0.000002,,,,,,,,
223500,759.6,0.000001,,,,,,,,
223600,759.9,0.000001,,,,,,,,
223700,760.2,0.000002,,,,,,,,
223800,760.6,0.000004,,,,,,,,
223900,760.9,0.000001,,,,,,,,
224000,761.2,0.000001,,,,,,,,
224100,761.5,0.000001,,,,,,,,
224200,761.8,0.000001,,,,,,,,
224300,762.2,0.000001,,,,,,,,
224400,762.5,0.000001,,,,,,,,
224500,762.8,0.000003,,,,,,,,
224600,763.1,0.000008,,,,,,,,
224700,763.4,0.000001,,,,,,,,
224800,763.7,0.000005,,,,,,,,
224900,764.1,0.000001,,,,,,,,
225000,765.5,0.000004,0.000005,1.770858e-01,9.424945e-03,6.221732e-03,0.000000,1.254026e-01,9.234310e-03,6.290185e-03
225100,765.8,0.000004,,,,,,,,
225200,766.1,0.000001,,,,,,,,
225300,766.5,0.000001,,,,,,,,
225400,766.8,0.000001,,,,,,,,
225500,767.1,0.000002,,,,,,,,
225600,767.4,0.000001,,,,,,,,
225700,767.7,0.000000,,,,,,,,
225800,768.0,0.000012,,,,,,,,
225900,768.4,0.000001,,,,,,,,
226000,768.7,0.000001,,,,,,,,
226100,769.0,0.000003,,,,,,,,
226200,769.3,0.000004,,,,,,,,
226300,769.6,0.000000,,,,,,,,
226400,769.9,0.000002,,,,,,,,
226500,770.3,0.000002,,,,,,,,
226600,770.6,0.000002,,,,,,,,
226700,770.9,0.000002,,,,,,,,
226800,771.2,0.000001,,,,,,,,
226900,771.5,0.000001,,,,,,,,
227000,771.9,0.000001,,,,,,,,
227100,772.2,0.000005,,,,,,,,
227200,772.5,0.000001,,,,,,,,
227300,772.8,0.000001,,,,,,,,
227400,773.1,0.000002,,,,,,,,
227500,773.4,0.000001,,,,,,,,
227600,773.8,0.000001,,,,,,,,
227700,774.1,0.000001,,,,,,,,
227800,774.4,0.000001,,,,,,,,
227900,774.7,0.000002,,,,,,,,
228000,775.0,0.000003,,,,,,,,
228100,775.4,0.000001,,,,,,,,
228200,775.7,0.000001,,,,,,,,
228300,776.0,0.000001,,,,,,,,
228400,776.3,0.000000,,,,,,,,
228500,776.6,0.000001,,,,,,,,
228600,776.9,0.000001,,,,,,,,
228700,777.3,0.000001,,,,,,,,
228800,777.6,0.000003,,,,,,,,
228900,777.9,0.000001,,,,,,,,
229000,778.2,0.000003,,,,,,,,
229100,778.5,0.000002,,,,,,,,
229200,778.8,0.000000,,,,,,,,
229300,779.2,0.000001,,,,,,,,
229400,779.5,0.000002,,,,,,,,
229500,779.8,0.000001,,,,,,,,
229600,780.1,0.000001,,,,,,,,
229700,780.4,0.000001,,,,,,,,
229800,780.8,0.000003,,,,,,,,
229900,781.1,0.000001,,,,,,,,
230000,782.5,0.000002,0.000004,9.011392e-02,9.882461e-03,8.013623e-03,0.000000,5.618865e-02,9.570780e-03,7.903602e-03
230100,782.8,0.000001,,,,,,,,
230200,783.1,0.000001,,,,,,,,
230300,783.5,0.000001,,,,,,,,
230400,783.8,0.000002,,,,,,,,
230500,784.1,0.000002,,,,,,,,
230600,784.4,0.000001,,,,,,,,
230700,784.7,0.000001,,,,,,,,
230800,785.0,0.000001,,,,,,,,
230900,785.4,0.000001,,,,,,,,
231000,785.7,0.000001,,,,,,,,
231100,786.0,0.000001,,,,,,,,
231200,786.3,0.000001,,,,,,,,
231300,786.6,0.000004,,,,,,,,
231400,786.9,0.000004,,,,,,,,
231500,787.3,0.000002,,,,,,,,
231600,787.6,0.000004,,,,,,,,
231700,787.9,0.000003,,,,,,,,
231800,788.2,0.000003,,,,,,,,
231900,788.5,0.000001,,,,,,,,
232000,788.8,0.000001,,,,,,,,
232100,789.2,0.000001,,,,,,,,
232200,789.5,0.000001,,,,,,,,
232300,789.8,0.000003,,,,,,,,
232400,790.1,0.000001,,,,,,,,
232500,790.4,0.000001,,,,,,,,
232600,790.7,0.000009,,,,,,,,
232700,791.1,0.000001,,,,,,,,
232800,791.4,0.000001,,,,,,,,
232900,791.7,0.000001,,,,,,,,
233000,792.0,0.000001,,,,,,,,
233100,792.3,0.000001,,,,,,,,
233200,792.7,0.000012,,,,,,,,
233300,793.0,0.000001,,,,,,,,
233400,793.3,0.000001,,,,,,,,
233500,793.6,0.000001,,,,,,,,
233600,793.9,0.000002,,,,,,,,
233700,794.2,0.000001,,,,,,,,
233800,794.6,0.000001,,,,,,,,
233900,794.9,0.000001,,,,,,,,
234000,795.2,0.000003,,,,,,,,
234100,795.5,0.000001,,,,,,,,
234200,795.8,0.000001,,,,,,,,
234300,796.2,0.000001,,,,,,,,
234400,796.5,0.000001,,,,,,,,
234500,796.8,0.000001,,,,,,,,
234600,797.1,0.000002,,,,,,,,
234700,797.4,0.000001,,,,,,,,
234800,797.7,0.000001,,,,,,,,
234900,798.1,0.000001,,,,,,,,
235000,799.5,0.000001,0.000001,6.475574e-02,3.661385e-03,2.626149e-03,0.000000,5.939730e-02,3.577962e-03,2.602165e-03
235100,799.8,0.000001,,,,,,,,
235200,800.1,0.000001,,,,,,,,
235300,800.4,0.000005,,,,,,,,
235400,800.8,0.000001,,,,,,,,
235500,801.1,0.000001,,,,,,,,
235600,801.4,0.000002,,,,,,,,
235700,801.7,0.000000,,,,,,,,
235800,802.0,0.000001,,,,,,,,
235900,802.3,0.000000,,,,,,,,
236000,802.7,0.000001,,,,,,,,
236100,803.0,0.000001,,,,,,,,
236200,803.3,0.000004,,,,,,,,
236300,803.6,0.000002,,,,,,,,
236400,803.9,0.000001,,,,,,,,
236500,804.3,0.000002,,,,,,,,
236600,804.6,0.000001,,,,,,,,
236700,804.9,0.000001,,,,,,,,
236800,805.2,0.000001,,,,,,,,
236900,805.5,0.000003,,,,,,,,
237000,805.8,0.000002,,,,,,,,
237100,806.2,0.000001,,,,,,,,
237200,806.5,0.000002,,,,,,,,
237300,806.8,0.000002,,,,,,,,
237400,807.1,0.000001,,,,,,,,
237500,807.4,0.000001,,,,,,,,
237600,807.7,0.000001,,,,,,,,
237700,808.1,0.000004,,,,,,,,
237800,808.4,0.000001,,,,,,,,
237900,808.7,0.000001,,,,,,,,
238000,809.0,0.000001,,,,,,,,
238100,809.3,0.000001,,,,,,,,
238200,809.6,0.000002,,,,,,,,
238300,809.9,0.000001,,,,,,,,
238400,810.2,0.000001,,,,,,,,
238500,810.5,0.000001,,,,,,,,
238600,810.8,0.000002,,,,,,,,
238700,811.1,0.000002,,,,,,,,
238800,811.4,0.000003,,,,,,,,
238900,811.7,0.000002,,,,,,,,
239000,812.0,0.000002,,,,,,,,
239100,812.3,0.000001,,,,,,,,
239200,812.7,0.000001,,,,,,,,
239300,813.0,0.000001,,,,,,,,
239400,813.3,0.000001,,,,,,,,
239500,813.6,0.000001,,,,,,,,
239600,813.9,0.000001,,,,,,,,
239700,814.2,0.000001,,,,,,,,
239800,814.6,0.000001,,,,,,,,
239900,814.9,0.000001,,,,,,,,
240000,816.3,0.000001,0.000001,1.827807e-01,4.877811e-03,3.585453e-03,0.000000,6.722308e-02,4.769421e-03,3.633362e-03
240100,816.6,0.000001,,,,,,,,
240200,817.0,0.000001,,,,,,,,
240300,817.3,0.000001,,,,,,,,
240400,817.6,0.000001,,,,,,,,
240500,817.9,0.000002,,,,,,,,
240600,818.2,0.000003,,,,,,,,
240700,818.5,0.000001,,,,,,,,
240800,818.9,0.000001,,,,,,,,
240900,819.2,0.000003,,,,,,,,
241000,819.5,0.000002,,,,,,,,
241100,819.8,0.000001,,,,,,,,
241200,820.1,0.000001,,,,,,,,
241300,820.4,0.000001,,,,,,,,
241400,820.8,0.000001,,,,,,,,
241500,821.1,0.000002,,,,,,,,
241600,821.4,0.000001,,,,,,,,
241700,821.7,0.000001,,,,,,,,
241800,822.0,0.000002,,,,,,,,
241900,822.4,0.000001,,,,,,,,
242000,822.7,0.000001,,,,,,,,
242100,823.0,0.000002,,,,,,,,
242200,823.3,0.000001,,,,,,,,
242300,823.6,0.000001,,,,,,,,
242400,823.9,0.000001,,,,,,,,
242500,824.3,0.000001,,,,,,,,
242600,824.6,0.000006,,,,,,,,
242700,824.9,0.000001,,,,,,,,
242800,825.2,0.000002,,,,,,,,
242900,825.5,0.000001,,,,,,,,
243000,825.8,0.000003,,,,,,,,
243100,826.2,0.000001,,,,,,,,
243200,826.5,0.000002,,,,,,,,
243300,826.8,0.000001,,,,,,,,
243400,827.1,0.000001,,,,,,,,
243500,827.4,0.000001,,,,,,,,
243600,827.7,0.000001,,,,,,,,
243700,828.1,0.000001,,,,,,,,
243800,828.4,0.000001,,,,,,,,
243900,828.7,0.000001,,,,,,,,
244000,829.0,0.000001,,,,,,,,
244100,829.3,0.000001,,,,,,,,
244200,829.7,0.000001,,,,,,,,
244300,830.0,0.000002,,,,,,,,
244400,830.3,0.000007,,,,,,,,
244500,830.6,0.000001,,,,,,,,
244600,830.9,0.000001,,,,,,,,
244700,831.2,0.000002,,,,,,,,
244800,831.6,0.000001,,,,,,,,
244900,831.9,0.000001,,,,,,,,
245000,833.3,0.000001,0.000001,6.708198e-02,5.430197e-03,4.513333e-03,0.000000,5.777963e-02,5.473636e-03,4.619778e-03
245100,833.6,0.000001,,,,,,,,
245200,834.0,0.000001,,,,,,,,
245300,834.3,0.000001,,,,,,,,
245400,834.6,0.000001,,,,,,,,
245500,834.9,0.000002,,,,,,,,
245600,835.2,0.000003,,,,,,,,
245700,835.6,0.000001,,,,,,,,
245800,835.9,0.000002,,,,,,,,
245900,836.2,0.000002,,,,,,,,
246000,836.5,0.000001,,,,,,,,
246100,836.8,0.000004,,,,,,,,
246200,837.1,0.000001,,,,,,,,
246300,837.5,0.000002,,,,,,,,
246400,837.8,0.000004,,,,,,,,
246500,838.1,0.000001,,,,,,,,
246600,838.4,0.000001,,,,,,,,
246700,838.7,0.000001,,,,,,,,
246800,839.0,0.000001,,,,,,,,
246900,839.4,0.000001,,,,,,,,
247000,839.7,0.000001,,,,,,,,
247100,840.0,0.000001,,,,,,,,
247200,840.3,0.000001,,,,,,,,
247300,840.6,0.000001,,,,,,,,
247400,841.0,0.000001,,,,,,,,
247500,841.3,0.000003,,,,,,,,
247600,841.6,0.000001,,,,,,,,
247700,841.9,0.000002,,,,,,,,
247800,842.2,0.000001,,,,,,,,
247900,842.6,0.000003,,,,,,,,
248000,842.9,0.000001,,,,,,,,
248100,843.2,0.000003,,,,,,,,
248200,843.5,0.000001,,,,,,,,
248300,843.8,0.000001,,,,,,,,
248400,844.1,0.000001,,,,,,,,
248500,844.5,0.000001,,,,,,,,
248600,844.8,0.000002,,,,,,,,
248700,845.1,0.000002,,,,,,,,
248800,845.4,0.000001,,,,,,,,
248900,845.7,0.000003,,,,,,,,
249000,846.0,0.000001,,,,,,,,
249100,846.4,0.000001,,,,,,,,
249200,846.7,0.000002,,,,,,,,
249300,847.0,0.000001,,,,,,,,
249400,847.3,0.000001,,,,,,,,
249500,847.6,0.000002,,,,,,,,
249600,848.0,0.000001,,,,,,,,
249700,848.3,0.000003,,,,,,,,
249800,848.6,0.000002,,,,,,,,
249900,848.9,0.000001,,,,,,,,
250000,850.4,0.000001,0.000001,7.824027e-02,3.742049e-03,2.864483e-03,0.000000,7.163223e-02,3.728710e-03,2.889251e-03
250100,850.7,0.000001,,,,,,,,
250200,851.0,0.000001,,,,,,,,
250300,851.3,0.000001,,,,,,,,
250400,851.6,0.000001,,,,,,,,
250500,851.9,0.000001,,,,,,,,
250600,852.2,0.000002,,,,,,,,
250700,852.6,0.000002,,,,,,,,
250800,852.9,0.000001,,,,,,,,
250900,853.2,0.000001,,,,,,,,
251000,853.5,0.000001,,,,,,,,
251100,853.8,0.000002,,,,,,,,
251200,854.1,0.000002,,,,,,,,
251300,854.5,0.000001,,,,,,,,
251400,854.8,0.000001,,,,,,,,
251500,855.1,0.000001,,,,,,,,
251600,855.4,0.000001,,,,,,,,
251700,855.7,0.000001,,,,,,,,
251800,856.0,0.000001,,,,,,,,
251900,856.4,0.000001,,,,,,,,
252000,856.7,0.000002,,,,,,,,
252100,857.0,0.000001,,,,,,,,
252200,857.3,0.000002,,,,,,,,
252300,857.6,0.000001,,,,,,,,
252400,857.9,0.000001,,,,,,,,
252500,858.3,0.000001,,,,,,,,
252600,858.6,0.000001,,,,,,,,
252700,858.9,0.000001,,,,,,,,
252800,859.2,0.000001,,,,,,,,
252900,859.5,0.000003,,,,,,,,
253000,859.9,0.000001,,,,,,,,
253100,860.2,0.000002,,,,,,,,
253200,860.5,0.000002,,,,,,,,
253300,860.8,0.000000,,,,,,,,
253400,861.1,0.000001,,,,,,,,
253500,861.4,0.000001,,,,,,,,
253600,861.8,0.000001,,,,,,,,
253700,862.1,0.000001,,,,,,,,
253800,862.4,0.000004,,,,,,,,
253900,862.7,0.000001,,,,,,,,
254000,863.0,0.000001,,,,,,,,
254100,863.3,0.000001,,,,,,,,
254200,863.7,0.000001,,,,,,,,
254300,864.0,0.000001,,,,,,,,
254400,864.3,0.000003,,,,,,,,
254500,864.6,0.000001,,,,,,,,
254600,864.9,0.000001,,,,,,,,
254700,865.3,0.000001,,,,,,,,
254800,865.6,0.000001,,,,,,,,
254900,865.9,0.000001,,,,,,,,
255000,867.3,0.000002,0.000002,1.004481e-01,6.515092e-03,4.787648e-03,0.000000,6.180067e-02,6.397169e-03,4.668177e-03
255100,867.6,0.000001,,,,,,,,
255200,868.0,0.000001,,,,,,,,
255300,868.3,0.000000,,,,,,,,
255400,868.6,0.000001,,,,,,,,
255500,868.9,0.000002,,,,,,,,
255600,869.2,0.000001,,,,,,,,
255700,869.5,0.000001,,,,,,,,
255800,869.8,0.000005,,,,,,,,
255900,870.2,0.000003,,,,,,,,
256000,870.5,0.000001,,,,,,,,
256100,870.8,0.000001,,,,,,,,
256200,871.1,0.000001,,,,,,,,
256300,871.4,0.000001,,,,,,,,
256400,871.8,0.000001,,,,,,,,
256500,872.1,0.000001,,,,,,,,
256600,872.4,0.000001,,,,,,,,
256700,872.7,0.000001,,,,,,,,
256800,873.0,0.000001,,,,,,,,
256900,873.3,0.000001,,,,,,,,
257000,873.7,0.000001,,,,,,,,
257100,874.0,0.000001,,,,,,,,
257200,874.3,0.000001,,,,,,,,
257300,874.6,0.000002,,,,,,,,
257400,874.9,0.000001,,,,,,,,
257500,875.2,0.000001,,,,,,,,
257600,875.6,0.000001,,,,,,,,
257700,875.9,0.000001,,,,,,,,
257800,876.2,0.000001,,,,,,,,
257900,876.5,0.000001,,,,,,,,
258000,876.8,0.000003,,,,,,,,
258100,877.1,0.000002,,,,,,,,
258200,877.5,0.000002,,,,,,,,
258300,877.8,0.000001,,,,,,,,
258400,878.1,0.000003,,,,,,,,
258500,878.4,0.000001,,,,,,,,
258600,878.7,0.000003,,,,,,,,
258700,879.1,0.000003,,,,,,,,
258800,879.4,0.000001,,,,,,,,
258900,879.7,0.000001,,,,,,,,
259000,880.0,0.000002,,,,,,,,
259100,880.3,0.000001,,,,,,,,
259200,880.6,0.000002,,,,,,,,
259300,881.0,0.000001,,,,,,,,
259400,881.3,0.000002,,,,,,,,
259500,881.6,0.000001,,,,,,,,
259600,881.9,0.000002,,,,,,,,
259700,882.2,0.000001,,,,,,,,
259800,882.5,0.000002,,,,,,,,
259900,882.9,0.000003,,,,,,,,
260000,884.3,0.000001,0.000002,1.074868e-01,5.939050e-03,4.789064e-03,0.000000,9.101900e-02,5.937137e-03,4.922198e-03
260100,884.6,0.000001,,,,,,,,
260200,884.9,0.000002,,,,,,,,
260300,885.3,0.000001,,,,,,,,
260400,885.6,0.000001,,,,,,,,
260500,885.9,0.000001,,,,,,,,
260600,886.2,0.000001,,,,,,,,
260700,886.5,0.000001,,,,,,,,
260800,886.8,0.000001,,,,,,,,
260900,887.2,0.000002,,,,,,,,
261000,887.5,0.000001,,,,,,,,
261100,887.8,0.000001,,,,,,,,
261200,888.1,0.000002,,,,,,,,
261300,888.4,0.000000,,,,,,,,
261400,888.7,0.000001,,,,,,,,
261500,889.1,0.000001,,,,,,,,
261600,889.4,0.000001,,,,,,,,
261700,889.7,0.000001,,,,,,,,
261800,890.0,0.000001,,,,,,,,
261900,890.3,0.000001,,,,,,,,
262000,890.7,0.000001,,,,,,,,
262100,891.0,0.000001,,,,,,,,
262200,891.3,0.000001,,,,,,,,
262300,891.6,0.000001,,,,,,,,
262400,891.9,0.000003,,,,,,,,
262500,892.2,0.000001,,,,,,,,
262600,892.6,0.000001,,,,,,,,
262700,892.9,0.000001,,,,,,,,
262800,893.2,0.000004,,,,,,,,
262900,893.5,0.000001,,,,,,,,
263000,893.8,0.000001,,,,,,,,
263100,894.1,0.000001,,,,,,,,
263200,894.5,0.000001,,,,,,,,
263300,894.8,0.000001,,,,,,,,
263400,895.1,0.000001,,,,,,,,
263500,895.4,0.000001,,,,,,,,
263600,895.7,0.000004,,,,,,,,
263700,896.1,0.000001,,,,,,,,
263800,896.4,0.000003,,,,,,,,
263900,896.7,0.000001,,,,,,,,
264000,897.0,0.000001,,,,,,,,
264100,897.3,0.000003,,,,,,,,
264200,897.6,0.000002,,,,,,,,
264300,898.0,0.000002,,,,,,,,
264400,898.3,0.000002,,,,,,,,
264500,898.6,0.000004,,,,,,,,
264600,898.9,0.000001,,,,,,,,
264700,899.2,0.000003,,,,,,,,
264800,899.5,0.000001,,,,,,,,
264900,899.9,0.000002,,,,,,,,
265000,901.3,0.000001,0.000001,5.000895e-02,3.381559e-03,2.585209e-03,0.000000,4.611240e-02,3.345845e-03,2.577331e-03
265100,901.6,0.000001,,,,,,,,
265200,901.9,0.000003,,,,,,,,
265300,902.3,0.000001,,,,,,,,
265400,902.6,0.000001,,,,,,,,
265500,902.9,0.000002,,,,,,,,
265600,903.2,0.000001,,,,,,,,
265700,903.5,0.000002,,,,,,,,
265800,903.8,0.000001,,,,,,,,
265900,904.2,0.000001,,,,,,,,
266000,904.5,0.000001,,,,,,,,
266100,904.8,0.000001,,,,,,,,
266200,905.1,0.000001,,,,,,,,
266300,905.4,0.000001,,,,,,,,
266400,905.8,0.000002,,,,,,,,
266500,906.1,0.000002,,,,,,,,
266600,906.4,0.000001,,,,,,,,
266700,906.7,0.000001,,,,,,,,
266800,907.0,0.000001,,,,,,,,
266900,907.3,0.000002,,,,,,,,
267000,907.7,0.000001,,,,,,,,
267100,908.0,0.000001,,,,,,,,
267200,908.3,0.000001,,,,,,,,
267300,908.6,0.000002,,,,,,,,
267400,908.9,0.000001,,,,,,,,
267500,909.2,0.000001,,,,,,,,
267600,909.6,0.000002,,,,,,,,
267700,909.9,0.000002,,,,,,,,
267800,910.2,0.000000,,,,,,,,
267900,910.5,0.000001,,,,,,,,
268000,910.8,0.000001,,,,,,,,
268100,911.1,0.000001,,,,,,,,
268200,911.5,0.000006,,,,,,,,
268300,911.8,0.000001,,,,,,,,
268400,912.1,0.000001,,,,,,,,
268500,912.4,0.000001,,,,,,,,
268600,912.7,0.000000,,,,,,,,
268700,913.1,0.000001,,,,,,,,
268800,913.4,0.000002,,,,,,,,
268900,913.7,0.000003,,,,,,,,
269000,914.0,0.000002,,,,,,,,
269100,914.3,0.000001,,,,,,,,
269200,914.6,0.000001,,,,,,,,
269300,915.0,0.000001,,,,,,,,
269400,915.3,0.000002,,,,,,,,
269500,915.6,0.000001,,,,,,,,
269600,915.9,0.000001,,,,,,,,
269700,916.2,0.000005,,,,,,,,
269800,916.6,0.000002,,,,,,,,
269900,916.9,0.000001,,,,,,,,
270000,918.3,0.000003,0.000001,8.354389e-02,4.911468e-03,4.086293e-03,0.000000,4.745518e-02,4.741365e-03,3.974909e-03
270100,918.6,0.000003,,,,,,,,
270200,918.9,0.000001,,,,,,,,
270300,919.3,0.000001,,,,,,,,
270400,919.6,0.000001,,,,,,,,
270500,919.9,0.000002,,,,,,,,
270600,920.2,0.000001,,,,,,,,
270700,920.5,0.000002,,,,,,,,
270800,920.9,0.000001,,,,,,,,
270900,921.2,0.000002,,,,,,,,
271000,921.5,0.000001,,,,,,,,
271100,921.8,0.000002,,,,,,,,
271200,922.1,0.000001,,,,,,,,
271300,922.4,0.000002,,,,,,,,
271400,922.8,0.000002,,,,,,,,
271500,923.1,0.000003,,,,,,,,
271600,923.4,0.000001,,,,,,,,
271700,923.7,0.000001,,,,,,,,
271800,924.0,0.000004,,,,,,,,
271900,924.3,0.000001,,,,,,,,
272000,924.7,0.000004,,,,,,,,
272100,925.0,0.000002,,,,,,,,
272200,925.3,0.000002,,,,,,,,
272300,925.6,0.000002,,,,,,,,
272400,925.9,0.000001,,,,,,,,
272500,926.2,0.000004,,,,,,,,
272600,926.6,0.000001,,,,,,,,
272700,926.9,0.000002,,,,,,,,
272800,927.2,0.000001,,,,,,,,
272900,927.5,0.000001,,,,,,,,
273000,927.8,0.000001,,,,,,,,
273100,928.2,0.000001,,,,,,,,
273200,928.5,0.000002,,,,,,,,
273300,928.8,0.000001,,,,,,,,
273400,929.1,0.000001,,,,,,,,
273500,929.4,0.000001,,,,,,,,
273600,929.7,0.000000,,,,,,,,
273700,930.1,0.000001,,,,,,,,
273800,930.4,0.000000,,,,,,,,
273900,930.7,0.000001,,,,,,,,
274000,931.0,0.000002,,,,,,,,
274100,931.3,0.000004,,,,,,,,
274200,931.6,0.000001,,,,,,,,
274300,931.9,0.000002,,,,,,,,
274400,932.2,0.000002,,,,,,,,
274500,932.5,0.000002,,,,,,,,
274600,932.8,0.000001,,,,,,,,
274700,933.1,0.000002,,,,,,,,
274800,933.5,0.000001,,,,,,,,
274900,933.8,0.000001,,,,,,,,
275000,935.2,0.000001,0.000001,6.772387e-02,4.123079e-03,3.128454e-03,0.000000,4.479943e-02,3.985162e-03,3.032479e-03
275100,935.5,0.000001,,,,,,,,
275200,935.9,0.000002,,,,,,,,
275300,936.2,0.000002,,,,,,,,
275400,936.5,0.000002,,,,,,,,
275500,936.8,0.000001,,,,,,,,
275600,937.1,0.000001,,,,,,,,
275700,937.4,0.000001,,,,,,,,
275800,937.8,0.000003,,,,,,,,
275900,938.1,0.000003,,,,,,,,
276000,938.4,0.000001,,,,,,,,
276100,938.7,0.000001,,,,,,,,
276200,939.0,0.000001,,,,,,,,
276300,939.3,0.000001,,,,,,,,
276400,939.7,0.000001,,,,,,,,
276500,940.0,0.000002,,,,,,,,
276600,940.3,0.000001,,,,,,,,
276700,940.6,0.000001,,,,,,,,
276800,940.9,0.000002,,,,,,,,
276900,941.3,0.000001,,,,,,,,
277000,941.6,0.000001,,,,,,,,
277100,941.9,0.000004,,,,,,,,
277200,942.2,0.000001,,,,,,,,
277300,942.5,0.000001,,,,,,,,
277400,942.8,0.000001,,,,,,,,
277500,943.2,0.000002,,,,,,,,
277600,943.5,0.000001,,,,,,,,
277700,943.8,0.000003,,,,,,,,
277800,944.1,0.000001,,,,,,,,
277900,944.4,0.000001,,,,,,,,
278000,944.7,0.000001,,,,,,,,
278100,945.1,0.000001,,,,,,,,
278200,945.4,0.000001,,,,,,,,
278300,945.7,0.000001,,,,,,,,
278400,946.0,0.000001,,,,,,,,
278500,946.3,0.000002,,,,,,,,
278600,946.7,0.000001,,,,,,,,
278700,947.0,0.000001,,,,,,,,
278800,947.3,0.000001,,,,,,,,
278900,947.6,0.000004,,,,,,,,
279000,947.9,0.000003,,,,,,,,
279100,948.2,0.000001,,,,,,,,
279200,948.6,0.000001,,,,,,,,
279300,948.9,0.000001,,,,,,,,
279400,949.2,0.000001,,,,,,,,
279500,949.5,0.000001,,,,,,,,
279600,949.8,0.000001,,,,,,,,
279700,950.2,0.000002,,,,,,,,
279800,950.5,0.000002,,,,,,,,
279900,950.8,0.000001,,,,,,,,
280000,952.2,0.000001,0.000001,1.015136e-01,5.175084e-03,4.576703e-03,0.000000,8.416732e-02,5.094321e-03,4.542351e-03
280100,952.5,0.000002,,,,,,,,
280200,952.9,0.000003,,,,,,,,
280300,953.2,0.000003,,,,,,,,
280400,953.5,0.000002,,,,,,,,
280500,953.8,0.000001,,,,,,,,
280600,954.1,0.000002,,,,,,,,
280700,954.5,0.000002,,,,,,,,
280800,954.8,0.000002,,,,,,,,
280900,955.1,0.000001,,,,,,,,
281000,955.4,0.000001,,,,,,,,
281100,955.7,0.000001,,,,,,,,
281200,956.0,0.000001,,,,,,,,
281300,956.4,0.000001,,,,,,,,
281400,956.7,0.000001,,,,,,,,
281500,957.0,0.000001,,,,,,,,
281600,957.3,0.000001,,,,,,,,
281700,957.6,0.000001,,,,,,,,
281800,957.9,0.000001,,,,,,,,
281900,958.3,0.000002,,,,,,,,
282000,958.6,0.000001,,,,,,,,
282100,958.9,0.000001,,,,,,,,
282200,959.2,0.000001,,,,,,,,
282300,959.5,0.000001,,,,,,,,
282400,959.9,0.000001,,,,,,,,
282500,960.2,0.000001,,,,,,,,
282600,960.5,0.000001,,,,,,,,
282700,960.8,0.000001,,,,,,,,
282800,961.1,0.000001,,,,,,,,
282900,961.4,0.000001,,,,,,,,
283000,961.8,0.000000,,,,,,,,
283100,962.1,0.000001,,,,,,,,
283200,962.4,0.000003,,,,,,,,
283300,962.7,0.000001,,,,,,,,
283400,963.0,0.000002,,,,,,,,
283500,963.3,0.000002,,,,,,,,
283600,963.7,0.000001,,,,,,,,
283700,964.0,0.000001,,,,,,,,
283800,964.3,0.000001,,,,,,,,
283900,964.6,0.000001,,,,,,,,
284000,964.9,0.000001,,,,,,,,
284100,965.2,0.000001,,,,,,,,
284200,965.5,0.000001,,,,,,,,
284300,965.8,0.000002,,,,,,,,
284400,966.1,0.000001,,,,,,,,
284500,966.4,0.000001,,,,,,,,
284600,966.7,0.000001,,,,,,,,
284700,967.1,0.000001,,,,,,,,
284800,967.4,0.000001,,,,,,,,
284900,967.7,0.000002,,,,,,,,
285000,969.2,0.000001,0.000001,7.652008e-02,4.162981e-03,3.052438e-03,0.000000,5.875535e-02,3.999008e-03,3.009298e-03
285100,969.5,0.000001,,,,,,,,
285200,969.8,0.000002,,,,,,,,
285300,970.1,0.000001,,,,,,,,
285400,970.4,0.000000,,,,,,,,
285500,970.7,0.000001,,,,,,,,
285600,971.1,0.000001,,,,,,,,
285700,971.4,0.000002,,,,,,,,
285800,971.7,0.000001,,,,,,,,
285900,972.0,0.000001,,,,,,,,
286000,972.3,0.000001,,,,,,,,
286100,972.6,0.000001,,,,,,,,
286200,973.0,0.000001,,,,,,,,
286300,973.3,0.000001,,,,,,,,
286400,973.6,0.000001,,,,,,,,
286500,973.9,0.000001,,,,,,,,
286600,974.2,0.000002,,,,,,,,
286700,974.6,0.000000,,,,,,,,
286800,974.9,0.000002,,,,,,,,
286900,975.2,0.000004,,,,,,,,
287000,975.5,0.000001,,,,,,,,
287100,975.8,0.000002,,,,,,,,
287200,976.1,0.000001,,,,,,,,
287300,976.5,0.000001,,,,,,,,
287400,976.8,0.000002,,,,,,,,
287500,977.1,0.000001,,,,,,,,
287600,977.4,0.000001,,,,,,,,
287700,977.7,0.000001,,,,,,,,
287800,978.0,0.000003,,,,,,,,
287900,978.3,0.000001,,,,,,,,
288000,978.7,0.000002,,,,,,,,
288100,979.0,0.000001,,,,,,,,
288200,979.3,0.000001,,,,,,,,
288300,979.6,0.000001,,,,,,,,
288400,979.9,0.000001,,,,,,,,
288500,980.3,0.000001,,,,,,,,
288600,980.6,0.000001,,,,,,,,
288700,980.9,0.000001,,,,,,,,
288800,981.2,0.000001,,,,,,,,
288900,981.5,0.000002,,,,,,,,
289000,981.8,0.000001,,,,,,,,
289100,982.2,0.000002,,,,,,,,
289200,982.5,0.000001,,,,,,,,
289300,982.8,0.000001,,,,,,,,
289400,983.1,0.000001,,,,,,,,
289500,983.4,0.000003,,,,,,,,
289600,983.7,0.000003,,,,,,,,
289700,984.1,0.000001,,,,,,,,
289800,984.4,0.000001,,,,,,,,
289900,984.7,0.000001,,,,,,,,
290000,986.2,0.000003,0.000007,1.366176e-01,1.321371e-02,1.167970e-02,0.000000,1.227140e-01,1.325876e-02,1.180437e-02
290100,986.5,0.000003,,,,,,,,
290200,986.8,0.000003,,,,,,,,
290300,987.1,0.000001,,,,,,,,
290400,987.4,0.000001,,,,,,,,
290500,987.7,0.000002,,,,,,,,
290600,988.0,0.000001,,,,,,,,
290700,988.4,0.000001,,,,,,,,
290800,988.7,0.000002,,,,,,,,
290900,989.0,0.000002,,,,,,,,
291000,989.3,0.000002,,,,,,,,
291100,989.6,0.000001,,,,,,,,
291200,989.9,0.000001,,,,,,,,
291300,990.3,0.000001,,,,,,,,
291400,990.6,0.000001,,,,,,,,
291500,990.9,0.000001,,,,,,,,
291600,991.2,0.000001,,,,,,,,
291700,991.5,0.000001,,,,,,,,
291800,991.9,0.000002,,,,,,,,
291900,992.2,0.000001,,,,,,,,
292000,992.5,0.000001,,,,,,,,
292100,992.8,0.000001,,,,,,,,
292200,993.1,0.000001,,,,,,,,
292300,993.4,0.000001,,,,,,,,
292400,993.8,0.000002,,,,,,,,
292500,994.1,0.000001,,,,,,,,
292600,994.4,0.000001,,,,,,,,
292700,994.7,0.000001,,,,,,,,
292800,995.0,0.000001,,,,,,,,
292900,995.3,0.000003,,,,,,,,
293000,995.7,0.000013,,,,,,,,
293100,996.0,0.000001,,,,,,,,
293200,996.3,0.000001,,,,,,,,
293300,996.6,0.000001,,,,,,,,
293400,996.9,0.000001,,,,,,,,
293500,997.2,0.000001,,,,,,,,
293600,997.6,0.000001,,,,,,,,
293700,997.9,0.000003,,,,,,,,
293800,998.2,0.000001,,,,,,,,
293900,998.5,0.000001,,,,,,,,
294000,998.8,0.000002,,,,,,,,
294100,999.2,0.000002,,,,,,,,
294200,999.5,0.000003,,,,,,,,
294300,999.8,0.000001,,,,,,,,
294400,1000.1,0.000003,,,,,,,,
294500,1000.4,0.000001,,,,,,,,
294600,1000.7,0.000001,,,,,,,,
294700,1001.1,0.000002,,,,,,,,
294800,1001.4,0.000001,,,,,,,,
294900,1001.7,0.000001,,,,,,,,
295000,1003.1,0.000002,0.000001,9.386892e-02,4.624023e-03,3.988359e-03,0.000000,4.058061e-02,4.630035e-03,4.053498e-03
295100,1003.4,0.000002,,,,,,,,
295200,1003.8,0.000001,,,,,,,,
295300,1004.1,0.000001,,,,,,,,
295400,1004.4,0.000002,,,,,,,,
295500,1004.7,0.000003,,,,,,,,
295600,1005.0,0.000001,,,,,,,,
295700,1005.4,0.000003,,,,,,,,
295800,1005.7,0.000001,,,,,,,,
295900,1006.0,0.000001,,,,,,,,
296000,1006.3,0.000001,,,,,,,,
296100,1006.6,0.000001,,,,,,,,
296200,1006.9,0.000000,,,,,,,,
296300,1007.3,0.000001,,,,,,,,
296400,1007.6,0.000001,,,,,,,,
296500,1007.9,0.000001,,,,,,,,
296600,1008.2,0.000001,,,,,,,,
296700,1008.5,0.000002,,,,,,,,
296800,1008.8,0.000001,,,,,,,,
296900,1009.2,0.000001,,,,,,,,
297000,1009.5,0.000001,,,,,,,,
297100,1009.8,0.000003,,,,,,,,
297200,1010.1,0.000001,,,,,,,,
297300,1010.4,0.000001,,,,,,,,
297400,1010.7,0.000002,,,,,,,,
297500,1011.1,0.000002,,,,,,,,
297600,1011.4,0.000001,,,,,,,,
297700,1011.7,0.000001,,,,,,,,
297800,1012.0,0.000001,,,,,,,,
297900,1012.3,0.000001,,,,,,,,
298000,1012.7,0.000001,,,,,,,,
298100,1013.0,0.000002,,,,,,,,
298200,1013.3,0.000001,,,,,,,,
298300,1013.6,0.000001,,,,,,,,
298400,1013.9,0.000001,,,,,,,,
298500,1014.2,0.000000,,,,,,,,
298600,1014.6,0.000001,,,,,,,,
298700,1014.9,0.000001,,,,,,,,
298800,1015.2,0.000004,,,,,,,,
298900,1015.5,0.000001,,,,,,,,
299000,1015.8,0.000002,,,,,,,,
299100,1016.1,0.000002,,,,,,,,
299200,1016.5,0.000002,,,,,,,,
299300,1016.8,0.000004,,,,,,,,
299400,1017.1,0.000001,,,,,,,,
299500,1017.4,0.000001,,,,,,,,
299600,1017.7,0.000001,,,,,,,,
299700,1018.0,0.000001,,,,,,,,
299800,1018.4,0.000001,,,,,,,,
299900,1018.7,0.000000,,,,,,,,
300000,1020.1,0.000002,0.000002,6.780739e-02,6.633515e-03,5.577542e-03,0.000000,5.470461e-02,6.670909e-03,5.653836e-03
300100,1020.5,0.000001,,,,,,,,
300200,1020.8,0.000002,,,,,,,,
300300,1021.1,0.000001,,,,,,,,
300400,1021.4,0.000001,,,,,,,,
300500,1021.7,0.000001,,,,,,,,
300600,1022.0,0.000002,,,,,,,,
300700,1022.4,0.000001,,,,,,,,
300800,1022.7,0.000001,,,,,,,,
300900,1023.0,0.000001,,,,,,,,
301000,1023.3,0.000001,,,,,,,,
301100,1023.6,0.000001,,,,,,,,
301200,1023.9,0.000001,,,,,,,,
301300,1024.3,0.000002,,,,,,,,
301400,1024.6,0.000001,,,,,,,,
301500,1024.9,0.000002,,,,,,,,
301600,1025.2,0.000002,,,,,,,,
301700,1025.5,0.000001,,,,,,,,
301800,1025.8,0.000001,,,,,,,,
301900,1026.2,0.000001,,,,,,,,
302000,1026.5,0.000001,,,,,,,,
302100,1026.8,0.000001,,,,,,,,
302200,1027.1,0.000002,,,,,,,,
302300,1027.4,0.000002,,,,,,,,
302400,1027.7,0.000001,,,,,,,,
302500,1028.1,0.000002,,,,,,,,
302600,1028.4,0.000001,,,,,,,,
302700,1028.7,0.000001,,,,,,,,
302800,1029.0,0.000002,,,,,,,,
302900,1029.3,0.000002,,,,,,,,
303000,1029.7,0.000001,,,,,,,,
303100,1030.0,0.000001,,,,,,,,
303200,1030.3,0.000002,,,,,,,,
303300,1030.6,0.000002,,,,,,,,
303400,1030.9,0.000002,,,,,,,,
303500,1031.2,0.000002,,,,,,,,
303600,1031.5,0.000001,,,,,,,,
303700,1031.9,0.000001,,,,,,,,
303800,1032.2,0.000001,,,,,,,,
303900,1032.5,0.000001,,,,,,,,
304000,1032.8,0.000002,,,,,,,,
304100,1033.1,0.000001,,,,,,,,
304200,1033.4,0.000001,,,,,,,,
304300,1033.8,0.000001,,,,,,,,
304400,1034.1,0.000000,,,,,,,,
304500,1034.4,0.000001,,,,,,,,
304600,1034.7,0.000001,,,,,,,,
304700,1035.0,0.000001,,,,,,,,
304800,1035.3,0.000001,,,,,,,,
304900,1035.7,0.000001,,,,,,,,
305000,1037.1,0.000001,0.000001,1.663293e-01,4.106702e-03,2.816404e-03,0.000000,7.718558e-02,3.948445e-03,2.787789e-03
305100,1037.4,0.000001,,,,,,,,
305200,1037.7,0.000002,,,,,,,,
305300,1038.0,0.000001,,,,,,,,
305400,1038.3,0.000002,,,,,,,,
305500,1038.7,0.000002,,,,,,,,
305600,1039.0,0.000001,,,,,,,,
305700,1039.3,0.000001,,,,,,,,
305800,1039.6,0.000001,,,,,,,,
305900,1039.9,0.000001,,,,,,,,
306000,1040.2,0.000001,,,,,,,,
306100,1040.6,0.000002,,,,,,,,
306200,1040.9,0.000001,,,,,,,,
306300,1041.2,0.000001,,,,,,,,
306400,1041.5,0.000001,,,,,,,,
306500,1041.8,0.000001,,,,,,,,
306600,1042.1,0.000001,,,,,,,,
306700,1042.5,0.000002,,,,,,,,
306800,1042.8,0.000005,,,,,,,,
306900,1043.1,0.000001,,,,,,,,
307000,1043.4,0.000001,,,,,,,,
307100,1043.7,0.000001,,,,,,,,
307200,1044.1,0.000003,,,,,,,,
307300,1044.4,0.000001,,,,,,,,
307400,1044.7,0.000001,,,,,,,,
307500,1045.0,0.000001,,,,,,,,
307600,1045.3,0.000002,,,,,,,,
307700,1045.6,0.000001,,,,,,,,
307800,1046.0,0.000002,,,,,,,,
307900,1046.3,0.000001,,,,,,,,
308000,1046.6,0.000001,,,,,,,,
308100,1046.9,0.000002,,,,,,,,
308200,1047.2,0.000001,,,,,,,,
308300,1047.5,0.000003,,,,,,,,
308400,1047.9,0.000001,,,,,,,,
308500,1048.2,0.000002,,,,,,,,
308600,1048.5,0.000001,,,,,,,,
308700,1048.8,0.000001,,,,,,,,
308800,1049.1,0.000002,,,,,,,,
308900,1049.4,0.000001,,,,,,,,
309000,1049.8,0.000000,,,,,,,,
309100,1050.1,0.000001,,,,,,,,
309200,1050.4,0.000001,,,,,,,,
309300,1050.7,0.000001,,,,,,,,
309400,1051.0,0.000001,,,,,,,,
309500,1051.4,0.000001,,,,,,,,
309600,1051.7,0.000001,,,,,,,,
309700,1052.0,0.000001,,,,,,,,
309800,1052.3,0.000001,,,,,,,,
309900,1052.6,0.000002,,,,,,,,
310000,1054.1,0.000002,0.000003,1.440954e-01,6.947169e-03,4.621267e-03,0.000000,5.184081e-02,6.889377e-03,4.695744e-03
310100,1054.4,0.000001,,,,,,,,
310200,1054.7,0.000003,,,,,,,,
310300,1055.0,0.000002,,,,,,,,
310400,1055.3,0.000003,,,,,,,,
310500,1055.7,0.000001,,,,,,,,
310600,1056.0,0.000001,,,,,,,,
310700,1056.3,0.000004,,,,,,,,
310800,1056.6,0.000002,,,,,,,,
310900,1056.9,0.000002,,,,,,,,
311000,1057.2,0.000001,,,,,,,,
311100,1057.6,0.000002,,,,,,,,
311200,1057.9,0.000000,,,,,,,,
311300,1058.2,0.000001,,,,,,,,
311400,1058.5,0.000001,,,,,,,,
311500,1058.8,0.000001,,,,,,,,
311600,1059.1,0.000002,,,,,,,,
311700,1059.5,0.000001,,,,,,,,
311800,1059.8,0.000001,,,,,,,,
311900,1060.1,0.000001,,,,,,,,
312000,1060.4,0.000003,,,,,,,,
312100,1060.7,0.000001,,,,,,,,
312200,1061.1,0.000001,,,,,,,,
312300,1061.4,0.000001,,,,,,,,
312400,1061.7,0.000001,,,,,,,,
312500,1062.0,0.000001,,,,,,,,
312600,1062.3,0.000001,,,,,,,,
312700,1062.6,0.000001,,,,,,,,
312800,1063.0,0.000001,,,,,,,,
312900,1063.3,0.000001,,,,,,,,
313000,1063.6,0.000001,,,,,,,,
313100,1063.9,0.000002,,,,,,,,
313200,1064.2,0.000001,,,,,,,,
313300,1064.5,0.000003,,,,,,,,
313400,1064.9,0.000001,,,,,,,,
313500,1065.2,0.000001,,,,,,,,
313600,1065.5,0.000001,,,,,,,,
313700,1065.8,0.000002,,,,,,,,
313800,1066.1,0.000002,,,,,,,,
313900,1066.5,0.000002,,,,,,,,
314000,1066.8,0.000002,,,,,,,,
314100,1067.1,0.000001,,,,,,,,
314200,1067.4,0.000002,,,,,,,,
314300,1067.7,0.000001,,,,,,,,
314400,1068.0,0.000001,,,,,,,,
314500,1068.4,0.000001,,,,,,,,
314600,1068.7,0.000001,,,,,,,,
314700,1069.0,0.000007,,,,,,,,
314800,1069.3,0.000006,,,,,,,,
314900,1069.6,0.000001,,,,,,,,
315000,1071.1,0.000007,0.000003,1.317410e-01,7.549703e-03,5.912679e-03,0.000000,5.818302e-02,7.361886e-03,5.972359e-03
315100,1071.4,0.000000,,,,,,,,
315200,1071.7,0.000001,,,,,,,,
315300,1072.0,0.000002,,,,,,,,
315400,1072.3,0.000001,,,,,,,,
315500,1072.7,0.000001,,,,,,,,
315600,1073.0,0.000001,,,,,,,,
315700,1073.3,0.000001,,,,,,,,
315800,1073.6,0.000002,,,,,,,,
315900,1073.9,0.000001,,,,,,,,
316000,1074.2,0.000001,,,,,,,,
316100,1074.5,0.000000,,,,,,,,
316200,1074.8,0.000002,,,,,,,,
316300,1075.1,0.000002,,,,,,,,
316400,1075.4,0.000002,,,,,,,,
316500,1075.7,0.000001,,,,,,,,
316600,1076.0,0.000002,,,,,,,,
316700,1076.4,0.000001,,,,,,,,
316800,1076.7,0.000001,,,,,,,,
316900,1077.0,0.000001,,,,,,,,
317000,1077.3,0.000001,,,,,,,,
317100,1077.6,0.000001,,,,,,,,
317200,1077.9,0.000003,,,,,,,,
317300,1078.3,0.000001,,,,,,,,
317400,1078.6,0.000001,,,,,,,,
317500,1078.9,0.000001,,,,,,,,
317600,1079.2,0.000005,,,,,,,,
317700,1079.5,0.000001,,,,,,,,
317800,1079.8,0.000003,,,,,,,,
317900,1080.2,0.000001,,,,,,,,
318000,1080.5,0.000002,,,,,,,,
318100,1080.8,0.000001,,,,,,,,
318200,1081.1,0.000001,,,,,,,,
318300,1081.4,0.000002,,,,,,,,
318400,1081.8,0.000001,,,,,,,,
318500,1082.1,0.000001,,,,,,,,
318600,1082.4,0.000001,,,,,,,,
318700,1082.7,0.000002,,,,,,,,
318800,1083.0,0.000000,,,,,,,,
318900,1083.3,0.000001,,,,,,,,
319000,1083.7,0.000001,,,,,,,,
319100,1084.0,0.000001,,,,,,,,
319200,1084.3,0.000001,,,,,,,,
319300,1084.6,0.000002,,,,,,,,
319400,1084.9,0.000001,,,,,,,,
319500,1085.2,0.000004,,,,,,,,
319600,1085.6,0.000004,,,,,,,,
319700,1085.9,0.000000,,,,,,,,
319800,1086.2,0.000001,,,,,,,,
319900,1086.5,0.000001,,,,,,,,
320000,1088.0,0.000001,0.000001,7.569754e-02,3.370976e-03,2.634369e-03,0.000000,4.799305e-02,3.229851e-03,2.566811e-03
320100,1088.3,0.000001,,,,,,,,
320200,1088.6,0.000002,,,,,,,,
320300,1088.9,0.000002,,,,,,,,
320400,1089.2,0.000002,,,,,,,,
320500,1089.5,0.000004,,,,,,,,
320600,1089.8,0.000002,,,,,,,,
320700,1090.2,0.000001,,,,,,,,
320800,1090.5,0.000002,,,,,,,,
320900,1090.8,0.000002,,,,,,,,
321000,1091.1,0.000003,,,,,,,,
321100,1091.4,0.000001,,,,,,,,
321200,1091.7,0.000001,,,,,,,,
321300,1092.1,0.000001,,,,,,,,
321400,1092.4,0.000002,,,,,,,,
321500,1092.7,0.000001,,,,,,,,
321600,1093.0,0.000001,,,,,,,,
321700,1093.3,0.000001,,,,,,,,
321800,1093.7,0.000001,,,,,,,,
321900,1094.0,0.000002,,,,,,,,
322000,1094.3,0.000001,,,,,,,,
322100,1094.6,0.000001,,,,,,,,
322200,1094.9,0.000001,,,,,,,,
322300,1095.2,0.000001,,,,,,,,
322400,1095.6,0.000001,,,,,,,,
322500,1095.9,0.000001,,,,,,,,
322600,1096.2,0.000001,,,,,,,,
322700,1096.5,0.000001,,,,,,,,
322800,1096.8,0.000001,,,,,,,,
322900,1097.1,0.000001,,,,,,,,
323000,1097.5,0.000001,,,,,,,,
323100,1097.8,0.000000,,,,,,,,
323200,1098.1,0.000001,,,,,,,,
323300,1098.4,0.000001,,,,,,,,
323400,1098.7,0.000001,,,,,,,,
323500,1099.0,0.000002,,,,,,,,
323600,1099.4,0.000002,,,,,,,,
323700,1099.7,0.000001,,,,,,,,
323800,1100.0,0.000001,,,,,,,,
323900,1100.3,0.000001,,,,,,,,
324000,1100.6,0.000002,,,,,,,,
324100,1100.9,0.000001,,,,,,,,
324200,1101.3,0.000001,,,,,,,,
324300,1101.6,0.000002,,,,,,,,
324400,1101.9,0.000002,,,,,,,,
324500,1102.2,0.000001,,,,,,,,
324600,1102.5,0.000001,,,,,,,,
324700,1102.8,0.000001,,,,,,,,
324800,1103.2,0.000001,,,,,,,,
324900,1103.5,0.000002,,,,,,,,
325000,1104.9,0.000001,0.000001,7.278222e-02,5.488852e-03,4.439145e-03,0.000000,6.534547e-02,5.488157e-03,4.474469e-03
325100,1105.2,0.000001,,,,,,,,
325200,1105.6,0.000003,,,,,,,,
325300,1105.9,0.000001,,,,,,,,
325400,1106.2,0.000001,,,,,,,,
325500,1106.5,0.000001,,,,,,,,
325600,1106.8,0.000003,,,,,,,,
325700,1107.1,0.000001,,,,,,,,
325800,1107.5,0.000001,,,,,,,,
325900,1107.8,0.000001,,,,,,,,
326000,1108.1,0.000002,,,,,,,,
326100,1108.4,0.000001,,,,,,,,
326200,1108.7,0.000001,,,,,,,,
326300,1109.0,0.000001,,,,,,,,
326400,1109.4,0.000001,,,,,,,,
326500,1109.7,0.000002,,,,,,,,
326600,1110.0,0.000001,,,,,,,,
326700,1110.3,0.000001,,,,,,,,
326800,1110.6,0.000001,,,,,,,,
326900,1111.0,0.000001,,,,,,,,
327000,1111.3,0.000001,,,,,,,,
327100,1111.6,0.000001,,,,,,,,
327200,1111.9,0.000003,,,,,,,,
327300,1112.2,0.000001,,,,,,,,
327400,1112.5,0.000007,,,,,,,,
327500,1112.9,0.000001,,,,,,,,
327600,1113.2,0.000002,,,,,,,,
327700,1113.5,0.000001,,,,,,,,
327800,1113.8,0.000001,,,,,,,,
327900,1114.1,0.000002,,,,,,,,
328000,1114.4,0.000001,,,,,,,,
328100,1114.8,0.000001,,,,,,,,
328200,1115.1,0.000001,,,,,,,,
328300,1115.4,0.000001,,,,,,,,
328400,1115.7,0.000001,,,,,,,,
328500,1116.0,0.000004,,,,,,,,
328600,1116.4,0.000001,,,,,,,,
328700,1116.7,0.000001,,,,,,,,
328800,1117.0,0.000001,,,,,,,,
328900,1117.3,0.000001,,,,,,,,
329000,1117.6,0.000001,,,,,,,,
329100,1117.9,0.000004,,,,,,,,
329200,1118.3,0.000002,,,,,,,,
329300,1118.6,0.000001,,,,,,,,
329400,1118.9,0.000003,,,,,,,,
329500,1119.2,0.000001,,,,,,,,
329600,1119.5,0.000002,,,,,,,,
329700,1119.8,0.000001,,,,,,,,
329800,1120.2,0.000002,,,,,,,,
329900,1120.5,0.000001,,,,,,,,
330000,1121.9,0.000002,0.000001,8.622283e-02,5.505914e-03,4.306438e-03,0.000000,4.503141e-02,5.353360e-03,4.196450e-03
330100,1122.2,0.000005,,,,,,,,
330200,1122.6,0.000001,,,,,,,,
330300,1122.9,0.000002,,,,,,,,
330400,1123.2,0.000001,,,,,,,,
330500,1123.5,0.000002,,,,,,,,
330600,1123.8,0.000001,,,,,,,,
330700,1124.1,0.000001,,,,,,,,
330800,1124.5,0.000002,,,,,,,,
330900,1124.8,0.000001,,,,,,,,
331000,1125.1,0.000000,,,,,,,,
331100,1125.4,0.000001,,,,,,,,
331200,1125.7,0.000002,,,,,,,,
331300,1126.0,0.000001,,,,,,,,
331400,1126.4,0.000002,,,,,,,,
331500,1126.7,0.000001,,,,,,,,
331600,1127.0,0.000001,,,,,,,,
331700,1127.3,0.000001,,,,,,,,
331800,1127.6,0.000001,,,,,,,,
331900,1128.0,0.000001,,,,,,,,
332000,1128.3,0.000001,,,,,,,,
332100,1128.6,0.000001,,,,,,,,
332200,1128.9,0.000001,,,,,,,,
332300,1129.2,0.000001,,,,,,,,
332400,1129.5,0.000003,,,,,,,,
332500,1129.9,0.000001,,,,,,,,
332600,1130.2,0.000003,,,,,,,,
332700,1130.5,0.000001,,,,,,,,
332800,1130.8,0.000001,,,,,,,,
332900,1131.1,0.000001,,,,,,,,
333000,1131.4,0.000001,,,,,,,,
333100,1131.8,0.000002,,,,,,,,
333200,1132.1,0.000001,,,,,,,,
333300,1132.4,0.000001,,,,,,,,
333400,1132.7,0.000003,,,,,,,,
333500,1133.0,0.000001,,,,,,,,
333600,1133.4,0.000001,,,,,,,,
333700,1133.7,0.000001,,,,,,,,
333800,1134.0,0.000002,,,,,,,,
333900,1134.3,0.000001,,,,,,,,
334000,1134.6,0.000002,,,,,,,,
334100,1134.9,0.000002,,,,,,,,
334200,1135.3,0.000001,,,,,,,,
334300,1135.6,0.000000,,,,,,,,
334400,1135.9,0.000002,,,,,,,,
334500,1136.2,0.000001,,,,,,,,
334600,1136.5,0.000001,,,,,,,,
334700,1136.9,0.000001,,,,,,,,
334800,1137.2,0.000001,,,,,,,,
334900,1137.5,0.000001,,,,,,,,
335000,1138.9,0.000001,0.000001,1.072019e-01,5.909193e-03,4.959482e-03,0.000000,6.697626e-02,5.821496e-03,4.965535e-03
335100,1139.2,0.000001,,,,,,,,
335200,1139.6,0.000001,,,,,,,,
335300,1139.9,0.000001,,,,,,,,
335400,1140.2,0.000002,,,,,,,,
335500,1140.5,0.000001,,,,,,,,
335600,1140.8,0.000001,,,,,,,,
335700,1141.2,0.000001,,,,,,,,
335800,1141.5,0.000001,,,,,,,,
335900,1141.8,0.000001,,,,,,,,
336000,1142.1,0.000000,,,,,,,,
336100,1142.4,0.000001,,,,,,,,
336200,1142.7,0.000001,,,,,,,,
336300,1143.1,0.000001,,,,,,,,
336400,1143.4,0.000001,,,,,,,,
336500,1143.7,0.000001,,,,,,,,
336600,1144.0,0.000001,,,,,,,,
336700,1144.3,0.000001,,,,,,,,
336800,1144.6,0.000001,,,,,,,,
336900,1145.0,0.000001,,,,,,,,
337000,1145.3,0.000001,,,,,,,,
337100,1145.6,0.000001,,,,,,,,
337200,1145.9,0.000001,,,,,,,,
337300,1146.2,0.000001,,,,,,,,
337400,1146.5,0.000002,,,,,,,,
337500,1146.9,0.000001,,,,,,,,
337600,1147.2,0.000001,,,,,,,,
337700,1147.5,0.000001,,,,,,,,
337800,1147.8,0.000001,,,,,,,,
337900,1148.1,0.000001,,,,,,,,
338000,1148.5,0.000000,,,,,,,,
338100,1148.8,0.000001,,,,,,,,
338200,1149.1,0.000002,,,,,,,,
338300,1149.4,0.000001,,,,,,,,
338400,1149.7,0.000001,,,,,,,,
338500,1150.0,0.000001,,,,,,,,
338600,1150.4,0.000001,,,,,,,,
338700,1150.7,0.000001,,,,,,,,
338800,1151.0,0.000001,,,,,,,,
338900,1151.3,0.000001,,,,,,,,
339000,1151.6,0.000001,,,,,,,,
339100,1151.9,0.000001,,,,,,,,
339200,1152.3,0.000003,,,,,,,,
339300,1152.6,0.000005,,,,,,,,
339400,1152.9,0.000001,,,,,,,,
339500,1153.2,0.000001,,,,,,,,
339600,1153.5,0.000000,,,,,,,,
339700,1153.9,0.000001,,,,,,,,
339800,1154.2,0.000001,,,,,,,,
339900,1154.5,0.000001,,,,,,,,
340000,1155.9,0.000001,0.000001,5.903002e-02,3.603212e-03,2.924666e-03,0.000000,4.362403e-02,3.532689e-03,2.923387e-03
340100,1156.2,0.000001,,,,,,,,
340200,1156.6,0.000001,,,,,,,,
340300,1156.9,0.000001,,,,,,,,
340400,1157.2,0.000001,,,,,,,,
340500,1157.5,0.000002,,,,,,,,
340600,1157.8,0.000001,,,,,,,,
340700,1158.1,0.000001,,,,,,,,
340800,1158.5,0.000000,,,,,,,,
340900,1158.8,0.000001,,,,,,,,
341000,1159.1,0.000001,,,,,,,,
341100,1159.4,0.000000,,,,,,,,
341200,1159.7,0.000001,,,,,,,,
341300,1160.0,0.000001,,,,,,,,
341400,1160.4,0.000003,,,,,,,,
341500,1160.7,0.000004,,,,,,,,
341600,1161.0,0.000001,,,,,,,,
341700,1161.3,0.000002,,,,,,,,
341800,1161.6,0.000002,,,,,,,,
341900,1161.9,0.000002,,,,,,,,
342000,1162.3,0.000002,,,,,,,,
342100,1162.6,0.000002,,,,,,,,
342200,1162.9,0.000001,,,,,,,,
342300,1163.2,0.000001,,,,,,,,
342400,1163.5,0.000002,,,,,,,,
342500,1163.8,0.000001,,,,,,,,
342600,1164.2,0.000001,,,,,,,,
342700,1164.5,0.000001,,,,,,,,
342800,1164.8,0.000000,,,,,,,,
342900,1165.1,0.000002,,,,,,,,
343000,1165.4,0.000001,,,,,,,,
343100,1165.7,0.000002,,,,,,,,
343200,1166.1,0.000000,,,,,,,,
343300,1166.4,0.000001,,,,,,,,
343400,1166.7,0.000002,,,,,,,,
343500,1167.0,0.000001,,,,,,,,
343600,1167.3,0.000001,,,,,,,,
343700,1167.7,0.000001,,,,,,,,
343800,1168.0,0.000001,,,,,,,,
343900,1168.3,0.000001,,,,,,,,
344000,1168.6,0.000001,,,,,,,,
344100,1168.9,0.000001,,,,,,,,
344200,1169.2,0.000002,,,,,,,,
344300,1169.6,0.000003,,,,,,,,
344400,1169.9,0.000001,,,,,,,,
344500,1170.2,0.000001,,,,,,,,
344600,1170.5,0.000001,,,,,,,,
344700,1170.8,0.000004,,,,,,,,
344800,1171.1,0.000002,,,,,,,,
344900,1171.5,0.000001,,,,,,,,
345000,1172.9,0.000002,0.000001,7.902212e-02,4.401766e-03,3.206493e-03,0.000000,4.691691e-02,4.251475e-03,3.177735e-03
345100,1173.2,0.000001,,,,,,,,
345200,1173.5,0.000001,,,,,,,,
345300,1173.8,0.000001,,,,,,,,
345400,1174.2,0.000001,,,,,,,,
345500,1174.5,0.000001,,,,,,,,
345600,1174.8,0.000001,,,,,,,,
345700,1175.1,0.000001,,,,,,,,
345800,1175.4,0.000001,,,,,,,,
345900,1175.7,0.000001,,,,,,,,
346000,1176.1,0.000002,,,,,,,,
346100,1176.4,0.000002,,,,,,,,
346200,1176.7,0.000000,,,,,,,,
346300,1177.0,0.000002,,,,,,,,
346400,1177.3,0.000001,,,,,,,,
346500,1177.7,0.000001,,,,,,,,
346600,1178.0,0.000001,,,,,,,,
346700,1178.3,0.000002,,,,,,,,
346800,1178.6,0.000003,,,,,,,,
346900,1178.9,0.000001,,,,,,,,
347000,1179.2,0.000002,,,,,,,,
347100,1179.6,0.000001,,,,,,,,
347200,1179.9,0.000002,,,,,,,,
347300,1180.2,0.000003,,,,,,,,
347400,1180.5,0.000002,,,,,,,,
347500,1180.8,0.000002,,,,,,,,
347600,1181.2,0.000003,,,,,,,,
347700,1181.5,0.000001,,,,,,,,
347800,1181.8,0.000000,,,,,,,,
347900,1182.1,0.000002,,,,,,,,
348000,1182.4,0.000005,,,,,,,,
348100,1182.7,0.000001,,,,,,,,
348200,1183.1,0.000002,,,,,,,,
348300,1183.4,0.000002,,,,,,,,
348400,1183.7,0.000001,,,,,,,,
348500,1184.0,0.000001,,,,,,,,
348600,1184.3,0.000002,,,,,,,,
348700,1184.7,0.000002,,,,,,,,
348800,1185.0,0.000001,,,,,,,,
348900,1185.3,0.000001,,,,,,,,
349000,1185.6,0.000002,,,,,,,,
349100,1185.9,0.000002,,,,,,,,
349200,1186.2,0.000001,,,,,,,,
349300,1186.6,0.000001,,,,,,,,
349400,1186.9,0.000002,,,,,,,,
349500,1187.2,0.000002,,,,,,,,
349600,1187.5,0.000001,,,,,,,,
349700,1187.8,0.000001,,,,,,,,
349800,1188.1,0.000001,,,,,,,,
349900,1188.4,0.000000,,,,,,,,
350000,1189.8,0.000001,0.000001,7.704232e-02,5.780637e-03,4.748600e-03,0.000000,6.529111e-02,5.505635e-03,4.648115e-03
350100,1190.1,0.000000,,,,,,,,
350200,1190.4,0.000001,,,,,,,,
350300,1190.7,0.000001,,,,,,,,
350400,1191.1,0.000003,,,,,,,,
350500,1191.4,0.000001,,,,,,,,
350600,1191.7,0.000001,,,,,,,,
350700,1192.0,0.000002,,,,,,,,
350800,1192.3,0.000001,,,,,,,,
350900,1192.6,0.000001,,,,,,,,
351000,1193.0,0.000001,,,,,,,,
351100,1193.3,0.000001,,,,,,,,
351200,1193.6,0.000006,,,,,,,,
351300,1193.9,0.000002,,,,,,,,
351400,1194.2,0.000001,,,,,,,,
351500,1194.6,0.000001,,,,,,,,
351600,1194.9,0.000001,,,,,,,,
351700,1195.2,0.000001,,,,,,,,
351800,1195.5,0.000001,,,,,,,,
351900,1195.8,0.000001,,,,,,,,
352000,1196.1,0.000002,,,,,,,,
352100,1196.5,0.000002,,,,,,,,
352200,1196.8,0.000001,,,,,,,,
352300,1197.1,0.000001,,,,,,,,
352400,1197.4,0.000002,,,,,,,,
352500,1197.7,0.000001,,,,,,,,
352600,1198.0,0.000001,,,,,,,,
352700,1198.4,0.000001,,,,,,,,
352800,1198.7,0.000001,,,,,,,,
352900,1199.0,0.000001,,,,,,,,
353000,1199.3,0.000001,,,,,,,,
353100,1199.6,0.000001,,,,,,,,
353200,1199.9,0.000002,,,,,,,,
353300,1200.2,0.000001,,,,,,,,
353400,1200.5,0.000001,,,,,,,,
353500,1200.9,0.000001,,,,,,,,
353600,1201.2,0.000000,,,,,,,,
353700,1201.5,0.000001,,,,,,,,
353800,1201.8,0.000001,,,,,,,,
353900,1202.1,0.000001,,,,,,,,
354000,1202.4,0.000001,,,,,,,,
354100,1202.8,0.000001,,,,,,,,
354200,1203.1,0.000001,,,,,,,,
354300,1203.4,0.000001,,,,,,,,
354400,1203.7,0.000002,,,,,,,,
354500,1204.0,0.000001,,,,,,,,
354600,1204.3,0.000000,,,,,,,,
354700,1204.7,0.000001,,,,,,,,
354800,1205.0,0.000001,,,,,,,,
354900,1205.3,0.000001,,,,,,,,
355000,1206.8,0.000001,0.000001,1.056892e-01,4.807240e-03,3.961042e-03,0.000000,4.515730e-02,4.669360e-03,3.855726e-03
355100,1207.1,0.000000,,,,,,,,
355200,1207.4,0.000001,,,,,,,,
355300,1207.7,0.000001,,,,,,,,
355400,1208.0,0.000001,,,,,,,,
355500,1208.3,0.000001,,,,,,,,
355600,1208.6,0.000003,,,,,,,,
355700,1209.0,0.000001,,,,,,,,
355800,1209.3,0.000001,,,,,,,,
355900,1209.6,0.000001,,,,,,,,
356000,1209.9,0.000001,,,,,,,,
356100,1210.2,0.000001,,,,,,,,
356200,1210.5,0.000002,,,,,,,,
356300,1210.9,0.000001,,,,,,,,
356400,1211.2,0.000001,,,,,,,,
356500,1211.5,0.000001,,,,,,,,
356600,1211.8,0.000001,,,,,,,,
356700,1212.1,0.000001,,,,,,,,
356800,1212.4,0.000001,,,,,,,,
356900,1212.8,0.000005,,,,,,,,
357000,1213.1,0.000001,,,,,,,,
357100,1213.4,0.000002,,,,,,,,
357200,1213.7,0.000001,,,,,,,,
357300,1214.0,0.000001,,,,,,,,
357400,1214.3,0.000001,,,,,,,,
357500,1214.7,0.000002,,,,,,,,
357600,1215.0,0.000001,,,,,,,,
357700,1215.3,0.000001,,,,,,,,
357800,1215.6,0.000001,,,,,,,,
357900,1215.9,0.000001,,,,,,,,
358000,1216.3,0.000001,,,,,,,,
358100,1216.6,0.000003,,,,,,,,
358200,1216.9,0.000001,,,,,,,,
358300,1217.2,0.000002,,,,,,,,
358400,1217.5,0.000001,,,,,,,,
358500,1217.8,0.000001,,,,,,,,
358600,1218.2,0.000001,,,,,,,,
358700,1218.5,0.000000,,,,,,,,
358800,1218.8,0.000001,,,,,,,,
358900,1219.1,0.000001,,,,,,,,
359000,1219.4,0.000001,,,,,,,,
359100,1219.7,0.000001,,,,,,,,
359200,1220.1,0.000001,,,,,,,,
359300,1220.4,0.000001,,,,,,,,
359400,1220.7,0.000000,,,,,,,,
359500,1221.0,0.000001,,,,,,,,
359600,1221.3,0.000001,,,,,,,,
359700,1221.6,0.000001,,,,,,,,
359800,1222.0,0.000001,,,,,,,,
359900,1222.3,0.000001,,,,,,,,
360000,1223.7,0.000001,0.000002,9.505505e-02,5.879018e-03,4.767092e-03,0.000000,5.532307e-02,5.871404e-03,4.845068e-03
360100,1224.0,0.000002,,,,,,,,
360200,1224.3,0.000001,,,,,,,,
360300,1224.7,0.000001,,,,,,,,
360400,1225.0,0.000001,,,,,,,,
360500,1225.3,0.000001,,,,,,,,
360600,1225.6,0.000001,,,,,,,,
360700,1225.9,0.000001,,,,,,,,
360800,1226.2,0.000001,,,,,,,,
360900,1226.6,0.000001,,,,,,,,
361000,1226.9,0.000001,,,,,,,,
361100,1227.2,0.000001,,,,,,,,
361200,1227.5,0.000001,,,,,,,,
361300,1227.8,0.000001,,,,,,,,
361400,1228.2,0.000001,,,,,,,,
361500,1228.5,0.000001,,,,,,,,
361600,1228.8,0.000000,,,,,,,,
361700,1229.1,0.000001,,,,,,,,
361800,1229.4,0.000002,,,,,,,,
361900,1229.7,0.000000,,,,,,,,
362000,1230.1,0.000001,,,,,,,,
362100,1230.4,0.000002,,,,,,,,
362200,1230.7,0.000002,,,,,,,,
362300,1231.0,0.000001,,,,,,,,
362400,1231.3,0.000000,,,,,,,,
362500,1231.6,0.000001,,,,,,,,
362600,1232.0,0.000001,,,,,,,,
362700,1232.3,0.000001,,,,,,,,
362800,1232.6,0.000001,,,,,,,,
362900,1232.9,0.000001,,,,,,,,
363000,1233.2,0.000001,,,,,,,,
363100,1233.6,0.000001,,,,,,,,
363200,1233.9,0.000001,,,,,,,,
363300,1234.2,0.000003,,,,,,,,
363400,1234.5,0.000001,,,,,,,,
363500,1234.8,0.000001,,,,,,,,
363600,1235.1,0.000001,,,,,,,,
363700,1235.5,0.000001,,,,,,,,
363800,1235.8,0.000000,,,,,,,,
363900,1236.1,0.000000,,,,,,,,
364000,1236.4,0.000001,,,,,,,,
364100,1236.7,0.000003,,,,,,,,
364200,1237.0,0.000001,,,,,,,,
364300,1237.4,0.000003,,,,,,,,
364400,1237.7,0.000001,,,,,,,,
364500,1238.0,0.000001,,,,,,,,
364600,1238.3,0.000000,,,,,,,,
364700,1238.6,0.000003,,,,,,,,
364800,1238.9,0.000001,,,,,,,,
364900,1239.3,0.000002,,,,,,,,
365000,1240.7,0.000001,0.000001,7.157572e-02,3.896670e-03,2.900019e-03,0.000000,5.913157e-02,3.863549e-03,2.910024e-03
365100,1241.0,0.000001,,,,,,,,
365200,1241.3,0.000002,,,,,,,,
365300,1241.6,0.000002,,,,,,,,
365400,1242.0,0.000001,,,,,,,,
365500,1242.3,0.000002,,,,,,,,
365600,1242.6,0.000002,,,,,,,,
365700,1242.9,0.000003,,,,,,,,
365800,1243.2,0.000001,,,,,,,,
365900,1243.6,0.000002,,,,,,,,
366000,1243.9,0.000003,,,,,,,,
366100,1244.2,0.000001,,,,,,,,
366200,1244.5,0.000001,,,,,,,,
366300,1244.8,0.000001,,,,,,,,
366400,1245.1,0.000001,,,,,,,,
366500,1245.5,0.000002,,,,,,,,
366600,1245.8,0.000001,,,,,,,,
366700,1246.1,0.000001,,,,,,,,
366800,1246.4,0.000001,,,,,,,,
366900,1246.7,0.000002,,,,,,,,
367000,1247.1,0.000001,,,,,,,,
367100,1247.4,0.000002,,,,,,,,
367200,1247.7,0.000001,,,,,,,,
367300,1248.0,0.000001,,,,,,,,
367400,1248.3,0.000001,,,,,,,,
367500,1248.6,0.000001,,,,,,,,
367600,1249.0,0.000001,,,,,,,,
367700,1249.3,0.000003,,,,,,,,
367800,1249.6,0.000002,,,,,,,,
367900,1249.9,0.000001,,,,,,,,
368000,1250.2,0.000001,,,,,,,,
368100,1250.5,0.000001,,,,,,,,
368200,1250.9,0.000001,,,,,,,,
368300,1251.2,0.000003,,,,,,,,
368400,1251.5,0.000001,,,,,,,,
368500,1251.8,0.000001,,,,,,,,
368600,1252.1,0.000001,,,,,,,,
368700,1252.5,0.000001,,,,,,,,
368800,1252.8,0.000001,,,,,,,,
368900,1253.1,0.000001,,,,,,,,
369000,1253.4,0.000001,,,,,,,,
369100,1253.7,0.000001,,,,,,,,
369200,1254.0,0.000000,,,,,,,,
369300,1254.4,0.000001,,,,,,,,
369400,1254.7,0.000001,,,,,,,,
369500,1255.0,0.000001,,,,,,,,
369600,1255.3,0.000002,,,,,,,,
369700,1255.6,0.000001,,,,,,,,
369800,1255.9,0.000001,,,,,,,,
369900,1256.3,0.000001,,,,,,,,
370000,1257.7,0.000005,0.000002,9.565778e-02,6.570100e-03,5.360052e-03,0.000000,8.052558e-02,6.363959e-03,5.255203e-03
370100,1258.0,0.000001,,,,,,,,
370200,1258.3,0.000001,,,,,,,,
370300,1258.7,0.000001,,,,,,,,
370400,1259.0,0.000001,,,,,,,,
370500,1259.3,0.000001,,,,,,,,
370600,1259.6,0.000001,,,,,,,,
370700,1259.9,0.000001,,,,,,,,
370800,1260.2,0.000002,,,,,,,,
370900,1260.6,0.000001,,,,,,,,
371000,1260.9,0.000002,,,,,,,,
371100,1261.2,0.000001,,,,,,,,
371200,1261.5,0.000001,,,,,,,,
371300,1261.8,0.000001,,,,,,,,
371400,1262.1,0.000001,,,,,,,,
371500,1262.5,0.000002,,,,,,,,
371600,1262.8,0.000001,,,,,,,,
371700,1263.1,0.000002,,,,,,,,
371800,1263.4,0.000000,,,,,,,,
371900,1263.7,0.000001,,,,,,,,
372000,1264.0,0.000001,,,,,,,,
372100,1264.4,0.000001,,,,,,,,
372200,1264.7,0.000001,,,,,,,,
372300,1265.0,0.000001,,,,,,,,
372400,1265.3,0.000001,,,,,,,,
372500,1265.6,0.000001,,,,,,,,
372600,1266.0,0.000001,,,,,,,,
372700,1266.3,0.000001,,,,,,,,
372800,1266.6,0.000001,,,,,,,,
372900,1266.9,0.000001,,,,,,,,
373000,1267.2,0.000001,,,,,,,,
373100,1267.5,0.000003,,,,,,,,
373200,1267.9,0.000001,,,,,,,,
373300,1268.2,0.000001,,,,,,,,
373400,1268.5,0.000001,,,,,,,,
373500,1268.8,0.000001,,,,,,,,
373600,1269.1,0.000001,,,,,,,,
373700,1269.4,0.000001,,,,,,,,
373800,1269.8,0.000001,,,,,,,,
373900,1270.1,0.000002,,,,,,,,
374000,1270.4,0.000001,,,,,,,,
374100,1270.7,0.000001,,,,,,,,
374200,1271.0,0.000001,,,,,,,,
374300,1271.4,0.000000,,,,,,,,
374400,1271.7,0.000001,,,,,,,,
374500,1272.0,0.000001,,,,,,,,
374600,1272.3,0.000000,,,,,,,,
374700,1272.6,0.000001,,,,,,,,
374800,1272.9,0.000001,,,,,,,,
374900,1273.3,0.000001,,,,,,,,
375000,1274.7,0.000001,0.000001,5.635273e-02,5.735899e-03,4.946970e-03,0.000000,4.480897e-02,5.611352e-03,4.881104e-03
375100,1275.0,0.000001,,,,,,,,
375200,1275.3,0.000001,,,,,,,,
375300,1275.6,0.000002,,,,,,,,
375400,1276.0,0.000002,,,,,,,,
375500,1276.3,0.000004,,,,,,,,
375600,1276.6,0.000003,,,,,,,,
375700,1276.9,0.000000,,,,,,,,
375800,1277.2,0.000001,,,,,,,,
375900,1277.5,0.000002,,,,,,,,
376000,1277.9,0.000001,,,,,,,,
376100,1278.2,0.000001,,,,,,,,
376200,1278.5,0.000000,,,,,,,,
376300,1278.8,0.000001,,,,,,,,
376400,1279.1,0.000003,,,,,,,,
376500,1279.4,0.000002,,,,,,,,
376600,1279.8,0.000001,,,,,,,,
376700,1280.1,0.000002,,,,,,,,
376800,1280.4,0.000002,,,,,,,,
376900,1280.7,0.000002,,,,,,,,
377000,1281.0,0.000001,,,,,,,,
377100,1281.3,0.000001,,,,,,,,
377200,1281.7,0.000001,,,,,,,,
377300,1282.0,0.000001,,,,,,,,
377400,1282.3,0.000002,,,,,,,,
377500,1282.6,0.000001,,,,,,,,
377600,1282.9,0.000001,,,,,,,,
377700,1283.3,0.000001,,,,,,,,
377800,1283.6,0.000002,,,,,,,,
377900,1283.9,0.000001,,,,,,,,
378000,1284.2,0.000001,,,,,,,,
378100,1284.5,0.000001,,,,,,,,
378200,1284.8,0.000001,,,,,,,,
378300,1285.2,0.000001,,,,,,,,
378400,1285.5,0.000001,,,,,,,,
378500,1285.8,0.000000,,,,,,,,
378600,1286.1,0.000001,,,,,,,,
378700,1286.4,0.000001,,,,,,,,
378800,1286.7,0.000001,,,,,,,,
378900,1287.1,0.000002,,,,,,,,
379000,1287.4,0.000001,,,,,,,,
379100,1287.7,0.000001,,,,,,,,
379200,1288.0,0.000001,,,,,,,,
379300,1288.3,0.000001,,,,,,,,
379400,1288.6,0.000001,,,,,,,,
379500,1289.0,0.000003,,,,,,,,
379600,1289.3,0.000001,,,,,,,,
379700,1289.6,0.000001,,,,,,,,
379800,1289.9,0.000001,,,,,,,,
379900,1290.2,0.000000,,,,,,,,
380000,1291.7,0.000001,0.000001,8.438360e-02,3.487559e-03,2.504145e-03,0.000000,5.566831e-02,3.327953e-03,2.439395e-03
380100,1292.0,0.000001,,,,,,,,
380200,1292.3,0.000001,,,,,,,,
380300,1292.6,0.000001,,,,,,,,
380400,1292.9,0.000001,,,,,,,,
380500,1293.3,0.000002,,,,,,,,
380600,1293.6,0.000002,,,,,,,,
380700,1293.9,0.000004,,,,,,,,
380800,1294.2,0.000001,,,,,,,,
380900,1294.5,0.000001,,,,,,,,
381000,1294.8,0.000002,,,,,,,,
381100,1295.2,0.000000,,,,,,,,
381200,1295.5,0.000001,,,,,,,,
381300,1295.8,0.000002,,,,,,,,
381400,1296.1,0.000002,,,,,,,,
381500,1296.4,0.000000,,,,,,,,
381600,1296.7,0.000001,,,,,,,,
381700,1297.1,0.000001,,,,,,,,
381800,1297.4,0.000000,,,,,,,,
381900,1297.7,0.000001,,,,,,,,
382000,1298.0,0.000001,,,,,,,,
382100,1298.3,0.000001,,,,,,,,
382200,1298.6,0.000001,,,,,,,,
382300,1299.0,0.000001,,,,,,,,
382400,1299.3,0.000001,,,,,,,,
382500,1299.6,0.000002,,,,,,,,
382600,1299.9,0.000000,,,,,,,,
382700,1300.2,0.000001,,,,,,,,
382800,1300.6,0.000001,,,,,,,,
382900,1300.9,0.000001,,,,,,,,
383000,1301.2,0.000002,,,,,,,,
383100,1301.5,0.000001,,,,,,,,
383200,1301.8,0.000001,,,,,,,,
383300,1302.1,0.000000,,,,,,,,
383400,1302.5,0.000002,,,,,,,,
383500,1302.8,0.000001,,,,,,,,
383600,1303.1,0.000001,,,,,,,,
383700,1303.4,0.000002,,,,,,,,
383800,1303.7,0.000001,,,,,,,,
383900,1304.0,0.000001,,,,,,,,
384000,1304.4,0.000001,,,,,,,,
384100,1304.7,0.000001,,,,,,,,
384200,1305.0,0.000001,,,,,,,,
384300,1305.3,0.000002,,,,,,,,
384400,1305.6,0.000001,,,,,,,,
384500,1305.9,0.000001,,,,,,,,
384600,1306.3,0.000001,,,,,,,,
384700,1306.6,0.000001,,,,,,,,
384800,1306.9,0.000000,,,,,,,,
384900,1307.2,0.000001,,,,,,,,
385000,1308.7,0.000001,0.000001,7.997596e-02,3.646866e-03,2.788364e-03,0.000000,5.504890e-02,3.552931e-03,2.751937e-03
385100,1309.0,0.000001,,,,,,,,
385200,1309.3,0.000001,,,,,,,,
385300,1309.6,0.000001,,,,,,,,
385400,1309.9,0.000001,,,,,,,,
385500,1310.2,0.000001,,,,,,,,
385600,1310.5,0.000001,,,,,,,,
385700,1310.9,0.000001,,,,,,,,
385800,1311.2,0.000001,,,,,,,,
385900,1311.5,0.000001,,,,,,,,
386000,1311.8,0.000004,,,,,,,,
386100,1312.1,0.000001,,,,,,,,
386200,1312.5,0.000001,,,,,,,,
386300,1312.8,0.000002,,,,,,,,
386400,1313.1,0.000001,,,,,,,,
386500,1313.4,0.000001,,,,,,,,
386600,1313.7,0.000001,,,,,,,,
386700,1314.0,0.000001,,,,,,,,
386800,1314.4,0.000001,,,,,,,,
386900,1314.7,0.000001,,,,,,,,
387000,1315.0,0.000001,,,,,,,,
387100,1315.3,0.000000,,,,,,,,
387200,1315.6,0.000004,,,,,,,,
387300,1315.9,0.000002,,,,,,,,
387400,1316.3,0.000003,,,,,,,,
387500,1316.6,0.000001,,,,,,,,
387600,1316.9,0.000001,,,,,,,,
387700,1317.2,0.000001,,,,,,,,
387800,1317.5,0.000001,,,,,,,,
387900,1317.8,0.000002,,,,,,,,
388000,1318.2,0.000001,,,,,,,,
388100,1318.5,0.000001,,,,,,,,
388200,1318.8,0.000001,,,,,,,,
388300,1319.1,0.000001,,,,,,,,
388400,1319.4,0.000001,,,,,,,,
388500,1319.8,0.000001,,,,,,,,
388600,1320.1,0.000001,,,,,,,,
388700,1320.4,0.000001,,,,,,,,
388800,1320.7,0.000001,,,,,,,,
388900,1321.0,0.000003,,,,,,,,
389000,1321.3,0.000001,,,,,,,,
389100,1321.7,0.000000,,,,,,,,
389200,1322.0,0.000001,,,,,,,,
389300,1322.3,0.000001,,,,,,,,
389400,1322.6,0.000001,,,,,,,,
389500,1322.9,0.000001,,,,,,,,
389600,1323.2,0.000001,,,,,,,,
389700,1323.6,0.000003,,,,,,,,
389800,1323.9,0.000001,,,,,,,,
389900,1324.2,0.000001,,,,,,,,
390000,1325.7,0.000001,0.000001,5.894881e-02,3.762313e-03,2.811237e-03,0.000000,5.492372e-02,3.721991e-03,2.801072e-03
390100,1326.0,0.000001,,,,,,,,
390200,1326.3,0.000001,,,,,,,,
390300,1326.6,0.000004,,,,,,,,
390400,1326.9,0.000001,,,,,,,,
390500,1327.2,0.000001,,,,,,,,
390600,1327.5,0.000000,,,,,,,,
390700,1327.9,0.000001,,,,,,,,
390800,1328.2,0.000001,,,,,,,,
390900,1328.5,0.000001,,,,,,,,
391000,1328.8,0.000001,,,,,,,,
391100,1329.1,0.000002,,,,,,,,
391200,1329.5,0.000001,,,,,,,,
391300,1329.8,0.000001,,,,,,,,
391400,1330.1,0.000001,,,,,,,,
391500,1330.4,0.000001,,,,,,,,
391600,1330.7,0.000000,,,,,,,,
391700,1331.0,0.000001,,,,,,,,
391800,1331.4,0.000002,,,,,,,,
391900,1331.7,0.000001,,,,,,,,
392000,1332.0,0.000001,,,,,,,,
392100,1332.3,0.000001,,,,,,,,
392200,1332.6,0.000002,,,,,,,,
392300,1333.0,0.000001,,,,,,,,
392400,1333.3,0.000001,,,,,,,,
392500,1333.6,0.000002,,,,,,,,
392600,1333.9,0.000001,,,,,,,,
392700,1334.2,0.000001,,,,,,,,
392800,1334.5,0.000000,,,,,,,,
392900,1334.9,0.000001,,,,,,,,
393000,1335.2,0.000000,,,,,,,,
393100,1335.5,0.000001,,,,,,,,
393200,1335.8,0.000001,,,,,,,,
393300,1336.1,0.000001,,,,,,,,
393400,1336.4,0.000001,,,,,,,,
393500,1336.8,0.000001,,,,,,,,
393600,1337.1,0.000002,,,,,,,,
393700,1337.4,0.000001,,,,,,,,
393800,1337.7,0.000001,,,,,,,,
393900,1338.0,0.000001,,,,,,,,
394000,1338.4,0.000001,,,,,,,,
394100,1338.7,0.000002,,,,,,,,
394200,1339.0,0.000001,,,,,,,,
394300,1339.3,0.000001,,,,,,,,
394400,1339.6,0.000001,,,,,,,,
394500,1339.9,0.000001,,,,,,,,
394600,1340.3,0.000002,,,,,,,,
394700,1340.6,0.000001,,,,,,,,
394800,1340.9,0.000000,,,,,,,,
394900,1341.2,0.000001,,,,,,,,
395000,1342.7,0.000002,0.000001,6.876051e-02,4.584909e-03,4.043550e-03,0.000000,4.774828e-02,4.576152e-03,4.042490e-03
395100,1343.0,0.000002,,,,,,,,
395200,1343.3,0.000001,,,,,,,,
395300,1343.6,0.000002,,,,,,,,
395400,1343.9,0.000000,,,,,,,,
395500,1344.2,0.000002,,,,,,,,
395600,1344.6,0.000001,,,,,,,,
395700,1344.9,0.000001,,,,,,,,
395800,1345.2,0.000001,,,,,,,,
395900,1345.5,0.000002,,,,,,,,
396000,1345.8,0.000001,,,,,,,,
396100,1346.1,0.000000,,,,,,,,
396200,1346.5,0.000001,,,,,,,,
396300,1346.8,0.000001,,,,,,,,
396400,1347.1,0.000003,,,,,,,,
396500,1347.4,0.000000,,,,,,,,
396600,1347.7,0.000001,,,,,,,,
396700,1348.1,0.000001,,,,,,,,
396800,1348.4,0.000001,,,,,,,,
396900,1348.7,0.000001,,,,,,,,
397000,1349.0,0.000000,,,,,,,,
397100,1349.3,0.000001,,,,,,,,
397200,1349.6,0.000002,,,,,,,,
397300,1350.0,0.000001,,,,,,,,
397400,1350.3,0.000001,,,,,,,,
397500,1350.6,0.000001,,,,,,,,
397600,1350.9,0.000001,,,,,,,,
397700,1351.2,0.000001,,,,,,,,
397800,1351.5,0.000001,,,,,,,,
397900,1351.9,0.000000,,,,,,,,
398000,1352.2,0.000002,,,,,,,,
398100,1352.5,0.000001,,,,,,,,
398200,1352.8,0.000001,,,,,,,,
398300,1353.1,0.000000,,,,,,,,
398400,1353.4,0.000002,,,,,,,,
398500,1353.8,0.000001,,,,,,,,
398600,1354.1,0.000002,,,,,,,,
398700,1354.4,0.000001,,,,,,,,
398800,1354.7,0.000001,,,,,,,,
398900,1355.0,0.000000,,,,,,,,
399000,1355.4,0.000000,,,,,,,,
399100,1355.7,0.000001,,,,,,,,
399200,1356.0,0.000001,,,,,,,,
399300,1356.3,0.000001,,,,,,,,
399400,1356.6,0.000001,,,,,,,,
399500,1356.9,0.000000,,,,,,,,
399600,1357.3,0.000001,,,,,,,,
399700,1357.6,0.000001,,,,,,,,
399800,1357.9,0.000002,,,,,,,,
399900,1358.2,0.000001,,,,,,,,
400000,1359.7,0.000001,0.000001,7.757248e-02,3.394489e-03,2.651401e-03,0.000000,6.720824e-02,3.356878e-03,2.654674e-03
400100,1360.0,0.000002,,,,,,,,
400200,1360.3,0.000000,,,,,,,,
400300,1360.6,0.000002,,,,,,,,
400400,1360.9,0.000001,,,,,,,,
400500,1361.2,0.000001,,,,,,,,
400600,1361.6,0.000001,,,,,,,,
400700,1361.9,0.000001,,,,,,,,
400800,1362.2,0.000001,,,,,,,,
400900,1362.5,0.000002,,,,,,,,
401000,1362.8,0.000002,,,,,,,,
401100,1363.1,0.000000,,,,,,,,
401200,1363.5,0.000000,,,,,,,,
401300,1363.8,0.000000,,,,,,,,
401400,1364.1,0.000001,,,,,,,,
401500,1364.4,0.000002,,,,,,,,
401600,1364.7,0.000000,,,,,,,,
401700,1365.1,0.000002,,,,,,,,
401800,1365.4,0.000001,,,,,,,,
401900,1365.7,0.000002,,,,,,,,
402000,1366.0,0.000002,,,,,,,,
402100,1366.3,0.000002,,,,,,,,
402200,1366.6,0.000001,,,,,,,,
402300,1367.0,0.000001,,,,,,,,
402400,1367.3,0.000001,,,,,,,,
402500,1367.6,0.000003,,,,,,,,
402600,1367.9,0.000001,,,,,,,,
402700,1368.2,0.000001,,,,,,,,
402800,1368.5,0.000001,,,,,,,,
402900,1368.9,0.000001,,,,,,,,
403000,1369.2,0.000001,,,,,,,,
403100,1369.5,0.000000,,,,,,,,
403200,1369.8,0.000002,,,,,,,,
403300,1370.1,0.000001,,,,,,,,
403400,1370.5,0.000001,,,,,,,,
403500,1370.8,0.000001,,,,,,,,
403600,1371.1,0.000000,,,,,,,,
403700,1371.4,0.000001,,,,,,,,
403800,1371.7,0.000001,,,,,,,,
403900,1372.0,0.000001,,,,,,,,
404000,1372.4,0.000001,,,,,,,,
404100,1372.7,0.000001,,,,,,,,
404200,1373.0,0.000001,,,,,,,,
404300,1373.3,0.000001,,,,,,,,
404400,1373.6,0.000001,,,,,,,,
404500,1373.9,0.000001,,,,,,,,
404600,1374.3,0.000001,,,,,,,,
404700,1374.6,0.000003,,,,,,,,
404800,1374.9,0.000001,,,,,,,,
404900,1375.2,0.000001,,,,,,,,
405000,1376.7,0.000001,0.000001,6.103933e-02,3.778234e-03,3.051763e-03,0.000000,4.440485e-02,3.748439e-03,3.104525e-03
405100,1377.0,0.000000,,,,,,,,
405200,1377.3,0.000001,,,,,,,,
405300,1377.6,0.000001,,,,,,,,
405400,1377.9,0.000001,,,,,,,,
405500,1378.2,0.000001,,,,,,,,
405600,1378.6,0.000001,,,,,,,,
405700,1378.9,0.000001,,,,,,,,
405800,1379.2,0.000001,,,,,,,,
405900,1379.5,0.000001,,,,,,,,
406000,1379.8,0.000000,,,,,,,,
406100,1380.1,0.000001,,,,,,,,
406200,1380.5,0.000009,,,,,,,,
406300,1380.8,0.000002,,,,,,,,
406400,1381.1,0.000001,,,,,,,,
406500,1381.4,0.000001,,,,,,,,
406600,1381.7,0.000003,,,,,,,,
406700,1382.1,0.000001,,,,,,,,
406800,1382.4,0.000001,,,,,,,,
406900,1382.7,0.000001,,,,,,,,
407000,1383.0,0.000001,,,,,,,,
407100,1383.3,0.000001,,,,,,,,
407200,1383.6,0.000002,,,,,,,,
407300,1384.0,0.000001,,,,,,,,
407400,1384.3,0.000002,,,,,,,,
407500,1384.6,0.000001,,,,,,,,
407600,1384.9,0.000000,,,,,,,,
407700,1385.2,0.000001,,,,,,,,
407800,1385.5,0.000003,,,,,,,,
407900,1385.9,0.000002,,,,,,,,
408000,1386.2,0.000001,,,,,,,,
408100,1386.5,0.000001,,,,,,,,
408200,1386.8,0.000001,,,,,,,,
408300,1387.1,0.000001,,,,,,,,
408400,1387.4,0.000001,,,,,,,,
408500,1387.8,0.000001,,,,,,,,
408600,1388.1,0.000000,,,,,,,,
408700,1388.4,0.000002,,,,,,,,
408800,1388.7,0.000002,,,,,,,,
408900,1389.0,0.000001,,,,,,,,
409000,1389.4,0.000002,,,,,,,,
409100,1389.7,0.000001,,,,,,,,
409200,1390.0,0.000001,,,,,,,,
409300,1390.3,0.000000,,,,,,,,
409400,1390.6,0.000001,,,,,,,,
409500,1390.9,0.000000,,,,,,,,
409600,1391.2,0.000001,,,,,,,,
409700,1391.6,0.000001,,,,,,,,
409800,1391.9,0.000001,,,,,,,,
409900,1392.2,0.000010,,,,,,,,
410000,1393.7,0.000003,0.000002,1.789519e-01,6.916672e-03,6.212370e-03,0.000000,6.386558e-02,6.533650e-03,5.897575e-03
410100,1394.0,0.000001,,,,,,,,
410200,1394.3,0.000002,,,,,,,,
410300,1394.6,0.000001,,,,,,,,
410400,1394.9,0.000001,,,,,,,,
410500,1395.2,0.000001,,,,,,,,
410600,1395.5,0.000001,,,,,,,,
410700,1395.9,0.000001,,,,,,,,
410800,1396.2,0.000001,,,,,,,,
410900,1396.5,0.000001,,,,,,,,
411000,1396.8,0.000001,,,,,,,,
411100,1397.1,0.000001,,,,,,,,
411200,1397.4,0.000004,,,,,,,,
411300,1397.8,0.000002,,,,,,,,
411400,1398.1,0.000001,,,,,,,,
411500,1398.4,0.000001,,,,,,,,
411600,1398.7,0.000001,,,,,,,,
411700,1399.0,0.000001,,,,,,,,
411800,1399.3,0.000000,,,,,,,,
411900,1399.7,0.000001,,,,,,,,
412000,1400.0,0.000001,,,,,,,,
412100,1400.3,0.000001,,,,,,,,
412200,1400.6,0.000001,,,,,,,,
412300,1400.9,0.000002,,,,,,,,
412400,1401.3,0.000001,,,,,,,,
412500,1401.6,0.000001,,,,,,,,
412600,1401.9,0.000000,,,,,,,,
412700,1402.1,0.000000,,,,,,,,
412800,1402.4,0.000001,,,,,,,,
412900,1402.7,0.000001,,,,,,,,
413000,1403.1,0.000001,,,,,,,,
413100,1403.4,0.000002,,,,,,,,
413200,1403.7,0.000001,,,,,,,,
413300,1404.0,0.000001,,,,,,,,
413400,1404.3,0.000002,,,,,,,,
413500,1404.6,0.000002,,,,,,,,
413600,1405.0,0.000001,,,,,,,,
413700,1405.3,0.000001,,,,,,,,
413800,1405.6,0.000001,,,,,,,,
413900,1405.9,0.000000,,,,,,,,
414000,1406.2,0.000001,,,,,,,,
414100,1406.6,0.000001,,,,,,,,
414200,1406.9,0.000001,,,,,,,,
414300,1407.2,0.000001,,,,,,,,
414400,1407.5,0.000001,,,,,,,,
414500,1407.8,0.000000,,,,,,,,
414600,1408.1,0.000003,,,,,,,,
414700,1408.5,0.000001,,,,,,,,
414800,1408.7,0.000001,,,,,,,,
414900,1409.0,0.000002,,,,,,,,
415000,1410.5,0.000001,0.000002,5.596252e-02,6.345801e-03,4.663145e-03,0.000000,4.329882e-02,6.502636e-03,4.826934e-03
415100,1410.8,0.000001,,,,,,,,
415200,1411.1,0.000001,,,,,,,,
415300,1411.4,0.000002,,,,,,,,
415400,1411.7,0.000001,,,,,,,,
415500,1412.0,0.000001,,,,,,,,
415600,1412.3,0.000001,,,,,,,,
415700,1412.7,0.000001,,,,,,,,
415800,1413.0,0.000001,,,,,,,,
415900,1413.3,0.000001,,,,,,,,
416000,1413.6,0.000001,,,,,,,,
416100,1413.9,0.000001,,,,,,,,
416200,1414.2,0.000003,,,,,,,,
416300,1414.6,0.000001,,,,,,,,
416400,1414.9,0.000001,,,,,,,,
416500,1415.2,0.000001,,,,,,,,
416600,1415.5,0.000000,,,,,,,,
416700,1415.8,0.000001,,,,,,,,
416800,1416.2,0.000001,,,,,,,,
416900,1416.5,0.000001,,,,,,,,
417000,1416.8,0.000003,,,,,,,,
417100,1417.1,0.000001,,,,,,,,
417200,1417.4,0.000000,,,,,,,,
417300,1417.7,0.000001,,,,,,,,
417400,1418.1,0.000001,,,,,,,,
417500,1418.4,0.000002,,,,,,,,
417600,1418.7,0.000001,,,,,,,,
417700,1419.0,0.000001,,,,,,,,
417800,1419.3,0.000001,,,,,,,,
417900,1419.7,0.000001,,,,,,,,
418000,1420.0,0.000001,,,,,,,,
418100,1420.3,0.000001,,,,,,,,
418200,1420.6,0.000003,,,,,,,,
418300,1420.9,0.000001,,,,,,,,
418400,1421.2,0.000002,,,,,,,,
418500,1421.6,0.000001,,,,,,,,
418600,1421.9,0.000001,,,,,,,,
418700,1422.2,0.000001,,,,,,,,
418800,1422.5,0.000000,,,,,,,,
418900,1422.8,0.000001,,,,,,,,
419000,1423.1,0.000000,,,,,,,,
419100,1423.5,0.000001,,,,,,,,
419200,1423.8,0.000001,,,,,,,,
419300,1424.1,0.000001,,,,,,,,
419400,1424.4,0.000001,,,,,,,,
419500,1424.7,0.000001,,,,,,,,
419600,1425.1,0.000001,,,,,,,,
419700,1425.4,0.000001,,,,,,,,
419800,1425.7,0.000002,,,,,,,,
419900,1426.0,0.000001,,,,,,,,
420000,1427.5,0.000002,0.000001,1.304368e-01,5.275974e-03,3.755248e-03,0.000000,6.842823e-02,5.231451e-03,3.782725e-03
420100,1427.7,0.000001,,,,,,,,
420200,1428.1,0.000001,,,,,,,,
420300,1428.4,0.000001,,,,,,,,
420400,1428.7,0.000001,,,,,,,,
420500,1429.0,0.000001,,,,,,,,
420600,1429.3,0.000000,,,,,,,,
420700,1429.7,0.000001,,,,,,,,
420800,1430.0,0.000001,,,,,,,,
420900,1430.3,0.000002,,,,,,,,
421000,1430.6,0.000001,,,,,,,,
421100,1430.9,0.000001,,,,,,,,
421200,1431.2,0.000001,,,,,,,,
421300,1431.6,0.000002,,,,,,,,
421400,1431.9,0.000002,,,,,,,,
421500,1432.2,0.000001,,,,,,,,
421600,1432.5,0.000001,,,,,,,,
421700,1432.8,0.000001,,,,,,,,
421800,1433.2,0.000000,,,,,,,,
421900,1433.5,0.000001,,,,,,,,
422000,1433.8,0.000002,,,,,,,,
422100,1434.1,0.000002,,,,,,,,
422200,1434.4,0.000001,,,,,,,,
422300,1434.7,0.000001,,,,,,,,
422400,1435.1,0.000002,,,,,,,,
422500,1435.4,0.000001,,,,,,,,
422600,1435.7,0.000000,,,,,,,,
422700,1436.0,0.000001,,,,,,,,
422800,1436.3,0.000001,,,,,,,,
422900,1436.7,0.000001,,,,,,,,
423000,1437.0,0.000001,,,,,,,,
423100,1437.3,0.000001,,,,,,,,
423200,1437.6,0.000001,,,,,,,,
423300,1437.9,0.000001,,,,,,,,
423400,1438.2,0.000001,,,,,,,,
423500,1438.6,0.000001,,,,,,,,
423600,1438.9,0.000001,,,,,,,,
423700,1439.2,0.000001,,,,,,,,
423800,1439.5,0.000001,,,,,,,,
423900,1439.8,0.000000,,,,,,,,
424000,1440.1,0.000001,,,,,,,,
424100,1440.5,0.000000,,,,,,,,
424200,1440.8,0.000001,,,,,,,,
424300,1441.1,0.000001,,,,,,,,
424400,1441.4,0.000001,,,,,,,,
424500,1441.7,0.000001,,,,,,,,
424600,1442.1,0.000001,,,,,,,,
424700,1442.4,0.000001,,,,,,,,
424800,1442.7,0.000002,,,,,,,,
424900,1443.0,0.000001,,,,,,,,
425000,1444.5,0.000001,0.000001,8.737886e-02,3.488984e-03,2.521855e-03,0.000000,4.758356e-02,3.321389e-03,2.433186e-03
425100,1444.8,0.000001,,,,,,,,
425200,1445.1,0.000001,,,,,,,,
425300,1445.4,0.000001,,,,,,,,
425400,1445.7,0.000000,,,,,,,,
425500,1446.0,0.000001,,,,,,,,
425600,1446.3,0.000001,,,,,,,,
425700,1446.7,0.000001,,,,,,,,
425800,1447.0,0.000002,,,,,,,,
425900,1447.3,0.000001,,,,,,,,
426000,1447.6,0.000001,,,,,,,,
426100,1447.9,0.000000,,,,,,,,
426200,1448.2,0.000001,,,,,,,,
426300,1448.6,0.000001,,,,,,,,
426400,1448.9,0.000001,,,,,,,,
426500,1449.2,0.000001,,,,,,,,
426600,1449.5,0.000002,,,,,,,,
426700,1449.8,0.000001,,,,,,,,
426800,1450.1,0.000001,,,,,,,,
426900,1450.5,0.000001,,,,,,,,
427000,1450.8,0.000001,,,,,,,,
427100,1451.1,0.000002,,,,,,,,
427200,1451.4,0.000006,,,,,,,,
427300,1451.7,0.000001,,,,,,,,
427400,1452.1,0.000003,,,,,,,,
427500,1452.4,0.000002,,,,,,,,
427600,1452.7,0.000001,,,,,,,,
427700,1453.0,0.000001,,,,,,,,
427800,1453.3,0.000000,,,,,,,,
427900,1453.6,0.000002,,,,,,,,
428000,1454.0,0.000001,,,,,,,,
428100,1454.3,0.000000,,,,,,,,
428200,1454.6,0.000001,,,,,,,,
428300,1454.9,0.000001,,,,,,,,
428400,1455.2,0.000001,,,,,,,,
428500,1455.6,0.000000,,,,,,,,
428600,1455.9,0.000001,,,,,,,,
428700,1456.2,0.000001,,,,,,,,
428800,1456.5,0.000001,,,,,,,,
428900,1456.8,0.000001,,,,,,,,
429000,1457.1,0.000002,,,,,,,,
429100,1457.5,0.000001,,,,,,,,
429200,1457.8,0.000001,,,,,,,,
429300,1458.1,0.000001,,,,,,,,
429400,1458.4,0.000002,,,,,,,,
429500,1458.7,0.000001,,,,,,,,
429600,1459.0,0.000004,,,,,,,,
429700,1459.4,0.000001,,,,,,,,
429800,1459.7,0.000001,,,,,,,,
429900,1460.0,0.000001,,,,,,,,
430000,1461.4,0.000001,0.000000,5.825419e-02,3.207553e-03,2.666106e-03,0.000000,4.310380e-02,3.177448e-03,2.680980e-03
430100,1461.7,0.000001,,,,,,,,
430200,1462.1,0.000000,,,,,,,,
430300,1462.4,0.000001,,,,,,,,
430400,1462.7,0.000001,,,,,,,,
430500,1463.0,0.000002,,,,,,,,
430600,1463.3,0.000001,,,,,,,,
430700,1463.6,0.000000,,,,,,,,
430800,1463.9,0.000001,,,,,,,,
430900,1464.3,0.000000,,,,,,,,
431000,1464.6,0.000001,,,,,,,,
431100,1464.9,0.000001,,,,,,,,
431200,1465.2,0.000001,,,,,,,,
431300,1465.5,0.000000,,,,,,,,
431400,1465.9,0.000001,,,,,,,,
431500,1466.2,0.000002,,,,,,,,
431600,1466.4,0.000001,,,,,,,,
431700,1466.7,0.000001,,,,,,,,
431800,1467.0,0.000000,,,,,,,,
431900,1467.3,0.000001,,,,,,,,
432000,1467.7,0.000001,,,,,,,,
432100,1468.0,0.000001,,,,,,,,
432200,1468.3,0.000001,,,,,,,,
432300,1468.6,0.000001,,,,,,,,
432400,1468.9,0.000001,,,,,,,,
432500,1469.3,0.000001,,,,,,,,
432600,1469.6,0.000001,,,,,,,,
432700,1469.9,0.000001,,,,,,,,
432800,1470.2,0.000001,,,,,,,,
432900,1470.5,0.000001,,,,,,,,
433000,1470.8,0.000000,,,,,,,,
433100,1471.2,0.000001,,,,,,,,
433200,1471.5,0.000001,,,,,,,,
433300,1471.8,0.000003,,,,,,,,
433400,1472.1,0.000003,,,,,,,,
433500,1472.4,0.000001,,,,,,,,
433600,1472.7,0.000001,,,,,,,,
433700,1473.1,0.000001,,,,,,,,
433800,1473.4,0.000001,,,,,,,,
433900,1473.7,0.000001,,,,,,,,
434000,1474.0,0.000000,,,,,,,,
434100,1474.3,0.000001,,,,,,,,
434200,1474.6,0.000000,,,,,,,,
434300,1475.0,0.000000,,,,,,,,
434400,1475.3,0.000002,,,,,,,,
434500,1475.6,0.000002,,,,,,,,
434600,1475.9,0.000001,,,,,,,,
434700,1476.2,0.000000,,,,,,,,
434800,1476.6,0.000001,,,,,,,,
434900,1476.9,0.000002,,,,,,,,
435000,1478.3,0.000001,0.000001,1.178040e-01,4.387689e-03,3.469853e-03,0.000000,5.258698e-02,4.321096e-03,3.476512e-03
435100,1478.6,0.000001,,,,,,,,
435200,1478.9,0.000001,,,,,,,,
435300,1479.3,0.000001,,,,,,,,
435400,1479.6,0.000001,,,,,,,,
435500,1479.9,0.000000,,,,,,,,
435600,1480.2,0.000001,,,,,,,,
435700,1480.5,0.000001,,,,,,,,
435800,1480.8,0.000001,,,,,,,,
435900,1481.2,0.000001,,,,,,,,
436000,1481.5,0.000001,,,,,,,,
436100,1481.8,0.000001,,,,,,,,
436200,1482.1,0.000001,,,,,,,,
436300,1482.4,0.000002,,,,,,,,
436400,1482.8,0.000001,,,,,,,,
436500,1483.1,0.000000,,,,,,,,
436600,1483.4,0.000001,,,,,,,,
436700,1483.7,0.000001,,,,,,,,
436800,1484.0,0.000001,,,,,,,,
436900,1484.3,0.000003,,,,,,,,
437000,1484.7,0.000001,,,,,,,,
437100,1485.0,0.000001,,,,,,,,
437200,1485.3,0.000001,,,,,,,,
437300,1485.6,0.000001,,,,,,,,
437400,1485.9,0.000001,,,,,,,,
437500,1486.2,0.000001,,,,,,,,
437600,1486.6,0.000000,,,,,,,,
437700,1486.9,0.000000,,,,,,,,
437800,1487.2,0.000001,,,,,,,,
437900,1487.5,0.000001,,,,,,,,
438000,1487.8,0.000001,,,,,,,,
438100,1488.1,0.000000,,,,,,,,
438200,1488.5,0.000000,,,,,,,,
438300,1488.8,0.000000,,,,,,,,
438400,1489.1,0.000000,,,,,,,,
438500,1489.4,0.000001,,,,,,,,
438600,1489.7,0.000001,,,,,,,,
438700,1490.1,0.000001,,,,,,,,
438800,1490.4,0.000001,,,,,,,,
438900,1490.7,0.000003,,,,,,,,
439000,1491.0,0.000000,,,,,,,,
439100,1491.3,0.000001,,,,,,,,
439200,1491.6,0.000001,,,,,,,,
439300,1492.0,0.000001,,,,,,,,
439400,1492.3,0.000001,,,,,,,,
439500,1492.6,0.000002,,,,,,,,
439600,1492.9,0.000001,,,,,,,,
439700,1493.2,0.000001,,,,,,,,
439800,1493.5,0.000005,,,,,,,,
439900,1493.9,0.000001,,,,,,,,
440000,1495.3,0.000002,0.000001,8.788366e-02,5.425250e-03,3.896176e-03,0.000000,5.003952e-02,5.288210e-03,3.815826e-03
440100,1495.6,0.000001,,,,,,,,
440200,1495.9,0.000000,,,,,,,,
440300,1496.2,0.000001,,,,,,,,
440400,1496.6,0.000001,,,,,,,,
440500,1496.9,0.000000,,,,,,,,
440600,1497.2,0.000001,,,,,,,,
440700,1497.5,0.000001,,,,,,,,
440800,1497.8,0.000001,,,,,,,,
440900,1498.1,0.000001,,,,,,,,
441000,1498.5,0.000001,,,,,,,,
441100,1498.8,0.000003,,,,,,,,
441200,1499.1,0.000002,,,,,,,,
441300,1499.4,0.000001,,,,,,,,
441400,1499.7,0.000001,,,,,,,,
441500,1500.0,0.000001,,,,,,,,
441600,1500.4,0.000001,,,,,,,,
441700,1500.7,0.000000,,,,,,,,
441800,1501.0,0.000001,,,,,,,,
441900,1501.3,0.000001,,,,,,,,
442000,1501.6,0.000001,,,,,,,,
442100,1502.0,0.000001,,,,,,,,
442200,1502.3,0.000001,,,,,,,,
442300,1502.6,0.000001,,,,,,,,
442400,1502.9,0.000001,,,,,,,,
442500,1503.2,0.000001,,,,,,,,
442600,1503.5,0.000002,,,,,,,,
442700,1503.9,0.000001,,,,,,,,
442800,1504.2,0.000001,,,,,,,,
442900,1504.5,0.000001,,,,,,,,
443000,1504.8,0.000001,,,,,,,,
443100,1505.1,0.000001,,,,,,,,
443200,1505.4,0.000000,,,,,,,,
443300,1505.8,0.000001,,,,,,,,
443400,1506.1,0.000002,,,,,,,,
443500,1506.4,0.000002,,,,,,,,
443600,1506.7,0.000001,,,,,,,,
443700,1507.0,0.000001,,,,,,,,
443800,1507.3,0.000001,,,,,,,,
443900,1507.7,0.000003,,,,,,,,
444000,1508.0,0.000001,,,,,,,,
444100,1508.3,0.000001,,,,,,,,
444200,1508.6,0.000001,,,,,,,,
444300,1508.9,0.000001,,,,,,,,
444400,1509.2,0.000001,,,,,,,,
444500,1509.6,0.000001,,,,,,,,
444600,1509.9,0.000001,,,,,,,,
444700,1510.2,0.000000,,,,,,,,
444800,1510.5,0.000001,,,,,,,,
444900,1510.8,0.000001,,,,,,,,
445000,1512.3,0.000001,0.000001,8.730716e-02,4.363925e-03,3.527695e-03,0.000000,4.630108e-02,4.339128e-03,3.565926e-03
445100,1512.6,0.000001,,,,,,,,
445200,1512.9,0.000001,,,,,,,,
445300,1513.2,0.000001,,,,,,,,
445400,1513.5,0.000001,,,,,,,,
445500,1513.9,0.000001,,,,,,,,
445600,1514.2,0.000001,,,,,,,,
445700,1514.5,0.000001,,,,,,,,
445800,1514.8,0.000001,,,,,,,,
445900,1515.1,0.000000,,,,,,,,
446000,1515.4,0.000001,,,,,,,,
446100,1515.8,0.000002,,,,,,,,
446200,1516.1,0.000001,,,,,,,,
446300,1516.4,0.000001,,,,,,,,
446400,1516.7,0.000001,,,,,,,,
446500,1517.0,0.000002,,,,,,,,
446600,1517.4,0.000001,,,,,,,,
446700,1517.7,0.000001,,,,,,,,
446800,1518.0,0.000001,,,,,,,,
446900,1518.3,0.000000,,,,,,,,
447000,1518.6,0.000001,,,,,,,,
447100,1518.9,0.000001,,,,,,,,
447200,1519.3,0.000003,,,,,,,,
447300,1519.6,0.000001,,,,,,,,
447400,1519.9,0.000001,,,,,,,,
447500,1520.2,0.000000,,,,,,,,
447600,1520.5,0.000001,,,,,,,,
447700,1520.9,0.000001,,,,,,,,
447800,1521.2,0.000001,,,,,,,,
447900,1521.5,0.000001,,,,,,,,
448000,1521.8,0.000001,,,,,,,,
448100,1522.1,0.000001,,,,,,,,
448200,1522.4,0.000001,,,,,,,,
448300,1522.8,0.000001,,,,,,,,
448400,1523.1,0.000002,,,,,,,,
448500,1523.4,0.000001,,,,,,,,
448600,1523.7,0.000001,,,,,,,,
448700,1524.0,0.000004,,,,,,,,
448800,1524.3,0.000001,,,,,,,,
448900,1524.7,0.000000,,,,,,,,
449000,1525.0,0.000000,,,,,,,,
449100,1525.3,0.000001,,,,,,,,
449200,1525.6,0.000001,,,,,,,,
449300,1525.9,0.000001,,,,,,,,
449400,1526.2,0.000002,,,,,,,,
449500,1526.6,0.000002,,,,,,,,
449600,1526.9,0.000001,,,,,,,,
449700,1527.2,0.000001,,,,,,,,
449800,1527.5,0.000001,,,,,,,,
449900,1527.8,0.000001,,,,,,,,
450000,1529.3,0.000001,0.000001,6.737370e-02,4.895023e-03,4.233055e-03,0.000000,4.270922e-02,4.881026e-03,4.278502e-03
450100,1529.6,0.000000,,,,,,,,
450200,1529.9,0.000000,,,,,,,,
450300,1530.2,0.000001,,,,,,,,
450400,1530.6,0.000002,,,,,,,,
450500,1530.9,0.000001,,,,,,,,
450600,1531.2,0.000001,,,,,,,,
450700,1531.5,0.000000,,,,,,,,
450800,1531.8,0.000001,,,,,,,,
450900,1532.1,0.000001,,,,,,,,
451000,1532.5,0.000000,,,,,,,,
451100,1532.8,0.000001,,,,,,,,
451200,1533.1,0.000003,,,,,,,,
451300,1533.4,0.000000,,,,,,,,
451400,1533.7,0.000000,,,,,,,,
451500,1534.1,0.000002,,,,,,,,
451600,1534.4,0.000001,,,,,,,,
451700,1534.7,0.000002,,,,,,,,
451800,1535.0,0.000000,,,,,,,,
451900,1535.3,0.000001,,,,,,,,
452000,1535.6,0.000002,,,,,,,,
452100,1536.0,0.000001,,,,,,,,
452200,1536.3,0.000001,,,,,,,,
452300,1536.6,0.000001,,,,,,,,
452400,1536.9,0.000001,,,,,,,,
452500,1537.2,0.000000,,,,,,,,
452600,1537.6,0.000001,,,,,,,,
452700,1537.9,0.000001,,,,,,,,
452800,1538.2,0.000001,,,,,,,,
452900,1538.5,0.000001,,,,,,,,
453000,1538.8,0.000001,,,,,,,,
453100,1539.1,0.000001,,,,,,,,
453200,1539.5,0.000002,,,,,,,,
453300,1539.8,0.000003,,,,,,,,
453400,1540.1,0.000000,,,,,,,,
453500,1540.4,0.000000,,,,,,,,
453600,1540.7,0.000001,,,,,,,,
453700,1541.0,0.000000,,,,,,,,
453800,1541.4,0.000001,,,,,,,,
453900,1541.7,0.000001,,,,,,,,
454000,1542.0,0.000000,,,,,,,,
454100,1542.3,0.000001,,,,,,,,
454200,1542.6,0.000001,,,,,,,,
454300,1543.0,0.000001,,,,,,,,
454400,1543.3,0.000001,,,,,,,,
454500,1543.6,0.000001,,,,,,,,
454600,1543.9,0.000001,,,,,,,,
454700,1544.2,0.000000,,,,,,,,
454800,1544.5,0.000001,,,,,,,,
454900,1544.9,0.000001,,,,,,,,
455000,1546.3,0.000001,0.000001,8.650958e-02,5.054712e-03,4.425516e-03,0.000000,5.168079e-02,5.005188e-03,4.449186e-03
455100,1546.6,0.000000,,,,,,,,
455200,1546.9,0.000001,,,,,,,,
455300,1547.2,0.000001,,,,,,,,
455400,1547.6,0.000001,,,,,,,,
455500,1547.9,0.000001,,,,,,,,
455600,1548.2,0.000001,,,,,,,,
455700,1548.5,0.000001,,,,,,,,
455800,1548.8,0.000001,,,,,,,,
455900,1549.2,0.000001,,,,,,,,
456000,1549.5,0.000001,,,,,,,,
456100,1549.8,0.000002,,,,,,,,
456200,1550.1,0.000002,,,,,,,,
456300,1550.4,0.000004,,,,,,,,
456400,1550.8,0.000001,,,,,,,,
456500,1551.1,0.000001,,,,,,,,
456600,1551.4,0.000001,,,,,,,,
456700,1551.7,0.000001,,,,,,,,
456800,1552.0,0.000001,,,,,,,,
456900,1552.3,0.000000,,,,,,,,
457000,1552.7,0.000001,,,,,,,,
457100,1553.0,0.000002,,,,,,,,
457200,1553.3,0.000001,,,,,,,,
457300,1553.6,0.000001,,,,,,,,
457400,1553.9,0.000001,,,,,,,,
457500,1554.3,0.000001,,,,,,,,
457600,1554.6,0.000001,,,,,,,,
457700,1554.9,0.000001,,,,,,,,
457800,1555.2,0.000001,,,,,,,,
457900,1555.5,0.000001,,,,,,,,
458000,1555.8,0.000001,,,,,,,,
458100,1556.2,0.000000,,,,,,,,
458200,1556.5,0.000001,,,,,,,,
458300,1556.8,0.000000,,,,,,,,
458400,1557.1,0.000002,,,,,,,,
458500,1557.4,0.000001,,,,,,,,
458600,1557.8,0.000001,,,,,,,,
458700,1558.1,0.000001,,,,,,,,
458800,1558.4,0.000000,,,,,,,,
458900,1558.7,0.000000,,,,,,,,
459000,1559.0,0.000000,,,,,,,,
459100,1559.3,0.000001,,,,,,,,
459200,1559.7,0.000001,,,,,,,,
459300,1560.0,0.000001,,,,,,,,
459400,1560.3,0.000000,,,,,,,,
459500,1560.6,0.000001,,,,,,,,
459600,1560.9,0.000001,,,,,,,,
459700,1561.3,0.000001,,,,,,,,
459800,1561.6,0.000000,,,,,,,,
459900,1561.9,0.000001,,,,,,,,
460000,1563.3,0.000001,0.000001,8.700740e-02,3.025339e-03,2.233871e-03,0.000000,5.131907e-02,2.883223e-03,2.198427e-03
460100,1563.6,0.000000,,,,,,,,
460200,1564.0,0.000001,,,,,,,,
460300,1564.3,0.000001,,,,,,,,
460400,1564.6,0.000001,,,,,,,,
460500,1564.9,0.000001,,,,,,,,
460600,1565.2,0.000001,,,,,,,,
460700,1565.5,0.000000,,,,,,,,
460800,1565.9,0.000001,,,,,,,,
460900,1566.2,0.000001,,,,,,,,
461000,1566.5,0.000002,,,,,,,,
461100,1566.8,0.000001,,,,,,,,
461200,1567.1,0.000001,,,,,,,,
461300,1567.4,0.000004,,,,,,,,
461400,1567.8,0.000001,,,,,,,,
461500,1568.1,0.000002,,,,,,,,
461600,1568.4,0.000000,,,,,,,,
461700,1568.7,0.000001,,,,,,,,
461800,1569.0,0.000001,,,,,,,,
461900,1569.4,0.000001,,,,,,,,
462000,1569.7,0.000001,,,,,,,,
462100,1570.0,0.000001,,,,,,,,
462200,1570.3,0.000001,,,,,,,,
462300,1570.6,0.000001,,,,,,,,
462400,1570.9,0.000000,,,,,,,,
462500,1571.3,0.000000,,,,,,,,
462600,1571.6,0.000002,,,,,,,,
462700,1571.9,0.000001,,,,,,,,
462800,1572.2,0.000001,,,,,,,,
462900,1572.5,0.000000,,,,,,,,
463000,1572.8,0.000001,,,,,,,,
463100,1573.2,0.000002,,,,,,,,
463200,1573.5,0.000001,,,,,,,,
463300,1573.8,0.000001,,,,,,,,
463400,1574.1,0.000000,,,,,,,,
463500,1574.4,0.000001,,,,,,,,
463600,1574.7,0.000001,,,,,,,,
463700,1575.1,0.000001,,,,,,,,
463800,1575.4,0.000001,,,,,,,,
463900,1575.7,0.000000,,,,,,,,
464000,1576.0,0.000001,,,,,,,,
464100,1576.3,0.000001,,,,,,,,
464200,1576.7,0.000000,,,,,,,,
464300,1577.0,0.000001,,,,,,,,
464400,1577.3,0.000001,,,,,,,,
464500,1577.6,0.000001,,,,,,,,
464600,1577.9,0.000000,,,,,,,,
464700,1578.2,0.000001,,,,,,,,
464800,1578.6,0.000000,,,,,,,,
464900,1578.9,0.000001,,,,,,,,
465000,1580.3,0.000001,0.000001,1.415147e-01,4.494826e-03,3.140997e-03,0.000000,4.453457e-02,4.422168e-03,3.124162e-03
465100,1580.6,0.000001,,,,,,,,
465200,1580.9,0.000000,,,,,,,,
465300,1581.3,0.000001,,,,,,,,
465400,1581.6,0.000000,,,,,,,,
465500,1581.9,0.000002,,,,,,,,
465600,1582.2,0.000001,,,,,,,,
465700,1582.5,0.000001,,,,,,,,
465800,1582.8,0.000000,,,,,,,,
465900,1583.2,0.000004,,,,,,,,
466000,1583.5,0.000001,,,,,,,,
466100,1583.8,0.000001,,,,,,,,
466200,1584.1,0.000000,,,,,,,,
466300,1584.4,0.000001,,,,,,,,
466400,1584.7,0.000001,,,,,,,,
466500,1585.1,0.000000,,,,,,,,
466600,1585.4,0.000000,,,,,,,,
466700,1585.7,0.000000,,,,,,,,
466800,1586.0,0.000001,,,,,,,,
466900,1586.3,0.000001,,,,,,,,
467000,1586.7,0.000001,,,,,,,,
467100,1587.0,0.000000,,,,,,,,
467200,1587.3,0.000001,,,,,,,,
467300,1587.6,0.000001,,,,,,,,
467400,1587.9,0.000001,,,,,,,,
467500,1588.2,0.000001,,,,,,,,
467600,1588.6,0.000001,,,,,,,,
467700,1588.9,0.000001,,,,,,,,
467800,1589.2,0.000001,,,,,,,,
467900,1589.5,0.000001,,,,,,,,
468000,1589.8,0.000001,,,,,,,,
468100,1590.1,0.000001,,,,,,,,
468200,1590.5,0.000001,,,,,,,,
468300,1590.8,0.000002,,,,,,,,
468400,1591.1,0.000001,,,,,,,,
468500,1591.4,0.000001,,,,,,,,
468600,1591.7,0.000001,,,,,,,,
468700,1592.1,0.000001,,,,,,,,
468800,1592.4,0.000002,,,,,,,,
468900,1592.7,0.000001,,,,,,,,
469000,1593.0,0.000001,,,,,,,,
469100,1593.3,0.000001,,,,,,,,
469200,1593.6,0.000001,,,,,,,,
469300,1594.0,0.000001,,,,,,,,
469400,1594.3,0.000000,,,,,,,,
469500,1594.6,0.000002,,,,,,,,
469600,1594.9,0.000000,,,,,,,,
469700,1595.2,0.000001,,,,,,,,
469800,1595.5,0.000000,,,,,,,,
469900,1595.9,0.000001,,,,,,,,
470000,1597.3,0.000001,0.000000,4.607119e-02,3.044588e-03,2.317509e-03,0.000000,4.274093e-02,3.015383e-03,2.340929e-03
470100,1597.6,0.000001,,,,,,,,
470200,1597.9,0.000000,,,,,,,,
470300,1598.2,0.000001,,,,,,,,
470400,1598.6,0.000001,,,,,,,,
470500,1598.9,0.000002,,,,,,,,
470600,1599.2,0.000001,,,,,,,,
470700,1599.5,0.000001,,,,,,,,
470800,1599.7,0.000001,,,,,,,,
470900,1600.1,0.000001,,,,,,,,
471000,1600.4,0.000001,,,,,,,,
471100,1600.7,0.000001,,,,,,,,
471200,1601.0,0.000001,,,,,,,,
471300,1601.3,0.000001,,,,,,,,
471400,1601.7,0.000001,,,,,,,,
471500,1602.0,0.000000,,,,,,,,
471600,1602.3,0.000000,,,,,,,,
471700,1602.6,0.000001,,,,,,,,
471800,1602.9,0.000000,,,,,,,,
471900,1603.2,0.000001,,,,,,,,
472000,1603.6,0.000000,,,,,,,,
472100,1603.9,0.000001,,,,,,,,
472200,1604.2,0.000001,,,,,,,,
472300,1604.5,0.000001,,,,,,,,
472400,1604.8,0.000002,,,,,,,,
472500,1605.1,0.000006,,,,,,,,
472600,1605.5,0.000001,,,,,,,,
472700,1605.8,0.000001,,,,,,,,
472800,1606.1,0.000001,,,,,,,,
472900,1606.4,0.000001,,,,,,,,
473000,1606.7,0.000001,,,,,,,,
473100,1607.1,0.000001,,,,,,,,
473200,1607.4,0.000001,,,,,,,,
473300,1607.7,0.000002,,,,,,,,
473400,1608.0,0.000001,,,,,,,,
473500,1608.3,0.000000,,,,,,,,
473600,1608.6,0.000000,,,,,,,,
473700,1609.0,0.000001,,,,,,,,
473800,1609.3,0.000001,,,,,,,,
473900,1609.6,0.000001,,,,,,,,
474000,1609.9,0.000002,,,,,,,,
474100,1610.2,0.000001,,,,,,,,
474200,1610.5,0.000001,,,,,,,,
474300,1610.9,0.000000,,,,,,,,
474400,1611.2,0.000001,,,,,,,,
474500,1611.5,0.000000,,,,,,,,
474600,1611.8,0.000001,,,,,,,,
474700,1612.1,0.000001,,,,,,,,
474800,1612.5,0.000001,,,,,,,,
474900,1612.8,0.000001,,,,,,,,
475000,1614.2,0.000001,0.000000,4.319417e-02,2.941210e-03,2.294081e-03,0.000000,4.283534e-02,2.901174e-03,2.290518e-03
475100,1614.5,0.000001,,,,,,,,
475200,1614.8,0.000001,,,,,,,,
475300,1615.2,0.000001,,,,,,,,
475400,1615.5,0.000001,,,,,,,,
475500,1615.8,0.000001,,,,,,,,
475600,1616.1,0.000001,,,,,,,,
475700,1616.4,0.000001,,,,,,,,
475800,1616.8,0.000000,,,,,,,,
475900,1617.1,0.000001,,,,,,,,
476000,1617.4,0.000001,,,,,,,,
476100,1617.7,0.000001,,,,,,,,
476200,1618.0,0.000000,,,,,,,,
476300,1618.3,0.000002,,,,,,,,
476400,1618.7,0.000000,,,,,,,,
476500,1619.0,0.000001,,,,,,,,
476600,1619.3,0.000001,,,,,,,,
476700,1619.6,0.000001,,,,,,,,
476800,1619.9,0.000001,,,,,,,,
476900,1620.2,0.000000,,,,,,,,
477000,1620.6,0.000001,,,,,,,,
477100,1620.9,0.000000,,,,,,,,
477200,1621.2,0.000000,,,,,,,,
477300,1621.5,0.000000,,,,,,,,
477400,1621.8,0.000000,,,,,,,,
477500,1622.2,0.000000,,,,,,,,
477600,1622.5,0.000001,,,,,,,,
477700,1622.8,0.000000,,,,,,,,
477800,1623.1,0.000000,,,,,,,,
477900,1623.4,0.000001,,,,,,,,
478000,1623.7,0.000000,,,,,,,,
478100,1624.0,0.000001,,,,,,,,
478200,1624.3,0.000000,,,,,,,,
478300,1624.6,0.000001,,,,,,,,
478400,1624.9,0.000001,,,,,,,,
478500,1625.2,0.000001,,,,,,,,
478600,1625.6,0.000000,,,,,,,,
478700,1625.9,0.000001,,,,,,,,
478800,1626.2,0.000001,,,,,,,,
478900,1626.5,0.000001,,,,,,,,
479000,1626.8,0.000001,,,,,,,,
479100,1627.1,0.000001,,,,,,,,
479200,1627.5,0.000001,,,,,,,,
479300,1627.8,0.000001,,,,,,,,
479400,1628.1,0.000001,,,,,,,,
479500,1628.4,0.000001,,,,,,,,
479600,1628.7,0.000001,,,,,,,,
479700,1629.0,0.000002,,,,,,,,
479800,1629.4,0.000000,,,,,,,,
479900,1629.7,0.000001,,,,,,,,
480000,1631.1,0.000000,0.000000,5.465288e-02,2.752637e-03,1.954161e-03,0.000000,4.196630e-02,2.659479e-03,1.927690e-03
480100,1631.4,0.000001,,,,,,,,
480200,1631.7,0.000001,,,,,,,,
480300,1632.1,0.000001,,,,,,,,
480400,1632.4,0.000001,,,,,,,,
480500,1632.7,0.000000,,,,,,,,
480600,1633.0,0.000001,,,,,,,,
480700,1633.3,0.000001,,,,,,,,
480800,1633.7,0.000001,,,,,,,,
480900,1634.0,0.000004,,,,,,,,
481000,1634.3,0.000001,,,,,,,,
481100,1634.6,0.000001,,,,,,,,
481200,1634.9,0.000000,,,,,,,,
481300,1635.2,0.000000,,,,,,,,
481400,1635.6,0.000001,,,,,,,,
481500,1635.9,0.000001,,,,,,,,
481600,1636.2,0.000000,,,,,,,,
481700,1636.5,0.000001,,,,,,,,
481800,1636.8,0.000001,,,,,,,,
481900,1637.2,0.000001,,,,,,,,
482000,1637.5,0.000001,,,,,,,,
482100,1637.8,0.000001,,,,,,,,
482200,1638.1,0.000001,,,,,,,,
482300,1638.4,0.000001,,,,,,,,
482400,1638.7,0.000001,,,,,,,,
482500,1639.1,0.000000,,,,,,,,
482600,1639.4,0.000002,,,,,,,,
482700,1639.7,0.000001,,,,,,,,
482800,1640.0,0.000001,,,,,,,,
482900,1640.3,0.000001,,,,,,,,
483000,1640.7,0.000002,,,,,,,,
483100,1641.0,0.000001,,,,,,,,
483200,1641.3,0.000001,,,,,,,,
483300,1641.6,0.000001,,,,,,,,
483400,1641.9,0.000000,,,,,,,,
483500,1642.2,0.000000,,,,,,,,
483600,1642.6,0.000001,,,,,,,,
483700,1642.9,0.000000,,,,,,,,
483800,1643.2,0.000001,,,,,,,,
483900,1643.5,0.000001,,,,,,,,
484000,1643.8,0.000001,,,,,,,,
484100,1644.1,0.000001,,,,,,,,
484200,1644.5,0.000001,,,,,,,,
484300,1644.8,0.000000,,,,,,,,
484400,1645.1,0.000001,,,,,,,,
484500,1645.4,0.000001,,,,,,,,
484600,1645.7,0.000000,,,,,,,,
484700,1646.0,0.000001,,,,,,,,
484800,1646.4,0.000000,,,,,,,,
484900,1646.7,0.000001,,,,,,,,
485000,1648.1,0.000000,0.000001,9.073777e-02,3.136101e-03,2.462608e-03,0.000000,4.529304e-02,3.008887e-03,2.407676e-03
485100,1648.4,0.000001,,,,,,,,
485200,1648.8,0.000001,,,,,,,,
485300,1649.1,0.000001,,,,,,,,
485400,1649.4,0.000001,,,,,,,,
485500,1649.7,0.000000,,,,,,,,
485600,1650.0,0.000002,,,,,,,,
485700,1650.3,0.000001,,,,,,,,
485800,1650.6,0.000001,,,,,,,,
485900,1650.9,0.000001,,,,,,,,
486000,1651.2,0.000000,,,,,,,,
486100,1651.6,0.000001,,,,,,,,
486200,1651.9,0.000000,,,,,,,,
486300,1652.2,0.000001,,,,,,,,
486400,1652.5,0.000001,,,,,,,,
486500,1652.8,0.000000,,,,,,,,
486600,1653.2,0.000001,,,,,,,,
486700,1653.5,0.000001,,,,,,,,
486800,1653.8,0.000002,,,,,,,,
486900,1654.1,0.000001,,,,,,,,
487000,1654.4,0.000002,,,,,,,,
487100,1654.7,0.000001,,,,,,,,
487200,1655.1,0.000000,,,,,,,,
487300,1655.4,0.000001,,,,,,,,
487400,1655.7,0.000001,,,,,,,,
487500,1656.0,0.000001,,,,,,,,
487600,1656.3,0.000001,,,,,,,,
487700,1656.6,0.000000,,,,,,,,
487800,1657.0,0.000001,,,,,,,,
487900,1657.3,0.000003,,,,,,,,
488000,1657.6,0.000001,,,,,,,,
488100,1657.9,0.000001,,,,,,,,
488200,1658.2,0.000001,,,,,,,,
488300,1658.5,0.000001,,,,,,,,
488400,1658.9,0.000001,,,,,,,,
488500,1659.2,0.000001,,,,,,,,
488600,1659.5,0.000001,,,,,,,,
488700,1659.8,0.000001,,,,,,,,
488800,1660.1,0.000001,,,,,,,,
488900,1660.5,0.000001,,,,,,,,
489000,1660.8,0.000000,,,,,,,,
489100,1661.1,0.000001,,,,,,,,
489200,1661.4,0.000002,,,,,,,,
489300,1661.7,0.000001,,,,,,,,
489400,1662.0,0.000000,,,,,,,,
489500,1662.4,0.000001,,,,,,,,
489600,1662.7,0.000002,,,,,,,,
489700,1663.0,0.000000,,,,,,,,
489800,1663.3,0.000001,,,,,,,,
489900,1663.6,0.000001,,,,,,,,
490000,1665.1,0.000001,0.000001,7.607029e-02,3.508503e-03,2.831875e-03,0.000000,6.232733e-02,3.386139e-03,2.801637e-03
490100,1665.4,0.000000,,,,,,,,
490200,1665.7,0.000001,,,,,,,,
490300,1666.0,0.000001,,,,,,,,
490400,1666.3,0.000002,,,,,,,,
490500,1666.7,0.000000,,,,,,,,
490600,1667.0,0.000001,,,,,,,,
490700,1667.3,0.000001,,,,,,,,
490800,1667.6,0.000002,,,,,,,,
490900,1667.9,0.000000,,,,,,,,
491000,1668.2,0.000000,,,,,,,,
491100,1668.6,0.000000,,,,,,,,
491200,1668.9,0.000001,,,,,,,,
491300,1669.2,0.000001,,,,,,,,
491400,1669.5,0.000000,,,,,,,,
491500,1669.8,0.000000,,,,,,,,
491600,1670.1,0.000001,,,,,,,,
491700,1670.5,0.000002,,,,,,,,
491800,1670.8,0.000002,,,,,,,,
491900,1671.1,0.000001,,,,,,,,
492000,1671.4,0.000000,,,,,,,,
492100,1671.7,0.000001,,,,,,,,
492200,1672.1,0.000001,,,,,,,,
492300,1672.4,0.000001,,,,,,,,
492400,1672.7,0.000001,,,,,,,,
492500,1673.0,0.000001,,,,,,,,
492600,1673.3,0.000000,,,,,,,,
492700,1673.6,0.000002,,,,,,,,
492800,1674.0,0.000001,,,,,,,,
492900,1674.3,0.000001,,,,,,,,
493000,1674.6,0.000001,,,,,,,,
493100,1674.9,0.000001,,,,,,,,
493200,1675.2,0.000000,,,,,,,,
493300,1675.5,0.000000,,,,,,,,
493400,1675.9,0.000001,,,,,,,,
493500,1676.2,0.000001,,,,,,,,
493600,1676.5,0.000001,,,,,,,,
493700,1676.8,0.000002,,,,,,,,
493800,1677.1,0.000001,,,,,,,,
493900,1677.5,0.000001,,,,,,,,
494000,1677.8,0.000001,,,,,,,,
494100,1678.1,0.000001,,,,,,,,
494200,1678.4,0.000001,,,,,,,,
494300,1678.7,0.000001,,,,,,,,
494400,1679.0,0.000000,,,,,,,,
494500,1679.4,0.000001,,,,,,,,
494600,1679.7,0.000001,,,,,,,,
494700,1680.0,0.000001,,,,,,,,
494800,1680.3,0.000001,,,,,,,,
494900,1680.6,0.000001,,,,,,,,
495000,1682.1,0.000000,0.000000,4.997582e-02,2.665540e-03,2.078578e-03,0.000000,3.987442e-02,2.572953e-03,2.032251e-03
495100,1682.4,0.000001,,,,,,,,
495200,1682.7,0.000000,,,,,,,,
495300,1683.0,0.000001,,,,,,,,
495400,1683.3,0.000001,,,,,,,,
495500,1683.7,0.000000,,,,,,,,
495600,1684.0,0.000001,,,,,,,,
495700,1684.3,0.000000,,,,,,,,
495800,1684.6,0.000001,,,,,,,,
495900,1684.9,0.000002,,,,,,,,
496000,1685.2,0.000000,,,,,,,,
496100,1685.6,0.000001,,,,,,,,
496200,1685.9,0.000002,,,,,,,,
496300,1686.2,0.000001,,,,,,,,
496400,1686.5,0.000000,,,,,,,,
496500,1686.8,0.000001,,,,,,,,
496600,1687.1,0.000001,,,,,,,,
496700,1687.5,0.000001,,,,,,,,
496800,1687.8,0.000001,,,,,,,,
496900,1688.1,0.000001,,,,,,,,
497000,1688.4,0.000001,,,,,,,,
497100,1688.7,0.000000,,,,,,,,
497200,1689.0,0.000001,,,,,,,,
497300,1689.4,0.000000,,,,,,,,
497400,1689.7,0.000000,,,,,,,,
497500,1690.0,0.000000,,,,,,,,
497600,1690.3,0.000001,,,,,,,,
497700,1690.6,0.000001,,,,,,,,
497800,1691.0,0.000002,,,,,,,,
497900,1691.3,0.000001,,,,,,,,
498000,1691.6,0.000000,,,,,,,,
498100,1691.9,0.000000,,,,,,,,
498200,1692.2,0.000000,,,,,,,,
498300,1692.5,0.000001,,,,,,,,
498400,1692.9,0.000001,,,,,,,,
498500,1693.2,0.000000,,,,,,,,
498600,1693.5,0.000001,,,,,,,,
498700,1693.8,0.000000,,,,,,,,
498800,1694.1,0.000000,,,,,,,,
498900,1694.5,0.000000,,,,,,,,
499000,1694.8,0.000000,,,,,,,,
499100,1695.1,0.000000,,,,,,,,
499200,1695.4,0.000000,,,,,,,,
499300,1695.7,0.000001,,,,,,,,
499400,1696.0,0.000001,,,,,,,,
499500,1696.4,0.000001,,,,,,,,
499600,1696.7,0.000001,,,,,,,,
499700,1697.0,0.000000,,,,,,,,
499800,1697.3,0.000001,,,,,,,,
499900,1697.6,0.000000,,,,,,,,
500000,1699.1,0.000001,0.000001,8.129949e-02,3.126430e-03,2.456816e-03,0.000000,5.647416e-02,2.977882e-03,2.372317e-03
500100,1699.4,0.000001,,,,,,,,
500200,1699.7,0.000001,,,,,,,,
500300,1700.0,0.000001,,,,,,,,
500400,1700.3,0.000001,,,,,,,,
500500,1700.6,0.000001,,,,,,,,
500600,1701.0,0.000001,,,,,,,,
500700,1701.3,0.000003,,,,,,,,
500800,1701.6,0.000000,,,,,,,,
500900,1701.9,0.000000,,,,,,,,
501000,1702.2,0.000000,,,,,,,,
501100,1702.5,0.000001,,,,,,,,
501200,1702.9,0.000001,,,,,,,,
501300,1703.2,0.000001,,,,,,,,
501400,1703.5,0.000001,,,,,,,,
501500,1703.8,0.000001,,,,,,,,
501600,1704.1,0.000001,,,,,,,,
501700,1704.5,0.000001,,,,,,,,
501800,1704.8,0.000001,,,,,,,,
501900,1705.1,0.000001,,,,,,,,
502000,1705.4,0.000000,,,,,,,,
502100,1705.7,0.000001,,,,,,,,
502200,1706.0,0.000001,,,,,,,,
502300,1706.3,0.000001,,,,,,,,
502400,1706.7,0.000000,,,,,,,,
502500,1707.0,0.000001,,,,,,,,
502600,1707.3,0.000001,,,,,,,,
502700,1707.6,0.000001,,,,,,,,
502800,1707.9,0.000001,,,,,,,,
502900,1708.2,0.000001,,,,,,,,
503000,1708.6,0.000001,,,,,,,,
503100,1708.9,0.000000,,,,,,,,
503200,1709.2,0.000001,,,,,,,,
503300,1709.5,0.000001,,,,,,,,
503400,1709.8,0.000001,,,,,,,,
503500,1710.2,0.000002,,,,,,,,
503600,1710.5,0.000001,,,,,,,,
503700,1710.8,0.000001,,,,,,,,
503800,1711.1,0.000001,,,,,,,,
503900,1711.4,0.000000,,,,,,,,
504000,1711.7,0.000001,,,,,,,,
504100,1712.1,0.000000,,,,,,,,
504200,1712.4,0.000001,,,,,,,,
504300,1712.7,0.000001,,,,,,,,
504400,1713.0,0.000000,,,,,,,,
504500,1713.3,0.000002,,,,,,,,
504600,1713.6,0.000001,,,,,,,,
504700,1714.0,0.000000,,,,,,,,
504800,1714.3,0.000001,,,,,,,,
504900,1714.6,0.000001,,,,,,,,
505000,1716.1,0.000000,0.000001,1.024456e-01,4.359322e-03,3.723395e-03,0.000000,6.540389e-02,4.157583e-03,3.628348e-03
505100,1716.4,0.000001,,,,,,,,
505200,1716.7,0.000001,,,,,,,,
505300,1717.0,0.000001,,,,,,,,
505400,1717.3,0.000000,,,,,,,,
505500,1717.6,0.000002,,,,,,,,
505600,1718.0,0.000000,,,,,,,,
505700,1718.3,0.000001,,,,,,,,
505800,1718.6,0.000000,,,,,,,,
505900,1718.9,0.000001,,,,,,,,
506000,1719.2,0.000001,,,,,,,,
506100,1719.5,0.000000,,,,,,,,
506200,1719.9,0.000001,,,,,,,,
506300,1720.2,0.000000,,,,,,,,
506400,1720.5,0.000001,,,,,,,,
506500,1720.8,0.000001,,,,,,,,
506600,1721.1,0.000001,,,,,,,,
506700,1721.4,0.000001,,,,,,,,
506800,1721.8,0.000004,,,,,,,,
506900,1722.1,0.000000,,,,,,,,
507000,1722.4,0.000000,,,,,,,,
507100,1722.7,0.000001,,,,,,,,
507200,1723.0,0.000001,,,,,,,,
507300,1723.3,0.000000,,,,,,,,
507400,1723.7,0.000000,,,,,,,,
507500,1724.0,0.000001,,,,,,,,
507600,1724.3,0.000002,,,,,,,,
507700,1724.6,0.000000,,,,,,,,
507800,1724.9,0.000001,,,,,,,,
507900,1725.2,0.000001,,,,,,,,
508000,1725.6,0.000001,,,,,,,,
508100,1725.9,0.000000,,,,,,,,
508200,1726.2,0.000000,,,,,,,,
508300,1726.5,0.000001,,,,,,,,
508400,1726.8,0.000000,,,,,,,,
508500,1727.2,0.000001,,,,,,,,
508600,1727.5,0.000001,,,,,,,,
508700,1727.8,0.000000,,,,,,,,
508800,1728.1,0.000001,,,,,,,,
508900,1728.4,0.000000,,,,,,,,
509000,1728.7,0.000001,,,,,,,,
509100,1729.1,0.000000,,,,,,,,
509200,1729.4,0.000000,,,,,,,,
509300,1729.7,0.000001,,,,,,,,
509400,1730.0,0.000001,,,,,,,,
509500,1730.3,0.000001,,,,,,,,
509600,1730.6,0.000000,,,,,,,,
509700,1731.0,0.000001,,,,,,,,
509800,1731.3,0.000001,,,,,,,,
509900,1731.6,0.000001,,,,,,,,
510000,1733.0,0.000001,0.000000,4.315293e-02,2.611849e-03,1.938627e-03,0.000000,4.069029e-02,2.544413e-03,1.918736e-03
510100,1733.3,0.000000,,,,,,,,
510200,1733.7,0.000000,,,,,,,,
510300,1734.0,0.000001,,,,,,,,
510400,1734.3,0.000001,,,,,,,,
510500,1734.6,0.000000,,,,,,,,
510600,1734.9,0.000001,,,,,,,,
510700,1735.2,0.000001,,,,,,,,
510800,1735.6,0.000000,,,,,,,,
510900,1735.9,0.000001,,,,,,,,
511000,1736.2,0.000000,,,,,,,,
511100,1736.5,0.000001,,,,,,,,
511200,1736.8,0.000000,,,,,,,,
511300,1737.2,0.000000,,,,,,,,
511400,1737.5,0.000002,,,,,,,,
511500,1737.8,0.000001,,,,,,,,
511600,1738.1,0.000001,,,,,,,,
511700,1738.4,0.000001,,,,,,,,
511800,1738.7,0.000001,,,,,,,,
511900,1739.1,0.000000,,,,,,,,
512000,1739.4,0.000000,,,,,,,,
512100,1739.7,0.000000,,,,,,,,
512200,1740.0,0.000000,,,,,,,,
512300,1740.3,0.000001,,,,,,,,
512400,1740.6,0.000001,,,,,,,,
512500,1741.0,0.000000,,,,,,,,
512600,1741.3,0.000000,,,,,,,,
512700,1741.6,0.000000,,,,,,,,
512800,1741.9,0.000002,,,,,,,,
512900,1742.2,0.000001,,,,,,,,
513000,1742.6,0.000000,,,,,,,,
513100,1742.9,0.000001,,,,,,,,
513200,1743.2,0.000001,,,,,,,,
513300,1743.5,0.000000,,,,,,,,
513400,1743.8,0.000000,,,,,,,,
513500,1744.1,0.000001,,,,,,,,
513600,1744.5,0.000000,,,,,,,,
513700,1744.8,0.000001,,,,,,,,
513800,1745.1,0.000001,,,,,,,,
513900,1745.4,0.000001,,,,,,,,
514000,1745.7,0.000001,,,,,,,,
514100,1746.0,0.000001,,,,,,,,
514200,1746.4,0.000001,,,,,,,,
514300,1746.7,0.000001,,,,,,,,
514400,1747.0,0.000001,,,,,,,,
514500,1747.3,0.000001,,,,,,,,
514600,1747.6,0.000001,,,,,,,,
514700,1747.9,0.000000,,,,,,,,
514800,1748.3,0.000001,,,,,,,,
514900,1748.6,0.000000,,,,,,,,
515000,1750.1,0.000000,0.000000,5.842323e-02,2.433834e-03,1.820682e-03,0.000000,4.072772e-02,2.371911e-03,1.816409e-03
515100,1750.3,0.000001,,,,,,,,
515200,1750.7,0.000001,,,,,,,,
515300,1751.0,0.000001,,,,,,,,
515400,1751.3,0.000000,,,,,,,,
515500,1751.6,0.000000,,,,,,,,
515600,1751.9,0.000000,,,,,,,,
515700,1752.3,0.000001,,,,,,,,
515800,1752.6,0.000001,,,,,,,,
515900,1752.9,0.000000,,,,,,,,
516000,1753.2,0.000001,,,,,,,,
516100,1753.5,0.000001,,,,,,,,
516200,1753.8,0.000001,,,,,,,,
516300,1754.1,0.000001,,,,,,,,
516400,1754.5,0.000000,,,,,,,,
516500,1754.8,0.000000,,,,,,,,
516600,1755.1,0.000001,,,,,,,,
516700,1755.4,0.000001,,,,,,,,
516800,1755.7,0.000000,,,,,,,,
516900,1756.0,0.000001,,,,,,,,
517000,1756.3,0.000000,,,,,,,,
517100,1756.6,0.000001,,,,,,,,
517200,1756.9,0.000000,,,,,,,,
517300,1757.1,0.000000,,,,,,,,
517400,1757.4,0.000000,,,,,,,,
517500,1757.8,0.000001,,,,,,,,
517600,1758.1,0.000000,,,,,,,,
517700,1758.4,0.000001,,,,,,,,
517800,1758.7,0.000000,,,,,,,,
517900,1759.0,0.000000,,,,,,,,
518000,1759.3,0.000002,,,,,,,,
518100,1759.6,0.000002,,,,,,,,
518200,1759.8,0.000001,,,,,,,,
518300,1760.1,0.000000,,,,,,,,
518400,1760.4,0.000000,,,,,,,,
518500,1760.8,0.000002,,,,,,,,
518600,1761.1,0.000001,,,,,,,,
518700,1761.4,0.000000,,,,,,,,
518800,1761.7,0.000000,,,,,,,,
518900,1762.0,0.000002,,,,,,,,
519000,1762.3,0.000000,,,,,,,,
519100,1762.7,0.000001,,,,,,,,
519200,1763.0,0.000001,,,,,,,,
519300,1763.3,0.000000,,,,,,,,
519400,1763.6,0.000001,,,,,,,,
519500,1763.9,0.000000,,,,,,,,
519600,1764.2,0.000001,,,,,,,,
519700,1764.6,0.000002,,,,,,,,
519800,1764.9,0.000001,,,,,,,,
519900,1765.2,0.000001,,,,,,,,
520000,1766.7,0.000001,0.000002,6.091320e-02,6.687915e-03,6.413336e-03,0.000000,4.907508e-02,6.723712e-03,6.478466e-03
520100,1767.0,0.000001,,,,,,,,
520200,1767.3,0.000000,,,,,,,,
520300,1767.6,0.000001,,,,,,,,
520400,1767.9,0.000001,,,,,,,,
520500,1768.2,0.000000,,,,,,,,
520600,1768.5,0.000001,,,,,,,,
520700,1768.9,0.000000,,,,,,,,
520800,1769.2,0.000001,,,,,,,,
520900,1769.5,0.000001,,,,,,,,
521000,1769.8,0.000001,,,,,,,,
521100,1770.1,0.000001,,,,,,,,
521200,1770.4,0.000001,,,,,,,,
521300,1770.8,0.000001,,,,,,,,
521400,1771.1,0.000000,,,,,,,,
521500,1771.4,0.000000,,,,,,,,
521600,1771.7,0.000000,,,,,,,,
521700,1772.0,0.000001,,,,,,,,
521800,1772.3,0.000001,,,,,,,,
521900,1772.7,0.000000,,,,,,,,
522000,1773.0,0.000001,,,,,,,,
522100,1773.3,0.000000,,,,,,,,
522200,1773.6,0.000001,,,,,,,,
522300,1773.9,0.000001,,,,,,,,
522400,1774.2,0.000000,,,,,,,,
522500,1774.6,0.000000,,,,,,,,
522600,1774.9,0.000001,,,,,,,,
522700,1775.2,0.000000,,,,,,,,
522800,1775.5,0.000000,,,,,,,,
522900,1775.8,0.000000,,,,,,,,
523000,1776.1,0.000000,,,,,,,,
523100,1776.5,0.000000,,,,,,,,
523200,1776.8,0.000000,,,,,,,,
523300,1777.1,0.000000,,,,,,,,
523400,1777.4,0.000001,,,,,,,,
523500,1777.7,0.000000,,,,,,,,
523600,1778.1,0.000003,,,,,,,,
523700,1778.4,0.000001,,,,,,,,
523800,1778.7,0.000001,,,,,,,,
523900,1779.0,0.000000,,,,,,,,
524000,1779.3,0.000001,,,,,,,,
524100,1779.6,0.000001,,,,,,,,
524200,1780.0,0.000001,,,,,,,,
524300,1780.3,0.000001,,,,,,,,
524400,1780.6,0.000001,,,,,,,,
524500,1780.9,0.000001,,,,,,,,
524600,1781.2,0.000001,,,,,,,,
524700,1781.5,0.000001,,,,,,,,
524800,1781.9,0.000001,,,,,,,,
524900,1782.2,0.000001,,,,,,,,
525000,1783.6,0.000000,0.000000,6.012482e-02,2.568251e-03,1.925647e-03,0.000000,3.915606e-02,2.460742e-03,1.872827e-03
525100,1783.9,0.000000,,,,,,,,
525200,1784.3,0.000000,,,,,,,,
525300,1784.6,0.000001,,,,,,,,
525400,1784.9,0.000001,,,,,,,,
525500,1785.2,0.000001,,,,,,,,
525600,1785.5,0.000001,,,,,,,,
525700,1785.8,0.000000,,,,,,,,
525800,1786.2,0.000001,,,,,,,,
525900,1786.5,0.000001,,,,,,,,
526000,1786.8,0.000001,,,,,,,,
526100,1787.1,0.000001,,,,,,,,
526200,1787.4,0.000001,,,,,,,,
526300,1787.7,0.000006,,,,,,,,
526400,1788.1,0.000000,,,,,,,,
526500,1788.4,0.000001,,,,,,,,
526600,1788.7,0.000000,,,,,,,,
526700,1789.0,0.000001,,,,,,,,
526800,1789.3,0.000001,,,,,,,,
526900,1789.6,0.000001,,,,,,,,
527000,1790.0,0.000001,,,,,,,,
527100,1790.3,0.000001,,,,,,,,
527200,1790.6,0.000000,,,,,,,,
527300,1790.9,0.000001,,,,,,,,
527400,1791.2,0.000001,,,,,,,,
527500,1791.6,0.000001,,,,,,,,
527600,1791.9,0.000000,,,,,,,,
527700,1792.2,0.000000,,,,,,,,
527800,1792.5,0.000000,,,,,,,,
527900,1792.8,0.000000,,,,,,,,
528000,1793.1,0.000000,,,,,,,,
528100,1793.5,0.000001,,,,,,,,
528200,1793.8,0.000001,,,,,,,,
528300,1794.1,0.000001,,,,,,,,
528400,1794.4,0.000000,,,,,,,,
528500,1794.7,0.000001,,,,,,,,
528600,1795.0,0.000001,,,,,,,,
528700,1795.4,0.000001,,,,,,,,
528800,1795.7,0.000003,,,,,,,,
528900,1796.0,0.000000,,,,,,,,
529000,1796.3,0.000001,,,,,,,,
529100,1796.6,0.000001,,,,,,,,
529200,1797.0,0.000000,,,,,,,,
529300,1797.3,0.000001,,,,,,,,
529400,1797.6,0.000000,,,,,,,,
529500,1797.9,0.000001,,,,,,,,
529600,1798.2,0.000001,,,,,,,,
529700,1798.5,0.000001,,,,,,,,
529800,1798.9,0.000000,,,,,,,,
529900,1799.2,0.000001,,,,,,,,
530000,1800.6,0.000000,0.000001,5.588591e-02,3.392433e-03,2.658791e-03,0.000000,3.907652e-02,3.402745e-03,2.703717e-03
530100,1800.9,0.000000,,,,,,,,
530200,1801.2,0.000001,,,,,,,,
530300,1801.6,0.000001,,,,,,,,
530400,1801.9,0.000000,,,,,,,,
530500,1802.2,0.000001,,,,,,,,
530600,1802.5,0.000001,,,,,,,,
530700,1802.8,0.000000,,,,,,,,
530800,1803.1,0.000000,,,,,,,,
530900,1803.5,0.000000,,,,,,,,
531000,1803.8,0.000000,,,,,,,,
531100,1804.1,0.000001,,,,,,,,
531200,1804.4,0.000001,,,,,,,,
531300,1804.7,0.000001,,,,,,,,
531400,1805.0,0.000000,,,,,,,,
531500,1805.4,0.000000,,,,,,,,
531600,1805.7,0.000001,,,,,,,,
531700,1806.0,0.000000,,,,,,,,
531800,1806.3,0.000000,,,,,,,,
531900,1806.6,0.000003,,,,,,,,
532000,1806.9,0.000001,,,,,,,,
532100,1807.3,0.000001,,,,,,,,
532200,1807.6,0.000001,,,,,,,,
532300,1807.9,0.000001,,,,,,,,
532400,1808.2,0.000000,,,,,,,,
532500,1808.5,0.000001,,,,,,,,
532600,1808.8,0.000000,,,,,,,,
532700,1809.2,0.000001,,,,,,,,
532800,1809.5,0.000000,,,,,,,,
532900,1809.8,0.000001,,,,,,,,
533000,1810.1,0.000001,,,,,,,,
533100,1810.4,0.000000,,,,,,,,
533200,1810.8,0.000001,,,,,,,,
533300,1811.1,0.000001,,,,,,,,
533400,1811.4,0.000000,,,,,,,,
533500,1811.7,0.000000,,,,,,,,
533600,1812.0,0.000000,,,,,,,,
533700,1812.3,0.000000,,,,,,,,
533800,1812.7,0.000001,,,,,,,,
533900,1813.0,0.000001,,,,,,,,
534000,1813.3,0.000000,,,,,,,,
534100,1813.6,0.000001,,,,,,,,
534200,1813.9,0.000000,,,,,,,,
534300,1814.2,0.000002,,,,,,,,
534400,1814.6,0.000001,,,,,,,,
534500,1814.9,0.000001,,,,,,,,
534600,1815.2,0.000001,,,,,,,,
534700,1815.5,0.000001,,,,,,,,
534800,1815.8,0.000000,,,,,,,,
534900,1816.2,0.000001,,,,,,,,
535000,1817.6,0.000000,0.000001,6.423540e-02,3.406309e-03,2.756969e-03,0.000000,4.280347e-02,3.370957e-03,2.781404e-03
535100,1817.9,0.000000,,,,,,,,
535200,1818.2,0.000001,,,,,,,,
535300,1818.5,0.000001,,,,,,,,
535400,1818.9,0.000001,,,,,,,,
535500,1819.2,0.000000,,,,,,,,
535600,1819.5,0.000000,,,,,,,,
535700,1819.8,0.000001,,,,,,,,
535800,1820.1,0.000001,,,,,,,,
535900,1820.4,0.000000,,,,,,,,
536000,1820.8,0.000000,,,,,,,,
536100,1821.1,0.000001,,,,,,,,
536200,1821.4,0.000001,,,,,,,,
536300,1821.7,0.000001,,,,,,,,
536400,1822.0,0.000000,,,,,,,,
536500,1822.3,0.000000,,,,,,,,
536600,1822.7,0.000001,,,,,,,,
536700,1823.0,0.000001,,,,,,,,
536800,1823.3,0.000000,,,,,,,,
536900,1823.6,0.000001,,,,,,,,
537000,1823.9,0.000001,,,,,,,,
537100,1824.3,0.000001,,,,,,,,
537200,1824.6,0.000001,,,,,,,,
537300,1824.9,0.000001,,,,,,,,
537400,1825.2,0.000001,,,,,,,,
537500,1825.5,0.000001,,,,,,,,
537600,1825.8,0.000000,,,,,,,,
537700,1826.2,0.000001,,,,,,,,
537800,1826.5,0.000001,,,,,,,,
537900,1826.8,0.000000,,,,,,,,
538000,1827.1,0.000001,,,,,,,,
538100,1827.3,0.000000,,,,,,,,
538200,1827.6,0.000001,,,,,,,,
538300,1828.0,0.000000,,,,,,,,
538400,1828.3,0.000001,,,,,,,,
538500,1828.6,0.000000,,,,,,,,
538600,1828.9,0.000001,,,,,,,,
538700,1829.2,0.000001,,,,,,,,
538800,1829.5,0.000000,,,,,,,,
538900,1829.9,0.000000,,,,,,,,
539000,1830.2,0.000001,,,,,,,,
539100,1830.5,0.000001,,,,,,,,
539200,1830.8,0.000000,,,,,,,,
539300,1831.1,0.000000,,,,,,,,
539400,1831.4,0.000001,,,,,,,,
539500,1831.8,0.000000,,,,,,,,
539600,1832.1,0.000001,,,,,,,,
539700,1832.4,0.000000,,,,,,,,
539800,1832.7,0.000000,,,,,,,,
539900,1833.0,0.000001,,,,,,,,
540000,1834.5,0.000000,0.000000,5.492229e-02,3.362315e-03,2.877859e-03,0.000000,4.081975e-02,3.282303e-03,2.844417e-03
540100,1834.8,0.000000,,,,,,,,
540200,1835.1,0.000000,,,,,,,,
540300,1835.4,0.000001,,,,,,,,
540400,1835.7,0.000001,,,,,,,,
540500,1836.1,0.000000,,,,,,,,
540600,1836.4,0.000000,,,,,,,,
540700,1836.7,0.000000,,,,,,,,
540800,1837.0,0.000001,,,,,,,,
540900,1837.3,0.000000,,,,,,,,
541000,1837.6,0.000001,,,,,,,,
541100,1838.0,0.000000,,,,,,,,
541200,1838.3,0.000000,,,,,,,,
541300,1838.6,0.000000,,,,,,,,
541400,1838.9,0.000002,,,,,,,,
541500,1839.2,0.000000,,,,,,,,
541600,1839.5,0.000000,,,,,,,,
541700,1839.9,0.000001,,,,,,,,
541800,1840.2,0.000001,,,,,,,,
541900,1840.5,0.000000,,,,,,,,
542000,1840.8,0.000001,,,,,,,,
542100,1841.1,0.000001,,,,,,,,
542200,1841.4,0.000000,,,,,,,,
542300,1841.8,0.000001,,,,,,,,
542400,1842.1,0.000001,,,,,,,,
542500,1842.4,0.000000,,,,,,,,
542600,1842.7,0.000001,,,,,,,,
542700,1843.0,0.000000,,,,,,,,
542800,1843.4,0.000000,,,,,,,,
542900,1843.7,0.000001,,,,,,,,
543000,1844.0,0.000000,,,,,,,,
543100,1844.3,0.000000,,,,,,,,
543200,1844.6,0.000000,,,,,,,,
543300,1844.9,0.000001,,,,,,,,
543400,1845.3,0.000001,,,,,,,,
543500,1845.6,0.000000,,,,,,,,
543600,1845.9,0.000000,,,,,,,,
543700,1846.2,0.000001,,,,,,,,
543800,1846.5,0.000001,,,,,,,,
543900,1846.9,0.000000,,,,,,,,
544000,1847.2,0.000000,,,,,,,,
544100,1847.5,0.000001,,,,,,,,
544200,1847.8,0.000001,,,,,,,,
544300,1848.1,0.000000,,,,,,,,
544400,1848.4,0.000000,,,,,,,,
544500,1848.8,0.000000,,,,,,,,
544600,1849.1,0.000000,,,,,,,,
544700,1849.4,0.000001,,,,,,,,
544800,1849.7,0.000001,,,,,,,,
544900,1850.0,0.000001,,,,,,,,
545000,1851.5,0.000001,0.000001,5.651684e-02,3.608956e-03,3.010443e-03,0.000000,3.740488e-02,3.539381e-03,2.953158e-03
545100,1851.8,0.000000,,,,,,,,
545200,1852.1,0.000002,,,,,,,,
545300,1852.4,0.000000,,,,,,,,
545400,1852.7,0.000001,,,,,,,,
545500,1853.0,0.000000,,,,,,,,
545600,1853.4,0.000001,,,,,,,,
545700,1853.7,0.000001,,,,,,,,
545800,1854.0,0.000000,,,,,,,,
545900,1854.3,0.000001,,,,,,,,
546000,1854.6,0.000000,,,,,,,,
546100,1855.0,0.000000,,,,,,,,
546200,1855.3,0.000002,,,,,,,,
546300,1855.6,0.000001,,,,,,,,
546400,1855.9,0.000001,,,,,,,,
546500,1856.2,0.000001,,,,,,,,
546600,1856.5,0.000001,,,,,,,,
546700,1856.9,0.000000,,,,,,,,
546800,1857.2,0.000001,,,,,,,,
546900,1857.5,0.000001,,,,,,,,
547000,1857.8,0.000000,,,,,,,,
547100,1858.1,0.000001,,,,,,,,
547200,1858.4,0.000001,,,,,,,,
547300,1858.8,0.000001,,,,,,,,
547400,1859.1,0.000000,,,,,,,,
547500,1859.4,0.000000,,,,,,,,
547600,1859.7,0.000000,,,,,,,,
547700,1860.0,0.000001,,,,,,,,
547800,1860.4,0.000001,,,,,,,,
547900,1860.7,0.000001,,,,,,,,
548000,1861.0,0.000000,,,,,,,,
548100,1861.3,0.000001,,,,,,,,
548200,1861.6,0.000000,,,,,,,,
548300,1861.9,0.000001,,,,,,,,
548400,1862.3,0.000000,,,,,,,,
548500,1862.6,0.000000,,,,,,,,
548600,1862.9,0.000001,,,,,,,,
548700,1863.2,0.000001,,,,,,,,
548800,1863.5,0.000000,,,,,,,,
548900,1863.8,0.000001,,,,,,,,
549000,1864.2,0.000001,,,,,,,,
549100,1864.5,0.000001,,,,,,,,
549200,1864.8,0.000000,,,,,,,,
549300,1865.1,0.000000,,,,,,,,
549400,1865.4,0.000001,,,,,,,,
549500,1865.8,0.000000,,,,,,,,
549600,1866.1,0.000001,,,,,,,,
549700,1866.4,0.000002,,,,,,,,
549800,1866.7,0.000000,,,,,,,,
549900,1867.0,0.000000,,,,,,,,
550000,1868.5,0.000000,0.000001,9.022397e-02,3.646392e-03,3.001641e-03,0.000000,4.832454e-02,3.569003e-03,3.020494e-03
550100,1868.8,0.000000,,,,,,,,
550200,1869.1,0.000000,,,,,,,,
550300,1869.4,0.000001,,,,,,,,
550400,1869.7,0.000000,,,,,,,,
550500,1870.0,0.000000,,,,,,,,
550600,1870.4,0.000001,,,,,,,,
550700,1870.7,0.000001,,,,,,,,
550800,1871.0,0.000001,,,,,,,,
550900,1871.3,0.000000,,,,,,,,
551000,1871.6,0.000001,,,,,,,,
551100,1871.9,0.000001,,,,,,,,
551200,1872.3,0.000000,,,,,,,,
551300,1872.6,0.000001,,,,,,,,
551400,1872.9,0.000000,,,,,,,,
551500,1873.2,0.000000,,,,,,,,
551600,1873.5,0.000000,,,,,,,,
551700,1873.8,0.000000,,,,,,,,
551800,1874.2,0.000001,,,,,,,,
551900,1874.5,0.000000,,,,,,,,
552000,1874.8,0.000000,,,,,,,,
552100,1875.1,0.000001,,,,,,,,
552200,1875.4,0.000000,,,,,,,,
552300,1875.8,0.000001,,,,,,,,
552400,1876.1,0.000000,,,,,,,,
552500,1876.4,0.000000,,,,,,,,
552600,1876.7,0.000000,,,,,,,,
552700,1877.0,0.000000,,,,,,,,
552800,1877.3,0.000000,,,,,,,,
552900,1877.7,0.000000,,,,,,,,
553000,1878.0,0.000000,,,,,,,,
553100,1878.3,0.000000,,,,,,,,
553200,1878.6,0.000000,,,,,,,,
553300,1878.9,0.000001,,,,,,,,
553400,1879.3,0.000000,,,,,,,,
553500,1879.6,0.000000,,,,,,,,
553600,1879.9,0.000001,,,,,,,,
553700,1880.2,0.000000,,,,,,,,
553800,1880.5,0.000001,,,,,,,,
553900,1880.8,0.000001,,,,,,,,
554000,1881.2,0.000002,,,,,,,,
554100,1881.5,0.000001,,,,,,,,
554200,1881.8,0.000001,,,,,,,,
554300,1882.1,0.000001,,,,,,,,
554400,1882.4,0.000000,,,,,,,,
554500,1882.7,0.000000,,,,,,,,
554600,1883.1,0.000001,,,,,,,,
554700,1883.4,0.000000,,,,,,,,
554800,1883.7,0.000001,,,,,,,,
554900,1884.0,0.000000,,,,,,,,
555000,1885.5,0.000000,0.000000,8.027048e-02,2.584760e-03,2.000880e-03,0.000000,4.059659e-02,2.464741e-03,1.926652e-03
555100,1885.8,0.000000,,,,,,,,
555200,1886.1,0.000000,,,,,,,,
555300,1886.4,0.000000,,,,,,,,
555400,1886.7,0.000000,,,,,,,,
555500,1887.0,0.000001,,,,,,,,
555600,1887.4,0.000001,,,,,,,,
555700,1887.7,0.000000,,,,,,,,
555800,1888.0,0.000002,,,,,,,,
555900,1888.3,0.000001,,,,,,,,
556000,1888.6,0.000001,,,,,,,,
556100,1888.9,0.000001,,,,,,,,
556200,1889.3,0.000000,,,,,,,,
556300,1889.6,0.000001,,,,,,,,
556400,1889.9,0.000002,,,,,,,,
556500,1890.2,0.000000,,,,,,,,
556600,1890.5,0.000001,,,,,,,,
556700,1890.8,0.000000,,,,,,,,
556800,1891.2,0.000000,,,,,,,,
556900,1891.5,0.000000,,,,,,,,
557000,1891.8,0.000000,,,,,,,,
557100,1892.1,0.000001,,,,,,,,
557200,1892.4,0.000000,,,,,,,,
557300,1892.7,0.000000,,,,,,,,
557400,1893.1,0.000000,,,,,,,,
557500,1893.4,0.000000,,,,,,,,
557600,1893.7,0.000001,,,,,,,,
557700,1894.0,0.000001,,,,,,,,
557800,1894.3,0.000001,,,,,,,,
557900,1894.6,0.000000,,,,,,,,
558000,1895.0,0.000000,,,,,,,,
558100,1895.3,0.000000,,,,,,,,
558200,1895.6,0.000001,,,,,,,,
558300,1895.9,0.000001,,,,,,,,
558400,1896.2,0.000001,,,,,,,,
558500,1896.6,0.000000,,,,,,,,
558600,1896.9,0.000001,,,,,,,,
558700,1897.2,0.000001,,,,,,,,
558800,1897.5,0.000001,,,,,,,,
558900,1897.8,0.000001,,,,,,,,
559000,1898.1,0.000001,,,,,,,,
559100,1898.5,0.000000,,,,,,,,
559200,1898.8,0.000000,,,,,,,,
559300,1899.1,0.000001,,,,,,,,
559400,1899.4,0.000001,,,,,,,,
559500,1899.7,0.000000,,,,,,,,
559600,1900.0,0.000000,,,,,,,,
559700,1900.4,0.000001,,,,,,,,
559800,1900.7,0.000000,,,,,,,,
559900,1901.0,0.000000,,,,,,,,
560000,1902.5,0.000000,0.000001,7.607955e-02,4.896953e-03,3.757665e-03,0.000000,4.590077e-02,4.868979e-03,3.790756e-03
560100,1902.8,0.000001,,,,,,,,
560200,1903.1,0.000000,,,,,,,,
560300,1903.4,0.000000,,,,,,,,
560400,1903.7,0.000000,,,,,,,,
560500,1904.0,0.000002,,,,,,,,
560600,1904.4,0.000000,,,,,,,,
560700,1904.7,0.000002,,,,,,,,
560800,1905.0,0.000001,,,,,,,,
560900,1905.3,0.000000,,,,,,,,
561000,1905.6,0.000000,,,,,,,,
561100,1905.9,0.000001,,,,,,,,
561200,1906.3,0.000000,,,,,,,,
561300,1906.6,0.000000,,,,,,,,
561400,1906.9,0.000001,,,,,,,,
561500,1907.2,0.000000,,,,,,,,
561600,1907.5,0.000000,,,,,,,,
561700,1907.8,0.000001,,,,,,,,
561800,1908.2,0.000000,,,,,,,,
561900,1908.5,0.000001,,,,,,,,
562000,1908.8,0.000001,,,,,,,,
562100,1909.1,0.000002,,,,,,,,
562200,1909.4,0.000001,,,,,,,,
562300,1909.7,0.000000,,,,,,,,
562400,1910.1,0.000000,,,,,,,,
562500,1910.4,0.000000,,,,,,,,
562600,1910.7,0.000000,,,,,,,,
562700,1911.0,0.000001,,,,,,,,
562800,1911.3,0.000000,,,,,,,,
562900,1911.7,0.000000,,,,,,,,
563000,1912.0,0.000000,,,,,,,,
563100,1912.3,0.000001,,,,,,,,
563200,1912.6,0.000000,,,,,,,,
563300,1912.9,0.000000,,,,,,,,
563400,1913.2,0.000001,,,,,,,,
563500,1913.6,0.000001,,,,,,,,
563600,1913.9,0.000000,,,,,,,,
563700,1914.2,0.000000,,,,,,,,
563800,1914.5,0.000001,,,,,,,,
563900,1914.8,0.000001,,,,,,,,
564000,1915.1,0.000000,,,,,,,,
564100,1915.5,0.000000,,,,,,,,
564200,1915.7,0.000000,,,,,,,,
564300,1916.0,0.000000,,,,,,,,
564400,1916.3,0.000001,,,,,,,,
564500,1916.6,0.000002,,,,,,,,
564600,1916.9,0.000000,,,,,,,,
564700,1917.2,0.000000,,,,,,,,
564800,1917.5,0.000001,,,,,,,,
564900,1917.8,0.000000,,,,,,,,
565000,1919.3,0.000000,0.000000,5.439348e-02,2.067331e-03,1.493263e-03,0.000000,3.871308e-02,1.983777e-03,1.460902e-03
565100,1919.6,0.000002,,,,,,,,
565200,1919.9,0.000001,,,,,,,,
565300,1920.2,0.000001,,,,,,,,
565400,1920.5,0.000001,,,,,,,,
565500,1920.8,0.000001,,,,,,,,
565600,1921.2,0.000001,,,,,,,,
565700,1921.5,0.000001,,,,,,,,
565800,1921.8,0.000001,,,,,,,,
565900,1922.1,0.000001,,,,,,,,
566000,1922.4,0.000001,,,,,,,,
566100,1922.7,0.000001,,,,,,,,
566200,1923.1,0.000001,,,,,,,,
566300,1923.4,0.000000,,,,,,,,
566400,1923.7,0.000000,,,,,,,,
566500,1924.0,0.000001,,,,,,,,
566600,1924.3,0.000000,,,,,,,,
566700,1924.6,0.000001,,,,,,,,
566800,1925.0,0.000000,,,,,,,,
566900,1925.3,0.000000,,,,,,,,
567000,1925.6,0.000000,,,,,,,,
567100,1925.9,0.000000,,,,,,,,
567200,1926.2,0.000001,,,,,,,,
567300,1926.5,0.000000,,,,,,,,
567400,1926.9,0.000001,,,,,,,,
567500,1927.2,0.000001,,,,,,,,
567600,1927.5,0.000000,,,,,,,,
567700,1927.8,0.000000,,,,,,,,
567800,1928.1,0.000000,,,,,,,,
567900,1928.4,0.000001,,,,,,,,
568000,1928.8,0.000001,,,,,,,,
568100,1929.1,0.000000,,,,,,,,
568200,1929.4,0.000000,,,,,,,,
568300,1929.7,0.000000,,,,,,,,
568400,1930.0,0.000000,,,,,,,,
568500,1930.4,0.000000,,,,,,,,
568600,1930.7,0.000000,,,,,,,,
568700,1931.0,0.000001,,,,,,,,
568800,1931.3,0.000001,,,,,,,,
568900,1931.6,0.000000,,,,,,,,
569000,1931.9,0.000000,,,,,,,,
569100,1932.3,0.000000,,,,,,,,
569200,1932.6,0.000001,,,,,,,,
569300,1932.9,0.000001,,,,,,,,
569400,1933.2,0.000001,,,,,,,,
569500,1933.5,0.000001,,,,,,,,
569600,1933.9,0.000000,,,,,,,,
569700,1934.2,0.000001,,,,,,,,
569800,1934.5,0.000000,,,,,,,,
569900,1934.8,0.000000,,,,,,,,
570000,1936.3,0.000000,0.000000,6.699486e-02,2.452600e-03,1.827819e-03,0.000000,4.675622e-02,2.388975e-03,1.821565e-03
570100,1936.6,0.000001,,,,,,,,
570200,1936.9,0.000000,,,,,,,,
570300,1937.2,0.000001,,,,,,,,
570400,1937.5,0.000000,,,,,,,,
570500,1937.8,0.000000,,,,,,,,
570600,1938.1,0.000000,,,,,,,,
570700,1938.5,0.000000,,,,,,,,
570800,1938.8,0.000001,,,,,,,,
570900,1939.1,0.000000,,,,,,,,
571000,1939.4,0.000001,,,,,,,,
571100,1939.7,0.000001,,,,,,,,
571200,1940.0,0.000000,,,,,,,,
571300,1940.4,0.000001,,,,,,,,
571400,1940.7,0.000001,,,,,,,,
571500,1941.0,0.000000,,,,,,,,
571600,1941.3,0.000000,,,,,,,,
571700,1941.6,0.000001,,,,,,,,
571800,1942.0,0.000000,,,,,,,,
571900,1942.3,0.000000,,,,,,,,
572000,1942.6,0.000001,,,,,,,,
572100,1942.9,0.000000,,,,,,,,
572200,1943.2,0.000001,,,,,,,,
572300,1943.5,0.000002,,,,,,,,
572400,1943.9,0.000000,,,,,,,,
572500,1944.2,0.000001,,,,,,,,
572600,1944.5,0.000000,,,,,,,,
572700,1944.8,0.000000,,,,,,,,
572800,1945.1,0.000000,,,,,,,,
572900,1945.4,0.000000,,,,,,,,
573000,1945.8,0.000001,,,,,,,,
573100,1946.1,0.000000,,,,,,,,
573200,1946.4,0.000000,,,,,,,,
573300,1946.7,0.000000,,,,,,,,
573400,1947.0,0.000000,,,,,,,,
573500,1947.3,0.000001,,,,,,,,
573600,1947.7,0.000002,,,,,,,,
573700,1948.0,0.000000,,,,,,,,
573800,1948.3,0.000001,,,,,,,,
573900,1948.6,0.000000,,,,,,,,
574000,1948.9,0.000000,,,,,,,,
574100,1949.3,0.000001,,,,,,,,
574200,1949.6,0.000001,,,,,,,,
574300,1949.9,0.000000,,,,,,,,
574400,1950.2,0.000000,,,,,,,,
574500,1950.5,0.000001,,,,,,,,
574600,1950.8,0.000000,,,,,,,,
574700,1951.2,0.000001,,,,,,,,
574800,1951.5,0.000000,,,,,,,,
574900,1951.8,0.000000,,,,,,,,
575000,1953.2,0.000001,0.000000,7.987232e-02,2.860036e-03,2.339559e-03,0.000000,3.958283e-02,2.742490e-03,2.285112e-03
575100,1953.5,0.000000,,,,,,,,
575200,1953.9,0.000000,,,,,,,,
575300,1954.2,0.000000,,,,,,,,
575400,1954.5,0.000000,,,,,,,,
575500,1954.8,0.000001,,,,,,,,
575600,1955.1,0.000000,,,,,,,,
575700,1955.5,0.000000,,,,,,,,
575800,1955.8,0.000000,,,,,,,,
575900,1956.1,0.000000,,,,,,,,
576000,1956.4,0.000000,,,,,,,,
576100,1956.7,0.000001,,,,,,,,
576200,1957.0,0.000000,,,,,,,,
576300,1957.4,0.000000,,,,,,,,
576400,1957.7,0.000000,,,,,,,,
576500,1958.0,0.000000,,,,,,,,
576600,1958.3,0.000001,,,,,,,,
576700,1958.6,0.000000,,,,,,,,
576800,1958.9,0.000000,,,,,,,,
576900,1959.3,0.000000,,,,,,,,
577000,1959.6,0.000000,,,,,,,,
577100,1959.9,0.000001,,,,,,,,
577200,1960.2,0.000000,,,,,,,,
577300,1960.5,0.000000,,,,,,,,
577400,1960.9,0.000001,,,,,,,,
577500,1961.2,0.000000,,,,,,,,
577600,1961.5,0.000000,,,,,,,,
577700,1961.8,0.000000,,,,,,,,
577800,1962.1,0.000000,,,,,,,,
577900,1962.4,0.000001,,,,,,,,
578000,1962.8,0.000000,,,,,,,,
578100,1963.1,0.000002,,,,,,,,
578200,1963.4,0.000000,,,,,,,,
578300,1963.7,0.000000,,,,,,,,
578400,1964.0,0.000001,,,,,,,,
578500,1964.3,0.000001,,,,,,,,
578600,1964.7,0.000000,,,,,,,,
578700,1965.0,0.000000,,,,,,,,
578800,1965.3,0.000001,,,,,,,,
578900,1965.6,0.000000,,,,,,,,
579000,1965.9,0.000000,,,,,,,,
579100,1966.3,0.000001,,,,,,,,
579200,1966.6,0.000001,,,,,,,,
579300,1966.9,0.000001,,,,,,,,
579400,1967.2,0.000000,,,,,,,,
579500,1967.5,0.000001,,,,,,,,
579600,1967.8,0.000001,,,,,,,,
579700,1968.2,0.000000,,,,,,,,
579800,1968.5,0.000000,,,,,,,,
579900,1968.8,0.000000,,,,,,,,
580000,1970.2,0.000000,0.000000,5.570407e-02,2.556469e-03,1.936844e-03,0.000000,4.710145e-02,2.484221e-03,1.909277e-03
580100,1970.5,0.000000,,,,,,,,
580200,1970.9,0.000000,,,,,,,,
580300,1971.2,0.000000,,,,,,,,
580400,1971.5,0.000001,,,,,,,,
580500,1971.8,0.000001,,,,,,,,
580600,1972.1,0.000000,,,,,,,,
580700,1972.5,0.000000,,,,,,,,
580800,1972.8,0.000000,,,,,,,,
580900,1973.1,0.000000,,,,,,,,
581000,1973.4,0.000000,,,,,,,,
581100,1973.7,0.000001,,,,,,,,
581200,1974.0,0.000001,,,,,,,,
581300,1974.4,0.000000,,,,,,,,
581400,1974.7,0.000001,,,,,,,,
581500,1975.0,0.000000,,,,,,,,
581600,1975.3,0.000000,,,,,,,,
581700,1975.6,0.000000,,,,,,,,
581800,1976.0,0.000000,,,,,,,,
581900,1976.3,0.000000,,,,,,,,
582000,1976.6,0.000000,,,,,,,,
582100,1976.9,0.000000,,,,,,,,
582200,1977.2,0.000001,,,,,,,,
582300,1977.5,0.000000,,,,,,,,
582400,1977.9,0.000000,,,,,,,,
582500,1978.2,0.000001,,,,,,,,
582600,1978.5,0.000001,,,,,,,,
582700,1978.8,0.000000,,,,,,,,
582800,1979.1,0.000000,,,,,,,,
582900,1979.5,0.000001,,,,,,,,
583000,1979.8,0.000001,,,,,,,,
583100,1980.1,0.000001,,,,,,,,
583200,1980.4,0.000000,,,,,,,,
583300,1980.7,0.000000,,,,,,,,
583400,1981.0,0.000001,,,,,,,,
583500,1981.4,0.000000,,,,,,,,
583600,1981.7,0.000001,,,,,,,,
583700,1982.0,0.000000,,,,,,,,
583800,1982.3,0.000001,,,,,,,,
583900,1982.6,0.000000,,,,,,,,
584000,1983.0,0.000001,,,,,,,,
584100,1983.3,0.000000,,,,,,,,
584200,1983.6,0.000000,,,,,,,,
584300,1983.9,0.000001,,,,,,,,
584400,1984.2,0.000001,,,,,,,,
584500,1984.5,0.000000,,,,,,,,
584600,1984.9,0.000000,,,,,,,,
584700,1985.2,0.000000,,,,,,,,
584800,1985.5,0.000000,,,,,,,,
584900,1985.8,0.000001,,,,,,,,
585000,1987.3,0.000000,0.000001,4.963481e-02,4.275290e-03,3.324429e-03,0.000000,3.754316e-02,4.288906e-03,3.348581e-03
585100,1987.6,0.000000,,,,,,,,
585200,1987.9,0.000000,,,,,,,,
585300,1988.2,0.000000,,,,,,,,
585400,1988.5,0.000000,,,,,,,,
585500,1988.8,0.000000,,,,,,,,
585600,1989.2,0.000000,,,,,,,,
585700,1989.5,0.000001,,,,,,,,
585800,1989.8,0.000001,,,,,,,,
585900,1990.1,0.000000,,,,,,,,
586000,1990.4,0.000001,,,,,,,,
586100,1990.7,0.000000,,,,,,,,
586200,1991.1,0.000000,,,,,,,,
586300,1991.4,0.000000,,,,,,,,
586400,1991.7,0.000000,,,,,,,,
586500,1992.0,0.000000,,,,,,,,
586600,1992.3,0.000001,,,,,,,,
586700,1992.7,0.000000,,,,,,,,
586800,1993.0,0.000001,,,,,,,,
586900,1993.3,0.000000,,,,,,,,
587000,1993.6,0.000001,,,,,,,,
587100,1993.9,0.000000,,,,,,,,
587200,1994.2,0.000002,,,,,,,,
587300,1994.6,0.000000,,,,,,,,
587400,1994.9,0.000000,,,,,,,,
587500,1995.2,0.000003,,,,,,,,
587600,1995.5,0.000000,,,,,,,,
587700,1995.8,0.000001,,,,,,,,
587800,1996.1,0.000001,,,,,,,,
587900,1996.5,0.000000,,,,,,,,
588000,1996.8,0.000000,,,,,,,,
588100,1997.1,0.000001,,,,,,,,
588200,1997.4,0.000000,,,,,,,,
588300,1997.7,0.000000,,,,,,,,
588400,1998.1,0.000002,,,,,,,,
588500,1998.4,0.000000,,,,,,,,
588600,1998.7,0.000001,,,,,,,,
588700,1999.0,0.000001,,,,,,,,
588800,1999.3,0.000000,,,,,,,,
588900,1999.6,0.000000,,,,,,,,
589000,2000.0,0.000000,,,,,,,,
589100,2000.3,0.000001,,,,,,,,
589200,2000.5,0.000000,,,,,,,,
589300,2000.8,0.000000,,,,,,,,
589400,2001.1,0.000000,,,,,,,,
589500,2001.5,0.000000,,,,,,,,
589600,2001.8,0.000000,,,,,,,,
589700,2002.1,0.000001,,,,,,,,
589800,2002.4,0.000000,,,,,,,,
589900,2002.7,0.000000,,,,,,,,
590000,2004.2,0.000001,0.000001,6.338131e-02,3.294434e-03,2.595197e-03,0.000000,4.285903e-02,3.247324e-03,2.593455e-03
590100,2004.5,0.000000,,,,,,,,
590200,2004.8,0.000001,,,,,,,,
590300,2005.1,0.000000,,,,,,,,
590400,2005.4,0.000000,,,,,,,,
590500,2005.8,0.000000,,,,,,,,
590600,2006.1,0.000001,,,,,,,,
590700,2006.4,0.000000,,,,,,,,
590800,2006.7,0.000000,,,,,,,,
590900,2007.0,0.000000,,,,,,,,
591000,2007.3,0.000001,,,,,,,,
591100,2007.7,0.000001,,,,,,,,
591200,2008.0,0.000000,,,,,,,,
591300,2008.3,0.000000,,,,,,,,
591400,2008.6,0.000000,,,,,,,,
591500,2008.9,0.000001,,,,,,,,
591600,2009.2,0.000000,,,,,,,,
591700,2009.6,0.000001,,,,,,,,
591800,2009.9,0.000000,,,,,,,,
591900,2010.2,0.000002,,,,,,,,
592000,2010.5,0.000000,,,,,,,,
592100,2010.8,0.000001,,,,,,,,
592200,2011.1,0.000000,,,,,,,,
592300,2011.5,0.000000,,,,,,,,
592400,2011.8,0.000001,,,,,,,,
592500,2012.1,0.000001,,,,,,,,
592600,2012.4,0.000001,,,,,,,,
592700,2012.7,0.000001,,,,,,,,
592800,2013.1,0.000001,,,,,,,,
592900,2013.4,0.000000,,,,,,,,
593000,2013.7,0.000000,,,,,,,,
593100,2014.0,0.000001,,,,,,,,
593200,2014.3,0.000000,,,,,,,,
593300,2014.6,0.000000,,,,,,,,
593400,2015.0,0.000001,,,,,,,,
593500,2015.3,0.000000,,,,,,,,
593600,2015.6,0.000000,,,,,,,,
593700,2015.9,0.000000,,,,,,,,
593800,2016.2,0.000001,,,,,,,,
593900,2016.5,0.000001,,,,,,,,
594000,2016.9,0.000001,,,,,,,,
594100,2017.2,0.000000,,,,,,,,
594200,2017.5,0.000001,,,,,,,,
594300,2017.8,0.000000,,,,,,,,
594400,2018.1,0.000000,,,,,,,,
594500,2018.5,0.000001,,,,,,,,
594600,2018.8,0.000000,,,,,,,,
594700,2019.1,0.000000,,,,,,,,
594800,2019.4,0.000000,,,,,,,,
594900,2019.7,0.000001,,,,,,,,
595000,2021.2,0.000000,0.000000,5.641241e-02,3.019120e-03,2.530989e-03,0.000000,3.665744e-02,3.031474e-03,2.597675e-03
595100,2021.5,0.000000,,,,,,,,
595200,2021.8,0.000000,,,,,,,,
595300,2022.1,0.000001,,,,,,,,
595400,2022.4,0.000000,,,,,,,,
595500,2022.8,0.000001,,,,,,,,
595600,2023.1,0.000000,,,,,,,,
595700,2023.4,0.000000,,,,,,,,
595800,2023.7,0.000000,,,,,,,,
595900,2024.0,0.000001,,,,,,,,
596000,2024.3,0.000000,,,,,,,,
596100,2024.7,0.000000,,,,,,,,
596200,2025.0,0.000000,,,,,,,,
596300,2025.3,0.000000,,,,,,,,
596400,2025.6,0.000000,,,,,,,,
596500,2025.9,0.000001,,,,,,,,
596600,2026.2,0.000000,,,,,,,,
596700,2026.6,0.000000,,,,,,,,
596800,2026.9,0.000001,,,,,,,,
596900,2027.2,0.000000,,,,,,,,
597000,2027.5,0.000000,,,,,,,,
597100,2027.8,0.000000,,,,,,,,
597200,2028.1,0.000000,,,,,,,,
597300,2028.5,0.000000,,,,,,,,
597400,2028.8,0.000001,,,,,,,,
597500,2029.1,0.000001,,,,,,,,
597600,2029.4,0.000000,,,,,,,,
597700,2029.7,0.000000,,,,,,,,
597800,2030.1,0.000001,,,,,,,,
597900,2030.4,0.000000,,,,,,,,
598000,2030.7,0.000000,,,,,,,,
598100,2031.0,0.000001,,,,,,,,
598200,2031.3,0.000001,,,,,,,,
598300,2031.6,0.000001,,,,,,,,
598400,2032.0,0.000001,,,,,,,,
598500,2032.3,0.000000,,,,,,,,
598600,2032.6,0.000000,,,,,,,,
598700,2032.9,0.000000,,,,,,,,
598800,2033.2,0.000001,,,,,,,,
598900,2033.5,0.000000,,,,,,,,
599000,2033.9,0.000000,,,,,,,,
599100,2034.2,0.000000,,,,,,,,
599200,2034.5,0.000000,,,,,,,,
599300,2034.8,0.000000,,,,,,,,
599400,2035.1,0.000000,,,,,,,,
599500,2035.4,0.000001,,,,,,,,
599600,2035.8,0.000000,,,,,,,,
599700,2036.1,0.000000,,,,,,,,
599800,2036.4,0.000000,,,,,,,,
599900,2036.7,0.000001,,,,,,,,
600000,2038.2,0.000000,0.000000,4.846711e-02,2.662920e-03,2.078929e-03,0.000000,4.049335e-02,2.618853e-03,2.079949e-03
600100,2038.5,0.000000,,,,,,,,
600200,2038.8,0.000000,,,,,,,,
600300,2039.1,0.000000,,,,,,,,
600400,2039.4,0.000001,,,,,,,,
600500,2039.7,0.000000,,,,,,,,
600600,2040.0,0.000000,,,,,,,,
600700,2040.3,0.000000,,,,,,,,
600800,2040.6,0.000000,,,,,,,,
600900,2040.9,0.000000,,,,,,,,
601000,2041.2,0.000000,,,,,,,,
601100,2041.6,0.000000,,,,,,,,
601200,2041.9,0.000000,,,,,,,,
601300,2042.2,0.000000,,,,,,,,
601400,2042.5,0.000001,,,,,,,,
601500,2042.8,0.000000,,,,,,,,
601600,2043.1,0.000000,,,,,,,,
601700,2043.5,0.000001,,,,,,,,
601800,2043.8,0.000001,,,,,,,,
601900,2044.1,0.000000,,,,,,,,
602000,2044.4,0.000001,,,,,,,,
602100,2044.7,0.000000,,,,,,,,
602200,2045.0,0.000000,,,,,,,,
602300,2045.4,0.000001,,,,,,,,
602400,2045.7,0.000000,,,,,,,,
602500,2046.0,0.000000,,,,,,,,
602600,2046.3,0.000000,,,,,,,,
602700,2046.6,0.000000,,,,,,,,
602800,2047.0,0.000001,,,,,,,,
602900,2047.3,0.000000,,,,,,,,
603000,2047.6,0.000001,,,,,,,,
603100,2047.9,0.000001,,,,,,,,
603200,2048.2,0.000001,,,,,,,,
603300,2048.5,0.000000,,,,,,,,
603400,2048.9,0.000000,,,,,,,,
603500,2049.2,0.000000,,,,,,,,
603600,2049.5,0.000000,,,,,,,,
603700,2049.8,0.000000,,,,,,,,
603800,2050.1,0.000001,,,,,,,,
603900,2050.4,0.000000,,,,,,,,
604000,2050.8,0.000000,,,,,,,,
604100,2051.1,0.000001,,,,,,,,
604200,2051.4,0.000000,,,,,,,,
604300,2051.7,0.000000,,,,,,,,
604400,2052.0,0.000000,,,,,,,,
604500,2052.4,0.000000,,,,,,,,
604600,2052.7,0.000000,,,,,,,,
604700,2053.0,0.000000,,,,,,,,
604800,2053.3,0.000001,,,,,,,,
604900,2053.6,0.000001,,,,,,,,
605000,2055.1,0.000001,0.000000,6.813545e-02,2.397997e-03,1.834879e-03,0.000000,3.682624e-02,2.327463e-03,1.815029e-03
605100,2055.4,0.000000,,,,,,,,
605200,2055.7,0.000000,,,,,,,,
605300,2056.0,0.000000,,,,,,,,
605400,2056.4,0.000001,,,,,,,,
605500,2056.7,0.000000,,,,,,,,
605600,2057.0,0.000000,,,,,,,,
605700,2057.3,0.000000,,,,,,,,
605800,2057.6,0.000000,,,,,,,,
605900,2057.9,0.000001,,,,,,,,
606000,2058.3,0.000000,,,,,,,,
606100,2058.6,0.000000,,,,,,,,
606200,2058.9,0.000001,,,,,,,,
606300,2059.2,0.000000,,,,,,,,
606400,2059.5,0.000000,,,,,,,,
606500,2059.9,0.000000,,,,,,,,
606600,2060.2,0.000001,,,,,,,,
606700,2060.5,0.000000,,,,,,,,
606800,2060.8,0.000000,,,,,,,,
606900,2061.1,0.000000,,,,,,,,
607000,2061.4,0.000000,,,,,,,,
607100,2061.8,0.000000,,,,,,,,
607200,2062.1,0.000000,,,,,,,,
607300,2062.4,0.000000,,,,,,,,
607400,2062.7,0.000000,,,,,,,,
607500,2063.0,0.000001,,,,,,,,
607600,2063.3,0.000000,,,,,,,,
607700,2063.7,0.000000,,,,,,,,
607800,2064.0,0.000000,,,,,,,,
607900,2064.3,0.000000,,,,,,,,
608000,2064.6,0.000000,,,,,,,,
608100,2064.9,0.000000,,,,,,,,
608200,2065.3,0.000000,,,,,,,,
608300,2065.6,0.000001,,,,,,,,
608400,2065.9,0.000000,,,,,,,,
608500,2066.2,0.000000,,,,,,,,
608600,2066.5,0.000001,,,,,,,,
608700,2066.8,0.000000,,,,,,,,
608800,2067.2,0.000000,,,,,,,,
608900,2067.5,0.000000,,,,,,,,
609000,2067.8,0.000001,,,,,,,,
609100,2068.1,0.000000,,,,,,,,
609200,2068.4,0.000001,,,,,,,,
609300,2068.7,0.000001,,,,,,,,
609400,2069.1,0.000001,,,,,,,,
609500,2069.4,0.000000,,,,,,,,
609600,2069.7,0.000000,,,,,,,,
609700,2070.0,0.000000,,,,,,,,
609800,2070.3,0.000001,,,,,,,,
609900,2070.6,0.000000,,,,,,,,
610000,2072.1,0.000000,0.000000,5.793018e-02,2.368830e-03,1.810722e-03,0.000000,3.798996e-02,2.329187e-03,1.814081e-03
610100,2072.4,0.000001,,,,,,,,
610200,2072.7,0.000000,,,,,,,,
610300,2073.0,0.000000,,,,,,,,
610400,2073.3,0.000000,,,,,,,,
610500,2073.7,0.000000,,,,,,,,
610600,2074.0,0.000001,,,,,,,,
610700,2074.3,0.000001,,,,,,,,
610800,2074.6,0.000000,,,,,,,,
610900,2074.9,0.000000,,,,,,,,
611000,2075.3,0.000001,,,,,,,,
611100,2075.6,0.000000,,,,,,,,
611200,2075.9,0.000000,,,,,,,,
611300,2076.2,0.000000,,,,,,,,
611400,2076.5,0.000000,,,,,,,,
611500,2076.8,0.000000,,,,,,,,
611600,2077.2,0.000000,,,,,,,,
611700,2077.5,0.000000,,,,,,,,
611800,2077.8,0.000001,,,,,,,,
611900,2078.1,0.000000,,,,,,,,
612000,2078.4,0.000000,,,,,,,,
612100,2078.7,0.000001,,,,,,,,
612200,2079.1,0.000000,,,,,,,,
612300,2079.4,0.000000,,,,,,,,
612400,2079.7,0.000000,,,,,,,,
612500,2080.0,0.000000,,,,,,,,
612600,2080.3,0.000000,,,,,,,,
612700,2080.7,0.000000,,,,,,,,
612800,2081.0,0.000001,,,,,,,,
612900,2081.3,0.000001,,,,,,,,
613000,2081.6,0.000000,,,,,,,,
613100,2081.9,0.000000,,,,,,,,
613200,2082.2,0.000000,,,,,,,,
613300,2082.6,0.000000,,,,,,,,
613400,2082.9,0.000000,,,,,,,,
613500,2083.2,0.000000,,,,,,,,
613600,2083.5,0.000000,,,,,,,,
613700,2083.8,0.000001,,,,,,,,
613800,2084.2,0.000000,,,,,,,,
613900,2084.5,0.000001,,,,,,,,
614000,2084.8,0.000000,,,,,,,,
614100,2085.1,0.000000,,,,,,,,
614200,2085.4,0.000000,,,,,,,,
614300,2085.7,0.000000,,,,,,,,
614400,2086.1,0.000000,,,,,,,,
614500,2086.4,0.000000,,,,,,,,
614600,2086.7,0.000000,,,,,,,,
614700,2087.0,0.000000,,,,,,,,
614800,2087.3,0.000000,,,,,,,,
614900,2087.7,0.000001,,,,,,,,
615000,2089.1,0.000001,0.000001,1.016514e-01,3.495752e-03,2.681335e-03,0.000000,3.644143e-02,3.403870e-03,2.637939e-03
615100,2089.4,0.000000,,,,,,,,
615200,2089.7,0.000000,,,,,,,,
615300,2090.0,0.000001,,,,,,,,
615400,2090.4,0.000000,,,,,,,,
615500,2090.7,0.000000,,,,,,,,
615600,2091.0,0.000001,,,,,,,,
615700,2091.3,0.000000,,,,,,,,
615800,2091.6,0.000000,,,,,,,,
615900,2092.0,0.000000,,,,,,,,
616000,2092.3,0.000000,,,,,,,,
616100,2092.6,0.000000,,,,,,,,
616200,2092.9,0.000000,,,,,,,,
616300,2093.2,0.000000,,,,,,,,
616400,2093.5,0.000000,,,,,,,,
616500,2093.9,0.000001,,,,,,,,
616600,2094.2,0.000000,,,,,,,,
616700,2094.5,0.000001,,,,,,,,
616800,2094.8,0.000001,,,,,,,,
616900,2095.1,0.000000,,,,,,,,
617000,2095.5,0.000000,,,,,,,,
617100,2095.8,0.000001,,,,,,,,
617200,2096.1,0.000000,,,,,,,,
617300,2096.4,0.000000,,,,,,,,
617400,2096.7,0.000000,,,,,,,,
617500,2097.0,0.000000,,,,,,,,
617600,2097.4,0.000000,,,,,,,,
617700,2097.7,0.000000,,,,,,,,
617800,2098.0,0.000000,,,,,,,,
617900,2098.3,0.000000,,,,,,,,
618000,2098.6,0.000001,,,,,,,,
618100,2098.9,0.000000,,,,,,,,
618200,2099.3,0.000002,,,,,,,,
618300,2099.6,0.000000,,,,,,,,
618400,2099.9,0.000001,,,,,,,,
618500,2100.2,0.000000,,,,,,,,
618600,2100.5,0.000001,,,,,,,,
618700,2100.8,0.000000,,,,,,,,
618800,2101.2,0.000000,,,,,,,,
618900,2101.5,0.000000,,,,,,,,
619000,2101.8,0.000000,,,,,,,,
619100,2102.1,0.000000,,,,,,,,
619200,2102.4,0.000000,,,,,,,,
619300,2102.8,0.000000,,,,,,,,
619400,2103.1,0.000001,,,,,,,,
619500,2103.4,0.000000,,,,,,,,
619600,2103.7,0.000000,,,,,,,,
619700,2104.0,0.000000,,,,,,,,
619800,2104.3,0.000000,,,,,,,,
619900,2104.7,0.000000,,,,,,,,
620000,2106.1,0.000000,0.000000,5.170452e-02,2.396279e-03,1.870460e-03,0.000000,3.690142e-02,2.309216e-03,1.813432e-03
620100,2106.4,0.000000,,,,,,,,
620200,2106.7,0.000000,,,,,,,,
620300,2107.1,0.000000,,,,,,,,
620400,2107.4,0.000000,,,,,,,,
620500,2107.7,0.000001,,,,,,,,
620600,2108.0,0.000001,,,,,,,,
620700,2108.3,0.000000,,,,,,,,
620800,2108.6,0.000000,,,,,,,,
620900,2109.0,0.000000,,,,,,,,
621000,2109.3,0.000000,,,,,,,,
621100,2109.6,0.000000,,,,,,,,
621200,2109.9,0.000000,,,,,,,,
621300,2110.2,0.000000,,,,,,,,
621400,2110.5,0.000000,,,,,,,,
621500,2110.9,0.000001,,,,,,,,
621600,2111.2,0.000000,,,,,,,,
621700,2111.5,0.000000,,,,,,,,
621800,2111.8,0.000000,,,,,,,,
621900,2112.1,0.000000,,,,,,,,
622000,2112.4,0.000000,,,,,,,,
622100,2112.8,0.000001,,,,,,,,
622200,2113.1,0.000000,,,,,,,,
622300,2113.4,0.000000,,,,,,,,
622400,2113.7,0.000000,,,,,,,,
622500,2114.0,0.000000,,,,,,,,
622600,2114.4,0.000000,,,,,,,,
622700,2114.7,0.000001,,,,,,,,
622800,2115.0,0.000000,,,,,,,,
622900,2115.3,0.000001,,,,,,,,
623000,2115.6,0.000000,,,,,,,,
623100,2115.9,0.000001,,,,,,,,
623200,2116.3,0.000000,,,,,,,,
623300,2116.6,0.000000,,,,,,,,
623400,2116.9,0.000000,,,,,,,,
623500,2117.2,0.000000,,,,,,,,
623600,2117.5,0.000000,,,,,,,,
623700,2117.8,0.000000,,,,,,,,
623800,2118.2,0.000000,,,,,,,,
623900,2118.5,0.000000,,,,,,,,
624000,2118.8,0.000000,,,,,,,,
624100,2119.1,0.000001,,,,,,,,
624200,2119.4,0.000000,,,,,,,,
624300,2119.8,0.000000,,,,,,,,
624400,2120.1,0.000000,,,,,,,,
624500,2120.4,0.000000,,,,,,,,
624600,2120.7,0.000000,,,,,,,,
624700,2121.0,0.000001,,,,,,,,
624800,2121.3,0.000000,,,,,,,,
624900,2121.7,0.000001,,,,,,,,
625000,2123.1,0.000000,0.000000,5.785841e-02,2.324119e-03,1.747166e-03,0.000000,3.565203e-02,2.248527e-03,1.730153e-03
625100,2123.4,0.000000,,,,,,,,
625200,2123.7,0.000000,,,,,,,,
625300,2124.0,0.000000,,,,,,,,
625400,2124.4,0.000001,,,,,,,,
625500,2124.7,0.000000,,,,,,,,
625600,2125.0,0.000000,,,,,,,,
625700,2125.3,0.000000,,,,,,,,
625800,2125.6,0.000000,,,,,,,,
625900,2125.9,0.000000,,,,,,,,
626000,2126.3,0.000001,,,,,,,,
626100,2126.6,0.000000,,,,,,,,
626200,2126.9,0.000001,,,,,,,,
626300,2127.2,0.000000,,,,,,,,
626400,2127.5,0.000000,,,,,,,,
626500,2127.9,0.000000,,,,,,,,
626600,2128.2,0.000000,,,,,,,,
626700,2128.5,0.000000,,,,,,,,
626800,2128.8,0.000000,,,,,,,,
626900,2129.1,0.000000,,,,,,,,
627000,2129.4,0.000000,,,,,,,,
627100,2129.8,0.000000,,,,,,,,
627200,2130.1,0.000000,,,,,,,,
627300,2130.4,0.000000,,,,,,,,
627400,2130.7,0.000000,,,,,,,,
627500,2131.0,0.000000,,,,,,,,
627600,2131.3,0.000001,,,,,,,,
627700,2131.7,0.000000,,,,,,,,
627800,2132.0,0.000000,,,,,,,,
627900,2132.3,0.000000,,,,,,,,
628000,2132.6,0.000000,,,,,,,,
628100,2132.9,0.000000,,,,,,,,
628200,2133.3,0.000000,,,,,,,,
628300,2133.6,0.000000,,,,,,,,
628400,2133.9,0.000000,,,,,,,,
628500,2134.2,0.000000,,,,,,,,
628600,2134.5,0.000001,,,,,,,,
628700,2134.8,0.000000,,,,,,,,
628800,2135.2,0.000000,,,,,,,,
628900,2135.5,0.000000,,,,,,,,
629000,2135.8,0.000001,,,,,,,,
629100,2136.1,0.000000,,,,,,,,
629200,2136.4,0.000000,,,,,,,,
629300,2136.7,0.000000,,,,,,,,
629400,2137.1,0.000000,,,,,,,,
629500,2137.4,0.000000,,,,,,,,
629600,2137.7,0.000000,,,,,,,,
629700,2138.0,0.000000,,,,,,,,
629800,2138.3,0.000000,,,,,,,,
629900,2138.6,0.000000,,,,,,,,
630000,2140.1,0.000000,0.000001,6.078167e-02,3.525629e-03,2.881451e-03,0.000000,4.193992e-02,3.538933e-03,2.957602e-03
630100,2140.4,0.000000,,,,,,,,
630200,2140.7,0.000000,,,,,,,,
630300,2141.0,0.000000,,,,,,,,
630400,2141.4,0.000000,,,,,,,,
630500,2141.7,0.000001,,,,,,,,
630600,2142.0,0.000000,,,,,,,,
630700,2142.3,0.000000,,,,,,,,
630800,2142.6,0.000000,,,,,,,,
630900,2142.9,0.000000,,,,,,,,
631000,2143.3,0.000000,,,,,,,,
631100,2143.6,0.000000,,,,,,,,
631200,2143.9,0.000000,,,,,,,,
631300,2144.2,0.000000,,,,,,,,
631400,2144.5,0.000001,,,,,,,,
631500,2144.8,0.000000,,,,,,,,
631600,2145.2,0.000000,,,,,,,,
631700,2145.5,0.000000,,,,,,,,
631800,2145.8,0.000000,,,,,,,,
631900,2146.1,0.000001,,,,,,,,
632000,2146.4,0.000000,,,,,,,,
632100,2146.7,0.000000,,,,,,,,
632200,2147.1,0.000000,,,,,,,,
632300,2147.4,0.000000,,,,,,,,
632400,2147.7,0.000000,,,,,,,,
632500,2148.0,0.000000,,,,,,,,
632600,2148.3,0.000000,,,,,,,,
632700,2148.7,0.000000,,,,,,,,
632800,2149.0,0.000000,,,,,,,,
632900,2149.3,0.000001,,,,,,,,
633000,2149.6,0.000000,,,,,,,,
633100,2149.9,0.000000,,,,,,,,
633200,2150.2,0.000000,,,,,,,,
633300,2150.5,0.000000,,,,,,,,
633400,2150.9,0.000000,,,,,,,,
633500,2151.2,0.000001,,,,,,,,
633600,2151.5,0.000000,,,,,,,,
633700,2151.8,0.000000,,,,,,,,
633800,2152.1,0.000001,,,,,,,,
633900,2152.4,0.000000,,,,,,,,
634000,2152.8,0.000001,,,,,,,,
634100,2153.1,0.000000,,,,,,,,
634200,2153.4,0.000000,,,,,,,,
634300,2153.7,0.000000,,,,,,,,
634400,2154.0,0.000000,,,,,,,,
634500,2154.3,0.000000,,,,,,,,
634600,2154.7,0.000000,,,,,,,,
634700,2155.0,0.000000,,,,,,,,
634800,2155.3,0.000000,,,,,,,,
634900,2155.6,0.000000,,,,,,,,
635000,2157.1,0.000000,0.000000,7.343072e-02,2.023342e-03,1.471871e-03,0.000000,3.579579e-02,1.957742e-03,1.461558e-03
635100,2157.4,0.000000,,,,,,,,
635200,2157.7,0.000000,,,,,,,,
635300,2158.0,0.000000,,,,,,,,
635400,2158.3,0.000000,,,,,,,,
635500,2158.6,0.000000,,,,,,,,
635600,2159.0,0.000001,,,,,,,,
635700,2159.3,0.000001,,,,,,,,
635800,2159.6,0.000000,,,,,,,,
635900,2159.9,0.000000,,,,,,,,
636000,2160.2,0.000000,,,,,,,,
636100,2160.5,0.000000,,,,,,,,
636200,2160.9,0.000000,,,,,,,,
636300,2161.2,0.000000,,,,,,,,
636400,2161.5,0.000000,,,,,,,,
636500,2161.8,0.000000,,,,,,,,
636600,2162.1,0.000000,,,,,,,,
636700,2162.5,0.000001,,,,,,,,
636800,2162.8,0.000000,,,,,,,,
636900,2163.1,0.000000,,,,,,,,
637000,2163.4,0.000000,,,,,,,,
637100,2163.7,0.000000,,,,,,,,
637200,2164.0,0.000000,,,,,,,,
637300,2164.4,0.000001,,,,,,,,
637400,2164.7,0.000000,,,,,,,,
637500,2165.0,0.000000,,,,,,,,
637600,2165.3,0.000000,,,,,,,,
637700,2165.6,0.000000,,,,,,,,
637800,2165.9,0.000000,,,,,,,,
637900,2166.3,0.000000,,,,,,,,
638000,2166.6,0.000000,,,,,,,,
638100,2166.9,0.000000,,,,,,,,
638200,2167.2,0.000000,,,,,,,,
638300,2167.5,0.000000,,,,,,,,
638400,2167.8,0.000000,,,,,,,,
638500,2168.2,0.000000,,,,,,,,
638600,2168.5,0.000000,,,,,,,,
638700,2168.8,0.000000,,,,,,,,
638800,2169.1,0.000000,,,,,,,,
638900,2169.4,0.000000,,,,,,,,
639000,2169.7,0.000000,,,,,,,,
639100,2170.1,0.000000,,,,,,,,
639200,2170.4,0.000001,,,,,,,,
639300,2170.7,0.000000,,,,,,,,
639400,2171.0,0.000000,,,,,,,,
639500,2171.3,0.000000,,,,,,,,
639600,2171.7,0.000001,,,,,,,,
639700,2172.0,0.000001,,,,,,,,
639800,2172.3,0.000000,,,,,,,,
639900,2172.6,0.000001,,,,,,,,
640000,2174.1,0.000001,0.000000,8.137476e-02,2.671712e-03,2.130277e-03,0.000000,4.705663e-02,2.519295e-03,2.068829e-03
640100,2174.4,0.000000,,,,,,,,
640200,2174.7,0.000000,,,,,,,,
640300,2175.0,0.000000,,,,,,,,
640400,2175.3,0.000000,,,,,,,,
640500,2175.6,0.000000,,,,,,,,
640600,2175.9,0.000000,,,,,,,,
640700,2176.3,0.000000,,,,,,,,
640800,2176.6,0.000000,,,,,,,,
640900,2176.9,0.000000,,,,,,,,
641000,2177.2,0.000000,,,,,,,,
641100,2177.5,0.000000,,,,,,,,
641200,2177.8,0.000001,,,,,,,,
641300,2178.2,0.000000,,,,,,,,
641400,2178.5,0.000000,,,,,,,,
641500,2178.8,0.000000,,,,,,,,
641600,2179.1,0.000001,,,,,,,,
641700,2179.4,0.000000,,,,,,,,
641800,2179.8,0.000000,,,,,,,,
641900,2180.1,0.000000,,,,,,,,
642000,2180.4,0.000000,,,,,,,,
642100,2180.7,0.000000,,,,,,,,
642200,2181.0,0.000000,,,,,,,,
642300,2181.3,0.000000,,,,,,,,
642400,2181.7,0.000000,,,,,,,,
642500,2182.0,0.000000,,,,,,,,
642600,2182.3,0.000000,,,,,,,,
642700,2182.6,0.000000,,,,,,,,
642800,2182.9,0.000000,,,,,,,,
642900,2183.3,0.000001,,,,,,,,
643000,2183.6,0.000000,,,,,,,,
643100,2183.9,0.000000,,,,,,,,
643200,2184.2,0.000000,,,,,,,,
643300,2184.5,0.000001,,,,,,,,
643400,2184.8,0.000000,,,,,,,,
643500,2185.2,0.000000,,,,,,,,
643600,2185.5,0.000000,,,,,,,,
643700,2185.8,0.000000,,,,,,,,
643800,2186.1,0.000000,,,,,,,,
643900,2186.4,0.000000,,,,,,,,
644000,2186.7,0.000000,,,,,,,,
644100,2187.1,0.000001,,,,,,,,
644200,2187.4,0.000000,,,,,,,,
644300,2187.7,0.000000,,,,,,,,
644400,2188.0,0.000000,,,,,,,,
644500,2188.3,0.000000,,,,,,,,
644600,2188.7,0.000000,,,,,,,,
644700,2189.0,0.000000,,,,,,,,
644800,2189.3,0.000000,,,,,,,,
644900,2189.6,0.000000,,,,,,,,
645000,2191.1,0.000000,0.000000,9.476108e-02,2.770248e-03,2.291563e-03,0.000000,3.845186e-02,2.669378e-03,2.261487e-03
645100,2191.3,0.000001,,,,,,,,
645200,2191.7,0.000000,,,,,,,,
645300,2192.0,0.000000,,,,,,,,
645400,2192.3,0.000000,,,,,,,,
645500,2192.6,0.000000,,,,,,,,
645600,2192.9,0.000000,,,,,,,,
645700,2193.2,0.000000,,,,,,,,
645800,2193.6,0.000000,,,,,,,,
645900,2193.9,0.000000,,,,,,,,
646000,2194.2,0.000000,,,,,,,,
646100,2194.5,0.000000,,,,,,,,
646200,2194.8,0.000000,,,,,,,,
646300,2195.2,0.000000,,,,,,,,
646400,2195.5,0.000000,,,,,,,,
646500,2195.8,0.000001,,,,,,,,
646600,2196.1,0.000000,,,,,,,,
646700,2196.4,0.000000,,,,,,,,
646800,2196.7,0.000000,,,,,,,,
646900,2197.1,0.000000,,,,,,,,
647000,2197.4,0.000000,,,,,,,,
647100,2197.7,0.000000,,,,,,,,
647200,2198.0,0.000000,,,,,,,,
647300,2198.3,0.000000,,,,,,,,
647400,2198.6,0.000000,,,,,,,,
647500,2199.0,0.000000,,,,,,,,
647600,2199.3,0.000000,,,,,,,,
647700,2199.6,0.000000,,,,,,,,
647800,2199.9,0.000000,,,,,,,,
647900,2200.2,0.000001,,,,,,,,
648000,2200.6,0.000000,,,,,,,,
648100,2200.9,0.000000,,,,,,,,
648200,2201.2,0.000000,,,,,,,,
648300,2201.5,0.000000,,,,,,,,
648400,2201.8,0.000000,,,,,,,,
648500,2202.1,0.000000,,,,,,,,
648600,2202.5,0.000000,,,,,,,,
648700,2202.8,0.000000,,,,,,,,
648800,2203.1,0.000000,,,,,,,,
648900,2203.4,0.000000,,,,,,,,
649000,2203.7,0.000000,,,,,,,,
649100,2204.0,0.000000,,,,,,,,
649200,2204.4,0.000000,,,,,,,,
649300,2204.7,0.000000,,,,,,,,
649400,2205.0,0.000000,,,,,,,,
649500,2205.3,0.000000,,,,,,,,
649600,2205.6,0.000000,,,,,,,,
649700,2206.0,0.000000,,,,,,,,
649800,2206.3,0.000000,,,,,,,,
649900,2206.6,0.000000,,,,,,,,
650000,2208.0,0.000000,0.000000,7.998843e-02,3.011547e-03,2.373185e-03,0.000000,3.748388e-02,2.953836e-03,2.348264e-03
650100,2208.3,0.000000,,,,,,,,
650200,2208.6,0.000000,,,,,,,,
650300,2209.0,0.000000,,,,,,,,
650400,2209.3,0.000000,,,,,,,,
650500,2209.6,0.000000,,,,,,,,
650600,2209.9,0.000000,,,,,,,,
650700,2210.2,0.000000,,,,,,,,
650800,2210.5,0.000001,,,,,,,,
650900,2210.9,0.000000,,,,,,,,
651000,2211.2,0.000000,,,,,,,,
651100,2211.5,0.000000,,,,,,,,
651200,2211.8,0.000000,,,,,,,,
651300,2212.1,0.000000,,,,,,,,
651400,2212.5,0.000001,,,,,,,,
651500,2212.8,0.000000,,,,,,,,
651600,2213.1,0.000000,,,,,,,,
651700,2213.4,0.000000,,,,,,,,
651800,2213.7,0.000000,,,,,,,,
651900,2214.0,0.000000,,,,,,,,
652000,2214.4,0.000000,,,,,,,,
652100,2214.7,0.000000,,,,,,,,
652200,2215.0,0.000000,,,,,,,,
652300,2215.3,0.000000,,,,,,,,
652400,2215.6,0.000000,,,,,,,,
652500,2215.9,0.000000,,,,,,,,
652600,2216.3,0.000001,,,,,,,,
652700,2216.6,0.000000,,,,,,,,
652800,2216.9,0.000000,,,,,,,,
652900,2217.2,0.000000,,,,,,,,
653000,2217.5,0.000000,,,,,,,,
653100,2217.9,0.000000,,,,,,,,
653200,2218.2,0.000000,,,,,,,,
653300,2218.5,0.000002,,,,,,,,
653400,2218.8,0.000000,,,,,,,,
653500,2219.1,0.000000,,,,,,,,
653600,2219.4,0.000000,,,,,,,,
653700,2219.8,0.000000,,,,,,,,
653800,2220.1,0.000000,,,,,,,,
653900,2220.4,0.000001,,,,,,,,
654000,2220.7,0.000000,,,,,,,,
654100,2221.0,0.000000,,,,,,,,
654200,2221.3,0.000000,,,,,,,,
654300,2221.7,0.000000,,,,,,,,
654400,2222.0,0.000000,,,,,,,,
654500,2222.3,0.000000,,,,,,,,
654600,2222.6,0.000000,,,,,,,,
654700,2222.9,0.000000,,,,,,,,
654800,2223.2,0.000000,,,,,,,,
654900,2223.6,0.000000,,,,,,,,
655000,2225.0,0.000000,0.000000,5.041492e-02,2.524689e-03,1.906856e-03,0.000000,3.557645e-02,2.434353e-03,1.866366e-03
655100,2225.3,0.000000,,,,,,,,
655200,2225.6,0.000000,,,,,,,,
655300,2225.9,0.000001,,,,,,,,
655400,2226.3,0.000000,,,,,,,,
655500,2226.6,0.000000,,,,,,,,
655600,2226.9,0.000000,,,,,,,,
655700,2227.2,0.000000,,,,,,,,
655800,2227.5,0.000000,,,,,,,,
655900,2227.8,0.000000,,,,,,,,
656000,2228.2,0.000000,,,,,,,,
656100,2228.5,0.000000,,,,,,,,
656200,2228.8,0.000000,,,,,,,,
656300,2229.1,0.000000,,,,,,,,
656400,2229.4,0.000000,,,,,,,,
656500,2229.8,0.000001,,,,,,,,
656600,2230.1,0.000000,,,,,,,,
656700,2230.4,0.000000,,,,,,,,
656800,2230.7,0.000000,,,,,,,,
656900,2231.0,0.000000,,,,,,,,
657000,2231.3,0.000001,,,,,,,,
657100,2231.7,0.000000,,,,,,,,
657200,2232.0,0.000000,,,,,,,,
657300,2232.3,0.000000,,,,,,,,
657400,2232.6,0.000000,,,,,,,,
657500,2232.9,0.000000,,,,,,,,
657600,2233.3,0.000000,,,,,,,,
657700,2233.6,0.000000,,,,,,,,
657800,2233.9,0.000000,,,,,,,,
657900,2234.2,0.000000,,,,,,,,
658000,2234.5,0.000000,,,,,,,,
658100,2234.8,0.000000,,,,,,,,
658200,2235.2,0.000000,,,,,,,,
658300,2235.5,0.000000,,,,,,,,
658400,2235.8,0.000000,,,,,,,,
658500,2236.1,0.000000,,,,,,,,
658600,2236.4,0.000000,,,,,,,,
658700,2236.7,0.000000,,,,,,,,
658800,2237.1,0.000000,,,,,,,,
658900,2237.4,0.000000,,,,,,,,
659000,2237.7,0.000000,,,,,,,,
659100,2238.0,0.000000,,,,,,,,
659200,2238.3,0.000000,,,,,,,,
659300,2238.7,0.000000,,,,,,,,
659400,2239.0,0.000000,,,,,,,,
659500,2239.3,0.000001,,,,,,,,
659600,2239.6,0.000000,,,,,,,,
659700,2239.9,0.000000,,,,,,,,
659800,2240.2,0.000001,,,,,,,,
659900,2240.6,0.000000,,,,,,,,
660000,2242.0,0.000000,0.000000,4.144521e-02,1.889611e-03,1.349337e-03,0.000000,3.507458e-02,1.796325e-03,1.311561e-03
660100,2242.3,0.000000,,,,,,,,
660200,2242.6,0.000000,,,,,,,,
660300,2242.9,0.000000,,,,,,,,
660400,2243.3,0.000000,,,,,,,,
660500,2243.6,0.000000,,,,,,,,
660600,2243.9,0.000000,,,,,,,,
660700,2244.2,0.000000,,,,,,,,
660800,2244.5,0.000000,,,,,,,,
660900,2244.8,0.000001,,,,,,,,
661000,2245.2,0.000000,,,,,,,,
661100,2245.5,0.000000,,,,,,,,
661200,2245.8,0.000000,,,,,,,,
661300,2246.1,0.000000,,,,,,,,
661400,2246.4,0.000000,,,,,,,,
661500,2246.7,0.000000,,,,,,,,
661600,2247.1,0.000000,,,,,,,,
661700,2247.4,0.000000,,,,,,,,
661800,2247.7,0.000000,,,,,,,,
661900,2248.0,0.000000,,,,,,,,
662000,2248.3,0.000000,,,,,,,,
662100,2248.6,0.000000,,,,,,,,
662200,2249.0,0.000000,,,,,,,,
662300,2249.3,0.000000,,,,,,,,
662400,2249.6,0.000000,,,,,,,,
662500,2249.9,0.000000,,,,,,,,
662600,2250.2,0.000000,,,,,,,,
662700,2250.6,0.000000,,,,,,,,
662800,2250.9,0.000000,,,,,,,,
662900,2251.2,0.000001,,,,,,,,
663000,2251.5,0.000000,,,,,,,,
663100,2251.8,0.000000,,,,,,,,
663200,2252.1,0.000000,,,,,,,,
663300,2252.5,0.000000,,,,,,,,
663400,2252.8,0.000000,,,,,,,,
663500,2253.1,0.000000,,,,,,,,
663600,2253.4,0.000000,,,,,,,,
663700,2253.7,0.000000,,,,,,,,
663800,2254.0,0.000000,,,,,,,,
663900,2254.4,0.000000,,,,,,,,
664000,2254.7,0.000000,,,,,,,,
664100,2254.9,0.000000,,,,,,,,
664200,2255.2,0.000000,,,,,,,,
664300,2255.5,0.000000,,,,,,,,
664400,2255.9,0.000000,,,,,,,,
664500,2256.2,0.000000,,,,,,,,
664600,2256.5,0.000000,,,,,,,,
664700,2256.8,0.000000,,,,,,,,
664800,2257.1,0.000000,,,,,,,,
664900,2257.4,0.000000,,,,,,,,
665000,2258.9,0.000000,0.000000,4.709668e-02,2.064530e-03,1.549856e-03,0.000000,3.503786e-02,1.996566e-03,1.537016e-03
665100,2259.2,0.000000,,,,,,,,
665200,2259.5,0.000000,,,,,,,,
665300,2259.8,0.000000,,,,,,,,
665400,2260.1,0.000000,,,,,,,,
665500,2260.5,0.000000,,,,,,,,
665600,2260.8,0.000000,,,,,,,,
665700,2261.1,0.000000,,,,,,,,
665800,2261.4,0.000000,,,,,,,,
665900,2261.7,0.000000,,,,,,,,
666000,2262.0,0.000000,,,,,,,,
666100,2262.4,0.000000,,,,,,,,
666200,2262.7,0.000000,,,,,,,,
666300,2263.0,0.000000,,,,,,,,
666400,2263.3,0.000000,,,,,,,,
666500,2263.6,0.000000,,,,,,,,
666600,2264.0,0.000000,,,,,,,,
666700,2264.3,0.000000,,,,,,,,
666800,2264.6,0.000000,,,,,,,,
666900,2264.9,0.000000,,,,,,,,
667000,2265.2,0.000000,,,,,,,,
667100,2265.5,0.000000,,,,,,,,
667200,2265.9,0.000000,,,,,,,,
667300,2266.2,0.000000,,,,,,,,
667400,2266.5,0.000000,,,,,,,,
667500,2266.8,0.000000,,,,,,,,
667600,2267.1,0.000000,,,,,,,,
667700,2267.5,0.000000,,,,,,,,
667800,2267.8,0.000000,,,,,,,,
667900,2268.1,0.000000,,,,,,,,
668000,2268.4,0.000000,,,,,,,,
668100,2268.7,0.000000,,,,,,,,
668200,2269.0,0.000000,,,,,,,,
668300,2269.4,0.000000,,,,,,,,
668400,2269.7,0.000000,,,,,,,,
668500,2270.0,0.000000,,,,,,,,
668600,2270.3,0.000000,,,,,,,,
668700,2270.6,0.000000,,,,,,,,
668800,2270.9,0.000000,,,,,,,,
668900,2271.3,0.000000,,,,,,,,
669000,2271.6,0.000001,,,,,,,,
669100,2271.9,0.000000,,,,,,,,
669200,2272.2,0.000000,,,,,,,,
669300,2272.5,0.000000,,,,,,,,
669400,2272.9,0.000000,,,,,,,,
669500,2273.2,0.000000,,,,,,,,
669600,2273.5,0.000000,,,,,,,,
669700,2273.8,0.000000,,,,,,,,
669800,2274.1,0.000000,,,,,,,,
669900,2274.4,0.000000,,,,,,,,
670000,2275.9,0.000000,0.000000,5.432458e-02,2.243576e-03,1.758268e-03,0.000000,4.477830e-02,2.132780e-03,1.697140e-03
670100,2276.2,0.000000,,,,,,,,
670200,2276.5,0.000000,,,,,,,,
670300,2276.8,0.000000,,,,,,,,
670400,2277.2,0.000000,,,,,,,,
670500,2277.5,0.000000,,,,,,,,
670600,2277.8,0.000000,,,,,,,,
670700,2278.1,0.000000,,,,,,,,
670800,2278.4,0.000000,,,,,,,,
670900,2278.7,0.000000,,,,,,,,
671000,2279.1,0.000000,,,,,,,,
671100,2279.4,0.000000,,,,,,,,
671200,2279.7,0.000000,,,,,,,,
671300,2280.0,0.000000,,,,,,,,
671400,2280.3,0.000000,,,,,,,,
671500,2280.6,0.000000,,,,,,,,
671600,2281.0,0.000000,,,,,,,,
671700,2281.3,0.000000,,,,,,,,
671800,2281.6,0.000000,,,,,,,,
671900,2281.9,0.000000,,,,,,,,
672000,2282.2,0.000000,,,,,,,,
672100,2282.5,0.000000,,,,,,,,
672200,2282.9,0.000000,,,,,,,,
672300,2283.2,0.000000,,,,,,,,
672400,2283.5,0.000000,,,,,,,,
672500,2283.8,0.000000,,,,,,,,
672600,2284.1,0.000000,,,,,,,,
672700,2284.4,0.000000,,,,,,,,
672800,2284.8,0.000000,,,,,,,,
672900,2285.1,0.000001,,,,,,,,
673000,2285.4,0.000000,,,,,,,,
673100,2285.7,0.000000,,,,,,,,
673200,2286.0,0.000000,,,,,,,,
673300,2286.3,0.000000,,,,,,,,
673400,2286.7,0.000000,,,,,,,,
673500,2287.0,0.000000,,,,,,,,
673600,2287.3,0.000001,,,,,,,,
673700,2287.6,0.000000,,,,,,,,
673800,2287.9,0.000000,,,,,,,,
673900,2288.2,0.000000,,,,,,,,
674000,2288.6,0.000000,,,,,,,,
674100,2288.9,0.000001,,,,,,,,
674200,2289.2,0.000000,,,,,,,,
674300,2289.5,0.000000,,,,,,,,
674400,2289.8,0.000000,,,,,,,,
674500,2290.1,0.000000,,,,,,,,
674600,2290.5,0.000000,,,,,,,,
674700,2290.8,0.000000,,,,,,,,
674800,2291.1,0.000000,,,,,,,,
674900,2291.4,0.000000,,,,,,,,
675000,2292.9,0.000000,0.000000,7.631201e-02,2.326709e-03,1.822605e-03,0.000000,3.440033e-02,2.261539e-03,1.810274e-03
675100,2293.2,0.000000,,,,,,,,
675200,2293.5,0.000000,,,,,,,,
675300,2293.8,0.000000,,,,,,,,
675400,2294.1,0.000000,,,,,,,,
675500,2294.4,0.000000,,,,,,,,
675600,2294.7,0.000000,,,,,,,,
675700,2295.1,0.000000,,,,,,,,
675800,2295.4,0.000000,,,,,,,,
675900,2295.7,0.000000,,,,,,,,
676000,2296.0,0.000000,,,,,,,,
676100,2296.3,0.000000,,,,,,,,
676200,2296.7,0.000000,,,,,,,,
676300,2297.0,0.000000,,,,,,,,
676400,2297.3,0.000000,,,,,,,,
676500,2297.6,0.000000,,,,,,,,
676600,2297.9,0.000000,,,,,,,,
676700,2298.2,0.000000,,,,,,,,
676800,2298.6,0.000000,,,,,,,,
676900,2298.9,0.000000,,,,,,,,
677000,2299.2,0.000000,,,,,,,,
677100,2299.5,0.000000,,,,,,,,
677200,2299.8,0.000000,,,,,,,,
677300,2300.1,0.000000,,,,,,,,
677400,2300.5,0.000000,,,,,,,,
677500,2300.8,0.000000,,,,,,,,
677600,2301.1,0.000000,,,,,,,,
677700,2301.4,0.000000,,,,,,,,
677800,2301.7,0.000000,,,,,,,,
677900,2302.1,0.000001,,,,,,,,
678000,2302.4,0.000000,,,,,,,,
678100,2302.7,0.000000,,,,,,,,
678200,2303.0,0.000000,,,,,,,,
678300,2303.3,0.000000,,,,,,,,
678400,2303.6,0.000000,,,,,,,,
678500,2304.0,0.000000,,,,,,,,
678600,2304.3,0.000000,,,,,,,,
678700,2304.6,0.000001,,,,,,,,
678800,2304.9,0.000000,,,,,,,,
678900,2305.2,0.000000,,,,,,,,
679000,2305.5,0.000000,,,,,,,,
679100,2305.9,0.000000,,,,,,,,
679200,2306.2,0.000000,,,,,,,,
679300,2306.5,0.000000,,,,,,,,
679400,2306.8,0.000000,,,,,,,,
679500,2307.1,0.000000,,,,,,,,
679600,2307.4,0.000000,,,,,,,,
679700,2307.8,0.000000,,,,,,,,
679800,2308.1,0.000000,,,,,,,,
679900,2308.4,0.000000,,,,,,,,
680000,2309.9,0.000000,0.000000,5.047006e-02,2.161278e-03,1.472259e-03,0.000000,3.452144e-02,2.112903e-03,1.475941e-03
680100,2310.2,0.000000,,,,,,,,
680200,2310.5,0.000000,,,,,,,,
680300,2310.8,0.000000,,,,,,,,
680400,2311.1,0.000000,,,,,,,,
680500,2311.4,0.000000,,,,,,,,
680600,2311.8,0.000000,,,,,,,,
680700,2312.1,0.000000,,,,,,,,
680800,2312.4,0.000000,,,,,,,,
680900,2312.7,0.000000,,,,,,,,
681000,2313.0,0.000000,,,,,,,,
681100,2313.3,0.000000,,,,,,,,
681200,2313.7,0.000000,,,,,,,,
681300,2314.0,0.000000,,,,,,,,
681400,2314.3,0.000000,,,,,,,,
681500,2314.6,0.000001,,,,,,,,
681600,2314.9,0.000000,,,,,,,,
681700,2315.2,0.000000,,,,,,,,
681800,2315.6,0.000000,,,,,,,,
681900,2315.9,0.000000,,,,,,,,
682000,2316.2,0.000000,,,,,,,,
682100,2316.5,0.000000,,,,,,,,
682200,2316.8,0.000000,,,,,,,,
682300,2317.1,0.000000,,,,,,,,
682400,2317.5,0.000000,,,,,,,,
682500,2317.8,0.000000,,,,,,,,
682600,2318.1,0.000001,,,,,,,,
682700,2318.4,0.000000,,,,,,,,
682800,2318.7,0.000000,,,,,,,,
682900,2319.0,0.000000,,,,,,,,
683000,2319.4,0.000000,,,,,,,,
683100,2319.7,0.000000,,,,,,,,
683200,2320.0,0.000000,,,,,,,,
683300,2320.3,0.000000,,,,,,,,
683400,2320.6,0.000000,,,,,,,,
683500,2320.9,0.000000,,,,,,,,
683600,2321.3,0.000000,,,,,,,,
683700,2321.6,0.000000,,,,,,,,
683800,2321.9,0.000001,,,,,,,,
683900,2322.2,0.000000,,,,,,,,
684000,2322.5,0.000001,,,,,,,,
684100,2322.8,0.000000,,,,,,,,
684200,2323.2,0.000000,,,,,,,,
684300,2323.5,0.000000,,,,,,,,
684400,2323.8,0.000000,,,,,,,,
684500,2324.1,0.000000,,,,,,,,
684600,2324.4,0.000000,,,,,,,,
684700,2324.8,0.000000,,,,,,,,
684800,2325.1,0.000000,,,,,,,,
684900,2325.4,0.000000,,,,,,,,
685000,2326.8,0.000000,0.000000,4.792709e-02,2.221034e-03,1.741369e-03,0.000000,3.475009e-02,2.161320e-03,1.724072e-03
685100,2327.1,0.000000,,,,,,,,
685200,2327.5,0.000000,,,,,,,,
685300,2327.8,0.000000,,,,,,,,
685400,2328.1,0.000000,,,,,,,,
685500,2328.4,0.000000,,,,,,,,
685600,2328.7,0.000000,,,,,,,,
685700,2329.0,0.000000,,,,,,,,
685800,2329.4,0.000000,,,,,,,,
685900,2329.7,0.000000,,,,,,,,
686000,2330.0,0.000000,,,,,,,,
686100,2330.3,0.000000,,,,,,,,
686200,2330.6,0.000000,,,,,,,,
686300,2331.0,0.000000,,,,,,,,
686400,2331.3,0.000000,,,,,,,,
686500,2331.6,0.000000,,,,,,,,
686600,2331.9,0.000000,,,,,,,,
686700,2332.2,0.000001,,,,,,,,
686800,2332.5,0.000000,,,,,,,,
686900,2332.9,0.000000,,,,,,,,
687000,2333.2,0.000000,,,,,,,,
687100,2333.5,0.000000,,,,,,,,
687200,2333.8,0.000000,,,,,,,,
687300,2334.1,0.000000,,,,,,,,
687400,2334.5,0.000000,,,,,,,,
687500,2334.8,0.000000,,,,,,,,
687600,2335.1,0.000000,,,,,,,,
687700,2335.4,0.000000,,,,,,,,
687800,2335.7,0.000000,,,,,,,,
687900,2336.0,0.000000,,,,,,,,
688000,2336.4,0.000000,,,,,,,,
688100,2336.7,0.000000,,,,,,,,
688200,2337.0,0.000000,,,,,,,,
688300,2337.3,0.000000,,,,,,,,
688400,2337.6,0.000000,,,,,,,,
688500,2337.9,0.000000,,,,,,,,
688600,2338.3,0.000000,,,,,,,,
688700,2338.6,0.000000,,,,,,,,
688800,2338.9,0.000000,,,,,,,,
688900,2339.2,0.000000,,,,,,,,
689000,2339.5,0.000000,,,,,,,,
689100,2339.9,0.000000,,,,,,,,
689200,2340.2,0.000000,,,,,,,,
689300,2340.5,0.000000,,,,,,,,
689400,2340.8,0.000000,,,,,,,,
689500,2341.1,0.000000,,,,,,,,
689600,2341.4,0.000000,,,,,,,,
689700,2341.8,0.000000,,,,,,,,
689800,2342.1,0.000000,,,,,,,,
689900,2342.4,0.000000,,,,,,,,
690000,2343.8,0.000000,0.000000,4.043996e-02,2.058440e-03,1.519916e-03,0.000000,3.405200e-02,2.003270e-03,1.494073e-03
690100,2344.1,0.000001,,,,,,,,
690200,2344.5,0.000000,,,,,,,,
690300,2344.8,0.000000,,,,,,,,
690400,2345.1,0.000000,,,,,,,,
690500,2345.4,0.000000,,,,,,,,
690600,2345.7,0.000000,,,,,,,,
690700,2346.1,0.000000,,,,,,,,
690800,2346.4,0.000000,,,,,,,,
690900,2346.7,0.000000,,,,,,,,
691000,2347.0,0.000000,,,,,,,,
691100,2347.3,0.000000,,,,,,,,
691200,2347.6,0.000000,,,,,,,,
691300,2348.0,0.000000,,,,,,,,
691400,2348.3,0.000000,,,,,,,,
691500,2348.6,0.000000,,,,,,,,
691600,2348.9,0.000000,,,,,,,,
691700,2349.2,0.000000,,,,,,,,
691800,2349.5,0.000000,,,,,,,,
691900,2349.9,0.000000,,,,,,,,
692000,2350.2,0.000000,,,,,,,,
692100,2350.5,0.000000,,,,,,,,
692200,2350.8,0.000000,,,,,,,,
692300,2351.1,0.000000,,,,,,,,
692400,2351.4,0.000000,,,,,,,,
692500,2351.8,0.000000,,,,,,,,
692600,2352.1,0.000000,,,,,,,,
692700,2352.4,0.000000,,,,,,,,
692800,2352.7,0.000000,,,,,,,,
692900,2353.0,0.000000,,,,,,,,
693000,2353.3,0.000000,,,,,,,,
693100,2353.7,0.000000,,,,,,,,
693200,2354.0,0.000000,,,,,,,,
693300,2354.3,0.000000,,,,,,,,
693400,2354.6,0.000000,,,,,,,,
693500,2354.9,0.000000,,,,,,,,
693600,2355.3,0.000000,,,,,,,,
693700,2355.6,0.000000,,,,,,,,
693800,2355.9,0.000000,,,,,,,,
693900,2356.2,0.000000,,,,,,,,
694000,2356.5,0.000000,,,,,,,,
694100,2356.8,0.000000,,,,,,,,
694200,2357.2,0.000000,,,,,,,,
694300,2357.5,0.000000,,,,,,,,
694400,2357.8,0.000000,,,,,,,,
694500,2358.1,0.000000,,,,,,,,
694600,2358.4,0.000000,,,,,,,,
694700,2358.7,0.000000,,,,,,,,
694800,2359.1,0.000000,,,,,,,,
694900,2359.4,0.000000,,,,,,,,
695000,2360.8,0.000000,0.000000,4.777205e-02,2.027670e-03,1.480628e-03,0.000000,3.435121e-02,1.960359e-03,1.463491e-03
695100,2361.1,0.000000,,,,,,,,
695200,2361.5,0.000000,,,,,,,,
695300,2361.8,0.000000,,,,,,,,
695400,2362.1,0.000000,,,,,,,,
695500,2362.4,0.000000,,,,,,,,
695600,2362.7,0.000000,,,,,,,,
695700,2363.0,0.000000,,,,,,,,
695800,2363.4,0.000000,,,,,,,,
695900,2363.7,0.000000,,,,,,,,
696000,2364.0,0.000001,,,,,,,,
696100,2364.3,0.000000,,,,,,,,
696200,2364.6,0.000000,,,,,,,,
696300,2364.9,0.000000,,,,,,,,
696400,2365.3,0.000000,,,,,,,,
696500,2365.6,0.000000,,,,,,,,
696600,2365.9,0.000000,,,,,,,,
696700,2366.2,0.000000,,,,,,,,
696800,2366.5,0.000000,,,,,,,,
696900,2366.9,0.000000,,,,,,,,
697000,2367.2,0.000000,,,,,,,,
697100,2367.5,0.000000,,,,,,,,
697200,2367.8,0.000000,,,,,,,,
697300,2368.1,0.000000,,,,,,,,
697400,2368.4,0.000000,,,,,,,,
697500,2368.8,0.000000,,,,,,,,
697600,2369.1,0.000000,,,,,,,,
697700,2369.4,0.000000,,,,,,,,
697800,2369.7,0.000000,,,,,,,,
697900,2370.0,0.000000,,,,,,,,
698000,2370.3,0.000000,,,,,,,,
698100,2370.7,0.000000,,,,,,,,
698200,2371.0,0.000000,,,,,,,,
698300,2371.3,0.000000,,,,,,,,
698400,2371.6,0.000000,,,,,,,,
698500,2371.9,0.000000,,,,,,,,
698600,2372.2,0.000000,,,,,,,,
698700,2372.6,0.000000,,,,,,,,
698800,2372.9,0.000001,,,,,,,,
698900,2373.2,0.000000,,,,,,,,
699000,2373.5,0.000000,,,,,,,,
699100,2373.8,0.000000,,,,,,,,
699200,2374.1,0.000000,,,,,,,,
699300,2374.5,0.000002,,,,,,,,
699400,2374.8,0.000000,,,,,,,,
699500,2375.1,0.000000,,,,,,,,
699600,2375.4,0.000000,,,,,,,,
699700,2375.7,0.000000,,,,,,,,
699800,2376.0,0.000000,,,,,,,,
699900,2376.4,0.000000,,,,,,,,
700000,2377.8,0.000000,0.000000,4.349751e-02,1.909881e-03,1.397847e-03,0.000000,3.381906e-02,1.839830e-03,1.385776e-03
700100,2378.1,0.000000,,,,,,,,
700200,2378.4,0.000000,,,,,,,,
700300,2378.7,0.000000,,,,,,,,
700400,2379.1,0.000000,,,,,,,,
700500,2379.4,0.000000,,,,,,,,
700600,2379.7,0.000000,,,,,,,,
700700,2380.0,0.000000,,,,,,,,
700800,2380.3,0.000000,,,,,,,,
700900,2380.7,0.000000,,,,,,,,
701000,2381.0,0.000000,,,,,,,,
701100,2381.3,0.000000,,,,,,,,
701200,2381.6,0.000000,,,,,,,,
701300,2381.9,0.000000,,,,,,,,
701400,2382.2,0.000000,,,,,,,,
701500,2382.6,0.000000,,,,,,,,
701600,2382.9,0.000000,,,,,,,,
701700,2383.2,0.000000,,,,,,,,
701800,2383.5,0.000000,,,,,,,,
701900,2383.8,0.000000,,,,,,,,
702000,2384.1,0.000000,,,,,,,,
702100,2384.5,0.000000,,,,,,,,
702200,2384.8,0.000000,,,,,,,,
702300,2385.1,0.000000,,,,,,,,
702400,2385.4,0.000000,,,,,,,,
702500,2385.7,0.000001,,,,,,,,
702600,2386.1,0.000000,,,,,,,,
702700,2386.4,0.000000,,,,,,,,
702800,2386.7,0.000000,,,,,,,,
702900,2387.0,0.000000,,,,,,,,
703000,2387.3,0.000000,,,,,,,,
703100,2387.6,0.000000,,,,,,,,
703200,2388.0,0.000000,,,,,,,,
703300,2388.3,0.000000,,,,,,,,
703400,2388.6,0.000000,,,,,,,,
703500,2388.9,0.000000,,,,,,,,
703600,2389.2,0.000000,,,,,,,,
703700,2389.5,0.000000,,,,,,,,
703800,2389.9,0.000000,,,,,,,,
703900,2390.2,0.000000,,,,,,,,
704000,2390.5,0.000000,,,,,,,,
704100,2390.8,0.000000,,,,,,,,
704200,2391.1,0.000000,,,,,,,,
704300,2391.4,0.000000,,,,,,,,
704400,2391.8,0.000000,,,,,,,,
704500,2392.1,0.000000,,,,,,,,
704600,2392.4,0.000000,,,,,,,,
704700,2392.7,0.000000,,,,,,,,
704800,2393.0,0.000000,,,,,,,,
704900,2393.3,0.000000,,,,,,,,
705000,2394.8,0.000000,0.000000,4.163689e-02,1.941799e-03,1.440256e-03,0.000000,3.316222e-02,1.871885e-03,1.406437e-03
705100,2395.1,0.000000,,,,,,,,
705200,2395.4,0.000000,,,,,,,,
705300,2395.7,0.000000,,,,,,,,
705400,2396.0,0.000000,,,,,,,,
705500,2396.4,0.000000,,,,,,,,
705600,2396.7,0.000000,,,,,,,,
705700,2397.0,0.000000,,,,,,,,
705800,2397.3,0.000000,,,,,,,,
705900,2397.6,0.000000,,,,,,,,
706000,2397.9,0.000000,,,,,,,,
706100,2398.3,0.000000,,,,,,,,
706200,2398.6,0.000000,,,,,,,,
706300,2398.8,0.000000,,,,,,,,
706400,2399.1,0.000000,,,,,,,,
706500,2399.4,0.000001,,,,,,,,
706600,2399.8,0.000000,,,,,,,,
706700,2400.1,0.000000,,,,,,,,
706800,2400.4,0.000000,,,,,,,,
706900,2400.7,0.000000,,,,,,,,
707000,2401.0,0.000000,,,,,,,,
707100,2401.4,0.000000,,,,,,,,
707200,2401.7,0.000000,,,,,,,,
707300,2402.0,0.000000,,,,,,,,
707400,2402.3,0.000000,,,,,,,,
707500,2402.6,0.000000,,,,,,,,
707600,2402.9,0.000000,,,,,,,,
707700,2403.3,0.000000,,,,,,,,
707800,2403.6,0.000000,,,,,,,,
707900,2403.9,0.000000,,,,,,,,
708000,2404.2,0.000000,,,,,,,,
708100,2404.5,0.000000,,,,,,,,
708200,2404.8,0.000000,,,,,,,,
708300,2405.2,0.000000,,,,,,,,
708400,2405.5,0.000000,,,,,,,,
708500,2405.8,0.000000,,,,,,,,
708600,2406.1,0.000000,,,,,,,,
708700,2406.4,0.000000,,,,,,,,
708800,2406.7,0.000000,,,,,,,,
708900,2407.1,0.000000,,,,,,,,
709000,2407.4,0.000000,,,,,,,,
709100,2407.7,0.000000,,,,,,,,
709200,2408.0,0.000000,,,,,,,,
709300,2408.3,0.000000,,,,,,,,
709400,2408.6,0.000000,,,,,,,,
709500,2409.0,0.000000,,,,,,,,
709600,2409.3,0.000000,,,,,,,,
709700,2409.6,0.000000,,,,,,,,
709800,2409.9,0.000000,,,,,,,,
709900,2410.2,0.000000,,,,,,,,
710000,2411.7,0.000000,0.000000,5.320163e-02,2.387764e-03,1.918674e-03,0.000000,3.381477e-02,2.339398e-03,1.903972e-03
710100,2412.0,0.000000,,,,,,,,
710200,2412.3,0.000000,,,,,,,,
710300,2412.6,0.000000,,,,,,,,
710400,2412.9,0.000000,,,,,,,,
710500,2413.2,0.000000,,,,,,,,
710600,2413.6,0.000000,,,,,,,,
710700,2413.9,0.000000,,,,,,,,
710800,2414.2,0.000000,,,,,,,,
710900,2414.5,0.000000,,,,,,,,
711000,2414.8,0.000000,,,,,,,,
711100,2415.2,0.000000,,,,,,,,
711200,2415.5,0.000000,,,,,,,,
711300,2415.8,0.000000,,,,,,,,
711400,2416.1,0.000000,,,,,,,,
711500,2416.4,0.000000,,,,,,,,
711600,2416.7,0.000000,,,,,,,,
711700,2417.1,0.000000,,,,,,,,
711800,2417.4,0.000000,,,,,,,,
711900,2417.7,0.000000,,,,,,,,
712000,2418.0,0.000000,,,,,,,,
712100,2418.3,0.000000,,,,,,,,
712200,2418.6,0.000000,,,,,,,,
712300,2419.0,0.000000,,,,,,,,
712400,2419.3,0.000000,,,,,,,,
712500,2419.6,0.000000,,,,,,,,
712600,2419.9,0.000000,,,,,,,,
712700,2420.2,0.000000,,,,,,,,
712800,2420.6,0.000000,,,,,,,,
712900,2420.9,0.000000,,,,,,,,
713000,2421.2,0.000000,,,,,,,,
713100,2421.5,0.000000,,,,,,,,
713200,2421.8,0.000000,,,,,,,,
713300,2422.1,0.000000,,,,,,,,
713400,2422.5,0.000000,,,,,,,,
713500,2422.8,0.000000,,,,,,,,
713600,2423.1,0.000000,,,,,,,,
713700,2423.4,0.000000,,,,,,,,
713800,2423.7,0.000000,,,,,,,,
713900,2424.0,0.000000,,,,,,,,
714000,2424.4,0.000001,,,,,,,,
714100,2424.7,0.000000,,,,,,,,
714200,2425.0,0.000000,,,,,,,,
714300,2425.3,0.000000,,,,,,,,
714400,2425.6,0.000001,,,,,,,,
714500,2426.0,0.000000,,,,,,,,
714600,2426.3,0.000000,,,,,,,,
714700,2426.6,0.000000,,,,,,,,
714800,2426.9,0.000000,,,,,,,,
714900,2427.2,0.000000,,,,,,,,
715000,2428.7,0.000000,0.000000,3.823919e-02,1.918926e-03,1.327062e-03,0.000000,3.323518e-02,1.838702e-03,1.314878e-03
715100,2429.0,0.000000,,,,,,,,
715200,2429.3,0.000000,,,,,,,,
715300,2429.6,0.000000,,,,,,,,
715400,2429.9,0.000000,,,,,,,,
715500,2430.2,0.000000,,,,,,,,
715600,2430.6,0.000000,,,,,,,,
715700,2430.9,0.000000,,,,,,,,
715800,2431.2,0.000000,,,,,,,,
715900,2431.5,0.000000,,,,,,,,
716000,2431.8,0.000000,,,,,,,,
716100,2432.1,0.000000,,,,,,,,
716200,2432.5,0.000000,,,,,,,,
716300,2432.8,0.000000,,,,,,,,
716400,2433.1,0.000000,,,,,,,,
716500,2433.4,0.000000,,,,,,,,
716600,2433.7,0.000000,,,,,,,,
716700,2434.0,0.000000,,,,,,,,
716800,2434.4,0.000000,,,,,,,,
716900,2434.7,0.000000,,,,,,,,
717000,2435.0,0.000000,,,,,,,,
717100,2435.3,0.000000,,,,,,,,
717200,2435.6,0.000000,,,,,,,,
717300,2436.0,0.000000,,,,,,,,
717400,2436.3,0.000000,,,,,,,,
717500,2436.6,0.000000,,,,,,,,
717600,2436.9,0.000000,,,,,,,,
717700,2437.2,0.000000,,,,,,,,
717800,2437.5,0.000000,,,,,,,,
717900,2437.9,0.000000,,,,,,,,
718000,2438.2,0.000000,,,,,,,,
718100,2438.5,0.000000,,,,,,,,
718200,2438.8,0.000000,,,,,,,,
718300,2439.1,0.000000,,,,,,,,
718400,2439.4,0.000000,,,,,,,,
718500,2439.8,0.000000,,,,,,,,
718600,2440.1,0.000000,,,,,,,,
718700,2440.4,0.000000,,,,,,,,
718800,2440.7,0.000000,,,,,,,,
718900,2441.0,0.000000,,,,,,,,
719000,2441.3,0.000000,,,,,,,,
719100,2441.7,0.000000,,,,,,,,
719200,2442.0,0.000000,,,,,,,,
719300,2442.3,0.000000,,,,,,,,
719400,2442.6,0.000000,,,,,,,,
719500,2442.9,0.000000,,,,,,,,
719600,2443.3,0.000000,,,,,,,,
719700,2443.6,0.000000,,,,,,,,
719800,2443.9,0.000000,,,,,,,,
719900,2444.2,0.000000,,,,,,,,
720000,2445.7,0.000000,0.000000,4.571409e-02,1.719192e-03,1.239206e-03,0.000000,3.292809e-02,1.645160e-03,1.214382e-03
720100,2446.0,0.000000,,,,,,,,
720200,2446.3,0.000000,,,,,,,,
720300,2446.6,0.000000,,,,,,,,
720400,2446.9,0.000000,,,,,,,,
720500,2447.2,0.000000,,,,,,,,
720600,2447.5,0.000000,,,,,,,,
720700,2447.9,0.000000,,,,,,,,
720800,2448.2,0.000000,,,,,,,,
720900,2448.5,0.000000,,,,,,,,
721000,2448.8,0.000000,,,,,,,,
721100,2449.1,0.000000,,,,,,,,
721200,2449.4,0.000000,,,,,,,,
721300,2449.8,0.000000,,,,,,,,
721400,2450.1,0.000000,,,,,,,,
721500,2450.3,0.000000,,,,,,,,
721600,2450.6,0.000000,,,,,,,,
721700,2450.9,0.000000,,,,,,,,
721800,2451.3,0.000000,,,,,,,,
721900,2451.6,0.000000,,,,,,,,
722000,2451.9,0.000000,,,,,,,,
722100,2452.2,0.000000,,,,,,,,
722200,2452.5,0.000000,,,,,,,,
722300,2452.8,0.000000,,,,,,,,
722400,2453.2,0.000000,,,,,,,,
722500,2453.5,0.000000,,,,,,,,
722600,2453.8,0.000000,,,,,,,,
722700,2454.1,0.000000,,,,,,,,
722800,2454.4,0.000000,,,,,,,,
722900,2454.8,0.000000,,,,,,,,
723000,2455.1,0.000000,,,,,,,,
723100,2455.4,0.000000,,,,,,,,
723200,2455.7,0.000000,,,,,,,,
723300,2456.0,0.000000,,,,,,,,
723400,2456.3,0.000000,,,,,,,,
723500,2456.7,0.000000,,,,,,,,
723600,2457.0,0.000000,,,,,,,,
723700,2457.3,0.000000,,,,,,,,
723800,2457.6,0.000000,,,,,,,,
723900,2457.9,0.000000,,,,,,,,
724000,2458.2,0.000000,,,,,,,,
724100,2458.6,0.000000,,,,,,,,
724200,2458.9,0.000000,,,,,,,,
724300,2459.2,0.000000,,,,,,,,
724400,2459.5,0.000000,,,,,,,,
724500,2459.8,0.000000,,,,,,,,
724600,2460.1,0.000000,,,,,,,,
724700,2460.5,0.000000,,,,,,,,
724800,2460.8,0.000000,,,,,,,,
724900,2461.1,0.000000,,,,,,,,
725000,2462.6,0.000000,0.000000,5.086107e-02,1.716025e-03,1.232742e-03,0.000000,3.275095e-02,1.650038e-03,1.212691e-03
725100,2462.9,0.000000,,,,,,,,
725200,2463.2,0.000000,,,,,,,,
725300,2463.5,0.000000,,,,,,,,
725400,2463.8,0.000000,,,,,,,,
725500,2464.1,0.000000,,,,,,,,
725600,2464.4,0.000000,,,,,,,,
725700,2464.8,0.000000,,,,,,,,
725800,2465.1,0.000000,,,,,,,,
725900,2465.4,0.000000,,,,,,,,
726000,2465.7,0.000000,,,,,,,,
726100,2466.0,0.000000,,,,,,,,
726200,2466.3,0.000000,,,,,,,,
726300,2466.7,0.000000,,,,,,,,
726400,2467.0,0.000000,,,,,,,,
726500,2467.2,0.000000,,,,,,,,
726600,2467.5,0.000000,,,,,,,,
726700,2467.8,0.000000,,,,,,,,
726800,2468.2,0.000000,,,,,,,,
726900,2468.5,0.000000,,,,,,,,
727000,2468.8,0.000000,,,,,,,,
727100,2469.1,0.000000,,,,,,,,
727200,2469.4,0.000000,,,,,,,,
727300,2469.7,0.000000,,,,,,,,
727400,2470.1,0.000000,,,,,,,,
727500,2470.4,0.000000,,,,,,,,
727600,2470.7,0.000000,,,,,,,,
727700,2471.0,0.000001,,,,,,,,
727800,2471.3,0.000000,,,,,,,,
727900,2471.7,0.000000,,,,,,,,
728000,2472.0,0.000000,,,,,,,,
728100,2472.3,0.000000,,,,,,,,
728200,2472.6,0.000000,,,,,,,,
728300,2472.9,0.000000,,,,,,,,
728400,2473.2,0.000000,,,,,,,,
728500,2473.6,0.000000,,,,,,,,
728600,2473.9,0.000000,,,,,,,,
728700,2474.2,0.000000,,,,,,,,
728800,2474.5,0.000000,,,,,,,,
728900,2474.8,0.000000,,,,,,,,
729000,2475.1,0.000000,,,,,,,,
729100,2475.5,0.000000,,,,,,,,
729200,2475.8,0.000000,,,,,,,,
729300,2476.1,0.000000,,,,,,,,
729400,2476.4,0.000000,,,,,,,,
729500,2476.7,0.000000,,,,,,,,
729600,2477.0,0.000000,,,,,,,,
729700,2477.4,0.000000,,,,,,,,
729800,2477.7,0.000000,,,,,,,,
729900,2478.0,0.000000,,,,,,,,
730000,2479.5,0.000000,0.000000,7.085366e-02,1.752644e-03,1.257041e-03,0.000000,3.270017e-02,1.679165e-03,1.234936e-03
730100,2479.8,0.000000,,,,,,,,
730200,2480.1,0.000000,,,,,,,,
730300,2480.4,0.000000,,,,,,,,
730400,2480.7,0.000000,,,,,,,,
730500,2481.0,0.000000,,,,,,,,
730600,2481.3,0.000000,,,,,,,,
730700,2481.7,0.000000,,,,,,,,
730800,2482.0,0.000000,,,,,,,,
730900,2482.3,0.000000,,,,,,,,
731000,2482.6,0.000000,,,,,,,,
731100,2482.9,0.000000,,,,,,,,
731200,2483.3,0.000000,,,,,,,,
731300,2483.6,0.000000,,,,,,,,
731400,2483.9,0.000000,,,,,,,,
731500,2484.2,0.000000,,,,,,,,
731600,2484.5,0.000000,,,,,,,,
731700,2484.8,0.000000,,,,,,,,
731800,2485.2,0.000000,,,,,,,,
731900,2485.5,0.000000,,,,,,,,
732000,2485.8,0.000000,,,,,,,,
732100,2486.1,0.000000,,,,,,,,
732200,2486.4,0.000000,,,,,,,,
732300,2486.7,0.000000,,,,,,,,
732400,2487.1,0.000000,,,,,,,,
732500,2487.4,0.000000,,,,,,,,
732600,2487.7,0.000000,,,,,,,,
732700,2488.0,0.000000,,,,,,,,
732800,2488.3,0.000000,,,,,,,,
732900,2488.7,0.000000,,,,,,,,
733000,2489.0,0.000000,,,,,,,,
733100,2489.3,0.000000,,,,,,,,
733200,2489.6,0.000000,,,,,,,,
733300,2489.9,0.000000,,,,,,,,
733400,2490.2,0.000000,,,,,,,,
733500,2490.6,0.000000,,,,,,,,
733600,2490.9,0.000000,,,,,,,,
733700,2491.2,0.000000,,,,,,,,
733800,2491.5,0.000000,,,,,,,,
733900,2491.8,0.000000,,,,,,,,
734000,2492.2,0.000000,,,,,,,,
734100,2492.5,0.000000,,,,,,,,
734200,2492.8,0.000000,,,,,,,,
734300,2493.1,0.000000,,,,,,,,
734400,2493.4,0.000000,,,,,,,,
734500,2493.7,0.000000,,,,,,,,
734600,2494.0,0.000000,,,,,,,,
734700,2494.4,0.000000,,,,,,,,
734800,2494.7,0.000000,,,,,,,,
734900,2495.0,0.000000,,,,,,,,
735000,2496.5,0.000000,0.000000,5.007882e-02,1.990461e-03,1.468162e-03,0.000000,3.312193e-02,1.933950e-03,1.469132e-03
735100,2496.7,0.000000,,,,,,,,
735200,2497.1,0.000000,,,,,,,,
735300,2497.4,0.000000,,,,,,,,
735400,2497.7,0.000000,,,,,,,,
735500,2498.0,0.000000,,,,,,,,
735600,2498.3,0.000000,,,,,,,,
735700,2498.7,0.000000,,,,,,,,
735800,2499.0,0.000000,,,,,,,,
735900,2499.3,0.000000,,,,,,,,
736000,2499.6,0.000000,,,,,,,,
736100,2499.9,0.000000,,,,,,,,
736200,2500.2,0.000000,,,,,,,,
736300,2500.6,0.000000,,,,,,,,
736400,2500.9,0.000000,,,,,,,,
736500,2501.2,0.000000,,,,,,,,
736600,2501.5,0.000000,,,,,,,,
736700,2501.8,0.000000,,,,,,,,
736800,2502.1,0.000000,,,,,,,,
736900,2502.5,0.000000,,,,,,,,
737000,2502.8,0.000000,,,,,,,,
737100,2503.1,0.000000,,,,,,,,
737200,2503.4,0.000000,,,,,,,,
737300,2503.7,0.000000,,,,,,,,
737400,2504.1,0.000000,,,,,,,,
737500,2504.4,0.000000,,,,,,,,
737600,2504.7,0.000000,,,,,,,,
737700,2505.0,0.000000,,,,,,,,
737800,2505.3,0.000000,,,,,,,,
737900,2505.6,0.000000,,,,,,,,
738000,2506.0,0.000000,,,,,,,,
738100,2506.3,0.000000,,,,,,,,
738200,2506.6,0.000000,,,,,,,,
738300,2506.9,0.000000,,,,,,,,
738400,2507.2,0.000000,,,,,,,,
738500,2507.5,0.000000,,,,,,,,
738600,2507.9,0.000000,,,,,,,,
738700,2508.2,0.000000,,,,,,,,
738800,2508.5,0.000000,,,,,,,,
738900,2508.8,0.000000,,,,,,,,
739000,2509.1,0.000000,,,,,,,,
739100,2509.5,0.000000,,,,,,,,
739200,2509.8,0.000000,,,,,,,,
739300,2510.1,0.000000,,,,,,,,
739400,2510.4,0.000000,,,,,,,,
739500,2510.7,0.000000,,,,,,,,
739600,2511.0,0.000000,,,,,,,,
739700,2511.4,0.000000,,,,,,,,
739800,2511.7,0.000000,,,,,,,,
739900,2512.0,0.000000,,,,,,,,
740000,2513.5,0.000000,0.000000,5.612583e-02,1.981832e-03,1.556679e-03,0.000000,3.306733e-02,1.883137e-03,1.505684e-03
740100,2513.7,0.000000,,,,,,,,
740200,2513.9,0.000000,,,,,,,,
740300,2514.2,0.000000,,,,,,,,
740400,2514.6,0.000000,,,,,,,,
740500,2514.9,0.000000,,,,,,,,
740600,2515.2,0.000000,,,,,,,,
740700,2515.5,0.000000,,,,,,,,
740800,2515.8,0.000000,,,,,,,,
740900,2516.2,0.000000,,,,,,,,
741000,2516.5,0.000000,,,,,,,,
741100,2516.8,0.000000,,,,,,,,
741200,2517.1,0.000000,,,,,,,,
741300,2517.4,0.000000,,,,,,,,
741400,2517.7,0.000000,,,,,,,,
741500,2518.1,0.000000,,,,,,,,
741600,2518.4,0.000000,,,,,,,,
741700,2518.7,0.000000,,,,,,,,
741800,2519.0,0.000000,,,,,,,,
741900,2519.3,0.000000,,,,,,,,
742000,2519.6,0.000000,,,,,,,,
742100,2520.0,0.000000,,,,,,,,
742200,2520.3,0.000000,,,,,,,,
742300,2520.6,0.000000,,,,,,,,
742400,2520.9,0.000000,,,,,,,,
742500,2521.2,0.000000,,,,,,,,
742600,2521.6,0.000000,,,,,,,,
742700,2521.9,0.000000,,,,,,,,
742800,2522.2,0.000000,,,,,,,,
742900,2522.5,0.000000,,,,,,,,
743000,2522.8,0.000000,,,,,,,,
743100,2523.1,0.000000,,,,,,,,
743200,2523.5,0.000000,,,,,,,,
743300,2523.8,0.000000,,,,,,,,
743400,2524.1,0.000000,,,,,,,,
743500,2524.4,0.000000,,,,,,,,
743600,2524.7,0.000000,,,,,,,,
743700,2525.0,0.000000,,,,,,,,
743800,2525.4,0.000000,,,,,,,,
743900,2525.7,0.000000,,,,,,,,
744000,2526.0,0.000001,,,,,,,,
744100,2526.3,0.000000,,,,,,,,
744200,2526.6,0.000000,,,,,,,,
744300,2526.9,0.000000,,,,,,,,
744400,2527.3,0.000000,,,,,,,,
744500,2527.6,0.000000,,,,,,,,
744600,2527.9,0.000000,,,,,,,,
744700,2528.2,0.000000,,,,,,,,
744800,2528.5,0.000000,,,,,,,,
744900,2528.8,0.000000,,,,,,,,
745000,2530.3,0.000000,0.000000,4.265225e-02,1.708425e-03,1.206198e-03,0.000000,3.260527e-02,1.643298e-03,1.188100e-03
745100,2530.6,0.000000,,,,,,,,
745200,2530.9,0.000000,,,,,,,,
745300,2531.2,0.000000,,,,,,,,
745400,2531.5,0.000000,,,,,,,,
745500,2531.9,0.000000,,,,,,,,
745600,2532.2,0.000000,,,,,,,,
745700,2532.5,0.000000,,,,,,,,
745800,2532.8,0.000000,,,,,,,,
745900,2533.1,0.000000,,,,,,,,
746000,2533.4,0.000000,,,,,,,,
746100,2533.7,0.000000,,,,,,,,
746200,2534.0,0.000000,,,,,,,,
746300,2534.4,0.000000,,,,,,,,
746400,2534.7,0.000000,,,,,,,,
746500,2535.0,0.000000,,,,,,,,
746600,2535.3,0.000000,,,,,,,,
746700,2535.6,0.000000,,,,,,,,
746800,2535.9,0.000000,,,,,,,,
746900,2536.3,0.000000,,,,,,,,
747000,2536.6,0.000000,,,,,,,,
747100,2536.9,0.000000,,,,,,,,
747200,2537.2,0.000000,,,,,,,,
747300,2537.5,0.000000,,,,,,,,
747400,2537.8,0.000000,,,,,,,,
747500,2538.2,0.000000,,,,,,,,
747600,2538.5,0.000000,,,,,,,,
747700,2538.8,0.000000,,,,,,,,
747800,2539.1,0.000000,,,,,,,,
747900,2539.4,0.000000,,,,,,,,
748000,2539.7,0.000000,,,,,,,,
748100,2540.1,0.000000,,,,,,,,
748200,2540.4,0.000000,,,,,,,,
748300,2540.7,0.000000,,,,,,,,
748400,2541.0,0.000000,,,,,,,,
748500,2541.3,0.000000,,,,,,,,
748600,2541.7,0.000000,,,,,,,,
748700,2542.0,0.000000,,,,,,,,
748800,2542.3,0.000000,,,,,,,,
748900,2542.6,0.000000,,,,,,,,
749000,2542.9,0.000000,,,,,,,,
749100,2543.2,0.000000,,,,,,,,
749200,2543.6,0.000000,,,,,,,,
749300,2543.9,0.000000,,,,,,,,
749400,2544.2,0.000000,,,,,,,,
749500,2544.5,0.000000,,,,,,,,
749600,2544.8,0.000000,,,,,,,,
749700,2545.1,0.000000,,,,,,,,
749800,2545.5,0.000000,,,,,,,,
749900,2545.8,0.000000,,,,,,,,
750000,2547.2,0.000000,0.000000,4.852862e-02,1.666494e-03,1.202415e-03,0.000000,3.253351e-02,1.598017e-03,1.182947e-03
750100,2547.5,0.000000,,,,,,,,
750200,2547.8,0.000000,,,,,,,,
750300,2548.1,0.000000,,,,,,,,
750400,2548.5,0.000000,,,,,,,,
750500,2548.8,0.000000,,,,,,,,
750600,2549.1,0.000000,,,,,,,,
750700,2549.4,0.000000,,,,,,,,
750800,2549.7,0.000000,,,,,,,,
750900,2550.0,0.000000,,,,,,,,
751000,2550.3,0.000000,,,,,,,,
751100,2550.6,0.000000,,,,,,,,
751200,2550.9,0.000000,,,,,,,,
751300,2551.2,0.000000,,,,,,,,
751400,2551.5,0.000000,,,,,,,,
751500,2551.9,0.000001,,,,,,,,
751600,2552.2,0.000000,,,,,,,,
751700,2552.5,0.000000,,,,,,,,
751800,2552.8,0.000000,,,,,,,,
751900,2553.1,0.000000,,,,,,,,
752000,2553.4,0.000000,,,,,,,,
752100,2553.8,0.000000,,,,,,,,
752200,2554.1,0.000000,,,,,,,,
752300,2554.4,0.000000,,,,,,,,
752400,2554.7,0.000000,,,,,,,,
752500,2555.0,0.000000,,,,,,,,
752600,2555.3,0.000000,,,,,,,,
752700,2555.7,0.000000,,,,,,,,
752800,2556.0,0.000000,,,,,,,,
752900,2556.3,0.000000,,,,,,,,
753000,2556.6,0.000000,,,,,,,,
753100,2556.9,0.000000,,,,,,,,
753200,2557.3,0.000000,,,,,,,,
753300,2557.6,0.000000,,,,,,,,
753400,2557.9,0.000000,,,,,,,,
753500,2558.2,0.000000,,,,,,,,
753600,2558.5,0.000000,,,,,,,,
753700,2558.8,0.000000,,,,,,,,
753800,2559.1,0.000000,,,,,,,,
753900,2559.5,0.000000,,,,,,,,
754000,2559.8,0.000000,,,,,,,,
754100,2560.1,0.000000,,,,,,,,
754200,2560.4,0.000000,,,,,,,,
754300,2560.7,0.000000,,,,,,,,
754400,2561.1,0.000000,,,,,,,,
754500,2561.4,0.000000,,,,,,,,
754600,2561.7,0.000000,,,,,,,,
754700,2562.0,0.000000,,,,,,,,
754800,2562.3,0.000000,,,,,,,,
754900,2562.6,0.000000,,,,,,,,
755000,2564.1,0.000000,0.000000,5.134196e-02,1.747347e-03,1.288533e-03,0.000000,3.251634e-02,1.675436e-03,1.261832e-03
755100,2564.4,0.000000,,,,,,,,
755200,2564.7,0.000000,,,,,,,,
755300,2565.0,0.000000,,,,,,,,
755400,2565.4,0.000000,,,,,,,,
755500,2565.7,0.000000,,,,,,,,
755600,2566.0,0.000000,,,,,,,,
755700,2566.3,0.000000,,,,,,,,
755800,2566.6,0.000000,,,,,,,,
755900,2566.9,0.000000,,,,,,,,
756000,2567.3,0.000000,,,,,,,,
756100,2567.6,0.000000,,,,,,,,
756200,2567.9,0.000000,,,,,,,,
756300,2568.2,0.000000,,,,,,,,
756400,2568.5,0.000000,,,,,,,,
756500,2568.8,0.000000,,,,,,,,
756600,2569.2,0.000000,,,,,,,,
756700,2569.5,0.000000,,,,,,,,
756800,2569.8,0.000000,,,,,,,,
756900,2570.1,0.000000,,,,,,,,
757000,2570.4,0.000000,,,,,,,,
757100,2570.8,0.000000,,,,,,,,
757200,2571.1,0.000000,,,,,,,,
757300,2571.4,0.000000,,,,,,,,
757400,2571.7,0.000000,,,,,,,,
757500,2572.0,0.000000,,,,,,,,
757600,2572.3,0.000000,,,,,,,,
757700,2572.7,0.000000,,,,,,,,
757800,2573.0,0.000000,,,,,,,,
757900,2573.3,0.000000,,,,,,,,
758000,2573.6,0.000000,,,,,,,,
758100,2573.9,0.000000,,,,,,,,
758200,2574.2,0.000000,,,,,,,,
758300,2574.6,0.000000,,,,,,,,
758400,2574.9,0.000000,,,,,,,,
758500,2575.2,0.000000,,,,,,,,
758600,2575.4,0.000000,,,,,,,,
758700,2575.6,0.000000,,,,,,,,
758800,2575.9,0.000000,,,,,,,,
758900,2576.1,0.000000,,,,,,,,
759000,2576.3,0.000000,,,,,,,,
759100,2576.5,0.000000,,,,,,,,
759200,2576.8,0.000000,,,,,,,,
759300,2577.1,0.000000,,,,,,,,
759400,2577.3,0.000000,,,,,,,,
759500,2577.7,0.000000,,,,,,,,
759600,2577.9,0.000000,,,,,,,,
759700,2578.2,0.000000,,,,,,,,
759800,2578.5,0.000000,,,,,,,,
759900,2578.9,0.000000,,,,,,,,
760000,2580.3,0.000000,0.000000,5.286235e-02,1.701920e-03,1.229295e-03,0.000000,3.241931e-02,1.625012e-03,1.196519e-03
760100,2580.6,0.000000,,,,,,,,
760200,2580.9,0.000000,,,,,,,,
760300,2581.2,0.000000,,,,,,,,
760400,2581.6,0.000000,,,,,,,,
760500,2581.9,0.000000,,,,,,,,
760600,2582.2,0.000000,,,,,,,,
760700,2582.5,0.000000,,,,,,,,
760800,2582.8,0.000000,,,,,,,,
760900,2583.1,0.000000,,,,,,,,
761000,2583.5,0.000000,,,,,,,,
761100,2583.8,0.000000,,,,,,,,
761200,2584.1,0.000000,,,,,,,,
761300,2584.4,0.000000,,,,,,,,
761400,2584.7,0.000000,,,,,,,,
761500,2585.0,0.000000,,,,,,,,
761600,2585.4,0.000000,,,,,,,,
761700,2585.7,0.000000,,,,,,,,
761800,2586.0,0.000000,,,,,,,,
761900,2586.3,0.000000,,,,,,,,
762000,2586.6,0.000000,,,,,,,,
762100,2586.9,0.000000,,,,,,,,
762200,2587.3,0.000000,,,,,,,,
762300,2587.6,0.000000,,,,,,,,
762400,2587.9,0.000000,,,,,,,,
762500,2588.2,0.000000,,,,,,,,
762600,2588.5,0.000000,,,,,,,,
762700,2588.8,0.000000,,,,,,,,
762800,2589.2,0.000000,,,,,,,,
762900,2589.5,0.000000,,,,,,,,
763000,2589.8,0.000000,,,,,,,,
763100,2590.1,0.000000,,,,,,,,
763200,2590.4,0.000000,,,,,,,,
763300,2590.7,0.000000,,,,,,,,
763400,2591.1,0.000000,,,,,,,,
763500,2591.4,0.000000,,,,,,,,
763600,2591.7,0.000001,,,,,,,,
763700,2592.0,0.000000,,,,,,,,
763800,2592.3,0.000000,,,,,,,,
763900,2592.6,0.000000,,,,,,,,
764000,2593.0,0.000000,,,,,,,,
764100,2593.3,0.000000,,,,,,,,
764200,2593.6,0.000000,,,,,,,,
764300,2593.9,0.000000,,,,,,,,
764400,2594.2,0.000000,,,,,,,,
764500,2594.6,0.000000,,,,,,,,
764600,2594.9,0.000000,,,,,,,,
764700,2595.2,0.000000,,,,,,,,
764800,2595.5,0.000000,,,,,,,,
764900,2595.8,0.000000,,,,,,,,
765000,2597.3,0.000000,0.000000,4.642911e-02,1.677619e-03,1.197723e-03,0.000000,3.251801e-02,1.605569e-03,1.172030e-03
765100,2597.6,0.000000,,,,,,,,
765200,2597.9,0.000000,,,,,,,,
765300,2598.2,0.000000,,,,,,,,
765400,2598.5,0.000000,,,,,,,,
765500,2598.8,0.000000,,,,,,,,
765600,2599.2,0.000000,,,,,,,,
765700,2599.5,0.000000,,,,,,,,
765800,2599.8,0.000000,,,,,,,,
765900,2600.1,0.000000,,,,,,,,
766000,2600.4,0.000000,,,,,,,,
766100,2600.7,0.000000,,,,,,,,
766200,2601.1,0.000000,,,,,,,,
766300,2601.4,0.000000,,,,,,,,
766400,2601.7,0.000000,,,,,,,,
766500,2602.0,0.000000,,,,,,,,
766600,2602.3,0.000000,,,,,,,,
766700,2602.7,0.000000,,,,,,,,
766800,2603.0,0.000000,,,,,,,,
766900,2603.3,0.000000,,,,,,,,
767000,2603.6,0.000000,,,,,,,,
767100,2603.9,0.000000,,,,,,,,
767200,2604.2,0.000000,,,,,,,,
767300,2604.6,0.000000,,,,,,,,
767400,2604.9,0.000000,,,,,,,,
767500,2605.2,0.000000,,,,,,,,
767600,2605.5,0.000000,,,,,,,,
767700,2605.8,0.000000,,,,,,,,
767800,2606.1,0.000000,,,,,,,,
767900,2606.4,0.000000,,,,,,,,
768000,2606.7,0.000000,,,,,,,,
768100,2607.0,0.000000,,,,,,,,
768200,2607.3,0.000000,,,,,,,,
768300,2607.6,0.000000,,,,,,,,
768400,2608.0,0.000000,,,,,,,,
768500,2608.3,0.000000,,,,,,,,
768600,2608.6,0.000000,,,,,,,,
768700,2608.9,0.000000,,,,,,,,
768800,2609.2,0.000000,,,,,,,,
768900,2609.6,0.000000,,,,,,,,
769000,2609.9,0.000000,,,,,,,,
769100,2610.2,0.000000,,,,,,,,
769200,2610.5,0.000000,,,,,,,,
769300,2610.8,0.000000,,,,,,,,
769400,2611.1,0.000000,,,,,,,,
769500,2611.5,0.000000,,,,,,,,
769600,2611.8,0.000000,,,,,,,,
769700,2612.1,0.000000,,,,,,,,
769800,2612.4,0.000000,,,,,,,,
769900,2612.7,0.000000,,,,,,,,
770000,2614.2,0.000000,0.000000,4.808325e-02,1.670865e-03,1.203644e-03,0.000000,3.250323e-02,1.597857e-03,1.179069e-03
770100,2614.5,0.000000,,,,,,,,
770200,2614.8,0.000000,,,,,,,,
770300,2615.1,0.000000,,,,,,,,
770400,2615.4,0.000000,,,,,,,,
770500,2615.8,0.000000,,,,,,,,
770600,2616.1,0.000000,,,,,,,,
770700,2616.4,0.000000,,,,,,,,
770800,2616.7,0.000000,,,,,,,,
770900,2617.0,0.000000,,,,,,,,
771000,2617.3,0.000000,,,,,,,,
771100,2617.7,0.000000,,,,,,,,
771200,2618.0,0.000000,,,,,,,,
771300,2618.3,0.000000,,,,,,,,
771400,2618.6,0.000000,,,,,,,,
771500,2618.9,0.000000,,,,,,,,
771600,2619.2,0.000000,,,,,,,,
771700,2619.6,0.000000,,,,,,,,
771800,2619.9,0.000000,,,,,,,,
771900,2620.2,0.000000,,,,,,,,
772000,2620.5,0.000000,,,,,,,,
772100,2620.8,0.000000,,,,,,,,
772200,2621.1,0.000000,,,,,,,,
772300,2621.5,0.000000,,,,,,,,
772400,2621.8,0.000000,,,,,,,,
772500,2622.1,0.000000,,,,,,,,
772600,2622.4,0.000000,,,,,,,,
772700,2622.7,0.000000,,,,,,,,
772800,2623.0,0.000000,,,,,,,,
772900,2623.4,0.000000,,,,,,,,
773000,2623.7,0.000000,,,,,,,,
773100,2624.0,0.000000,,,,,,,,
773200,2624.3,0.000000,,,,,,,,
773300,2624.6,0.000000,,,,,,,,
773400,2625.0,0.000000,,,,,,,,
773500,2625.3,0.000000,,,,,,,,
773600,2625.6,0.000000,,,,,,,,
773700,2625.9,0.000000,,,,,,,,
773800,2626.2,0.000000,,,,,,,,
773900,2626.5,0.000000,,,,,,,,
774000,2626.9,0.000000,,,,,,,,
774100,2627.2,0.000000,,,,,,,,
774200,2627.5,0.000000,,,,,,,,
774300,2627.8,0.000000,,,,,,,,
774400,2628.1,0.000000,,,,,,,,
774500,2628.4,0.000000,,,,,,,,
774600,2628.8,0.000000,,,,,,,,
774700,2629.1,0.000002,,,,,,,,
774800,2629.4,0.000000,,,,,,,,
774900,2629.7,0.000000,,,,,,,,
775000,2631.2,0.000000,0.000000,4.846425e-02,1.628277e-03,1.156906e-03,0.000000,3.216778e-02,1.556244e-03,1.130878e-03
775100,2631.5,0.000000,,,,,,,,
775200,2631.8,0.000000,,,,,,,,
775300,2632.1,0.000000,,,,,,,,
775400,2632.4,0.000000,,,,,,,,
775500,2632.7,0.000000,,,,,,,,
775600,2633.1,0.000000,,,,,,,,
775700,2633.4,0.000000,,,,,,,,
775800,2633.7,0.000000,,,,,,,,
775900,2634.0,0.000000,,,,,,,,
776000,2634.3,0.000000,,,,,,,,
776100,2634.6,0.000000,,,,,,,,
776200,2635.0,0.000000,,,,,,,,
776300,2635.3,0.000000,,,,,,,,
776400,2635.6,0.000000,,,,,,,,
776500,2635.9,0.000000,,,,,,,,
776600,2636.2,0.000000,,,,,,,,
776700,2636.5,0.000000,,,,,,,,
776800,2636.9,0.000000,,,,,,,,
776900,2637.2,0.000000,,,,,,,,
777000,2637.5,0.000000,,,,,,,,
777100,2637.8,0.000000,,,,,,,,
777200,2638.1,0.000000,,,,,,,,
777300,2638.5,0.000000,,,,,,,,
777400,2638.8,0.000000,,,,,,,,
777500,2639.1,0.000000,,,,,,,,
777600,2639.4,0.000000,,,,,,,,
777700,2639.7,0.000000,,,,,,,,
777800,2640.0,0.000000,,,,,,,,
777900,2640.4,0.000000,,,,,,,,
778000,2640.7,0.000000,,,,,,,,
778100,2641.0,0.000000,,,,,,,,
778200,2641.3,0.000000,,,,,,,,
778300,2641.6,0.000000,,,,,,,,
778400,2642.0,0.000000,,,,,,,,
778500,2642.3,0.000000,,,,,,,,
778600,2642.6,0.000000,,,,,,,,
778700,2642.9,0.000000,,,,,,,,
778800,2643.2,0.000000,,,,,,,,
778900,2643.5,0.000000,,,,,,,,
779000,2643.9,0.000000,,,,,,,,
779100,2644.2,0.000000,,,,,,,,
779200,2644.5,0.000000,,,,,,,,
779300,2644.8,0.000000,,,,,,,,
779400,2645.1,0.000000,,,,,,,,
779500,2645.4,0.000000,,,,,,,,
779600,2645.8,0.000000,,,,,,,,
779700,2646.1,0.000000,,,,,,,,
779800,2646.4,0.000000,,,,,,,,
779900,2646.7,0.000000,,,,,,,,
780000,2648.2,0.000000,0.000000,4.719538e-02,1.663088e-03,1.183860e-03,0.000000,3.225623e-02,1.594526e-03,1.161661e-03
780100,2648.5,0.000000,,,,,,,,
780200,2648.8,0.000000,,,,,,,,
780300,2649.1,0.000000,,,,,,,,
780400,2649.4,0.000000,,,,,,,,
780500,2649.7,0.000000,,,,,,,,
780600,2650.1,0.000000,,,,,,,,
780700,2650.4,0.000000,,,,,,,,
780800,2650.7,0.000000,,,,,,,,
780900,2651.0,0.000000,,,,,,,,
781000,2651.3,0.000000,,,,,,,,
781100,2651.6,0.000000,,,,,,,,
781200,2652.0,0.000000,,,,,,,,
781300,2652.3,0.000000,,,,,,,,
781400,2652.6,0.000000,,,,,,,,
781500,2652.9,0.000000,,,,,,,,
781600,2653.2,0.000000,,,,,,,,
781700,2653.5,0.000000,,,,,,,,
781800,2653.8,0.000000,,,,,,,,
781900,2654.1,0.000002,,,,,,,,
782000,2654.5,0.000000,,,,,,,,
782100,2654.8,0.000000,,,,,,,,
782200,2655.1,0.000000,,,,,,,,
782300,2655.4,0.000000,,,,,,,,
782400,2655.7,0.000000,,,,,,,,
782500,2656.0,0.000000,,,,,,,,
782600,2656.3,0.000000,,,,,,,,
782700,2656.7,0.000000,,,,,,,,
782800,2657.0,0.000000,,,,,,,,
782900,2657.3,0.000000,,,,,,,,
783000,2657.6,0.000000,,,,,,,,
783100,2657.9,0.000000,,,,,,,,
783200,2658.2,0.000000,,,,,,,,
783300,2658.6,0.000000,,,,,,,,
783400,2658.9,0.000000,,,,,,,,
783500,2659.2,0.000000,,,,,,,,
783600,2659.5,0.000000,,,,,,,,
783700,2659.8,0.000000,,,,,,,,
783800,2660.1,0.000000,,,,,,,,
783900,2660.5,0.000000,,,,,,,,
784000,2660.8,0.000000,,,,,,,,
784100,2661.1,0.000000,,,,,,,,
784200,2661.4,0.000000,,,,,,,,
784300,2661.7,0.000000,,,,,,,,
784400,2662.1,0.000000,,,,,,,,
784500,2662.4,0.000000,,,,,,,,
784600,2662.7,0.000000,,,,,,,,
784700,2663.0,0.000000,,,,,,,,
784800,2663.3,0.000000,,,,,,,,
784900,2663.6,0.000000,,,,,,,,
785000,2665.1,0.000000,0.000000,4.172487e-02,1.618840e-03,1.158328e-03,0.000000,3.208791e-02,1.549964e-03,1.134988e-03
785100,2665.4,0.000000,,,,,,,,
785200,2665.7,0.000000,,,,,,,,
785300,2666.0,0.000000,,,,,,,,
785400,2666.4,0.000000,,,,,,,,
785500,2666.7,0.000000,,,,,,,,
785600,2667.0,0.000000,,,,,,,,
785700,2667.3,0.000000,,,,,,,,
785800,2667.6,0.000000,,,,,,,,
785900,2667.9,0.000000,,,,,,,,
786000,2668.3,0.000000,,,,,,,,
786100,2668.6,0.000000,,,,,,,,
786200,2668.9,0.000000,,,,,,,,
786300,2669.2,0.000000,,,,,,,,
786400,2669.5,0.000000,,,,,,,,
786500,2669.9,0.000000,,,,,,,,
786600,2670.2,0.000000,,,,,,,,
786700,2670.5,0.000000,,,,,,,,
786800,2670.8,0.000000,,,,,,,,
786900,2671.1,0.000000,,,,,,,,
787000,2671.4,0.000000,,,,,,,,
787100,2671.8,0.000000,,,,,,,,
787200,2672.1,0.000000,,,,,,,,
787300,2672.4,0.000000,,,,,,,,
787400,2672.7,0.000000,,,,,,,,
787500,2673.0,0.000000,,,,,,,,
787600,2673.3,0.000000,,,,,,,,
787700,2673.7,0.000000,,,,,,,,
787800,2673.9,0.000000,,,,,,,,
787900,2674.2,0.000000,,,,,,,,
788000,2674.5,0.000000,,,,,,,,
788100,2674.8,0.000000,,,,,,,,
788200,2675.2,0.000000,,,,,,,,
788300,2675.5,0.000000,,,,,,,,
788400,2675.8,0.000000,,,,,,,,
788500,2676.1,0.000000,,,,,,,,
788600,2676.4,0.000000,,,,,,,,
788700,2676.7,0.000000,,,,,,,,
788800,2677.1,0.000000,,,,,,,,
788900,2677.4,0.000000,,,,,,,,
789000,2677.7,0.000000,,,,,,,,
789100,2678.0,0.000000,,,,,,,,
789200,2678.3,0.000000,,,,,,,,
789300,2678.6,0.000000,,,,,,,,
789400,2679.0,0.000000,,,,,,,,
789500,2679.3,0.000000,,,,,,,,
789600,2679.6,0.000000,,,,,,,,
789700,2679.9,0.000000,,,,,,,,
789800,2680.2,0.000000,,,,,,,,
789900,2680.6,0.000000,,,,,,,,
790000,2682.0,0.000000,0.000000,4.338831e-02,1.610468e-03,1.148712e-03,0.000000,3.215633e-02,1.541880e-03,1.126525e-03
790100,2682.3,0.000000,,,,,,,,
790200,2682.6,0.000000,,,,,,,,
790300,2682.9,0.000000,,,,,,,,
790400,2683.3,0.000000,,,,,,,,
790500,2683.6,0.000000,,,,,,,,
790600,2683.9,0.000000,,,,,,,,
790700,2684.2,0.000000,,,,,,,,
790800,2684.5,0.000000,,,,,,,,
790900,2684.8,0.000000,,,,,,,,
791000,2685.2,0.000000,,,,,,,,
791100,2685.5,0.000000,,,,,,,,
791200,2685.8,0.000000,,,,,,,,
791300,2686.1,0.000000,,,,,,,,
791400,2686.4,0.000000,,,,,,,,
791500,2686.8,0.000000,,,,,,,,
791600,2687.1,0.000000,,,,,,,,
791700,2687.4,0.000000,,,,,,,,
791800,2687.7,0.000000,,,,,,,,
791900,2688.0,0.000000,,,,,,,,
792000,2688.3,0.000000,,,,,,,,
792100,2688.7,0.000000,,,,,,,,
792200,2689.0,0.000000,,,,,,,,
792300,2689.3,0.000000,,,,,,,,
792400,2689.6,0.000000,,,,,,,,
792500,2689.9,0.000000,,,,,,,,
792600,2690.2,0.000000,,,,,,,,
792700,2690.6,0.000000,,,,,,,,
792800,2690.9,0.000000,,,,,,,,
792900,2691.2,0.000000,,,,,,,,
793000,2691.5,0.000000,,,,,,,,
793100,2691.8,0.000000,,,,,,,,
793200,2692.2,0.000000,,,,,,,,
793300,2692.5,0.000000,,,,,,,,
793400,2692.8,0.000000,,,,,,,,
793500,2693.1,0.000000,,,,,,,,
793600,2693.4,0.000000,,,,,,,,
793700,2693.7,0.000000,,,,,,,,
793800,2694.1,0.000000,,,,,,,,
793900,2694.4,0.000000,,,,,,,,
794000,2694.7,0.000000,,,,,,,,
794100,2695.0,0.000000,,,,,,,,
794200,2695.3,0.000000,,,,,,,,
794300,2695.6,0.000000,,,,,,,,
794400,2696.0,0.000000,,,,,,,,
794500,2696.3,0.000000,,,,,,,,
794600,2696.6,0.000000,,,,,,,,
794700,2696.9,0.000000,,,,,,,,
794800,2697.2,0.000000,,,,,,,,
794900,2697.5,0.000000,,,,,,,,
795000,2699.0,0.000000,0.000000,4.314585e-02,1.612662e-03,1.153938e-03,0.000000,3.217612e-02,1.542971e-03,1.128727e-03
795100,2699.3,0.000000,,,,,,,,
795200,2699.6,0.000000,,,,,,,,
795300,2699.9,0.000000,,,,,,,,
795400,2700.2,0.000000,,,,,,,,
795500,2700.6,0.000000,,,,,,,,
795600,2700.9,0.000000,,,,,,,,
795700,2701.2,0.000000,,,,,,,,
795800,2701.5,0.000000,,,,,,,,
795900,2701.8,0.000000,,,,,,,,
796000,2702.2,0.000000,,,,,,,,
796100,2702.5,0.000000,,,,,,,,
796200,2702.8,0.000000,,,,,,,,
796300,2703.1,0.000000,,,,,,,,
796400,2703.4,0.000000,,,,,,,,
796500,2703.7,0.000000,,,,,,,,
796600,2704.1,0.000000,,,,,,,,
796700,2704.4,0.000002,,,,,,,,
796800,2704.7,0.000000,,,,,,,,
796900,2705.0,0.000000,,,,,,,,
797000,2705.3,0.000000,,,,,,,,
797100,2705.6,0.000000,,,,,,,,
797200,2706.0,0.000000,,,,,,,,
797300,2706.3,0.000000,,,,,,,,
797400,2706.6,0.000000,,,,,,,,
797500,2706.9,0.000000,,,,,,,,
797600,2707.2,0.000000,,,,,,,,
797700,2707.5,0.000000,,,,,,,,
797800,2707.9,0.000000,,,,,,,,
797900,2708.2,0.000000,,,,,,,,
798000,2708.5,0.000000,,,,,,,,
798100,2708.8,0.000000,,,,,,,,
798200,2709.1,0.000000,,,,,,,,
798300,2709.4,0.000000,,,,,,,,
798400,2709.8,0.000000,,,,,,,,
798500,2710.1,0.000000,,,,,,,,
798600,2710.4,0.000000,,,,,,,,
798700,2710.7,0.000000,,,,,,,,
798800,2711.0,0.000000,,,,,,,,
798900,2711.3,0.000000,,,,,,,,
799000,2711.7,0.000000,,,,,,,,
799100,2712.0,0.000000,,,,,,,,
799200,2712.3,0.000000,,,,,,,,
799300,2712.6,0.000000,,,,,,,,
799400,2712.9,0.000000,,,,,,,,
799500,2713.2,0.000000,,,,,,,,
799600,2713.5,0.000000,,,,,,,,
799700,2713.9,0.000000,,,,,,,,
799800,2714.2,0.000000,,,,,,,,
799900,2714.5,0.000000,,,,,,,,
800000,2716.0,0.000000,0.000000,4.322333e-02,1.610192e-03,1.150102e-03,0.000000,3.213726e-02,1.540496e-03,1.126176e-03
