step,elapsed_s,train_loss,eval_loss,max_abs_err,mean_abs_err,median_abs_err,frac_under_boyd,max_abs_err_bulk,mean_abs_err_bulk,median_abs_err_bulk
100,0.5,0.140676,,,,,,,,
200,0.9,0.109305,,,,,,,,
300,1.3,0.108345,,,,,,,,
400,1.9,0.057989,,,,,,,,
500,2.4,0.001788,,,,,,,,
600,2.9,0.001868,,,,,,,,
700,3.4,0.001528,,,,,,,,
800,3.9,0.001122,,,,,,,,
900,4.4,0.001226,,,,,,,,
1000,5.0,0.000772,,,,,,,,
1100,5.5,0.000569,,,,,,,,
1200,6.0,0.000531,,,,,,,,
1300,6.5,0.000111,,,,,,,,
1400,7.0,0.000348,,,,,,,,
1500,7.5,0.000158,,,,,,,,
1600,8.1,0.000080,,,,,,,,
1700,8.6,0.000240,,,,,,,,
1800,9.1,0.000044,,,,,,,,
1900,9.6,0.000162,,,,,,,,
2000,10.2,0.000069,,,,,,,,
2100,10.7,0.000037,,,,,,,,
2200,11.2,0.000061,,,,,,,,
2300,11.8,0.000063,,,,,,,,
2400,12.3,0.000023,,,,,,,,
2500,12.8,0.000039,,,,,,,,
2600,13.3,0.000081,,,,,,,,
2700,13.8,0.000058,,,,,,,,
2800,14.4,0.000023,,,,,,,,
2900,14.9,0.000047,,,,,,,,
3000,15.4,0.000106,,,,,,,,
3100,15.9,0.000054,,,,,,,,
3200,16.4,0.000021,,,,,,,,
3300,16.9,0.000017,,,,,,,,
3400,17.4,0.000023,,,,,,,,
3500,17.9,0.000052,,,,,,,,
3600,18.4,0.000051,,,,,,,,
3700,18.9,0.000028,,,,,,,,
3800,19.4,0.000017,,,,,,,,
3900,19.9,0.000138,,,,,,,,
4000,20.4,0.000096,,,,,,,,
4100,21.0,0.000145,,,,,,,,
4200,21.5,0.000016,,,,,,,,
4300,22.0,0.000162,,,,,,,,
4400,22.6,0.000021,,,,,,,,
4500,23.1,0.000029,,,,,,,,
4600,23.6,0.000022,,,,,,,,
4700,24.1,0.000018,,,,,,,,
4800,24.7,0.000015,,,,,,,,
4900,25.2,0.000023,,,,,,,,
5000,27.1,0.000015,0.000014,2.475117e-01,1.828844e-02,1.610751e-02,0.000000,2.089948e-01,1.809559e-02,1.615666e-02
5100,27.3,0.000024,,,,,,,,
5200,27.6,0.000045,,,,,,,,
5300,28.0,0.000016,,,,,,,,
5400,28.5,0.000017,,,,,,,,
5500,29.0,0.000020,,,,,,,,
5600,29.5,0.000012,,,,,,,,
5700,30.0,0.000027,,,,,,,,
5800,30.6,0.000027,,,,,,,,
5900,31.1,0.000029,,,,,,,,
6000,31.6,0.000011,,,,,,,,
6100,32.1,0.000024,,,,,,,,
6200,32.6,0.000016,,,,,,,,
6300,33.1,0.000014,,,,,,,,
6400,33.7,0.000005,,,,,,,,
6500,34.2,0.000019,,,,,,,,
6600,34.8,0.000021,,,,,,,,
6700,35.3,0.000020,,,,,,,,
6800,35.8,0.000010,,,,,,,,
6900,36.3,0.000046,,,,,,,,
7000,36.8,0.000009,,,,,,,,
7100,37.3,0.000021,,,,,,,,
7200,37.8,0.000006,,,,,,,,
7300,38.3,0.000044,,,,,,,,
7400,38.9,0.000014,,,,,,,,
7500,39.4,0.000014,,,,,,,,
7600,39.9,0.000007,,,,,,,,
7700,40.4,0.000018,,,,,,,,
7800,40.9,0.000019,,,,,,,,
7900,41.5,0.000018,,,,,,,,
8000,42.0,0.000013,,,,,,,,
8100,42.5,0.000021,,,,,,,,
8200,43.0,0.000007,,,,,,,,
8300,43.6,0.000033,,,,,,,,
8400,44.0,0.000036,,,,,,,,
8500,44.6,0.000017,,,,,,,,
8600,45.1,0.000013,,,,,,,,
8700,45.6,0.000013,,,,,,,,
8800,46.2,0.000009,,,,,,,,
8900,46.7,0.000004,,,,,,,,
9000,47.2,0.000013,,,,,,,,
9100,47.7,0.000025,,,,,,,,
9200,48.2,0.000018,,,,,,,,
9300,48.8,0.000035,,,,,,,,
9400,49.3,0.000014,,,,,,,,
9500,49.8,0.000006,,,,,,,,
9600,50.3,0.000009,,,,,,,,
9700,50.8,0.000062,,,,,,,,
9800,51.4,0.000018,,,,,,,,
9900,51.9,0.000010,,,,,,,,
10000,53.6,0.000004,0.000008,2.609153e-01,1.282175e-02,9.850172e-03,0.000000,2.124910e-01,1.268036e-02,9.813541e-03
10100,53.8,0.000004,,,,,,,,
10200,54.1,0.000017,,,,,,,,
10300,54.6,0.000010,,,,,,,,
10400,55.1,0.000032,,,,,,,,
10500,55.6,0.000009,,,,,,,,
10600,56.2,0.000028,,,,,,,,
10700,56.7,0.000014,,,,,,,,
10800,57.2,0.000007,,,,,,,,
10900,57.7,0.000016,,,,,,,,
11000,58.3,0.000034,,,,,,,,
11100,58.8,0.000018,,,,,,,,
11200,59.3,0.000015,,,,,,,,
11300,59.8,0.000018,,,,,,,,
11400,60.3,0.000005,,,,,,,,
11500,60.8,0.000004,,,,,,,,
11600,61.4,0.000011,,,,,,,,
11700,61.9,0.000007,,,,,,,,
11800,62.4,0.000005,,,,,,,,
11900,62.9,0.000009,,,,,,,,
12000,63.4,0.000012,,,,,,,,
12100,63.9,0.000009,,,,,,,,
12200,64.4,0.000013,,,,,,,,
12300,65.0,0.000014,,,,,,,,
12400,65.5,0.000004,,,,,,,,
12500,66.0,0.000007,,,,,,,,
12600,66.6,0.000011,,,,,,,,
12700,67.1,0.000004,,,,,,,,
12800,67.6,0.000007,,,,,,,,
12900,68.1,0.000010,,,,,,,,
13000,68.6,0.000021,,,,,,,,
13100,69.2,0.000004,,,,,,,,
13200,69.7,0.000006,,,,,,,,
13300,70.2,0.000002,,,,,,,,
13400,70.7,0.000009,,,,,,,,
13500,71.3,0.000014,,,,,,,,
13600,71.8,0.000008,,,,,,,,
13700,72.3,0.000008,,,,,,,,
13800,72.8,0.000026,,,,,,,,
13900,73.3,0.000007,,,,,,,,
14000,73.8,0.000012,,,,,,,,
14100,74.3,0.000013,,,,,,,,
14200,74.9,0.000008,,,,,,,,
14300,75.4,0.000005,,,,,,,,
14400,75.9,0.000010,,,,,,,,
14500,76.4,0.000006,,,,,,,,
14600,76.9,0.000009,,,,,,,,
14700,77.4,0.000010,,,,,,,,
14800,77.9,0.000005,,,,,,,,
14900,78.3,0.000006,,,,,,,,
15000,80.0,0.000009,0.000004,1.836954e-01,1.005482e-02,8.503153e-03,0.000000,8.001564e-02,9.569651e-03,8.261669e-03
15100,80.2,0.000009,,,,,,,,
15200,80.5,0.000032,,,,,,,,
15300,80.9,0.000014,,,,,,,,
15400,81.4,0.000012,,,,,,,,
15500,82.0,0.000012,,,,,,,,
15600,82.5,0.000005,,,,,,,,
15700,83.0,0.000003,,,,,,,,
15800,83.6,0.000012,,,,,,,,
15900,84.1,0.000005,,,,,,,,
16000,84.6,0.000008,,,,,,,,
16100,85.1,0.000011,,,,,,,,
16200,85.6,0.000005,,,,,,,,
16300,86.2,0.000034,,,,,,,,
16400,86.7,0.000008,,,,,,,,
16500,87.2,0.000023,,,,,,,,
16600,87.7,0.000010,,,,,,,,
16700,88.2,0.000004,,,,,,,,
16800,88.7,0.000028,,,,,,,,
16900,89.3,0.000016,,,,,,,,
17000,89.8,0.000020,,,,,,,,
17100,90.3,0.000003,,,,,,,,
17200,90.8,0.000008,,,,,,,,
17300,91.3,0.000005,,,,,,,,
17400,91.8,0.000005,,,,,,,,
17500,92.3,0.000007,,,,,,,,
17600,92.8,0.000004,,,,,,,,
17700,93.4,0.000004,,,,,,,,
17800,93.9,0.000015,,,,,,,,
17900,94.4,0.000006,,,,,,,,
18000,94.9,0.000010,,,,,,,,
18100,95.5,0.000004,,,,,,,,
18200,96.0,0.000006,,,,,,,,
18300,96.5,0.000009,,,,,,,,
18400,97.0,0.000004,,,,,,,,
18500,97.6,0.000007,,,,,,,,
18600,98.1,0.000019,,,,,,,,
18700,98.7,0.000014,,,,,,,,
18800,99.2,0.000007,,,,,,,,
18900,99.7,0.000005,,,,,,,,
19000,100.2,0.000005,,,,,,,,
19100,100.7,0.000007,,,,,,,,
19200,101.2,0.000010,,,,,,,,
19300,101.8,0.000006,,,,,,,,
19400,102.3,0.000011,,,,,,,,
19500,102.8,0.000014,,,,,,,,
19600,103.3,0.000011,,,,,,,,
19700,103.8,0.000004,,,,,,,,
19800,104.3,0.000011,,,,,,,,
19900,104.9,0.000008,,,,,,,,
20000,106.5,0.000015,0.000018,2.262090e-01,2.073740e-02,1.634956e-02,0.000000,1.586237e-01,2.103206e-02,1.695177e-02
20100,106.8,0.000005,,,,,,,,
20200,107.1,0.000009,,,,,,,,
20300,107.6,0.000004,,,,,,,,
20400,108.1,0.000022,,,,,,,,
20500,108.6,0.000012,,,,,,,,
20600,109.1,0.000007,,,,,,,,
20700,109.6,0.000003,,,,,,,,
20800,110.1,0.000012,,,,,,,,
20900,110.7,0.000010,,,,,,,,
21000,111.2,0.000005,,,,,,,,
21100,111.7,0.000002,,,,,,,,
21200,112.2,0.000003,,,,,,,,
21300,112.7,0.000004,,,,,,,,
21400,113.2,0.000006,,,,,,,,
21500,113.8,0.000006,,,,,,,,
21600,114.3,0.000008,,,,,,,,
21700,114.8,0.000006,,,,,,,,
21800,115.3,0.000008,,,,,,,,
21900,115.9,0.000003,,,,,,,,
22000,116.4,0.000013,,,,,,,,
22100,116.9,0.000005,,,,,,,,
22200,117.5,0.000021,,,,,,,,
22300,118.0,0.000003,,,,,,,,
22400,118.5,0.000007,,,,,,,,
22500,119.1,0.000012,,,,,,,,
22600,119.6,0.000019,,,,,,,,
22700,120.1,0.000022,,,,,,,,
22800,120.6,0.000004,,,,,,,,
22900,121.1,0.000003,,,,,,,,
23000,121.6,0.000004,,,,,,,,
23100,122.1,0.000029,,,,,,,,
23200,122.6,0.000012,,,,,,,,
23300,123.1,0.000012,,,,,,,,
23400,123.7,0.000003,,,,,,,,
23500,124.2,0.000007,,,,,,,,
23600,124.7,0.000005,,,,,,,,
23700,125.2,0.000007,,,,,,,,
23800,125.7,0.000011,,,,,,,,
23900,126.3,0.000006,,,,,,,,
24000,126.8,0.000005,,,,,,,,
24100,127.3,0.000007,,,,,,,,
24200,127.8,0.000003,,,,,,,,
24300,128.3,0.000005,,,,,,,,
24400,128.9,0.000004,,,,,,,,
24500,129.4,0.000004,,,,,,,,
24600,129.9,0.000004,,,,,,,,
24700,130.4,0.000004,,,,,,,,
24800,131.0,0.000002,,,,,,,,
24900,131.5,0.000014,,,,,,,,
25000,133.2,0.000005,0.000010,1.729854e-01,1.694078e-02,1.656221e-02,0.000000,1.060299e-01,1.721351e-02,1.685782e-02
25100,133.4,0.000002,,,,,,,,
25200,133.7,0.000005,,,,,,,,
25300,134.1,0.000006,,,,,,,,
25400,134.7,0.000003,,,,,,,,
25500,135.2,0.000003,,,,,,,,
25600,135.7,0.000005,,,,,,,,
25700,136.2,0.000005,,,,,,,,
25800,136.7,0.000008,,,,,,,,
25900,137.2,0.000002,,,,,,,,
26000,137.7,0.000014,,,,,,,,
26100,138.2,0.000009,,,,,,,,
26200,138.4,0.000013,,,,,,,,
26300,138.9,0.000005,,,,,,,,
26400,139.5,0.000005,,,,,,,,
26500,140.0,0.000004,,,,,,,,
26600,140.5,0.000007,,,,,,,,
26700,141.0,0.000004,,,,,,,,
26800,141.5,0.000002,,,,,,,,
26900,142.1,0.000003,,,,,,,,
27000,142.6,0.000010,,,,,,,,
27100,143.1,0.000007,,,,,,,,
27200,143.6,0.000007,,,,,,,,
27300,144.1,0.000004,,,,,,,,
27400,144.6,0.000004,,,,,,,,
27500,145.2,0.000005,,,,,,,,
27600,145.7,0.000005,,,,,,,,
27700,146.2,0.000002,,,,,,,,
27800,146.7,0.000003,,,,,,,,
27900,147.3,0.000006,,,,,,,,
28000,147.8,0.000002,,,,,,,,
28100,148.3,0.000006,,,,,,,,
28200,148.8,0.000004,,,,,,,,
28300,149.3,0.000004,,,,,,,,
28400,149.9,0.000010,,,,,,,,
28500,150.3,0.000003,,,,,,,,
28600,150.9,0.000006,,,,,,,,
28700,151.4,0.000004,,,,,,,,
28800,151.9,0.000007,,,,,,,,
28900,152.5,0.000006,,,,,,,,
29000,153.0,0.000014,,,,,,,,
29100,153.5,0.000005,,,,,,,,
29200,154.0,0.000003,,,,,,,,
29300,154.5,0.000011,,,,,,,,
29400,155.1,0.000002,,,,,,,,
29500,155.6,0.000002,,,,,,,,
29600,156.1,0.000015,,,,,,,,
29700,156.6,0.000002,,,,,,,,
29800,157.2,0.000002,,,,,,,,
29900,157.7,0.000003,,,,,,,,
30000,159.4,0.000005,0.000012,1.857179e-01,1.871531e-02,1.754594e-02,0.000000,1.218738e-01,1.857524e-02,1.756302e-02
30100,159.6,0.000020,,,,,,,,
30200,159.9,0.000006,,,,,,,,
30300,160.2,0.000006,,,,,,,,
30400,160.7,0.000006,,,,,,,,
30500,161.3,0.000011,,,,,,,,
30600,161.8,0.000003,,,,,,,,
30700,162.3,0.000009,,,,,,,,
30800,162.8,0.000004,,,,,,,,
30900,163.3,0.000016,,,,,,,,
31000,163.8,0.000004,,,,,,,,
31100,164.3,0.000003,,,,,,,,
31200,164.8,0.000003,,,,,,,,
31300,165.4,0.000004,,,,,,,,
31400,165.9,0.000002,,,,,,,,
31500,166.4,0.000012,,,,,,,,
31600,166.9,0.000011,,,,,,,,
31700,167.5,0.000003,,,,,,,,
31800,168.0,0.000011,,,,,,,,
31900,168.5,0.000005,,,,,,,,
32000,169.0,0.000005,,,,,,,,
32100,169.5,0.000007,,,,,,,,
32200,170.0,0.000009,,,,,,,,
32300,170.5,0.000020,,,,,,,,
32400,171.1,0.000007,,,,,,,,
32500,171.6,0.000006,,,,,,,,
32600,172.1,0.000014,,,,,,,,
32700,172.6,0.000003,,,,,,,,
32800,173.1,0.000002,,,,,,,,
32900,173.6,0.000004,,,,,,,,
33000,174.2,0.000003,,,,,,,,
33100,174.7,0.000003,,,,,,,,
33200,175.2,0.000002,,,,,,,,
33300,175.7,0.000013,,,,,,,,
33400,176.3,0.000003,,,,,,,,
33500,176.8,0.000003,,,,,,,,
33600,177.3,0.000006,,,,,,,,
33700,177.8,0.000005,,,,,,,,
33800,178.3,0.000007,,,,,,,,
33900,178.8,0.000023,,,,,,,,
34000,179.4,0.000007,,,,,,,,
34100,179.9,0.000005,,,,,,,,
34200,180.4,0.000005,,,,,,,,
34300,180.9,0.000003,,,,,,,,
34400,181.5,0.000003,,,,,,,,
34500,182.0,0.000006,,,,,,,,
34600,182.5,0.000002,,,,,,,,
34700,183.1,0.000004,,,,,,,,
34800,183.5,0.000008,,,,,,,,
34900,184.0,0.000003,,,,,,,,
35000,185.7,0.000004,0.000003,1.466447e-01,7.743134e-03,6.013285e-03,0.000000,9.796310e-02,7.696793e-03,6.015254e-03
35100,186.0,0.000007,,,,,,,,
35200,186.2,0.000004,,,,,,,,
35300,186.6,0.000005,,,,,,,,
35400,187.1,0.000002,,,,,,,,
35500,187.7,0.000002,,,,,,,,
35600,188.2,0.000006,,,,,,,,
35700,188.7,0.000003,,,,,,,,
35800,189.2,0.000002,,,,,,,,
35900,189.7,0.000003,,,,,,,,
36000,190.2,0.000008,,,,,,,,
36100,190.8,0.000002,,,,,,,,
36200,191.3,0.000011,,,,,,,,
36300,191.8,0.000003,,,,,,,,
36400,192.3,0.000003,,,,,,,,
36500,192.8,0.000008,,,,,,,,
36600,193.3,0.000016,,,,,,,,
36700,193.8,0.000005,,,,,,,,
36800,194.3,0.000004,,,,,,,,
36900,194.8,0.000004,,,,,,,,
37000,195.3,0.000010,,,,,,,,
37100,195.9,0.000003,,,,,,,,
37200,196.4,0.000005,,,,,,,,
37300,196.9,0.000006,,,,,,,,
37400,197.4,0.000005,,,,,,,,
37500,197.9,0.000001,,,,,,,,
37600,198.4,0.000001,,,,,,,,
37700,198.9,0.000004,,,,,,,,
37800,199.4,0.000008,,,,,,,,
37900,199.9,0.000006,,,,,,,,
38000,200.4,0.000007,,,,,,,,
38100,201.0,0.000004,,,,,,,,
38200,201.5,0.000004,,,,,,,,
38300,202.0,0.000006,,,,,,,,
38400,202.5,0.000005,,,,,,,,
38500,203.0,0.000006,,,,,,,,
38600,203.5,0.000011,,,,,,,,
38700,204.0,0.000005,,,,,,,,
38800,204.6,0.000002,,,,,,,,
38900,205.1,0.000004,,,,,,,,
39000,205.6,0.000004,,,,,,,,
39100,206.1,0.000005,,,,,,,,
39200,206.7,0.000005,,,,,,,,
39300,207.2,0.000002,,,,,,,,
39400,207.7,0.000003,,,,,,,,
39500,208.2,0.000006,,,,,,,,
39600,208.7,0.000010,,,,,,,,
39700,209.3,0.000003,,,,,,,,
39800,209.8,0.000003,,,,,,,,
39900,210.3,0.000002,,,,,,,,
40000,212.0,0.000005,0.000008,1.260323e-01,1.524375e-02,1.401473e-02,0.000000,9.136147e-02,1.507684e-02,1.383261e-02
40100,212.2,0.000002,,,,,,,,
40200,212.6,0.000007,,,,,,,,
40300,213.0,0.000028,,,,,,,,
40400,213.5,0.000012,,,,,,,,
40500,214.0,0.000005,,,,,,,,
40600,214.5,0.000003,,,,,,,,
40700,215.0,0.000008,,,,,,,,
40800,215.5,0.000001,,,,,,,,
40900,216.0,0.000003,,,,,,,,
41000,216.5,0.000003,,,,,,,,
41100,217.0,0.000005,,,,,,,,
41200,217.5,0.000003,,,,,,,,
41300,218.0,0.000003,,,,,,,,
41400,218.5,0.000004,,,,,,,,
41500,219.0,0.000010,,,,,,,,
41600,219.3,0.000006,,,,,,,,
41700,219.7,0.000003,,,,,,,,
41800,220.3,0.000002,,,,,,,,
41900,220.8,0.000006,,,,,,,,
42000,221.3,0.000004,,,,,,,,
42100,221.8,0.000004,,,,,,,,
42200,222.3,0.000006,,,,,,,,
42300,222.9,0.000013,,,,,,,,
42400,223.4,0.000002,,,,,,,,
42500,223.9,0.000008,,,,,,,,
42600,224.4,0.000002,,,,,,,,
42700,224.9,0.000008,,,,,,,,
42800,225.4,0.000003,,,,,,,,
42900,226.0,0.000005,,,,,,,,
43000,226.5,0.000003,,,,,,,,
43100,227.0,0.000006,,,,,,,,
43200,227.5,0.000007,,,,,,,,
43300,228.0,0.000008,,,,,,,,
43400,228.6,0.000007,,,,,,,,
43500,229.1,0.000007,,,,,,,,
43600,229.6,0.000007,,,,,,,,
43700,230.1,0.000002,,,,,,,,
43800,230.7,0.000005,,,,,,,,
43900,231.2,0.000006,,,,,,,,
44000,231.7,0.000006,,,,,,,,
44100,232.2,0.000004,,,,,,,,
44200,232.8,0.000011,,,,,,,,
44300,233.3,0.000004,,,,,,,,
44400,233.8,0.000003,,,,,,,,
44500,234.3,0.000003,,,,,,,,
44600,234.8,0.000003,,,,,,,,
44700,235.4,0.000006,,,,,,,,
44800,235.9,0.000005,,,,,,,,
44900,236.4,0.000002,,,,,,,,
45000,238.1,0.000005,0.000003,1.425837e-01,9.093214e-03,8.335322e-03,0.000000,8.456654e-02,8.670640e-03,8.112318e-03
45100,238.4,0.000007,,,,,,,,
45200,238.7,0.000001,,,,,,,,
45300,239.1,0.000004,,,,,,,,
45400,239.7,0.000004,,,,,,,,
45500,240.2,0.000004,,,,,,,,
45600,240.6,0.000004,,,,,,,,
45700,241.2,0.000006,,,,,,,,
45800,241.7,0.000021,,,,,,,,
45900,242.2,0.000015,,,,,,,,
46000,242.7,0.000005,,,,,,,,
46100,243.2,0.000003,,,,,,,,
46200,243.8,0.000002,,,,,,,,
46300,244.3,0.000002,,,,,,,,
46400,244.8,0.000007,,,,,,,,
46500,245.3,0.000003,,,,,,,,
46600,245.8,0.000002,,,,,,,,
46700,246.4,0.000005,,,,,,,,
46800,246.9,0.000004,,,,,,,,
46900,247.4,0.000005,,,,,,,,
47000,248.0,0.000001,,,,,,,,
47100,248.5,0.000010,,,,,,,,
47200,249.0,0.000005,,,,,,,,
47300,249.5,0.000001,,,,,,,,
47400,250.0,0.000016,,,,,,,,
47500,250.5,0.000003,,,,,,,,
47600,251.0,0.000004,,,,,,,,
47700,251.5,0.000001,,,,,,,,
47800,252.1,0.000010,,,,,,,,
47900,252.6,0.000002,,,,,,,,
48000,253.1,0.000004,,,,,,,,
48100,253.6,0.000006,,,,,,,,
48200,254.1,0.000003,,,,,,,,
48300,254.6,0.000004,,,,,,,,
48400,255.1,0.000002,,,,,,,,
48500,255.7,0.000002,,,,,,,,
48600,256.2,0.000004,,,,,,,,
48700,256.7,0.000006,,,,,,,,
48800,257.2,0.000002,,,,,,,,
48900,257.7,0.000006,,,,,,,,
49000,258.2,0.000002,,,,,,,,
49100,258.8,0.000002,,,,,,,,
49200,259.3,0.000002,,,,,,,,
49300,259.8,0.000017,,,,,,,,
49400,260.3,0.000002,,,,,,,,
49500,260.8,0.000009,,,,,,,,
49600,261.4,0.000001,,,,,,,,
49700,261.9,0.000006,,,,,,,,
49800,262.4,0.000002,,,,,,,,
49900,262.9,0.000004,,,,,,,,
50000,264.6,0.000006,0.000004,1.742883e-01,9.512652e-03,8.930106e-03,0.000000,7.757510e-02,9.079791e-03,8.739306e-03
50100,264.9,0.000003,,,,,,,,
50200,265.1,0.000003,,,,,,,,
50300,265.5,0.000003,,,,,,,,
50400,266.0,0.000002,,,,,,,,
50500,266.5,0.000004,,,,,,,,
50600,267.0,0.000002,,,,,,,,
50700,267.5,0.000002,,,,,,,,
50800,268.1,0.000022,,,,,,,,
50900,268.6,0.000005,,,,,,,,
51000,269.1,0.000007,,,,,,,,
51100,269.6,0.000006,,,,,,,,
51200,270.1,0.000003,,,,,,,,
51300,270.6,0.000010,,,,,,,,
51400,271.2,0.000001,,,,,,,,
51500,271.7,0.000012,,,,,,,,
51600,272.2,0.000004,,,,,,,,
51700,272.8,0.000001,,,,,,,,
51800,273.3,0.000002,,,,,,,,
51900,273.8,0.000005,,,,,,,,
52000,274.3,0.000004,,,,,,,,
52100,274.9,0.000001,,,,,,,,
52200,275.4,0.000001,,,,,,,,
52300,275.9,0.000002,,,,,,,,
52400,276.5,0.000004,,,,,,,,
52500,277.0,0.000002,,,,,,,,
52600,277.5,0.000002,,,,,,,,
52700,278.0,0.000002,,,,,,,,
52800,278.6,0.000004,,,,,,,,
52900,279.1,0.000002,,,,,,,,
53000,279.6,0.000002,,,,,,,,
53100,280.2,0.000002,,,,,,,,
53200,280.7,0.000003,,,,,,,,
53300,281.2,0.000003,,,,,,,,
53400,281.7,0.000002,,,,,,,,
53500,282.3,0.000001,,,,,,,,
53600,282.7,0.000002,,,,,,,,
53700,283.3,0.000002,,,,,,,,
53800,283.8,0.000002,,,,,,,,
53900,284.3,0.000001,,,,,,,,
54000,284.8,0.000005,,,,,,,,
54100,285.3,0.000002,,,,,,,,
54200,285.8,0.000002,,,,,,,,
54300,286.4,0.000010,,,,,,,,
54400,286.9,0.000004,,,,,,,,
54500,287.4,0.000003,,,,,,,,
54600,287.9,0.000002,,,,,,,,
54700,288.4,0.000007,,,,,,,,
54800,289.0,0.000004,,,,,,,,
54900,289.5,0.000002,,,,,,,,
55000,291.2,0.000004,0.000003,1.687666e-01,9.255824e-03,8.358724e-03,0.000000,1.295013e-01,9.162927e-03,8.427414e-03
55100,291.5,0.000002,,,,,,,,
55200,291.8,0.000002,,,,,,,,
55300,292.2,0.000004,,,,,,,,
55400,292.7,0.000001,,,,,,,,
55500,293.2,0.000010,,,,,,,,
55600,293.7,0.000007,,,,,,,,
55700,294.3,0.000002,,,,,,,,
55800,294.8,0.000005,,,,,,,,
55900,295.3,0.000006,,,,,,,,
56000,295.8,0.000005,,,,,,,,
56100,296.3,0.000001,,,,,,,,
56200,296.8,0.000002,,,,,,,,
56300,297.4,0.000003,,,,,,,,
56400,297.9,0.000010,,,,,,,,
56500,298.4,0.000003,,,,,,,,
56600,298.9,0.000002,,,,,,,,
56700,299.5,0.000006,,,,,,,,
56800,300.0,0.000005,,,,,,,,
56900,300.6,0.000005,,,,,,,,
57000,301.1,0.000002,,,,,,,,
57100,301.6,0.000004,,,,,,,,
57200,302.1,0.000007,,,,,,,,
57300,302.7,0.000016,,,,,,,,
57400,303.2,0.000003,,,,,,,,
57500,303.7,0.000004,,,,,,,,
57600,304.2,0.000001,,,,,,,,
57700,304.7,0.000007,,,,,,,,
57800,305.2,0.000001,,,,,,,,
57900,305.8,0.000005,,,,,,,,
58000,306.2,0.000002,,,,,,,,
58100,306.8,0.000002,,,,,,,,
58200,307.3,0.000002,,,,,,,,
58300,307.8,0.000002,,,,,,,,
58400,308.4,0.000007,,,,,,,,
58500,308.9,0.000003,,,,,,,,
58600,309.4,0.000003,,,,,,,,
58700,309.9,0.000011,,,,,,,,
58800,310.5,0.000004,,,,,,,,
58900,311.0,0.000004,,,,,,,,
59000,311.5,0.000003,,,,,,,,
59100,312.1,0.000002,,,,,,,,
59200,312.6,0.000002,,,,,,,,
59300,313.1,0.000008,,,,,,,,
59400,313.6,0.000002,,,,,,,,
59500,314.1,0.000004,,,,,,,,
59600,314.6,0.000001,,,,,,,,
59700,315.1,0.000004,,,,,,,,
59800,315.7,0.000001,,,,,,,,
59900,316.2,0.000003,,,,,,,,
60000,317.9,0.000002,0.000003,1.543514e-01,7.934372e-03,5.767583e-03,0.000000,1.130540e-01,7.816206e-03,5.866475e-03
60100,318.1,0.000004,,,,,,,,
60200,318.4,0.000007,,,,,,,,
60300,318.8,0.000002,,,,,,,,
60400,319.3,0.000003,,,,,,,,
60500,319.8,0.000003,,,,,,,,
60600,320.3,0.000002,,,,,,,,
60700,320.8,0.000003,,,,,,,,
60800,321.4,0.000003,,,,,,,,
60900,321.9,0.000002,,,,,,,,
61000,322.4,0.000003,,,,,,,,
61100,322.9,0.000001,,,,,,,,
61200,323.5,0.000004,,,,,,,,
61300,324.0,0.000002,,,,,,,,
61400,324.5,0.000002,,,,,,,,
61500,325.0,0.000004,,,,,,,,
61600,325.5,0.000003,,,,,,,,
61700,326.0,0.000003,,,,,,,,
61800,326.6,0.000002,,,,,,,,
61900,327.1,0.000002,,,,,,,,
62000,327.6,0.000001,,,,,,,,
62100,328.2,0.000005,,,,,,,,
62200,328.7,0.000009,,,,,,,,
62300,329.2,0.000003,,,,,,,,
62400,329.7,0.000005,,,,,,,,
62500,330.2,0.000004,,,,,,,,
62600,330.7,0.000003,,,,,,,,
62700,331.3,0.000002,,,,,,,,
62800,331.8,0.000007,,,,,,,,
62900,332.4,0.000005,,,,,,,,
63000,332.8,0.000002,,,,,,,,
63100,333.4,0.000001,,,,,,,,
63200,333.9,0.000001,,,,,,,,
63300,334.4,0.000005,,,,,,,,
63400,334.9,0.000006,,,,,,,,
63500,335.4,0.000006,,,,,,,,
63600,336.0,0.000004,,,,,,,,
63700,336.5,0.000003,,,,,,,,
63800,337.0,0.000003,,,,,,,,
63900,337.5,0.000001,,,,,,,,
64000,338.0,0.000002,,,,,,,,
64100,338.6,0.000002,,,,,,,,
64200,339.1,0.000008,,,,,,,,
64300,339.6,0.000003,,,,,,,,
64400,340.1,0.000003,,,,,,,,
64500,340.7,0.000005,,,,,,,,
64600,341.2,0.000003,,,,,,,,
64700,341.7,0.000004,,,,,,,,
64800,342.2,0.000004,,,,,,,,
64900,342.7,0.000003,,,,,,,,
65000,344.5,0.000002,0.000001,1.310016e-01,5.343858e-03,4.275754e-03,0.000000,9.912057e-02,5.080669e-03,4.124211e-03
65100,344.7,0.000002,,,,,,,,
65200,345.0,0.000003,,,,,,,,
65300,345.3,0.000004,,,,,,,,
65400,345.9,0.000008,,,,,,,,
65500,346.4,0.000004,,,,,,,,
65600,346.9,0.000001,,,,,,,,
65700,347.4,0.000004,,,,,,,,
65800,347.9,0.000004,,,,,,,,
65900,348.4,0.000005,,,,,,,,
66000,348.9,0.000002,,,,,,,,
66100,349.4,0.000005,,,,,,,,
66200,349.9,0.000002,,,,,,,,
66300,350.4,0.000002,,,,,,,,
66400,350.9,0.000002,,,,,,,,
66500,351.5,0.000005,,,,,,,,
66600,352.0,0.000004,,,,,,,,
66700,352.5,0.000007,,,,,,,,
66800,353.0,0.000005,,,,,,,,
66900,353.5,0.000005,,,,,,,,
67000,354.1,0.000004,,,,,,,,
67100,354.6,0.000004,,,,,,,,
67200,355.1,0.000002,,,,,,,,
67300,355.6,0.000002,,,,,,,,
67400,356.2,0.000001,,,,,,,,
67500,356.7,0.000002,,,,,,,,
67600,357.2,0.000001,,,,,,,,
67700,357.7,0.000002,,,,,,,,
67800,358.2,0.000001,,,,,,,,
67900,358.8,0.000004,,,,,,,,
68000,359.3,0.000002,,,,,,,,
68100,359.8,0.000007,,,,,,,,
68200,360.3,0.000002,,,,,,,,
68300,360.9,0.000005,,,,,,,,
68400,361.4,0.000002,,,,,,,,
68500,361.9,0.000004,,,,,,,,
68600,362.4,0.000002,,,,,,,,
68700,363.0,0.000002,,,,,,,,
68800,363.4,0.000007,,,,,,,,
68900,364.0,0.000002,,,,,,,,
69000,364.5,0.000003,,,,,,,,
69100,365.1,0.000002,,,,,,,,
69200,365.5,0.000001,,,,,,,,
69300,366.1,0.000003,,,,,,,,
69400,366.6,0.000001,,,,,,,,
69500,367.1,0.000004,,,,,,,,
69600,367.7,0.000004,,,,,,,,
69700,368.2,0.000003,,,,,,,,
69800,368.7,0.000004,,,,,,,,
69900,369.2,0.000007,,,,,,,,
70000,370.9,0.000004,0.000003,1.955265e-01,8.376998e-03,7.013243e-03,0.000000,1.589215e-01,8.031392e-03,6.742371e-03
70100,371.2,0.000004,,,,,,,,
70200,371.4,0.000002,,,,,,,,
70300,371.8,0.000002,,,,,,,,
70400,372.3,0.000004,,,,,,,,
70500,372.8,0.000002,,,,,,,,
70600,373.4,0.000002,,,,,,,,
70700,373.9,0.000002,,,,,,,,
70800,374.4,0.000001,,,,,,,,
70900,374.9,0.000004,,,,,,,,
71000,375.5,0.000004,,,,,,,,
71100,376.0,0.000002,,,,,,,,
71200,376.5,0.000001,,,,,,,,
71300,377.1,0.000001,,,,,,,,
71400,377.6,0.000001,,,,,,,,
71500,378.1,0.000002,,,,,,,,
71600,378.4,0.000002,,,,,,,,
71700,378.9,0.000003,,,,,,,,
71800,379.5,0.000002,,,,,,,,
71900,380.0,0.000001,,,,,,,,
72000,380.5,0.000010,,,,,,,,
72100,381.0,0.000004,,,,,,,,
72200,381.6,0.000001,,,,,,,,
72300,382.1,0.000006,,,,,,,,
72400,382.6,0.000002,,,,,,,,
72500,383.1,0.000004,,,,,,,,
72600,383.6,0.000001,,,,,,,,
72700,384.2,0.000003,,,,,,,,
72800,384.7,0.000003,,,,,,,,
72900,385.2,0.000005,,,,,,,,
73000,385.7,0.000001,,,,,,,,
73100,386.2,0.000013,,,,,,,,
73200,386.8,0.000005,,,,,,,,
73300,387.3,0.000010,,,,,,,,
73400,387.8,0.000002,,,,,,,,
73500,388.3,0.000005,,,,,,,,
73600,388.8,0.000002,,,,,,,,
73700,389.4,0.000002,,,,,,,,
73800,389.9,0.000002,,,,,,,,
73900,390.4,0.000002,,,,,,,,
74000,390.9,0.000003,,,,,,,,
74100,391.4,0.000004,,,,,,,,
74200,391.9,0.000003,,,,,,,,
74300,392.5,0.000002,,,,,,,,
74400,393.0,0.000004,,,,,,,,
74500,393.5,0.000001,,,,,,,,
74600,394.1,0.000003,,,,,,,,
74700,394.6,0.000011,,,,,,,,
74800,395.1,0.000003,,,,,,,,
74900,395.6,0.000002,,,,,,,,
75000,397.3,0.000003,0.000003,1.165463e-01,8.279788e-03,6.536329e-03,0.000000,8.881850e-02,8.366367e-03,6.717301e-03
75100,397.6,0.000002,,,,,,,,
75200,397.9,0.000002,,,,,,,,
75300,398.3,0.000005,,,,,,,,
75400,398.9,0.000009,,,,,,,,
75500,399.4,0.000002,,,,,,,,
75600,399.9,0.000002,,,,,,,,
75700,400.5,0.000004,,,,,,,,
75800,401.0,0.000002,,,,,,,,
75900,401.5,0.000004,,,,,,,,
76000,402.0,0.000003,,,,,,,,
76100,402.5,0.000002,,,,,,,,
76200,403.0,0.000003,,,,,,,,
76300,403.6,0.000005,,,,,,,,
76400,404.1,0.000007,,,,,,,,
76500,404.6,0.000002,,,,,,,,
76600,405.1,0.000007,,,,,,,,
76700,405.7,0.000003,,,,,,,,
76800,406.2,0.000001,,,,,,,,
76900,406.7,0.000004,,,,,,,,
77000,407.2,0.000003,,,,,,,,
77100,407.7,0.000002,,,,,,,,
77200,408.3,0.000002,,,,,,,,
77300,408.8,0.000003,,,,,,,,
77400,409.3,0.000007,,,,,,,,
77500,409.8,0.000002,,,,,,,,
77600,410.3,0.000002,,,,,,,,
77700,410.9,0.000002,,,,,,,,
77800,411.4,0.000007,,,,,,,,
77900,411.9,0.000003,,,,,,,,
78000,412.4,0.000003,,,,,,,,
78100,413.0,0.000001,,,,,,,,
78200,413.5,0.000003,,,,,,,,
78300,414.0,0.000005,,,,,,,,
78400,414.5,0.000002,,,,,,,,
78500,415.1,0.000004,,,,,,,,
78600,415.6,0.000003,,,,,,,,
78700,416.1,0.000002,,,,,,,,
78800,416.6,0.000002,,,,,,,,
78900,417.2,0.000001,,,,,,,,
79000,417.7,0.000002,,,,,,,,
79100,418.2,0.000004,,,,,,,,
79200,418.7,0.000002,,,,,,,,
79300,419.2,0.000004,,,,,,,,
79400,419.7,0.000004,,,,,,,,
79500,420.2,0.000002,,,,,,,,
79600,420.7,0.000002,,,,,,,,
79700,421.3,0.000004,,,,,,,,
79800,421.8,0.000003,,,,,,,,
79900,422.3,0.000002,,,,,,,,
80000,424.0,0.000003,0.000002,1.151820e-01,7.417824e-03,6.455612e-03,0.000000,5.871768e-02,7.393350e-03,6.571071e-03
80100,424.3,0.000005,,,,,,,,
80200,424.6,0.000002,,,,,,,,
80300,425.0,0.000003,,,,,,,,
80400,425.5,0.000003,,,,,,,,
80500,426.0,0.000001,,,,,,,,
80600,426.5,0.000002,,,,,,,,
80700,427.1,0.000006,,,,,,,,
80800,427.6,0.000004,,,,,,,,
80900,428.1,0.000002,,,,,,,,
81000,428.7,0.000005,,,,,,,,
81100,429.1,0.000002,,,,,,,,
81200,429.7,0.000001,,,,,,,,
81300,430.2,0.000004,,,,,,,,
81400,430.7,0.000002,,,,,,,,
81500,431.2,0.000003,,,,,,,,
81600,431.8,0.000002,,,,,,,,
81700,432.3,0.000002,,,,,,,,
81800,432.8,0.000002,,,,,,,,
81900,433.3,0.000002,,,,,,,,
82000,433.8,0.000005,,,,,,,,
82100,434.4,0.000005,,,,,,,,
82200,434.9,0.000002,,,,,,,,
82300,435.4,0.000008,,,,,,,,
82400,435.9,0.000009,,,,,,,,
82500,436.4,0.000002,,,,,,,,
82600,436.9,0.000003,,,,,,,,
82700,437.4,0.000004,,,,,,,,
82800,437.9,0.000003,,,,,,,,
82900,438.3,0.000005,,,,,,,,
83000,438.7,0.000002,,,,,,,,
83100,439.2,0.000004,,,,,,,,
83200,439.7,0.000007,,,,,,,,
83300,440.3,0.000001,,,,,,,,
83400,440.8,0.000003,,,,,,,,
83500,441.3,0.000002,,,,,,,,
83600,441.8,0.000001,,,,,,,,
83700,442.4,0.000005,,,,,,,,
83800,442.9,0.000001,,,,,,,,
83900,443.4,0.000002,,,,,,,,
84000,443.9,0.000002,,,,,,,,
84100,444.5,0.000003,,,,,,,,
84200,445.0,0.000005,,,,,,,,
84300,445.5,0.000002,,,,,,,,
84400,446.1,0.000002,,,,,,,,
84500,446.6,0.000004,,,,,,,,
84600,447.1,0.000002,,,,,,,,
84700,447.6,0.000002,,,,,,,,
84800,448.1,0.000007,,,,,,,,
84900,448.7,0.000001,,,,,,,,
85000,450.4,0.000002,0.000003,1.442230e-01,7.626191e-03,6.348403e-03,0.000000,1.204318e-01,7.594676e-03,6.395018e-03
85100,450.6,0.000002,,,,,,,,
85200,450.9,0.000001,,,,,,,,
85300,451.3,0.000006,,,,,,,,
85400,451.8,0.000002,,,,,,,,
85500,452.4,0.000001,,,,,,,,
85600,452.9,0.000004,,,,,,,,
85700,453.4,0.000005,,,,,,,,
85800,453.9,0.000002,,,,,,,,
85900,454.5,0.000004,,,,,,,,
86000,455.0,0.000003,,,,,,,,
86100,455.5,0.000003,,,,,,,,
86200,456.0,0.000002,,,,,,,,
86300,456.6,0.000003,,,,,,,,
86400,457.1,0.000008,,,,,,,,
86500,457.6,0.000002,,,,,,,,
86600,458.1,0.000002,,,,,,,,
86700,458.6,0.000002,,,,,,,,
86800,459.2,0.000004,,,,,,,,
86900,459.7,0.000004,,,,,,,,
87000,460.2,0.000002,,,,,,,,
87100,460.8,0.000003,,,,,,,,
87200,461.3,0.000002,,,,,,,,
87300,461.8,0.000002,,,,,,,,
87400,462.4,0.000001,,,,,,,,
87500,462.9,0.000006,,,,,,,,
87600,463.4,0.000003,,,,,,,,
87700,463.9,0.000003,,,,,,,,
87800,464.5,0.000003,,,,,,,,
87900,465.0,0.000015,,,,,,,,
88000,465.5,0.000001,,,,,,,,
88100,466.0,0.000001,,,,,,,,
88200,466.5,0.000002,,,,,,,,
88300,467.1,0.000002,,,,,,,,
88400,467.6,0.000001,,,,,,,,
88500,468.1,0.000002,,,,,,,,
88600,468.6,0.000007,,,,,,,,
88700,469.1,0.000007,,,,,,,,
88800,469.6,0.000002,,,,,,,,
88900,470.1,0.000004,,,,,,,,
89000,470.6,0.000001,,,,,,,,
89100,471.2,0.000002,,,,,,,,
89200,471.7,0.000001,,,,,,,,
89300,472.2,0.000003,,,,,,,,
89400,472.7,0.000003,,,,,,,,
89500,473.2,0.000001,,,,,,,,
89600,473.7,0.000003,,,,,,,,
89700,474.3,0.000001,,,,,,,,
89800,474.8,0.000002,,,,,,,,
89900,475.3,0.000002,,,,,,,,
90000,477.0,0.000002,0.000002,1.125743e-01,6.081237e-03,5.106777e-03,0.000000,7.701177e-02,5.982596e-03,5.075878e-03
90100,477.2,0.000002,,,,,,,,
90200,477.5,0.000002,,,,,,,,
90300,477.9,0.000002,,,,,,,,
90400,478.4,0.000003,,,,,,,,
90500,478.9,0.000006,,,,,,,,
90600,479.4,0.000001,,,,,,,,
90700,480.0,0.000002,,,,,,,,
90800,480.4,0.000003,,,,,,,,
90900,481.0,0.000007,,,,,,,,
91000,481.5,0.000003,,,,,,,,
91100,482.1,0.000007,,,,,,,,
91200,482.6,0.000002,,,,,,,,
91300,483.1,0.000001,,,,,,,,
91400,483.6,0.000002,,,,,,,,
91500,484.1,0.000001,,,,,,,,
91600,484.7,0.000002,,,,,,,,
91700,485.2,0.000002,,,,,,,,
91800,485.7,0.000001,,,,,,,,
91900,486.2,0.000001,,,,,,,,
92000,486.7,0.000001,,,,,,,,
92100,487.3,0.000005,,,,,,,,
92200,487.8,0.000005,,,,,,,,
92300,488.3,0.000002,,,,,,,,
92400,488.8,0.000003,,,,,,,,
92500,489.3,0.000001,,,,,,,,
92600,489.8,0.000001,,,,,,,,
92700,490.4,0.000001,,,,,,,,
92800,490.9,0.000007,,,,,,,,
92900,491.4,0.000006,,,,,,,,
93000,492.0,0.000003,,,,,,,,
93100,492.5,0.000004,,,,,,,,
93200,493.0,0.000011,,,,,,,,
93300,493.5,0.000002,,,,,,,,
93400,494.1,0.000003,,,,,,,,
93500,494.6,0.000004,,,,,,,,
93600,495.1,0.000002,,,,,,,,
93700,495.6,0.000001,,,,,,,,
93800,496.1,0.000003,,,,,,,,
93900,496.6,0.000001,,,,,,,,
94000,497.1,0.000002,,,,,,,,
94100,497.6,0.000003,,,,,,,,
94200,498.2,0.000003,,,,,,,,
94300,498.7,0.000001,,,,,,,,
94400,499.2,0.000002,,,,,,,,
94500,499.8,0.000004,,,,,,,,
94600,500.3,0.000001,,,,,,,,
94700,500.8,0.000001,,,,,,,,
94800,501.3,0.000003,,,,,,,,
94900,501.9,0.000003,,,,,,,,
95000,503.6,0.000001,0.000001,1.538159e-01,4.289882e-03,3.127650e-03,0.000000,1.090555e-01,4.170085e-03,3.126967e-03
95100,503.8,0.000004,,,,,,,,
95200,504.1,0.000003,,,,,,,,
95300,504.4,0.000001,,,,,,,,
95400,504.8,0.000001,,,,,,,,
95500,505.4,0.000003,,,,,,,,
95600,505.9,0.000004,,,,,,,,
95700,506.4,0.000002,,,,,,,,
95800,506.9,0.000005,,,,,,,,
95900,507.4,0.000002,,,,,,,,
96000,507.9,0.000002,,,,,,,,
96100,508.5,0.000003,,,,,,,,
96200,509.0,0.000002,,,,,,,,
96300,509.5,0.000002,,,,,,,,
96400,510.0,0.000002,,,,,,,,
96500,510.6,0.000003,,,,,,,,
96600,511.1,0.000001,,,,,,,,
96700,511.6,0.000003,,,,,,,,
96800,512.2,0.000002,,,,,,,,
96900,512.7,0.000002,,,,,,,,
97000,513.2,0.000008,,,,,,,,
97100,513.7,0.000002,,,,,,,,
97200,514.3,0.000002,,,,,,,,
97300,514.8,0.000003,,,,,,,,
97400,515.3,0.000006,,,,,,,,
97500,515.8,0.000001,,,,,,,,
97600,516.3,0.000003,,,,,,,,
97700,516.8,0.000003,,,,,,,,
97800,517.3,0.000003,,,,,,,,
97900,517.8,0.000002,,,,,,,,
98000,518.4,0.000001,,,,,,,,
98100,518.9,0.000004,,,,,,,,
98200,519.4,0.000003,,,,,,,,
98300,519.9,0.000001,,,,,,,,
98400,520.4,0.000002,,,,,,,,
98500,521.0,0.000003,,,,,,,,
98600,521.5,0.000003,,,,,,,,
98700,522.0,0.000006,,,,,,,,
98800,522.5,0.000003,,,,,,,,
98900,523.1,0.000001,,,,,,,,
99000,523.6,0.000006,,,,,,,,
99100,524.1,0.000008,,,,,,,,
99200,524.6,0.000013,,,,,,,,
99300,525.1,0.000006,,,,,,,,
99400,525.6,0.000003,,,,,,,,
99500,526.2,0.000002,,,,,,,,
99600,526.7,0.000004,,,,,,,,
99700,527.2,0.000001,,,,,,,,
99800,527.7,0.000003,,,,,,,,
99900,528.3,0.000008,,,,,,,,
100000,530.0,0.000003,0.000006,1.224763e-01,1.145803e-02,9.010106e-03,0.000000,1.149990e-01,1.134668e-02,9.053486e-03
100100,530.2,0.000003,,,,,,,,
100200,530.5,0.000002,,,,,,,,
100300,530.9,0.000004,,,,,,,,
100400,531.4,0.000002,,,,,,,,
100500,532.0,0.000004,,,,,,,,
100600,532.5,0.000002,,,,,,,,
100700,533.1,0.000001,,,,,,,,
100800,533.6,0.000002,,,,,,,,
100900,534.1,0.000005,,,,,,,,
101000,534.6,0.000002,,,,,,,,
101100,535.1,0.000004,,,,,,,,
101200,535.6,0.000002,,,,,,,,
101300,536.2,0.000002,,,,,,,,
101400,536.7,0.000003,,,,,,,,
101500,537.2,0.000002,,,,,,,,
101600,537.8,0.000003,,,,,,,,
101700,538.3,0.000003,,,,,,,,
101800,538.8,0.000002,,,,,,,,
101900,539.4,0.000003,,,,,,,,
102000,539.9,0.000003,,,,,,,,
102100,540.4,0.000002,,,,,,,,
102200,540.9,0.000003,,,,,,,,
102300,541.5,0.000008,,,,,,,,
102400,542.0,0.000003,,,,,,,,
102500,542.5,0.000003,,,,,,,,
102600,543.0,0.000005,,,,,,,,
102700,543.5,0.000002,,,,,,,,
102800,544.0,0.000001,,,,,,,,
102900,544.6,0.000001,,,,,,,,
103000,545.1,0.000002,,,,,,,,
103100,545.6,0.000002,,,,,,,,
103200,546.1,0.000002,,,,,,,,
103300,546.7,0.000001,,,,,,,,
103400,547.2,0.000002,,,,,,,,
103500,547.7,0.000002,,,,,,,,
103600,548.3,0.000002,,,,,,,,
103700,548.8,0.000003,,,,,,,,
103800,549.3,0.000002,,,,,,,,
103900,549.8,0.000002,,,,,,,,
104000,550.4,0.000001,,,,,,,,
104100,550.9,0.000002,,,,,,,,
104200,551.4,0.000002,,,,,,,,
104300,551.9,0.000001,,,,,,,,
104400,552.5,0.000002,,,,,,,,
104500,553.0,0.000005,,,,,,,,
104600,553.5,0.000006,,,,,,,,
104700,554.0,0.000001,,,,,,,,
104800,554.6,0.000007,,,,,,,,
104900,555.1,0.000009,,,,,,,,
105000,556.8,0.000003,0.000001,1.157825e-01,5.371156e-03,4.425385e-03,0.000000,9.749884e-02,5.054950e-03,4.264230e-03
105100,557.1,0.000003,,,,,,,,
105200,557.3,0.000003,,,,,,,,
105300,557.7,0.000001,,,,,,,,
105400,558.2,0.000010,,,,,,,,
105500,558.7,0.000003,,,,,,,,
105600,559.2,0.000001,,,,,,,,
105700,559.7,0.000002,,,,,,,,
105800,560.2,0.000002,,,,,,,,
105900,560.8,0.000001,,,,,,,,
106000,561.3,0.000003,,,,,,,,
106100,561.8,0.000002,,,,,,,,
106200,562.3,0.000003,,,,,,,,
106300,562.8,0.000002,,,,,,,,
106400,563.4,0.000003,,,,,,,,
106500,563.9,0.000004,,,,,,,,
106600,564.4,0.000003,,,,,,,,
106700,564.9,0.000003,,,,,,,,
106800,565.5,0.000003,,,,,,,,
106900,566.0,0.000001,,,,,,,,
107000,566.5,0.000007,,,,,,,,
107100,567.1,0.000003,,,,,,,,
107200,567.6,0.000002,,,,,,,,
107300,568.1,0.000002,,,,,,,,
107400,568.6,0.000002,,,,,,,,
107500,569.2,0.000008,,,,,,,,
107600,569.7,0.000011,,,,,,,,
107700,570.2,0.000003,,,,,,,,
107800,570.7,0.000002,,,,,,,,
107900,571.2,0.000004,,,,,,,,
108000,571.8,0.000003,,,,,,,,
108100,572.3,0.000003,,,,,,,,
108200,572.8,0.000001,,,,,,,,
108300,573.3,0.000001,,,,,,,,
108400,573.8,0.000003,,,,,,,,
108500,574.4,0.000001,,,,,,,,
108600,574.9,0.000005,,,,,,,,
108700,575.4,0.000002,,,,,,,,
108800,575.9,0.000001,,,,,,,,
108900,576.5,0.000005,,,,,,,,
109000,577.0,0.000002,,,,,,,,
109100,577.6,0.000002,,,,,,,,
109200,578.1,0.000001,,,,,,,,
109300,578.6,0.000001,,,,,,,,
109400,579.2,0.000001,,,,,,,,
109500,579.7,0.000001,,,,,,,,
109600,580.2,0.000002,,,,,,,,
109700,580.7,0.000007,,,,,,,,
109800,581.2,0.000002,,,,,,,,
109900,581.7,0.000001,,,,,,,,
110000,583.5,0.000002,0.000005,1.286575e-01,1.093914e-02,8.910405e-03,0.000000,1.206371e-01,1.108054e-02,9.020558e-03
110100,583.7,0.000001,,,,,,,,
110200,584.0,0.000004,,,,,,,,
110300,584.4,0.000001,,,,,,,,
110400,584.8,0.000002,,,,,,,,
110500,585.3,0.000002,,,,,,,,
110600,585.9,0.000001,,,,,,,,
110700,586.4,0.000002,,,,,,,,
110800,586.9,0.000001,,,,,,,,
110900,587.4,0.000001,,,,,,,,
111000,587.9,0.000002,,,,,,,,
111100,588.5,0.000002,,,,,,,,
111200,589.0,0.000002,,,,,,,,
111300,589.5,0.000001,,,,,,,,
111400,590.0,0.000005,,,,,,,,
111500,590.6,0.000002,,,,,,,,
111600,591.1,0.000002,,,,,,,,
111700,591.6,0.000010,,,,,,,,
111800,592.1,0.000001,,,,,,,,
111900,592.6,0.000001,,,,,,,,
112000,593.1,0.000004,,,,,,,,
112100,593.7,0.000003,,,,,,,,
112200,594.2,0.000009,,,,,,,,
112300,594.7,0.000001,,,,,,,,
112400,595.2,0.000004,,,,,,,,
112500,595.7,0.000006,,,,,,,,
112600,596.3,0.000001,,,,,,,,
112700,596.8,0.000002,,,,,,,,
112800,597.3,0.000001,,,,,,,,
112900,597.8,0.000001,,,,,,,,
113000,598.3,0.000002,,,,,,,,
113100,598.9,0.000003,,,,,,,,
113200,599.4,0.000002,,,,,,,,
113300,599.9,0.000008,,,,,,,,
113400,600.4,0.000001,,,,,,,,
113500,601.0,0.000005,,,,,,,,
113600,601.4,0.000006,,,,,,,,
113700,602.0,0.000001,,,,,,,,
113800,602.5,0.000002,,,,,,,,
113900,603.0,0.000001,,,,,,,,
114000,603.5,0.000001,,,,,,,,
114100,604.1,0.000003,,,,,,,,
114200,604.6,0.000004,,,,,,,,
114300,605.2,0.000002,,,,,,,,
114400,605.8,0.000001,,,,,,,,
114500,606.3,0.000003,,,,,,,,
114600,606.8,0.000002,,,,,,,,
114700,607.3,0.000001,,,,,,,,
114800,607.9,0.000001,,,,,,,,
114900,608.4,0.000002,,,,,,,,
115000,610.1,0.000013,0.000003,1.348569e-01,8.716046e-03,6.627724e-03,0.000000,1.221547e-01,8.543343e-03,6.705823e-03
115100,610.3,0.000003,,,,,,,,
115200,610.6,0.000003,,,,,,,,
115300,611.1,0.000001,,,,,,,,
115400,611.6,0.000003,,,,,,,,
115500,612.1,0.000002,,,,,,,,
115600,612.6,0.000001,,,,,,,,
115700,613.1,0.000001,,,,,,,,
115800,613.7,0.000001,,,,,,,,
115900,614.2,0.000001,,,,,,,,
116000,614.7,0.000001,,,,,,,,
116100,615.3,0.000001,,,,,,,,
116200,615.8,0.000004,,,,,,,,
116300,616.3,0.000002,,,,,,,,
116400,616.8,0.000005,,,,,,,,
116500,617.4,0.000002,,,,,,,,
116600,617.8,0.000003,,,,,,,,
116700,618.2,0.000001,,,,,,,,
116800,618.6,0.000002,,,,,,,,
116900,619.1,0.000002,,,,,,,,
117000,619.6,0.000003,,,,,,,,
117100,620.2,0.000005,,,,,,,,
117200,620.7,0.000005,,,,,,,,
117300,621.2,0.000004,,,,,,,,
117400,621.9,0.000002,,,,,,,,
117500,622.4,0.000003,,,,,,,,
117600,622.9,0.000003,,,,,,,,
117700,623.4,0.000001,,,,,,,,
117800,623.9,0.000002,,,,,,,,
117900,624.4,0.000001,,,,,,,,
118000,625.0,0.000004,,,,,,,,
118100,625.5,0.000001,,,,,,,,
118200,626.0,0.000001,,,,,,,,
118300,626.5,0.000001,,,,,,,,
118400,627.1,0.000001,,,,,,,,
118500,627.6,0.000001,,,,,,,,
118600,628.1,0.000002,,,,,,,,
118700,628.6,0.000004,,,,,,,,
118800,629.2,0.000003,,,,,,,,
118900,629.7,0.000003,,,,,,,,
119000,630.2,0.000001,,,,,,,,
119100,630.7,0.000002,,,,,,,,
119200,631.2,0.000003,,,,,,,,
119300,631.8,0.000001,,,,,,,,
119400,632.3,0.000002,,,,,,,,
119500,632.8,0.000002,,,,,,,,
119600,633.3,0.000003,,,,,,,,
119700,633.9,0.000003,,,,,,,,
119800,634.4,0.000001,,,,,,,,
119900,634.9,0.000004,,,,,,,,
120000,636.7,0.000001,0.000001,8.576613e-02,5.402542e-03,4.217346e-03,0.000000,7.780213e-02,5.334031e-03,4.142871e-03
120100,636.9,0.000002,,,,,,,,
120200,637.2,0.000002,,,,,,,,
120300,637.5,0.000003,,,,,,,,
120400,638.0,0.000001,,,,,,,,
120500,638.5,0.000002,,,,,,,,
120600,639.0,0.000003,,,,,,,,
120700,639.6,0.000003,,,,,,,,
120800,640.1,0.000003,,,,,,,,
120900,640.6,0.000002,,,,,,,,
121000,641.1,0.000001,,,,,,,,
121100,641.7,0.000002,,,,,,,,
121200,642.2,0.000001,,,,,,,,
121300,642.7,0.000005,,,,,,,,
121400,643.2,0.000002,,,,,,,,
121500,643.8,0.000002,,,,,,,,
121600,644.3,0.000003,,,,,,,,
121700,644.8,0.000002,,,,,,,,
121800,645.3,0.000002,,,,,,,,
121900,645.8,0.000001,,,,,,,,
122000,646.3,0.000003,,,,,,,,
122100,646.8,0.000005,,,,,,,,
122200,647.3,0.000003,,,,,,,,
122300,647.8,0.000001,,,,,,,,
122400,648.3,0.000001,,,,,,,,
122500,648.9,0.000003,,,,,,,,
122600,649.4,0.000001,,,,,,,,
122700,650.0,0.000002,,,,,,,,
122800,650.5,0.000001,,,,,,,,
122900,651.0,0.000001,,,,,,,,
123000,651.6,0.000001,,,,,,,,
123100,652.1,0.000003,,,,,,,,
123200,652.6,0.000001,,,,,,,,
123300,653.1,0.000003,,,,,,,,
123400,653.6,0.000001,,,,,,,,
123500,654.2,0.000001,,,,,,,,
123600,654.7,0.000003,,,,,,,,
123700,655.2,0.000001,,,,,,,,
123800,655.7,0.000001,,,,,,,,
123900,656.2,0.000001,,,,,,,,
124000,656.7,0.000002,,,,,,,,
124100,657.2,0.000002,,,,,,,,
124200,657.7,0.000001,,,,,,,,
124300,658.3,0.000001,,,,,,,,
124400,658.8,0.000002,,,,,,,,
124500,659.3,0.000002,,,,,,,,
124600,659.8,0.000003,,,,,,,,
124700,660.3,0.000006,,,,,,,,
124800,660.8,0.000001,,,,,,,,
124900,661.4,0.000001,,,,,,,,
125000,663.1,0.000002,0.000002,1.065198e-01,6.879845e-03,6.152070e-03,0.000000,8.703298e-02,6.829820e-03,6.151892e-03
125100,663.4,0.000002,,,,,,,,
125200,663.7,0.000002,,,,,,,,
125300,664.2,0.000002,,,,,,,,
125400,664.7,0.000009,,,,,,,,
125500,665.2,0.000002,,,,,,,,
125600,665.8,0.000001,,,,,,,,
125700,666.3,0.000002,,,,,,,,
125800,666.8,0.000001,,,,,,,,
125900,667.3,0.000007,,,,,,,,
126000,667.8,0.000002,,,,,,,,
126100,668.4,0.000004,,,,,,,,
126200,668.9,0.000002,,,,,,,,
126300,669.4,0.000002,,,,,,,,
126400,669.9,0.000002,,,,,,,,
126500,670.5,0.000002,,,,,,,,
126600,671.0,0.000002,,,,,,,,
126700,671.5,0.000001,,,,,,,,
126800,672.0,0.000002,,,,,,,,
126900,672.6,0.000001,,,,,,,,
127000,673.1,0.000001,,,,,,,,
127100,673.6,0.000001,,,,,,,,
127200,674.2,0.000001,,,,,,,,
127300,674.7,0.000002,,,,,,,,
127400,675.2,0.000001,,,,,,,,
127500,675.7,0.000002,,,,,,,,
127600,676.3,0.000003,,,,,,,,
127700,676.8,0.000001,,,,,,,,
127800,677.3,0.000001,,,,,,,,
127900,677.8,0.000001,,,,,,,,
128000,678.2,0.000002,,,,,,,,
128100,678.6,0.000001,,,,,,,,
128200,679.1,0.000002,,,,,,,,
128300,679.6,0.000003,,,,,,,,
128400,680.1,0.000001,,,,,,,,
128500,680.7,0.000004,,,,,,,,
128600,681.2,0.000003,,,,,,,,
128700,681.7,0.000001,,,,,,,,
128800,682.2,0.000001,,,,,,,,
128900,682.8,0.000003,,,,,,,,
129000,683.3,0.000002,,,,,,,,
129100,683.8,0.000001,,,,,,,,
129200,684.3,0.000006,,,,,,,,
129300,684.9,0.000000,,,,,,,,
129400,685.4,0.000001,,,,,,,,
129500,685.9,0.000003,,,,,,,,
129600,686.4,0.000003,,,,,,,,
129700,687.0,0.000003,,,,,,,,
129800,687.5,0.000001,,,,,,,,
129900,688.0,0.000003,,,,,,,,
130000,689.7,0.000003,0.000007,1.856530e-01,1.232245e-02,9.294994e-03,0.000000,1.642582e-01,1.263761e-02,9.665397e-03
130100,690.0,0.000002,,,,,,,,
130200,690.3,0.000003,,,,,,,,
130300,690.7,0.000002,,,,,,,,
130400,691.2,0.000005,,,,,,,,
130500,691.7,0.000002,,,,,,,,
130600,692.2,0.000002,,,,,,,,
130700,692.8,0.000002,,,,,,,,
130800,693.3,0.000001,,,,,,,,
130900,693.8,0.000003,,,,,,,,
131000,694.3,0.000001,,,,,,,,
131100,694.9,0.000004,,,,,,,,
131200,695.4,0.000002,,,,,,,,
131300,695.9,0.000001,,,,,,,,
131400,696.4,0.000002,,,,,,,,
131500,697.0,0.000003,,,,,,,,
131600,697.5,0.000000,,,,,,,,
131700,698.0,0.000005,,,,,,,,
131800,698.6,0.000003,,,,,,,,
131900,699.1,0.000001,,,,,,,,
132000,699.6,0.000001,,,,,,,,
132100,700.1,0.000005,,,,,,,,
132200,700.6,0.000001,,,,,,,,
132300,701.2,0.000001,,,,,,,,
132400,701.7,0.000001,,,,,,,,
132500,702.2,0.000001,,,,,,,,
132600,702.7,0.000001,,,,,,,,
132700,703.2,0.000001,,,,,,,,
132800,703.8,0.000001,,,,,,,,
132900,704.3,0.000002,,,,,,,,
133000,704.8,0.000002,,,,,,,,
133100,705.4,0.000001,,,,,,,,
133200,705.9,0.000001,,,,,,,,
133300,706.4,0.000001,,,,,,,,
133400,706.9,0.000004,,,,,,,,
133500,707.5,0.000001,,,,,,,,
133600,708.0,0.000001,,,,,,,,
133700,708.5,0.000004,,,,,,,,
133800,709.0,0.000004,,,,,,,,
133900,709.5,0.000002,,,,,,,,
134000,710.1,0.000001,,,,,,,,
134100,710.6,0.000002,,,,,,,,
134200,711.1,0.000003,,,,,,,,
134300,711.7,0.000001,,,,,,,,
134400,712.2,0.000001,,,,,,,,
134500,712.7,0.000001,,,,,,,,
134600,713.2,0.000001,,,,,,,,
134700,713.7,0.000002,,,,,,,,
134800,714.3,0.000003,,,,,,,,
134900,714.8,0.000001,,,,,,,,
135000,716.5,0.000002,0.000001,1.201972e-01,5.560562e-03,4.109815e-03,0.000000,5.986065e-02,5.485482e-03,4.141969e-03
135100,716.8,0.000002,,,,,,,,
135200,717.1,0.000002,,,,,,,,
135300,717.5,0.000002,,,,,,,,
135400,718.0,0.000006,,,,,,,,
135500,718.5,0.000003,,,,,,,,
135600,719.1,0.000001,,,,,,,,
135700,719.6,0.000001,,,,,,,,
135800,720.1,0.000003,,,,,,,,
135900,720.6,0.000003,,,,,,,,
136000,721.2,0.000007,,,,,,,,
136100,721.7,0.000005,,,,,,,,
136200,722.2,0.000002,,,,,,,,
136300,722.8,0.000001,,,,,,,,
136400,723.3,0.000007,,,,,,,,
136500,723.8,0.000002,,,,,,,,
136600,724.3,0.000001,,,,,,,,
136700,724.8,0.000001,,,,,,,,
136800,725.3,0.000005,,,,,,,,
136900,725.9,0.000002,,,,,,,,
137000,726.4,0.000001,,,,,,,,
137100,726.9,0.000003,,,,,,,,
137200,727.5,0.000001,,,,,,,,
137300,728.0,0.000001,,,,,,,,
137400,728.5,0.000001,,,,,,,,
137500,729.0,0.000002,,,,,,,,
137600,729.6,0.000001,,,,,,,,
137700,730.1,0.000001,,,,,,,,
137800,730.6,0.000004,,,,,,,,
137900,731.1,0.000000,,,,,,,,
138000,731.6,0.000005,,,,,,,,
138100,732.2,0.000002,,,,,,,,
138200,732.7,0.000003,,,,,,,,
138300,733.2,0.000004,,,,,,,,
138400,733.8,0.000002,,,,,,,,
138500,734.3,0.000002,,,,,,,,
138600,734.8,0.000003,,,,,,,,
138700,735.3,0.000003,,,,,,,,
138800,735.9,0.000001,,,,,,,,
138900,736.4,0.000002,,,,,,,,
139000,736.9,0.000002,,,,,,,,
139100,737.4,0.000004,,,,,,,,
139200,737.9,0.000001,,,,,,,,
139300,738.3,0.000001,,,,,,,,
139400,738.8,0.000002,,,,,,,,
139500,739.3,0.000003,,,,,,,,
139600,739.9,0.000001,,,,,,,,
139700,740.4,0.000002,,,,,,,,
139800,740.9,0.000001,,,,,,,,
139900,741.4,0.000001,,,,,,,,
140000,743.1,0.000002,0.000001,1.083476e-01,3.884351e-03,3.100825e-03,0.000000,6.865186e-02,3.785726e-03,3.084480e-03
140100,743.4,0.000001,,,,,,,,
140200,743.7,0.000004,,,,,,,,
140300,744.1,0.000006,,,,,,,,
140400,744.6,0.000002,,,,,,,,
140500,745.1,0.000001,,,,,,,,
140600,745.7,0.000002,,,,,,,,
140700,746.2,0.000002,,,,,,,,
140800,746.7,0.000001,,,,,,,,
140900,747.2,0.000001,,,,,,,,
141000,747.7,0.000008,,,,,,,,
141100,748.2,0.000002,,,,,,,,
141200,748.7,0.000003,,,,,,,,
141300,749.3,0.000001,,,,,,,,
141400,749.8,0.000003,,,,,,,,
141500,750.3,0.000001,,,,,,,,
141600,750.8,0.000002,,,,,,,,
141700,751.3,0.000001,,,,,,,,
141800,751.8,0.000002,,,,,,,,
141900,752.3,0.000001,,,,,,,,
142000,752.8,0.000001,,,,,,,,
142100,753.4,0.000001,,,,,,,,
142200,753.9,0.000008,,,,,,,,
142300,754.5,0.000002,,,,,,,,
142400,755.0,0.000008,,,,,,,,
142500,755.5,0.000002,,,,,,,,
142600,756.0,0.000001,,,,,,,,
142700,756.6,0.000001,,,,,,,,
142800,757.1,0.000001,,,,,,,,
142900,757.6,0.000002,,,,,,,,
143000,758.2,0.000001,,,,,,,,
143100,758.7,0.000004,,,,,,,,
143200,759.2,0.000002,,,,,,,,
143300,759.8,0.000001,,,,,,,,
143400,760.3,0.000001,,,,,,,,
143500,760.8,0.000001,,,,,,,,
143600,761.3,0.000002,,,,,,,,
143700,761.8,0.000001,,,,,,,,
143800,762.4,0.000003,,,,,,,,
143900,762.9,0.000001,,,,,,,,
144000,763.4,0.000001,,,,,,,,
144100,763.9,0.000001,,,,,,,,
144200,764.5,0.000001,,,,,,,,
144300,765.0,0.000001,,,,,,,,
144400,765.5,0.000002,,,,,,,,
144500,766.0,0.000002,,,,,,,,
144600,766.5,0.000002,,,,,,,,
144700,767.1,0.000001,,,,,,,,
144800,767.6,0.000003,,,,,,,,
144900,768.1,0.000001,,,,,,,,
145000,769.8,0.000001,0.000001,1.045526e-01,5.702599e-03,5.186549e-03,0.000000,8.104537e-02,5.497827e-03,5.098700e-03
145100,770.1,0.000001,,,,,,,,
145200,770.4,0.000001,,,,,,,,
145300,770.8,0.000001,,,,,,,,
145400,771.3,0.000002,,,,,,,,
145500,771.8,0.000002,,,,,,,,
145600,772.3,0.000002,,,,,,,,
145700,772.9,0.000001,,,,,,,,
145800,773.4,0.000001,,,,,,,,
145900,773.9,0.000001,,,,,,,,
146000,774.5,0.000003,,,,,,,,
146100,775.0,0.000001,,,,,,,,
146200,775.5,0.000002,,,,,,,,
146300,776.0,0.000003,,,,,,,,
146400,776.6,0.000001,,,,,,,,
146500,777.1,0.000002,,,,,,,,
146600,777.6,0.000000,,,,,,,,
146700,778.2,0.000001,,,,,,,,
146800,778.7,0.000002,,,,,,,,
146900,779.2,0.000002,,,,,,,,
147000,779.7,0.000004,,,,,,,,
147100,780.2,0.000001,,,,,,,,
147200,780.7,0.000001,,,,,,,,
147300,781.2,0.000001,,,,,,,,
147400,781.7,0.000004,,,,,,,,
147500,782.3,0.000001,,,,,,,,
147600,782.8,0.000003,,,,,,,,
147700,783.3,0.000002,,,,,,,,
147800,783.8,0.000002,,,,,,,,
147900,784.4,0.000001,,,,,,,,
148000,784.9,0.000001,,,,,,,,
148100,785.4,0.000001,,,,,,,,
148200,785.9,0.000003,,,,,,,,
148300,786.5,0.000003,,,,,,,,
148400,787.0,0.000002,,,,,,,,
148500,787.5,0.000002,,,,,,,,
148600,788.0,0.000001,,,,,,,,
148700,788.5,0.000001,,,,,,,,
148800,789.1,0.000002,,,,,,,,
148900,789.6,0.000001,,,,,,,,
149000,790.1,0.000001,,,,,,,,
149100,790.7,0.000001,,,,,,,,
149200,791.2,0.000001,,,,,,,,
149300,791.7,0.000002,,,,,,,,
149400,792.2,0.000001,,,,,,,,
149500,792.7,0.000003,,,,,,,,
149600,793.3,0.000006,,,,,,,,
149700,793.8,0.000001,,,,,,,,
149800,794.3,0.000002,,,,,,,,
149900,794.9,0.000001,,,,,,,,
150000,796.5,0.000006,0.000005,1.579065e-01,1.151222e-02,1.062307e-02,0.000000,5.878247e-02,1.160246e-02,1.088243e-02
150100,796.8,0.000002,,,,,,,,
150200,797.1,0.000001,,,,,,,,
150300,797.6,0.000002,,,,,,,,
150400,798.0,0.000001,,,,,,,,
150500,798.5,0.000001,,,,,,,,
150600,799.1,0.000001,,,,,,,,
150700,799.6,0.000001,,,,,,,,
150800,800.1,0.000001,,,,,,,,
150900,800.7,0.000002,,,,,,,,
151000,801.2,0.000004,,,,,,,,
151100,801.7,0.000002,,,,,,,,
151200,802.2,0.000001,,,,,,,,
151300,802.8,0.000001,,,,,,,,
151400,803.3,0.000002,,,,,,,,
151500,803.8,0.000004,,,,,,,,
151600,804.3,0.000002,,,,,,,,
151700,804.8,0.000003,,,,,,,,
151800,805.4,0.000001,,,,,,,,
151900,805.9,0.000002,,,,,,,,
152000,806.4,0.000001,,,,,,,,
152100,807.0,0.000001,,,,,,,,
152200,807.5,0.000001,,,,,,,,
152300,808.0,0.000004,,,,,,,,
152400,808.5,0.000002,,,,,,,,
152500,809.1,0.000001,,,,,,,,
152600,809.6,0.000002,,,,,,,,
152700,810.1,0.000003,,,,,,,,
152800,810.6,0.000003,,,,,,,,
152900,811.1,0.000002,,,,,,,,
153000,811.7,0.000003,,,,,,,,
153100,812.2,0.000002,,,,,,,,
153200,812.7,0.000002,,,,,,,,
153300,813.2,0.000002,,,,,,,,
153400,813.7,0.000001,,,,,,,,
153500,814.2,0.000001,,,,,,,,
153600,814.7,0.000000,,,,,,,,
153700,815.2,0.000001,,,,,,,,
153800,815.7,0.000001,,,,,,,,
153900,816.3,0.000001,,,,,,,,
154000,816.8,0.000003,,,,,,,,
154100,817.2,0.000001,,,,,,,,
154200,817.8,0.000002,,,,,,,,
154300,818.3,0.000004,,,,,,,,
154400,818.8,0.000001,,,,,,,,
154500,819.4,0.000002,,,,,,,,
154600,819.9,0.000003,,,,,,,,
154700,820.4,0.000001,,,,,,,,
154800,820.9,0.000002,,,,,,,,
154900,821.4,0.000003,,,,,,,,
155000,823.1,0.000002,0.000001,1.010351e-01,4.316464e-03,3.467756e-03,0.000000,6.002796e-02,4.188122e-03,3.438863e-03
155100,823.4,0.000001,,,,,,,,
155200,823.7,0.000001,,,,,,,,
155300,824.1,0.000003,,,,,,,,
155400,824.6,0.000001,,,,,,,,
155500,825.1,0.000001,,,,,,,,
155600,825.6,0.000001,,,,,,,,
155700,826.1,0.000001,,,,,,,,
155800,826.6,0.000004,,,,,,,,
155900,827.1,0.000001,,,,,,,,
156000,827.6,0.000013,,,,,,,,
156100,828.2,0.000002,,,,,,,,
156200,828.7,0.000001,,,,,,,,
156300,829.2,0.000001,,,,,,,,
156400,829.7,0.000002,,,,,,,,
156500,830.3,0.000001,,,,,,,,
156600,830.8,0.000010,,,,,,,,
156700,831.3,0.000001,,,,,,,,
156800,831.8,0.000002,,,,,,,,
156900,832.4,0.000003,,,,,,,,
157000,832.9,0.000001,,,,,,,,
157100,833.4,0.000004,,,,,,,,
157200,833.9,0.000005,,,,,,,,
157300,834.4,0.000003,,,,,,,,
157400,834.9,0.000002,,,,,,,,
157500,835.4,0.000001,,,,,,,,
157600,836.0,0.000001,,,,,,,,
157700,836.5,0.000003,,,,,,,,
157800,837.0,0.000002,,,,,,,,
157900,837.5,0.000001,,,,,,,,
158000,838.0,0.000002,,,,,,,,
158100,838.6,0.000002,,,,,,,,
158200,839.0,0.000001,,,,,,,,
158300,839.6,0.000001,,,,,,,,
158400,840.1,0.000001,,,,,,,,
158500,840.6,0.000003,,,,,,,,
158600,841.1,0.000001,,,,,,,,
158700,841.6,0.000004,,,,,,,,
158800,842.2,0.000001,,,,,,,,
158900,842.7,0.000002,,,,,,,,
159000,843.2,0.000001,,,,,,,,
159100,843.7,0.000005,,,,,,,,
159200,844.3,0.000001,,,,,,,,
159300,844.8,0.000001,,,,,,,,
159400,845.3,0.000001,,,,,,,,
159500,845.8,0.000003,,,,,,,,
159600,846.4,0.000001,,,,,,,,
159700,846.9,0.000002,,,,,,,,
159800,847.4,0.000001,,,,,,,,
159900,847.9,0.000001,,,,,,,,
160000,849.6,0.000003,0.000001,1.013964e-01,4.758077e-03,3.601620e-03,0.000000,4.622101e-02,4.657610e-03,3.516655e-03
160100,849.8,0.000003,,,,,,,,
160200,850.1,0.000001,,,,,,,,
160300,850.5,0.000001,,,,,,,,
160400,851.0,0.000002,,,,,,,,
160500,851.6,0.000002,,,,,,,,
160600,852.1,0.000002,,,,,,,,
160700,852.6,0.000003,,,,,,,,
160800,853.1,0.000001,,,,,,,,
160900,853.7,0.000005,,,,,,,,
161000,854.2,0.000001,,,,,,,,
161100,854.8,0.000001,,,,,,,,
161200,855.3,0.000001,,,,,,,,
161300,855.8,0.000001,,,,,,,,
161400,856.3,0.000001,,,,,,,,
161500,856.9,0.000002,,,,,,,,
161600,857.4,0.000001,,,,,,,,
161700,857.9,0.000004,,,,,,,,
161800,858.4,0.000004,,,,,,,,
161900,858.9,0.000001,,,,,,,,
162000,859.4,0.000001,,,,,,,,
162100,860.0,0.000001,,,,,,,,
162200,860.5,0.000004,,,,,,,,
162300,861.0,0.000003,,,,,,,,
162400,861.5,0.000003,,,,,,,,
162500,862.0,0.000001,,,,,,,,
162600,862.5,0.000002,,,,,,,,
162700,863.1,0.000001,,,,,,,,
162800,863.6,0.000002,,,,,,,,
162900,864.1,0.000003,,,,,,,,
163000,864.6,0.000002,,,,,,,,
163100,865.1,0.000001,,,,,,,,
163200,865.6,0.000003,,,,,,,,
163300,866.2,0.000001,,,,,,,,
163400,866.7,0.000001,,,,,,,,
163500,867.2,0.000001,,,,,,,,
163600,867.7,0.000001,,,,,,,,
163700,868.2,0.000002,,,,,,,,
163800,868.8,0.000000,,,,,,,,
163900,869.3,0.000002,,,,,,,,
164000,869.8,0.000002,,,,,,,,
164100,870.3,0.000003,,,,,,,,
164200,870.8,0.000001,,,,,,,,
164300,871.4,0.000001,,,,,,,,
164400,871.9,0.000001,,,,,,,,
164500,872.4,0.000002,,,,,,,,
164600,872.9,0.000002,,,,,,,,
164700,873.5,0.000001,,,,,,,,
164800,874.0,0.000001,,,,,,,,
164900,874.5,0.000001,,,,,,,,
165000,876.2,0.000002,0.000002,1.440819e-01,6.246007e-03,4.983846e-03,0.000000,1.261389e-01,6.028513e-03,4.771467e-03
165100,876.4,0.000001,,,,,,,,
165200,876.8,0.000001,,,,,,,,
165300,877.2,0.000002,,,,,,,,
165400,877.7,0.000001,,,,,,,,
165500,878.3,0.000001,,,,,,,,
165600,878.8,0.000001,,,,,,,,
165700,879.3,0.000004,,,,,,,,
165800,879.9,0.000001,,,,,,,,
165900,880.4,0.000001,,,,,,,,
166000,880.9,0.000001,,,,,,,,
166100,881.5,0.000001,,,,,,,,
166200,882.0,0.000002,,,,,,,,
166300,882.5,0.000002,,,,,,,,
166400,883.0,0.000000,,,,,,,,
166500,883.5,0.000005,,,,,,,,
166600,884.0,0.000004,,,,,,,,
166700,884.6,0.000001,,,,,,,,
166800,885.1,0.000005,,,,,,,,
166900,885.6,0.000003,,,,,,,,
167000,886.1,0.000001,,,,,,,,
167100,886.7,0.000002,,,,,,,,
167200,887.2,0.000004,,,,,,,,
167300,887.7,0.000001,,,,,,,,
167400,888.3,0.000001,,,,,,,,
167500,888.8,0.000003,,,,,,,,
167600,889.3,0.000001,,,,,,,,
167700,889.8,0.000003,,,,,,,,
167800,890.3,0.000001,,,,,,,,
167900,890.8,0.000000,,,,,,,,
168000,891.4,0.000001,,,,,,,,
168100,891.9,0.000001,,,,,,,,
168200,892.4,0.000001,,,,,,,,
168300,892.9,0.000001,,,,,,,,
168400,893.4,0.000004,,,,,,,,
168500,894.0,0.000004,,,,,,,,
168600,894.5,0.000002,,,,,,,,
168700,895.1,0.000001,,,,,,,,
168800,895.6,0.000001,,,,,,,,
168900,896.1,0.000001,,,,,,,,
169000,896.6,0.000003,,,,,,,,
169100,897.1,0.000001,,,,,,,,
169200,897.6,0.000001,,,,,,,,
169300,898.2,0.000002,,,,,,,,
169400,898.7,0.000002,,,,,,,,
169500,899.2,0.000001,,,,,,,,
169600,899.8,0.000001,,,,,,,,
169700,900.3,0.000002,,,,,,,,
169800,900.8,0.000002,,,,,,,,
169900,901.3,0.000001,,,,,,,,
170000,903.1,0.000001,0.000001,9.868424e-02,5.174338e-03,4.330109e-03,0.000000,7.279323e-02,5.075061e-03,4.296026e-03
170100,903.3,0.000001,,,,,,,,
170200,903.7,0.000005,,,,,,,,
170300,904.1,0.000000,,,,,,,,
170400,904.6,0.000002,,,,,,,,
170500,905.2,0.000006,,,,,,,,
170600,905.7,0.000001,,,,,,,,
170700,906.2,0.000001,,,,,,,,
170800,906.7,0.000003,,,,,,,,
170900,907.3,0.000001,,,,,,,,
171000,907.8,0.000004,,,,,,,,
171100,908.3,0.000000,,,,,,,,
171200,908.8,0.000001,,,,,,,,
171300,909.4,0.000003,,,,,,,,
171400,909.9,0.000001,,,,,,,,
171500,910.4,0.000001,,,,,,,,
171600,910.9,0.000000,,,,,,,,
171700,911.4,0.000001,,,,,,,,
171800,912.0,0.000002,,,,,,,,
171900,912.5,0.000002,,,,,,,,
172000,913.0,0.000000,,,,,,,,
172100,913.5,0.000001,,,,,,,,
172200,914.1,0.000001,,,,,,,,
172300,914.6,0.000000,,,,,,,,
172400,915.1,0.000001,,,,,,,,
172500,915.6,0.000003,,,,,,,,
172600,916.2,0.000001,,,,,,,,
172700,916.7,0.000001,,,,,,,,
172800,917.2,0.000001,,,,,,,,
172900,917.7,0.000004,,,,,,,,
173000,918.2,0.000001,,,,,,,,
173100,918.7,0.000001,,,,,,,,
173200,919.3,0.000001,,,,,,,,
173300,919.8,0.000001,,,,,,,,
173400,920.3,0.000001,,,,,,,,
173500,920.8,0.000000,,,,,,,,
173600,921.3,0.000002,,,,,,,,
173700,921.9,0.000001,,,,,,,,
173800,922.4,0.000002,,,,,,,,
173900,922.9,0.000002,,,,,,,,
174000,923.4,0.000002,,,,,,,,
174100,924.0,0.000001,,,,,,,,
174200,924.5,0.000002,,,,,,,,
174300,925.0,0.000001,,,,,,,,
174400,925.5,0.000002,,,,,,,,
174500,926.0,0.000000,,,,,,,,
174600,926.6,0.000001,,,,,,,,
174700,927.1,0.000001,,,,,,,,
174800,927.6,0.000002,,,,,,,,
174900,928.1,0.000001,,,,,,,,
175000,929.9,0.000001,0.000001,7.097584e-02,3.697196e-03,3.143899e-03,0.000000,6.669564e-02,3.651020e-03,3.163458e-03
175100,930.1,0.000002,,,,,,,,
175200,930.5,0.000001,,,,,,,,
175300,930.9,0.000001,,,,,,,,
175400,931.4,0.000001,,,,,,,,
175500,931.9,0.000001,,,,,,,,
175600,932.5,0.000002,,,,,,,,
175700,933.0,0.000002,,,,,,,,
175800,933.5,0.000001,,,,,,,,
175900,934.0,0.000001,,,,,,,,
176000,934.6,0.000002,,,,,,,,
176100,935.1,0.000001,,,,,,,,
176200,935.6,0.000000,,,,,,,,
176300,936.1,0.000001,,,,,,,,
176400,936.6,0.000001,,,,,,,,
176500,937.1,0.000004,,,,,,,,
176600,937.6,0.000004,,,,,,,,
176700,938.2,0.000001,,,,,,,,
176800,938.7,0.000001,,,,,,,,
176900,939.2,0.000001,,,,,,,,
177000,939.7,0.000001,,,,,,,,
177100,940.2,0.000003,,,,,,,,
177200,940.7,0.000002,,,,,,,,
177300,941.3,0.000003,,,,,,,,
177400,941.8,0.000001,,,,,,,,
177500,942.3,0.000001,,,,,,,,
177600,942.8,0.000001,,,,,,,,
177700,943.4,0.000001,,,,,,,,
177800,943.9,0.000002,,,,,,,,
177900,944.4,0.000003,,,,,,,,
178000,944.9,0.000001,,,,,,,,
178100,945.4,0.000001,,,,,,,,
178200,945.9,0.000002,,,,,,,,
178300,946.5,0.000004,,,,,,,,
178400,947.0,0.000001,,,,,,,,
178500,947.5,0.000003,,,,,,,,
178600,948.0,0.000001,,,,,,,,
178700,948.6,0.000001,,,,,,,,
178800,949.1,0.000001,,,,,,,,
178900,949.7,0.000001,,,,,,,,
179000,950.1,0.000002,,,,,,,,
179100,950.7,0.000001,,,,,,,,
179200,951.2,0.000001,,,,,,,,
179300,951.5,0.000001,,,,,,,,
179400,952.0,0.000002,,,,,,,,
179500,952.6,0.000001,,,,,,,,
179600,953.1,0.000001,,,,,,,,
179700,953.6,0.000000,,,,,,,,
179800,954.1,0.000001,,,,,,,,
179900,954.6,0.000001,,,,,,,,
180000,956.4,0.000001,0.000002,1.360431e-01,6.356373e-03,4.633962e-03,0.000000,1.119971e-01,6.257604e-03,4.599178e-03
180100,956.6,0.000004,,,,,,,,
180200,956.9,0.000001,,,,,,,,
180300,957.4,0.000004,,,,,,,,
180400,957.9,0.000001,,,,,,,,
180500,958.4,0.000002,,,,,,,,
180600,959.0,0.000001,,,,,,,,
180700,959.5,0.000001,,,,,,,,
180800,960.0,0.000003,,,,,,,,
180900,960.5,0.000002,,,,,,,,
181000,961.0,0.000001,,,,,,,,
181100,961.6,0.000002,,,,,,,,
181200,962.1,0.000001,,,,,,,,
181300,962.6,0.000002,,,,,,,,
181400,963.1,0.000001,,,,,,,,
181500,963.6,0.000001,,,,,,,,
181600,964.1,0.000004,,,,,,,,
181700,964.7,0.000004,,,,,,,,
181800,965.2,0.000002,,,,,,,,
181900,965.7,0.000002,,,,,,,,
182000,966.2,0.000001,,,,,,,,
182100,966.7,0.000001,,,,,,,,
182200,967.3,0.000002,,,,,,,,
182300,967.8,0.000001,,,,,,,,
182400,968.3,0.000003,,,,,,,,
182500,968.8,0.000002,,,,,,,,
182600,969.3,0.000002,,,,,,,,
182700,969.9,0.000001,,,,,,,,
182800,970.4,0.000002,,,,,,,,
182900,970.9,0.000001,,,,,,,,
183000,971.4,0.000002,,,,,,,,
183100,972.0,0.000001,,,,,,,,
183200,972.5,0.000001,,,,,,,,
183300,973.0,0.000001,,,,,,,,
183400,973.5,0.000001,,,,,,,,
183500,974.1,0.000001,,,,,,,,
183600,974.5,0.000001,,,,,,,,
183700,975.1,0.000001,,,,,,,,
183800,975.6,0.000001,,,,,,,,
183900,976.1,0.000001,,,,,,,,
184000,976.6,0.000001,,,,,,,,
184100,977.2,0.000001,,,,,,,,
184200,977.7,0.000003,,,,,,,,
184300,978.2,0.000001,,,,,,,,
184400,978.7,0.000002,,,,,,,,
184500,979.2,0.000001,,,,,,,,
184600,979.8,0.000002,,,,,,,,
184700,980.3,0.000003,,,,,,,,
184800,980.8,0.000002,,,,,,,,
184900,981.3,0.000001,,,,,,,,
185000,983.0,0.000001,0.000001,1.001970e-01,3.364883e-03,2.500600e-03,0.000000,5.097998e-02,3.177922e-03,2.437783e-03
185100,983.3,0.000001,,,,,,,,
185200,983.6,0.000000,,,,,,,,
185300,984.0,0.000007,,,,,,,,
185400,984.5,0.000003,,,,,,,,
185500,985.1,0.000001,,,,,,,,
185600,985.6,0.000001,,,,,,,,
185700,986.1,0.000003,,,,,,,,
185800,986.6,0.000002,,,,,,,,
185900,987.2,0.000002,,,,,,,,
186000,987.7,0.000001,,,,,,,,
186100,988.2,0.000001,,,,,,,,
186200,988.7,0.000003,,,,,,,,
186300,989.3,0.000001,,,,,,,,
186400,989.8,0.000001,,,,,,,,
186500,990.3,0.000001,,,,,,,,
186600,990.8,0.000001,,,,,,,,
186700,991.3,0.000001,,,,,,,,
186800,991.8,0.000001,,,,,,,,
186900,992.4,0.000001,,,,,,,,
187000,992.9,0.000001,,,,,,,,
187100,993.4,0.000001,,,,,,,,
187200,993.9,0.000003,,,,,,,,
187300,994.4,0.000001,,,,,,,,
187400,994.9,0.000001,,,,,,,,
187500,995.5,0.000001,,,,,,,,
187600,996.0,0.000001,,,,,,,,
187700,996.5,0.000001,,,,,,,,
187800,997.1,0.000001,,,,,,,,
187900,997.6,0.000003,,,,,,,,
188000,998.1,0.000002,,,,,,,,
188100,998.6,0.000001,,,,,,,,
188200,999.2,0.000002,,,,,,,,
188300,999.7,0.000001,,,,,,,,
188400,1000.2,0.000001,,,,,,,,
188500,1000.8,0.000001,,,,,,,,
188600,1001.2,0.000001,,,,,,,,
188700,1001.8,0.000002,,,,,,,,
188800,1002.3,0.000001,,,,,,,,
188900,1002.8,0.000005,,,,,,,,
189000,1003.3,0.000001,,,,,,,,
189100,1003.8,0.000001,,,,,,,,
189200,1004.4,0.000001,,,,,,,,
189300,1004.9,0.000001,,,,,,,,
189400,1005.4,0.000002,,,,,,,,
189500,1005.9,0.000003,,,,,,,,
189600,1006.5,0.000001,,,,,,,,
189700,1007.0,0.000001,,,,,,,,
189800,1007.5,0.000001,,,,,,,,
189900,1008.0,0.000001,,,,,,,,
190000,1009.7,0.000001,0.000001,8.156854e-02,5.364771e-03,4.253585e-03,0.000000,5.363626e-02,5.369873e-03,4.284678e-03
190100,1010.0,0.000002,,,,,,,,
190200,1010.3,0.000002,,,,,,,,
190300,1010.7,0.000000,,,,,,,,
190400,1011.2,0.000001,,,,,,,,
190500,1011.8,0.000002,,,,,,,,
190600,1012.2,0.000001,,,,,,,,
190700,1012.5,0.000001,,,,,,,,
190800,1013.1,0.000001,,,,,,,,
190900,1013.6,0.000002,,,,,,,,
191000,1014.1,0.000002,,,,,,,,
191100,1014.6,0.000002,,,,,,,,
191200,1015.1,0.000001,,,,,,,,
191300,1015.6,0.000001,,,,,,,,
191400,1016.2,0.000000,,,,,,,,
191500,1016.7,0.000001,,,,,,,,
191600,1017.2,0.000001,,,,,,,,
191700,1017.8,0.000001,,,,,,,,
191800,1018.3,0.000004,,,,,,,,
191900,1018.8,0.000001,,,,,,,,
192000,1019.3,0.000003,,,,,,,,
192100,1019.9,0.000002,,,,,,,,
192200,1020.4,0.000001,,,,,,,,
192300,1020.9,0.000001,,,,,,,,
192400,1021.5,0.000004,,,,,,,,
192500,1022.0,0.000001,,,,,,,,
192600,1022.5,0.000001,,,,,,,,
192700,1023.1,0.000001,,,,,,,,
192800,1023.5,0.000002,,,,,,,,
192900,1024.0,0.000002,,,,,,,,
193000,1024.6,0.000001,,,,,,,,
193100,1025.1,0.000001,,,,,,,,
193200,1025.6,0.000002,,,,,,,,
193300,1026.1,0.000001,,,,,,,,
193400,1026.6,0.000001,,,,,,,,
193500,1027.1,0.000001,,,,,,,,
193600,1027.6,0.000000,,,,,,,,
193700,1028.2,0.000001,,,,,,,,
193800,1028.7,0.000006,,,,,,,,
193900,1029.2,0.000001,,,,,,,,
194000,1029.7,0.000001,,,,,,,,
194100,1030.3,0.000001,,,,,,,,
194200,1030.8,0.000001,,,,,,,,
194300,1031.3,0.000003,,,,,,,,
194400,1031.8,0.000003,,,,,,,,
194500,1032.3,0.000001,,,,,,,,
194600,1032.8,0.000002,,,,,,,,
194700,1033.3,0.000001,,,,,,,,
194800,1033.8,0.000001,,,,,,,,
194900,1034.4,0.000001,,,,,,,,
195000,1036.1,0.000001,0.000001,8.831602e-02,5.224452e-03,4.157202e-03,0.000000,8.570380e-02,5.026990e-03,4.052858e-03
195100,1036.3,0.000001,,,,,,,,
195200,1036.7,0.000002,,,,,,,,
195300,1037.1,0.000001,,,,,,,,
195400,1037.6,0.000001,,,,,,,,
195500,1038.1,0.000002,,,,,,,,
195600,1038.6,0.000002,,,,,,,,
195700,1039.2,0.000001,,,,,,,,
195800,1039.7,0.000001,,,,,,,,
195900,1040.2,0.000001,,,,,,,,
196000,1040.7,0.000005,,,,,,,,
196100,1041.2,0.000002,,,,,,,,
196200,1041.8,0.000001,,,,,,,,
196300,1042.3,0.000001,,,,,,,,
196400,1042.8,0.000001,,,,,,,,
196500,1043.3,0.000001,,,,,,,,
196600,1043.8,0.000001,,,,,,,,
196700,1044.3,0.000001,,,,,,,,
196800,1044.8,0.000001,,,,,,,,
196900,1045.4,0.000001,,,,,,,,
197000,1045.9,0.000001,,,,,,,,
197100,1046.4,0.000001,,,,,,,,
197200,1046.9,0.000001,,,,,,,,
197300,1047.4,0.000001,,,,,,,,
197400,1048.0,0.000001,,,,,,,,
197500,1048.5,0.000005,,,,,,,,
197600,1049.0,0.000002,,,,,,,,
197700,1049.6,0.000001,,,,,,,,
197800,1050.1,0.000000,,,,,,,,
197900,1050.6,0.000001,,,,,,,,
198000,1051.1,0.000001,,,,,,,,
198100,1051.6,0.000001,,,,,,,,
198200,1052.2,0.000002,,,,,,,,
198300,1052.7,0.000001,,,,,,,,
198400,1053.2,0.000000,,,,,,,,
198500,1053.8,0.000001,,,,,,,,
198600,1054.3,0.000001,,,,,,,,
198700,1054.8,0.000000,,,,,,,,
198800,1055.3,0.000002,,,,,,,,
198900,1055.9,0.000001,,,,,,,,
199000,1056.4,0.000003,,,,,,,,
199100,1056.9,0.000001,,,,,,,,
199200,1057.4,0.000001,,,,,,,,
199300,1058.0,0.000001,,,,,,,,
199400,1058.5,0.000001,,,,,,,,
199500,1059.0,0.000001,,,,,,,,
199600,1059.5,0.000002,,,,,,,,
199700,1060.0,0.000006,,,,,,,,
199800,1060.6,0.000000,,,,,,,,
199900,1061.1,0.000000,,,,,,,,
200000,1062.8,0.000001,0.000001,1.076855e-01,4.090472e-03,2.902098e-03,0.000000,7.435415e-02,4.035746e-03,2.898078e-03
200100,1063.1,0.000001,,,,,,,,
200200,1063.4,0.000002,,,,,,,,
200300,1063.8,0.000000,,,,,,,,
200400,1064.4,0.000001,,,,,,,,
200500,1064.9,0.000001,,,,,,,,
200600,1065.5,0.000002,,,,,,,,
200700,1066.0,0.000001,,,,,,,,
200800,1066.5,0.000001,,,,,,,,
200900,1067.0,0.000001,,,,,,,,
201000,1067.5,0.000001,,,,,,,,
201100,1068.1,0.000001,,,,,,,,
201200,1068.6,0.000001,,,,,,,,
201300,1069.1,0.000001,,,,,,,,
201400,1069.6,0.000000,,,,,,,,
201500,1070.1,0.000001,,,,,,,,
201600,1070.6,0.000001,,,,,,,,
201700,1071.2,0.000001,,,,,,,,
201800,1071.7,0.000001,,,,,,,,
201900,1072.2,0.000001,,,,,,,,
202000,1072.7,0.000003,,,,,,,,
202100,1073.2,0.000004,,,,,,,,
202200,1073.6,0.000001,,,,,,,,
202300,1074.1,0.000002,,,,,,,,
202400,1074.7,0.000002,,,,,,,,
202500,1075.2,0.000001,,,,,,,,
202600,1075.7,0.000002,,,,,,,,
202700,1076.2,0.000002,,,,,,,,
202800,1076.8,0.000001,,,,,,,,
202900,1077.3,0.000002,,,,,,,,
203000,1077.8,0.000001,,,,,,,,
203100,1078.3,0.000003,,,,,,,,
203200,1078.9,0.000001,,,,,,,,
203300,1079.4,0.000001,,,,,,,,
203400,1079.9,0.000001,,,,,,,,
203500,1080.4,0.000001,,,,,,,,
203600,1080.9,0.000001,,,,,,,,
203700,1081.4,0.000001,,,,,,,,
203800,1081.9,0.000001,,,,,,,,
203900,1082.5,0.000001,,,,,,,,
204000,1083.0,0.000001,,,,,,,,
204100,1083.5,0.000002,,,,,,,,
204200,1084.0,0.000001,,,,,,,,
204300,1084.5,0.000001,,,,,,,,
204400,1085.0,0.000002,,,,,,,,
204500,1085.5,0.000004,,,,,,,,
204600,1086.0,0.000004,,,,,,,,
204700,1086.5,0.000001,,,,,,,,
204800,1087.0,0.000001,,,,,,,,
204900,1087.5,0.000001,,,,,,,,
205000,1089.2,0.000001,0.000001,9.126205e-02,3.358846e-03,2.652952e-03,0.000000,4.747266e-02,3.241597e-03,2.601324e-03
205100,1089.4,0.000001,,,,,,,,
205200,1089.7,0.000001,,,,,,,,
205300,1090.1,0.000001,,,,,,,,
205400,1090.6,0.000001,,,,,,,,
205500,1091.1,0.000001,,,,,,,,
205600,1091.6,0.000001,,,,,,,,
205700,1092.1,0.000001,,,,,,,,
205800,1092.6,0.000003,,,,,,,,
205900,1093.1,0.000000,,,,,,,,
206000,1093.6,0.000002,,,,,,,,
206100,1094.1,0.000001,,,,,,,,
206200,1094.6,0.000001,,,,,,,,
206300,1095.2,0.000002,,,,,,,,
206400,1095.6,0.000002,,,,,,,,
206500,1096.1,0.000001,,,,,,,,
206600,1096.6,0.000001,,,,,,,,
206700,1097.1,0.000001,,,,,,,,
206800,1097.6,0.000002,,,,,,,,
206900,1098.1,0.000001,,,,,,,,
207000,1098.6,0.000001,,,,,,,,
207100,1099.1,0.000001,,,,,,,,
207200,1099.6,0.000001,,,,,,,,
207300,1100.1,0.000001,,,,,,,,
207400,1100.6,0.000001,,,,,,,,
207500,1101.2,0.000001,,,,,,,,
207600,1101.6,0.000000,,,,,,,,
207700,1102.1,0.000001,,,,,,,,
207800,1102.7,0.000002,,,,,,,,
207900,1103.2,0.000001,,,,,,,,
208000,1103.6,0.000001,,,,,,,,
208100,1104.2,0.000001,,,,,,,,
208200,1104.7,0.000001,,,,,,,,
208300,1105.2,0.000001,,,,,,,,
208400,1105.7,0.000001,,,,,,,,
208500,1106.2,0.000001,,,,,,,,
208600,1106.7,0.000001,,,,,,,,
208700,1107.2,0.000001,,,,,,,,
208800,1107.7,0.000002,,,,,,,,
208900,1108.2,0.000001,,,,,,,,
209000,1108.8,0.000003,,,,,,,,
209100,1109.3,0.000001,,,,,,,,
209200,1109.8,0.000001,,,,,,,,
209300,1110.3,0.000001,,,,,,,,
209400,1110.8,0.000001,,,,,,,,
209500,1111.4,0.000001,,,,,,,,
209600,1111.9,0.000002,,,,,,,,
209700,1112.4,0.000001,,,,,,,,
209800,1112.9,0.000002,,,,,,,,
209900,1113.4,0.000001,,,,,,,,
210000,1115.1,0.000001,0.000001,7.743197e-02,4.612742e-03,3.533362e-03,0.000000,6.385587e-02,4.628277e-03,3.537221e-03
210100,1115.4,0.000002,,,,,,,,
210200,1115.7,0.000001,,,,,,,,
210300,1116.0,0.000001,,,,,,,,
210400,1116.6,0.000001,,,,,,,,
210500,1117.0,0.000001,,,,,,,,
210600,1117.5,0.000001,,,,,,,,
210700,1118.0,0.000002,,,,,,,,
210800,1118.6,0.000001,,,,,,,,
210900,1119.1,0.000001,,,,,,,,
211000,1119.6,0.000000,,,,,,,,
211100,1120.1,0.000002,,,,,,,,
211200,1120.7,0.000002,,,,,,,,
211300,1121.2,0.000001,,,,,,,,
211400,1121.7,0.000001,,,,,,,,
211500,1122.2,0.000001,,,,,,,,
211600,1122.8,0.000001,,,,,,,,
211700,1123.3,0.000000,,,,,,,,
211800,1123.8,0.000001,,,,,,,,
211900,1124.3,0.000001,,,,,,,,
212000,1124.8,0.000001,,,,,,,,
212100,1125.4,0.000001,,,,,,,,
212200,1125.9,0.000001,,,,,,,,
212300,1126.4,0.000002,,,,,,,,
212400,1126.9,0.000001,,,,,,,,
212500,1127.4,0.000001,,,,,,,,
212600,1128.0,0.000001,,,,,,,,
212700,1128.5,0.000002,,,,,,,,
212800,1129.0,0.000001,,,,,,,,
212900,1129.5,0.000003,,,,,,,,
213000,1130.1,0.000002,,,,,,,,
213100,1130.6,0.000001,,,,,,,,
213200,1131.1,0.000001,,,,,,,,
213300,1131.6,0.000000,,,,,,,,
213400,1132.1,0.000001,,,,,,,,
213500,1132.7,0.000001,,,,,,,,
213600,1133.2,0.000001,,,,,,,,
213700,1133.7,0.000001,,,,,,,,
213800,1134.2,0.000002,,,,,,,,
213900,1134.8,0.000001,,,,,,,,
214000,1135.3,0.000003,,,,,,,,
214100,1135.8,0.000002,,,,,,,,
214200,1136.3,0.000000,,,,,,,,
214300,1136.8,0.000001,,,,,,,,
214400,1137.4,0.000001,,,,,,,,
214500,1137.9,0.000001,,,,,,,,
214600,1138.4,0.000001,,,,,,,,
214700,1139.0,0.000001,,,,,,,,
214800,1139.5,0.000003,,,,,,,,
214900,1140.0,0.000002,,,,,,,,
215000,1141.6,0.000002,0.000001,9.982555e-02,4.989516e-03,3.858643e-03,0.000000,3.606618e-02,4.952000e-03,3.836406e-03
215100,1141.9,0.000001,,,,,,,,
215200,1142.1,0.000001,,,,,,,,
215300,1142.5,0.000001,,,,,,,,
215400,1143.0,0.000001,,,,,,,,
215500,1143.5,0.000001,,,,,,,,
215600,1144.0,0.000001,,,,,,,,
215700,1144.6,0.000000,,,,,,,,
215800,1145.1,0.000001,,,,,,,,
215900,1145.6,0.000001,,,,,,,,
216000,1146.1,0.000002,,,,,,,,
216100,1146.6,0.000003,,,,,,,,
216200,1147.2,0.000000,,,,,,,,
216300,1147.7,0.000001,,,,,,,,
216400,1148.2,0.000001,,,,,,,,
216500,1148.7,0.000000,,,,,,,,
216600,1149.3,0.000001,,,,,,,,
216700,1149.8,0.000002,,,,,,,,
216800,1150.3,0.000001,,,,,,,,
216900,1150.8,0.000001,,,,,,,,
217000,1151.4,0.000003,,,,,,,,
217100,1151.9,0.000001,,,,,,,,
217200,1152.4,0.000001,,,,,,,,
217300,1152.9,0.000001,,,,,,,,
217400,1153.4,0.000001,,,,,,,,
217500,1154.0,0.000001,,,,,,,,
217600,1154.5,0.000001,,,,,,,,
217700,1155.0,0.000001,,,,,,,,
217800,1155.5,0.000004,,,,,,,,
217900,1156.0,0.000001,,,,,,,,
218000,1156.5,0.000001,,,,,,,,
218100,1157.0,0.000001,,,,,,,,
218200,1157.6,0.000002,,,,,,,,
218300,1158.1,0.000001,,,,,,,,
218400,1158.5,0.000000,,,,,,,,
218500,1159.0,0.000002,,,,,,,,
218600,1159.5,0.000003,,,,,,,,
218700,1160.1,0.000000,,,,,,,,
218800,1160.6,0.000002,,,,,,,,
218900,1161.1,0.000001,,,,,,,,
219000,1161.6,0.000000,,,,,,,,
219100,1162.2,0.000000,,,,,,,,
219200,1162.7,0.000001,,,,,,,,
219300,1163.2,0.000001,,,,,,,,
219400,1163.7,0.000002,,,,,,,,
219500,1164.2,0.000001,,,,,,,,
219600,1164.8,0.000000,,,,,,,,
219700,1165.3,0.000001,,,,,,,,
219800,1165.8,0.000003,,,,,,,,
219900,1166.3,0.000001,,,,,,,,
220000,1168.0,0.000000,0.000000,7.438355e-02,3.184003e-03,2.485280e-03,0.000000,5.779690e-02,3.034326e-03,2.393264e-03
220100,1168.3,0.000000,,,,,,,,
220200,1168.6,0.000000,,,,,,,,
220300,1169.0,0.000001,,,,,,,,
220400,1169.5,0.000001,,,,,,,,
220500,1170.1,0.000001,,,,,,,,
220600,1170.6,0.000002,,,,,,,,
220700,1171.1,0.000001,,,,,,,,
220800,1171.6,0.000001,,,,,,,,
220900,1172.1,0.000000,,,,,,,,
221000,1172.7,0.000001,,,,,,,,
221100,1173.2,0.000001,,,,,,,,
221200,1173.6,0.000001,,,,,,,,
221300,1174.2,0.000002,,,,,,,,
221400,1174.7,0.000001,,,,,,,,
221500,1175.2,0.000001,,,,,,,,
221600,1175.8,0.000002,,,,,,,,
221700,1176.3,0.000002,,,,,,,,
221800,1176.8,0.000001,,,,,,,,
221900,1177.3,0.000003,,,,,,,,
222000,1177.8,0.000001,,,,,,,,
222100,1178.4,0.000001,,,,,,,,
222200,1178.9,0.000001,,,,,,,,
222300,1179.4,0.000001,,,,,,,,
222400,1180.0,0.000000,,,,,,,,
222500,1180.5,0.000001,,,,,,,,
222600,1181.0,0.000001,,,,,,,,
222700,1181.5,0.000001,,,,,,,,
222800,1182.0,0.000002,,,,,,,,
222900,1182.5,0.000000,,,,,,,,
223000,1183.1,0.000001,,,,,,,,
223100,1183.6,0.000001,,,,,,,,
223200,1184.1,0.000001,,,,,,,,
223300,1184.6,0.000002,,,,,,,,
223400,1185.1,0.000001,,,,,,,,
223500,1185.7,0.000001,,,,,,,,
223600,1186.2,0.000000,,,,,,,,
223700,1186.7,0.000000,,,,,,,,
223800,1187.2,0.000001,,,,,,,,
223900,1187.7,0.000001,,,,,,,,
224000,1188.3,0.000001,,,,,,,,
224100,1188.8,0.000001,,,,,,,,
224200,1189.3,0.000000,,,,,,,,
224300,1189.8,0.000000,,,,,,,,
224400,1190.3,0.000001,,,,,,,,
224500,1190.8,0.000003,,,,,,,,
224600,1191.4,0.000001,,,,,,,,
224700,1191.9,0.000001,,,,,,,,
224800,1192.4,0.000000,,,,,,,,
224900,1193.0,0.000000,,,,,,,,
225000,1194.7,0.000001,0.000001,7.584005e-02,3.967769e-03,3.334012e-03,0.000000,7.312698e-02,3.973511e-03,3.396489e-03
225100,1195.0,0.000000,,,,,,,,
225200,1195.2,0.000000,,,,,,,,
225300,1195.6,0.000001,,,,,,,,
225400,1196.1,0.000000,,,,,,,,
225500,1196.6,0.000001,,,,,,,,
225600,1197.2,0.000001,,,,,,,,
225700,1197.7,0.000001,,,,,,,,
225800,1198.2,0.000002,,,,,,,,
225900,1198.7,0.000001,,,,,,,,
226000,1199.3,0.000001,,,,,,,,
226100,1199.8,0.000000,,,,,,,,
226200,1200.3,0.000004,,,,,,,,
226300,1200.8,0.000001,,,,,,,,
226400,1201.4,0.000001,,,,,,,,
226500,1201.9,0.000001,,,,,,,,
226600,1202.4,0.000000,,,,,,,,
226700,1202.9,0.000001,,,,,,,,
226800,1203.4,0.000001,,,,,,,,
226900,1203.9,0.000001,,,,,,,,
227000,1204.5,0.000000,,,,,,,,
227100,1205.0,0.000002,,,,,,,,
227200,1205.5,0.000000,,,,,,,,
227300,1206.0,0.000001,,,,,,,,
227400,1206.6,0.000000,,,,,,,,
227500,1207.1,0.000001,,,,,,,,
227600,1207.7,0.000001,,,,,,,,
227700,1208.2,0.000001,,,,,,,,
227800,1208.7,0.000000,,,,,,,,
227900,1209.2,0.000002,,,,,,,,
228000,1209.7,0.000001,,,,,,,,
228100,1210.2,0.000001,,,,,,,,
228200,1210.7,0.000001,,,,,,,,
228300,1211.2,0.000001,,,,,,,,
228400,1211.8,0.000001,,,,,,,,
228500,1212.3,0.000001,,,,,,,,
228600,1212.8,0.000002,,,,,,,,
228700,1213.3,0.000001,,,,,,,,
228800,1213.9,0.000001,,,,,,,,
228900,1214.3,0.000003,,,,,,,,
229000,1214.8,0.000000,,,,,,,,
229100,1215.3,0.000002,,,,,,,,
229200,1215.9,0.000000,,,,,,,,
229300,1216.3,0.000001,,,,,,,,
229400,1216.9,0.000001,,,,,,,,
229500,1217.4,0.000001,,,,,,,,
229600,1217.9,0.000001,,,,,,,,
229700,1218.4,0.000001,,,,,,,,
229800,1218.9,0.000003,,,,,,,,
229900,1219.4,0.000000,,,,,,,,
230000,1221.2,0.000001,0.000001,9.039104e-02,4.106216e-03,3.542160e-03,0.000000,6.499336e-02,3.996405e-03,3.473378e-03
230100,1221.4,0.000000,,,,,,,,
230200,1221.7,0.000001,,,,,,,,
230300,1222.1,0.000001,,,,,,,,
230400,1222.6,0.000002,,,,,,,,
230500,1223.1,0.000001,,,,,,,,
230600,1223.6,0.000001,,,,,,,,
230700,1224.2,0.000001,,,,,,,,
230800,1224.7,0.000001,,,,,,,,
230900,1225.2,0.000001,,,,,,,,
231000,1225.7,0.000002,,,,,,,,
231100,1226.3,0.000000,,,,,,,,
231200,1226.8,0.000001,,,,,,,,
231300,1227.3,0.000001,,,,,,,,
231400,1227.9,0.000001,,,,,,,,
231500,1228.4,0.000000,,,,,,,,
231600,1228.9,0.000001,,,,,,,,
231700,1229.4,0.000001,,,,,,,,
231800,1229.9,0.000000,,,,,,,,
231900,1230.4,0.000001,,,,,,,,
232000,1231.0,0.000001,,,,,,,,
232100,1231.5,0.000002,,,,,,,,
232200,1232.0,0.000001,,,,,,,,
232300,1232.5,0.000001,,,,,,,,
232400,1233.0,0.000001,,,,,,,,
232500,1233.5,0.000001,,,,,,,,
232600,1234.1,0.000001,,,,,,,,
232700,1234.6,0.000001,,,,,,,,
232800,1235.1,0.000001,,,,,,,,
232900,1235.6,0.000001,,,,,,,,
233000,1236.2,0.000001,,,,,,,,
233100,1236.7,0.000001,,,,,,,,
233200,1237.2,0.000001,,,,,,,,
233300,1237.7,0.000000,,,,,,,,
233400,1238.3,0.000001,,,,,,,,
233500,1238.8,0.000000,,,,,,,,
233600,1239.3,0.000000,,,,,,,,
233700,1239.8,0.000000,,,,,,,,
233800,1240.4,0.000001,,,,,,,,
233900,1240.9,0.000000,,,,,,,,
234000,1241.4,0.000001,,,,,,,,
234100,1241.9,0.000001,,,,,,,,
234200,1242.4,0.000001,,,,,,,,
234300,1242.9,0.000001,,,,,,,,
234400,1243.5,0.000001,,,,,,,,
234500,1244.0,0.000000,,,,,,,,
234600,1244.5,0.000000,,,,,,,,
234700,1245.0,0.000001,,,,,,,,
234800,1245.5,0.000001,,,,,,,,
234900,1246.1,0.000000,,,,,,,,
235000,1247.7,0.000001,0.000001,7.440364e-02,5.674722e-03,5.424594e-03,0.000000,5.142425e-02,5.628385e-03,5.392307e-03
235100,1247.9,0.000001,,,,,,,,
235200,1248.3,0.000001,,,,,,,,
235300,1248.7,0.000001,,,,,,,,
235400,1249.1,0.000002,,,,,,,,
235500,1249.7,0.000002,,,,,,,,
235600,1250.2,0.000001,,,,,,,,
235700,1250.8,0.000001,,,,,,,,
235800,1251.3,0.000001,,,,,,,,
235900,1251.8,0.000001,,,,,,,,
236000,1252.3,0.000002,,,,,,,,
236100,1252.8,0.000000,,,,,,,,
236200,1253.4,0.000001,,,,,,,,
236300,1253.9,0.000001,,,,,,,,
236400,1254.4,0.000001,,,,,,,,
236500,1254.9,0.000001,,,,,,,,
236600,1255.4,0.000000,,,,,,,,
236700,1256.0,0.000001,,,,,,,,
236800,1256.4,0.000001,,,,,,,,
236900,1256.9,0.000001,,,,,,,,
237000,1257.5,0.000001,,,,,,,,
237100,1258.0,0.000001,,,,,,,,
237200,1258.5,0.000001,,,,,,,,
237300,1259.1,0.000001,,,,,,,,
237400,1259.5,0.000002,,,,,,,,
237500,1260.1,0.000003,,,,,,,,
237600,1260.6,0.000001,,,,,,,,
237700,1261.1,0.000001,,,,,,,,
237800,1261.6,0.000002,,,,,,,,
237900,1262.2,0.000003,,,,,,,,
238000,1262.7,0.000002,,,,,,,,
238100,1263.2,0.000001,,,,,,,,
238200,1263.7,0.000001,,,,,,,,
238300,1264.2,0.000001,,,,,,,,
238400,1264.7,0.000002,,,,,,,,
238500,1265.3,0.000001,,,,,,,,
238600,1265.8,0.000002,,,,,,,,
238700,1266.3,0.000001,,,,,,,,
238800,1266.9,0.000001,,,,,,,,
238900,1267.4,0.000001,,,,,,,,
239000,1267.9,0.000001,,,,,,,,
239100,1268.4,0.000000,,,,,,,,
239200,1269.0,0.000000,,,,,,,,
239300,1269.5,0.000001,,,,,,,,
239400,1270.0,0.000001,,,,,,,,
239500,1270.6,0.000001,,,,,,,,
239600,1271.1,0.000003,,,,,,,,
239700,1271.6,0.000001,,,,,,,,
239800,1272.1,0.000001,,,,,,,,
239900,1272.7,0.000001,,,,,,,,
240000,1274.4,0.000002,0.000002,1.121394e-01,6.247770e-03,5.206855e-03,0.000000,7.800359e-02,6.277958e-03,5.297748e-03
240100,1274.6,0.000000,,,,,,,,
240200,1274.9,0.000000,,,,,,,,
240300,1275.3,0.000001,,,,,,,,
240400,1275.8,0.000002,,,,,,,,
240500,1276.3,0.000000,,,,,,,,
240600,1276.8,0.000001,,,,,,,,
240700,1277.3,0.000001,,,,,,,,
240800,1277.8,0.000003,,,,,,,,
240900,1278.3,0.000000,,,,,,,,
241000,1278.8,0.000000,,,,,,,,
241100,1279.3,0.000000,,,,,,,,
241200,1279.8,0.000001,,,,,,,,
241300,1280.3,0.000001,,,,,,,,
241400,1280.8,0.000003,,,,,,,,
241500,1281.4,0.000001,,,,,,,,
241600,1281.9,0.000002,,,,,,,,
241700,1282.4,0.000001,,,,,,,,
241800,1282.9,0.000001,,,,,,,,
241900,1283.5,0.000001,,,,,,,,
242000,1283.9,0.000001,,,,,,,,
242100,1284.4,0.000000,,,,,,,,
242200,1284.9,0.000000,,,,,,,,
242300,1285.5,0.000001,,,,,,,,
242400,1286.0,0.000001,,,,,,,,
242500,1286.5,0.000001,,,,,,,,
242600,1287.0,0.000000,,,,,,,,
242700,1287.5,0.000001,,,,,,,,
242800,1288.0,0.000000,,,,,,,,
242900,1288.5,0.000000,,,,,,,,
243000,1289.0,0.000001,,,,,,,,
243100,1289.5,0.000001,,,,,,,,
243200,1290.0,0.000000,,,,,,,,
243300,1290.5,0.000001,,,,,,,,
243400,1291.0,0.000001,,,,,,,,
243500,1291.6,0.000001,,,,,,,,
243600,1292.1,0.000000,,,,,,,,
243700,1292.6,0.000001,,,,,,,,
243800,1293.1,0.000001,,,,,,,,
243900,1293.7,0.000000,,,,,,,,
244000,1294.2,0.000000,,,,,,,,
244100,1294.7,0.000001,,,,,,,,
244200,1295.3,0.000001,,,,,,,,
244300,1295.8,0.000001,,,,,,,,
244400,1296.3,0.000001,,,,,,,,
244500,1296.8,0.000001,,,,,,,,
244600,1297.4,0.000001,,,,,,,,
244700,1297.9,0.000001,,,,,,,,
244800,1298.4,0.000001,,,,,,,,
244900,1299.0,0.000000,,,,,,,,
245000,1300.7,0.000000,0.000000,6.690943e-02,2.966917e-03,2.443755e-03,0.000000,4.153941e-02,2.935071e-03,2.445842e-03
245100,1300.9,0.000001,,,,,,,,
245200,1301.2,0.000000,,,,,,,,
245300,1301.6,0.000001,,,,,,,,
245400,1302.1,0.000001,,,,,,,,
245500,1302.6,0.000001,,,,,,,,
245600,1303.2,0.000000,,,,,,,,
245700,1303.7,0.000002,,,,,,,,
245800,1304.2,0.000001,,,,,,,,
245900,1304.7,0.000001,,,,,,,,
246000,1305.2,0.000001,,,,,,,,
246100,1305.8,0.000001,,,,,,,,
246200,1306.2,0.000000,,,,,,,,
246300,1306.7,0.000001,,,,,,,,
246400,1307.2,0.000001,,,,,,,,
246500,1307.8,0.000001,,,,,,,,
246600,1308.3,0.000000,,,,,,,,
246700,1308.8,0.000000,,,,,,,,
246800,1309.3,0.000002,,,,,,,,
246900,1309.8,0.000001,,,,,,,,
247000,1310.4,0.000000,,,,,,,,
247100,1310.9,0.000001,,,,,,,,
247200,1311.4,0.000001,,,,,,,,
247300,1311.9,0.000000,,,,,,,,
247400,1312.4,0.000002,,,,,,,,
247500,1312.9,0.000000,,,,,,,,
247600,1313.4,0.000001,,,,,,,,
247700,1313.9,0.000002,,,,,,,,
247800,1314.5,0.000001,,,,,,,,
247900,1315.0,0.000000,,,,,,,,
248000,1315.5,0.000000,,,,,,,,
248100,1316.0,0.000000,,,,,,,,
248200,1316.5,0.000000,,,,,,,,
248300,1317.0,0.000001,,,,,,,,
248400,1317.3,0.000002,,,,,,,,
248500,1317.8,0.000000,,,,,,,,
248600,1318.3,0.000000,,,,,,,,
248700,1318.8,0.000000,,,,,,,,
248800,1319.3,0.000000,,,,,,,,
248900,1319.8,0.000001,,,,,,,,
249000,1320.4,0.000001,,,,,,,,
249100,1320.9,0.000001,,,,,,,,
249200,1321.4,0.000000,,,,,,,,
249300,1321.9,0.000001,,,,,,,,
249400,1322.5,0.000000,,,,,,,,
249500,1322.9,0.000000,,,,,,,,
249600,1323.4,0.000000,,,,,,,,
249700,1324.0,0.000000,,,,,,,,
249800,1324.5,0.000001,,,,,,,,
249900,1325.0,0.000000,,,,,,,,
250000,1326.7,0.000001,0.000001,5.866366e-02,5.542968e-03,5.212021e-03,0.000000,5.682320e-02,5.631612e-03,5.338690e-03
250100,1326.9,0.000000,,,,,,,,
250200,1327.3,0.000001,,,,,,,,
250300,1327.7,0.000002,,,,,,,,
250400,1328.2,0.000001,,,,,,,,
250500,1328.7,0.000001,,,,,,,,
250600,1329.2,0.000002,,,,,,,,
250700,1329.8,0.000001,,,,,,,,
250800,1330.3,0.000000,,,,,,,,
250900,1330.8,0.000001,,,,,,,,
251000,1331.3,0.000000,,,,,,,,
251100,1331.8,0.000001,,,,,,,,
251200,1332.3,0.000000,,,,,,,,
251300,1332.9,0.000000,,,,,,,,
251400,1333.4,0.000001,,,,,,,,
251500,1333.9,0.000000,,,,,,,,
251600,1334.4,0.000000,,,,,,,,
251700,1334.9,0.000001,,,,,,,,
251800,1335.4,0.000001,,,,,,,,
251900,1336.0,0.000001,,,,,,,,
252000,1336.4,0.000001,,,,,,,,
252100,1337.0,0.000001,,,,,,,,
252200,1337.4,0.000000,,,,,,,,
252300,1338.0,0.000001,,,,,,,,
252400,1338.5,0.000001,,,,,,,,
252500,1338.9,0.000003,,,,,,,,
252600,1339.4,0.000000,,,,,,,,
252700,1339.9,0.000000,,,,,,,,
252800,1340.4,0.000000,,,,,,,,
252900,1340.9,0.000001,,,,,,,,
253000,1341.4,0.000000,,,,,,,,
253100,1342.0,0.000001,,,,,,,,
253200,1342.5,0.000001,,,,,,,,
253300,1343.0,0.000001,,,,,,,,
253400,1343.5,0.000001,,,,,,,,
253500,1344.0,0.000001,,,,,,,,
253600,1344.5,0.000000,,,,,,,,
253700,1345.0,0.000005,,,,,,,,
253800,1345.5,0.000000,,,,,,,,
253900,1346.0,0.000001,,,,,,,,
254000,1346.5,0.000001,,,,,,,,
254100,1347.1,0.000000,,,,,,,,
254200,1347.5,0.000001,,,,,,,,
254300,1348.1,0.000001,,,,,,,,
254400,1348.6,0.000001,,,,,,,,
254500,1349.1,0.000001,,,,,,,,
254600,1349.6,0.000001,,,,,,,,
254700,1350.1,0.000001,,,,,,,,
254800,1350.6,0.000000,,,,,,,,
254900,1351.1,0.000001,,,,,,,,
255000,1352.8,0.000001,0.000002,7.586903e-02,6.337519e-03,5.709994e-03,0.000000,4.186649e-02,6.375381e-03,5.868275e-03
255100,1353.0,0.000001,,,,,,,,
255200,1353.3,0.000000,,,,,,,,
255300,1353.7,0.000001,,,,,,,,
255400,1354.2,0.000001,,,,,,,,
255500,1354.8,0.000001,,,,,,,,
255600,1355.3,0.000001,,,,,,,,
255700,1355.8,0.000000,,,,,,,,
255800,1356.3,0.000000,,,,,,,,
255900,1356.8,0.000000,,,,,,,,
256000,1357.3,0.000001,,,,,,,,
256100,1357.9,0.000001,,,,,,,,
256200,1358.4,0.000001,,,,,,,,
256300,1358.9,0.000001,,,,,,,,
256400,1359.4,0.000000,,,,,,,,
256500,1359.9,0.000000,,,,,,,,
256600,1360.5,0.000000,,,,,,,,
256700,1361.0,0.000001,,,,,,,,
256800,1361.5,0.000000,,,,,,,,
256900,1362.0,0.000001,,,,,,,,
257000,1362.5,0.000003,,,,,,,,
257100,1363.0,0.000002,,,,,,,,
257200,1363.6,0.000000,,,,,,,,
257300,1364.1,0.000001,,,,,,,,
257400,1364.6,0.000000,,,,,,,,
257500,1365.1,0.000002,,,,,,,,
257600,1365.6,0.000000,,,,,,,,
257700,1366.1,0.000000,,,,,,,,
257800,1366.6,0.000001,,,,,,,,
257900,1367.1,0.000001,,,,,,,,
258000,1367.6,0.000001,,,,,,,,
258100,1368.1,0.000001,,,,,,,,
258200,1368.6,0.000001,,,,,,,,
258300,1369.1,0.000000,,,,,,,,
258400,1369.7,0.000000,,,,,,,,
258500,1370.2,0.000000,,,,,,,,
258600,1370.7,0.000000,,,,,,,,
258700,1371.2,0.000001,,,,,,,,
258800,1371.7,0.000000,,,,,,,,
258900,1372.2,0.000001,,,,,,,,
259000,1372.7,0.000000,,,,,,,,
259100,1373.3,0.000001,,,,,,,,
259200,1373.8,0.000001,,,,,,,,
259300,1374.3,0.000001,,,,,,,,
259400,1374.8,0.000001,,,,,,,,
259500,1375.3,0.000001,,,,,,,,
259600,1375.8,0.000001,,,,,,,,
259700,1376.3,0.000000,,,,,,,,
259800,1376.8,0.000001,,,,,,,,
259900,1377.3,0.000001,,,,,,,,
260000,1379.1,0.000002,0.000000,8.314836e-02,2.538410e-03,1.874590e-03,0.000000,5.697129e-02,2.426094e-03,1.836642e-03
260100,1379.3,0.000001,,,,,,,,
260200,1379.6,0.000000,,,,,,,,
260300,1379.9,0.000001,,,,,,,,
260400,1380.4,0.000000,,,,,,,,
260500,1380.9,0.000001,,,,,,,,
260600,1381.5,0.000000,,,,,,,,
260700,1382.0,0.000001,,,,,,,,
260800,1382.5,0.000000,,,,,,,,
260900,1383.1,0.000000,,,,,,,,
261000,1383.6,0.000001,,,,,,,,
261100,1384.1,0.000000,,,,,,,,
261200,1384.6,0.000001,,,,,,,,
261300,1385.1,0.000000,,,,,,,,
261400,1385.6,0.000001,,,,,,,,
261500,1386.1,0.000001,,,,,,,,
261600,1386.6,0.000001,,,,,,,,
261700,1387.2,0.000001,,,,,,,,
261800,1387.7,0.000000,,,,,,,,
261900,1388.2,0.000000,,,,,,,,
262000,1388.7,0.000002,,,,,,,,
262100,1389.2,0.000001,,,,,,,,
262200,1389.8,0.000001,,,,,,,,
262300,1390.3,0.000000,,,,,,,,
262400,1390.8,0.000000,,,,,,,,
262500,1391.3,0.000000,,,,,,,,
262600,1391.9,0.000001,,,,,,,,
262700,1392.4,0.000001,,,,,,,,
262800,1392.9,0.000000,,,,,,,,
262900,1393.4,0.000002,,,,,,,,
263000,1394.0,0.000001,,,,,,,,
263100,1394.5,0.000001,,,,,,,,
263200,1395.0,0.000002,,,,,,,,
263300,1395.6,0.000000,,,,,,,,
263400,1396.1,0.000001,,,,,,,,
263500,1396.6,0.000001,,,,,,,,
263600,1397.1,0.000000,,,,,,,,
263700,1397.6,0.000001,,,,,,,,
263800,1398.1,0.000000,,,,,,,,
263900,1398.6,0.000002,,,,,,,,
264000,1399.1,0.000000,,,,,,,,
264100,1399.6,0.000001,,,,,,,,
264200,1400.1,0.000001,,,,,,,,
264300,1400.7,0.000001,,,,,,,,
264400,1401.2,0.000000,,,,,,,,
264500,1401.7,0.000002,,,,,,,,
264600,1402.2,0.000000,,,,,,,,
264700,1402.8,0.000000,,,,,,,,
264800,1403.3,0.000001,,,,,,,,
264900,1403.8,0.000001,,,,,,,,
265000,1405.5,0.000001,0.000000,7.154627e-02,2.529836e-03,1.962535e-03,0.000000,4.307646e-02,2.461547e-03,1.927517e-03
265100,1405.8,0.000000,,,,,,,,
265200,1406.1,0.000001,,,,,,,,
265300,1406.5,0.000001,,,,,,,,
265400,1407.0,0.000000,,,,,,,,
265500,1407.5,0.000000,,,,,,,,
265600,1408.0,0.000001,,,,,,,,
265700,1408.6,0.000000,,,,,,,,
265800,1409.1,0.000001,,,,,,,,
265900,1409.6,0.000001,,,,,,,,
266000,1410.1,0.000000,,,,,,,,
266100,1410.6,0.000001,,,,,,,,
266200,1411.1,0.000001,,,,,,,,
266300,1411.6,0.000000,,,,,,,,
266400,1412.2,0.000001,,,,,,,,
266500,1412.7,0.000000,,,,,,,,
266600,1413.2,0.000001,,,,,,,,
266700,1413.8,0.000001,,,,,,,,
266800,1414.3,0.000000,,,,,,,,
266900,1414.8,0.000000,,,,,,,,
267000,1415.3,0.000000,,,,,,,,
267100,1415.8,0.000000,,,,,,,,
267200,1416.4,0.000001,,,,,,,,
267300,1416.9,0.000003,,,,,,,,
267400,1417.4,0.000000,,,,,,,,
267500,1417.9,0.000001,,,,,,,,
267600,1418.4,0.000001,,,,,,,,
267700,1418.9,0.000001,,,,,,,,
267800,1419.4,0.000000,,,,,,,,
267900,1419.9,0.000000,,,,,,,,
268000,1420.4,0.000001,,,,,,,,
268100,1421.0,0.000000,,,,,,,,
268200,1421.5,0.000000,,,,,,,,
268300,1422.0,0.000000,,,,,,,,
268400,1422.5,0.000000,,,,,,,,
268500,1423.1,0.000001,,,,,,,,
268600,1423.6,0.000000,,,,,,,,
268700,1424.1,0.000001,,,,,,,,
268800,1424.7,0.000000,,,,,,,,
268900,1425.2,0.000001,,,,,,,,
269000,1425.7,0.000000,,,,,,,,
269100,1426.2,0.000001,,,,,,,,
269200,1426.8,0.000000,,,,,,,,
269300,1427.3,0.000000,,,,,,,,
269400,1427.8,0.000001,,,,,,,,
269500,1428.3,0.000000,,,,,,,,
269600,1428.8,0.000001,,,,,,,,
269700,1429.4,0.000001,,,,,,,,
269800,1429.9,0.000000,,,,,,,,
269900,1430.4,0.000000,,,,,,,,
270000,1432.1,0.000000,0.000000,1.131649e-01,2.700793e-03,2.232923e-03,0.000000,5.357618e-02,2.633810e-03,2.220958e-03
270100,1432.3,0.000000,,,,,,,,
270200,1432.6,0.000000,,,,,,,,
270300,1433.1,0.000000,,,,,,,,
270400,1433.6,0.000001,,,,,,,,
270500,1434.1,0.000001,,,,,,,,
270600,1434.7,0.000000,,,,,,,,
270700,1435.2,0.000001,,,,,,,,
270800,1435.7,0.000000,,,,,,,,
270900,1436.2,0.000001,,,,,,,,
271000,1436.7,0.000000,,,,,,,,
271100,1437.3,0.000001,,,,,,,,
271200,1437.8,0.000000,,,,,,,,
271300,1438.3,0.000001,,,,,,,,
271400,1438.8,0.000001,,,,,,,,
271500,1439.4,0.000000,,,,,,,,
271600,1439.9,0.000001,,,,,,,,
271700,1440.4,0.000000,,,,,,,,
271800,1440.9,0.000000,,,,,,,,
271900,1441.5,0.000001,,,,,,,,
272000,1442.0,0.000001,,,,,,,,
272100,1442.5,0.000000,,,,,,,,
272200,1443.0,0.000001,,,,,,,,
272300,1443.5,0.000000,,,,,,,,
272400,1444.1,0.000001,,,,,,,,
272500,1444.6,0.000001,,,,,,,,
272600,1445.1,0.000001,,,,,,,,
272700,1445.7,0.000001,,,,,,,,
272800,1446.2,0.000001,,,,,,,,
272900,1446.7,0.000000,,,,,,,,
273000,1447.2,0.000002,,,,,,,,
273100,1447.8,0.000000,,,,,,,,
273200,1448.3,0.000001,,,,,,,,
273300,1448.8,0.000002,,,,,,,,
273400,1449.3,0.000000,,,,,,,,
273500,1449.9,0.000000,,,,,,,,
273600,1450.4,0.000000,,,,,,,,
273700,1450.9,0.000001,,,,,,,,
273800,1451.4,0.000000,,,,,,,,
273900,1452.0,0.000001,,,,,,,,
274000,1452.5,0.000000,,,,,,,,
274100,1453.0,0.000000,,,,,,,,
274200,1453.5,0.000000,,,,,,,,
274300,1454.0,0.000000,,,,,,,,
274400,1454.5,0.000000,,,,,,,,
274500,1455.1,0.000001,,,,,,,,
274600,1455.6,0.000000,,,,,,,,
274700,1456.1,0.000001,,,,,,,,
274800,1456.6,0.000000,,,,,,,,
274900,1457.1,0.000002,,,,,,,,
275000,1458.9,0.000001,0.000001,6.298418e-02,4.578695e-03,3.944258e-03,0.000000,3.666232e-02,4.670797e-03,4.041567e-03
275100,1459.1,0.000000,,,,,,,,
275200,1459.4,0.000000,,,,,,,,
275300,1459.9,0.000001,,,,,,,,
275400,1460.4,0.000000,,,,,,,,
275500,1460.9,0.000000,,,,,,,,
275600,1461.4,0.000000,,,,,,,,
275700,1461.9,0.000000,,,,,,,,
275800,1462.4,0.000000,,,,,,,,
275900,1463.0,0.000002,,,,,,,,
276000,1463.5,0.000001,,,,,,,,
276100,1464.0,0.000000,,,,,,,,
276200,1464.5,0.000001,,,,,,,,
276300,1465.0,0.000001,,,,,,,,
276400,1465.5,0.000000,,,,,,,,
276500,1466.0,0.000000,,,,,,,,
276600,1466.5,0.000000,,,,,,,,
276700,1467.1,0.000000,,,,,,,,
276800,1467.6,0.000000,,,,,,,,
276900,1468.1,0.000000,,,,,,,,
277000,1468.6,0.000002,,,,,,,,
277100,1469.2,0.000000,,,,,,,,
277200,1469.7,0.000000,,,,,,,,
277300,1470.2,0.000000,,,,,,,,
277400,1470.7,0.000000,,,,,,,,
277500,1471.2,0.000000,,,,,,,,
277600,1471.7,0.000000,,,,,,,,
277700,1472.2,0.000000,,,,,,,,
277800,1472.7,0.000000,,,,,,,,
277900,1473.3,0.000000,,,,,,,,
278000,1473.8,0.000001,,,,,,,,
278100,1474.3,0.000001,,,,,,,,
278200,1474.8,0.000001,,,,,,,,
278300,1475.3,0.000000,,,,,,,,
278400,1475.8,0.000000,,,,,,,,
278500,1476.3,0.000000,,,,,,,,
278600,1476.8,0.000001,,,,,,,,
278700,1477.3,0.000000,,,,,,,,
278800,1477.8,0.000001,,,,,,,,
278900,1478.4,0.000000,,,,,,,,
279000,1478.9,0.000001,,,,,,,,
279100,1479.4,0.000000,,,,,,,,
279200,1479.9,0.000000,,,,,,,,
279300,1480.4,0.000000,,,,,,,,
279400,1480.9,0.000000,,,,,,,,
279500,1481.4,0.000000,,,,,,,,
279600,1482.0,0.000000,,,,,,,,
279700,1482.5,0.000000,,,,,,,,
279800,1483.0,0.000000,,,,,,,,
279900,1483.5,0.000000,,,,,,,,
280000,1485.2,0.000001,0.000000,6.662100e-02,2.376423e-03,1.886010e-03,0.000000,3.573097e-02,2.271538e-03,1.830819e-03
280100,1485.4,0.000000,,,,,,,,
280200,1485.8,0.000001,,,,,,,,
280300,1486.2,0.000000,,,,,,,,
280400,1486.7,0.000000,,,,,,,,
280500,1487.2,0.000003,,,,,,,,
280600,1487.7,0.000002,,,,,,,,
280700,1488.2,0.000000,,,,,,,,
280800,1488.8,0.000000,,,,,,,,
280900,1489.2,0.000000,,,,,,,,
281000,1489.8,0.000002,,,,,,,,
281100,1490.3,0.000000,,,,,,,,
281200,1490.9,0.000001,,,,,,,,
281300,1491.4,0.000001,,,,,,,,
281400,1491.9,0.000001,,,,,,,,
281500,1492.4,0.000000,,,,,,,,
281600,1493.0,0.000000,,,,,,,,
281700,1493.5,0.000000,,,,,,,,
281800,1494.0,0.000001,,,,,,,,
281900,1494.5,0.000000,,,,,,,,
282000,1495.1,0.000000,,,,,,,,
282100,1495.6,0.000000,,,,,,,,
282200,1496.1,0.000002,,,,,,,,
282300,1496.6,0.000000,,,,,,,,
282400,1497.2,0.000001,,,,,,,,
282500,1497.7,0.000000,,,,,,,,
282600,1498.2,0.000000,,,,,,,,
282700,1498.7,0.000000,,,,,,,,
282800,1499.2,0.000001,,,,,,,,
282900,1499.8,0.000001,,,,,,,,
283000,1500.3,0.000000,,,,,,,,
283100,1500.8,0.000000,,,,,,,,
283200,1501.4,0.000001,,,,,,,,
283300,1501.9,0.000000,,,,,,,,
283400,1502.4,0.000000,,,,,,,,
283500,1503.0,0.000001,,,,,,,,
283600,1503.5,0.000000,,,,,,,,
283700,1504.0,0.000001,,,,,,,,
283800,1504.5,0.000000,,,,,,,,
283900,1505.0,0.000000,,,,,,,,
284000,1505.6,0.000000,,,,,,,,
284100,1506.1,0.000001,,,,,,,,
284200,1506.6,0.000000,,,,,,,,
284300,1507.1,0.000000,,,,,,,,
284400,1507.7,0.000000,,,,,,,,
284500,1508.2,0.000000,,,,,,,,
284600,1508.7,0.000000,,,,,,,,
284700,1509.2,0.000000,,,,,,,,
284800,1509.7,0.000000,,,,,,,,
284900,1510.2,0.000001,,,,,,,,
285000,1511.9,0.000000,0.000000,7.020509e-02,3.152902e-03,2.681376e-03,0.000000,5.044223e-02,3.128903e-03,2.694272e-03
285100,1512.2,0.000000,,,,,,,,
285200,1512.5,0.000000,,,,,,,,
285300,1512.9,0.000000,,,,,,,,
285400,1513.5,0.000001,,,,,,,,
285500,1514.0,0.000000,,,,,,,,
285600,1514.5,0.000000,,,,,,,,
285700,1515.0,0.000001,,,,,,,,
285800,1515.6,0.000001,,,,,,,,
285900,1516.1,0.000001,,,,,,,,
286000,1516.6,0.000000,,,,,,,,
286100,1517.1,0.000001,,,,,,,,
286200,1517.6,0.000000,,,,,,,,
286300,1518.1,0.000000,,,,,,,,
286400,1518.6,0.000000,,,,,,,,
286500,1519.1,0.000000,,,,,,,,
286600,1519.7,0.000000,,,,,,,,
286700,1520.2,0.000000,,,,,,,,
286800,1520.7,0.000001,,,,,,,,
286900,1521.2,0.000000,,,,,,,,
287000,1521.7,0.000001,,,,,,,,
287100,1522.2,0.000001,,,,,,,,
287200,1522.7,0.000001,,,,,,,,
287300,1523.3,0.000000,,,,,,,,
287400,1523.8,0.000001,,,,,,,,
287500,1524.3,0.000000,,,,,,,,
287600,1524.8,0.000000,,,,,,,,
287700,1525.4,0.000000,,,,,,,,
287800,1525.9,0.000000,,,,,,,,
287900,1526.4,0.000001,,,,,,,,
288000,1526.9,0.000003,,,,,,,,
288100,1527.4,0.000000,,,,,,,,
288200,1528.0,0.000000,,,,,,,,
288300,1528.5,0.000000,,,,,,,,
288400,1529.0,0.000000,,,,,,,,
288500,1529.6,0.000001,,,,,,,,
288600,1530.1,0.000000,,,,,,,,
288700,1530.6,0.000000,,,,,,,,
288800,1531.1,0.000000,,,,,,,,
288900,1531.6,0.000000,,,,,,,,
289000,1532.1,0.000000,,,,,,,,
289100,1532.6,0.000000,,,,,,,,
289200,1533.2,0.000000,,,,,,,,
289300,1533.7,0.000001,,,,,,,,
289400,1534.2,0.000001,,,,,,,,
289500,1534.7,0.000000,,,,,,,,
289600,1535.3,0.000003,,,,,,,,
289700,1535.8,0.000001,,,,,,,,
289800,1536.3,0.000000,,,,,,,,
289900,1536.8,0.000000,,,,,,,,
290000,1538.5,0.000001,0.000001,7.581754e-02,3.806370e-03,3.584973e-03,0.000000,4.405970e-02,3.774063e-03,3.603579e-03
290100,1538.8,0.000000,,,,,,,,
290200,1539.1,0.000001,,,,,,,,
290300,1539.4,0.000000,,,,,,,,
290400,1539.7,0.000000,,,,,,,,
290500,1540.1,0.000001,,,,,,,,
290600,1540.6,0.000000,,,,,,,,
290700,1541.2,0.000000,,,,,,,,
290800,1541.7,0.000001,,,,,,,,
290900,1542.2,0.000000,,,,,,,,
291000,1542.7,0.000000,,,,,,,,
291100,1543.3,0.000000,,,,,,,,
291200,1543.8,0.000000,,,,,,,,
291300,1544.3,0.000000,,,,,,,,
291400,1544.9,0.000001,,,,,,,,
291500,1545.4,0.000000,,,,,,,,
291600,1545.9,0.000000,,,,,,,,
291700,1546.4,0.000000,,,,,,,,
291800,1546.9,0.000000,,,,,,,,
291900,1547.5,0.000000,,,,,,,,
292000,1548.0,0.000000,,,,,,,,
292100,1548.5,0.000000,,,,,,,,
292200,1549.0,0.000000,,,,,,,,
292300,1549.6,0.000001,,,,,,,,
292400,1550.1,0.000000,,,,,,,,
292500,1550.6,0.000000,,,,,,,,
292600,1551.1,0.000001,,,,,,,,
292700,1551.6,0.000000,,,,,,,,
292800,1552.1,0.000000,,,,,,,,
292900,1552.7,0.000001,,,,,,,,
293000,1553.2,0.000000,,,,,,,,
293100,1553.7,0.000000,,,,,,,,
293200,1554.3,0.000000,,,,,,,,
293300,1554.8,0.000001,,,,,,,,
293400,1555.3,0.000000,,,,,,,,
293500,1555.9,0.000000,,,,,,,,
293600,1556.4,0.000000,,,,,,,,
293700,1556.9,0.000000,,,,,,,,
293800,1557.4,0.000000,,,,,,,,
293900,1557.9,0.000000,,,,,,,,
294000,1558.4,0.000000,,,,,,,,
294100,1558.9,0.000000,,,,,,,,
294200,1559.5,0.000000,,,,,,,,
294300,1560.0,0.000000,,,,,,,,
294400,1560.5,0.000000,,,,,,,,
294500,1561.0,0.000000,,,,,,,,
294600,1561.4,0.000000,,,,,,,,
294700,1561.9,0.000000,,,,,,,,
294800,1562.4,0.000000,,,,,,,,
294900,1562.9,0.000000,,,,,,,,
295000,1564.6,0.000000,0.000001,9.131159e-02,3.739796e-03,3.209738e-03,0.000000,7.310600e-02,3.655207e-03,3.184588e-03
295100,1564.8,0.000000,,,,,,,,
295200,1565.1,0.000000,,,,,,,,
295300,1565.5,0.000001,,,,,,,,
295400,1566.0,0.000000,,,,,,,,
295500,1566.6,0.000000,,,,,,,,
295600,1567.1,0.000001,,,,,,,,
295700,1567.6,0.000000,,,,,,,,
295800,1568.2,0.000000,,,,,,,,
295900,1568.7,0.000001,,,,,,,,
296000,1569.2,0.000001,,,,,,,,
296100,1569.7,0.000000,,,,,,,,
296200,1570.3,0.000000,,,,,,,,
296300,1570.8,0.000001,,,,,,,,
296400,1571.3,0.000000,,,,,,,,
296500,1571.8,0.000000,,,,,,,,
296600,1572.3,0.000000,,,,,,,,
296700,1572.9,0.000001,,,,,,,,
296800,1573.4,0.000000,,,,,,,,
296900,1573.9,0.000000,,,,,,,,
297000,1574.4,0.000000,,,,,,,,
297100,1574.9,0.000000,,,,,,,,
297200,1575.5,0.000000,,,,,,,,
297300,1576.0,0.000000,,,,,,,,
297400,1576.5,0.000001,,,,,,,,
297500,1577.0,0.000000,,,,,,,,
297600,1577.5,0.000001,,,,,,,,
297700,1578.0,0.000000,,,,,,,,
297800,1578.5,0.000000,,,,,,,,
297900,1579.0,0.000000,,,,,,,,
298000,1579.5,0.000000,,,,,,,,
298100,1580.1,0.000001,,,,,,,,
298200,1580.7,0.000002,,,,,,,,
298300,1581.2,0.000000,,,,,,,,
298400,1581.7,0.000000,,,,,,,,
298500,1582.2,0.000001,,,,,,,,
298600,1582.7,0.000000,,,,,,,,
298700,1583.3,0.000001,,,,,,,,
298800,1583.8,0.000000,,,,,,,,
298900,1584.3,0.000000,,,,,,,,
299000,1584.9,0.000000,,,,,,,,
299100,1585.4,0.000000,,,,,,,,
299200,1585.9,0.000000,,,,,,,,
299300,1586.4,0.000000,,,,,,,,
299400,1587.0,0.000000,,,,,,,,
299500,1587.4,0.000001,,,,,,,,
299600,1588.0,0.000000,,,,,,,,
299700,1588.5,0.000001,,,,,,,,
299800,1589.0,0.000000,,,,,,,,
299900,1589.5,0.000000,,,,,,,,
300000,1591.2,0.000000,0.000000,5.494756e-02,2.074307e-03,1.612975e-03,0.000000,3.985662e-02,2.019717e-03,1.587637e-03
300100,1591.5,0.000001,,,,,,,,
300200,1591.8,0.000000,,,,,,,,
300300,1592.3,0.000000,,,,,,,,
300400,1592.8,0.000000,,,,,,,,
300500,1593.3,0.000000,,,,,,,,
300600,1593.8,0.000000,,,,,,,,
300700,1594.3,0.000000,,,,,,,,
300800,1594.8,0.000001,,,,,,,,
300900,1595.4,0.000000,,,,,,,,
301000,1595.9,0.000001,,,,,,,,
301100,1596.4,0.000000,,,,,,,,
301200,1597.0,0.000001,,,,,,,,
301300,1597.5,0.000000,,,,,,,,
301400,1598.0,0.000000,,,,,,,,
301500,1598.5,0.000000,,,,,,,,
301600,1599.1,0.000000,,,,,,,,
301700,1599.6,0.000001,,,,,,,,
301800,1600.1,0.000000,,,,,,,,
301900,1600.6,0.000000,,,,,,,,
302000,1601.1,0.000000,,,,,,,,
302100,1601.7,0.000000,,,,,,,,
302200,1602.2,0.000000,,,,,,,,
302300,1602.6,0.000000,,,,,,,,
302400,1603.2,0.000000,,,,,,,,
302500,1603.7,0.000000,,,,,,,,
302600,1604.2,0.000000,,,,,,,,
302700,1604.7,0.000000,,,,,,,,
302800,1605.3,0.000000,,,,,,,,
302900,1605.8,0.000001,,,,,,,,
303000,1606.3,0.000000,,,,,,,,
303100,1606.8,0.000000,,,,,,,,
303200,1607.3,0.000000,,,,,,,,
303300,1607.8,0.000000,,,,,,,,
303400,1608.4,0.000000,,,,,,,,
303500,1608.9,0.000000,,,,,,,,
303600,1609.4,0.000000,,,,,,,,
303700,1609.9,0.000000,,,,,,,,
303800,1610.4,0.000000,,,,,,,,
303900,1611.0,0.000000,,,,,,,,
304000,1611.5,0.000000,,,,,,,,
304100,1612.0,0.000000,,,,,,,,
304200,1612.6,0.000000,,,,,,,,
304300,1613.1,0.000000,,,,,,,,
304400,1613.6,0.000000,,,,,,,,
304500,1614.1,0.000000,,,,,,,,
304600,1614.7,0.000000,,,,,,,,
304700,1615.2,0.000001,,,,,,,,
304800,1615.8,0.000000,,,,,,,,
304900,1616.3,0.000000,,,,,,,,
305000,1618.0,0.000000,0.000000,6.753034e-02,2.659151e-03,2.194367e-03,0.000000,2.944196e-02,2.619418e-03,2.188602e-03
305100,1618.2,0.000001,,,,,,,,
305200,1618.5,0.000001,,,,,,,,
305300,1618.9,0.000000,,,,,,,,
305400,1619.4,0.000000,,,,,,,,
305500,1620.0,0.000000,,,,,,,,
305600,1620.5,0.000000,,,,,,,,
305700,1621.0,0.000001,,,,,,,,
305800,1621.6,0.000000,,,,,,,,
305900,1622.1,0.000000,,,,,,,,
306000,1622.4,0.000001,,,,,,,,
306100,1622.9,0.000000,,,,,,,,
306200,1623.4,0.000000,,,,,,,,
306300,1623.9,0.000001,,,,,,,,
306400,1624.4,0.000000,,,,,,,,
306500,1625.0,0.000001,,,,,,,,
306600,1625.5,0.000000,,,,,,,,
306700,1626.1,0.000000,,,,,,,,
306800,1626.6,0.000000,,,,,,,,
306900,1627.1,0.000000,,,,,,,,
307000,1627.6,0.000000,,,,,,,,
307100,1628.2,0.000000,,,,,,,,
307200,1628.7,0.000000,,,,,,,,
307300,1629.2,0.000000,,,,,,,,
307400,1629.8,0.000000,,,,,,,,
307500,1630.3,0.000000,,,,,,,,
307600,1630.8,0.000000,,,,,,,,
307700,1631.3,0.000000,,,,,,,,
307800,1631.8,0.000000,,,,,,,,
307900,1632.4,0.000000,,,,,,,,
308000,1632.9,0.000001,,,,,,,,
308100,1633.4,0.000000,,,,,,,,
308200,1634.0,0.000000,,,,,,,,
308300,1634.5,0.000001,,,,,,,,
308400,1635.0,0.000000,,,,,,,,
308500,1635.5,0.000000,,,,,,,,
308600,1636.0,0.000001,,,,,,,,
308700,1636.5,0.000000,,,,,,,,
308800,1637.0,0.000000,,,,,,,,
308900,1637.5,0.000000,,,,,,,,
309000,1638.0,0.000000,,,,,,,,
309100,1638.5,0.000001,,,,,,,,
309200,1639.0,0.000000,,,,,,,,
309300,1639.5,0.000001,,,,,,,,
309400,1640.0,0.000000,,,,,,,,
309500,1640.6,0.000000,,,,,,,,
309600,1641.1,0.000000,,,,,,,,
309700,1641.6,0.000000,,,,,,,,
309800,1642.1,0.000000,,,,,,,,
309900,1642.6,0.000000,,,,,,,,
310000,1644.4,0.000000,0.000000,6.281991e-02,1.940555e-03,1.518539e-03,0.000000,2.905629e-02,1.859973e-03,1.478635e-03
310100,1644.6,0.000000,,,,,,,,
310200,1644.9,0.000000,,,,,,,,
310300,1645.2,0.000000,,,,,,,,
310400,1645.7,0.000000,,,,,,,,
310500,1646.2,0.000000,,,,,,,,
310600,1646.8,0.000000,,,,,,,,
310700,1647.3,0.000000,,,,,,,,
310800,1647.8,0.000000,,,,,,,,
310900,1648.3,0.000000,,,,,,,,
311000,1648.8,0.000001,,,,,,,,
311100,1649.3,0.000000,,,,,,,,
311200,1649.9,0.000000,,,,,,,,
311300,1650.4,0.000000,,,,,,,,
311400,1650.9,0.000000,,,,,,,,
311500,1651.4,0.000000,,,,,,,,
311600,1651.9,0.000000,,,,,,,,
311700,1652.4,0.000000,,,,,,,,
311800,1652.9,0.000000,,,,,,,,
311900,1653.5,0.000000,,,,,,,,
312000,1654.0,0.000000,,,,,,,,
312100,1654.5,0.000000,,,,,,,,
312200,1655.0,0.000001,,,,,,,,
312300,1655.6,0.000000,,,,,,,,
312400,1656.1,0.000000,,,,,,,,
312500,1656.6,0.000000,,,,,,,,
312600,1657.1,0.000001,,,,,,,,
312700,1657.7,0.000001,,,,,,,,
312800,1658.2,0.000000,,,,,,,,
312900,1658.7,0.000000,,,,,,,,
313000,1659.2,0.000000,,,,,,,,
313100,1659.8,0.000000,,,,,,,,
313200,1660.3,0.000000,,,,,,,,
313300,1660.8,0.000000,,,,,,,,
313400,1661.3,0.000000,,,,,,,,
313500,1661.9,0.000000,,,,,,,,
313600,1662.4,0.000000,,,,,,,,
313700,1662.9,0.000000,,,,,,,,
313800,1663.4,0.000001,,,,,,,,
313900,1664.0,0.000000,,,,,,,,
314000,1664.5,0.000000,,,,,,,,
314100,1665.0,0.000001,,,,,,,,
314200,1665.5,0.000000,,,,,,,,
314300,1666.1,0.000001,,,,,,,,
314400,1666.6,0.000000,,,,,,,,
314500,1667.1,0.000000,,,,,,,,
314600,1667.6,0.000001,,,,,,,,
314700,1668.1,0.000000,,,,,,,,
314800,1668.7,0.000000,,,,,,,,
314900,1669.2,0.000000,,,,,,,,
315000,1670.9,0.000001,0.000000,9.073108e-02,2.524651e-03,1.818519e-03,0.000000,5.069245e-02,2.404418e-03,1.784305e-03
315100,1671.2,0.000000,,,,,,,,
315200,1671.5,0.000000,,,,,,,,
315300,1671.9,0.000000,,,,,,,,
315400,1672.5,0.000001,,,,,,,,
315500,1673.0,0.000000,,,,,,,,
315600,1673.5,0.000000,,,,,,,,
315700,1674.0,0.000000,,,,,,,,
315800,1674.6,0.000001,,,,,,,,
315900,1675.1,0.000000,,,,,,,,
316000,1675.6,0.000000,,,,,,,,
316100,1676.1,0.000000,,,,,,,,
316200,1676.7,0.000001,,,,,,,,
316300,1677.2,0.000000,,,,,,,,
316400,1677.7,0.000000,,,,,,,,
316500,1678.2,0.000000,,,,,,,,
316600,1678.7,0.000000,,,,,,,,
316700,1679.3,0.000000,,,,,,,,
316800,1679.8,0.000001,,,,,,,,
316900,1680.3,0.000000,,,,,,,,
317000,1680.8,0.000001,,,,,,,,
317100,1681.3,0.000000,,,,,,,,
317200,1681.8,0.000000,,,,,,,,
317300,1682.4,0.000000,,,,,,,,
317400,1682.9,0.000000,,,,,,,,
317500,1683.3,0.000000,,,,,,,,
317600,1683.8,0.000000,,,,,,,,
317700,1684.3,0.000000,,,,,,,,
317800,1684.8,0.000000,,,,,,,,
317900,1685.4,0.000000,,,,,,,,
318000,1685.9,0.000000,,,,,,,,
318100,1686.4,0.000000,,,,,,,,
318200,1686.9,0.000000,,,,,,,,
318300,1687.5,0.000000,,,,,,,,
318400,1688.0,0.000000,,,,,,,,
318500,1688.5,0.000000,,,,,,,,
318600,1689.0,0.000001,,,,,,,,
318700,1689.6,0.000000,,,,,,,,
318800,1690.1,0.000000,,,,,,,,
318900,1690.6,0.000001,,,,,,,,
319000,1691.1,0.000001,,,,,,,,
319100,1691.6,0.000000,,,,,,,,
319200,1692.2,0.000000,,,,,,,,
319300,1692.7,0.000000,,,,,,,,
319400,1693.2,0.000001,,,,,,,,
319500,1693.7,0.000000,,,,,,,,
319600,1694.2,0.000000,,,,,,,,
319700,1694.8,0.000000,,,,,,,,
319800,1695.3,0.000000,,,,,,,,
319900,1695.8,0.000000,,,,,,,,
320000,1697.6,0.000000,0.000000,9.067197e-02,2.176395e-03,1.745597e-03,0.000000,5.167431e-02,2.073564e-03,1.693677e-03
320100,1697.8,0.000000,,,,,,,,
320200,1698.1,0.000000,,,,,,,,
320300,1698.4,0.000001,,,,,,,,
320400,1698.9,0.000000,,,,,,,,
320500,1699.4,0.000000,,,,,,,,
320600,1700.0,0.000000,,,,,,,,
320700,1700.4,0.000000,,,,,,,,
320800,1701.0,0.000000,,,,,,,,
320900,1701.5,0.000000,,,,,,,,
321000,1702.1,0.000001,,,,,,,,
321100,1702.6,0.000000,,,,,,,,
321200,1703.1,0.000000,,,,,,,,
321300,1703.6,0.000000,,,,,,,,
321400,1704.1,0.000000,,,,,,,,
321500,1704.6,0.000000,,,,,,,,
321600,1705.2,0.000000,,,,,,,,
321700,1705.7,0.000000,,,,,,,,
321800,1706.2,0.000000,,,,,,,,
321900,1706.7,0.000000,,,,,,,,
322000,1707.2,0.000000,,,,,,,,
322100,1707.8,0.000000,,,,,,,,
322200,1708.3,0.000000,,,,,,,,
322300,1708.8,0.000000,,,,,,,,
322400,1709.3,0.000000,,,,,,,,
322500,1709.9,0.000000,,,,,,,,
322600,1710.4,0.000000,,,,,,,,
322700,1710.9,0.000000,,,,,,,,
322800,1711.4,0.000000,,,,,,,,
322900,1711.9,0.000000,,,,,,,,
323000,1712.4,0.000000,,,,,,,,
323100,1713.0,0.000000,,,,,,,,
323200,1713.5,0.000000,,,,,,,,
323300,1714.0,0.000000,,,,,,,,
323400,1714.5,0.000000,,,,,,,,
323500,1715.0,0.000000,,,,,,,,
323600,1715.5,0.000000,,,,,,,,
323700,1716.0,0.000000,,,,,,,,
323800,1716.5,0.000000,,,,,,,,
323900,1717.0,0.000000,,,,,,,,
324000,1717.4,0.000000,,,,,,,,
324100,1717.9,0.000000,,,,,,,,
324200,1718.4,0.000000,,,,,,,,
324300,1718.9,0.000000,,,,,,,,
324400,1719.5,0.000000,,,,,,,,
324500,1720.0,0.000000,,,,,,,,
324600,1720.5,0.000000,,,,,,,,
324700,1721.0,0.000000,,,,,,,,
324800,1721.5,0.000000,,,,,,,,
324900,1722.1,0.000000,,,,,,,,
325000,1723.8,0.000001,0.000001,6.662435e-02,3.935724e-03,3.207594e-03,0.000013,2.634210e-02,3.832570e-03,3.139764e-03
325100,1724.0,0.000000,,,,,,,,
325200,1724.3,0.000000,,,,,,,,
325300,1724.7,0.000001,,,,,,,,
325400,1725.2,0.000000,,,,,,,,
325500,1725.8,0.000000,,,,,,,,
325600,1726.3,0.000000,,,,,,,,
325700,1726.8,0.000000,,,,,,,,
325800,1727.3,0.000000,,,,,,,,
325900,1727.8,0.000000,,,,,,,,
326000,1728.4,0.000001,,,,,,,,
326100,1728.9,0.000000,,,,,,,,
326200,1729.4,0.000000,,,,,,,,
326300,1729.9,0.000000,,,,,,,,
326400,1730.4,0.000000,,,,,,,,
326500,1730.9,0.000000,,,,,,,,
326600,1731.5,0.000000,,,,,,,,
326700,1732.0,0.000000,,,,,,,,
326800,1732.5,0.000000,,,,,,,,
326900,1733.1,0.000000,,,,,,,,
327000,1733.6,0.000001,,,,,,,,
327100,1734.1,0.000000,,,,,,,,
327200,1734.6,0.000000,,,,,,,,
327300,1735.1,0.000002,,,,,,,,
327400,1735.6,0.000000,,,,,,,,
327500,1736.2,0.000000,,,,,,,,
327600,1736.7,0.000000,,,,,,,,
327700,1737.2,0.000000,,,,,,,,
327800,1737.8,0.000000,,,,,,,,
327900,1738.3,0.000000,,,,,,,,
328000,1738.8,0.000000,,,,,,,,
328100,1739.3,0.000000,,,,,,,,
328200,1739.9,0.000000,,,,,,,,
328300,1740.4,0.000000,,,,,,,,
328400,1740.9,0.000000,,,,,,,,
328500,1741.4,0.000000,,,,,,,,
328600,1742.0,0.000000,,,,,,,,
328700,1742.5,0.000001,,,,,,,,
328800,1743.0,0.000000,,,,,,,,
328900,1743.5,0.000000,,,,,,,,
329000,1744.0,0.000000,,,,,,,,
329100,1744.5,0.000000,,,,,,,,
329200,1745.1,0.000000,,,,,,,,
329300,1745.6,0.000000,,,,,,,,
329400,1746.1,0.000000,,,,,,,,
329500,1746.6,0.000000,,,,,,,,
329600,1747.2,0.000000,,,,,,,,
329700,1747.7,0.000000,,,,,,,,
329800,1748.2,0.000001,,,,,,,,
329900,1748.7,0.000000,,,,,,,,
330000,1750.5,0.000000,0.000000,5.420012e-02,2.147090e-03,1.756052e-03,0.000000,2.985633e-02,2.070099e-03,1.721459e-03
330100,1750.7,0.000000,,,,,,,,
330200,1751.0,0.000000,,,,,,,,
330300,1751.4,0.000000,,,,,,,,
330400,1752.0,0.000000,,,,,,,,
330500,1752.5,0.000000,,,,,,,,
330600,1753.0,0.000000,,,,,,,,
330700,1753.5,0.000000,,,,,,,,
330800,1754.0,0.000000,,,,,,,,
330900,1754.6,0.000000,,,,,,,,
331000,1755.1,0.000000,,,,,,,,
331100,1755.6,0.000000,,,,,,,,
331200,1756.1,0.000000,,,,,,,,
331300,1756.7,0.000000,,,,,,,,
331400,1757.1,0.000000,,,,,,,,
331500,1757.6,0.000000,,,,,,,,
331600,1758.1,0.000000,,,,,,,,
331700,1758.7,0.000000,,,,,,,,
331800,1759.2,0.000000,,,,,,,,
331900,1759.7,0.000000,,,,,,,,
332000,1760.2,0.000000,,,,,,,,
332100,1760.7,0.000000,,,,,,,,
332200,1761.2,0.000000,,,,,,,,
332300,1761.7,0.000000,,,,,,,,
332400,1762.3,0.000000,,,,,,,,
332500,1762.8,0.000000,,,,,,,,
332600,1763.3,0.000000,,,,,,,,
332700,1763.8,0.000000,,,,,,,,
332800,1764.4,0.000000,,,,,,,,
332900,1764.9,0.000000,,,,,,,,
333000,1765.4,0.000000,,,,,,,,
333100,1766.0,0.000000,,,,,,,,
333200,1766.5,0.000000,,,,,,,,
333300,1767.0,0.000000,,,,,,,,
333400,1767.5,0.000000,,,,,,,,
333500,1768.0,0.000000,,,,,,,,
333600,1768.6,0.000000,,,,,,,,
333700,1769.1,0.000000,,,,,,,,
333800,1769.6,0.000000,,,,,,,,
333900,1770.1,0.000000,,,,,,,,
334000,1770.7,0.000000,,,,,,,,
334100,1771.2,0.000000,,,,,,,,
334200,1771.7,0.000000,,,,,,,,
334300,1772.2,0.000000,,,,,,,,
334400,1772.7,0.000000,,,,,,,,
334500,1773.2,0.000000,,,,,,,,
334600,1773.8,0.000000,,,,,,,,
334700,1774.3,0.000000,,,,,,,,
334800,1774.8,0.000000,,,,,,,,
334900,1775.3,0.000000,,,,,,,,
335000,1777.1,0.000000,0.000000,6.095063e-02,1.818268e-03,1.411521e-03,0.000000,4.342578e-02,1.744575e-03,1.372179e-03
335100,1777.3,0.000000,,,,,,,,
335200,1777.6,0.000000,,,,,,,,
335300,1778.0,0.000000,,,,,,,,
335400,1778.6,0.000000,,,,,,,,
335500,1779.1,0.000000,,,,,,,,
335600,1779.6,0.000000,,,,,,,,
335700,1780.1,0.000000,,,,,,,,
335800,1780.6,0.000000,,,,,,,,
335900,1781.2,0.000000,,,,,,,,
336000,1781.7,0.000000,,,,,,,,
336100,1782.2,0.000000,,,,,,,,
336200,1782.7,0.000000,,,,,,,,
336300,1783.3,0.000000,,,,,,,,
336400,1783.8,0.000000,,,,,,,,
336500,1784.3,0.000000,,,,,,,,
336600,1784.8,0.000000,,,,,,,,
336700,1785.3,0.000000,,,,,,,,
336800,1785.9,0.000000,,,,,,,,
336900,1786.4,0.000000,,,,,,,,
337000,1786.9,0.000000,,,,,,,,
337100,1787.4,0.000000,,,,,,,,
337200,1787.9,0.000000,,,,,,,,
337300,1788.4,0.000000,,,,,,,,
337400,1788.9,0.000000,,,,,,,,
337500,1789.4,0.000000,,,,,,,,
337600,1789.9,0.000000,,,,,,,,
337700,1790.4,0.000000,,,,,,,,
337800,1791.0,0.000000,,,,,,,,
337900,1791.5,0.000000,,,,,,,,
338000,1792.0,0.000000,,,,,,,,
338100,1792.6,0.000000,,,,,,,,
338200,1793.1,0.000000,,,,,,,,
338300,1793.6,0.000000,,,,,,,,
338400,1794.1,0.000000,,,,,,,,
338500,1794.6,0.000000,,,,,,,,
338600,1795.1,0.000000,,,,,,,,
338700,1795.7,0.000000,,,,,,,,
338800,1796.2,0.000000,,,,,,,,
338900,1796.7,0.000000,,,,,,,,
339000,1797.2,0.000000,,,,,,,,
339100,1797.8,0.000000,,,,,,,,
339200,1798.3,0.000000,,,,,,,,
339300,1798.8,0.000000,,,,,,,,
339400,1799.4,0.000000,,,,,,,,
339500,1799.9,0.000000,,,,,,,,
339600,1800.4,0.000000,,,,,,,,
339700,1800.9,0.000000,,,,,,,,
339800,1801.5,0.000000,,,,,,,,
339900,1802.0,0.000000,,,,,,,,
340000,1803.7,0.000000,0.000000,4.766316e-02,2.037517e-03,1.627100e-03,0.000000,3.058813e-02,1.976031e-03,1.587810e-03
340100,1803.9,0.000000,,,,,,,,
340200,1804.2,0.000000,,,,,,,,
340300,1804.7,0.000000,,,,,,,,
340400,1805.2,0.000000,,,,,,,,
340500,1805.4,0.000000,,,,,,,,
340600,1806.0,0.000000,,,,,,,,
340700,1806.5,0.000000,,,,,,,,
340800,1807.0,0.000000,,,,,,,,
340900,1807.5,0.000000,,,,,,,,
341000,1808.1,0.000000,,,,,,,,
341100,1808.6,0.000000,,,,,,,,
341200,1809.1,0.000000,,,,,,,,
341300,1809.6,0.000000,,,,,,,,
341400,1810.0,0.000000,,,,,,,,
341500,1810.5,0.000000,,,,,,,,
341600,1811.0,0.000000,,,,,,,,
341700,1811.5,0.000000,,,,,,,,
341800,1812.0,0.000000,,,,,,,,
341900,1812.6,0.000000,,,,,,,,
342000,1813.1,0.000000,,,,,,,,
342100,1813.6,0.000000,,,,,,,,
342200,1814.1,0.000000,,,,,,,,
342300,1814.6,0.000000,,,,,,,,
342400,1815.1,0.000000,,,,,,,,
342500,1815.7,0.000000,,,,,,,,
342600,1816.2,0.000000,,,,,,,,
342700,1816.7,0.000000,,,,,,,,
342800,1817.2,0.000000,,,,,,,,
342900,1817.7,0.000000,,,,,,,,
343000,1818.3,0.000000,,,,,,,,
343100,1818.8,0.000000,,,,,,,,
343200,1819.3,0.000000,,,,,,,,
343300,1819.7,0.000000,,,,,,,,
343400,1820.2,0.000000,,,,,,,,
343500,1820.7,0.000000,,,,,,,,
343600,1821.3,0.000000,,,,,,,,
343700,1821.8,0.000000,,,,,,,,
343800,1822.3,0.000000,,,,,,,,
343900,1822.8,0.000000,,,,,,,,
344000,1823.3,0.000000,,,,,,,,
344100,1823.8,0.000000,,,,,,,,
344200,1824.4,0.000000,,,,,,,,
344300,1824.8,0.000000,,,,,,,,
344400,1825.3,0.000000,,,,,,,,
344500,1825.8,0.000000,,,,,,,,
344600,1826.4,0.000000,,,,,,,,
344700,1826.9,0.000000,,,,,,,,
344800,1827.4,0.000000,,,,,,,,
344900,1827.9,0.000000,,,,,,,,
345000,1829.6,0.000000,0.000000,7.321234e-02,1.791880e-03,1.427655e-03,0.000000,2.867884e-02,1.724091e-03,1.397142e-03
345100,1829.9,0.000000,,,,,,,,
345200,1830.2,0.000000,,,,,,,,
345300,1830.6,0.000001,,,,,,,,
345400,1831.1,0.000000,,,,,,,,
345500,1831.6,0.000000,,,,,,,,
345600,1832.1,0.000001,,,,,,,,
345700,1832.6,0.000000,,,,,,,,
345800,1833.2,0.000001,,,,,,,,
345900,1833.7,0.000000,,,,,,,,
346000,1834.2,0.000000,,,,,,,,
346100,1834.7,0.000000,,,,,,,,
346200,1835.2,0.000001,,,,,,,,
346300,1835.8,0.000000,,,,,,,,
346400,1836.3,0.000000,,,,,,,,
346500,1836.8,0.000000,,,,,,,,
346600,1837.3,0.000000,,,,,,,,
346700,1837.8,0.000000,,,,,,,,
346800,1838.4,0.000000,,,,,,,,
346900,1838.9,0.000000,,,,,,,,
347000,1839.4,0.000000,,,,,,,,
347100,1839.9,0.000000,,,,,,,,
347200,1840.4,0.000000,,,,,,,,
347300,1840.9,0.000000,,,,,,,,
347400,1841.5,0.000000,,,,,,,,
347500,1842.0,0.000000,,,,,,,,
347600,1842.5,0.000000,,,,,,,,
347700,1843.0,0.000000,,,,,,,,
347800,1843.6,0.000000,,,,,,,,
347900,1844.1,0.000000,,,,,,,,
348000,1844.6,0.000000,,,,,,,,
348100,1845.1,0.000000,,,,,,,,
348200,1845.6,0.000000,,,,,,,,
348300,1846.1,0.000000,,,,,,,,
348400,1846.6,0.000000,,,,,,,,
348500,1847.1,0.000000,,,,,,,,
348600,1847.6,0.000000,,,,,,,,
348700,1848.1,0.000000,,,,,,,,
348800,1848.6,0.000000,,,,,,,,
348900,1849.1,0.000000,,,,,,,,
349000,1849.6,0.000000,,,,,,,,
349100,1850.2,0.000001,,,,,,,,
349200,1850.7,0.000000,,,,,,,,
349300,1851.2,0.000000,,,,,,,,
349400,1851.7,0.000000,,,,,,,,
349500,1852.2,0.000000,,,,,,,,
349600,1852.8,0.000000,,,,,,,,
349700,1853.3,0.000000,,,,,,,,
349800,1853.8,0.000000,,,,,,,,
349900,1854.3,0.000000,,,,,,,,
350000,1856.0,0.000001,0.000000,6.594438e-02,2.167159e-03,1.726816e-03,0.000000,3.236745e-02,2.142107e-03,1.726893e-03
350100,1856.3,0.000000,,,,,,,,
350200,1856.6,0.000001,,,,,,,,
350300,1857.0,0.000000,,,,,,,,
350400,1857.6,0.000000,,,,,,,,
350500,1858.1,0.000000,,,,,,,,
350600,1858.6,0.000000,,,,,,,,
350700,1859.1,0.000000,,,,,,,,
350800,1859.6,0.000000,,,,,,,,
350900,1860.1,0.000000,,,,,,,,
351000,1860.6,0.000000,,,,,,,,
351100,1861.1,0.000000,,,,,,,,
351200,1861.7,0.000000,,,,,,,,
351300,1862.2,0.000000,,,,,,,,
351400,1862.7,0.000000,,,,,,,,
351500,1863.2,0.000001,,,,,,,,
351600,1863.7,0.000000,,,,,,,,
351700,1864.2,0.000000,,,,,,,,
351800,1864.8,0.000000,,,,,,,,
351900,1865.3,0.000000,,,,,,,,
352000,1865.9,0.000000,,,,,,,,
352100,1866.3,0.000000,,,,,,,,
352200,1866.7,0.000000,,,,,,,,
352300,1867.3,0.000000,,,,,,,,
352400,1867.8,0.000000,,,,,,,,
352500,1868.3,0.000000,,,,,,,,
352600,1868.8,0.000000,,,,,,,,
352700,1869.3,0.000000,,,,,,,,
352800,1869.8,0.000000,,,,,,,,
352900,1870.4,0.000000,,,,,,,,
353000,1870.9,0.000000,,,,,,,,
353100,1871.4,0.000000,,,,,,,,
353200,1871.9,0.000000,,,,,,,,
353300,1872.5,0.000000,,,,,,,,
353400,1873.0,0.000000,,,,,,,,
353500,1873.5,0.000000,,,,,,,,
353600,1874.0,0.000000,,,,,,,,
353700,1874.6,0.000000,,,,,,,,
353800,1875.1,0.000000,,,,,,,,
353900,1875.6,0.000000,,,,,,,,
354000,1876.1,0.000000,,,,,,,,
354100,1876.7,0.000000,,,,,,,,
354200,1877.2,0.000000,,,,,,,,
354300,1877.7,0.000000,,,,,,,,
354400,1878.2,0.000000,,,,,,,,
354500,1878.7,0.000000,,,,,,,,
354600,1879.2,0.000000,,,,,,,,
354700,1879.8,0.000000,,,,,,,,
354800,1880.3,0.000000,,,,,,,,
354900,1880.8,0.000000,,,,,,,,
355000,1882.5,0.000000,0.000000,6.725426e-02,1.926958e-03,1.563517e-03,0.000000,3.238509e-02,1.870758e-03,1.542429e-03
355100,1882.7,0.000000,,,,,,,,
355200,1883.0,0.000000,,,,,,,,
355300,1883.4,0.000000,,,,,,,,
355400,1883.9,0.000000,,,,,,,,
355500,1884.5,0.000000,,,,,,,,
355600,1885.0,0.000000,,,,,,,,
355700,1885.5,0.000000,,,,,,,,
355800,1886.0,0.000000,,,,,,,,
355900,1886.5,0.000000,,,,,,,,
356000,1887.1,0.000001,,,,,,,,
356100,1887.6,0.000000,,,,,,,,
356200,1888.1,0.000000,,,,,,,,
356300,1888.6,0.000000,,,,,,,,
356400,1889.2,0.000000,,,,,,,,
356500,1889.7,0.000000,,,,,,,,
356600,1890.2,0.000001,,,,,,,,
356700,1890.7,0.000000,,,,,,,,
356800,1891.3,0.000000,,,,,,,,
356900,1891.8,0.000000,,,,,,,,
357000,1892.3,0.000000,,,,,,,,
357100,1892.8,0.000000,,,,,,,,
357200,1893.3,0.000000,,,,,,,,
357300,1893.8,0.000000,,,,,,,,
357400,1894.4,0.000000,,,,,,,,
357500,1894.9,0.000000,,,,,,,,
357600,1895.4,0.000000,,,,,,,,
357700,1896.0,0.000000,,,,,,,,
357800,1896.5,0.000000,,,,,,,,
357900,1897.0,0.000000,,,,,,,,
358000,1897.5,0.000000,,,,,,,,
358100,1898.0,0.000000,,,,,,,,
358200,1898.6,0.000000,,,,,,,,
358300,1899.1,0.000000,,,,,,,,
358400,1899.6,0.000000,,,,,,,,
358500,1900.2,0.000000,,,,,,,,
358600,1900.7,0.000000,,,,,,,,
358700,1901.2,0.000000,,,,,,,,
358800,1901.7,0.000000,,,,,,,,
358900,1902.3,0.000000,,,,,,,,
359000,1902.8,0.000000,,,,,,,,
359100,1903.3,0.000000,,,,,,,,
359200,1903.9,0.000000,,,,,,,,
359300,1904.4,0.000000,,,,,,,,
359400,1905.0,0.000000,,,,,,,,
359500,1905.5,0.000000,,,,,,,,
359600,1906.0,0.000000,,,,,,,,
359700,1906.5,0.000000,,,,,,,,
359800,1907.1,0.000000,,,,,,,,
359900,1907.5,0.000000,,,,,,,,
360000,1909.2,0.000000,0.000000,5.660338e-02,1.699150e-03,1.344969e-03,0.000000,2.857990e-02,1.626713e-03,1.305235e-03
360100,1909.5,0.000000,,,,,,,,
360200,1909.8,0.000000,,,,,,,,
360300,1910.2,0.000000,,,,,,,,
360400,1910.8,0.000000,,,,,,,,
360500,1911.3,0.000000,,,,,,,,
360600,1911.8,0.000000,,,,,,,,
360700,1912.3,0.000000,,,,,,,,
360800,1912.8,0.000000,,,,,,,,
360900,1913.4,0.000000,,,,,,,,
361000,1913.9,0.000000,,,,,,,,
361100,1914.4,0.000000,,,,,,,,
361200,1914.9,0.000000,,,,,,,,
361300,1915.5,0.000000,,,,,,,,
361400,1916.0,0.000000,,,,,,,,
361500,1916.5,0.000000,,,,,,,,
361600,1917.0,0.000000,,,,,,,,
361700,1917.5,0.000000,,,,,,,,
361800,1918.1,0.000000,,,,,,,,
361900,1918.6,0.000000,,,,,,,,
362000,1919.1,0.000000,,,,,,,,
362100,1919.6,0.000000,,,,,,,,
362200,1920.1,0.000000,,,,,,,,
362300,1920.6,0.000000,,,,,,,,
362400,1921.2,0.000000,,,,,,,,
362500,1921.7,0.000000,,,,,,,,
362600,1922.2,0.000000,,,,,,,,
362700,1922.7,0.000000,,,,,,,,
362800,1923.3,0.000000,,,,,,,,
362900,1923.8,0.000000,,,,,,,,
363000,1924.3,0.000000,,,,,,,,
363100,1924.8,0.000000,,,,,,,,
363200,1925.3,0.000000,,,,,,,,
363300,1925.9,0.000000,,,,,,,,
363400,1926.4,0.000000,,,,,,,,
363500,1926.9,0.000000,,,,,,,,
363600,1927.3,0.000000,,,,,,,,
363700,1927.8,0.000000,,,,,,,,
363800,1928.3,0.000000,,,,,,,,
363900,1928.8,0.000000,,,,,,,,
364000,1929.4,0.000000,,,,,,,,
364100,1929.9,0.000000,,,,,,,,
364200,1930.4,0.000000,,,,,,,,
364300,1930.9,0.000000,,,,,,,,
364400,1931.5,0.000000,,,,,,,,
364500,1932.0,0.000000,,,,,,,,
364600,1932.5,0.000000,,,,,,,,
364700,1933.0,0.000000,,,,,,,,
364800,1933.5,0.000000,,,,,,,,
364900,1934.1,0.000000,,,,,,,,
365000,1935.8,0.000000,0.000000,4.943080e-02,1.710464e-03,1.359659e-03,0.000000,3.525947e-02,1.649844e-03,1.341807e-03
365100,1936.0,0.000000,,,,,,,,
365200,1936.3,0.000000,,,,,,,,
365300,1936.7,0.000000,,,,,,,,
365400,1937.2,0.000000,,,,,,,,
365500,1937.7,0.000000,,,,,,,,
365600,1938.2,0.000000,,,,,,,,
365700,1938.8,0.000000,,,,,,,,
365800,1939.3,0.000000,,,,,,,,
365900,1939.8,0.000000,,,,,,,,
366000,1940.3,0.000000,,,,,,,,
366100,1940.9,0.000000,,,,,,,,
366200,1941.4,0.000000,,,,,,,,
366300,1942.0,0.000000,,,,,,,,
366400,1942.5,0.000000,,,,,,,,
366500,1943.0,0.000000,,,,,,,,
366600,1943.5,0.000000,,,,,,,,
366700,1944.0,0.000000,,,,,,,,
366800,1944.5,0.000000,,,,,,,,
366900,1945.0,0.000000,,,,,,,,
367000,1945.5,0.000000,,,,,,,,
367100,1946.1,0.000000,,,,,,,,
367200,1946.6,0.000000,,,,,,,,
367300,1947.1,0.000000,,,,,,,,
367400,1947.6,0.000000,,,,,,,,
367500,1948.2,0.000000,,,,,,,,
367600,1948.7,0.000001,,,,,,,,
367700,1949.2,0.000000,,,,,,,,
367800,1949.8,0.000000,,,,,,,,
367900,1950.2,0.000000,,,,,,,,
368000,1950.7,0.000000,,,,,,,,
368100,1951.3,0.000000,,,,,,,,
368200,1951.8,0.000000,,,,,,,,
368300,1952.3,0.000000,,,,,,,,
368400,1952.8,0.000000,,,,,,,,
368500,1953.4,0.000000,,,,,,,,
368600,1953.9,0.000000,,,,,,,,
368700,1954.4,0.000000,,,,,,,,
368800,1954.9,0.000000,,,,,,,,
368900,1955.5,0.000000,,,,,,,,
369000,1956.0,0.000000,,,,,,,,
369100,1956.5,0.000000,,,,,,,,
369200,1957.0,0.000000,,,,,,,,
369300,1957.6,0.000000,,,,,,,,
369400,1958.1,0.000000,,,,,,,,
369500,1958.6,0.000000,,,,,,,,
369600,1959.1,0.000000,,,,,,,,
369700,1959.6,0.000000,,,,,,,,
369800,1960.2,0.000000,,,,,,,,
369900,1960.7,0.000000,,,,,,,,
370000,1962.4,0.000000,0.000000,4.820883e-02,1.632839e-03,1.289858e-03,0.000000,3.313706e-02,1.566190e-03,1.257178e-03
370100,1962.6,0.000000,,,,,,,,
370200,1962.9,0.000000,,,,,,,,
370300,1963.3,0.000000,,,,,,,,
370400,1963.9,0.000000,,,,,,,,
370500,1964.4,0.000000,,,,,,,,
370600,1964.9,0.000000,,,,,,,,
370700,1965.4,0.000000,,,,,,,,
370800,1966.0,0.000000,,,,,,,,
370900,1966.5,0.000000,,,,,,,,
371000,1967.0,0.000000,,,,,,,,
371100,1967.5,0.000000,,,,,,,,
371200,1968.0,0.000000,,,,,,,,
371300,1968.5,0.000000,,,,,,,,
371400,1969.0,0.000000,,,,,,,,
371500,1969.5,0.000000,,,,,,,,
371600,1970.1,0.000000,,,,,,,,
371700,1970.6,0.000000,,,,,,,,
371800,1971.1,0.000000,,,,,,,,
371900,1971.6,0.000000,,,,,,,,
372000,1972.2,0.000000,,,,,,,,
372100,1972.7,0.000000,,,,,,,,
372200,1973.2,0.000000,,,,,,,,
372300,1973.7,0.000000,,,,,,,,
372400,1974.2,0.000000,,,,,,,,
372500,1974.7,0.000000,,,,,,,,
372600,1975.2,0.000000,,,,,,,,
372700,1975.7,0.000000,,,,,,,,
372800,1976.2,0.000000,,,,,,,,
372900,1976.8,0.000000,,,,,,,,
373000,1977.3,0.000000,,,,,,,,
373100,1977.8,0.000000,,,,,,,,
373200,1978.3,0.000000,,,,,,,,
373300,1978.8,0.000000,,,,,,,,
373400,1979.4,0.000000,,,,,,,,
373500,1979.9,0.000000,,,,,,,,
373600,1980.4,0.000000,,,,,,,,
373700,1980.9,0.000000,,,,,,,,
373800,1981.4,0.000000,,,,,,,,
373900,1981.9,0.000000,,,,,,,,
374000,1982.4,0.000000,,,,,,,,
374100,1983.0,0.000000,,,,,,,,
374200,1983.4,0.000000,,,,,,,,
374300,1983.9,0.000000,,,,,,,,
374400,1984.4,0.000000,,,,,,,,
374500,1985.0,0.000000,,,,,,,,
374600,1985.5,0.000000,,,,,,,,
374700,1986.0,0.000000,,,,,,,,
374800,1986.5,0.000000,,,,,,,,
374900,1987.0,0.000000,,,,,,,,
375000,1988.7,0.000000,0.000000,7.513017e-02,1.799215e-03,1.391568e-03,0.000000,2.336661e-02,1.745880e-03,1.356764e-03
375100,1989.0,0.000000,,,,,,,,
375200,1989.2,0.000000,,,,,,,,
375300,1989.5,0.000000,,,,,,,,
375400,1990.0,0.000000,,,,,,,,
375500,1990.5,0.000000,,,,,,,,
375600,1991.0,0.000000,,,,,,,,
375700,1991.5,0.000000,,,,,,,,
375800,1992.1,0.000000,,,,,,,,
375900,1992.6,0.000000,,,,,,,,
376000,1993.1,0.000000,,,,,,,,
376100,1993.6,0.000000,,,,,,,,
376200,1994.1,0.000000,,,,,,,,
376300,1994.6,0.000000,,,,,,,,
376400,1995.1,0.000000,,,,,,,,
376500,1995.6,0.000000,,,,,,,,
376600,1996.1,0.000000,,,,,,,,
376700,1996.6,0.000000,,,,,,,,
376800,1997.1,0.000000,,,,,,,,
376900,1997.7,0.000000,,,,,,,,
377000,1998.2,0.000000,,,,,,,,
377100,1998.7,0.000000,,,,,,,,
377200,1999.2,0.000000,,,,,,,,
377300,1999.6,0.000000,,,,,,,,
377400,2000.2,0.000000,,,,,,,,
377500,2000.7,0.000000,,,,,,,,
377600,2001.2,0.000000,,,,,,,,
377700,2001.8,0.000000,,,,,,,,
377800,2002.2,0.000000,,,,,,,,
377900,2002.8,0.000000,,,,,,,,
378000,2003.3,0.000000,,,,,,,,
378100,2003.9,0.000000,,,,,,,,
378200,2004.4,0.000000,,,,,,,,
378300,2004.9,0.000000,,,,,,,,
378400,2005.4,0.000000,,,,,,,,
378500,2005.9,0.000000,,,,,,,,
378600,2006.5,0.000000,,,,,,,,
378700,2007.0,0.000000,,,,,,,,
378800,2007.5,0.000000,,,,,,,,
378900,2008.0,0.000000,,,,,,,,
379000,2008.5,0.000000,,,,,,,,
379100,2009.0,0.000000,,,,,,,,
379200,2009.5,0.000000,,,,,,,,
379300,2010.0,0.000000,,,,,,,,
379400,2010.6,0.000000,,,,,,,,
379500,2011.1,0.000000,,,,,,,,
379600,2011.6,0.000000,,,,,,,,
379700,2012.2,0.000000,,,,,,,,
379800,2012.7,0.000000,,,,,,,,
379900,2013.2,0.000000,,,,,,,,
380000,2014.9,0.000000,0.000000,6.035061e-02,1.581919e-03,1.223980e-03,0.000000,2.769703e-02,1.508535e-03,1.184338e-03
380100,2015.1,0.000000,,,,,,,,
380200,2015.4,0.000000,,,,,,,,
380300,2015.8,0.000000,,,,,,,,
380400,2016.3,0.000000,,,,,,,,
380500,2016.8,0.000000,,,,,,,,
380600,2017.3,0.000000,,,,,,,,
380700,2017.9,0.000000,,,,,,,,
380800,2018.3,0.000000,,,,,,,,
380900,2018.9,0.000000,,,,,,,,
381000,2019.4,0.000000,,,,,,,,
381100,2019.9,0.000000,,,,,,,,
381200,2020.4,0.000000,,,,,,,,
381300,2020.9,0.000000,,,,,,,,
381400,2021.5,0.000000,,,,,,,,
381500,2022.0,0.000000,,,,,,,,
381600,2022.5,0.000000,,,,,,,,
381700,2023.0,0.000000,,,,,,,,
381800,2023.6,0.000000,,,,,,,,
381900,2024.1,0.000000,,,,,,,,
382000,2024.6,0.000000,,,,,,,,
382100,2025.1,0.000000,,,,,,,,
382200,2025.6,0.000000,,,,,,,,
382300,2026.2,0.000000,,,,,,,,
382400,2026.7,0.000000,,,,,,,,
382500,2027.2,0.000000,,,,,,,,
382600,2027.7,0.000000,,,,,,,,
382700,2028.2,0.000000,,,,,,,,
382800,2028.7,0.000000,,,,,,,,
382900,2029.3,0.000000,,,,,,,,
383000,2029.8,0.000000,,,,,,,,
383100,2030.3,0.000000,,,,,,,,
383200,2030.8,0.000000,,,,,,,,
383300,2031.3,0.000000,,,,,,,,
383400,2031.8,0.000000,,,,,,,,
383500,2032.3,0.000000,,,,,,,,
383600,2032.8,0.000000,,,,,,,,
383700,2033.4,0.000000,,,,,,,,
383800,2033.9,0.000000,,,,,,,,
383900,2034.4,0.000000,,,,,,,,
384000,2034.9,0.000000,,,,,,,,
384100,2035.5,0.000000,,,,,,,,
384200,2036.0,0.000000,,,,,,,,
384300,2036.6,0.000000,,,,,,,,
384400,2037.1,0.000000,,,,,,,,
384500,2037.6,0.000000,,,,,,,,
384600,2038.2,0.000000,,,,,,,,
384700,2038.7,0.000000,,,,,,,,
384800,2039.2,0.000000,,,,,,,,
384900,2039.8,0.000000,,,,,,,,
385000,2041.5,0.000000,0.000000,6.252665e-02,1.527501e-03,1.176142e-03,0.000000,2.530263e-02,1.464935e-03,1.143987e-03
385100,2041.7,0.000000,,,,,,,,
385200,2042.0,0.000000,,,,,,,,
385300,2042.5,0.000000,,,,,,,,
385400,2043.0,0.000000,,,,,,,,
385500,2043.5,0.000000,,,,,,,,
385600,2044.0,0.000000,,,,,,,,
385700,2044.5,0.000000,,,,,,,,
385800,2045.0,0.000000,,,,,,,,
385900,2045.6,0.000000,,,,,,,,
386000,2046.1,0.000000,,,,,,,,
386100,2046.6,0.000000,,,,,,,,
386200,2047.1,0.000000,,,,,,,,
386300,2047.6,0.000000,,,,,,,,
386400,2048.2,0.000001,,,,,,,,
386500,2048.7,0.000001,,,,,,,,
386600,2049.2,0.000000,,,,,,,,
386700,2049.8,0.000000,,,,,,,,
386800,2050.3,0.000000,,,,,,,,
386900,2050.8,0.000000,,,,,,,,
387000,2051.3,0.000000,,,,,,,,
387100,2051.8,0.000000,,,,,,,,
387200,2052.4,0.000000,,,,,,,,
387300,2052.9,0.000000,,,,,,,,
387400,2053.5,0.000000,,,,,,,,
387500,2054.0,0.000000,,,,,,,,
387600,2054.5,0.000000,,,,,,,,
387700,2055.1,0.000000,,,,,,,,
387800,2055.6,0.000000,,,,,,,,
387900,2056.1,0.000000,,,,,,,,
388000,2056.6,0.000000,,,,,,,,
388100,2057.1,0.000000,,,,,,,,
388200,2057.7,0.000000,,,,,,,,
388300,2058.1,0.000000,,,,,,,,
388400,2058.7,0.000000,,,,,,,,
388500,2059.2,0.000000,,,,,,,,
388600,2059.6,0.000000,,,,,,,,
388700,2060.2,0.000000,,,,,,,,
388800,2060.7,0.000000,,,,,,,,
388900,2061.2,0.000000,,,,,,,,
389000,2061.7,0.000000,,,,,,,,
389100,2062.2,0.000000,,,,,,,,
389200,2062.7,0.000000,,,,,,,,
389300,2063.3,0.000000,,,,,,,,
389400,2063.8,0.000000,,,,,,,,
389500,2064.3,0.000000,,,,,,,,
389600,2064.8,0.000000,,,,,,,,
389700,2065.3,0.000000,,,,,,,,
389800,2065.9,0.000000,,,,,,,,
389900,2066.4,0.000000,,,,,,,,
390000,2068.1,0.000000,0.000000,6.554503e-02,1.493271e-03,1.145552e-03,0.000000,2.353258e-02,1.424786e-03,1.109192e-03
390100,2068.4,0.000000,,,,,,,,
390200,2068.7,0.000000,,,,,,,,
390300,2069.2,0.000000,,,,,,,,
390400,2069.7,0.000000,,,,,,,,
390500,2070.2,0.000000,,,,,,,,
390600,2070.7,0.000000,,,,,,,,
390700,2071.2,0.000000,,,,,,,,
390800,2071.7,0.000000,,,,,,,,
390900,2072.2,0.000000,,,,,,,,
391000,2072.7,0.000000,,,,,,,,
391100,2073.2,0.000000,,,,,,,,
391200,2073.7,0.000000,,,,,,,,
391300,2074.2,0.000000,,,,,,,,
391400,2074.8,0.000000,,,,,,,,
391500,2075.3,0.000000,,,,,,,,
391600,2075.8,0.000000,,,,,,,,
391700,2076.3,0.000000,,,,,,,,
391800,2076.8,0.000000,,,,,,,,
391900,2077.4,0.000000,,,,,,,,
392000,2077.9,0.000000,,,,,,,,
392100,2078.4,0.000000,,,,,,,,
392200,2078.9,0.000000,,,,,,,,
392300,2079.5,0.000000,,,,,,,,
392400,2080.0,0.000000,,,,,,,,
392500,2080.5,0.000000,,,,,,,,
392600,2081.0,0.000000,,,,,,,,
392700,2081.5,0.000000,,,,,,,,
392800,2082.0,0.000000,,,,,,,,
392900,2082.6,0.000000,,,,,,,,
393000,2083.1,0.000000,,,,,,,,
393100,2083.6,0.000000,,,,,,,,
393200,2084.2,0.000000,,,,,,,,
393300,2084.7,0.000000,,,,,,,,
393400,2085.2,0.000000,,,,,,,,
393500,2085.7,0.000000,,,,,,,,
393600,2086.3,0.000000,,,,,,,,
393700,2086.8,0.000000,,,,,,,,
393800,2087.3,0.000000,,,,,,,,
393900,2087.8,0.000000,,,,,,,,
394000,2088.3,0.000000,,,,,,,,
394100,2088.8,0.000000,,,,,,,,
394200,2089.4,0.000000,,,,,,,,
394300,2089.9,0.000000,,,,,,,,
394400,2090.4,0.000000,,,,,,,,
394500,2090.9,0.000000,,,,,,,,
394600,2091.4,0.000000,,,,,,,,
394700,2092.0,0.000000,,,,,,,,
394800,2092.5,0.000000,,,,,,,,
394900,2093.0,0.000000,,,,,,,,
395000,2094.8,0.000000,0.000000,5.957289e-02,1.496924e-03,1.146053e-03,0.000000,2.736805e-02,1.431534e-03,1.113778e-03
395100,2095.0,0.000000,,,,,,,,
395200,2095.3,0.000000,,,,,,,,
395300,2095.8,0.000000,,,,,,,,
395400,2096.3,0.000000,,,,,,,,
395500,2096.8,0.000000,,,,,,,,
395600,2097.4,0.000000,,,,,,,,
395700,2097.9,0.000000,,,,,,,,
395800,2098.4,0.000000,,,,,,,,
395900,2099.0,0.000000,,,,,,,,
396000,2099.5,0.000000,,,,,,,,
396100,2100.0,0.000000,,,,,,,,
396200,2100.5,0.000000,,,,,,,,
396300,2101.0,0.000000,,,,,,,,
396400,2101.5,0.000000,,,,,,,,
396500,2102.0,0.000000,,,,,,,,
396600,2102.6,0.000000,,,,,,,,
396700,2103.1,0.000000,,,,,,,,
396800,2103.6,0.000000,,,,,,,,
396900,2104.1,0.000000,,,,,,,,
397000,2104.6,0.000000,,,,,,,,
397100,2105.1,0.000000,,,,,,,,
397200,2105.6,0.000000,,,,,,,,
397300,2106.1,0.000000,,,,,,,,
397400,2106.6,0.000000,,,,,,,,
397500,2107.2,0.000000,,,,,,,,
397600,2107.7,0.000000,,,,,,,,
397700,2108.2,0.000000,,,,,,,,
397800,2108.7,0.000000,,,,,,,,
397900,2109.2,0.000000,,,,,,,,
398000,2109.8,0.000000,,,,,,,,
398100,2110.2,0.000000,,,,,,,,
398200,2110.6,0.000000,,,,,,,,
398300,2111.2,0.000000,,,,,,,,
398400,2111.7,0.000000,,,,,,,,
398500,2112.2,0.000000,,,,,,,,
398600,2112.7,0.000000,,,,,,,,
398700,2113.2,0.000000,,,,,,,,
398800,2113.7,0.000000,,,,,,,,
398900,2114.3,0.000000,,,,,,,,
399000,2114.8,0.000000,,,,,,,,
399100,2115.3,0.000000,,,,,,,,
399200,2115.8,0.000000,,,,,,,,
399300,2116.3,0.000000,,,,,,,,
399400,2116.9,0.000000,,,,,,,,
399500,2117.4,0.000000,,,,,,,,
399600,2117.9,0.000000,,,,,,,,
399700,2118.4,0.000000,,,,,,,,
399800,2118.9,0.000000,,,,,,,,
399900,2119.4,0.000000,,,,,,,,
400000,2121.1,0.000000,0.000000,5.800862e-02,1.481861e-03,1.135323e-03,0.000000,2.694128e-02,1.415431e-03,1.101884e-03
