step,elapsed_s,train_loss,eval_loss,max_abs_err,mean_abs_err,median_abs_err,frac_under_boyd,max_abs_err_bulk,mean_abs_err_bulk,median_abs_err_bulk
100,0.5,0.311498,,,,,,,,
200,0.9,0.237788,,,,,,,,
300,1.4,0.180887,,,,,,,,
400,2.0,0.108266,,,,,,,,
500,2.6,0.108249,,,,,,,,
600,3.2,0.105652,,,,,,,,
700,3.7,0.098897,,,,,,,,
800,4.3,0.004746,,,,,,,,
900,4.9,0.003393,,,,,,,,
1000,5.4,0.002175,,,,,,,,
1100,6.0,0.002548,,,,,,,,
1200,6.6,0.001507,,,,,,,,
1300,7.2,0.001468,,,,,,,,
1400,7.7,0.001688,,,,,,,,
1500,8.3,0.001345,,,,,,,,
1600,8.9,0.001906,,,,,,,,
1700,9.5,0.001069,,,,,,,,
1800,10.0,0.001600,,,,,,,,
1900,10.6,0.001336,,,,,,,,
2000,11.2,0.001066,,,,,,,,
2100,11.7,0.000993,,,,,,,,
2200,12.3,0.001601,,,,,,,,
2300,12.9,0.001571,,,,,,,,
2400,13.5,0.001038,,,,,,,,
2500,14.1,0.000495,,,,,,,,
2600,14.7,0.000666,,,,,,,,
2700,15.2,0.000400,,,,,,,,
2800,15.8,0.000338,,,,,,,,
2900,16.4,0.000712,,,,,,,,
3000,17.0,0.000377,,,,,,,,
3100,17.6,0.000257,,,,,,,,
3200,18.1,0.000290,,,,,,,,
3300,18.7,0.000235,,,,,,,,
3400,19.2,0.000151,,,,,,,,
3500,19.8,0.000233,,,,,,,,
3600,20.4,0.000154,,,,,,,,
3700,21.0,0.000223,,,,,,,,
3800,21.5,0.000169,,,,,,,,
3900,22.1,0.000137,,,,,,,,
4000,22.7,0.000196,,,,,,,,
4100,23.2,0.000107,,,,,,,,
4200,23.8,0.000104,,,,,,,,
4300,24.4,0.000127,,,,,,,,
4400,25.0,0.000086,,,,,,,,
4500,25.5,0.000092,,,,,,,,
4600,26.1,0.000110,,,,,,,,
4700,26.7,0.000125,,,,,,,,
4800,27.2,0.000074,,,,,,,,
4900,27.8,0.000093,,,,,,,,
5000,28.7,0.000113,0.000119,4.155940e-01,5.131479e-02,3.872761e-02,0.000000,3.363951e-01,4.990840e-02,3.700998e-02
5100,28.9,0.000103,,,,,,,,
5200,29.3,0.000152,,,,,,,,
5300,29.8,0.000167,,,,,,,,
5400,30.4,0.000086,,,,,,,,
5500,31.0,0.000074,,,,,,,,
5600,31.5,0.000063,,,,,,,,
5700,32.1,0.000080,,,,,,,,
5800,32.7,0.000054,,,,,,,,
5900,33.3,0.000068,,,,,,,,
6000,33.9,0.000083,,,,,,,,
6100,34.4,0.000175,,,,,,,,
6200,35.0,0.000079,,,,,,,,
6300,35.6,0.000075,,,,,,,,
6400,36.2,0.000057,,,,,,,,
6500,36.8,0.000081,,,,,,,,
6600,37.3,0.000068,,,,,,,,
6700,37.9,0.000083,,,,,,,,
6800,38.5,0.000068,,,,,,,,
6900,39.1,0.000094,,,,,,,,
7000,39.7,0.000193,,,,,,,,
7100,40.3,0.000106,,,,,,,,
7200,40.9,0.000060,,,,,,,,
7300,41.5,0.000071,,,,,,,,
7400,42.0,0.000145,,,,,,,,
7500,42.6,0.000049,,,,,,,,
7600,43.2,0.000117,,,,,,,,
7700,43.7,0.000081,,,,,,,,
7800,44.3,0.000129,,,,,,,,
7900,44.9,0.000056,,,,,,,,
8000,45.5,0.000087,,,,,,,,
8100,46.0,0.000093,,,,,,,,
8200,46.6,0.000052,,,,,,,,
8300,47.2,0.000045,,,,,,,,
8400,47.7,0.000049,,,,,,,,
8500,48.3,0.000087,,,,,,,,
8600,48.9,0.000092,,,,,,,,
8700,49.5,0.000094,,,,,,,,
8800,50.1,0.000042,,,,,,,,
8900,50.7,0.000053,,,,,,,,
9000,51.2,0.000084,,,,,,,,
9100,51.8,0.000109,,,,,,,,
9200,52.4,0.000052,,,,,,,,
9300,52.9,0.000067,,,,,,,,
9400,53.5,0.000064,,,,,,,,
9500,54.1,0.000040,,,,,,,,
9600,54.7,0.000096,,,,,,,,
9700,55.3,0.000035,,,,,,,,
9800,55.8,0.000030,,,,,,,,
9900,56.4,0.000051,,,,,,,,
10000,57.2,0.000109,0.000073,4.011401e-01,4.163593e-02,3.433083e-02,0.000000,2.672870e-01,4.141702e-02,3.437617e-02
10100,57.5,0.000051,,,,,,,,
10200,58.1,0.000035,,,,,,,,
10300,58.7,0.000044,,,,,,,,
10400,59.3,0.000038,,,,,,,,
10500,59.9,0.000037,,,,,,,,
10600,60.5,0.000055,,,,,,,,
10700,61.1,0.000032,,,,,,,,
10800,61.6,0.000051,,,,,,,,
10900,62.2,0.000025,,,,,,,,
11000,62.8,0.000042,,,,,,,,
11100,63.4,0.000036,,,,,,,,
11200,64.0,0.000047,,,,,,,,
11300,64.6,0.000037,,,,,,,,
11400,65.2,0.000093,,,,,,,,
11500,65.7,0.000032,,,,,,,,
11600,66.3,0.000073,,,,,,,,
11700,66.9,0.000027,,,,,,,,
11800,67.5,0.000025,,,,,,,,
11900,68.1,0.000047,,,,,,,,
12000,68.7,0.000031,,,,,,,,
12100,69.2,0.000028,,,,,,,,
12200,69.8,0.000037,,,,,,,,
12300,70.4,0.000030,,,,,,,,
12400,71.0,0.000040,,,,,,,,
12500,71.5,0.000032,,,,,,,,
12600,72.1,0.000036,,,,,,,,
12700,72.7,0.000042,,,,,,,,
12800,73.3,0.000023,,,,,,,,
12900,73.9,0.000081,,,,,,,,
13000,74.5,0.000039,,,,,,,,
13100,75.0,0.000036,,,,,,,,
13200,75.7,0.000022,,,,,,,,
13300,76.3,0.000040,,,,,,,,
13400,76.8,0.000037,,,,,,,,
13500,77.4,0.000028,,,,,,,,
13600,78.0,0.000024,,,,,,,,
13700,78.6,0.000026,,,,,,,,
13800,79.2,0.000056,,,,,,,,
13900,79.8,0.000023,,,,,,,,
14000,80.4,0.000017,,,,,,,,
14100,81.0,0.000029,,,,,,,,
14200,81.6,0.000044,,,,,,,,
14300,82.2,0.000024,,,,,,,,
14400,82.7,0.000030,,,,,,,,
14500,83.3,0.000019,,,,,,,,
14600,83.9,0.000027,,,,,,,,
14700,84.5,0.000028,,,,,,,,
14800,85.1,0.000027,,,,,,,,
14900,85.7,0.000023,,,,,,,,
15000,86.4,0.000031,0.000023,2.906145e-01,2.248524e-02,1.772155e-02,0.000000,1.974048e-01,2.214932e-02,1.746229e-02
15100,86.8,0.000024,,,,,,,,
15200,87.4,0.000030,,,,,,,,
15300,88.0,0.000099,,,,,,,,
15400,88.6,0.000017,,,,,,,,
15500,89.2,0.000033,,,,,,,,
15600,89.8,0.000022,,,,,,,,
15700,90.3,0.000020,,,,,,,,
15800,90.9,0.000051,,,,,,,,
15900,91.6,0.000045,,,,,,,,
16000,92.1,0.000062,,,,,,,,
16100,92.7,0.000020,,,,,,,,
16200,93.3,0.000065,,,,,,,,
16300,93.9,0.000048,,,,,,,,
16400,94.5,0.000038,,,,,,,,
16500,95.1,0.000040,,,,,,,,
16600,95.6,0.000022,,,,,,,,
16700,96.1,0.000016,,,,,,,,
16800,96.7,0.000030,,,,,,,,
16900,97.3,0.000102,,,,,,,,
17000,97.7,0.000030,,,,,,,,
17100,98.2,0.000017,,,,,,,,
17200,98.8,0.000024,,,,,,,,
17300,99.3,0.000029,,,,,,,,
17400,99.9,0.000021,,,,,,,,
17500,100.5,0.000043,,,,,,,,
17600,101.0,0.000036,,,,,,,,
17700,101.6,0.000021,,,,,,,,
17800,102.1,0.000016,,,,,,,,
17900,102.7,0.000016,,,,,,,,
18000,103.3,0.000034,,,,,,,,
18100,103.9,0.000019,,,,,,,,
18200,104.5,0.000017,,,,,,,,
18300,105.1,0.000015,,,,,,,,
18400,105.6,0.000039,,,,,,,,
18500,106.2,0.000013,,,,,,,,
18600,106.8,0.000027,,,,,,,,
18700,107.4,0.000018,,,,,,,,
18800,108.0,0.000013,,,,,,,,
18900,108.6,0.000014,,,,,,,,
19000,109.1,0.000028,,,,,,,,
19100,109.7,0.000022,,,,,,,,
19200,110.3,0.000017,,,,,,,,
19300,110.8,0.000016,,,,,,,,
19400,111.4,0.000044,,,,,,,,
19500,111.9,0.000024,,,,,,,,
19600,112.5,0.000012,,,,,,,,
19700,113.1,0.000010,,,,,,,,
19800,113.7,0.000037,,,,,,,,
19900,114.3,0.000037,,,,,,,,
20000,115.1,0.000066,0.000035,2.673220e-01,2.889543e-02,2.320940e-02,0.000000,2.185060e-01,2.972721e-02,2.406999e-02
20100,115.4,0.000032,,,,,,,,
20200,116.0,0.000014,,,,,,,,
20300,116.6,0.000012,,,,,,,,
20400,117.1,0.000062,,,,,,,,
20500,117.7,0.000015,,,,,,,,
20600,118.3,0.000033,,,,,,,,
20700,118.9,0.000014,,,,,,,,
20800,119.5,0.000025,,,,,,,,
20900,120.1,0.000017,,,,,,,,
21000,120.7,0.000012,,,,,,,,
21100,121.3,0.000022,,,,,,,,
21200,121.8,0.000035,,,,,,,,
21300,122.4,0.000010,,,,,,,,
21400,123.0,0.000042,,,,,,,,
21500,123.6,0.000012,,,,,,,,
21600,124.2,0.000025,,,,,,,,
21700,124.8,0.000020,,,,,,,,
21800,125.4,0.000015,,,,,,,,
21900,126.0,0.000027,,,,,,,,
22000,126.6,0.000014,,,,,,,,
22100,127.2,0.000016,,,,,,,,
22200,127.7,0.000021,,,,,,,,
22300,128.3,0.000022,,,,,,,,
22400,128.9,0.000023,,,,,,,,
22500,129.5,0.000023,,,,,,,,
22600,130.1,0.000015,,,,,,,,
22700,130.7,0.000042,,,,,,,,
22800,131.3,0.000035,,,,,,,,
22900,131.8,0.000013,,,,,,,,
23000,132.4,0.000013,,,,,,,,
23100,133.0,0.000032,,,,,,,,
23200,133.6,0.000019,,,,,,,,
23300,134.2,0.000022,,,,,,,,
23400,134.7,0.000013,,,,,,,,
23500,135.4,0.000061,,,,,,,,
23600,135.9,0.000032,,,,,,,,
23700,136.5,0.000021,,,,,,,,
23800,137.1,0.000027,,,,,,,,
23900,137.6,0.000013,,,,,,,,
24000,138.2,0.000011,,,,,,,,
24100,138.7,0.000018,,,,,,,,
24200,139.3,0.000022,,,,,,,,
24300,139.9,0.000020,,,,,,,,
24400,140.5,0.000017,,,,,,,,
24500,141.1,0.000031,,,,,,,,
24600,141.7,0.000012,,,,,,,,
24700,142.3,0.000013,,,,,,,,
24800,142.9,0.000020,,,,,,,,
24900,143.5,0.000022,,,,,,,,
25000,144.2,0.000070,0.000026,3.186294e-01,2.453693e-02,1.941042e-02,0.000000,2.077360e-01,2.434739e-02,1.922566e-02
25100,144.6,0.000030,,,,,,,,
25200,145.2,0.000018,,,,,,,,
25300,145.8,0.000011,,,,,,,,
25400,146.4,0.000033,,,,,,,,
25500,146.9,0.000013,,,,,,,,
25600,147.6,0.000030,,,,,,,,
25700,148.1,0.000032,,,,,,,,
25800,148.7,0.000027,,,,,,,,
25900,149.3,0.000018,,,,,,,,
26000,149.9,0.000015,,,,,,,,
26100,150.5,0.000020,,,,,,,,
26200,151.0,0.000017,,,,,,,,
26300,151.6,0.000010,,,,,,,,
26400,152.2,0.000016,,,,,,,,
26500,152.8,0.000012,,,,,,,,
26600,153.4,0.000018,,,,,,,,
26700,154.0,0.000040,,,,,,,,
26800,154.6,0.000025,,,,,,,,
26900,155.1,0.000013,,,,,,,,
27000,155.7,0.000051,,,,,,,,
27100,156.3,0.000013,,,,,,,,
27200,156.9,0.000027,,,,,,,,
27300,157.4,0.000015,,,,,,,,
27400,158.0,0.000019,,,,,,,,
27500,158.5,0.000013,,,,,,,,
27600,159.0,0.000018,,,,,,,,
27700,159.5,0.000035,,,,,,,,
27800,160.1,0.000018,,,,,,,,
27900,160.7,0.000048,,,,,,,,
28000,161.3,0.000032,,,,,,,,
28100,161.9,0.000020,,,,,,,,
28200,162.4,0.000018,,,,,,,,
28300,163.0,0.000028,,,,,,,,
28400,163.6,0.000019,,,,,,,,
28500,164.1,0.000023,,,,,,,,
28600,164.7,0.000015,,,,,,,,
28700,165.3,0.000014,,,,,,,,
28800,165.9,0.000012,,,,,,,,
28900,166.5,0.000012,,,,,,,,
29000,167.1,0.000020,,,,,,,,
29100,167.7,0.000028,,,,,,,,
29200,168.2,0.000017,,,,,,,,
29300,168.8,0.000038,,,,,,,,
29400,169.4,0.000013,,,,,,,,
29500,169.9,0.000013,,,,,,,,
29600,170.5,0.000044,,,,,,,,
29700,171.1,0.000023,,,,,,,,
29800,171.7,0.000012,,,,,,,,
29900,172.3,0.000013,,,,,,,,
30000,173.0,0.000019,0.000067,3.883082e-01,4.054028e-02,3.501727e-02,0.000000,1.843845e-01,4.051187e-02,3.545931e-02
30100,173.4,0.000042,,,,,,,,
30200,174.0,0.000029,,,,,,,,
30300,174.5,0.000032,,,,,,,,
30400,175.1,0.000011,,,,,,,,
30500,175.7,0.000033,,,,,,,,
30600,176.3,0.000017,,,,,,,,
30700,176.9,0.000019,,,,,,,,
30800,177.5,0.000011,,,,,,,,
30900,178.0,0.000019,,,,,,,,
31000,178.6,0.000042,,,,,,,,
31100,179.2,0.000014,,,,,,,,
31200,179.7,0.000014,,,,,,,,
31300,180.4,0.000031,,,,,,,,
31400,180.9,0.000016,,,,,,,,
31500,181.5,0.000010,,,,,,,,
31600,182.1,0.000060,,,,,,,,
31700,182.7,0.000025,,,,,,,,
31800,183.3,0.000030,,,,,,,,
31900,183.9,0.000036,,,,,,,,
32000,184.5,0.000032,,,,,,,,
32100,185.1,0.000020,,,,,,,,
32200,185.7,0.000015,,,,,,,,
32300,186.3,0.000012,,,,,,,,
32400,186.9,0.000014,,,,,,,,
32500,187.4,0.000013,,,,,,,,
32600,188.0,0.000014,,,,,,,,
32700,188.6,0.000015,,,,,,,,
32800,189.2,0.000036,,,,,,,,
32900,189.7,0.000043,,,,,,,,
33000,190.3,0.000014,,,,,,,,
33100,190.9,0.000012,,,,,,,,
33200,191.5,0.000108,,,,,,,,
33300,192.1,0.000021,,,,,,,,
33400,192.7,0.000027,,,,,,,,
33500,193.3,0.000018,,,,,,,,
33600,193.9,0.000030,,,,,,,,
33700,194.5,0.000012,,,,,,,,
33800,195.0,0.000053,,,,,,,,
33900,195.6,0.000016,,,,,,,,
34000,196.2,0.000053,,,,,,,,
34100,196.8,0.000014,,,,,,,,
34200,197.4,0.000032,,,,,,,,
34300,197.9,0.000011,,,,,,,,
34400,198.5,0.000023,,,,,,,,
34500,199.1,0.000022,,,,,,,,
34600,199.6,0.000043,,,,,,,,
34700,200.2,0.000015,,,,,,,,
34800,200.8,0.000035,,,,,,,,
34900,201.4,0.000023,,,,,,,,
35000,202.1,0.000011,0.000012,2.676641e-01,1.656082e-02,1.295390e-02,0.000000,1.227888e-01,1.598325e-02,1.270221e-02
35100,202.5,0.000011,,,,,,,,
35200,203.1,0.000014,,,,,,,,
35300,203.7,0.000020,,,,,,,,
35400,204.3,0.000021,,,,,,,,
35500,204.8,0.000019,,,,,,,,
35600,205.4,0.000012,,,,,,,,
35700,206.0,0.000023,,,,,,,,
35800,206.6,0.000010,,,,,,,,
35900,207.2,0.000020,,,,,,,,
36000,207.7,0.000029,,,,,,,,
36100,208.3,0.000011,,,,,,,,
36200,208.9,0.000017,,,,,,,,
36300,209.5,0.000031,,,,,,,,
36400,210.1,0.000019,,,,,,,,
36500,210.7,0.000012,,,,,,,,
36600,211.3,0.000025,,,,,,,,
36700,211.9,0.000021,,,,,,,,
36800,212.4,0.000020,,,,,,,,
36900,213.0,0.000015,,,,,,,,
37000,213.6,0.000021,,,,,,,,
37100,214.2,0.000029,,,,,,,,
37200,214.8,0.000019,,,,,,,,
37300,215.3,0.000013,,,,,,,,
37400,215.9,0.000030,,,,,,,,
37500,216.5,0.000011,,,,,,,,
37600,217.1,0.000012,,,,,,,,
37700,217.7,0.000013,,,,,,,,
37800,218.2,0.000017,,,,,,,,
37900,218.8,0.000011,,,,,,,,
38000,219.4,0.000013,,,,,,,,
38100,219.9,0.000026,,,,,,,,
38200,220.5,0.000023,,,,,,,,
38300,221.1,0.000016,,,,,,,,
38400,221.6,0.000014,,,,,,,,
38500,222.2,0.000011,,,,,,,,
38600,222.8,0.000027,,,,,,,,
38700,223.4,0.000031,,,,,,,,
38800,224.0,0.000051,,,,,,,,
38900,224.6,0.000054,,,,,,,,
39000,225.1,0.000010,,,,,,,,
39100,225.7,0.000025,,,,,,,,
39200,226.3,0.000031,,,,,,,,
39300,226.9,0.000011,,,,,,,,
39400,227.5,0.000024,,,,,,,,
39500,228.1,0.000020,,,,,,,,
39600,228.6,0.000015,,,,,,,,
39700,229.2,0.000020,,,,,,,,
39800,229.8,0.000010,,,,,,,,
39900,230.4,0.000011,,,,,,,,
40000,231.1,0.000031,0.000026,2.769212e-01,2.443210e-02,1.991296e-02,0.000000,1.848778e-01,2.425746e-02,2.004474e-02
40100,231.5,0.000021,,,,,,,,
40200,232.1,0.000017,,,,,,,,
40300,232.7,0.000022,,,,,,,,
40400,233.3,0.000083,,,,,,,,
40500,233.9,0.000010,,,,,,,,
40600,234.4,0.000020,,,,,,,,
40700,235.0,0.000010,,,,,,,,
40800,235.6,0.000013,,,,,,,,
40900,236.2,0.000044,,,,,,,,
41000,236.8,0.000026,,,,,,,,
41100,237.4,0.000014,,,,,,,,
41200,237.9,0.000014,,,,,,,,
41300,238.5,0.000018,,,,,,,,
41400,239.1,0.000037,,,,,,,,
41500,239.7,0.000012,,,,,,,,
41600,240.3,0.000025,,,,,,,,
41700,240.9,0.000018,,,,,,,,
41800,241.5,0.000009,,,,,,,,
41900,242.1,0.000017,,,,,,,,
42000,242.7,0.000015,,,,,,,,
42100,243.3,0.000008,,,,,,,,
42200,243.8,0.000013,,,,,,,,
42300,244.4,0.000014,,,,,,,,
42400,245.0,0.000022,,,,,,,,
42500,245.6,0.000017,,,,,,,,
42600,246.2,0.000021,,,,,,,,
42700,246.8,0.000018,,,,,,,,
42800,247.3,0.000029,,,,,,,,
42900,247.9,0.000100,,,,,,,,
43000,248.5,0.000025,,,,,,,,
43100,249.0,0.000016,,,,,,,,
43200,249.6,0.000021,,,,,,,,
43300,250.2,0.000026,,,,,,,,
43400,250.7,0.000012,,,,,,,,
43500,251.3,0.000019,,,,,,,,
43600,251.9,0.000019,,,,,,,,
43700,252.5,0.000032,,,,,,,,
43800,253.1,0.000022,,,,,,,,
43900,253.7,0.000052,,,,,,,,
44000,254.3,0.000011,,,,,,,,
44100,254.8,0.000034,,,,,,,,
44200,255.4,0.000022,,,,,,,,
44300,256.0,0.000017,,,,,,,,
44400,256.5,0.000022,,,,,,,,
44500,257.1,0.000016,,,,,,,,
44600,257.6,0.000017,,,,,,,,
44700,258.2,0.000032,,,,,,,,
44800,258.7,0.000013,,,,,,,,
44900,259.3,0.000009,,,,,,,,
45000,260.1,0.000017,0.000030,3.433899e-01,2.673870e-02,2.182988e-02,0.000000,1.901931e-01,2.674381e-02,2.211622e-02
45100,260.5,0.000023,,,,,,,,
45200,261.0,0.000024,,,,,,,,
45300,261.6,0.000013,,,,,,,,
45400,262.2,0.000011,,,,,,,,
45500,262.8,0.000012,,,,,,,,
45600,263.4,0.000011,,,,,,,,
45700,263.9,0.000014,,,,,,,,
45800,264.5,0.000018,,,,,,,,
45900,265.1,0.000040,,,,,,,,
46000,265.7,0.000015,,,,,,,,
46100,266.3,0.000011,,,,,,,,
46200,266.9,0.000036,,,,,,,,
46300,267.5,0.000027,,,,,,,,
46400,268.1,0.000012,,,,,,,,
46500,268.6,0.000019,,,,,,,,
46600,269.2,0.000011,,,,,,,,
46700,269.8,0.000013,,,,,,,,
46800,270.4,0.000024,,,,,,,,
46900,271.0,0.000012,,,,,,,,
47000,271.5,0.000048,,,,,,,,
47100,272.1,0.000014,,,,,,,,
47200,272.7,0.000018,,,,,,,,
47300,273.3,0.000011,,,,,,,,
47400,273.9,0.000025,,,,,,,,
47500,274.4,0.000013,,,,,,,,
47600,275.0,0.000014,,,,,,,,
47700,275.5,0.000015,,,,,,,,
47800,276.1,0.000017,,,,,,,,
47900,276.7,0.000013,,,,,,,,
48000,277.3,0.000040,,,,,,,,
48100,277.9,0.000012,,,,,,,,
48200,278.4,0.000017,,,,,,,,
48300,279.0,0.000018,,,,,,,,
48400,279.6,0.000028,,,,,,,,
48500,280.2,0.000020,,,,,,,,
48600,280.8,0.000019,,,,,,,,
48700,281.4,0.000022,,,,,,,,
48800,282.0,0.000012,,,,,,,,
48900,282.5,0.000011,,,,,,,,
49000,283.1,0.000011,,,,,,,,
49100,283.6,0.000015,,,,,,,,
49200,284.2,0.000013,,,,,,,,
49300,284.9,0.000011,,,,,,,,
49400,285.4,0.000019,,,,,,,,
49500,286.0,0.000020,,,,,,,,
49600,286.6,0.000017,,,,,,,,
49700,287.2,0.000008,,,,,,,,
49800,287.7,0.000012,,,,,,,,
49900,288.3,0.000014,,,,,,,,
50000,289.1,0.000066,0.000049,3.705098e-01,3.521368e-02,3.200068e-02,0.000000,3.275665e-01,3.467951e-02,3.215429e-02
50100,289.5,0.000014,,,,,,,,
50200,290.1,0.000018,,,,,,,,
50300,290.7,0.000011,,,,,,,,
50400,291.3,0.000018,,,,,,,,
50500,291.8,0.000013,,,,,,,,
50600,292.4,0.000020,,,,,,,,
50700,293.0,0.000010,,,,,,,,
50800,293.6,0.000074,,,,,,,,
50900,294.2,0.000021,,,,,,,,
51000,294.7,0.000015,,,,,,,,
51100,295.4,0.000039,,,,,,,,
51200,295.9,0.000015,,,,,,,,
51300,296.6,0.000018,,,,,,,,
51400,297.2,0.000012,,,,,,,,
51500,297.8,0.000047,,,,,,,,
51600,298.3,0.000014,,,,,,,,
51700,298.9,0.000015,,,,,,,,
51800,299.5,0.000008,,,,,,,,
51900,300.0,0.000018,,,,,,,,
52000,300.6,0.000028,,,,,,,,
52100,301.2,0.000012,,,,,,,,
52200,301.8,0.000010,,,,,,,,
52300,302.3,0.000011,,,,,,,,
52400,302.9,0.000016,,,,,,,,
52500,303.5,0.000022,,,,,,,,
52600,304.1,0.000010,,,,,,,,
52700,304.7,0.000012,,,,,,,,
52800,305.3,0.000012,,,,,,,,
52900,305.9,0.000012,,,,,,,,
53000,306.4,0.000011,,,,,,,,
53100,307.0,0.000013,,,,,,,,
53200,307.6,0.000019,,,,,,,,
53300,308.2,0.000011,,,,,,,,
53400,308.7,0.000011,,,,,,,,
53500,309.3,0.000011,,,,,,,,
53600,309.9,0.000013,,,,,,,,
53700,310.4,0.000020,,,,,,,,
53800,311.0,0.000028,,,,,,,,
53900,311.5,0.000010,,,,,,,,
54000,312.1,0.000012,,,,,,,,
54100,312.7,0.000011,,,,,,,,
54200,313.3,0.000011,,,,,,,,
54300,313.8,0.000009,,,,,,,,
54400,314.4,0.000018,,,,,,,,
54500,315.0,0.000027,,,,,,,,
54600,315.6,0.000018,,,,,,,,
54700,316.2,0.000011,,,,,,,,
54800,316.7,0.000012,,,,,,,,
54900,317.3,0.000013,,,,,,,,
55000,318.1,0.000023,0.000014,3.106613e-01,1.711621e-02,1.326416e-02,0.000000,1.597438e-01,1.636140e-02,1.274971e-02
55100,318.5,0.000021,,,,,,,,
55200,319.0,0.000012,,,,,,,,
55300,319.6,0.000019,,,,,,,,
55400,320.2,0.000033,,,,,,,,
55500,320.8,0.000010,,,,,,,,
55600,321.3,0.000026,,,,,,,,
55700,321.9,0.000016,,,,,,,,
55800,322.5,0.000013,,,,,,,,
55900,323.0,0.000011,,,,,,,,
56000,323.6,0.000010,,,,,,,,
56100,324.2,0.000020,,,,,,,,
56200,324.8,0.000011,,,,,,,,
56300,325.4,0.000022,,,,,,,,
56400,325.9,0.000015,,,,,,,,
56500,326.5,0.000020,,,,,,,,
56600,327.1,0.000032,,,,,,,,
56700,327.7,0.000059,,,,,,,,
56800,328.3,0.000052,,,,,,,,
56900,328.8,0.000025,,,,,,,,
57000,329.4,0.000010,,,,,,,,
57100,330.0,0.000046,,,,,,,,
57200,330.6,0.000029,,,,,,,,
57300,331.2,0.000011,,,,,,,,
57400,331.8,0.000012,,,,,,,,
57500,332.4,0.000022,,,,,,,,
57600,332.9,0.000026,,,,,,,,
57700,333.5,0.000010,,,,,,,,
57800,334.1,0.000008,,,,,,,,
57900,334.7,0.000018,,,,,,,,
58000,335.2,0.000018,,,,,,,,
58100,335.8,0.000015,,,,,,,,
58200,336.4,0.000010,,,,,,,,
58300,337.0,0.000017,,,,,,,,
58400,337.5,0.000013,,,,,,,,
58500,338.1,0.000015,,,,,,,,
58600,338.7,0.000011,,,,,,,,
58700,339.3,0.000010,,,,,,,,
58800,339.9,0.000014,,,,,,,,
58900,340.5,0.000019,,,,,,,,
59000,341.1,0.000025,,,,,,,,
59100,341.6,0.000016,,,,,,,,
59200,342.1,0.000015,,,,,,,,
59300,342.7,0.000015,,,,,,,,
59400,343.3,0.000020,,,,,,,,
59500,343.8,0.000019,,,,,,,,
59600,344.4,0.000015,,,,,,,,
59700,345.0,0.000023,,,,,,,,
59800,345.6,0.000014,,,,,,,,
59900,346.2,0.000015,,,,,,,,
60000,347.0,0.000015,0.000011,2.009332e-01,1.566923e-02,1.211960e-02,0.000000,1.579782e-01,1.505056e-02,1.161146e-02
60100,347.3,0.000014,,,,,,,,
60200,347.9,0.000028,,,,,,,,
60300,348.5,0.000013,,,,,,,,
60400,349.1,0.000019,,,,,,,,
60500,349.6,0.000024,,,,,,,,
60600,350.2,0.000017,,,,,,,,
60700,350.8,0.000028,,,,,,,,
60800,351.4,0.000014,,,,,,,,
60900,352.0,0.000011,,,,,,,,
61000,352.6,0.000008,,,,,,,,
61100,353.2,0.000012,,,,,,,,
61200,353.8,0.000029,,,,,,,,
61300,354.4,0.000022,,,,,,,,
61400,355.0,0.000017,,,,,,,,
61500,355.6,0.000019,,,,,,,,
61600,356.1,0.000020,,,,,,,,
61700,356.7,0.000009,,,,,,,,
61800,357.3,0.000016,,,,,,,,
61900,357.9,0.000012,,,,,,,,
62000,358.5,0.000062,,,,,,,,
62100,359.1,0.000020,,,,,,,,
62200,359.7,0.000029,,,,,,,,
62300,360.3,0.000033,,,,,,,,
62400,360.9,0.000018,,,,,,,,
62500,361.5,0.000023,,,,,,,,
62600,362.0,0.000024,,,,,,,,
62700,362.6,0.000010,,,,,,,,
62800,363.2,0.000018,,,,,,,,
62900,363.8,0.000034,,,,,,,,
63000,364.3,0.000028,,,,,,,,
63100,364.9,0.000021,,,,,,,,
63200,365.5,0.000014,,,,,,,,
63300,366.1,0.000028,,,,,,,,
63400,366.7,0.000011,,,,,,,,
63500,367.3,0.000010,,,,,,,,
63600,367.8,0.000013,,,,,,,,
63700,368.4,0.000014,,,,,,,,
63800,369.0,0.000013,,,,,,,,
63900,369.6,0.000027,,,,,,,,
64000,370.2,0.000009,,,,,,,,
64100,370.7,0.000020,,,,,,,,
64200,371.3,0.000017,,,,,,,,
64300,371.9,0.000028,,,,,,,,
64400,372.4,0.000024,,,,,,,,
64500,373.0,0.000009,,,,,,,,
64600,373.6,0.000023,,,,,,,,
64700,374.2,0.000018,,,,,,,,
64800,374.8,0.000007,,,,,,,,
64900,375.4,0.000012,,,,,,,,
65000,376.2,0.000016,0.000016,2.985396e-01,2.014813e-02,1.752995e-02,0.000000,1.648819e-01,1.972536e-02,1.749497e-02
65100,376.5,0.000011,,,,,,,,
65200,377.1,0.000013,,,,,,,,
65300,377.7,0.000010,,,,,,,,
65400,378.2,0.000018,,,,,,,,
65500,378.8,0.000030,,,,,,,,
65600,379.4,0.000025,,,,,,,,
65700,380.0,0.000015,,,,,,,,
65800,380.5,0.000054,,,,,,,,
65900,381.1,0.000020,,,,,,,,
66000,381.7,0.000012,,,,,,,,
66100,382.3,0.000024,,,,,,,,
66200,382.9,0.000021,,,,,,,,
66300,383.5,0.000016,,,,,,,,
66400,384.1,0.000024,,,,,,,,
66500,384.7,0.000011,,,,,,,,
66600,385.3,0.000031,,,,,,,,
66700,385.9,0.000010,,,,,,,,
66800,386.5,0.000015,,,,,,,,
66900,387.1,0.000050,,,,,,,,
67000,387.7,0.000014,,,,,,,,
67100,388.3,0.000032,,,,,,,,
67200,388.8,0.000010,,,,,,,,
67300,389.4,0.000019,,,,,,,,
67400,390.0,0.000014,,,,,,,,
67500,390.6,0.000012,,,,,,,,
67600,391.2,0.000009,,,,,,,,
67700,391.8,0.000012,,,,,,,,
67800,392.4,0.000016,,,,,,,,
67900,392.9,0.000011,,,,,,,,
68000,393.5,0.000015,,,,,,,,
68100,394.1,0.000009,,,,,,,,
68200,394.7,0.000017,,,,,,,,
68300,395.3,0.000022,,,,,,,,
68400,395.8,0.000017,,,,,,,,
68500,396.4,0.000022,,,,,,,,
68600,396.9,0.000014,,,,,,,,
68700,397.5,0.000032,,,,,,,,
68800,398.1,0.000034,,,,,,,,
68900,398.7,0.000022,,,,,,,,
69000,399.3,0.000023,,,,,,,,
69100,399.9,0.000041,,,,,,,,
69200,400.5,0.000009,,,,,,,,
69300,401.0,0.000021,,,,,,,,
69400,401.6,0.000015,,,,,,,,
69500,402.2,0.000011,,,,,,,,
69600,402.6,0.000011,,,,,,,,
69700,403.1,0.000017,,,,,,,,
69800,403.7,0.000010,,,,,,,,
69900,404.3,0.000023,,,,,,,,
70000,405.1,0.000020,0.000013,2.471520e-01,1.612782e-02,1.243594e-02,0.000000,2.335147e-01,1.560613e-02,1.209208e-02
70100,405.4,0.000034,,,,,,,,
70200,406.0,0.000010,,,,,,,,
70300,406.6,0.000011,,,,,,,,
70400,407.1,0.000021,,,,,,,,
70500,407.7,0.000029,,,,,,,,
70600,408.3,0.000009,,,,,,,,
70700,408.9,0.000025,,,,,,,,
70800,409.5,0.000011,,,,,,,,
70900,410.1,0.000015,,,,,,,,
71000,410.6,0.000011,,,,,,,,
71100,411.2,0.000015,,,,,,,,
71200,411.7,0.000014,,,,,,,,
71300,412.4,0.000010,,,,,,,,
71400,413.0,0.000031,,,,,,,,
71500,413.5,0.000010,,,,,,,,
71600,414.2,0.000011,,,,,,,,
71700,414.8,0.000035,,,,,,,,
71800,415.3,0.000041,,,,,,,,
71900,415.9,0.000011,,,,,,,,
72000,416.5,0.000044,,,,,,,,
72100,417.1,0.000020,,,,,,,,
72200,417.7,0.000012,,,,,,,,
72300,418.2,0.000017,,,,,,,,
72400,418.8,0.000012,,,,,,,,
72500,419.4,0.000053,,,,,,,,
72600,420.0,0.000012,,,,,,,,
72700,420.6,0.000011,,,,,,,,
72800,421.1,0.000014,,,,,,,,
72900,421.8,0.000019,,,,,,,,
73000,422.3,0.000009,,,,,,,,
73100,422.9,0.000012,,,,,,,,
73200,423.5,0.000023,,,,,,,,
73300,424.1,0.000058,,,,,,,,
73400,424.7,0.000011,,,,,,,,
73500,425.3,0.000021,,,,,,,,
73600,425.9,0.000009,,,,,,,,
73700,426.5,0.000010,,,,,,,,
73800,427.1,0.000012,,,,,,,,
73900,427.7,0.000013,,,,,,,,
74000,428.3,0.000015,,,,,,,,
74100,428.9,0.000016,,,,,,,,
74200,429.4,0.000013,,,,,,,,
74300,430.0,0.000013,,,,,,,,
74400,430.6,0.000015,,,,,,,,
74500,431.2,0.000012,,,,,,,,
74600,431.8,0.000015,,,,,,,,
74700,432.4,0.000018,,,,,,,,
74800,432.9,0.000013,,,,,,,,
74900,433.5,0.000011,,,,,,,,
75000,434.3,0.000013,0.000032,2.325017e-01,3.063709e-02,2.902255e-02,0.000000,2.004274e-01,2.995428e-02,2.864241e-02
75100,434.6,0.000012,,,,,,,,
75200,435.2,0.000024,,,,,,,,
75300,435.8,0.000021,,,,,,,,
75400,436.4,0.000012,,,,,,,,
75500,437.0,0.000020,,,,,,,,
75600,437.5,0.000023,,,,,,,,
75700,438.1,0.000013,,,,,,,,
75800,438.7,0.000018,,,,,,,,
75900,439.2,0.000012,,,,,,,,
76000,439.8,0.000009,,,,,,,,
76100,440.3,0.000029,,,,,,,,
76200,440.9,0.000012,,,,,,,,
76300,441.5,0.000014,,,,,,,,
76400,442.1,0.000015,,,,,,,,
76500,442.6,0.000016,,,,,,,,
76600,443.2,0.000042,,,,,,,,
76700,443.8,0.000019,,,,,,,,
76800,444.4,0.000028,,,,,,,,
76900,445.0,0.000053,,,,,,,,
77000,445.6,0.000013,,,,,,,,
77100,446.2,0.000072,,,,,,,,
77200,446.8,0.000007,,,,,,,,
77300,447.4,0.000021,,,,,,,,
77400,448.0,0.000024,,,,,,,,
77500,448.5,0.000031,,,,,,,,
77600,449.1,0.000012,,,,,,,,
77700,449.7,0.000029,,,,,,,,
77800,450.3,0.000016,,,,,,,,
77900,450.9,0.000010,,,,,,,,
78000,451.5,0.000014,,,,,,,,
78100,452.0,0.000063,,,,,,,,
78200,452.6,0.000010,,,,,,,,
78300,453.2,0.000032,,,,,,,,
78400,453.8,0.000011,,,,,,,,
78500,454.3,0.000037,,,,,,,,
78600,454.9,0.000009,,,,,,,,
78700,455.5,0.000013,,,,,,,,
78800,456.1,0.000019,,,,,,,,
78900,456.6,0.000018,,,,,,,,
79000,457.2,0.000015,,,,,,,,
79100,457.8,0.000014,,,,,,,,
79200,458.4,0.000017,,,,,,,,
79300,459.0,0.000010,,,,,,,,
79400,459.6,0.000010,,,,,,,,
79500,460.1,0.000016,,,,,,,,
79600,460.7,0.000015,,,,,,,,
79700,461.3,0.000012,,,,,,,,
79800,461.9,0.000008,,,,,,,,
79900,462.4,0.000011,,,,,,,,
80000,463.2,0.000049,0.000023,3.235006e-01,2.218815e-02,1.756346e-02,0.000000,2.415488e-01,2.122163e-02,1.690907e-02
80100,463.5,0.000012,,,,,,,,
80200,464.0,0.000009,,,,,,,,
80300,464.5,0.000009,,,,,,,,
80400,465.1,0.000015,,,,,,,,
80500,465.6,0.000011,,,,,,,,
80600,466.2,0.000027,,,,,,,,
80700,466.8,0.000007,,,,,,,,
80800,467.4,0.000012,,,,,,,,
80900,468.0,0.000028,,,,,,,,
81000,468.5,0.000011,,,,,,,,
81100,469.1,0.000015,,,,,,,,
81200,469.7,0.000016,,,,,,,,
81300,470.3,0.000013,,,,,,,,
81400,470.8,0.000028,,,,,,,,
81500,471.4,0.000012,,,,,,,,
81600,472.0,0.000013,,,,,,,,
81700,472.5,0.000013,,,,,,,,
81800,473.1,0.000018,,,,,,,,
81900,473.7,0.000015,,,,,,,,
82000,474.3,0.000014,,,,,,,,
82100,474.8,0.000014,,,,,,,,
82200,475.4,0.000009,,,,,,,,
82300,476.0,0.000012,,,,,,,,
82400,476.6,0.000011,,,,,,,,
82500,477.2,0.000024,,,,,,,,
82600,477.7,0.000025,,,,,,,,
82700,478.3,0.000017,,,,,,,,
82800,478.9,0.000009,,,,,,,,
82900,479.5,0.000032,,,,,,,,
83000,480.1,0.000011,,,,,,,,
83100,480.6,0.000012,,,,,,,,
83200,481.2,0.000017,,,,,,,,
83300,481.8,0.000017,,,,,,,,
83400,482.4,0.000017,,,,,,,,
83500,483.0,0.000022,,,,,,,,
83600,483.6,0.000011,,,,,,,,
83700,484.2,0.000011,,,,,,,,
83800,484.7,0.000017,,,,,,,,
83900,485.3,0.000037,,,,,,,,
84000,485.9,0.000031,,,,,,,,
84100,486.5,0.000014,,,,,,,,
84200,487.0,0.000011,,,,,,,,
84300,487.6,0.000014,,,,,,,,
84400,488.2,0.000017,,,,,,,,
84500,488.8,0.000010,,,,,,,,
84600,489.4,0.000014,,,,,,,,
84700,489.9,0.000009,,,,,,,,
84800,490.5,0.000034,,,,,,,,
84900,491.1,0.000011,,,,,,,,
85000,491.8,0.000010,0.000019,2.422184e-01,2.101852e-02,1.745054e-02,0.000000,1.497702e-01,2.102236e-02,1.782361e-02
85100,492.2,0.000011,,,,,,,,
85200,492.8,0.000012,,,,,,,,
85300,493.4,0.000017,,,,,,,,
85400,494.0,0.000008,,,,,,,,
85500,494.5,0.000025,,,,,,,,
85600,495.1,0.000030,,,,,,,,
85700,495.7,0.000011,,,,,,,,
85800,496.3,0.000011,,,,,,,,
85900,496.9,0.000017,,,,,,,,
86000,497.4,0.000009,,,,,,,,
86100,498.0,0.000019,,,,,,,,
86200,498.5,0.000014,,,,,,,,
86300,499.1,0.000018,,,,,,,,
86400,499.6,0.000016,,,,,,,,
86500,500.2,0.000023,,,,,,,,
86600,500.8,0.000014,,,,,,,,
86700,501.4,0.000011,,,,,,,,
86800,502.0,0.000015,,,,,,,,
86900,502.6,0.000016,,,,,,,,
87000,503.2,0.000010,,,,,,,,
87100,503.7,0.000024,,,,,,,,
87200,504.3,0.000012,,,,,,,,
87300,504.9,0.000010,,,,,,,,
87400,505.4,0.000018,,,,,,,,
87500,506.0,0.000013,,,,,,,,
87600,506.6,0.000019,,,,,,,,
87700,507.2,0.000012,,,,,,,,
87800,507.7,0.000011,,,,,,,,
87900,508.3,0.000013,,,,,,,,
88000,508.9,0.000034,,,,,,,,
88100,509.4,0.000015,,,,,,,,
88200,510.0,0.000014,,,,,,,,
88300,510.6,0.000011,,,,,,,,
88400,511.2,0.000016,,,,,,,,
88500,511.7,0.000008,,,,,,,,
88600,512.3,0.000028,,,,,,,,
88700,512.9,0.000016,,,,,,,,
88800,513.4,0.000013,,,,,,,,
88900,514.0,0.000017,,,,,,,,
89000,514.6,0.000009,,,,,,,,
89100,515.2,0.000009,,,,,,,,
89200,515.8,0.000025,,,,,,,,
89300,516.3,0.000015,,,,,,,,
89400,516.9,0.000014,,,,,,,,
89500,517.5,0.000009,,,,,,,,
89600,518.0,0.000014,,,,,,,,
89700,518.6,0.000023,,,,,,,,
89800,519.1,0.000015,,,,,,,,
89900,519.7,0.000017,,,,,,,,
90000,520.5,0.000013,0.000012,2.143596e-01,1.605742e-02,1.263119e-02,0.000000,1.477362e-01,1.542289e-02,1.209685e-02
90100,520.8,0.000013,,,,,,,,
90200,521.4,0.000015,,,,,,,,
90300,522.0,0.000010,,,,,,,,
90400,522.5,0.000009,,,,,,,,
90500,523.2,0.000021,,,,,,,,
90600,523.7,0.000012,,,,,,,,
90700,524.3,0.000015,,,,,,,,
90800,524.8,0.000011,,,,,,,,
90900,525.4,0.000013,,,,,,,,
91000,525.9,0.000019,,,,,,,,
91100,526.5,0.000023,,,,,,,,
91200,527.1,0.000010,,,,,,,,
91300,527.7,0.000008,,,,,,,,
91400,528.2,0.000016,,,,,,,,
91500,528.8,0.000012,,,,,,,,
91600,529.4,0.000023,,,,,,,,
91700,530.0,0.000018,,,,,,,,
91800,530.6,0.000021,,,,,,,,
91900,531.2,0.000010,,,,,,,,
92000,531.8,0.000009,,,,,,,,
92100,532.3,0.000011,,,,,,,,
92200,532.9,0.000009,,,,,,,,
92300,533.5,0.000010,,,,,,,,
92400,534.1,0.000010,,,,,,,,
92500,534.6,0.000029,,,,,,,,
92600,535.2,0.000011,,,,,,,,
92700,535.8,0.000029,,,,,,,,
92800,536.4,0.000017,,,,,,,,
92900,537.0,0.000014,,,,,,,,
93000,537.6,0.000026,,,,,,,,
93100,538.2,0.000033,,,,,,,,
93200,538.8,0.000015,,,,,,,,
93300,539.4,0.000028,,,,,,,,
93400,540.0,0.000010,,,,,,,,
93500,540.6,0.000035,,,,,,,,
93600,541.2,0.000018,,,,,,,,
93700,541.8,0.000010,,,,,,,,
93800,542.3,0.000023,,,,,,,,
93900,542.9,0.000008,,,,,,,,
94000,543.5,0.000007,,,,,,,,
94100,544.1,0.000009,,,,,,,,
94200,544.7,0.000014,,,,,,,,
94300,545.3,0.000017,,,,,,,,
94400,545.9,0.000017,,,,,,,,
94500,546.4,0.000013,,,,,,,,
94600,547.0,0.000018,,,,,,,,
94700,547.6,0.000014,,,,,,,,
94800,548.2,0.000009,,,,,,,,
94900,548.7,0.000012,,,,,,,,
95000,549.5,0.000016,0.000018,2.658207e-01,2.100080e-02,1.757956e-02,0.000000,1.342495e-01,2.092034e-02,1.777861e-02
95100,549.9,0.000010,,,,,,,,
95200,550.4,0.000016,,,,,,,,
95300,551.0,0.000023,,,,,,,,
95400,551.6,0.000008,,,,,,,,
95500,552.2,0.000031,,,,,,,,
95600,552.8,0.000012,,,,,,,,
95700,553.4,0.000014,,,,,,,,
95800,554.0,0.000009,,,,,,,,
95900,554.5,0.000010,,,,,,,,
96000,555.1,0.000010,,,,,,,,
96100,555.7,0.000011,,,,,,,,
96200,556.2,0.000014,,,,,,,,
96300,556.8,0.000028,,,,,,,,
96400,557.3,0.000046,,,,,,,,
96500,557.9,0.000021,,,,,,,,
96600,558.5,0.000010,,,,,,,,
96700,559.0,0.000016,,,,,,,,
96800,559.6,0.000024,,,,,,,,
96900,560.2,0.000015,,,,,,,,
97000,560.7,0.000043,,,,,,,,
97100,561.3,0.000016,,,,,,,,
97200,561.9,0.000017,,,,,,,,
97300,562.5,0.000016,,,,,,,,
97400,563.1,0.000022,,,,,,,,
97500,563.7,0.000010,,,,,,,,
97600,564.3,0.000008,,,,,,,,
97700,564.8,0.000015,,,,,,,,
97800,565.4,0.000016,,,,,,,,
97900,566.0,0.000018,,,,,,,,
98000,566.6,0.000013,,,,,,,,
98100,567.2,0.000009,,,,,,,,
98200,567.7,0.000011,,,,,,,,
98300,568.4,0.000022,,,,,,,,
98400,568.9,0.000018,,,,,,,,
98500,569.5,0.000016,,,,,,,,
98600,570.1,0.000010,,,,,,,,
98700,570.7,0.000015,,,,,,,,
98800,571.3,0.000015,,,,,,,,
98900,571.9,0.000010,,,,,,,,
99000,572.5,0.000018,,,,,,,,
99100,573.0,0.000013,,,,,,,,
99200,573.6,0.000016,,,,,,,,
99300,574.3,0.000018,,,,,,,,
99400,574.8,0.000024,,,,,,,,
99500,575.4,0.000012,,,,,,,,
99600,576.0,0.000013,,,,,,,,
99700,576.5,0.000033,,,,,,,,
99800,577.1,0.000014,,,,,,,,
99900,577.6,0.000067,,,,,,,,
100000,578.4,0.000009,0.000009,1.825276e-01,1.431887e-02,1.129682e-02,0.000000,1.455813e-01,1.376513e-02,1.090345e-02
100100,578.8,0.000015,,,,,,,,
100200,579.4,0.000055,,,,,,,,
100300,580.0,0.000018,,,,,,,,
100400,580.5,0.000081,,,,,,,,
100500,581.1,0.000015,,,,,,,,
100600,581.7,0.000020,,,,,,,,
100700,582.2,0.000019,,,,,,,,
100800,582.8,0.000012,,,,,,,,
100900,583.4,0.000016,,,,,,,,
101000,584.0,0.000010,,,,,,,,
101100,584.6,0.000021,,,,,,,,
101200,585.2,0.000013,,,,,,,,
101300,585.7,0.000016,,,,,,,,
101400,586.3,0.000040,,,,,,,,
101500,586.9,0.000010,,,,,,,,
101600,587.5,0.000011,,,,,,,,
101700,588.1,0.000020,,,,,,,,
101800,588.7,0.000012,,,,,,,,
101900,589.2,0.000015,,,,,,,,
102000,589.8,0.000008,,,,,,,,
102100,590.4,0.000013,,,,,,,,
102200,591.0,0.000018,,,,,,,,
102300,591.5,0.000017,,,,,,,,
102400,592.1,0.000016,,,,,,,,
102500,592.7,0.000014,,,,,,,,
102600,593.3,0.000015,,,,,,,,
102700,593.9,0.000013,,,,,,,,
102800,594.5,0.000011,,,,,,,,
102900,595.1,0.000011,,,,,,,,
103000,595.6,0.000013,,,,,,,,
103100,596.2,0.000014,,,,,,,,
103200,596.8,0.000055,,,,,,,,
103300,597.4,0.000031,,,,,,,,
103400,598.0,0.000010,,,,,,,,
103500,598.6,0.000011,,,,,,,,
103600,599.2,0.000021,,,,,,,,
103700,599.7,0.000022,,,,,,,,
103800,600.3,0.000009,,,,,,,,
103900,600.8,0.000014,,,,,,,,
104000,601.4,0.000013,,,,,,,,
104100,602.0,0.000020,,,,,,,,
104200,602.6,0.000012,,,,,,,,
104300,603.2,0.000012,,,,,,,,
104400,603.8,0.000020,,,,,,,,
104500,604.4,0.000013,,,,,,,,
104600,604.9,0.000009,,,,,,,,
104700,605.5,0.000009,,,,,,,,
104800,606.1,0.000028,,,,,,,,
104900,606.7,0.000008,,,,,,,,
105000,607.5,0.000009,0.000014,2.610800e-01,1.677083e-02,1.242723e-02,0.000000,1.493485e-01,1.638808e-02,1.235831e-02
105100,607.8,0.000013,,,,,,,,
105200,608.4,0.000021,,,,,,,,
105300,609.0,0.000010,,,,,,,,
105400,609.6,0.000036,,,,,,,,
105500,610.1,0.000014,,,,,,,,
105600,610.7,0.000008,,,,,,,,
105700,611.3,0.000008,,,,,,,,
105800,611.9,0.000010,,,,,,,,
105900,612.5,0.000013,,,,,,,,
106000,613.1,0.000015,,,,,,,,
106100,613.7,0.000014,,,,,,,,
106200,614.2,0.000027,,,,,,,,
106300,614.8,0.000014,,,,,,,,
106400,615.3,0.000011,,,,,,,,
106500,615.9,0.000021,,,,,,,,
106600,616.5,0.000007,,,,,,,,
106700,617.1,0.000028,,,,,,,,
106800,617.6,0.000011,,,,,,,,
106900,618.1,0.000018,,,,,,,,
107000,618.7,0.000041,,,,,,,,
107100,619.3,0.000017,,,,,,,,
107200,619.9,0.000010,,,,,,,,
107300,620.5,0.000020,,,,,,,,
107400,621.1,0.000016,,,,,,,,
107500,621.6,0.000011,,,,,,,,
107600,622.2,0.000011,,,,,,,,
107700,622.8,0.000013,,,,,,,,
107800,623.4,0.000015,,,,,,,,
107900,624.0,0.000008,,,,,,,,
108000,624.5,0.000009,,,,,,,,
108100,625.1,0.000009,,,,,,,,
108200,625.7,0.000009,,,,,,,,
108300,626.3,0.000009,,,,,,,,
108400,626.9,0.000014,,,,,,,,
108500,627.4,0.000010,,,,,,,,
108600,628.0,0.000011,,,,,,,,
108700,628.6,0.000018,,,,,,,,
108800,629.2,0.000008,,,,,,,,
108900,629.8,0.000013,,,,,,,,
109000,630.3,0.000020,,,,,,,,
109100,630.9,0.000036,,,,,,,,
109200,631.5,0.000024,,,,,,,,
109300,632.1,0.000030,,,,,,,,
109400,632.6,0.000013,,,,,,,,
109500,633.1,0.000030,,,,,,,,
109600,633.7,0.000013,,,,,,,,
109700,634.3,0.000011,,,,,,,,
109800,634.9,0.000009,,,,,,,,
109900,635.5,0.000010,,,,,,,,
110000,636.3,0.000009,0.000009,1.674503e-01,1.431172e-02,1.113904e-02,0.000000,1.403445e-01,1.367970e-02,1.079486e-02
110100,636.7,0.000017,,,,,,,,
110200,637.3,0.000011,,,,,,,,
110300,637.9,0.000028,,,,,,,,
110400,638.5,0.000007,,,,,,,,
110500,639.1,0.000011,,,,,,,,
110600,639.7,0.000014,,,,,,,,
110700,640.3,0.000014,,,,,,,,
110800,640.8,0.000026,,,,,,,,
110900,641.4,0.000014,,,,,,,,
111000,642.0,0.000026,,,,,,,,
111100,642.5,0.000008,,,,,,,,
111200,643.1,0.000009,,,,,,,,
111300,643.7,0.000022,,,,,,,,
111400,644.3,0.000013,,,,,,,,
111500,644.9,0.000008,,,,,,,,
111600,645.5,0.000015,,,,,,,,
111700,646.0,0.000054,,,,,,,,
111800,646.5,0.000048,,,,,,,,
111900,646.9,0.000017,,,,,,,,
112000,647.5,0.000007,,,,,,,,
112100,648.1,0.000010,,,,,,,,
112200,648.7,0.000011,,,,,,,,
112300,649.3,0.000006,,,,,,,,
112400,649.8,0.000008,,,,,,,,
112500,650.4,0.000013,,,,,,,,
112600,651.0,0.000009,,,,,,,,
112700,651.5,0.000020,,,,,,,,
112800,652.1,0.000012,,,,,,,,
112900,652.7,0.000015,,,,,,,,
113000,653.3,0.000017,,,,,,,,
113100,653.8,0.000011,,,,,,,,
113200,654.4,0.000012,,,,,,,,
113300,655.0,0.000036,,,,,,,,
113400,655.6,0.000021,,,,,,,,
113500,656.2,0.000009,,,,,,,,
113600,656.8,0.000009,,,,,,,,
113700,657.3,0.000016,,,,,,,,
113800,657.9,0.000018,,,,,,,,
113900,658.5,0.000012,,,,,,,,
114000,659.1,0.000008,,,,,,,,
114100,659.6,0.000010,,,,,,,,
114200,660.2,0.000010,,,,,,,,
114300,660.8,0.000025,,,,,,,,
114400,661.4,0.000014,,,,,,,,
114500,662.0,0.000012,,,,,,,,
114600,662.6,0.000030,,,,,,,,
114700,663.2,0.000019,,,,,,,,
114800,663.7,0.000010,,,,,,,,
114900,664.3,0.000011,,,,,,,,
115000,665.1,0.000026,0.000018,2.376094e-01,1.993302e-02,1.541213e-02,0.000000,2.085634e-01,1.945357e-02,1.498140e-02
115100,665.4,0.000008,,,,,,,,
115200,666.0,0.000017,,,,,,,,
115300,666.6,0.000010,,,,,,,,
115400,667.2,0.000013,,,,,,,,
115500,667.7,0.000010,,,,,,,,
115600,668.3,0.000010,,,,,,,,
115700,668.9,0.000013,,,,,,,,
115800,669.4,0.000012,,,,,,,,
115900,670.0,0.000012,,,,,,,,
116000,670.6,0.000010,,,,,,,,
116100,671.1,0.000025,,,,,,,,
116200,671.7,0.000011,,,,,,,,
116300,672.3,0.000010,,,,,,,,
116400,672.9,0.000014,,,,,,,,
116500,673.5,0.000009,,,,,,,,
116600,674.1,0.000016,,,,,,,,
116700,674.7,0.000009,,,,,,,,
116800,675.3,0.000008,,,,,,,,
116900,675.8,0.000012,,,,,,,,
117000,676.4,0.000009,,,,,,,,
117100,677.0,0.000022,,,,,,,,
117200,677.5,0.000021,,,,,,,,
117300,678.1,0.000017,,,,,,,,
117400,678.7,0.000045,,,,,,,,
117500,679.3,0.000015,,,,,,,,
117600,679.9,0.000013,,,,,,,,
117700,680.5,0.000016,,,,,,,,
117800,681.0,0.000014,,,,,,,,
117900,681.4,0.000011,,,,,,,,
118000,681.9,0.000008,,,,,,,,
118100,682.5,0.000018,,,,,,,,
118200,683.1,0.000011,,,,,,,,
118300,683.7,0.000008,,,,,,,,
118400,684.2,0.000009,,,,,,,,
118500,684.8,0.000014,,,,,,,,
118600,685.4,0.000011,,,,,,,,
118700,686.0,0.000021,,,,,,,,
118800,686.6,0.000014,,,,,,,,
118900,687.2,0.000024,,,,,,,,
119000,687.7,0.000014,,,,,,,,
119100,688.3,0.000024,,,,,,,,
119200,688.9,0.000019,,,,,,,,
119300,689.5,0.000009,,,,,,,,
119400,690.0,0.000027,,,,,,,,
119500,690.6,0.000012,,,,,,,,
119600,691.2,0.000010,,,,,,,,
119700,691.8,0.000009,,,,,,,,
119800,692.4,0.000009,,,,,,,,
119900,693.0,0.000012,,,,,,,,
120000,693.8,0.000023,0.000012,2.207710e-01,1.639052e-02,1.314406e-02,0.000000,1.292440e-01,1.617749e-02,1.303290e-02
120100,694.1,0.000010,,,,,,,,
120200,694.8,0.000013,,,,,,,,
120300,695.4,0.000012,,,,,,,,
120400,696.0,0.000009,,,,,,,,
120500,696.6,0.000012,,,,,,,,
120600,697.1,0.000019,,,,,,,,
120700,697.7,0.000021,,,,,,,,
120800,698.3,0.000031,,,,,,,,
120900,698.9,0.000032,,,,,,,,
121000,699.5,0.000009,,,,,,,,
121100,700.1,0.000011,,,,,,,,
121200,700.6,0.000017,,,,,,,,
121300,701.2,0.000011,,,,,,,,
121400,701.8,0.000010,,,,,,,,
121500,702.4,0.000011,,,,,,,,
121600,703.0,0.000012,,,,,,,,
121700,703.5,0.000013,,,,,,,,
121800,704.1,0.000011,,,,,,,,
121900,704.7,0.000009,,,,,,,,
122000,705.3,0.000010,,,,,,,,
122100,705.9,0.000014,,,,,,,,
122200,706.4,0.000014,,,,,,,,
122300,707.0,0.000007,,,,,,,,
122400,707.5,0.000015,,,,,,,,
122500,707.9,0.000013,,,,,,,,
122600,708.5,0.000010,,,,,,,,
122700,709.1,0.000011,,,,,,,,
122800,709.7,0.000013,,,,,,,,
122900,710.3,0.000015,,,,,,,,
123000,710.8,0.000010,,,,,,,,
123100,711.4,0.000010,,,,,,,,
123200,712.0,0.000012,,,,,,,,
123300,712.6,0.000013,,,,,,,,
123400,713.2,0.000010,,,,,,,,
123500,713.8,0.000015,,,,,,,,
123600,714.4,0.000017,,,,,,,,
123700,714.9,0.000009,,,,,,,,
123800,715.5,0.000011,,,,,,,,
123900,716.2,0.000017,,,,,,,,
124000,716.8,0.000014,,,,,,,,
124100,717.4,0.000016,,,,,,,,
124200,717.9,0.000020,,,,,,,,
124300,718.5,0.000009,,,,,,,,
124400,719.1,0.000009,,,,,,,,
124500,719.6,0.000016,,,,,,,,
124600,720.2,0.000017,,,,,,,,
124700,720.8,0.000016,,,,,,,,
124800,721.4,0.000018,,,,,,,,
124900,722.0,0.000010,,,,,,,,
125000,722.7,0.000008,0.000020,2.883808e-01,2.245004e-02,1.952485e-02,0.000000,1.673505e-01,2.233156e-02,1.986331e-02
125100,723.1,0.000009,,,,,,,,
125200,723.7,0.000013,,,,,,,,
125300,724.3,0.000020,,,,,,,,
125400,724.9,0.000018,,,,,,,,
125500,725.5,0.000008,,,,,,,,
125600,726.1,0.000008,,,,,,,,
125700,726.6,0.000020,,,,,,,,
125800,727.2,0.000023,,,,,,,,
125900,727.8,0.000013,,,,,,,,
126000,728.4,0.000011,,,,,,,,
126100,729.0,0.000009,,,,,,,,
126200,729.5,0.000011,,,,,,,,
126300,730.1,0.000010,,,,,,,,
126400,730.7,0.000009,,,,,,,,
126500,731.3,0.000008,,,,,,,,
126600,731.9,0.000013,,,,,,,,
126700,732.5,0.000017,,,,,,,,
126800,733.0,0.000011,,,,,,,,
126900,733.6,0.000014,,,,,,,,
127000,734.2,0.000010,,,,,,,,
127100,734.8,0.000009,,,,,,,,
127200,735.4,0.000010,,,,,,,,
127300,736.0,0.000009,,,,,,,,
127400,736.6,0.000010,,,,,,,,
127500,737.1,0.000009,,,,,,,,
127600,737.7,0.000021,,,,,,,,
127700,738.3,0.000014,,,,,,,,
127800,738.9,0.000011,,,,,,,,
127900,739.5,0.000013,,,,,,,,
128000,740.1,0.000023,,,,,,,,
128100,740.6,0.000010,,,,,,,,
128200,741.2,0.000030,,,,,,,,
128300,741.8,0.000010,,,,,,,,
128400,742.4,0.000022,,,,,,,,
128500,743.0,0.000037,,,,,,,,
128600,743.5,0.000022,,,,,,,,
128700,744.1,0.000009,,,,,,,,
128800,744.7,0.000007,,,,,,,,
128900,745.3,0.000017,,,,,,,,
129000,745.9,0.000016,,,,,,,,
129100,746.5,0.000007,,,,,,,,
129200,747.1,0.000009,,,,,,,,
129300,747.7,0.000018,,,,,,,,
129400,748.3,0.000024,,,,,,,,
129500,748.8,0.000009,,,,,,,,
129600,749.4,0.000009,,,,,,,,
129700,750.0,0.000049,,,,,,,,
129800,750.6,0.000008,,,,,,,,
129900,751.2,0.000021,,,,,,,,
130000,751.9,0.000009,0.000038,3.325647e-01,3.288816e-02,3.120821e-02,0.000000,2.257861e-01,3.286627e-02,3.171824e-02
130100,752.3,0.000012,,,,,,,,
130200,752.9,0.000018,,,,,,,,
130300,753.5,0.000029,,,,,,,,
130400,754.1,0.000015,,,,,,,,
130500,754.7,0.000009,,,,,,,,
130600,755.3,0.000011,,,,,,,,
130700,755.8,0.000012,,,,,,,,
130800,756.4,0.000009,,,,,,,,
130900,757.0,0.000013,,,,,,,,
131000,757.5,0.000011,,,,,,,,
131100,758.1,0.000009,,,,,,,,
131200,758.7,0.000014,,,,,,,,
131300,759.3,0.000012,,,,,,,,
131400,759.9,0.000011,,,,,,,,
131500,760.5,0.000015,,,,,,,,
131600,761.1,0.000007,,,,,,,,
131700,761.6,0.000007,,,,,,,,
131800,762.2,0.000020,,,,,,,,
131900,762.8,0.000012,,,,,,,,
132000,763.4,0.000022,,,,,,,,
132100,763.9,0.000008,,,,,,,,
132200,764.5,0.000009,,,,,,,,
132300,765.1,0.000012,,,,,,,,
132400,765.6,0.000008,,,,,,,,
132500,766.2,0.000008,,,,,,,,
132600,766.7,0.000013,,,,,,,,
132700,767.3,0.000011,,,,,,,,
132800,767.9,0.000009,,,,,,,,
132900,768.5,0.000010,,,,,,,,
133000,768.9,0.000022,,,,,,,,
133100,769.5,0.000026,,,,,,,,
133200,770.0,0.000025,,,,,,,,
133300,770.6,0.000014,,,,,,,,
133400,771.2,0.000030,,,,,,,,
133500,771.8,0.000015,,,,,,,,
133600,772.4,0.000007,,,,,,,,
133700,773.0,0.000008,,,,,,,,
133800,773.6,0.000008,,,,,,,,
133900,774.1,0.000010,,,,,,,,
134000,774.7,0.000010,,,,,,,,
134100,775.3,0.000016,,,,,,,,
134200,775.9,0.000009,,,,,,,,
134300,776.5,0.000012,,,,,,,,
134400,777.1,0.000007,,,,,,,,
134500,777.7,0.000015,,,,,,,,
134600,778.2,0.000011,,,,,,,,
134700,778.8,0.000008,,,,,,,,
134800,779.4,0.000023,,,,,,,,
134900,780.0,0.000011,,,,,,,,
135000,780.8,0.000009,0.000010,2.430085e-01,1.424115e-02,1.054887e-02,0.000000,1.886209e-01,1.366924e-02,1.016841e-02
135100,781.1,0.000014,,,,,,,,
135200,781.7,0.000008,,,,,,,,
135300,782.3,0.000024,,,,,,,,
135400,782.9,0.000007,,,,,,,,
135500,783.5,0.000021,,,,,,,,
135600,784.1,0.000007,,,,,,,,
135700,784.6,0.000010,,,,,,,,
135800,785.2,0.000008,,,,,,,,
135900,785.8,0.000009,,,,,,,,
136000,786.4,0.000019,,,,,,,,
136100,787.0,0.000013,,,,,,,,
136200,787.5,0.000009,,,,,,,,
136300,788.1,0.000010,,,,,,,,
136400,788.7,0.000014,,,,,,,,
136500,789.3,0.000006,,,,,,,,
136600,789.9,0.000010,,,,,,,,
136700,790.4,0.000008,,,,,,,,
136800,791.0,0.000032,,,,,,,,
136900,791.6,0.000018,,,,,,,,
137000,792.2,0.000014,,,,,,,,
137100,792.7,0.000008,,,,,,,,
137200,793.3,0.000015,,,,,,,,
137300,793.9,0.000018,,,,,,,,
137400,794.5,0.000012,,,,,,,,
137500,795.1,0.000008,,,,,,,,
137600,795.7,0.000008,,,,,,,,
137700,796.3,0.000008,,,,,,,,
137800,796.8,0.000031,,,,,,,,
137900,797.4,0.000013,,,,,,,,
138000,798.0,0.000015,,,,,,,,
138100,798.5,0.000011,,,,,,,,
138200,799.1,0.000022,,,,,,,,
138300,799.7,0.000008,,,,,,,,
138400,800.3,0.000022,,,,,,,,
138500,800.8,0.000012,,,,,,,,
138600,801.4,0.000035,,,,,,,,
138700,802.1,0.000014,,,,,,,,
138800,802.6,0.000010,,,,,,,,
138900,803.2,0.000014,,,,,,,,
139000,803.8,0.000009,,,,,,,,
139100,804.4,0.000010,,,,,,,,
139200,805.0,0.000011,,,,,,,,
139300,805.6,0.000007,,,,,,,,
139400,806.2,0.000024,,,,,,,,
139500,806.7,0.000011,,,,,,,,
139600,807.3,0.000011,,,,,,,,
139700,807.9,0.000009,,,,,,,,
139800,808.5,0.000015,,,,,,,,
139900,809.1,0.000015,,,,,,,,
140000,809.8,0.000009,0.000010,1.725753e-01,1.544592e-02,1.273911e-02,0.000000,1.069878e-01,1.491151e-02,1.240113e-02
140100,810.2,0.000013,,,,,,,,
140200,810.8,0.000014,,,,,,,,
140300,811.4,0.000018,,,,,,,,
140400,812.0,0.000016,,,,,,,,
140500,812.6,0.000010,,,,,,,,
140600,813.1,0.000011,,,,,,,,
140700,813.7,0.000024,,,,,,,,
140800,814.3,0.000024,,,,,,,,
140900,814.8,0.000025,,,,,,,,
141000,815.4,0.000011,,,,,,,,
141100,816.0,0.000012,,,,,,,,
141200,816.6,0.000015,,,,,,,,
141300,817.1,0.000009,,,,,,,,
141400,817.7,0.000008,,,,,,,,
141500,818.3,0.000026,,,,,,,,
141600,818.8,0.000060,,,,,,,,
141700,819.4,0.000012,,,,,,,,
141800,820.0,0.000018,,,,,,,,
141900,820.6,0.000013,,,,,,,,
142000,821.1,0.000007,,,,,,,,
142100,821.7,0.000011,,,,,,,,
142200,822.3,0.000026,,,,,,,,
142300,822.9,0.000013,,,,,,,,
142400,823.4,0.000009,,,,,,,,
142500,824.0,0.000010,,,,,,,,
142600,824.6,0.000009,,,,,,,,
142700,825.2,0.000015,,,,,,,,
142800,825.8,0.000014,,,,,,,,
142900,826.3,0.000015,,,,,,,,
143000,827.0,0.000011,,,,,,,,
143100,827.6,0.000007,,,,,,,,
143200,828.2,0.000013,,,,,,,,
143300,828.8,0.000017,,,,,,,,
143400,829.3,0.000009,,,,,,,,
143500,829.8,0.000009,,,,,,,,
143600,830.3,0.000009,,,,,,,,
143700,830.9,0.000008,,,,,,,,
143800,831.4,0.000007,,,,,,,,
143900,832.0,0.000012,,,,,,,,
144000,832.6,0.000009,,,,,,,,
144100,833.2,0.000016,,,,,,,,
144200,833.8,0.000009,,,,,,,,
144300,834.4,0.000010,,,,,,,,
144400,834.9,0.000012,,,,,,,,
144500,835.5,0.000008,,,,,,,,
144600,836.1,0.000035,,,,,,,,
144700,836.7,0.000026,,,,,,,,
144800,837.3,0.000008,,,,,,,,
144900,837.8,0.000013,,,,,,,,
145000,838.7,0.000012,0.000009,1.842316e-01,1.403170e-02,1.093800e-02,0.000000,1.118179e-01,1.369145e-02,1.067539e-02
145100,839.0,0.000007,,,,,,,,
145200,839.6,0.000013,,,,,,,,
145300,840.2,0.000010,,,,,,,,
145400,840.8,0.000018,,,,,,,,
145500,841.3,0.000009,,,,,,,,
145600,841.9,0.000015,,,,,,,,
145700,842.5,0.000022,,,,,,,,
145800,843.1,0.000010,,,,,,,,
145900,843.7,0.000011,,,,,,,,
146000,844.3,0.000009,,,,,,,,
146100,844.9,0.000012,,,,,,,,
146200,845.5,0.000010,,,,,,,,
146300,846.0,0.000009,,,,,,,,
146400,846.6,0.000010,,,,,,,,
146500,847.2,0.000015,,,,,,,,
146600,847.8,0.000009,,,,,,,,
146700,848.4,0.000010,,,,,,,,
146800,849.0,0.000029,,,,,,,,
146900,849.6,0.000007,,,,,,,,
147000,850.1,0.000017,,,,,,,,
147100,850.7,0.000007,,,,,,,,
147200,851.3,0.000010,,,,,,,,
147300,851.9,0.000010,,,,,,,,
147400,852.4,0.000021,,,,,,,,
147500,853.0,0.000017,,,,,,,,
147600,853.6,0.000036,,,,,,,,
147700,854.2,0.000036,,,,,,,,
147800,854.7,0.000015,,,,,,,,
147900,855.3,0.000013,,,,,,,,
148000,855.9,0.000006,,,,,,,,
148100,856.4,0.000013,,,,,,,,
148200,857.0,0.000010,,,,,,,,
148300,857.6,0.000011,,,,,,,,
148400,858.1,0.000008,,,,,,,,
148500,858.6,0.000010,,,,,,,,
148600,859.2,0.000009,,,,,,,,
148700,859.8,0.000007,,,,,,,,
148800,860.3,0.000014,,,,,,,,
148900,860.9,0.000025,,,,,,,,
149000,861.5,0.000008,,,,,,,,
149100,862.1,0.000022,,,,,,,,
149200,862.7,0.000013,,,,,,,,
149300,863.3,0.000010,,,,,,,,
149400,863.8,0.000016,,,,,,,,
149500,864.4,0.000015,,,,,,,,
149600,865.0,0.000008,,,,,,,,
149700,865.5,0.000009,,,,,,,,
149800,866.1,0.000006,,,,,,,,
149900,866.7,0.000022,,,,,,,,
150000,867.5,0.000007,0.000022,2.736739e-01,2.370789e-02,2.061335e-02,0.000000,1.656232e-01,2.356772e-02,2.099062e-02
150100,867.9,0.000011,,,,,,,,
150200,868.4,0.000024,,,,,,,,
150300,869.1,0.000009,,,,,,,,
150400,869.7,0.000014,,,,,,,,
150500,870.3,0.000009,,,,,,,,
150600,870.8,0.000006,,,,,,,,
150700,871.4,0.000014,,,,,,,,
150800,872.0,0.000011,,,,,,,,
150900,872.5,0.000010,,,,,,,,
151000,873.1,0.000009,,,,,,,,
151100,873.7,0.000012,,,,,,,,
151200,874.2,0.000007,,,,,,,,
151300,874.8,0.000018,,,,,,,,
151400,875.4,0.000023,,,,,,,,
151500,876.0,0.000019,,,,,,,,
151600,876.5,0.000015,,,,,,,,
151700,877.0,0.000015,,,,,,,,
151800,877.7,0.000010,,,,,,,,
151900,878.2,0.000009,,,,,,,,
152000,878.8,0.000007,,,,,,,,
152100,879.4,0.000007,,,,,,,,
152200,880.0,0.000012,,,,,,,,
152300,880.6,0.000008,,,,,,,,
152400,881.2,0.000007,,,,,,,,
152500,881.8,0.000009,,,,,,,,
152600,882.3,0.000010,,,,,,,,
152700,882.9,0.000008,,,,,,,,
152800,883.5,0.000011,,,,,,,,
152900,884.1,0.000010,,,,,,,,
153000,884.7,0.000019,,,,,,,,
153100,885.3,0.000021,,,,,,,,
153200,885.9,0.000012,,,,,,,,
153300,886.4,0.000014,,,,,,,,
153400,887.0,0.000008,,,,,,,,
153500,887.6,0.000010,,,,,,,,
153600,888.2,0.000012,,,,,,,,
153700,888.7,0.000008,,,,,,,,
153800,889.3,0.000009,,,,,,,,
153900,889.9,0.000014,,,,,,,,
154000,890.5,0.000023,,,,,,,,
154100,891.1,0.000010,,,,,,,,
154200,891.6,0.000010,,,,,,,,
154300,892.3,0.000043,,,,,,,,
154400,892.9,0.000010,,,,,,,,
154500,893.5,0.000009,,,,,,,,
154600,894.1,0.000016,,,,,,,,
154700,894.6,0.000021,,,,,,,,
154800,895.2,0.000012,,,,,,,,
154900,895.8,0.000012,,,,,,,,
155000,896.6,0.000006,0.000012,1.788889e-01,1.746529e-02,1.494749e-02,0.000000,1.067159e-01,1.736513e-02,1.506717e-02
155100,896.9,0.000012,,,,,,,,
155200,897.5,0.000014,,,,,,,,
155300,898.1,0.000019,,,,,,,,
155400,898.7,0.000018,,,,,,,,
155500,899.2,0.000008,,,,,,,,
155600,899.8,0.000006,,,,,,,,
155700,900.4,0.000009,,,,,,,,
155800,901.0,0.000018,,,,,,,,
155900,901.5,0.000014,,,,,,,,
156000,902.1,0.000016,,,,,,,,
156100,902.7,0.000014,,,,,,,,
156200,903.3,0.000029,,,,,,,,
156300,903.9,0.000011,,,,,,,,
156400,904.5,0.000010,,,,,,,,
156500,905.1,0.000009,,,,,,,,
156600,905.6,0.000028,,,,,,,,
156700,906.2,0.000011,,,,,,,,
156800,906.8,0.000009,,,,,,,,
156900,907.4,0.000010,,,,,,,,
157000,908.0,0.000008,,,,,,,,
157100,908.6,0.000041,,,,,,,,
157200,909.2,0.000014,,,,,,,,
157300,909.7,0.000015,,,,,,,,
157400,910.3,0.000007,,,,,,,,
157500,910.9,0.000014,,,,,,,,
157600,911.4,0.000007,,,,,,,,
157700,912.0,0.000019,,,,,,,,
157800,912.6,0.000013,,,,,,,,
157900,913.2,0.000033,,,,,,,,
158000,913.7,0.000011,,,,,,,,
158100,914.3,0.000008,,,,,,,,
158200,914.9,0.000008,,,,,,,,
158300,915.5,0.000012,,,,,,,,
158400,916.1,0.000008,,,,,,,,
158500,916.7,0.000016,,,,,,,,
158600,917.3,0.000008,,,,,,,,
158700,917.9,0.000013,,,,,,,,
158800,918.5,0.000006,,,,,,,,
158900,919.0,0.000010,,,,,,,,
159000,919.6,0.000008,,,,,,,,
159100,920.2,0.000034,,,,,,,,
159200,920.8,0.000013,,,,,,,,
159300,921.4,0.000007,,,,,,,,
159400,921.9,0.000020,,,,,,,,
159500,922.5,0.000013,,,,,,,,
159600,923.1,0.000009,,,,,,,,
159700,923.7,0.000008,,,,,,,,
159800,924.3,0.000010,,,,,,,,
159900,924.9,0.000014,,,,,,,,
160000,925.7,0.000036,0.000009,1.483389e-01,1.460201e-02,1.153220e-02,0.000000,1.303396e-01,1.433237e-02,1.131841e-02
160100,926.1,0.000010,,,,,,,,
160200,926.7,0.000010,,,,,,,,
160300,927.3,0.000012,,,,,,,,
160400,927.8,0.000008,,,,,,,,
160500,928.4,0.000009,,,,,,,,
160600,929.0,0.000008,,,,,,,,
160700,929.6,0.000019,,,,,,,,
160800,930.1,0.000012,,,,,,,,
160900,930.7,0.000029,,,,,,,,
161000,931.3,0.000008,,,,,,,,
161100,931.9,0.000017,,,,,,,,
161200,932.5,0.000010,,,,,,,,
161300,933.1,0.000013,,,,,,,,
161400,933.7,0.000012,,,,,,,,
161500,934.2,0.000016,,,,,,,,
161600,934.8,0.000010,,,,,,,,
161700,935.4,0.000028,,,,,,,,
161800,935.9,0.000008,,,,,,,,
161900,936.5,0.000019,,,,,,,,
162000,937.1,0.000017,,,,,,,,
162100,937.7,0.000009,,,,,,,,
162200,938.3,0.000019,,,,,,,,
162300,938.9,0.000008,,,,,,,,
162400,939.5,0.000010,,,,,,,,
162500,940.0,0.000012,,,,,,,,
162600,940.6,0.000008,,,,,,,,
162700,941.2,0.000014,,,,,,,,
162800,941.8,0.000012,,,,,,,,
162900,942.3,0.000007,,,,,,,,
163000,942.9,0.000013,,,,,,,,
163100,943.5,0.000012,,,,,,,,
163200,944.1,0.000012,,,,,,,,
163300,944.6,0.000009,,,,,,,,
163400,945.2,0.000006,,,,,,,,
163500,945.8,0.000009,,,,,,,,
163600,946.4,0.000009,,,,,,,,
163700,947.0,0.000007,,,,,,,,
163800,947.6,0.000009,,,,,,,,
163900,948.1,0.000009,,,,,,,,
164000,948.7,0.000009,,,,,,,,
164100,949.3,0.000013,,,,,,,,
164200,949.9,0.000008,,,,,,,,
164300,950.4,0.000008,,,,,,,,
164400,951.0,0.000007,,,,,,,,
164500,951.5,0.000012,,,,,,,,
164600,952.0,0.000012,,,,,,,,
164700,952.5,0.000011,,,,,,,,
164800,953.1,0.000012,,,,,,,,
164900,953.7,0.000012,,,,,,,,
165000,954.5,0.000014,0.000009,1.696334e-01,1.397463e-02,1.066005e-02,0.000000,1.609285e-01,1.375317e-02,1.044147e-02
165100,954.9,0.000008,,,,,,,,
165200,955.5,0.000010,,,,,,,,
165300,956.1,0.000009,,,,,,,,
165400,956.6,0.000013,,,,,,,,
165500,957.2,0.000007,,,,,,,,
165600,957.8,0.000009,,,,,,,,
165700,958.4,0.000011,,,,,,,,
165800,958.9,0.000007,,,,,,,,
165900,959.5,0.000010,,,,,,,,
166000,960.1,0.000007,,,,,,,,
166100,960.7,0.000008,,,,,,,,
166200,961.3,0.000018,,,,,,,,
166300,961.9,0.000013,,,,,,,,
166400,962.5,0.000007,,,,,,,,
166500,963.1,0.000007,,,,,,,,
166600,963.7,0.000011,,,,,,,,
166700,964.2,0.000010,,,,,,,,
166800,964.8,0.000008,,,,,,,,
166900,965.4,0.000007,,,,,,,,
167000,966.0,0.000007,,,,,,,,
167100,966.6,0.000012,,,,,,,,
167200,967.2,0.000010,,,,,,,,
167300,967.7,0.000007,,,,,,,,
167400,968.3,0.000010,,,,,,,,
167500,968.9,0.000033,,,,,,,,
167600,969.5,0.000008,,,,,,,,
167700,970.1,0.000023,,,,,,,,
167800,970.7,0.000010,,,,,,,,
167900,971.2,0.000013,,,,,,,,
168000,971.8,0.000011,,,,,,,,
168100,972.4,0.000009,,,,,,,,
168200,972.9,0.000010,,,,,,,,
168300,973.5,0.000016,,,,,,,,
168400,974.1,0.000007,,,,,,,,
168500,974.7,0.000007,,,,,,,,
168600,975.3,0.000014,,,,,,,,
168700,975.9,0.000014,,,,,,,,
168800,976.4,0.000009,,,,,,,,
168900,977.0,0.000009,,,,,,,,
169000,977.6,0.000010,,,,,,,,
169100,978.2,0.000008,,,,,,,,
169200,978.8,0.000006,,,,,,,,
169300,979.4,0.000008,,,,,,,,
169400,980.0,0.000016,,,,,,,,
169500,980.5,0.000009,,,,,,,,
169600,981.1,0.000007,,,,,,,,
169700,981.7,0.000014,,,,,,,,
169800,982.3,0.000011,,,,,,,,
169900,982.8,0.000006,,,,,,,,
170000,983.6,0.000008,0.000008,1.695650e-01,1.399703e-02,1.155319e-02,0.000000,1.060381e-01,1.385139e-02,1.145325e-02
170100,984.0,0.000006,,,,,,,,
170200,984.5,0.000012,,,,,,,,
170300,985.1,0.000007,,,,,,,,
170400,985.7,0.000012,,,,,,,,
170500,986.3,0.000012,,,,,,,,
170600,986.9,0.000012,,,,,,,,
170700,987.5,0.000015,,,,,,,,
170800,988.1,0.000012,,,,,,,,
170900,988.7,0.000009,,,,,,,,
171000,989.3,0.000010,,,,,,,,
171100,989.8,0.000012,,,,,,,,
171200,990.4,0.000011,,,,,,,,
171300,991.0,0.000011,,,,,,,,
171400,991.6,0.000012,,,,,,,,
171500,992.2,0.000006,,,,,,,,
171600,992.8,0.000013,,,,,,,,
171700,993.4,0.000016,,,,,,,,
171800,993.9,0.000010,,,,,,,,
171900,994.6,0.000008,,,,,,,,
172000,995.2,0.000010,,,,,,,,
172100,995.7,0.000008,,,,,,,,
172200,996.4,0.000008,,,,,,,,
172300,996.9,0.000012,,,,,,,,
172400,997.5,0.000011,,,,,,,,
172500,998.1,0.000015,,,,,,,,
172600,998.7,0.000008,,,,,,,,
172700,999.2,0.000007,,,,,,,,
172800,999.8,0.000007,,,,,,,,
172900,1000.4,0.000027,,,,,,,,
173000,1001.0,0.000012,,,,,,,,
173100,1001.6,0.000017,,,,,,,,
173200,1002.1,0.000012,,,,,,,,
173300,1002.7,0.000010,,,,,,,,
173400,1003.3,0.000022,,,,,,,,
173500,1003.9,0.000006,,,,,,,,
173600,1004.5,0.000009,,,,,,,,
173700,1005.1,0.000006,,,,,,,,
173800,1005.7,0.000009,,,,,,,,
173900,1006.3,0.000010,,,,,,,,
174000,1006.8,0.000010,,,,,,,,
174100,1007.4,0.000010,,,,,,,,
174200,1008.0,0.000019,,,,,,,,
174300,1008.6,0.000008,,,,,,,,
174400,1009.2,0.000007,,,,,,,,
174500,1009.7,0.000006,,,,,,,,
174600,1010.3,0.000013,,,,,,,,
174700,1010.9,0.000012,,,,,,,,
174800,1011.4,0.000010,,,,,,,,
174900,1012.0,0.000011,,,,,,,,
175000,1012.6,0.000011,0.000007,1.870202e-01,1.270875e-02,9.697318e-03,0.000000,1.400523e-01,1.236918e-02,9.459933e-03
175100,1013.0,0.000009,,,,,,,,
175200,1013.7,0.000007,,,,,,,,
175300,1014.3,0.000012,,,,,,,,
175400,1014.9,0.000018,,,,,,,,
175500,1015.4,0.000009,,,,,,,,
175600,1016.0,0.000008,,,,,,,,
175700,1016.6,0.000009,,,,,,,,
175800,1017.2,0.000010,,,,,,,,
175900,1017.7,0.000012,,,,,,,,
176000,1018.3,0.000013,,,,,,,,
176100,1018.9,0.000013,,,,,,,,
176200,1019.5,0.000008,,,,,,,,
176300,1020.0,0.000007,,,,,,,,
176400,1020.6,0.000009,,,,,,,,
176500,1021.2,0.000009,,,,,,,,
176600,1021.8,0.000011,,,,,,,,
176700,1022.3,0.000009,,,,,,,,
176800,1022.9,0.000008,,,,,,,,
176900,1023.5,0.000006,,,,,,,,
177000,1024.1,0.000006,,,,,,,,
177100,1024.6,0.000009,,,,,,,,
177200,1025.2,0.000009,,,,,,,,
177300,1025.8,0.000007,,,,,,,,
177400,1026.4,0.000009,,,,,,,,
177500,1027.0,0.000009,,,,,,,,
177600,1027.5,0.000011,,,,,,,,
177700,1028.2,0.000010,,,,,,,,
177800,1028.7,0.000007,,,,,,,,
177900,1029.3,0.000024,,,,,,,,
178000,1029.9,0.000006,,,,,,,,
178100,1030.5,0.000009,,,,,,,,
178200,1031.1,0.000022,,,,,,,,
178300,1031.7,0.000010,,,,,,,,
178400,1032.3,0.000013,,,,,,,,
178500,1032.9,0.000009,,,,,,,,
178600,1033.5,0.000006,,,,,,,,
178700,1034.1,0.000010,,,,,,,,
178800,1034.7,0.000008,,,,,,,,
178900,1035.3,0.000006,,,,,,,,
179000,1035.9,0.000014,,,,,,,,
179100,1036.4,0.000007,,,,,,,,
179200,1037.0,0.000022,,,,,,,,
179300,1037.6,0.000009,,,,,,,,
179400,1038.2,0.000008,,,,,,,,
179500,1038.7,0.000008,,,,,,,,
179600,1039.4,0.000013,,,,,,,,
179700,1039.9,0.000019,,,,,,,,
179800,1040.5,0.000011,,,,,,,,
179900,1041.1,0.000015,,,,,,,,
180000,1041.9,0.000009,0.000008,1.805394e-01,1.315434e-02,1.006092e-02,0.000000,1.563275e-01,1.287971e-02,9.899168e-03
180100,1042.2,0.000011,,,,,,,,
180200,1042.8,0.000011,,,,,,,,
180300,1043.4,0.000008,,,,,,,,
180400,1043.9,0.000011,,,,,,,,
180500,1044.6,0.000013,,,,,,,,
180600,1045.1,0.000011,,,,,,,,
180700,1045.7,0.000009,,,,,,,,
180800,1046.2,0.000008,,,,,,,,
180900,1046.8,0.000011,,,,,,,,
181000,1047.4,0.000007,,,,,,,,
181100,1048.0,0.000007,,,,,,,,
181200,1048.6,0.000017,,,,,,,,
181300,1049.2,0.000009,,,,,,,,
181400,1049.7,0.000008,,,,,,,,
181500,1050.4,0.000018,,,,,,,,
181600,1050.9,0.000009,,,,,,,,
181700,1051.5,0.000011,,,,,,,,
181800,1052.1,0.000009,,,,,,,,
181900,1052.7,0.000011,,,,,,,,
182000,1053.3,0.000019,,,,,,,,
182100,1053.9,0.000006,,,,,,,,
182200,1054.4,0.000011,,,,,,,,
182300,1055.0,0.000013,,,,,,,,
182400,1055.6,0.000008,,,,,,,,
182500,1056.2,0.000008,,,,,,,,
182600,1056.8,0.000008,,,,,,,,
182700,1057.3,0.000008,,,,,,,,
182800,1057.9,0.000008,,,,,,,,
182900,1058.5,0.000009,,,,,,,,
183000,1059.1,0.000009,,,,,,,,
183100,1059.7,0.000013,,,,,,,,
183200,1060.3,0.000006,,,,,,,,
183300,1060.9,0.000008,,,,,,,,
183400,1061.4,0.000006,,,,,,,,
183500,1062.0,0.000015,,,,,,,,
183600,1062.6,0.000010,,,,,,,,
183700,1063.2,0.000015,,,,,,,,
183800,1063.8,0.000015,,,,,,,,
183900,1064.4,0.000020,,,,,,,,
184000,1065.0,0.000008,,,,,,,,
184100,1065.5,0.000010,,,,,,,,
184200,1066.1,0.000022,,,,,,,,
184300,1066.7,0.000013,,,,,,,,
184400,1067.2,0.000007,,,,,,,,
184500,1067.8,0.000006,,,,,,,,
184600,1068.4,0.000017,,,,,,,,
184700,1069.0,0.000022,,,,,,,,
184800,1069.5,0.000014,,,,,,,,
184900,1070.1,0.000008,,,,,,,,
185000,1070.9,0.000009,0.000008,1.852198e-01,1.256357e-02,9.205040e-03,0.000000,1.758632e-01,1.222168e-02,8.937341e-03
185100,1071.2,0.000012,,,,,,,,
185200,1071.8,0.000007,,,,,,,,
185300,1072.4,0.000008,,,,,,,,
185400,1073.0,0.000010,,,,,,,,
185500,1073.5,0.000008,,,,,,,,
185600,1074.0,0.000007,,,,,,,,
185700,1074.6,0.000016,,,,,,,,
185800,1075.2,0.000009,,,,,,,,
185900,1075.7,0.000008,,,,,,,,
186000,1076.3,0.000008,,,,,,,,
186100,1076.9,0.000007,,,,,,,,
186200,1077.5,0.000020,,,,,,,,
186300,1078.0,0.000011,,,,,,,,
186400,1078.7,0.000008,,,,,,,,
186500,1079.2,0.000011,,,,,,,,
186600,1079.8,0.000010,,,,,,,,
186700,1080.4,0.000008,,,,,,,,
186800,1080.9,0.000009,,,,,,,,
186900,1081.5,0.000010,,,,,,,,
187000,1082.1,0.000015,,,,,,,,
187100,1082.7,0.000013,,,,,,,,
187200,1083.3,0.000014,,,,,,,,
187300,1083.9,0.000010,,,,,,,,
187400,1084.5,0.000010,,,,,,,,
187500,1085.1,0.000007,,,,,,,,
187600,1085.6,0.000012,,,,,,,,
187700,1086.2,0.000008,,,,,,,,
187800,1086.8,0.000005,,,,,,,,
187900,1087.4,0.000007,,,,,,,,
188000,1087.9,0.000014,,,,,,,,
188100,1088.5,0.000008,,,,,,,,
188200,1089.1,0.000014,,,,,,,,
188300,1089.7,0.000019,,,,,,,,
188400,1090.3,0.000007,,,,,,,,
188500,1090.9,0.000014,,,,,,,,
188600,1091.5,0.000011,,,,,,,,
188700,1092.1,0.000012,,,,,,,,
188800,1092.6,0.000009,,,,,,,,
188900,1093.2,0.000012,,,,,,,,
189000,1093.8,0.000013,,,,,,,,
189100,1094.4,0.000006,,,,,,,,
189200,1095.0,0.000009,,,,,,,,
189300,1095.6,0.000007,,,,,,,,
189400,1096.2,0.000006,,,,,,,,
189500,1096.8,0.000021,,,,,,,,
189600,1097.4,0.000010,,,,,,,,
189700,1098.0,0.000011,,,,,,,,
189800,1098.5,0.000009,,,,,,,,
189900,1099.1,0.000008,,,,,,,,
190000,1099.9,0.000010,0.000011,1.706236e-01,1.613188e-02,1.380181e-02,0.000000,1.176970e-01,1.596118e-02,1.360982e-02
190100,1100.4,0.000008,,,,,,,,
190200,1100.9,0.000008,,,,,,,,
190300,1101.5,0.000006,,,,,,,,
190400,1102.1,0.000008,,,,,,,,
190500,1102.7,0.000013,,,,,,,,
190600,1103.2,0.000009,,,,,,,,
190700,1103.8,0.000006,,,,,,,,
190800,1104.3,0.000010,,,,,,,,
190900,1105.0,0.000016,,,,,,,,
191000,1105.5,0.000011,,,,,,,,
191100,1106.1,0.000010,,,,,,,,
191200,1106.7,0.000008,,,,,,,,
191300,1107.3,0.000024,,,,,,,,
191400,1107.9,0.000007,,,,,,,,
191500,1108.4,0.000010,,,,,,,,
191600,1109.0,0.000020,,,,,,,,
191700,1109.6,0.000010,,,,,,,,
191800,1110.2,0.000009,,,,,,,,
191900,1110.7,0.000027,,,,,,,,
192000,1111.3,0.000008,,,,,,,,
192100,1111.9,0.000007,,,,,,,,
192200,1112.5,0.000013,,,,,,,,
192300,1113.1,0.000009,,,,,,,,
192400,1113.7,0.000017,,,,,,,,
192500,1114.3,0.000006,,,,,,,,
192600,1114.8,0.000025,,,,,,,,
192700,1115.4,0.000015,,,,,,,,
192800,1116.0,0.000006,,,,,,,,
192900,1116.5,0.000010,,,,,,,,
193000,1117.1,0.000006,,,,,,,,
193100,1117.7,0.000008,,,,,,,,
193200,1118.3,0.000006,,,,,,,,
193300,1118.8,0.000007,,,,,,,,
193400,1119.4,0.000009,,,,,,,,
193500,1120.0,0.000006,,,,,,,,
193600,1120.6,0.000009,,,,,,,,
193700,1121.2,0.000013,,,,,,,,
193800,1121.7,0.000020,,,,,,,,
193900,1122.3,0.000009,,,,,,,,
194000,1122.9,0.000011,,,,,,,,
194100,1123.5,0.000022,,,,,,,,
194200,1124.1,0.000008,,,,,,,,
194300,1124.6,0.000009,,,,,,,,
194400,1125.2,0.000013,,,,,,,,
194500,1125.7,0.000007,,,,,,,,
194600,1126.3,0.000011,,,,,,,,
194700,1126.9,0.000009,,,,,,,,
194800,1127.4,0.000011,,,,,,,,
194900,1128.0,0.000012,,,,,,,,
195000,1128.8,0.000009,0.000007,1.569183e-01,1.253798e-02,9.890131e-03,0.000000,1.297004e-01,1.205207e-02,9.615109e-03
195100,1129.2,0.000007,,,,,,,,
195200,1129.8,0.000016,,,,,,,,
195300,1130.4,0.000006,,,,,,,,
195400,1130.9,0.000008,,,,,,,,
195500,1131.5,0.000016,,,,,,,,
195600,1132.1,0.000008,,,,,,,,
195700,1132.6,0.000007,,,,,,,,
195800,1133.2,0.000011,,,,,,,,
195900,1133.8,0.000013,,,,,,,,
196000,1134.4,0.000011,,,,,,,,
196100,1134.8,0.000013,,,,,,,,
196200,1135.4,0.000006,,,,,,,,
196300,1135.9,0.000017,,,,,,,,
196400,1136.5,0.000007,,,,,,,,
196500,1137.1,0.000010,,,,,,,,
196600,1137.7,0.000009,,,,,,,,
196700,1138.2,0.000017,,,,,,,,
196800,1138.8,0.000017,,,,,,,,
196900,1139.4,0.000005,,,,,,,,
197000,1140.0,0.000008,,,,,,,,
197100,1140.6,0.000007,,,,,,,,
197200,1141.1,0.000028,,,,,,,,
197300,1141.7,0.000006,,,,,,,,
197400,1142.3,0.000006,,,,,,,,
197500,1142.9,0.000007,,,,,,,,
197600,1143.4,0.000010,,,,,,,,
197700,1144.0,0.000009,,,,,,,,
197800,1144.6,0.000012,,,,,,,,
197900,1145.2,0.000013,,,,,,,,
198000,1145.7,0.000009,,,,,,,,
198100,1146.3,0.000008,,,,,,,,
198200,1146.9,0.000015,,,,,,,,
198300,1147.4,0.000007,,,,,,,,
198400,1148.0,0.000006,,,,,,,,
198500,1148.6,0.000009,,,,,,,,
198600,1149.2,0.000006,,,,,,,,
198700,1149.7,0.000006,,,,,,,,
198800,1150.3,0.000007,,,,,,,,
198900,1150.9,0.000009,,,,,,,,
199000,1151.4,0.000009,,,,,,,,
199100,1152.0,0.000010,,,,,,,,
199200,1152.6,0.000006,,,,,,,,
199300,1153.2,0.000012,,,,,,,,
199400,1153.7,0.000008,,,,,,,,
199500,1154.4,0.000013,,,,,,,,
199600,1155.0,0.000008,,,,,,,,
199700,1155.5,0.000025,,,,,,,,
199800,1156.1,0.000011,,,,,,,,
199900,1156.7,0.000008,,,,,,,,
200000,1157.4,0.000008,0.000008,1.957444e-01,1.339506e-02,1.069307e-02,0.000000,9.900605e-02,1.317060e-02,1.056084e-02
200100,1157.8,0.000008,,,,,,,,
200200,1158.3,0.000008,,,,,,,,
200300,1158.9,0.000011,,,,,,,,
200400,1159.5,0.000010,,,,,,,,
200500,1160.1,0.000007,,,,,,,,
200600,1160.6,0.000013,,,,,,,,
200700,1161.2,0.000007,,,,,,,,
200800,1161.8,0.000007,,,,,,,,
200900,1162.4,0.000007,,,,,,,,
201000,1163.0,0.000007,,,,,,,,
201100,1163.6,0.000006,,,,,,,,
201200,1164.1,0.000009,,,,,,,,
201300,1164.7,0.000011,,,,,,,,
201400,1165.3,0.000008,,,,,,,,
201500,1165.9,0.000006,,,,,,,,
201600,1166.5,0.000009,,,,,,,,
201700,1167.1,0.000013,,,,,,,,
201800,1167.6,0.000005,,,,,,,,
201900,1168.2,0.000011,,,,,,,,
202000,1168.8,0.000011,,,,,,,,
202100,1169.4,0.000007,,,,,,,,
202200,1169.9,0.000015,,,,,,,,
202300,1170.5,0.000023,,,,,,,,
202400,1171.1,0.000013,,,,,,,,
202500,1171.7,0.000006,,,,,,,,
202600,1172.3,0.000016,,,,,,,,
202700,1172.9,0.000015,,,,,,,,
202800,1173.5,0.000009,,,,,,,,
202900,1174.0,0.000006,,,,,,,,
203000,1174.6,0.000006,,,,,,,,
203100,1175.2,0.000018,,,,,,,,
203200,1175.8,0.000007,,,,,,,,
203300,1176.4,0.000006,,,,,,,,
203400,1177.0,0.000007,,,,,,,,
203500,1177.5,0.000008,,,,,,,,
203600,1178.1,0.000008,,,,,,,,
203700,1178.7,0.000010,,,,,,,,
203800,1179.3,0.000023,,,,,,,,
203900,1179.9,0.000007,,,,,,,,
204000,1180.4,0.000017,,,,,,,,
204100,1181.0,0.000010,,,,,,,,
204200,1181.6,0.000007,,,,,,,,
204300,1182.2,0.000010,,,,,,,,
204400,1182.7,0.000009,,,,,,,,
204500,1183.3,0.000012,,,,,,,,
204600,1183.9,0.000007,,,,,,,,
204700,1184.5,0.000008,,,,,,,,
204800,1185.1,0.000005,,,,,,,,
204900,1185.6,0.000006,,,,,,,,
205000,1186.4,0.000006,0.000008,1.964551e-01,1.314397e-02,1.021091e-02,0.000000,1.343632e-01,1.284861e-02,9.883421e-03
205100,1186.8,0.000012,,,,,,,,
205200,1187.4,0.000018,,,,,,,,
205300,1188.0,0.000009,,,,,,,,
205400,1188.5,0.000008,,,,,,,,
205500,1189.1,0.000007,,,,,,,,
205600,1189.7,0.000008,,,,,,,,
205700,1190.3,0.000014,,,,,,,,
205800,1190.8,0.000009,,,,,,,,
205900,1191.4,0.000011,,,,,,,,
206000,1192.0,0.000009,,,,,,,,
206100,1192.5,0.000008,,,,,,,,
206200,1193.1,0.000008,,,,,,,,
206300,1193.7,0.000012,,,,,,,,
206400,1194.3,0.000025,,,,,,,,
206500,1194.9,0.000010,,,,,,,,
206600,1195.5,0.000005,,,,,,,,
206700,1196.1,0.000008,,,,,,,,
206800,1196.7,0.000006,,,,,,,,
206900,1197.2,0.000028,,,,,,,,
207000,1197.9,0.000010,,,,,,,,
207100,1198.4,0.000021,,,,,,,,
207200,1199.1,0.000007,,,,,,,,
207300,1199.6,0.000011,,,,,,,,
207400,1200.3,0.000009,,,,,,,,
207500,1200.8,0.000008,,,,,,,,
207600,1201.4,0.000013,,,,,,,,
207700,1202.0,0.000011,,,,,,,,
207800,1202.5,0.000012,,,,,,,,
207900,1203.1,0.000005,,,,,,,,
208000,1203.7,0.000007,,,,,,,,
208100,1204.3,0.000011,,,,,,,,
208200,1204.9,0.000010,,,,,,,,
208300,1205.5,0.000007,,,,,,,,
208400,1206.1,0.000011,,,,,,,,
208500,1206.6,0.000007,,,,,,,,
208600,1207.2,0.000010,,,,,,,,
208700,1207.8,0.000014,,,,,,,,
208800,1208.4,0.000010,,,,,,,,
208900,1209.0,0.000008,,,,,,,,
209000,1209.6,0.000011,,,,,,,,
209100,1210.1,0.000011,,,,,,,,
209200,1210.7,0.000010,,,,,,,,
209300,1211.3,0.000015,,,,,,,,
209400,1211.9,0.000006,,,,,,,,
209500,1212.5,0.000008,,,,,,,,
209600,1213.0,0.000010,,,,,,,,
209700,1213.6,0.000008,,,,,,,,
209800,1214.2,0.000007,,,,,,,,
209900,1214.8,0.000008,,,,,,,,
210000,1215.6,0.000009,0.000008,1.760960e-01,1.346527e-02,1.094620e-02,0.000000,1.133444e-01,1.309384e-02,1.080199e-02
210100,1215.9,0.000010,,,,,,,,
210200,1216.5,0.000009,,,,,,,,
210300,1217.1,0.000009,,,,,,,,
210400,1217.7,0.000010,,,,,,,,
210500,1218.3,0.000008,,,,,,,,
210600,1218.8,0.000008,,,,,,,,
210700,1219.4,0.000009,,,,,,,,
210800,1220.0,0.000007,,,,,,,,
210900,1220.6,0.000006,,,,,,,,
211000,1221.2,0.000009,,,,,,,,
211100,1221.8,0.000011,,,,,,,,
211200,1222.4,0.000006,,,,,,,,
211300,1223.0,0.000011,,,,,,,,
211400,1223.5,0.000014,,,,,,,,
211500,1224.1,0.000007,,,,,,,,
211600,1224.7,0.000010,,,,,,,,
211700,1225.2,0.000012,,,,,,,,
211800,1225.8,0.000007,,,,,,,,
211900,1226.4,0.000010,,,,,,,,
212000,1227.0,0.000007,,,,,,,,
212100,1227.6,0.000015,,,,,,,,
212200,1228.2,0.000008,,,,,,,,
212300,1228.8,0.000010,,,,,,,,
212400,1229.3,0.000009,,,,,,,,
212500,1229.9,0.000005,,,,,,,,
212600,1230.5,0.000006,,,,,,,,
212700,1231.1,0.000015,,,,,,,,
212800,1231.6,0.000006,,,,,,,,
212900,1232.2,0.000008,,,,,,,,
213000,1232.8,0.000010,,,,,,,,
213100,1233.3,0.000012,,,,,,,,
213200,1234.0,0.000012,,,,,,,,
213300,1234.5,0.000009,,,,,,,,
213400,1235.1,0.000009,,,,,,,,
213500,1235.7,0.000010,,,,,,,,
213600,1236.2,0.000012,,,,,,,,
213700,1236.8,0.000012,,,,,,,,
213800,1237.3,0.000015,,,,,,,,
213900,1237.9,0.000023,,,,,,,,
214000,1238.5,0.000019,,,,,,,,
214100,1239.1,0.000013,,,,,,,,
214200,1239.7,0.000013,,,,,,,,
214300,1240.3,0.000007,,,,,,,,
214400,1240.9,0.000007,,,,,,,,
214500,1241.4,0.000006,,,,,,,,
214600,1242.0,0.000007,,,,,,,,
214700,1242.5,0.000007,,,,,,,,
214800,1243.1,0.000014,,,,,,,,
214900,1243.7,0.000011,,,,,,,,
215000,1244.4,0.000013,0.000008,1.728111e-01,1.289956e-02,9.928944e-03,0.000000,1.106679e-01,1.254265e-02,9.666392e-03
215100,1244.8,0.000026,,,,,,,,
215200,1245.4,0.000006,,,,,,,,
215300,1246.0,0.000014,,,,,,,,
215400,1246.6,0.000013,,,,,,,,
215500,1247.1,0.000006,,,,,,,,
215600,1247.7,0.000013,,,,,,,,
215700,1248.3,0.000006,,,,,,,,
215800,1248.9,0.000009,,,,,,,,
215900,1249.5,0.000007,,,,,,,,
216000,1250.1,0.000017,,,,,,,,
216100,1250.6,0.000011,,,,,,,,
216200,1251.2,0.000009,,,,,,,,
216300,1251.7,0.000007,,,,,,,,
216400,1252.3,0.000007,,,,,,,,
216500,1252.9,0.000011,,,,,,,,
216600,1253.5,0.000008,,,,,,,,
216700,1254.1,0.000009,,,,,,,,
216800,1254.7,0.000007,,,,,,,,
216900,1255.3,0.000009,,,,,,,,
217000,1255.8,0.000007,,,,,,,,
217100,1256.4,0.000007,,,,,,,,
217200,1256.8,0.000009,,,,,,,,
217300,1257.4,0.000013,,,,,,,,
217400,1257.9,0.000011,,,,,,,,
217500,1258.5,0.000010,,,,,,,,
217600,1259.1,0.000010,,,,,,,,
217700,1259.6,0.000008,,,,,,,,
217800,1260.2,0.000008,,,,,,,,
217900,1260.8,0.000006,,,,,,,,
218000,1261.4,0.000007,,,,,,,,
218100,1261.9,0.000011,,,,,,,,
218200,1262.5,0.000009,,,,,,,,
218300,1263.1,0.000015,,,,,,,,
218400,1263.7,0.000008,,,,,,,,
218500,1264.2,0.000011,,,,,,,,
218600,1264.8,0.000007,,,,,,,,
218700,1265.4,0.000010,,,,,,,,
218800,1266.0,0.000010,,,,,,,,
218900,1266.6,0.000006,,,,,,,,
219000,1267.2,0.000007,,,,,,,,
219100,1267.8,0.000009,,,,,,,,
219200,1268.3,0.000007,,,,,,,,
219300,1268.9,0.000014,,,,,,,,
219400,1269.5,0.000006,,,,,,,,
219500,1270.1,0.000008,,,,,,,,
219600,1270.7,0.000007,,,,,,,,
219700,1271.3,0.000007,,,,,,,,
219800,1271.9,0.000011,,,,,,,,
219900,1272.4,0.000009,,,,,,,,
220000,1273.2,0.000010,0.000010,2.272335e-01,1.543712e-02,1.301632e-02,0.000000,1.382217e-01,1.524643e-02,1.306289e-02
220100,1273.6,0.000005,,,,,,,,
220200,1274.2,0.000006,,,,,,,,
220300,1274.8,0.000010,,,,,,,,
220400,1275.4,0.000015,,,,,,,,
220500,1276.0,0.000005,,,,,,,,
220600,1276.6,0.000016,,,,,,,,
220700,1277.2,0.000017,,,,,,,,
220800,1277.7,0.000013,,,,,,,,
220900,1278.3,0.000005,,,,,,,,
221000,1278.9,0.000008,,,,,,,,
221100,1279.5,0.000005,,,,,,,,
221200,1280.1,0.000010,,,,,,,,
221300,1280.6,0.000010,,,,,,,,
221400,1281.2,0.000011,,,,,,,,
221500,1281.8,0.000008,,,,,,,,
221600,1282.4,0.000008,,,,,,,,
221700,1282.9,0.000011,,,,,,,,
221800,1283.6,0.000010,,,,,,,,
221900,1284.1,0.000011,,,,,,,,
222000,1284.7,0.000008,,,,,,,,
222100,1285.3,0.000026,,,,,,,,
222200,1285.9,0.000010,,,,,,,,
222300,1286.5,0.000010,,,,,,,,
222400,1287.1,0.000007,,,,,,,,
222500,1287.6,0.000015,,,,,,,,
222600,1288.2,0.000007,,,,,,,,
222700,1288.8,0.000008,,,,,,,,
222800,1289.4,0.000023,,,,,,,,
222900,1290.0,0.000006,,,,,,,,
223000,1290.5,0.000006,,,,,,,,
223100,1291.1,0.000009,,,,,,,,
223200,1291.7,0.000010,,,,,,,,
223300,1292.3,0.000010,,,,,,,,
223400,1292.8,0.000007,,,,,,,,
223500,1293.4,0.000017,,,,,,,,
223600,1294.0,0.000007,,,,,,,,
223700,1294.6,0.000014,,,,,,,,
223800,1295.2,0.000008,,,,,,,,
223900,1295.8,0.000008,,,,,,,,
224000,1296.3,0.000011,,,,,,,,
224100,1296.9,0.000009,,,,,,,,
224200,1297.4,0.000006,,,,,,,,
224300,1298.0,0.000006,,,,,,,,
224400,1298.6,0.000008,,,,,,,,
224500,1299.2,0.000007,,,,,,,,
224600,1299.8,0.000015,,,,,,,,
224700,1300.4,0.000009,,,,,,,,
224800,1300.9,0.000009,,,,,,,,
224900,1301.5,0.000008,,,,,,,,
225000,1302.3,0.000006,0.000011,2.264166e-01,1.605398e-02,1.309182e-02,0.000000,1.419283e-01,1.543710e-02,1.268972e-02
225100,1302.7,0.000007,,,,,,,,
225200,1303.3,0.000006,,,,,,,,
225300,1303.9,0.000009,,,,,,,,
225400,1304.5,0.000006,,,,,,,,
225500,1305.0,0.000006,,,,,,,,
225600,1305.6,0.000007,,,,,,,,
225700,1306.2,0.000008,,,,,,,,
225800,1306.8,0.000009,,,,,,,,
225900,1307.4,0.000008,,,,,,,,
226000,1308.0,0.000007,,,,,,,,
226100,1308.5,0.000005,,,,,,,,
226200,1309.1,0.000013,,,,,,,,
226300,1309.6,0.000010,,,,,,,,
226400,1310.2,0.000012,,,,,,,,
226500,1310.8,0.000006,,,,,,,,
226600,1311.4,0.000007,,,,,,,,
226700,1312.0,0.000012,,,,,,,,
226800,1312.6,0.000007,,,,,,,,
226900,1313.2,0.000007,,,,,,,,
227000,1313.7,0.000007,,,,,,,,
227100,1314.3,0.000010,,,,,,,,
227200,1314.9,0.000014,,,,,,,,
227300,1315.5,0.000008,,,,,,,,
227400,1316.1,0.000009,,,,,,,,
227500,1316.7,0.000014,,,,,,,,
227600,1317.3,0.000008,,,,,,,,
227700,1317.6,0.000013,,,,,,,,
227800,1318.2,0.000008,,,,,,,,
227900,1318.8,0.000013,,,,,,,,
228000,1319.4,0.000006,,,,,,,,
228100,1320.0,0.000010,,,,,,,,
228200,1320.6,0.000008,,,,,,,,
228300,1321.1,0.000006,,,,,,,,
228400,1321.7,0.000021,,,,,,,,
228500,1322.3,0.000011,,,,,,,,
228600,1322.9,0.000008,,,,,,,,
228700,1323.5,0.000009,,,,,,,,
228800,1324.1,0.000007,,,,,,,,
228900,1324.7,0.000012,,,,,,,,
229000,1325.2,0.000018,,,,,,,,
229100,1325.8,0.000007,,,,,,,,
229200,1326.4,0.000008,,,,,,,,
229300,1327.0,0.000014,,,,,,,,
229400,1327.6,0.000006,,,,,,,,
229500,1328.2,0.000010,,,,,,,,
229600,1328.8,0.000008,,,,,,,,
229700,1329.4,0.000009,,,,,,,,
229800,1329.9,0.000010,,,,,,,,
229900,1330.5,0.000006,,,,,,,,
230000,1331.3,0.000009,0.000007,1.702855e-01,1.192764e-02,8.816238e-03,0.000000,1.252627e-01,1.150350e-02,8.569231e-03
230100,1331.6,0.000009,,,,,,,,
230200,1332.2,0.000010,,,,,,,,
230300,1332.8,0.000009,,,,,,,,
230400,1333.4,0.000021,,,,,,,,
230500,1333.9,0.000013,,,,,,,,
230600,1334.5,0.000010,,,,,,,,
230700,1335.1,0.000014,,,,,,,,
230800,1335.7,0.000010,,,,,,,,
230900,1336.3,0.000006,,,,,,,,
231000,1336.9,0.000009,,,,,,,,
231100,1337.5,0.000007,,,,,,,,
231200,1338.0,0.000007,,,,,,,,
231300,1338.6,0.000008,,,,,,,,
231400,1339.2,0.000007,,,,,,,,
231500,1339.8,0.000009,,,,,,,,
231600,1340.3,0.000007,,,,,,,,
231700,1340.9,0.000008,,,,,,,,
231800,1341.5,0.000007,,,,,,,,
231900,1342.0,0.000009,,,,,,,,
232000,1342.6,0.000009,,,,,,,,
232100,1343.2,0.000013,,,,,,,,
232200,1343.8,0.000009,,,,,,,,
232300,1344.4,0.000007,,,,,,,,
232400,1345.0,0.000010,,,,,,,,
232500,1345.6,0.000011,,,,,,,,
232600,1346.2,0.000007,,,,,,,,
232700,1346.8,0.000007,,,,,,,,
232800,1347.3,0.000008,,,,,,,,
232900,1347.9,0.000008,,,,,,,,
233000,1348.5,0.000008,,,,,,,,
233100,1349.1,0.000008,,,,,,,,
233200,1349.7,0.000005,,,,,,,,
233300,1350.2,0.000009,,,,,,,,
233400,1350.8,0.000009,,,,,,,,
233500,1351.4,0.000010,,,,,,,,
233600,1352.0,0.000009,,,,,,,,
233700,1352.6,0.000005,,,,,,,,
233800,1353.2,0.000006,,,,,,,,
233900,1353.8,0.000005,,,,,,,,
234000,1354.3,0.000016,,,,,,,,
234100,1354.9,0.000006,,,,,,,,
234200,1355.5,0.000008,,,,,,,,
234300,1356.1,0.000005,,,,,,,,
234400,1356.6,0.000010,,,,,,,,
234500,1357.2,0.000007,,,,,,,,
234600,1357.8,0.000006,,,,,,,,
234700,1358.3,0.000009,,,,,,,,
234800,1358.9,0.000025,,,,,,,,
234900,1359.5,0.000008,,,,,,,,
235000,1360.3,0.000006,0.000007,1.999544e-01,1.316144e-02,1.091587e-02,0.000000,1.106944e-01,1.288160e-02,1.073372e-02
235100,1360.7,0.000010,,,,,,,,
235200,1361.3,0.000009,,,,,,,,
235300,1361.9,0.000009,,,,,,,,
235400,1362.4,0.000008,,,,,,,,
235500,1363.0,0.000011,,,,,,,,
235600,1363.6,0.000006,,,,,,,,
235700,1364.2,0.000008,,,,,,,,
235800,1364.8,0.000007,,,,,,,,
235900,1365.4,0.000009,,,,,,,,
236000,1366.0,0.000006,,,,,,,,
236100,1366.5,0.000006,,,,,,,,
236200,1367.1,0.000006,,,,,,,,
236300,1367.7,0.000007,,,,,,,,
236400,1368.3,0.000009,,,,,,,,
236500,1368.8,0.000005,,,,,,,,
236600,1369.4,0.000008,,,,,,,,
236700,1370.0,0.000009,,,,,,,,
236800,1370.5,0.000013,,,,,,,,
236900,1371.1,0.000012,,,,,,,,
237000,1371.7,0.000006,,,,,,,,
237100,1372.3,0.000007,,,,,,,,
237200,1372.9,0.000006,,,,,,,,
237300,1373.4,0.000023,,,,,,,,
237400,1374.0,0.000007,,,,,,,,
237500,1374.6,0.000008,,,,,,,,
237600,1375.3,0.000012,,,,,,,,
237700,1375.9,0.000007,,,,,,,,
237800,1376.5,0.000011,,,,,,,,
237900,1377.1,0.000008,,,,,,,,
238000,1377.7,0.000016,,,,,,,,
238100,1378.3,0.000010,,,,,,,,
238200,1378.7,0.000013,,,,,,,,
238300,1379.2,0.000010,,,,,,,,
238400,1379.8,0.000007,,,,,,,,
238500,1380.4,0.000007,,,,,,,,
238600,1380.9,0.000011,,,,,,,,
238700,1381.5,0.000011,,,,,,,,
238800,1382.1,0.000024,,,,,,,,
238900,1382.7,0.000010,,,,,,,,
239000,1383.2,0.000014,,,,,,,,
239100,1383.8,0.000010,,,,,,,,
239200,1384.3,0.000005,,,,,,,,
239300,1384.9,0.000007,,,,,,,,
239400,1385.5,0.000008,,,,,,,,
239500,1386.1,0.000009,,,,,,,,
239600,1386.7,0.000011,,,,,,,,
239700,1387.3,0.000011,,,,,,,,
239800,1387.9,0.000009,,,,,,,,
239900,1388.5,0.000006,,,,,,,,
240000,1389.2,0.000008,0.000007,1.958190e-01,1.242527e-02,9.618640e-03,0.000000,1.006748e-01,1.185728e-02,9.202344e-03
240100,1389.6,0.000008,,,,,,,,
240200,1390.2,0.000010,,,,,,,,
240300,1390.8,0.000010,,,,,,,,
240400,1391.3,0.000006,,,,,,,,
240500,1391.9,0.000008,,,,,,,,
240600,1392.5,0.000005,,,,,,,,
240700,1393.1,0.000018,,,,,,,,
240800,1393.7,0.000011,,,,,,,,
240900,1394.3,0.000015,,,,,,,,
241000,1394.8,0.000007,,,,,,,,
241100,1395.4,0.000011,,,,,,,,
241200,1396.0,0.000008,,,,,,,,
241300,1396.6,0.000005,,,,,,,,
241400,1397.2,0.000007,,,,,,,,
241500,1397.8,0.000006,,,,,,,,
241600,1398.3,0.000019,,,,,,,,
241700,1398.9,0.000006,,,,,,,,
241800,1399.5,0.000007,,,,,,,,
241900,1400.1,0.000007,,,,,,,,
242000,1400.7,0.000013,,,,,,,,
242100,1401.3,0.000012,,,,,,,,
242200,1401.8,0.000011,,,,,,,,
242300,1402.4,0.000009,,,,,,,,
242400,1403.0,0.000006,,,,,,,,
242500,1403.6,0.000009,,,,,,,,
242600,1404.1,0.000006,,,,,,,,
242700,1404.8,0.000006,,,,,,,,
242800,1405.3,0.000011,,,,,,,,
242900,1405.9,0.000006,,,,,,,,
243000,1406.5,0.000008,,,,,,,,
243100,1407.1,0.000004,,,,,,,,
243200,1407.7,0.000005,,,,,,,,
243300,1408.3,0.000006,,,,,,,,
243400,1408.9,0.000007,,,,,,,,
243500,1409.4,0.000009,,,,,,,,
243600,1410.0,0.000005,,,,,,,,
243700,1410.6,0.000008,,,,,,,,
243800,1411.2,0.000009,,,,,,,,
243900,1411.8,0.000008,,,,,,,,
244000,1412.4,0.000008,,,,,,,,
244100,1412.8,0.000006,,,,,,,,
244200,1413.4,0.000007,,,,,,,,
244300,1414.0,0.000006,,,,,,,,
244400,1414.6,0.000009,,,,,,,,
244500,1415.2,0.000009,,,,,,,,
244600,1415.7,0.000005,,,,,,,,
244700,1416.3,0.000007,,,,,,,,
244800,1416.9,0.000005,,,,,,,,
244900,1417.5,0.000008,,,,,,,,
245000,1418.2,0.000007,0.000013,2.302909e-01,1.801924e-02,1.552766e-02,0.000000,1.490967e-01,1.770732e-02,1.552742e-02
245100,1418.6,0.000009,,,,,,,,
245200,1419.1,0.000012,,,,,,,,
245300,1419.8,0.000005,,,,,,,,
245400,1420.3,0.000009,,,,,,,,
245500,1420.9,0.000005,,,,,,,,
245600,1421.5,0.000009,,,,,,,,
245700,1422.0,0.000010,,,,,,,,
245800,1422.6,0.000007,,,,,,,,
245900,1423.2,0.000011,,,,,,,,
246000,1423.8,0.000006,,,,,,,,
246100,1424.3,0.000005,,,,,,,,
246200,1424.9,0.000005,,,,,,,,
246300,1425.4,0.000007,,,,,,,,
246400,1426.0,0.000011,,,,,,,,
246500,1426.5,0.000007,,,,,,,,
246600,1427.1,0.000005,,,,,,,,
246700,1427.7,0.000005,,,,,,,,
246800,1428.2,0.000009,,,,,,,,
246900,1428.8,0.000007,,,,,,,,
247000,1429.4,0.000008,,,,,,,,
247100,1430.0,0.000010,,,,,,,,
247200,1430.6,0.000008,,,,,,,,
247300,1431.2,0.000009,,,,,,,,
247400,1431.7,0.000006,,,,,,,,
247500,1432.3,0.000019,,,,,,,,
247600,1432.9,0.000011,,,,,,,,
247700,1433.5,0.000007,,,,,,,,
247800,1434.1,0.000006,,,,,,,,
247900,1434.6,0.000008,,,,,,,,
248000,1435.2,0.000006,,,,,,,,
248100,1435.8,0.000007,,,,,,,,
248200,1436.4,0.000006,,,,,,,,
248300,1437.0,0.000006,,,,,,,,
248400,1437.5,0.000022,,,,,,,,
248500,1438.1,0.000009,,,,,,,,
248600,1438.7,0.000008,,,,,,,,
248700,1439.2,0.000007,,,,,,,,
248800,1439.8,0.000007,,,,,,,,
248900,1440.3,0.000014,,,,,,,,
249000,1440.9,0.000018,,,,,,,,
249100,1441.5,0.000006,,,,,,,,
249200,1442.1,0.000007,,,,,,,,
249300,1442.6,0.000007,,,,,,,,
249400,1443.2,0.000005,,,,,,,,
249500,1443.8,0.000009,,,,,,,,
249600,1444.4,0.000007,,,,,,,,
249700,1444.9,0.000007,,,,,,,,
249800,1445.5,0.000007,,,,,,,,
249900,1446.1,0.000008,,,,,,,,
250000,1446.8,0.000005,0.000010,2.056682e-01,1.460249e-02,1.171688e-02,0.000000,1.272651e-01,1.402191e-02,1.124948e-02
250100,1447.2,0.000006,,,,,,,,
250200,1447.8,0.000008,,,,,,,,
250300,1448.4,0.000008,,,,,,,,
250400,1449.0,0.000005,,,,,,,,
250500,1449.6,0.000007,,,,,,,,
250600,1450.1,0.000009,,,,,,,,
250700,1450.7,0.000007,,,,,,,,
250800,1451.2,0.000006,,,,,,,,
250900,1451.8,0.000006,,,,,,,,
251000,1452.4,0.000011,,,,,,,,
251100,1453.0,0.000010,,,,,,,,
251200,1453.5,0.000008,,,,,,,,
251300,1454.1,0.000016,,,,,,,,
251400,1454.7,0.000008,,,,,,,,
251500,1455.3,0.000007,,,,,,,,
251600,1455.9,0.000009,,,,,,,,
251700,1456.5,0.000008,,,,,,,,
251800,1457.1,0.000014,,,,,,,,
251900,1457.7,0.000019,,,,,,,,
252000,1458.3,0.000005,,,,,,,,
252100,1458.9,0.000007,,,,,,,,
252200,1459.5,0.000005,,,,,,,,
252300,1460.1,0.000006,,,,,,,,
252400,1460.7,0.000008,,,,,,,,
252500,1461.2,0.000010,,,,,,,,
252600,1461.8,0.000008,,,,,,,,
252700,1462.4,0.000006,,,,,,,,
252800,1463.0,0.000014,,,,,,,,
252900,1463.6,0.000006,,,,,,,,
253000,1464.1,0.000006,,,,,,,,
253100,1464.7,0.000006,,,,,,,,
253200,1465.3,0.000008,,,,,,,,
253300,1465.9,0.000008,,,,,,,,
253400,1466.5,0.000013,,,,,,,,
253500,1467.0,0.000005,,,,,,,,
253600,1467.6,0.000014,,,,,,,,
253700,1468.2,0.000012,,,,,,,,
253800,1468.8,0.000011,,,,,,,,
253900,1469.4,0.000022,,,,,,,,
254000,1470.0,0.000008,,,,,,,,
254100,1470.6,0.000007,,,,,,,,
254200,1471.2,0.000006,,,,,,,,
254300,1471.7,0.000006,,,,,,,,
254400,1472.3,0.000005,,,,,,,,
254500,1472.9,0.000006,,,,,,,,
254600,1473.5,0.000006,,,,,,,,
254700,1474.0,0.000013,,,,,,,,
254800,1474.7,0.000006,,,,,,,,
254900,1475.2,0.000006,,,,,,,,
255000,1475.9,0.000009,0.000008,1.586558e-01,1.404898e-02,1.174888e-02,0.000000,8.687614e-02,1.380959e-02,1.150198e-02
255100,1476.3,0.000008,,,,,,,,
255200,1476.9,0.000006,,,,,,,,
255300,1477.5,0.000006,,,,,,,,
255400,1478.0,0.000012,,,,,,,,
255500,1478.6,0.000009,,,,,,,,
255600,1479.2,0.000008,,,,,,,,
255700,1479.8,0.000004,,,,,,,,
255800,1480.4,0.000009,,,,,,,,
255900,1481.0,0.000012,,,,,,,,
256000,1481.5,0.000010,,,,,,,,
256100,1482.1,0.000006,,,,,,,,
256200,1482.6,0.000004,,,,,,,,
256300,1483.2,0.000007,,,,,,,,
256400,1483.8,0.000011,,,,,,,,
256500,1484.4,0.000008,,,,,,,,
256600,1485.0,0.000007,,,,,,,,
256700,1485.5,0.000008,,,,,,,,
256800,1486.0,0.000006,,,,,,,,
256900,1486.6,0.000009,,,,,,,,
257000,1487.2,0.000005,,,,,,,,
257100,1487.8,0.000009,,,,,,,,
257200,1488.2,0.000006,,,,,,,,
257300,1488.7,0.000007,,,,,,,,
257400,1489.3,0.000007,,,,,,,,
257500,1489.9,0.000010,,,,,,,,
257600,1490.5,0.000006,,,,,,,,
257700,1491.1,0.000005,,,,,,,,
257800,1491.6,0.000010,,,,,,,,
257900,1492.2,0.000009,,,,,,,,
258000,1492.8,0.000008,,,,,,,,
258100,1493.3,0.000009,,,,,,,,
258200,1493.9,0.000007,,,,,,,,
258300,1494.5,0.000009,,,,,,,,
258400,1495.1,0.000006,,,,,,,,
258500,1495.6,0.000007,,,,,,,,
258600,1496.2,0.000008,,,,,,,,
258700,1496.8,0.000006,,,,,,,,
258800,1497.4,0.000005,,,,,,,,
258900,1497.9,0.000009,,,,,,,,
259000,1498.5,0.000004,,,,,,,,
259100,1499.1,0.000006,,,,,,,,
259200,1499.7,0.000009,,,,,,,,
259300,1500.3,0.000008,,,,,,,,
259400,1500.8,0.000008,,,,,,,,
259500,1501.4,0.000006,,,,,,,,
259600,1502.0,0.000009,,,,,,,,
259700,1502.6,0.000005,,,,,,,,
259800,1503.1,0.000007,,,,,,,,
259900,1503.7,0.000006,,,,,,,,
260000,1504.5,0.000006,0.000009,1.942597e-01,1.498283e-02,1.300802e-02,0.000000,1.153157e-01,1.481461e-02,1.315183e-02
260100,1504.8,0.000008,,,,,,,,
260200,1505.4,0.000009,,,,,,,,
260300,1506.0,0.000007,,,,,,,,
260400,1506.5,0.000009,,,,,,,,
260500,1507.1,0.000008,,,,,,,,
260600,1507.7,0.000006,,,,,,,,
260700,1508.3,0.000006,,,,,,,,
260800,1508.9,0.000008,,,,,,,,
260900,1509.5,0.000010,,,,,,,,
261000,1510.1,0.000012,,,,,,,,
261100,1510.7,0.000008,,,,,,,,
261200,1511.2,0.000006,,,,,,,,
261300,1511.8,0.000014,,,,,,,,
261400,1512.4,0.000005,,,,,,,,
261500,1512.9,0.000015,,,,,,,,
261600,1513.5,0.000005,,,,,,,,
261700,1514.1,0.000011,,,,,,,,
261800,1514.7,0.000006,,,,,,,,
261900,1515.3,0.000011,,,,,,,,
262000,1515.9,0.000005,,,,,,,,
262100,1516.4,0.000009,,,,,,,,
262200,1517.0,0.000006,,,,,,,,
262300,1517.6,0.000007,,,,,,,,
262400,1518.2,0.000006,,,,,,,,
262500,1518.8,0.000009,,,,,,,,
262600,1519.3,0.000006,,,,,,,,
262700,1519.9,0.000007,,,,,,,,
262800,1520.5,0.000006,,,,,,,,
262900,1521.1,0.000006,,,,,,,,
263000,1521.6,0.000006,,,,,,,,
263100,1522.2,0.000008,,,,,,,,
263200,1522.8,0.000007,,,,,,,,
263300,1523.4,0.000007,,,,,,,,
263400,1524.0,0.000007,,,,,,,,
263500,1524.5,0.000007,,,,,,,,
263600,1525.1,0.000008,,,,,,,,
263700,1525.7,0.000007,,,,,,,,
263800,1526.3,0.000006,,,,,,,,
263900,1526.9,0.000007,,,,,,,,
264000,1527.5,0.000005,,,,,,,,
264100,1528.1,0.000006,,,,,,,,
264200,1528.7,0.000013,,,,,,,,
264300,1529.3,0.000009,,,,,,,,
264400,1529.8,0.000006,,,,,,,,
264500,1530.4,0.000007,,,,,,,,
264600,1531.0,0.000008,,,,,,,,
264700,1531.6,0.000005,,,,,,,,
264800,1532.2,0.000008,,,,,,,,
264900,1532.7,0.000013,,,,,,,,
265000,1533.5,0.000008,0.000006,1.781627e-01,1.117469e-02,8.794398e-03,0.000000,1.347902e-01,1.072231e-02,8.500811e-03
265100,1533.9,0.000005,,,,,,,,
265200,1534.5,0.000006,,,,,,,,
265300,1535.0,0.000006,,,,,,,,
265400,1535.6,0.000007,,,,,,,,
265500,1536.2,0.000005,,,,,,,,
265600,1536.8,0.000004,,,,,,,,
265700,1537.4,0.000009,,,,,,,,
265800,1537.9,0.000008,,,,,,,,
265900,1538.5,0.000012,,,,,,,,
266000,1539.1,0.000007,,,,,,,,
266100,1539.6,0.000006,,,,,,,,
266200,1540.3,0.000008,,,,,,,,
266300,1540.8,0.000005,,,,,,,,
266400,1541.4,0.000006,,,,,,,,
266500,1542.0,0.000007,,,,,,,,
266600,1542.5,0.000006,,,,,,,,
266700,1543.0,0.000008,,,,,,,,
266800,1543.5,0.000006,,,,,,,,
266900,1544.1,0.000008,,,,,,,,
267000,1544.6,0.000004,,,,,,,,
267100,1545.2,0.000007,,,,,,,,
267200,1545.8,0.000009,,,,,,,,
267300,1546.4,0.000006,,,,,,,,
267400,1547.0,0.000006,,,,,,,,
267500,1547.5,0.000025,,,,,,,,
267600,1548.1,0.000007,,,,,,,,
267700,1548.7,0.000010,,,,,,,,
267800,1549.3,0.000007,,,,,,,,
267900,1549.8,0.000006,,,,,,,,
268000,1550.4,0.000008,,,,,,,,
268100,1551.0,0.000006,,,,,,,,
268200,1551.6,0.000005,,,,,,,,
268300,1552.2,0.000010,,,,,,,,
268400,1552.7,0.000006,,,,,,,,
268500,1553.3,0.000007,,,,,,,,
268600,1553.9,0.000007,,,,,,,,
268700,1554.4,0.000010,,,,,,,,
268800,1555.0,0.000008,,,,,,,,
268900,1555.6,0.000007,,,,,,,,
269000,1556.2,0.000006,,,,,,,,
269100,1556.8,0.000008,,,,,,,,
269200,1557.4,0.000006,,,,,,,,
269300,1558.0,0.000005,,,,,,,,
269400,1558.6,0.000008,,,,,,,,
269500,1559.2,0.000010,,,,,,,,
269600,1559.8,0.000008,,,,,,,,
269700,1560.4,0.000007,,,,,,,,
269800,1560.9,0.000013,,,,,,,,
269900,1561.5,0.000006,,,,,,,,
270000,1562.3,0.000005,0.000007,1.873733e-01,1.199806e-02,8.707735e-03,0.000000,1.418228e-01,1.144639e-02,8.388563e-03
270100,1562.6,0.000006,,,,,,,,
270200,1563.2,0.000009,,,,,,,,
270300,1563.8,0.000008,,,,,,,,
270400,1564.3,0.000008,,,,,,,,
270500,1564.9,0.000016,,,,,,,,
270600,1565.5,0.000018,,,,,,,,
270700,1566.1,0.000005,,,,,,,,
270800,1566.7,0.000014,,,,,,,,
270900,1567.2,0.000009,,,,,,,,
271000,1567.8,0.000005,,,,,,,,
271100,1568.4,0.000008,,,,,,,,
271200,1569.0,0.000005,,,,,,,,
271300,1569.5,0.000006,,,,,,,,
271400,1570.1,0.000006,,,,,,,,
271500,1570.7,0.000008,,,,,,,,
271600,1571.3,0.000005,,,,,,,,
271700,1571.8,0.000008,,,,,,,,
271800,1572.4,0.000004,,,,,,,,
271900,1573.0,0.000010,,,,,,,,
272000,1573.5,0.000007,,,,,,,,
272100,1574.1,0.000007,,,,,,,,
272200,1574.7,0.000006,,,,,,,,
272300,1575.3,0.000007,,,,,,,,
272400,1575.9,0.000006,,,,,,,,
272500,1576.5,0.000007,,,,,,,,
272600,1577.1,0.000008,,,,,,,,
272700,1577.7,0.000007,,,,,,,,
272800,1578.3,0.000007,,,,,,,,
272900,1578.9,0.000005,,,,,,,,
273000,1579.5,0.000013,,,,,,,,
273100,1580.0,0.000005,,,,,,,,
273200,1580.6,0.000009,,,,,,,,
273300,1581.2,0.000013,,,,,,,,
273400,1581.7,0.000005,,,,,,,,
273500,1582.3,0.000006,,,,,,,,
273600,1582.9,0.000013,,,,,,,,
273700,1583.5,0.000008,,,,,,,,
273800,1584.1,0.000009,,,,,,,,
273900,1584.6,0.000004,,,,,,,,
274000,1585.2,0.000010,,,,,,,,
274100,1585.8,0.000009,,,,,,,,
274200,1586.3,0.000013,,,,,,,,
274300,1587.0,0.000007,,,,,,,,
274400,1587.6,0.000004,,,,,,,,
274500,1588.2,0.000007,,,,,,,,
274600,1588.8,0.000006,,,,,,,,
274700,1589.3,0.000007,,,,,,,,
274800,1589.9,0.000008,,,,,,,,
274900,1590.5,0.000013,,,,,,,,
275000,1591.3,0.000006,0.000007,1.849834e-01,1.245220e-02,9.581774e-03,0.000000,1.378541e-01,1.199590e-02,9.374107e-03
275100,1591.6,0.000007,,,,,,,,
275200,1592.1,0.000006,,,,,,,,
275300,1592.7,0.000007,,,,,,,,
275400,1593.2,0.000017,,,,,,,,
275500,1593.8,0.000009,,,,,,,,
275600,1594.4,0.000004,,,,,,,,
275700,1595.0,0.000005,,,,,,,,
275800,1595.6,0.000005,,,,,,,,
275900,1596.1,0.000007,,,,,,,,
276000,1596.7,0.000008,,,,,,,,
276100,1597.3,0.000005,,,,,,,,
276200,1597.8,0.000009,,,,,,,,
276300,1598.4,0.000007,,,,,,,,
276400,1599.0,0.000008,,,,,,,,
276500,1599.6,0.000009,,,,,,,,
276600,1600.2,0.000004,,,,,,,,
276700,1600.8,0.000011,,,,,,,,
276800,1601.4,0.000005,,,,,,,,
276900,1602.0,0.000005,,,,,,,,
277000,1602.5,0.000014,,,,,,,,
277100,1603.2,0.000010,,,,,,,,
277200,1603.8,0.000006,,,,,,,,
277300,1604.3,0.000006,,,,,,,,
277400,1604.9,0.000007,,,,,,,,
277500,1605.5,0.000006,,,,,,,,
277600,1606.1,0.000005,,,,,,,,
277700,1606.7,0.000006,,,,,,,,
277800,1607.3,0.000008,,,,,,,,
277900,1607.8,0.000004,,,,,,,,
278000,1608.4,0.000005,,,,,,,,
278100,1609.0,0.000006,,,,,,,,
278200,1609.6,0.000010,,,,,,,,
278300,1610.2,0.000004,,,,,,,,
278400,1610.8,0.000006,,,,,,,,
278500,1611.4,0.000009,,,,,,,,
278600,1611.9,0.000008,,,,,,,,
278700,1612.5,0.000007,,,,,,,,
278800,1613.1,0.000010,,,,,,,,
278900,1613.6,0.000005,,,,,,,,
279000,1614.2,0.000005,,,,,,,,
279100,1614.8,0.000006,,,,,,,,
279200,1615.4,0.000006,,,,,,,,
279300,1616.0,0.000009,,,,,,,,
279400,1616.6,0.000006,,,,,,,,
279500,1617.1,0.000008,,,,,,,,
279600,1617.7,0.000005,,,,,,,,
279700,1618.3,0.000009,,,,,,,,
279800,1618.9,0.000004,,,,,,,,
279900,1619.4,0.000008,,,,,,,,
280000,1620.0,0.000005,0.000005,1.616677e-01,1.048530e-02,7.823434e-03,0.000000,1.118038e-01,1.003117e-02,7.580971e-03
280100,1620.4,0.000005,,,,,,,,
280200,1620.9,0.000007,,,,,,,,
280300,1621.5,0.000005,,,,,,,,
280400,1622.1,0.000006,,,,,,,,
280500,1622.7,0.000006,,,,,,,,
280600,1623.2,0.000008,,,,,,,,
280700,1623.8,0.000007,,,,,,,,
280800,1624.4,0.000006,,,,,,,,
280900,1625.0,0.000007,,,,,,,,
281000,1625.5,0.000006,,,,,,,,
281100,1626.1,0.000006,,,,,,,,
281200,1626.7,0.000006,,,,,,,,
281300,1627.2,0.000005,,,,,,,,
281400,1627.8,0.000014,,,,,,,,
281500,1628.4,0.000007,,,,,,,,
281600,1629.0,0.000005,,,,,,,,
281700,1629.6,0.000014,,,,,,,,
281800,1630.2,0.000007,,,,,,,,
281900,1630.7,0.000006,,,,,,,,
282000,1631.3,0.000006,,,,,,,,
282100,1631.8,0.000007,,,,,,,,
282200,1632.5,0.000005,,,,,,,,
282300,1633.1,0.000010,,,,,,,,
282400,1633.6,0.000006,,,,,,,,
282500,1634.2,0.000006,,,,,,,,
282600,1634.8,0.000006,,,,,,,,
282700,1635.4,0.000005,,,,,,,,
282800,1636.0,0.000006,,,,,,,,
282900,1636.5,0.000004,,,,,,,,
283000,1637.1,0.000006,,,,,,,,
283100,1637.7,0.000005,,,,,,,,
283200,1638.3,0.000006,,,,,,,,
283300,1638.9,0.000008,,,,,,,,
283400,1639.5,0.000005,,,,,,,,
283500,1640.1,0.000005,,,,,,,,
283600,1640.6,0.000005,,,,,,,,
283700,1641.2,0.000005,,,,,,,,
283800,1641.8,0.000008,,,,,,,,
283900,1642.4,0.000005,,,,,,,,
284000,1643.0,0.000004,,,,,,,,
284100,1643.5,0.000008,,,,,,,,
284200,1644.1,0.000005,,,,,,,,
284300,1644.7,0.000006,,,,,,,,
284400,1645.3,0.000008,,,,,,,,
284500,1645.9,0.000005,,,,,,,,
284600,1646.5,0.000007,,,,,,,,
284700,1647.1,0.000006,,,,,,,,
284800,1647.6,0.000005,,,,,,,,
284900,1648.2,0.000006,,,,,,,,
285000,1649.0,0.000005,0.000009,2.404209e-01,1.455856e-02,1.182745e-02,0.000000,1.720706e-01,1.421904e-02,1.178061e-02
285100,1649.3,0.000004,,,,,,,,
285200,1649.9,0.000005,,,,,,,,
285300,1650.5,0.000005,,,,,,,,
285400,1651.1,0.000006,,,,,,,,
285500,1651.6,0.000005,,,,,,,,
285600,1652.2,0.000005,,,,,,,,
285700,1652.8,0.000007,,,,,,,,
285800,1653.4,0.000005,,,,,,,,
285900,1653.9,0.000005,,,,,,,,
286000,1654.5,0.000011,,,,,,,,
286100,1655.1,0.000005,,,,,,,,
286200,1655.7,0.000004,,,,,,,,
286300,1656.2,0.000008,,,,,,,,
286400,1656.8,0.000008,,,,,,,,
286500,1657.4,0.000005,,,,,,,,
286600,1657.9,0.000005,,,,,,,,
286700,1658.5,0.000005,,,,,,,,
286800,1659.1,0.000008,,,,,,,,
286900,1659.7,0.000004,,,,,,,,
287000,1660.3,0.000005,,,,,,,,
287100,1660.9,0.000009,,,,,,,,
287200,1661.4,0.000006,,,,,,,,
287300,1662.0,0.000005,,,,,,,,
287400,1662.6,0.000005,,,,,,,,
287500,1663.2,0.000005,,,,,,,,
287600,1663.8,0.000006,,,,,,,,
287700,1664.3,0.000006,,,,,,,,
287800,1664.9,0.000005,,,,,,,,
287900,1665.5,0.000010,,,,,,,,
288000,1666.1,0.000007,,,,,,,,
288100,1666.7,0.000005,,,,,,,,
288200,1667.3,0.000005,,,,,,,,
288300,1667.8,0.000007,,,,,,,,
288400,1668.4,0.000005,,,,,,,,
288500,1669.0,0.000007,,,,,,,,
288600,1669.6,0.000006,,,,,,,,
288700,1670.1,0.000010,,,,,,,,
288800,1670.7,0.000007,,,,,,,,
288900,1671.2,0.000005,,,,,,,,
289000,1671.7,0.000006,,,,,,,,
289100,1672.3,0.000004,,,,,,,,
289200,1672.9,0.000004,,,,,,,,
289300,1673.5,0.000005,,,,,,,,
289400,1674.1,0.000005,,,,,,,,
289500,1674.7,0.000005,,,,,,,,
289600,1675.2,0.000007,,,,,,,,
289700,1675.8,0.000008,,,,,,,,
289800,1676.4,0.000005,,,,,,,,
289900,1676.9,0.000010,,,,,,,,
290000,1677.7,0.000007,0.000006,1.725003e-01,1.127795e-02,8.814741e-03,0.000000,1.285119e-01,1.072300e-02,8.501484e-03
290100,1678.1,0.000008,,,,,,,,
290200,1678.6,0.000008,,,,,,,,
290300,1679.2,0.000008,,,,,,,,
290400,1679.6,0.000009,,,,,,,,
290500,1680.2,0.000008,,,,,,,,
290600,1680.8,0.000008,,,,,,,,
290700,1681.3,0.000004,,,,,,,,
290800,1682.0,0.000005,,,,,,,,
290900,1682.5,0.000008,,,,,,,,
291000,1683.1,0.000006,,,,,,,,
291100,1683.7,0.000007,,,,,,,,
291200,1684.3,0.000005,,,,,,,,
291300,1684.9,0.000006,,,,,,,,
291400,1685.5,0.000006,,,,,,,,
291500,1686.1,0.000007,,,,,,,,
291600,1686.7,0.000010,,,,,,,,
291700,1687.3,0.000004,,,,,,,,
291800,1687.9,0.000007,,,,,,,,
291900,1688.5,0.000004,,,,,,,,
292000,1689.1,0.000006,,,,,,,,
292100,1689.7,0.000006,,,,,,,,
292200,1690.2,0.000005,,,,,,,,
292300,1690.8,0.000004,,,,,,,,
292400,1691.4,0.000003,,,,,,,,
292500,1692.0,0.000005,,,,,,,,
292600,1692.6,0.000013,,,,,,,,
292700,1693.1,0.000005,,,,,,,,
292800,1693.7,0.000004,,,,,,,,
292900,1694.3,0.000005,,,,,,,,
293000,1694.9,0.000005,,,,,,,,
293100,1695.5,0.000005,,,,,,,,
293200,1696.1,0.000005,,,,,,,,
293300,1696.6,0.000007,,,,,,,,
293400,1697.2,0.000006,,,,,,,,
293500,1697.8,0.000005,,,,,,,,
293600,1698.4,0.000008,,,,,,,,
293700,1699.0,0.000006,,,,,,,,
293800,1699.6,0.000005,,,,,,,,
293900,1700.1,0.000005,,,,,,,,
294000,1700.7,0.000005,,,,,,,,
294100,1701.2,0.000005,,,,,,,,
294200,1701.8,0.000005,,,,,,,,
294300,1702.3,0.000008,,,,,,,,
294400,1702.9,0.000004,,,,,,,,
294500,1703.5,0.000006,,,,,,,,
294600,1704.1,0.000004,,,,,,,,
294700,1704.6,0.000006,,,,,,,,
294800,1705.3,0.000006,,,,,,,,
294900,1705.9,0.000007,,,,,,,,
295000,1706.7,0.000006,0.000005,1.685179e-01,9.843601e-03,7.649821e-03,0.000000,1.066643e-01,9.385715e-03,7.418537e-03
295100,1707.0,0.000004,,,,,,,,
295200,1707.6,0.000006,,,,,,,,
295300,1708.2,0.000008,,,,,,,,
295400,1708.8,0.000008,,,,,,,,
295500,1709.4,0.000004,,,,,,,,
295600,1709.9,0.000006,,,,,,,,
295700,1710.5,0.000006,,,,,,,,
295800,1711.1,0.000005,,,,,,,,
295900,1711.7,0.000007,,,,,,,,
296000,1712.2,0.000007,,,,,,,,
296100,1712.9,0.000006,,,,,,,,
296200,1713.4,0.000004,,,,,,,,
296300,1714.0,0.000006,,,,,,,,
296400,1714.6,0.000005,,,,,,,,
296500,1715.2,0.000005,,,,,,,,
296600,1715.8,0.000004,,,,,,,,
296700,1716.4,0.000010,,,,,,,,
296800,1716.9,0.000005,,,,,,,,
296900,1717.5,0.000010,,,,,,,,
297000,1718.0,0.000005,,,,,,,,
297100,1718.6,0.000010,,,,,,,,
297200,1719.2,0.000006,,,,,,,,
297300,1719.8,0.000005,,,,,,,,
297400,1720.4,0.000007,,,,,,,,
297500,1721.0,0.000004,,,,,,,,
297600,1721.6,0.000004,,,,,,,,
297700,1722.1,0.000004,,,,,,,,
297800,1722.7,0.000005,,,,,,,,
297900,1723.2,0.000005,,,,,,,,
298000,1723.8,0.000005,,,,,,,,
298100,1724.4,0.000010,,,,,,,,
298200,1725.0,0.000011,,,,,,,,
298300,1725.6,0.000007,,,,,,,,
298400,1726.1,0.000005,,,,,,,,
298500,1726.8,0.000004,,,,,,,,
298600,1727.3,0.000006,,,,,,,,
298700,1727.9,0.000005,,,,,,,,
298800,1728.5,0.000006,,,,,,,,
298900,1729.1,0.000005,,,,,,,,
299000,1729.7,0.000008,,,,,,,,
299100,1730.3,0.000004,,,,,,,,
299200,1730.8,0.000003,,,,,,,,
299300,1731.4,0.000003,,,,,,,,
299400,1732.0,0.000007,,,,,,,,
299500,1732.6,0.000006,,,,,,,,
299600,1733.2,0.000004,,,,,,,,
299700,1733.7,0.000004,,,,,,,,
299800,1734.3,0.000004,,,,,,,,
299900,1734.9,0.000006,,,,,,,,
300000,1735.7,0.000005,0.000005,1.813157e-01,9.714873e-03,7.526950e-03,0.000000,1.082323e-01,9.245876e-03,7.278632e-03
300100,1736.1,0.000006,,,,,,,,
300200,1736.7,0.000005,,,,,,,,
300300,1737.3,0.000006,,,,,,,,
300400,1737.9,0.000005,,,,,,,,
300500,1738.5,0.000005,,,,,,,,
300600,1739.0,0.000009,,,,,,,,
300700,1739.5,0.000015,,,,,,,,
300800,1740.0,0.000005,,,,,,,,
300900,1740.6,0.000008,,,,,,,,
301000,1741.2,0.000005,,,,,,,,
301100,1741.8,0.000005,,,,,,,,
301200,1742.3,0.000007,,,,,,,,
301300,1742.9,0.000006,,,,,,,,
301400,1743.5,0.000007,,,,,,,,
301500,1744.1,0.000008,,,,,,,,
301600,1744.6,0.000007,,,,,,,,
301700,1745.2,0.000008,,,,,,,,
301800,1745.8,0.000005,,,,,,,,
301900,1746.4,0.000009,,,,,,,,
302000,1747.0,0.000004,,,,,,,,
302100,1747.6,0.000006,,,,,,,,
302200,1748.2,0.000005,,,,,,,,
302300,1748.7,0.000005,,,,,,,,
302400,1749.3,0.000005,,,,,,,,
302500,1749.9,0.000005,,,,,,,,
302600,1750.5,0.000006,,,,,,,,
302700,1751.1,0.000004,,,,,,,,
302800,1751.6,0.000009,,,,,,,,
302900,1752.2,0.000005,,,,,,,,
303000,1752.7,0.000005,,,,,,,,
303100,1753.4,0.000004,,,,,,,,
303200,1754.0,0.000004,,,,,,,,
303300,1754.5,0.000004,,,,,,,,
303400,1755.1,0.000005,,,,,,,,
303500,1755.7,0.000007,,,,,,,,
303600,1756.3,0.000006,,,,,,,,
303700,1756.9,0.000006,,,,,,,,
303800,1757.5,0.000004,,,,,,,,
303900,1758.1,0.000006,,,,,,,,
304000,1758.7,0.000004,,,,,,,,
304100,1759.2,0.000006,,,,,,,,
304200,1759.8,0.000008,,,,,,,,
304300,1760.4,0.000007,,,,,,,,
304400,1761.0,0.000005,,,,,,,,
304500,1761.6,0.000006,,,,,,,,
304600,1762.1,0.000005,,,,,,,,
304700,1762.7,0.000005,,,,,,,,
304800,1763.3,0.000006,,,,,,,,
304900,1763.9,0.000006,,,,,,,,
305000,1764.6,0.000005,0.000007,1.680096e-01,1.195299e-02,9.195465e-03,0.000000,1.290693e-01,1.149697e-02,8.938196e-03
305100,1765.0,0.000007,,,,,,,,
305200,1765.6,0.000005,,,,,,,,
305300,1766.2,0.000008,,,,,,,,
305400,1766.8,0.000006,,,,,,,,
305500,1767.3,0.000005,,,,,,,,
305600,1767.9,0.000004,,,,,,,,
305700,1768.5,0.000006,,,,,,,,
305800,1769.1,0.000006,,,,,,,,
305900,1769.7,0.000004,,,,,,,,
306000,1770.3,0.000008,,,,,,,,
306100,1770.8,0.000006,,,,,,,,
306200,1771.4,0.000012,,,,,,,,
306300,1772.0,0.000005,,,,,,,,
306400,1772.6,0.000005,,,,,,,,
306500,1773.2,0.000009,,,,,,,,
306600,1773.8,0.000005,,,,,,,,
306700,1774.3,0.000006,,,,,,,,
306800,1774.9,0.000005,,,,,,,,
306900,1775.5,0.000005,,,,,,,,
307000,1776.1,0.000007,,,,,,,,
307100,1776.7,0.000005,,,,,,,,
307200,1777.3,0.000005,,,,,,,,
307300,1777.9,0.000004,,,,,,,,
307400,1778.4,0.000006,,,,,,,,
307500,1779.0,0.000004,,,,,,,,
307600,1779.5,0.000005,,,,,,,,
307700,1780.1,0.000004,,,,,,,,
307800,1780.7,0.000005,,,,,,,,
307900,1781.3,0.000007,,,,,,,,
308000,1781.9,0.000008,,,,,,,,
308100,1782.4,0.000007,,,,,,,,
308200,1783.0,0.000010,,,,,,,,
308300,1783.6,0.000014,,,,,,,,
308400,1784.2,0.000004,,,,,,,,
308500,1784.8,0.000005,,,,,,,,
308600,1785.4,0.000006,,,,,,,,
308700,1786.0,0.000005,,,,,,,,
308800,1786.5,0.000005,,,,,,,,
308900,1787.1,0.000004,,,,,,,,
309000,1787.6,0.000005,,,,,,,,
309100,1788.2,0.000007,,,,,,,,
309200,1788.6,0.000005,,,,,,,,
309300,1789.2,0.000008,,,,,,,,
309400,1789.8,0.000009,,,,,,,,
309500,1790.4,0.000004,,,,,,,,
309600,1791.0,0.000005,,,,,,,,
309700,1791.5,0.000007,,,,,,,,
309800,1792.0,0.000005,,,,,,,,
309900,1792.6,0.000004,,,,,,,,
310000,1793.4,0.000004,0.000006,1.573577e-01,1.127896e-02,9.225776e-03,0.000000,1.281266e-01,1.086109e-02,8.884544e-03
310100,1793.7,0.000004,,,,,,,,
310200,1794.3,0.000006,,,,,,,,
310300,1794.9,0.000005,,,,,,,,
310400,1795.4,0.000004,,,,,,,,
310500,1796.0,0.000006,,,,,,,,
310600,1796.6,0.000006,,,,,,,,
310700,1797.2,0.000005,,,,,,,,
310800,1797.7,0.000004,,,,,,,,
310900,1798.3,0.000005,,,,,,,,
311000,1798.9,0.000005,,,,,,,,
311100,1799.5,0.000004,,,,,,,,
311200,1800.1,0.000005,,,,,,,,
311300,1800.7,0.000006,,,,,,,,
311400,1801.3,0.000005,,,,,,,,
311500,1801.9,0.000004,,,,,,,,
311600,1802.5,0.000005,,,,,,,,
311700,1803.1,0.000005,,,,,,,,
311800,1803.7,0.000005,,,,,,,,
311900,1804.3,0.000005,,,,,,,,
312000,1804.8,0.000004,,,,,,,,
312100,1805.4,0.000006,,,,,,,,
312200,1806.0,0.000006,,,,,,,,
312300,1806.6,0.000006,,,,,,,,
312400,1807.2,0.000006,,,,,,,,
312500,1807.7,0.000007,,,,,,,,
312600,1808.3,0.000008,,,,,,,,
312700,1808.9,0.000006,,,,,,,,
312800,1809.5,0.000007,,,,,,,,
312900,1810.1,0.000005,,,,,,,,
313000,1810.7,0.000006,,,,,,,,
313100,1811.3,0.000016,,,,,,,,
313200,1811.8,0.000005,,,,,,,,
313300,1812.4,0.000005,,,,,,,,
313400,1813.1,0.000005,,,,,,,,
313500,1813.6,0.000007,,,,,,,,
313600,1814.2,0.000006,,,,,,,,
313700,1814.8,0.000005,,,,,,,,
313800,1815.4,0.000004,,,,,,,,
313900,1816.0,0.000004,,,,,,,,
314000,1816.6,0.000004,,,,,,,,
314100,1817.1,0.000005,,,,,,,,
314200,1817.7,0.000005,,,,,,,,
314300,1818.3,0.000004,,,,,,,,
314400,1818.8,0.000007,,,,,,,,
314500,1819.4,0.000004,,,,,,,,
314600,1820.0,0.000006,,,,,,,,
314700,1820.6,0.000006,,,,,,,,
314800,1821.2,0.000006,,,,,,,,
314900,1821.7,0.000007,,,,,,,,
315000,1822.5,0.000004,0.000004,1.565385e-01,9.568768e-03,7.456281e-03,0.000000,1.051364e-01,9.114911e-03,7.257548e-03
315100,1822.9,0.000004,,,,,,,,
315200,1823.4,0.000005,,,,,,,,
315300,1824.0,0.000005,,,,,,,,
315400,1824.6,0.000006,,,,,,,,
315500,1825.2,0.000005,,,,,,,,
315600,1825.8,0.000006,,,,,,,,
315700,1826.4,0.000004,,,,,,,,
315800,1826.9,0.000010,,,,,,,,
315900,1827.5,0.000005,,,,,,,,
316000,1828.1,0.000005,,,,,,,,
316100,1828.7,0.000005,,,,,,,,
316200,1829.3,0.000008,,,,,,,,
316300,1829.9,0.000004,,,,,,,,
316400,1830.5,0.000004,,,,,,,,
316500,1831.0,0.000004,,,,,,,,
316600,1831.6,0.000005,,,,,,,,
316700,1832.2,0.000003,,,,,,,,
316800,1832.8,0.000005,,,,,,,,
316900,1833.4,0.000005,,,,,,,,
317000,1833.9,0.000012,,,,,,,,
317100,1834.5,0.000004,,,,,,,,
317200,1835.1,0.000005,,,,,,,,
317300,1835.7,0.000006,,,,,,,,
317400,1836.3,0.000005,,,,,,,,
317500,1836.9,0.000004,,,,,,,,
317600,1837.5,0.000009,,,,,,,,
317700,1838.0,0.000004,,,,,,,,
317800,1838.6,0.000011,,,,,,,,
317900,1839.1,0.000004,,,,,,,,
318000,1839.7,0.000005,,,,,,,,
318100,1840.3,0.000004,,,,,,,,
318200,1840.8,0.000004,,,,,,,,
318300,1841.4,0.000004,,,,,,,,
318400,1842.0,0.000004,,,,,,,,
318500,1842.5,0.000005,,,,,,,,
318600,1843.1,0.000005,,,,,,,,
318700,1843.5,0.000005,,,,,,,,
318800,1844.1,0.000005,,,,,,,,
318900,1844.7,0.000005,,,,,,,,
319000,1845.2,0.000006,,,,,,,,
319100,1845.8,0.000005,,,,,,,,
319200,1846.4,0.000006,,,,,,,,
319300,1847.0,0.000004,,,,,,,,
319400,1847.6,0.000005,,,,,,,,
319500,1848.1,0.000006,,,,,,,,
319600,1848.7,0.000005,,,,,,,,
319700,1849.2,0.000005,,,,,,,,
319800,1849.8,0.000004,,,,,,,,
319900,1850.4,0.000006,,,,,,,,
320000,1851.2,0.000004,0.000004,1.704581e-01,9.247604e-03,6.960837e-03,0.000000,1.051923e-01,8.634162e-03,6.605732e-03
320100,1851.5,0.000007,,,,,,,,
320200,1852.1,0.000004,,,,,,,,
320300,1852.6,0.000005,,,,,,,,
320400,1853.2,0.000005,,,,,,,,
320500,1853.7,0.000007,,,,,,,,
320600,1854.3,0.000005,,,,,,,,
320700,1854.9,0.000005,,,,,,,,
320800,1855.4,0.000006,,,,,,,,
320900,1856.0,0.000004,,,,,,,,
321000,1856.6,0.000004,,,,,,,,
321100,1857.2,0.000005,,,,,,,,
321200,1857.8,0.000004,,,,,,,,
321300,1858.4,0.000005,,,,,,,,
321400,1858.9,0.000004,,,,,,,,
321500,1859.5,0.000009,,,,,,,,
321600,1860.1,0.000007,,,,,,,,
321700,1860.7,0.000005,,,,,,,,
321800,1861.3,0.000004,,,,,,,,
321900,1861.9,0.000005,,,,,,,,
322000,1862.5,0.000005,,,,,,,,
322100,1863.0,0.000005,,,,,,,,
322200,1863.6,0.000007,,,,,,,,
322300,1864.2,0.000004,,,,,,,,
322400,1864.8,0.000005,,,,,,,,
322500,1865.3,0.000004,,,,,,,,
322600,1865.9,0.000005,,,,,,,,
322700,1866.5,0.000005,,,,,,,,
322800,1867.1,0.000005,,,,,,,,
322900,1867.6,0.000005,,,,,,,,
323000,1868.2,0.000005,,,,,,,,
323100,1868.8,0.000005,,,,,,,,
323200,1869.4,0.000009,,,,,,,,
323300,1869.9,0.000004,,,,,,,,
323400,1870.5,0.000004,,,,,,,,
323500,1871.1,0.000005,,,,,,,,
323600,1871.6,0.000006,,,,,,,,
323700,1872.2,0.000006,,,,,,,,
323800,1872.8,0.000005,,,,,,,,
323900,1873.4,0.000006,,,,,,,,
324000,1874.0,0.000004,,,,,,,,
324100,1874.5,0.000005,,,,,,,,
324200,1875.1,0.000004,,,,,,,,
324300,1875.7,0.000004,,,,,,,,
324400,1876.3,0.000004,,,,,,,,
324500,1876.9,0.000005,,,,,,,,
324600,1877.5,0.000005,,,,,,,,
324700,1878.1,0.000006,,,,,,,,
324800,1878.7,0.000004,,,,,,,,
324900,1879.3,0.000006,,,,,,,,
325000,1880.0,0.000006,0.000007,2.226654e-01,1.171197e-02,8.793880e-03,0.000000,1.422436e-01,1.111626e-02,8.577016e-03
325100,1880.4,0.000004,,,,,,,,
325200,1881.0,0.000004,,,,,,,,
325300,1881.5,0.000005,,,,,,,,
325400,1882.1,0.000004,,,,,,,,
325500,1882.7,0.000004,,,,,,,,
325600,1883.3,0.000006,,,,,,,,
325700,1883.8,0.000007,,,,,,,,
325800,1884.4,0.000003,,,,,,,,
325900,1885.0,0.000006,,,,,,,,
326000,1885.6,0.000005,,,,,,,,
326100,1886.2,0.000006,,,,,,,,
326200,1886.7,0.000004,,,,,,,,
326300,1887.3,0.000006,,,,,,,,
326400,1887.9,0.000004,,,,,,,,
326500,1888.5,0.000005,,,,,,,,
326600,1889.1,0.000005,,,,,,,,
326700,1889.6,0.000005,,,,,,,,
326800,1890.2,0.000005,,,,,,,,
326900,1890.8,0.000009,,,,,,,,
327000,1891.4,0.000006,,,,,,,,
327100,1892.0,0.000004,,,,,,,,
327200,1892.6,0.000005,,,,,,,,
327300,1893.2,0.000004,,,,,,,,
327400,1893.7,0.000004,,,,,,,,
327500,1894.3,0.000005,,,,,,,,
327600,1894.9,0.000006,,,,,,,,
327700,1895.5,0.000004,,,,,,,,
327800,1896.0,0.000005,,,,,,,,
327900,1896.6,0.000004,,,,,,,,
328000,1897.2,0.000007,,,,,,,,
328100,1897.8,0.000003,,,,,,,,
328200,1898.3,0.000005,,,,,,,,
328300,1898.9,0.000003,,,,,,,,
328400,1899.5,0.000004,,,,,,,,
328500,1900.1,0.000009,,,,,,,,
328600,1900.6,0.000004,,,,,,,,
328700,1901.2,0.000008,,,,,,,,
328800,1901.8,0.000003,,,,,,,,
328900,1902.3,0.000013,,,,,,,,
329000,1902.9,0.000004,,,,,,,,
329100,1903.5,0.000004,,,,,,,,
329200,1904.1,0.000004,,,,,,,,
329300,1904.7,0.000004,,,,,,,,
329400,1905.3,0.000006,,,,,,,,
329500,1905.9,0.000004,,,,,,,,
329600,1906.5,0.000005,,,,,,,,
329700,1907.0,0.000005,,,,,,,,
329800,1907.6,0.000005,,,,,,,,
329900,1908.1,0.000003,,,,,,,,
330000,1908.9,0.000004,0.000005,1.497739e-01,9.988393e-03,7.361774e-03,0.000000,1.286094e-01,9.565228e-03,7.114271e-03
330100,1909.3,0.000003,,,,,,,,
330200,1909.9,0.000005,,,,,,,,
330300,1910.4,0.000004,,,,,,,,
330400,1911.0,0.000005,,,,,,,,
330500,1911.6,0.000005,,,,,,,,
330600,1912.2,0.000004,,,,,,,,
330700,1912.8,0.000006,,,,,,,,
330800,1913.4,0.000004,,,,,,,,
330900,1913.9,0.000004,,,,,,,,
331000,1914.5,0.000004,,,,,,,,
331100,1915.1,0.000006,,,,,,,,
331200,1915.7,0.000006,,,,,,,,
331300,1916.2,0.000005,,,,,,,,
331400,1916.8,0.000007,,,,,,,,
331500,1917.4,0.000004,,,,,,,,
331600,1918.0,0.000005,,,,,,,,
331700,1918.6,0.000004,,,,,,,,
331800,1919.2,0.000004,,,,,,,,
331900,1919.6,0.000006,,,,,,,,
332000,1920.2,0.000005,,,,,,,,
332100,1920.7,0.000006,,,,,,,,
332200,1921.3,0.000004,,,,,,,,
332300,1921.9,0.000004,,,,,,,,
332400,1922.5,0.000005,,,,,,,,
332500,1923.1,0.000004,,,,,,,,
332600,1923.7,0.000005,,,,,,,,
332700,1924.2,0.000004,,,,,,,,
332800,1924.8,0.000005,,,,,,,,
332900,1925.4,0.000006,,,,,,,,
333000,1925.9,0.000004,,,,,,,,
333100,1926.5,0.000008,,,,,,,,
333200,1927.1,0.000007,,,,,,,,
333300,1927.7,0.000004,,,,,,,,
333400,1928.4,0.000004,,,,,,,,
333500,1928.9,0.000004,,,,,,,,
333600,1929.5,0.000003,,,,,,,,
333700,1930.1,0.000005,,,,,,,,
333800,1930.7,0.000005,,,,,,,,
333900,1931.2,0.000004,,,,,,,,
334000,1931.8,0.000004,,,,,,,,
334100,1932.4,0.000004,,,,,,,,
334200,1933.0,0.000003,,,,,,,,
334300,1933.6,0.000004,,,,,,,,
334400,1934.2,0.000004,,,,,,,,
334500,1934.7,0.000004,,,,,,,,
334600,1935.3,0.000006,,,,,,,,
334700,1936.0,0.000005,,,,,,,,
334800,1936.5,0.000004,,,,,,,,
334900,1937.1,0.000005,,,,,,,,
335000,1937.9,0.000005,0.000006,1.973718e-01,1.127281e-02,9.198783e-03,0.000000,1.401530e-01,1.091579e-02,9.058370e-03
335100,1938.2,0.000004,,,,,,,,
335200,1938.8,0.000007,,,,,,,,
335300,1939.4,0.000004,,,,,,,,
335400,1940.0,0.000004,,,,,,,,
335500,1940.6,0.000007,,,,,,,,
335600,1941.1,0.000006,,,,,,,,
335700,1941.7,0.000005,,,,,,,,
335800,1942.3,0.000004,,,,,,,,
335900,1942.9,0.000004,,,,,,,,
336000,1943.4,0.000006,,,,,,,,
336100,1944.0,0.000004,,,,,,,,
336200,1944.6,0.000004,,,,,,,,
336300,1945.2,0.000006,,,,,,,,
336400,1945.8,0.000005,,,,,,,,
336500,1946.3,0.000006,,,,,,,,
336600,1946.9,0.000004,,,,,,,,
336700,1947.5,0.000004,,,,,,,,
336800,1948.0,0.000004,,,,,,,,
336900,1948.6,0.000005,,,,,,,,
337000,1949.2,0.000008,,,,,,,,
337100,1949.8,0.000005,,,,,,,,
337200,1950.3,0.000003,,,,,,,,
337300,1950.9,0.000004,,,,,,,,
337400,1951.5,0.000007,,,,,,,,
337500,1952.1,0.000004,,,,,,,,
337600,1952.7,0.000004,,,,,,,,
337700,1953.2,0.000003,,,,,,,,
337800,1953.8,0.000004,,,,,,,,
337900,1954.4,0.000005,,,,,,,,
338000,1955.0,0.000003,,,,,,,,
338100,1955.6,0.000004,,,,,,,,
338200,1956.1,0.000008,,,,,,,,
338300,1956.7,0.000004,,,,,,,,
338400,1957.3,0.000005,,,,,,,,
338500,1957.9,0.000004,,,,,,,,
338600,1958.5,0.000004,,,,,,,,
338700,1959.1,0.000006,,,,,,,,
338800,1959.7,0.000004,,,,,,,,
338900,1960.2,0.000004,,,,,,,,
339000,1960.8,0.000005,,,,,,,,
339100,1961.4,0.000006,,,,,,,,
339200,1962.0,0.000004,,,,,,,,
339300,1962.6,0.000005,,,,,,,,
339400,1963.2,0.000005,,,,,,,,
339500,1963.7,0.000005,,,,,,,,
339600,1964.3,0.000003,,,,,,,,
339700,1964.9,0.000006,,,,,,,,
339800,1965.5,0.000005,,,,,,,,
339900,1966.1,0.000007,,,,,,,,
340000,1966.8,0.000005,0.000004,1.589056e-01,8.893488e-03,6.724735e-03,0.000000,1.004034e-01,8.375302e-03,6.464254e-03
340100,1967.2,0.000004,,,,,,,,
340200,1967.7,0.000005,,,,,,,,
340300,1968.3,0.000004,,,,,,,,
340400,1968.9,0.000003,,,,,,,,
340500,1969.5,0.000005,,,,,,,,
340600,1970.0,0.000003,,,,,,,,
340700,1970.6,0.000004,,,,,,,,
340800,1971.2,0.000004,,,,,,,,
340900,1971.8,0.000004,,,,,,,,
341000,1972.4,0.000004,,,,,,,,
341100,1973.0,0.000004,,,,,,,,
341200,1973.6,0.000004,,,,,,,,
341300,1974.2,0.000004,,,,,,,,
341400,1974.8,0.000004,,,,,,,,
341500,1975.4,0.000004,,,,,,,,
341600,1975.9,0.000004,,,,,,,,
341700,1976.5,0.000005,,,,,,,,
341800,1977.1,0.000004,,,,,,,,
341900,1977.7,0.000004,,,,,,,,
342000,1978.2,0.000004,,,,,,,,
342100,1978.8,0.000006,,,,,,,,
342200,1979.4,0.000005,,,,,,,,
342300,1979.7,0.000005,,,,,,,,
342400,1980.3,0.000004,,,,,,,,
342500,1980.9,0.000006,,,,,,,,
342600,1981.5,0.000004,,,,,,,,
342700,1982.1,0.000005,,,,,,,,
342800,1982.7,0.000004,,,,,,,,
342900,1983.3,0.000004,,,,,,,,
343000,1983.9,0.000004,,,,,,,,
343100,1984.4,0.000005,,,,,,,,
343200,1985.0,0.000004,,,,,,,,
343300,1985.6,0.000004,,,,,,,,
343400,1986.2,0.000005,,,,,,,,
343500,1986.8,0.000004,,,,,,,,
343600,1987.4,0.000004,,,,,,,,
343700,1987.9,0.000004,,,,,,,,
343800,1988.5,0.000003,,,,,,,,
343900,1989.1,0.000006,,,,,,,,
344000,1989.7,0.000004,,,,,,,,
344100,1990.2,0.000004,,,,,,,,
344200,1990.8,0.000006,,,,,,,,
344300,1991.4,0.000003,,,,,,,,
344400,1992.0,0.000004,,,,,,,,
344500,1992.6,0.000004,,,,,,,,
344600,1993.1,0.000003,,,,,,,,
344700,1993.7,0.000005,,,,,,,,
344800,1994.3,0.000004,,,,,,,,
344900,1994.9,0.000004,,,,,,,,
345000,1995.7,0.000003,0.000004,1.670302e-01,9.383911e-03,7.331292e-03,0.000000,1.118120e-01,8.876655e-03,7.073415e-03
345100,1996.0,0.000003,,,,,,,,
345200,1996.6,0.000005,,,,,,,,
345300,1997.1,0.000006,,,,,,,,
345400,1997.7,0.000004,,,,,,,,
345500,1998.3,0.000004,,,,,,,,
345600,1998.9,0.000003,,,,,,,,
345700,1999.5,0.000004,,,,,,,,
345800,2000.1,0.000003,,,,,,,,
345900,2000.6,0.000003,,,,,,,,
346000,2001.2,0.000005,,,,,,,,
346100,2001.8,0.000003,,,,,,,,
346200,2002.4,0.000005,,,,,,,,
346300,2003.0,0.000004,,,,,,,,
346400,2003.6,0.000004,,,,,,,,
346500,2004.2,0.000005,,,,,,,,
346600,2004.7,0.000004,,,,,,,,
346700,2005.3,0.000005,,,,,,,,
346800,2005.9,0.000003,,,,,,,,
346900,2006.5,0.000005,,,,,,,,
347000,2007.1,0.000003,,,,,,,,
347100,2007.7,0.000006,,,,,,,,
347200,2008.3,0.000003,,,,,,,,
347300,2008.9,0.000004,,,,,,,,
347400,2009.5,0.000004,,,,,,,,
347500,2010.1,0.000003,,,,,,,,
347600,2010.6,0.000004,,,,,,,,
347700,2011.2,0.000005,,,,,,,,
347800,2011.8,0.000006,,,,,,,,
347900,2012.4,0.000003,,,,,,,,
348000,2012.9,0.000005,,,,,,,,
348100,2013.5,0.000005,,,,,,,,
348200,2014.2,0.000005,,,,,,,,
348300,2014.7,0.000004,,,,,,,,
348400,2015.5,0.000004,,,,,,,,
348500,2016.0,0.000006,,,,,,,,
348600,2016.6,0.000004,,,,,,,,
348700,2017.1,0.000003,,,,,,,,
348800,2017.7,0.000003,,,,,,,,
348900,2018.3,0.000005,,,,,,,,
349000,2018.9,0.000007,,,,,,,,
349100,2019.4,0.000004,,,,,,,,
349200,2020.0,0.000005,,,,,,,,
349300,2020.6,0.000004,,,,,,,,
349400,2021.2,0.000005,,,,,,,,
349500,2021.8,0.000004,,,,,,,,
349600,2022.3,0.000003,,,,,,,,
349700,2022.9,0.000004,,,,,,,,
349800,2023.5,0.000004,,,,,,,,
349900,2024.1,0.000004,,,,,,,,
350000,2024.8,0.000004,0.000004,1.682654e-01,8.834416e-03,6.693835e-03,0.000000,1.124917e-01,8.318208e-03,6.438650e-03
350100,2025.2,0.000004,,,,,,,,
350200,2025.8,0.000006,,,,,,,,
350300,2026.5,0.000004,,,,,,,,
350400,2027.0,0.000003,,,,,,,,
350500,2027.6,0.000005,,,,,,,,
350600,2028.1,0.000004,,,,,,,,
350700,2028.7,0.000004,,,,,,,,
350800,2029.3,0.000005,,,,,,,,
350900,2029.9,0.000005,,,,,,,,
351000,2030.5,0.000004,,,,,,,,
351100,2031.0,0.000006,,,,,,,,
351200,2031.6,0.000003,,,,,,,,
351300,2032.2,0.000003,,,,,,,,
351400,2032.8,0.000005,,,,,,,,
351500,2033.3,0.000006,,,,,,,,
351600,2033.9,0.000004,,,,,,,,
351700,2034.5,0.000004,,,,,,,,
351800,2035.1,0.000004,,,,,,,,
351900,2035.7,0.000006,,,,,,,,
352000,2036.3,0.000004,,,,,,,,
352100,2036.9,0.000004,,,,,,,,
352200,2037.4,0.000006,,,,,,,,
352300,2038.0,0.000005,,,,,,,,
352400,2038.7,0.000004,,,,,,,,
352500,2039.2,0.000004,,,,,,,,
352600,2039.6,0.000004,,,,,,,,
352700,2040.1,0.000005,,,,,,,,
352800,2040.8,0.000004,,,,,,,,
352900,2041.3,0.000006,,,,,,,,
353000,2041.9,0.000004,,,,,,,,
353100,2042.4,0.000003,,,,,,,,
353200,2043.0,0.000003,,,,,,,,
353300,2043.6,0.000005,,,,,,,,
353400,2044.1,0.000003,,,,,,,,
353500,2044.7,0.000004,,,,,,,,
353600,2045.3,0.000004,,,,,,,,
353700,2045.9,0.000003,,,,,,,,
353800,2046.5,0.000008,,,,,,,,
353900,2047.1,0.000003,,,,,,,,
354000,2047.7,0.000007,,,,,,,,
354100,2048.3,0.000004,,,,,,,,
354200,2048.9,0.000003,,,,,,,,
354300,2049.4,0.000005,,,,,,,,
354400,2050.0,0.000003,,,,,,,,
354500,2050.6,0.000004,,,,,,,,
354600,2051.2,0.000006,,,,,,,,
354700,2051.7,0.000003,,,,,,,,
354800,2052.3,0.000005,,,,,,,,
354900,2052.9,0.000003,,,,,,,,
355000,2053.6,0.000004,0.000004,1.521946e-01,8.697650e-03,6.519218e-03,0.000000,1.003816e-01,8.169971e-03,6.247843e-03
355100,2054.0,0.000003,,,,,,,,
355200,2054.5,0.000005,,,,,,,,
355300,2055.1,0.000004,,,,,,,,
355400,2055.7,0.000003,,,,,,,,
355500,2056.3,0.000004,,,,,,,,
355600,2056.9,0.000005,,,,,,,,
355700,2057.5,0.000005,,,,,,,,
355800,2058.0,0.000004,,,,,,,,
355900,2058.6,0.000005,,,,,,,,
356000,2059.2,0.000004,,,,,,,,
356100,2059.8,0.000004,,,,,,,,
356200,2060.4,0.000005,,,,,,,,
356300,2061.0,0.000006,,,,,,,,
356400,2061.6,0.000003,,,,,,,,
356500,2062.2,0.000004,,,,,,,,
356600,2062.7,0.000005,,,,,,,,
356700,2063.3,0.000003,,,,,,,,
356800,2063.9,0.000004,,,,,,,,
356900,2064.5,0.000004,,,,,,,,
357000,2065.1,0.000005,,,,,,,,
357100,2065.6,0.000004,,,,,,,,
357200,2066.2,0.000005,,,,,,,,
357300,2066.8,0.000005,,,,,,,,
357400,2067.4,0.000004,,,,,,,,
357500,2068.0,0.000004,,,,,,,,
357600,2068.5,0.000004,,,,,,,,
357700,2069.1,0.000004,,,,,,,,
357800,2069.7,0.000004,,,,,,,,
357900,2070.3,0.000003,,,,,,,,
358000,2070.9,0.000004,,,,,,,,
358100,2071.5,0.000004,,,,,,,,
358200,2072.1,0.000003,,,,,,,,
358300,2072.6,0.000004,,,,,,,,
358400,2073.2,0.000004,,,,,,,,
358500,2073.8,0.000003,,,,,,,,
358600,2074.4,0.000003,,,,,,,,
358700,2075.0,0.000003,,,,,,,,
358800,2075.6,0.000007,,,,,,,,
358900,2076.2,0.000005,,,,,,,,
359000,2076.8,0.000004,,,,,,,,
359100,2077.4,0.000004,,,,,,,,
359200,2078.0,0.000004,,,,,,,,
359300,2078.5,0.000003,,,,,,,,
359400,2079.1,0.000004,,,,,,,,
359500,2079.7,0.000004,,,,,,,,
359600,2080.2,0.000004,,,,,,,,
359700,2080.8,0.000003,,,,,,,,
359800,2081.4,0.000004,,,,,,,,
359900,2082.0,0.000005,,,,,,,,
360000,2082.7,0.000003,0.000004,1.858380e-01,8.739521e-03,6.503023e-03,0.000000,1.263297e-01,8.155804e-03,6.212916e-03
360100,2083.0,0.000004,,,,,,,,
360200,2083.6,0.000004,,,,,,,,
360300,2084.2,0.000004,,,,,,,,
360400,2084.8,0.000006,,,,,,,,
360500,2085.4,0.000004,,,,,,,,
360600,2086.0,0.000003,,,,,,,,
360700,2086.5,0.000006,,,,,,,,
360800,2087.1,0.000003,,,,,,,,
360900,2087.6,0.000004,,,,,,,,
361000,2088.2,0.000003,,,,,,,,
361100,2088.5,0.000003,,,,,,,,
361200,2089.1,0.000006,,,,,,,,
361300,2089.7,0.000004,,,,,,,,
361400,2090.4,0.000004,,,,,,,,
361500,2090.9,0.000003,,,,,,,,
361600,2091.5,0.000003,,,,,,,,
361700,2092.1,0.000003,,,,,,,,
361800,2092.7,0.000004,,,,,,,,
361900,2093.2,0.000004,,,,,,,,
362000,2093.8,0.000003,,,,,,,,
362100,2094.4,0.000005,,,,,,,,
362200,2095.0,0.000004,,,,,,,,
362300,2095.5,0.000003,,,,,,,,
362400,2096.1,0.000003,,,,,,,,
362500,2096.7,0.000004,,,,,,,,
362600,2097.3,0.000003,,,,,,,,
362700,2097.9,0.000004,,,,,,,,
362800,2098.4,0.000006,,,,,,,,
362900,2099.0,0.000004,,,,,,,,
363000,2099.6,0.000004,,,,,,,,
363100,2100.2,0.000004,,,,,,,,
363200,2100.7,0.000003,,,,,,,,
363300,2101.3,0.000004,,,,,,,,
363400,2101.9,0.000004,,,,,,,,
363500,2102.5,0.000008,,,,,,,,
363600,2103.0,0.000005,,,,,,,,
363700,2103.6,0.000006,,,,,,,,
363800,2104.2,0.000005,,,,,,,,
363900,2104.8,0.000004,,,,,,,,
364000,2105.4,0.000004,,,,,,,,
364100,2106.0,0.000004,,,,,,,,
364200,2106.6,0.000003,,,,,,,,
364300,2107.1,0.000003,,,,,,,,
364400,2107.8,0.000004,,,,,,,,
364500,2108.4,0.000006,,,,,,,,
364600,2108.9,0.000007,,,,,,,,
364700,2109.5,0.000006,,,,,,,,
364800,2110.1,0.000003,,,,,,,,
364900,2110.7,0.000004,,,,,,,,
365000,2111.5,0.000004,0.000004,1.581175e-01,8.861256e-03,6.560604e-03,0.000000,1.173281e-01,8.300089e-03,6.288089e-03
365100,2111.9,0.000003,,,,,,,,
365200,2112.5,0.000006,,,,,,,,
365300,2113.1,0.000003,,,,,,,,
365400,2113.7,0.000004,,,,,,,,
365500,2114.3,0.000003,,,,,,,,
365600,2114.9,0.000003,,,,,,,,
365700,2115.5,0.000005,,,,,,,,
365800,2116.0,0.000005,,,,,,,,
365900,2116.6,0.000004,,,,,,,,
366000,2117.2,0.000004,,,,,,,,
366100,2117.8,0.000004,,,,,,,,
366200,2118.3,0.000003,,,,,,,,
366300,2118.9,0.000004,,,,,,,,
366400,2119.5,0.000003,,,,,,,,
366500,2120.1,0.000004,,,,,,,,
366600,2120.6,0.000003,,,,,,,,
366700,2121.2,0.000004,,,,,,,,
366800,2121.8,0.000004,,,,,,,,
366900,2122.4,0.000003,,,,,,,,
367000,2122.9,0.000004,,,,,,,,
367100,2123.5,0.000005,,,,,,,,
367200,2124.1,0.000003,,,,,,,,
367300,2124.7,0.000004,,,,,,,,
367400,2125.3,0.000004,,,,,,,,
367500,2125.9,0.000003,,,,,,,,
367600,2126.5,0.000008,,,,,,,,
367700,2127.1,0.000003,,,,,,,,
367800,2127.7,0.000004,,,,,,,,
367900,2128.2,0.000005,,,,,,,,
368000,2128.8,0.000005,,,,,,,,
368100,2129.4,0.000005,,,,,,,,
368200,2130.0,0.000004,,,,,,,,
368300,2130.6,0.000005,,,,,,,,
368400,2131.2,0.000003,,,,,,,,
368500,2131.7,0.000004,,,,,,,,
368600,2132.3,0.000003,,,,,,,,
368700,2132.9,0.000005,,,,,,,,
368800,2133.5,0.000003,,,,,,,,
368900,2134.1,0.000004,,,,,,,,
369000,2134.7,0.000003,,,,,,,,
369100,2135.3,0.000004,,,,,,,,
369200,2135.8,0.000006,,,,,,,,
369300,2136.4,0.000004,,,,,,,,
369400,2137.0,0.000004,,,,,,,,
369500,2137.6,0.000003,,,,,,,,
369600,2138.2,0.000003,,,,,,,,
369700,2138.7,0.000003,,,,,,,,
369800,2139.3,0.000004,,,,,,,,
369900,2139.9,0.000004,,,,,,,,
370000,2140.7,0.000003,0.000004,1.616811e-01,9.050664e-03,7.119315e-03,0.000000,1.059965e-01,8.473729e-03,6.840003e-03
370100,2141.0,0.000004,,,,,,,,
370200,2141.6,0.000003,,,,,,,,
370300,2142.2,0.000005,,,,,,,,
370400,2142.8,0.000003,,,,,,,,
370500,2143.3,0.000003,,,,,,,,
370600,2143.8,0.000005,,,,,,,,
370700,2144.4,0.000003,,,,,,,,
370800,2145.0,0.000005,,,,,,,,
370900,2145.6,0.000004,,,,,,,,
371000,2146.1,0.000004,,,,,,,,
371100,2146.7,0.000003,,,,,,,,
371200,2147.3,0.000004,,,,,,,,
371300,2147.9,0.000004,,,,,,,,
371400,2148.5,0.000004,,,,,,,,
371500,2149.1,0.000004,,,,,,,,
371600,2149.7,0.000003,,,,,,,,
371700,2150.2,0.000004,,,,,,,,
371800,2150.9,0.000003,,,,,,,,
371900,2151.5,0.000003,,,,,,,,
372000,2152.0,0.000004,,,,,,,,
372100,2152.6,0.000004,,,,,,,,
372200,2153.2,0.000004,,,,,,,,
372300,2153.8,0.000003,,,,,,,,
372400,2154.3,0.000003,,,,,,,,
372500,2154.9,0.000003,,,,,,,,
372600,2155.5,0.000004,,,,,,,,
372700,2156.1,0.000003,,,,,,,,
372800,2156.7,0.000004,,,,,,,,
372900,2157.3,0.000003,,,,,,,,
373000,2157.8,0.000003,,,,,,,,
373100,2158.4,0.000003,,,,,,,,
373200,2159.0,0.000003,,,,,,,,
373300,2159.6,0.000003,,,,,,,,
373400,2160.2,0.000003,,,,,,,,
373500,2160.7,0.000004,,,,,,,,
373600,2161.3,0.000005,,,,,,,,
373700,2161.9,0.000003,,,,,,,,
373800,2162.4,0.000004,,,,,,,,
373900,2163.0,0.000004,,,,,,,,
374000,2163.6,0.000003,,,,,,,,
374100,2164.2,0.000004,,,,,,,,
374200,2164.8,0.000004,,,,,,,,
374300,2165.4,0.000003,,,,,,,,
374400,2166.0,0.000003,,,,,,,,
374500,2166.5,0.000004,,,,,,,,
374600,2167.1,0.000003,,,,,,,,
374700,2167.7,0.000006,,,,,,,,
374800,2168.3,0.000005,,,,,,,,
374900,2168.9,0.000003,,,,,,,,
375000,2169.6,0.000002,0.000004,1.613476e-01,8.962899e-03,6.919842e-03,0.000000,1.077247e-01,8.427629e-03,6.674700e-03
375100,2170.0,0.000004,,,,,,,,
375200,2170.6,0.000004,,,,,,,,
375300,2171.2,0.000004,,,,,,,,
375400,2171.7,0.000004,,,,,,,,
375500,2172.3,0.000004,,,,,,,,
375600,2172.9,0.000005,,,,,,,,
375700,2173.4,0.000004,,,,,,,,
375800,2174.0,0.000003,,,,,,,,
375900,2174.6,0.000003,,,,,,,,
376000,2175.1,0.000003,,,,,,,,
376100,2175.7,0.000005,,,,,,,,
376200,2176.3,0.000005,,,,,,,,
376300,2176.8,0.000004,,,,,,,,
376400,2177.4,0.000005,,,,,,,,
376500,2178.0,0.000003,,,,,,,,
376600,2178.6,0.000004,,,,,,,,
376700,2179.2,0.000003,,,,,,,,
376800,2179.8,0.000003,,,,,,,,
376900,2180.4,0.000004,,,,,,,,
377000,2181.0,0.000003,,,,,,,,
377100,2181.6,0.000004,,,,,,,,
377200,2182.2,0.000003,,,,,,,,
377300,2182.7,0.000003,,,,,,,,
377400,2183.3,0.000003,,,,,,,,
377500,2183.9,0.000003,,,,,,,,
377600,2184.5,0.000004,,,,,,,,
377700,2185.1,0.000004,,,,,,,,
377800,2185.6,0.000003,,,,,,,,
377900,2186.3,0.000003,,,,,,,,
378000,2186.8,0.000006,,,,,,,,
378100,2187.4,0.000004,,,,,,,,
378200,2187.9,0.000003,,,,,,,,
378300,2188.5,0.000003,,,,,,,,
378400,2189.1,0.000004,,,,,,,,
378500,2189.7,0.000003,,,,,,,,
378600,2190.3,0.000003,,,,,,,,
378700,2190.9,0.000003,,,,,,,,
378800,2191.5,0.000009,,,,,,,,
378900,2192.1,0.000003,,,,,,,,
379000,2192.7,0.000004,,,,,,,,
379100,2193.2,0.000003,,,,,,,,
379200,2193.8,0.000003,,,,,,,,
379300,2194.4,0.000003,,,,,,,,
379400,2195.0,0.000004,,,,,,,,
379500,2195.6,0.000005,,,,,,,,
379600,2196.2,0.000003,,,,,,,,
379700,2196.7,0.000003,,,,,,,,
379800,2197.3,0.000003,,,,,,,,
379900,2197.9,0.000003,,,,,,,,
380000,2198.6,0.000003,0.000004,1.564288e-01,8.551414e-03,6.425194e-03,0.000000,1.016743e-01,8.020675e-03,6.178083e-03
380100,2199.0,0.000003,,,,,,,,
380200,2199.6,0.000004,,,,,,,,
380300,2200.1,0.000003,,,,,,,,
380400,2200.7,0.000003,,,,,,,,
380500,2201.3,0.000004,,,,,,,,
380600,2201.8,0.000003,,,,,,,,
380700,2202.4,0.000003,,,,,,,,
380800,2203.0,0.000004,,,,,,,,
380900,2203.6,0.000005,,,,,,,,
381000,2204.1,0.000003,,,,,,,,
381100,2204.7,0.000005,,,,,,,,
381200,2205.3,0.000003,,,,,,,,
381300,2205.9,0.000003,,,,,,,,
381400,2206.5,0.000006,,,,,,,,
381500,2207.1,0.000004,,,,,,,,
381600,2207.7,0.000003,,,,,,,,
381700,2208.2,0.000004,,,,,,,,
381800,2208.8,0.000003,,,,,,,,
381900,2209.4,0.000003,,,,,,,,
382000,2210.0,0.000004,,,,,,,,
382100,2210.6,0.000003,,,,,,,,
382200,2211.2,0.000004,,,,,,,,
382300,2211.7,0.000004,,,,,,,,
382400,2212.3,0.000004,,,,,,,,
382500,2212.9,0.000005,,,,,,,,
382600,2213.4,0.000003,,,,,,,,
382700,2214.0,0.000003,,,,,,,,
382800,2214.6,0.000004,,,,,,,,
382900,2215.2,0.000004,,,,,,,,
383000,2215.7,0.000006,,,,,,,,
383100,2216.3,0.000004,,,,,,,,
383200,2216.9,0.000004,,,,,,,,
383300,2217.5,0.000004,,,,,,,,
383400,2218.1,0.000003,,,,,,,,
383500,2218.7,0.000003,,,,,,,,
383600,2219.3,0.000003,,,,,,,,
383700,2219.6,0.000004,,,,,,,,
383800,2220.2,0.000005,,,,,,,,
383900,2220.8,0.000004,,,,,,,,
384000,2221.4,0.000003,,,,,,,,
384100,2221.9,0.000004,,,,,,,,
384200,2222.5,0.000003,,,,,,,,
384300,2223.1,0.000003,,,,,,,,
384400,2223.7,0.000003,,,,,,,,
384500,2224.3,0.000003,,,,,,,,
384600,2224.8,0.000003,,,,,,,,
384700,2225.4,0.000005,,,,,,,,
384800,2226.0,0.000003,,,,,,,,
384900,2226.6,0.000003,,,,,,,,
385000,2227.4,0.000005,0.000004,1.562290e-01,8.513168e-03,6.363208e-03,0.000000,1.035645e-01,7.963168e-03,6.100737e-03
385100,2227.8,0.000003,,,,,,,,
385200,2228.4,0.000003,,,,,,,,
385300,2228.9,0.000003,,,,,,,,
385400,2229.5,0.000003,,,,,,,,
385500,2230.1,0.000003,,,,,,,,
385600,2230.7,0.000004,,,,,,,,
385700,2231.3,0.000003,,,,,,,,
385800,2231.8,0.000003,,,,,,,,
385900,2232.4,0.000003,,,,,,,,
386000,2233.0,0.000002,,,,,,,,
386100,2233.6,0.000004,,,,,,,,
386200,2234.2,0.000003,,,,,,,,
386300,2234.8,0.000004,,,,,,,,
386400,2235.4,0.000010,,,,,,,,
386500,2235.9,0.000008,,,,,,,,
386600,2236.5,0.000004,,,,,,,,
386700,2237.1,0.000003,,,,,,,,
386800,2237.7,0.000003,,,,,,,,
386900,2238.2,0.000003,,,,,,,,
387000,2238.8,0.000004,,,,,,,,
387100,2239.4,0.000004,,,,,,,,
387200,2239.9,0.000003,,,,,,,,
387300,2240.5,0.000003,,,,,,,,
387400,2241.1,0.000003,,,,,,,,
387500,2241.7,0.000003,,,,,,,,
387600,2242.2,0.000004,,,,,,,,
387700,2242.8,0.000003,,,,,,,,
387800,2243.4,0.000004,,,,,,,,
387900,2244.0,0.000002,,,,,,,,
388000,2244.6,0.000004,,,,,,,,
388100,2245.2,0.000003,,,,,,,,
388200,2245.8,0.000004,,,,,,,,
388300,2246.4,0.000004,,,,,,,,
388400,2246.9,0.000004,,,,,,,,
388500,2247.5,0.000006,,,,,,,,
388600,2248.1,0.000003,,,,,,,,
388700,2248.6,0.000003,,,,,,,,
388800,2249.2,0.000004,,,,,,,,
388900,2249.8,0.000006,,,,,,,,
389000,2250.4,0.000002,,,,,,,,
389100,2251.0,0.000005,,,,,,,,
389200,2251.5,0.000008,,,,,,,,
389300,2252.1,0.000003,,,,,,,,
389400,2252.7,0.000003,,,,,,,,
389500,2253.3,0.000009,,,,,,,,
389600,2253.9,0.000003,,,,,,,,
389700,2254.4,0.000004,,,,,,,,
389800,2255.0,0.000004,,,,,,,,
389900,2255.6,0.000003,,,,,,,,
390000,2256.3,0.000005,0.000004,1.599464e-01,8.473373e-03,6.287735e-03,0.000000,1.036945e-01,7.921220e-03,6.025525e-03
390100,2256.7,0.000003,,,,,,,,
390200,2257.3,0.000004,,,,,,,,
390300,2257.9,0.000004,,,,,,,,
390400,2258.5,0.000003,,,,,,,,
390500,2259.0,0.000004,,,,,,,,
390600,2259.6,0.000003,,,,,,,,
390700,2260.2,0.000005,,,,,,,,
390800,2260.8,0.000003,,,,,,,,
390900,2261.3,0.000003,,,,,,,,
391000,2261.9,0.000003,,,,,,,,
391100,2262.5,0.000003,,,,,,,,
391200,2263.0,0.000003,,,,,,,,
391300,2263.6,0.000003,,,,,,,,
391400,2264.2,0.000004,,,,,,,,
391500,2264.8,0.000003,,,,,,,,
391600,2265.3,0.000004,,,,,,,,
391700,2265.9,0.000005,,,,,,,,
391800,2266.5,0.000003,,,,,,,,
391900,2267.1,0.000005,,,,,,,,
392000,2267.7,0.000003,,,,,,,,
392100,2268.2,0.000003,,,,,,,,
392200,2268.8,0.000003,,,,,,,,
392300,2269.4,0.000004,,,,,,,,
392400,2269.9,0.000003,,,,,,,,
392500,2270.5,0.000004,,,,,,,,
392600,2271.1,0.000003,,,,,,,,
392700,2271.7,0.000003,,,,,,,,
392800,2272.3,0.000003,,,,,,,,
392900,2272.9,0.000003,,,,,,,,
393000,2273.5,0.000004,,,,,,,,
393100,2274.1,0.000004,,,,,,,,
393200,2274.7,0.000004,,,,,,,,
393300,2275.2,0.000004,,,,,,,,
393400,2275.8,0.000003,,,,,,,,
393500,2276.4,0.000003,,,,,,,,
393600,2277.0,0.000003,,,,,,,,
393700,2277.6,0.000004,,,,,,,,
393800,2278.2,0.000003,,,,,,,,
393900,2278.8,0.000004,,,,,,,,
394000,2279.4,0.000003,,,,,,,,
394100,2279.7,0.000004,,,,,,,,
394200,2280.3,0.000004,,,,,,,,
394300,2280.9,0.000003,,,,,,,,
394400,2281.5,0.000003,,,,,,,,
394500,2282.1,0.000004,,,,,,,,
394600,2282.7,0.000004,,,,,,,,
394700,2283.2,0.000003,,,,,,,,
394800,2283.7,0.000004,,,,,,,,
394900,2284.4,0.000004,,,,,,,,
395000,2285.1,0.000003,0.000004,1.561002e-01,8.495912e-03,6.372013e-03,0.000000,1.002965e-01,7.943119e-03,6.096124e-03
395100,2285.5,0.000002,,,,,,,,
395200,2286.1,0.000003,,,,,,,,
395300,2286.7,0.000007,,,,,,,,
395400,2287.3,0.000004,,,,,,,,
395500,2287.9,0.000003,,,,,,,,
395600,2288.5,0.000004,,,,,,,,
395700,2289.1,0.000003,,,,,,,,
395800,2289.6,0.000003,,,,,,,,
395900,2290.2,0.000003,,,,,,,,
396000,2290.8,0.000003,,,,,,,,
396100,2291.4,0.000004,,,,,,,,
396200,2292.0,0.000004,,,,,,,,
396300,2292.6,0.000004,,,,,,,,
396400,2293.2,0.000003,,,,,,,,
396500,2293.8,0.000003,,,,,,,,
396600,2294.4,0.000004,,,,,,,,
396700,2294.9,0.000004,,,,,,,,
396800,2295.5,0.000003,,,,,,,,
396900,2296.1,0.000003,,,,,,,,
397000,2296.7,0.000003,,,,,,,,
397100,2297.3,0.000004,,,,,,,,
397200,2297.8,0.000003,,,,,,,,
397300,2298.4,0.000004,,,,,,,,
397400,2299.0,0.000003,,,,,,,,
397500,2299.6,0.000004,,,,,,,,
397600,2300.2,0.000004,,,,,,,,
397700,2300.8,0.000003,,,,,,,,
397800,2301.4,0.000003,,,,,,,,
397900,2301.9,0.000003,,,,,,,,
398000,2302.5,0.000004,,,,,,,,
398100,2303.1,0.000004,,,,,,,,
398200,2303.6,0.000003,,,,,,,,
398300,2304.2,0.000004,,,,,,,,
398400,2304.8,0.000003,,,,,,,,
398500,2305.4,0.000003,,,,,,,,
398600,2306.0,0.000004,,,,,,,,
398700,2306.6,0.000003,,,,,,,,
398800,2307.2,0.000004,,,,,,,,
398900,2307.8,0.000004,,,,,,,,
399000,2308.3,0.000005,,,,,,,,
399100,2308.9,0.000004,,,,,,,,
399200,2309.5,0.000003,,,,,,,,
399300,2310.1,0.000003,,,,,,,,
399400,2310.7,0.000005,,,,,,,,
399500,2311.3,0.000004,,,,,,,,
399600,2311.8,0.000004,,,,,,,,
399700,2312.4,0.000004,,,,,,,,
399800,2313.0,0.000003,,,,,,,,
399900,2313.6,0.000005,,,,,,,,
400000,2314.3,0.000005,0.000004,1.552309e-01,8.475135e-03,6.311852e-03,0.000000,1.050499e-01,7.925349e-03,6.055086e-03
