step,elapsed_s,train_loss,eval_loss,max_abs_err,mean_abs_err,median_abs_err,frac_under_boyd,max_abs_err_bulk,mean_abs_err_bulk,median_abs_err_bulk
100,0.5,0.324112,,,,,,,,
200,0.8,0.204205,,,,,,,,
300,1.1,0.124203,,,,,,,,
400,1.4,0.115243,,,,,,,,
500,1.7,0.105861,,,,,,,,
600,2.0,0.117697,,,,,,,,
700,2.3,0.114256,,,,,,,,
800,2.5,0.105055,,,,,,,,
900,2.8,0.094496,,,,,,,,
1000,3.1,0.091479,,,,,,,,
1100,3.4,0.082585,,,,,,,,
1200,3.7,0.083798,,,,,,,,
1300,4.0,0.077726,,,,,,,,
1400,4.3,0.080336,,,,,,,,
1500,4.5,0.049356,,,,,,,,
1600,4.8,0.059196,,,,,,,,
1700,5.1,0.043967,,,,,,,,
1800,5.4,0.030120,,,,,,,,
1900,5.7,0.032473,,,,,,,,
2000,6.0,0.018791,,,,,,,,
2100,6.3,0.027799,,,,,,,,
2200,6.6,0.019153,,,,,,,,
2300,6.9,0.031212,,,,,,,,
2400,7.2,0.037308,,,,,,,,
2500,7.5,0.024334,,,,,,,,
2600,7.7,0.029097,,,,,,,,
2700,8.0,0.015923,,,,,,,,
2800,8.3,0.023900,,,,,,,,
2900,8.6,0.021395,,,,,,,,
3000,8.9,0.024411,,,,,,,,
3100,9.2,0.018075,,,,,,,,
3200,9.5,0.018949,,,,,,,,
3300,9.8,0.015484,,,,,,,,
3400,10.1,0.019443,,,,,,,,
3500,10.4,0.033923,,,,,,,,
3600,10.7,0.007116,,,,,,,,
3700,11.0,0.021210,,,,,,,,
3800,11.3,0.016914,,,,,,,,
3900,11.6,0.015768,,,,,,,,
4000,11.8,0.016936,,,,,,,,
4100,12.1,0.014369,,,,,,,,
4200,12.4,0.025727,,,,,,,,
4300,12.7,0.015815,,,,,,,,
4400,13.0,0.026288,,,,,,,,
4500,13.3,0.025715,,,,,,,,
4600,13.6,0.013521,,,,,,,,
4700,13.9,0.012756,,,,,,,,
4800,14.2,0.016451,,,,,,,,
4900,14.5,0.018118,,,,,,,,
5000,16.0,0.014783,0.017784,5.797960e+00,4.269451e-01,2.350767e-01,0.000000,5.797960e+00,4.149712e-01,2.272631e-01
5100,16.3,0.009785,,,,,,,,
5200,16.6,0.020278,,,,,,,,
5300,16.8,0.014090,,,,,,,,
5400,17.1,0.028704,,,,,,,,
5500,17.4,0.014728,,,,,,,,
5600,17.7,0.013761,,,,,,,,
5700,18.0,0.015775,,,,,,,,
5800,18.3,0.013850,,,,,,,,
5900,18.6,0.020567,,,,,,,,
6000,18.9,0.017057,,,,,,,,
6100,19.2,0.025817,,,,,,,,
6200,19.5,0.019874,,,,,,,,
6300,19.8,0.013705,,,,,,,,
6400,20.1,0.018156,,,,,,,,
6500,20.4,0.008351,,,,,,,,
6600,20.7,0.027314,,,,,,,,
6700,20.9,0.008897,,,,,,,,
6800,21.2,0.007888,,,,,,,,
6900,21.5,0.020512,,,,,,,,
7000,21.8,0.021037,,,,,,,,
7100,22.1,0.009433,,,,,,,,
7200,22.4,0.010977,,,,,,,,
7300,22.7,0.008028,,,,,,,,
7400,22.9,0.019020,,,,,,,,
7500,23.2,0.010543,,,,,,,,
7600,23.5,0.014249,,,,,,,,
7700,23.8,0.011149,,,,,,,,
7800,24.1,0.009061,,,,,,,,
7900,24.4,0.015367,,,,,,,,
8000,24.7,0.013294,,,,,,,,
8100,25.0,0.011603,,,,,,,,
8200,25.2,0.004937,,,,,,,,
8300,25.5,0.015721,,,,,,,,
8400,25.8,0.011959,,,,,,,,
8500,26.1,0.017711,,,,,,,,
8600,26.4,0.010274,,,,,,,,
8700,26.7,0.011732,,,,,,,,
8800,27.0,0.013140,,,,,,,,
8900,27.3,0.010792,,,,,,,,
9000,27.6,0.012333,,,,,,,,
9100,27.9,0.007422,,,,,,,,
9200,28.2,0.026349,,,,,,,,
9300,28.5,0.013330,,,,,,,,
9400,28.7,0.012133,,,,,,,,
9500,29.0,0.018132,,,,,,,,
9600,29.3,0.020610,,,,,,,,
9700,29.6,0.010604,,,,,,,,
9800,29.9,0.012801,,,,,,,,
9900,30.2,0.017438,,,,,,,,
10000,31.6,0.013438,0.014974,5.398522e+00,3.935396e-01,2.224223e-01,0.000000,5.398522e+00,3.822547e-01,2.131401e-01
10100,31.8,0.016135,,,,,,,,
10200,32.1,0.007160,,,,,,,,
10300,32.3,0.009613,,,,,,,,
10400,32.5,0.011966,,,,,,,,
10500,32.8,0.011031,,,,,,,,
10600,33.1,0.021871,,,,,,,,
10700,33.4,0.013229,,,,,,,,
10800,33.7,0.006904,,,,,,,,
10900,34.0,0.005855,,,,,,,,
11000,34.2,0.008905,,,,,,,,
11100,34.5,0.008569,,,,,,,,
11200,34.8,0.015491,,,,,,,,
11300,35.1,0.006950,,,,,,,,
11400,35.4,0.007488,,,,,,,,
11500,35.7,0.010469,,,,,,,,
11600,36.0,0.014118,,,,,,,,
11700,36.3,0.014529,,,,,,,,
11800,36.6,0.013195,,,,,,,,
11900,36.9,0.010767,,,,,,,,
12000,37.1,0.005084,,,,,,,,
12100,37.4,0.005843,,,,,,,,
12200,37.7,0.013564,,,,,,,,
12300,38.0,0.013213,,,,,,,,
12400,38.3,0.011610,,,,,,,,
12500,38.6,0.008767,,,,,,,,
12600,38.8,0.010243,,,,,,,,
12700,39.1,0.007219,,,,,,,,
12800,39.4,0.014614,,,,,,,,
12900,39.7,0.008434,,,,,,,,
13000,40.0,0.012060,,,,,,,,
13100,40.3,0.015717,,,,,,,,
13200,40.6,0.006621,,,,,,,,
13300,40.9,0.015407,,,,,,,,
13400,41.2,0.015993,,,,,,,,
13500,41.5,0.007070,,,,,,,,
13600,41.8,0.008036,,,,,,,,
13700,42.0,0.009362,,,,,,,,
13800,42.3,0.007948,,,,,,,,
13900,42.6,0.011310,,,,,,,,
14000,42.9,0.007645,,,,,,,,
14100,43.2,0.006678,,,,,,,,
14200,43.5,0.005273,,,,,,,,
14300,43.8,0.007631,,,,,,,,
14400,44.1,0.004889,,,,,,,,
14500,44.4,0.012682,,,,,,,,
14600,44.7,0.011413,,,,,,,,
14700,45.0,0.009118,,,,,,,,
14800,45.3,0.005282,,,,,,,,
14900,45.6,0.009864,,,,,,,,
15000,47.0,0.008754,0.008614,5.122125e+00,3.243273e-01,2.131603e-01,0.000000,5.122125e+00,3.111180e-01,2.014174e-01
15100,47.2,0.009760,,,,,,,,
15200,47.5,0.008113,,,,,,,,
15300,47.8,0.009339,,,,,,,,
15400,48.0,0.010774,,,,,,,,
15500,48.3,0.014317,,,,,,,,
15600,48.6,0.011381,,,,,,,,
15700,48.9,0.017711,,,,,,,,
15800,49.2,0.008833,,,,,,,,
15900,49.5,0.005932,,,,,,,,
16000,49.8,0.006228,,,,,,,,
16100,50.1,0.005062,,,,,,,,
16200,50.4,0.006755,,,,,,,,
16300,50.7,0.011630,,,,,,,,
16400,51.0,0.016022,,,,,,,,
16500,51.2,0.005789,,,,,,,,
16600,51.5,0.008537,,,,,,,,
16700,51.8,0.008010,,,,,,,,
16800,52.1,0.007277,,,,,,,,
16900,52.4,0.004746,,,,,,,,
17000,52.7,0.006342,,,,,,,,
17100,53.0,0.004973,,,,,,,,
17200,53.3,0.004647,,,,,,,,
17300,53.6,0.007197,,,,,,,,
17400,53.9,0.010458,,,,,,,,
17500,54.1,0.012072,,,,,,,,
17600,54.4,0.007966,,,,,,,,
17700,54.7,0.008711,,,,,,,,
17800,55.0,0.007060,,,,,,,,
17900,55.3,0.004701,,,,,,,,
18000,55.6,0.009432,,,,,,,,
18100,55.9,0.007448,,,,,,,,
18200,56.2,0.006402,,,,,,,,
18300,56.5,0.012507,,,,,,,,
18400,56.8,0.007116,,,,,,,,
18500,57.1,0.005817,,,,,,,,
18600,57.3,0.009658,,,,,,,,
18700,57.6,0.013874,,,,,,,,
18800,57.9,0.003411,,,,,,,,
18900,58.2,0.011348,,,,,,,,
19000,58.5,0.008365,,,,,,,,
19100,58.8,0.013816,,,,,,,,
19200,59.1,0.009000,,,,,,,,
19300,59.4,0.011291,,,,,,,,
19400,59.6,0.006967,,,,,,,,
19500,59.9,0.007207,,,,,,,,
19600,60.2,0.009457,,,,,,,,
19700,60.5,0.011370,,,,,,,,
19800,60.8,0.005440,,,,,,,,
19900,61.1,0.006287,,,,,,,,
20000,62.5,0.012166,0.005245,4.237758e+00,2.832725e-01,2.019122e-01,0.000000,4.237758e+00,2.676396e-01,1.901391e-01
20100,62.7,0.005536,,,,,,,,
20200,63.0,0.006366,,,,,,,,
20300,63.3,0.005034,,,,,,,,
20400,63.6,0.004317,,,,,,,,
20500,63.9,0.005686,,,,,,,,
20600,64.1,0.004751,,,,,,,,
20700,64.4,0.011900,,,,,,,,
20800,64.7,0.007158,,,,,,,,
20900,65.0,0.011664,,,,,,,,
21000,65.3,0.005114,,,,,,,,
21100,65.6,0.003112,,,,,,,,
21200,65.9,0.007638,,,,,,,,
21300,66.2,0.012528,,,,,,,,
21400,66.5,0.006820,,,,,,,,
21500,66.7,0.008717,,,,,,,,
21600,67.0,0.008506,,,,,,,,
21700,67.3,0.005927,,,,,,,,
21800,67.6,0.005511,,,,,,,,
21900,67.9,0.010105,,,,,,,,
22000,68.2,0.010006,,,,,,,,
22100,68.5,0.009007,,,,,,,,
22200,68.8,0.005798,,,,,,,,
22300,69.1,0.007077,,,,,,,,
22400,69.4,0.012702,,,,,,,,
22500,69.7,0.006664,,,,,,,,
22600,70.0,0.012776,,,,,,,,
22700,70.2,0.016630,,,,,,,,
22800,70.5,0.007328,,,,,,,,
22900,70.8,0.007131,,,,,,,,
23000,71.1,0.005621,,,,,,,,
23100,71.4,0.006686,,,,,,,,
23200,71.7,0.009586,,,,,,,,
23300,72.0,0.007444,,,,,,,,
23400,72.3,0.005997,,,,,,,,
23500,72.6,0.005429,,,,,,,,
23600,72.9,0.010773,,,,,,,,
23700,73.2,0.008755,,,,,,,,
23800,73.5,0.005803,,,,,,,,
23900,73.7,0.005059,,,,,,,,
24000,74.0,0.010082,,,,,,,,
24100,74.3,0.004267,,,,,,,,
24200,74.6,0.011906,,,,,,,,
24300,74.9,0.004380,,,,,,,,
24400,75.2,0.005234,,,,,,,,
24500,75.5,0.016305,,,,,,,,
24600,75.8,0.008262,,,,,,,,
24700,76.1,0.007162,,,,,,,,
24800,76.4,0.010799,,,,,,,,
24900,76.7,0.008747,,,,,,,,
25000,78.1,0.008845,0.009198,6.564964e+00,3.202613e-01,1.951810e-01,0.000000,6.564964e+00,3.072931e-01,1.846714e-01
25100,78.3,0.006238,,,,,,,,
25200,78.6,0.005479,,,,,,,,
25300,78.8,0.003298,,,,,,,,
25400,79.1,0.006154,,,,,,,,
25500,79.3,0.003826,,,,,,,,
25600,79.6,0.005231,,,,,,,,
25700,79.9,0.009707,,,,,,,,
25800,80.2,0.016908,,,,,,,,
25900,80.5,0.007936,,,,,,,,
26000,80.8,0.002768,,,,,,,,
26100,81.1,0.003883,,,,,,,,
26200,81.4,0.006729,,,,,,,,
26300,81.7,0.007765,,,,,,,,
26400,82.0,0.015553,,,,,,,,
26500,82.3,0.010387,,,,,,,,
26600,82.6,0.006057,,,,,,,,
26700,82.8,0.006043,,,,,,,,
26800,83.1,0.004527,,,,,,,,
26900,83.4,0.006485,,,,,,,,
27000,83.7,0.011675,,,,,,,,
27100,84.0,0.002823,,,,,,,,
27200,84.3,0.014522,,,,,,,,
27300,84.6,0.005696,,,,,,,,
27400,84.9,0.006904,,,,,,,,
27500,85.1,0.006982,,,,,,,,
27600,85.4,0.007182,,,,,,,,
27700,85.7,0.007154,,,,,,,,
27800,86.1,0.011883,,,,,,,,
27900,86.5,0.003850,,,,,,,,
28000,87.0,0.005561,,,,,,,,
28100,87.4,0.005125,,,,,,,,
28200,87.9,0.004253,,,,,,,,
28300,88.4,0.011080,,,,,,,,
28400,88.8,0.005817,,,,,,,,
28500,89.3,0.005378,,,,,,,,
28600,89.8,0.004077,,,,,,,,
28700,90.2,0.005182,,,,,,,,
28800,90.7,0.005973,,,,,,,,
28900,91.2,0.008394,,,,,,,,
29000,91.6,0.009516,,,,,,,,
29100,92.1,0.010128,,,,,,,,
29200,92.5,0.005508,,,,,,,,
29300,93.0,0.007097,,,,,,,,
29400,93.5,0.002829,,,,,,,,
29500,93.9,0.003421,,,,,,,,
29600,94.4,0.005429,,,,,,,,
29700,94.9,0.004596,,,,,,,,
29800,95.3,0.007805,,,,,,,,
29900,95.8,0.004127,,,,,,,,
30000,97.4,0.006583,0.008091,4.930178e+00,3.047551e-01,1.968839e-01,0.000000,4.930178e+00,2.930723e-01,1.874915e-01
30100,97.7,0.004821,,,,,,,,
30200,97.9,0.005033,,,,,,,,
30300,98.3,0.007642,,,,,,,,
30400,98.8,0.003437,,,,,,,,
30500,99.2,0.003853,,,,,,,,
30600,99.7,0.007352,,,,,,,,
30700,100.1,0.004279,,,,,,,,
30800,100.6,0.004608,,,,,,,,
30900,101.1,0.006558,,,,,,,,
31000,101.5,0.008589,,,,,,,,
31100,102.0,0.004221,,,,,,,,
31200,102.4,0.009631,,,,,,,,
31300,102.9,0.006727,,,,,,,,
31400,103.3,0.005749,,,,,,,,
31500,103.8,0.006639,,,,,,,,
31600,104.2,0.005009,,,,,,,,
31700,104.7,0.006193,,,,,,,,
31800,105.1,0.004451,,,,,,,,
31900,105.6,0.007975,,,,,,,,
32000,106.1,0.006071,,,,,,,,
32100,106.5,0.006617,,,,,,,,
32200,107.0,0.006334,,,,,,,,
32300,107.4,0.006046,,,,,,,,
32400,107.8,0.004440,,,,,,,,
32500,108.3,0.010666,,,,,,,,
32600,108.7,0.008541,,,,,,,,
32700,109.2,0.005877,,,,,,,,
32800,109.6,0.008475,,,,,,,,
32900,110.0,0.003034,,,,,,,,
33000,110.5,0.012718,,,,,,,,
33100,110.9,0.006056,,,,,,,,
33200,111.4,0.010427,,,,,,,,
33300,111.8,0.004240,,,,,,,,
33400,112.3,0.004225,,,,,,,,
33500,112.8,0.005568,,,,,,,,
33600,113.2,0.007943,,,,,,,,
33700,113.7,0.003847,,,,,,,,
33800,114.1,0.007670,,,,,,,,
33900,114.6,0.010861,,,,,,,,
34000,115.0,0.008489,,,,,,,,
34100,115.5,0.006115,,,,,,,,
34200,115.8,0.004851,,,,,,,,
34300,116.2,0.003716,,,,,,,,
34400,116.6,0.006766,,,,,,,,
34500,117.1,0.009817,,,,,,,,
34600,117.6,0.009539,,,,,,,,
34700,118.0,0.008775,,,,,,,,
34800,118.5,0.012487,,,,,,,,
34900,118.9,0.007664,,,,,,,,
35000,120.5,0.008262,0.006736,5.255171e+00,2.744798e-01,1.760695e-01,0.000000,5.255171e+00,2.627514e-01,1.687856e-01
35100,120.8,0.011475,,,,,,,,
35200,121.1,0.008493,,,,,,,,
35300,121.4,0.008401,,,,,,,,
35400,121.9,0.006432,,,,,,,,
35500,122.3,0.002917,,,,,,,,
35600,122.8,0.002765,,,,,,,,
35700,123.3,0.006556,,,,,,,,
35800,123.8,0.007711,,,,,,,,
35900,124.2,0.004945,,,,,,,,
36000,124.7,0.007476,,,,,,,,
36100,125.2,0.007255,,,,,,,,
36200,125.6,0.008437,,,,,,,,
36300,126.1,0.007307,,,,,,,,
36400,126.5,0.002831,,,,,,,,
36500,127.0,0.006415,,,,,,,,
36600,127.4,0.004599,,,,,,,,
36700,127.9,0.002679,,,,,,,,
36800,128.3,0.007007,,,,,,,,
36900,128.8,0.007115,,,,,,,,
37000,129.3,0.008603,,,,,,,,
37100,129.7,0.004827,,,,,,,,
37200,130.2,0.009195,,,,,,,,
37300,130.7,0.005213,,,,,,,,
37400,131.1,0.004119,,,,,,,,
37500,131.6,0.006053,,,,,,,,
37600,132.0,0.006340,,,,,,,,
37700,132.5,0.009217,,,,,,,,
37800,133.0,0.003319,,,,,,,,
37900,133.4,0.014570,,,,,,,,
38000,133.9,0.009397,,,,,,,,
38100,134.3,0.008080,,,,,,,,
38200,134.8,0.006009,,,,,,,,
38300,135.2,0.015474,,,,,,,,
38400,135.7,0.003273,,,,,,,,
38500,136.1,0.007111,,,,,,,,
38600,136.6,0.006397,,,,,,,,
38700,137.0,0.010432,,,,,,,,
38800,137.5,0.003867,,,,,,,,
38900,137.9,0.004462,,,,,,,,
39000,138.4,0.004626,,,,,,,,
39100,138.9,0.012040,,,,,,,,
39200,139.3,0.005914,,,,,,,,
39300,139.8,0.002337,,,,,,,,
39400,140.2,0.009661,,,,,,,,
39500,140.7,0.005441,,,,,,,,
39600,141.1,0.002861,,,,,,,,
39700,141.6,0.004089,,,,,,,,
39800,142.0,0.005299,,,,,,,,
39900,142.5,0.003710,,,,,,,,
40000,144.1,0.004714,0.007638,5.883830e+00,2.890096e-01,1.959529e-01,0.000000,5.883830e+00,2.774350e-01,1.870884e-01
40100,144.3,0.009741,,,,,,,,
40200,144.6,0.005550,,,,,,,,
40300,144.9,0.003650,,,,,,,,
40400,145.4,0.008453,,,,,,,,
40500,145.8,0.006681,,,,,,,,
40600,146.3,0.004329,,,,,,,,
40700,146.7,0.004704,,,,,,,,
40800,147.2,0.003435,,,,,,,,
40900,147.7,0.004898,,,,,,,,
41000,148.1,0.002496,,,,,,,,
41100,148.5,0.009122,,,,,,,,
41200,149.0,0.004798,,,,,,,,
41300,149.4,0.011340,,,,,,,,
41400,149.9,0.005000,,,,,,,,
41500,150.3,0.003462,,,,,,,,
41600,150.8,0.004439,,,,,,,,
41700,151.3,0.007852,,,,,,,,
41800,151.8,0.005191,,,,,,,,
41900,152.2,0.004707,,,,,,,,
42000,152.7,0.006863,,,,,,,,
42100,153.1,0.008052,,,,,,,,
42200,153.6,0.009849,,,,,,,,
42300,154.1,0.007097,,,,,,,,
42400,154.5,0.004373,,,,,,,,
42500,155.0,0.004291,,,,,,,,
42600,155.5,0.007089,,,,,,,,
42700,155.9,0.005113,,,,,,,,
42800,156.4,0.002631,,,,,,,,
42900,156.8,0.006682,,,,,,,,
43000,157.3,0.007585,,,,,,,,
43100,157.7,0.009694,,,,,,,,
43200,158.2,0.005785,,,,,,,,
43300,158.7,0.007970,,,,,,,,
43400,159.1,0.006413,,,,,,,,
43500,159.6,0.003850,,,,,,,,
43600,160.0,0.009669,,,,,,,,
43700,160.5,0.006616,,,,,,,,
43800,161.0,0.010137,,,,,,,,
43900,161.4,0.002946,,,,,,,,
44000,161.9,0.002674,,,,,,,,
44100,162.3,0.006278,,,,,,,,
44200,162.8,0.003165,,,,,,,,
44300,163.3,0.003610,,,,,,,,
44400,163.7,0.009277,,,,,,,,
44500,164.2,0.003569,,,,,,,,
44600,164.7,0.006955,,,,,,,,
44700,165.1,0.009755,,,,,,,,
44800,165.6,0.002744,,,,,,,,
44900,166.1,0.004964,,,,,,,,
45000,167.7,0.009153,0.006859,6.356866e+00,2.755466e-01,1.790898e-01,0.000000,6.356866e+00,2.616129e-01,1.686090e-01
45100,167.9,0.005915,,,,,,,,
45200,168.2,0.004251,,,,,,,,
45300,168.6,0.003731,,,,,,,,
45400,169.1,0.005228,,,,,,,,
45500,169.5,0.003055,,,,,,,,
45600,170.0,0.004064,,,,,,,,
45700,170.4,0.002141,,,,,,,,
45800,170.9,0.003647,,,,,,,,
45900,171.3,0.003177,,,,,,,,
46000,171.8,0.004921,,,,,,,,
46100,172.3,0.008167,,,,,,,,
46200,172.7,0.003475,,,,,,,,
46300,173.1,0.004463,,,,,,,,
46400,173.6,0.002625,,,,,,,,
46500,174.1,0.006589,,,,,,,,
46600,174.6,0.003463,,,,,,,,
46700,175.0,0.003114,,,,,,,,
46800,175.5,0.010295,,,,,,,,
46900,175.9,0.006266,,,,,,,,
47000,176.4,0.011950,,,,,,,,
47100,176.8,0.005107,,,,,,,,
47200,177.2,0.005231,,,,,,,,
47300,177.7,0.003880,,,,,,,,
47400,178.2,0.006965,,,,,,,,
47500,178.6,0.007521,,,,,,,,
47600,179.1,0.010380,,,,,,,,
47700,179.6,0.008036,,,,,,,,
47800,180.0,0.008367,,,,,,,,
47900,180.5,0.002996,,,,,,,,
48000,180.9,0.003380,,,,,,,,
48100,181.3,0.005815,,,,,,,,
48200,181.8,0.003625,,,,,,,,
48300,182.3,0.003827,,,,,,,,
48400,182.7,0.005435,,,,,,,,
48500,183.2,0.005140,,,,,,,,
48600,183.6,0.006064,,,,,,,,
48700,184.1,0.006925,,,,,,,,
48800,184.6,0.006135,,,,,,,,
48900,185.0,0.007099,,,,,,,,
49000,185.5,0.008976,,,,,,,,
49100,186.0,0.003492,,,,,,,,
49200,186.4,0.003680,,,,,,,,
49300,186.8,0.007473,,,,,,,,
49400,187.2,0.002723,,,,,,,,
49500,187.7,0.008425,,,,,,,,
49600,188.1,0.003800,,,,,,,,
49700,188.6,0.003888,,,,,,,,
49800,189.1,0.005390,,,,,,,,
49900,189.5,0.005187,,,,,,,,
50000,191.1,0.005431,0.005384,4.507767e+00,2.795470e-01,1.973814e-01,0.000000,4.507767e+00,2.659156e-01,1.869610e-01
50100,191.4,0.006062,,,,,,,,
50200,191.7,0.002574,,,,,,,,
50300,192.0,0.003889,,,,,,,,
50400,192.5,0.005017,,,,,,,,
50500,192.9,0.004785,,,,,,,,
50600,193.4,0.003801,,,,,,,,
50700,193.9,0.007690,,,,,,,,
50800,194.3,0.006428,,,,,,,,
50900,194.8,0.003480,,,,,,,,
51000,195.3,0.008003,,,,,,,,
51100,195.7,0.004156,,,,,,,,
51200,196.2,0.008097,,,,,,,,
51300,196.7,0.002857,,,,,,,,
51400,197.1,0.006716,,,,,,,,
51500,197.6,0.006981,,,,,,,,
51600,198.0,0.006827,,,,,,,,
51700,198.5,0.007444,,,,,,,,
51800,198.9,0.004627,,,,,,,,
51900,199.4,0.007747,,,,,,,,
52000,199.8,0.004770,,,,,,,,
52100,200.3,0.004478,,,,,,,,
52200,200.8,0.008521,,,,,,,,
52300,201.2,0.005331,,,,,,,,
52400,201.7,0.004060,,,,,,,,
52500,202.1,0.004069,,,,,,,,
52600,202.6,0.005592,,,,,,,,
52700,203.0,0.002723,,,,,,,,
52800,203.5,0.002790,,,,,,,,
52900,204.0,0.003443,,,,,,,,
53000,204.4,0.005738,,,,,,,,
53100,204.9,0.006441,,,,,,,,
53200,205.3,0.003123,,,,,,,,
53300,205.8,0.005890,,,,,,,,
53400,206.3,0.011907,,,,,,,,
53500,206.7,0.010684,,,,,,,,
53600,207.2,0.005862,,,,,,,,
53700,207.7,0.004199,,,,,,,,
53800,208.1,0.002498,,,,,,,,
53900,208.6,0.006639,,,,,,,,
54000,209.1,0.004529,,,,,,,,
54100,209.5,0.006462,,,,,,,,
54200,210.0,0.002310,,,,,,,,
54300,210.4,0.007091,,,,,,,,
54400,210.9,0.004714,,,,,,,,
54500,211.3,0.004926,,,,,,,,
54600,211.8,0.004801,,,,,,,,
54700,212.3,0.009174,,,,,,,,
54800,212.7,0.003512,,,,,,,,
54900,213.2,0.003958,,,,,,,,
55000,214.8,0.004442,0.007144,4.656838e+00,2.904657e-01,1.816652e-01,0.000000,4.656838e+00,2.772682e-01,1.724823e-01
55100,215.1,0.007889,,,,,,,,
55200,215.4,0.003307,,,,,,,,
55300,215.7,0.003258,,,,,,,,
55400,216.2,0.009282,,,,,,,,
55500,216.7,0.006623,,,,,,,,
55600,217.2,0.006879,,,,,,,,
55700,217.6,0.004697,,,,,,,,
55800,218.1,0.008698,,,,,,,,
55900,218.5,0.009938,,,,,,,,
56000,219.0,0.005946,,,,,,,,
56100,219.5,0.009029,,,,,,,,
56200,219.9,0.003489,,,,,,,,
56300,220.4,0.004143,,,,,,,,
56400,220.8,0.007760,,,,,,,,
56500,221.3,0.006279,,,,,,,,
56600,221.7,0.003582,,,,,,,,
56700,222.2,0.005186,,,,,,,,
56800,222.7,0.002026,,,,,,,,
56900,223.1,0.004860,,,,,,,,
57000,223.6,0.005640,,,,,,,,
57100,224.0,0.008506,,,,,,,,
57200,224.5,0.005012,,,,,,,,
57300,225.0,0.002713,,,,,,,,
57400,225.4,0.006646,,,,,,,,
57500,225.9,0.003540,,,,,,,,
57600,226.3,0.004230,,,,,,,,
57700,226.8,0.009746,,,,,,,,
57800,227.3,0.006532,,,,,,,,
57900,227.7,0.003211,,,,,,,,
58000,228.2,0.007115,,,,,,,,
58100,228.6,0.004295,,,,,,,,
58200,229.1,0.006399,,,,,,,,
58300,229.6,0.009686,,,,,,,,
58400,230.0,0.003745,,,,,,,,
58500,230.5,0.004357,,,,,,,,
58600,231.0,0.010979,,,,,,,,
58700,231.4,0.005303,,,,,,,,
58800,231.9,0.006077,,,,,,,,
58900,232.4,0.008171,,,,,,,,
59000,232.8,0.003618,,,,,,,,
59100,233.3,0.005124,,,,,,,,
59200,233.7,0.007172,,,,,,,,
59300,234.2,0.005463,,,,,,,,
59400,234.6,0.005507,,,,,,,,
59500,235.1,0.005783,,,,,,,,
59600,235.5,0.007873,,,,,,,,
59700,235.9,0.003859,,,,,,,,
59800,236.4,0.006383,,,,,,,,
59900,236.9,0.004980,,,,,,,,
60000,238.5,0.003640,0.007248,5.410892e+00,2.811965e-01,1.802138e-01,0.000000,5.410892e+00,2.668183e-01,1.708684e-01
60100,238.8,0.002672,,,,,,,,
60200,239.0,0.005492,,,,,,,,
60300,239.4,0.007956,,,,,,,,
60400,239.9,0.003523,,,,,,,,
60500,240.3,0.005343,,,,,,,,
60600,240.7,0.005691,,,,,,,,
60700,241.2,0.002901,,,,,,,,
60800,241.7,0.006620,,,,,,,,
60900,242.1,0.002398,,,,,,,,
61000,242.6,0.005748,,,,,,,,
61100,243.1,0.004007,,,,,,,,
61200,243.5,0.003793,,,,,,,,
61300,244.0,0.003373,,,,,,,,
61400,244.4,0.002800,,,,,,,,
61500,244.9,0.007130,,,,,,,,
61600,245.3,0.005727,,,,,,,,
61700,245.8,0.004353,,,,,,,,
61800,246.2,0.007643,,,,,,,,
61900,246.7,0.003049,,,,,,,,
62000,247.2,0.006276,,,,,,,,
62100,247.6,0.002800,,,,,,,,
62200,248.1,0.005120,,,,,,,,
62300,248.5,0.005363,,,,,,,,
62400,249.0,0.006067,,,,,,,,
62500,249.4,0.002851,,,,,,,,
62600,249.9,0.002434,,,,,,,,
62700,250.4,0.010219,,,,,,,,
62800,250.8,0.010168,,,,,,,,
62900,251.3,0.007570,,,,,,,,
63000,251.7,0.004113,,,,,,,,
63100,252.2,0.004875,,,,,,,,
63200,252.7,0.007720,,,,,,,,
63300,253.2,0.004300,,,,,,,,
63400,253.6,0.003509,,,,,,,,
63500,254.1,0.006308,,,,,,,,
63600,254.5,0.003958,,,,,,,,
63700,255.0,0.004452,,,,,,,,
63800,255.5,0.004749,,,,,,,,
63900,255.9,0.006954,,,,,,,,
64000,256.4,0.008119,,,,,,,,
64100,256.9,0.007947,,,,,,,,
64200,257.3,0.003526,,,,,,,,
64300,257.8,0.006481,,,,,,,,
64400,258.3,0.002799,,,,,,,,
64500,258.7,0.006554,,,,,,,,
64600,259.2,0.004162,,,,,,,,
64700,259.7,0.004861,,,,,,,,
64800,260.2,0.005967,,,,,,,,
64900,260.6,0.007454,,,,,,,,
65000,262.3,0.004433,0.005456,5.193582e+00,2.634775e-01,1.771545e-01,0.000000,5.193582e+00,2.510792e-01,1.704833e-01
65100,262.6,0.004948,,,,,,,,
65200,262.8,0.003930,,,,,,,,
65300,263.2,0.003282,,,,,,,,
65400,263.5,0.004192,,,,,,,,
65500,264.0,0.006848,,,,,,,,
65600,264.5,0.005083,,,,,,,,
65700,264.9,0.003964,,,,,,,,
65800,265.4,0.005526,,,,,,,,
65900,265.9,0.008385,,,,,,,,
66000,266.4,0.002869,,,,,,,,
66100,266.8,0.004887,,,,,,,,
66200,267.2,0.005629,,,,,,,,
66300,267.7,0.009274,,,,,,,,
66400,268.2,0.007849,,,,,,,,
66500,268.6,0.006877,,,,,,,,
66600,269.1,0.005037,,,,,,,,
66700,269.5,0.004109,,,,,,,,
66800,270.0,0.003202,,,,,,,,
66900,270.4,0.004482,,,,,,,,
67000,270.9,0.009584,,,,,,,,
67100,271.4,0.004587,,,,,,,,
67200,271.8,0.005266,,,,,,,,
67300,272.3,0.004838,,,,,,,,
67400,272.7,0.005672,,,,,,,,
67500,273.2,0.005644,,,,,,,,
67600,273.7,0.008696,,,,,,,,
67700,274.1,0.005358,,,,,,,,
67800,274.6,0.004947,,,,,,,,
67900,275.1,0.003415,,,,,,,,
68000,275.5,0.003590,,,,,,,,
68100,276.0,0.007886,,,,,,,,
68200,276.4,0.003192,,,,,,,,
68300,276.9,0.005006,,,,,,,,
68400,277.3,0.007147,,,,,,,,
68500,277.7,0.003531,,,,,,,,
68600,278.2,0.011716,,,,,,,,
68700,278.6,0.005924,,,,,,,,
68800,279.1,0.008092,,,,,,,,
68900,279.5,0.003530,,,,,,,,
69000,280.0,0.003996,,,,,,,,
69100,280.4,0.006981,,,,,,,,
69200,280.9,0.007502,,,,,,,,
69300,281.3,0.006816,,,,,,,,
69400,281.8,0.009128,,,,,,,,
69500,282.2,0.004864,,,,,,,,
69600,282.7,0.004103,,,,,,,,
69700,283.1,0.004496,,,,,,,,
69800,283.6,0.005190,,,,,,,,
69900,284.1,0.005509,,,,,,,,
70000,285.7,0.005888,0.006633,4.936756e+00,2.807425e-01,1.882984e-01,0.000000,4.936756e+00,2.651547e-01,1.762977e-01
70100,285.9,0.005599,,,,,,,,
70200,286.2,0.007191,,,,,,,,
70300,286.5,0.004250,,,,,,,,
70400,287.0,0.006289,,,,,,,,
70500,287.4,0.005993,,,,,,,,
70600,287.9,0.004535,,,,,,,,
70700,288.3,0.003027,,,,,,,,
70800,288.8,0.004052,,,,,,,,
70900,289.3,0.005002,,,,,,,,
71000,289.7,0.004114,,,,,,,,
71100,290.2,0.005637,,,,,,,,
71200,290.6,0.003974,,,,,,,,
71300,291.1,0.003843,,,,,,,,
71400,291.6,0.004839,,,,,,,,
71500,292.0,0.004327,,,,,,,,
71600,292.5,0.003360,,,,,,,,
71700,292.9,0.005260,,,,,,,,
71800,293.3,0.009350,,,,,,,,
71900,293.8,0.005147,,,,,,,,
72000,294.0,0.002820,,,,,,,,
72100,294.4,0.004228,,,,,,,,
72200,294.8,0.003371,,,,,,,,
72300,295.2,0.008774,,,,,,,,
72400,295.7,0.007956,,,,,,,,
72500,296.1,0.006202,,,,,,,,
72600,296.6,0.003582,,,,,,,,
72700,297.0,0.003522,,,,,,,,
72800,297.5,0.008481,,,,,,,,
72900,297.9,0.003807,,,,,,,,
73000,298.4,0.004933,,,,,,,,
73100,298.8,0.004869,,,,,,,,
73200,299.3,0.006381,,,,,,,,
73300,299.7,0.005513,,,,,,,,
73400,300.2,0.009373,,,,,,,,
73500,300.7,0.005289,,,,,,,,
73600,301.2,0.003882,,,,,,,,
73700,301.6,0.005032,,,,,,,,
73800,302.1,0.004156,,,,,,,,
73900,302.5,0.003953,,,,,,,,
74000,303.0,0.005678,,,,,,,,
74100,303.5,0.003576,,,,,,,,
74200,303.9,0.004250,,,,,,,,
74300,304.4,0.002487,,,,,,,,
74400,304.8,0.009829,,,,,,,,
74500,305.3,0.004023,,,,,,,,
74600,305.7,0.003584,,,,,,,,
74700,306.1,0.004411,,,,,,,,
74800,306.5,0.006994,,,,,,,,
74900,306.9,0.003832,,,,,,,,
75000,308.5,0.004616,0.005611,4.350931e+00,2.732006e-01,1.782315e-01,0.000000,4.350931e+00,2.604455e-01,1.686799e-01
75100,308.7,0.003835,,,,,,,,
75200,309.1,0.005377,,,,,,,,
75300,309.5,0.002527,,,,,,,,
75400,309.9,0.008506,,,,,,,,
75500,310.3,0.004519,,,,,,,,
75600,310.7,0.003993,,,,,,,,
75700,311.0,0.004979,,,,,,,,
75800,311.3,0.005156,,,,,,,,
75900,311.6,0.003561,,,,,,,,
76000,311.9,0.011239,,,,,,,,
76100,312.2,0.006856,,,,,,,,
76200,312.4,0.008418,,,,,,,,
76300,312.7,0.003845,,,,,,,,
76400,313.0,0.002652,,,,,,,,
76500,313.3,0.002416,,,,,,,,
76600,313.6,0.003045,,,,,,,,
76700,313.9,0.010679,,,,,,,,
76800,314.2,0.010712,,,,,,,,
76900,314.5,0.002881,,,,,,,,
77000,314.8,0.002500,,,,,,,,
77100,315.1,0.004706,,,,,,,,
77200,315.4,0.005234,,,,,,,,
77300,315.7,0.005773,,,,,,,,
77400,316.0,0.002951,,,,,,,,
77500,316.3,0.005179,,,,,,,,
77600,316.5,0.002422,,,,,,,,
77700,316.8,0.002144,,,,,,,,
77800,317.1,0.003639,,,,,,,,
77900,317.4,0.008393,,,,,,,,
78000,317.7,0.006920,,,,,,,,
78100,318.0,0.003865,,,,,,,,
78200,318.3,0.008758,,,,,,,,
78300,318.6,0.003874,,,,,,,,
78400,318.8,0.007593,,,,,,,,
78500,319.1,0.004321,,,,,,,,
78600,319.4,0.003373,,,,,,,,
78700,319.7,0.003110,,,,,,,,
78800,320.0,0.004705,,,,,,,,
78900,320.3,0.006424,,,,,,,,
79000,320.6,0.005434,,,,,,,,
79100,320.8,0.003843,,,,,,,,
79200,321.1,0.004005,,,,,,,,
79300,321.4,0.008341,,,,,,,,
79400,321.7,0.004531,,,,,,,,
79500,322.0,0.003376,,,,,,,,
79600,322.3,0.004231,,,,,,,,
79700,322.6,0.002246,,,,,,,,
79800,322.9,0.004827,,,,,,,,
79900,323.2,0.004583,,,,,,,,
80000,324.6,0.006996,0.004745,3.468222e+00,2.679873e-01,1.800345e-01,0.000000,3.468222e+00,2.541739e-01,1.699203e-01
80100,324.8,0.003191,,,,,,,,
80200,325.1,0.004906,,,,,,,,
80300,325.4,0.005516,,,,,,,,
80400,325.7,0.003425,,,,,,,,
80500,326.0,0.009573,,,,,,,,
80600,326.3,0.009812,,,,,,,,
80700,326.6,0.005054,,,,,,,,
80800,326.9,0.009239,,,,,,,,
80900,327.1,0.006223,,,,,,,,
81000,327.4,0.008038,,,,,,,,
81100,327.7,0.005822,,,,,,,,
81200,328.0,0.003318,,,,,,,,
81300,328.3,0.005198,,,,,,,,
81400,328.6,0.007041,,,,,,,,
81500,328.9,0.004351,,,,,,,,
81600,329.2,0.004210,,,,,,,,
81700,329.5,0.004163,,,,,,,,
81800,329.8,0.004567,,,,,,,,
81900,330.1,0.008637,,,,,,,,
82000,330.3,0.007077,,,,,,,,
82100,330.6,0.004943,,,,,,,,
82200,330.9,0.003518,,,,,,,,
82300,331.2,0.006581,,,,,,,,
82400,331.5,0.005373,,,,,,,,
82500,331.8,0.004827,,,,,,,,
82600,332.1,0.004112,,,,,,,,
82700,332.4,0.009256,,,,,,,,
82800,332.7,0.007124,,,,,,,,
82900,333.0,0.007216,,,,,,,,
83000,333.2,0.004178,,,,,,,,
83100,333.5,0.006764,,,,,,,,
83200,333.8,0.008057,,,,,,,,
83300,334.1,0.002330,,,,,,,,
83400,334.4,0.006043,,,,,,,,
83500,334.7,0.009334,,,,,,,,
83600,335.0,0.010724,,,,,,,,
83700,335.3,0.003680,,,,,,,,
83800,335.6,0.004842,,,,,,,,
83900,335.9,0.004815,,,,,,,,
84000,336.2,0.004033,,,,,,,,
84100,336.5,0.002463,,,,,,,,
84200,336.8,0.003440,,,,,,,,
84300,337.0,0.002696,,,,,,,,
84400,337.3,0.007845,,,,,,,,
84500,337.6,0.004751,,,,,,,,
84600,337.9,0.003126,,,,,,,,
84700,338.2,0.003671,,,,,,,,
84800,338.5,0.004277,,,,,,,,
84900,338.8,0.002154,,,,,,,,
85000,340.2,0.002901,0.004237,4.137957e+00,2.593772e-01,1.802736e-01,0.000000,4.137957e+00,2.444625e-01,1.692355e-01
85100,340.4,0.006872,,,,,,,,
85200,340.7,0.003078,,,,,,,,
85300,341.0,0.004780,,,,,,,,
85400,341.3,0.003484,,,,,,,,
85500,341.6,0.002338,,,,,,,,
85600,341.9,0.002234,,,,,,,,
85700,342.2,0.005887,,,,,,,,
85800,342.5,0.010607,,,,,,,,
85900,342.7,0.005007,,,,,,,,
86000,343.0,0.005614,,,,,,,,
86100,343.3,0.002794,,,,,,,,
86200,343.6,0.001744,,,,,,,,
86300,343.9,0.007509,,,,,,,,
86400,344.2,0.007727,,,,,,,,
86500,344.5,0.004066,,,,,,,,
86600,344.8,0.005156,,,,,,,,
86700,345.1,0.009111,,,,,,,,
86800,345.4,0.006623,,,,,,,,
86900,345.7,0.004402,,,,,,,,
87000,346.0,0.005460,,,,,,,,
87100,346.3,0.004425,,,,,,,,
87200,346.5,0.002921,,,,,,,,
87300,346.8,0.004218,,,,,,,,
87400,347.1,0.005900,,,,,,,,
87500,347.4,0.004799,,,,,,,,
87600,347.7,0.002974,,,,,,,,
87700,348.0,0.009106,,,,,,,,
87800,348.3,0.004767,,,,,,,,
87900,348.6,0.003600,,,,,,,,
88000,348.9,0.002698,,,,,,,,
88100,349.2,0.009277,,,,,,,,
88200,349.5,0.004146,,,,,,,,
88300,349.8,0.005485,,,,,,,,
88400,350.1,0.002875,,,,,,,,
88500,350.4,0.003666,,,,,,,,
88600,350.6,0.006363,,,,,,,,
88700,350.9,0.004163,,,,,,,,
88800,351.2,0.002372,,,,,,,,
88900,351.5,0.002832,,,,,,,,
89000,351.8,0.006614,,,,,,,,
89100,352.1,0.010991,,,,,,,,
89200,352.4,0.002689,,,,,,,,
89300,352.7,0.003089,,,,,,,,
89400,353.0,0.003254,,,,,,,,
89500,353.3,0.003442,,,,,,,,
89600,353.6,0.006145,,,,,,,,
89700,353.9,0.003349,,,,,,,,
89800,354.2,0.002822,,,,,,,,
89900,354.5,0.005676,,,,,,,,
90000,355.9,0.005692,0.006671,5.521031e+00,2.763669e-01,1.822350e-01,0.000000,5.521031e+00,2.630830e-01,1.723679e-01
90100,356.1,0.003080,,,,,,,,
90200,356.4,0.004430,,,,,,,,
90300,356.7,0.006653,,,,,,,,
90400,357.0,0.004606,,,,,,,,
90500,357.3,0.004078,,,,,,,,
90600,357.6,0.004587,,,,,,,,
90700,357.8,0.003965,,,,,,,,
90800,358.1,0.004353,,,,,,,,
90900,358.4,0.009806,,,,,,,,
91000,358.7,0.011689,,,,,,,,
91100,359.0,0.005669,,,,,,,,
91200,359.3,0.006394,,,,,,,,
91300,359.6,0.004592,,,,,,,,
91400,359.9,0.003194,,,,,,,,
91500,360.2,0.002928,,,,,,,,
91600,360.4,0.008134,,,,,,,,
91700,360.7,0.004538,,,,,,,,
91800,361.0,0.003445,,,,,,,,
91900,361.3,0.003562,,,,,,,,
92000,361.6,0.004569,,,,,,,,
92100,361.9,0.005870,,,,,,,,
92200,362.2,0.005183,,,,,,,,
92300,362.5,0.003057,,,,,,,,
92400,362.7,0.004026,,,,,,,,
92500,363.0,0.004802,,,,,,,,
92600,363.3,0.008952,,,,,,,,
92700,363.6,0.003132,,,,,,,,
92800,363.9,0.008534,,,,,,,,
92900,364.2,0.003085,,,,,,,,
93000,364.4,0.003739,,,,,,,,
93100,364.7,0.004438,,,,,,,,
93200,365.0,0.013829,,,,,,,,
93300,365.3,0.002045,,,,,,,,
93400,365.6,0.004095,,,,,,,,
93500,365.9,0.004126,,,,,,,,
93600,366.2,0.009621,,,,,,,,
93700,366.5,0.003198,,,,,,,,
93800,366.8,0.002857,,,,,,,,
93900,367.1,0.002814,,,,,,,,
94000,367.4,0.005136,,,,,,,,
94100,367.7,0.003231,,,,,,,,
94200,367.9,0.003107,,,,,,,,
94300,368.2,0.003218,,,,,,,,
94400,368.5,0.006804,,,,,,,,
94500,368.8,0.005175,,,,,,,,
94600,369.1,0.004401,,,,,,,,
94700,369.4,0.004188,,,,,,,,
94800,369.6,0.003825,,,,,,,,
94900,369.9,0.009110,,,,,,,,
95000,371.4,0.005801,0.004102,4.488208e+00,2.529524e-01,1.806201e-01,0.000000,4.488208e+00,2.398166e-01,1.716288e-01
95100,371.6,0.007454,,,,,,,,
95200,371.8,0.005435,,,,,,,,
95300,372.1,0.004299,,,,,,,,
95400,372.4,0.005655,,,,,,,,
95500,372.7,0.006057,,,,,,,,
95600,373.0,0.002413,,,,,,,,
95700,373.3,0.004407,,,,,,,,
95800,373.6,0.004594,,,,,,,,
95900,373.9,0.007691,,,,,,,,
96000,374.2,0.006340,,,,,,,,
96100,374.4,0.002985,,,,,,,,
96200,374.7,0.004148,,,,,,,,
96300,375.0,0.004716,,,,,,,,
96400,375.3,0.004788,,,,,,,,
96500,375.6,0.006585,,,,,,,,
96600,375.8,0.008970,,,,,,,,
96700,376.1,0.009971,,,,,,,,
96800,376.4,0.005804,,,,,,,,
96900,376.7,0.005529,,,,,,,,
97000,377.0,0.004315,,,,,,,,
97100,377.3,0.002334,,,,,,,,
97200,377.6,0.007638,,,,,,,,
97300,377.8,0.003291,,,,,,,,
97400,378.1,0.003805,,,,,,,,
97500,378.4,0.003918,,,,,,,,
97600,378.7,0.004372,,,,,,,,
97700,379.0,0.006562,,,,,,,,
97800,379.3,0.004568,,,,,,,,
97900,379.6,0.005711,,,,,,,,
98000,379.9,0.004854,,,,,,,,
98100,380.1,0.005047,,,,,,,,
98200,380.4,0.004378,,,,,,,,
98300,380.7,0.005325,,,,,,,,
98400,381.0,0.003982,,,,,,,,
98500,381.3,0.003657,,,,,,,,
98600,381.6,0.003314,,,,,,,,
98700,381.9,0.002734,,,,,,,,
98800,382.2,0.006256,,,,,,,,
98900,382.5,0.003620,,,,,,,,
99000,382.8,0.004185,,,,,,,,
99100,383.1,0.003496,,,,,,,,
99200,383.3,0.002755,,,,,,,,
99300,383.6,0.002042,,,,,,,,
99400,383.9,0.004424,,,,,,,,
99500,384.2,0.003926,,,,,,,,
99600,384.5,0.008615,,,,,,,,
99700,384.8,0.003800,,,,,,,,
99800,385.1,0.003899,,,,,,,,
99900,385.4,0.005474,,,,,,,,
100000,386.7,0.004005,0.006911,6.045980e+00,2.954020e-01,1.975003e-01,0.000000,6.045980e+00,2.838460e-01,1.888047e-01
100100,387.0,0.004441,,,,,,,,
100200,387.2,0.007705,,,,,,,,
100300,387.5,0.002912,,,,,,,,
100400,387.8,0.004038,,,,,,,,
100500,388.1,0.006970,,,,,,,,
100600,388.4,0.003336,,,,,,,,
100700,388.7,0.003400,,,,,,,,
100800,389.0,0.003885,,,,,,,,
100900,389.3,0.003039,,,,,,,,
101000,389.6,0.005744,,,,,,,,
101100,389.9,0.005502,,,,,,,,
101200,390.1,0.005187,,,,,,,,
101300,390.4,0.003102,,,,,,,,
101400,390.7,0.005994,,,,,,,,
101500,391.0,0.004258,,,,,,,,
101600,391.3,0.002918,,,,,,,,
101700,391.6,0.004495,,,,,,,,
101800,391.9,0.003746,,,,,,,,
101900,392.2,0.003099,,,,,,,,
102000,392.5,0.004159,,,,,,,,
102100,392.7,0.002515,,,,,,,,
102200,393.0,0.005133,,,,,,,,
102300,393.3,0.004698,,,,,,,,
102400,393.6,0.004263,,,,,,,,
102500,393.9,0.002534,,,,,,,,
102600,394.1,0.007932,,,,,,,,
102700,394.4,0.004074,,,,,,,,
102800,394.7,0.006883,,,,,,,,
102900,395.0,0.003363,,,,,,,,
103000,395.3,0.009174,,,,,,,,
103100,395.6,0.002324,,,,,,,,
103200,395.8,0.005004,,,,,,,,
103300,396.1,0.002934,,,,,,,,
103400,396.4,0.004166,,,,,,,,
103500,396.7,0.002201,,,,,,,,
103600,397.0,0.003232,,,,,,,,
103700,397.3,0.004820,,,,,,,,
103800,397.5,0.006197,,,,,,,,
103900,397.8,0.002919,,,,,,,,
104000,398.1,0.003964,,,,,,,,
104100,398.4,0.009109,,,,,,,,
104200,398.7,0.005683,,,,,,,,
104300,399.0,0.005209,,,,,,,,
104400,399.3,0.005522,,,,,,,,
104500,399.6,0.005255,,,,,,,,
104600,399.9,0.003463,,,,,,,,
104700,400.2,0.004430,,,,,,,,
104800,400.4,0.003014,,,,,,,,
104900,400.7,0.003630,,,,,,,,
105000,402.1,0.003383,0.004724,3.521617e+00,2.679296e-01,1.843694e-01,0.000000,3.521617e+00,2.550606e-01,1.760398e-01
105100,402.4,0.004793,,,,,,,,
105200,402.6,0.005738,,,,,,,,
105300,402.9,0.004023,,,,,,,,
105400,403.2,0.002200,,,,,,,,
105500,403.5,0.004644,,,,,,,,
105600,403.8,0.004972,,,,,,,,
105700,404.1,0.004622,,,,,,,,
105800,404.4,0.002152,,,,,,,,
105900,404.7,0.004595,,,,,,,,
106000,405.0,0.006754,,,,,,,,
106100,405.2,0.005384,,,,,,,,
106200,405.5,0.003667,,,,,,,,
106300,405.8,0.005191,,,,,,,,
106400,406.1,0.003672,,,,,,,,
106500,406.3,0.004495,,,,,,,,
106600,406.6,0.010341,,,,,,,,
106700,406.8,0.004706,,,,,,,,
106800,407.1,0.003842,,,,,,,,
106900,407.4,0.002503,,,,,,,,
107000,407.7,0.004324,,,,,,,,
107100,408.0,0.005944,,,,,,,,
107200,408.3,0.005483,,,,,,,,
107300,408.6,0.003099,,,,,,,,
107400,408.9,0.001852,,,,,,,,
107500,409.2,0.004439,,,,,,,,
107600,409.5,0.006401,,,,,,,,
107700,409.8,0.007147,,,,,,,,
107800,410.0,0.005432,,,,,,,,
107900,410.3,0.003445,,,,,,,,
108000,410.6,0.002201,,,,,,,,
108100,410.9,0.004616,,,,,,,,
108200,411.2,0.005834,,,,,,,,
108300,411.5,0.008861,,,,,,,,
108400,411.8,0.001951,,,,,,,,
108500,412.1,0.004358,,,,,,,,
108600,412.4,0.001791,,,,,,,,
108700,412.7,0.007249,,,,,,,,
108800,412.9,0.003620,,,,,,,,
108900,413.2,0.005013,,,,,,,,
109000,413.5,0.002491,,,,,,,,
109100,413.8,0.006888,,,,,,,,
109200,414.1,0.004967,,,,,,,,
109300,414.4,0.003605,,,,,,,,
109400,414.7,0.003254,,,,,,,,
109500,414.9,0.004638,,,,,,,,
109600,415.2,0.011345,,,,,,,,
109700,415.5,0.002919,,,,,,,,
109800,415.8,0.003575,,,,,,,,
109900,416.1,0.007973,,,,,,,,
110000,417.5,0.005166,0.004156,3.555510e+00,2.548483e-01,1.752190e-01,0.000000,3.555510e+00,2.410710e-01,1.648992e-01
110100,417.8,0.004917,,,,,,,,
110200,418.0,0.008100,,,,,,,,
110300,418.3,0.004773,,,,,,,,
110400,418.6,0.005948,,,,,,,,
110500,418.9,0.005097,,,,,,,,
110600,419.2,0.005907,,,,,,,,
110700,419.5,0.007351,,,,,,,,
110800,419.7,0.003557,,,,,,,,
110900,420.0,0.003332,,,,,,,,
111000,420.3,0.004875,,,,,,,,
111100,420.6,0.006991,,,,,,,,
111200,420.9,0.005329,,,,,,,,
111300,421.2,0.004288,,,,,,,,
111400,421.5,0.004621,,,,,,,,
111500,421.8,0.002509,,,,,,,,
111600,422.1,0.003673,,,,,,,,
111700,422.3,0.010116,,,,,,,,
111800,422.6,0.004775,,,,,,,,
111900,422.9,0.002366,,,,,,,,
112000,423.2,0.004426,,,,,,,,
112100,423.5,0.004625,,,,,,,,
112200,423.8,0.003169,,,,,,,,
112300,424.1,0.005992,,,,,,,,
112400,424.4,0.003461,,,,,,,,
112500,424.6,0.003108,,,,,,,,
112600,424.9,0.004444,,,,,,,,
112700,425.2,0.004401,,,,,,,,
112800,425.5,0.003174,,,,,,,,
112900,425.8,0.002653,,,,,,,,
113000,426.1,0.003721,,,,,,,,
113100,426.4,0.004394,,,,,,,,
113200,426.7,0.003284,,,,,,,,
113300,427.0,0.004536,,,,,,,,
113400,427.3,0.003204,,,,,,,,
113500,427.5,0.004562,,,,,,,,
113600,427.8,0.006423,,,,,,,,
113700,428.1,0.006626,,,,,,,,
113800,428.4,0.007416,,,,,,,,
113900,428.7,0.004085,,,,,,,,
114000,429.0,0.006509,,,,,,,,
114100,429.3,0.002483,,,,,,,,
114200,429.6,0.006604,,,,,,,,
114300,429.8,0.003799,,,,,,,,
114400,430.1,0.002405,,,,,,,,
114500,430.4,0.002930,,,,,,,,
114600,430.7,0.003023,,,,,,,,
114700,431.0,0.002510,,,,,,,,
114800,431.3,0.003245,,,,,,,,
114900,431.6,0.007256,,,,,,,,
115000,433.0,0.009976,0.008612,5.421755e+00,2.978116e-01,1.819968e-01,0.000000,5.421755e+00,2.838812e-01,1.712978e-01
115100,433.2,0.003452,,,,,,,,
115200,433.5,0.002344,,,,,,,,
115300,433.8,0.003723,,,,,,,,
115400,434.1,0.004824,,,,,,,,
115500,434.4,0.002941,,,,,,,,
115600,434.7,0.006198,,,,,,,,
115700,435.0,0.007261,,,,,,,,
115800,435.3,0.003609,,,,,,,,
115900,435.6,0.005871,,,,,,,,
116000,435.9,0.005798,,,,,,,,
116100,436.1,0.004733,,,,,,,,
116200,436.4,0.004099,,,,,,,,
116300,436.7,0.004126,,,,,,,,
116400,437.0,0.004479,,,,,,,,
116500,437.3,0.004966,,,,,,,,
116600,437.6,0.004883,,,,,,,,
116700,437.8,0.003911,,,,,,,,
116800,438.1,0.002486,,,,,,,,
116900,438.4,0.002517,,,,,,,,
117000,438.7,0.008221,,,,,,,,
117100,439.0,0.004773,,,,,,,,
117200,439.3,0.005823,,,,,,,,
117300,439.6,0.004736,,,,,,,,
117400,439.9,0.005609,,,,,,,,
117500,440.2,0.003138,,,,,,,,
117600,440.5,0.003852,,,,,,,,
117700,440.8,0.003188,,,,,,,,
117800,441.0,0.003033,,,,,,,,
117900,441.3,0.004570,,,,,,,,
118000,441.6,0.003047,,,,,,,,
118100,441.9,0.004500,,,,,,,,
118200,442.2,0.003647,,,,,,,,
118300,442.4,0.003929,,,,,,,,
118400,442.7,0.005210,,,,,,,,
118500,443.0,0.002957,,,,,,,,
118600,443.3,0.002960,,,,,,,,
118700,443.6,0.003832,,,,,,,,
118800,443.9,0.004325,,,,,,,,
118900,444.2,0.003312,,,,,,,,
119000,444.4,0.004816,,,,,,,,
119100,444.7,0.002827,,,,,,,,
119200,445.0,0.007741,,,,,,,,
119300,445.3,0.004557,,,,,,,,
119400,445.6,0.006793,,,,,,,,
119500,445.9,0.006825,,,,,,,,
119600,446.2,0.003683,,,,,,,,
119700,446.5,0.006965,,,,,,,,
119800,446.8,0.008100,,,,,,,,
119900,447.1,0.004455,,,,,,,,
120000,448.5,0.004248,0.004039,3.698559e+00,2.486425e-01,1.718127e-01,0.000000,3.698559e+00,2.357317e-01,1.622217e-01
120100,448.7,0.005623,,,,,,,,
120200,449.0,0.005476,,,,,,,,
120300,449.3,0.004604,,,,,,,,
120400,449.6,0.003128,,,,,,,,
120500,449.8,0.005143,,,,,,,,
120600,450.1,0.005722,,,,,,,,
120700,450.4,0.004377,,,,,,,,
120800,450.7,0.002060,,,,,,,,
120900,451.0,0.003686,,,,,,,,
121000,451.3,0.007765,,,,,,,,
121100,451.5,0.005908,,,,,,,,
121200,451.8,0.003911,,,,,,,,
121300,452.1,0.002701,,,,,,,,
121400,452.4,0.007406,,,,,,,,
121500,452.7,0.005205,,,,,,,,
121600,453.0,0.006411,,,,,,,,
121700,453.2,0.003977,,,,,,,,
121800,453.5,0.004111,,,,,,,,
121900,453.8,0.014862,,,,,,,,
122000,454.1,0.006351,,,,,,,,
122100,454.4,0.002995,,,,,,,,
122200,454.7,0.011509,,,,,,,,
122300,455.0,0.004186,,,,,,,,
122400,455.3,0.003495,,,,,,,,
122500,455.6,0.002626,,,,,,,,
122600,455.8,0.003620,,,,,,,,
122700,456.1,0.006606,,,,,,,,
122800,456.4,0.005976,,,,,,,,
122900,456.7,0.006897,,,,,,,,
123000,457.0,0.002829,,,,,,,,
123100,457.3,0.003773,,,,,,,,
123200,457.6,0.003211,,,,,,,,
123300,457.9,0.006277,,,,,,,,
123400,458.1,0.007193,,,,,,,,
123500,458.4,0.005885,,,,,,,,
123600,458.7,0.002893,,,,,,,,
123700,459.0,0.009318,,,,,,,,
123800,459.3,0.002028,,,,,,,,
123900,459.6,0.003352,,,,,,,,
124000,459.9,0.005152,,,,,,,,
124100,460.1,0.009110,,,,,,,,
124200,460.4,0.002906,,,,,,,,
124300,460.7,0.003979,,,,,,,,
124400,461.0,0.004707,,,,,,,,
124500,461.3,0.010366,,,,,,,,
124600,461.6,0.003523,,,,,,,,
124700,461.9,0.004932,,,,,,,,
124800,462.2,0.002583,,,,,,,,
124900,462.4,0.003873,,,,,,,,
125000,463.9,0.008210,0.006080,5.151262e+00,2.680465e-01,1.823415e-01,0.000000,5.151262e+00,2.528840e-01,1.696437e-01
125100,464.1,0.003103,,,,,,,,
125200,464.3,0.004413,,,,,,,,
125300,464.6,0.002932,,,,,,,,
125400,464.9,0.005038,,,,,,,,
125500,465.2,0.004996,,,,,,,,
125600,465.5,0.006573,,,,,,,,
125700,465.8,0.004153,,,,,,,,
125800,466.1,0.003155,,,,,,,,
125900,466.4,0.002498,,,,,,,,
126000,466.6,0.005272,,,,,,,,
126100,466.9,0.003776,,,,,,,,
126200,467.2,0.007093,,,,,,,,
126300,467.5,0.005914,,,,,,,,
126400,467.8,0.005161,,,,,,,,
126500,468.1,0.003329,,,,,,,,
126600,468.4,0.002990,,,,,,,,
126700,468.7,0.005332,,,,,,,,
126800,469.0,0.008341,,,,,,,,
126900,469.3,0.001879,,,,,,,,
127000,469.5,0.005857,,,,,,,,
127100,469.8,0.003629,,,,,,,,
127200,470.1,0.005285,,,,,,,,
127300,470.4,0.002663,,,,,,,,
127400,470.7,0.003910,,,,,,,,
127500,471.0,0.003769,,,,,,,,
127600,471.3,0.004443,,,,,,,,
127700,471.5,0.007768,,,,,,,,
127800,471.8,0.005712,,,,,,,,
127900,472.1,0.005688,,,,,,,,
128000,472.4,0.006350,,,,,,,,
128100,472.7,0.005328,,,,,,,,
128200,472.9,0.007839,,,,,,,,
128300,473.2,0.003195,,,,,,,,
128400,473.4,0.004552,,,,,,,,
128500,473.7,0.003109,,,,,,,,
128600,474.0,0.004620,,,,,,,,
128700,474.3,0.002606,,,,,,,,
128800,474.5,0.003551,,,,,,,,
128900,474.8,0.003312,,,,,,,,
129000,475.1,0.003449,,,,,,,,
129100,475.4,0.003315,,,,,,,,
129200,475.6,0.003476,,,,,,,,
129300,475.9,0.006276,,,,,,,,
129400,476.1,0.007886,,,,,,,,
129500,476.4,0.004019,,,,,,,,
129600,476.6,0.004159,,,,,,,,
129700,476.9,0.004712,,,,,,,,
129800,477.2,0.007577,,,,,,,,
129900,477.5,0.003746,,,,,,,,
130000,478.9,0.003232,0.007459,4.455277e+00,2.957430e-01,1.797866e-01,0.000000,4.455277e+00,2.833101e-01,1.706111e-01
130100,479.1,0.005175,,,,,,,,
130200,479.4,0.002674,,,,,,,,
130300,479.6,0.004620,,,,,,,,
130400,479.9,0.004124,,,,,,,,
130500,480.2,0.008433,,,,,,,,
130600,480.5,0.002465,,,,,,,,
130700,480.8,0.004837,,,,,,,,
130800,481.1,0.006686,,,,,,,,
130900,481.4,0.005459,,,,,,,,
131000,481.6,0.006978,,,,,,,,
131100,481.9,0.004159,,,,,,,,
131200,482.1,0.003836,,,,,,,,
131300,482.4,0.002603,,,,,,,,
131400,482.6,0.006062,,,,,,,,
131500,482.9,0.007986,,,,,,,,
131600,483.1,0.002907,,,,,,,,
131700,483.4,0.003082,,,,,,,,
131800,483.7,0.010868,,,,,,,,
131900,484.0,0.007040,,,,,,,,
132000,484.3,0.003200,,,,,,,,
132100,484.5,0.003085,,,,,,,,
132200,484.8,0.004147,,,,,,,,
132300,485.1,0.007346,,,,,,,,
132400,485.4,0.003130,,,,,,,,
132500,485.7,0.004405,,,,,,,,
132600,485.9,0.003983,,,,,,,,
132700,486.2,0.003276,,,,,,,,
132800,486.5,0.007608,,,,,,,,
132900,486.8,0.008283,,,,,,,,
133000,487.1,0.004511,,,,,,,,
133100,487.4,0.007154,,,,,,,,
133200,487.7,0.007322,,,,,,,,
133300,488.0,0.002621,,,,,,,,
133400,488.3,0.002718,,,,,,,,
133500,488.6,0.003830,,,,,,,,
133600,488.8,0.003430,,,,,,,,
133700,489.1,0.005577,,,,,,,,
133800,489.4,0.013075,,,,,,,,
133900,489.7,0.004806,,,,,,,,
134000,490.0,0.002964,,,,,,,,
134100,490.3,0.003922,,,,,,,,
134200,490.6,0.005019,,,,,,,,
134300,490.9,0.009829,,,,,,,,
134400,491.2,0.005504,,,,,,,,
134500,491.5,0.002514,,,,,,,,
134600,491.7,0.003650,,,,,,,,
134700,492.0,0.005357,,,,,,,,
134800,492.3,0.003387,,,,,,,,
134900,492.6,0.004591,,,,,,,,
135000,494.0,0.005404,0.004347,4.060287e+00,2.543593e-01,1.721940e-01,0.000000,4.060287e+00,2.399080e-01,1.608313e-01
135100,494.3,0.006861,,,,,,,,
135200,494.6,0.007567,,,,,,,,
135300,494.9,0.002716,,,,,,,,
135400,495.1,0.002693,,,,,,,,
135500,495.4,0.003014,,,,,,,,
135600,495.7,0.002740,,,,,,,,
135700,496.0,0.004276,,,,,,,,
135800,496.3,0.004266,,,,,,,,
135900,496.6,0.003673,,,,,,,,
136000,496.9,0.003316,,,,,,,,
136100,497.2,0.002174,,,,,,,,
136200,497.5,0.003530,,,,,,,,
136300,497.8,0.002007,,,,,,,,
136400,498.1,0.004580,,,,,,,,
136500,498.3,0.003171,,,,,,,,
136600,498.6,0.003821,,,,,,,,
136700,498.9,0.004432,,,,,,,,
136800,499.2,0.003161,,,,,,,,
136900,499.5,0.002695,,,,,,,,
137000,499.8,0.008274,,,,,,,,
137100,500.1,0.003106,,,,,,,,
137200,500.4,0.006261,,,,,,,,
137300,500.7,0.003565,,,,,,,,
137400,501.0,0.004276,,,,,,,,
137500,501.3,0.004468,,,,,,,,
137600,501.6,0.003963,,,,,,,,
137700,501.9,0.002128,,,,,,,,
137800,502.2,0.007411,,,,,,,,
137900,502.5,0.003142,,,,,,,,
138000,502.8,0.005569,,,,,,,,
138100,503.1,0.003270,,,,,,,,
138200,503.4,0.003781,,,,,,,,
138300,503.6,0.003397,,,,,,,,
138400,503.9,0.003972,,,,,,,,
138500,504.2,0.003345,,,,,,,,
138600,504.5,0.005293,,,,,,,,
138700,504.8,0.003149,,,,,,,,
138800,505.1,0.004141,,,,,,,,
138900,505.4,0.003600,,,,,,,,
139000,505.7,0.002867,,,,,,,,
139100,506.0,0.003591,,,,,,,,
139200,506.3,0.002582,,,,,,,,
139300,506.6,0.004713,,,,,,,,
139400,506.8,0.003007,,,,,,,,
139500,507.1,0.003336,,,,,,,,
139600,507.4,0.006267,,,,,,,,
139700,507.7,0.003284,,,,,,,,
139800,508.0,0.004606,,,,,,,,
139900,508.3,0.005815,,,,,,,,
140000,509.7,0.011589,0.004228,3.358475e+00,2.586513e-01,1.815208e-01,0.000000,3.358475e+00,2.440975e-01,1.714298e-01
140100,509.9,0.002998,,,,,,,,
140200,510.1,0.005292,,,,,,,,
140300,510.4,0.009893,,,,,,,,
140400,510.7,0.003360,,,,,,,,
140500,511.0,0.003733,,,,,,,,
140600,511.2,0.003593,,,,,,,,
140700,511.5,0.002695,,,,,,,,
140800,511.8,0.007835,,,,,,,,
140900,512.1,0.003448,,,,,,,,
141000,512.4,0.009024,,,,,,,,
141100,512.7,0.003872,,,,,,,,
141200,512.9,0.007075,,,,,,,,
141300,513.2,0.004767,,,,,,,,
141400,513.5,0.003128,,,,,,,,
141500,513.8,0.003451,,,,,,,,
141600,514.1,0.005949,,,,,,,,
141700,514.4,0.002664,,,,,,,,
141800,514.6,0.006574,,,,,,,,
141900,514.9,0.003093,,,,,,,,
142000,515.2,0.006137,,,,,,,,
142100,515.5,0.008264,,,,,,,,
142200,515.8,0.004136,,,,,,,,
142300,516.1,0.006285,,,,,,,,
142400,516.4,0.002574,,,,,,,,
142500,516.6,0.003518,,,,,,,,
142600,516.9,0.006742,,,,,,,,
142700,517.1,0.003903,,,,,,,,
142800,517.4,0.005620,,,,,,,,
142900,517.7,0.009555,,,,,,,,
143000,518.0,0.002602,,,,,,,,
143100,518.3,0.005041,,,,,,,,
143200,518.6,0.005394,,,,,,,,
143300,518.9,0.003890,,,,,,,,
143400,519.2,0.002428,,,,,,,,
143500,519.4,0.002723,,,,,,,,
143600,519.7,0.003214,,,,,,,,
143700,520.0,0.002164,,,,,,,,
143800,520.3,0.007406,,,,,,,,
143900,520.6,0.004634,,,,,,,,
144000,520.9,0.003439,,,,,,,,
144100,521.2,0.004371,,,,,,,,
144200,521.4,0.011756,,,,,,,,
144300,521.7,0.003976,,,,,,,,
144400,522.0,0.006402,,,,,,,,
144500,522.3,0.006902,,,,,,,,
144600,522.6,0.006941,,,,,,,,
144700,522.9,0.006837,,,,,,,,
144800,523.2,0.004776,,,,,,,,
144900,523.5,0.003111,,,,,,,,
145000,524.9,0.004599,0.005307,4.697569e+00,2.602083e-01,1.789417e-01,0.000000,4.697569e+00,2.462138e-01,1.691743e-01
145100,525.1,0.004085,,,,,,,,
145200,525.4,0.012293,,,,,,,,
145300,525.7,0.002201,,,,,,,,
145400,525.9,0.002663,,,,,,,,
145500,526.2,0.007704,,,,,,,,
145600,526.5,0.003773,,,,,,,,
145700,526.8,0.003800,,,,,,,,
145800,527.1,0.007874,,,,,,,,
145900,527.4,0.003320,,,,,,,,
146000,527.7,0.002673,,,,,,,,
146100,528.0,0.005235,,,,,,,,
146200,528.3,0.006258,,,,,,,,
146300,528.6,0.003368,,,,,,,,
146400,528.9,0.003984,,,,,,,,
146500,529.1,0.004235,,,,,,,,
146600,529.4,0.003052,,,,,,,,
146700,529.7,0.004331,,,,,,,,
146800,530.0,0.008079,,,,,,,,
146900,530.3,0.002600,,,,,,,,
147000,530.6,0.003855,,,,,,,,
147100,530.9,0.006188,,,,,,,,
147200,531.2,0.003903,,,,,,,,
147300,531.5,0.005566,,,,,,,,
147400,531.7,0.006091,,,,,,,,
147500,532.0,0.003633,,,,,,,,
147600,532.3,0.002946,,,,,,,,
147700,532.6,0.002830,,,,,,,,
147800,532.9,0.002492,,,,,,,,
147900,533.2,0.005290,,,,,,,,
148000,533.5,0.006221,,,,,,,,
148100,533.8,0.003169,,,,,,,,
148200,534.1,0.003817,,,,,,,,
148300,534.3,0.004161,,,,,,,,
148400,534.5,0.003602,,,,,,,,
148500,534.8,0.006508,,,,,,,,
148600,535.1,0.004915,,,,,,,,
148700,535.4,0.005302,,,,,,,,
148800,535.6,0.002423,,,,,,,,
148900,535.9,0.004827,,,,,,,,
149000,536.2,0.003067,,,,,,,,
149100,536.5,0.004829,,,,,,,,
149200,536.8,0.001996,,,,,,,,
149300,537.1,0.002140,,,,,,,,
149400,537.4,0.006445,,,,,,,,
149500,537.7,0.003012,,,,,,,,
149600,538.0,0.007029,,,,,,,,
149700,538.2,0.002243,,,,,,,,
149800,538.5,0.004352,,,,,,,,
149900,538.8,0.004946,,,,,,,,
150000,540.3,0.003120,0.004365,3.721141e+00,2.570605e-01,1.843384e-01,0.000000,3.721141e+00,2.414149e-01,1.720190e-01
150100,540.5,0.006863,,,,,,,,
150200,540.7,0.004682,,,,,,,,
150300,541.0,0.003243,,,,,,,,
150400,541.3,0.006035,,,,,,,,
150500,541.6,0.004517,,,,,,,,
150600,541.9,0.003546,,,,,,,,
150700,542.2,0.004473,,,,,,,,
150800,542.5,0.007948,,,,,,,,
150900,542.7,0.004050,,,,,,,,
151000,543.0,0.003075,,,,,,,,
151100,543.3,0.002763,,,,,,,,
151200,543.6,0.007187,,,,,,,,
151300,543.9,0.005468,,,,,,,,
151400,544.2,0.003939,,,,,,,,
151500,544.5,0.003639,,,,,,,,
151600,544.8,0.002665,,,,,,,,
151700,545.1,0.008616,,,,,,,,
151800,545.3,0.003178,,,,,,,,
151900,545.6,0.002861,,,,,,,,
152000,545.9,0.006652,,,,,,,,
152100,546.2,0.002196,,,,,,,,
152200,546.5,0.002677,,,,,,,,
152300,546.8,0.002723,,,,,,,,
152400,547.1,0.006941,,,,,,,,
152500,547.4,0.004333,,,,,,,,
152600,547.7,0.008184,,,,,,,,
152700,548.0,0.007012,,,,,,,,
152800,548.3,0.007099,,,,,,,,
152900,548.6,0.003796,,,,,,,,
153000,548.9,0.002248,,,,,,,,
153100,549.1,0.007863,,,,,,,,
153200,549.4,0.005780,,,,,,,,
153300,549.7,0.003723,,,,,,,,
153400,550.0,0.005952,,,,,,,,
153500,550.3,0.006484,,,,,,,,
153600,550.6,0.003719,,,,,,,,
153700,550.9,0.002519,,,,,,,,
153800,551.2,0.006935,,,,,,,,
153900,551.4,0.003058,,,,,,,,
154000,551.7,0.006988,,,,,,,,
154100,552.0,0.005612,,,,,,,,
154200,552.3,0.004244,,,,,,,,
154300,552.6,0.005395,,,,,,,,
154400,552.9,0.004045,,,,,,,,
154500,553.2,0.003027,,,,,,,,
154600,553.5,0.007897,,,,,,,,
154700,553.8,0.004524,,,,,,,,
154800,554.0,0.004191,,,,,,,,
154900,554.3,0.002449,,,,,,,,
155000,555.7,0.004622,0.004645,3.584087e+00,2.582972e-01,1.746223e-01,0.000000,3.584087e+00,2.461081e-01,1.646109e-01
155100,555.9,0.003203,,,,,,,,
155200,556.2,0.003347,,,,,,,,
155300,556.5,0.005597,,,,,,,,
155400,556.8,0.003679,,,,,,,,
155500,557.1,0.004370,,,,,,,,
155600,557.4,0.006242,,,,,,,,
155700,557.7,0.003198,,,,,,,,
155800,557.9,0.004216,,,,,,,,
155900,558.2,0.006537,,,,,,,,
156000,558.5,0.003531,,,,,,,,
156100,558.8,0.003015,,,,,,,,
156200,559.1,0.004050,,,,,,,,
156300,559.4,0.002914,,,,,,,,
156400,559.7,0.003822,,,,,,,,
156500,560.0,0.004785,,,,,,,,
156600,560.3,0.003284,,,,,,,,
156700,560.6,0.003560,,,,,,,,
156800,560.9,0.004861,,,,,,,,
156900,561.1,0.002268,,,,,,,,
157000,561.4,0.003007,,,,,,,,
157100,561.7,0.002965,,,,,,,,
157200,562.0,0.002139,,,,,,,,
157300,562.3,0.003697,,,,,,,,
157400,562.6,0.005030,,,,,,,,
157500,562.9,0.003970,,,,,,,,
157600,563.2,0.007801,,,,,,,,
157700,563.5,0.005996,,,,,,,,
157800,563.8,0.001897,,,,,,,,
157900,564.1,0.003430,,,,,,,,
158000,564.4,0.006502,,,,,,,,
158100,564.7,0.005104,,,,,,,,
158200,564.9,0.003438,,,,,,,,
158300,565.2,0.003270,,,,,,,,
158400,565.5,0.003143,,,,,,,,
158500,565.8,0.002918,,,,,,,,
158600,566.1,0.002918,,,,,,,,
158700,566.4,0.004567,,,,,,,,
158800,566.6,0.004115,,,,,,,,
158900,566.9,0.005409,,,,,,,,
159000,567.2,0.003597,,,,,,,,
159100,567.5,0.002673,,,,,,,,
159200,567.8,0.006164,,,,,,,,
159300,568.1,0.003550,,,,,,,,
159400,568.4,0.003709,,,,,,,,
159500,568.6,0.003891,,,,,,,,
159600,568.9,0.002371,,,,,,,,
159700,569.2,0.003903,,,,,,,,
159800,569.5,0.001985,,,,,,,,
159900,569.8,0.002316,,,,,,,,
160000,571.2,0.002624,0.005234,4.892482e+00,2.493492e-01,1.663025e-01,0.000000,4.892482e+00,2.357325e-01,1.563592e-01
160100,571.4,0.003471,,,,,,,,
160200,571.7,0.002620,,,,,,,,
160300,572.0,0.004188,,,,,,,,
160400,572.3,0.002447,,,,,,,,
160500,572.6,0.003637,,,,,,,,
160600,572.9,0.004229,,,,,,,,
160700,573.1,0.004291,,,,,,,,
160800,573.4,0.005638,,,,,,,,
160900,573.7,0.004902,,,,,,,,
161000,574.0,0.003625,,,,,,,,
161100,574.3,0.004811,,,,,,,,
161200,574.6,0.003631,,,,,,,,
161300,574.9,0.003568,,,,,,,,
161400,575.2,0.005574,,,,,,,,
161500,575.5,0.003749,,,,,,,,
161600,575.7,0.006656,,,,,,,,
161700,576.0,0.005027,,,,,,,,
161800,576.3,0.002736,,,,,,,,
161900,576.6,0.002317,,,,,,,,
162000,576.9,0.002947,,,,,,,,
162100,577.2,0.003925,,,,,,,,
162200,577.4,0.003010,,,,,,,,
162300,577.7,0.005882,,,,,,,,
162400,578.0,0.003656,,,,,,,,
162500,578.3,0.004022,,,,,,,,
162600,578.6,0.006114,,,,,,,,
162700,578.9,0.003682,,,,,,,,
162800,579.1,0.003978,,,,,,,,
162900,579.4,0.002823,,,,,,,,
163000,579.7,0.004029,,,,,,,,
163100,580.0,0.003448,,,,,,,,
163200,580.3,0.003798,,,,,,,,
163300,580.6,0.003209,,,,,,,,
163400,580.9,0.004666,,,,,,,,
163500,581.2,0.001880,,,,,,,,
163600,581.5,0.005987,,,,,,,,
163700,581.7,0.004281,,,,,,,,
163800,582.0,0.004831,,,,,,,,
163900,582.3,0.006429,,,,,,,,
164000,582.6,0.002734,,,,,,,,
164100,582.9,0.003615,,,,,,,,
164200,583.2,0.004186,,,,,,,,
164300,583.5,0.005841,,,,,,,,
164400,583.8,0.004943,,,,,,,,
164500,584.1,0.005150,,,,,,,,
164600,584.4,0.004172,,,,,,,,
164700,584.7,0.005105,,,,,,,,
164800,584.9,0.005747,,,,,,,,
164900,585.2,0.002778,,,,,,,,
165000,586.7,0.002798,0.003732,3.512364e+00,2.426467e-01,1.695983e-01,0.000000,3.512364e+00,2.279522e-01,1.585314e-01
165100,586.9,0.002959,,,,,,,,
165200,587.2,0.005554,,,,,,,,
165300,587.4,0.003602,,,,,,,,
165400,587.7,0.005026,,,,,,,,
165500,588.0,0.003312,,,,,,,,
165600,588.2,0.006151,,,,,,,,
165700,588.5,0.002610,,,,,,,,
165800,588.8,0.005002,,,,,,,,
165900,589.1,0.011158,,,,,,,,
166000,589.4,0.004619,,,,,,,,
166100,589.7,0.003413,,,,,,,,
166200,590.0,0.003239,,,,,,,,
166300,590.3,0.006030,,,,,,,,
166400,590.6,0.005830,,,,,,,,
166500,590.9,0.004171,,,,,,,,
166600,591.2,0.003532,,,,,,,,
166700,591.4,0.002634,,,,,,,,
166800,591.7,0.003569,,,,,,,,
166900,592.0,0.005327,,,,,,,,
167000,592.3,0.005502,,,,,,,,
167100,592.6,0.005088,,,,,,,,
167200,592.9,0.003563,,,,,,,,
167300,593.2,0.002714,,,,,,,,
167400,593.5,0.003766,,,,,,,,
167500,593.8,0.002714,,,,,,,,
167600,594.1,0.002997,,,,,,,,
167700,594.3,0.004491,,,,,,,,
167800,594.6,0.008267,,,,,,,,
167900,594.9,0.003305,,,,,,,,
168000,595.2,0.002470,,,,,,,,
168100,595.5,0.003387,,,,,,,,
168200,595.8,0.003477,,,,,,,,
168300,596.1,0.004153,,,,,,,,
168400,596.4,0.012376,,,,,,,,
168500,596.7,0.005262,,,,,,,,
168600,597.0,0.003902,,,,,,,,
168700,597.2,0.002443,,,,,,,,
168800,597.5,0.003290,,,,,,,,
168900,597.8,0.003001,,,,,,,,
169000,598.1,0.005002,,,,,,,,
169100,598.3,0.006406,,,,,,,,
169200,598.6,0.003516,,,,,,,,
169300,598.9,0.004617,,,,,,,,
169400,599.2,0.005550,,,,,,,,
169500,599.5,0.006141,,,,,,,,
169600,599.8,0.003120,,,,,,,,
169700,600.1,0.001988,,,,,,,,
169800,600.3,0.003715,,,,,,,,
169900,600.6,0.008863,,,,,,,,
170000,602.0,0.008640,0.004118,2.620664e+00,2.606032e-01,1.775455e-01,0.000000,2.620664e+00,2.468094e-01,1.665753e-01
170100,602.3,0.004101,,,,,,,,
170200,602.5,0.004286,,,,,,,,
170300,602.8,0.004311,,,,,,,,
170400,603.1,0.003368,,,,,,,,
170500,603.3,0.002598,,,,,,,,
170600,603.6,0.003148,,,,,,,,
170700,603.9,0.002154,,,,,,,,
170800,604.2,0.003221,,,,,,,,
170900,604.5,0.005376,,,,,,,,
171000,604.7,0.005930,,,,,,,,
171100,605.0,0.004152,,,,,,,,
171200,605.3,0.004825,,,,,,,,
171300,605.6,0.003398,,,,,,,,
171400,605.9,0.002489,,,,,,,,
171500,606.2,0.006368,,,,,,,,
171600,606.5,0.006489,,,,,,,,
171700,606.8,0.003392,,,,,,,,
171800,607.1,0.003128,,,,,,,,
171900,607.4,0.003116,,,,,,,,
172000,607.7,0.005082,,,,,,,,
172100,607.9,0.002959,,,,,,,,
172200,608.2,0.002250,,,,,,,,
172300,608.5,0.002572,,,,,,,,
172400,608.8,0.003546,,,,,,,,
172500,609.1,0.002706,,,,,,,,
172600,609.4,0.006843,,,,,,,,
172700,609.7,0.002557,,,,,,,,
172800,610.0,0.006461,,,,,,,,
172900,610.3,0.003568,,,,,,,,
173000,610.6,0.002371,,,,,,,,
173100,610.9,0.002515,,,,,,,,
173200,611.2,0.003258,,,,,,,,
173300,611.5,0.004398,,,,,,,,
173400,611.8,0.006111,,,,,,,,
173500,612.1,0.004110,,,,,,,,
173600,612.3,0.003450,,,,,,,,
173700,612.6,0.003124,,,,,,,,
173800,612.9,0.002783,,,,,,,,
173900,613.2,0.003713,,,,,,,,
174000,613.5,0.010563,,,,,,,,
174100,613.8,0.005749,,,,,,,,
174200,614.1,0.007629,,,,,,,,
174300,614.4,0.003342,,,,,,,,
174400,614.7,0.004293,,,,,,,,
174500,615.0,0.002665,,,,,,,,
174600,615.3,0.006903,,,,,,,,
174700,615.6,0.004050,,,,,,,,
174800,615.8,0.007524,,,,,,,,
174900,616.1,0.006482,,,,,,,,
175000,617.5,0.005815,0.004355,3.716235e+00,2.506237e-01,1.791683e-01,0.000000,3.716235e+00,2.368749e-01,1.680687e-01
175100,617.8,0.004577,,,,,,,,
175200,618.1,0.004974,,,,,,,,
175300,618.4,0.011009,,,,,,,,
175400,618.7,0.006231,,,,,,,,
175500,619.0,0.005419,,,,,,,,
175600,619.3,0.001951,,,,,,,,
175700,619.5,0.003605,,,,,,,,
175800,619.8,0.005628,,,,,,,,
175900,620.1,0.006651,,,,,,,,
176000,620.4,0.003867,,,,,,,,
176100,620.7,0.005048,,,,,,,,
176200,620.9,0.007520,,,,,,,,
176300,621.2,0.003778,,,,,,,,
176400,621.5,0.002278,,,,,,,,
176500,621.8,0.008633,,,,,,,,
176600,622.1,0.002710,,,,,,,,
176700,622.4,0.006231,,,,,,,,
176800,622.7,0.003050,,,,,,,,
176900,623.0,0.005074,,,,,,,,
177000,623.2,0.002590,,,,,,,,
177100,623.5,0.005273,,,,,,,,
177200,623.8,0.003471,,,,,,,,
177300,624.1,0.003331,,,,,,,,
177400,624.4,0.002156,,,,,,,,
177500,624.7,0.003605,,,,,,,,
177600,625.0,0.003888,,,,,,,,
177700,625.3,0.002543,,,,,,,,
177800,625.6,0.003062,,,,,,,,
177900,625.9,0.002652,,,,,,,,
178000,626.2,0.004632,,,,,,,,
178100,626.5,0.002298,,,,,,,,
178200,626.8,0.006329,,,,,,,,
178300,627.1,0.007214,,,,,,,,
178400,627.3,0.003441,,,,,,,,
178500,627.6,0.004537,,,,,,,,
178600,627.9,0.004227,,,,,,,,
178700,628.2,0.003678,,,,,,,,
178800,628.5,0.006293,,,,,,,,
178900,628.8,0.006298,,,,,,,,
179000,629.1,0.004205,,,,,,,,
179100,629.4,0.001954,,,,,,,,
179200,629.7,0.002414,,,,,,,,
179300,630.0,0.002672,,,,,,,,
179400,630.3,0.004182,,,,,,,,
179500,630.5,0.005200,,,,,,,,
179600,630.8,0.004119,,,,,,,,
179700,631.1,0.002588,,,,,,,,
179800,631.4,0.004037,,,,,,,,
179900,631.7,0.004607,,,,,,,,
180000,633.1,0.004178,0.004138,3.866666e+00,2.490735e-01,1.721139e-01,0.000000,3.861985e+00,2.346231e-01,1.608851e-01
180100,633.3,0.005321,,,,,,,,
180200,633.6,0.002273,,,,,,,,
180300,633.9,0.002287,,,,,,,,
180400,634.2,0.008672,,,,,,,,
180500,634.5,0.007272,,,,,,,,
180600,634.8,0.005346,,,,,,,,
180700,635.1,0.003501,,,,,,,,
180800,635.4,0.004018,,,,,,,,
180900,635.7,0.003257,,,,,,,,
181000,636.0,0.005297,,,,,,,,
181100,636.2,0.001967,,,,,,,,
181200,636.5,0.003116,,,,,,,,
181300,636.8,0.003477,,,,,,,,
181400,637.1,0.002778,,,,,,,,
181500,637.4,0.003016,,,,,,,,
181600,637.7,0.002958,,,,,,,,
181700,638.0,0.003556,,,,,,,,
181800,638.2,0.003450,,,,,,,,
181900,638.5,0.002242,,,,,,,,
182000,638.8,0.002023,,,,,,,,
182100,639.1,0.005339,,,,,,,,
182200,639.4,0.003632,,,,,,,,
182300,639.7,0.001908,,,,,,,,
182400,640.0,0.002544,,,,,,,,
182500,640.3,0.004294,,,,,,,,
182600,640.6,0.004862,,,,,,,,
182700,640.9,0.003697,,,,,,,,
182800,641.1,0.003923,,,,,,,,
182900,641.4,0.008459,,,,,,,,
183000,641.7,0.008009,,,,,,,,
183100,642.0,0.003019,,,,,,,,
183200,642.3,0.002399,,,,,,,,
183300,642.6,0.004706,,,,,,,,
183400,642.9,0.005212,,,,,,,,
183500,643.2,0.002563,,,,,,,,
183600,643.4,0.003049,,,,,,,,
183700,643.7,0.003744,,,,,,,,
183800,644.0,0.002508,,,,,,,,
183900,644.3,0.005458,,,,,,,,
184000,644.6,0.003101,,,,,,,,
184100,644.9,0.002559,,,,,,,,
184200,645.2,0.003257,,,,,,,,
184300,645.5,0.003508,,,,,,,,
184400,645.8,0.002601,,,,,,,,
184500,646.1,0.005194,,,,,,,,
184600,646.4,0.003743,,,,,,,,
184700,646.7,0.003588,,,,,,,,
184800,646.9,0.002344,,,,,,,,
184900,647.2,0.005393,,,,,,,,
185000,648.7,0.004855,0.003765,3.371560e+00,2.457118e-01,1.737888e-01,0.000000,3.367524e+00,2.311231e-01,1.624935e-01
185100,648.9,0.004423,,,,,,,,
185200,649.2,0.006513,,,,,,,,
185300,649.5,0.003775,,,,,,,,
185400,649.7,0.004903,,,,,,,,
185500,650.0,0.004741,,,,,,,,
185600,650.3,0.002714,,,,,,,,
185700,650.6,0.004955,,,,,,,,
185800,650.9,0.005959,,,,,,,,
185900,651.2,0.003671,,,,,,,,
186000,651.5,0.003875,,,,,,,,
186100,651.8,0.006228,,,,,,,,
186200,652.1,0.002926,,,,,,,,
186300,652.4,0.001755,,,,,,,,
186400,652.6,0.004037,,,,,,,,
186500,652.8,0.002103,,,,,,,,
186600,653.1,0.006874,,,,,,,,
186700,653.4,0.003532,,,,,,,,
186800,653.6,0.003439,,,,,,,,
186900,653.9,0.003286,,,,,,,,
187000,654.2,0.005185,,,,,,,,
187100,654.5,0.003024,,,,,,,,
187200,654.8,0.004656,,,,,,,,
187300,655.1,0.004105,,,,,,,,
187400,655.4,0.004800,,,,,,,,
187500,655.7,0.002458,,,,,,,,
187600,656.0,0.005102,,,,,,,,
187700,656.3,0.003647,,,,,,,,
187800,656.6,0.003348,,,,,,,,
187900,656.8,0.001932,,,,,,,,
188000,657.1,0.003900,,,,,,,,
188100,657.4,0.002123,,,,,,,,
188200,657.7,0.005784,,,,,,,,
188300,658.0,0.003192,,,,,,,,
188400,658.3,0.003371,,,,,,,,
188500,658.6,0.004429,,,,,,,,
188600,658.8,0.005616,,,,,,,,
188700,659.1,0.002722,,,,,,,,
188800,659.4,0.005553,,,,,,,,
188900,659.7,0.002246,,,,,,,,
189000,660.0,0.004350,,,,,,,,
189100,660.3,0.004839,,,,,,,,
189200,660.6,0.003288,,,,,,,,
189300,660.8,0.007629,,,,,,,,
189400,661.1,0.003017,,,,,,,,
189500,661.4,0.002050,,,,,,,,
189600,661.7,0.004940,,,,,,,,
189700,662.0,0.003609,,,,,,,,
189800,662.3,0.002296,,,,,,,,
189900,662.6,0.004375,,,,,,,,
190000,664.0,0.003550,0.003051,3.128324e+00,2.353989e-01,1.679913e-01,0.000000,3.128324e+00,2.201139e-01,1.564107e-01
190100,664.2,0.006762,,,,,,,,
190200,664.5,0.003019,,,,,,,,
190300,664.8,0.002751,,,,,,,,
190400,665.1,0.010050,,,,,,,,
190500,665.4,0.002626,,,,,,,,
190600,665.6,0.002001,,,,,,,,
190700,665.9,0.003903,,,,,,,,
190800,666.2,0.003749,,,,,,,,
190900,666.5,0.004097,,,,,,,,
191000,666.8,0.004781,,,,,,,,
191100,667.1,0.002169,,,,,,,,
191200,667.4,0.003019,,,,,,,,
191300,667.6,0.003285,,,,,,,,
191400,667.9,0.003838,,,,,,,,
191500,668.2,0.002430,,,,,,,,
191600,668.5,0.002949,,,,,,,,
191700,668.8,0.006723,,,,,,,,
191800,669.1,0.004998,,,,,,,,
191900,669.4,0.004372,,,,,,,,
192000,669.6,0.003483,,,,,,,,
192100,669.9,0.002018,,,,,,,,
192200,670.2,0.004719,,,,,,,,
192300,670.5,0.005255,,,,,,,,
192400,670.8,0.005841,,,,,,,,
192500,671.1,0.001829,,,,,,,,
192600,671.4,0.001985,,,,,,,,
192700,671.6,0.003688,,,,,,,,
192800,671.9,0.004581,,,,,,,,
192900,672.2,0.003671,,,,,,,,
193000,672.5,0.003103,,,,,,,,
193100,672.8,0.003399,,,,,,,,
193200,673.1,0.005339,,,,,,,,
193300,673.4,0.004522,,,,,,,,
193400,673.7,0.002940,,,,,,,,
193500,674.0,0.004306,,,,,,,,
193600,674.2,0.002357,,,,,,,,
193700,674.5,0.003973,,,,,,,,
193800,674.8,0.002813,,,,,,,,
193900,675.1,0.002255,,,,,,,,
194000,675.4,0.004245,,,,,,,,
194100,675.7,0.002894,,,,,,,,
194200,676.0,0.005444,,,,,,,,
194300,676.3,0.002956,,,,,,,,
194400,676.6,0.002934,,,,,,,,
194500,676.9,0.002577,,,,,,,,
194600,677.2,0.005448,,,,,,,,
194700,677.4,0.003620,,,,,,,,
194800,677.7,0.005432,,,,,,,,
194900,678.0,0.003947,,,,,,,,
195000,679.5,0.003770,0.003027,2.516410e+00,2.363721e-01,1.709389e-01,0.000000,2.496919e+00,2.208089e-01,1.601124e-01
195100,679.7,0.004311,,,,,,,,
195200,680.0,0.004173,,,,,,,,
195300,680.2,0.004890,,,,,,,,
195400,680.5,0.009302,,,,,,,,
195500,680.8,0.002757,,,,,,,,
195600,681.1,0.002615,,,,,,,,
195700,681.4,0.001757,,,,,,,,
195800,681.6,0.003578,,,,,,,,
195900,681.9,0.002516,,,,,,,,
196000,682.2,0.003518,,,,,,,,
196100,682.5,0.004653,,,,,,,,
196200,682.8,0.004122,,,,,,,,
196300,683.1,0.002827,,,,,,,,
196400,683.3,0.003791,,,,,,,,
196500,683.6,0.006169,,,,,,,,
196600,683.9,0.005243,,,,,,,,
196700,684.2,0.002404,,,,,,,,
196800,684.4,0.003295,,,,,,,,
196900,684.7,0.007786,,,,,,,,
197000,685.0,0.007118,,,,,,,,
197100,685.3,0.002372,,,,,,,,
197200,685.6,0.003468,,,,,,,,
197300,685.9,0.006150,,,,,,,,
197400,686.2,0.004138,,,,,,,,
197500,686.4,0.002610,,,,,,,,
197600,686.7,0.002407,,,,,,,,
197700,687.1,0.002813,,,,,,,,
197800,687.3,0.004057,,,,,,,,
197900,687.6,0.002250,,,,,,,,
198000,687.9,0.002426,,,,,,,,
198100,688.2,0.002561,,,,,,,,
198200,688.5,0.002669,,,,,,,,
198300,688.8,0.002634,,,,,,,,
198400,689.2,0.004360,,,,,,,,
198500,689.4,0.002394,,,,,,,,
198600,689.7,0.003797,,,,,,,,
198700,689.9,0.002187,,,,,,,,
198800,690.2,0.003698,,,,,,,,
198900,690.5,0.001942,,,,,,,,
199000,690.8,0.002143,,,,,,,,
199100,691.1,0.003222,,,,,,,,
199200,691.4,0.004613,,,,,,,,
199300,691.7,0.002210,,,,,,,,
199400,692.0,0.002753,,,,,,,,
199500,692.3,0.004369,,,,,,,,
199600,692.6,0.004491,,,,,,,,
199700,692.9,0.005194,,,,,,,,
199800,693.1,0.005887,,,,,,,,
199900,693.4,0.003760,,,,,,,,
200000,694.8,0.004143,0.003348,3.370459e+00,2.353906e-01,1.720261e-01,0.000000,3.370459e+00,2.197352e-01,1.598172e-01
200100,695.1,0.004110,,,,,,,,
200200,695.4,0.004522,,,,,,,,
200300,695.6,0.008656,,,,,,,,
200400,695.9,0.003148,,,,,,,,
200500,696.2,0.004085,,,,,,,,
200600,696.5,0.003127,,,,,,,,
200700,696.8,0.005670,,,,,,,,
200800,697.1,0.003108,,,,,,,,
200900,697.4,0.005966,,,,,,,,
201000,697.7,0.002297,,,,,,,,
201100,698.0,0.006438,,,,,,,,
201200,698.2,0.002352,,,,,,,,
201300,698.5,0.002648,,,,,,,,
201400,698.8,0.002185,,,,,,,,
201500,699.1,0.002930,,,,,,,,
201600,699.4,0.003195,,,,,,,,
201700,699.7,0.005996,,,,,,,,
201800,700.0,0.005939,,,,,,,,
201900,700.3,0.004336,,,,,,,,
202000,700.6,0.002100,,,,,,,,
202100,700.9,0.003744,,,,,,,,
202200,701.2,0.005164,,,,,,,,
202300,701.5,0.002536,,,,,,,,
202400,701.7,0.004752,,,,,,,,
202500,702.0,0.002248,,,,,,,,
202600,702.3,0.008489,,,,,,,,
202700,702.6,0.006834,,,,,,,,
202800,702.9,0.003271,,,,,,,,
202900,703.2,0.004316,,,,,,,,
203000,703.5,0.002469,,,,,,,,
203100,703.8,0.005684,,,,,,,,
203200,704.1,0.003737,,,,,,,,
203300,704.4,0.002885,,,,,,,,
203400,704.7,0.003610,,,,,,,,
203500,705.0,0.002322,,,,,,,,
203600,705.2,0.003881,,,,,,,,
203700,705.5,0.004161,,,,,,,,
203800,705.8,0.003584,,,,,,,,
203900,706.1,0.002397,,,,,,,,
204000,706.4,0.002590,,,,,,,,
204100,706.7,0.003596,,,,,,,,
204200,707.0,0.003449,,,,,,,,
204300,707.3,0.002901,,,,,,,,
204400,707.6,0.002016,,,,,,,,
204500,707.9,0.002931,,,,,,,,
204600,708.1,0.004181,,,,,,,,
204700,708.4,0.004228,,,,,,,,
204800,708.7,0.003548,,,,,,,,
204900,709.0,0.002771,,,,,,,,
205000,710.4,0.001860,0.005716,4.324185e+00,2.531445e-01,1.664209e-01,0.000000,4.324185e+00,2.390770e-01,1.553654e-01
205100,710.6,0.003484,,,,,,,,
205200,710.9,0.007270,,,,,,,,
205300,711.1,0.004119,,,,,,,,
205400,711.4,0.003891,,,,,,,,
205500,711.7,0.005011,,,,,,,,
205600,712.0,0.004793,,,,,,,,
205700,712.3,0.002180,,,,,,,,
205800,712.6,0.004149,,,,,,,,
205900,712.9,0.005003,,,,,,,,
206000,713.2,0.003704,,,,,,,,
206100,713.5,0.007301,,,,,,,,
206200,713.8,0.002337,,,,,,,,
206300,714.1,0.004425,,,,,,,,
206400,714.4,0.003546,,,,,,,,
206500,714.6,0.004530,,,,,,,,
206600,714.9,0.005216,,,,,,,,
206700,715.2,0.003025,,,,,,,,
206800,715.5,0.002868,,,,,,,,
206900,715.8,0.004568,,,,,,,,
207000,716.1,0.002792,,,,,,,,
207100,716.4,0.005657,,,,,,,,
207200,716.7,0.003984,,,,,,,,
207300,717.0,0.002832,,,,,,,,
207400,717.3,0.003851,,,,,,,,
207500,717.5,0.004771,,,,,,,,
207600,717.8,0.005421,,,,,,,,
207700,718.1,0.002860,,,,,,,,
207800,718.4,0.002964,,,,,,,,
207900,718.7,0.003680,,,,,,,,
208000,718.9,0.003905,,,,,,,,
208100,719.2,0.002973,,,,,,,,
208200,719.5,0.007980,,,,,,,,
208300,719.8,0.002636,,,,,,,,
208400,720.1,0.007626,,,,,,,,
208500,720.4,0.002257,,,,,,,,
208600,720.7,0.003345,,,,,,,,
208700,721.0,0.003455,,,,,,,,
208800,721.3,0.004682,,,,,,,,
208900,721.5,0.003455,,,,,,,,
209000,721.8,0.004263,,,,,,,,
209100,722.1,0.002341,,,,,,,,
209200,722.4,0.002590,,,,,,,,
209300,722.7,0.002966,,,,,,,,
209400,723.0,0.002599,,,,,,,,
209500,723.3,0.002816,,,,,,,,
209600,723.5,0.003149,,,,,,,,
209700,723.8,0.002943,,,,,,,,
209800,724.1,0.004264,,,,,,,,
209900,724.4,0.003833,,,,,,,,
210000,725.8,0.004437,0.004328,4.786219e+00,2.455595e-01,1.686496e-01,0.000000,4.770189e+00,2.327407e-01,1.583599e-01
210100,726.1,0.002222,,,,,,,,
210200,726.4,0.003528,,,,,,,,
210300,726.6,0.005769,,,,,,,,
210400,726.9,0.005020,,,,,,,,
210500,727.2,0.004075,,,,,,,,
210600,727.5,0.002187,,,,,,,,
210700,727.8,0.008181,,,,,,,,
210800,728.1,0.003129,,,,,,,,
210900,728.4,0.002931,,,,,,,,
211000,728.7,0.002937,,,,,,,,
211100,728.9,0.005377,,,,,,,,
211200,729.2,0.002787,,,,,,,,
211300,729.5,0.003051,,,,,,,,
211400,729.8,0.002815,,,,,,,,
211500,730.1,0.001808,,,,,,,,
211600,730.4,0.006511,,,,,,,,
211700,730.7,0.003170,,,,,,,,
211800,730.9,0.003453,,,,,,,,
211900,731.2,0.003479,,,,,,,,
212000,731.5,0.002700,,,,,,,,
212100,731.8,0.002600,,,,,,,,
212200,732.1,0.008324,,,,,,,,
212300,732.4,0.007885,,,,,,,,
212400,732.6,0.003425,,,,,,,,
212500,732.9,0.002890,,,,,,,,
212600,733.2,0.004882,,,,,,,,
212700,733.5,0.005729,,,,,,,,
212800,733.8,0.002973,,,,,,,,
212900,734.1,0.002895,,,,,,,,
213000,734.4,0.002759,,,,,,,,
213100,734.7,0.002015,,,,,,,,
213200,735.0,0.002477,,,,,,,,
213300,735.3,0.002351,,,,,,,,
213400,735.5,0.002169,,,,,,,,
213500,735.8,0.003706,,,,,,,,
213600,736.1,0.005218,,,,,,,,
213700,736.4,0.003612,,,,,,,,
213800,736.7,0.004889,,,,,,,,
213900,737.0,0.003637,,,,,,,,
214000,737.3,0.003446,,,,,,,,
214100,737.6,0.003804,,,,,,,,
214200,737.9,0.002511,,,,,,,,
214300,738.1,0.007310,,,,,,,,
214400,738.4,0.004798,,,,,,,,
214500,738.7,0.003244,,,,,,,,
214600,739.0,0.002956,,,,,,,,
214700,739.3,0.007020,,,,,,,,
214800,739.6,0.002197,,,,,,,,
214900,739.9,0.004454,,,,,,,,
215000,741.3,0.006438,0.004512,4.403749e+00,2.514740e-01,1.808360e-01,0.000000,4.403749e+00,2.360035e-01,1.692803e-01
215100,741.5,0.009232,,,,,,,,
215200,741.8,0.003219,,,,,,,,
215300,742.1,0.008080,,,,,,,,
215400,742.3,0.004434,,,,,,,,
215500,742.6,0.002152,,,,,,,,
215600,742.9,0.003411,,,,,,,,
215700,743.2,0.004879,,,,,,,,
215800,743.5,0.002377,,,,,,,,
215900,743.8,0.006469,,,,,,,,
216000,744.0,0.003076,,,,,,,,
216100,744.3,0.003286,,,,,,,,
216200,744.6,0.002552,,,,,,,,
216300,744.9,0.002433,,,,,,,,
216400,745.2,0.002944,,,,,,,,
216500,745.5,0.003552,,,,,,,,
216600,745.7,0.002833,,,,,,,,
216700,746.0,0.004087,,,,,,,,
216800,746.3,0.003855,,,,,,,,
216900,746.6,0.002575,,,,,,,,
217000,746.9,0.002193,,,,,,,,
217100,747.2,0.010122,,,,,,,,
217200,747.5,0.004899,,,,,,,,
217300,747.7,0.003321,,,,,,,,
217400,748.0,0.003124,,,,,,,,
217500,748.3,0.002752,,,,,,,,
217600,748.6,0.005083,,,,,,,,
217700,748.9,0.003176,,,,,,,,
217800,749.2,0.007559,,,,,,,,
217900,749.5,0.003897,,,,,,,,
218000,749.8,0.005914,,,,,,,,
218100,750.0,0.004627,,,,,,,,
218200,750.3,0.005321,,,,,,,,
218300,750.6,0.007888,,,,,,,,
218400,750.9,0.004296,,,,,,,,
218500,751.2,0.004521,,,,,,,,
218600,751.5,0.003534,,,,,,,,
218700,751.7,0.004824,,,,,,,,
218800,752.0,0.004245,,,,,,,,
218900,752.3,0.005859,,,,,,,,
219000,752.6,0.001987,,,,,,,,
219100,752.9,0.002988,,,,,,,,
219200,753.2,0.003811,,,,,,,,
219300,753.5,0.004856,,,,,,,,
219400,753.8,0.003054,,,,,,,,
219500,754.1,0.004146,,,,,,,,
219600,754.4,0.002146,,,,,,,,
219700,754.7,0.003342,,,,,,,,
219800,754.9,0.002026,,,,,,,,
219900,755.2,0.002809,,,,,,,,
220000,756.6,0.004178,0.005566,4.488107e+00,2.614375e-01,1.764972e-01,0.000000,4.488107e+00,2.469041e-01,1.655304e-01
220100,756.9,0.002820,,,,,,,,
220200,757.2,0.002970,,,,,,,,
220300,757.5,0.002168,,,,,,,,
220400,757.8,0.002442,,,,,,,,
220500,758.1,0.004007,,,,,,,,
220600,758.4,0.006425,,,,,,,,
220700,758.7,0.002997,,,,,,,,
220800,758.9,0.004160,,,,,,,,
220900,759.2,0.004399,,,,,,,,
221000,759.5,0.003032,,,,,,,,
221100,759.8,0.002820,,,,,,,,
221200,760.1,0.006403,,,,,,,,
221300,760.4,0.002464,,,,,,,,
221400,760.7,0.002853,,,,,,,,
221500,761.0,0.003078,,,,,,,,
221600,761.3,0.006510,,,,,,,,
221700,761.6,0.008677,,,,,,,,
221800,761.9,0.003907,,,,,,,,
221900,762.2,0.006071,,,,,,,,
222000,762.5,0.002408,,,,,,,,
222100,762.8,0.004427,,,,,,,,
222200,763.0,0.003955,,,,,,,,
222300,763.3,0.003229,,,,,,,,
222400,763.6,0.008662,,,,,,,,
222500,763.9,0.004026,,,,,,,,
222600,764.2,0.002773,,,,,,,,
222700,764.5,0.004107,,,,,,,,
222800,764.8,0.002219,,,,,,,,
222900,765.1,0.001982,,,,,,,,
223000,765.4,0.002675,,,,,,,,
223100,765.7,0.004078,,,,,,,,
223200,766.0,0.004451,,,,,,,,
223300,766.3,0.006427,,,,,,,,
223400,766.5,0.002295,,,,,,,,
223500,766.8,0.004181,,,,,,,,
223600,767.1,0.002895,,,,,,,,
223700,767.4,0.005237,,,,,,,,
223800,767.7,0.002127,,,,,,,,
223900,768.0,0.003521,,,,,,,,
224000,768.2,0.003040,,,,,,,,
224100,768.5,0.002683,,,,,,,,
224200,768.8,0.003668,,,,,,,,
224300,769.1,0.004020,,,,,,,,
224400,769.4,0.002431,,,,,,,,
224500,769.7,0.004085,,,,,,,,
224600,770.0,0.003360,,,,,,,,
224700,770.3,0.008080,,,,,,,,
224800,770.6,0.003678,,,,,,,,
224900,770.9,0.003380,,,,,,,,
225000,772.3,0.002653,0.003734,3.776380e+00,2.476375e-01,1.759705e-01,0.000000,3.776380e+00,2.353596e-01,1.660579e-01
225100,772.5,0.003225,,,,,,,,
225200,772.8,0.002906,,,,,,,,
225300,773.1,0.002971,,,,,,,,
225400,773.4,0.002089,,,,,,,,
225500,773.7,0.004766,,,,,,,,
225600,773.9,0.003382,,,,,,,,
225700,774.2,0.009491,,,,,,,,
225800,774.5,0.004545,,,,,,,,
225900,774.8,0.007284,,,,,,,,
226000,775.1,0.004873,,,,,,,,
226100,775.4,0.004034,,,,,,,,
226200,775.7,0.002072,,,,,,,,
226300,776.0,0.004309,,,,,,,,
226400,776.3,0.004616,,,,,,,,
226500,776.5,0.005900,,,,,,,,
226600,776.8,0.003594,,,,,,,,
226700,777.1,0.003303,,,,,,,,
226800,777.4,0.003784,,,,,,,,
226900,777.7,0.006037,,,,,,,,
227000,778.0,0.003563,,,,,,,,
227100,778.3,0.002954,,,,,,,,
227200,778.6,0.003437,,,,,,,,
227300,778.9,0.002698,,,,,,,,
227400,779.2,0.002841,,,,,,,,
227500,779.5,0.005515,,,,,,,,
227600,779.8,0.002767,,,,,,,,
227700,780.0,0.006025,,,,,,,,
227800,780.3,0.005089,,,,,,,,
227900,780.6,0.002036,,,,,,,,
228000,780.9,0.003843,,,,,,,,
228100,781.2,0.003464,,,,,,,,
228200,781.5,0.003316,,,,,,,,
228300,781.8,0.004242,,,,,,,,
228400,782.1,0.002862,,,,,,,,
228500,782.4,0.003052,,,,,,,,
228600,782.7,0.002408,,,,,,,,
228700,783.0,0.005384,,,,,,,,
228800,783.3,0.002032,,,,,,,,
228900,783.6,0.003172,,,,,,,,
229000,783.9,0.003711,,,,,,,,
229100,784.2,0.003998,,,,,,,,
229200,784.5,0.002823,,,,,,,,
229300,784.8,0.002767,,,,,,,,
229400,785.1,0.002189,,,,,,,,
229500,785.4,0.004028,,,,,,,,
229600,785.7,0.002636,,,,,,,,
229700,786.0,0.002531,,,,,,,,
229800,786.3,0.008888,,,,,,,,
229900,786.5,0.002197,,,,,,,,
230000,787.9,0.005648,0.004701,3.815047e+00,2.548281e-01,1.747394e-01,0.000000,3.815047e+00,2.402125e-01,1.629408e-01
230100,788.1,0.003953,,,,,,,,
230200,788.4,0.003921,,,,,,,,
230300,788.7,0.005640,,,,,,,,
230400,789.0,0.003406,,,,,,,,
230500,789.3,0.004203,,,,,,,,
230600,789.6,0.004299,,,,,,,,
230700,789.9,0.003161,,,,,,,,
230800,790.2,0.003158,,,,,,,,
230900,790.5,0.002397,,,,,,,,
231000,790.8,0.003190,,,,,,,,
231100,791.1,0.006454,,,,,,,,
231200,791.4,0.003809,,,,,,,,
231300,791.6,0.005591,,,,,,,,
231400,791.9,0.002484,,,,,,,,
231500,792.2,0.010723,,,,,,,,
231600,792.5,0.005593,,,,,,,,
231700,792.8,0.003279,,,,,,,,
231800,793.0,0.002554,,,,,,,,
231900,793.3,0.008189,,,,,,,,
232000,793.6,0.003556,,,,,,,,
232100,793.9,0.002647,,,,,,,,
232200,794.2,0.002617,,,,,,,,
232300,794.5,0.006131,,,,,,,,
232400,794.8,0.002735,,,,,,,,
232500,795.1,0.009793,,,,,,,,
232600,795.4,0.011661,,,,,,,,
232700,795.7,0.004706,,,,,,,,
232800,796.0,0.006819,,,,,,,,
232900,796.3,0.001991,,,,,,,,
233000,796.6,0.003434,,,,,,,,
233100,796.8,0.003278,,,,,,,,
233200,797.1,0.008574,,,,,,,,
233300,797.4,0.002470,,,,,,,,
233400,797.7,0.006491,,,,,,,,
233500,798.0,0.004881,,,,,,,,
233600,798.3,0.002372,,,,,,,,
233700,798.6,0.003585,,,,,,,,
233800,798.8,0.002718,,,,,,,,
233900,799.1,0.003141,,,,,,,,
234000,799.4,0.005617,,,,,,,,
234100,799.7,0.002595,,,,,,,,
234200,800.0,0.005863,,,,,,,,
234300,800.3,0.002068,,,,,,,,
234400,800.6,0.005936,,,,,,,,
234500,800.9,0.002333,,,,,,,,
234600,801.2,0.004129,,,,,,,,
234700,801.5,0.001870,,,,,,,,
234800,801.7,0.003773,,,,,,,,
234900,802.0,0.002573,,,,,,,,
235000,803.4,0.004451,0.003624,3.344346e+00,2.468905e-01,1.785380e-01,0.000000,3.344346e+00,2.333192e-01,1.690806e-01
235100,803.7,0.003208,,,,,,,,
235200,804.0,0.002735,,,,,,,,
235300,804.2,0.005451,,,,,,,,
235400,804.5,0.004605,,,,,,,,
235500,804.8,0.003746,,,,,,,,
235600,805.1,0.004737,,,,,,,,
235700,805.4,0.002571,,,,,,,,
235800,805.7,0.003255,,,,,,,,
235900,806.0,0.005677,,,,,,,,
236000,806.3,0.004392,,,,,,,,
236100,806.6,0.002842,,,,,,,,
236200,806.9,0.002485,,,,,,,,
236300,807.2,0.005708,,,,,,,,
236400,807.5,0.004234,,,,,,,,
236500,807.7,0.003766,,,,,,,,
236600,808.0,0.005791,,,,,,,,
236700,808.3,0.003951,,,,,,,,
236800,808.6,0.005149,,,,,,,,
236900,808.9,0.002463,,,,,,,,
237000,809.2,0.007566,,,,,,,,
237100,809.5,0.005533,,,,,,,,
237200,809.8,0.003744,,,,,,,,
237300,810.1,0.003064,,,,,,,,
237400,810.3,0.006972,,,,,,,,
237500,810.6,0.003099,,,,,,,,
237600,810.9,0.002403,,,,,,,,
237700,811.2,0.004647,,,,,,,,
237800,811.5,0.004754,,,,,,,,
237900,811.8,0.002399,,,,,,,,
238000,812.1,0.002219,,,,,,,,
238100,812.4,0.005712,,,,,,,,
238200,812.7,0.003111,,,,,,,,
238300,813.0,0.004775,,,,,,,,
238400,813.2,0.006462,,,,,,,,
238500,813.5,0.006208,,,,,,,,
238600,813.8,0.002629,,,,,,,,
238700,814.1,0.004161,,,,,,,,
238800,814.4,0.005010,,,,,,,,
238900,814.7,0.003553,,,,,,,,
239000,815.0,0.003122,,,,,,,,
239100,815.3,0.003536,,,,,,,,
239200,815.6,0.004566,,,,,,,,
239300,815.9,0.003919,,,,,,,,
239400,816.2,0.007305,,,,,,,,
239500,816.5,0.005916,,,,,,,,
239600,816.8,0.003148,,,,,,,,
239700,817.1,0.002332,,,,,,,,
239800,817.3,0.002126,,,,,,,,
239900,817.6,0.008305,,,,,,,,
240000,819.0,0.004197,0.003279,3.045079e+00,2.393045e-01,1.736087e-01,0.000000,3.045079e+00,2.240244e-01,1.617049e-01
240100,819.3,0.002478,,,,,,,,
240200,819.6,0.003044,,,,,,,,
240300,819.9,0.003866,,,,,,,,
240400,820.2,0.004429,,,,,,,,
240500,820.4,0.004448,,,,,,,,
240600,820.7,0.002536,,,,,,,,
240700,821.0,0.005285,,,,,,,,
240800,821.3,0.002082,,,,,,,,
240900,821.6,0.001876,,,,,,,,
241000,821.9,0.006446,,,,,,,,
241100,822.2,0.003643,,,,,,,,
241200,822.5,0.005112,,,,,,,,
241300,822.8,0.003846,,,,,,,,
241400,823.1,0.004732,,,,,,,,
241500,823.4,0.006306,,,,,,,,
241600,823.7,0.004551,,,,,,,,
241700,824.0,0.005745,,,,,,,,
241800,824.3,0.003876,,,,,,,,
241900,824.6,0.004417,,,,,,,,
242000,824.9,0.004038,,,,,,,,
242100,825.1,0.001899,,,,,,,,
242200,825.4,0.004696,,,,,,,,
242300,825.7,0.006446,,,,,,,,
242400,826.0,0.003122,,,,,,,,
242500,826.3,0.002983,,,,,,,,
242600,826.6,0.004354,,,,,,,,
242700,826.9,0.003456,,,,,,,,
242800,827.2,0.006259,,,,,,,,
242900,827.5,0.007009,,,,,,,,
243000,827.8,0.008158,,,,,,,,
243100,828.1,0.003164,,,,,,,,
243200,828.3,0.003103,,,,,,,,
243300,828.6,0.002066,,,,,,,,
243400,828.9,0.003921,,,,,,,,
243500,829.2,0.003457,,,,,,,,
243600,829.5,0.006500,,,,,,,,
243700,829.8,0.004158,,,,,,,,
243800,830.1,0.006411,,,,,,,,
243900,830.4,0.007079,,,,,,,,
244000,830.7,0.002136,,,,,,,,
244100,831.0,0.002435,,,,,,,,
244200,831.3,0.003406,,,,,,,,
244300,831.6,0.002956,,,,,,,,
244400,831.9,0.005808,,,,,,,,
244500,832.2,0.002801,,,,,,,,
244600,832.5,0.004582,,,,,,,,
244700,832.8,0.002877,,,,,,,,
244800,833.1,0.004698,,,,,,,,
244900,833.3,0.001970,,,,,,,,
245000,834.8,0.003122,0.004157,3.647678e+00,2.472136e-01,1.753342e-01,0.000000,3.647678e+00,2.333101e-01,1.642747e-01
245100,835.0,0.005055,,,,,,,,
245200,835.3,0.008048,,,,,,,,
245300,835.6,0.002806,,,,,,,,
245400,835.9,0.002597,,,,,,,,
245500,836.1,0.003908,,,,,,,,
245600,836.4,0.005128,,,,,,,,
245700,836.7,0.003932,,,,,,,,
245800,837.0,0.007175,,,,,,,,
245900,837.3,0.001981,,,,,,,,
246000,837.6,0.003032,,,,,,,,
246100,837.9,0.002659,,,,,,,,
246200,838.2,0.002191,,,,,,,,
246300,838.5,0.003182,,,,,,,,
246400,838.8,0.003964,,,,,,,,
246500,839.1,0.002063,,,,,,,,
246600,839.4,0.004726,,,,,,,,
246700,839.7,0.006653,,,,,,,,
246800,840.0,0.005024,,,,,,,,
246900,840.3,0.002303,,,,,,,,
247000,840.6,0.002008,,,,,,,,
247100,840.9,0.007177,,,,,,,,
247200,841.1,0.003313,,,,,,,,
247300,841.4,0.003408,,,,,,,,
247400,841.7,0.003388,,,,,,,,
247500,842.0,0.005477,,,,,,,,
247600,842.3,0.003623,,,,,,,,
247700,842.6,0.003889,,,,,,,,
247800,842.9,0.003502,,,,,,,,
247900,843.2,0.002535,,,,,,,,
248000,843.5,0.002097,,,,,,,,
248100,843.8,0.004359,,,,,,,,
248200,844.0,0.003189,,,,,,,,
248300,844.3,0.002254,,,,,,,,
248400,844.6,0.002663,,,,,,,,
248500,844.9,0.002700,,,,,,,,
248600,845.2,0.006213,,,,,,,,
248700,845.5,0.002446,,,,,,,,
248800,845.8,0.001865,,,,,,,,
248900,846.1,0.005056,,,,,,,,
249000,846.3,0.005201,,,,,,,,
249100,846.6,0.002760,,,,,,,,
249200,846.9,0.003412,,,,,,,,
249300,847.2,0.002744,,,,,,,,
249400,847.5,0.001612,,,,,,,,
249500,847.8,0.005914,,,,,,,,
249600,848.1,0.002553,,,,,,,,
249700,848.4,0.002501,,,,,,,,
249800,848.7,0.010111,,,,,,,,
249900,849.0,0.001896,,,,,,,,
250000,850.4,0.003902,0.004556,4.598677e+00,2.527491e-01,1.801746e-01,0.000000,4.598677e+00,2.400013e-01,1.696354e-01
250100,850.6,0.001737,,,,,,,,
250200,850.9,0.004688,,,,,,,,
250300,851.1,0.002953,,,,,,,,
250400,851.4,0.002562,,,,,,,,
250500,851.7,0.005231,,,,,,,,
250600,852.0,0.006013,,,,,,,,
250700,852.3,0.003042,,,,,,,,
250800,852.6,0.005071,,,,,,,,
250900,852.9,0.003668,,,,,,,,
251000,853.2,0.002897,,,,,,,,
251100,853.5,0.004564,,,,,,,,
251200,853.8,0.002292,,,,,,,,
251300,854.1,0.005602,,,,,,,,
251400,854.4,0.004639,,,,,,,,
251500,854.7,0.004004,,,,,,,,
251600,855.0,0.002405,,,,,,,,
251700,855.3,0.004277,,,,,,,,
251800,855.6,0.005230,,,,,,,,
251900,855.9,0.003257,,,,,,,,
252000,856.2,0.002149,,,,,,,,
252100,856.4,0.001825,,,,,,,,
252200,856.7,0.001686,,,,,,,,
252300,857.0,0.008705,,,,,,,,
252400,857.3,0.003227,,,,,,,,
252500,857.6,0.002487,,,,,,,,
252600,857.8,0.003912,,,,,,,,
252700,858.1,0.004779,,,,,,,,
252800,858.4,0.002106,,,,,,,,
252900,858.7,0.006960,,,,,,,,
253000,859.0,0.003132,,,,,,,,
253100,859.3,0.006583,,,,,,,,
253200,859.6,0.003196,,,,,,,,
253300,859.9,0.003447,,,,,,,,
253400,860.2,0.001993,,,,,,,,
253500,860.5,0.002262,,,,,,,,
253600,860.8,0.004648,,,,,,,,
253700,861.1,0.006429,,,,,,,,
253800,861.4,0.002524,,,,,,,,
253900,861.6,0.002799,,,,,,,,
254000,861.9,0.001957,,,,,,,,
254100,862.2,0.002637,,,,,,,,
254200,862.5,0.004806,,,,,,,,
254300,862.8,0.002449,,,,,,,,
254400,863.1,0.002642,,,,,,,,
254500,863.4,0.004853,,,,,,,,
254600,863.7,0.005201,,,,,,,,
254700,864.0,0.003175,,,,,,,,
254800,864.3,0.002768,,,,,,,,
254900,864.6,0.009746,,,,,,,,
255000,866.0,0.002262,0.005197,4.995643e+00,2.455211e-01,1.703884e-01,0.000000,4.985358e+00,2.312074e-01,1.597016e-01
255100,866.2,0.002949,,,,,,,,
255200,866.4,0.002758,,,,,,,,
255300,866.7,0.004940,,,,,,,,
255400,867.0,0.004668,,,,,,,,
255500,867.3,0.004058,,,,,,,,
255600,867.6,0.005961,,,,,,,,
255700,867.9,0.005995,,,,,,,,
255800,868.2,0.002844,,,,,,,,
255900,868.5,0.003699,,,,,,,,
256000,868.8,0.004177,,,,,,,,
256100,869.1,0.003084,,,,,,,,
256200,869.4,0.002458,,,,,,,,
256300,869.7,0.002878,,,,,,,,
256400,869.9,0.004413,,,,,,,,
256500,870.2,0.002534,,,,,,,,
256600,870.5,0.002453,,,,,,,,
256700,870.8,0.006620,,,,,,,,
256800,871.1,0.004492,,,,,,,,
256900,871.4,0.002621,,,,,,,,
257000,871.7,0.003110,,,,,,,,
257100,872.0,0.003934,,,,,,,,
257200,872.3,0.003281,,,,,,,,
257300,872.6,0.002836,,,,,,,,
257400,872.9,0.004416,,,,,,,,
257500,873.2,0.003036,,,,,,,,
257600,873.5,0.002651,,,,,,,,
257700,873.8,0.002181,,,,,,,,
257800,874.1,0.003104,,,,,,,,
257900,874.4,0.002771,,,,,,,,
258000,874.7,0.003920,,,,,,,,
258100,875.0,0.004110,,,,,,,,
258200,875.3,0.004742,,,,,,,,
258300,875.5,0.006080,,,,,,,,
258400,875.8,0.002128,,,,,,,,
258500,876.1,0.006338,,,,,,,,
258600,876.4,0.003876,,,,,,,,
258700,876.7,0.002977,,,,,,,,
258800,877.0,0.003621,,,,,,,,
258900,877.3,0.003190,,,,,,,,
259000,877.6,0.002816,,,,,,,,
259100,877.9,0.004192,,,,,,,,
259200,878.2,0.003329,,,,,,,,
259300,878.5,0.004719,,,,,,,,
259400,878.7,0.003611,,,,,,,,
259500,879.0,0.005303,,,,,,,,
259600,879.3,0.005174,,,,,,,,
259700,879.6,0.003950,,,,,,,,
259800,879.9,0.004233,,,,,,,,
259900,880.2,0.004688,,,,,,,,
260000,881.6,0.006300,0.004280,3.384440e+00,2.537873e-01,1.764142e-01,0.000000,3.384440e+00,2.392533e-01,1.655941e-01
260100,881.8,0.003460,,,,,,,,
260200,882.1,0.003402,,,,,,,,
260300,882.4,0.005769,,,,,,,,
260400,882.7,0.002143,,,,,,,,
260500,883.0,0.003124,,,,,,,,
260600,883.2,0.003676,,,,,,,,
260700,883.5,0.003237,,,,,,,,
260800,883.8,0.004560,,,,,,,,
260900,884.1,0.004299,,,,,,,,
261000,884.4,0.004113,,,,,,,,
261100,884.7,0.002586,,,,,,,,
261200,885.0,0.008340,,,,,,,,
261300,885.3,0.002440,,,,,,,,
261400,885.6,0.006358,,,,,,,,
261500,885.9,0.002852,,,,,,,,
261600,886.2,0.003819,,,,,,,,
261700,886.5,0.003561,,,,,,,,
261800,886.8,0.003368,,,,,,,,
261900,887.1,0.003384,,,,,,,,
262000,887.4,0.003523,,,,,,,,
262100,887.7,0.002650,,,,,,,,
262200,888.0,0.003885,,,,,,,,
262300,888.2,0.005293,,,,,,,,
262400,888.5,0.003100,,,,,,,,
262500,888.8,0.003248,,,,,,,,
262600,889.1,0.004600,,,,,,,,
262700,889.4,0.002955,,,,,,,,
262800,889.7,0.005226,,,,,,,,
262900,890.0,0.004831,,,,,,,,
263000,890.3,0.002242,,,,,,,,
263100,890.6,0.003448,,,,,,,,
263200,890.9,0.004871,,,,,,,,
263300,891.2,0.003934,,,,,,,,
263400,891.4,0.002738,,,,,,,,
263500,891.7,0.002526,,,,,,,,
263600,892.0,0.002315,,,,,,,,
263700,892.3,0.002067,,,,,,,,
263800,892.6,0.005932,,,,,,,,
263900,892.9,0.002455,,,,,,,,
264000,893.2,0.004947,,,,,,,,
264100,893.5,0.004943,,,,,,,,
264200,893.8,0.006158,,,,,,,,
264300,894.1,0.007763,,,,,,,,
264400,894.4,0.005079,,,,,,,,
264500,894.7,0.005721,,,,,,,,
264600,895.0,0.005158,,,,,,,,
264700,895.3,0.003047,,,,,,,,
264800,895.6,0.002389,,,,,,,,
264900,895.8,0.002393,,,,,,,,
265000,897.2,0.001667,0.004657,4.622149e+00,2.497270e-01,1.807992e-01,0.000000,4.622149e+00,2.385493e-01,1.715369e-01
265100,897.5,0.003968,,,,,,,,
265200,897.8,0.002565,,,,,,,,
265300,898.1,0.003509,,,,,,,,
265400,898.4,0.002745,,,,,,,,
265500,898.7,0.002349,,,,,,,,
265600,899.0,0.004789,,,,,,,,
265700,899.3,0.002200,,,,,,,,
265800,899.6,0.003038,,,,,,,,
265900,899.9,0.002132,,,,,,,,
266000,900.2,0.002876,,,,,,,,
266100,900.5,0.002832,,,,,,,,
266200,900.7,0.002645,,,,,,,,
266300,901.0,0.002215,,,,,,,,
266400,901.3,0.004666,,,,,,,,
266500,901.6,0.003216,,,,,,,,
266600,901.9,0.002707,,,,,,,,
266700,902.2,0.003601,,,,,,,,
266800,902.5,0.002577,,,,,,,,
266900,902.8,0.002294,,,,,,,,
267000,903.1,0.001978,,,,,,,,
267100,903.4,0.006014,,,,,,,,
267200,903.7,0.002699,,,,,,,,
267300,904.0,0.005166,,,,,,,,
267400,904.3,0.002119,,,,,,,,
267500,904.6,0.003731,,,,,,,,
267600,904.8,0.002548,,,,,,,,
267700,905.1,0.006062,,,,,,,,
267800,905.4,0.005484,,,,,,,,
267900,905.7,0.004978,,,,,,,,
268000,906.0,0.002405,,,,,,,,
268100,906.3,0.002360,,,,,,,,
268200,906.6,0.004476,,,,,,,,
268300,906.9,0.002701,,,,,,,,
268400,907.2,0.003110,,,,,,,,
268500,907.5,0.003066,,,,,,,,
268600,907.8,0.005683,,,,,,,,
268700,908.1,0.004124,,,,,,,,
268800,908.4,0.002257,,,,,,,,
268900,908.7,0.003697,,,,,,,,
269000,909.0,0.008443,,,,,,,,
269100,909.3,0.003398,,,,,,,,
269200,909.6,0.007422,,,,,,,,
269300,909.9,0.002854,,,,,,,,
269400,910.1,0.005569,,,,,,,,
269500,910.4,0.002098,,,,,,,,
269600,910.7,0.004358,,,,,,,,
269700,911.0,0.006708,,,,,,,,
269800,911.3,0.002576,,,,,,,,
269900,911.6,0.002560,,,,,,,,
270000,912.9,0.003825,0.003390,3.338460e+00,2.367426e-01,1.774355e-01,0.000000,3.333871e+00,2.214014e-01,1.652169e-01
270100,913.2,0.005163,,,,,,,,
270200,913.5,0.007315,,,,,,,,
270300,913.8,0.004105,,,,,,,,
270400,914.0,0.002539,,,,,,,,
270500,914.3,0.002996,,,,,,,,
270600,914.6,0.004159,,,,,,,,
270700,914.9,0.004343,,,,,,,,
270800,915.2,0.003140,,,,,,,,
270900,915.5,0.004280,,,,,,,,
271000,915.8,0.004210,,,,,,,,
271100,916.1,0.003427,,,,,,,,
271200,916.4,0.004492,,,,,,,,
271300,916.7,0.002877,,,,,,,,
271400,917.0,0.003946,,,,,,,,
271500,917.3,0.003181,,,,,,,,
271600,917.6,0.001635,,,,,,,,
271700,917.8,0.002483,,,,,,,,
271800,918.1,0.003457,,,,,,,,
271900,918.4,0.002659,,,,,,,,
272000,918.7,0.003088,,,,,,,,
272100,919.0,0.005197,,,,,,,,
272200,919.3,0.003257,,,,,,,,
272300,919.6,0.003238,,,,,,,,
272400,919.9,0.006017,,,,,,,,
272500,920.2,0.002356,,,,,,,,
272600,920.5,0.002890,,,,,,,,
272700,920.8,0.006154,,,,,,,,
272800,921.1,0.002332,,,,,,,,
272900,921.4,0.002358,,,,,,,,
273000,921.7,0.004452,,,,,,,,
273100,922.0,0.003005,,,,,,,,
273200,922.3,0.002605,,,,,,,,
273300,922.6,0.006037,,,,,,,,
273400,922.9,0.003655,,,,,,,,
273500,923.1,0.003018,,,,,,,,
273600,923.4,0.002661,,,,,,,,
273700,923.7,0.004139,,,,,,,,
273800,924.0,0.003209,,,,,,,,
273900,924.3,0.001998,,,,,,,,
274000,924.6,0.004384,,,,,,,,
274100,924.9,0.003225,,,,,,,,
274200,925.2,0.003883,,,,,,,,
274300,925.5,0.008318,,,,,,,,
274400,925.8,0.002062,,,,,,,,
274500,926.1,0.002516,,,,,,,,
274600,926.4,0.005342,,,,,,,,
274700,926.7,0.006893,,,,,,,,
274800,927.0,0.002482,,,,,,,,
274900,927.3,0.002561,,,,,,,,
275000,928.6,0.004725,0.003619,3.501429e+00,2.405897e-01,1.761441e-01,0.000000,3.501429e+00,2.260933e-01,1.658305e-01
275100,928.9,0.003426,,,,,,,,
275200,929.1,0.002123,,,,,,,,
275300,929.4,0.002572,,,,,,,,
275400,929.7,0.003168,,,,,,,,
275500,930.0,0.004596,,,,,,,,
275600,930.2,0.002268,,,,,,,,
275700,930.5,0.002942,,,,,,,,
275800,930.8,0.002906,,,,,,,,
275900,931.1,0.003037,,,,,,,,
276000,931.4,0.002029,,,,,,,,
276100,931.7,0.001973,,,,,,,,
276200,932.0,0.005018,,,,,,,,
276300,932.3,0.004210,,,,,,,,
276400,932.6,0.001987,,,,,,,,
276500,932.8,0.002581,,,,,,,,
276600,933.1,0.003285,,,,,,,,
276700,933.4,0.004448,,,,,,,,
276800,933.7,0.002471,,,,,,,,
276900,934.0,0.003011,,,,,,,,
277000,934.3,0.005681,,,,,,,,
277100,934.6,0.007228,,,,,,,,
277200,934.9,0.002162,,,,,,,,
277300,935.2,0.002115,,,,,,,,
277400,935.5,0.002421,,,,,,,,
277500,935.8,0.006785,,,,,,,,
277600,936.1,0.002355,,,,,,,,
277700,936.4,0.004543,,,,,,,,
277800,936.7,0.003469,,,,,,,,
277900,937.0,0.003097,,,,,,,,
278000,937.3,0.002194,,,,,,,,
278100,937.6,0.006951,,,,,,,,
278200,937.9,0.002827,,,,,,,,
278300,938.2,0.002257,,,,,,,,
278400,938.5,0.004347,,,,,,,,
278500,938.7,0.002465,,,,,,,,
278600,939.0,0.001914,,,,,,,,
278700,939.3,0.004717,,,,,,,,
278800,939.6,0.002664,,,,,,,,
278900,939.9,0.005316,,,,,,,,
279000,940.2,0.003252,,,,,,,,
279100,940.5,0.001900,,,,,,,,
279200,940.8,0.003211,,,,,,,,
279300,941.1,0.003047,,,,,,,,
279400,941.4,0.003167,,,,,,,,
279500,941.7,0.002449,,,,,,,,
279600,942.0,0.008071,,,,,,,,
279700,942.3,0.003714,,,,,,,,
279800,942.6,0.004891,,,,,,,,
279900,942.8,0.002658,,,,,,,,
280000,944.2,0.003423,0.004590,4.249390e+00,2.529496e-01,1.779346e-01,0.000000,4.249390e+00,2.383230e-01,1.667061e-01
280100,944.5,0.007276,,,,,,,,
280200,944.7,0.004485,,,,,,,,
280300,945.0,0.004892,,,,,,,,
280400,945.3,0.002937,,,,,,,,
280500,945.6,0.003439,,,,,,,,
280600,945.9,0.003073,,,,,,,,
280700,946.2,0.003856,,,,,,,,
280800,946.5,0.003880,,,,,,,,
280900,946.7,0.005517,,,,,,,,
281000,947.0,0.004659,,,,,,,,
281100,947.3,0.005281,,,,,,,,
281200,947.6,0.004342,,,,,,,,
281300,947.9,0.006309,,,,,,,,
281400,948.2,0.003738,,,,,,,,
281500,948.5,0.001761,,,,,,,,
281600,948.8,0.002819,,,,,,,,
281700,949.0,0.002513,,,,,,,,
281800,949.3,0.003979,,,,,,,,
281900,949.6,0.003338,,,,,,,,
282000,949.9,0.004402,,,,,,,,
282100,950.2,0.003951,,,,,,,,
282200,950.5,0.002661,,,,,,,,
282300,950.8,0.003197,,,,,,,,
282400,951.1,0.004451,,,,,,,,
282500,951.4,0.003260,,,,,,,,
282600,951.7,0.002710,,,,,,,,
282700,952.0,0.003845,,,,,,,,
282800,952.3,0.004789,,,,,,,,
282900,952.5,0.003688,,,,,,,,
283000,952.8,0.002728,,,,,,,,
283100,953.1,0.002328,,,,,,,,
283200,953.4,0.002897,,,,,,,,
283300,953.7,0.003401,,,,,,,,
283400,954.0,0.002955,,,,,,,,
283500,954.3,0.005836,,,,,,,,
283600,954.6,0.003452,,,,,,,,
283700,954.9,0.001770,,,,,,,,
283800,955.2,0.003603,,,,,,,,
283900,955.5,0.003789,,,,,,,,
284000,955.8,0.002943,,,,,,,,
284100,956.1,0.002406,,,,,,,,
284200,956.4,0.005513,,,,,,,,
284300,956.7,0.005051,,,,,,,,
284400,957.0,0.003071,,,,,,,,
284500,957.2,0.005056,,,,,,,,
284600,957.5,0.005320,,,,,,,,
284700,957.8,0.003163,,,,,,,,
284800,958.1,0.002852,,,,,,,,
284900,958.4,0.003214,,,,,,,,
285000,959.8,0.002552,0.003126,2.432300e+00,2.378739e-01,1.722926e-01,0.000000,2.432300e+00,2.239439e-01,1.612868e-01
285100,960.1,0.003922,,,,,,,,
285200,960.4,0.008449,,,,,,,,
285300,960.7,0.004028,,,,,,,,
285400,960.9,0.005084,,,,,,,,
285500,961.2,0.003011,,,,,,,,
285600,961.5,0.003650,,,,,,,,
285700,961.8,0.003651,,,,,,,,
285800,962.1,0.005212,,,,,,,,
285900,962.4,0.004789,,,,,,,,
286000,962.7,0.002024,,,,,,,,
286100,963.0,0.004395,,,,,,,,
286200,963.3,0.004449,,,,,,,,
286300,963.6,0.003070,,,,,,,,
286400,963.9,0.001733,,,,,,,,
286500,964.2,0.002741,,,,,,,,
286600,964.5,0.002679,,,,,,,,
286700,964.8,0.003261,,,,,,,,
286800,965.0,0.002309,,,,,,,,
286900,965.3,0.004419,,,,,,,,
287000,965.6,0.004080,,,,,,,,
287100,965.9,0.003144,,,,,,,,
287200,966.2,0.005758,,,,,,,,
287300,966.5,0.004521,,,,,,,,
287400,966.8,0.002573,,,,,,,,
287500,967.1,0.002840,,,,,,,,
287600,967.4,0.004383,,,,,,,,
287700,967.6,0.003741,,,,,,,,
287800,967.9,0.005310,,,,,,,,
287900,968.2,0.002978,,,,,,,,
288000,968.5,0.005542,,,,,,,,
288100,968.8,0.002664,,,,,,,,
288200,969.1,0.003542,,,,,,,,
288300,969.4,0.003177,,,,,,,,
288400,969.7,0.003292,,,,,,,,
288500,970.0,0.002348,,,,,,,,
288600,970.2,0.002473,,,,,,,,
288700,970.5,0.003267,,,,,,,,
288800,970.8,0.002475,,,,,,,,
288900,971.1,0.003883,,,,,,,,
289000,971.4,0.005653,,,,,,,,
289100,971.7,0.003236,,,,,,,,
289200,972.0,0.002261,,,,,,,,
289300,972.3,0.004569,,,,,,,,
289400,972.6,0.003501,,,,,,,,
289500,972.9,0.003138,,,,,,,,
289600,973.2,0.004160,,,,,,,,
289700,973.5,0.002878,,,,,,,,
289800,973.7,0.002756,,,,,,,,
289900,974.0,0.006446,,,,,,,,
290000,975.5,0.003974,0.003384,3.797694e+00,2.374597e-01,1.779168e-01,0.000000,3.793270e+00,2.248121e-01,1.702522e-01
290100,975.7,0.003543,,,,,,,,
290200,976.0,0.002507,,,,,,,,
290300,976.3,0.005562,,,,,,,,
290400,976.6,0.001954,,,,,,,,
290500,976.9,0.002714,,,,,,,,
290600,977.1,0.002910,,,,,,,,
290700,977.4,0.002608,,,,,,,,
290800,977.7,0.004932,,,,,,,,
290900,978.0,0.002922,,,,,,,,
291000,978.3,0.002348,,,,,,,,
291100,978.6,0.005487,,,,,,,,
291200,978.9,0.003310,,,,,,,,
291300,979.2,0.002652,,,,,,,,
291400,979.5,0.001915,,,,,,,,
291500,979.8,0.002188,,,,,,,,
291600,980.0,0.002289,,,,,,,,
291700,980.3,0.003074,,,,,,,,
291800,980.6,0.002640,,,,,,,,
291900,980.9,0.002416,,,,,,,,
292000,981.2,0.003305,,,,,,,,
292100,981.5,0.002604,,,,,,,,
292200,981.8,0.003341,,,,,,,,
292300,982.1,0.004566,,,,,,,,
292400,982.4,0.002123,,,,,,,,
292500,982.7,0.003629,,,,,,,,
292600,982.9,0.001869,,,,,,,,
292700,983.2,0.003107,,,,,,,,
292800,983.5,0.003247,,,,,,,,
292900,983.8,0.002835,,,,,,,,
293000,984.1,0.004930,,,,,,,,
293100,984.3,0.002403,,,,,,,,
293200,984.6,0.005699,,,,,,,,
293300,984.9,0.002210,,,,,,,,
293400,985.2,0.006448,,,,,,,,
293500,985.5,0.004121,,,,,,,,
293600,985.8,0.004991,,,,,,,,
293700,986.0,0.004507,,,,,,,,
293800,986.3,0.002696,,,,,,,,
293900,986.6,0.002741,,,,,,,,
294000,986.9,0.002252,,,,,,,,
294100,987.2,0.002839,,,,,,,,
294200,987.5,0.002328,,,,,,,,
294300,987.8,0.003045,,,,,,,,
294400,988.1,0.005020,,,,,,,,
294500,988.3,0.002111,,,,,,,,
294600,988.6,0.003077,,,,,,,,
294700,988.9,0.003132,,,,,,,,
294800,989.2,0.001947,,,,,,,,
294900,989.4,0.002757,,,,,,,,
295000,990.9,0.002780,0.003236,3.322419e+00,2.305708e-01,1.665550e-01,0.000000,3.322419e+00,2.170624e-01,1.563657e-01
295100,991.1,0.003303,,,,,,,,
295200,991.3,0.004077,,,,,,,,
295300,991.6,0.003111,,,,,,,,
295400,991.9,0.003254,,,,,,,,
295500,992.2,0.004360,,,,,,,,
295600,992.5,0.002505,,,,,,,,
295700,992.8,0.003582,,,,,,,,
295800,993.1,0.003398,,,,,,,,
295900,993.4,0.002451,,,,,,,,
296000,993.7,0.005118,,,,,,,,
296100,993.9,0.004105,,,,,,,,
296200,994.2,0.003247,,,,,,,,
296300,994.5,0.004492,,,,,,,,
296400,994.8,0.002338,,,,,,,,
296500,995.1,0.003294,,,,,,,,
296600,995.4,0.004547,,,,,,,,
296700,995.7,0.003296,,,,,,,,
296800,996.0,0.003018,,,,,,,,
296900,996.3,0.003394,,,,,,,,
297000,996.6,0.003086,,,,,,,,
297100,996.9,0.003778,,,,,,,,
297200,997.1,0.002201,,,,,,,,
297300,997.4,0.002213,,,,,,,,
297400,997.7,0.006599,,,,,,,,
297500,998.0,0.002213,,,,,,,,
297600,998.3,0.001983,,,,,,,,
297700,998.6,0.002275,,,,,,,,
297800,998.9,0.004457,,,,,,,,
297900,999.2,0.002397,,,,,,,,
298000,999.5,0.003957,,,,,,,,
298100,999.8,0.002151,,,,,,,,
298200,1000.1,0.005401,,,,,,,,
298300,1000.3,0.002462,,,,,,,,
298400,1000.6,0.002714,,,,,,,,
298500,1000.9,0.004041,,,,,,,,
298600,1001.2,0.003379,,,,,,,,
298700,1001.5,0.003486,,,,,,,,
298800,1001.8,0.002342,,,,,,,,
298900,1002.1,0.003674,,,,,,,,
299000,1002.4,0.004546,,,,,,,,
299100,1002.7,0.005576,,,,,,,,
299200,1003.0,0.002173,,,,,,,,
299300,1003.3,0.002282,,,,,,,,
299400,1003.5,0.002332,,,,,,,,
299500,1003.8,0.002342,,,,,,,,
299600,1004.1,0.008671,,,,,,,,
299700,1004.4,0.003290,,,,,,,,
299800,1004.7,0.002371,,,,,,,,
299900,1005.0,0.004684,,,,,,,,
300000,1006.4,0.002523,0.004708,4.729112e+00,2.466468e-01,1.781655e-01,0.000000,4.729112e+00,2.319412e-01,1.660397e-01
300100,1006.6,0.004237,,,,,,,,
300200,1006.9,0.005045,,,,,,,,
300300,1007.2,0.002020,,,,,,,,
300400,1007.5,0.002216,,,,,,,,
300500,1007.8,0.004154,,,,,,,,
300600,1008.0,0.004594,,,,,,,,
300700,1008.3,0.006964,,,,,,,,
300800,1008.6,0.003760,,,,,,,,
300900,1008.9,0.002472,,,,,,,,
301000,1009.2,0.005281,,,,,,,,
301100,1009.5,0.004836,,,,,,,,
301200,1009.8,0.002516,,,,,,,,
301300,1010.1,0.003506,,,,,,,,
301400,1010.3,0.002442,,,,,,,,
301500,1010.6,0.003000,,,,,,,,
301600,1010.9,0.002657,,,,,,,,
301700,1011.2,0.002302,,,,,,,,
301800,1011.5,0.003096,,,,,,,,
301900,1011.8,0.004455,,,,,,,,
302000,1012.1,0.003080,,,,,,,,
302100,1012.4,0.003152,,,,,,,,
302200,1012.7,0.003815,,,,,,,,
302300,1013.0,0.005061,,,,,,,,
302400,1013.3,0.003396,,,,,,,,
302500,1013.5,0.002685,,,,,,,,
302600,1013.8,0.002659,,,,,,,,
302700,1014.1,0.003010,,,,,,,,
302800,1014.4,0.001897,,,,,,,,
302900,1014.7,0.003211,,,,,,,,
303000,1014.9,0.004089,,,,,,,,
303100,1015.2,0.003734,,,,,,,,
303200,1015.5,0.005272,,,,,,,,
303300,1015.8,0.003083,,,,,,,,
303400,1016.1,0.001752,,,,,,,,
303500,1016.4,0.002639,,,,,,,,
303600,1016.7,0.003535,,,,,,,,
303700,1017.0,0.002022,,,,,,,,
303800,1017.2,0.002695,,,,,,,,
303900,1017.5,0.003879,,,,,,,,
304000,1017.8,0.003295,,,,,,,,
304100,1018.1,0.003550,,,,,,,,
304200,1018.4,0.002965,,,,,,,,
304300,1018.7,0.002659,,,,,,,,
304400,1018.9,0.005782,,,,,,,,
304500,1019.2,0.003877,,,,,,,,
304600,1019.5,0.002676,,,,,,,,
304700,1019.8,0.002407,,,,,,,,
304800,1020.1,0.004088,,,,,,,,
304900,1020.4,0.003307,,,,,,,,
305000,1021.8,0.003485,0.004191,3.821252e+00,2.417504e-01,1.727176e-01,0.000000,3.820043e+00,2.277058e-01,1.628349e-01
305100,1022.0,0.003352,,,,,,,,
305200,1022.3,0.005483,,,,,,,,
305300,1022.6,0.002349,,,,,,,,
305400,1022.9,0.003284,,,,,,,,
305500,1023.2,0.006997,,,,,,,,
305600,1023.5,0.002649,,,,,,,,
305700,1023.8,0.001757,,,,,,,,
305800,1024.1,0.006348,,,,,,,,
305900,1024.3,0.004129,,,,,,,,
306000,1024.6,0.002159,,,,,,,,
306100,1024.9,0.001876,,,,,,,,
306200,1025.2,0.002689,,,,,,,,
306300,1025.5,0.001995,,,,,,,,
306400,1025.8,0.003120,,,,,,,,
306500,1026.1,0.003155,,,,,,,,
306600,1026.4,0.002826,,,,,,,,
306700,1026.7,0.004742,,,,,,,,
306800,1027.0,0.002553,,,,,,,,
306900,1027.3,0.006370,,,,,,,,
307000,1027.6,0.002742,,,,,,,,
307100,1027.8,0.002135,,,,,,,,
307200,1028.1,0.003204,,,,,,,,
307300,1028.4,0.002681,,,,,,,,
307400,1028.7,0.002282,,,,,,,,
307500,1029.0,0.002628,,,,,,,,
307600,1029.3,0.002386,,,,,,,,
307700,1029.6,0.008898,,,,,,,,
307800,1029.9,0.002655,,,,,,,,
307900,1030.2,0.004103,,,,,,,,
308000,1030.4,0.002334,,,,,,,,
308100,1030.7,0.004266,,,,,,,,
308200,1031.0,0.005571,,,,,,,,
308300,1031.3,0.002892,,,,,,,,
308400,1031.6,0.004774,,,,,,,,
308500,1031.9,0.002632,,,,,,,,
308600,1032.2,0.002973,,,,,,,,
308700,1032.5,0.002563,,,,,,,,
308800,1032.8,0.005025,,,,,,,,
308900,1033.1,0.001910,,,,,,,,
309000,1033.4,0.003535,,,,,,,,
309100,1033.7,0.004971,,,,,,,,
309200,1033.9,0.002927,,,,,,,,
309300,1034.2,0.005480,,,,,,,,
309400,1034.5,0.005217,,,,,,,,
309500,1034.8,0.002252,,,,,,,,
309600,1035.0,0.002136,,,,,,,,
309700,1035.3,0.002658,,,,,,,,
309800,1035.6,0.006627,,,,,,,,
309900,1035.9,0.005433,,,,,,,,
310000,1037.3,0.003840,0.003669,3.314581e+00,2.530662e-01,1.831105e-01,0.000000,3.314581e+00,2.389011e-01,1.722643e-01
310100,1037.5,0.003942,,,,,,,,
310200,1037.8,0.002161,,,,,,,,
310300,1038.1,0.002772,,,,,,,,
310400,1038.4,0.002490,,,,,,,,
310500,1038.7,0.003531,,,,,,,,
310600,1039.0,0.001910,,,,,,,,
310700,1039.3,0.003817,,,,,,,,
310800,1039.5,0.002594,,,,,,,,
310900,1039.8,0.003866,,,,,,,,
311000,1040.1,0.004428,,,,,,,,
311100,1040.4,0.005293,,,,,,,,
311200,1040.7,0.002429,,,,,,,,
311300,1041.0,0.005624,,,,,,,,
311400,1041.3,0.003355,,,,,,,,
311500,1041.6,0.004085,,,,,,,,
311600,1041.9,0.002980,,,,,,,,
311700,1042.2,0.002307,,,,,,,,
311800,1042.5,0.003040,,,,,,,,
311900,1042.8,0.002022,,,,,,,,
312000,1043.1,0.003046,,,,,,,,
312100,1043.3,0.003188,,,,,,,,
312200,1043.6,0.005089,,,,,,,,
312300,1043.9,0.002521,,,,,,,,
312400,1044.2,0.003624,,,,,,,,
312500,1044.5,0.006147,,,,,,,,
312600,1044.8,0.002845,,,,,,,,
312700,1045.1,0.002660,,,,,,,,
312800,1045.3,0.004001,,,,,,,,
312900,1045.6,0.006302,,,,,,,,
313000,1045.9,0.004699,,,,,,,,
313100,1046.2,0.002763,,,,,,,,
313200,1046.5,0.002256,,,,,,,,
313300,1046.8,0.002114,,,,,,,,
313400,1047.1,0.004461,,,,,,,,
313500,1047.4,0.003375,,,,,,,,
313600,1047.7,0.003839,,,,,,,,
313700,1047.9,0.004135,,,,,,,,
313800,1048.2,0.002495,,,,,,,,
313900,1048.5,0.003188,,,,,,,,
314000,1048.8,0.002359,,,,,,,,
314100,1049.1,0.002533,,,,,,,,
314200,1049.4,0.004330,,,,,,,,
314300,1049.7,0.002731,,,,,,,,
314400,1049.9,0.003926,,,,,,,,
314500,1050.2,0.003682,,,,,,,,
314600,1050.5,0.002538,,,,,,,,
314700,1050.8,0.002874,,,,,,,,
314800,1051.1,0.002712,,,,,,,,
314900,1051.4,0.002379,,,,,,,,
315000,1052.8,0.002408,0.003662,3.930650e+00,2.401693e-01,1.743187e-01,0.000000,3.930650e+00,2.256332e-01,1.639021e-01
315100,1053.1,0.002737,,,,,,,,
315200,1053.4,0.003507,,,,,,,,
315300,1053.6,0.002227,,,,,,,,
315400,1053.9,0.006552,,,,,,,,
315500,1054.2,0.006211,,,,,,,,
315600,1054.4,0.003187,,,,,,,,
315700,1054.7,0.003725,,,,,,,,
315800,1055.0,0.005954,,,,,,,,
315900,1055.3,0.002703,,,,,,,,
316000,1055.6,0.004242,,,,,,,,
316100,1055.9,0.004065,,,,,,,,
316200,1056.2,0.002742,,,,,,,,
316300,1056.5,0.002834,,,,,,,,
316400,1056.8,0.002946,,,,,,,,
316500,1057.0,0.002462,,,,,,,,
316600,1057.3,0.002337,,,,,,,,
316700,1057.6,0.002955,,,,,,,,
316800,1057.9,0.003207,,,,,,,,
316900,1058.2,0.007798,,,,,,,,
317000,1058.5,0.002765,,,,,,,,
317100,1058.8,0.002957,,,,,,,,
317200,1059.0,0.004064,,,,,,,,
317300,1059.3,0.003377,,,,,,,,
317400,1059.6,0.003798,,,,,,,,
317500,1059.9,0.002250,,,,,,,,
317600,1060.2,0.003917,,,,,,,,
317700,1060.5,0.003957,,,,,,,,
317800,1060.8,0.003440,,,,,,,,
317900,1061.1,0.003969,,,,,,,,
318000,1061.4,0.003636,,,,,,,,
318100,1061.7,0.002964,,,,,,,,
318200,1062.0,0.002656,,,,,,,,
318300,1062.2,0.005072,,,,,,,,
318400,1062.5,0.004547,,,,,,,,
318500,1062.8,0.002419,,,,,,,,
318600,1063.1,0.001977,,,,,,,,
318700,1063.4,0.003592,,,,,,,,
318800,1063.7,0.004324,,,,,,,,
318900,1064.0,0.002578,,,,,,,,
319000,1064.3,0.003076,,,,,,,,
319100,1064.6,0.002333,,,,,,,,
319200,1064.9,0.002918,,,,,,,,
319300,1065.2,0.002029,,,,,,,,
319400,1065.5,0.003114,,,,,,,,
319500,1065.7,0.006561,,,,,,,,
319600,1066.0,0.002528,,,,,,,,
319700,1066.2,0.004662,,,,,,,,
319800,1066.5,0.003559,,,,,,,,
319900,1066.8,0.002775,,,,,,,,
320000,1068.2,0.002632,0.003755,4.753930e+00,2.362541e-01,1.713923e-01,0.000000,4.749966e+00,2.231601e-01,1.618090e-01
320100,1068.4,0.004896,,,,,,,,
320200,1068.7,0.004807,,,,,,,,
320300,1069.0,0.003029,,,,,,,,
320400,1069.3,0.003885,,,,,,,,
320500,1069.5,0.002702,,,,,,,,
320600,1069.8,0.001976,,,,,,,,
320700,1070.1,0.004833,,,,,,,,
320800,1070.4,0.002696,,,,,,,,
320900,1070.7,0.005068,,,,,,,,
321000,1071.0,0.003049,,,,,,,,
321100,1071.3,0.002860,,,,,,,,
321200,1071.6,0.007107,,,,,,,,
321300,1071.9,0.004113,,,,,,,,
321400,1072.2,0.003693,,,,,,,,
321500,1072.5,0.003072,,,,,,,,
321600,1072.7,0.004727,,,,,,,,
321700,1073.0,0.002343,,,,,,,,
321800,1073.3,0.003874,,,,,,,,
321900,1073.5,0.001608,,,,,,,,
322000,1073.8,0.006603,,,,,,,,
322100,1074.1,0.002413,,,,,,,,
322200,1074.4,0.002196,,,,,,,,
322300,1074.7,0.007190,,,,,,,,
322400,1074.9,0.003263,,,,,,,,
322500,1075.2,0.002403,,,,,,,,
322600,1075.5,0.003390,,,,,,,,
322700,1075.8,0.002718,,,,,,,,
322800,1076.1,0.002396,,,,,,,,
322900,1076.4,0.003330,,,,,,,,
323000,1076.7,0.008498,,,,,,,,
323100,1077.0,0.007760,,,,,,,,
323200,1077.3,0.003533,,,,,,,,
323300,1077.6,0.001760,,,,,,,,
323400,1077.8,0.005261,,,,,,,,
323500,1078.1,0.007367,,,,,,,,
323600,1078.4,0.003923,,,,,,,,
323700,1078.7,0.005002,,,,,,,,
323800,1079.0,0.005707,,,,,,,,
323900,1079.3,0.003353,,,,,,,,
324000,1079.6,0.006618,,,,,,,,
324100,1079.9,0.002433,,,,,,,,
324200,1080.2,0.003793,,,,,,,,
324300,1080.4,0.006348,,,,,,,,
324400,1080.7,0.002825,,,,,,,,
324500,1081.0,0.002064,,,,,,,,
324600,1081.3,0.003613,,,,,,,,
324700,1081.6,0.008568,,,,,,,,
324800,1081.9,0.005641,,,,,,,,
324900,1082.2,0.006207,,,,,,,,
325000,1083.6,0.002281,0.004573,4.211121e+00,2.412262e-01,1.666816e-01,0.000000,4.211121e+00,2.271701e-01,1.562529e-01
325100,1083.8,0.006540,,,,,,,,
325200,1084.1,0.002927,,,,,,,,
325300,1084.4,0.003126,,,,,,,,
325400,1084.7,0.002081,,,,,,,,
325500,1085.0,0.003016,,,,,,,,
325600,1085.3,0.003216,,,,,,,,
325700,1085.6,0.002302,,,,,,,,
325800,1085.9,0.002578,,,,,,,,
325900,1086.1,0.003368,,,,,,,,
326000,1086.4,0.002659,,,,,,,,
326100,1086.7,0.003101,,,,,,,,
326200,1087.0,0.002981,,,,,,,,
326300,1087.3,0.002022,,,,,,,,
326400,1087.6,0.002172,,,,,,,,
326500,1087.9,0.003133,,,,,,,,
326600,1088.2,0.006014,,,,,,,,
326700,1088.5,0.004504,,,,,,,,
326800,1088.8,0.002088,,,,,,,,
326900,1089.1,0.002975,,,,,,,,
327000,1089.4,0.003958,,,,,,,,
327100,1089.7,0.002254,,,,,,,,
327200,1090.0,0.002193,,,,,,,,
327300,1090.3,0.002117,,,,,,,,
327400,1090.6,0.003487,,,,,,,,
327500,1090.9,0.003948,,,,,,,,
327600,1091.1,0.002926,,,,,,,,
327700,1091.4,0.003275,,,,,,,,
327800,1091.7,0.003334,,,,,,,,
327900,1092.0,0.007725,,,,,,,,
328000,1092.3,0.005578,,,,,,,,
328100,1092.6,0.004004,,,,,,,,
328200,1092.9,0.003076,,,,,,,,
328300,1093.1,0.002323,,,,,,,,
328400,1093.4,0.004359,,,,,,,,
328500,1093.7,0.003006,,,,,,,,
328600,1094.0,0.002276,,,,,,,,
328700,1094.3,0.002602,,,,,,,,
328800,1094.6,0.001837,,,,,,,,
328900,1094.9,0.002242,,,,,,,,
329000,1095.2,0.006027,,,,,,,,
329100,1095.5,0.003308,,,,,,,,
329200,1095.8,0.009005,,,,,,,,
329300,1096.1,0.002632,,,,,,,,
329400,1096.4,0.003963,,,,,,,,
329500,1096.7,0.001727,,,,,,,,
329600,1096.9,0.002691,,,,,,,,
329700,1097.2,0.004353,,,,,,,,
329800,1097.5,0.002305,,,,,,,,
329900,1097.8,0.002127,,,,,,,,
330000,1099.2,0.004381,0.004170,4.464236e+00,2.540152e-01,1.891448e-01,0.000000,4.464236e+00,2.410686e-01,1.791676e-01
330100,1099.5,0.001979,,,,,,,,
330200,1099.8,0.004962,,,,,,,,
330300,1100.0,0.007554,,,,,,,,
330400,1100.3,0.005130,,,,,,,,
330500,1100.6,0.004155,,,,,,,,
330600,1100.9,0.002676,,,,,,,,
330700,1101.2,0.002206,,,,,,,,
330800,1101.5,0.005554,,,,,,,,
330900,1101.7,0.003523,,,,,,,,
331000,1102.0,0.003425,,,,,,,,
331100,1102.3,0.002992,,,,,,,,
331200,1102.6,0.006212,,,,,,,,
331300,1102.9,0.003172,,,,,,,,
331400,1103.2,0.002532,,,,,,,,
331500,1103.5,0.003268,,,,,,,,
331600,1103.7,0.004574,,,,,,,,
331700,1104.0,0.002884,,,,,,,,
331800,1104.3,0.002153,,,,,,,,
331900,1104.6,0.002921,,,,,,,,
332000,1104.9,0.005490,,,,,,,,
332100,1105.2,0.003484,,,,,,,,
332200,1105.5,0.004207,,,,,,,,
332300,1105.8,0.002997,,,,,,,,
332400,1106.1,0.003485,,,,,,,,
332500,1106.4,0.007007,,,,,,,,
332600,1106.7,0.004481,,,,,,,,
332700,1107.0,0.003729,,,,,,,,
332800,1107.3,0.002968,,,,,,,,
332900,1107.5,0.002191,,,,,,,,
333000,1107.8,0.001673,,,,,,,,
333100,1108.1,0.003124,,,,,,,,
333200,1108.4,0.002244,,,,,,,,
333300,1108.7,0.001694,,,,,,,,
333400,1108.9,0.002049,,,,,,,,
333500,1109.2,0.001844,,,,,,,,
333600,1109.5,0.004439,,,,,,,,
333700,1109.7,0.002542,,,,,,,,
333800,1110.0,0.003051,,,,,,,,
333900,1110.3,0.002785,,,,,,,,
334000,1110.6,0.003203,,,,,,,,
334100,1110.9,0.002946,,,,,,,,
334200,1111.1,0.004159,,,,,,,,
334300,1111.4,0.005840,,,,,,,,
334400,1111.7,0.002088,,,,,,,,
334500,1112.0,0.004200,,,,,,,,
334600,1112.3,0.002773,,,,,,,,
334700,1112.6,0.003228,,,,,,,,
334800,1112.9,0.003844,,,,,,,,
334900,1113.2,0.001681,,,,,,,,
335000,1114.6,0.001832,0.003308,4.122009e+00,2.372584e-01,1.752564e-01,0.000000,4.122009e+00,2.233201e-01,1.656223e-01
335100,1114.8,0.007516,,,,,,,,
335200,1115.1,0.001740,,,,,,,,
335300,1115.4,0.003238,,,,,,,,
335400,1115.7,0.002845,,,,,,,,
335500,1116.0,0.002564,,,,,,,,
335600,1116.3,0.002592,,,,,,,,
335700,1116.5,0.003583,,,,,,,,
335800,1116.8,0.002102,,,,,,,,
335900,1117.1,0.002272,,,,,,,,
336000,1117.4,0.002067,,,,,,,,
336100,1117.7,0.002817,,,,,,,,
336200,1118.0,0.004781,,,,,,,,
336300,1118.3,0.010915,,,,,,,,
336400,1118.6,0.002857,,,,,,,,
336500,1118.9,0.004223,,,,,,,,
336600,1119.1,0.003401,,,,,,,,
336700,1119.4,0.002874,,,,,,,,
336800,1119.7,0.002221,,,,,,,,
336900,1120.0,0.003909,,,,,,,,
337000,1120.3,0.003473,,,,,,,,
337100,1120.6,0.002540,,,,,,,,
337200,1120.9,0.002052,,,,,,,,
337300,1121.2,0.002895,,,,,,,,
337400,1121.5,0.002131,,,,,,,,
337500,1121.8,0.003610,,,,,,,,
337600,1122.1,0.004086,,,,,,,,
337700,1122.4,0.002710,,,,,,,,
337800,1122.6,0.001663,,,,,,,,
337900,1122.9,0.002822,,,,,,,,
338000,1123.2,0.004191,,,,,,,,
338100,1123.5,0.005783,,,,,,,,
338200,1123.8,0.002465,,,,,,,,
338300,1124.1,0.003950,,,,,,,,
338400,1124.4,0.002811,,,,,,,,
338500,1124.6,0.002514,,,,,,,,
338600,1124.9,0.003813,,,,,,,,
338700,1125.2,0.002269,,,,,,,,
338800,1125.5,0.002556,,,,,,,,
338900,1125.8,0.003077,,,,,,,,
339000,1126.1,0.003066,,,,,,,,
339100,1126.4,0.004811,,,,,,,,
339200,1126.7,0.002148,,,,,,,,
339300,1127.0,0.002030,,,,,,,,
339400,1127.3,0.002955,,,,,,,,
339500,1127.6,0.003426,,,,,,,,
339600,1127.9,0.003532,,,,,,,,
339700,1128.2,0.002795,,,,,,,,
339800,1128.4,0.005144,,,,,,,,
339900,1128.7,0.002410,,,,,,,,
340000,1130.1,0.002447,0.002673,2.514273e+00,2.323123e-01,1.727787e-01,0.000000,2.514273e+00,2.160900e-01,1.597640e-01
340100,1130.4,0.002318,,,,,,,,
340200,1130.7,0.002241,,,,,,,,
340300,1131.0,0.004102,,,,,,,,
340400,1131.2,0.004175,,,,,,,,
340500,1131.5,0.006923,,,,,,,,
340600,1131.8,0.002384,,,,,,,,
340700,1132.1,0.003020,,,,,,,,
340800,1132.4,0.004181,,,,,,,,
340900,1132.7,0.002266,,,,,,,,
341000,1133.0,0.003390,,,,,,,,
341100,1133.2,0.002318,,,,,,,,
341200,1133.5,0.002730,,,,,,,,
341300,1133.8,0.004453,,,,,,,,
341400,1134.1,0.002563,,,,,,,,
341500,1134.3,0.003807,,,,,,,,
341600,1134.6,0.002127,,,,,,,,
341700,1134.9,0.003192,,,,,,,,
341800,1135.1,0.002625,,,,,,,,
341900,1135.4,0.004375,,,,,,,,
342000,1135.7,0.001996,,,,,,,,
342100,1136.0,0.002058,,,,,,,,
342200,1136.3,0.001969,,,,,,,,
342300,1136.6,0.003633,,,,,,,,
342400,1136.9,0.002626,,,,,,,,
342500,1137.1,0.003402,,,,,,,,
342600,1137.4,0.002108,,,,,,,,
342700,1137.7,0.003806,,,,,,,,
342800,1138.0,0.002414,,,,,,,,
342900,1138.3,0.001896,,,,,,,,
343000,1138.6,0.003709,,,,,,,,
343100,1138.8,0.004147,,,,,,,,
343200,1139.1,0.006035,,,,,,,,
343300,1139.4,0.003415,,,,,,,,
343400,1139.7,0.003289,,,,,,,,
343500,1140.0,0.002617,,,,,,,,
343600,1140.3,0.002628,,,,,,,,
343700,1140.6,0.003909,,,,,,,,
343800,1140.9,0.002924,,,,,,,,
343900,1141.2,0.001918,,,,,,,,
344000,1141.4,0.002379,,,,,,,,
344100,1141.7,0.004579,,,,,,,,
344200,1142.0,0.002733,,,,,,,,
344300,1142.3,0.004689,,,,,,,,
344400,1142.6,0.004075,,,,,,,,
344500,1142.8,0.004780,,,,,,,,
344600,1143.1,0.003117,,,,,,,,
344700,1143.4,0.002829,,,,,,,,
344800,1143.7,0.003274,,,,,,,,
344900,1143.9,0.002661,,,,,,,,
345000,1145.3,0.005874,0.004058,4.894902e+00,2.419216e-01,1.735166e-01,0.000000,4.894902e+00,2.266799e-01,1.617013e-01
345100,1145.5,0.004883,,,,,,,,
345200,1145.8,0.002828,,,,,,,,
345300,1146.1,0.004386,,,,,,,,
345400,1146.4,0.003237,,,,,,,,
345500,1146.7,0.003195,,,,,,,,
345600,1147.0,0.001793,,,,,,,,
345700,1147.2,0.008633,,,,,,,,
345800,1147.5,0.002553,,,,,,,,
345900,1147.8,0.001979,,,,,,,,
346000,1148.1,0.003036,,,,,,,,
346100,1148.4,0.008171,,,,,,,,
346200,1148.7,0.002132,,,,,,,,
346300,1149.0,0.003063,,,,,,,,
346400,1149.3,0.005808,,,,,,,,
346500,1149.6,0.003137,,,,,,,,
346600,1149.8,0.002077,,,,,,,,
346700,1150.1,0.006790,,,,,,,,
346800,1150.4,0.004311,,,,,,,,
346900,1150.7,0.004183,,,,,,,,
347000,1151.0,0.002489,,,,,,,,
347100,1151.3,0.004466,,,,,,,,
347200,1151.6,0.002994,,,,,,,,
347300,1151.9,0.002757,,,,,,,,
347400,1152.2,0.002435,,,,,,,,
347500,1152.4,0.005620,,,,,,,,
347600,1152.7,0.002573,,,,,,,,
347700,1153.0,0.004303,,,,,,,,
347800,1153.3,0.004616,,,,,,,,
347900,1153.6,0.002574,,,,,,,,
348000,1153.9,0.002734,,,,,,,,
348100,1154.2,0.002492,,,,,,,,
348200,1154.4,0.003246,,,,,,,,
348300,1154.7,0.002410,,,,,,,,
348400,1155.0,0.002048,,,,,,,,
348500,1155.3,0.006243,,,,,,,,
348600,1155.6,0.004846,,,,,,,,
348700,1155.9,0.006062,,,,,,,,
348800,1156.2,0.002036,,,,,,,,
348900,1156.5,0.003038,,,,,,,,
349000,1156.8,0.003945,,,,,,,,
349100,1157.0,0.004313,,,,,,,,
349200,1157.3,0.005037,,,,,,,,
349300,1157.6,0.004131,,,,,,,,
349400,1157.9,0.004633,,,,,,,,
349500,1158.2,0.002261,,,,,,,,
349600,1158.5,0.003221,,,,,,,,
349700,1158.8,0.001876,,,,,,,,
349800,1159.1,0.004975,,,,,,,,
349900,1159.4,0.003810,,,,,,,,
350000,1160.8,0.002622,0.002611,3.281295e+00,2.217535e-01,1.687405e-01,0.000000,3.281295e+00,2.081939e-01,1.582417e-01
350100,1161.0,0.002594,,,,,,,,
350200,1161.3,0.003057,,,,,,,,
350300,1161.6,0.007976,,,,,,,,
350400,1161.9,0.004018,,,,,,,,
350500,1162.2,0.001894,,,,,,,,
350600,1162.5,0.002126,,,,,,,,
350700,1162.8,0.002093,,,,,,,,
350800,1163.0,0.002359,,,,,,,,
350900,1163.3,0.006557,,,,,,,,
351000,1163.6,0.009641,,,,,,,,
351100,1163.9,0.005785,,,,,,,,
351200,1164.2,0.002263,,,,,,,,
351300,1164.5,0.005994,,,,,,,,
351400,1164.8,0.003727,,,,,,,,
351500,1165.0,0.002100,,,,,,,,
351600,1165.3,0.002066,,,,,,,,
351700,1165.6,0.001840,,,,,,,,
351800,1165.9,0.002408,,,,,,,,
351900,1166.2,0.005750,,,,,,,,
352000,1166.5,0.003220,,,,,,,,
352100,1166.8,0.002729,,,,,,,,
352200,1167.1,0.003089,,,,,,,,
352300,1167.4,0.002748,,,,,,,,
352400,1167.7,0.002895,,,,,,,,
352500,1168.0,0.004200,,,,,,,,
352600,1168.2,0.007560,,,,,,,,
352700,1168.5,0.002688,,,,,,,,
352800,1168.8,0.004005,,,,,,,,
352900,1169.1,0.003050,,,,,,,,
353000,1169.4,0.004410,,,,,,,,
353100,1169.7,0.002599,,,,,,,,
353200,1170.0,0.002685,,,,,,,,
353300,1170.3,0.004918,,,,,,,,
353400,1170.6,0.002341,,,,,,,,
353500,1170.8,0.002862,,,,,,,,
353600,1171.1,0.002889,,,,,,,,
353700,1171.4,0.002259,,,,,,,,
353800,1171.7,0.004276,,,,,,,,
353900,1172.0,0.005209,,,,,,,,
354000,1172.3,0.002129,,,,,,,,
354100,1172.6,0.002237,,,,,,,,
354200,1172.9,0.002223,,,,,,,,
354300,1173.2,0.001798,,,,,,,,
354400,1173.5,0.002139,,,,,,,,
354500,1173.7,0.005260,,,,,,,,
354600,1174.0,0.003400,,,,,,,,
354700,1174.3,0.002909,,,,,,,,
354800,1174.6,0.002423,,,,,,,,
354900,1174.9,0.003220,,,,,,,,
355000,1176.3,0.007882,0.002652,1.923468e+00,2.400963e-01,1.850303e-01,0.000000,1.923468e+00,2.258716e-01,1.740578e-01
355100,1176.5,0.002681,,,,,,,,
355200,1176.8,0.005360,,,,,,,,
355300,1177.1,0.003240,,,,,,,,
355400,1177.4,0.002652,,,,,,,,
355500,1177.7,0.002862,,,,,,,,
355600,1178.0,0.002326,,,,,,,,
355700,1178.2,0.002266,,,,,,,,
355800,1178.5,0.002225,,,,,,,,
355900,1178.8,0.002126,,,,,,,,
356000,1179.1,0.003981,,,,,,,,
356100,1179.4,0.003450,,,,,,,,
356200,1179.7,0.002608,,,,,,,,
356300,1180.0,0.002720,,,,,,,,
356400,1180.3,0.003578,,,,,,,,
356500,1180.6,0.002428,,,,,,,,
356600,1180.9,0.002911,,,,,,,,
356700,1181.2,0.002822,,,,,,,,
356800,1181.5,0.002355,,,,,,,,
356900,1181.8,0.003531,,,,,,,,
357000,1182.0,0.003782,,,,,,,,
357100,1182.3,0.002671,,,,,,,,
357200,1182.6,0.001735,,,,,,,,
357300,1182.9,0.004943,,,,,,,,
357400,1183.2,0.004863,,,,,,,,
357500,1183.5,0.002242,,,,,,,,
357600,1183.8,0.003132,,,,,,,,
357700,1184.1,0.003064,,,,,,,,
357800,1184.4,0.004891,,,,,,,,
357900,1184.7,0.002083,,,,,,,,
358000,1185.0,0.002647,,,,,,,,
358100,1185.3,0.002898,,,,,,,,
358200,1185.6,0.002170,,,,,,,,
358300,1185.8,0.002895,,,,,,,,
358400,1186.1,0.002633,,,,,,,,
358500,1186.4,0.002888,,,,,,,,
358600,1186.7,0.003688,,,,,,,,
358700,1187.0,0.001722,,,,,,,,
358800,1187.3,0.003620,,,,,,,,
358900,1187.6,0.001857,,,,,,,,
359000,1187.9,0.002824,,,,,,,,
359100,1188.1,0.002423,,,,,,,,
359200,1188.4,0.004409,,,,,,,,
359300,1188.7,0.005529,,,,,,,,
359400,1189.0,0.005223,,,,,,,,
359500,1189.3,0.004135,,,,,,,,
359600,1189.6,0.003127,,,,,,,,
359700,1189.9,0.004013,,,,,,,,
359800,1190.2,0.003385,,,,,,,,
359900,1190.5,0.005592,,,,,,,,
360000,1191.9,0.001726,0.003388,3.282004e+00,2.470937e-01,1.900164e-01,0.000000,3.282004e+00,2.325604e-01,1.793993e-01
360100,1192.1,0.004136,,,,,,,,
360200,1192.4,0.003326,,,,,,,,
360300,1192.7,0.003065,,,,,,,,
360400,1193.0,0.004262,,,,,,,,
360500,1193.3,0.002061,,,,,,,,
360600,1193.6,0.004003,,,,,,,,
360700,1193.9,0.002168,,,,,,,,
360800,1194.2,0.004527,,,,,,,,
360900,1194.5,0.002604,,,,,,,,
361000,1194.7,0.003388,,,,,,,,
361100,1195.0,0.003106,,,,,,,,
361200,1195.3,0.003191,,,,,,,,
361300,1195.6,0.008084,,,,,,,,
361400,1195.9,0.004496,,,,,,,,
361500,1196.2,0.003011,,,,,,,,
361600,1196.5,0.002730,,,,,,,,
361700,1196.8,0.002965,,,,,,,,
361800,1197.1,0.001909,,,,,,,,
361900,1197.4,0.004567,,,,,,,,
362000,1197.7,0.003286,,,,,,,,
362100,1198.0,0.004637,,,,,,,,
362200,1198.3,0.002315,,,,,,,,
362300,1198.5,0.007736,,,,,,,,
362400,1198.8,0.002113,,,,,,,,
362500,1199.1,0.001722,,,,,,,,
362600,1199.4,0.006804,,,,,,,,
362700,1199.7,0.002878,,,,,,,,
362800,1200.0,0.007193,,,,,,,,
362900,1200.3,0.002022,,,,,,,,
363000,1200.6,0.002033,,,,,,,,
363100,1200.9,0.002880,,,,,,,,
363200,1201.2,0.003956,,,,,,,,
363300,1201.5,0.003109,,,,,,,,
363400,1201.8,0.002329,,,,,,,,
363500,1202.1,0.002318,,,,,,,,
363600,1202.4,0.004312,,,,,,,,
363700,1202.7,0.001846,,,,,,,,
363800,1203.0,0.003345,,,,,,,,
363900,1203.3,0.002039,,,,,,,,
364000,1203.6,0.004410,,,,,,,,
364100,1203.9,0.004319,,,,,,,,
364200,1204.1,0.003592,,,,,,,,
364300,1204.4,0.002870,,,,,,,,
364400,1204.7,0.002609,,,,,,,,
364500,1205.0,0.003163,,,,,,,,
364600,1205.3,0.002504,,,,,,,,
364700,1205.6,0.001793,,,,,,,,
364800,1205.9,0.002496,,,,,,,,
364900,1206.2,0.001817,,,,,,,,
365000,1207.6,0.003365,0.003392,3.030016e+00,2.398075e-01,1.723287e-01,0.000000,3.030016e+00,2.253454e-01,1.619812e-01
365100,1207.8,0.003480,,,,,,,,
365200,1208.1,0.002763,,,,,,,,
365300,1208.4,0.001931,,,,,,,,
365400,1208.7,0.003661,,,,,,,,
365500,1209.0,0.002818,,,,,,,,
365600,1209.3,0.001992,,,,,,,,
365700,1209.6,0.003105,,,,,,,,
365800,1209.9,0.004075,,,,,,,,
365900,1210.2,0.004782,,,,,,,,
366000,1210.5,0.001731,,,,,,,,
366100,1210.8,0.006124,,,,,,,,
366200,1211.1,0.002459,,,,,,,,
366300,1211.4,0.002606,,,,,,,,
366400,1211.6,0.002748,,,,,,,,
366500,1211.9,0.004724,,,,,,,,
366600,1212.2,0.002501,,,,,,,,
366700,1212.5,0.002355,,,,,,,,
366800,1212.8,0.001899,,,,,,,,
366900,1213.1,0.001671,,,,,,,,
367000,1213.4,0.002080,,,,,,,,
367100,1213.7,0.002339,,,,,,,,
367200,1214.0,0.002432,,,,,,,,
367300,1214.3,0.001865,,,,,,,,
367400,1214.6,0.004237,,,,,,,,
367500,1214.9,0.002077,,,,,,,,
367600,1215.2,0.002286,,,,,,,,
367700,1215.5,0.004294,,,,,,,,
367800,1215.8,0.004954,,,,,,,,
367900,1216.1,0.004546,,,,,,,,
368000,1216.4,0.002069,,,,,,,,
368100,1216.6,0.002417,,,,,,,,
368200,1216.9,0.001954,,,,,,,,
368300,1217.2,0.001914,,,,,,,,
368400,1217.5,0.003579,,,,,,,,
368500,1217.8,0.005826,,,,,,,,
368600,1218.1,0.005047,,,,,,,,
368700,1218.4,0.002545,,,,,,,,
368800,1218.7,0.002530,,,,,,,,
368900,1219.0,0.003135,,,,,,,,
369000,1219.3,0.005144,,,,,,,,
369100,1219.6,0.002554,,,,,,,,
369200,1219.9,0.005414,,,,,,,,
369300,1220.2,0.006779,,,,,,,,
369400,1220.5,0.003400,,,,,,,,
369500,1220.8,0.005989,,,,,,,,
369600,1221.0,0.002493,,,,,,,,
369700,1221.3,0.002971,,,,,,,,
369800,1221.6,0.002991,,,,,,,,
369900,1221.9,0.002263,,,,,,,,
370000,1223.3,0.004960,0.002478,2.357029e+00,2.249743e-01,1.697852e-01,0.000000,2.329464e+00,2.111852e-01,1.592422e-01
370100,1223.6,0.002215,,,,,,,,
370200,1223.8,0.001763,,,,,,,,
370300,1224.1,0.002070,,,,,,,,
370400,1224.4,0.002266,,,,,,,,
370500,1224.7,0.003633,,,,,,,,
370600,1225.0,0.001812,,,,,,,,
370700,1225.3,0.002666,,,,,,,,
370800,1225.6,0.002425,,,,,,,,
370900,1225.9,0.002087,,,,,,,,
371000,1226.2,0.001847,,,,,,,,
371100,1226.5,0.002886,,,,,,,,
371200,1226.8,0.001826,,,,,,,,
371300,1227.1,0.003008,,,,,,,,
371400,1227.4,0.002514,,,,,,,,
371500,1227.7,0.002000,,,,,,,,
371600,1228.0,0.004674,,,,,,,,
371700,1228.3,0.002976,,,,,,,,
371800,1228.6,0.002916,,,,,,,,
371900,1228.9,0.003761,,,,,,,,
372000,1229.2,0.002089,,,,,,,,
372100,1229.5,0.002868,,,,,,,,
372200,1229.8,0.003200,,,,,,,,
372300,1230.0,0.002788,,,,,,,,
372400,1230.3,0.002566,,,,,,,,
372500,1230.6,0.001976,,,,,,,,
372600,1230.9,0.003284,,,,,,,,
372700,1231.2,0.002146,,,,,,,,
372800,1231.5,0.002589,,,,,,,,
372900,1231.8,0.003437,,,,,,,,
373000,1232.1,0.004273,,,,,,,,
373100,1232.4,0.009780,,,,,,,,
373200,1232.6,0.001879,,,,,,,,
373300,1232.9,0.002584,,,,,,,,
373400,1233.2,0.007193,,,,,,,,
373500,1233.5,0.002366,,,,,,,,
373600,1233.8,0.002382,,,,,,,,
373700,1234.1,0.003203,,,,,,,,
373800,1234.4,0.002176,,,,,,,,
373900,1234.7,0.002314,,,,,,,,
374000,1235.0,0.001868,,,,,,,,
374100,1235.3,0.004607,,,,,,,,
374200,1235.6,0.003504,,,,,,,,
374300,1235.9,0.002724,,,,,,,,
374400,1236.2,0.002702,,,,,,,,
374500,1236.4,0.001911,,,,,,,,
374600,1236.7,0.002968,,,,,,,,
374700,1237.0,0.002777,,,,,,,,
374800,1237.3,0.001753,,,,,,,,
374900,1237.6,0.002142,,,,,,,,
375000,1239.0,0.002978,0.002960,3.606770e+00,2.259004e-01,1.672656e-01,0.000000,3.591327e+00,2.116207e-01,1.575108e-01
375100,1239.2,0.004646,,,,,,,,
375200,1239.5,0.005287,,,,,,,,
375300,1239.8,0.002289,,,,,,,,
375400,1240.1,0.004292,,,,,,,,
375500,1240.4,0.001778,,,,,,,,
375600,1240.7,0.003129,,,,,,,,
375700,1241.0,0.002060,,,,,,,,
375800,1241.3,0.002276,,,,,,,,
375900,1241.5,0.004463,,,,,,,,
376000,1241.8,0.003808,,,,,,,,
376100,1242.1,0.002866,,,,,,,,
376200,1242.4,0.002147,,,,,,,,
376300,1242.7,0.007203,,,,,,,,
376400,1243.0,0.002023,,,,,,,,
376500,1243.3,0.005889,,,,,,,,
376600,1243.6,0.003908,,,,,,,,
376700,1243.9,0.002418,,,,,,,,
376800,1244.2,0.004924,,,,,,,,
376900,1244.5,0.002905,,,,,,,,
377000,1244.7,0.002932,,,,,,,,
377100,1245.0,0.006879,,,,,,,,
377200,1245.3,0.003315,,,,,,,,
377300,1245.6,0.001836,,,,,,,,
377400,1245.9,0.002835,,,,,,,,
377500,1246.2,0.001901,,,,,,,,
377600,1246.5,0.003171,,,,,,,,
377700,1246.8,0.004974,,,,,,,,
377800,1247.1,0.001900,,,,,,,,
377900,1247.4,0.003671,,,,,,,,
378000,1247.7,0.003978,,,,,,,,
378100,1248.0,0.003671,,,,,,,,
378200,1248.3,0.002540,,,,,,,,
378300,1248.6,0.003315,,,,,,,,
378400,1248.8,0.001921,,,,,,,,
378500,1249.1,0.004740,,,,,,,,
378600,1249.4,0.002342,,,,,,,,
378700,1249.7,0.002848,,,,,,,,
378800,1250.0,0.002545,,,,,,,,
378900,1250.3,0.002169,,,,,,,,
379000,1250.6,0.004209,,,,,,,,
379100,1250.9,0.003244,,,,,,,,
379200,1251.2,0.002410,,,,,,,,
379300,1251.4,0.002965,,,,,,,,
379400,1251.7,0.001609,,,,,,,,
379500,1252.0,0.004254,,,,,,,,
379600,1252.3,0.001953,,,,,,,,
379700,1252.5,0.005971,,,,,,,,
379800,1252.8,0.004479,,,,,,,,
379900,1253.1,0.004985,,,,,,,,
380000,1254.5,0.003698,0.002644,2.341022e+00,2.298775e-01,1.710019e-01,0.000000,2.341022e+00,2.162358e-01,1.603102e-01
380100,1254.8,0.002578,,,,,,,,
380200,1255.1,0.004793,,,,,,,,
380300,1255.3,0.003046,,,,,,,,
380400,1255.6,0.002268,,,,,,,,
380500,1255.9,0.001838,,,,,,,,
380600,1256.2,0.003348,,,,,,,,
380700,1256.5,0.004242,,,,,,,,
380800,1256.8,0.002191,,,,,,,,
380900,1257.1,0.003819,,,,,,,,
381000,1257.4,0.003435,,,,,,,,
381100,1257.7,0.006686,,,,,,,,
381200,1258.0,0.008700,,,,,,,,
381300,1258.3,0.003979,,,,,,,,
381400,1258.6,0.001865,,,,,,,,
381500,1258.9,0.003968,,,,,,,,
381600,1259.2,0.003729,,,,,,,,
381700,1259.4,0.003054,,,,,,,,
381800,1259.7,0.003521,,,,,,,,
381900,1260.0,0.004259,,,,,,,,
382000,1260.3,0.002001,,,,,,,,
382100,1260.6,0.002133,,,,,,,,
382200,1260.9,0.002899,,,,,,,,
382300,1261.2,0.002540,,,,,,,,
382400,1261.5,0.002281,,,,,,,,
382500,1261.8,0.001965,,,,,,,,
382600,1262.1,0.006776,,,,,,,,
382700,1262.4,0.002812,,,,,,,,
382800,1262.6,0.002609,,,,,,,,
382900,1262.9,0.002929,,,,,,,,
383000,1263.2,0.007791,,,,,,,,
383100,1263.5,0.001543,,,,,,,,
383200,1263.8,0.006477,,,,,,,,
383300,1264.1,0.004228,,,,,,,,
383400,1264.4,0.004702,,,,,,,,
383500,1264.7,0.002910,,,,,,,,
383600,1265.0,0.002330,,,,,,,,
383700,1265.3,0.002877,,,,,,,,
383800,1265.6,0.002945,,,,,,,,
383900,1265.9,0.002318,,,,,,,,
384000,1266.2,0.004905,,,,,,,,
384100,1266.5,0.003537,,,,,,,,
384200,1266.8,0.003210,,,,,,,,
384300,1267.1,0.003252,,,,,,,,
384400,1267.3,0.001773,,,,,,,,
384500,1267.6,0.003095,,,,,,,,
384600,1267.9,0.003068,,,,,,,,
384700,1268.2,0.002281,,,,,,,,
384800,1268.5,0.003807,,,,,,,,
384900,1268.8,0.002277,,,,,,,,
385000,1270.2,0.003441,0.003181,3.194113e+00,2.333598e-01,1.734488e-01,0.000000,3.194113e+00,2.192750e-01,1.631072e-01
385100,1270.5,0.003953,,,,,,,,
385200,1270.7,0.005101,,,,,,,,
385300,1271.0,0.005555,,,,,,,,
385400,1271.3,0.005286,,,,,,,,
385500,1271.6,0.002052,,,,,,,,
385600,1271.9,0.003321,,,,,,,,
385700,1272.2,0.001730,,,,,,,,
385800,1272.5,0.005779,,,,,,,,
385900,1272.8,0.002354,,,,,,,,
386000,1273.1,0.003883,,,,,,,,
386100,1273.4,0.001990,,,,,,,,
386200,1273.7,0.003090,,,,,,,,
386300,1273.9,0.001797,,,,,,,,
386400,1274.2,0.004000,,,,,,,,
386500,1274.5,0.002422,,,,,,,,
386600,1274.8,0.004105,,,,,,,,
386700,1275.1,0.007692,,,,,,,,
386800,1275.4,0.002543,,,,,,,,
386900,1275.7,0.002435,,,,,,,,
387000,1276.0,0.001817,,,,,,,,
387100,1276.3,0.003897,,,,,,,,
387200,1276.6,0.003046,,,,,,,,
387300,1276.9,0.004222,,,,,,,,
387400,1277.2,0.003428,,,,,,,,
387500,1277.5,0.008540,,,,,,,,
387600,1277.8,0.002389,,,,,,,,
387700,1278.1,0.002092,,,,,,,,
387800,1278.4,0.002247,,,,,,,,
387900,1278.7,0.005003,,,,,,,,
388000,1279.0,0.003575,,,,,,,,
388100,1279.2,0.003700,,,,,,,,
388200,1279.5,0.003625,,,,,,,,
388300,1279.8,0.005270,,,,,,,,
388400,1280.1,0.004040,,,,,,,,
388500,1280.4,0.003772,,,,,,,,
388600,1280.7,0.003003,,,,,,,,
388700,1281.0,0.003799,,,,,,,,
388800,1281.3,0.003309,,,,,,,,
388900,1281.6,0.002174,,,,,,,,
389000,1281.9,0.004656,,,,,,,,
389100,1282.2,0.002787,,,,,,,,
389200,1282.5,0.004038,,,,,,,,
389300,1282.8,0.002162,,,,,,,,
389400,1283.1,0.004473,,,,,,,,
389500,1283.3,0.002901,,,,,,,,
389600,1283.6,0.004145,,,,,,,,
389700,1283.9,0.002497,,,,,,,,
389800,1284.2,0.003654,,,,,,,,
389900,1284.5,0.005019,,,,,,,,
390000,1285.9,0.004057,0.003293,3.556121e+00,2.441049e-01,1.761912e-01,0.000000,3.556121e+00,2.294893e-01,1.648714e-01
390100,1286.2,0.001685,,,,,,,,
390200,1286.4,0.001854,,,,,,,,
390300,1286.7,0.004029,,,,,,,,
390400,1287.0,0.003720,,,,,,,,
390500,1287.3,0.002493,,,,,,,,
390600,1287.6,0.003398,,,,,,,,
390700,1287.9,0.002396,,,,,,,,
390800,1288.2,0.001773,,,,,,,,
390900,1288.5,0.003589,,,,,,,,
391000,1288.8,0.003994,,,,,,,,
391100,1289.1,0.002130,,,,,,,,
391200,1289.4,0.005373,,,,,,,,
391300,1289.7,0.003888,,,,,,,,
391400,1290.0,0.002616,,,,,,,,
391500,1290.3,0.001720,,,,,,,,
391600,1290.6,0.002841,,,,,,,,
391700,1290.8,0.002150,,,,,,,,
391800,1291.1,0.003042,,,,,,,,
391900,1291.4,0.003217,,,,,,,,
392000,1291.7,0.006121,,,,,,,,
392100,1292.0,0.003893,,,,,,,,
392200,1292.3,0.003375,,,,,,,,
392300,1292.6,0.003368,,,,,,,,
392400,1292.9,0.004544,,,,,,,,
392500,1293.2,0.003364,,,,,,,,
392600,1293.5,0.002183,,,,,,,,
392700,1293.8,0.002444,,,,,,,,
392800,1294.1,0.003367,,,,,,,,
392900,1294.4,0.002091,,,,,,,,
393000,1294.7,0.002409,,,,,,,,
393100,1295.0,0.005014,,,,,,,,
393200,1295.3,0.003443,,,,,,,,
393300,1295.5,0.005948,,,,,,,,
393400,1295.8,0.003374,,,,,,,,
393500,1296.1,0.002256,,,,,,,,
393600,1296.4,0.004299,,,,,,,,
393700,1296.7,0.003879,,,,,,,,
393800,1297.0,0.006795,,,,,,,,
393900,1297.3,0.004160,,,,,,,,
394000,1297.6,0.002688,,,,,,,,
394100,1297.9,0.003449,,,,,,,,
394200,1298.2,0.002281,,,,,,,,
394300,1298.5,0.002402,,,,,,,,
394400,1298.7,0.006532,,,,,,,,
394500,1299.0,0.002049,,,,,,,,
394600,1299.3,0.003142,,,,,,,,
394700,1299.6,0.001841,,,,,,,,
394800,1299.9,0.003722,,,,,,,,
394900,1300.2,0.003323,,,,,,,,
395000,1301.6,0.002681,0.003533,3.594790e+00,2.306563e-01,1.681117e-01,0.000000,3.589638e+00,2.161145e-01,1.566760e-01
395100,1301.8,0.005629,,,,,,,,
395200,1302.1,0.001843,,,,,,,,
395300,1302.4,0.003614,,,,,,,,
395400,1302.7,0.002397,,,,,,,,
395500,1303.0,0.002089,,,,,,,,
395600,1303.3,0.003282,,,,,,,,
395700,1303.6,0.002373,,,,,,,,
395800,1303.9,0.003461,,,,,,,,
395900,1304.2,0.002074,,,,,,,,
396000,1304.5,0.001296,,,,,,,,
396100,1304.8,0.002776,,,,,,,,
396200,1305.1,0.004283,,,,,,,,
396300,1305.4,0.002170,,,,,,,,
396400,1305.7,0.002984,,,,,,,,
396500,1305.9,0.002019,,,,,,,,
396600,1306.2,0.003980,,,,,,,,
396700,1306.5,0.003115,,,,,,,,
396800,1306.8,0.005475,,,,,,,,
396900,1307.1,0.002991,,,,,,,,
397000,1307.4,0.003550,,,,,,,,
397100,1307.7,0.001707,,,,,,,,
397200,1308.0,0.001965,,,,,,,,
397300,1308.3,0.001789,,,,,,,,
397400,1308.6,0.002313,,,,,,,,
397500,1308.9,0.002813,,,,,,,,
397600,1309.2,0.003805,,,,,,,,
397700,1309.5,0.004409,,,,,,,,
397800,1309.8,0.005336,,,,,,,,
397900,1310.0,0.003687,,,,,,,,
398000,1310.3,0.003380,,,,,,,,
398100,1310.6,0.001892,,,,,,,,
398200,1310.9,0.002558,,,,,,,,
398300,1311.2,0.002406,,,,,,,,
398400,1311.5,0.002589,,,,,,,,
398500,1311.8,0.003134,,,,,,,,
398600,1312.1,0.002178,,,,,,,,
398700,1312.4,0.002366,,,,,,,,
398800,1312.7,0.003980,,,,,,,,
398900,1312.9,0.002379,,,,,,,,
399000,1313.2,0.002530,,,,,,,,
399100,1313.5,0.004983,,,,,,,,
399200,1313.8,0.002574,,,,,,,,
399300,1314.1,0.001756,,,,,,,,
399400,1314.4,0.002082,,,,,,,,
399500,1314.7,0.003595,,,,,,,,
399600,1315.0,0.003075,,,,,,,,
399700,1315.3,0.005459,,,,,,,,
399800,1315.5,0.001847,,,,,,,,
399900,1315.8,0.004360,,,,,,,,
400000,1317.2,0.002732,0.004556,3.635845e+00,2.635754e-01,1.828596e-01,0.000000,3.635845e+00,2.510426e-01,1.728142e-01
400100,1317.4,0.002778,,,,,,,,
400200,1317.7,0.002818,,,,,,,,
400300,1317.9,0.002401,,,,,,,,
400400,1318.2,0.002286,,,,,,,,
400500,1318.5,0.004041,,,,,,,,
400600,1318.8,0.003429,,,,,,,,
400700,1319.1,0.005088,,,,,,,,
400800,1319.4,0.002767,,,,,,,,
400900,1319.7,0.001822,,,,,,,,
401000,1320.0,0.002066,,,,,,,,
401100,1320.3,0.003070,,,,,,,,
401200,1320.6,0.003561,,,,,,,,
401300,1320.9,0.004135,,,,,,,,
401400,1321.1,0.001825,,,,,,,,
401500,1321.4,0.003420,,,,,,,,
401600,1321.7,0.002649,,,,,,,,
401700,1322.0,0.002403,,,,,,,,
401800,1322.3,0.002028,,,,,,,,
401900,1322.6,0.005846,,,,,,,,
402000,1322.9,0.004843,,,,,,,,
402100,1323.2,0.003458,,,,,,,,
402200,1323.4,0.002458,,,,,,,,
402300,1323.7,0.002971,,,,,,,,
402400,1324.0,0.002334,,,,,,,,
402500,1324.3,0.004093,,,,,,,,
402600,1324.6,0.003869,,,,,,,,
402700,1324.9,0.002219,,,,,,,,
402800,1325.2,0.002600,,,,,,,,
402900,1325.5,0.005683,,,,,,,,
403000,1325.8,0.004102,,,,,,,,
403100,1326.1,0.001710,,,,,,,,
403200,1326.4,0.004712,,,,,,,,
403300,1326.7,0.002615,,,,,,,,
403400,1327.0,0.003316,,,,,,,,
403500,1327.3,0.002610,,,,,,,,
403600,1327.6,0.002153,,,,,,,,
403700,1327.8,0.002009,,,,,,,,
403800,1328.1,0.003381,,,,,,,,
403900,1328.4,0.005646,,,,,,,,
404000,1328.7,0.003428,,,,,,,,
404100,1329.0,0.005597,,,,,,,,
404200,1329.3,0.013033,,,,,,,,
404300,1329.6,0.002156,,,,,,,,
404400,1329.9,0.002340,,,,,,,,
404500,1330.1,0.005872,,,,,,,,
404600,1330.5,0.003022,,,,,,,,
404700,1330.7,0.006047,,,,,,,,
404800,1331.0,0.002190,,,,,,,,
404900,1331.3,0.002256,,,,,,,,
405000,1332.7,0.002061,0.002697,2.926649e+00,2.271863e-01,1.701022e-01,0.000000,2.899334e+00,2.125548e-01,1.589760e-01
405100,1333.0,0.002595,,,,,,,,
405200,1333.2,0.002903,,,,,,,,
405300,1333.5,0.002045,,,,,,,,
405400,1333.8,0.002437,,,,,,,,
405500,1334.1,0.001716,,,,,,,,
405600,1334.4,0.003546,,,,,,,,
405700,1334.7,0.001601,,,,,,,,
405800,1335.0,0.002822,,,,,,,,
405900,1335.3,0.003622,,,,,,,,
406000,1335.6,0.001894,,,,,,,,
406100,1335.9,0.002104,,,,,,,,
406200,1336.2,0.003097,,,,,,,,
406300,1336.5,0.002504,,,,,,,,
406400,1336.8,0.005423,,,,,,,,
406500,1337.1,0.003427,,,,,,,,
406600,1337.4,0.002285,,,,,,,,
406700,1337.7,0.005227,,,,,,,,
406800,1338.0,0.003753,,,,,,,,
406900,1338.2,0.002690,,,,,,,,
407000,1338.5,0.002831,,,,,,,,
407100,1338.8,0.006164,,,,,,,,
407200,1339.1,0.002212,,,,,,,,
407300,1339.4,0.003234,,,,,,,,
407400,1339.7,0.002592,,,,,,,,
407500,1340.0,0.003478,,,,,,,,
407600,1340.3,0.007086,,,,,,,,
407700,1340.6,0.002320,,,,,,,,
407800,1340.9,0.001819,,,,,,,,
407900,1341.2,0.002343,,,,,,,,
408000,1341.5,0.003190,,,,,,,,
408100,1341.8,0.002164,,,,,,,,
408200,1342.1,0.001914,,,,,,,,
408300,1342.3,0.003466,,,,,,,,
408400,1342.6,0.002385,,,,,,,,
408500,1342.9,0.001919,,,,,,,,
408600,1343.2,0.002902,,,,,,,,
408700,1343.5,0.004440,,,,,,,,
408800,1343.8,0.002134,,,,,,,,
408900,1344.1,0.002019,,,,,,,,
409000,1344.4,0.003670,,,,,,,,
409100,1344.6,0.005985,,,,,,,,
409200,1344.9,0.002774,,,,,,,,
409300,1345.2,0.002401,,,,,,,,
409400,1345.5,0.002743,,,,,,,,
409500,1345.8,0.003210,,,,,,,,
409600,1346.1,0.002461,,,,,,,,
409700,1346.4,0.003749,,,,,,,,
409800,1346.7,0.002065,,,,,,,,
409900,1347.0,0.002519,,,,,,,,
410000,1348.4,0.002741,0.005474,5.667450e+00,2.522879e-01,1.797871e-01,0.000000,5.654700e+00,2.363416e-01,1.656474e-01
410100,1348.7,0.004994,,,,,,,,
410200,1349.0,0.002000,,,,,,,,
410300,1349.2,0.001750,,,,,,,,
410400,1349.5,0.001956,,,,,,,,
410500,1349.8,0.002516,,,,,,,,
410600,1350.1,0.002115,,,,,,,,
410700,1350.4,0.002076,,,,,,,,
410800,1350.7,0.003233,,,,,,,,
410900,1351.0,0.003514,,,,,,,,
411000,1351.3,0.002028,,,,,,,,
411100,1351.5,0.002474,,,,,,,,
411200,1351.8,0.002683,,,,,,,,
411300,1352.1,0.002264,,,,,,,,
411400,1352.4,0.001615,,,,,,,,
411500,1352.7,0.006236,,,,,,,,
411600,1353.0,0.002165,,,,,,,,
411700,1353.3,0.001824,,,,,,,,
411800,1353.6,0.002376,,,,,,,,
411900,1353.9,0.003515,,,,,,,,
412000,1354.2,0.002812,,,,,,,,
412100,1354.5,0.002204,,,,,,,,
412200,1354.8,0.003975,,,,,,,,
412300,1355.1,0.002641,,,,,,,,
412400,1355.4,0.003585,,,,,,,,
412500,1355.6,0.002866,,,,,,,,
412600,1355.9,0.002129,,,,,,,,
412700,1356.2,0.004178,,,,,,,,
412800,1356.5,0.001730,,,,,,,,
412900,1356.8,0.004788,,,,,,,,
413000,1357.1,0.002038,,,,,,,,
413100,1357.4,0.003775,,,,,,,,
413200,1357.7,0.004004,,,,,,,,
413300,1358.0,0.001962,,,,,,,,
413400,1358.3,0.001971,,,,,,,,
413500,1358.6,0.003980,,,,,,,,
413600,1358.9,0.003381,,,,,,,,
413700,1359.2,0.001780,,,,,,,,
413800,1359.4,0.004687,,,,,,,,
413900,1359.7,0.002767,,,,,,,,
414000,1360.0,0.002548,,,,,,,,
414100,1360.3,0.002156,,,,,,,,
414200,1360.6,0.002398,,,,,,,,
414300,1360.9,0.002110,,,,,,,,
414400,1361.2,0.002593,,,,,,,,
414500,1361.5,0.001920,,,,,,,,
414600,1361.8,0.005734,,,,,,,,
414700,1362.1,0.003121,,,,,,,,
414800,1362.4,0.001827,,,,,,,,
414900,1362.7,0.002305,,,,,,,,
415000,1364.1,0.003165,0.003420,3.729075e+00,2.372090e-01,1.712838e-01,0.000000,3.729075e+00,2.232534e-01,1.601042e-01
415100,1364.3,0.003735,,,,,,,,
415200,1364.5,0.002412,,,,,,,,
415300,1364.8,0.002210,,,,,,,,
415400,1365.1,0.003168,,,,,,,,
415500,1365.4,0.002761,,,,,,,,
415600,1365.7,0.001930,,,,,,,,
415700,1366.0,0.002507,,,,,,,,
415800,1366.3,0.002226,,,,,,,,
415900,1366.6,0.002470,,,,,,,,
416000,1366.9,0.003091,,,,,,,,
416100,1367.2,0.004485,,,,,,,,
416200,1367.5,0.002322,,,,,,,,
416300,1367.8,0.001691,,,,,,,,
416400,1368.0,0.002468,,,,,,,,
416500,1368.3,0.003955,,,,,,,,
416600,1368.6,0.002699,,,,,,,,
416700,1368.9,0.001925,,,,,,,,
416800,1369.2,0.001698,,,,,,,,
416900,1369.5,0.002579,,,,,,,,
417000,1369.8,0.002983,,,,,,,,
417100,1370.1,0.001738,,,,,,,,
417200,1370.4,0.002684,,,,,,,,
417300,1370.7,0.003927,,,,,,,,
417400,1371.0,0.002063,,,,,,,,
417500,1371.3,0.002176,,,,,,,,
417600,1371.6,0.002938,,,,,,,,
417700,1371.9,0.005624,,,,,,,,
417800,1372.2,0.002396,,,,,,,,
417900,1372.4,0.004070,,,,,,,,
418000,1372.7,0.003096,,,,,,,,
418100,1373.0,0.003329,,,,,,,,
418200,1373.3,0.007472,,,,,,,,
418300,1373.6,0.002641,,,,,,,,
418400,1373.9,0.002330,,,,,,,,
418500,1374.2,0.001941,,,,,,,,
418600,1374.5,0.004020,,,,,,,,
418700,1374.8,0.002505,,,,,,,,
418800,1375.1,0.003106,,,,,,,,
418900,1375.4,0.002102,,,,,,,,
419000,1375.7,0.001843,,,,,,,,
419100,1376.0,0.004689,,,,,,,,
419200,1376.3,0.002562,,,,,,,,
419300,1376.6,0.004120,,,,,,,,
419400,1376.9,0.002166,,,,,,,,
419500,1377.2,0.002822,,,,,,,,
419600,1377.5,0.003601,,,,,,,,
419700,1377.8,0.005527,,,,,,,,
419800,1378.0,0.002304,,,,,,,,
419900,1378.3,0.002766,,,,,,,,
420000,1379.7,0.004425,0.002753,2.360454e+00,2.270496e-01,1.698430e-01,0.000000,2.360454e+00,2.110199e-01,1.569220e-01
420100,1379.9,0.004514,,,,,,,,
420200,1380.2,0.001802,,,,,,,,
420300,1380.5,0.003633,,,,,,,,
420400,1380.8,0.003072,,,,,,,,
420500,1381.1,0.006906,,,,,,,,
420600,1381.3,0.002188,,,,,,,,
420700,1381.6,0.002377,,,,,,,,
420800,1381.9,0.002825,,,,,,,,
420900,1382.2,0.003281,,,,,,,,
421000,1382.5,0.001811,,,,,,,,
421100,1382.8,0.002246,,,,,,,,
421200,1383.1,0.003871,,,,,,,,
421300,1383.4,0.002745,,,,,,,,
421400,1383.7,0.002291,,,,,,,,
421500,1384.0,0.001980,,,,,,,,
421600,1384.3,0.004149,,,,,,,,
421700,1384.6,0.001981,,,,,,,,
421800,1384.8,0.005189,,,,,,,,
421900,1385.1,0.002165,,,,,,,,
422000,1385.4,0.001777,,,,,,,,
422100,1385.7,0.004273,,,,,,,,
422200,1386.0,0.005246,,,,,,,,
422300,1386.3,0.004580,,,,,,,,
422400,1386.6,0.003471,,,,,,,,
422500,1386.9,0.004957,,,,,,,,
422600,1387.2,0.002045,,,,,,,,
422700,1387.5,0.002560,,,,,,,,
422800,1387.8,0.004162,,,,,,,,
422900,1388.1,0.007670,,,,,,,,
423000,1388.4,0.002048,,,,,,,,
423100,1388.7,0.002373,,,,,,,,
423200,1389.0,0.002384,,,,,,,,
423300,1389.3,0.001769,,,,,,,,
423400,1389.5,0.003569,,,,,,,,
423500,1389.8,0.002500,,,,,,,,
423600,1390.1,0.005892,,,,,,,,
423700,1390.4,0.001724,,,,,,,,
423800,1390.7,0.003539,,,,,,,,
423900,1391.0,0.003101,,,,,,,,
424000,1391.3,0.002071,,,,,,,,
424100,1391.6,0.002826,,,,,,,,
424200,1391.9,0.002782,,,,,,,,
424300,1392.2,0.004209,,,,,,,,
424400,1392.5,0.002249,,,,,,,,
424500,1392.8,0.002115,,,,,,,,
424600,1393.1,0.001635,,,,,,,,
424700,1393.4,0.001874,,,,,,,,
424800,1393.7,0.003619,,,,,,,,
424900,1394.0,0.002733,,,,,,,,
425000,1395.4,0.003523,0.003543,3.267331e+00,2.322793e-01,1.662782e-01,0.000000,3.267331e+00,2.182413e-01,1.561455e-01
425100,1395.6,0.001682,,,,,,,,
425200,1395.9,0.004394,,,,,,,,
425300,1396.2,0.002216,,,,,,,,
425400,1396.5,0.003922,,,,,,,,
425500,1396.8,0.002736,,,,,,,,
425600,1397.1,0.002030,,,,,,,,
425700,1397.4,0.002862,,,,,,,,
425800,1397.7,0.003157,,,,,,,,
425900,1398.0,0.002701,,,,,,,,
426000,1398.3,0.003848,,,,,,,,
426100,1398.5,0.002128,,,,,,,,
426200,1398.8,0.002309,,,,,,,,
426300,1399.1,0.002366,,,,,,,,
426400,1399.4,0.001920,,,,,,,,
426500,1399.7,0.002137,,,,,,,,
426600,1400.0,0.002691,,,,,,,,
426700,1400.3,0.002714,,,,,,,,
426800,1400.6,0.001956,,,,,,,,
426900,1400.9,0.003260,,,,,,,,
427000,1401.2,0.001811,,,,,,,,
427100,1401.5,0.003427,,,,,,,,
427200,1401.8,0.002054,,,,,,,,
427300,1402.1,0.003234,,,,,,,,
427400,1402.4,0.004175,,,,,,,,
427500,1402.7,0.002268,,,,,,,,
427600,1403.0,0.002088,,,,,,,,
427700,1403.3,0.002687,,,,,,,,
427800,1403.6,0.002200,,,,,,,,
427900,1403.9,0.003207,,,,,,,,
428000,1404.2,0.004842,,,,,,,,
428100,1404.5,0.002503,,,,,,,,
428200,1404.7,0.006544,,,,,,,,
428300,1405.0,0.002022,,,,,,,,
428400,1405.3,0.002245,,,,,,,,
428500,1405.6,0.002856,,,,,,,,
428600,1405.9,0.005039,,,,,,,,
428700,1406.2,0.002143,,,,,,,,
428800,1406.5,0.003527,,,,,,,,
428900,1406.8,0.003381,,,,,,,,
429000,1407.1,0.004602,,,,,,,,
429100,1407.4,0.002977,,,,,,,,
429200,1407.7,0.003827,,,,,,,,
429300,1408.0,0.003541,,,,,,,,
429400,1408.3,0.002503,,,,,,,,
429500,1408.6,0.003438,,,,,,,,
429600,1408.9,0.001712,,,,,,,,
429700,1409.2,0.003123,,,,,,,,
429800,1409.5,0.002945,,,,,,,,
429900,1409.8,0.004105,,,,,,,,
430000,1411.2,0.002479,0.003298,4.514542e+00,2.260583e-01,1.690354e-01,0.000000,4.499669e+00,2.104731e-01,1.571122e-01
430100,1411.4,0.002343,,,,,,,,
430200,1411.7,0.001779,,,,,,,,
430300,1412.0,0.002566,,,,,,,,
430400,1412.3,0.005089,,,,,,,,
430500,1412.6,0.002270,,,,,,,,
430600,1412.9,0.003554,,,,,,,,
430700,1413.2,0.005875,,,,,,,,
430800,1413.5,0.001727,,,,,,,,
430900,1413.7,0.002387,,,,,,,,
431000,1414.0,0.002495,,,,,,,,
431100,1414.3,0.001841,,,,,,,,
431200,1414.6,0.002337,,,,,,,,
431300,1414.9,0.002047,,,,,,,,
431400,1415.2,0.002128,,,,,,,,
431500,1415.5,0.001542,,,,,,,,
431600,1415.8,0.006410,,,,,,,,
431700,1416.1,0.002196,,,,,,,,
431800,1416.3,0.003206,,,,,,,,
431900,1416.6,0.004454,,,,,,,,
432000,1416.9,0.005598,,,,,,,,
432100,1417.2,0.002570,,,,,,,,
432200,1417.5,0.002512,,,,,,,,
432300,1417.8,0.002487,,,,,,,,
432400,1418.1,0.001999,,,,,,,,
432500,1418.4,0.004624,,,,,,,,
432600,1418.7,0.002251,,,,,,,,
432700,1419.0,0.002472,,,,,,,,
432800,1419.3,0.004620,,,,,,,,
432900,1419.6,0.001804,,,,,,,,
433000,1419.9,0.002382,,,,,,,,
433100,1420.2,0.001651,,,,,,,,
433200,1420.5,0.003006,,,,,,,,
433300,1420.8,0.002816,,,,,,,,
433400,1421.1,0.002835,,,,,,,,
433500,1421.4,0.004641,,,,,,,,
433600,1421.6,0.003590,,,,,,,,
433700,1421.9,0.003495,,,,,,,,
433800,1422.2,0.003839,,,,,,,,
433900,1422.5,0.001907,,,,,,,,
434000,1422.8,0.005612,,,,,,,,
434100,1423.1,0.002663,,,,,,,,
434200,1423.4,0.001889,,,,,,,,
434300,1423.7,0.002266,,,,,,,,
434400,1424.0,0.003970,,,,,,,,
434500,1424.3,0.002469,,,,,,,,
434600,1424.6,0.002403,,,,,,,,
434700,1424.9,0.001839,,,,,,,,
434800,1425.2,0.004619,,,,,,,,
434900,1425.5,0.003515,,,,,,,,
435000,1426.9,0.006533,0.003431,4.781116e+00,2.308448e-01,1.715848e-01,0.000000,4.781116e+00,2.172654e-01,1.618530e-01
435100,1427.1,0.002948,,,,,,,,
435200,1427.4,0.003286,,,,,,,,
435300,1427.7,0.002509,,,,,,,,
435400,1428.0,0.002390,,,,,,,,
435500,1428.2,0.003934,,,,,,,,
435600,1428.5,0.002118,,,,,,,,
435700,1428.8,0.005028,,,,,,,,
435800,1429.1,0.005216,,,,,,,,
435900,1429.4,0.002062,,,,,,,,
436000,1429.7,0.001815,,,,,,,,
436100,1430.0,0.003415,,,,,,,,
436200,1430.3,0.001812,,,,,,,,
436300,1430.6,0.004877,,,,,,,,
436400,1430.9,0.002851,,,,,,,,
436500,1431.2,0.002007,,,,,,,,
436600,1431.5,0.003009,,,,,,,,
436700,1431.8,0.002492,,,,,,,,
436800,1432.1,0.002639,,,,,,,,
436900,1432.4,0.002165,,,,,,,,
437000,1432.7,0.002697,,,,,,,,
437100,1433.0,0.002281,,,,,,,,
437200,1433.3,0.005176,,,,,,,,
437300,1433.5,0.001954,,,,,,,,
437400,1433.8,0.003302,,,,,,,,
437500,1434.1,0.002234,,,,,,,,
437600,1434.4,0.001791,,,,,,,,
437700,1434.7,0.001691,,,,,,,,
437800,1435.0,0.001791,,,,,,,,
437900,1435.3,0.002180,,,,,,,,
438000,1435.6,0.002931,,,,,,,,
438100,1435.9,0.002148,,,,,,,,
438200,1436.1,0.002432,,,,,,,,
438300,1436.4,0.001785,,,,,,,,
438400,1436.7,0.001933,,,,,,,,
438500,1437.0,0.002915,,,,,,,,
438600,1437.3,0.003582,,,,,,,,
438700,1437.6,0.001976,,,,,,,,
438800,1437.9,0.001987,,,,,,,,
438900,1438.2,0.001859,,,,,,,,
439000,1438.5,0.002503,,,,,,,,
439100,1438.8,0.002321,,,,,,,,
439200,1439.1,0.001983,,,,,,,,
439300,1439.4,0.002833,,,,,,,,
439400,1439.7,0.005753,,,,,,,,
439500,1439.9,0.001609,,,,,,,,
439600,1440.2,0.001725,,,,,,,,
439700,1440.5,0.007442,,,,,,,,
439800,1440.8,0.002320,,,,,,,,
439900,1441.1,0.001947,,,,,,,,
440000,1442.5,0.002154,0.002508,2.022663e+00,2.246427e-01,1.675566e-01,0.000000,2.022663e+00,2.098404e-01,1.564151e-01
440100,1442.8,0.002182,,,,,,,,
440200,1443.1,0.002822,,,,,,,,
440300,1443.4,0.001711,,,,,,,,
440400,1443.7,0.002831,,,,,,,,
440500,1443.9,0.002089,,,,,,,,
440600,1444.2,0.005335,,,,,,,,
440700,1444.5,0.003112,,,,,,,,
440800,1444.8,0.001951,,,,,,,,
440900,1445.1,0.004877,,,,,,,,
441000,1445.4,0.001525,,,,,,,,
441100,1445.7,0.002419,,,,,,,,
441200,1446.0,0.002773,,,,,,,,
441300,1446.3,0.002649,,,,,,,,
441400,1446.5,0.005032,,,,,,,,
441500,1446.8,0.002094,,,,,,,,
441600,1447.1,0.007992,,,,,,,,
441700,1447.4,0.002592,,,,,,,,
441800,1447.7,0.002366,,,,,,,,
441900,1448.0,0.003234,,,,,,,,
442000,1448.3,0.009470,,,,,,,,
442100,1448.5,0.002761,,,,,,,,
442200,1448.8,0.006227,,,,,,,,
442300,1449.1,0.001893,,,,,,,,
442400,1449.4,0.004813,,,,,,,,
442500,1449.7,0.001860,,,,,,,,
442600,1449.9,0.003215,,,,,,,,
442700,1450.2,0.001809,,,,,,,,
442800,1450.5,0.003062,,,,,,,,
442900,1450.8,0.002816,,,,,,,,
443000,1451.1,0.002376,,,,,,,,
443100,1451.4,0.001922,,,,,,,,
443200,1451.7,0.004209,,,,,,,,
443300,1452.0,0.002175,,,,,,,,
443400,1452.2,0.006337,,,,,,,,
443500,1452.5,0.001818,,,,,,,,
443600,1452.8,0.003986,,,,,,,,
443700,1453.1,0.002107,,,,,,,,
443800,1453.4,0.002044,,,,,,,,
443900,1453.7,0.001647,,,,,,,,
444000,1453.9,0.002232,,,,,,,,
444100,1454.2,0.001834,,,,,,,,
444200,1454.5,0.002816,,,,,,,,
444300,1454.8,0.004284,,,,,,,,
444400,1455.1,0.002974,,,,,,,,
444500,1455.4,0.002051,,,,,,,,
444600,1455.6,0.002784,,,,,,,,
444700,1455.9,0.003155,,,,,,,,
444800,1456.2,0.002634,,,,,,,,
444900,1456.5,0.002940,,,,,,,,
445000,1457.9,0.001776,0.003509,4.007697e+00,2.354787e-01,1.746307e-01,0.000000,3.999770e+00,2.203748e-01,1.634997e-01
445100,1458.1,0.002698,,,,,,,,
445200,1458.4,0.003745,,,,,,,,
445300,1458.7,0.002559,,,,,,,,
445400,1459.0,0.002446,,,,,,,,
445500,1459.3,0.001952,,,,,,,,
445600,1459.6,0.004614,,,,,,,,
445700,1459.9,0.002487,,,,,,,,
445800,1460.2,0.001869,,,,,,,,
445900,1460.5,0.002257,,,,,,,,
446000,1460.8,0.002106,,,,,,,,
446100,1461.1,0.001958,,,,,,,,
446200,1461.4,0.001561,,,,,,,,
446300,1461.7,0.002369,,,,,,,,
446400,1461.9,0.002123,,,,,,,,
446500,1462.2,0.002160,,,,,,,,
446600,1462.5,0.002342,,,,,,,,
446700,1462.8,0.002573,,,,,,,,
446800,1463.1,0.002236,,,,,,,,
446900,1463.4,0.005020,,,,,,,,
447000,1463.7,0.006014,,,,,,,,
447100,1464.0,0.002034,,,,,,,,
447200,1464.3,0.001693,,,,,,,,
447300,1464.6,0.002792,,,,,,,,
447400,1464.9,0.002986,,,,,,,,
447500,1465.2,0.003015,,,,,,,,
447600,1465.5,0.001806,,,,,,,,
447700,1465.8,0.001491,,,,,,,,
447800,1466.0,0.002204,,,,,,,,
447900,1466.3,0.003259,,,,,,,,
448000,1466.6,0.002113,,,,,,,,
448100,1466.9,0.003596,,,,,,,,
448200,1467.2,0.001915,,,,,,,,
448300,1467.5,0.004302,,,,,,,,
448400,1467.8,0.002068,,,,,,,,
448500,1468.1,0.004107,,,,,,,,
448600,1468.4,0.005480,,,,,,,,
448700,1468.7,0.002390,,,,,,,,
448800,1469.0,0.002041,,,,,,,,
448900,1469.3,0.001946,,,,,,,,
449000,1469.6,0.002309,,,,,,,,
449100,1469.9,0.001620,,,,,,,,
449200,1470.2,0.001864,,,,,,,,
449300,1470.5,0.003189,,,,,,,,
449400,1470.8,0.004006,,,,,,,,
449500,1471.0,0.004014,,,,,,,,
449600,1471.3,0.005851,,,,,,,,
449700,1471.6,0.002193,,,,,,,,
449800,1471.9,0.005049,,,,,,,,
449900,1472.2,0.002205,,,,,,,,
450000,1473.6,0.005160,0.002256,2.439879e+00,2.172119e-01,1.686581e-01,0.000000,2.435591e+00,2.014186e-01,1.567204e-01
450100,1473.9,0.001912,,,,,,,,
450200,1474.1,0.005801,,,,,,,,
450300,1474.4,0.001752,,,,,,,,
450400,1474.7,0.002594,,,,,,,,
450500,1475.0,0.003349,,,,,,,,
450600,1475.3,0.002480,,,,,,,,
450700,1475.6,0.003786,,,,,,,,
450800,1475.9,0.002203,,,,,,,,
450900,1476.2,0.002540,,,,,,,,
451000,1476.5,0.003767,,,,,,,,
451100,1476.8,0.001585,,,,,,,,
451200,1477.1,0.003435,,,,,,,,
451300,1477.4,0.002533,,,,,,,,
451400,1477.7,0.001912,,,,,,,,
451500,1477.9,0.002167,,,,,,,,
451600,1478.1,0.002407,,,,,,,,
451700,1478.4,0.001592,,,,,,,,
451800,1478.9,0.002400,,,,,,,,
451900,1479.2,0.003302,,,,,,,,
452000,1479.6,0.001834,,,,,,,,
452100,1480.0,0.001819,,,,,,,,
452200,1480.3,0.002096,,,,,,,,
452300,1480.6,0.002870,,,,,,,,
452400,1481.0,0.008373,,,,,,,,
452500,1481.3,0.002003,,,,,,,,
452600,1481.6,0.001819,,,,,,,,
452700,1482.0,0.002429,,,,,,,,
452800,1482.3,0.001834,,,,,,,,
452900,1482.7,0.004399,,,,,,,,
453000,1483.0,0.001806,,,,,,,,
453100,1483.3,0.002994,,,,,,,,
453200,1483.7,0.004451,,,,,,,,
453300,1484.0,0.007349,,,,,,,,
453400,1484.4,0.002495,,,,,,,,
453500,1484.8,0.001839,,,,,,,,
453600,1485.1,0.002994,,,,,,,,
453700,1485.5,0.002083,,,,,,,,
453800,1485.8,0.002375,,,,,,,,
453900,1486.2,0.002294,,,,,,,,
454000,1486.6,0.001684,,,,,,,,
454100,1487.0,0.003427,,,,,,,,
454200,1487.3,0.005051,,,,,,,,
454300,1487.7,0.001848,,,,,,,,
454400,1488.1,0.002611,,,,,,,,
454500,1488.4,0.001711,,,,,,,,
454600,1488.8,0.002251,,,,,,,,
454700,1489.2,0.001961,,,,,,,,
454800,1489.5,0.004187,,,,,,,,
454900,1489.9,0.002587,,,,,,,,
455000,1491.5,0.002740,0.002588,2.899147e+00,2.192671e-01,1.661086e-01,0.000000,2.895783e+00,2.053806e-01,1.552033e-01
455100,1491.9,0.002413,,,,,,,,
455200,1492.2,0.003227,,,,,,,,
455300,1492.5,0.002109,,,,,,,,
455400,1492.8,0.002423,,,,,,,,
455500,1493.1,0.005202,,,,,,,,
455600,1493.5,0.003293,,,,,,,,
455700,1493.9,0.002094,,,,,,,,
455800,1494.2,0.002396,,,,,,,,
455900,1494.5,0.002767,,,,,,,,
456000,1494.9,0.003675,,,,,,,,
456100,1495.3,0.002004,,,,,,,,
456200,1495.7,0.001999,,,,,,,,
456300,1496.0,0.002994,,,,,,,,
456400,1496.4,0.006320,,,,,,,,
456500,1496.8,0.002123,,,,,,,,
456600,1497.1,0.004017,,,,,,,,
456700,1497.5,0.003350,,,,,,,,
456800,1497.8,0.001824,,,,,,,,
456900,1498.2,0.002694,,,,,,,,
457000,1498.6,0.001484,,,,,,,,
457100,1498.9,0.001678,,,,,,,,
457200,1499.3,0.003038,,,,,,,,
457300,1499.7,0.003356,,,,,,,,
457400,1500.1,0.002015,,,,,,,,
457500,1500.4,0.005708,,,,,,,,
457600,1500.7,0.003664,,,,,,,,
457700,1501.0,0.002050,,,,,,,,
457800,1501.4,0.003370,,,,,,,,
457900,1501.7,0.003652,,,,,,,,
458000,1502.1,0.001842,,,,,,,,
458100,1502.5,0.003321,,,,,,,,
458200,1502.8,0.005681,,,,,,,,
458300,1503.2,0.004266,,,,,,,,
458400,1503.6,0.004735,,,,,,,,
458500,1503.9,0.003030,,,,,,,,
458600,1504.2,0.001755,,,,,,,,
458700,1504.6,0.002432,,,,,,,,
458800,1504.9,0.004568,,,,,,,,
458900,1505.3,0.002824,,,,,,,,
459000,1505.6,0.001876,,,,,,,,
459100,1506.0,0.002173,,,,,,,,
459200,1506.4,0.002429,,,,,,,,
459300,1506.7,0.003542,,,,,,,,
459400,1507.1,0.002003,,,,,,,,
459500,1507.5,0.002188,,,,,,,,
459600,1507.8,0.002533,,,,,,,,
459700,1508.1,0.002350,,,,,,,,
459800,1508.5,0.002966,,,,,,,,
459900,1508.8,0.001975,,,,,,,,
460000,1510.5,0.002824,0.002897,2.816354e+00,2.259716e-01,1.671101e-01,0.000000,2.816354e+00,2.121716e-01,1.568233e-01
460100,1510.7,0.004436,,,,,,,,
460200,1511.0,0.008767,,,,,,,,
460300,1511.3,0.002356,,,,,,,,
460400,1511.7,0.004060,,,,,,,,
460500,1512.0,0.002824,,,,,,,,
460600,1512.4,0.002638,,,,,,,,
460700,1512.7,0.003809,,,,,,,,
460800,1513.0,0.004733,,,,,,,,
460900,1513.3,0.001639,,,,,,,,
461000,1513.6,0.003011,,,,,,,,
461100,1513.9,0.002373,,,,,,,,
461200,1514.2,0.005268,,,,,,,,
461300,1514.5,0.002632,,,,,,,,
461400,1514.8,0.003219,,,,,,,,
461500,1515.1,0.002495,,,,,,,,
461600,1515.4,0.002191,,,,,,,,
461700,1515.7,0.004764,,,,,,,,
461800,1516.0,0.002484,,,,,,,,
461900,1516.3,0.001828,,,,,,,,
462000,1516.6,0.001955,,,,,,,,
462100,1516.9,0.002406,,,,,,,,
462200,1517.2,0.004072,,,,,,,,
462300,1517.5,0.002323,,,,,,,,
462400,1517.8,0.002297,,,,,,,,
462500,1518.1,0.002222,,,,,,,,
462600,1518.4,0.001771,,,,,,,,
462700,1518.7,0.004940,,,,,,,,
462800,1519.0,0.002044,,,,,,,,
462900,1519.4,0.001743,,,,,,,,
463000,1519.7,0.002531,,,,,,,,
463100,1519.9,0.005189,,,,,,,,
463200,1520.2,0.001665,,,,,,,,
463300,1520.5,0.002444,,,,,,,,
463400,1520.9,0.002299,,,,,,,,
463500,1521.1,0.002598,,,,,,,,
463600,1521.5,0.002231,,,,,,,,
463700,1521.8,0.001793,,,,,,,,
463800,1522.0,0.002558,,,,,,,,
463900,1522.3,0.004226,,,,,,,,
464000,1522.6,0.003320,,,,,,,,
464100,1522.9,0.002349,,,,,,,,
464200,1523.2,0.004268,,,,,,,,
464300,1523.5,0.002032,,,,,,,,
464400,1523.9,0.002671,,,,,,,,
464500,1524.2,0.001909,,,,,,,,
464600,1524.5,0.001790,,,,,,,,
464700,1524.8,0.003454,,,,,,,,
464800,1525.1,0.003264,,,,,,,,
464900,1525.4,0.004991,,,,,,,,
465000,1526.9,0.002109,0.002696,3.312524e+00,2.207239e-01,1.614342e-01,0.000000,3.311504e+00,2.073758e-01,1.509773e-01
465100,1527.1,0.002902,,,,,,,,
465200,1527.4,0.002440,,,,,,,,
465300,1527.7,0.002240,,,,,,,,
465400,1527.9,0.003021,,,,,,,,
465500,1528.2,0.003547,,,,,,,,
465600,1528.5,0.002180,,,,,,,,
465700,1528.8,0.005934,,,,,,,,
465800,1529.1,0.002049,,,,,,,,
465900,1529.4,0.002148,,,,,,,,
466000,1529.7,0.002823,,,,,,,,
466100,1530.0,0.003327,,,,,,,,
466200,1530.3,0.003155,,,,,,,,
466300,1530.6,0.003033,,,,,,,,
466400,1530.9,0.001932,,,,,,,,
466500,1531.4,0.003161,,,,,,,,
466600,1531.7,0.003861,,,,,,,,
466700,1532.0,0.003136,,,,,,,,
466800,1532.3,0.005556,,,,,,,,
466900,1532.6,0.003548,,,,,,,,
467000,1532.8,0.004134,,,,,,,,
467100,1533.2,0.002311,,,,,,,,
467200,1533.5,0.004078,,,,,,,,
467300,1533.8,0.002142,,,,,,,,
467400,1534.1,0.004218,,,,,,,,
467500,1534.4,0.001779,,,,,,,,
467600,1534.9,0.004608,,,,,,,,
467700,1535.4,0.003485,,,,,,,,
467800,1535.8,0.001911,,,,,,,,
467900,1536.3,0.002408,,,,,,,,
468000,1536.7,0.003108,,,,,,,,
468100,1537.2,0.004868,,,,,,,,
468200,1537.7,0.004870,,,,,,,,
468300,1538.1,0.004399,,,,,,,,
468400,1538.6,0.002415,,,,,,,,
468500,1539.1,0.002009,,,,,,,,
468600,1539.5,0.002841,,,,,,,,
468700,1540.0,0.002364,,,,,,,,
468800,1540.5,0.002223,,,,,,,,
468900,1541.0,0.002114,,,,,,,,
469000,1541.5,0.003411,,,,,,,,
469100,1541.9,0.002386,,,,,,,,
469200,1542.4,0.003110,,,,,,,,
469300,1542.9,0.003371,,,,,,,,
469400,1543.4,0.003741,,,,,,,,
469500,1543.8,0.002358,,,,,,,,
469600,1544.3,0.002309,,,,,,,,
469700,1544.7,0.002574,,,,,,,,
469800,1545.2,0.002384,,,,,,,,
469900,1545.7,0.002610,,,,,,,,
470000,1547.3,0.001957,0.002292,2.527272e+00,2.120455e-01,1.605512e-01,0.000000,2.524824e+00,1.964648e-01,1.494382e-01
470100,1547.5,0.002950,,,,,,,,
470200,1547.8,0.003807,,,,,,,,
470300,1548.2,0.002684,,,,,,,,
470400,1548.6,0.006206,,,,,,,,
470500,1549.1,0.003567,,,,,,,,
470600,1549.6,0.003793,,,,,,,,
470700,1550.0,0.002207,,,,,,,,
470800,1550.5,0.005495,,,,,,,,
470900,1551.0,0.004167,,,,,,,,
471000,1551.4,0.004611,,,,,,,,
471100,1551.9,0.001545,,,,,,,,
471200,1552.3,0.001987,,,,,,,,
471300,1552.8,0.003104,,,,,,,,
471400,1553.3,0.002583,,,,,,,,
471500,1553.8,0.002777,,,,,,,,
471600,1554.2,0.001911,,,,,,,,
471700,1554.7,0.002370,,,,,,,,
471800,1555.2,0.002036,,,,,,,,
471900,1555.7,0.003475,,,,,,,,
472000,1556.2,0.001728,,,,,,,,
472100,1556.6,0.002708,,,,,,,,
472200,1557.1,0.004076,,,,,,,,
472300,1557.6,0.004749,,,,,,,,
472400,1558.1,0.003049,,,,,,,,
472500,1558.5,0.003309,,,,,,,,
472600,1559.0,0.001441,,,,,,,,
472700,1559.5,0.003225,,,,,,,,
472800,1559.9,0.002076,,,,,,,,
472900,1560.4,0.003163,,,,,,,,
473000,1560.8,0.001890,,,,,,,,
473100,1561.3,0.002677,,,,,,,,
473200,1561.7,0.002054,,,,,,,,
473300,1562.1,0.001951,,,,,,,,
473400,1562.6,0.002570,,,,,,,,
473500,1563.0,0.002702,,,,,,,,
473600,1563.5,0.001960,,,,,,,,
473700,1564.0,0.002610,,,,,,,,
473800,1564.3,0.002329,,,,,,,,
473900,1564.6,0.002077,,,,,,,,
474000,1564.9,0.002684,,,,,,,,
474100,1565.2,0.002635,,,,,,,,
474200,1565.4,0.002645,,,,,,,,
474300,1565.7,0.002119,,,,,,,,
474400,1566.0,0.001744,,,,,,,,
474500,1566.3,0.002746,,,,,,,,
474600,1566.6,0.003004,,,,,,,,
474700,1566.9,0.002903,,,,,,,,
474800,1567.2,0.011361,,,,,,,,
474900,1567.5,0.002106,,,,,,,,
475000,1568.9,0.003464,0.002859,3.701478e+00,2.208463e-01,1.668399e-01,0.000000,3.681632e+00,2.065190e-01,1.577282e-01
475100,1569.1,0.003223,,,,,,,,
475200,1569.3,0.002747,,,,,,,,
475300,1569.6,0.002762,,,,,,,,
475400,1569.9,0.001833,,,,,,,,
475500,1570.2,0.002891,,,,,,,,
475600,1570.5,0.001733,,,,,,,,
475700,1570.8,0.002535,,,,,,,,
475800,1571.1,0.002130,,,,,,,,
475900,1571.4,0.002159,,,,,,,,
476000,1571.7,0.002117,,,,,,,,
476100,1572.0,0.001814,,,,,,,,
476200,1572.3,0.002136,,,,,,,,
476300,1572.6,0.002127,,,,,,,,
476400,1572.9,0.005068,,,,,,,,
476500,1573.2,0.002717,,,,,,,,
476600,1573.5,0.002527,,,,,,,,
476700,1573.8,0.002142,,,,,,,,
476800,1574.1,0.002363,,,,,,,,
476900,1574.3,0.005375,,,,,,,,
477000,1574.6,0.004313,,,,,,,,
477100,1575.0,0.002764,,,,,,,,
477200,1575.2,0.002976,,,,,,,,
477300,1575.5,0.006633,,,,,,,,
477400,1575.8,0.004248,,,,,,,,
477500,1576.1,0.002722,,,,,,,,
477600,1576.4,0.001723,,,,,,,,
477700,1576.7,0.006038,,,,,,,,
477800,1577.0,0.002035,,,,,,,,
477900,1577.3,0.003051,,,,,,,,
478000,1577.6,0.002717,,,,,,,,
478100,1577.9,0.003250,,,,,,,,
478200,1578.2,0.004117,,,,,,,,
478300,1578.5,0.002309,,,,,,,,
478400,1578.8,0.002547,,,,,,,,
478500,1579.1,0.002812,,,,,,,,
478600,1579.4,0.001881,,,,,,,,
478700,1579.6,0.001801,,,,,,,,
478800,1579.9,0.002040,,,,,,,,
478900,1580.2,0.001740,,,,,,,,
479000,1580.5,0.002903,,,,,,,,
479100,1580.8,0.006284,,,,,,,,
479200,1581.1,0.005480,,,,,,,,
479300,1581.4,0.008389,,,,,,,,
479400,1581.7,0.001957,,,,,,,,
479500,1582.0,0.002474,,,,,,,,
479600,1582.3,0.001973,,,,,,,,
479700,1582.6,0.002323,,,,,,,,
479800,1582.9,0.003333,,,,,,,,
479900,1583.2,0.003210,,,,,,,,
480000,1584.6,0.004688,0.002689,3.188515e+00,2.277973e-01,1.728163e-01,0.000000,3.188515e+00,2.123418e-01,1.607080e-01
480100,1584.8,0.001894,,,,,,,,
480200,1585.1,0.005081,,,,,,,,
480300,1585.4,0.001737,,,,,,,,
480400,1585.7,0.001839,,,,,,,,
480500,1586.0,0.004363,,,,,,,,
480600,1586.2,0.002674,,,,,,,,
480700,1586.5,0.002655,,,,,,,,
480800,1586.8,0.002999,,,,,,,,
480900,1587.1,0.001815,,,,,,,,
481000,1587.4,0.005455,,,,,,,,
481100,1587.7,0.001961,,,,,,,,
481200,1588.0,0.003490,,,,,,,,
481300,1588.3,0.002639,,,,,,,,
481400,1588.6,0.001803,,,,,,,,
481500,1588.9,0.005095,,,,,,,,
481600,1589.2,0.001660,,,,,,,,
481700,1589.5,0.003393,,,,,,,,
481800,1589.8,0.002524,,,,,,,,
481900,1590.1,0.002332,,,,,,,,
482000,1590.4,0.001916,,,,,,,,
482100,1590.6,0.003411,,,,,,,,
482200,1590.9,0.002288,,,,,,,,
482300,1591.2,0.002594,,,,,,,,
482400,1591.5,0.002421,,,,,,,,
482500,1591.8,0.002263,,,,,,,,
482600,1592.1,0.001865,,,,,,,,
482700,1592.4,0.003627,,,,,,,,
482800,1592.7,0.002975,,,,,,,,
482900,1593.0,0.002423,,,,,,,,
483000,1593.3,0.003773,,,,,,,,
483100,1593.6,0.005366,,,,,,,,
483200,1593.9,0.002929,,,,,,,,
483300,1594.2,0.001922,,,,,,,,
483400,1594.5,0.004468,,,,,,,,
483500,1594.8,0.002199,,,,,,,,
483600,1595.0,0.002719,,,,,,,,
483700,1595.3,0.005518,,,,,,,,
483800,1595.6,0.004487,,,,,,,,
483900,1595.9,0.002850,,,,,,,,
484000,1596.2,0.003031,,,,,,,,
484100,1596.5,0.002634,,,,,,,,
484200,1596.8,0.002599,,,,,,,,
484300,1597.1,0.001683,,,,,,,,
484400,1597.4,0.002580,,,,,,,,
484500,1597.7,0.002283,,,,,,,,
484600,1598.0,0.001797,,,,,,,,
484700,1598.2,0.002977,,,,,,,,
484800,1598.5,0.004445,,,,,,,,
484900,1598.8,0.002009,,,,,,,,
485000,1600.2,0.003486,0.002806,4.026922e+00,2.209605e-01,1.660912e-01,0.000000,4.026922e+00,2.062620e-01,1.543664e-01
485100,1600.5,0.003347,,,,,,,,
485200,1600.7,0.003303,,,,,,,,
485300,1601.0,0.004413,,,,,,,,
485400,1601.3,0.001959,,,,,,,,
485500,1601.6,0.002348,,,,,,,,
485600,1601.9,0.003255,,,,,,,,
485700,1602.2,0.002538,,,,,,,,
485800,1602.5,0.001983,,,,,,,,
485900,1602.8,0.004416,,,,,,,,
486000,1603.1,0.003100,,,,,,,,
486100,1603.4,0.001823,,,,,,,,
486200,1603.6,0.001994,,,,,,,,
486300,1603.9,0.002897,,,,,,,,
486400,1604.2,0.003882,,,,,,,,
486500,1604.5,0.005903,,,,,,,,
486600,1604.8,0.002664,,,,,,,,
486700,1605.1,0.002533,,,,,,,,
486800,1605.4,0.005453,,,,,,,,
486900,1605.7,0.002174,,,,,,,,
487000,1606.0,0.003448,,,,,,,,
487100,1606.3,0.004058,,,,,,,,
487200,1606.6,0.001944,,,,,,,,
487300,1606.8,0.002014,,,,,,,,
487400,1607.1,0.002089,,,,,,,,
487500,1607.4,0.003351,,,,,,,,
487600,1607.7,0.003730,,,,,,,,
487700,1608.0,0.003304,,,,,,,,
487800,1608.3,0.001983,,,,,,,,
487900,1608.6,0.002052,,,,,,,,
488000,1608.9,0.002374,,,,,,,,
488100,1609.1,0.002370,,,,,,,,
488200,1609.4,0.002806,,,,,,,,
488300,1609.7,0.003611,,,,,,,,
488400,1610.0,0.001537,,,,,,,,
488500,1610.3,0.005009,,,,,,,,
488600,1610.6,0.001906,,,,,,,,
488700,1610.9,0.003307,,,,,,,,
488800,1611.2,0.005707,,,,,,,,
488900,1611.4,0.003332,,,,,,,,
489000,1611.7,0.003974,,,,,,,,
489100,1612.0,0.004835,,,,,,,,
489200,1612.3,0.002182,,,,,,,,
489300,1612.6,0.006485,,,,,,,,
489400,1612.9,0.003805,,,,,,,,
489500,1613.2,0.005129,,,,,,,,
489600,1613.5,0.001956,,,,,,,,
489700,1613.8,0.003283,,,,,,,,
489800,1614.1,0.001596,,,,,,,,
489900,1614.4,0.003160,,,,,,,,
490000,1615.8,0.001837,0.002670,2.551598e+00,2.230566e-01,1.655434e-01,0.000000,2.551598e+00,2.084226e-01,1.549179e-01
490100,1616.0,0.001534,,,,,,,,
490200,1616.2,0.002796,,,,,,,,
490300,1616.5,0.003176,,,,,,,,
490400,1616.8,0.002417,,,,,,,,
490500,1617.1,0.002502,,,,,,,,
490600,1617.4,0.002445,,,,,,,,
490700,1617.6,0.004392,,,,,,,,
490800,1617.9,0.005920,,,,,,,,
490900,1618.2,0.003212,,,,,,,,
491000,1618.5,0.003711,,,,,,,,
491100,1618.8,0.004095,,,,,,,,
491200,1619.1,0.002977,,,,,,,,
491300,1619.4,0.002135,,,,,,,,
491400,1619.7,0.002276,,,,,,,,
491500,1620.0,0.001584,,,,,,,,
491600,1620.3,0.003096,,,,,,,,
491700,1620.6,0.003524,,,,,,,,
491800,1620.9,0.002655,,,,,,,,
491900,1621.1,0.001680,,,,,,,,
492000,1621.4,0.002894,,,,,,,,
492100,1621.7,0.003208,,,,,,,,
492200,1622.0,0.002392,,,,,,,,
492300,1622.3,0.002156,,,,,,,,
492400,1622.6,0.002159,,,,,,,,
492500,1622.9,0.005196,,,,,,,,
492600,1623.2,0.002065,,,,,,,,
492700,1623.5,0.002712,,,,,,,,
492800,1623.8,0.003876,,,,,,,,
492900,1624.1,0.002348,,,,,,,,
493000,1624.3,0.005900,,,,,,,,
493100,1624.6,0.002534,,,,,,,,
493200,1624.9,0.001969,,,,,,,,
493300,1625.2,0.003439,,,,,,,,
493400,1625.5,0.002136,,,,,,,,
493500,1625.8,0.002109,,,,,,,,
493600,1626.1,0.001901,,,,,,,,
493700,1626.4,0.001954,,,,,,,,
493800,1626.7,0.004654,,,,,,,,
493900,1627.0,0.003554,,,,,,,,
494000,1627.3,0.003583,,,,,,,,
494100,1627.6,0.002028,,,,,,,,
494200,1627.9,0.001902,,,,,,,,
494300,1628.2,0.002566,,,,,,,,
494400,1628.5,0.001924,,,,,,,,
494500,1628.8,0.004097,,,,,,,,
494600,1629.1,0.001906,,,,,,,,
494700,1629.4,0.002145,,,,,,,,
494800,1629.7,0.002965,,,,,,,,
494900,1629.9,0.002689,,,,,,,,
495000,1631.4,0.001672,0.002677,3.213619e+00,2.200422e-01,1.648332e-01,0.000000,3.213235e+00,2.051276e-01,1.533391e-01
495100,1631.6,0.002904,,,,,,,,
495200,1631.9,0.001784,,,,,,,,
495300,1632.1,0.002118,,,,,,,,
495400,1632.4,0.003820,,,,,,,,
495500,1632.7,0.002047,,,,,,,,
495600,1633.0,0.002395,,,,,,,,
495700,1633.3,0.002295,,,,,,,,
495800,1633.6,0.002442,,,,,,,,
495900,1633.9,0.003396,,,,,,,,
496000,1634.2,0.002393,,,,,,,,
496100,1634.5,0.004574,,,,,,,,
496200,1634.7,0.002148,,,,,,,,
496300,1635.0,0.001939,,,,,,,,
496400,1635.3,0.002124,,,,,,,,
496500,1635.6,0.002245,,,,,,,,
496600,1635.9,0.003149,,,,,,,,
496700,1636.2,0.004925,,,,,,,,
496800,1636.5,0.002887,,,,,,,,
496900,1636.8,0.002350,,,,,,,,
497000,1637.1,0.001585,,,,,,,,
497100,1637.4,0.002126,,,,,,,,
497200,1637.7,0.002330,,,,,,,,
497300,1638.0,0.002124,,,,,,,,
497400,1638.3,0.002308,,,,,,,,
497500,1638.6,0.002816,,,,,,,,
497600,1638.9,0.001913,,,,,,,,
497700,1639.2,0.001779,,,,,,,,
497800,1639.4,0.002132,,,,,,,,
497900,1639.7,0.001572,,,,,,,,
498000,1640.0,0.003753,,,,,,,,
498100,1640.3,0.002839,,,,,,,,
498200,1640.6,0.002250,,,,,,,,
498300,1640.9,0.002588,,,,,,,,
498400,1641.2,0.003908,,,,,,,,
498500,1641.5,0.002732,,,,,,,,
498600,1641.7,0.003410,,,,,,,,
498700,1642.0,0.008742,,,,,,,,
498800,1642.3,0.001938,,,,,,,,
498900,1642.6,0.002239,,,,,,,,
499000,1642.9,0.003472,,,,,,,,
499100,1643.2,0.002492,,,,,,,,
499200,1643.5,0.002571,,,,,,,,
499300,1643.8,0.001717,,,,,,,,
499400,1644.1,0.002474,,,,,,,,
499500,1644.4,0.004694,,,,,,,,
499600,1644.7,0.002206,,,,,,,,
499700,1645.0,0.002130,,,,,,,,
499800,1645.3,0.003268,,,,,,,,
499900,1645.6,0.002460,,,,,,,,
500000,1647.0,0.003526,0.002734,2.942231e+00,2.222837e-01,1.640557e-01,0.000000,2.942231e+00,2.068982e-01,1.528567e-01
500100,1647.2,0.002061,,,,,,,,
500200,1647.5,0.001992,,,,,,,,
500300,1647.8,0.002707,,,,,,,,
500400,1648.1,0.002265,,,,,,,,
500500,1648.3,0.002219,,,,,,,,
500600,1648.6,0.010481,,,,,,,,
500700,1648.9,0.002900,,,,,,,,
500800,1649.2,0.002222,,,,,,,,
500900,1649.5,0.003204,,,,,,,,
501000,1649.8,0.001733,,,,,,,,
501100,1650.1,0.003382,,,,,,,,
501200,1650.4,0.003494,,,,,,,,
501300,1650.7,0.003993,,,,,,,,
501400,1651.0,0.002403,,,,,,,,
501500,1651.3,0.001610,,,,,,,,
501600,1651.6,0.001965,,,,,,,,
501700,1651.8,0.002280,,,,,,,,
501800,1652.1,0.003064,,,,,,,,
501900,1652.4,0.001767,,,,,,,,
502000,1652.7,0.008092,,,,,,,,
502100,1653.0,0.002622,,,,,,,,
502200,1653.3,0.002008,,,,,,,,
502300,1653.6,0.002156,,,,,,,,
502400,1653.9,0.002040,,,,,,,,
502500,1654.2,0.004000,,,,,,,,
502600,1654.5,0.003450,,,,,,,,
502700,1654.8,0.003649,,,,,,,,
502800,1655.1,0.003212,,,,,,,,
502900,1655.4,0.001808,,,,,,,,
503000,1655.7,0.003059,,,,,,,,
503100,1656.0,0.001792,,,,,,,,
503200,1656.3,0.002897,,,,,,,,
503300,1656.6,0.002724,,,,,,,,
503400,1656.9,0.002278,,,,,,,,
503500,1657.2,0.001705,,,,,,,,
503600,1657.5,0.002352,,,,,,,,
503700,1657.8,0.005375,,,,,,,,
503800,1658.0,0.001986,,,,,,,,
503900,1658.3,0.001886,,,,,,,,
504000,1658.6,0.002214,,,,,,,,
504100,1658.9,0.002113,,,,,,,,
504200,1659.2,0.002374,,,,,,,,
504300,1659.5,0.003400,,,,,,,,
504400,1659.8,0.002015,,,,,,,,
504500,1660.1,0.006978,,,,,,,,
504600,1660.4,0.002735,,,,,,,,
504700,1660.7,0.002585,,,,,,,,
504800,1661.0,0.002146,,,,,,,,
504900,1661.2,0.001550,,,,,,,,
505000,1662.6,0.002805,0.002335,2.449973e+00,2.180037e-01,1.645348e-01,0.000000,2.435855e+00,2.038588e-01,1.530453e-01
505100,1662.9,0.002635,,,,,,,,
505200,1663.2,0.002316,,,,,,,,
505300,1663.5,0.005519,,,,,,,,
505400,1663.8,0.003093,,,,,,,,
505500,1664.1,0.005025,,,,,,,,
505600,1664.4,0.001664,,,,,,,,
505700,1664.7,0.001748,,,,,,,,
505800,1664.9,0.001798,,,,,,,,
505900,1665.2,0.001496,,,,,,,,
506000,1665.5,0.002326,,,,,,,,
506100,1665.8,0.002115,,,,,,,,
506200,1666.1,0.002752,,,,,,,,
506300,1666.4,0.002505,,,,,,,,
506400,1666.7,0.002363,,,,,,,,
506500,1667.0,0.002385,,,,,,,,
506600,1667.3,0.003498,,,,,,,,
506700,1667.6,0.002410,,,,,,,,
506800,1667.9,0.003464,,,,,,,,
506900,1668.2,0.002694,,,,,,,,
507000,1668.5,0.001810,,,,,,,,
507100,1668.8,0.003687,,,,,,,,
507200,1669.1,0.002289,,,,,,,,
507300,1669.4,0.002214,,,,,,,,
507400,1669.7,0.003263,,,,,,,,
507500,1670.0,0.003415,,,,,,,,
507600,1670.3,0.002840,,,,,,,,
507700,1670.6,0.002354,,,,,,,,
507800,1670.9,0.001591,,,,,,,,
507900,1671.1,0.002520,,,,,,,,
508000,1671.4,0.001845,,,,,,,,
508100,1671.7,0.001780,,,,,,,,
508200,1672.0,0.002797,,,,,,,,
508300,1672.3,0.003261,,,,,,,,
508400,1672.6,0.002695,,,,,,,,
508500,1672.9,0.001852,,,,,,,,
508600,1673.2,0.002690,,,,,,,,
508700,1673.5,0.001934,,,,,,,,
508800,1673.8,0.001781,,,,,,,,
508900,1674.0,0.002084,,,,,,,,
509000,1674.3,0.004172,,,,,,,,
509100,1674.6,0.001565,,,,,,,,
509200,1674.9,0.002021,,,,,,,,
509300,1675.2,0.003537,,,,,,,,
509400,1675.5,0.001885,,,,,,,,
509500,1675.8,0.001631,,,,,,,,
509600,1676.1,0.002144,,,,,,,,
509700,1676.4,0.003859,,,,,,,,
509800,1676.7,0.001741,,,,,,,,
509900,1677.0,0.001936,,,,,,,,
510000,1678.4,0.001770,0.003175,3.117585e+00,2.289593e-01,1.639213e-01,0.000000,3.117585e+00,2.139265e-01,1.517920e-01
510100,1678.6,0.002767,,,,,,,,
510200,1678.9,0.002238,,,,,,,,
510300,1679.2,0.004701,,,,,,,,
510400,1679.5,0.001760,,,,,,,,
510500,1679.8,0.002226,,,,,,,,
510600,1680.1,0.002597,,,,,,,,
510700,1680.4,0.001938,,,,,,,,
510800,1680.6,0.001670,,,,,,,,
510900,1680.9,0.004368,,,,,,,,
511000,1681.2,0.002177,,,,,,,,
511100,1681.5,0.004402,,,,,,,,
511200,1681.8,0.002441,,,,,,,,
511300,1682.1,0.001766,,,,,,,,
511400,1682.4,0.005232,,,,,,,,
511500,1682.7,0.003437,,,,,,,,
511600,1683.0,0.001945,,,,,,,,
511700,1683.2,0.001955,,,,,,,,
511800,1683.5,0.002252,,,,,,,,
511900,1683.8,0.002808,,,,,,,,
512000,1684.1,0.004869,,,,,,,,
512100,1684.4,0.002637,,,,,,,,
512200,1684.7,0.003932,,,,,,,,
512300,1685.0,0.003088,,,,,,,,
512400,1685.3,0.002174,,,,,,,,
512500,1685.6,0.001667,,,,,,,,
512600,1685.9,0.002334,,,,,,,,
512700,1686.2,0.003159,,,,,,,,
512800,1686.5,0.001901,,,,,,,,
512900,1686.7,0.002247,,,,,,,,
513000,1687.0,0.001726,,,,,,,,
513100,1687.3,0.004130,,,,,,,,
513200,1687.6,0.001586,,,,,,,,
513300,1687.9,0.003929,,,,,,,,
513400,1688.2,0.002320,,,,,,,,
513500,1688.5,0.004846,,,,,,,,
513600,1688.8,0.005875,,,,,,,,
513700,1689.1,0.001414,,,,,,,,
513800,1689.4,0.002302,,,,,,,,
513900,1689.7,0.003432,,,,,,,,
514000,1690.0,0.003113,,,,,,,,
514100,1690.3,0.001644,,,,,,,,
514200,1690.6,0.001812,,,,,,,,
514300,1690.9,0.001768,,,,,,,,
514400,1691.2,0.002958,,,,,,,,
514500,1691.4,0.003283,,,,,,,,
514600,1691.7,0.002044,,,,,,,,
514700,1692.0,0.002640,,,,,,,,
514800,1692.3,0.001837,,,,,,,,
514900,1692.6,0.001951,,,,,,,,
515000,1694.0,0.001507,0.002455,2.843896e+00,2.179919e-01,1.634365e-01,0.000000,2.843896e+00,2.023035e-01,1.518896e-01
515100,1694.2,0.002153,,,,,,,,
515200,1694.5,0.003849,,,,,,,,
515300,1694.8,0.002460,,,,,,,,
515400,1695.1,0.001792,,,,,,,,
515500,1695.4,0.002323,,,,,,,,
515600,1695.7,0.002056,,,,,,,,
515700,1696.0,0.001967,,,,,,,,
515800,1696.3,0.004631,,,,,,,,
515900,1696.6,0.001949,,,,,,,,
516000,1696.9,0.001597,,,,,,,,
516100,1697.2,0.005552,,,,,,,,
516200,1697.4,0.002218,,,,,,,,
516300,1697.7,0.002456,,,,,,,,
516400,1698.0,0.002324,,,,,,,,
516500,1698.3,0.004263,,,,,,,,
516600,1698.6,0.002106,,,,,,,,
516700,1698.9,0.002073,,,,,,,,
516800,1699.2,0.004601,,,,,,,,
516900,1699.5,0.002018,,,,,,,,
517000,1699.8,0.001879,,,,,,,,
517100,1700.1,0.001835,,,,,,,,
517200,1700.4,0.001824,,,,,,,,
517300,1700.7,0.002466,,,,,,,,
517400,1701.0,0.002226,,,,,,,,
517500,1701.3,0.001600,,,,,,,,
517600,1701.6,0.004095,,,,,,,,
517700,1701.9,0.005023,,,,,,,,
517800,1702.1,0.002254,,,,,,,,
517900,1702.4,0.001643,,,,,,,,
518000,1702.7,0.002734,,,,,,,,
518100,1703.0,0.003907,,,,,,,,
518200,1703.3,0.001660,,,,,,,,
518300,1703.6,0.004105,,,,,,,,
518400,1703.9,0.003695,,,,,,,,
518500,1704.2,0.001841,,,,,,,,
518600,1704.5,0.003106,,,,,,,,
518700,1704.8,0.001869,,,,,,,,
518800,1705.1,0.005346,,,,,,,,
518900,1705.4,0.001863,,,,,,,,
519000,1705.7,0.001864,,,,,,,,
519100,1706.0,0.001929,,,,,,,,
519200,1706.3,0.002151,,,,,,,,
519300,1706.6,0.002215,,,,,,,,
519400,1706.9,0.004650,,,,,,,,
519500,1707.2,0.006125,,,,,,,,
519600,1707.5,0.002256,,,,,,,,
519700,1707.8,0.002581,,,,,,,,
519800,1708.1,0.002018,,,,,,,,
519900,1708.3,0.003159,,,,,,,,
520000,1709.7,0.001714,0.002061,1.747101e+00,2.142557e-01,1.692822e-01,0.000000,1.747101e+00,1.998413e-01,1.581779e-01
520100,1709.9,0.004977,,,,,,,,
520200,1710.2,0.002238,,,,,,,,
520300,1710.5,0.003059,,,,,,,,
520400,1710.8,0.001772,,,,,,,,
520500,1711.1,0.002482,,,,,,,,
520600,1711.4,0.001754,,,,,,,,
520700,1711.7,0.003695,,,,,,,,
520800,1712.0,0.003121,,,,,,,,
520900,1712.3,0.003936,,,,,,,,
521000,1712.5,0.002363,,,,,,,,
521100,1712.8,0.004673,,,,,,,,
521200,1713.1,0.001964,,,,,,,,
521300,1713.4,0.003332,,,,,,,,
521400,1713.7,0.002146,,,,,,,,
521500,1714.0,0.003254,,,,,,,,
521600,1714.3,0.005591,,,,,,,,
521700,1714.6,0.002618,,,,,,,,
521800,1714.9,0.002064,,,,,,,,
521900,1715.1,0.003799,,,,,,,,
522000,1715.4,0.003204,,,,,,,,
522100,1715.7,0.004383,,,,,,,,
522200,1716.0,0.002790,,,,,,,,
522300,1716.3,0.001720,,,,,,,,
522400,1716.6,0.002363,,,,,,,,
522500,1716.9,0.001931,,,,,,,,
522600,1717.2,0.002294,,,,,,,,
522700,1717.5,0.001860,,,,,,,,
522800,1717.8,0.001594,,,,,,,,
522900,1718.1,0.002043,,,,,,,,
523000,1718.4,0.002701,,,,,,,,
523100,1718.7,0.001797,,,,,,,,
523200,1719.0,0.002010,,,,,,,,
523300,1719.2,0.002185,,,,,,,,
523400,1719.5,0.001801,,,,,,,,
523500,1719.8,0.001842,,,,,,,,
523600,1720.1,0.002924,,,,,,,,
523700,1720.4,0.003096,,,,,,,,
523800,1720.7,0.002753,,,,,,,,
523900,1721.0,0.003797,,,,,,,,
524000,1721.3,0.001911,,,,,,,,
524100,1721.6,0.002013,,,,,,,,
524200,1721.9,0.003532,,,,,,,,
524300,1722.2,0.005516,,,,,,,,
524400,1722.5,0.002795,,,,,,,,
524500,1722.8,0.001776,,,,,,,,
524600,1723.1,0.001946,,,,,,,,
524700,1723.4,0.002045,,,,,,,,
524800,1723.7,0.002342,,,,,,,,
524900,1724.0,0.003371,,,,,,,,
525000,1725.3,0.001884,0.003562,3.511907e+00,2.379400e-01,1.683485e-01,0.000000,3.511907e+00,2.241287e-01,1.583134e-01
525100,1725.6,0.002498,,,,,,,,
525200,1725.9,0.002068,,,,,,,,
525300,1726.2,0.002676,,,,,,,,
525400,1726.5,0.004987,,,,,,,,
525500,1726.7,0.002086,,,,,,,,
525600,1727.0,0.002099,,,,,,,,
525700,1727.3,0.003487,,,,,,,,
525800,1727.6,0.002083,,,,,,,,
525900,1727.9,0.001430,,,,,,,,
526000,1728.2,0.001826,,,,,,,,
526100,1728.5,0.001829,,,,,,,,
526200,1728.8,0.002710,,,,,,,,
526300,1729.1,0.001783,,,,,,,,
526400,1729.4,0.002729,,,,,,,,
526500,1729.7,0.002321,,,,,,,,
526600,1730.0,0.002908,,,,,,,,
526700,1730.3,0.003660,,,,,,,,
526800,1730.6,0.002864,,,,,,,,
526900,1730.9,0.002667,,,,,,,,
527000,1731.2,0.001861,,,,,,,,
527100,1731.5,0.001817,,,,,,,,
527200,1731.8,0.002081,,,,,,,,
527300,1732.1,0.002455,,,,,,,,
527400,1732.4,0.002830,,,,,,,,
527500,1732.6,0.001438,,,,,,,,
527600,1732.9,0.002510,,,,,,,,
527700,1733.2,0.001805,,,,,,,,
527800,1733.5,0.003374,,,,,,,,
527900,1733.8,0.001793,,,,,,,,
528000,1734.1,0.002131,,,,,,,,
528100,1734.4,0.002717,,,,,,,,
528200,1734.7,0.002431,,,,,,,,
528300,1735.0,0.002712,,,,,,,,
528400,1735.2,0.001860,,,,,,,,
528500,1735.5,0.001907,,,,,,,,
528600,1735.8,0.002011,,,,,,,,
528700,1736.1,0.001416,,,,,,,,
528800,1736.4,0.002022,,,,,,,,
528900,1736.7,0.002590,,,,,,,,
529000,1737.0,0.002009,,,,,,,,
529100,1737.3,0.007757,,,,,,,,
529200,1737.6,0.001980,,,,,,,,
529300,1737.9,0.002582,,,,,,,,
529400,1738.2,0.001867,,,,,,,,
529500,1738.5,0.001939,,,,,,,,
529600,1738.8,0.004604,,,,,,,,
529700,1739.1,0.002281,,,,,,,,
529800,1739.3,0.002029,,,,,,,,
529900,1739.6,0.004296,,,,,,,,
530000,1741.0,0.003256,0.003353,3.879729e+00,2.263716e-01,1.621484e-01,0.000000,3.879729e+00,2.114815e-01,1.501627e-01
530100,1741.2,0.002085,,,,,,,,
530200,1741.5,0.001690,,,,,,,,
530300,1741.8,0.001691,,,,,,,,
530400,1742.1,0.002230,,,,,,,,
530500,1742.4,0.002671,,,,,,,,
530600,1742.7,0.001924,,,,,,,,
530700,1743.0,0.002761,,,,,,,,
530800,1743.3,0.001494,,,,,,,,
530900,1743.6,0.002519,,,,,,,,
531000,1743.9,0.002083,,,,,,,,
531100,1744.2,0.002452,,,,,,,,
531200,1744.4,0.002054,,,,,,,,
531300,1744.7,0.002076,,,,,,,,
531400,1745.0,0.001910,,,,,,,,
531500,1745.3,0.006372,,,,,,,,
531600,1745.6,0.002841,,,,,,,,
531700,1745.9,0.004688,,,,,,,,
531800,1746.2,0.001704,,,,,,,,
531900,1746.5,0.001726,,,,,,,,
532000,1746.8,0.001602,,,,,,,,
532100,1747.1,0.001758,,,,,,,,
532200,1747.4,0.002247,,,,,,,,
532300,1747.7,0.005287,,,,,,,,
532400,1748.0,0.002698,,,,,,,,
532500,1748.3,0.003743,,,,,,,,
532600,1748.6,0.002506,,,,,,,,
532700,1748.9,0.002748,,,,,,,,
532800,1749.2,0.001494,,,,,,,,
532900,1749.4,0.002785,,,,,,,,
533000,1749.7,0.002130,,,,,,,,
533100,1750.0,0.002138,,,,,,,,
533200,1750.3,0.002334,,,,,,,,
533300,1750.6,0.002431,,,,,,,,
533400,1750.9,0.003066,,,,,,,,
533500,1751.2,0.003162,,,,,,,,
533600,1751.5,0.003184,,,,,,,,
533700,1751.8,0.001700,,,,,,,,
533800,1752.1,0.003708,,,,,,,,
533900,1752.4,0.003932,,,,,,,,
534000,1752.7,0.001502,,,,,,,,
534100,1753.0,0.002428,,,,,,,,
534200,1753.3,0.002049,,,,,,,,
534300,1753.6,0.001736,,,,,,,,
534400,1753.9,0.003352,,,,,,,,
534500,1754.1,0.001962,,,,,,,,
534600,1754.4,0.005029,,,,,,,,
534700,1754.7,0.002201,,,,,,,,
534800,1755.0,0.002076,,,,,,,,
534900,1755.3,0.001783,,,,,,,,
535000,1756.7,0.003760,0.002730,3.877388e+00,2.198433e-01,1.659441e-01,0.000000,3.877388e+00,2.055155e-01,1.545878e-01
535100,1756.9,0.003338,,,,,,,,
535200,1757.2,0.002825,,,,,,,,
535300,1757.4,0.001979,,,,,,,,
535400,1757.7,0.002224,,,,,,,,
535500,1758.0,0.002830,,,,,,,,
535600,1758.3,0.002836,,,,,,,,
535700,1758.6,0.002615,,,,,,,,
535800,1758.9,0.002622,,,,,,,,
535900,1759.2,0.001568,,,,,,,,
536000,1759.5,0.001936,,,,,,,,
536100,1759.8,0.001891,,,,,,,,
536200,1760.1,0.001383,,,,,,,,
536300,1760.4,0.005663,,,,,,,,
536400,1760.7,0.002631,,,,,,,,
536500,1761.0,0.001878,,,,,,,,
536600,1761.3,0.002428,,,,,,,,
536700,1761.6,0.002148,,,,,,,,
536800,1761.9,0.003699,,,,,,,,
536900,1762.2,0.002204,,,,,,,,
537000,1762.5,0.002449,,,,,,,,
537100,1762.7,0.001974,,,,,,,,
537200,1763.0,0.002317,,,,,,,,
537300,1763.3,0.002602,,,,,,,,
537400,1763.6,0.002100,,,,,,,,
537500,1763.9,0.003651,,,,,,,,
537600,1764.2,0.001973,,,,,,,,
537700,1764.5,0.002121,,,,,,,,
537800,1764.8,0.005319,,,,,,,,
537900,1765.1,0.001880,,,,,,,,
538000,1765.4,0.001914,,,,,,,,
538100,1765.7,0.002132,,,,,,,,
538200,1766.0,0.005561,,,,,,,,
538300,1766.3,0.001978,,,,,,,,
538400,1766.6,0.001900,,,,,,,,
538500,1766.9,0.002010,,,,,,,,
538600,1767.2,0.001996,,,,,,,,
538700,1767.5,0.002353,,,,,,,,
538800,1767.7,0.002357,,,,,,,,
538900,1768.0,0.002717,,,,,,,,
539000,1768.3,0.002056,,,,,,,,
539100,1768.6,0.002033,,,,,,,,
539200,1768.9,0.001975,,,,,,,,
539300,1769.2,0.004675,,,,,,,,
539400,1769.5,0.001932,,,,,,,,
539500,1769.8,0.002878,,,,,,,,
539600,1770.1,0.001453,,,,,,,,
539700,1770.4,0.001876,,,,,,,,
539800,1770.7,0.005171,,,,,,,,
539900,1771.0,0.004722,,,,,,,,
540000,1772.4,0.002571,0.003241,4.082265e+00,2.239561e-01,1.651396e-01,0.000000,4.075928e+00,2.087690e-01,1.529089e-01
540100,1772.6,0.001936,,,,,,,,
540200,1772.9,0.003984,,,,,,,,
540300,1773.2,0.005421,,,,,,,,
540400,1773.5,0.001544,,,,,,,,
540500,1773.8,0.002286,,,,,,,,
540600,1774.1,0.002593,,,,,,,,
540700,1774.4,0.001904,,,,,,,,
540800,1774.7,0.001967,,,,,,,,
540900,1775.0,0.001776,,,,,,,,
541000,1775.3,0.001957,,,,,,,,
541100,1775.6,0.002437,,,,,,,,
541200,1775.9,0.001932,,,,,,,,
541300,1776.2,0.002295,,,,,,,,
541400,1776.4,0.003053,,,,,,,,
541500,1776.7,0.002150,,,,,,,,
541600,1777.0,0.002081,,,,,,,,
541700,1777.3,0.003650,,,,,,,,
541800,1777.6,0.002075,,,,,,,,
541900,1777.9,0.002386,,,,,,,,
542000,1778.2,0.002176,,,,,,,,
542100,1778.5,0.001922,,,,,,,,
542200,1778.8,0.002370,,,,,,,,
542300,1779.1,0.002496,,,,,,,,
542400,1779.4,0.005425,,,,,,,,
542500,1779.7,0.003257,,,,,,,,
542600,1780.0,0.002870,,,,,,,,
542700,1780.3,0.001758,,,,,,,,
542800,1780.6,0.002747,,,,,,,,
542900,1780.9,0.002533,,,,,,,,
543000,1781.2,0.001586,,,,,,,,
543100,1781.5,0.004932,,,,,,,,
543200,1781.8,0.003665,,,,,,,,
543300,1782.0,0.001715,,,,,,,,
543400,1782.3,0.001827,,,,,,,,
543500,1782.6,0.001816,,,,,,,,
543600,1782.9,0.002012,,,,,,,,
543700,1783.2,0.002224,,,,,,,,
543800,1783.5,0.002074,,,,,,,,
543900,1783.8,0.003583,,,,,,,,
544000,1784.0,0.002454,,,,,,,,
544100,1784.3,0.001547,,,,,,,,
544200,1784.6,0.001886,,,,,,,,
544300,1784.9,0.002173,,,,,,,,
544400,1785.2,0.002045,,,,,,,,
544500,1785.5,0.002345,,,,,,,,
544600,1785.8,0.002064,,,,,,,,
544700,1786.1,0.002532,,,,,,,,
544800,1786.4,0.001865,,,,,,,,
544900,1786.7,0.001800,,,,,,,,
545000,1788.0,0.001791,0.002949,3.405338e+00,2.238426e-01,1.717580e-01,0.000000,3.405338e+00,2.075874e-01,1.580714e-01
545100,1788.3,0.001540,,,,,,,,
545200,1788.6,0.002527,,,,,,,,
545300,1788.8,0.002430,,,,,,,,
545400,1789.1,0.001901,,,,,,,,
545500,1789.4,0.003466,,,,,,,,
545600,1789.7,0.005730,,,,,,,,
545700,1790.0,0.001674,,,,,,,,
545800,1790.3,0.002239,,,,,,,,
545900,1790.6,0.005255,,,,,,,,
546000,1790.9,0.002091,,,,,,,,
546100,1791.2,0.005402,,,,,,,,
546200,1791.5,0.005394,,,,,,,,
546300,1791.8,0.002944,,,,,,,,
546400,1792.1,0.001351,,,,,,,,
546500,1792.4,0.004551,,,,,,,,
546600,1792.7,0.001947,,,,,,,,
546700,1793.0,0.002040,,,,,,,,
546800,1793.3,0.003194,,,,,,,,
546900,1793.5,0.003502,,,,,,,,
547000,1793.8,0.004445,,,,,,,,
547100,1794.1,0.001885,,,,,,,,
547200,1794.4,0.002164,,,,,,,,
547300,1794.7,0.003134,,,,,,,,
547400,1795.0,0.004178,,,,,,,,
547500,1795.3,0.002443,,,,,,,,
547600,1795.6,0.002257,,,,,,,,
547700,1795.8,0.003396,,,,,,,,
547800,1796.1,0.005617,,,,,,,,
547900,1796.4,0.001555,,,,,,,,
548000,1796.7,0.002131,,,,,,,,
548100,1797.0,0.002537,,,,,,,,
548200,1797.3,0.002670,,,,,,,,
548300,1797.6,0.002447,,,,,,,,
548400,1797.9,0.003525,,,,,,,,
548500,1798.2,0.002174,,,,,,,,
548600,1798.5,0.002034,,,,,,,,
548700,1798.8,0.001997,,,,,,,,
548800,1799.1,0.002975,,,,,,,,
548900,1799.4,0.001861,,,,,,,,
549000,1799.6,0.001622,,,,,,,,
549100,1799.9,0.002375,,,,,,,,
549200,1800.2,0.004869,,,,,,,,
549300,1800.5,0.002130,,,,,,,,
549400,1800.8,0.001511,,,,,,,,
549500,1801.1,0.002039,,,,,,,,
549600,1801.4,0.001940,,,,,,,,
549700,1801.7,0.002267,,,,,,,,
549800,1802.0,0.003447,,,,,,,,
549900,1802.2,0.003235,,,,,,,,
550000,1803.6,0.003726,0.002254,1.371565e+00,2.244860e-01,1.693804e-01,0.000000,1.362733e+00,2.109337e-01,1.586120e-01
550100,1803.8,0.002163,,,,,,,,
550200,1804.1,0.002128,,,,,,,,
550300,1804.4,0.001938,,,,,,,,
550400,1804.7,0.001912,,,,,,,,
550500,1805.0,0.004702,,,,,,,,
550600,1805.3,0.003381,,,,,,,,
550700,1805.6,0.001567,,,,,,,,
550800,1805.9,0.001849,,,,,,,,
550900,1806.1,0.002220,,,,,,,,
551000,1806.4,0.003810,,,,,,,,
551100,1806.7,0.002007,,,,,,,,
551200,1807.0,0.003490,,,,,,,,
551300,1807.3,0.002999,,,,,,,,
551400,1807.6,0.001748,,,,,,,,
551500,1807.9,0.002166,,,,,,,,
551600,1808.2,0.002306,,,,,,,,
551700,1808.5,0.005078,,,,,,,,
551800,1808.8,0.001531,,,,,,,,
551900,1809.0,0.005561,,,,,,,,
552000,1809.3,0.001774,,,,,,,,
552100,1809.6,0.001937,,,,,,,,
552200,1809.9,0.003290,,,,,,,,
552300,1810.2,0.003315,,,,,,,,
552400,1810.5,0.003813,,,,,,,,
552500,1810.8,0.004707,,,,,,,,
552600,1811.1,0.001927,,,,,,,,
552700,1811.4,0.003025,,,,,,,,
552800,1811.7,0.003921,,,,,,,,
552900,1812.0,0.001769,,,,,,,,
553000,1812.3,0.002097,,,,,,,,
553100,1812.6,0.001620,,,,,,,,
553200,1812.9,0.001771,,,,,,,,
553300,1813.1,0.002023,,,,,,,,
553400,1813.4,0.003782,,,,,,,,
553500,1813.7,0.002064,,,,,,,,
553600,1814.0,0.004120,,,,,,,,
553700,1814.3,0.004218,,,,,,,,
553800,1814.6,0.002128,,,,,,,,
553900,1814.9,0.002412,,,,,,,,
554000,1815.2,0.002139,,,,,,,,
554100,1815.5,0.001691,,,,,,,,
554200,1815.8,0.005431,,,,,,,,
554300,1816.1,0.002418,,,,,,,,
554400,1816.4,0.001860,,,,,,,,
554500,1816.7,0.002729,,,,,,,,
554600,1817.0,0.002659,,,,,,,,
554700,1817.3,0.001879,,,,,,,,
554800,1817.6,0.002920,,,,,,,,
554900,1817.9,0.004561,,,,,,,,
555000,1819.3,0.001808,0.002229,2.060242e+00,2.167577e-01,1.677824e-01,0.000000,2.060242e+00,2.030460e-01,1.568324e-01
555100,1819.5,0.001701,,,,,,,,
555200,1819.8,0.003340,,,,,,,,
555300,1820.1,0.002199,,,,,,,,
555400,1820.4,0.003689,,,,,,,,
555500,1820.7,0.003908,,,,,,,,
555600,1821.0,0.003803,,,,,,,,
555700,1821.2,0.001611,,,,,,,,
555800,1821.6,0.004038,,,,,,,,
555900,1821.8,0.003704,,,,,,,,
556000,1822.1,0.002532,,,,,,,,
556100,1822.4,0.002255,,,,,,,,
556200,1822.7,0.001775,,,,,,,,
556300,1823.0,0.002766,,,,,,,,
556400,1823.3,0.001789,,,,,,,,
556500,1823.6,0.002279,,,,,,,,
556600,1823.9,0.004383,,,,,,,,
556700,1824.2,0.002617,,,,,,,,
556800,1824.4,0.001844,,,,,,,,
556900,1824.7,0.001871,,,,,,,,
557000,1825.0,0.003976,,,,,,,,
557100,1825.3,0.001617,,,,,,,,
557200,1825.6,0.002053,,,,,,,,
557300,1825.9,0.001915,,,,,,,,
557400,1826.2,0.002339,,,,,,,,
557500,1826.4,0.002822,,,,,,,,
557600,1826.7,0.003335,,,,,,,,
557700,1827.0,0.002407,,,,,,,,
557800,1827.3,0.001865,,,,,,,,
557900,1827.6,0.002468,,,,,,,,
558000,1827.9,0.003157,,,,,,,,
558100,1828.1,0.003316,,,,,,,,
558200,1828.4,0.002311,,,,,,,,
558300,1828.7,0.001829,,,,,,,,
558400,1828.9,0.002314,,,,,,,,
558500,1829.2,0.004220,,,,,,,,
558600,1829.5,0.002191,,,,,,,,
558700,1829.8,0.002315,,,,,,,,
558800,1830.1,0.001922,,,,,,,,
558900,1830.4,0.002234,,,,,,,,
559000,1830.7,0.003761,,,,,,,,
559100,1831.0,0.002323,,,,,,,,
559200,1831.3,0.002678,,,,,,,,
559300,1831.6,0.001837,,,,,,,,
559400,1831.9,0.001751,,,,,,,,
559500,1832.1,0.004687,,,,,,,,
559600,1832.4,0.002294,,,,,,,,
559700,1832.7,0.002258,,,,,,,,
559800,1833.0,0.005695,,,,,,,,
559900,1833.3,0.004570,,,,,,,,
560000,1834.7,0.002022,0.002370,2.964805e+00,2.137159e-01,1.639798e-01,0.000000,2.964805e+00,1.990759e-01,1.533458e-01
560100,1835.0,0.002871,,,,,,,,
560200,1835.2,0.002150,,,,,,,,
560300,1835.5,0.001905,,,,,,,,
560400,1835.8,0.002679,,,,,,,,
560500,1836.1,0.001842,,,,,,,,
560600,1836.4,0.002167,,,,,,,,
560700,1836.7,0.001312,,,,,,,,
560800,1836.9,0.002603,,,,,,,,
560900,1837.2,0.004625,,,,,,,,
561000,1837.5,0.002594,,,,,,,,
561100,1837.8,0.001915,,,,,,,,
561200,1838.1,0.002121,,,,,,,,
561300,1838.4,0.005961,,,,,,,,
561400,1838.7,0.002218,,,,,,,,
561500,1839.0,0.004229,,,,,,,,
561600,1839.3,0.001874,,,,,,,,
561700,1839.6,0.004651,,,,,,,,
561800,1839.9,0.003216,,,,,,,,
561900,1840.2,0.002055,,,,,,,,
562000,1840.5,0.004694,,,,,,,,
562100,1840.7,0.001977,,,,,,,,
562200,1841.0,0.003032,,,,,,,,
562300,1841.3,0.002393,,,,,,,,
562400,1841.6,0.003327,,,,,,,,
562500,1841.9,0.001694,,,,,,,,
562600,1842.2,0.002214,,,,,,,,
562700,1842.5,0.002021,,,,,,,,
562800,1842.8,0.002514,,,,,,,,
562900,1843.1,0.002618,,,,,,,,
563000,1843.4,0.001770,,,,,,,,
563100,1843.7,0.001784,,,,,,,,
563200,1844.0,0.002107,,,,,,,,
563300,1844.3,0.002515,,,,,,,,
563400,1844.6,0.002021,,,,,,,,
563500,1844.9,0.002198,,,,,,,,
563600,1845.2,0.001546,,,,,,,,
563700,1845.5,0.002021,,,,,,,,
563800,1845.8,0.003855,,,,,,,,
563900,1846.1,0.003039,,,,,,,,
564000,1846.4,0.001882,,,,,,,,
564100,1846.7,0.002027,,,,,,,,
564200,1847.0,0.002432,,,,,,,,
564300,1847.3,0.003228,,,,,,,,
564400,1847.5,0.001776,,,,,,,,
564500,1847.8,0.003176,,,,,,,,
564600,1848.1,0.004601,,,,,,,,
564700,1848.4,0.001726,,,,,,,,
564800,1848.7,0.001739,,,,,,,,
564900,1848.9,0.002569,,,,,,,,
565000,1850.4,0.002468,0.002593,2.516591e+00,2.236560e-01,1.654611e-01,0.000000,2.515202e+00,2.083649e-01,1.531344e-01
565100,1850.6,0.009543,,,,,,,,
565200,1850.9,0.002553,,,,,,,,
565300,1851.1,0.001676,,,,,,,,
565400,1851.4,0.001554,,,,,,,,
565500,1851.7,0.002792,,,,,,,,
565600,1852.0,0.002191,,,,,,,,
565700,1852.3,0.002507,,,,,,,,
565800,1852.6,0.001792,,,,,,,,
565900,1852.9,0.002789,,,,,,,,
566000,1853.2,0.004897,,,,,,,,
566100,1853.5,0.002144,,,,,,,,
566200,1853.8,0.002935,,,,,,,,
566300,1854.1,0.003420,,,,,,,,
566400,1854.4,0.002614,,,,,,,,
566500,1854.7,0.002177,,,,,,,,
566600,1855.0,0.001489,,,,,,,,
566700,1855.3,0.002789,,,,,,,,
566800,1855.5,0.001721,,,,,,,,
566900,1855.8,0.001887,,,,,,,,
567000,1856.1,0.002650,,,,,,,,
567100,1856.4,0.001500,,,,,,,,
567200,1856.7,0.002550,,,,,,,,
567300,1856.9,0.003254,,,,,,,,
567400,1857.2,0.001994,,,,,,,,
567500,1857.5,0.002427,,,,,,,,
567600,1857.8,0.001596,,,,,,,,
567700,1858.1,0.002273,,,,,,,,
567800,1858.4,0.002028,,,,,,,,
567900,1858.7,0.002141,,,,,,,,
568000,1858.9,0.003198,,,,,,,,
568100,1859.2,0.001807,,,,,,,,
568200,1859.5,0.002548,,,,,,,,
568300,1859.8,0.001750,,,,,,,,
568400,1860.1,0.003372,,,,,,,,
568500,1860.4,0.001890,,,,,,,,
568600,1860.7,0.002260,,,,,,,,
568700,1860.9,0.001858,,,,,,,,
568800,1861.2,0.004855,,,,,,,,
568900,1861.5,0.003380,,,,,,,,
569000,1861.8,0.002158,,,,,,,,
569100,1862.1,0.001898,,,,,,,,
569200,1862.4,0.004399,,,,,,,,
569300,1862.7,0.002972,,,,,,,,
569400,1863.0,0.002511,,,,,,,,
569500,1863.3,0.001875,,,,,,,,
569600,1863.6,0.002675,,,,,,,,
569700,1863.9,0.005329,,,,,,,,
569800,1864.2,0.002253,,,,,,,,
569900,1864.5,0.002664,,,,,,,,
570000,1865.9,0.002477,0.003182,4.561819e+00,2.172140e-01,1.583809e-01,0.000000,4.551352e+00,2.023221e-01,1.472475e-01
570100,1866.1,0.001967,,,,,,,,
570200,1866.4,0.002350,,,,,,,,
570300,1866.7,0.003491,,,,,,,,
570400,1867.0,0.001977,,,,,,,,
570500,1867.3,0.001725,,,,,,,,
570600,1867.6,0.001696,,,,,,,,
570700,1867.9,0.002950,,,,,,,,
570800,1868.2,0.001704,,,,,,,,
570900,1868.5,0.002040,,,,,,,,
571000,1868.8,0.002854,,,,,,,,
571100,1869.1,0.002627,,,,,,,,
571200,1869.4,0.001927,,,,,,,,
571300,1869.7,0.001486,,,,,,,,
571400,1870.0,0.005707,,,,,,,,
571500,1870.2,0.002113,,,,,,,,
571600,1870.6,0.002429,,,,,,,,
571700,1871.0,0.002682,,,,,,,,
571800,1871.5,0.001479,,,,,,,,
571900,1872.0,0.003483,,,,,,,,
572000,1872.4,0.001722,,,,,,,,
572100,1872.9,0.001720,,,,,,,,
572200,1873.4,0.006117,,,,,,,,
572300,1873.8,0.002305,,,,,,,,
572400,1874.3,0.001705,,,,,,,,
572500,1874.8,0.002926,,,,,,,,
572600,1875.2,0.002106,,,,,,,,
572700,1875.7,0.003672,,,,,,,,
572800,1876.1,0.002375,,,,,,,,
572900,1876.6,0.002163,,,,,,,,
573000,1877.1,0.002579,,,,,,,,
573100,1877.5,0.003529,,,,,,,,
573200,1878.0,0.002005,,,,,,,,
573300,1878.4,0.001913,,,,,,,,
573400,1878.9,0.001503,,,,,,,,
573500,1879.4,0.001772,,,,,,,,
573600,1879.8,0.001930,,,,,,,,
573700,1880.3,0.001693,,,,,,,,
573800,1880.8,0.004886,,,,,,,,
573900,1881.3,0.003685,,,,,,,,
574000,1881.7,0.002553,,,,,,,,
574100,1882.2,0.001682,,,,,,,,
574200,1882.7,0.002032,,,,,,,,
574300,1883.1,0.002964,,,,,,,,
574400,1883.6,0.002027,,,,,,,,
574500,1884.1,0.001815,,,,,,,,
574600,1884.6,0.002261,,,,,,,,
574700,1885.0,0.002225,,,,,,,,
574800,1885.5,0.002675,,,,,,,,
574900,1885.9,0.001831,,,,,,,,
575000,1887.5,0.002069,0.002316,2.443291e+00,2.188436e-01,1.639292e-01,0.000000,2.443291e+00,2.030313e-01,1.521537e-01
575100,1887.8,0.004878,,,,,,,,
575200,1888.0,0.005232,,,,,,,,
575300,1888.4,0.003086,,,,,,,,
575400,1888.8,0.002284,,,,,,,,
575500,1889.3,0.004072,,,,,,,,
575600,1889.8,0.001780,,,,,,,,
575700,1890.2,0.002934,,,,,,,,
575800,1890.7,0.001732,,,,,,,,
575900,1891.2,0.001620,,,,,,,,
576000,1891.7,0.001854,,,,,,,,
576100,1892.1,0.002628,,,,,,,,
576200,1892.6,0.001946,,,,,,,,
576300,1893.0,0.002807,,,,,,,,
576400,1893.5,0.002242,,,,,,,,
576500,1894.0,0.002082,,,,,,,,
576600,1894.4,0.001674,,,,,,,,
576700,1894.9,0.001754,,,,,,,,
576800,1895.4,0.002193,,,,,,,,
576900,1895.8,0.001714,,,,,,,,
577000,1896.3,0.004448,,,,,,,,
577100,1896.8,0.001480,,,,,,,,
577200,1897.3,0.001698,,,,,,,,
577300,1897.7,0.001642,,,,,,,,
577400,1898.2,0.002784,,,,,,,,
577500,1898.7,0.002650,,,,,,,,
577600,1899.2,0.003586,,,,,,,,
577700,1899.6,0.001915,,,,,,,,
577800,1900.1,0.004139,,,,,,,,
577900,1900.4,0.002991,,,,,,,,
578000,1900.8,0.001909,,,,,,,,
578100,1901.3,0.001665,,,,,,,,
578200,1901.8,0.001775,,,,,,,,
578300,1902.2,0.002078,,,,,,,,
578400,1902.7,0.003505,,,,,,,,
578500,1903.2,0.001997,,,,,,,,
578600,1903.6,0.001497,,,,,,,,
578700,1904.1,0.002624,,,,,,,,
578800,1904.6,0.002412,,,,,,,,
578900,1905.0,0.002920,,,,,,,,
579000,1905.5,0.002362,,,,,,,,
579100,1906.0,0.001557,,,,,,,,
579200,1906.4,0.002323,,,,,,,,
579300,1906.9,0.002099,,,,,,,,
579400,1907.4,0.002716,,,,,,,,
579500,1907.8,0.001842,,,,,,,,
579600,1908.3,0.001834,,,,,,,,
579700,1908.8,0.006040,,,,,,,,
579800,1909.3,0.005525,,,,,,,,
579900,1909.7,0.001958,,,,,,,,
580000,1911.3,0.002389,0.002034,2.017681e+00,2.063103e-01,1.586660e-01,0.000000,2.017681e+00,1.910778e-01,1.477485e-01
580100,1911.5,0.002035,,,,,,,,
580200,1911.8,0.001870,,,,,,,,
580300,1912.2,0.001825,,,,,,,,
580400,1912.7,0.002432,,,,,,,,
580500,1913.2,0.002203,,,,,,,,
580600,1913.6,0.003008,,,,,,,,
580700,1914.1,0.002705,,,,,,,,
580800,1914.6,0.001709,,,,,,,,
580900,1915.0,0.003014,,,,,,,,
581000,1915.5,0.002419,,,,,,,,
581100,1916.0,0.002208,,,,,,,,
581200,1916.5,0.002383,,,,,,,,
581300,1916.9,0.001557,,,,,,,,
581400,1917.4,0.001965,,,,,,,,
581500,1917.9,0.002006,,,,,,,,
581600,1918.3,0.002147,,,,,,,,
581700,1918.8,0.002268,,,,,,,,
581800,1919.3,0.002378,,,,,,,,
581900,1919.8,0.001387,,,,,,,,
582000,1920.2,0.004657,,,,,,,,
582100,1920.7,0.003247,,,,,,,,
582200,1921.2,0.002076,,,,,,,,
582300,1921.6,0.002081,,,,,,,,
582400,1922.1,0.002138,,,,,,,,
582500,1922.5,0.003092,,,,,,,,
582600,1923.0,0.001828,,,,,,,,
582700,1923.5,0.001640,,,,,,,,
582800,1924.0,0.002471,,,,,,,,
582900,1924.4,0.004295,,,,,,,,
583000,1924.9,0.002165,,,,,,,,
583100,1925.4,0.002004,,,,,,,,
583200,1925.9,0.002166,,,,,,,,
583300,1926.3,0.001543,,,,,,,,
583400,1926.8,0.003774,,,,,,,,
583500,1927.2,0.002003,,,,,,,,
583600,1927.7,0.001877,,,,,,,,
583700,1928.1,0.001374,,,,,,,,
583800,1928.6,0.003501,,,,,,,,
583900,1929.1,0.001460,,,,,,,,
584000,1929.5,0.002598,,,,,,,,
584100,1930.0,0.001815,,,,,,,,
584200,1930.5,0.002098,,,,,,,,
584300,1930.9,0.002103,,,,,,,,
584400,1931.4,0.001530,,,,,,,,
584500,1931.9,0.002547,,,,,,,,
584600,1932.3,0.001795,,,,,,,,
584700,1932.8,0.002054,,,,,,,,
584800,1933.3,0.002901,,,,,,,,
584900,1933.7,0.001840,,,,,,,,
585000,1935.3,0.002550,0.002252,2.785723e+00,2.093435e-01,1.600016e-01,0.000000,2.785723e+00,1.940495e-01,1.481540e-01
585100,1935.5,0.001816,,,,,,,,
585200,1935.8,0.001946,,,,,,,,
585300,1936.2,0.002212,,,,,,,,
585400,1936.7,0.002690,,,,,,,,
585500,1937.1,0.002335,,,,,,,,
585600,1937.6,0.002557,,,,,,,,
585700,1938.1,0.001707,,,,,,,,
585800,1938.5,0.002278,,,,,,,,
585900,1939.0,0.002506,,,,,,,,
586000,1939.4,0.003333,,,,,,,,
586100,1939.9,0.001594,,,,,,,,
586200,1940.4,0.002652,,,,,,,,
586300,1940.9,0.002608,,,,,,,,
586400,1941.4,0.001567,,,,,,,,
586500,1941.8,0.004554,,,,,,,,
586600,1942.3,0.002696,,,,,,,,
586700,1942.8,0.001827,,,,,,,,
586800,1943.2,0.001955,,,,,,,,
586900,1943.7,0.002115,,,,,,,,
587000,1944.2,0.001867,,,,,,,,
587100,1944.6,0.003835,,,,,,,,
587200,1945.1,0.002188,,,,,,,,
587300,1945.6,0.005579,,,,,,,,
587400,1946.0,0.002537,,,,,,,,
587500,1946.5,0.001976,,,,,,,,
587600,1947.0,0.001530,,,,,,,,
587700,1947.4,0.003088,,,,,,,,
587800,1947.9,0.002442,,,,,,,,
587900,1948.4,0.002410,,,,,,,,
588000,1948.8,0.003056,,,,,,,,
588100,1949.3,0.002212,,,,,,,,
588200,1949.8,0.002868,,,,,,,,
588300,1950.3,0.002455,,,,,,,,
588400,1950.7,0.002679,,,,,,,,
588500,1951.2,0.001616,,,,,,,,
588600,1951.6,0.002388,,,,,,,,
588700,1952.1,0.001799,,,,,,,,
588800,1952.6,0.002061,,,,,,,,
588900,1953.0,0.002312,,,,,,,,
589000,1953.5,0.002551,,,,,,,,
589100,1953.9,0.002075,,,,,,,,
589200,1954.4,0.004046,,,,,,,,
589300,1954.9,0.003794,,,,,,,,
589400,1955.3,0.001829,,,,,,,,
589500,1955.8,0.004380,,,,,,,,
589600,1956.2,0.002601,,,,,,,,
589700,1956.7,0.002662,,,,,,,,
589800,1957.2,0.002181,,,,,,,,
589900,1957.7,0.001988,,,,,,,,
590000,1959.2,0.004689,0.002808,3.127409e+00,2.261242e-01,1.692291e-01,0.000000,3.127409e+00,2.104721e-01,1.583254e-01
590100,1959.5,0.002336,,,,,,,,
590200,1959.8,0.003060,,,,,,,,
590300,1960.1,0.002235,,,,,,,,
590400,1960.4,0.001793,,,,,,,,
590500,1960.8,0.001883,,,,,,,,
590600,1961.3,0.001570,,,,,,,,
590700,1961.7,0.002339,,,,,,,,
590800,1962.2,0.001953,,,,,,,,
590900,1962.7,0.001770,,,,,,,,
591000,1963.1,0.003362,,,,,,,,
591100,1963.6,0.003558,,,,,,,,
591200,1964.0,0.001667,,,,,,,,
591300,1964.4,0.002583,,,,,,,,
591400,1964.9,0.002707,,,,,,,,
591500,1965.4,0.001637,,,,,,,,
591600,1965.8,0.002543,,,,,,,,
591700,1966.3,0.005766,,,,,,,,
591800,1966.8,0.003030,,,,,,,,
591900,1967.3,0.002857,,,,,,,,
592000,1967.8,0.001833,,,,,,,,
592100,1968.2,0.002089,,,,,,,,
592200,1968.7,0.001851,,,,,,,,
592300,1969.1,0.003731,,,,,,,,
592400,1969.6,0.004596,,,,,,,,
592500,1970.1,0.002022,,,,,,,,
592600,1970.5,0.002576,,,,,,,,
592700,1971.0,0.002661,,,,,,,,
592800,1971.5,0.002482,,,,,,,,
592900,1971.9,0.001854,,,,,,,,
593000,1972.4,0.002015,,,,,,,,
593100,1972.9,0.002475,,,,,,,,
593200,1973.3,0.002130,,,,,,,,
593300,1973.8,0.001641,,,,,,,,
593400,1974.3,0.001767,,,,,,,,
593500,1974.7,0.001914,,,,,,,,
593600,1975.2,0.002741,,,,,,,,
593700,1975.7,0.001657,,,,,,,,
593800,1976.1,0.003479,,,,,,,,
593900,1976.6,0.004772,,,,,,,,
594000,1977.1,0.003187,,,,,,,,
594100,1977.5,0.003954,,,,,,,,
594200,1978.0,0.001746,,,,,,,,
594300,1978.5,0.002232,,,,,,,,
594400,1978.9,0.003947,,,,,,,,
594500,1979.4,0.002363,,,,,,,,
594600,1979.8,0.001835,,,,,,,,
594700,1980.3,0.003218,,,,,,,,
594800,1980.8,0.004187,,,,,,,,
594900,1981.2,0.004353,,,,,,,,
595000,1982.8,0.001966,0.002705,3.219287e+00,2.187454e-01,1.586988e-01,0.000000,3.219287e+00,2.043585e-01,1.479940e-01
595100,1983.1,0.001721,,,,,,,,
595200,1983.4,0.002270,,,,,,,,
595300,1983.7,0.002098,,,,,,,,
595400,1984.2,0.001606,,,,,,,,
595500,1984.7,0.001855,,,,,,,,
595600,1985.1,0.002824,,,,,,,,
595700,1985.6,0.004920,,,,,,,,
595800,1986.1,0.001834,,,,,,,,
595900,1986.5,0.003883,,,,,,,,
596000,1987.0,0.001977,,,,,,,,
596100,1987.5,0.002106,,,,,,,,
596200,1987.9,0.001768,,,,,,,,
596300,1988.4,0.004200,,,,,,,,
596400,1988.8,0.001962,,,,,,,,
596500,1989.3,0.002624,,,,,,,,
596600,1989.8,0.001564,,,,,,,,
596700,1990.2,0.002416,,,,,,,,
596800,1990.7,0.003550,,,,,,,,
596900,1991.2,0.001947,,,,,,,,
597000,1991.6,0.002551,,,,,,,,
597100,1992.1,0.001921,,,,,,,,
597200,1992.6,0.003396,,,,,,,,
597300,1993.0,0.002977,,,,,,,,
597400,1993.5,0.002024,,,,,,,,
597500,1994.0,0.002903,,,,,,,,
597600,1994.4,0.002084,,,,,,,,
597700,1994.9,0.002499,,,,,,,,
597800,1995.4,0.001657,,,,,,,,
597900,1995.8,0.001772,,,,,,,,
598000,1996.3,0.004571,,,,,,,,
598100,1996.8,0.003473,,,,,,,,
598200,1997.2,0.005347,,,,,,,,
598300,1997.7,0.002663,,,,,,,,
598400,1998.2,0.001884,,,,,,,,
598500,1998.6,0.001909,,,,,,,,
598600,1999.1,0.002865,,,,,,,,
598700,1999.6,0.002673,,,,,,,,
598800,2000.0,0.002615,,,,,,,,
598900,2000.5,0.002095,,,,,,,,
599000,2001.0,0.002182,,,,,,,,
599100,2001.4,0.003685,,,,,,,,
599200,2001.9,0.002307,,,,,,,,
599300,2002.4,0.001801,,,,,,,,
599400,2002.8,0.002139,,,,,,,,
599500,2003.3,0.002356,,,,,,,,
599600,2003.8,0.001880,,,,,,,,
599700,2004.2,0.002347,,,,,,,,
599800,2004.7,0.003581,,,,,,,,
599900,2005.2,0.003037,,,,,,,,
600000,2006.8,0.001992,0.002297,2.679075e+00,2.098947e-01,1.590604e-01,0.000000,2.679075e+00,1.945603e-01,1.475516e-01
600100,2007.0,0.005797,,,,,,,,
600200,2007.3,0.002120,,,,,,,,
600300,2007.7,0.003853,,,,,,,,
600400,2008.1,0.002988,,,,,,,,
600500,2008.5,0.002761,,,,,,,,
600600,2009.0,0.002510,,,,,,,,
600700,2009.4,0.002286,,,,,,,,
600800,2009.9,0.004548,,,,,,,,
600900,2010.4,0.001712,,,,,,,,
601000,2010.9,0.001681,,,,,,,,
601100,2011.3,0.003307,,,,,,,,
601200,2011.8,0.001639,,,,,,,,
601300,2012.3,0.002345,,,,,,,,
601400,2012.7,0.001767,,,,,,,,
601500,2013.2,0.003253,,,,,,,,
601600,2013.6,0.003269,,,,,,,,
601700,2014.1,0.001841,,,,,,,,
601800,2014.6,0.003597,,,,,,,,
601900,2015.0,0.002348,,,,,,,,
602000,2015.2,0.002072,,,,,,,,
602100,2015.5,0.001885,,,,,,,,
602200,2015.8,0.006787,,,,,,,,
602300,2016.1,0.002001,,,,,,,,
602400,2016.4,0.001969,,,,,,,,
602500,2016.7,0.001859,,,,,,,,
602600,2016.9,0.002018,,,,,,,,
602700,2017.2,0.002605,,,,,,,,
602800,2017.5,0.002900,,,,,,,,
602900,2017.8,0.002943,,,,,,,,
603000,2018.0,0.006237,,,,,,,,
603100,2018.3,0.001775,,,,,,,,
603200,2018.6,0.002391,,,,,,,,
603300,2018.9,0.003101,,,,,,,,
603400,2019.2,0.001936,,,,,,,,
603500,2019.5,0.003120,,,,,,,,
603600,2019.7,0.001582,,,,,,,,
603700,2020.0,0.001957,,,,,,,,
603800,2020.3,0.002406,,,,,,,,
603900,2020.6,0.002015,,,,,,,,
604000,2020.9,0.001934,,,,,,,,
604100,2021.2,0.002048,,,,,,,,
604200,2021.5,0.001681,,,,,,,,
604300,2021.7,0.001780,,,,,,,,
604400,2022.0,0.002048,,,,,,,,
604500,2022.3,0.003975,,,,,,,,
604600,2022.6,0.002851,,,,,,,,
604700,2022.9,0.002122,,,,,,,,
604800,2023.2,0.001533,,,,,,,,
604900,2023.5,0.001833,,,,,,,,
605000,2024.9,0.002354,0.002240,1.949046e+00,2.142631e-01,1.611488e-01,0.000000,1.884561e+00,1.991709e-01,1.496620e-01
605100,2025.1,0.001863,,,,,,,,
605200,2025.4,0.002412,,,,,,,,
605300,2025.7,0.001838,,,,,,,,
605400,2025.9,0.001954,,,,,,,,
605500,2026.2,0.003412,,,,,,,,
605600,2026.5,0.001763,,,,,,,,
605700,2026.8,0.002073,,,,,,,,
605800,2027.1,0.002684,,,,,,,,
605900,2027.4,0.001900,,,,,,,,
606000,2027.7,0.002917,,,,,,,,
606100,2027.9,0.001946,,,,,,,,
606200,2028.2,0.001481,,,,,,,,
606300,2028.5,0.004582,,,,,,,,
606400,2028.8,0.001891,,,,,,,,
606500,2029.1,0.003819,,,,,,,,
606600,2029.4,0.002092,,,,,,,,
606700,2029.6,0.002225,,,,,,,,
606800,2029.9,0.003553,,,,,,,,
606900,2030.2,0.002857,,,,,,,,
607000,2030.5,0.001889,,,,,,,,
607100,2030.8,0.002620,,,,,,,,
607200,2031.1,0.001741,,,,,,,,
607300,2031.4,0.002203,,,,,,,,
607400,2031.7,0.002720,,,,,,,,
607500,2032.0,0.001958,,,,,,,,
607600,2032.2,0.001842,,,,,,,,
607700,2032.5,0.004046,,,,,,,,
607800,2032.8,0.005356,,,,,,,,
607900,2033.1,0.001823,,,,,,,,
608000,2033.4,0.002003,,,,,,,,
608100,2033.7,0.001741,,,,,,,,
608200,2034.0,0.001570,,,,,,,,
608300,2034.2,0.001738,,,,,,,,
608400,2034.5,0.004382,,,,,,,,
608500,2034.8,0.001934,,,,,,,,
608600,2035.1,0.001860,,,,,,,,
608700,2035.4,0.002255,,,,,,,,
608800,2035.7,0.002389,,,,,,,,
608900,2035.9,0.002042,,,,,,,,
609000,2036.2,0.001758,,,,,,,,
609100,2036.5,0.002061,,,,,,,,
609200,2036.8,0.003469,,,,,,,,
609300,2037.1,0.003081,,,,,,,,
609400,2037.4,0.003208,,,,,,,,
609500,2037.7,0.001876,,,,,,,,
609600,2038.0,0.001901,,,,,,,,
609700,2038.3,0.001768,,,,,,,,
609800,2038.6,0.001463,,,,,,,,
609900,2038.8,0.002393,,,,,,,,
610000,2040.2,0.002661,0.002579,2.526477e+00,2.260580e-01,1.665368e-01,0.000000,2.526477e+00,2.109911e-01,1.545939e-01
610100,2040.4,0.002078,,,,,,,,
610200,2040.7,0.002994,,,,,,,,
610300,2041.0,0.001865,,,,,,,,
610400,2041.3,0.001746,,,,,,,,
610500,2041.6,0.005239,,,,,,,,
610600,2041.9,0.002552,,,,,,,,
610700,2042.2,0.001941,,,,,,,,
610800,2042.5,0.001738,,,,,,,,
610900,2042.8,0.002838,,,,,,,,
611000,2043.0,0.002051,,,,,,,,
611100,2043.3,0.002639,,,,,,,,
611200,2043.5,0.001843,,,,,,,,
611300,2043.8,0.002477,,,,,,,,
611400,2044.1,0.002217,,,,,,,,
611500,2044.4,0.001645,,,,,,,,
611600,2044.7,0.001548,,,,,,,,
611700,2045.1,0.002564,,,,,,,,
611800,2045.4,0.002491,,,,,,,,
611900,2045.7,0.002031,,,,,,,,
612000,2046.0,0.001975,,,,,,,,
612100,2046.3,0.002913,,,,,,,,
612200,2046.6,0.003041,,,,,,,,
612300,2046.9,0.001909,,,,,,,,
612400,2047.2,0.003243,,,,,,,,
612500,2047.5,0.002518,,,,,,,,
612600,2047.9,0.001820,,,,,,,,
612700,2048.2,0.002148,,,,,,,,
612800,2048.5,0.001688,,,,,,,,
612900,2048.8,0.001993,,,,,,,,
613000,2049.1,0.003132,,,,,,,,
613100,2049.4,0.002363,,,,,,,,
613200,2049.7,0.004903,,,,,,,,
613300,2050.0,0.002768,,,,,,,,
613400,2050.3,0.001713,,,,,,,,
613500,2050.6,0.002002,,,,,,,,
613600,2050.9,0.003700,,,,,,,,
613700,2051.2,0.002090,,,,,,,,
613800,2051.5,0.003459,,,,,,,,
613900,2051.8,0.001816,,,,,,,,
614000,2052.1,0.003413,,,,,,,,
614100,2052.4,0.001569,,,,,,,,
614200,2052.7,0.005079,,,,,,,,
614300,2053.0,0.002324,,,,,,,,
614400,2053.3,0.002308,,,,,,,,
614500,2053.6,0.002966,,,,,,,,
614600,2053.9,0.001850,,,,,,,,
614700,2054.2,0.002429,,,,,,,,
614800,2054.5,0.002518,,,,,,,,
614900,2054.8,0.002171,,,,,,,,
615000,2056.6,0.001396,0.002812,4.010831e+00,2.154936e-01,1.586270e-01,0.000000,3.997927e+00,2.003325e-01,1.467489e-01
615100,2057.0,0.001491,,,,,,,,
615200,2057.2,0.002451,,,,,,,,
615300,2057.6,0.001808,,,,,,,,
615400,2057.8,0.003337,,,,,,,,
615500,2058.2,0.002190,,,,,,,,
615600,2058.5,0.001859,,,,,,,,
615700,2058.8,0.001639,,,,,,,,
615800,2059.1,0.001968,,,,,,,,
615900,2059.4,0.002117,,,,,,,,
616000,2059.7,0.001856,,,,,,,,
616100,2060.0,0.001670,,,,,,,,
616200,2060.3,0.001472,,,,,,,,
616300,2060.5,0.002369,,,,,,,,
616400,2060.8,0.001960,,,,,,,,
616500,2061.1,0.002554,,,,,,,,
616600,2061.5,0.002734,,,,,,,,
616700,2061.9,0.001541,,,,,,,,
616800,2062.3,0.003783,,,,,,,,
616900,2062.8,0.003872,,,,,,,,
617000,2063.2,0.001844,,,,,,,,
617100,2063.6,0.001428,,,,,,,,
617200,2064.1,0.002059,,,,,,,,
617300,2064.5,0.002577,,,,,,,,
617400,2064.9,0.002010,,,,,,,,
617500,2065.4,0.002303,,,,,,,,
617600,2065.8,0.002266,,,,,,,,
617700,2066.1,0.002332,,,,,,,,
617800,2066.5,0.001882,,,,,,,,
617900,2067.0,0.001729,,,,,,,,
618000,2067.3,0.002409,,,,,,,,
618100,2067.8,0.002441,,,,,,,,
618200,2068.2,0.003504,,,,,,,,
618300,2068.7,0.002558,,,,,,,,
618400,2069.1,0.004433,,,,,,,,
618500,2069.5,0.002632,,,,,,,,
618600,2070.0,0.003406,,,,,,,,
618700,2070.4,0.003403,,,,,,,,
618800,2070.8,0.001583,,,,,,,,
618900,2071.2,0.002354,,,,,,,,
619000,2071.7,0.001533,,,,,,,,
619100,2072.2,0.001958,,,,,,,,
619200,2072.5,0.002599,,,,,,,,
619300,2072.9,0.002974,,,,,,,,
619400,2073.3,0.002320,,,,,,,,
619500,2073.7,0.001916,,,,,,,,
619600,2074.1,0.005446,,,,,,,,
619700,2074.6,0.001782,,,,,,,,
619800,2075.0,0.001510,,,,,,,,
619900,2075.3,0.001504,,,,,,,,
620000,2076.8,0.002253,0.002129,2.443532e+00,2.106242e-01,1.576021e-01,0.000000,2.443532e+00,1.961561e-01,1.461912e-01
620100,2077.1,0.001742,,,,,,,,
620200,2077.3,0.002383,,,,,,,,
620300,2077.6,0.003929,,,,,,,,
620400,2077.9,0.002055,,,,,,,,
620500,2078.3,0.002582,,,,,,,,
620600,2078.7,0.001783,,,,,,,,
620700,2079.2,0.001517,,,,,,,,
620800,2079.6,0.001780,,,,,,,,
620900,2080.0,0.001791,,,,,,,,
621000,2080.4,0.001663,,,,,,,,
621100,2080.9,0.002291,,,,,,,,
621200,2081.3,0.002092,,,,,,,,
621300,2081.7,0.001827,,,,,,,,
621400,2082.1,0.001965,,,,,,,,
621500,2082.5,0.002851,,,,,,,,
621600,2082.8,0.003177,,,,,,,,
621700,2083.1,0.001512,,,,,,,,
621800,2083.5,0.001453,,,,,,,,
621900,2083.9,0.001583,,,,,,,,
622000,2084.3,0.003083,,,,,,,,
622100,2084.7,0.004531,,,,,,,,
622200,2085.1,0.001707,,,,,,,,
622300,2085.6,0.002290,,,,,,,,
622400,2086.0,0.002098,,,,,,,,
622500,2086.4,0.001997,,,,,,,,
622600,2086.8,0.001816,,,,,,,,
622700,2087.2,0.003447,,,,,,,,
622800,2087.7,0.002270,,,,,,,,
622900,2088.1,0.001849,,,,,,,,
623000,2088.5,0.002250,,,,,,,,
623100,2088.9,0.002020,,,,,,,,
623200,2089.3,0.002259,,,,,,,,
623300,2089.7,0.001725,,,,,,,,
623400,2090.2,0.002040,,,,,,,,
623500,2090.6,0.002304,,,,,,,,
623600,2090.9,0.003757,,,,,,,,
623700,2091.2,0.001852,,,,,,,,
623800,2091.4,0.001975,,,,,,,,
623900,2091.7,0.001669,,,,,,,,
624000,2092.0,0.002051,,,,,,,,
624100,2092.5,0.002693,,,,,,,,
624200,2092.9,0.001800,,,,,,,,
624300,2093.3,0.001981,,,,,,,,
624400,2093.8,0.001971,,,,,,,,
624500,2094.2,0.001846,,,,,,,,
624600,2094.7,0.001860,,,,,,,,
624700,2095.1,0.006706,,,,,,,,
624800,2095.6,0.001693,,,,,,,,
624900,2096.0,0.002202,,,,,,,,
625000,2097.7,0.001588,0.001904,1.685854e+00,2.042269e-01,1.588263e-01,0.000000,1.685854e+00,1.882978e-01,1.477578e-01
625100,2097.9,0.002160,,,,,,,,
625200,2098.2,0.002595,,,,,,,,
625300,2098.5,0.001780,,,,,,,,
625400,2099.0,0.003248,,,,,,,,
625500,2099.4,0.006299,,,,,,,,
625600,2099.9,0.002774,,,,,,,,
625700,2100.3,0.001753,,,,,,,,
625800,2100.8,0.001947,,,,,,,,
625900,2101.2,0.002742,,,,,,,,
626000,2101.6,0.001804,,,,,,,,
626100,2102.0,0.001826,,,,,,,,
626200,2102.5,0.001818,,,,,,,,
626300,2103.0,0.002182,,,,,,,,
626400,2103.4,0.001811,,,,,,,,
626500,2103.9,0.002609,,,,,,,,
626600,2104.4,0.002223,,,,,,,,
626700,2104.8,0.003489,,,,,,,,
626800,2105.3,0.004653,,,,,,,,
626900,2105.7,0.001973,,,,,,,,
627000,2106.2,0.002021,,,,,,,,
627100,2106.6,0.002213,,,,,,,,
627200,2107.0,0.002323,,,,,,,,
627300,2107.5,0.001568,,,,,,,,
627400,2107.9,0.002739,,,,,,,,
627500,2108.2,0.001498,,,,,,,,
627600,2108.6,0.002897,,,,,,,,
627700,2109.1,0.001670,,,,,,,,
627800,2109.6,0.003205,,,,,,,,
627900,2110.1,0.002301,,,,,,,,
628000,2110.5,0.003757,,,,,,,,
628100,2110.9,0.001787,,,,,,,,
628200,2111.3,0.004396,,,,,,,,
628300,2111.6,0.002021,,,,,,,,
628400,2111.9,0.001770,,,,,,,,
628500,2112.2,0.001681,,,,,,,,
628600,2112.5,0.003030,,,,,,,,
628700,2112.8,0.004432,,,,,,,,
628800,2113.1,0.001642,,,,,,,,
628900,2113.4,0.004936,,,,,,,,
629000,2113.7,0.001835,,,,,,,,
629100,2114.0,0.004211,,,,,,,,
629200,2114.3,0.002057,,,,,,,,
629300,2114.5,0.002032,,,,,,,,
629400,2114.8,0.002544,,,,,,,,
629500,2115.1,0.001812,,,,,,,,
629600,2115.4,0.002082,,,,,,,,
629700,2115.7,0.002050,,,,,,,,
629800,2116.0,0.001544,,,,,,,,
629900,2116.3,0.001379,,,,,,,,
630000,2117.7,0.001570,0.002162,2.859095e+00,2.055798e-01,1.544471e-01,0.000000,2.858887e+00,1.908283e-01,1.436034e-01
630100,2117.9,0.001909,,,,,,,,
630200,2118.2,0.001890,,,,,,,,
630300,2118.4,0.002814,,,,,,,,
630400,2118.7,0.004006,,,,,,,,
630500,2119.0,0.001937,,,,,,,,
630600,2119.3,0.004650,,,,,,,,
630700,2119.6,0.001581,,,,,,,,
630800,2119.8,0.005281,,,,,,,,
630900,2120.1,0.001923,,,,,,,,
631000,2120.4,0.005235,,,,,,,,
631100,2120.7,0.001618,,,,,,,,
631200,2121.0,0.001772,,,,,,,,
631300,2121.3,0.001415,,,,,,,,
631400,2121.6,0.002727,,,,,,,,
631500,2121.9,0.002668,,,,,,,,
631600,2122.2,0.002431,,,,,,,,
631700,2122.5,0.001661,,,,,,,,
631800,2122.7,0.005550,,,,,,,,
631900,2123.0,0.001659,,,,,,,,
632000,2123.3,0.002594,,,,,,,,
632100,2123.6,0.003299,,,,,,,,
632200,2123.9,0.001509,,,,,,,,
632300,2124.2,0.001903,,,,,,,,
632400,2124.5,0.002188,,,,,,,,
632500,2124.8,0.002201,,,,,,,,
632600,2125.1,0.003106,,,,,,,,
632700,2125.3,0.002934,,,,,,,,
632800,2125.6,0.001738,,,,,,,,
632900,2125.9,0.001548,,,,,,,,
633000,2126.2,0.001888,,,,,,,,
633100,2126.5,0.001768,,,,,,,,
633200,2126.8,0.001665,,,,,,,,
633300,2127.1,0.003222,,,,,,,,
633400,2127.4,0.001861,,,,,,,,
633500,2127.7,0.003098,,,,,,,,
633600,2128.0,0.001708,,,,,,,,
633700,2128.3,0.001970,,,,,,,,
633800,2128.6,0.002018,,,,,,,,
633900,2128.9,0.001549,,,,,,,,
634000,2129.2,0.002195,,,,,,,,
634100,2129.5,0.001423,,,,,,,,
634200,2129.8,0.001838,,,,,,,,
634300,2130.0,0.002536,,,,,,,,
634400,2130.4,0.002725,,,,,,,,
634500,2130.6,0.001752,,,,,,,,
634600,2130.9,0.001724,,,,,,,,
634700,2131.2,0.002266,,,,,,,,
634800,2131.5,0.001498,,,,,,,,
634900,2131.8,0.002000,,,,,,,,
635000,2133.2,0.001652,0.002305,3.017077e+00,2.102492e-01,1.584176e-01,0.000000,3.017077e+00,1.956584e-01,1.474747e-01
635100,2133.4,0.001473,,,,,,,,
635200,2133.7,0.003530,,,,,,,,
635300,2134.0,0.002459,,,,,,,,
635400,2134.3,0.001821,,,,,,,,
635500,2134.5,0.002428,,,,,,,,
635600,2134.8,0.002857,,,,,,,,
635700,2135.1,0.004505,,,,,,,,
635800,2135.4,0.002701,,,,,,,,
635900,2135.7,0.001551,,,,,,,,
636000,2136.0,0.001679,,,,,,,,
636100,2136.3,0.002053,,,,,,,,
636200,2136.6,0.004013,,,,,,,,
636300,2136.9,0.008018,,,,,,,,
636400,2137.2,0.001516,,,,,,,,
636500,2137.5,0.004873,,,,,,,,
636600,2137.8,0.001553,,,,,,,,
636700,2138.1,0.001861,,,,,,,,
636800,2138.4,0.003193,,,,,,,,
636900,2138.7,0.004026,,,,,,,,
637000,2138.9,0.002005,,,,,,,,
637100,2139.2,0.002525,,,,,,,,
637200,2139.4,0.001681,,,,,,,,
637300,2139.7,0.001370,,,,,,,,
637400,2140.0,0.002090,,,,,,,,
637500,2140.3,0.001917,,,,,,,,
637600,2140.6,0.003059,,,,,,,,
637700,2140.9,0.002320,,,,,,,,
637800,2141.2,0.001681,,,,,,,,
637900,2141.5,0.002517,,,,,,,,
638000,2141.8,0.002747,,,,,,,,
638100,2142.1,0.001817,,,,,,,,
638200,2142.4,0.003867,,,,,,,,
638300,2142.6,0.001628,,,,,,,,
638400,2142.9,0.001366,,,,,,,,
638500,2143.2,0.001756,,,,,,,,
638600,2143.5,0.002367,,,,,,,,
638700,2143.8,0.001705,,,,,,,,
638800,2144.1,0.005363,,,,,,,,
638900,2144.4,0.002429,,,,,,,,
639000,2144.7,0.002182,,,,,,,,
639100,2145.0,0.001535,,,,,,,,
639200,2145.3,0.002804,,,,,,,,
639300,2145.6,0.001643,,,,,,,,
639400,2145.8,0.004340,,,,,,,,
639500,2146.1,0.002295,,,,,,,,
639600,2146.4,0.002154,,,,,,,,
639700,2146.7,0.001455,,,,,,,,
639800,2147.0,0.005236,,,,,,,,
639900,2147.3,0.001607,,,,,,,,
640000,2148.7,0.002132,0.002882,3.862602e+00,2.195760e-01,1.615679e-01,0.000000,3.853047e+00,2.051810e-01,1.512274e-01
640100,2148.9,0.001607,,,,,,,,
640200,2149.2,0.001779,,,,,,,,
640300,2149.5,0.001495,,,,,,,,
640400,2149.8,0.002034,,,,,,,,
640500,2150.1,0.002494,,,,,,,,
640600,2150.4,0.003084,,,,,,,,
640700,2150.7,0.001506,,,,,,,,
640800,2151.0,0.001740,,,,,,,,
640900,2151.3,0.002834,,,,,,,,
641000,2151.6,0.002132,,,,,,,,
641100,2151.9,0.001819,,,,,,,,
641200,2152.2,0.001473,,,,,,,,
641300,2152.5,0.002653,,,,,,,,
641400,2152.8,0.002195,,,,,,,,
641500,2153.1,0.002274,,,,,,,,
641600,2153.3,0.001879,,,,,,,,
641700,2153.6,0.006990,,,,,,,,
641800,2153.9,0.001418,,,,,,,,
641900,2154.2,0.002928,,,,,,,,
642000,2154.5,0.001735,,,,,,,,
642100,2154.8,0.001921,,,,,,,,
642200,2155.1,0.001831,,,,,,,,
642300,2155.4,0.005039,,,,,,,,
642400,2155.7,0.002096,,,,,,,,
642500,2156.0,0.001340,,,,,,,,
642600,2156.3,0.002241,,,,,,,,
642700,2156.6,0.001914,,,,,,,,
642800,2156.9,0.002338,,,,,,,,
642900,2157.2,0.004003,,,,,,,,
643000,2157.5,0.001663,,,,,,,,
643100,2157.8,0.001717,,,,,,,,
643200,2158.1,0.001984,,,,,,,,
643300,2158.4,0.002342,,,,,,,,
643400,2158.7,0.001639,,,,,,,,
643500,2159.0,0.002259,,,,,,,,
643600,2159.3,0.002628,,,,,,,,
643700,2159.6,0.003737,,,,,,,,
643800,2159.8,0.001765,,,,,,,,
643900,2160.1,0.001777,,,,,,,,
644000,2160.4,0.003528,,,,,,,,
644100,2160.7,0.001790,,,,,,,,
644200,2161.0,0.002407,,,,,,,,
644300,2161.3,0.001728,,,,,,,,
644400,2161.6,0.002198,,,,,,,,
644500,2161.9,0.001562,,,,,,,,
644600,2162.2,0.001359,,,,,,,,
644700,2162.5,0.001898,,,,,,,,
644800,2162.8,0.005111,,,,,,,,
644900,2163.1,0.003312,,,,,,,,
645000,2164.5,0.001764,0.001782,1.118738e+00,2.039505e-01,1.628440e-01,0.000000,1.111077e+00,1.883075e-01,1.511603e-01
645100,2164.7,0.001507,,,,,,,,
645200,2165.0,0.001710,,,,,,,,
645300,2165.3,0.002124,,,,,,,,
645400,2165.6,0.001974,,,,,,,,
645500,2165.9,0.001508,,,,,,,,
645600,2166.2,0.002917,,,,,,,,
645700,2166.5,0.002476,,,,,,,,
645800,2166.8,0.001767,,,,,,,,
645900,2167.1,0.001485,,,,,,,,
646000,2167.4,0.001421,,,,,,,,
646100,2167.7,0.002398,,,,,,,,
646200,2168.0,0.002333,,,,,,,,
646300,2168.3,0.002538,,,,,,,,
646400,2168.6,0.002227,,,,,,,,
646500,2168.8,0.002196,,,,,,,,
646600,2169.1,0.002000,,,,,,,,
646700,2169.4,0.003921,,,,,,,,
646800,2169.7,0.001513,,,,,,,,
646900,2170.0,0.001471,,,,,,,,
647000,2170.3,0.002092,,,,,,,,
647100,2170.6,0.004946,,,,,,,,
647200,2170.9,0.001812,,,,,,,,
647300,2171.2,0.003575,,,,,,,,
647400,2171.5,0.002379,,,,,,,,
647500,2171.8,0.004524,,,,,,,,
647600,2172.1,0.001542,,,,,,,,
647700,2172.4,0.001804,,,,,,,,
647800,2172.7,0.001674,,,,,,,,
647900,2173.0,0.002922,,,,,,,,
648000,2173.3,0.002294,,,,,,,,
648100,2173.6,0.002085,,,,,,,,
648200,2173.9,0.002241,,,,,,,,
648300,2174.1,0.008455,,,,,,,,
648400,2174.4,0.001767,,,,,,,,
648500,2174.7,0.001598,,,,,,,,
648600,2175.0,0.002033,,,,,,,,
648700,2175.3,0.001648,,,,,,,,
648800,2175.6,0.001974,,,,,,,,
648900,2175.9,0.002458,,,,,,,,
649000,2176.2,0.002042,,,,,,,,
649100,2176.5,0.002298,,,,,,,,
649200,2176.8,0.001712,,,,,,,,
649300,2177.1,0.001841,,,,,,,,
649400,2177.4,0.001793,,,,,,,,
649500,2177.7,0.004250,,,,,,,,
649600,2178.0,0.001751,,,,,,,,
649700,2178.3,0.002248,,,,,,,,
649800,2178.6,0.002071,,,,,,,,
649900,2178.9,0.001789,,,,,,,,
650000,2180.2,0.002459,0.002237,3.087401e+00,2.059921e-01,1.562564e-01,0.000000,3.087401e+00,1.902830e-01,1.444459e-01
650100,2180.5,0.001658,,,,,,,,
650200,2180.8,0.002456,,,,,,,,
650300,2181.1,0.001743,,,,,,,,
650400,2181.4,0.001796,,,,,,,,
650500,2181.7,0.002027,,,,,,,,
650600,2181.9,0.002090,,,,,,,,
650700,2182.2,0.003103,,,,,,,,
650800,2182.5,0.002378,,,,,,,,
650900,2182.8,0.001539,,,,,,,,
651000,2183.1,0.004172,,,,,,,,
651100,2183.4,0.001997,,,,,,,,
651200,2183.7,0.001930,,,,,,,,
651300,2184.0,0.001971,,,,,,,,
651400,2184.3,0.001917,,,,,,,,
651500,2184.6,0.001763,,,,,,,,
651600,2184.9,0.001815,,,,,,,,
651700,2185.2,0.005270,,,,,,,,
651800,2185.5,0.004844,,,,,,,,
651900,2185.8,0.002172,,,,,,,,
652000,2186.1,0.002317,,,,,,,,
652100,2186.4,0.001682,,,,,,,,
652200,2186.7,0.004704,,,,,,,,
652300,2186.9,0.004105,,,,,,,,
652400,2187.2,0.003283,,,,,,,,
652500,2187.5,0.003791,,,,,,,,
652600,2187.8,0.002037,,,,,,,,
652700,2188.1,0.004968,,,,,,,,
652800,2188.4,0.001594,,,,,,,,
652900,2188.7,0.001817,,,,,,,,
653000,2189.0,0.001687,,,,,,,,
653100,2189.3,0.002008,,,,,,,,
653200,2189.6,0.001819,,,,,,,,
653300,2189.9,0.002427,,,,,,,,
653400,2190.2,0.002125,,,,,,,,
653500,2190.5,0.002073,,,,,,,,
653600,2190.8,0.003147,,,,,,,,
653700,2191.0,0.002223,,,,,,,,
653800,2191.3,0.002329,,,,,,,,
653900,2191.6,0.002920,,,,,,,,
654000,2191.9,0.002268,,,,,,,,
654100,2192.2,0.001525,,,,,,,,
654200,2192.5,0.002386,,,,,,,,
654300,2192.8,0.002160,,,,,,,,
654400,2193.1,0.001566,,,,,,,,
654500,2193.3,0.003388,,,,,,,,
654600,2193.6,0.001682,,,,,,,,
654700,2193.9,0.001869,,,,,,,,
654800,2194.2,0.001480,,,,,,,,
654900,2194.5,0.001685,,,,,,,,
655000,2195.9,0.001662,0.001942,2.026159e+00,2.050995e-01,1.599554e-01,0.000000,2.026159e+00,1.898004e-01,1.480032e-01
655100,2196.1,0.002334,,,,,,,,
655200,2196.4,0.004854,,,,,,,,
655300,2196.7,0.002964,,,,,,,,
655400,2197.0,0.002820,,,,,,,,
655500,2197.3,0.001380,,,,,,,,
655600,2197.6,0.002065,,,,,,,,
655700,2197.8,0.002962,,,,,,,,
655800,2198.1,0.001764,,,,,,,,
655900,2198.3,0.001908,,,,,,,,
656000,2198.6,0.004116,,,,,,,,
656100,2198.9,0.001924,,,,,,,,
656200,2199.2,0.001652,,,,,,,,
656300,2199.5,0.002450,,,,,,,,
656400,2199.8,0.003970,,,,,,,,
656500,2200.1,0.001960,,,,,,,,
656600,2200.4,0.001937,,,,,,,,
656700,2200.7,0.001808,,,,,,,,
656800,2200.9,0.002587,,,,,,,,
656900,2201.2,0.001404,,,,,,,,
657000,2201.5,0.001755,,,,,,,,
657100,2201.8,0.003585,,,,,,,,
657200,2202.1,0.001890,,,,,,,,
657300,2202.4,0.001602,,,,,,,,
657400,2202.7,0.001549,,,,,,,,
657500,2203.0,0.002547,,,,,,,,
657600,2203.3,0.002157,,,,,,,,
657700,2203.6,0.002073,,,,,,,,
657800,2203.9,0.004807,,,,,,,,
657900,2204.2,0.001278,,,,,,,,
658000,2204.5,0.004260,,,,,,,,
658100,2204.7,0.005693,,,,,,,,
658200,2205.0,0.001882,,,,,,,,
658300,2205.3,0.004070,,,,,,,,
658400,2205.6,0.005272,,,,,,,,
658500,2205.9,0.001488,,,,,,,,
658600,2206.2,0.003646,,,,,,,,
658700,2206.5,0.003096,,,,,,,,
658800,2206.8,0.001674,,,,,,,,
658900,2207.1,0.003075,,,,,,,,
659000,2207.4,0.001759,,,,,,,,
659100,2207.7,0.001808,,,,,,,,
659200,2208.0,0.005018,,,,,,,,
659300,2208.2,0.001329,,,,,,,,
659400,2208.5,0.001855,,,,,,,,
659500,2208.8,0.001823,,,,,,,,
659600,2209.1,0.003093,,,,,,,,
659700,2209.4,0.002238,,,,,,,,
659800,2209.7,0.002846,,,,,,,,
659900,2210.0,0.002277,,,,,,,,
660000,2211.4,0.003829,0.002110,2.590207e+00,2.061675e-01,1.555976e-01,0.000000,2.590207e+00,1.912804e-01,1.450669e-01
660100,2211.6,0.002245,,,,,,,,
660200,2211.9,0.004451,,,,,,,,
660300,2212.2,0.002100,,,,,,,,
660400,2212.5,0.002820,,,,,,,,
660500,2212.8,0.002204,,,,,,,,
660600,2213.1,0.002288,,,,,,,,
660700,2213.4,0.001600,,,,,,,,
660800,2213.6,0.002128,,,,,,,,
660900,2213.9,0.001916,,,,,,,,
661000,2214.2,0.004656,,,,,,,,
661100,2214.5,0.003754,,,,,,,,
661200,2214.8,0.002482,,,,,,,,
661300,2215.1,0.001717,,,,,,,,
661400,2215.4,0.001738,,,,,,,,
661500,2215.7,0.003808,,,,,,,,
661600,2216.0,0.001805,,,,,,,,
661700,2216.3,0.002559,,,,,,,,
661800,2216.6,0.001819,,,,,,,,
661900,2216.9,0.001797,,,,,,,,
662000,2217.2,0.002005,,,,,,,,
662100,2217.5,0.005453,,,,,,,,
662200,2217.8,0.001821,,,,,,,,
662300,2218.1,0.002083,,,,,,,,
662400,2218.4,0.001707,,,,,,,,
662500,2218.6,0.002079,,,,,,,,
662600,2218.9,0.001855,,,,,,,,
662700,2219.2,0.001813,,,,,,,,
662800,2219.5,0.002723,,,,,,,,
662900,2219.8,0.002945,,,,,,,,
663000,2220.1,0.001762,,,,,,,,
663100,2220.4,0.001356,,,,,,,,
663200,2220.7,0.002538,,,,,,,,
663300,2220.9,0.002299,,,,,,,,
663400,2221.2,0.001478,,,,,,,,
663500,2221.5,0.001776,,,,,,,,
663600,2221.8,0.003120,,,,,,,,
663700,2222.1,0.001564,,,,,,,,
663800,2222.4,0.002269,,,,,,,,
663900,2222.7,0.004138,,,,,,,,
664000,2223.0,0.003826,,,,,,,,
664100,2223.2,0.001643,,,,,,,,
664200,2223.5,0.002142,,,,,,,,
664300,2223.8,0.004074,,,,,,,,
664400,2224.1,0.001616,,,,,,,,
664500,2224.4,0.002564,,,,,,,,
664600,2224.7,0.001692,,,,,,,,
664700,2225.0,0.001802,,,,,,,,
664800,2225.3,0.001530,,,,,,,,
664900,2225.6,0.001441,,,,,,,,
665000,2227.0,0.003109,0.002171,2.123522e+00,2.101654e-01,1.591856e-01,0.000000,2.123522e+00,1.950339e-01,1.475434e-01
665100,2227.2,0.001917,,,,,,,,
665200,2227.5,0.002165,,,,,,,,
665300,2227.8,0.002921,,,,,,,,
665400,2228.1,0.002055,,,,,,,,
665500,2228.4,0.002816,,,,,,,,
665600,2228.7,0.002623,,,,,,,,
665700,2228.9,0.002012,,,,,,,,
665800,2229.2,0.002504,,,,,,,,
665900,2229.5,0.001384,,,,,,,,
666000,2229.8,0.002265,,,,,,,,
666100,2230.1,0.001908,,,,,,,,
666200,2230.4,0.002925,,,,,,,,
666300,2230.7,0.001652,,,,,,,,
666400,2231.0,0.001627,,,,,,,,
666500,2231.3,0.002416,,,,,,,,
666600,2231.6,0.001779,,,,,,,,
666700,2231.9,0.001736,,,,,,,,
666800,2232.2,0.001646,,,,,,,,
666900,2232.5,0.004935,,,,,,,,
667000,2232.8,0.002650,,,,,,,,
667100,2233.1,0.001358,,,,,,,,
667200,2233.3,0.001517,,,,,,,,
667300,2233.6,0.001990,,,,,,,,
667400,2233.9,0.001668,,,,,,,,
667500,2234.2,0.001726,,,,,,,,
667600,2234.5,0.001723,,,,,,,,
667700,2234.8,0.001699,,,,,,,,
667800,2235.1,0.002062,,,,,,,,
667900,2235.4,0.002008,,,,,,,,
668000,2235.6,0.001788,,,,,,,,
668100,2235.9,0.002941,,,,,,,,
668200,2236.2,0.003061,,,,,,,,
668300,2236.5,0.002214,,,,,,,,
668400,2236.8,0.002530,,,,,,,,
668500,2237.1,0.001715,,,,,,,,
668600,2237.4,0.003299,,,,,,,,
668700,2237.7,0.001415,,,,,,,,
668800,2238.0,0.002827,,,,,,,,
668900,2238.3,0.001937,,,,,,,,
669000,2238.6,0.001539,,,,,,,,
669100,2238.9,0.001344,,,,,,,,
669200,2239.2,0.001498,,,,,,,,
669300,2239.4,0.001736,,,,,,,,
669400,2239.7,0.004771,,,,,,,,
669500,2240.0,0.003037,,,,,,,,
669600,2240.3,0.002071,,,,,,,,
669700,2240.6,0.001192,,,,,,,,
669800,2240.9,0.002396,,,,,,,,
669900,2241.2,0.001612,,,,,,,,
670000,2242.6,0.003169,0.001942,2.148849e+00,2.049575e-01,1.605987e-01,0.000000,2.148849e+00,1.894746e-01,1.486437e-01
670100,2242.9,0.001350,,,,,,,,
670200,2243.2,0.001345,,,,,,,,
670300,2243.4,0.001758,,,,,,,,
670400,2243.7,0.002084,,,,,,,,
670500,2244.0,0.002486,,,,,,,,
670600,2244.3,0.001936,,,,,,,,
670700,2244.6,0.001695,,,,,,,,
670800,2244.9,0.003079,,,,,,,,
670900,2245.2,0.001985,,,,,,,,
671000,2245.5,0.001958,,,,,,,,
671100,2245.7,0.001799,,,,,,,,
671200,2246.0,0.001696,,,,,,,,
671300,2246.3,0.002804,,,,,,,,
671400,2246.6,0.001587,,,,,,,,
671500,2246.9,0.002050,,,,,,,,
671600,2247.2,0.004906,,,,,,,,
671700,2247.4,0.001840,,,,,,,,
671800,2247.7,0.002569,,,,,,,,
671900,2248.0,0.002405,,,,,,,,
672000,2248.3,0.001421,,,,,,,,
672100,2248.6,0.002702,,,,,,,,
672200,2248.8,0.001485,,,,,,,,
672300,2249.1,0.001672,,,,,,,,
672400,2249.4,0.002598,,,,,,,,
672500,2249.7,0.001682,,,,,,,,
672600,2250.0,0.001522,,,,,,,,
672700,2250.3,0.001462,,,,,,,,
672800,2250.5,0.001841,,,,,,,,
672900,2250.8,0.004341,,,,,,,,
673000,2251.1,0.002298,,,,,,,,
673100,2251.4,0.002117,,,,,,,,
673200,2251.7,0.001382,,,,,,,,
673300,2252.0,0.003296,,,,,,,,
673400,2252.3,0.005172,,,,,,,,
673500,2252.6,0.001393,,,,,,,,
673600,2252.8,0.003463,,,,,,,,
673700,2253.1,0.002907,,,,,,,,
673800,2253.4,0.001824,,,,,,,,
673900,2253.7,0.002219,,,,,,,,
674000,2254.0,0.001606,,,,,,,,
674100,2254.3,0.001861,,,,,,,,
674200,2254.6,0.002561,,,,,,,,
674300,2254.9,0.001362,,,,,,,,
674400,2255.2,0.001521,,,,,,,,
674500,2255.5,0.001539,,,,,,,,
674600,2255.7,0.001962,,,,,,,,
674700,2256.0,0.001617,,,,,,,,
674800,2256.3,0.001690,,,,,,,,
674900,2256.6,0.002590,,,,,,,,
675000,2258.1,0.001745,0.001700,1.085917e+00,1.977195e-01,1.539278e-01,0.000000,1.060862e+00,1.825049e-01,1.426689e-01
675100,2258.4,0.001861,,,,,,,,
675200,2258.6,0.001991,,,,,,,,
675300,2259.0,0.002033,,,,,,,,
675400,2259.4,0.001858,,,,,,,,
675500,2259.9,0.001938,,,,,,,,
675600,2260.3,0.003242,,,,,,,,
675700,2260.7,0.001596,,,,,,,,
675800,2261.2,0.001666,,,,,,,,
675900,2261.6,0.004905,,,,,,,,
676000,2262.1,0.002735,,,,,,,,
676100,2262.6,0.001627,,,,,,,,
676200,2263.0,0.003267,,,,,,,,
676300,2263.4,0.001429,,,,,,,,
676400,2263.9,0.002448,,,,,,,,
676500,2264.4,0.002158,,,,,,,,
676600,2264.8,0.005321,,,,,,,,
676700,2265.3,0.002036,,,,,,,,
676800,2265.7,0.003586,,,,,,,,
676900,2266.0,0.002258,,,,,,,,
677000,2266.3,0.001552,,,,,,,,
677100,2266.6,0.001994,,,,,,,,
677200,2266.9,0.001605,,,,,,,,
677300,2267.2,0.001648,,,,,,,,
677400,2267.4,0.001843,,,,,,,,
677500,2267.7,0.002210,,,,,,,,
677600,2268.0,0.002217,,,,,,,,
677700,2268.3,0.002049,,,,,,,,
677800,2268.6,0.002420,,,,,,,,
677900,2268.9,0.002177,,,,,,,,
678000,2269.2,0.001770,,,,,,,,
678100,2269.5,0.001722,,,,,,,,
678200,2269.8,0.001864,,,,,,,,
678300,2270.1,0.002135,,,,,,,,
678400,2270.4,0.002278,,,,,,,,
678500,2270.7,0.001830,,,,,,,,
678600,2270.9,0.002372,,,,,,,,
678700,2271.3,0.001328,,,,,,,,
678800,2271.7,0.001717,,,,,,,,
678900,2272.2,0.001756,,,,,,,,
679000,2272.6,0.001678,,,,,,,,
679100,2272.9,0.001379,,,,,,,,
679200,2273.3,0.001714,,,,,,,,
679300,2273.7,0.002271,,,,,,,,
679400,2274.0,0.001506,,,,,,,,
679500,2274.3,0.004695,,,,,,,,
679600,2274.6,0.002546,,,,,,,,
679700,2275.0,0.001648,,,,,,,,
679800,2275.4,0.001922,,,,,,,,
679900,2275.7,0.001939,,,,,,,,
680000,2277.3,0.003333,0.001798,2.201048e+00,2.009489e-01,1.557051e-01,0.000000,2.201048e+00,1.854454e-01,1.451587e-01
680100,2277.6,0.002435,,,,,,,,
680200,2277.9,0.002256,,,,,,,,
680300,2278.2,0.004508,,,,,,,,
680400,2278.7,0.002961,,,,,,,,
680500,2279.0,0.001584,,,,,,,,
680600,2279.5,0.002926,,,,,,,,
680700,2279.9,0.002331,,,,,,,,
680800,2280.3,0.005304,,,,,,,,
680900,2280.7,0.001474,,,,,,,,
681000,2281.2,0.001439,,,,,,,,
681100,2281.6,0.001657,,,,,,,,
681200,2282.1,0.001795,,,,,,,,
681300,2282.6,0.001827,,,,,,,,
681400,2283.0,0.001711,,,,,,,,
681500,2283.5,0.002130,,,,,,,,
681600,2283.9,0.001703,,,,,,,,
681700,2284.4,0.001932,,,,,,,,
681800,2284.8,0.001442,,,,,,,,
681900,2285.3,0.002020,,,,,,,,
682000,2285.8,0.001581,,,,,,,,
682100,2286.2,0.002985,,,,,,,,
682200,2286.7,0.002805,,,,,,,,
682300,2287.2,0.002597,,,,,,,,
682400,2287.6,0.001575,,,,,,,,
682500,2288.1,0.001877,,,,,,,,
682600,2288.6,0.002807,,,,,,,,
682700,2289.0,0.002681,,,,,,,,
682800,2289.5,0.001783,,,,,,,,
682900,2289.9,0.001643,,,,,,,,
683000,2290.4,0.002168,,,,,,,,
683100,2290.8,0.002082,,,,,,,,
683200,2291.3,0.001443,,,,,,,,
683300,2291.8,0.003007,,,,,,,,
683400,2292.2,0.002241,,,,,,,,
683500,2292.7,0.002535,,,,,,,,
683600,2293.2,0.003021,,,,,,,,
683700,2293.7,0.004096,,,,,,,,
683800,2294.1,0.003679,,,,,,,,
683900,2294.6,0.002446,,,,,,,,
684000,2295.1,0.001783,,,,,,,,
684100,2295.6,0.001363,,,,,,,,
684200,2296.0,0.001843,,,,,,,,
684300,2296.5,0.001791,,,,,,,,
684400,2297.0,0.001906,,,,,,,,
684500,2297.4,0.005031,,,,,,,,
684600,2297.9,0.002838,,,,,,,,
684700,2298.3,0.001443,,,,,,,,
684800,2298.8,0.005664,,,,,,,,
684900,2299.3,0.002534,,,,,,,,
685000,2300.9,0.001750,0.001744,1.474569e+00,2.017158e-01,1.589258e-01,0.000000,1.474569e+00,1.866626e-01,1.477716e-01
685100,2301.1,0.001749,,,,,,,,
685200,2301.4,0.002667,,,,,,,,
685300,2301.8,0.001927,,,,,,,,
685400,2302.3,0.003816,,,,,,,,
685500,2302.7,0.001682,,,,,,,,
685600,2303.2,0.001141,,,,,,,,
685700,2303.7,0.001665,,,,,,,,
685800,2304.1,0.003459,,,,,,,,
685900,2304.6,0.001649,,,,,,,,
686000,2305.1,0.001989,,,,,,,,
686100,2305.5,0.001819,,,,,,,,
686200,2306.0,0.002349,,,,,,,,
686300,2306.4,0.001381,,,,,,,,
686400,2306.9,0.002034,,,,,,,,
686500,2307.4,0.002096,,,,,,,,
686600,2307.8,0.003940,,,,,,,,
686700,2308.3,0.003813,,,,,,,,
686800,2308.7,0.001433,,,,,,,,
686900,2309.2,0.002826,,,,,,,,
687000,2309.7,0.001690,,,,,,,,
687100,2310.1,0.001467,,,,,,,,
687200,2310.6,0.001654,,,,,,,,
687300,2311.1,0.001894,,,,,,,,
687400,2311.5,0.001689,,,,,,,,
687500,2312.0,0.002589,,,,,,,,
687600,2312.4,0.002930,,,,,,,,
687700,2312.9,0.002030,,,,,,,,
687800,2313.4,0.001525,,,,,,,,
687900,2313.9,0.001825,,,,,,,,
688000,2314.3,0.001659,,,,,,,,
688100,2314.8,0.002662,,,,,,,,
688200,2315.3,0.004036,,,,,,,,
688300,2315.8,0.001889,,,,,,,,
688400,2316.2,0.001778,,,,,,,,
688500,2316.7,0.001584,,,,,,,,
688600,2317.1,0.001817,,,,,,,,
688700,2317.6,0.004392,,,,,,,,
688800,2318.1,0.001656,,,,,,,,
688900,2318.6,0.003488,,,,,,,,
689000,2319.0,0.001482,,,,,,,,
689100,2319.4,0.002283,,,,,,,,
689200,2319.8,0.002078,,,,,,,,
689300,2320.3,0.002925,,,,,,,,
689400,2320.7,0.004820,,,,,,,,
689500,2321.2,0.001665,,,,,,,,
689600,2321.7,0.004061,,,,,,,,
689700,2322.2,0.002413,,,,,,,,
689800,2322.6,0.002001,,,,,,,,
689900,2323.1,0.002330,,,,,,,,
690000,2324.7,0.001777,0.001899,2.128445e+00,2.024451e-01,1.578314e-01,0.000000,2.128445e+00,1.872358e-01,1.459432e-01
690100,2324.9,0.002515,,,,,,,,
690200,2325.2,0.005835,,,,,,,,
690300,2325.5,0.001542,,,,,,,,
690400,2325.9,0.001961,,,,,,,,
690500,2326.4,0.001825,,,,,,,,
690600,2326.9,0.001674,,,,,,,,
690700,2327.3,0.007519,,,,,,,,
690800,2327.8,0.001315,,,,,,,,
690900,2328.3,0.001348,,,,,,,,
691000,2328.7,0.001653,,,,,,,,
691100,2329.2,0.001573,,,,,,,,
691200,2329.7,0.002366,,,,,,,,
691300,2330.1,0.002526,,,,,,,,
691400,2330.6,0.001606,,,,,,,,
691500,2331.0,0.002143,,,,,,,,
691600,2331.5,0.002251,,,,,,,,
691700,2332.0,0.001588,,,,,,,,
691800,2332.4,0.002031,,,,,,,,
691900,2332.8,0.002350,,,,,,,,
692000,2333.2,0.001805,,,,,,,,
692100,2333.6,0.001495,,,,,,,,
692200,2334.0,0.001906,,,,,,,,
692300,2334.4,0.002718,,,,,,,,
692400,2334.9,0.001726,,,,,,,,
692500,2335.3,0.002420,,,,,,,,
692600,2335.7,0.002814,,,,,,,,
692700,2336.1,0.001884,,,,,,,,
692800,2336.4,0.001726,,,,,,,,
692900,2336.8,0.001556,,,,,,,,
693000,2337.2,0.002525,,,,,,,,
693100,2337.6,0.001908,,,,,,,,
693200,2338.0,0.002260,,,,,,,,
693300,2338.3,0.001750,,,,,,,,
693400,2338.7,0.001834,,,,,,,,
693500,2339.0,0.002737,,,,,,,,
693600,2339.4,0.001814,,,,,,,,
693700,2339.8,0.002152,,,,,,,,
693800,2340.1,0.002090,,,,,,,,
693900,2340.5,0.003359,,,,,,,,
694000,2340.9,0.002797,,,,,,,,
694100,2341.4,0.001263,,,,,,,,
694200,2341.8,0.001720,,,,,,,,
694300,2342.2,0.001758,,,,,,,,
694400,2342.5,0.002429,,,,,,,,
694500,2342.8,0.001824,,,,,,,,
694600,2343.1,0.001882,,,,,,,,
694700,2343.4,0.002357,,,,,,,,
694800,2343.8,0.003069,,,,,,,,
694900,2344.2,0.001774,,,,,,,,
695000,2346.0,0.001741,0.001769,1.453853e+00,2.018657e-01,1.586945e-01,0.000000,1.453853e+00,1.863558e-01,1.468360e-01
695100,2346.2,0.001786,,,,,,,,
695200,2346.5,0.001579,,,,,,,,
695300,2346.9,0.002245,,,,,,,,
695400,2347.4,0.001834,,,,,,,,
695500,2347.8,0.001712,,,,,,,,
695600,2348.3,0.001602,,,,,,,,
695700,2348.7,0.002174,,,,,,,,
695800,2349.1,0.002169,,,,,,,,
695900,2349.6,0.002641,,,,,,,,
696000,2350.1,0.001857,,,,,,,,
696100,2350.5,0.001379,,,,,,,,
696200,2351.0,0.003060,,,,,,,,
696300,2351.5,0.002259,,,,,,,,
696400,2351.9,0.002202,,,,,,,,
696500,2352.4,0.001637,,,,,,,,
696600,2352.9,0.001509,,,,,,,,
696700,2353.3,0.002345,,,,,,,,
696800,2353.7,0.002103,,,,,,,,
696900,2354.0,0.001701,,,,,,,,
697000,2354.4,0.001912,,,,,,,,
697100,2354.7,0.002680,,,,,,,,
697200,2355.2,0.002406,,,,,,,,
697300,2355.6,0.001650,,,,,,,,
697400,2356.0,0.001397,,,,,,,,
697500,2356.5,0.002202,,,,,,,,
697600,2356.9,0.001663,,,,,,,,
697700,2357.4,0.001746,,,,,,,,
697800,2357.8,0.001835,,,,,,,,
697900,2358.3,0.001480,,,,,,,,
698000,2358.8,0.001604,,,,,,,,
698100,2359.2,0.001568,,,,,,,,
698200,2359.6,0.002748,,,,,,,,
698300,2360.0,0.002217,,,,,,,,
698400,2360.4,0.003644,,,,,,,,
698500,2360.7,0.001768,,,,,,,,
698600,2361.0,0.002004,,,,,,,,
698700,2361.4,0.002128,,,,,,,,
698800,2361.7,0.002406,,,,,,,,
698900,2362.1,0.001395,,,,,,,,
699000,2362.3,0.001777,,,,,,,,
699100,2362.7,0.004065,,,,,,,,
699200,2363.0,0.001620,,,,,,,,
699300,2363.4,0.002503,,,,,,,,
699400,2363.7,0.001956,,,,,,,,
699500,2364.1,0.005791,,,,,,,,
699600,2364.5,0.001572,,,,,,,,
699700,2364.8,0.001625,,,,,,,,
699800,2365.2,0.002339,,,,,,,,
699900,2365.8,0.004740,,,,,,,,
700000,2367.3,0.001754,0.001725,1.421441e+00,2.009088e-01,1.582018e-01,0.000000,1.421441e+00,1.857034e-01,1.473957e-01
700100,2367.6,0.001347,,,,,,,,
700200,2367.9,0.002128,,,,,,,,
700300,2368.2,0.005647,,,,,,,,
700400,2368.6,0.002464,,,,,,,,
700500,2369.0,0.001636,,,,,,,,
700600,2369.4,0.002433,,,,,,,,
700700,2369.7,0.002198,,,,,,,,
700800,2370.1,0.002012,,,,,,,,
700900,2370.4,0.001430,,,,,,,,
701000,2370.8,0.002473,,,,,,,,
701100,2371.3,0.002305,,,,,,,,
701200,2371.7,0.002152,,,,,,,,
701300,2372.1,0.003346,,,,,,,,
701400,2372.5,0.002146,,,,,,,,
701500,2373.0,0.002471,,,,,,,,
701600,2373.4,0.002121,,,,,,,,
701700,2373.9,0.001718,,,,,,,,
701800,2374.3,0.001732,,,,,,,,
701900,2374.7,0.001905,,,,,,,,
702000,2375.0,0.001757,,,,,,,,
702100,2375.4,0.001644,,,,,,,,
702200,2375.8,0.002269,,,,,,,,
702300,2376.2,0.001861,,,,,,,,
702400,2376.5,0.003583,,,,,,,,
702500,2376.9,0.001708,,,,,,,,
702600,2377.2,0.002219,,,,,,,,
702700,2377.6,0.001662,,,,,,,,
702800,2378.0,0.002196,,,,,,,,
702900,2378.4,0.001561,,,,,,,,
703000,2378.7,0.001564,,,,,,,,
703100,2379.0,0.001472,,,,,,,,
703200,2379.5,0.001824,,,,,,,,
703300,2379.9,0.001933,,,,,,,,
703400,2380.4,0.001888,,,,,,,,
703500,2380.9,0.002350,,,,,,,,
703600,2381.2,0.002083,,,,,,,,
703700,2381.6,0.001316,,,,,,,,
703800,2382.0,0.001765,,,,,,,,
703900,2382.4,0.001611,,,,,,,,
704000,2382.7,0.002012,,,,,,,,
704100,2383.1,0.002031,,,,,,,,
704200,2383.4,0.002306,,,,,,,,
704300,2383.8,0.001895,,,,,,,,
704400,2384.2,0.001743,,,,,,,,
704500,2384.6,0.001338,,,,,,,,
704600,2385.0,0.001497,,,,,,,,
704700,2385.4,0.001452,,,,,,,,
704800,2385.8,0.001614,,,,,,,,
704900,2386.1,0.002403,,,,,,,,
705000,2388.1,0.002587,0.001701,1.106565e+00,1.985354e-01,1.565097e-01,0.000000,1.106565e+00,1.833355e-01,1.448346e-01
705100,2388.5,0.001798,,,,,,,,
705200,2388.8,0.003254,,,,,,,,
705300,2389.1,0.001458,,,,,,,,
705400,2389.4,0.003994,,,,,,,,
705500,2389.7,0.001382,,,,,,,,
705600,2390.0,0.001386,,,,,,,,
705700,2390.3,0.002606,,,,,,,,
705800,2390.6,0.002865,,,,,,,,
705900,2391.0,0.001968,,,,,,,,
706000,2391.3,0.002509,,,,,,,,
706100,2391.6,0.003409,,,,,,,,
706200,2391.9,0.001833,,,,,,,,
706300,2392.2,0.001560,,,,,,,,
706400,2392.6,0.001494,,,,,,,,
706500,2392.9,0.001497,,,,,,,,
706600,2393.2,0.003542,,,,,,,,
706700,2393.4,0.001749,,,,,,,,
706800,2393.7,0.002557,,,,,,,,
706900,2394.0,0.001678,,,,,,,,
707000,2394.3,0.001676,,,,,,,,
707100,2394.6,0.001658,,,,,,,,
707200,2395.0,0.001676,,,,,,,,
707300,2395.3,0.002777,,,,,,,,
707400,2395.5,0.002048,,,,,,,,
707500,2395.8,0.001760,,,,,,,,
707600,2396.2,0.001569,,,,,,,,
707700,2396.5,0.002087,,,,,,,,
707800,2396.8,0.001698,,,,,,,,
707900,2397.1,0.002197,,,,,,,,
708000,2397.5,0.001962,,,,,,,,
708100,2398.0,0.001611,,,,,,,,
708200,2398.4,0.004062,,,,,,,,
708300,2398.9,0.001798,,,,,,,,
708400,2399.3,0.001681,,,,,,,,
708500,2399.8,0.001872,,,,,,,,
708600,2400.3,0.002247,,,,,,,,
708700,2400.7,0.002330,,,,,,,,
708800,2401.2,0.002564,,,,,,,,
708900,2401.6,0.001655,,,,,,,,
709000,2402.1,0.002116,,,,,,,,
709100,2402.6,0.003900,,,,,,,,
709200,2403.0,0.001994,,,,,,,,
709300,2403.5,0.001631,,,,,,,,
709400,2404.0,0.001608,,,,,,,,
709500,2404.4,0.002592,,,,,,,,
709600,2404.9,0.001496,,,,,,,,
709700,2405.4,0.001322,,,,,,,,
709800,2405.9,0.001828,,,,,,,,
709900,2406.3,0.001754,,,,,,,,
710000,2408.0,0.001999,0.001913,2.261309e+00,2.011733e-01,1.535327e-01,0.000000,2.261309e+00,1.860648e-01,1.433474e-01
710100,2408.2,0.003055,,,,,,,,
710200,2408.5,0.001645,,,,,,,,
710300,2408.8,0.002728,,,,,,,,
710400,2409.2,0.001550,,,,,,,,
710500,2409.7,0.001574,,,,,,,,
710600,2410.2,0.003641,,,,,,,,
710700,2410.7,0.001614,,,,,,,,
710800,2411.1,0.001447,,,,,,,,
710900,2411.6,0.002537,,,,,,,,
711000,2412.0,0.005466,,,,,,,,
711100,2412.5,0.001611,,,,,,,,
711200,2413.0,0.002026,,,,,,,,
711300,2413.4,0.002065,,,,,,,,
711400,2413.9,0.003775,,,,,,,,
711500,2414.4,0.001486,,,,,,,,
711600,2414.8,0.002747,,,,,,,,
711700,2415.2,0.001903,,,,,,,,
711800,2415.5,0.002195,,,,,,,,
711900,2415.9,0.001380,,,,,,,,
712000,2416.2,0.001709,,,,,,,,
712100,2416.7,0.001531,,,,,,,,
712200,2417.1,0.002425,,,,,,,,
712300,2417.5,0.001366,,,,,,,,
712400,2417.9,0.002410,,,,,,,,
712500,2418.4,0.003253,,,,,,,,
712600,2418.8,0.003163,,,,,,,,
712700,2419.3,0.003001,,,,,,,,
712800,2419.7,0.001797,,,,,,,,
712900,2420.2,0.002113,,,,,,,,
713000,2420.6,0.001812,,,,,,,,
713100,2421.1,0.001874,,,,,,,,
713200,2421.5,0.003053,,,,,,,,
713300,2422.0,0.001694,,,,,,,,
713400,2422.5,0.003607,,,,,,,,
713500,2422.9,0.001529,,,,,,,,
713600,2423.4,0.002212,,,,,,,,
713700,2423.8,0.001251,,,,,,,,
713800,2424.3,0.002400,,,,,,,,
713900,2424.8,0.001660,,,,,,,,
714000,2425.2,0.001666,,,,,,,,
714100,2425.7,0.001532,,,,,,,,
714200,2426.1,0.005033,,,,,,,,
714300,2426.6,0.002139,,,,,,,,
714400,2427.0,0.003322,,,,,,,,
714500,2427.5,0.001808,,,,,,,,
714600,2428.0,0.002062,,,,,,,,
714700,2428.5,0.001867,,,,,,,,
714800,2429.0,0.001726,,,,,,,,
714900,2429.4,0.003053,,,,,,,,
715000,2431.0,0.001567,0.001711,1.286180e+00,1.983943e-01,1.562864e-01,0.000000,1.286180e+00,1.831023e-01,1.451697e-01
715100,2431.3,0.001662,,,,,,,,
715200,2431.6,0.002835,,,,,,,,
715300,2431.9,0.003310,,,,,,,,
715400,2432.4,0.004537,,,,,,,,
715500,2432.8,0.001699,,,,,,,,
715600,2433.1,0.003323,,,,,,,,
715700,2433.5,0.001997,,,,,,,,
715800,2433.9,0.001445,,,,,,,,
715900,2434.4,0.001572,,,,,,,,
716000,2434.8,0.001707,,,,,,,,
716100,2435.3,0.002151,,,,,,,,
716200,2435.7,0.002107,,,,,,,,
716300,2436.2,0.002689,,,,,,,,
716400,2436.5,0.003232,,,,,,,,
716500,2436.9,0.001924,,,,,,,,
716600,2437.3,0.002128,,,,,,,,
716700,2437.8,0.001689,,,,,,,,
716800,2438.2,0.001531,,,,,,,,
716900,2438.6,0.001718,,,,,,,,
717000,2439.1,0.002018,,,,,,,,
717100,2439.5,0.002181,,,,,,,,
717200,2439.9,0.001404,,,,,,,,
717300,2440.4,0.001990,,,,,,,,
717400,2440.8,0.001468,,,,,,,,
717500,2441.3,0.001789,,,,,,,,
717600,2441.7,0.001915,,,,,,,,
717700,2442.2,0.002332,,,,,,,,
717800,2442.6,0.002147,,,,,,,,
717900,2443.1,0.002675,,,,,,,,
718000,2443.6,0.001417,,,,,,,,
718100,2444.0,0.001917,,,,,,,,
718200,2444.5,0.001441,,,,,,,,
718300,2444.9,0.002524,,,,,,,,
718400,2445.4,0.001773,,,,,,,,
718500,2445.9,0.001945,,,,,,,,
718600,2446.3,0.001768,,,,,,,,
718700,2446.8,0.002343,,,,,,,,
718800,2447.1,0.002237,,,,,,,,
718900,2447.6,0.001739,,,,,,,,
719000,2448.1,0.003085,,,,,,,,
719100,2448.5,0.001927,,,,,,,,
719200,2449.0,0.002494,,,,,,,,
719300,2449.4,0.004157,,,,,,,,
719400,2449.9,0.001613,,,,,,,,
719500,2450.4,0.002264,,,,,,,,
719600,2450.8,0.001573,,,,,,,,
719700,2451.3,0.001926,,,,,,,,
719800,2451.7,0.001591,,,,,,,,
719900,2452.2,0.001665,,,,,,,,
720000,2453.8,0.001801,0.001808,1.837253e+00,2.000897e-01,1.553421e-01,0.000000,1.837253e+00,1.846186e-01,1.437615e-01
720100,2454.0,0.002230,,,,,,,,
720200,2454.3,0.001503,,,,,,,,
720300,2454.6,0.001532,,,,,,,,
720400,2455.1,0.002496,,,,,,,,
720500,2455.5,0.002579,,,,,,,,
720600,2456.0,0.001761,,,,,,,,
720700,2456.5,0.001522,,,,,,,,
720800,2457.0,0.001744,,,,,,,,
720900,2457.4,0.003053,,,,,,,,
721000,2457.9,0.002302,,,,,,,,
721100,2458.4,0.001880,,,,,,,,
721200,2458.8,0.001779,,,,,,,,
721300,2459.3,0.003194,,,,,,,,
721400,2459.7,0.002336,,,,,,,,
721500,2460.2,0.002561,,,,,,,,
721600,2460.7,0.003143,,,,,,,,
721700,2461.1,0.001859,,,,,,,,
721800,2461.6,0.001648,,,,,,,,
721900,2462.1,0.001770,,,,,,,,
722000,2462.5,0.001649,,,,,,,,
722100,2463.0,0.001512,,,,,,,,
722200,2463.4,0.002084,,,,,,,,
722300,2463.8,0.002332,,,,,,,,
722400,2464.3,0.001264,,,,,,,,
722500,2464.8,0.002372,,,,,,,,
722600,2465.2,0.001736,,,,,,,,
722700,2465.7,0.001595,,,,,,,,
722800,2466.2,0.002467,,,,,,,,
722900,2466.7,0.002534,,,,,,,,
723000,2467.1,0.001341,,,,,,,,
723100,2467.6,0.001864,,,,,,,,
723200,2468.1,0.001718,,,,,,,,
723300,2468.5,0.001831,,,,,,,,
723400,2468.9,0.001837,,,,,,,,
723500,2469.4,0.002797,,,,,,,,
723600,2469.9,0.001528,,,,,,,,
723700,2470.4,0.003209,,,,,,,,
723800,2470.9,0.002004,,,,,,,,
723900,2471.3,0.003136,,,,,,,,
724000,2471.7,0.001520,,,,,,,,
724100,2472.2,0.001824,,,,,,,,
724200,2472.6,0.001474,,,,,,,,
724300,2473.1,0.001853,,,,,,,,
724400,2473.5,0.001791,,,,,,,,
724500,2474.0,0.001553,,,,,,,,
724600,2474.4,0.001976,,,,,,,,
724700,2474.9,0.002052,,,,,,,,
724800,2475.3,0.002383,,,,,,,,
724900,2475.8,0.001922,,,,,,,,
725000,2477.4,0.002466,0.001716,1.214636e+00,1.987555e-01,1.550618e-01,0.000000,1.214636e+00,1.834113e-01,1.437771e-01
725100,2477.6,0.001483,,,,,,,,
725200,2477.9,0.002094,,,,,,,,
725300,2478.3,0.001634,,,,,,,,
725400,2478.7,0.001674,,,,,,,,
725500,2479.2,0.003673,,,,,,,,
725600,2479.6,0.002464,,,,,,,,
725700,2480.1,0.001848,,,,,,,,
725800,2480.5,0.001765,,,,,,,,
725900,2481.0,0.001886,,,,,,,,
726000,2481.3,0.001358,,,,,,,,
726100,2481.7,0.002764,,,,,,,,
726200,2482.2,0.002219,,,,,,,,
726300,2482.6,0.002612,,,,,,,,
726400,2483.1,0.001698,,,,,,,,
726500,2483.6,0.001701,,,,,,,,
726600,2484.0,0.002546,,,,,,,,
726700,2484.5,0.001738,,,,,,,,
726800,2485.0,0.001593,,,,,,,,
726900,2485.4,0.001397,,,,,,,,
727000,2485.9,0.001737,,,,,,,,
727100,2486.4,0.001516,,,,,,,,
727200,2486.8,0.001703,,,,,,,,
727300,2487.3,0.002532,,,,,,,,
727400,2487.7,0.001537,,,,,,,,
727500,2488.2,0.005159,,,,,,,,
727600,2488.7,0.001681,,,,,,,,
727700,2489.1,0.002214,,,,,,,,
727800,2489.6,0.001670,,,,,,,,
727900,2490.1,0.001674,,,,,,,,
728000,2490.5,0.002253,,,,,,,,
728100,2491.0,0.001457,,,,,,,,
728200,2491.5,0.002036,,,,,,,,
728300,2491.9,0.001941,,,,,,,,
728400,2492.4,0.002740,,,,,,,,
728500,2492.9,0.002467,,,,,,,,
728600,2493.3,0.001949,,,,,,,,
728700,2493.8,0.002052,,,,,,,,
728800,2494.2,0.002547,,,,,,,,
728900,2494.7,0.001448,,,,,,,,
729000,2495.2,0.001964,,,,,,,,
729100,2495.6,0.001509,,,,,,,,
729200,2496.1,0.001601,,,,,,,,
729300,2496.6,0.004042,,,,,,,,
729400,2497.1,0.001660,,,,,,,,
729500,2497.5,0.002169,,,,,,,,
729600,2498.0,0.002597,,,,,,,,
729700,2498.5,0.002115,,,,,,,,
729800,2498.9,0.003394,,,,,,,,
729900,2499.4,0.001538,,,,,,,,
730000,2501.0,0.001934,0.001658,1.060103e+00,1.959603e-01,1.534460e-01,0.000000,1.060103e+00,1.806986e-01,1.423336e-01
730100,2501.2,0.001574,,,,,,,,
730200,2501.5,0.002109,,,,,,,,
730300,2501.8,0.002211,,,,,,,,
730400,2502.2,0.001845,,,,,,,,
730500,2502.7,0.001613,,,,,,,,
730600,2503.2,0.002030,,,,,,,,
730700,2503.7,0.002322,,,,,,,,
730800,2504.2,0.003009,,,,,,,,
730900,2504.6,0.001528,,,,,,,,
731000,2505.0,0.002524,,,,,,,,
731100,2505.5,0.001821,,,,,,,,
731200,2506.0,0.001661,,,,,,,,
731300,2506.4,0.003064,,,,,,,,
731400,2506.9,0.001401,,,,,,,,
731500,2507.4,0.001629,,,,,,,,
731600,2507.7,0.001586,,,,,,,,
731700,2508.2,0.004351,,,,,,,,
731800,2508.6,0.002301,,,,,,,,
731900,2509.0,0.001726,,,,,,,,
732000,2509.4,0.002203,,,,,,,,
732100,2509.8,0.002302,,,,,,,,
732200,2510.3,0.001862,,,,,,,,
732300,2510.7,0.001291,,,,,,,,
732400,2511.2,0.002851,,,,,,,,
732500,2511.7,0.001800,,,,,,,,
732600,2512.1,0.002028,,,,,,,,
732700,2512.5,0.001602,,,,,,,,
732800,2513.0,0.001366,,,,,,,,
732900,2513.5,0.001160,,,,,,,,
733000,2513.9,0.002359,,,,,,,,
733100,2514.3,0.001975,,,,,,,,
733200,2514.7,0.001868,,,,,,,,
733300,2515.2,0.001985,,,,,,,,
733400,2515.6,0.003740,,,,,,,,
733500,2516.1,0.001854,,,,,,,,
733600,2516.5,0.001956,,,,,,,,
733700,2517.0,0.001690,,,,,,,,
733800,2517.4,0.001719,,,,,,,,
733900,2517.9,0.004145,,,,,,,,
734000,2518.4,0.003498,,,,,,,,
734100,2518.8,0.001487,,,,,,,,
734200,2519.3,0.002818,,,,,,,,
734300,2519.7,0.003463,,,,,,,,
734400,2520.2,0.002556,,,,,,,,
734500,2520.6,0.002544,,,,,,,,
734600,2521.1,0.001730,,,,,,,,
734700,2521.6,0.002008,,,,,,,,
734800,2522.0,0.001446,,,,,,,,
734900,2522.5,0.004628,,,,,,,,
735000,2524.2,0.002161,0.001761,1.676890e+00,1.981783e-01,1.533329e-01,0.000000,1.676890e+00,1.829042e-01,1.429052e-01
735100,2524.4,0.002418,,,,,,,,
735200,2524.7,0.002289,,,,,,,,
735300,2525.1,0.002788,,,,,,,,
735400,2525.6,0.002500,,,,,,,,
735500,2526.0,0.001905,,,,,,,,
735600,2526.5,0.001724,,,,,,,,
735700,2527.0,0.003177,,,,,,,,
735800,2527.5,0.002235,,,,,,,,
735900,2527.9,0.002137,,,,,,,,
736000,2528.4,0.002113,,,,,,,,
736100,2528.8,0.001536,,,,,,,,
736200,2529.3,0.002297,,,,,,,,
736300,2529.7,0.002144,,,,,,,,
736400,2530.2,0.001239,,,,,,,,
736500,2530.7,0.002261,,,,,,,,
736600,2531.1,0.001586,,,,,,,,
736700,2531.6,0.001767,,,,,,,,
736800,2532.0,0.001877,,,,,,,,
736900,2532.5,0.001456,,,,,,,,
737000,2532.9,0.001506,,,,,,,,
737100,2533.4,0.001638,,,,,,,,
737200,2533.9,0.003823,,,,,,,,
737300,2534.4,0.001782,,,,,,,,
737400,2534.8,0.001634,,,,,,,,
737500,2535.3,0.001448,,,,,,,,
737600,2535.8,0.002169,,,,,,,,
737700,2536.3,0.001420,,,,,,,,
737800,2536.7,0.001417,,,,,,,,
737900,2537.2,0.001493,,,,,,,,
738000,2537.6,0.001319,,,,,,,,
738100,2538.1,0.001582,,,,,,,,
738200,2538.6,0.002277,,,,,,,,
738300,2539.0,0.001730,,,,,,,,
738400,2539.5,0.001816,,,,,,,,
738500,2539.9,0.002540,,,,,,,,
738600,2540.4,0.001517,,,,,,,,
738700,2540.8,0.001607,,,,,,,,
738800,2541.3,0.002534,,,,,,,,
738900,2541.8,0.002236,,,,,,,,
739000,2542.3,0.002178,,,,,,,,
739100,2542.7,0.001464,,,,,,,,
739200,2543.2,0.002502,,,,,,,,
739300,2543.6,0.002054,,,,,,,,
739400,2544.1,0.001688,,,,,,,,
739500,2544.6,0.002993,,,,,,,,
739600,2545.0,0.001943,,,,,,,,
739700,2545.5,0.001585,,,,,,,,
739800,2545.9,0.002028,,,,,,,,
739900,2546.4,0.002579,,,,,,,,
740000,2547.9,0.001911,0.001729,1.486255e+00,1.975288e-01,1.536740e-01,0.000000,1.486255e+00,1.822417e-01,1.424795e-01
740100,2548.1,0.002068,,,,,,,,
740200,2548.4,0.001828,,,,,,,,
740300,2548.8,0.002204,,,,,,,,
740400,2549.3,0.002580,,,,,,,,
740500,2549.8,0.002625,,,,,,,,
740600,2550.2,0.001856,,,,,,,,
740700,2550.7,0.002150,,,,,,,,
740800,2551.1,0.002046,,,,,,,,
740900,2551.6,0.002397,,,,,,,,
741000,2552.0,0.002188,,,,,,,,
741100,2552.5,0.002676,,,,,,,,
741200,2553.0,0.001483,,,,,,,,
741300,2553.4,0.001866,,,,,,,,
741400,2553.9,0.001433,,,,,,,,
741500,2554.4,0.002901,,,,,,,,
741600,2554.8,0.002595,,,,,,,,
741700,2555.3,0.002018,,,,,,,,
741800,2555.8,0.001770,,,,,,,,
741900,2556.2,0.001558,,,,,,,,
742000,2556.7,0.001848,,,,,,,,
742100,2557.2,0.001655,,,,,,,,
742200,2557.6,0.001349,,,,,,,,
742300,2558.1,0.005410,,,,,,,,
742400,2558.5,0.002024,,,,,,,,
742500,2559.0,0.002027,,,,,,,,
742600,2559.5,0.001975,,,,,,,,
742700,2560.0,0.001439,,,,,,,,
742800,2560.4,0.003200,,,,,,,,
742900,2560.9,0.002543,,,,,,,,
743000,2561.4,0.001627,,,,,,,,
743100,2561.8,0.003485,,,,,,,,
743200,2562.3,0.002242,,,,,,,,
743300,2562.7,0.003099,,,,,,,,
743400,2563.2,0.001764,,,,,,,,
743500,2563.7,0.001764,,,,,,,,
743600,2564.1,0.002184,,,,,,,,
743700,2564.6,0.001311,,,,,,,,
743800,2565.1,0.002147,,,,,,,,
743900,2565.5,0.002687,,,,,,,,
744000,2566.0,0.003726,,,,,,,,
744100,2566.5,0.001459,,,,,,,,
744200,2567.0,0.001498,,,,,,,,
744300,2567.4,0.001477,,,,,,,,
744400,2567.9,0.002709,,,,,,,,
744500,2568.4,0.003507,,,,,,,,
744600,2568.8,0.001778,,,,,,,,
744700,2569.3,0.001553,,,,,,,,
744800,2569.7,0.001609,,,,,,,,
744900,2570.2,0.002753,,,,,,,,
745000,2571.8,0.001652,0.001681,1.077825e+00,1.973378e-01,1.550140e-01,0.000000,1.077289e+00,1.819457e-01,1.435541e-01
745100,2572.0,0.002066,,,,,,,,
745200,2572.3,0.002446,,,,,,,,
745300,2572.7,0.001646,,,,,,,,
745400,2573.2,0.001860,,,,,,,,
745500,2573.7,0.003530,,,,,,,,
745600,2574.1,0.002637,,,,,,,,
745700,2574.6,0.001788,,,,,,,,
745800,2575.1,0.003267,,,,,,,,
745900,2575.6,0.003274,,,,,,,,
746000,2576.1,0.003687,,,,,,,,
746100,2576.5,0.002883,,,,,,,,
746200,2577.0,0.002153,,,,,,,,
746300,2577.5,0.001721,,,,,,,,
746400,2578.0,0.001418,,,,,,,,
746500,2578.4,0.001872,,,,,,,,
746600,2578.9,0.001915,,,,,,,,
746700,2579.4,0.002061,,,,,,,,
746800,2579.9,0.001302,,,,,,,,
746900,2580.3,0.004064,,,,,,,,
747000,2580.8,0.001420,,,,,,,,
747100,2581.3,0.001565,,,,,,,,
747200,2581.7,0.004047,,,,,,,,
747300,2582.2,0.001689,,,,,,,,
747400,2582.7,0.001433,,,,,,,,
747500,2583.2,0.001409,,,,,,,,
747600,2583.6,0.002048,,,,,,,,
747700,2584.1,0.001373,,,,,,,,
747800,2584.6,0.004619,,,,,,,,
747900,2585.0,0.002727,,,,,,,,
748000,2585.5,0.001857,,,,,,,,
748100,2586.0,0.002152,,,,,,,,
748200,2586.5,0.001533,,,,,,,,
748300,2586.9,0.001390,,,,,,,,
748400,2587.4,0.001658,,,,,,,,
748500,2587.9,0.002537,,,,,,,,
748600,2588.3,0.001680,,,,,,,,
748700,2588.8,0.001737,,,,,,,,
748800,2589.2,0.001754,,,,,,,,
748900,2589.7,0.002716,,,,,,,,
749000,2590.1,0.002662,,,,,,,,
749100,2590.6,0.001954,,,,,,,,
749200,2591.0,0.001346,,,,,,,,
749300,2591.4,0.002336,,,,,,,,
749400,2591.9,0.002120,,,,,,,,
749500,2592.3,0.002701,,,,,,,,
749600,2592.8,0.002206,,,,,,,,
749700,2593.3,0.003952,,,,,,,,
749800,2593.7,0.001712,,,,,,,,
749900,2594.2,0.001553,,,,,,,,
750000,2595.8,0.001606,0.001684,1.425602e+00,1.966528e-01,1.535205e-01,0.000000,1.425602e+00,1.815393e-01,1.420049e-01
750100,2596.0,0.001953,,,,,,,,
750200,2596.3,0.002118,,,,,,,,
750300,2596.7,0.003647,,,,,,,,
750400,2597.2,0.001942,,,,,,,,
750500,2597.6,0.001719,,,,,,,,
750600,2598.1,0.001741,,,,,,,,
750700,2598.6,0.003514,,,,,,,,
750800,2599.0,0.001538,,,,,,,,
750900,2599.5,0.002806,,,,,,,,
751000,2599.9,0.002391,,,,,,,,
751100,2600.4,0.002064,,,,,,,,
751200,2600.9,0.002349,,,,,,,,
751300,2601.4,0.002018,,,,,,,,
751400,2601.8,0.001615,,,,,,,,
751500,2602.3,0.001911,,,,,,,,
751600,2602.8,0.004568,,,,,,,,
751700,2603.3,0.002068,,,,,,,,
751800,2603.7,0.001790,,,,,,,,
751900,2604.2,0.002631,,,,,,,,
752000,2604.7,0.002342,,,,,,,,
752100,2605.1,0.001341,,,,,,,,
752200,2605.6,0.001812,,,,,,,,
752300,2606.0,0.002278,,,,,,,,
752400,2606.5,0.002882,,,,,,,,
752500,2607.0,0.002148,,,,,,,,
752600,2607.4,0.001884,,,,,,,,
752700,2607.9,0.001468,,,,,,,,
752800,2608.3,0.002221,,,,,,,,
752900,2608.7,0.001777,,,,,,,,
753000,2609.2,0.002756,,,,,,,,
753100,2609.7,0.001641,,,,,,,,
753200,2610.2,0.002589,,,,,,,,
753300,2610.6,0.003347,,,,,,,,
753400,2610.9,0.001603,,,,,,,,
753500,2611.4,0.001342,,,,,,,,
753600,2611.8,0.001712,,,,,,,,
753700,2612.3,0.001383,,,,,,,,
753800,2612.8,0.004705,,,,,,,,
753900,2613.2,0.005126,,,,,,,,
754000,2613.7,0.002068,,,,,,,,
754100,2614.2,0.001544,,,,,,,,
754200,2614.6,0.001646,,,,,,,,
754300,2615.1,0.001810,,,,,,,,
754400,2615.5,0.003494,,,,,,,,
754500,2616.0,0.001765,,,,,,,,
754600,2616.4,0.001261,,,,,,,,
754700,2616.9,0.002482,,,,,,,,
754800,2617.4,0.001806,,,,,,,,
754900,2617.8,0.002629,,,,,,,,
755000,2619.4,0.001489,0.001686,1.237790e+00,1.976318e-01,1.534254e-01,0.000000,1.237790e+00,1.822022e-01,1.424941e-01
755100,2619.6,0.001988,,,,,,,,
755200,2619.9,0.001624,,,,,,,,
755300,2620.3,0.001600,,,,,,,,
755400,2620.7,0.001691,,,,,,,,
755500,2621.2,0.001680,,,,,,,,
755600,2621.7,0.001691,,,,,,,,
755700,2622.2,0.001670,,,,,,,,
755800,2622.6,0.002636,,,,,,,,
755900,2623.1,0.001889,,,,,,,,
756000,2623.6,0.001803,,,,,,,,
756100,2624.1,0.001847,,,,,,,,
756200,2624.5,0.003679,,,,,,,,
756300,2625.0,0.001616,,,,,,,,
756400,2625.4,0.002904,,,,,,,,
756500,2625.9,0.001818,,,,,,,,
756600,2626.4,0.002597,,,,,,,,
756700,2626.8,0.001749,,,,,,,,
756800,2627.3,0.002078,,,,,,,,
756900,2627.8,0.001535,,,,,,,,
757000,2628.2,0.001924,,,,,,,,
757100,2628.7,0.001575,,,,,,,,
757200,2629.2,0.001613,,,,,,,,
757300,2629.6,0.001858,,,,,,,,
757400,2630.1,0.002291,,,,,,,,
757500,2630.5,0.002442,,,,,,,,
757600,2631.0,0.002370,,,,,,,,
757700,2631.5,0.002145,,,,,,,,
757800,2631.9,0.001779,,,,,,,,
757900,2632.4,0.001544,,,,,,,,
758000,2632.9,0.004658,,,,,,,,
758100,2633.3,0.002620,,,,,,,,
758200,2633.8,0.002668,,,,,,,,
758300,2634.3,0.001829,,,,,,,,
758400,2634.7,0.001636,,,,,,,,
758500,2635.2,0.001619,,,,,,,,
758600,2635.7,0.004691,,,,,,,,
758700,2636.2,0.001658,,,,,,,,
758800,2636.6,0.003409,,,,,,,,
758900,2637.1,0.001568,,,,,,,,
759000,2637.6,0.001513,,,,,,,,
759100,2638.0,0.001361,,,,,,,,
759200,2638.5,0.002659,,,,,,,,
759300,2639.0,0.001669,,,,,,,,
759400,2639.5,0.001384,,,,,,,,
759500,2639.9,0.001680,,,,,,,,
759600,2640.4,0.001752,,,,,,,,
759700,2640.8,0.002883,,,,,,,,
759800,2641.3,0.002439,,,,,,,,
759900,2641.8,0.001471,,,,,,,,
760000,2643.5,0.001890,0.001698,1.288639e+00,1.976361e-01,1.556770e-01,0.000000,1.288639e+00,1.821237e-01,1.441957e-01
760100,2643.7,0.003200,,,,,,,,
760200,2644.0,0.001678,,,,,,,,
760300,2644.4,0.001577,,,,,,,,
760400,2644.9,0.005446,,,,,,,,
760500,2645.3,0.003431,,,,,,,,
760600,2645.8,0.001400,,,,,,,,
760700,2646.2,0.001367,,,,,,,,
760800,2646.7,0.001979,,,,,,,,
760900,2647.2,0.001603,,,,,,,,
761000,2647.6,0.001947,,,,,,,,
761100,2648.1,0.001930,,,,,,,,
761200,2648.5,0.002205,,,,,,,,
761300,2649.0,0.002201,,,,,,,,
761400,2649.4,0.002073,,,,,,,,
761500,2649.8,0.002418,,,,,,,,
761600,2650.2,0.002074,,,,,,,,
761700,2650.6,0.002093,,,,,,,,
761800,2651.0,0.002711,,,,,,,,
761900,2651.3,0.001873,,,,,,,,
762000,2651.7,0.002076,,,,,,,,
762100,2652.1,0.001410,,,,,,,,
762200,2652.4,0.002401,,,,,,,,
762300,2652.9,0.001492,,,,,,,,
762400,2653.3,0.001448,,,,,,,,
762500,2653.8,0.002580,,,,,,,,
762600,2654.2,0.001602,,,,,,,,
762700,2654.7,0.001602,,,,,,,,
762800,2655.1,0.002040,,,,,,,,
762900,2655.4,0.001889,,,,,,,,
763000,2655.6,0.002659,,,,,,,,
763100,2655.9,0.001631,,,,,,,,
763200,2656.3,0.002388,,,,,,,,
763300,2656.7,0.001642,,,,,,,,
763400,2657.0,0.001663,,,,,,,,
763500,2657.4,0.001491,,,,,,,,
763600,2657.8,0.002015,,,,,,,,
763700,2658.1,0.001700,,,,,,,,
763800,2658.4,0.001422,,,,,,,,
763900,2658.7,0.001609,,,,,,,,
764000,2659.1,0.002010,,,,,,,,
764100,2659.5,0.001803,,,,,,,,
764200,2659.9,0.001856,,,,,,,,
764300,2660.3,0.001486,,,,,,,,
764400,2660.8,0.001553,,,,,,,,
764500,2661.3,0.003274,,,,,,,,
764600,2661.7,0.001456,,,,,,,,
764700,2662.2,0.002020,,,,,,,,
764800,2662.6,0.001664,,,,,,,,
764900,2663.1,0.001835,,,,,,,,
765000,2664.7,0.002214,0.001673,1.060142e+00,1.959040e-01,1.517883e-01,0.000000,1.046674e+00,1.806465e-01,1.410918e-01
765100,2665.0,0.002164,,,,,,,,
765200,2665.3,0.002406,,,,,,,,
765300,2665.7,0.001722,,,,,,,,
765400,2666.1,0.002402,,,,,,,,
765500,2666.5,0.002029,,,,,,,,
765600,2666.9,0.001645,,,,,,,,
765700,2667.3,0.003006,,,,,,,,
765800,2667.7,0.001466,,,,,,,,
765900,2668.1,0.001698,,,,,,,,
766000,2668.4,0.002333,,,,,,,,
766100,2668.8,0.004735,,,,,,,,
766200,2669.3,0.005047,,,,,,,,
766300,2669.7,0.001692,,,,,,,,
766400,2670.1,0.001541,,,,,,,,
766500,2670.6,0.001613,,,,,,,,
766600,2671.0,0.001601,,,,,,,,
766700,2671.5,0.002521,,,,,,,,
766800,2671.9,0.001632,,,,,,,,
766900,2672.4,0.001682,,,,,,,,
767000,2672.8,0.001636,,,,,,,,
767100,2673.2,0.001602,,,,,,,,
767200,2673.6,0.002087,,,,,,,,
767300,2674.0,0.001720,,,,,,,,
767400,2674.4,0.001595,,,,,,,,
767500,2674.8,0.001311,,,,,,,,
767600,2675.3,0.002337,,,,,,,,
767700,2675.7,0.004160,,,,,,,,
767800,2676.1,0.003117,,,,,,,,
767900,2676.6,0.001622,,,,,,,,
768000,2677.0,0.001663,,,,,,,,
768100,2677.5,0.001706,,,,,,,,
768200,2678.0,0.001828,,,,,,,,
768300,2678.4,0.001531,,,,,,,,
768400,2678.9,0.002518,,,,,,,,
768500,2679.3,0.001572,,,,,,,,
768600,2679.7,0.002303,,,,,,,,
768700,2680.2,0.001598,,,,,,,,
768800,2680.6,0.002538,,,,,,,,
768900,2681.0,0.002157,,,,,,,,
769000,2681.4,0.001800,,,,,,,,
769100,2681.8,0.001269,,,,,,,,
769200,2682.2,0.001814,,,,,,,,
769300,2682.7,0.001861,,,,,,,,
769400,2683.1,0.002423,,,,,,,,
769500,2683.4,0.001693,,,,,,,,
769600,2683.8,0.004168,,,,,,,,
769700,2684.3,0.001405,,,,,,,,
769800,2684.7,0.001640,,,,,,,,
769900,2685.2,0.002033,,,,,,,,
770000,2686.9,0.001591,0.001691,1.113209e+00,1.967463e-01,1.528701e-01,0.000000,1.113209e+00,1.814421e-01,1.422364e-01
770100,2687.2,0.002428,,,,,,,,
770200,2687.5,0.002441,,,,,,,,
770300,2687.8,0.001624,,,,,,,,
770400,2688.2,0.002060,,,,,,,,
770500,2688.7,0.002108,,,,,,,,
770600,2689.1,0.001624,,,,,,,,
770700,2689.5,0.001337,,,,,,,,
770800,2689.9,0.001540,,,,,,,,
770900,2690.3,0.001695,,,,,,,,
771000,2690.8,0.001418,,,,,,,,
771100,2691.1,0.003049,,,,,,,,
771200,2691.5,0.001847,,,,,,,,
771300,2691.8,0.001644,,,,,,,,
771400,2692.1,0.001592,,,,,,,,
771500,2692.4,0.002018,,,,,,,,
771600,2692.8,0.001897,,,,,,,,
771700,2693.3,0.001893,,,,,,,,
771800,2693.7,0.004632,,,,,,,,
771900,2694.1,0.002964,,,,,,,,
772000,2694.6,0.002631,,,,,,,,
772100,2695.0,0.001782,,,,,,,,
772200,2695.4,0.001858,,,,,,,,
772300,2695.8,0.001799,,,,,,,,
772400,2696.2,0.001688,,,,,,,,
772500,2696.5,0.001939,,,,,,,,
772600,2696.9,0.001479,,,,,,,,
772700,2697.3,0.002249,,,,,,,,
772800,2697.6,0.001473,,,,,,,,
772900,2698.0,0.002180,,,,,,,,
773000,2698.4,0.003419,,,,,,,,
773100,2698.7,0.002121,,,,,,,,
773200,2699.1,0.001537,,,,,,,,
773300,2699.5,0.001526,,,,,,,,
773400,2699.9,0.004038,,,,,,,,
773500,2700.3,0.001650,,,,,,,,
773600,2700.6,0.001247,,,,,,,,
773700,2701.0,0.001927,,,,,,,,
773800,2701.3,0.002280,,,,,,,,
773900,2701.6,0.001611,,,,,,,,
774000,2702.1,0.001675,,,,,,,,
774100,2702.5,0.001600,,,,,,,,
774200,2702.9,0.002664,,,,,,,,
774300,2703.3,0.001661,,,,,,,,
774400,2703.8,0.001571,,,,,,,,
774500,2704.1,0.002222,,,,,,,,
774600,2704.4,0.001577,,,,,,,,
774700,2704.8,0.001866,,,,,,,,
774800,2705.2,0.003209,,,,,,,,
774900,2705.6,0.001624,,,,,,,,
775000,2707.5,0.003280,0.001678,1.107771e+00,1.963345e-01,1.532244e-01,0.000000,1.107771e+00,1.810472e-01,1.424242e-01
775100,2707.8,0.001869,,,,,,,,
775200,2708.1,0.001976,,,,,,,,
775300,2708.5,0.001520,,,,,,,,
775400,2708.8,0.001735,,,,,,,,
775500,2709.2,0.001554,,,,,,,,
775600,2709.7,0.002864,,,,,,,,
775700,2710.0,0.002910,,,,,,,,
775800,2710.5,0.001957,,,,,,,,
775900,2710.8,0.001876,,,,,,,,
776000,2711.2,0.005304,,,,,,,,
776100,2711.7,0.001455,,,,,,,,
776200,2712.0,0.001616,,,,,,,,
776300,2712.4,0.001863,,,,,,,,
776400,2712.9,0.002476,,,,,,,,
776500,2713.3,0.001489,,,,,,,,
776600,2713.8,0.002074,,,,,,,,
776700,2714.2,0.001903,,,,,,,,
776800,2714.6,0.001575,,,,,,,,
776900,2715.1,0.001596,,,,,,,,
777000,2715.4,0.002137,,,,,,,,
777100,2715.8,0.001530,,,,,,,,
777200,2716.3,0.002309,,,,,,,,
777300,2716.7,0.002122,,,,,,,,
777400,2717.2,0.001649,,,,,,,,
777500,2717.6,0.001594,,,,,,,,
777600,2718.0,0.003031,,,,,,,,
777700,2718.3,0.001700,,,,,,,,
777800,2718.7,0.001464,,,,,,,,
777900,2719.1,0.002548,,,,,,,,
778000,2719.5,0.003221,,,,,,,,
778100,2719.8,0.002793,,,,,,,,
778200,2720.0,0.002446,,,,,,,,
778300,2720.3,0.002217,,,,,,,,
778400,2720.7,0.003271,,,,,,,,
778500,2721.1,0.002005,,,,,,,,
778600,2721.5,0.001478,,,,,,,,
778700,2721.8,0.001554,,,,,,,,
778800,2722.1,0.002407,,,,,,,,
778900,2722.5,0.001578,,,,,,,,
779000,2723.0,0.002126,,,,,,,,
779100,2723.4,0.001563,,,,,,,,
779200,2723.8,0.002446,,,,,,,,
779300,2724.2,0.001796,,,,,,,,
779400,2724.6,0.001875,,,,,,,,
779500,2725.0,0.001538,,,,,,,,
779600,2725.5,0.001787,,,,,,,,
779700,2725.9,0.001622,,,,,,,,
779800,2726.2,0.001877,,,,,,,,
779900,2726.6,0.002396,,,,,,,,
780000,2728.2,0.002385,0.001703,1.312274e+00,1.969008e-01,1.533435e-01,0.000000,1.312274e+00,1.815529e-01,1.424166e-01
780100,2728.5,0.002158,,,,,,,,
780200,2728.7,0.001857,,,,,,,,
780300,2729.0,0.003136,,,,,,,,
780400,2729.4,0.001653,,,,,,,,
780500,2729.8,0.002168,,,,,,,,
780600,2730.1,0.001682,,,,,,,,
780700,2730.5,0.001576,,,,,,,,
780800,2730.9,0.001753,,,,,,,,
780900,2731.3,0.001679,,,,,,,,
781000,2731.7,0.001587,,,,,,,,
781100,2732.1,0.001396,,,,,,,,
781200,2732.6,0.002546,,,,,,,,
781300,2733.0,0.002719,,,,,,,,
781400,2733.4,0.001645,,,,,,,,
781500,2733.9,0.001770,,,,,,,,
781600,2734.3,0.002648,,,,,,,,
781700,2734.7,0.001949,,,,,,,,
781800,2735.0,0.001975,,,,,,,,
781900,2735.5,0.003053,,,,,,,,
782000,2735.9,0.001615,,,,,,,,
782100,2736.3,0.001832,,,,,,,,
782200,2736.7,0.002242,,,,,,,,
782300,2737.2,0.001509,,,,,,,,
782400,2737.6,0.002544,,,,,,,,
782500,2738.1,0.001741,,,,,,,,
782600,2738.5,0.001675,,,,,,,,
782700,2738.8,0.001933,,,,,,,,
782800,2739.2,0.002994,,,,,,,,
782900,2739.6,0.001800,,,,,,,,
783000,2740.0,0.001529,,,,,,,,
783100,2740.5,0.002062,,,,,,,,
783200,2740.8,0.002357,,,,,,,,
783300,2741.3,0.002544,,,,,,,,
783400,2741.7,0.002528,,,,,,,,
783500,2742.1,0.002421,,,,,,,,
783600,2742.5,0.002345,,,,,,,,
783700,2742.9,0.001633,,,,,,,,
783800,2743.2,0.002859,,,,,,,,
783900,2743.6,0.003713,,,,,,,,
784000,2744.1,0.001609,,,,,,,,
784100,2744.6,0.002960,,,,,,,,
784200,2745.0,0.001856,,,,,,,,
784300,2745.4,0.001280,,,,,,,,
784400,2745.6,0.002689,,,,,,,,
784500,2746.1,0.001514,,,,,,,,
784600,2746.5,0.001612,,,,,,,,
784700,2746.9,0.002354,,,,,,,,
784800,2747.3,0.002738,,,,,,,,
784900,2747.7,0.002329,,,,,,,,
785000,2749.4,0.002146,0.001699,1.309521e+00,1.966205e-01,1.533113e-01,0.000000,1.309521e+00,1.812751e-01,1.423518e-01
785100,2749.7,0.002543,,,,,,,,
785200,2750.0,0.001439,,,,,,,,
785300,2750.3,0.002058,,,,,,,,
785400,2750.6,0.002102,,,,,,,,
785500,2751.0,0.001633,,,,,,,,
785600,2751.4,0.001932,,,,,,,,
785700,2751.8,0.001706,,,,,,,,
785800,2752.1,0.002157,,,,,,,,
785900,2752.5,0.001722,,,,,,,,
786000,2752.8,0.002167,,,,,,,,
786100,2753.1,0.001726,,,,,,,,
786200,2753.6,0.002568,,,,,,,,
786300,2753.9,0.002035,,,,,,,,
786400,2754.3,0.001926,,,,,,,,
786500,2754.7,0.003149,,,,,,,,
786600,2755.1,0.001319,,,,,,,,
786700,2755.5,0.001521,,,,,,,,
786800,2756.0,0.001979,,,,,,,,
786900,2756.4,0.001661,,,,,,,,
787000,2756.8,0.002797,,,,,,,,
787100,2757.2,0.002261,,,,,,,,
787200,2757.7,0.005049,,,,,,,,
787300,2758.1,0.002127,,,,,,,,
787400,2758.6,0.001432,,,,,,,,
787500,2759.1,0.001299,,,,,,,,
787600,2759.5,0.001314,,,,,,,,
787700,2760.0,0.002251,,,,,,,,
787800,2760.4,0.001554,,,,,,,,
787900,2760.9,0.001679,,,,,,,,
788000,2761.4,0.002404,,,,,,,,
788100,2761.8,0.001854,,,,,,,,
788200,2762.3,0.001718,,,,,,,,
788300,2762.7,0.003057,,,,,,,,
788400,2763.2,0.001383,,,,,,,,
788500,2763.6,0.001675,,,,,,,,
788600,2764.1,0.001819,,,,,,,,
788700,2764.5,0.001517,,,,,,,,
788800,2765.0,0.001470,,,,,,,,
788900,2765.5,0.001657,,,,,,,,
789000,2765.9,0.001675,,,,,,,,
789100,2766.3,0.001559,,,,,,,,
789200,2766.8,0.001783,,,,,,,,
789300,2767.2,0.001548,,,,,,,,
789400,2767.7,0.001366,,,,,,,,
789500,2768.2,0.001782,,,,,,,,
789600,2768.6,0.002333,,,,,,,,
789700,2769.1,0.001702,,,,,,,,
789800,2769.5,0.002402,,,,,,,,
789900,2769.9,0.002012,,,,,,,,
790000,2771.6,0.002148,0.001702,1.302955e+00,1.969525e-01,1.539952e-01,0.000000,1.302955e+00,1.816023e-01,1.430704e-01
790100,2771.8,0.002183,,,,,,,,
790200,2772.1,0.002356,,,,,,,,
790300,2772.4,0.001630,,,,,,,,
790400,2772.9,0.001803,,,,,,,,
790500,2773.3,0.001701,,,,,,,,
790600,2773.8,0.001375,,,,,,,,
790700,2774.3,0.002006,,,,,,,,
790800,2774.7,0.001831,,,,,,,,
790900,2775.2,0.002991,,,,,,,,
791000,2775.6,0.002434,,,,,,,,
791100,2776.1,0.003154,,,,,,,,
791200,2776.6,0.002301,,,,,,,,
791300,2777.1,0.001932,,,,,,,,
791400,2777.5,0.002472,,,,,,,,
791500,2777.9,0.002018,,,,,,,,
791600,2778.4,0.001443,,,,,,,,
791700,2778.8,0.001505,,,,,,,,
791800,2779.3,0.003202,,,,,,,,
791900,2779.7,0.001842,,,,,,,,
792000,2780.2,0.001465,,,,,,,,
792100,2780.7,0.002792,,,,,,,,
792200,2781.1,0.001433,,,,,,,,
792300,2781.6,0.001816,,,,,,,,
792400,2782.0,0.001493,,,,,,,,
792500,2782.5,0.006385,,,,,,,,
792600,2782.9,0.002316,,,,,,,,
792700,2783.4,0.002458,,,,,,,,
792800,2783.9,0.001799,,,,,,,,
792900,2784.4,0.001791,,,,,,,,
793000,2784.8,0.001559,,,,,,,,
793100,2785.3,0.002448,,,,,,,,
793200,2785.7,0.001479,,,,,,,,
793300,2786.2,0.002318,,,,,,,,
793400,2786.6,0.001569,,,,,,,,
793500,2787.1,0.001866,,,,,,,,
793600,2787.5,0.001458,,,,,,,,
793700,2787.9,0.002663,,,,,,,,
793800,2788.3,0.002155,,,,,,,,
793900,2788.7,0.003478,,,,,,,,
794000,2789.1,0.001597,,,,,,,,
794100,2789.6,0.002168,,,,,,,,
794200,2790.0,0.001668,,,,,,,,
794300,2790.5,0.001848,,,,,,,,
794400,2790.9,0.001784,,,,,,,,
794500,2791.4,0.002101,,,,,,,,
794600,2791.8,0.001532,,,,,,,,
794700,2792.3,0.001665,,,,,,,,
794800,2792.7,0.001700,,,,,,,,
794900,2793.2,0.002885,,,,,,,,
795000,2794.7,0.002573,0.001697,1.276091e+00,1.967235e-01,1.536425e-01,0.000000,1.276091e+00,1.813792e-01,1.427180e-01
795100,2795.0,0.003731,,,,,,,,
795200,2795.3,0.001678,,,,,,,,
795300,2795.6,0.001590,,,,,,,,
795400,2796.1,0.002462,,,,,,,,
795500,2796.6,0.002719,,,,,,,,
795600,2797.0,0.001630,,,,,,,,
795700,2797.5,0.001491,,,,,,,,
795800,2797.9,0.001709,,,,,,,,
795900,2798.4,0.003394,,,,,,,,
796000,2798.9,0.003716,,,,,,,,
796100,2799.3,0.002055,,,,,,,,
796200,2799.8,0.001766,,,,,,,,
796300,2800.3,0.001426,,,,,,,,
796400,2800.7,0.002610,,,,,,,,
796500,2801.2,0.001801,,,,,,,,
796600,2801.7,0.001680,,,,,,,,
796700,2802.1,0.001507,,,,,,,,
796800,2802.6,0.001479,,,,,,,,
796900,2803.1,0.001460,,,,,,,,
797000,2803.5,0.001733,,,,,,,,
797100,2804.0,0.001478,,,,,,,,
797200,2804.5,0.001567,,,,,,,,
797300,2804.9,0.005446,,,,,,,,
797400,2805.2,0.002261,,,,,,,,
797500,2805.6,0.002647,,,,,,,,
797600,2806.1,0.002376,,,,,,,,
797700,2806.5,0.001640,,,,,,,,
797800,2807.0,0.002139,,,,,,,,
797900,2807.5,0.002060,,,,,,,,
798000,2807.9,0.002124,,,,,,,,
798100,2808.4,0.001838,,,,,,,,
798200,2808.9,0.002472,,,,,,,,
798300,2809.3,0.001832,,,,,,,,
798400,2809.8,0.002167,,,,,,,,
798500,2810.2,0.001366,,,,,,,,
798600,2810.7,0.003110,,,,,,,,
798700,2811.2,0.001396,,,,,,,,
798800,2811.6,0.002088,,,,,,,,
798900,2812.1,0.001573,,,,,,,,
799000,2812.5,0.002383,,,,,,,,
799100,2813.0,0.001573,,,,,,,,
799200,2813.4,0.001401,,,,,,,,
799300,2813.9,0.001795,,,,,,,,
799400,2814.3,0.001662,,,,,,,,
799500,2814.8,0.002348,,,,,,,,
799600,2815.2,0.003120,,,,,,,,
799700,2815.7,0.001410,,,,,,,,
799800,2816.2,0.001864,,,,,,,,
799900,2816.6,0.002365,,,,,,,,
800000,2818.4,0.001422,0.001698,1.274494e+00,1.967629e-01,1.536995e-01,0.000000,1.274494e+00,1.814153e-01,1.427279e-01
