step,elapsed_s,train_loss,eval_loss,max_abs_err,mean_abs_err,median_abs_err,frac_under_boyd,max_abs_err_bulk,mean_abs_err_bulk,median_abs_err_bulk
100,0.5,0.264550,,,,,,,,
200,0.8,0.146552,,,,,,,,
300,1.2,0.112333,,,,,,,,
400,1.5,0.103206,,,,,,,,
500,1.8,0.044854,,,,,,,,
600,2.1,0.004669,,,,,,,,
700,2.4,0.005212,,,,,,,,
800,2.7,0.003133,,,,,,,,
900,3.1,0.004266,,,,,,,,
1000,3.4,0.002751,,,,,,,,
1100,3.7,0.001554,,,,,,,,
1200,4.0,0.001523,,,,,,,,
1300,4.4,0.001241,,,,,,,,
1400,4.7,0.001493,,,,,,,,
1500,5.0,0.001212,,,,,,,,
1600,5.3,0.000696,,,,,,,,
1700,5.6,0.000537,,,,,,,,
1800,6.0,0.000230,,,,,,,,
1900,6.3,0.000219,,,,,,,,
2000,6.6,0.000163,,,,,,,,
2100,6.9,0.000094,,,,,,,,
2200,7.2,0.000166,,,,,,,,
2300,7.6,0.000067,,,,,,,,
2400,7.9,0.000134,,,,,,,,
2500,8.2,0.000135,,,,,,,,
2600,8.5,0.000095,,,,,,,,
2700,8.8,0.000057,,,,,,,,
2800,9.2,0.000048,,,,,,,,
2900,9.5,0.000062,,,,,,,,
3000,9.8,0.000037,,,,,,,,
3100,10.1,0.000048,,,,,,,,
3200,10.5,0.000025,,,,,,,,
3300,10.8,0.000038,,,,,,,,
3400,11.1,0.000060,,,,,,,,
3500,11.4,0.000028,,,,,,,,
3600,11.7,0.000019,,,,,,,,
3700,12.1,0.000033,,,,,,,,
3800,12.4,0.000105,,,,,,,,
3900,12.7,0.000057,,,,,,,,
4000,13.0,0.000038,,,,,,,,
4100,13.3,0.000023,,,,,,,,
4200,13.7,0.000041,,,,,,,,
4300,14.0,0.000028,,,,,,,,
4400,14.3,0.000026,,,,,,,,
4500,14.6,0.000039,,,,,,,,
4600,15.0,0.000041,,,,,,,,
4700,15.3,0.000032,,,,,,,,
4800,15.6,0.000023,,,,,,,,
4900,15.9,0.000019,,,,,,,,
5000,17.5,0.000034,0.000024,2.756260e-01,2.327204e-02,1.821050e-02,0.000000,2.735686e-01,2.297950e-02,1.805619e-02
5100,17.7,0.000069,,,,,,,,
5200,18.0,0.000046,,,,,,,,
5300,18.4,0.000061,,,,,,,,
5400,18.7,0.000025,,,,,,,,
5500,19.0,0.000081,,,,,,,,
5600,19.3,0.000023,,,,,,,,
5700,19.6,0.000027,,,,,,,,
5800,20.0,0.000023,,,,,,,,
5900,20.3,0.000059,,,,,,,,
6000,20.6,0.000042,,,,,,,,
6100,20.9,0.000024,,,,,,,,
6200,21.2,0.000023,,,,,,,,
6300,21.5,0.000026,,,,,,,,
6400,21.9,0.000024,,,,,,,,
6500,22.2,0.000045,,,,,,,,
6600,22.5,0.000036,,,,,,,,
6700,22.8,0.000031,,,,,,,,
6800,23.1,0.000026,,,,,,,,
6900,23.4,0.000013,,,,,,,,
7000,23.7,0.000059,,,,,,,,
7100,24.1,0.000044,,,,,,,,
7200,24.4,0.000014,,,,,,,,
7300,24.7,0.000031,,,,,,,,
7400,25.0,0.000034,,,,,,,,
7500,25.3,0.000011,,,,,,,,
7600,25.7,0.000017,,,,,,,,
7700,26.0,0.000057,,,,,,,,
7800,26.3,0.000016,,,,,,,,
7900,26.6,0.000021,,,,,,,,
8000,26.9,0.000025,,,,,,,,
8100,27.2,0.000026,,,,,,,,
8200,27.5,0.000070,,,,,,,,
8300,27.9,0.000021,,,,,,,,
8400,28.2,0.000037,,,,,,,,
8500,28.5,0.000013,,,,,,,,
8600,28.8,0.000048,,,,,,,,
8700,29.1,0.000014,,,,,,,,
8800,29.4,0.000022,,,,,,,,
8900,29.8,0.000049,,,,,,,,
9000,30.1,0.000016,,,,,,,,
9100,30.4,0.000023,,,,,,,,
9200,30.7,0.000010,,,,,,,,
9300,31.1,0.000065,,,,,,,,
9400,31.4,0.000012,,,,,,,,
9500,31.7,0.000012,,,,,,,,
9600,32.0,0.000018,,,,,,,,
9700,32.3,0.000030,,,,,,,,
9800,32.6,0.000008,,,,,,,,
9900,32.9,0.000023,,,,,,,,
10000,34.4,0.000081,0.000035,2.232697e-01,2.935707e-02,2.466911e-02,0.000000,2.232697e-01,2.977505e-02,2.540006e-02
10100,34.6,0.000019,,,,,,,,
10200,34.9,0.000024,,,,,,,,
10300,35.2,0.000014,,,,,,,,
10400,35.6,0.000016,,,,,,,,
10500,35.9,0.000026,,,,,,,,
10600,36.2,0.000068,,,,,,,,
10700,36.5,0.000016,,,,,,,,
10800,36.8,0.000014,,,,,,,,
10900,37.2,0.000015,,,,,,,,
11000,37.5,0.000021,,,,,,,,
11100,37.8,0.000011,,,,,,,,
11200,38.1,0.000033,,,,,,,,
11300,38.4,0.000018,,,,,,,,
11400,38.7,0.000014,,,,,,,,
11500,39.1,0.000010,,,,,,,,
11600,39.4,0.000049,,,,,,,,
11700,39.7,0.000029,,,,,,,,
11800,40.0,0.000016,,,,,,,,
11900,40.3,0.000043,,,,,,,,
12000,40.6,0.000012,,,,,,,,
12100,41.0,0.000008,,,,,,,,
12200,41.3,0.000011,,,,,,,,
12300,41.6,0.000009,,,,,,,,
12400,41.9,0.000022,,,,,,,,
12500,42.2,0.000029,,,,,,,,
12600,42.5,0.000011,,,,,,,,
12700,42.8,0.000010,,,,,,,,
12800,43.1,0.000009,,,,,,,,
12900,43.5,0.000029,,,,,,,,
13000,43.8,0.000036,,,,,,,,
13100,44.1,0.000010,,,,,,,,
13200,44.4,0.000008,,,,,,,,
13300,44.7,0.000013,,,,,,,,
13400,45.0,0.000011,,,,,,,,
13500,45.3,0.000012,,,,,,,,
13600,45.7,0.000019,,,,,,,,
13700,46.0,0.000019,,,,,,,,
13800,46.3,0.000016,,,,,,,,
13900,46.6,0.000015,,,,,,,,
14000,46.9,0.000014,,,,,,,,
14100,47.2,0.000037,,,,,,,,
14200,47.6,0.000007,,,,,,,,
14300,47.9,0.000010,,,,,,,,
14400,48.2,0.000038,,,,,,,,
14500,48.5,0.000030,,,,,,,,
14600,48.8,0.000008,,,,,,,,
14700,49.2,0.000012,,,,,,,,
14800,49.5,0.000022,,,,,,,,
14900,49.8,0.000012,,,,,,,,
15000,51.3,0.000008,0.000010,1.967821e-01,1.522464e-02,1.228770e-02,0.000000,1.881788e-01,1.539528e-02,1.275961e-02
15100,51.5,0.000011,,,,,,,,
15200,51.8,0.000011,,,,,,,,
15300,52.1,0.000008,,,,,,,,
15400,52.4,0.000005,,,,,,,,
15500,52.7,0.000008,,,,,,,,
15600,53.1,0.000008,,,,,,,,
15700,53.4,0.000007,,,,,,,,
15800,53.7,0.000029,,,,,,,,
15900,54.0,0.000019,,,,,,,,
16000,54.3,0.000070,,,,,,,,
16100,54.6,0.000009,,,,,,,,
16200,54.9,0.000016,,,,,,,,
16300,55.2,0.000010,,,,,,,,
16400,55.5,0.000016,,,,,,,,
16500,55.9,0.000060,,,,,,,,
16600,56.2,0.000010,,,,,,,,
16700,56.5,0.000010,,,,,,,,
16800,56.8,0.000015,,,,,,,,
16900,57.1,0.000008,,,,,,,,
17000,57.5,0.000010,,,,,,,,
17100,57.8,0.000007,,,,,,,,
17200,58.1,0.000013,,,,,,,,
17300,58.4,0.000008,,,,,,,,
17400,58.7,0.000011,,,,,,,,
17500,59.0,0.000011,,,,,,,,
17600,59.4,0.000019,,,,,,,,
17700,59.7,0.000006,,,,,,,,
17800,60.0,0.000055,,,,,,,,
17900,60.3,0.000009,,,,,,,,
18000,60.7,0.000022,,,,,,,,
18100,61.0,0.000006,,,,,,,,
18200,61.3,0.000012,,,,,,,,
18300,61.6,0.000007,,,,,,,,
18400,61.9,0.000011,,,,,,,,
18500,62.2,0.000027,,,,,,,,
18600,62.5,0.000008,,,,,,,,
18700,62.9,0.000012,,,,,,,,
18800,63.2,0.000018,,,,,,,,
18900,63.5,0.000024,,,,,,,,
19000,63.8,0.000006,,,,,,,,
19100,64.1,0.000010,,,,,,,,
19200,64.5,0.000009,,,,,,,,
19300,64.8,0.000007,,,,,,,,
19400,65.1,0.000011,,,,,,,,
19500,65.4,0.000023,,,,,,,,
19600,65.7,0.000009,,,,,,,,
19700,66.1,0.000013,,,,,,,,
19800,66.4,0.000013,,,,,,,,
19900,66.7,0.000023,,,,,,,,
20000,68.1,0.000008,0.000010,1.721182e-01,1.516827e-02,1.190466e-02,0.000000,1.364740e-01,1.498564e-02,1.181276e-02
20100,68.4,0.000014,,,,,,,,
20200,68.7,0.000012,,,,,,,,
20300,69.0,0.000005,,,,,,,,
20400,69.3,0.000048,,,,,,,,
20500,69.7,0.000019,,,,,,,,
20600,69.9,0.000009,,,,,,,,
20700,70.3,0.000004,,,,,,,,
20800,70.6,0.000011,,,,,,,,
20900,70.9,0.000014,,,,,,,,
21000,71.2,0.000009,,,,,,,,
21100,71.6,0.000012,,,,,,,,
21200,71.9,0.000007,,,,,,,,
21300,72.2,0.000014,,,,,,,,
21400,72.5,0.000015,,,,,,,,
21500,72.8,0.000009,,,,,,,,
21600,73.1,0.000020,,,,,,,,
21700,73.5,0.000011,,,,,,,,
21800,73.8,0.000014,,,,,,,,
21900,74.1,0.000015,,,,,,,,
22000,74.4,0.000010,,,,,,,,
22100,74.8,0.000004,,,,,,,,
22200,75.1,0.000005,,,,,,,,
22300,75.4,0.000014,,,,,,,,
22400,75.7,0.000010,,,,,,,,
22500,76.0,0.000020,,,,,,,,
22600,76.3,0.000024,,,,,,,,
22700,76.6,0.000006,,,,,,,,
22800,76.9,0.000004,,,,,,,,
22900,77.3,0.000039,,,,,,,,
23000,77.6,0.000010,,,,,,,,
23100,77.9,0.000006,,,,,,,,
23200,78.2,0.000003,,,,,,,,
23300,78.5,0.000012,,,,,,,,
23400,78.9,0.000009,,,,,,,,
23500,79.2,0.000012,,,,,,,,
23600,79.5,0.000004,,,,,,,,
23700,79.8,0.000023,,,,,,,,
23800,80.1,0.000016,,,,,,,,
23900,80.5,0.000004,,,,,,,,
24000,80.8,0.000007,,,,,,,,
24100,81.1,0.000017,,,,,,,,
24200,81.4,0.000016,,,,,,,,
24300,81.7,0.000011,,,,,,,,
24400,82.1,0.000015,,,,,,,,
24500,82.4,0.000005,,,,,,,,
24600,82.7,0.000008,,,,,,,,
24700,83.0,0.000005,,,,,,,,
24800,83.3,0.000008,,,,,,,,
24900,83.6,0.000030,,,,,,,,
25000,85.1,0.000004,0.000006,2.575345e-01,1.015618e-02,7.922845e-03,0.000000,2.548564e-01,9.666353e-03,7.704596e-03
25100,85.3,0.000006,,,,,,,,
25200,85.6,0.000013,,,,,,,,
25300,85.9,0.000010,,,,,,,,
25400,86.3,0.000013,,,,,,,,
25500,86.6,0.000005,,,,,,,,
25600,86.9,0.000036,,,,,,,,
25700,87.2,0.000008,,,,,,,,
25800,87.5,0.000006,,,,,,,,
25900,87.8,0.000007,,,,,,,,
26000,88.2,0.000024,,,,,,,,
26100,88.5,0.000009,,,,,,,,
26200,88.8,0.000013,,,,,,,,
26300,89.1,0.000010,,,,,,,,
26400,89.4,0.000022,,,,,,,,
26500,89.7,0.000009,,,,,,,,
26600,90.1,0.000035,,,,,,,,
26700,90.4,0.000010,,,,,,,,
26800,90.7,0.000003,,,,,,,,
26900,91.0,0.000011,,,,,,,,
27000,91.3,0.000015,,,,,,,,
27100,91.6,0.000004,,,,,,,,
27200,92.0,0.000013,,,,,,,,
27300,92.3,0.000012,,,,,,,,
27400,92.6,0.000007,,,,,,,,
27500,92.9,0.000003,,,,,,,,
27600,93.3,0.000050,,,,,,,,
27700,93.6,0.000009,,,,,,,,
27800,93.9,0.000014,,,,,,,,
27900,94.2,0.000020,,,,,,,,
28000,94.5,0.000008,,,,,,,,
28100,94.9,0.000012,,,,,,,,
28200,95.2,0.000018,,,,,,,,
28300,95.5,0.000008,,,,,,,,
28400,95.8,0.000006,,,,,,,,
28500,96.1,0.000007,,,,,,,,
28600,96.5,0.000018,,,,,,,,
28700,96.8,0.000003,,,,,,,,
28800,97.1,0.000031,,,,,,,,
28900,97.4,0.000016,,,,,,,,
29000,97.7,0.000011,,,,,,,,
29100,98.0,0.000011,,,,,,,,
29200,98.4,0.000010,,,,,,,,
29300,98.7,0.000010,,,,,,,,
29400,99.0,0.000008,,,,,,,,
29500,99.3,0.000008,,,,,,,,
29600,99.6,0.000010,,,,,,,,
29700,99.9,0.000009,,,,,,,,
29800,100.2,0.000006,,,,,,,,
29900,100.5,0.000015,,,,,,,,
30000,102.0,0.000007,0.000018,1.773226e-01,2.187413e-02,2.047443e-02,0.000000,1.773226e-01,2.235899e-02,2.141493e-02
30100,102.2,0.000007,,,,,,,,
30200,102.5,0.000008,,,,,,,,
30300,102.8,0.000007,,,,,,,,
30400,103.1,0.000004,,,,,,,,
30500,103.4,0.000006,,,,,,,,
30600,103.7,0.000010,,,,,,,,
30700,104.0,0.000006,,,,,,,,
30800,104.4,0.000003,,,,,,,,
30900,104.7,0.000006,,,,,,,,
31000,105.0,0.000006,,,,,,,,
31100,105.3,0.000003,,,,,,,,
31200,105.6,0.000009,,,,,,,,
31300,106.0,0.000022,,,,,,,,
31400,106.3,0.000008,,,,,,,,
31500,106.6,0.000007,,,,,,,,
31600,106.9,0.000008,,,,,,,,
31700,107.2,0.000008,,,,,,,,
31800,107.5,0.000011,,,,,,,,
31900,107.8,0.000007,,,,,,,,
32000,108.1,0.000023,,,,,,,,
32100,108.5,0.000007,,,,,,,,
32200,108.8,0.000025,,,,,,,,
32300,109.1,0.000008,,,,,,,,
32400,109.4,0.000008,,,,,,,,
32500,109.7,0.000018,,,,,,,,
32600,110.1,0.000003,,,,,,,,
32700,110.4,0.000005,,,,,,,,
32800,110.7,0.000007,,,,,,,,
32900,111.0,0.000012,,,,,,,,
33000,111.3,0.000005,,,,,,,,
33100,111.6,0.000007,,,,,,,,
33200,112.0,0.000008,,,,,,,,
33300,112.3,0.000016,,,,,,,,
33400,112.6,0.000003,,,,,,,,
33500,112.9,0.000004,,,,,,,,
33600,113.2,0.000016,,,,,,,,
33700,113.6,0.000003,,,,,,,,
33800,113.9,0.000006,,,,,,,,
33900,114.2,0.000003,,,,,,,,
34000,114.5,0.000045,,,,,,,,
34100,114.9,0.000006,,,,,,,,
34200,115.2,0.000019,,,,,,,,
34300,115.5,0.000009,,,,,,,,
34400,115.8,0.000010,,,,,,,,
34500,116.1,0.000010,,,,,,,,
34600,116.4,0.000003,,,,,,,,
34700,116.8,0.000010,,,,,,,,
34800,117.1,0.000006,,,,,,,,
34900,117.4,0.000006,,,,,,,,
35000,118.9,0.000042,0.000008,2.353087e-01,1.452276e-02,1.335412e-02,0.000000,1.903448e-01,1.448297e-02,1.341888e-02
35100,119.1,0.000010,,,,,,,,
35200,119.4,0.000003,,,,,,,,
35300,119.7,0.000008,,,,,,,,
35400,120.0,0.000007,,,,,,,,
35500,120.3,0.000005,,,,,,,,
35600,120.6,0.000007,,,,,,,,
35700,121.0,0.000003,,,,,,,,
35800,121.3,0.000036,,,,,,,,
35900,121.6,0.000021,,,,,,,,
36000,121.9,0.000044,,,,,,,,
36100,122.2,0.000003,,,,,,,,
36200,122.5,0.000005,,,,,,,,
36300,122.9,0.000005,,,,,,,,
36400,123.2,0.000007,,,,,,,,
36500,123.5,0.000004,,,,,,,,
36600,123.8,0.000006,,,,,,,,
36700,124.1,0.000005,,,,,,,,
36800,124.4,0.000008,,,,,,,,
36900,124.7,0.000004,,,,,,,,
37000,125.1,0.000009,,,,,,,,
37100,125.4,0.000010,,,,,,,,
37200,125.7,0.000009,,,,,,,,
37300,126.0,0.000011,,,,,,,,
37400,126.3,0.000022,,,,,,,,
37500,126.7,0.000007,,,,,,,,
37600,127.0,0.000004,,,,,,,,
37700,127.3,0.000008,,,,,,,,
37800,127.6,0.000010,,,,,,,,
37900,127.9,0.000011,,,,,,,,
38000,128.2,0.000009,,,,,,,,
38100,128.6,0.000005,,,,,,,,
38200,128.9,0.000011,,,,,,,,
38300,129.2,0.000004,,,,,,,,
38400,129.5,0.000010,,,,,,,,
38500,129.8,0.000010,,,,,,,,
38600,130.2,0.000018,,,,,,,,
38700,130.5,0.000011,,,,,,,,
38800,130.8,0.000006,,,,,,,,
38900,131.1,0.000012,,,,,,,,
39000,131.5,0.000014,,,,,,,,
39100,131.8,0.000005,,,,,,,,
39200,132.1,0.000003,,,,,,,,
39300,132.4,0.000011,,,,,,,,
39400,132.7,0.000006,,,,,,,,
39500,133.0,0.000005,,,,,,,,
39600,133.4,0.000011,,,,,,,,
39700,133.7,0.000004,,,,,,,,
39800,134.0,0.000006,,,,,,,,
39900,134.3,0.000011,,,,,,,,
40000,135.8,0.000009,0.000013,2.739293e-01,1.674339e-02,1.331408e-02,0.000000,1.374346e-01,1.666996e-02,1.356422e-02
40100,136.0,0.000014,,,,,,,,
40200,136.3,0.000005,,,,,,,,
40300,136.6,0.000004,,,,,,,,
40400,137.0,0.000003,,,,,,,,
40500,137.2,0.000004,,,,,,,,
40600,137.6,0.000008,,,,,,,,
40700,137.8,0.000008,,,,,,,,
40800,138.2,0.000003,,,,,,,,
40900,138.5,0.000008,,,,,,,,
41000,138.8,0.000003,,,,,,,,
41100,139.1,0.000003,,,,,,,,
41200,139.4,0.000009,,,,,,,,
41300,139.8,0.000004,,,,,,,,
41400,140.1,0.000006,,,,,,,,
41500,140.4,0.000010,,,,,,,,
41600,140.7,0.000022,,,,,,,,
41700,141.0,0.000020,,,,,,,,
41800,141.3,0.000007,,,,,,,,
41900,141.7,0.000003,,,,,,,,
42000,142.0,0.000038,,,,,,,,
42100,142.3,0.000016,,,,,,,,
42200,142.6,0.000005,,,,,,,,
42300,142.9,0.000007,,,,,,,,
42400,143.2,0.000013,,,,,,,,
42500,143.6,0.000019,,,,,,,,
42600,143.9,0.000011,,,,,,,,
42700,144.2,0.000004,,,,,,,,
42800,144.5,0.000007,,,,,,,,
42900,144.8,0.000010,,,,,,,,
43000,145.1,0.000016,,,,,,,,
43100,145.5,0.000007,,,,,,,,
43200,145.8,0.000005,,,,,,,,
43300,146.1,0.000007,,,,,,,,
43400,146.4,0.000004,,,,,,,,
43500,146.7,0.000031,,,,,,,,
43600,147.1,0.000009,,,,,,,,
43700,147.4,0.000006,,,,,,,,
43800,147.7,0.000005,,,,,,,,
43900,148.0,0.000004,,,,,,,,
44000,148.3,0.000006,,,,,,,,
44100,148.7,0.000003,,,,,,,,
44200,149.0,0.000004,,,,,,,,
44300,149.3,0.000005,,,,,,,,
44400,149.6,0.000005,,,,,,,,
44500,149.9,0.000002,,,,,,,,
44600,150.3,0.000003,,,,,,,,
44700,150.6,0.000003,,,,,,,,
44800,150.9,0.000024,,,,,,,,
44900,151.2,0.000003,,,,,,,,
45000,152.7,0.000008,0.000015,1.491626e-01,1.970467e-02,1.760412e-02,0.000000,1.403504e-01,1.962482e-02,1.752772e-02
45100,152.9,0.000013,,,,,,,,
45200,153.2,0.000006,,,,,,,,
45300,153.5,0.000006,,,,,,,,
45400,153.8,0.000005,,,,,,,,
45500,154.1,0.000004,,,,,,,,
45600,154.5,0.000008,,,,,,,,
45700,154.8,0.000006,,,,,,,,
45800,155.1,0.000006,,,,,,,,
45900,155.4,0.000007,,,,,,,,
46000,155.7,0.000003,,,,,,,,
46100,156.1,0.000006,,,,,,,,
46200,156.4,0.000008,,,,,,,,
46300,156.7,0.000004,,,,,,,,
46400,157.0,0.000006,,,,,,,,
46500,157.3,0.000004,,,,,,,,
46600,157.7,0.000004,,,,,,,,
46700,158.0,0.000004,,,,,,,,
46800,158.3,0.000003,,,,,,,,
46900,158.6,0.000009,,,,,,,,
47000,158.9,0.000003,,,,,,,,
47100,159.3,0.000003,,,,,,,,
47200,159.6,0.000007,,,,,,,,
47300,159.9,0.000006,,,,,,,,
47400,160.2,0.000012,,,,,,,,
47500,160.5,0.000004,,,,,,,,
47600,160.8,0.000002,,,,,,,,
47700,161.2,0.000004,,,,,,,,
47800,161.5,0.000008,,,,,,,,
47900,161.8,0.000008,,,,,,,,
48000,162.1,0.000007,,,,,,,,
48100,162.4,0.000005,,,,,,,,
48200,162.7,0.000015,,,,,,,,
48300,163.0,0.000012,,,,,,,,
48400,163.3,0.000006,,,,,,,,
48500,163.6,0.000013,,,,,,,,
48600,163.9,0.000004,,,,,,,,
48700,164.2,0.000003,,,,,,,,
48800,164.6,0.000005,,,,,,,,
48900,164.9,0.000004,,,,,,,,
49000,165.2,0.000005,,,,,,,,
49100,165.5,0.000010,,,,,,,,
49200,165.8,0.000019,,,,,,,,
49300,166.2,0.000006,,,,,,,,
49400,166.5,0.000003,,,,,,,,
49500,166.8,0.000013,,,,,,,,
49600,167.1,0.000002,,,,,,,,
49700,167.4,0.000005,,,,,,,,
49800,167.7,0.000002,,,,,,,,
49900,168.1,0.000012,,,,,,,,
50000,169.5,0.000003,0.000003,1.491791e-01,7.359663e-03,5.713559e-03,0.000000,1.373398e-01,7.161680e-03,5.622402e-03
50100,169.7,0.000004,,,,,,,,
50200,170.0,0.000014,,,,,,,,
50300,170.3,0.000013,,,,,,,,
50400,170.6,0.000003,,,,,,,,
50500,170.9,0.000003,,,,,,,,
50600,171.2,0.000003,,,,,,,,
50700,171.6,0.000005,,,,,,,,
50800,171.9,0.000013,,,,,,,,
50900,172.2,0.000002,,,,,,,,
51000,172.5,0.000005,,,,,,,,
51100,172.8,0.000011,,,,,,,,
51200,173.2,0.000007,,,,,,,,
51300,173.5,0.000016,,,,,,,,
51400,173.8,0.000006,,,,,,,,
51500,174.1,0.000005,,,,,,,,
51600,174.4,0.000005,,,,,,,,
51700,174.7,0.000006,,,,,,,,
51800,175.0,0.000006,,,,,,,,
51900,175.4,0.000003,,,,,,,,
52000,175.7,0.000007,,,,,,,,
52100,176.0,0.000007,,,,,,,,
52200,176.3,0.000014,,,,,,,,
52300,176.6,0.000004,,,,,,,,
52400,176.9,0.000008,,,,,,,,
52500,177.3,0.000005,,,,,,,,
52600,177.6,0.000002,,,,,,,,
52700,177.9,0.000003,,,,,,,,
52800,178.2,0.000004,,,,,,,,
52900,178.5,0.000004,,,,,,,,
53000,178.8,0.000006,,,,,,,,
53100,179.1,0.000007,,,,,,,,
53200,179.5,0.000011,,,,,,,,
53300,179.8,0.000005,,,,,,,,
53400,180.1,0.000003,,,,,,,,
53500,180.4,0.000005,,,,,,,,
53600,180.7,0.000006,,,,,,,,
53700,181.1,0.000011,,,,,,,,
53800,181.3,0.000005,,,,,,,,
53900,181.7,0.000005,,,,,,,,
54000,182.0,0.000006,,,,,,,,
54100,182.3,0.000004,,,,,,,,
54200,182.6,0.000010,,,,,,,,
54300,182.9,0.000002,,,,,,,,
54400,183.3,0.000009,,,,,,,,
54500,183.6,0.000007,,,,,,,,
54600,183.9,0.000011,,,,,,,,
54700,184.2,0.000006,,,,,,,,
54800,184.5,0.000006,,,,,,,,
54900,184.8,0.000007,,,,,,,,
55000,186.3,0.000003,0.000004,2.051504e-01,9.186055e-03,7.296264e-03,0.000000,2.051504e-01,9.070355e-03,7.403659e-03
55100,186.5,0.000034,,,,,,,,
55200,186.8,0.000004,,,,,,,,
55300,187.2,0.000007,,,,,,,,
55400,187.5,0.000002,,,,,,,,
55500,187.8,0.000006,,,,,,,,
55600,188.1,0.000007,,,,,,,,
55700,188.4,0.000003,,,,,,,,
55800,188.8,0.000005,,,,,,,,
55900,189.1,0.000016,,,,,,,,
56000,189.4,0.000003,,,,,,,,
56100,189.7,0.000008,,,,,,,,
56200,190.1,0.000003,,,,,,,,
56300,190.4,0.000003,,,,,,,,
56400,190.7,0.000002,,,,,,,,
56500,191.0,0.000004,,,,,,,,
56600,191.3,0.000003,,,,,,,,
56700,191.6,0.000006,,,,,,,,
56800,192.0,0.000003,,,,,,,,
56900,192.3,0.000009,,,,,,,,
57000,192.6,0.000012,,,,,,,,
57100,192.9,0.000005,,,,,,,,
57200,193.2,0.000020,,,,,,,,
57300,193.6,0.000014,,,,,,,,
57400,193.9,0.000003,,,,,,,,
57500,194.2,0.000004,,,,,,,,
57600,194.5,0.000009,,,,,,,,
57700,194.8,0.000005,,,,,,,,
57800,195.1,0.000003,,,,,,,,
57900,195.5,0.000005,,,,,,,,
58000,195.8,0.000005,,,,,,,,
58100,196.1,0.000006,,,,,,,,
58200,196.4,0.000003,,,,,,,,
58300,196.7,0.000012,,,,,,,,
58400,197.0,0.000009,,,,,,,,
58500,197.3,0.000003,,,,,,,,
58600,197.7,0.000004,,,,,,,,
58700,198.0,0.000004,,,,,,,,
58800,198.3,0.000007,,,,,,,,
58900,198.6,0.000006,,,,,,,,
59000,198.9,0.000003,,,,,,,,
59100,199.2,0.000002,,,,,,,,
59200,199.6,0.000002,,,,,,,,
59300,199.9,0.000014,,,,,,,,
59400,200.2,0.000006,,,,,,,,
59500,200.5,0.000004,,,,,,,,
59600,200.9,0.000007,,,,,,,,
59700,201.2,0.000003,,,,,,,,
59800,201.5,0.000004,,,,,,,,
59900,201.8,0.000003,,,,,,,,
60000,203.2,0.000003,0.000003,1.341935e-01,8.598437e-03,7.447454e-03,0.000000,1.268015e-01,8.318570e-03,7.301113e-03
60100,203.5,0.000007,,,,,,,,
60200,203.8,0.000011,,,,,,,,
60300,204.1,0.000004,,,,,,,,
60400,204.4,0.000004,,,,,,,,
60500,204.8,0.000008,,,,,,,,
60600,205.1,0.000002,,,,,,,,
60700,205.4,0.000002,,,,,,,,
60800,205.7,0.000007,,,,,,,,
60900,206.0,0.000003,,,,,,,,
61000,206.3,0.000003,,,,,,,,
61100,206.7,0.000002,,,,,,,,
61200,207.0,0.000004,,,,,,,,
61300,207.3,0.000004,,,,,,,,
61400,207.6,0.000012,,,,,,,,
61500,207.9,0.000005,,,,,,,,
61600,208.3,0.000003,,,,,,,,
61700,208.6,0.000003,,,,,,,,
61800,208.9,0.000002,,,,,,,,
61900,209.2,0.000002,,,,,,,,
62000,209.6,0.000005,,,,,,,,
62100,209.9,0.000006,,,,,,,,
62200,210.2,0.000018,,,,,,,,
62300,210.5,0.000002,,,,,,,,
62400,210.8,0.000006,,,,,,,,
62500,211.2,0.000003,,,,,,,,
62600,211.5,0.000008,,,,,,,,
62700,211.8,0.000003,,,,,,,,
62800,212.1,0.000005,,,,,,,,
62900,212.4,0.000021,,,,,,,,
63000,212.7,0.000008,,,,,,,,
63100,213.0,0.000007,,,,,,,,
63200,213.3,0.000004,,,,,,,,
63300,213.6,0.000003,,,,,,,,
63400,214.0,0.000004,,,,,,,,
63500,214.3,0.000004,,,,,,,,
63600,214.6,0.000005,,,,,,,,
63700,214.9,0.000009,,,,,,,,
63800,215.2,0.000009,,,,,,,,
63900,215.6,0.000003,,,,,,,,
64000,215.9,0.000004,,,,,,,,
64100,216.2,0.000006,,,,,,,,
64200,216.5,0.000010,,,,,,,,
64300,216.9,0.000005,,,,,,,,
64400,217.2,0.000007,,,,,,,,
64500,217.5,0.000006,,,,,,,,
64600,217.8,0.000004,,,,,,,,
64700,218.1,0.000004,,,,,,,,
64800,218.4,0.000005,,,,,,,,
64900,218.8,0.000007,,,,,,,,
65000,220.2,0.000004,0.000004,1.522975e-01,9.148387e-03,7.341975e-03,0.000000,9.221102e-02,9.021371e-03,7.335001e-03
65100,220.5,0.000008,,,,,,,,
65200,220.8,0.000003,,,,,,,,
65300,221.1,0.000011,,,,,,,,
65400,221.4,0.000040,,,,,,,,
65500,221.7,0.000015,,,,,,,,
65600,222.0,0.000010,,,,,,,,
65700,222.4,0.000003,,,,,,,,
65800,222.7,0.000003,,,,,,,,
65900,223.0,0.000006,,,,,,,,
66000,223.3,0.000011,,,,,,,,
66100,223.7,0.000008,,,,,,,,
66200,224.0,0.000002,,,,,,,,
66300,224.3,0.000005,,,,,,,,
66400,224.6,0.000003,,,,,,,,
66500,224.9,0.000007,,,,,,,,
66600,225.2,0.000010,,,,,,,,
66700,225.5,0.000003,,,,,,,,
66800,225.8,0.000002,,,,,,,,
66900,226.2,0.000003,,,,,,,,
67000,226.5,0.000003,,,,,,,,
67100,226.8,0.000003,,,,,,,,
67200,227.1,0.000003,,,,,,,,
67300,227.4,0.000003,,,,,,,,
67400,227.7,0.000004,,,,,,,,
67500,228.0,0.000002,,,,,,,,
67600,228.3,0.000006,,,,,,,,
67700,228.7,0.000005,,,,,,,,
67800,229.0,0.000002,,,,,,,,
67900,229.3,0.000005,,,,,,,,
68000,229.6,0.000004,,,,,,,,
68100,230.0,0.000007,,,,,,,,
68200,230.3,0.000002,,,,,,,,
68300,230.6,0.000006,,,,,,,,
68400,230.9,0.000005,,,,,,,,
68500,231.2,0.000009,,,,,,,,
68600,231.5,0.000013,,,,,,,,
68700,231.9,0.000004,,,,,,,,
68800,232.2,0.000012,,,,,,,,
68900,232.5,0.000002,,,,,,,,
69000,232.8,0.000016,,,,,,,,
69100,233.1,0.000007,,,,,,,,
69200,233.4,0.000005,,,,,,,,
69300,233.8,0.000002,,,,,,,,
69400,234.0,0.000004,,,,,,,,
69500,234.3,0.000014,,,,,,,,
69600,234.6,0.000007,,,,,,,,
69700,235.0,0.000011,,,,,,,,
69800,235.3,0.000002,,,,,,,,
69900,235.6,0.000005,,,,,,,,
70000,237.0,0.000008,0.000003,1.968526e-01,7.356370e-03,5.466179e-03,0.000000,1.859658e-01,7.071858e-03,5.321142e-03
70100,237.3,0.000003,,,,,,,,
70200,237.6,0.000006,,,,,,,,
70300,237.9,0.000008,,,,,,,,
70400,238.2,0.000020,,,,,,,,
70500,238.5,0.000002,,,,,,,,
70600,238.9,0.000002,,,,,,,,
70700,239.2,0.000003,,,,,,,,
70800,239.5,0.000003,,,,,,,,
70900,239.8,0.000007,,,,,,,,
71000,240.1,0.000007,,,,,,,,
71100,240.4,0.000010,,,,,,,,
71200,240.8,0.000003,,,,,,,,
71300,241.1,0.000008,,,,,,,,
71400,241.4,0.000008,,,,,,,,
71500,241.7,0.000006,,,,,,,,
71600,242.1,0.000002,,,,,,,,
71700,242.4,0.000002,,,,,,,,
71800,242.7,0.000022,,,,,,,,
71900,243.0,0.000002,,,,,,,,
72000,243.3,0.000003,,,,,,,,
72100,243.7,0.000007,,,,,,,,
72200,244.0,0.000002,,,,,,,,
72300,244.3,0.000013,,,,,,,,
72400,244.6,0.000003,,,,,,,,
72500,244.9,0.000003,,,,,,,,
72600,245.2,0.000003,,,,,,,,
72700,245.6,0.000008,,,,,,,,
72800,245.9,0.000005,,,,,,,,
72900,246.2,0.000006,,,,,,,,
73000,246.5,0.000003,,,,,,,,
73100,246.8,0.000005,,,,,,,,
73200,247.1,0.000005,,,,,,,,
73300,247.4,0.000025,,,,,,,,
73400,247.8,0.000003,,,,,,,,
73500,248.1,0.000005,,,,,,,,
73600,248.4,0.000005,,,,,,,,
73700,248.7,0.000002,,,,,,,,
73800,249.0,0.000002,,,,,,,,
73900,249.4,0.000006,,,,,,,,
74000,249.7,0.000002,,,,,,,,
74100,250.0,0.000002,,,,,,,,
74200,250.3,0.000003,,,,,,,,
74300,250.7,0.000005,,,,,,,,
74400,251.0,0.000023,,,,,,,,
74500,251.3,0.000010,,,,,,,,
74600,251.6,0.000006,,,,,,,,
74700,251.9,0.000002,,,,,,,,
74800,252.2,0.000007,,,,,,,,
74900,252.6,0.000005,,,,,,,,
75000,254.0,0.000005,0.000004,1.600678e-01,8.756604e-03,6.926290e-03,0.000000,9.090219e-02,8.481486e-03,6.831726e-03
75100,254.2,0.000008,,,,,,,,
75200,254.8,0.000008,,,,,,,,
75300,255.0,0.000012,,,,,,,,
75400,255.4,0.000003,,,,,,,,
75500,255.7,0.000003,,,,,,,,
75600,256.0,0.000008,,,,,,,,
75700,256.3,0.000003,,,,,,,,
75800,256.6,0.000008,,,,,,,,
75900,256.9,0.000006,,,,,,,,
76000,257.3,0.000004,,,,,,,,
76100,257.6,0.000003,,,,,,,,
76200,257.9,0.000002,,,,,,,,
76300,258.2,0.000009,,,,,,,,
76400,258.5,0.000008,,,,,,,,
76500,258.9,0.000005,,,,,,,,
76600,259.2,0.000017,,,,,,,,
76700,259.5,0.000003,,,,,,,,
76800,259.8,0.000027,,,,,,,,
76900,260.1,0.000013,,,,,,,,
77000,260.4,0.000008,,,,,,,,
77100,260.8,0.000008,,,,,,,,
77200,261.1,0.000002,,,,,,,,
77300,261.4,0.000003,,,,,,,,
77400,261.7,0.000008,,,,,,,,
77500,262.0,0.000003,,,,,,,,
77600,262.4,0.000005,,,,,,,,
77700,262.7,0.000009,,,,,,,,
77800,263.0,0.000011,,,,,,,,
77900,263.3,0.000002,,,,,,,,
78000,263.6,0.000012,,,,,,,,
78100,263.9,0.000004,,,,,,,,
78200,264.2,0.000006,,,,,,,,
78300,264.6,0.000006,,,,,,,,
78400,264.9,0.000003,,,,,,,,
78500,265.2,0.000004,,,,,,,,
78600,265.5,0.000007,,,,,,,,
78700,265.8,0.000004,,,,,,,,
78800,266.2,0.000003,,,,,,,,
78900,266.5,0.000009,,,,,,,,
79000,266.8,0.000006,,,,,,,,
79100,267.1,0.000002,,,,,,,,
79200,267.4,0.000002,,,,,,,,
79300,267.7,0.000002,,,,,,,,
79400,268.0,0.000018,,,,,,,,
79500,268.3,0.000010,,,,,,,,
79600,268.7,0.000007,,,,,,,,
79700,269.0,0.000007,,,,,,,,
79800,269.3,0.000004,,,,,,,,
79900,269.6,0.000002,,,,,,,,
80000,271.1,0.000003,0.000005,2.267276e-01,9.122270e-03,6.821449e-03,0.000000,1.683066e-01,8.619030e-03,6.498853e-03
80100,271.3,0.000005,,,,,,,,
80200,271.6,0.000004,,,,,,,,
80300,271.9,0.000003,,,,,,,,
80400,272.3,0.000007,,,,,,,,
80500,272.6,0.000005,,,,,,,,
80600,272.9,0.000002,,,,,,,,
80700,273.2,0.000011,,,,,,,,
80800,273.6,0.000008,,,,,,,,
80900,273.9,0.000004,,,,,,,,
81000,274.2,0.000008,,,,,,,,
81100,274.5,0.000005,,,,,,,,
81200,274.8,0.000002,,,,,,,,
81300,275.2,0.000007,,,,,,,,
81400,275.5,0.000003,,,,,,,,
81500,275.8,0.000007,,,,,,,,
81600,276.1,0.000003,,,,,,,,
81700,276.4,0.000004,,,,,,,,
81800,276.7,0.000004,,,,,,,,
81900,277.0,0.000013,,,,,,,,
82000,277.3,0.000006,,,,,,,,
82100,277.6,0.000003,,,,,,,,
82200,278.0,0.000012,,,,,,,,
82300,278.3,0.000005,,,,,,,,
82400,278.6,0.000003,,,,,,,,
82500,278.9,0.000001,,,,,,,,
82600,279.2,0.000013,,,,,,,,
82700,279.6,0.000004,,,,,,,,
82800,279.9,0.000004,,,,,,,,
82900,280.2,0.000005,,,,,,,,
83000,280.5,0.000003,,,,,,,,
83100,280.8,0.000003,,,,,,,,
83200,281.2,0.000010,,,,,,,,
83300,281.5,0.000003,,,,,,,,
83400,281.8,0.000010,,,,,,,,
83500,282.1,0.000007,,,,,,,,
83600,282.4,0.000004,,,,,,,,
83700,282.7,0.000006,,,,,,,,
83800,283.0,0.000002,,,,,,,,
83900,283.4,0.000002,,,,,,,,
84000,283.7,0.000003,,,,,,,,
84100,284.0,0.000015,,,,,,,,
84200,284.3,0.000004,,,,,,,,
84300,284.6,0.000002,,,,,,,,
84400,285.0,0.000005,,,,,,,,
84500,285.3,0.000003,,,,,,,,
84600,285.6,0.000005,,,,,,,,
84700,285.9,0.000006,,,,,,,,
84800,286.2,0.000016,,,,,,,,
84900,286.5,0.000002,,,,,,,,
85000,288.0,0.000002,0.000002,1.257442e-01,5.828286e-03,4.439586e-03,0.000000,1.088858e-01,5.709304e-03,4.433851e-03
85100,288.2,0.000002,,,,,,,,
85200,288.5,0.000002,,,,,,,,
85300,288.8,0.000003,,,,,,,,
85400,289.1,0.000004,,,,,,,,
85500,289.4,0.000005,,,,,,,,
85600,289.7,0.000003,,,,,,,,
85700,290.0,0.000003,,,,,,,,
85800,290.3,0.000005,,,,,,,,
85900,290.6,0.000005,,,,,,,,
86000,290.9,0.000003,,,,,,,,
86100,291.3,0.000003,,,,,,,,
86200,291.6,0.000005,,,,,,,,
86300,291.9,0.000011,,,,,,,,
86400,292.2,0.000006,,,,,,,,
86500,292.5,0.000009,,,,,,,,
86600,292.8,0.000007,,,,,,,,
86700,293.2,0.000030,,,,,,,,
86800,293.5,0.000003,,,,,,,,
86900,293.8,0.000004,,,,,,,,
87000,294.1,0.000004,,,,,,,,
87100,294.4,0.000008,,,,,,,,
87200,294.8,0.000002,,,,,,,,
87300,295.1,0.000005,,,,,,,,
87400,295.4,0.000005,,,,,,,,
87500,295.7,0.000004,,,,,,,,
87600,296.0,0.000003,,,,,,,,
87700,296.3,0.000012,,,,,,,,
87800,296.6,0.000016,,,,,,,,
87900,297.0,0.000003,,,,,,,,
88000,297.3,0.000004,,,,,,,,
88100,297.6,0.000004,,,,,,,,
88200,297.9,0.000003,,,,,,,,
88300,298.2,0.000003,,,,,,,,
88400,298.5,0.000002,,,,,,,,
88500,298.9,0.000002,,,,,,,,
88600,299.2,0.000003,,,,,,,,
88700,299.5,0.000010,,,,,,,,
88800,299.8,0.000007,,,,,,,,
88900,300.2,0.000002,,,,,,,,
89000,300.5,0.000002,,,,,,,,
89100,300.8,0.000005,,,,,,,,
89200,301.1,0.000002,,,,,,,,
89300,301.4,0.000004,,,,,,,,
89400,301.7,0.000003,,,,,,,,
89500,302.1,0.000003,,,,,,,,
89600,302.4,0.000012,,,,,,,,
89700,302.7,0.000003,,,,,,,,
89800,303.0,0.000002,,,,,,,,
89900,303.3,0.000007,,,,,,,,
90000,304.8,0.000004,0.000006,1.090282e-01,1.187361e-02,9.731515e-03,0.000000,9.448494e-02,1.189433e-02,9.899309e-03
90100,305.0,0.000004,,,,,,,,
90200,305.3,0.000005,,,,,,,,
90300,305.6,0.000002,,,,,,,,
90400,305.9,0.000002,,,,,,,,
90500,306.3,0.000004,,,,,,,,
90600,306.6,0.000003,,,,,,,,
90700,306.9,0.000003,,,,,,,,
90800,307.2,0.000009,,,,,,,,
90900,307.5,0.000002,,,,,,,,
91000,307.9,0.000006,,,,,,,,
91100,308.2,0.000006,,,,,,,,
91200,308.5,0.000009,,,,,,,,
91300,308.8,0.000006,,,,,,,,
91400,309.1,0.000002,,,,,,,,
91500,309.4,0.000007,,,,,,,,
91600,309.8,0.000007,,,,,,,,
91700,310.1,0.000005,,,,,,,,
91800,310.4,0.000003,,,,,,,,
91900,310.7,0.000004,,,,,,,,
92000,311.0,0.000003,,,,,,,,
92100,311.3,0.000003,,,,,,,,
92200,311.7,0.000003,,,,,,,,
92300,312.0,0.000010,,,,,,,,
92400,312.3,0.000011,,,,,,,,
92500,312.6,0.000008,,,,,,,,
92600,312.9,0.000012,,,,,,,,
92700,313.3,0.000003,,,,,,,,
92800,313.6,0.000006,,,,,,,,
92900,313.9,0.000002,,,,,,,,
93000,314.2,0.000002,,,,,,,,
93100,314.6,0.000004,,,,,,,,
93200,314.9,0.000004,,,,,,,,
93300,315.2,0.000007,,,,,,,,
93400,315.5,0.000003,,,,,,,,
93500,315.8,0.000002,,,,,,,,
93600,316.2,0.000002,,,,,,,,
93700,316.5,0.000010,,,,,,,,
93800,316.8,0.000002,,,,,,,,
93900,317.1,0.000007,,,,,,,,
94000,317.4,0.000009,,,,,,,,
94100,317.7,0.000005,,,,,,,,
94200,318.0,0.000009,,,,,,,,
94300,318.4,0.000011,,,,,,,,
94400,318.7,0.000007,,,,,,,,
94500,319.0,0.000002,,,,,,,,
94600,319.3,0.000003,,,,,,,,
94700,319.6,0.000003,,,,,,,,
94800,319.9,0.000002,,,,,,,,
94900,320.2,0.000011,,,,,,,,
95000,321.6,0.000002,0.000004,2.299961e-01,9.078084e-03,7.858719e-03,0.000000,1.832893e-01,8.959377e-03,8.023798e-03
95100,321.9,0.000004,,,,,,,,
95200,322.2,0.000002,,,,,,,,
95300,322.5,0.000003,,,,,,,,
95400,322.8,0.000006,,,,,,,,
95500,323.1,0.000010,,,,,,,,
95600,323.5,0.000010,,,,,,,,
95700,323.8,0.000003,,,,,,,,
95800,324.1,0.000004,,,,,,,,
95900,324.4,0.000003,,,,,,,,
96000,324.7,0.000010,,,,,,,,
96100,325.1,0.000003,,,,,,,,
96200,325.4,0.000006,,,,,,,,
96300,325.7,0.000014,,,,,,,,
96400,326.0,0.000007,,,,,,,,
96500,326.3,0.000003,,,,,,,,
96600,326.7,0.000013,,,,,,,,
96700,327.0,0.000013,,,,,,,,
96800,327.3,0.000002,,,,,,,,
96900,327.6,0.000002,,,,,,,,
97000,327.9,0.000016,,,,,,,,
97100,328.3,0.000005,,,,,,,,
97200,328.6,0.000003,,,,,,,,
97300,328.9,0.000005,,,,,,,,
97400,329.2,0.000007,,,,,,,,
97500,329.5,0.000009,,,,,,,,
97600,329.8,0.000003,,,,,,,,
97700,330.1,0.000003,,,,,,,,
97800,330.4,0.000004,,,,,,,,
97900,330.7,0.000005,,,,,,,,
98000,331.1,0.000006,,,,,,,,
98100,331.4,0.000010,,,,,,,,
98200,331.7,0.000002,,,,,,,,
98300,332.0,0.000015,,,,,,,,
98400,332.3,0.000002,,,,,,,,
98500,332.6,0.000003,,,,,,,,
98600,333.0,0.000006,,,,,,,,
98700,333.3,0.000011,,,,,,,,
98800,333.6,0.000009,,,,,,,,
98900,333.9,0.000007,,,,,,,,
99000,334.2,0.000007,,,,,,,,
99100,334.6,0.000005,,,,,,,,
99200,334.9,0.000005,,,,,,,,
99300,335.2,0.000004,,,,,,,,
99400,335.5,0.000007,,,,,,,,
99500,335.8,0.000003,,,,,,,,
99600,336.1,0.000002,,,,,,,,
99700,336.4,0.000003,,,,,,,,
99800,336.8,0.000006,,,,,,,,
99900,337.1,0.000004,,,,,,,,
100000,338.5,0.000003,0.000002,9.860445e-02,7.274010e-03,5.434188e-03,0.000000,9.860445e-02,7.193952e-03,5.465537e-03
100100,338.8,0.000004,,,,,,,,
100200,339.0,0.000001,,,,,,,,
100300,339.4,0.000006,,,,,,,,
100400,339.7,0.000007,,,,,,,,
100500,340.0,0.000002,,,,,,,,
100600,340.2,0.000003,,,,,,,,
100700,340.6,0.000007,,,,,,,,
100800,340.9,0.000007,,,,,,,,
100900,341.2,0.000007,,,,,,,,
101000,341.5,0.000005,,,,,,,,
101100,341.8,0.000004,,,,,,,,
101200,342.2,0.000004,,,,,,,,
101300,342.4,0.000005,,,,,,,,
101400,342.7,0.000004,,,,,,,,
101500,343.0,0.000002,,,,,,,,
101600,343.4,0.000001,,,,,,,,
101700,343.7,0.000006,,,,,,,,
101800,344.0,0.000007,,,,,,,,
101900,344.3,0.000004,,,,,,,,
102000,344.6,0.000002,,,,,,,,
102100,345.0,0.000002,,,,,,,,
102200,345.3,0.000004,,,,,,,,
102300,345.6,0.000007,,,,,,,,
102400,345.9,0.000003,,,,,,,,
102500,346.2,0.000006,,,,,,,,
102600,346.6,0.000008,,,,,,,,
102700,346.9,0.000005,,,,,,,,
102800,347.2,0.000004,,,,,,,,
102900,347.5,0.000002,,,,,,,,
103000,347.8,0.000008,,,,,,,,
103100,348.1,0.000005,,,,,,,,
103200,348.4,0.000003,,,,,,,,
103300,348.7,0.000007,,,,,,,,
103400,349.1,0.000006,,,,,,,,
103500,349.4,0.000004,,,,,,,,
103600,349.7,0.000002,,,,,,,,
103700,350.0,0.000004,,,,,,,,
103800,350.3,0.000003,,,,,,,,
103900,350.6,0.000003,,,,,,,,
104000,350.9,0.000003,,,,,,,,
104100,351.3,0.000010,,,,,,,,
104200,351.6,0.000007,,,,,,,,
104300,351.9,0.000008,,,,,,,,
104400,352.2,0.000004,,,,,,,,
104500,352.5,0.000006,,,,,,,,
104600,352.8,0.000008,,,,,,,,
104700,353.1,0.000006,,,,,,,,
104800,353.3,0.000003,,,,,,,,
104900,353.7,0.000011,,,,,,,,
105000,355.1,0.000003,0.000002,9.627538e-02,6.415166e-03,5.408519e-03,0.000000,6.705756e-02,6.267377e-03,5.368974e-03
105100,355.4,0.000003,,,,,,,,
105200,355.7,0.000002,,,,,,,,
105300,356.0,0.000006,,,,,,,,
105400,356.3,0.000003,,,,,,,,
105500,356.6,0.000003,,,,,,,,
105600,356.9,0.000003,,,,,,,,
105700,357.2,0.000006,,,,,,,,
105800,357.6,0.000005,,,,,,,,
105900,357.9,0.000006,,,,,,,,
106000,358.2,0.000010,,,,,,,,
106100,358.5,0.000016,,,,,,,,
106200,358.8,0.000002,,,,,,,,
106300,359.1,0.000002,,,,,,,,
106400,359.5,0.000003,,,,,,,,
106500,359.8,0.000014,,,,,,,,
106600,360.1,0.000001,,,,,,,,
106700,360.4,0.000002,,,,,,,,
106800,360.7,0.000011,,,,,,,,
106900,361.1,0.000002,,,,,,,,
107000,361.4,0.000007,,,,,,,,
107100,361.7,0.000008,,,,,,,,
107200,362.0,0.000002,,,,,,,,
107300,362.3,0.000004,,,,,,,,
107400,362.6,0.000004,,,,,,,,
107500,363.0,0.000009,,,,,,,,
107600,363.3,0.000012,,,,,,,,
107700,363.6,0.000013,,,,,,,,
107800,363.9,0.000003,,,,,,,,
107900,364.2,0.000003,,,,,,,,
108000,364.5,0.000020,,,,,,,,
108100,364.9,0.000005,,,,,,,,
108200,365.2,0.000002,,,,,,,,
108300,365.5,0.000002,,,,,,,,
108400,365.8,0.000002,,,,,,,,
108500,366.1,0.000002,,,,,,,,
108600,366.4,0.000001,,,,,,,,
108700,366.8,0.000003,,,,,,,,
108800,367.1,0.000003,,,,,,,,
108900,367.4,0.000010,,,,,,,,
109000,367.7,0.000013,,,,,,,,
109100,368.0,0.000009,,,,,,,,
109200,368.3,0.000004,,,,,,,,
109300,368.6,0.000007,,,,,,,,
109400,368.9,0.000007,,,,,,,,
109500,369.3,0.000004,,,,,,,,
109600,369.6,0.000002,,,,,,,,
109700,369.9,0.000005,,,,,,,,
109800,370.2,0.000003,,,,,,,,
109900,370.5,0.000002,,,,,,,,
110000,372.0,0.000008,0.000008,1.039701e-01,1.445406e-02,1.343642e-02,0.000000,7.556544e-02,1.430891e-02,1.323159e-02
110100,372.2,0.000004,,,,,,,,
110200,372.5,0.000003,,,,,,,,
110300,372.8,0.000004,,,,,,,,
110400,373.1,0.000002,,,,,,,,
110500,373.4,0.000004,,,,,,,,
110600,373.7,0.000002,,,,,,,,
110700,374.1,0.000012,,,,,,,,
110800,374.4,0.000003,,,,,,,,
110900,374.7,0.000004,,,,,,,,
111000,375.0,0.000002,,,,,,,,
111100,375.4,0.000003,,,,,,,,
111200,375.7,0.000002,,,,,,,,
111300,376.0,0.000004,,,,,,,,
111400,376.3,0.000004,,,,,,,,
111500,376.6,0.000003,,,,,,,,
111600,377.0,0.000014,,,,,,,,
111700,377.3,0.000006,,,,,,,,
111800,377.6,0.000015,,,,,,,,
111900,377.9,0.000007,,,,,,,,
112000,378.2,0.000002,,,,,,,,
112100,378.5,0.000001,,,,,,,,
112200,378.8,0.000008,,,,,,,,
112300,379.1,0.000009,,,,,,,,
112400,379.5,0.000006,,,,,,,,
112500,379.8,0.000007,,,,,,,,
112600,380.1,0.000005,,,,,,,,
112700,380.4,0.000014,,,,,,,,
112800,380.7,0.000002,,,,,,,,
112900,381.0,0.000002,,,,,,,,
113000,381.3,0.000005,,,,,,,,
113100,381.7,0.000005,,,,,,,,
113200,382.0,0.000003,,,,,,,,
113300,382.3,0.000002,,,,,,,,
113400,382.6,0.000003,,,,,,,,
113500,382.9,0.000005,,,,,,,,
113600,383.3,0.000004,,,,,,,,
113700,383.6,0.000012,,,,,,,,
113800,383.9,0.000003,,,,,,,,
113900,384.2,0.000020,,,,,,,,
114000,384.5,0.000002,,,,,,,,
114100,384.9,0.000002,,,,,,,,
114200,385.2,0.000008,,,,,,,,
114300,385.5,0.000016,,,,,,,,
114400,385.8,0.000009,,,,,,,,
114500,386.1,0.000006,,,,,,,,
114600,386.5,0.000013,,,,,,,,
114700,386.8,0.000008,,,,,,,,
114800,387.1,0.000003,,,,,,,,
114900,387.4,0.000006,,,,,,,,
115000,388.9,0.000003,0.000002,9.620218e-02,6.623757e-03,5.254401e-03,0.000000,8.534259e-02,6.559268e-03,5.223055e-03
115100,389.1,0.000005,,,,,,,,
115200,389.4,0.000015,,,,,,,,
115300,389.7,0.000010,,,,,,,,
115400,390.1,0.000013,,,,,,,,
115500,390.4,0.000003,,,,,,,,
115600,390.7,0.000005,,,,,,,,
115700,391.0,0.000006,,,,,,,,
115800,391.4,0.000014,,,,,,,,
115900,391.7,0.000003,,,,,,,,
116000,392.0,0.000005,,,,,,,,
116100,392.3,0.000001,,,,,,,,
116200,392.6,0.000002,,,,,,,,
116300,393.0,0.000003,,,,,,,,
116400,393.3,0.000012,,,,,,,,
116500,393.6,0.000005,,,,,,,,
116600,393.9,0.000005,,,,,,,,
116700,394.2,0.000002,,,,,,,,
116800,394.6,0.000006,,,,,,,,
116900,394.9,0.000006,,,,,,,,
117000,395.2,0.000003,,,,,,,,
117100,395.5,0.000002,,,,,,,,
117200,395.8,0.000010,,,,,,,,
117300,396.1,0.000016,,,,,,,,
117400,396.5,0.000004,,,,,,,,
117500,396.8,0.000003,,,,,,,,
117600,397.1,0.000020,,,,,,,,
117700,397.4,0.000003,,,,,,,,
117800,397.7,0.000002,,,,,,,,
117900,398.0,0.000005,,,,,,,,
118000,398.3,0.000008,,,,,,,,
118100,398.6,0.000004,,,,,,,,
118200,399.0,0.000002,,,,,,,,
118300,399.3,0.000004,,,,,,,,
118400,399.6,0.000001,,,,,,,,
118500,399.9,0.000002,,,,,,,,
118600,400.3,0.000003,,,,,,,,
118700,400.6,0.000013,,,,,,,,
118800,400.9,0.000013,,,,,,,,
118900,401.2,0.000011,,,,,,,,
119000,401.6,0.000006,,,,,,,,
119100,401.9,0.000006,,,,,,,,
119200,402.2,0.000012,,,,,,,,
119300,402.5,0.000010,,,,,,,,
119400,402.8,0.000002,,,,,,,,
119500,403.1,0.000005,,,,,,,,
119600,403.4,0.000003,,,,,,,,
119700,403.7,0.000003,,,,,,,,
119800,404.1,0.000001,,,,,,,,
119900,404.4,0.000010,,,,,,,,
120000,405.8,0.000013,0.000003,7.849657e-02,7.808759e-03,6.588931e-03,0.000000,6.809188e-02,7.417142e-03,6.337493e-03
120100,406.1,0.000013,,,,,,,,
120200,406.4,0.000003,,,,,,,,
120300,406.7,0.000007,,,,,,,,
120400,407.0,0.000014,,,,,,,,
120500,407.3,0.000002,,,,,,,,
120600,407.6,0.000001,,,,,,,,
120700,407.9,0.000004,,,,,,,,
120800,408.2,0.000006,,,,,,,,
120900,408.6,0.000004,,,,,,,,
121000,408.9,0.000009,,,,,,,,
121100,409.2,0.000004,,,,,,,,
121200,409.5,0.000009,,,,,,,,
121300,409.9,0.000012,,,,,,,,
121400,410.2,0.000001,,,,,,,,
121500,410.5,0.000002,,,,,,,,
121600,410.8,0.000002,,,,,,,,
121700,411.1,0.000006,,,,,,,,
121800,411.5,0.000005,,,,,,,,
121900,411.8,0.000013,,,,,,,,
122000,412.1,0.000020,,,,,,,,
122100,412.4,0.000003,,,,,,,,
122200,412.7,0.000017,,,,,,,,
122300,413.0,0.000009,,,,,,,,
122400,413.4,0.000007,,,,,,,,
122500,413.7,0.000003,,,,,,,,
122600,414.0,0.000002,,,,,,,,
122700,414.3,0.000002,,,,,,,,
122800,414.6,0.000003,,,,,,,,
122900,414.9,0.000002,,,,,,,,
123000,415.2,0.000003,,,,,,,,
123100,415.5,0.000006,,,,,,,,
123200,415.8,0.000006,,,,,,,,
123300,416.2,0.000005,,,,,,,,
123400,416.5,0.000003,,,,,,,,
123500,416.8,0.000003,,,,,,,,
123600,417.1,0.000007,,,,,,,,
123700,417.4,0.000002,,,,,,,,
123800,417.8,0.000003,,,,,,,,
123900,418.1,0.000004,,,,,,,,
124000,418.4,0.000003,,,,,,,,
124100,418.7,0.000002,,,,,,,,
124200,419.0,0.000003,,,,,,,,
124300,419.3,0.000002,,,,,,,,
124400,419.6,0.000005,,,,,,,,
124500,420.0,0.000006,,,,,,,,
124600,420.3,0.000003,,,,,,,,
124700,420.6,0.000010,,,,,,,,
124800,420.9,0.000008,,,,,,,,
124900,421.2,0.000004,,,,,,,,
125000,422.6,0.000001,0.000002,1.129907e-01,6.034764e-03,4.807995e-03,0.000000,9.653617e-02,5.933947e-03,4.779010e-03
125100,422.9,0.000003,,,,,,,,
125200,423.1,0.000004,,,,,,,,
125300,423.5,0.000006,,,,,,,,
125400,423.8,0.000005,,,,,,,,
125500,424.1,0.000002,,,,,,,,
125600,424.4,0.000002,,,,,,,,
125700,424.7,0.000003,,,,,,,,
125800,425.1,0.000008,,,,,,,,
125900,425.4,0.000007,,,,,,,,
126000,425.7,0.000001,,,,,,,,
126100,426.0,0.000004,,,,,,,,
126200,426.4,0.000002,,,,,,,,
126300,426.7,0.000016,,,,,,,,
126400,427.0,0.000002,,,,,,,,
126500,427.3,0.000008,,,,,,,,
126600,427.6,0.000005,,,,,,,,
126700,428.0,0.000002,,,,,,,,
126800,428.3,0.000002,,,,,,,,
126900,428.6,0.000010,,,,,,,,
127000,428.9,0.000004,,,,,,,,
127100,429.2,0.000013,,,,,,,,
127200,429.6,0.000005,,,,,,,,
127300,429.9,0.000003,,,,,,,,
127400,430.2,0.000004,,,,,,,,
127500,430.5,0.000004,,,,,,,,
127600,430.8,0.000003,,,,,,,,
127700,431.1,0.000010,,,,,,,,
127800,431.4,0.000002,,,,,,,,
127900,431.7,0.000002,,,,,,,,
128000,432.0,0.000002,,,,,,,,
128100,432.4,0.000008,,,,,,,,
128200,432.7,0.000003,,,,,,,,
128300,433.0,0.000002,,,,,,,,
128400,433.3,0.000003,,,,,,,,
128500,433.6,0.000008,,,,,,,,
128600,433.9,0.000004,,,,,,,,
128700,434.2,0.000009,,,,,,,,
128800,434.5,0.000003,,,,,,,,
128900,434.9,0.000005,,,,,,,,
129000,435.2,0.000003,,,,,,,,
129100,435.5,0.000009,,,,,,,,
129200,435.8,0.000014,,,,,,,,
129300,436.1,0.000002,,,,,,,,
129400,436.5,0.000005,,,,,,,,
129500,436.8,0.000003,,,,,,,,
129600,437.1,0.000011,,,,,,,,
129700,437.4,0.000008,,,,,,,,
129800,437.7,0.000002,,,,,,,,
129900,438.0,0.000004,,,,,,,,
130000,439.4,0.000005,0.000003,1.319459e-01,8.734979e-03,7.515403e-03,0.000000,1.214194e-01,8.812833e-03,7.666099e-03
130100,439.7,0.000004,,,,,,,,
130200,440.0,0.000006,,,,,,,,
130300,440.3,0.000004,,,,,,,,
130400,440.7,0.000005,,,,,,,,
130500,441.0,0.000005,,,,,,,,
130600,441.3,0.000001,,,,,,,,
130700,441.6,0.000002,,,,,,,,
130800,441.9,0.000017,,,,,,,,
130900,442.3,0.000011,,,,,,,,
131000,442.6,0.000001,,,,,,,,
131100,442.9,0.000003,,,,,,,,
131200,443.2,0.000004,,,,,,,,
131300,443.5,0.000002,,,,,,,,
131400,443.9,0.000004,,,,,,,,
131500,444.2,0.000003,,,,,,,,
131600,444.5,0.000002,,,,,,,,
131700,444.8,0.000003,,,,,,,,
131800,445.1,0.000003,,,,,,,,
131900,445.5,0.000003,,,,,,,,
132000,445.8,0.000002,,,,,,,,
132100,446.1,0.000004,,,,,,,,
132200,446.4,0.000011,,,,,,,,
132300,446.7,0.000012,,,,,,,,
132400,447.1,0.000003,,,,,,,,
132500,447.4,0.000007,,,,,,,,
132600,447.7,0.000006,,,,,,,,
132700,448.0,0.000006,,,,,,,,
132800,448.3,0.000002,,,,,,,,
132900,448.7,0.000009,,,,,,,,
133000,449.0,0.000002,,,,,,,,
133100,449.3,0.000003,,,,,,,,
133200,449.6,0.000004,,,,,,,,
133300,449.9,0.000002,,,,,,,,
133400,450.2,0.000002,,,,,,,,
133500,450.5,0.000003,,,,,,,,
133600,450.9,0.000005,,,,,,,,
133700,451.2,0.000003,,,,,,,,
133800,451.5,0.000004,,,,,,,,
133900,451.8,0.000006,,,,,,,,
134000,452.2,0.000006,,,,,,,,
134100,452.5,0.000007,,,,,,,,
134200,452.8,0.000005,,,,,,,,
134300,453.1,0.000007,,,,,,,,
134400,453.4,0.000004,,,,,,,,
134500,453.8,0.000007,,,,,,,,
134600,454.1,0.000004,,,,,,,,
134700,454.4,0.000003,,,,,,,,
134800,454.7,0.000003,,,,,,,,
134900,455.0,0.000004,,,,,,,,
135000,456.5,0.000009,0.000009,1.557661e-01,1.541799e-02,1.258165e-02,0.000000,1.408060e-01,1.553373e-02,1.267454e-02
135100,456.7,0.000006,,,,,,,,
135200,457.0,0.000003,,,,,,,,
135300,457.3,0.000002,,,,,,,,
135400,457.7,0.000004,,,,,,,,
135500,458.0,0.000006,,,,,,,,
135600,458.3,0.000002,,,,,,,,
135700,458.6,0.000002,,,,,,,,
135800,458.9,0.000005,,,,,,,,
135900,459.2,0.000004,,,,,,,,
136000,459.6,0.000004,,,,,,,,
136100,459.9,0.000002,,,,,,,,
136200,460.2,0.000006,,,,,,,,
136300,460.5,0.000001,,,,,,,,
136400,460.8,0.000002,,,,,,,,
136500,461.2,0.000006,,,,,,,,
136600,461.5,0.000004,,,,,,,,
136700,461.8,0.000002,,,,,,,,
136800,462.1,0.000004,,,,,,,,
136900,462.4,0.000002,,,,,,,,
137000,462.8,0.000002,,,,,,,,
137100,463.1,0.000001,,,,,,,,
137200,463.4,0.000001,,,,,,,,
137300,463.7,0.000002,,,,,,,,
137400,464.0,0.000003,,,,,,,,
137500,464.3,0.000003,,,,,,,,
137600,464.7,0.000003,,,,,,,,
137700,465.0,0.000001,,,,,,,,
137800,465.3,0.000003,,,,,,,,
137900,465.6,0.000012,,,,,,,,
138000,465.9,0.000004,,,,,,,,
138100,466.2,0.000006,,,,,,,,
138200,466.5,0.000008,,,,,,,,
138300,466.8,0.000004,,,,,,,,
138400,467.2,0.000002,,,,,,,,
138500,467.5,0.000002,,,,,,,,
138600,467.8,0.000003,,,,,,,,
138700,468.1,0.000004,,,,,,,,
138800,468.4,0.000001,,,,,,,,
138900,468.7,0.000004,,,,,,,,
139000,469.1,0.000002,,,,,,,,
139100,469.4,0.000008,,,,,,,,
139200,469.7,0.000004,,,,,,,,
139300,470.0,0.000008,,,,,,,,
139400,470.3,0.000010,,,,,,,,
139500,470.7,0.000003,,,,,,,,
139600,471.0,0.000002,,,,,,,,
139700,471.3,0.000010,,,,,,,,
139800,471.6,0.000002,,,,,,,,
139900,471.9,0.000003,,,,,,,,
140000,473.4,0.000006,0.000004,1.843358e-01,8.425833e-03,6.253134e-03,0.000000,1.542821e-01,8.398487e-03,6.419131e-03
140100,473.6,0.000005,,,,,,,,
140200,473.9,0.000003,,,,,,,,
140300,474.2,0.000004,,,,,,,,
140400,474.5,0.000003,,,,,,,,
140500,474.9,0.000003,,,,,,,,
140600,475.1,0.000003,,,,,,,,
140700,475.5,0.000006,,,,,,,,
140800,475.8,0.000001,,,,,,,,
140900,476.1,0.000002,,,,,,,,
141000,476.4,0.000003,,,,,,,,
141100,476.7,0.000002,,,,,,,,
141200,477.0,0.000004,,,,,,,,
141300,477.4,0.000002,,,,,,,,
141400,477.7,0.000002,,,,,,,,
141500,478.0,0.000002,,,,,,,,
141600,478.3,0.000008,,,,,,,,
141700,478.7,0.000003,,,,,,,,
141800,479.0,0.000003,,,,,,,,
141900,479.3,0.000006,,,,,,,,
142000,479.6,0.000009,,,,,,,,
142100,479.9,0.000003,,,,,,,,
142200,480.3,0.000006,,,,,,,,
142300,480.6,0.000016,,,,,,,,
142400,480.9,0.000004,,,,,,,,
142500,481.2,0.000002,,,,,,,,
142600,481.5,0.000005,,,,,,,,
142700,481.8,0.000002,,,,,,,,
142800,482.1,0.000006,,,,,,,,
142900,482.4,0.000002,,,,,,,,
143000,482.7,0.000002,,,,,,,,
143100,483.1,0.000015,,,,,,,,
143200,483.4,0.000005,,,,,,,,
143300,483.7,0.000003,,,,,,,,
143400,484.0,0.000002,,,,,,,,
143500,484.3,0.000006,,,,,,,,
143600,484.7,0.000004,,,,,,,,
143700,485.0,0.000003,,,,,,,,
143800,485.3,0.000006,,,,,,,,
143900,485.6,0.000001,,,,,,,,
144000,485.9,0.000002,,,,,,,,
144100,486.3,0.000001,,,,,,,,
144200,486.6,0.000003,,,,,,,,
144300,486.9,0.000002,,,,,,,,
144400,487.2,0.000006,,,,,,,,
144500,487.5,0.000002,,,,,,,,
144600,487.8,0.000002,,,,,,,,
144700,488.1,0.000001,,,,,,,,
144800,488.4,0.000006,,,,,,,,
144900,488.8,0.000004,,,,,,,,
145000,490.2,0.000003,0.000001,9.007937e-02,5.911428e-03,4.950630e-03,0.000000,8.757974e-02,5.803489e-03,4.872139e-03
145100,490.5,0.000009,,,,,,,,
145200,490.8,0.000006,,,,,,,,
145300,491.1,0.000006,,,,,,,,
145400,491.4,0.000006,,,,,,,,
145500,491.7,0.000004,,,,,,,,
145600,492.1,0.000002,,,,,,,,
145700,492.4,0.000007,,,,,,,,
145800,492.7,0.000006,,,,,,,,
145900,493.0,0.000002,,,,,,,,
146000,493.3,0.000006,,,,,,,,
146100,493.6,0.000002,,,,,,,,
146200,493.9,0.000011,,,,,,,,
146300,494.2,0.000005,,,,,,,,
146400,494.5,0.000002,,,,,,,,
146500,494.9,0.000005,,,,,,,,
146600,495.2,0.000002,,,,,,,,
146700,495.5,0.000004,,,,,,,,
146800,495.8,0.000008,,,,,,,,
146900,496.1,0.000001,,,,,,,,
147000,496.4,0.000002,,,,,,,,
147100,496.8,0.000010,,,,,,,,
147200,497.1,0.000004,,,,,,,,
147300,497.4,0.000004,,,,,,,,
147400,497.7,0.000022,,,,,,,,
147500,498.1,0.000009,,,,,,,,
147600,498.4,0.000040,,,,,,,,
147700,498.7,0.000006,,,,,,,,
147800,499.1,0.000011,,,,,,,,
147900,499.4,0.000002,,,,,,,,
148000,499.7,0.000001,,,,,,,,
148100,500.0,0.000002,,,,,,,,
148200,500.3,0.000002,,,,,,,,
148300,500.6,0.000004,,,,,,,,
148400,501.0,0.000004,,,,,,,,
148500,501.3,0.000003,,,,,,,,
148600,501.6,0.000002,,,,,,,,
148700,501.9,0.000023,,,,,,,,
148800,502.2,0.000003,,,,,,,,
148900,502.5,0.000003,,,,,,,,
149000,502.9,0.000002,,,,,,,,
149100,503.2,0.000007,,,,,,,,
149200,503.5,0.000002,,,,,,,,
149300,503.8,0.000002,,,,,,,,
149400,504.1,0.000002,,,,,,,,
149500,504.4,0.000018,,,,,,,,
149600,504.7,0.000011,,,,,,,,
149700,505.0,0.000002,,,,,,,,
149800,505.4,0.000002,,,,,,,,
149900,505.7,0.000003,,,,,,,,
150000,507.1,0.000009,0.000014,1.097407e-01,2.014941e-02,1.997275e-02,0.000000,8.279618e-02,2.077270e-02,2.050488e-02
150100,507.4,0.000003,,,,,,,,
150200,507.7,0.000004,,,,,,,,
150300,508.0,0.000002,,,,,,,,
150400,508.3,0.000001,,,,,,,,
150500,508.6,0.000005,,,,,,,,
150600,509.0,0.000001,,,,,,,,
150700,509.3,0.000004,,,,,,,,
150800,509.6,0.000002,,,,,,,,
150900,509.9,0.000008,,,,,,,,
151000,510.3,0.000004,,,,,,,,
151100,510.6,0.000004,,,,,,,,
151200,510.9,0.000002,,,,,,,,
151300,511.2,0.000002,,,,,,,,
151400,511.5,0.000003,,,,,,,,
151500,511.8,0.000004,,,,,,,,
151600,512.2,0.000004,,,,,,,,
151700,512.5,0.000003,,,,,,,,
151800,512.8,0.000006,,,,,,,,
151900,513.1,0.000006,,,,,,,,
152000,513.5,0.000002,,,,,,,,
152100,513.8,0.000003,,,,,,,,
152200,514.1,0.000009,,,,,,,,
152300,514.4,0.000003,,,,,,,,
152400,514.7,0.000003,,,,,,,,
152500,515.0,0.000008,,,,,,,,
152600,515.4,0.000003,,,,,,,,
152700,515.7,0.000001,,,,,,,,
152800,516.0,0.000003,,,,,,,,
152900,516.3,0.000003,,,,,,,,
153000,516.6,0.000004,,,,,,,,
153100,517.0,0.000007,,,,,,,,
153200,517.3,0.000008,,,,,,,,
153300,517.6,0.000002,,,,,,,,
153400,517.9,0.000002,,,,,,,,
153500,518.3,0.000003,,,,,,,,
153600,518.6,0.000008,,,,,,,,
153700,518.9,0.000003,,,,,,,,
153800,519.2,0.000013,,,,,,,,
153900,519.5,0.000003,,,,,,,,
154000,519.9,0.000004,,,,,,,,
154100,520.1,0.000005,,,,,,,,
154200,520.5,0.000004,,,,,,,,
154300,520.8,0.000002,,,,,,,,
154400,521.1,0.000002,,,,,,,,
154500,521.4,0.000008,,,,,,,,
154600,521.8,0.000003,,,,,,,,
154700,522.1,0.000004,,,,,,,,
154800,522.4,0.000004,,,,,,,,
154900,522.7,0.000002,,,,,,,,
155000,524.1,0.000002,0.000003,1.684158e-01,8.314151e-03,6.688889e-03,0.000000,1.534815e-01,8.379549e-03,6.956989e-03
155100,524.4,0.000003,,,,,,,,
155200,524.7,0.000002,,,,,,,,
155300,525.0,0.000005,,,,,,,,
155400,525.3,0.000002,,,,,,,,
155500,525.6,0.000004,,,,,,,,
155600,526.0,0.000002,,,,,,,,
155700,526.3,0.000002,,,,,,,,
155800,526.6,0.000012,,,,,,,,
155900,526.9,0.000002,,,,,,,,
156000,527.2,0.000003,,,,,,,,
156100,527.6,0.000002,,,,,,,,
156200,527.9,0.000003,,,,,,,,
156300,528.2,0.000004,,,,,,,,
156400,528.5,0.000002,,,,,,,,
156500,528.8,0.000003,,,,,,,,
156600,529.1,0.000007,,,,,,,,
156700,529.5,0.000005,,,,,,,,
156800,529.8,0.000002,,,,,,,,
156900,530.1,0.000003,,,,,,,,
157000,530.4,0.000002,,,,,,,,
157100,530.7,0.000002,,,,,,,,
157200,531.0,0.000022,,,,,,,,
157300,531.4,0.000010,,,,,,,,
157400,531.7,0.000001,,,,,,,,
157500,532.0,0.000005,,,,,,,,
157600,532.3,0.000003,,,,,,,,
157700,532.7,0.000005,,,,,,,,
157800,533.0,0.000008,,,,,,,,
157900,533.3,0.000003,,,,,,,,
158000,533.6,0.000006,,,,,,,,
158100,533.9,0.000003,,,,,,,,
158200,534.3,0.000003,,,,,,,,
158300,534.6,0.000003,,,,,,,,
158400,534.9,0.000011,,,,,,,,
158500,535.2,0.000004,,,,,,,,
158600,535.5,0.000003,,,,,,,,
158700,535.8,0.000009,,,,,,,,
158800,536.1,0.000002,,,,,,,,
158900,536.5,0.000003,,,,,,,,
159000,536.8,0.000002,,,,,,,,
159100,537.1,0.000006,,,,,,,,
159200,537.4,0.000005,,,,,,,,
159300,537.7,0.000007,,,,,,,,
159400,538.1,0.000002,,,,,,,,
159500,538.3,0.000001,,,,,,,,
159600,538.7,0.000005,,,,,,,,
159700,539.0,0.000003,,,,,,,,
159800,539.3,0.000003,,,,,,,,
159900,539.6,0.000005,,,,,,,,
160000,541.1,0.000011,0.000006,8.685971e-02,1.260946e-02,1.160409e-02,0.000000,8.685971e-02,1.258922e-02,1.163135e-02
160100,541.3,0.000010,,,,,,,,
160200,541.7,0.000001,,,,,,,,
160300,542.0,0.000002,,,,,,,,
160400,542.3,0.000002,,,,,,,,
160500,542.6,0.000003,,,,,,,,
160600,542.9,0.000004,,,,,,,,
160700,543.3,0.000004,,,,,,,,
160800,543.6,0.000003,,,,,,,,
160900,543.9,0.000007,,,,,,,,
161000,544.2,0.000002,,,,,,,,
161100,544.5,0.000007,,,,,,,,
161200,544.8,0.000004,,,,,,,,
161300,545.1,0.000002,,,,,,,,
161400,545.5,0.000007,,,,,,,,
161500,545.8,0.000001,,,,,,,,
161600,546.0,0.000007,,,,,,,,
161700,546.3,0.000022,,,,,,,,
161800,546.7,0.000006,,,,,,,,
161900,547.0,0.000017,,,,,,,,
162000,547.3,0.000010,,,,,,,,
162100,547.6,0.000004,,,,,,,,
162200,547.9,0.000004,,,,,,,,
162300,548.2,0.000012,,,,,,,,
162400,548.6,0.000002,,,,,,,,
162500,548.9,0.000003,,,,,,,,
162600,549.2,0.000007,,,,,,,,
162700,549.5,0.000003,,,,,,,,
162800,549.8,0.000001,,,,,,,,
162900,550.2,0.000003,,,,,,,,
163000,550.5,0.000005,,,,,,,,
163100,550.8,0.000002,,,,,,,,
163200,551.1,0.000002,,,,,,,,
163300,551.4,0.000006,,,,,,,,
163400,551.8,0.000007,,,,,,,,
163500,552.1,0.000006,,,,,,,,
163600,552.4,0.000002,,,,,,,,
163700,552.7,0.000003,,,,,,,,
163800,553.0,0.000002,,,,,,,,
163900,553.3,0.000002,,,,,,,,
164000,553.7,0.000004,,,,,,,,
164100,554.0,0.000003,,,,,,,,
164200,554.3,0.000006,,,,,,,,
164300,554.6,0.000004,,,,,,,,
164400,554.9,0.000005,,,,,,,,
164500,555.3,0.000009,,,,,,,,
164600,555.6,0.000002,,,,,,,,
164700,555.9,0.000002,,,,,,,,
164800,556.2,0.000004,,,,,,,,
164900,556.5,0.000003,,,,,,,,
165000,558.0,0.000001,0.000002,1.486657e-01,5.460090e-03,4.231049e-03,0.000000,1.399124e-01,5.451964e-03,4.301971e-03
165100,558.2,0.000002,,,,,,,,
165200,558.5,0.000002,,,,,,,,
165300,558.8,0.000010,,,,,,,,
165400,559.2,0.000009,,,,,,,,
165500,559.5,0.000002,,,,,,,,
165600,559.8,0.000002,,,,,,,,
165700,560.1,0.000002,,,,,,,,
165800,560.4,0.000001,,,,,,,,
165900,560.8,0.000006,,,,,,,,
166000,561.1,0.000004,,,,,,,,
166100,561.4,0.000004,,,,,,,,
166200,561.7,0.000002,,,,,,,,
166300,562.0,0.000004,,,,,,,,
166400,562.4,0.000004,,,,,,,,
166500,562.7,0.000010,,,,,,,,
166600,563.0,0.000004,,,,,,,,
166700,563.3,0.000005,,,,,,,,
166800,563.7,0.000002,,,,,,,,
166900,564.0,0.000004,,,,,,,,
167000,564.3,0.000003,,,,,,,,
167100,564.6,0.000005,,,,,,,,
167200,564.9,0.000011,,,,,,,,
167300,565.2,0.000002,,,,,,,,
167400,565.5,0.000002,,,,,,,,
167500,565.8,0.000004,,,,,,,,
167600,566.1,0.000011,,,,,,,,
167700,566.5,0.000002,,,,,,,,
167800,566.8,0.000003,,,,,,,,
167900,567.1,0.000008,,,,,,,,
168000,567.4,0.000007,,,,,,,,
168100,567.7,0.000002,,,,,,,,
168200,568.1,0.000007,,,,,,,,
168300,568.4,0.000003,,,,,,,,
168400,568.7,0.000006,,,,,,,,
168500,569.0,0.000002,,,,,,,,
168600,569.3,0.000005,,,,,,,,
168700,569.6,0.000003,,,,,,,,
168800,570.0,0.000006,,,,,,,,
168900,570.3,0.000003,,,,,,,,
169000,570.6,0.000002,,,,,,,,
169100,570.9,0.000002,,,,,,,,
169200,571.2,0.000003,,,,,,,,
169300,571.5,0.000003,,,,,,,,
169400,571.9,0.000007,,,,,,,,
169500,572.2,0.000001,,,,,,,,
169600,572.5,0.000001,,,,,,,,
169700,572.8,0.000007,,,,,,,,
169800,573.1,0.000002,,,,,,,,
169900,573.4,0.000002,,,,,,,,
170000,574.9,0.000002,0.000002,1.259151e-01,7.167712e-03,5.938220e-03,0.000000,1.259151e-01,7.223033e-03,6.038086e-03
170100,575.1,0.000002,,,,,,,,
170200,575.5,0.000005,,,,,,,,
170300,575.8,0.000002,,,,,,,,
170400,576.1,0.000002,,,,,,,,
170500,576.4,0.000002,,,,,,,,
170600,576.7,0.000003,,,,,,,,
170700,577.0,0.000004,,,,,,,,
170800,577.4,0.000003,,,,,,,,
170900,577.7,0.000003,,,,,,,,
171000,578.0,0.000001,,,,,,,,
171100,578.3,0.000001,,,,,,,,
171200,578.6,0.000003,,,,,,,,
171300,578.9,0.000016,,,,,,,,
171400,579.3,0.000002,,,,,,,,
171500,579.6,0.000005,,,,,,,,
171600,579.9,0.000003,,,,,,,,
171700,580.2,0.000003,,,,,,,,
171800,580.5,0.000002,,,,,,,,
171900,580.9,0.000009,,,,,,,,
172000,581.2,0.000002,,,,,,,,
172100,581.5,0.000006,,,,,,,,
172200,581.8,0.000011,,,,,,,,
172300,582.1,0.000003,,,,,,,,
172400,582.5,0.000002,,,,,,,,
172500,582.8,0.000002,,,,,,,,
172600,583.1,0.000002,,,,,,,,
172700,583.4,0.000001,,,,,,,,
172800,583.7,0.000002,,,,,,,,
172900,584.1,0.000005,,,,,,,,
173000,584.4,0.000008,,,,,,,,
173100,584.7,0.000002,,,,,,,,
173200,585.0,0.000002,,,,,,,,
173300,585.3,0.000004,,,,,,,,
173400,585.6,0.000013,,,,,,,,
173500,586.0,0.000006,,,,,,,,
173600,586.3,0.000003,,,,,,,,
173700,586.6,0.000001,,,,,,,,
173800,586.9,0.000002,,,,,,,,
173900,587.2,0.000003,,,,,,,,
174000,587.5,0.000004,,,,,,,,
174100,587.8,0.000003,,,,,,,,
174200,588.2,0.000005,,,,,,,,
174300,588.5,0.000002,,,,,,,,
174400,588.8,0.000009,,,,,,,,
174500,589.1,0.000002,,,,,,,,
174600,589.4,0.000001,,,,,,,,
174700,589.8,0.000003,,,,,,,,
174800,590.1,0.000006,,,,,,,,
174900,590.4,0.000004,,,,,,,,
175000,591.8,0.000008,0.000004,1.574674e-01,9.112798e-03,7.711436e-03,0.000000,1.551764e-01,8.926534e-03,7.713747e-03
175100,592.1,0.000004,,,,,,,,
175200,592.4,0.000002,,,,,,,,
175300,592.7,0.000005,,,,,,,,
175400,593.0,0.000003,,,,,,,,
175500,593.4,0.000003,,,,,,,,
175600,593.7,0.000005,,,,,,,,
175700,594.0,0.000009,,,,,,,,
175800,594.3,0.000004,,,,,,,,
175900,594.5,0.000003,,,,,,,,
176000,594.8,0.000006,,,,,,,,
176100,595.1,0.000010,,,,,,,,
176200,595.4,0.000003,,,,,,,,
176300,595.7,0.000001,,,,,,,,
176400,596.1,0.000006,,,,,,,,
176500,596.4,0.000006,,,,,,,,
176600,596.7,0.000007,,,,,,,,
176700,597.0,0.000001,,,,,,,,
176800,597.3,0.000009,,,,,,,,
176900,597.7,0.000003,,,,,,,,
177000,598.0,0.000002,,,,,,,,
177100,598.3,0.000001,,,,,,,,
177200,598.6,0.000002,,,,,,,,
177300,599.0,0.000001,,,,,,,,
177400,599.3,0.000003,,,,,,,,
177500,599.6,0.000002,,,,,,,,
177600,599.9,0.000002,,,,,,,,
177700,600.2,0.000005,,,,,,,,
177800,600.5,0.000007,,,,,,,,
177900,600.9,0.000006,,,,,,,,
178000,601.2,0.000002,,,,,,,,
178100,601.5,0.000002,,,,,,,,
178200,601.8,0.000003,,,,,,,,
178300,602.1,0.000004,,,,,,,,
178400,602.4,0.000003,,,,,,,,
178500,602.7,0.000006,,,,,,,,
178600,603.1,0.000002,,,,,,,,
178700,603.3,0.000002,,,,,,,,
178800,603.7,0.000002,,,,,,,,
178900,604.0,0.000006,,,,,,,,
179000,604.3,0.000002,,,,,,,,
179100,604.6,0.000002,,,,,,,,
179200,604.9,0.000003,,,,,,,,
179300,605.2,0.000001,,,,,,,,
179400,605.6,0.000015,,,,,,,,
179500,605.9,0.000002,,,,,,,,
179600,606.2,0.000002,,,,,,,,
179700,606.5,0.000002,,,,,,,,
179800,606.8,0.000004,,,,,,,,
179900,607.2,0.000006,,,,,,,,
180000,608.6,0.000002,0.000007,9.855258e-02,1.351758e-02,1.237089e-02,0.000000,9.435273e-02,1.360898e-02,1.268036e-02
180100,608.9,0.000013,,,,,,,,
180200,609.2,0.000006,,,,,,,,
180300,609.5,0.000006,,,,,,,,
180400,609.8,0.000002,,,,,,,,
180500,610.1,0.000006,,,,,,,,
180600,610.4,0.000002,,,,,,,,
180700,610.8,0.000004,,,,,,,,
180800,611.1,0.000004,,,,,,,,
180900,611.4,0.000003,,,,,,,,
181000,611.7,0.000006,,,,,,,,
181100,612.0,0.000005,,,,,,,,
181200,612.4,0.000002,,,,,,,,
181300,612.7,0.000004,,,,,,,,
181400,613.0,0.000002,,,,,,,,
181500,613.3,0.000003,,,,,,,,
181600,613.6,0.000001,,,,,,,,
181700,614.0,0.000009,,,,,,,,
181800,614.3,0.000006,,,,,,,,
181900,614.6,0.000004,,,,,,,,
182000,614.9,0.000005,,,,,,,,
182100,615.2,0.000002,,,,,,,,
182200,615.6,0.000017,,,,,,,,
182300,615.9,0.000002,,,,,,,,
182400,616.2,0.000016,,,,,,,,
182500,616.5,0.000002,,,,,,,,
182600,616.9,0.000013,,,,,,,,
182700,617.2,0.000004,,,,,,,,
182800,617.5,0.000004,,,,,,,,
182900,617.8,0.000004,,,,,,,,
183000,618.1,0.000002,,,,,,,,
183100,618.4,0.000002,,,,,,,,
183200,618.8,0.000004,,,,,,,,
183300,619.1,0.000003,,,,,,,,
183400,619.4,0.000001,,,,,,,,
183500,619.7,0.000002,,,,,,,,
183600,620.0,0.000001,,,,,,,,
183700,620.3,0.000004,,,,,,,,
183800,620.6,0.000003,,,,,,,,
183900,621.0,0.000004,,,,,,,,
184000,621.3,0.000015,,,,,,,,
184100,621.6,0.000002,,,,,,,,
184200,621.9,0.000004,,,,,,,,
184300,622.2,0.000002,,,,,,,,
184400,622.6,0.000003,,,,,,,,
184500,622.9,0.000003,,,,,,,,
184600,623.2,0.000003,,,,,,,,
184700,623.5,0.000019,,,,,,,,
184800,623.8,0.000003,,,,,,,,
184900,624.2,0.000002,,,,,,,,
185000,625.6,0.000006,0.000003,1.045818e-01,8.316059e-03,6.404238e-03,0.000000,9.806372e-02,8.450761e-03,6.577432e-03
185100,625.9,0.000004,,,,,,,,
185200,626.2,0.000002,,,,,,,,
185300,626.5,0.000003,,,,,,,,
185400,626.8,0.000002,,,,,,,,
185500,627.2,0.000008,,,,,,,,
185600,627.5,0.000002,,,,,,,,
185700,627.8,0.000018,,,,,,,,
185800,628.1,0.000002,,,,,,,,
185900,628.4,0.000003,,,,,,,,
186000,628.7,0.000007,,,,,,,,
186100,629.1,0.000004,,,,,,,,
186200,629.4,0.000004,,,,,,,,
186300,629.7,0.000003,,,,,,,,
186400,630.0,0.000003,,,,,,,,
186500,630.3,0.000010,,,,,,,,
186600,630.6,0.000009,,,,,,,,
186700,630.9,0.000009,,,,,,,,
186800,631.2,0.000005,,,,,,,,
186900,631.6,0.000004,,,,,,,,
187000,631.9,0.000007,,,,,,,,
187100,632.2,0.000006,,,,,,,,
187200,632.5,0.000007,,,,,,,,
187300,632.8,0.000003,,,,,,,,
187400,633.1,0.000003,,,,,,,,
187500,633.4,0.000001,,,,,,,,
187600,633.7,0.000007,,,,,,,,
187700,634.1,0.000002,,,,,,,,
187800,634.4,0.000007,,,,,,,,
187900,634.7,0.000003,,,,,,,,
188000,635.0,0.000003,,,,,,,,
188100,635.3,0.000002,,,,,,,,
188200,635.7,0.000005,,,,,,,,
188300,636.0,0.000003,,,,,,,,
188400,636.3,0.000004,,,,,,,,
188500,636.6,0.000005,,,,,,,,
188600,636.9,0.000002,,,,,,,,
188700,637.2,0.000004,,,,,,,,
188800,637.6,0.000005,,,,,,,,
188900,637.9,0.000004,,,,,,,,
189000,638.2,0.000005,,,,,,,,
189100,638.5,0.000003,,,,,,,,
189200,638.8,0.000006,,,,,,,,
189300,639.1,0.000014,,,,,,,,
189400,639.5,0.000003,,,,,,,,
189500,639.8,0.000003,,,,,,,,
189600,640.1,0.000003,,,,,,,,
189700,640.4,0.000002,,,,,,,,
189800,640.7,0.000004,,,,,,,,
189900,641.0,0.000005,,,,,,,,
190000,642.5,0.000002,0.000002,1.451540e-01,6.476408e-03,5.454314e-03,0.000000,1.384034e-01,6.463557e-03,5.483924e-03
190100,642.8,0.000003,,,,,,,,
190200,643.1,0.000011,,,,,,,,
190300,643.4,0.000005,,,,,,,,
190400,643.7,0.000001,,,,,,,,
190500,644.1,0.000002,,,,,,,,
190600,644.4,0.000006,,,,,,,,
190700,644.7,0.000009,,,,,,,,
190800,645.0,0.000006,,,,,,,,
190900,645.3,0.000007,,,,,,,,
191000,645.6,0.000002,,,,,,,,
191100,646.0,0.000014,,,,,,,,
191200,646.3,0.000004,,,,,,,,
191300,646.6,0.000014,,,,,,,,
191400,646.9,0.000009,,,,,,,,
191500,647.2,0.000004,,,,,,,,
191600,647.5,0.000006,,,,,,,,
191700,647.8,0.000002,,,,,,,,
191800,648.1,0.000005,,,,,,,,
191900,648.5,0.000003,,,,,,,,
192000,648.8,0.000002,,,,,,,,
192100,649.1,0.000005,,,,,,,,
192200,649.4,0.000002,,,,,,,,
192300,649.7,0.000005,,,,,,,,
192400,650.1,0.000002,,,,,,,,
192500,650.4,0.000001,,,,,,,,
192600,650.7,0.000004,,,,,,,,
192700,651.0,0.000003,,,,,,,,
192800,651.4,0.000011,,,,,,,,
192900,651.7,0.000006,,,,,,,,
193000,652.0,0.000003,,,,,,,,
193100,652.3,0.000005,,,,,,,,
193200,652.6,0.000004,,,,,,,,
193300,652.9,0.000003,,,,,,,,
193400,653.3,0.000004,,,,,,,,
193500,653.6,0.000006,,,,,,,,
193600,653.9,0.000005,,,,,,,,
193700,654.2,0.000002,,,,,,,,
193800,654.5,0.000003,,,,,,,,
193900,654.8,0.000001,,,,,,,,
194000,655.1,0.000001,,,,,,,,
194100,655.4,0.000005,,,,,,,,
194200,655.8,0.000002,,,,,,,,
194300,656.1,0.000003,,,,,,,,
194400,656.4,0.000007,,,,,,,,
194500,656.7,0.000002,,,,,,,,
194600,657.0,0.000004,,,,,,,,
194700,657.4,0.000002,,,,,,,,
194800,657.7,0.000005,,,,,,,,
194900,658.0,0.000003,,,,,,,,
195000,659.4,0.000004,0.000004,1.673774e-01,9.553692e-03,8.320808e-03,0.000000,1.523500e-01,9.598145e-03,8.417996e-03
195100,659.7,0.000004,,,,,,,,
195200,660.0,0.000002,,,,,,,,
195300,660.3,0.000005,,,,,,,,
195400,660.6,0.000005,,,,,,,,
195500,660.9,0.000006,,,,,,,,
195600,661.3,0.000010,,,,,,,,
195700,661.6,0.000001,,,,,,,,
195800,661.9,0.000002,,,,,,,,
195900,662.2,0.000004,,,,,,,,
196000,662.5,0.000005,,,,,,,,
196100,662.8,0.000004,,,,,,,,
196200,663.1,0.000006,,,,,,,,
196300,663.5,0.000005,,,,,,,,
196400,663.8,0.000001,,,,,,,,
196500,664.1,0.000002,,,,,,,,
196600,664.4,0.000007,,,,,,,,
196700,664.7,0.000002,,,,,,,,
196800,665.0,0.000006,,,,,,,,
196900,665.4,0.000002,,,,,,,,
197000,665.7,0.000004,,,,,,,,
197100,666.0,0.000002,,,,,,,,
197200,666.3,0.000002,,,,,,,,
197300,666.6,0.000001,,,,,,,,
197400,667.0,0.000003,,,,,,,,
197500,667.3,0.000003,,,,,,,,
197600,667.6,0.000017,,,,,,,,
197700,667.9,0.000005,,,,,,,,
197800,668.2,0.000004,,,,,,,,
197900,668.6,0.000008,,,,,,,,
198000,668.9,0.000002,,,,,,,,
198100,669.2,0.000008,,,,,,,,
198200,669.5,0.000004,,,,,,,,
198300,669.8,0.000002,,,,,,,,
198400,670.2,0.000002,,,,,,,,
198500,670.5,0.000002,,,,,,,,
198600,670.8,0.000007,,,,,,,,
198700,671.1,0.000003,,,,,,,,
198800,671.4,0.000014,,,,,,,,
198900,671.7,0.000001,,,,,,,,
199000,672.1,0.000003,,,,,,,,
199100,672.4,0.000002,,,,,,,,
199200,672.7,0.000002,,,,,,,,
199300,673.0,0.000007,,,,,,,,
199400,673.3,0.000002,,,,,,,,
199500,673.7,0.000007,,,,,,,,
199600,674.0,0.000002,,,,,,,,
199700,674.3,0.000008,,,,,,,,
199800,674.6,0.000003,,,,,,,,
199900,674.9,0.000006,,,,,,,,
200000,676.4,0.000006,0.000012,1.529031e-01,1.743872e-02,1.756938e-02,0.000000,1.141656e-01,1.763247e-02,1.793897e-02
200100,676.6,0.000003,,,,,,,,
200200,677.0,0.000002,,,,,,,,
200300,677.3,0.000001,,,,,,,,
200400,677.6,0.000001,,,,,,,,
200500,677.9,0.000002,,,,,,,,
200600,678.2,0.000005,,,,,,,,
200700,678.5,0.000003,,,,,,,,
200800,678.9,0.000002,,,,,,,,
200900,679.2,0.000004,,,,,,,,
201000,679.5,0.000001,,,,,,,,
201100,679.8,0.000007,,,,,,,,
201200,680.1,0.000006,,,,,,,,
201300,680.5,0.000004,,,,,,,,
201400,680.8,0.000001,,,,,,,,
201500,681.1,0.000001,,,,,,,,
201600,681.4,0.000005,,,,,,,,
201700,681.7,0.000004,,,,,,,,
201800,682.1,0.000002,,,,,,,,
201900,682.4,0.000003,,,,,,,,
202000,682.7,0.000004,,,,,,,,
202100,683.0,0.000002,,,,,,,,
202200,683.3,0.000003,,,,,,,,
202300,683.7,0.000002,,,,,,,,
202400,684.0,0.000002,,,,,,,,
202500,684.3,0.000002,,,,,,,,
202600,684.6,0.000003,,,,,,,,
202700,684.9,0.000011,,,,,,,,
202800,685.3,0.000002,,,,,,,,
202900,685.6,0.000010,,,,,,,,
203000,685.9,0.000005,,,,,,,,
203100,686.2,0.000004,,,,,,,,
203200,686.5,0.000002,,,,,,,,
203300,686.8,0.000001,,,,,,,,
203400,687.1,0.000002,,,,,,,,
203500,687.4,0.000003,,,,,,,,
203600,687.8,0.000001,,,,,,,,
203700,688.1,0.000004,,,,,,,,
203800,688.4,0.000006,,,,,,,,
203900,688.7,0.000003,,,,,,,,
204000,689.0,0.000005,,,,,,,,
204100,689.3,0.000002,,,,,,,,
204200,689.6,0.000001,,,,,,,,
204300,689.9,0.000003,,,,,,,,
204400,690.3,0.000004,,,,,,,,
204500,690.6,0.000001,,,,,,,,
204600,690.9,0.000002,,,,,,,,
204700,691.2,0.000004,,,,,,,,
204800,691.5,0.000005,,,,,,,,
204900,691.8,0.000003,,,,,,,,
205000,693.3,0.000019,0.000009,1.893542e-01,1.390134e-02,1.106487e-02,0.000000,1.155560e-01,1.401959e-02,1.134317e-02
205100,693.5,0.000002,,,,,,,,
205200,693.8,0.000007,,,,,,,,
205300,694.2,0.000002,,,,,,,,
205400,694.5,0.000002,,,,,,,,
205500,694.8,0.000003,,,,,,,,
205600,695.1,0.000010,,,,,,,,
205700,695.4,0.000008,,,,,,,,
205800,695.8,0.000003,,,,,,,,
205900,696.1,0.000004,,,,,,,,
206000,696.4,0.000002,,,,,,,,
206100,696.7,0.000006,,,,,,,,
206200,697.1,0.000003,,,,,,,,
206300,697.4,0.000003,,,,,,,,
206400,697.7,0.000018,,,,,,,,
206500,698.0,0.000004,,,,,,,,
206600,698.3,0.000002,,,,,,,,
206700,698.6,0.000010,,,,,,,,
206800,699.0,0.000002,,,,,,,,
206900,699.3,0.000002,,,,,,,,
207000,699.6,0.000002,,,,,,,,
207100,699.9,0.000002,,,,,,,,
207200,700.2,0.000003,,,,,,,,
207300,700.5,0.000003,,,,,,,,
207400,700.8,0.000004,,,,,,,,
207500,701.1,0.000002,,,,,,,,
207600,701.4,0.000007,,,,,,,,
207700,701.7,0.000003,,,,,,,,
207800,702.0,0.000005,,,,,,,,
207900,702.3,0.000009,,,,,,,,
208000,702.6,0.000003,,,,,,,,
208100,702.9,0.000006,,,,,,,,
208200,703.3,0.000006,,,,,,,,
208300,703.6,0.000005,,,,,,,,
208400,703.9,0.000004,,,,,,,,
208500,704.2,0.000006,,,,,,,,
208600,704.5,0.000006,,,,,,,,
208700,704.9,0.000003,,,,,,,,
208800,705.2,0.000005,,,,,,,,
208900,705.5,0.000002,,,,,,,,
209000,705.8,0.000002,,,,,,,,
209100,706.1,0.000002,,,,,,,,
209200,706.5,0.000002,,,,,,,,
209300,706.8,0.000002,,,,,,,,
209400,707.1,0.000002,,,,,,,,
209500,707.4,0.000002,,,,,,,,
209600,707.7,0.000004,,,,,,,,
209700,708.0,0.000001,,,,,,,,
209800,708.3,0.000007,,,,,,,,
209900,708.6,0.000006,,,,,,,,
210000,710.1,0.000002,0.000005,1.091983e-01,1.074273e-02,8.635705e-03,0.000000,1.091983e-01,1.068876e-02,8.618484e-03
210100,710.3,0.000003,,,,,,,,
210200,710.6,0.000003,,,,,,,,
210300,710.9,0.000003,,,,,,,,
210400,711.2,0.000002,,,,,,,,
210500,711.5,0.000001,,,,,,,,
210600,711.8,0.000004,,,,,,,,
210700,712.2,0.000003,,,,,,,,
210800,712.4,0.000001,,,,,,,,
210900,712.8,0.000002,,,,,,,,
211000,713.1,0.000004,,,,,,,,
211100,713.4,0.000002,,,,,,,,
211200,713.7,0.000004,,,,,,,,
211300,714.0,0.000004,,,,,,,,
211400,714.4,0.000002,,,,,,,,
211500,714.7,0.000004,,,,,,,,
211600,715.0,0.000002,,,,,,,,
211700,715.3,0.000009,,,,,,,,
211800,715.7,0.000005,,,,,,,,
211900,716.0,0.000001,,,,,,,,
212000,716.3,0.000004,,,,,,,,
212100,716.6,0.000005,,,,,,,,
212200,716.9,0.000002,,,,,,,,
212300,717.3,0.000002,,,,,,,,
212400,717.6,0.000006,,,,,,,,
212500,717.9,0.000002,,,,,,,,
212600,718.2,0.000006,,,,,,,,
212700,718.5,0.000002,,,,,,,,
212800,718.8,0.000003,,,,,,,,
212900,719.2,0.000002,,,,,,,,
213000,719.5,0.000011,,,,,,,,
213100,719.8,0.000002,,,,,,,,
213200,720.1,0.000007,,,,,,,,
213300,720.4,0.000002,,,,,,,,
213400,720.7,0.000001,,,,,,,,
213500,721.1,0.000002,,,,,,,,
213600,721.4,0.000004,,,,,,,,
213700,721.7,0.000012,,,,,,,,
213800,722.0,0.000002,,,,,,,,
213900,722.3,0.000001,,,,,,,,
214000,722.6,0.000002,,,,,,,,
214100,723.0,0.000002,,,,,,,,
214200,723.3,0.000003,,,,,,,,
214300,723.6,0.000001,,,,,,,,
214400,723.9,0.000002,,,,,,,,
214500,724.2,0.000007,,,,,,,,
214600,724.6,0.000003,,,,,,,,
214700,724.9,0.000002,,,,,,,,
214800,725.2,0.000003,,,,,,,,
214900,725.5,0.000003,,,,,,,,
215000,727.0,0.000007,0.000013,1.858140e-01,1.890290e-02,1.965288e-02,0.000000,1.592398e-01,1.918944e-02,2.002967e-02
215100,727.2,0.000003,,,,,,,,
215200,727.5,0.000002,,,,,,,,
215300,727.8,0.000004,,,,,,,,
215400,728.1,0.000002,,,,,,,,
215500,728.4,0.000003,,,,,,,,
215600,728.7,0.000003,,,,,,,,
215700,729.0,0.000003,,,,,,,,
215800,729.4,0.000006,,,,,,,,
215900,729.7,0.000002,,,,,,,,
216000,730.0,0.000003,,,,,,,,
216100,730.3,0.000003,,,,,,,,
216200,730.7,0.000006,,,,,,,,
216300,731.0,0.000002,,,,,,,,
216400,731.3,0.000003,,,,,,,,
216500,731.6,0.000002,,,,,,,,
216600,731.9,0.000003,,,,,,,,
216700,732.2,0.000004,,,,,,,,
216800,732.5,0.000004,,,,,,,,
216900,732.9,0.000006,,,,,,,,
217000,733.2,0.000002,,,,,,,,
217100,733.5,0.000009,,,,,,,,
217200,733.8,0.000003,,,,,,,,
217300,734.1,0.000002,,,,,,,,
217400,734.4,0.000003,,,,,,,,
217500,734.8,0.000011,,,,,,,,
217600,735.1,0.000008,,,,,,,,
217700,735.4,0.000002,,,,,,,,
217800,735.7,0.000002,,,,,,,,
217900,736.0,0.000001,,,,,,,,
218000,736.4,0.000002,,,,,,,,
218100,736.7,0.000003,,,,,,,,
218200,737.0,0.000009,,,,,,,,
218300,737.3,0.000010,,,,,,,,
218400,737.6,0.000004,,,,,,,,
218500,738.0,0.000005,,,,,,,,
218600,738.3,0.000005,,,,,,,,
218700,738.6,0.000006,,,,,,,,
218800,738.9,0.000005,,,,,,,,
218900,739.2,0.000002,,,,,,,,
219000,739.5,0.000002,,,,,,,,
219100,739.9,0.000003,,,,,,,,
219200,740.2,0.000010,,,,,,,,
219300,740.5,0.000008,,,,,,,,
219400,740.8,0.000005,,,,,,,,
219500,741.1,0.000004,,,,,,,,
219600,741.4,0.000007,,,,,,,,
219700,741.7,0.000005,,,,,,,,
219800,742.1,0.000038,,,,,,,,
219900,742.4,0.000005,,,,,,,,
220000,743.8,0.000005,0.000004,9.727609e-02,1.018608e-02,8.368420e-03,0.000000,6.691441e-02,1.034880e-02,8.590261e-03
220100,744.1,0.000002,,,,,,,,
220200,744.4,0.000001,,,,,,,,
220300,744.7,0.000004,,,,,,,,
220400,745.0,0.000005,,,,,,,,
220500,745.3,0.000008,,,,,,,,
220600,745.6,0.000002,,,,,,,,
220700,746.0,0.000002,,,,,,,,
220800,746.3,0.000003,,,,,,,,
220900,746.6,0.000001,,,,,,,,
221000,746.9,0.000002,,,,,,,,
221100,747.3,0.000001,,,,,,,,
221200,747.6,0.000003,,,,,,,,
221300,747.9,0.000005,,,,,,,,
221400,748.2,0.000004,,,,,,,,
221500,748.5,0.000002,,,,,,,,
221600,748.8,0.000010,,,,,,,,
221700,749.1,0.000002,,,,,,,,
221800,749.5,0.000001,,,,,,,,
221900,749.8,0.000002,,,,,,,,
222000,750.1,0.000005,,,,,,,,
222100,750.4,0.000005,,,,,,,,
222200,750.7,0.000001,,,,,,,,
222300,751.0,0.000002,,,,,,,,
222400,751.4,0.000003,,,,,,,,
222500,751.7,0.000003,,,,,,,,
222600,752.0,0.000005,,,,,,,,
222700,752.3,0.000007,,,,,,,,
222800,752.6,0.000012,,,,,,,,
222900,752.9,0.000003,,,,,,,,
223000,753.2,0.000002,,,,,,,,
223100,753.5,0.000002,,,,,,,,
223200,753.8,0.000005,,,,,,,,
223300,754.2,0.000006,,,,,,,,
223400,754.5,0.000002,,,,,,,,
223500,754.8,0.000004,,,,,,,,
223600,755.1,0.000001,,,,,,,,
223700,755.4,0.000008,,,,,,,,
223800,755.7,0.000006,,,,,,,,
223900,756.1,0.000004,,,,,,,,
224000,756.4,0.000001,,,,,,,,
224100,756.7,0.000003,,,,,,,,
224200,757.0,0.000002,,,,,,,,
224300,757.3,0.000001,,,,,,,,
224400,757.7,0.000001,,,,,,,,
224500,758.0,0.000003,,,,,,,,
224600,758.3,0.000003,,,,,,,,
224700,758.6,0.000003,,,,,,,,
224800,758.9,0.000003,,,,,,,,
224900,759.2,0.000008,,,,,,,,
225000,760.6,0.000002,0.000006,1.828095e-01,1.118440e-02,8.710841e-03,0.000000,1.661382e-01,1.157349e-02,9.421297e-03
225100,760.8,0.000002,,,,,,,,
225200,761.1,0.000003,,,,,,,,
225300,761.4,0.000004,,,,,,,,
225400,761.7,0.000001,,,,,,,,
225500,762.1,0.000002,,,,,,,,
225600,762.4,0.000004,,,,,,,,
225700,762.7,0.000007,,,,,,,,
225800,763.0,0.000002,,,,,,,,
225900,763.3,0.000003,,,,,,,,
226000,763.6,0.000003,,,,,,,,
226100,764.0,0.000004,,,,,,,,
226200,764.3,0.000021,,,,,,,,
226300,764.6,0.000007,,,,,,,,
226400,764.9,0.000005,,,,,,,,
226500,765.2,0.000013,,,,,,,,
226600,765.6,0.000001,,,,,,,,
226700,765.9,0.000002,,,,,,,,
226800,766.2,0.000002,,,,,,,,
226900,766.5,0.000004,,,,,,,,
227000,766.8,0.000003,,,,,,,,
227100,767.1,0.000003,,,,,,,,
227200,767.5,0.000004,,,,,,,,
227300,767.8,0.000002,,,,,,,,
227400,768.1,0.000002,,,,,,,,
227500,768.4,0.000003,,,,,,,,
227600,768.7,0.000004,,,,,,,,
227700,769.1,0.000004,,,,,,,,
227800,769.4,0.000003,,,,,,,,
227900,769.7,0.000002,,,,,,,,
228000,770.0,0.000002,,,,,,,,
228100,770.3,0.000003,,,,,,,,
228200,770.7,0.000002,,,,,,,,
228300,771.0,0.000004,,,,,,,,
228400,771.3,0.000003,,,,,,,,
228500,771.6,0.000003,,,,,,,,
228600,771.9,0.000010,,,,,,,,
228700,772.3,0.000001,,,,,,,,
228800,772.6,0.000004,,,,,,,,
228900,772.9,0.000011,,,,,,,,
229000,773.2,0.000003,,,,,,,,
229100,773.5,0.000003,,,,,,,,
229200,773.8,0.000003,,,,,,,,
229300,774.1,0.000004,,,,,,,,
229400,774.5,0.000003,,,,,,,,
229500,774.8,0.000002,,,,,,,,
229600,775.1,0.000002,,,,,,,,
229700,775.4,0.000008,,,,,,,,
229800,775.7,0.000003,,,,,,,,
229900,776.1,0.000002,,,,,,,,
230000,777.5,0.000001,0.000001,1.365985e-01,5.053596e-03,3.923012e-03,0.000000,1.258736e-01,4.947096e-03,3.897711e-03
230100,777.7,0.000002,,,,,,,,
230200,778.1,0.000003,,,,,,,,
230300,778.3,0.000002,,,,,,,,
230400,778.6,0.000007,,,,,,,,
230500,778.9,0.000009,,,,,,,,
230600,779.2,0.000003,,,,,,,,
230700,779.6,0.000002,,,,,,,,
230800,779.9,0.000002,,,,,,,,
230900,780.2,0.000003,,,,,,,,
231000,780.5,0.000004,,,,,,,,
231100,780.8,0.000004,,,,,,,,
231200,781.1,0.000004,,,,,,,,
231300,781.5,0.000006,,,,,,,,
231400,781.8,0.000002,,,,,,,,
231500,782.1,0.000003,,,,,,,,
231600,782.4,0.000004,,,,,,,,
231700,782.7,0.000002,,,,,,,,
231800,783.0,0.000002,,,,,,,,
231900,783.4,0.000021,,,,,,,,
232000,783.7,0.000002,,,,,,,,
232100,784.0,0.000006,,,,,,,,
232200,784.4,0.000003,,,,,,,,
232300,784.7,0.000004,,,,,,,,
232400,785.0,0.000005,,,,,,,,
232500,785.3,0.000003,,,,,,,,
232600,785.6,0.000005,,,,,,,,
232700,785.9,0.000003,,,,,,,,
232800,786.2,0.000001,,,,,,,,
232900,786.5,0.000011,,,,,,,,
233000,786.9,0.000002,,,,,,,,
233100,787.2,0.000003,,,,,,,,
233200,787.5,0.000004,,,,,,,,
233300,787.8,0.000001,,,,,,,,
233400,788.1,0.000001,,,,,,,,
233500,788.4,0.000006,,,,,,,,
233600,788.8,0.000001,,,,,,,,
233700,789.1,0.000010,,,,,,,,
233800,789.4,0.000002,,,,,,,,
233900,789.7,0.000001,,,,,,,,
234000,790.1,0.000003,,,,,,,,
234100,790.4,0.000009,,,,,,,,
234200,790.7,0.000006,,,,,,,,
234300,791.0,0.000004,,,,,,,,
234400,791.3,0.000002,,,,,,,,
234500,791.6,0.000004,,,,,,,,
234600,791.9,0.000002,,,,,,,,
234700,792.3,0.000004,,,,,,,,
234800,792.6,0.000007,,,,,,,,
234900,792.9,0.000006,,,,,,,,
235000,794.4,0.000004,0.000003,1.391453e-01,7.824088e-03,6.048461e-03,0.000000,1.272791e-01,7.911052e-03,6.192406e-03
235100,794.6,0.000003,,,,,,,,
235200,794.9,0.000001,,,,,,,,
235300,795.2,0.000002,,,,,,,,
235400,795.5,0.000003,,,,,,,,
235500,795.9,0.000003,,,,,,,,
235600,796.2,0.000003,,,,,,,,
235700,796.5,0.000002,,,,,,,,
235800,796.8,0.000004,,,,,,,,
235900,797.1,0.000006,,,,,,,,
236000,797.5,0.000003,,,,,,,,
236100,797.8,0.000002,,,,,,,,
236200,798.1,0.000002,,,,,,,,
236300,798.4,0.000003,,,,,,,,
236400,798.7,0.000003,,,,,,,,
236500,799.0,0.000001,,,,,,,,
236600,799.3,0.000001,,,,,,,,
236700,799.7,0.000013,,,,,,,,
236800,800.0,0.000003,,,,,,,,
236900,800.3,0.000002,,,,,,,,
237000,800.6,0.000014,,,,,,,,
237100,800.9,0.000001,,,,,,,,
237200,801.3,0.000001,,,,,,,,
237300,801.6,0.000003,,,,,,,,
237400,801.9,0.000002,,,,,,,,
237500,802.2,0.000008,,,,,,,,
237600,802.5,0.000005,,,,,,,,
237700,802.9,0.000005,,,,,,,,
237800,803.2,0.000003,,,,,,,,
237900,803.5,0.000003,,,,,,,,
238000,803.8,0.000002,,,,,,,,
238100,804.1,0.000004,,,,,,,,
238200,804.5,0.000002,,,,,,,,
238300,804.8,0.000002,,,,,,,,
238400,805.1,0.000002,,,,,,,,
238500,805.4,0.000002,,,,,,,,
238600,805.7,0.000006,,,,,,,,
238700,806.0,0.000006,,,,,,,,
238800,806.4,0.000006,,,,,,,,
238900,806.7,0.000005,,,,,,,,
239000,807.0,0.000006,,,,,,,,
239100,807.3,0.000001,,,,,,,,
239200,807.6,0.000003,,,,,,,,
239300,807.9,0.000012,,,,,,,,
239400,808.2,0.000005,,,,,,,,
239500,808.6,0.000003,,,,,,,,
239600,808.9,0.000008,,,,,,,,
239700,809.2,0.000002,,,,,,,,
239800,809.5,0.000003,,,,,,,,
239900,809.8,0.000003,,,,,,,,
240000,811.3,0.000001,0.000004,9.302999e-02,1.046712e-02,9.551647e-03,0.000000,5.687664e-02,1.047303e-02,9.609433e-03
240100,811.5,0.000004,,,,,,,,
240200,811.8,0.000003,,,,,,,,
240300,812.1,0.000004,,,,,,,,
240400,812.5,0.000003,,,,,,,,
240500,812.8,0.000001,,,,,,,,
240600,813.1,0.000001,,,,,,,,
240700,813.4,0.000005,,,,,,,,
240800,813.7,0.000002,,,,,,,,
240900,814.0,0.000002,,,,,,,,
241000,814.4,0.000001,,,,,,,,
241100,814.7,0.000004,,,,,,,,
241200,815.0,0.000001,,,,,,,,
241300,815.3,0.000002,,,,,,,,
241400,815.6,0.000003,,,,,,,,
241500,816.0,0.000003,,,,,,,,
241600,816.3,0.000005,,,,,,,,
241700,816.6,0.000004,,,,,,,,
241800,816.9,0.000003,,,,,,,,
241900,817.2,0.000007,,,,,,,,
242000,817.5,0.000007,,,,,,,,
242100,817.8,0.000004,,,,,,,,
242200,818.2,0.000002,,,,,,,,
242300,818.5,0.000002,,,,,,,,
242400,818.8,0.000004,,,,,,,,
242500,819.1,0.000005,,,,,,,,
242600,819.4,0.000002,,,,,,,,
242700,819.8,0.000004,,,,,,,,
242800,820.1,0.000015,,,,,,,,
242900,820.4,0.000004,,,,,,,,
243000,820.7,0.000002,,,,,,,,
243100,821.0,0.000002,,,,,,,,
243200,821.3,0.000004,,,,,,,,
243300,821.7,0.000008,,,,,,,,
243400,822.0,0.000008,,,,,,,,
243500,822.3,0.000001,,,,,,,,
243600,822.6,0.000001,,,,,,,,
243700,823.0,0.000006,,,,,,,,
243800,823.3,0.000007,,,,,,,,
243900,823.6,0.000002,,,,,,,,
244000,823.9,0.000001,,,,,,,,
244100,824.2,0.000002,,,,,,,,
244200,824.6,0.000002,,,,,,,,
244300,824.9,0.000002,,,,,,,,
244400,825.2,0.000004,,,,,,,,
244500,825.5,0.000001,,,,,,,,
244600,825.8,0.000010,,,,,,,,
244700,826.1,0.000005,,,,,,,,
244800,826.5,0.000002,,,,,,,,
244900,826.8,0.000008,,,,,,,,
245000,828.2,0.000006,0.000004,1.574053e-01,1.065789e-02,9.394789e-03,0.000000,1.426694e-01,1.086038e-02,9.863207e-03
245100,828.5,0.000002,,,,,,,,
245200,828.8,0.000001,,,,,,,,
245300,829.1,0.000001,,,,,,,,
245400,829.4,0.000004,,,,,,,,
245500,829.7,0.000001,,,,,,,,
245600,830.1,0.000003,,,,,,,,
245700,830.4,0.000003,,,,,,,,
245800,830.7,0.000002,,,,,,,,
245900,831.0,0.000007,,,,,,,,
246000,831.3,0.000003,,,,,,,,
246100,831.7,0.000009,,,,,,,,
246200,832.0,0.000002,,,,,,,,
246300,832.3,0.000005,,,,,,,,
246400,832.6,0.000006,,,,,,,,
246500,833.0,0.000004,,,,,,,,
246600,833.3,0.000002,,,,,,,,
246700,833.6,0.000001,,,,,,,,
246800,833.9,0.000002,,,,,,,,
246900,834.2,0.000003,,,,,,,,
247000,834.6,0.000004,,,,,,,,
247100,834.9,0.000004,,,,,,,,
247200,835.2,0.000006,,,,,,,,
247300,835.5,0.000005,,,,,,,,
247400,835.8,0.000002,,,,,,,,
247500,836.2,0.000012,,,,,,,,
247600,836.5,0.000002,,,,,,,,
247700,836.8,0.000012,,,,,,,,
247800,837.1,0.000001,,,,,,,,
247900,837.4,0.000011,,,,,,,,
248000,837.7,0.000002,,,,,,,,
248100,838.1,0.000002,,,,,,,,
248200,838.4,0.000004,,,,,,,,
248300,838.7,0.000006,,,,,,,,
248400,839.0,0.000012,,,,,,,,
248500,839.3,0.000003,,,,,,,,
248600,839.7,0.000002,,,,,,,,
248700,840.0,0.000002,,,,,,,,
248800,840.3,0.000002,,,,,,,,
248900,840.6,0.000003,,,,,,,,
249000,840.9,0.000004,,,,,,,,
249100,841.3,0.000005,,,,,,,,
249200,841.6,0.000002,,,,,,,,
249300,841.9,0.000007,,,,,,,,
249400,842.2,0.000001,,,,,,,,
249500,842.5,0.000004,,,,,,,,
249600,842.9,0.000004,,,,,,,,
249700,843.2,0.000003,,,,,,,,
249800,843.5,0.000007,,,,,,,,
249900,843.8,0.000002,,,,,,,,
250000,845.2,0.000002,0.000002,1.244897e-01,6.560653e-03,5.165735e-03,0.000000,8.891414e-02,6.325870e-03,5.066816e-03
250100,845.5,0.000005,,,,,,,,
250200,845.8,0.000002,,,,,,,,
250300,846.1,0.000012,,,,,,,,
250400,846.4,0.000002,,,,,,,,
250500,846.7,0.000003,,,,,,,,
250600,847.0,0.000003,,,,,,,,
250700,847.4,0.000002,,,,,,,,
250800,847.7,0.000002,,,,,,,,
250900,848.0,0.000003,,,,,,,,
251000,848.3,0.000003,,,,,,,,
251100,848.7,0.000008,,,,,,,,
251200,849.0,0.000001,,,,,,,,
251300,849.3,0.000004,,,,,,,,
251400,849.6,0.000004,,,,,,,,
251500,849.9,0.000002,,,,,,,,
251600,850.2,0.000002,,,,,,,,
251700,850.5,0.000001,,,,,,,,
251800,850.8,0.000001,,,,,,,,
251900,851.2,0.000005,,,,,,,,
252000,851.5,0.000003,,,,,,,,
252100,851.8,0.000003,,,,,,,,
252200,852.1,0.000005,,,,,,,,
252300,852.4,0.000003,,,,,,,,
252400,852.8,0.000001,,,,,,,,
252500,853.1,0.000003,,,,,,,,
252600,853.4,0.000004,,,,,,,,
252700,853.7,0.000002,,,,,,,,
252800,854.0,0.000003,,,,,,,,
252900,854.3,0.000002,,,,,,,,
253000,854.6,0.000004,,,,,,,,
253100,854.9,0.000003,,,,,,,,
253200,855.2,0.000002,,,,,,,,
253300,855.6,0.000002,,,,,,,,
253400,855.9,0.000003,,,,,,,,
253500,856.2,0.000008,,,,,,,,
253600,856.5,0.000010,,,,,,,,
253700,856.8,0.000010,,,,,,,,
253800,857.1,0.000002,,,,,,,,
253900,857.5,0.000001,,,,,,,,
254000,857.8,0.000004,,,,,,,,
254100,858.1,0.000002,,,,,,,,
254200,858.4,0.000002,,,,,,,,
254300,858.7,0.000003,,,,,,,,
254400,859.1,0.000002,,,,,,,,
254500,859.4,0.000001,,,,,,,,
254600,859.7,0.000001,,,,,,,,
254700,860.0,0.000003,,,,,,,,
254800,860.3,0.000003,,,,,,,,
254900,860.7,0.000001,,,,,,,,
255000,862.1,0.000002,0.000001,1.147870e-01,5.531149e-03,4.432595e-03,0.000000,8.493043e-02,5.305206e-03,4.321155e-03
255100,862.3,0.000001,,,,,,,,
255200,862.6,0.000002,,,,,,,,
255300,863.0,0.000003,,,,,,,,
255400,863.3,0.000002,,,,,,,,
255500,863.6,0.000003,,,,,,,,
255600,863.9,0.000002,,,,,,,,
255700,864.2,0.000001,,,,,,,,
255800,864.6,0.000001,,,,,,,,
255900,864.9,0.000001,,,,,,,,
256000,865.2,0.000004,,,,,,,,
256100,865.5,0.000015,,,,,,,,
256200,865.8,0.000001,,,,,,,,
256300,866.2,0.000005,,,,,,,,
256400,866.5,0.000001,,,,,,,,
256500,866.8,0.000002,,,,,,,,
256600,867.1,0.000002,,,,,,,,
256700,867.4,0.000002,,,,,,,,
256800,867.7,0.000002,,,,,,,,
256900,868.1,0.000002,,,,,,,,
257000,868.4,0.000001,,,,,,,,
257100,868.7,0.000001,,,,,,,,
257200,869.0,0.000013,,,,,,,,
257300,869.3,0.000003,,,,,,,,
257400,869.7,0.000001,,,,,,,,
257500,870.0,0.000003,,,,,,,,
257600,870.3,0.000004,,,,,,,,
257700,870.6,0.000002,,,,,,,,
257800,870.9,0.000003,,,,,,,,
257900,871.2,0.000011,,,,,,,,
258000,871.5,0.000002,,,,,,,,
258100,871.9,0.000003,,,,,,,,
258200,872.2,0.000002,,,,,,,,
258300,872.5,0.000001,,,,,,,,
258400,872.8,0.000001,,,,,,,,
258500,873.1,0.000002,,,,,,,,
258600,873.5,0.000001,,,,,,,,
258700,873.8,0.000005,,,,,,,,
258800,874.1,0.000003,,,,,,,,
258900,874.4,0.000006,,,,,,,,
259000,874.7,0.000001,,,,,,,,
259100,875.0,0.000003,,,,,,,,
259200,875.3,0.000002,,,,,,,,
259300,875.7,0.000006,,,,,,,,
259400,876.0,0.000003,,,,,,,,
259500,876.3,0.000004,,,,,,,,
259600,876.6,0.000006,,,,,,,,
259700,876.9,0.000001,,,,,,,,
259800,877.2,0.000001,,,,,,,,
259900,877.5,0.000002,,,,,,,,
260000,879.0,0.000006,0.000002,1.545040e-01,6.846524e-03,5.768093e-03,0.000000,1.420817e-01,6.778617e-03,5.832735e-03
260100,879.2,0.000001,,,,,,,,
260200,879.5,0.000004,,,,,,,,
260300,879.9,0.000004,,,,,,,,
260400,880.2,0.000003,,,,,,,,
260500,880.5,0.000006,,,,,,,,
260600,880.8,0.000002,,,,,,,,
260700,881.2,0.000001,,,,,,,,
260800,881.5,0.000006,,,,,,,,
260900,881.8,0.000001,,,,,,,,
261000,882.1,0.000006,,,,,,,,
261100,882.4,0.000004,,,,,,,,
261200,882.8,0.000004,,,,,,,,
261300,883.1,0.000009,,,,,,,,
261400,883.4,0.000002,,,,,,,,
261500,883.7,0.000002,,,,,,,,
261600,884.0,0.000002,,,,,,,,
261700,884.4,0.000003,,,,,,,,
261800,884.7,0.000003,,,,,,,,
261900,885.0,0.000001,,,,,,,,
262000,885.3,0.000002,,,,,,,,
262100,885.6,0.000001,,,,,,,,
262200,885.9,0.000002,,,,,,,,
262300,886.2,0.000002,,,,,,,,
262400,886.5,0.000001,,,,,,,,
262500,886.8,0.000002,,,,,,,,
262600,887.2,0.000002,,,,,,,,
262700,887.5,0.000004,,,,,,,,
262800,887.8,0.000001,,,,,,,,
262900,888.1,0.000002,,,,,,,,
263000,888.5,0.000008,,,,,,,,
263100,888.8,0.000001,,,,,,,,
263200,889.1,0.000005,,,,,,,,
263300,889.4,0.000005,,,,,,,,
263400,889.7,0.000009,,,,,,,,
263500,890.0,0.000005,,,,,,,,
263600,890.4,0.000007,,,,,,,,
263700,890.7,0.000010,,,,,,,,
263800,891.0,0.000001,,,,,,,,
263900,891.3,0.000009,,,,,,,,
264000,891.6,0.000005,,,,,,,,
264100,891.9,0.000007,,,,,,,,
264200,892.2,0.000004,,,,,,,,
264300,892.6,0.000004,,,,,,,,
264400,892.9,0.000003,,,,,,,,
264500,893.2,0.000004,,,,,,,,
264600,893.5,0.000003,,,,,,,,
264700,893.8,0.000004,,,,,,,,
264800,894.2,0.000002,,,,,,,,
264900,894.5,0.000007,,,,,,,,
265000,895.9,0.000006,0.000003,1.359452e-01,9.201812e-03,8.253616e-03,0.000000,1.135211e-01,9.199985e-03,8.234168e-03
265100,896.2,0.000006,,,,,,,,
265200,896.5,0.000002,,,,,,,,
265300,896.8,0.000010,,,,,,,,
265400,897.1,0.000006,,,,,,,,
265500,897.4,0.000001,,,,,,,,
265600,897.8,0.000002,,,,,,,,
265700,898.1,0.000001,,,,,,,,
265800,898.4,0.000004,,,,,,,,
265900,898.7,0.000002,,,,,,,,
266000,899.0,0.000002,,,,,,,,
266100,899.3,0.000008,,,,,,,,
266200,899.7,0.000002,,,,,,,,
266300,900.0,0.000001,,,,,,,,
266400,900.3,0.000003,,,,,,,,
266500,900.6,0.000001,,,,,,,,
266600,900.9,0.000002,,,,,,,,
266700,901.3,0.000003,,,,,,,,
266800,901.6,0.000001,,,,,,,,
266900,901.9,0.000002,,,,,,,,
267000,902.2,0.000002,,,,,,,,
267100,902.5,0.000001,,,,,,,,
267200,902.8,0.000008,,,,,,,,
267300,903.1,0.000004,,,,,,,,
267400,903.4,0.000001,,,,,,,,
267500,903.7,0.000004,,,,,,,,
267600,904.0,0.000002,,,,,,,,
267700,904.3,0.000005,,,,,,,,
267800,904.6,0.000007,,,,,,,,
267900,904.9,0.000003,,,,,,,,
268000,905.3,0.000002,,,,,,,,
268100,905.6,0.000010,,,,,,,,
268200,905.9,0.000001,,,,,,,,
268300,906.2,0.000002,,,,,,,,
268400,906.5,0.000002,,,,,,,,
268500,906.9,0.000006,,,,,,,,
268600,907.2,0.000003,,,,,,,,
268700,907.5,0.000010,,,,,,,,
268800,907.8,0.000002,,,,,,,,
268900,908.2,0.000003,,,,,,,,
269000,908.5,0.000003,,,,,,,,
269100,908.8,0.000001,,,,,,,,
269200,909.1,0.000003,,,,,,,,
269300,909.4,0.000002,,,,,,,,
269400,909.7,0.000002,,,,,,,,
269500,910.1,0.000001,,,,,,,,
269600,910.4,0.000003,,,,,,,,
269700,910.7,0.000014,,,,,,,,
269800,911.0,0.000003,,,,,,,,
269900,911.3,0.000002,,,,,,,,
270000,912.8,0.000005,0.000007,1.728669e-01,1.232872e-02,9.141075e-03,0.000000,1.129462e-01,1.237912e-02,9.600139e-03
270100,913.0,0.000001,,,,,,,,
270200,913.3,0.000004,,,,,,,,
270300,913.6,0.000002,,,,,,,,
270400,913.9,0.000003,,,,,,,,
270500,914.3,0.000002,,,,,,,,
270600,914.6,0.000010,,,,,,,,
270700,914.9,0.000003,,,,,,,,
270800,915.2,0.000002,,,,,,,,
270900,915.5,0.000012,,,,,,,,
271000,915.9,0.000002,,,,,,,,
271100,916.2,0.000002,,,,,,,,
271200,916.5,0.000005,,,,,,,,
271300,916.8,0.000002,,,,,,,,
271400,917.1,0.000003,,,,,,,,
271500,917.4,0.000002,,,,,,,,
271600,917.8,0.000002,,,,,,,,
271700,918.1,0.000001,,,,,,,,
271800,918.3,0.000001,,,,,,,,
271900,918.6,0.000003,,,,,,,,
272000,918.8,0.000002,,,,,,,,
272100,919.1,0.000003,,,,,,,,
272200,919.4,0.000006,,,,,,,,
272300,919.6,0.000003,,,,,,,,
272400,919.9,0.000003,,,,,,,,
272500,920.2,0.000006,,,,,,,,
272600,920.5,0.000002,,,,,,,,
272700,920.8,0.000001,,,,,,,,
272800,921.0,0.000005,,,,,,,,
272900,921.3,0.000002,,,,,,,,
273000,921.5,0.000010,,,,,,,,
273100,921.8,0.000001,,,,,,,,
273200,922.1,0.000004,,,,,,,,
273300,922.4,0.000003,,,,,,,,
273400,922.6,0.000002,,,,,,,,
273500,922.9,0.000002,,,,,,,,
273600,923.1,0.000003,,,,,,,,
273700,923.4,0.000004,,,,,,,,
273800,923.6,0.000004,,,,,,,,
273900,923.9,0.000007,,,,,,,,
274000,924.2,0.000002,,,,,,,,
274100,924.5,0.000003,,,,,,,,
274200,924.7,0.000005,,,,,,,,
274300,925.0,0.000002,,,,,,,,
274400,925.2,0.000001,,,,,,,,
274500,925.5,0.000004,,,,,,,,
274600,925.7,0.000002,,,,,,,,
274700,926.0,0.000004,,,,,,,,
274800,926.3,0.000001,,,,,,,,
274900,926.5,0.000002,,,,,,,,
275000,927.9,0.000002,0.000004,1.624791e-01,9.556139e-03,8.629583e-03,0.000000,1.402385e-01,9.653326e-03,8.910401e-03
275100,928.1,0.000002,,,,,,,,
275200,928.4,0.000002,,,,,,,,
275300,928.6,0.000003,,,,,,,,
275400,928.9,0.000003,,,,,,,,
275500,929.1,0.000001,,,,,,,,
275600,929.4,0.000003,,,,,,,,
275700,929.7,0.000003,,,,,,,,
275800,929.9,0.000002,,,,,,,,
275900,930.2,0.000004,,,,,,,,
276000,930.5,0.000002,,,,,,,,
276100,930.8,0.000002,,,,,,,,
276200,931.0,0.000004,,,,,,,,
276300,931.2,0.000002,,,,,,,,
276400,931.5,0.000003,,,,,,,,
276500,931.8,0.000002,,,,,,,,
276600,932.0,0.000002,,,,,,,,
276700,932.2,0.000001,,,,,,,,
276800,932.5,0.000004,,,,,,,,
276900,932.8,0.000002,,,,,,,,
277000,933.0,0.000002,,,,,,,,
277100,933.3,0.000003,,,,,,,,
277200,933.5,0.000003,,,,,,,,
277300,933.8,0.000015,,,,,,,,
277400,934.0,0.000003,,,,,,,,
277500,934.3,0.000003,,,,,,,,
277600,934.6,0.000002,,,,,,,,
277700,934.8,0.000004,,,,,,,,
277800,935.1,0.000002,,,,,,,,
277900,935.4,0.000001,,,,,,,,
278000,935.7,0.000003,,,,,,,,
278100,935.9,0.000002,,,,,,,,
278200,936.2,0.000002,,,,,,,,
278300,936.5,0.000004,,,,,,,,
278400,936.7,0.000003,,,,,,,,
278500,937.0,0.000004,,,,,,,,
278600,937.3,0.000002,,,,,,,,
278700,937.5,0.000002,,,,,,,,
278800,937.8,0.000002,,,,,,,,
278900,938.1,0.000002,,,,,,,,
279000,938.4,0.000001,,,,,,,,
279100,938.6,0.000002,,,,,,,,
279200,938.9,0.000004,,,,,,,,
279300,939.1,0.000006,,,,,,,,
279400,939.4,0.000002,,,,,,,,
279500,939.6,0.000001,,,,,,,,
279600,939.9,0.000004,,,,,,,,
279700,940.2,0.000003,,,,,,,,
279800,940.4,0.000003,,,,,,,,
279900,940.7,0.000002,,,,,,,,
280000,942.1,0.000001,0.000004,1.243857e-01,9.062503e-03,6.623650e-03,0.000000,8.380509e-02,8.989611e-03,6.667971e-03
280100,942.4,0.000004,,,,,,,,
280200,942.6,0.000002,,,,,,,,
280300,942.8,0.000001,,,,,,,,
280400,943.1,0.000002,,,,,,,,
280500,943.4,0.000003,,,,,,,,
280600,943.6,0.000005,,,,,,,,
280700,943.9,0.000008,,,,,,,,
280800,944.2,0.000003,,,,,,,,
280900,944.4,0.000005,,,,,,,,
281000,944.7,0.000002,,,,,,,,
281100,944.9,0.000002,,,,,,,,
281200,945.2,0.000004,,,,,,,,
281300,945.5,0.000002,,,,,,,,
281400,945.7,0.000002,,,,,,,,
281500,946.0,0.000002,,,,,,,,
281600,946.3,0.000002,,,,,,,,
281700,946.6,0.000004,,,,,,,,
281800,946.8,0.000006,,,,,,,,
281900,947.1,0.000004,,,,,,,,
282000,947.3,0.000002,,,,,,,,
282100,947.6,0.000002,,,,,,,,
282200,947.9,0.000008,,,,,,,,
282300,948.2,0.000002,,,,,,,,
282400,948.4,0.000001,,,,,,,,
282500,948.7,0.000001,,,,,,,,
282600,948.9,0.000003,,,,,,,,
282700,949.2,0.000001,,,,,,,,
282800,949.4,0.000003,,,,,,,,
282900,949.7,0.000003,,,,,,,,
283000,950.0,0.000002,,,,,,,,
283100,950.3,0.000001,,,,,,,,
283200,950.5,0.000003,,,,,,,,
283300,950.8,0.000006,,,,,,,,
283400,951.1,0.000001,,,,,,,,
283500,951.3,0.000003,,,,,,,,
283600,951.6,0.000001,,,,,,,,
283700,951.9,0.000003,,,,,,,,
283800,952.1,0.000003,,,,,,,,
283900,952.4,0.000001,,,,,,,,
284000,952.6,0.000002,,,,,,,,
284100,952.9,0.000002,,,,,,,,
284200,953.2,0.000001,,,,,,,,
284300,953.4,0.000005,,,,,,,,
284400,953.7,0.000004,,,,,,,,
284500,953.9,0.000002,,,,,,,,
284600,954.2,0.000001,,,,,,,,
284700,954.4,0.000002,,,,,,,,
284800,954.7,0.000001,,,,,,,,
284900,954.9,0.000006,,,,,,,,
285000,956.3,0.000006,0.000002,1.130561e-01,6.652351e-03,5.862604e-03,0.000000,9.174324e-02,6.576028e-03,5.837040e-03
285100,956.6,0.000004,,,,,,,,
285200,956.8,0.000007,,,,,,,,
285300,957.1,0.000004,,,,,,,,
285400,957.4,0.000003,,,,,,,,
285500,957.6,0.000001,,,,,,,,
285600,957.9,0.000005,,,,,,,,
285700,958.2,0.000005,,,,,,,,
285800,958.4,0.000002,,,,,,,,
285900,958.7,0.000002,,,,,,,,
286000,959.0,0.000002,,,,,,,,
286100,959.3,0.000002,,,,,,,,
286200,959.5,0.000003,,,,,,,,
286300,959.8,0.000004,,,,,,,,
286400,960.1,0.000003,,,,,,,,
286500,960.4,0.000001,,,,,,,,
286600,960.6,0.000001,,,,,,,,
286700,960.9,0.000002,,,,,,,,
286800,961.1,0.000004,,,,,,,,
286900,961.4,0.000002,,,,,,,,
287000,961.6,0.000003,,,,,,,,
287100,961.9,0.000008,,,,,,,,
287200,962.1,0.000002,,,,,,,,
287300,962.4,0.000004,,,,,,,,
287400,962.7,0.000001,,,,,,,,
287500,962.9,0.000001,,,,,,,,
287600,963.2,0.000005,,,,,,,,
287700,963.4,0.000009,,,,,,,,
287800,963.7,0.000002,,,,,,,,
287900,963.9,0.000004,,,,,,,,
288000,964.2,0.000003,,,,,,,,
288100,964.5,0.000005,,,,,,,,
288200,964.7,0.000003,,,,,,,,
288300,965.0,0.000002,,,,,,,,
288400,965.3,0.000002,,,,,,,,
288500,965.5,0.000006,,,,,,,,
288600,965.8,0.000003,,,,,,,,
288700,966.1,0.000002,,,,,,,,
288800,966.4,0.000001,,,,,,,,
288900,966.6,0.000002,,,,,,,,
289000,966.9,0.000003,,,,,,,,
289100,967.2,0.000002,,,,,,,,
289200,967.5,0.000007,,,,,,,,
289300,967.7,0.000005,,,,,,,,
289400,968.0,0.000004,,,,,,,,
289500,968.3,0.000001,,,,,,,,
289600,968.5,0.000009,,,,,,,,
289700,968.8,0.000004,,,,,,,,
289800,969.0,0.000003,,,,,,,,
289900,969.3,0.000005,,,,,,,,
290000,970.8,0.000004,0.000006,2.407503e-01,1.184784e-02,1.022212e-02,0.000000,1.298483e-01,1.187867e-02,1.046767e-02
290100,971.0,0.000004,,,,,,,,
290200,971.3,0.000002,,,,,,,,
290300,971.5,0.000001,,,,,,,,
290400,971.8,0.000001,,,,,,,,
290500,972.1,0.000002,,,,,,,,
290600,972.3,0.000003,,,,,,,,
290700,972.6,0.000002,,,,,,,,
290800,972.9,0.000001,,,,,,,,
290900,973.1,0.000002,,,,,,,,
291000,973.4,0.000001,,,,,,,,
291100,973.6,0.000002,,,,,,,,
291200,973.9,0.000002,,,,,,,,
291300,974.1,0.000001,,,,,,,,
291400,974.4,0.000002,,,,,,,,
291500,974.6,0.000003,,,,,,,,
291600,974.9,0.000005,,,,,,,,
291700,975.2,0.000002,,,,,,,,
291800,975.4,0.000002,,,,,,,,
291900,975.7,0.000001,,,,,,,,
292000,976.0,0.000002,,,,,,,,
292100,976.2,0.000002,,,,,,,,
292200,976.5,0.000001,,,,,,,,
292300,976.8,0.000002,,,,,,,,
292400,977.0,0.000007,,,,,,,,
292500,977.3,0.000003,,,,,,,,
292600,977.5,0.000002,,,,,,,,
292700,977.8,0.000003,,,,,,,,
292800,978.0,0.000001,,,,,,,,
292900,978.3,0.000001,,,,,,,,
293000,978.6,0.000004,,,,,,,,
293100,978.8,0.000007,,,,,,,,
293200,979.1,0.000006,,,,,,,,
293300,979.4,0.000006,,,,,,,,
293400,979.6,0.000003,,,,,,,,
293500,979.9,0.000001,,,,,,,,
293600,980.2,0.000002,,,,,,,,
293700,980.4,0.000005,,,,,,,,
293800,980.7,0.000002,,,,,,,,
293900,980.9,0.000002,,,,,,,,
294000,981.2,0.000001,,,,,,,,
294100,981.5,0.000002,,,,,,,,
294200,981.7,0.000003,,,,,,,,
294300,982.0,0.000007,,,,,,,,
294400,982.2,0.000003,,,,,,,,
294500,982.5,0.000003,,,,,,,,
294600,982.8,0.000001,,,,,,,,
294700,983.0,0.000003,,,,,,,,
294800,983.3,0.000002,,,,,,,,
294900,983.5,0.000003,,,,,,,,
295000,985.0,0.000004,0.000002,8.181229e-02,6.983719e-03,6.249122e-03,0.000000,6.301928e-02,6.984198e-03,6.307999e-03
295100,985.2,0.000001,,,,,,,,
295200,985.5,0.000001,,,,,,,,
295300,985.7,0.000003,,,,,,,,
295400,986.0,0.000001,,,,,,,,
295500,986.2,0.000004,,,,,,,,
295600,986.5,0.000004,,,,,,,,
295700,986.7,0.000003,,,,,,,,
295800,987.0,0.000004,,,,,,,,
295900,987.3,0.000002,,,,,,,,
296000,987.5,0.000003,,,,,,,,
296100,987.8,0.000004,,,,,,,,
296200,988.0,0.000005,,,,,,,,
296300,988.3,0.000003,,,,,,,,
296400,988.5,0.000003,,,,,,,,
296500,988.8,0.000001,,,,,,,,
296600,989.1,0.000008,,,,,,,,
296700,989.3,0.000006,,,,,,,,
296800,989.6,0.000002,,,,,,,,
296900,989.8,0.000003,,,,,,,,
297000,990.1,0.000002,,,,,,,,
297100,990.4,0.000006,,,,,,,,
297200,990.6,0.000002,,,,,,,,
297300,990.9,0.000001,,,,,,,,
297400,991.1,0.000001,,,,,,,,
297500,991.4,0.000003,,,,,,,,
297600,991.7,0.000002,,,,,,,,
297700,991.9,0.000005,,,,,,,,
297800,992.2,0.000006,,,,,,,,
297900,992.5,0.000002,,,,,,,,
298000,992.7,0.000004,,,,,,,,
298100,993.0,0.000001,,,,,,,,
298200,993.3,0.000004,,,,,,,,
298300,993.5,0.000002,,,,,,,,
298400,993.8,0.000003,,,,,,,,
298500,994.1,0.000003,,,,,,,,
298600,994.3,0.000001,,,,,,,,
298700,994.6,0.000002,,,,,,,,
298800,994.9,0.000002,,,,,,,,
298900,995.1,0.000005,,,,,,,,
299000,995.4,0.000003,,,,,,,,
299100,995.6,0.000002,,,,,,,,
299200,995.9,0.000001,,,,,,,,
299300,996.1,0.000002,,,,,,,,
299400,996.3,0.000001,,,,,,,,
299500,996.6,0.000003,,,,,,,,
299600,996.8,0.000002,,,,,,,,
299700,997.1,0.000005,,,,,,,,
299800,997.3,0.000001,,,,,,,,
299900,997.6,0.000002,,,,,,,,
300000,999.0,0.000002,0.000001,1.282491e-01,5.155855e-03,4.072190e-03,0.000000,9.828399e-02,5.128948e-03,4.113169e-03
300100,999.3,0.000001,,,,,,,,
300200,999.5,0.000001,,,,,,,,
300300,999.8,0.000002,,,,,,,,
300400,1000.0,0.000001,,,,,,,,
300500,1000.3,0.000002,,,,,,,,
300600,1000.6,0.000008,,,,,,,,
300700,1000.8,0.000003,,,,,,,,
300800,1001.1,0.000005,,,,,,,,
300900,1001.4,0.000001,,,,,,,,
301000,1001.6,0.000001,,,,,,,,
301100,1001.9,0.000002,,,,,,,,
301200,1002.2,0.000002,,,,,,,,
301300,1002.4,0.000002,,,,,,,,
301400,1002.7,0.000007,,,,,,,,
301500,1002.9,0.000001,,,,,,,,
301600,1003.2,0.000004,,,,,,,,
301700,1003.4,0.000001,,,,,,,,
301800,1003.7,0.000002,,,,,,,,
301900,1004.0,0.000003,,,,,,,,
302000,1004.3,0.000002,,,,,,,,
302100,1004.5,0.000002,,,,,,,,
302200,1004.8,0.000001,,,,,,,,
302300,1005.0,0.000001,,,,,,,,
302400,1005.3,0.000006,,,,,,,,
302500,1005.5,0.000001,,,,,,,,
302600,1005.8,0.000001,,,,,,,,
302700,1006.0,0.000001,,,,,,,,
302800,1006.3,0.000004,,,,,,,,
302900,1006.6,0.000008,,,,,,,,
303000,1006.8,0.000003,,,,,,,,
303100,1007.1,0.000003,,,,,,,,
303200,1007.4,0.000001,,,,,,,,
303300,1007.6,0.000002,,,,,,,,
303400,1007.9,0.000006,,,,,,,,
303500,1008.1,0.000001,,,,,,,,
303600,1008.4,0.000002,,,,,,,,
303700,1008.6,0.000003,,,,,,,,
303800,1008.9,0.000002,,,,,,,,
303900,1009.1,0.000001,,,,,,,,
304000,1009.4,0.000002,,,,,,,,
304100,1009.6,0.000003,,,,,,,,
304200,1009.9,0.000004,,,,,,,,
304300,1010.2,0.000002,,,,,,,,
304400,1010.5,0.000001,,,,,,,,
304500,1010.7,0.000007,,,,,,,,
304600,1011.0,0.000002,,,,,,,,
304700,1011.2,0.000003,,,,,,,,
304800,1011.4,0.000002,,,,,,,,
304900,1011.7,0.000002,,,,,,,,
305000,1013.1,0.000002,0.000002,1.413123e-01,6.486994e-03,4.928725e-03,0.000000,1.241593e-01,6.479716e-03,5.018614e-03
305100,1013.4,0.000008,,,,,,,,
305200,1013.6,0.000002,,,,,,,,
305300,1013.9,0.000001,,,,,,,,
305400,1014.1,0.000001,,,,,,,,
305500,1014.4,0.000004,,,,,,,,
305600,1014.7,0.000001,,,,,,,,
305700,1015.0,0.000002,,,,,,,,
305800,1015.2,0.000003,,,,,,,,
305900,1015.5,0.000004,,,,,,,,
306000,1015.8,0.000001,,,,,,,,
306100,1016.0,0.000002,,,,,,,,
306200,1016.3,0.000001,,,,,,,,
306300,1016.5,0.000003,,,,,,,,
306400,1016.8,0.000003,,,,,,,,
306500,1017.0,0.000002,,,,,,,,
306600,1017.3,0.000001,,,,,,,,
306700,1017.6,0.000001,,,,,,,,
306800,1017.8,0.000002,,,,,,,,
306900,1018.1,0.000003,,,,,,,,
307000,1018.4,0.000001,,,,,,,,
307100,1018.6,0.000002,,,,,,,,
307200,1018.9,0.000001,,,,,,,,
307300,1019.1,0.000001,,,,,,,,
307400,1019.4,0.000004,,,,,,,,
307500,1019.6,0.000001,,,,,,,,
307600,1019.9,0.000002,,,,,,,,
307700,1020.2,0.000001,,,,,,,,
307800,1020.5,0.000001,,,,,,,,
307900,1020.7,0.000002,,,,,,,,
308000,1021.0,0.000011,,,,,,,,
308100,1021.2,0.000012,,,,,,,,
308200,1021.5,0.000003,,,,,,,,
308300,1021.8,0.000003,,,,,,,,
308400,1022.0,0.000003,,,,,,,,
308500,1022.3,0.000001,,,,,,,,
308600,1022.6,0.000002,,,,,,,,
308700,1022.8,0.000001,,,,,,,,
308800,1023.1,0.000002,,,,,,,,
308900,1023.4,0.000001,,,,,,,,
309000,1023.6,0.000002,,,,,,,,
309100,1023.9,0.000003,,,,,,,,
309200,1024.2,0.000004,,,,,,,,
309300,1024.4,0.000004,,,,,,,,
309400,1024.7,0.000002,,,,,,,,
309500,1025.0,0.000002,,,,,,,,
309600,1025.2,0.000002,,,,,,,,
309700,1025.5,0.000002,,,,,,,,
309800,1025.8,0.000008,,,,,,,,
309900,1026.0,0.000002,,,,,,,,
310000,1027.5,0.000003,0.000002,1.335749e-01,6.352436e-03,5.521032e-03,0.000000,1.121194e-01,6.234830e-03,5.465641e-03
310100,1027.7,0.000002,,,,,,,,
310200,1027.9,0.000003,,,,,,,,
310300,1028.2,0.000002,,,,,,,,
310400,1028.4,0.000001,,,,,,,,
310500,1028.7,0.000002,,,,,,,,
310600,1029.0,0.000002,,,,,,,,
310700,1029.2,0.000001,,,,,,,,
310800,1029.5,0.000001,,,,,,,,
310900,1029.7,0.000001,,,,,,,,
311000,1030.0,0.000001,,,,,,,,
311100,1030.2,0.000004,,,,,,,,
311200,1030.5,0.000001,,,,,,,,
311300,1030.7,0.000005,,,,,,,,
311400,1031.0,0.000004,,,,,,,,
311500,1031.3,0.000001,,,,,,,,
311600,1031.5,0.000002,,,,,,,,
311700,1031.8,0.000002,,,,,,,,
311800,1032.1,0.000001,,,,,,,,
311900,1032.4,0.000005,,,,,,,,
312000,1032.6,0.000002,,,,,,,,
312100,1032.9,0.000001,,,,,,,,
312200,1033.2,0.000001,,,,,,,,
312300,1033.4,0.000002,,,,,,,,
312400,1033.7,0.000006,,,,,,,,
312500,1033.9,0.000003,,,,,,,,
312600,1034.2,0.000005,,,,,,,,
312700,1034.5,0.000002,,,,,,,,
312800,1034.7,0.000002,,,,,,,,
312900,1035.0,0.000001,,,,,,,,
313000,1035.3,0.000003,,,,,,,,
313100,1035.5,0.000005,,,,,,,,
313200,1035.8,0.000003,,,,,,,,
313300,1036.1,0.000001,,,,,,,,
313400,1036.4,0.000007,,,,,,,,
313500,1036.6,0.000003,,,,,,,,
313600,1036.9,0.000003,,,,,,,,
313700,1037.1,0.000005,,,,,,,,
313800,1037.4,0.000003,,,,,,,,
313900,1037.6,0.000001,,,,,,,,
314000,1037.9,0.000001,,,,,,,,
314100,1038.1,0.000001,,,,,,,,
314200,1038.4,0.000001,,,,,,,,
314300,1038.7,0.000003,,,,,,,,
314400,1038.9,0.000002,,,,,,,,
314500,1039.2,0.000002,,,,,,,,
314600,1039.4,0.000004,,,,,,,,
314700,1039.7,0.000002,,,,,,,,
314800,1040.0,0.000005,,,,,,,,
314900,1040.3,0.000001,,,,,,,,
315000,1041.7,0.000007,0.000002,8.868305e-02,5.837085e-03,4.896080e-03,0.000000,6.315661e-02,5.693220e-03,4.808917e-03
315100,1041.9,0.000004,,,,,,,,
315200,1042.2,0.000003,,,,,,,,
315300,1042.4,0.000003,,,,,,,,
315400,1042.7,0.000004,,,,,,,,
315500,1043.0,0.000002,,,,,,,,
315600,1043.3,0.000002,,,,,,,,
315700,1043.5,0.000007,,,,,,,,
315800,1043.8,0.000002,,,,,,,,
315900,1044.0,0.000002,,,,,,,,
316000,1044.3,0.000002,,,,,,,,
316100,1044.5,0.000002,,,,,,,,
316200,1044.7,0.000001,,,,,,,,
316300,1045.0,0.000008,,,,,,,,
316400,1045.2,0.000003,,,,,,,,
316500,1045.5,0.000001,,,,,,,,
316600,1045.8,0.000002,,,,,,,,
316700,1046.0,0.000005,,,,,,,,
316800,1046.3,0.000001,,,,,,,,
316900,1046.5,0.000002,,,,,,,,
317000,1046.8,0.000005,,,,,,,,
317100,1047.0,0.000003,,,,,,,,
317200,1047.3,0.000002,,,,,,,,
317300,1047.6,0.000003,,,,,,,,
317400,1047.8,0.000002,,,,,,,,
317500,1048.1,0.000005,,,,,,,,
317600,1048.3,0.000004,,,,,,,,
317700,1048.6,0.000004,,,,,,,,
317800,1048.8,0.000006,,,,,,,,
317900,1049.1,0.000001,,,,,,,,
318000,1049.4,0.000001,,,,,,,,
318100,1049.6,0.000001,,,,,,,,
318200,1049.9,0.000002,,,,,,,,
318300,1050.1,0.000011,,,,,,,,
318400,1050.4,0.000001,,,,,,,,
318500,1050.6,0.000005,,,,,,,,
318600,1050.9,0.000003,,,,,,,,
318700,1051.2,0.000003,,,,,,,,
318800,1051.4,0.000002,,,,,,,,
318900,1051.7,0.000004,,,,,,,,
319000,1051.9,0.000004,,,,,,,,
319100,1052.2,0.000007,,,,,,,,
319200,1052.5,0.000001,,,,,,,,
319300,1052.7,0.000002,,,,,,,,
319400,1053.0,0.000003,,,,,,,,
319500,1053.2,0.000001,,,,,,,,
319600,1053.5,0.000002,,,,,,,,
319700,1053.8,0.000002,,,,,,,,
319800,1054.0,0.000001,,,,,,,,
319900,1054.3,0.000002,,,,,,,,
320000,1055.8,0.000001,0.000002,1.278772e-01,6.835860e-03,5.486345e-03,0.000000,1.086643e-01,6.661948e-03,5.441383e-03
320100,1056.0,0.000008,,,,,,,,
320200,1056.2,0.000003,,,,,,,,
320300,1056.5,0.000002,,,,,,,,
320400,1056.8,0.000002,,,,,,,,
320500,1057.1,0.000002,,,,,,,,
320600,1057.3,0.000004,,,,,,,,
320700,1057.6,0.000002,,,,,,,,
320800,1057.9,0.000002,,,,,,,,
320900,1058.1,0.000002,,,,,,,,
321000,1058.4,0.000004,,,,,,,,
321100,1058.7,0.000004,,,,,,,,
321200,1058.9,0.000003,,,,,,,,
321300,1059.2,0.000004,,,,,,,,
321400,1059.4,0.000001,,,,,,,,
321500,1059.7,0.000002,,,,,,,,
321600,1060.0,0.000002,,,,,,,,
321700,1060.2,0.000003,,,,,,,,
321800,1060.5,0.000006,,,,,,,,
321900,1060.8,0.000009,,,,,,,,
322000,1061.0,0.000002,,,,,,,,
322100,1061.3,0.000005,,,,,,,,
322200,1061.6,0.000006,,,,,,,,
322300,1061.9,0.000001,,,,,,,,
322400,1062.1,0.000005,,,,,,,,
322500,1062.4,0.000003,,,,,,,,
322600,1062.6,0.000001,,,,,,,,
322700,1062.9,0.000001,,,,,,,,
322800,1063.2,0.000003,,,,,,,,
322900,1063.4,0.000005,,,,,,,,
323000,1063.7,0.000001,,,,,,,,
323100,1063.9,0.000001,,,,,,,,
323200,1064.2,0.000002,,,,,,,,
323300,1064.5,0.000008,,,,,,,,
323400,1064.7,0.000002,,,,,,,,
323500,1065.0,0.000001,,,,,,,,
323600,1065.2,0.000005,,,,,,,,
323700,1065.5,0.000003,,,,,,,,
323800,1065.7,0.000003,,,,,,,,
323900,1066.0,0.000001,,,,,,,,
324000,1066.3,0.000001,,,,,,,,
324100,1066.5,0.000004,,,,,,,,
324200,1066.8,0.000001,,,,,,,,
324300,1067.1,0.000001,,,,,,,,
324400,1067.4,0.000002,,,,,,,,
324500,1067.6,0.000001,,,,,,,,
324600,1067.9,0.000002,,,,,,,,
324700,1068.1,0.000002,,,,,,,,
324800,1068.4,0.000003,,,,,,,,
324900,1068.7,0.000002,,,,,,,,
325000,1070.1,0.000006,0.000001,9.815900e-02,5.633447e-03,4.526398e-03,0.000000,7.438184e-02,5.541706e-03,4.565278e-03
325100,1070.3,0.000002,,,,,,,,
325200,1070.6,0.000002,,,,,,,,
325300,1070.9,0.000002,,,,,,,,
325400,1071.1,0.000001,,,,,,,,
325500,1071.4,0.000003,,,,,,,,
325600,1071.7,0.000002,,,,,,,,
325700,1071.9,0.000003,,,,,,,,
325800,1072.2,0.000001,,,,,,,,
325900,1072.5,0.000001,,,,,,,,
326000,1072.7,0.000003,,,,,,,,
326100,1073.0,0.000002,,,,,,,,
326200,1073.3,0.000006,,,,,,,,
326300,1073.5,0.000005,,,,,,,,
326400,1073.8,0.000001,,,,,,,,
326500,1074.0,0.000004,,,,,,,,
326600,1074.3,0.000003,,,,,,,,
326700,1074.5,0.000009,,,,,,,,
326800,1074.8,0.000001,,,,,,,,
326900,1075.0,0.000001,,,,,,,,
327000,1075.3,0.000004,,,,,,,,
327100,1075.6,0.000004,,,,,,,,
327200,1075.8,0.000004,,,,,,,,
327300,1076.1,0.000003,,,,,,,,
327400,1076.4,0.000003,,,,,,,,
327500,1076.6,0.000004,,,,,,,,
327600,1076.9,0.000006,,,,,,,,
327700,1077.2,0.000003,,,,,,,,
327800,1077.4,0.000003,,,,,,,,
327900,1077.7,0.000004,,,,,,,,
328000,1077.9,0.000003,,,,,,,,
328100,1078.2,0.000002,,,,,,,,
328200,1078.4,0.000003,,,,,,,,
328300,1078.7,0.000002,,,,,,,,
328400,1079.0,0.000004,,,,,,,,
328500,1079.3,0.000004,,,,,,,,
328600,1079.5,0.000007,,,,,,,,
328700,1079.8,0.000002,,,,,,,,
328800,1080.0,0.000001,,,,,,,,
328900,1080.3,0.000006,,,,,,,,
329000,1080.6,0.000002,,,,,,,,
329100,1080.8,0.000005,,,,,,,,
329200,1081.1,0.000002,,,,,,,,
329300,1081.4,0.000003,,,,,,,,
329400,1081.7,0.000002,,,,,,,,
329500,1081.9,0.000003,,,,,,,,
329600,1082.2,0.000002,,,,,,,,
329700,1082.5,0.000005,,,,,,,,
329800,1082.7,0.000004,,,,,,,,
329900,1083.0,0.000001,,,,,,,,
330000,1084.5,0.000001,0.000001,1.101979e-01,5.508962e-03,4.368305e-03,0.000000,8.127523e-02,5.483987e-03,4.439498e-03
330100,1084.7,0.000001,,,,,,,,
330200,1084.9,0.000003,,,,,,,,
330300,1085.2,0.000002,,,,,,,,
330400,1085.4,0.000003,,,,,,,,
330500,1085.7,0.000001,,,,,,,,
330600,1086.0,0.000002,,,,,,,,
330700,1086.2,0.000004,,,,,,,,
330800,1086.5,0.000012,,,,,,,,
330900,1086.8,0.000003,,,,,,,,
331000,1087.0,0.000002,,,,,,,,
331100,1087.3,0.000004,,,,,,,,
331200,1087.5,0.000001,,,,,,,,
331300,1087.8,0.000002,,,,,,,,
331400,1088.1,0.000004,,,,,,,,
331500,1088.3,0.000001,,,,,,,,
331600,1088.6,0.000007,,,,,,,,
331700,1088.8,0.000006,,,,,,,,
331800,1089.1,0.000003,,,,,,,,
331900,1089.4,0.000002,,,,,,,,
332000,1089.6,0.000001,,,,,,,,
332100,1089.9,0.000002,,,,,,,,
332200,1090.1,0.000001,,,,,,,,
332300,1090.4,0.000001,,,,,,,,
332400,1090.7,0.000001,,,,,,,,
332500,1090.9,0.000001,,,,,,,,
332600,1091.2,0.000004,,,,,,,,
332700,1091.5,0.000003,,,,,,,,
332800,1091.7,0.000002,,,,,,,,
332900,1092.0,0.000002,,,,,,,,
333000,1092.2,0.000001,,,,,,,,
333100,1092.5,0.000003,,,,,,,,
333200,1092.8,0.000001,,,,,,,,
333300,1093.0,0.000002,,,,,,,,
333400,1093.3,0.000002,,,,,,,,
333500,1093.6,0.000002,,,,,,,,
333600,1093.8,0.000001,,,,,,,,
333700,1094.1,0.000001,,,,,,,,
333800,1094.3,0.000011,,,,,,,,
333900,1094.6,0.000001,,,,,,,,
334000,1094.9,0.000003,,,,,,,,
334100,1095.2,0.000001,,,,,,,,
334200,1095.5,0.000003,,,,,,,,
334300,1095.8,0.000005,,,,,,,,
334400,1096.0,0.000003,,,,,,,,
334500,1096.3,0.000004,,,,,,,,
334600,1096.5,0.000005,,,,,,,,
334700,1096.8,0.000003,,,,,,,,
334800,1097.0,0.000002,,,,,,,,
334900,1097.3,0.000003,,,,,,,,
335000,1098.7,0.000002,0.000001,1.028911e-01,5.782287e-03,5.007147e-03,0.000000,7.189775e-02,5.817425e-03,5.141902e-03
335100,1098.9,0.000003,,,,,,,,
335200,1099.2,0.000002,,,,,,,,
335300,1099.4,0.000004,,,,,,,,
335400,1099.7,0.000004,,,,,,,,
335500,1100.0,0.000002,,,,,,,,
335600,1100.2,0.000003,,,,,,,,
335700,1100.5,0.000002,,,,,,,,
335800,1100.7,0.000002,,,,,,,,
335900,1101.0,0.000001,,,,,,,,
336000,1101.2,0.000002,,,,,,,,
336100,1101.5,0.000002,,,,,,,,
336200,1101.7,0.000001,,,,,,,,
336300,1102.0,0.000002,,,,,,,,
336400,1102.2,0.000002,,,,,,,,
336500,1102.5,0.000001,,,,,,,,
336600,1102.7,0.000001,,,,,,,,
336700,1103.0,0.000010,,,,,,,,
336800,1103.3,0.000001,,,,,,,,
336900,1103.5,0.000002,,,,,,,,
337000,1103.8,0.000001,,,,,,,,
337100,1104.0,0.000005,,,,,,,,
337200,1104.3,0.000001,,,,,,,,
337300,1104.6,0.000002,,,,,,,,
337400,1104.8,0.000002,,,,,,,,
337500,1105.1,0.000001,,,,,,,,
337600,1105.4,0.000004,,,,,,,,
337700,1105.6,0.000003,,,,,,,,
337800,1105.9,0.000002,,,,,,,,
337900,1106.1,0.000003,,,,,,,,
338000,1106.4,0.000003,,,,,,,,
338100,1106.6,0.000005,,,,,,,,
338200,1106.9,0.000001,,,,,,,,
338300,1107.2,0.000010,,,,,,,,
338400,1107.4,0.000004,,,,,,,,
338500,1107.7,0.000002,,,,,,,,
338600,1108.0,0.000002,,,,,,,,
338700,1108.2,0.000002,,,,,,,,
338800,1108.5,0.000002,,,,,,,,
338900,1108.8,0.000001,,,,,,,,
339000,1109.0,0.000001,,,,,,,,
339100,1109.3,0.000002,,,,,,,,
339200,1109.6,0.000004,,,,,,,,
339300,1109.8,0.000001,,,,,,,,
339400,1110.1,0.000004,,,,,,,,
339500,1110.3,0.000002,,,,,,,,
339600,1110.6,0.000002,,,,,,,,
339700,1110.8,0.000001,,,,,,,,
339800,1111.1,0.000001,,,,,,,,
339900,1111.3,0.000003,,,,,,,,
340000,1112.7,0.000005,0.000002,1.064529e-01,6.666405e-03,5.575628e-03,0.000000,7.991959e-02,6.536006e-03,5.499040e-03
340100,1113.0,0.000001,,,,,,,,
340200,1113.2,0.000005,,,,,,,,
340300,1113.4,0.000007,,,,,,,,
340400,1113.7,0.000002,,,,,,,,
340500,1114.0,0.000002,,,,,,,,
340600,1114.2,0.000001,,,,,,,,
340700,1114.5,0.000005,,,,,,,,
340800,1114.8,0.000004,,,,,,,,
340900,1115.0,0.000002,,,,,,,,
341000,1115.3,0.000002,,,,,,,,
341100,1115.6,0.000001,,,,,,,,
341200,1115.8,0.000004,,,,,,,,
341300,1116.1,0.000001,,,,,,,,
341400,1116.3,0.000002,,,,,,,,
341500,1116.6,0.000003,,,,,,,,
341600,1116.9,0.000004,,,,,,,,
341700,1117.1,0.000005,,,,,,,,
341800,1117.4,0.000002,,,,,,,,
341900,1117.6,0.000002,,,,,,,,
342000,1117.9,0.000003,,,,,,,,
342100,1118.1,0.000004,,,,,,,,
342200,1118.4,0.000003,,,,,,,,
342300,1118.6,0.000001,,,,,,,,
342400,1118.8,0.000002,,,,,,,,
342500,1119.1,0.000001,,,,,,,,
342600,1119.4,0.000002,,,,,,,,
342700,1119.7,0.000003,,,,,,,,
342800,1120.0,0.000001,,,,,,,,
342900,1120.3,0.000001,,,,,,,,
343000,1120.5,0.000002,,,,,,,,
343100,1120.8,0.000004,,,,,,,,
343200,1121.1,0.000002,,,,,,,,
343300,1121.3,0.000002,,,,,,,,
343400,1121.6,0.000001,,,,,,,,
343500,1121.9,0.000001,,,,,,,,
343600,1122.1,0.000002,,,,,,,,
343700,1122.4,0.000005,,,,,,,,
343800,1122.6,0.000002,,,,,,,,
343900,1122.9,0.000002,,,,,,,,
344000,1123.1,0.000003,,,,,,,,
344100,1123.4,0.000001,,,,,,,,
344200,1123.6,0.000003,,,,,,,,
344300,1123.9,0.000002,,,,,,,,
344400,1124.2,0.000003,,,,,,,,
344500,1124.4,0.000003,,,,,,,,
344600,1124.6,0.000003,,,,,,,,
344700,1124.9,0.000003,,,,,,,,
344800,1125.2,0.000002,,,,,,,,
344900,1125.4,0.000003,,,,,,,,
345000,1126.8,0.000002,0.000002,1.591021e-01,6.531833e-03,5.461436e-03,0.000000,1.142225e-01,6.394056e-03,5.432273e-03
345100,1127.1,0.000002,,,,,,,,
345200,1127.3,0.000002,,,,,,,,
345300,1127.5,0.000005,,,,,,,,
345400,1127.8,0.000005,,,,,,,,
345500,1128.0,0.000003,,,,,,,,
345600,1128.3,0.000009,,,,,,,,
345700,1128.6,0.000003,,,,,,,,
345800,1128.8,0.000002,,,,,,,,
345900,1129.1,0.000002,,,,,,,,
346000,1129.3,0.000002,,,,,,,,
346100,1129.6,0.000002,,,,,,,,
346200,1129.9,0.000002,,,,,,,,
346300,1130.1,0.000002,,,,,,,,
346400,1130.4,0.000002,,,,,,,,
346500,1130.7,0.000001,,,,,,,,
346600,1130.9,0.000002,,,,,,,,
346700,1131.2,0.000002,,,,,,,,
346800,1131.4,0.000001,,,,,,,,
346900,1131.7,0.000003,,,,,,,,
347000,1132.0,0.000002,,,,,,,,
347100,1132.2,0.000002,,,,,,,,
347200,1132.5,0.000002,,,,,,,,
347300,1132.8,0.000002,,,,,,,,
347400,1133.0,0.000003,,,,,,,,
347500,1133.3,0.000003,,,,,,,,
347600,1133.6,0.000001,,,,,,,,
347700,1133.8,0.000003,,,,,,,,
347800,1134.1,0.000002,,,,,,,,
347900,1134.3,0.000001,,,,,,,,
348000,1134.6,0.000002,,,,,,,,
348100,1134.9,0.000004,,,,,,,,
348200,1135.1,0.000002,,,,,,,,
348300,1135.4,0.000002,,,,,,,,
348400,1135.7,0.000001,,,,,,,,
348500,1135.9,0.000003,,,,,,,,
348600,1136.2,0.000002,,,,,,,,
348700,1136.4,0.000004,,,,,,,,
348800,1136.7,0.000001,,,,,,,,
348900,1137.0,0.000002,,,,,,,,
349000,1137.2,0.000004,,,,,,,,
349100,1137.5,0.000004,,,,,,,,
349200,1137.8,0.000009,,,,,,,,
349300,1138.0,0.000002,,,,,,,,
349400,1138.3,0.000002,,,,,,,,
349500,1138.6,0.000001,,,,,,,,
349600,1138.8,0.000001,,,,,,,,
349700,1139.1,0.000009,,,,,,,,
349800,1139.4,0.000004,,,,,,,,
349900,1139.6,0.000001,,,,,,,,
350000,1141.1,0.000004,0.000002,1.982631e-01,5.597696e-03,4.081780e-03,0.000000,1.507115e-01,5.441310e-03,4.052745e-03
350100,1141.3,0.000003,,,,,,,,
350200,1141.5,0.000004,,,,,,,,
350300,1141.8,0.000002,,,,,,,,
350400,1142.0,0.000002,,,,,,,,
350500,1142.3,0.000002,,,,,,,,
350600,1142.5,0.000003,,,,,,,,
350700,1142.8,0.000001,,,,,,,,
350800,1143.1,0.000002,,,,,,,,
350900,1143.3,0.000003,,,,,,,,
351000,1143.6,0.000001,,,,,,,,
351100,1143.9,0.000002,,,,,,,,
351200,1144.1,0.000003,,,,,,,,
351300,1144.4,0.000005,,,,,,,,
351400,1144.7,0.000003,,,,,,,,
351500,1144.9,0.000011,,,,,,,,
351600,1145.2,0.000001,,,,,,,,
351700,1145.5,0.000001,,,,,,,,
351800,1145.7,0.000003,,,,,,,,
351900,1145.9,0.000002,,,,,,,,
352000,1146.2,0.000001,,,,,,,,
352100,1146.5,0.000002,,,,,,,,
352200,1146.7,0.000002,,,,,,,,
352300,1147.0,0.000003,,,,,,,,
352400,1147.2,0.000004,,,,,,,,
352500,1147.5,0.000001,,,,,,,,
352600,1147.8,0.000001,,,,,,,,
352700,1148.0,0.000001,,,,,,,,
352800,1148.3,0.000002,,,,,,,,
352900,1148.5,0.000001,,,,,,,,
353000,1148.8,0.000002,,,,,,,,
353100,1149.1,0.000003,,,,,,,,
353200,1149.3,0.000001,,,,,,,,
353300,1149.6,0.000001,,,,,,,,
353400,1149.8,0.000002,,,,,,,,
353500,1150.1,0.000001,,,,,,,,
353600,1150.3,0.000001,,,,,,,,
353700,1150.6,0.000001,,,,,,,,
353800,1150.8,0.000007,,,,,,,,
353900,1151.1,0.000001,,,,,,,,
354000,1151.3,0.000002,,,,,,,,
354100,1151.6,0.000006,,,,,,,,
354200,1151.9,0.000002,,,,,,,,
354300,1152.1,0.000003,,,,,,,,
354400,1152.4,0.000001,,,,,,,,
354500,1152.6,0.000001,,,,,,,,
354600,1152.9,0.000001,,,,,,,,
354700,1153.2,0.000001,,,,,,,,
354800,1153.4,0.000001,,,,,,,,
354900,1153.7,0.000003,,,,,,,,
355000,1155.1,0.000002,0.000004,1.341087e-01,9.637981e-03,8.589781e-03,0.000000,1.003418e-01,9.746789e-03,8.815416e-03
355100,1155.3,0.000002,,,,,,,,
355200,1155.5,0.000003,,,,,,,,
355300,1155.8,0.000002,,,,,,,,
355400,1156.0,0.000002,,,,,,,,
355500,1156.3,0.000001,,,,,,,,
355600,1156.6,0.000001,,,,,,,,
355700,1156.8,0.000005,,,,,,,,
355800,1157.1,0.000001,,,,,,,,
355900,1157.3,0.000003,,,,,,,,
356000,1157.6,0.000001,,,,,,,,
356100,1157.9,0.000001,,,,,,,,
356200,1158.1,0.000003,,,,,,,,
356300,1158.4,0.000003,,,,,,,,
356400,1158.7,0.000004,,,,,,,,
356500,1159.0,0.000008,,,,,,,,
356600,1159.2,0.000002,,,,,,,,
356700,1159.5,0.000001,,,,,,,,
356800,1159.7,0.000003,,,,,,,,
356900,1160.0,0.000001,,,,,,,,
357000,1160.3,0.000002,,,,,,,,
357100,1160.5,0.000005,,,,,,,,
357200,1160.8,0.000004,,,,,,,,
357300,1161.1,0.000002,,,,,,,,
357400,1161.3,0.000001,,,,,,,,
357500,1161.6,0.000002,,,,,,,,
357600,1161.9,0.000009,,,,,,,,
357700,1162.1,0.000001,,,,,,,,
357800,1162.4,0.000002,,,,,,,,
357900,1162.6,0.000002,,,,,,,,
358000,1162.9,0.000002,,,,,,,,
358100,1163.2,0.000001,,,,,,,,
358200,1163.4,0.000001,,,,,,,,
358300,1163.7,0.000002,,,,,,,,
358400,1164.0,0.000001,,,,,,,,
358500,1164.2,0.000001,,,,,,,,
358600,1164.5,0.000001,,,,,,,,
358700,1164.7,0.000005,,,,,,,,
358800,1165.0,0.000002,,,,,,,,
358900,1165.3,0.000003,,,,,,,,
359000,1165.5,0.000005,,,,,,,,
359100,1165.8,0.000002,,,,,,,,
359200,1166.1,0.000003,,,,,,,,
359300,1166.4,0.000003,,,,,,,,
359400,1166.7,0.000005,,,,,,,,
359500,1167.0,0.000003,,,,,,,,
359600,1167.3,0.000002,,,,,,,,
359700,1167.7,0.000001,,,,,,,,
359800,1168.0,0.000002,,,,,,,,
359900,1168.3,0.000002,,,,,,,,
360000,1169.7,0.000001,0.000001,1.391989e-01,5.336124e-03,4.302812e-03,0.000000,1.073816e-01,5.315573e-03,4.315523e-03
360100,1170.0,0.000002,,,,,,,,
360200,1170.3,0.000001,,,,,,,,
360300,1170.6,0.000002,,,,,,,,
360400,1170.9,0.000004,,,,,,,,
360500,1171.3,0.000002,,,,,,,,
360600,1171.6,0.000003,,,,,,,,
360700,1171.9,0.000002,,,,,,,,
360800,1172.2,0.000001,,,,,,,,
360900,1172.5,0.000002,,,,,,,,
361000,1172.9,0.000004,,,,,,,,
361100,1173.2,0.000001,,,,,,,,
361200,1173.5,0.000001,,,,,,,,
361300,1173.8,0.000013,,,,,,,,
361400,1174.1,0.000002,,,,,,,,
361500,1174.4,0.000001,,,,,,,,
361600,1174.8,0.000002,,,,,,,,
361700,1175.1,0.000001,,,,,,,,
361800,1175.4,0.000001,,,,,,,,
361900,1175.7,0.000001,,,,,,,,
362000,1176.0,0.000002,,,,,,,,
362100,1176.4,0.000006,,,,,,,,
362200,1176.7,0.000002,,,,,,,,
362300,1177.0,0.000001,,,,,,,,
362400,1177.3,0.000002,,,,,,,,
362500,1177.6,0.000002,,,,,,,,
362600,1177.9,0.000002,,,,,,,,
362700,1178.2,0.000002,,,,,,,,
362800,1178.6,0.000004,,,,,,,,
362900,1178.9,0.000007,,,,,,,,
363000,1179.2,0.000001,,,,,,,,
363100,1179.5,0.000002,,,,,,,,
363200,1179.8,0.000002,,,,,,,,
363300,1180.2,0.000004,,,,,,,,
363400,1180.5,0.000003,,,,,,,,
363500,1180.8,0.000002,,,,,,,,
363600,1181.1,0.000006,,,,,,,,
363700,1181.4,0.000003,,,,,,,,
363800,1181.8,0.000003,,,,,,,,
363900,1182.1,0.000003,,,,,,,,
364000,1182.4,0.000001,,,,,,,,
364100,1182.7,0.000006,,,,,,,,
364200,1183.0,0.000001,,,,,,,,
364300,1183.4,0.000002,,,,,,,,
364400,1183.7,0.000003,,,,,,,,
364500,1184.0,0.000003,,,,,,,,
364600,1184.3,0.000002,,,,,,,,
364700,1184.6,0.000003,,,,,,,,
364800,1184.9,0.000001,,,,,,,,
364900,1185.3,0.000001,,,,,,,,
365000,1186.7,0.000002,0.000005,1.513383e-01,1.165820e-02,9.978691e-03,0.000000,1.334763e-01,1.212342e-02,1.064322e-02
365100,1186.9,0.000001,,,,,,,,
365200,1187.3,0.000004,,,,,,,,
365300,1187.6,0.000005,,,,,,,,
365400,1187.9,0.000001,,,,,,,,
365500,1188.2,0.000001,,,,,,,,
365600,1188.5,0.000001,,,,,,,,
365700,1188.8,0.000003,,,,,,,,
365800,1189.1,0.000003,,,,,,,,
365900,1189.4,0.000002,,,,,,,,
366000,1189.8,0.000003,,,,,,,,
366100,1190.1,0.000004,,,,,,,,
366200,1190.4,0.000001,,,,,,,,
366300,1190.7,0.000001,,,,,,,,
366400,1191.0,0.000003,,,,,,,,
366500,1191.3,0.000002,,,,,,,,
366600,1191.7,0.000002,,,,,,,,
366700,1192.0,0.000001,,,,,,,,
366800,1192.3,0.000004,,,,,,,,
366900,1192.6,0.000002,,,,,,,,
367000,1192.9,0.000003,,,,,,,,
367100,1193.3,0.000001,,,,,,,,
367200,1193.6,0.000006,,,,,,,,
367300,1193.8,0.000002,,,,,,,,
367400,1194.1,0.000001,,,,,,,,
367500,1194.4,0.000002,,,,,,,,
367600,1194.8,0.000004,,,,,,,,
367700,1195.1,0.000002,,,,,,,,
367800,1195.4,0.000001,,,,,,,,
367900,1195.7,0.000002,,,,,,,,
368000,1196.1,0.000002,,,,,,,,
368100,1196.4,0.000004,,,,,,,,
368200,1196.7,0.000001,,,,,,,,
368300,1197.0,0.000002,,,,,,,,
368400,1197.4,0.000003,,,,,,,,
368500,1197.7,0.000003,,,,,,,,
368600,1198.0,0.000003,,,,,,,,
368700,1198.3,0.000001,,,,,,,,
368800,1198.6,0.000001,,,,,,,,
368900,1199.0,0.000002,,,,,,,,
369000,1199.3,0.000001,,,,,,,,
369100,1199.6,0.000001,,,,,,,,
369200,1199.9,0.000003,,,,,,,,
369300,1200.3,0.000005,,,,,,,,
369400,1200.6,0.000001,,,,,,,,
369500,1200.9,0.000003,,,,,,,,
369600,1201.2,0.000001,,,,,,,,
369700,1201.5,0.000002,,,,,,,,
369800,1201.9,0.000002,,,,,,,,
369900,1202.2,0.000001,,,,,,,,
370000,1203.6,0.000003,0.000002,1.721713e-01,5.759238e-03,4.407007e-03,0.000000,1.384416e-01,5.729488e-03,4.494027e-03
370100,1203.9,0.000002,,,,,,,,
370200,1204.1,0.000001,,,,,,,,
370300,1204.5,0.000002,,,,,,,,
370400,1204.8,0.000013,,,,,,,,
370500,1205.1,0.000001,,,,,,,,
370600,1205.4,0.000004,,,,,,,,
370700,1205.7,0.000003,,,,,,,,
370800,1206.0,0.000002,,,,,,,,
370900,1206.3,0.000003,,,,,,,,
371000,1206.7,0.000003,,,,,,,,
371100,1207.0,0.000003,,,,,,,,
371200,1207.3,0.000008,,,,,,,,
371300,1207.6,0.000003,,,,,,,,
371400,1208.0,0.000003,,,,,,,,
371500,1208.3,0.000002,,,,,,,,
371600,1208.6,0.000001,,,,,,,,
371700,1208.9,0.000003,,,,,,,,
371800,1209.2,0.000002,,,,,,,,
371900,1209.5,0.000001,,,,,,,,
372000,1209.8,0.000003,,,,,,,,
372100,1210.1,0.000002,,,,,,,,
372200,1210.5,0.000002,,,,,,,,
372300,1210.8,0.000001,,,,,,,,
372400,1211.1,0.000002,,,,,,,,
372500,1211.4,0.000004,,,,,,,,
372600,1211.7,0.000003,,,,,,,,
372700,1212.0,0.000007,,,,,,,,
372800,1212.3,0.000002,,,,,,,,
372900,1212.6,0.000001,,,,,,,,
373000,1213.0,0.000003,,,,,,,,
373100,1213.3,0.000002,,,,,,,,
373200,1213.6,0.000003,,,,,,,,
373300,1213.9,0.000001,,,,,,,,
373400,1214.2,0.000003,,,,,,,,
373500,1214.5,0.000002,,,,,,,,
373600,1214.9,0.000003,,,,,,,,
373700,1215.2,0.000003,,,,,,,,
373800,1215.5,0.000002,,,,,,,,
373900,1215.8,0.000002,,,,,,,,
374000,1216.1,0.000001,,,,,,,,
374100,1216.4,0.000003,,,,,,,,
374200,1216.7,0.000001,,,,,,,,
374300,1216.9,0.000002,,,,,,,,
374400,1217.2,0.000001,,,,,,,,
374500,1217.6,0.000002,,,,,,,,
374600,1217.9,0.000001,,,,,,,,
374700,1218.2,0.000002,,,,,,,,
374800,1218.5,0.000005,,,,,,,,
374900,1218.8,0.000006,,,,,,,,
375000,1220.3,0.000001,0.000003,1.266324e-01,8.122923e-03,7.037186e-03,0.000000,9.764315e-02,8.275575e-03,7.362888e-03
375100,1220.5,0.000004,,,,,,,,
375200,1220.8,0.000001,,,,,,,,
375300,1221.1,0.000001,,,,,,,,
375400,1221.4,0.000002,,,,,,,,
375500,1221.7,0.000002,,,,,,,,
375600,1222.1,0.000001,,,,,,,,
375700,1222.4,0.000001,,,,,,,,
375800,1222.7,0.000002,,,,,,,,
375900,1223.0,0.000001,,,,,,,,
376000,1223.3,0.000002,,,,,,,,
376100,1223.6,0.000008,,,,,,,,
376200,1223.9,0.000003,,,,,,,,
376300,1224.2,0.000006,,,,,,,,
376400,1224.5,0.000005,,,,,,,,
376500,1224.8,0.000001,,,,,,,,
376600,1225.1,0.000001,,,,,,,,
376700,1225.5,0.000004,,,,,,,,
376800,1225.8,0.000002,,,,,,,,
376900,1226.1,0.000003,,,,,,,,
377000,1226.4,0.000001,,,,,,,,
377100,1226.7,0.000002,,,,,,,,
377200,1227.1,0.000001,,,,,,,,
377300,1227.4,0.000001,,,,,,,,
377400,1227.7,0.000001,,,,,,,,
377500,1228.0,0.000002,,,,,,,,
377600,1228.3,0.000002,,,,,,,,
377700,1228.7,0.000002,,,,,,,,
377800,1229.0,0.000001,,,,,,,,
377900,1229.3,0.000001,,,,,,,,
378000,1229.6,0.000002,,,,,,,,
378100,1229.9,0.000003,,,,,,,,
378200,1230.2,0.000001,,,,,,,,
378300,1230.6,0.000004,,,,,,,,
378400,1230.9,0.000001,,,,,,,,
378500,1231.2,0.000001,,,,,,,,
378600,1231.5,0.000003,,,,,,,,
378700,1231.8,0.000002,,,,,,,,
378800,1232.1,0.000003,,,,,,,,
378900,1232.5,0.000002,,,,,,,,
379000,1232.8,0.000001,,,,,,,,
379100,1233.1,0.000001,,,,,,,,
379200,1233.4,0.000006,,,,,,,,
379300,1233.7,0.000001,,,,,,,,
379400,1234.0,0.000004,,,,,,,,
379500,1234.4,0.000002,,,,,,,,
379600,1234.7,0.000001,,,,,,,,
379700,1235.0,0.000001,,,,,,,,
379800,1235.3,0.000002,,,,,,,,
379900,1235.7,0.000002,,,,,,,,
380000,1237.1,0.000001,0.000003,1.156495e-01,7.619165e-03,5.885555e-03,0.000000,9.420968e-02,7.577630e-03,5.970590e-03
380100,1237.3,0.000002,,,,,,,,
380200,1237.6,0.000006,,,,,,,,
380300,1238.0,0.000003,,,,,,,,
380400,1238.3,0.000002,,,,,,,,
380500,1238.6,0.000003,,,,,,,,
380600,1238.9,0.000002,,,,,,,,
380700,1239.2,0.000002,,,,,,,,
380800,1239.5,0.000002,,,,,,,,
380900,1239.8,0.000003,,,,,,,,
381000,1240.2,0.000003,,,,,,,,
381100,1240.5,0.000003,,,,,,,,
381200,1240.8,0.000002,,,,,,,,
381300,1241.1,0.000002,,,,,,,,
381400,1241.4,0.000002,,,,,,,,
381500,1241.7,0.000003,,,,,,,,
381600,1242.0,0.000004,,,,,,,,
381700,1242.4,0.000001,,,,,,,,
381800,1242.7,0.000001,,,,,,,,
381900,1243.0,0.000001,,,,,,,,
382000,1243.3,0.000001,,,,,,,,
382100,1243.6,0.000006,,,,,,,,
382200,1244.0,0.000003,,,,,,,,
382300,1244.3,0.000002,,,,,,,,
382400,1244.6,0.000003,,,,,,,,
382500,1244.9,0.000004,,,,,,,,
382600,1245.2,0.000002,,,,,,,,
382700,1245.6,0.000004,,,,,,,,
382800,1245.9,0.000002,,,,,,,,
382900,1246.2,0.000003,,,,,,,,
383000,1246.5,0.000003,,,,,,,,
383100,1246.8,0.000001,,,,,,,,
383200,1247.2,0.000001,,,,,,,,
383300,1247.5,0.000002,,,,,,,,
383400,1247.8,0.000002,,,,,,,,
383500,1248.1,0.000003,,,,,,,,
383600,1248.4,0.000002,,,,,,,,
383700,1248.7,0.000003,,,,,,,,
383800,1249.0,0.000004,,,,,,,,
383900,1249.4,0.000005,,,,,,,,
384000,1249.7,0.000002,,,,,,,,
384100,1250.0,0.000003,,,,,,,,
384200,1250.3,0.000001,,,,,,,,
384300,1250.7,0.000002,,,,,,,,
384400,1251.0,0.000002,,,,,,,,
384500,1251.3,0.000001,,,,,,,,
384600,1251.6,0.000001,,,,,,,,
384700,1251.9,0.000004,,,,,,,,
384800,1252.2,0.000001,,,,,,,,
384900,1252.6,0.000001,,,,,,,,
385000,1254.0,0.000002,0.000002,1.742322e-01,5.916902e-03,4.118258e-03,0.000000,1.427791e-01,5.839383e-03,4.106128e-03
385100,1254.3,0.000002,,,,,,,,
385200,1254.6,0.000003,,,,,,,,
385300,1254.9,0.000003,,,,,,,,
385400,1255.2,0.000002,,,,,,,,
385500,1255.5,0.000004,,,,,,,,
385600,1255.8,0.000002,,,,,,,,
385700,1256.1,0.000003,,,,,,,,
385800,1256.5,0.000002,,,,,,,,
385900,1256.8,0.000003,,,,,,,,
386000,1257.1,0.000002,,,,,,,,
386100,1257.4,0.000001,,,,,,,,
386200,1257.7,0.000002,,,,,,,,
386300,1258.1,0.000002,,,,,,,,
386400,1258.4,0.000010,,,,,,,,
386500,1258.7,0.000005,,,,,,,,
386600,1259.0,0.000003,,,,,,,,
386700,1259.3,0.000002,,,,,,,,
386800,1259.7,0.000002,,,,,,,,
386900,1260.0,0.000004,,,,,,,,
387000,1260.3,0.000003,,,,,,,,
387100,1260.6,0.000001,,,,,,,,
387200,1261.0,0.000001,,,,,,,,
387300,1261.3,0.000001,,,,,,,,
387400,1261.6,0.000002,,,,,,,,
387500,1261.9,0.000001,,,,,,,,
387600,1262.2,0.000002,,,,,,,,
387700,1262.5,0.000001,,,,,,,,
387800,1262.9,0.000010,,,,,,,,
387900,1263.2,0.000003,,,,,,,,
388000,1263.5,0.000002,,,,,,,,
388100,1263.8,0.000001,,,,,,,,
388200,1264.1,0.000002,,,,,,,,
388300,1264.4,0.000002,,,,,,,,
388400,1264.8,0.000001,,,,,,,,
388500,1265.0,0.000003,,,,,,,,
388600,1265.4,0.000005,,,,,,,,
388700,1265.6,0.000004,,,,,,,,
388800,1266.0,0.000001,,,,,,,,
388900,1266.3,0.000002,,,,,,,,
389000,1266.6,0.000001,,,,,,,,
389100,1266.9,0.000001,,,,,,,,
389200,1267.2,0.000002,,,,,,,,
389300,1267.5,0.000001,,,,,,,,
389400,1267.9,0.000002,,,,,,,,
389500,1268.2,0.000006,,,,,,,,
389600,1268.5,0.000002,,,,,,,,
389700,1268.8,0.000002,,,,,,,,
389800,1269.1,0.000001,,,,,,,,
389900,1269.4,0.000005,,,,,,,,
390000,1270.9,0.000002,0.000002,1.690356e-01,7.279195e-03,6.421353e-03,0.000000,1.322944e-01,7.278170e-03,6.439402e-03
390100,1271.1,0.000006,,,,,,,,
390200,1271.4,0.000002,,,,,,,,
390300,1271.7,0.000001,,,,,,,,
390400,1272.0,0.000002,,,,,,,,
390500,1272.4,0.000005,,,,,,,,
390600,1272.7,0.000003,,,,,,,,
390700,1273.0,0.000003,,,,,,,,
390800,1273.3,0.000009,,,,,,,,
390900,1273.6,0.000001,,,,,,,,
391000,1274.0,0.000004,,,,,,,,
391100,1274.3,0.000002,,,,,,,,
391200,1274.6,0.000001,,,,,,,,
391300,1274.9,0.000003,,,,,,,,
391400,1275.3,0.000003,,,,,,,,
391500,1275.6,0.000015,,,,,,,,
391600,1275.9,0.000001,,,,,,,,
391700,1276.2,0.000004,,,,,,,,
391800,1276.5,0.000001,,,,,,,,
391900,1276.8,0.000002,,,,,,,,
392000,1277.1,0.000002,,,,,,,,
392100,1277.5,0.000002,,,,,,,,
392200,1277.8,0.000003,,,,,,,,
392300,1278.1,0.000002,,,,,,,,
392400,1278.4,0.000002,,,,,,,,
392500,1278.7,0.000002,,,,,,,,
392600,1279.1,0.000003,,,,,,,,
392700,1279.4,0.000001,,,,,,,,
392800,1279.7,0.000001,,,,,,,,
392900,1280.0,0.000004,,,,,,,,
393000,1280.3,0.000001,,,,,,,,
393100,1280.6,0.000002,,,,,,,,
393200,1281.0,0.000002,,,,,,,,
393300,1281.3,0.000003,,,,,,,,
393400,1281.6,0.000006,,,,,,,,
393500,1281.9,0.000001,,,,,,,,
393600,1282.2,0.000003,,,,,,,,
393700,1282.5,0.000001,,,,,,,,
393800,1282.8,0.000001,,,,,,,,
393900,1283.1,0.000007,,,,,,,,
394000,1283.5,0.000003,,,,,,,,
394100,1283.8,0.000006,,,,,,,,
394200,1284.1,0.000002,,,,,,,,
394300,1284.4,0.000001,,,,,,,,
394400,1284.7,0.000005,,,,,,,,
394500,1285.0,0.000001,,,,,,,,
394600,1285.4,0.000002,,,,,,,,
394700,1285.7,0.000006,,,,,,,,
394800,1286.0,0.000002,,,,,,,,
394900,1286.3,0.000001,,,,,,,,
395000,1287.8,0.000004,0.000003,9.378821e-02,8.212452e-03,7.182145e-03,0.000000,7.204891e-02,8.008304e-03,7.092607e-03
395100,1288.0,0.000002,,,,,,,,
395200,1288.3,0.000001,,,,,,,,
395300,1288.7,0.000008,,,,,,,,
395400,1289.0,0.000002,,,,,,,,
395500,1289.3,0.000003,,,,,,,,
395600,1289.6,0.000002,,,,,,,,
395700,1289.9,0.000001,,,,,,,,
395800,1290.2,0.000002,,,,,,,,
395900,1290.6,0.000001,,,,,,,,
396000,1290.9,0.000002,,,,,,,,
396100,1291.2,0.000001,,,,,,,,
396200,1291.5,0.000004,,,,,,,,
396300,1291.9,0.000001,,,,,,,,
396400,1292.2,0.000003,,,,,,,,
396500,1292.5,0.000001,,,,,,,,
396600,1292.8,0.000002,,,,,,,,
396700,1293.1,0.000001,,,,,,,,
396800,1293.5,0.000002,,,,,,,,
396900,1293.8,0.000001,,,,,,,,
397000,1294.1,0.000001,,,,,,,,
397100,1294.4,0.000007,,,,,,,,
397200,1294.7,0.000006,,,,,,,,
397300,1295.1,0.000006,,,,,,,,
397400,1295.4,0.000002,,,,,,,,
397500,1295.7,0.000003,,,,,,,,
397600,1296.0,0.000005,,,,,,,,
397700,1296.3,0.000001,,,,,,,,
397800,1296.6,0.000001,,,,,,,,
397900,1297.0,0.000001,,,,,,,,
398000,1297.3,0.000002,,,,,,,,
398100,1297.6,0.000002,,,,,,,,
398200,1297.9,0.000003,,,,,,,,
398300,1298.3,0.000001,,,,,,,,
398400,1298.6,0.000002,,,,,,,,
398500,1298.9,0.000002,,,,,,,,
398600,1299.2,0.000003,,,,,,,,
398700,1299.5,0.000001,,,,,,,,
398800,1299.9,0.000001,,,,,,,,
398900,1300.2,0.000003,,,,,,,,
399000,1300.5,0.000001,,,,,,,,
399100,1300.8,0.000001,,,,,,,,
399200,1301.1,0.000001,,,,,,,,
399300,1301.4,0.000003,,,,,,,,
399400,1301.7,0.000002,,,,,,,,
399500,1302.1,0.000001,,,,,,,,
399600,1302.4,0.000002,,,,,,,,
399700,1302.7,0.000002,,,,,,,,
399800,1303.0,0.000004,,,,,,,,
399900,1303.3,0.000002,,,,,,,,
400000,1304.7,0.000003,0.000002,1.014961e-01,6.250196e-03,5.088805e-03,0.000000,7.198692e-02,6.042705e-03,4.950937e-03
400100,1305.0,0.000002,,,,,,,,
400200,1305.3,0.000003,,,,,,,,
400300,1305.6,0.000002,,,,,,,,
400400,1305.9,0.000001,,,,,,,,
400500,1306.3,0.000002,,,,,,,,
400600,1306.6,0.000003,,,,,,,,
400700,1306.9,0.000001,,,,,,,,
400800,1307.2,0.000001,,,,,,,,
400900,1307.5,0.000004,,,,,,,,
401000,1307.9,0.000002,,,,,,,,
401100,1308.2,0.000001,,,,,,,,
401200,1308.5,0.000002,,,,,,,,
401300,1308.8,0.000001,,,,,,,,
401400,1309.1,0.000005,,,,,,,,
401500,1309.5,0.000002,,,,,,,,
401600,1309.8,0.000001,,,,,,,,
401700,1310.1,0.000003,,,,,,,,
401800,1310.4,0.000001,,,,,,,,
401900,1310.7,0.000001,,,,,,,,
402000,1311.0,0.000002,,,,,,,,
402100,1311.3,0.000001,,,,,,,,
402200,1311.7,0.000002,,,,,,,,
402300,1312.0,0.000002,,,,,,,,
402400,1312.3,0.000002,,,,,,,,
402500,1312.6,0.000001,,,,,,,,
402600,1312.9,0.000001,,,,,,,,
402700,1313.2,0.000002,,,,,,,,
402800,1313.6,0.000001,,,,,,,,
402900,1313.9,0.000002,,,,,,,,
403000,1314.2,0.000002,,,,,,,,
403100,1314.5,0.000002,,,,,,,,
403200,1314.8,0.000002,,,,,,,,
403300,1315.1,0.000005,,,,,,,,
403400,1315.4,0.000001,,,,,,,,
403500,1315.8,0.000003,,,,,,,,
403600,1316.1,0.000004,,,,,,,,
403700,1316.4,0.000001,,,,,,,,
403800,1316.7,0.000002,,,,,,,,
403900,1317.0,0.000002,,,,,,,,
404000,1317.4,0.000002,,,,,,,,
404100,1317.7,0.000003,,,,,,,,
404200,1318.0,0.000002,,,,,,,,
404300,1318.3,0.000005,,,,,,,,
404400,1318.6,0.000002,,,,,,,,
404500,1318.9,0.000002,,,,,,,,
404600,1319.3,0.000002,,,,,,,,
404700,1319.6,0.000001,,,,,,,,
404800,1319.9,0.000002,,,,,,,,
404900,1320.2,0.000004,,,,,,,,
405000,1321.7,0.000002,0.000004,1.939904e-01,9.194348e-03,7.528266e-03,0.000000,1.525960e-01,9.215448e-03,7.706740e-03
405100,1321.9,0.000002,,,,,,,,
405200,1322.2,0.000001,,,,,,,,
405300,1322.5,0.000005,,,,,,,,
405400,1322.8,0.000002,,,,,,,,
405500,1323.2,0.000001,,,,,,,,
405600,1323.5,0.000002,,,,,,,,
405700,1323.8,0.000001,,,,,,,,
405800,1324.1,0.000004,,,,,,,,
405900,1324.4,0.000001,,,,,,,,
406000,1324.8,0.000001,,,,,,,,
406100,1325.1,0.000001,,,,,,,,
406200,1325.4,0.000002,,,,,,,,
406300,1325.7,0.000002,,,,,,,,
406400,1326.0,0.000003,,,,,,,,
406500,1326.3,0.000006,,,,,,,,
406600,1326.7,0.000002,,,,,,,,
406700,1327.0,0.000002,,,,,,,,
406800,1327.3,0.000007,,,,,,,,
406900,1327.6,0.000002,,,,,,,,
407000,1327.9,0.000003,,,,,,,,
407100,1328.2,0.000001,,,,,,,,
407200,1328.5,0.000002,,,,,,,,
407300,1328.8,0.000001,,,,,,,,
407400,1329.1,0.000004,,,,,,,,
407500,1329.5,0.000002,,,,,,,,
407600,1329.8,0.000002,,,,,,,,
407700,1330.1,0.000003,,,,,,,,
407800,1330.4,0.000002,,,,,,,,
407900,1330.7,0.000005,,,,,,,,
408000,1331.1,0.000002,,,,,,,,
408100,1331.4,0.000001,,,,,,,,
408200,1331.7,0.000001,,,,,,,,
408300,1332.0,0.000001,,,,,,,,
408400,1332.3,0.000001,,,,,,,,
408500,1332.6,0.000002,,,,,,,,
408600,1332.9,0.000002,,,,,,,,
408700,1333.2,0.000002,,,,,,,,
408800,1333.6,0.000001,,,,,,,,
408900,1333.9,0.000004,,,,,,,,
409000,1334.2,0.000001,,,,,,,,
409100,1334.5,0.000001,,,,,,,,
409200,1334.8,0.000003,,,,,,,,
409300,1335.2,0.000002,,,,,,,,
409400,1335.5,0.000002,,,,,,,,
409500,1335.8,0.000001,,,,,,,,
409600,1336.1,0.000001,,,,,,,,
409700,1336.4,0.000002,,,,,,,,
409800,1336.8,0.000001,,,,,,,,
409900,1337.0,0.000001,,,,,,,,
410000,1338.5,0.000003,0.000004,1.232668e-01,8.837038e-03,6.435806e-03,0.000000,7.800868e-02,8.794180e-03,6.584131e-03
410100,1338.7,0.000006,,,,,,,,
410200,1339.0,0.000002,,,,,,,,
410300,1339.3,0.000001,,,,,,,,
410400,1339.7,0.000002,,,,,,,,
410500,1340.0,0.000002,,,,,,,,
410600,1340.3,0.000002,,,,,,,,
410700,1340.6,0.000001,,,,,,,,
410800,1341.0,0.000001,,,,,,,,
410900,1341.3,0.000004,,,,,,,,
411000,1341.6,0.000001,,,,,,,,
411100,1341.9,0.000002,,,,,,,,
411200,1342.2,0.000002,,,,,,,,
411300,1342.5,0.000006,,,,,,,,
411400,1342.9,0.000001,,,,,,,,
411500,1343.2,0.000005,,,,,,,,
411600,1343.5,0.000002,,,,,,,,
411700,1343.8,0.000001,,,,,,,,
411800,1344.1,0.000002,,,,,,,,
411900,1344.4,0.000002,,,,,,,,
412000,1344.7,0.000001,,,,,,,,
412100,1345.1,0.000002,,,,,,,,
412200,1345.4,0.000002,,,,,,,,
412300,1345.7,0.000001,,,,,,,,
412400,1346.0,0.000006,,,,,,,,
412500,1346.3,0.000002,,,,,,,,
412600,1346.6,0.000001,,,,,,,,
412700,1346.9,0.000001,,,,,,,,
412800,1347.2,0.000005,,,,,,,,
412900,1347.6,0.000001,,,,,,,,
413000,1347.9,0.000004,,,,,,,,
413100,1348.2,0.000002,,,,,,,,
413200,1348.5,0.000002,,,,,,,,
413300,1348.8,0.000001,,,,,,,,
413400,1349.2,0.000001,,,,,,,,
413500,1349.5,0.000004,,,,,,,,
413600,1349.8,0.000003,,,,,,,,
413700,1350.1,0.000002,,,,,,,,
413800,1350.4,0.000001,,,,,,,,
413900,1350.7,0.000005,,,,,,,,
414000,1351.1,0.000001,,,,,,,,
414100,1351.4,0.000001,,,,,,,,
414200,1351.7,0.000004,,,,,,,,
414300,1352.0,0.000002,,,,,,,,
414400,1352.4,0.000003,,,,,,,,
414500,1352.7,0.000005,,,,,,,,
414600,1353.0,0.000003,,,,,,,,
414700,1353.3,0.000001,,,,,,,,
414800,1353.6,0.000001,,,,,,,,
414900,1354.0,0.000002,,,,,,,,
415000,1355.4,0.000002,0.000002,1.502802e-01,5.805138e-03,4.629612e-03,0.000000,1.145983e-01,5.774042e-03,4.639986e-03
415100,1355.6,0.000001,,,,,,,,
415200,1355.9,0.000002,,,,,,,,
415300,1356.3,0.000002,,,,,,,,
415400,1356.6,0.000001,,,,,,,,
415500,1356.9,0.000001,,,,,,,,
415600,1357.2,0.000001,,,,,,,,
415700,1357.5,0.000001,,,,,,,,
415800,1357.9,0.000001,,,,,,,,
415900,1358.2,0.000002,,,,,,,,
416000,1358.5,0.000001,,,,,,,,
416100,1358.8,0.000012,,,,,,,,
416200,1359.2,0.000002,,,,,,,,
416300,1359.5,0.000002,,,,,,,,
416400,1359.8,0.000001,,,,,,,,
416500,1360.1,0.000001,,,,,,,,
416600,1360.4,0.000001,,,,,,,,
416700,1360.7,0.000001,,,,,,,,
416800,1361.1,0.000002,,,,,,,,
416900,1361.4,0.000003,,,,,,,,
417000,1361.7,0.000001,,,,,,,,
417100,1362.0,0.000005,,,,,,,,
417200,1362.3,0.000002,,,,,,,,
417300,1362.7,0.000002,,,,,,,,
417400,1363.0,0.000001,,,,,,,,
417500,1363.3,0.000003,,,,,,,,
417600,1363.6,0.000001,,,,,,,,
417700,1363.9,0.000001,,,,,,,,
417800,1364.2,0.000002,,,,,,,,
417900,1364.6,0.000003,,,,,,,,
418000,1364.9,0.000001,,,,,,,,
418100,1365.2,0.000002,,,,,,,,
418200,1365.5,0.000002,,,,,,,,
418300,1365.8,0.000001,,,,,,,,
418400,1366.2,0.000001,,,,,,,,
418500,1366.5,0.000003,,,,,,,,
418600,1366.8,0.000002,,,,,,,,
418700,1367.1,0.000003,,,,,,,,
418800,1367.4,0.000003,,,,,,,,
418900,1367.8,0.000003,,,,,,,,
419000,1368.1,0.000001,,,,,,,,
419100,1368.4,0.000002,,,,,,,,
419200,1368.7,0.000002,,,,,,,,
419300,1369.0,0.000001,,,,,,,,
419400,1369.3,0.000001,,,,,,,,
419500,1369.6,0.000002,,,,,,,,
419600,1369.9,0.000001,,,,,,,,
419700,1370.2,0.000002,,,,,,,,
419800,1370.5,0.000002,,,,,,,,
419900,1370.8,0.000004,,,,,,,,
420000,1372.3,0.000001,0.000002,1.336471e-01,7.075493e-03,5.540209e-03,0.000000,1.072347e-01,7.198120e-03,5.747070e-03
420100,1372.5,0.000001,,,,,,,,
420200,1372.8,0.000002,,,,,,,,
420300,1373.2,0.000008,,,,,,,,
420400,1373.5,0.000002,,,,,,,,
420500,1373.8,0.000003,,,,,,,,
420600,1374.1,0.000002,,,,,,,,
420700,1374.4,0.000003,,,,,,,,
420800,1374.8,0.000002,,,,,,,,
420900,1375.1,0.000001,,,,,,,,
421000,1375.4,0.000002,,,,,,,,
421100,1375.7,0.000004,,,,,,,,
421200,1376.0,0.000004,,,,,,,,
421300,1376.4,0.000003,,,,,,,,
421400,1376.7,0.000002,,,,,,,,
421500,1377.0,0.000007,,,,,,,,
421600,1377.3,0.000001,,,,,,,,
421700,1377.7,0.000001,,,,,,,,
421800,1378.0,0.000001,,,,,,,,
421900,1378.3,0.000002,,,,,,,,
422000,1378.6,0.000002,,,,,,,,
422100,1379.0,0.000001,,,,,,,,
422200,1379.3,0.000003,,,,,,,,
422300,1379.6,0.000004,,,,,,,,
422400,1379.9,0.000001,,,,,,,,
422500,1380.3,0.000001,,,,,,,,
422600,1380.6,0.000002,,,,,,,,
422700,1380.9,0.000001,,,,,,,,
422800,1381.2,0.000003,,,,,,,,
422900,1381.5,0.000002,,,,,,,,
423000,1381.8,0.000003,,,,,,,,
423100,1382.1,0.000001,,,,,,,,
423200,1382.4,0.000001,,,,,,,,
423300,1382.7,0.000001,,,,,,,,
423400,1383.0,0.000001,,,,,,,,
423500,1383.4,0.000005,,,,,,,,
423600,1383.7,0.000004,,,,,,,,
423700,1384.0,0.000001,,,,,,,,
423800,1384.3,0.000004,,,,,,,,
423900,1384.6,0.000001,,,,,,,,
424000,1385.0,0.000001,,,,,,,,
424100,1385.3,0.000001,,,,,,,,
424200,1385.6,0.000001,,,,,,,,
424300,1385.9,0.000002,,,,,,,,
424400,1386.2,0.000002,,,,,,,,
424500,1386.6,0.000001,,,,,,,,
424600,1386.9,0.000001,,,,,,,,
424700,1387.2,0.000001,,,,,,,,
424800,1387.5,0.000006,,,,,,,,
424900,1387.8,0.000001,,,,,,,,
425000,1389.3,0.000001,0.000002,1.083613e-01,6.813463e-03,5.781671e-03,0.000000,7.364226e-02,6.728001e-03,5.869443e-03
425100,1389.5,0.000001,,,,,,,,
425200,1389.8,0.000001,,,,,,,,
425300,1390.1,0.000003,,,,,,,,
425400,1390.5,0.000001,,,,,,,,
425500,1390.8,0.000001,,,,,,,,
425600,1391.1,0.000003,,,,,,,,
425700,1391.4,0.000003,,,,,,,,
425800,1391.7,0.000001,,,,,,,,
425900,1392.1,0.000001,,,,,,,,
426000,1392.4,0.000005,,,,,,,,
426100,1392.7,0.000001,,,,,,,,
426200,1393.0,0.000002,,,,,,,,
426300,1393.3,0.000002,,,,,,,,
426400,1393.6,0.000002,,,,,,,,
426500,1394.0,0.000001,,,,,,,,
426600,1394.3,0.000002,,,,,,,,
426700,1394.6,0.000001,,,,,,,,
426800,1394.9,0.000004,,,,,,,,
426900,1395.2,0.000005,,,,,,,,
427000,1395.5,0.000010,,,,,,,,
427100,1395.8,0.000003,,,,,,,,
427200,1396.2,0.000002,,,,,,,,
427300,1396.5,0.000001,,,,,,,,
427400,1396.8,0.000003,,,,,,,,
427500,1397.1,0.000002,,,,,,,,
427600,1397.5,0.000001,,,,,,,,
427700,1397.8,0.000003,,,,,,,,
427800,1398.1,0.000002,,,,,,,,
427900,1398.4,0.000001,,,,,,,,
428000,1398.7,0.000002,,,,,,,,
428100,1399.1,0.000003,,,,,,,,
428200,1399.4,0.000001,,,,,,,,
428300,1399.7,0.000003,,,,,,,,
428400,1400.0,0.000001,,,,,,,,
428500,1400.4,0.000002,,,,,,,,
428600,1400.7,0.000001,,,,,,,,
428700,1401.0,0.000003,,,,,,,,
428800,1401.3,0.000002,,,,,,,,
428900,1401.6,0.000002,,,,,,,,
429000,1402.0,0.000002,,,,,,,,
429100,1402.3,0.000001,,,,,,,,
429200,1402.6,0.000001,,,,,,,,
429300,1402.9,0.000003,,,,,,,,
429400,1403.2,0.000002,,,,,,,,
429500,1403.5,0.000002,,,,,,,,
429600,1403.8,0.000002,,,,,,,,
429700,1404.1,0.000002,,,,,,,,
429800,1404.4,0.000002,,,,,,,,
429900,1404.8,0.000003,,,,,,,,
430000,1406.2,0.000001,0.000001,1.496227e-01,5.123580e-03,3.899106e-03,0.000000,8.787371e-02,4.954190e-03,3.898110e-03
430100,1406.4,0.000003,,,,,,,,
430200,1406.7,0.000003,,,,,,,,
430300,1407.1,0.000002,,,,,,,,
430400,1407.4,0.000001,,,,,,,,
430500,1407.7,0.000001,,,,,,,,
430600,1408.0,0.000002,,,,,,,,
430700,1408.3,0.000001,,,,,,,,
430800,1408.6,0.000002,,,,,,,,
430900,1408.9,0.000001,,,,,,,,
431000,1409.3,0.000002,,,,,,,,
431100,1409.6,0.000002,,,,,,,,
431200,1409.9,0.000005,,,,,,,,
431300,1410.2,0.000001,,,,,,,,
431400,1410.5,0.000001,,,,,,,,
431500,1410.9,0.000003,,,,,,,,
431600,1411.2,0.000001,,,,,,,,
431700,1411.5,0.000002,,,,,,,,
431800,1411.8,0.000002,,,,,,,,
431900,1412.1,0.000002,,,,,,,,
432000,1412.4,0.000001,,,,,,,,
432100,1412.8,0.000002,,,,,,,,
432200,1413.1,0.000004,,,,,,,,
432300,1413.4,0.000001,,,,,,,,
432400,1413.7,0.000002,,,,,,,,
432500,1414.0,0.000002,,,,,,,,
432600,1414.3,0.000004,,,,,,,,
432700,1414.7,0.000001,,,,,,,,
432800,1415.0,0.000002,,,,,,,,
432900,1415.3,0.000001,,,,,,,,
433000,1415.6,0.000001,,,,,,,,
433100,1415.9,0.000004,,,,,,,,
433200,1416.3,0.000003,,,,,,,,
433300,1416.6,0.000002,,,,,,,,
433400,1416.9,0.000002,,,,,,,,
433500,1417.2,0.000004,,,,,,,,
433600,1417.5,0.000002,,,,,,,,
433700,1417.9,0.000001,,,,,,,,
433800,1418.2,0.000002,,,,,,,,
433900,1418.5,0.000003,,,,,,,,
434000,1418.8,0.000002,,,,,,,,
434100,1419.1,0.000002,,,,,,,,
434200,1419.5,0.000002,,,,,,,,
434300,1419.8,0.000003,,,,,,,,
434400,1420.1,0.000001,,,,,,,,
434500,1420.4,0.000001,,,,,,,,
434600,1420.8,0.000001,,,,,,,,
434700,1421.0,0.000008,,,,,,,,
434800,1421.4,0.000001,,,,,,,,
434900,1421.7,0.000001,,,,,,,,
435000,1423.1,0.000001,0.000001,1.052469e-01,4.353044e-03,3.410152e-03,0.000000,7.595278e-02,4.234381e-03,3.357507e-03
435100,1423.4,0.000004,,,,,,,,
435200,1423.7,0.000001,,,,,,,,
435300,1424.0,0.000004,,,,,,,,
435400,1424.3,0.000002,,,,,,,,
435500,1424.6,0.000003,,,,,,,,
435600,1425.0,0.000006,,,,,,,,
435700,1425.3,0.000001,,,,,,,,
435800,1425.6,0.000001,,,,,,,,
435900,1425.9,0.000004,,,,,,,,
436000,1426.3,0.000001,,,,,,,,
436100,1426.6,0.000001,,,,,,,,
436200,1426.9,0.000001,,,,,,,,
436300,1427.2,0.000004,,,,,,,,
436400,1427.5,0.000002,,,,,,,,
436500,1427.9,0.000002,,,,,,,,
436600,1428.1,0.000002,,,,,,,,
436700,1428.5,0.000001,,,,,,,,
436800,1428.8,0.000002,,,,,,,,
436900,1429.1,0.000002,,,,,,,,
437000,1429.4,0.000001,,,,,,,,
437100,1429.7,0.000001,,,,,,,,
437200,1430.1,0.000001,,,,,,,,
437300,1430.4,0.000001,,,,,,,,
437400,1430.7,0.000001,,,,,,,,
437500,1431.0,0.000001,,,,,,,,
437600,1431.3,0.000001,,,,,,,,
437700,1431.7,0.000001,,,,,,,,
437800,1432.0,0.000001,,,,,,,,
437900,1432.3,0.000001,,,,,,,,
438000,1432.6,0.000003,,,,,,,,
438100,1432.9,0.000003,,,,,,,,
438200,1433.2,0.000001,,,,,,,,
438300,1433.5,0.000001,,,,,,,,
438400,1433.8,0.000002,,,,,,,,
438500,1434.1,0.000002,,,,,,,,
438600,1434.4,0.000006,,,,,,,,
438700,1434.8,0.000005,,,,,,,,
438800,1435.1,0.000002,,,,,,,,
438900,1435.4,0.000002,,,,,,,,
439000,1435.7,0.000002,,,,,,,,
439100,1436.0,0.000002,,,,,,,,
439200,1436.3,0.000002,,,,,,,,
439300,1436.7,0.000001,,,,,,,,
439400,1437.0,0.000002,,,,,,,,
439500,1437.3,0.000004,,,,,,,,
439600,1437.6,0.000007,,,,,,,,
439700,1437.9,0.000004,,,,,,,,
439800,1438.3,0.000002,,,,,,,,
439900,1438.6,0.000003,,,,,,,,
440000,1440.0,0.000003,0.000003,1.975884e-01,8.573487e-03,7.598118e-03,0.000000,1.589182e-01,8.363781e-03,7.519108e-03
440100,1440.2,0.000001,,,,,,,,
440200,1440.5,0.000003,,,,,,,,
440300,1440.8,0.000004,,,,,,,,
440400,1441.2,0.000002,,,,,,,,
440500,1441.5,0.000001,,,,,,,,
440600,1441.8,0.000002,,,,,,,,
440700,1442.1,0.000007,,,,,,,,
440800,1442.4,0.000004,,,,,,,,
440900,1442.8,0.000001,,,,,,,,
441000,1443.1,0.000010,,,,,,,,
441100,1443.4,0.000001,,,,,,,,
441200,1443.7,0.000002,,,,,,,,
441300,1444.0,0.000002,,,,,,,,
441400,1444.3,0.000001,,,,,,,,
441500,1444.6,0.000001,,,,,,,,
441600,1445.0,0.000002,,,,,,,,
441700,1445.3,0.000002,,,,,,,,
441800,1445.6,0.000002,,,,,,,,
441900,1445.9,0.000001,,,,,,,,
442000,1446.2,0.000001,,,,,,,,
442100,1446.5,0.000002,,,,,,,,
442200,1446.8,0.000005,,,,,,,,
442300,1447.2,0.000001,,,,,,,,
442400,1447.5,0.000004,,,,,,,,
442500,1447.8,0.000003,,,,,,,,
442600,1448.1,0.000001,,,,,,,,
442700,1448.4,0.000002,,,,,,,,
442800,1448.7,0.000002,,,,,,,,
442900,1449.1,0.000001,,,,,,,,
443000,1449.4,0.000001,,,,,,,,
443100,1449.7,0.000011,,,,,,,,
443200,1450.0,0.000002,,,,,,,,
443300,1450.3,0.000001,,,,,,,,
443400,1450.6,0.000006,,,,,,,,
443500,1451.0,0.000002,,,,,,,,
443600,1451.3,0.000003,,,,,,,,
443700,1451.6,0.000002,,,,,,,,
443800,1451.9,0.000001,,,,,,,,
443900,1452.3,0.000003,,,,,,,,
444000,1452.6,0.000001,,,,,,,,
444100,1452.9,0.000002,,,,,,,,
444200,1453.2,0.000002,,,,,,,,
444300,1453.5,0.000004,,,,,,,,
444400,1453.9,0.000004,,,,,,,,
444500,1454.2,0.000001,,,,,,,,
444600,1454.5,0.000002,,,,,,,,
444700,1454.8,0.000002,,,,,,,,
444800,1455.1,0.000002,,,,,,,,
444900,1455.4,0.000003,,,,,,,,
445000,1456.9,0.000003,0.000002,1.407936e-01,5.936196e-03,4.636770e-03,0.000000,1.081903e-01,5.692817e-03,4.634230e-03
445100,1457.1,0.000001,,,,,,,,
445200,1457.4,0.000001,,,,,,,,
445300,1457.8,0.000002,,,,,,,,
445400,1458.1,0.000002,,,,,,,,
445500,1458.4,0.000001,,,,,,,,
445600,1458.7,0.000002,,,,,,,,
445700,1459.0,0.000002,,,,,,,,
445800,1459.4,0.000001,,,,,,,,
445900,1459.7,0.000001,,,,,,,,
446000,1460.0,0.000002,,,,,,,,
446100,1460.3,0.000002,,,,,,,,
446200,1460.7,0.000001,,,,,,,,
446300,1461.0,0.000002,,,,,,,,
446400,1461.3,0.000002,,,,,,,,
446500,1461.6,0.000001,,,,,,,,
446600,1461.9,0.000003,,,,,,,,
446700,1462.2,0.000005,,,,,,,,
446800,1462.5,0.000003,,,,,,,,
446900,1462.9,0.000001,,,,,,,,
447000,1463.2,0.000001,,,,,,,,
447100,1463.5,0.000002,,,,,,,,
447200,1463.8,0.000003,,,,,,,,
447300,1464.1,0.000001,,,,,,,,
447400,1464.4,0.000001,,,,,,,,
447500,1464.8,0.000001,,,,,,,,
447600,1465.1,0.000001,,,,,,,,
447700,1465.4,0.000001,,,,,,,,
447800,1465.7,0.000001,,,,,,,,
447900,1466.0,0.000001,,,,,,,,
448000,1466.3,0.000001,,,,,,,,
448100,1466.7,0.000001,,,,,,,,
448200,1467.0,0.000002,,,,,,,,
448300,1467.3,0.000003,,,,,,,,
448400,1467.6,0.000002,,,,,,,,
448500,1467.9,0.000001,,,,,,,,
448600,1468.3,0.000001,,,,,,,,
448700,1468.6,0.000002,,,,,,,,
448800,1468.9,0.000002,,,,,,,,
448900,1469.2,0.000001,,,,,,,,
449000,1469.5,0.000001,,,,,,,,
449100,1469.8,0.000001,,,,,,,,
449200,1470.1,0.000002,,,,,,,,
449300,1470.5,0.000001,,,,,,,,
449400,1470.8,0.000003,,,,,,,,
449500,1471.1,0.000005,,,,,,,,
449600,1471.4,0.000003,,,,,,,,
449700,1471.7,0.000001,,,,,,,,
449800,1472.0,0.000002,,,,,,,,
449900,1472.4,0.000001,,,,,,,,
450000,1473.8,0.000001,0.000001,1.440536e-01,4.686200e-03,3.665081e-03,0.000000,1.096912e-01,4.565978e-03,3.650759e-03
450100,1474.0,0.000003,,,,,,,,
450200,1474.3,0.000001,,,,,,,,
450300,1474.7,0.000001,,,,,,,,
450400,1475.0,0.000004,,,,,,,,
450500,1475.3,0.000001,,,,,,,,
450600,1475.6,0.000002,,,,,,,,
450700,1475.9,0.000001,,,,,,,,
450800,1476.2,0.000001,,,,,,,,
450900,1476.5,0.000008,,,,,,,,
451000,1476.8,0.000003,,,,,,,,
451100,1477.2,0.000001,,,,,,,,
451200,1477.5,0.000001,,,,,,,,
451300,1477.8,0.000003,,,,,,,,
451400,1478.1,0.000001,,,,,,,,
451500,1478.4,0.000001,,,,,,,,
451600,1478.7,0.000003,,,,,,,,
451700,1479.0,0.000001,,,,,,,,
451800,1479.4,0.000001,,,,,,,,
451900,1479.7,0.000002,,,,,,,,
452000,1480.0,0.000003,,,,,,,,
452100,1480.3,0.000001,,,,,,,,
452200,1480.6,0.000003,,,,,,,,
452300,1481.0,0.000002,,,,,,,,
452400,1481.3,0.000003,,,,,,,,
452500,1481.6,0.000001,,,,,,,,
452600,1481.9,0.000001,,,,,,,,
452700,1482.2,0.000002,,,,,,,,
452800,1482.5,0.000010,,,,,,,,
452900,1482.9,0.000002,,,,,,,,
453000,1483.2,0.000002,,,,,,,,
453100,1483.5,0.000002,,,,,,,,
453200,1483.8,0.000002,,,,,,,,
453300,1484.1,0.000002,,,,,,,,
453400,1484.4,0.000002,,,,,,,,
453500,1484.8,0.000001,,,,,,,,
453600,1485.1,0.000001,,,,,,,,
453700,1485.4,0.000001,,,,,,,,
453800,1485.7,0.000002,,,,,,,,
453900,1486.0,0.000001,,,,,,,,
454000,1486.4,0.000002,,,,,,,,
454100,1486.7,0.000001,,,,,,,,
454200,1487.0,0.000001,,,,,,,,
454300,1487.3,0.000001,,,,,,,,
454400,1487.7,0.000001,,,,,,,,
454500,1488.0,0.000001,,,,,,,,
454600,1488.3,0.000002,,,,,,,,
454700,1488.6,0.000002,,,,,,,,
454800,1488.9,0.000001,,,,,,,,
454900,1489.3,0.000001,,,,,,,,
455000,1490.7,0.000001,0.000001,1.031102e-01,5.911668e-03,5.201926e-03,0.000000,7.187034e-02,5.758288e-03,5.106939e-03
455100,1490.9,0.000002,,,,,,,,
455200,1491.2,0.000002,,,,,,,,
455300,1491.5,0.000001,,,,,,,,
455400,1491.9,0.000002,,,,,,,,
455500,1492.2,0.000002,,,,,,,,
455600,1492.5,0.000001,,,,,,,,
455700,1492.8,0.000004,,,,,,,,
455800,1493.1,0.000001,,,,,,,,
455900,1493.4,0.000003,,,,,,,,
456000,1493.7,0.000002,,,,,,,,
456100,1494.1,0.000001,,,,,,,,
456200,1494.4,0.000004,,,,,,,,
456300,1494.7,0.000002,,,,,,,,
456400,1495.0,0.000001,,,,,,,,
456500,1495.3,0.000005,,,,,,,,
456600,1495.6,0.000001,,,,,,,,
456700,1495.9,0.000001,,,,,,,,
456800,1496.2,0.000003,,,,,,,,
456900,1496.6,0.000002,,,,,,,,
457000,1496.9,0.000001,,,,,,,,
457100,1497.2,0.000003,,,,,,,,
457200,1497.5,0.000004,,,,,,,,
457300,1497.8,0.000001,,,,,,,,
457400,1498.1,0.000002,,,,,,,,
457500,1498.5,0.000001,,,,,,,,
457600,1498.8,0.000004,,,,,,,,
457700,1499.1,0.000002,,,,,,,,
457800,1499.4,0.000001,,,,,,,,
457900,1499.7,0.000001,,,,,,,,
458000,1500.1,0.000003,,,,,,,,
458100,1500.4,0.000002,,,,,,,,
458200,1500.7,0.000002,,,,,,,,
458300,1501.0,0.000001,,,,,,,,
458400,1501.3,0.000001,,,,,,,,
458500,1501.7,0.000003,,,,,,,,
458600,1502.0,0.000001,,,,,,,,
458700,1502.3,0.000003,,,,,,,,
458800,1502.6,0.000001,,,,,,,,
458900,1502.9,0.000001,,,,,,,,
459000,1503.2,0.000001,,,,,,,,
459100,1503.6,0.000004,,,,,,,,
459200,1503.9,0.000002,,,,,,,,
459300,1504.2,0.000001,,,,,,,,
459400,1504.5,0.000002,,,,,,,,
459500,1504.8,0.000001,,,,,,,,
459600,1505.2,0.000002,,,,,,,,
459700,1505.5,0.000001,,,,,,,,
459800,1505.8,0.000003,,,,,,,,
459900,1506.1,0.000001,,,,,,,,
460000,1507.6,0.000001,0.000005,1.017600e-01,1.170289e-02,1.125044e-02,0.000000,7.460334e-02,1.163511e-02,1.136518e-02
460100,1507.8,0.000002,,,,,,,,
460200,1508.1,0.000004,,,,,,,,
460300,1508.4,0.000002,,,,,,,,
460400,1508.7,0.000002,,,,,,,,
460500,1509.0,0.000003,,,,,,,,
460600,1509.4,0.000001,,,,,,,,
460700,1509.7,0.000002,,,,,,,,
460800,1510.0,0.000003,,,,,,,,
460900,1510.3,0.000001,,,,,,,,
461000,1510.6,0.000003,,,,,,,,
461100,1510.9,0.000004,,,,,,,,
461200,1511.2,0.000001,,,,,,,,
461300,1511.5,0.000002,,,,,,,,
461400,1511.8,0.000002,,,,,,,,
461500,1512.1,0.000001,,,,,,,,
461600,1512.4,0.000003,,,,,,,,
461700,1512.7,0.000001,,,,,,,,
461800,1513.1,0.000001,,,,,,,,
461900,1513.4,0.000001,,,,,,,,
462000,1513.7,0.000001,,,,,,,,
462100,1514.0,0.000002,,,,,,,,
462200,1514.3,0.000002,,,,,,,,
462300,1514.7,0.000001,,,,,,,,
462400,1515.0,0.000002,,,,,,,,
462500,1515.3,0.000002,,,,,,,,
462600,1515.6,0.000004,,,,,,,,
462700,1516.0,0.000002,,,,,,,,
462800,1516.3,0.000003,,,,,,,,
462900,1516.6,0.000002,,,,,,,,
463000,1516.9,0.000002,,,,,,,,
463100,1517.2,0.000005,,,,,,,,
463200,1517.6,0.000001,,,,,,,,
463300,1517.9,0.000002,,,,,,,,
463400,1518.2,0.000001,,,,,,,,
463500,1518.5,0.000002,,,,,,,,
463600,1518.8,0.000003,,,,,,,,
463700,1519.2,0.000001,,,,,,,,
463800,1519.5,0.000002,,,,,,,,
463900,1519.8,0.000005,,,,,,,,
464000,1520.1,0.000002,,,,,,,,
464100,1520.4,0.000001,,,,,,,,
464200,1520.8,0.000001,,,,,,,,
464300,1521.1,0.000001,,,,,,,,
464400,1521.4,0.000007,,,,,,,,
464500,1521.7,0.000001,,,,,,,,
464600,1522.0,0.000001,,,,,,,,
464700,1522.4,0.000004,,,,,,,,
464800,1522.7,0.000001,,,,,,,,
464900,1523.0,0.000001,,,,,,,,
465000,1524.5,0.000001,0.000001,1.085923e-01,4.531132e-03,3.505007e-03,0.000000,6.388396e-02,4.399064e-03,3.445945e-03
465100,1524.7,0.000002,,,,,,,,
465200,1525.0,0.000001,,,,,,,,
465300,1525.3,0.000001,,,,,,,,
465400,1525.6,0.000004,,,,,,,,
465500,1525.9,0.000002,,,,,,,,
465600,1526.2,0.000001,,,,,,,,
465700,1526.6,0.000001,,,,,,,,
465800,1526.9,0.000001,,,,,,,,
465900,1527.2,0.000003,,,,,,,,
466000,1527.5,0.000002,,,,,,,,
466100,1527.8,0.000001,,,,,,,,
466200,1528.1,0.000004,,,,,,,,
466300,1528.4,0.000003,,,,,,,,
466400,1528.7,0.000001,,,,,,,,
466500,1529.0,0.000001,,,,,,,,
466600,1529.4,0.000001,,,,,,,,
466700,1529.7,0.000001,,,,,,,,
466800,1530.0,0.000002,,,,,,,,
466900,1530.3,0.000001,,,,,,,,
467000,1530.6,0.000008,,,,,,,,
467100,1530.9,0.000002,,,,,,,,
467200,1531.3,0.000002,,,,,,,,
467300,1531.6,0.000001,,,,,,,,
467400,1531.9,0.000003,,,,,,,,
467500,1532.2,0.000001,,,,,,,,
467600,1532.5,0.000001,,,,,,,,
467700,1532.9,0.000001,,,,,,,,
467800,1533.2,0.000002,,,,,,,,
467900,1533.5,0.000002,,,,,,,,
468000,1533.8,0.000002,,,,,,,,
468100,1534.1,0.000001,,,,,,,,
468200,1534.5,0.000007,,,,,,,,
468300,1534.8,0.000001,,,,,,,,
468400,1535.1,0.000004,,,,,,,,
468500,1535.4,0.000005,,,,,,,,
468600,1535.7,0.000001,,,,,,,,
468700,1536.0,0.000002,,,,,,,,
468800,1536.3,0.000001,,,,,,,,
468900,1536.7,0.000002,,,,,,,,
469000,1537.0,0.000002,,,,,,,,
469100,1537.3,0.000001,,,,,,,,
469200,1537.6,0.000001,,,,,,,,
469300,1537.9,0.000001,,,,,,,,
469400,1538.3,0.000001,,,,,,,,
469500,1538.6,0.000002,,,,,,,,
469600,1538.9,0.000001,,,,,,,,
469700,1539.2,0.000003,,,,,,,,
469800,1539.6,0.000007,,,,,,,,
469900,1539.9,0.000002,,,,,,,,
470000,1541.3,0.000003,0.000001,9.676044e-02,4.515086e-03,3.395289e-03,0.000000,6.259037e-02,4.429104e-03,3.398698e-03
470100,1541.6,0.000001,,,,,,,,
470200,1541.9,0.000002,,,,,,,,
470300,1542.2,0.000001,,,,,,,,
470400,1542.5,0.000001,,,,,,,,
470500,1542.8,0.000001,,,,,,,,
470600,1543.1,0.000002,,,,,,,,
470700,1543.4,0.000002,,,,,,,,
470800,1543.8,0.000001,,,,,,,,
470900,1544.1,0.000002,,,,,,,,
471000,1544.4,0.000003,,,,,,,,
471100,1544.7,0.000002,,,,,,,,
471200,1545.0,0.000001,,,,,,,,
471300,1545.3,0.000001,,,,,,,,
471400,1545.6,0.000002,,,,,,,,
471500,1545.9,0.000001,,,,,,,,
471600,1546.2,0.000001,,,,,,,,
471700,1546.6,0.000001,,,,,,,,
471800,1546.9,0.000002,,,,,,,,
471900,1547.2,0.000003,,,,,,,,
472000,1547.5,0.000002,,,,,,,,
472100,1547.8,0.000001,,,,,,,,
472200,1548.2,0.000003,,,,,,,,
472300,1548.5,0.000002,,,,,,,,
472400,1548.8,0.000002,,,,,,,,
472500,1549.1,0.000004,,,,,,,,
472600,1549.4,0.000002,,,,,,,,
472700,1549.7,0.000003,,,,,,,,
472800,1550.1,0.000002,,,,,,,,
472900,1550.4,0.000002,,,,,,,,
473000,1550.7,0.000001,,,,,,,,
473100,1551.0,0.000001,,,,,,,,
473200,1551.3,0.000001,,,,,,,,
473300,1551.6,0.000001,,,,,,,,
473400,1552.0,0.000001,,,,,,,,
473500,1552.3,0.000002,,,,,,,,
473600,1552.6,0.000001,,,,,,,,
473700,1552.9,0.000001,,,,,,,,
473800,1553.2,0.000002,,,,,,,,
473900,1553.5,0.000001,,,,,,,,
474000,1553.8,0.000001,,,,,,,,
474100,1554.2,0.000001,,,,,,,,
474200,1554.5,0.000001,,,,,,,,
474300,1554.8,0.000001,,,,,,,,
474400,1555.1,0.000001,,,,,,,,
474500,1555.4,0.000004,,,,,,,,
474600,1555.8,0.000002,,,,,,,,
474700,1556.1,0.000001,,,,,,,,
474800,1556.4,0.000001,,,,,,,,
474900,1556.7,0.000001,,,,,,,,
475000,1558.2,0.000003,0.000003,9.538524e-02,8.669528e-03,8.187906e-03,0.000000,6.688572e-02,8.570205e-03,8.181545e-03
475100,1558.4,0.000001,,,,,,,,
475200,1558.7,0.000002,,,,,,,,
475300,1559.0,0.000003,,,,,,,,
475400,1559.3,0.000001,,,,,,,,
475500,1559.6,0.000003,,,,,,,,
475600,1559.9,0.000001,,,,,,,,
475700,1560.2,0.000001,,,,,,,,
475800,1560.6,0.000001,,,,,,,,
475900,1560.9,0.000001,,,,,,,,
476000,1561.2,0.000001,,,,,,,,
476100,1561.5,0.000003,,,,,,,,
476200,1561.8,0.000001,,,,,,,,
476300,1562.2,0.000002,,,,,,,,
476400,1562.5,0.000002,,,,,,,,
476500,1562.8,0.000002,,,,,,,,
476600,1563.1,0.000005,,,,,,,,
476700,1563.4,0.000001,,,,,,,,
476800,1563.7,0.000001,,,,,,,,
476900,1564.1,0.000001,,,,,,,,
477000,1564.4,0.000001,,,,,,,,
477100,1564.7,0.000001,,,,,,,,
477200,1565.0,0.000002,,,,,,,,
477300,1565.3,0.000001,,,,,,,,
477400,1565.6,0.000002,,,,,,,,
477500,1566.0,0.000002,,,,,,,,
477600,1566.3,0.000001,,,,,,,,
477700,1566.6,0.000003,,,,,,,,
477800,1566.9,0.000001,,,,,,,,
477900,1567.3,0.000001,,,,,,,,
478000,1567.6,0.000001,,,,,,,,
478100,1567.9,0.000001,,,,,,,,
478200,1568.2,0.000003,,,,,,,,
478300,1568.5,0.000003,,,,,,,,
478400,1568.9,0.000001,,,,,,,,
478500,1569.2,0.000001,,,,,,,,
478600,1569.5,0.000002,,,,,,,,
478700,1569.8,0.000001,,,,,,,,
478800,1570.1,0.000001,,,,,,,,
478900,1570.5,0.000003,,,,,,,,
479000,1570.8,0.000001,,,,,,,,
479100,1571.1,0.000001,,,,,,,,
479200,1571.4,0.000005,,,,,,,,
479300,1571.7,0.000001,,,,,,,,
479400,1572.1,0.000004,,,,,,,,
479500,1572.4,0.000001,,,,,,,,
479600,1572.7,0.000001,,,,,,,,
479700,1573.0,0.000003,,,,,,,,
479800,1573.3,0.000001,,,,,,,,
479900,1573.7,0.000001,,,,,,,,
480000,1575.1,0.000001,0.000001,1.398556e-01,4.539638e-03,3.436423e-03,0.000000,7.342007e-02,4.396102e-03,3.414741e-03
480100,1575.3,0.000001,,,,,,,,
480200,1575.7,0.000002,,,,,,,,
480300,1576.0,0.000002,,,,,,,,
480400,1576.3,0.000002,,,,,,,,
480500,1576.6,0.000003,,,,,,,,
480600,1576.9,0.000003,,,,,,,,
480700,1577.2,0.000001,,,,,,,,
480800,1577.5,0.000004,,,,,,,,
480900,1577.9,0.000001,,,,,,,,
481000,1578.2,0.000003,,,,,,,,
481100,1578.5,0.000002,,,,,,,,
481200,1578.8,0.000002,,,,,,,,
481300,1579.1,0.000004,,,,,,,,
481400,1579.4,0.000003,,,,,,,,
481500,1579.8,0.000001,,,,,,,,
481600,1580.1,0.000001,,,,,,,,
481700,1580.4,0.000002,,,,,,,,
481800,1580.7,0.000002,,,,,,,,
481900,1581.1,0.000001,,,,,,,,
482000,1581.4,0.000002,,,,,,,,
482100,1581.7,0.000001,,,,,,,,
482200,1582.0,0.000005,,,,,,,,
482300,1582.3,0.000001,,,,,,,,
482400,1582.7,0.000001,,,,,,,,
482500,1583.0,0.000001,,,,,,,,
482600,1583.3,0.000001,,,,,,,,
482700,1583.6,0.000001,,,,,,,,
482800,1583.9,0.000003,,,,,,,,
482900,1584.2,0.000001,,,,,,,,
483000,1584.5,0.000001,,,,,,,,
483100,1584.9,0.000001,,,,,,,,
483200,1585.2,0.000004,,,,,,,,
483300,1585.5,0.000001,,,,,,,,
483400,1585.8,0.000003,,,,,,,,
483500,1586.1,0.000001,,,,,,,,
483600,1586.5,0.000001,,,,,,,,
483700,1586.8,0.000001,,,,,,,,
483800,1587.1,0.000002,,,,,,,,
483900,1587.4,0.000001,,,,,,,,
484000,1587.8,0.000002,,,,,,,,
484100,1588.1,0.000002,,,,,,,,
484200,1588.4,0.000002,,,,,,,,
484300,1588.7,0.000002,,,,,,,,
484400,1589.0,0.000001,,,,,,,,
484500,1589.3,0.000001,,,,,,,,
484600,1589.7,0.000004,,,,,,,,
484700,1590.0,0.000001,,,,,,,,
484800,1590.3,0.000001,,,,,,,,
484900,1590.6,0.000001,,,,,,,,
485000,1592.0,0.000001,0.000001,1.425387e-01,5.134295e-03,3.732767e-03,0.000000,1.057463e-01,5.130704e-03,3.775057e-03
485100,1592.3,0.000001,,,,,,,,
485200,1592.6,0.000002,,,,,,,,
485300,1592.9,0.000006,,,,,,,,
485400,1593.2,0.000001,,,,,,,,
485500,1593.5,0.000001,,,,,,,,
485600,1593.8,0.000003,,,,,,,,
485700,1594.2,0.000002,,,,,,,,
485800,1594.5,0.000003,,,,,,,,
485900,1594.8,0.000004,,,,,,,,
486000,1595.1,0.000001,,,,,,,,
486100,1595.4,0.000001,,,,,,,,
486200,1595.8,0.000001,,,,,,,,
486300,1596.1,0.000002,,,,,,,,
486400,1596.4,0.000002,,,,,,,,
486500,1596.7,0.000001,,,,,,,,
486600,1597.0,0.000001,,,,,,,,
486700,1597.4,0.000002,,,,,,,,
486800,1597.7,0.000001,,,,,,,,
486900,1598.0,0.000003,,,,,,,,
487000,1598.3,0.000002,,,,,,,,
487100,1598.6,0.000002,,,,,,,,
487200,1599.0,0.000001,,,,,,,,
487300,1599.3,0.000001,,,,,,,,
487400,1599.6,0.000001,,,,,,,,
487500,1599.9,0.000002,,,,,,,,
487600,1600.2,0.000002,,,,,,,,
487700,1600.5,0.000002,,,,,,,,
487800,1600.8,0.000001,,,,,,,,
487900,1601.1,0.000001,,,,,,,,
488000,1601.4,0.000001,,,,,,,,
488100,1601.8,0.000001,,,,,,,,
488200,1602.1,0.000002,,,,,,,,
488300,1602.4,0.000001,,,,,,,,
488400,1602.7,0.000008,,,,,,,,
488500,1603.0,0.000001,,,,,,,,
488600,1603.3,0.000002,,,,,,,,
488700,1603.7,0.000001,,,,,,,,
488800,1604.0,0.000001,,,,,,,,
488900,1604.3,0.000001,,,,,,,,
489000,1604.6,0.000002,,,,,,,,
489100,1605.0,0.000001,,,,,,,,
489200,1605.3,0.000002,,,,,,,,
489300,1605.6,0.000002,,,,,,,,
489400,1605.9,0.000001,,,,,,,,
489500,1606.2,0.000001,,,,,,,,
489600,1606.5,0.000002,,,,,,,,
489700,1606.8,0.000001,,,,,,,,
489800,1607.1,0.000001,,,,,,,,
489900,1607.4,0.000002,,,,,,,,
490000,1608.9,0.000001,0.000002,9.485380e-02,7.568359e-03,6.802885e-03,0.000000,6.719423e-02,7.439829e-03,6.747954e-03
490100,1609.1,0.000002,,,,,,,,
490200,1609.4,0.000002,,,,,,,,
490300,1609.7,0.000001,,,,,,,,
490400,1610.1,0.000002,,,,,,,,
490500,1610.4,0.000001,,,,,,,,
490600,1610.7,0.000001,,,,,,,,
490700,1611.0,0.000001,,,,,,,,
490800,1611.3,0.000001,,,,,,,,
490900,1611.7,0.000012,,,,,,,,
491000,1612.0,0.000002,,,,,,,,
491100,1612.3,0.000002,,,,,,,,
491200,1612.6,0.000001,,,,,,,,
491300,1612.9,0.000001,,,,,,,,
491400,1613.2,0.000002,,,,,,,,
491500,1613.6,0.000001,,,,,,,,
491600,1613.9,0.000002,,,,,,,,
491700,1614.2,0.000001,,,,,,,,
491800,1614.5,0.000001,,,,,,,,
491900,1614.8,0.000001,,,,,,,,
492000,1615.2,0.000001,,,,,,,,
492100,1615.5,0.000001,,,,,,,,
492200,1615.8,0.000001,,,,,,,,
492300,1616.1,0.000001,,,,,,,,
492400,1616.4,0.000001,,,,,,,,
492500,1616.8,0.000002,,,,,,,,
492600,1617.1,0.000001,,,,,,,,
492700,1617.4,0.000002,,,,,,,,
492800,1617.7,0.000001,,,,,,,,
492900,1618.1,0.000003,,,,,,,,
493000,1618.4,0.000001,,,,,,,,
493100,1618.7,0.000002,,,,,,,,
493200,1619.0,0.000002,,,,,,,,
493300,1619.3,0.000003,,,,,,,,
493400,1619.7,0.000001,,,,,,,,
493500,1620.0,0.000004,,,,,,,,
493600,1620.3,0.000002,,,,,,,,
493700,1620.6,0.000001,,,,,,,,
493800,1620.9,0.000001,,,,,,,,
493900,1621.3,0.000001,,,,,,,,
494000,1621.6,0.000002,,,,,,,,
494100,1621.9,0.000001,,,,,,,,
494200,1622.2,0.000004,,,,,,,,
494300,1622.5,0.000001,,,,,,,,
494400,1622.8,0.000003,,,,,,,,
494500,1623.2,0.000002,,,,,,,,
494600,1623.5,0.000002,,,,,,,,
494700,1623.8,0.000003,,,,,,,,
494800,1624.1,0.000002,,,,,,,,
494900,1624.4,0.000001,,,,,,,,
495000,1625.9,0.000001,0.000001,1.545161e-01,5.161827e-03,4.139180e-03,0.000000,1.038454e-01,5.076107e-03,4.192160e-03
495100,1626.1,0.000004,,,,,,,,
495200,1626.5,0.000001,,,,,,,,
495300,1626.8,0.000001,,,,,,,,
495400,1627.1,0.000002,,,,,,,,
495500,1627.4,0.000003,,,,,,,,
495600,1627.8,0.000002,,,,,,,,
495700,1628.1,0.000001,,,,,,,,
495800,1628.4,0.000002,,,,,,,,
495900,1628.7,0.000002,,,,,,,,
496000,1629.0,0.000002,,,,,,,,
496100,1629.3,0.000001,,,,,,,,
496200,1629.6,0.000001,,,,,,,,
496300,1630.0,0.000002,,,,,,,,
496400,1630.3,0.000003,,,,,,,,
496500,1630.6,0.000001,,,,,,,,
496600,1630.9,0.000002,,,,,,,,
496700,1631.2,0.000001,,,,,,,,
496800,1631.5,0.000001,,,,,,,,
496900,1631.9,0.000002,,,,,,,,
497000,1632.2,0.000001,,,,,,,,
497100,1632.5,0.000001,,,,,,,,
497200,1632.8,0.000001,,,,,,,,
497300,1633.1,0.000001,,,,,,,,
497400,1633.4,0.000002,,,,,,,,
497500,1633.8,0.000002,,,,,,,,
497600,1634.1,0.000001,,,,,,,,
497700,1634.4,0.000007,,,,,,,,
497800,1634.7,0.000001,,,,,,,,
497900,1635.0,0.000001,,,,,,,,
498000,1635.4,0.000002,,,,,,,,
498100,1635.7,0.000001,,,,,,,,
498200,1636.0,0.000001,,,,,,,,
498300,1636.3,0.000001,,,,,,,,
498400,1636.6,0.000001,,,,,,,,
498500,1636.9,0.000002,,,,,,,,
498600,1637.3,0.000001,,,,,,,,
498700,1637.6,0.000001,,,,,,,,
498800,1637.9,0.000001,,,,,,,,
498900,1638.2,0.000001,,,,,,,,
499000,1638.5,0.000001,,,,,,,,
499100,1638.9,0.000004,,,,,,,,
499200,1639.2,0.000001,,,,,,,,
499300,1639.5,0.000002,,,,,,,,
499400,1639.8,0.000001,,,,,,,,
499500,1640.1,0.000002,,,,,,,,
499600,1640.4,0.000001,,,,,,,,
499700,1640.8,0.000006,,,,,,,,
499800,1641.1,0.000005,,,,,,,,
499900,1641.4,0.000002,,,,,,,,
500000,1642.9,0.000001,0.000002,1.181006e-01,7.389869e-03,6.126250e-03,0.000000,7.916690e-02,7.391753e-03,6.195237e-03
500100,1643.1,0.000001,,,,,,,,
500200,1643.4,0.000002,,,,,,,,
500300,1643.7,0.000003,,,,,,,,
500400,1644.0,0.000002,,,,,,,,
500500,1644.3,0.000002,,,,,,,,
500600,1644.6,0.000001,,,,,,,,
500700,1645.0,0.000003,,,,,,,,
500800,1645.3,0.000002,,,,,,,,
500900,1645.6,0.000002,,,,,,,,
501000,1645.9,0.000001,,,,,,,,
501100,1646.2,0.000001,,,,,,,,
501200,1646.6,0.000002,,,,,,,,
501300,1646.9,0.000001,,,,,,,,
501400,1647.2,0.000001,,,,,,,,
501500,1647.5,0.000001,,,,,,,,
501600,1647.9,0.000001,,,,,,,,
501700,1648.2,0.000001,,,,,,,,
501800,1648.5,0.000002,,,,,,,,
501900,1648.8,0.000001,,,,,,,,
502000,1649.1,0.000001,,,,,,,,
502100,1649.4,0.000002,,,,,,,,
502200,1649.8,0.000001,,,,,,,,
502300,1650.1,0.000002,,,,,,,,
502400,1650.4,0.000001,,,,,,,,
502500,1650.7,0.000002,,,,,,,,
502600,1651.0,0.000001,,,,,,,,
502700,1651.3,0.000002,,,,,,,,
502800,1651.6,0.000002,,,,,,,,
502900,1652.0,0.000001,,,,,,,,
503000,1652.3,0.000008,,,,,,,,
503100,1652.6,0.000001,,,,,,,,
503200,1652.9,0.000002,,,,,,,,
503300,1653.3,0.000003,,,,,,,,
503400,1653.6,0.000001,,,,,,,,
503500,1653.9,0.000002,,,,,,,,
503600,1654.2,0.000001,,,,,,,,
503700,1654.5,0.000001,,,,,,,,
503800,1654.9,0.000002,,,,,,,,
503900,1655.2,0.000001,,,,,,,,
504000,1655.5,0.000002,,,,,,,,
504100,1655.8,0.000009,,,,,,,,
504200,1656.1,0.000001,,,,,,,,
504300,1656.5,0.000001,,,,,,,,
504400,1656.8,0.000001,,,,,,,,
504500,1657.1,0.000001,,,,,,,,
504600,1657.4,0.000001,,,,,,,,
504700,1657.7,0.000002,,,,,,,,
504800,1658.1,0.000001,,,,,,,,
504900,1658.4,0.000001,,,,,,,,
505000,1659.8,0.000002,0.000001,9.982277e-02,5.602530e-03,4.665121e-03,0.000000,6.402660e-02,5.490198e-03,4.670087e-03
505100,1660.0,0.000001,,,,,,,,
505200,1660.4,0.000001,,,,,,,,
505300,1660.7,0.000001,,,,,,,,
505400,1661.0,0.000001,,,,,,,,
505500,1661.3,0.000001,,,,,,,,
505600,1661.6,0.000003,,,,,,,,
505700,1662.0,0.000001,,,,,,,,
505800,1662.3,0.000001,,,,,,,,
505900,1662.6,0.000005,,,,,,,,
506000,1662.9,0.000002,,,,,,,,
506100,1663.2,0.000001,,,,,,,,
506200,1663.5,0.000001,,,,,,,,
506300,1663.8,0.000001,,,,,,,,
506400,1664.2,0.000002,,,,,,,,
506500,1664.5,0.000001,,,,,,,,
506600,1664.8,0.000001,,,,,,,,
506700,1665.1,0.000002,,,,,,,,
506800,1665.4,0.000001,,,,,,,,
506900,1665.8,0.000002,,,,,,,,
507000,1666.1,0.000002,,,,,,,,
507100,1666.4,0.000001,,,,,,,,
507200,1666.7,0.000002,,,,,,,,
507300,1667.1,0.000002,,,,,,,,
507400,1667.4,0.000001,,,,,,,,
507500,1667.7,0.000000,,,,,,,,
507600,1668.0,0.000002,,,,,,,,
507700,1668.3,0.000001,,,,,,,,
507800,1668.6,0.000001,,,,,,,,
507900,1669.0,0.000001,,,,,,,,
508000,1669.3,0.000002,,,,,,,,
508100,1669.6,0.000002,,,,,,,,
508200,1669.9,0.000004,,,,,,,,
508300,1670.2,0.000002,,,,,,,,
508400,1670.6,0.000001,,,,,,,,
508500,1670.9,0.000000,,,,,,,,
508600,1671.2,0.000008,,,,,,,,
508700,1671.5,0.000002,,,,,,,,
508800,1671.8,0.000001,,,,,,,,
508900,1672.1,0.000001,,,,,,,,
509000,1672.5,0.000001,,,,,,,,
509100,1672.8,0.000002,,,,,,,,
509200,1673.1,0.000001,,,,,,,,
509300,1673.4,0.000001,,,,,,,,
509400,1673.7,0.000001,,,,,,,,
509500,1674.0,0.000001,,,,,,,,
509600,1674.3,0.000001,,,,,,,,
509700,1674.7,0.000001,,,,,,,,
509800,1675.0,0.000001,,,,,,,,
509900,1675.2,0.000001,,,,,,,,
510000,1676.7,0.000001,0.000001,1.420106e-01,4.198350e-03,3.209182e-03,0.000000,1.044839e-01,4.143419e-03,3.207138e-03
510100,1676.9,0.000001,,,,,,,,
510200,1677.2,0.000004,,,,,,,,
510300,1677.5,0.000001,,,,,,,,
510400,1677.9,0.000001,,,,,,,,
510500,1678.2,0.000001,,,,,,,,
510600,1678.5,0.000005,,,,,,,,
510700,1678.8,0.000001,,,,,,,,
510800,1679.1,0.000001,,,,,,,,
510900,1679.4,0.000001,,,,,,,,
511000,1679.7,0.000005,,,,,,,,
511100,1680.0,0.000002,,,,,,,,
511200,1680.3,0.000001,,,,,,,,
511300,1680.7,0.000001,,,,,,,,
511400,1681.0,0.000002,,,,,,,,
511500,1681.3,0.000001,,,,,,,,
511600,1681.6,0.000001,,,,,,,,
511700,1681.9,0.000001,,,,,,,,
511800,1682.2,0.000002,,,,,,,,
511900,1682.6,0.000001,,,,,,,,
512000,1682.9,0.000001,,,,,,,,
512100,1683.2,0.000004,,,,,,,,
512200,1683.5,0.000001,,,,,,,,
512300,1683.8,0.000001,,,,,,,,
512400,1684.1,0.000001,,,,,,,,
512500,1684.4,0.000004,,,,,,,,
512600,1684.8,0.000001,,,,,,,,
512700,1685.1,0.000001,,,,,,,,
512800,1685.4,0.000001,,,,,,,,
512900,1685.7,0.000001,,,,,,,,
513000,1686.0,0.000004,,,,,,,,
513100,1686.3,0.000001,,,,,,,,
513200,1686.7,0.000001,,,,,,,,
513300,1687.0,0.000001,,,,,,,,
513400,1687.3,0.000001,,,,,,,,
513500,1687.6,0.000001,,,,,,,,
513600,1687.9,0.000001,,,,,,,,
513700,1688.3,0.000001,,,,,,,,
513800,1688.6,0.000001,,,,,,,,
513900,1688.9,0.000002,,,,,,,,
514000,1689.2,0.000003,,,,,,,,
514100,1689.6,0.000001,,,,,,,,
514200,1689.9,0.000002,,,,,,,,
514300,1690.2,0.000001,,,,,,,,
514400,1690.5,0.000001,,,,,,,,
514500,1690.8,0.000001,,,,,,,,
514600,1691.2,0.000002,,,,,,,,
514700,1691.5,0.000005,,,,,,,,
514800,1691.8,0.000001,,,,,,,,
514900,1692.1,0.000006,,,,,,,,
515000,1693.5,0.000001,0.000001,1.629023e-01,5.149626e-03,4.040789e-03,0.000000,1.202324e-01,4.982477e-03,3.915878e-03
515100,1693.8,0.000001,,,,,,,,
515200,1694.1,0.000002,,,,,,,,
515300,1694.4,0.000001,,,,,,,,
515400,1694.7,0.000001,,,,,,,,
515500,1695.1,0.000001,,,,,,,,
515600,1695.4,0.000002,,,,,,,,
515700,1695.7,0.000002,,,,,,,,
515800,1696.0,0.000004,,,,,,,,
515900,1696.3,0.000003,,,,,,,,
516000,1696.7,0.000001,,,,,,,,
516100,1697.0,0.000001,,,,,,,,
516200,1697.3,0.000001,,,,,,,,
516300,1697.6,0.000002,,,,,,,,
516400,1697.9,0.000001,,,,,,,,
516500,1698.3,0.000001,,,,,,,,
516600,1698.6,0.000001,,,,,,,,
516700,1698.9,0.000001,,,,,,,,
516800,1699.2,0.000002,,,,,,,,
516900,1699.5,0.000001,,,,,,,,
517000,1699.8,0.000001,,,,,,,,
517100,1700.2,0.000001,,,,,,,,
517200,1700.5,0.000001,,,,,,,,
517300,1700.8,0.000002,,,,,,,,
517400,1701.1,0.000001,,,,,,,,
517500,1701.4,0.000002,,,,,,,,
517600,1701.8,0.000001,,,,,,,,
517700,1702.1,0.000001,,,,,,,,
517800,1702.4,0.000001,,,,,,,,
517900,1702.7,0.000002,,,,,,,,
518000,1703.1,0.000004,,,,,,,,
518100,1703.4,0.000001,,,,,,,,
518200,1703.7,0.000001,,,,,,,,
518300,1704.0,0.000001,,,,,,,,
518400,1704.3,0.000002,,,,,,,,
518500,1704.6,0.000001,,,,,,,,
518600,1704.9,0.000002,,,,,,,,
518700,1705.3,0.000002,,,,,,,,
518800,1705.6,0.000003,,,,,,,,
518900,1705.9,0.000003,,,,,,,,
519000,1706.2,0.000002,,,,,,,,
519100,1706.5,0.000002,,,,,,,,
519200,1706.8,0.000003,,,,,,,,
519300,1707.1,0.000001,,,,,,,,
519400,1707.5,0.000003,,,,,,,,
519500,1707.8,0.000002,,,,,,,,
519600,1708.1,0.000001,,,,,,,,
519700,1708.4,0.000002,,,,,,,,
519800,1708.7,0.000001,,,,,,,,
519900,1709.1,0.000001,,,,,,,,
520000,1710.5,0.000001,0.000001,1.345998e-01,4.459324e-03,3.652848e-03,0.000000,9.228874e-02,4.446292e-03,3.698956e-03
520100,1710.8,0.000002,,,,,,,,
520200,1711.0,0.000001,,,,,,,,
520300,1711.4,0.000001,,,,,,,,
520400,1711.7,0.000001,,,,,,,,
520500,1712.0,0.000002,,,,,,,,
520600,1712.3,0.000002,,,,,,,,
520700,1712.7,0.000001,,,,,,,,
520800,1713.0,0.000001,,,,,,,,
520900,1713.3,0.000001,,,,,,,,
521000,1713.6,0.000001,,,,,,,,
521100,1713.9,0.000001,,,,,,,,
521200,1714.2,0.000001,,,,,,,,
521300,1714.6,0.000001,,,,,,,,
521400,1714.9,0.000002,,,,,,,,
521500,1715.2,0.000003,,,,,,,,
521600,1715.5,0.000001,,,,,,,,
521700,1715.8,0.000001,,,,,,,,
521800,1716.1,0.000001,,,,,,,,
521900,1716.5,0.000001,,,,,,,,
522000,1716.8,0.000001,,,,,,,,
522100,1717.1,0.000002,,,,,,,,
522200,1717.4,0.000001,,,,,,,,
522300,1717.7,0.000001,,,,,,,,
522400,1718.0,0.000001,,,,,,,,
522500,1718.4,0.000002,,,,,,,,
522600,1718.7,0.000002,,,,,,,,
522700,1719.0,0.000001,,,,,,,,
522800,1719.3,0.000001,,,,,,,,
522900,1719.6,0.000001,,,,,,,,
523000,1719.9,0.000001,,,,,,,,
523100,1720.2,0.000002,,,,,,,,
523200,1720.6,0.000002,,,,,,,,
523300,1720.9,0.000000,,,,,,,,
523400,1721.2,0.000001,,,,,,,,
523500,1721.5,0.000001,,,,,,,,
523600,1721.8,0.000001,,,,,,,,
523700,1722.1,0.000001,,,,,,,,
523800,1722.5,0.000004,,,,,,,,
523900,1722.8,0.000001,,,,,,,,
524000,1723.1,0.000001,,,,,,,,
524100,1723.4,0.000001,,,,,,,,
524200,1723.7,0.000002,,,,,,,,
524300,1724.1,0.000004,,,,,,,,
524400,1724.4,0.000002,,,,,,,,
524500,1724.6,0.000004,,,,,,,,
524600,1724.9,0.000002,,,,,,,,
524700,1725.3,0.000003,,,,,,,,
524800,1725.6,0.000001,,,,,,,,
524900,1725.9,0.000001,,,,,,,,
525000,1727.4,0.000002,0.000003,1.515497e-01,8.660598e-03,7.885465e-03,0.000000,1.144896e-01,8.955790e-03,8.255227e-03
525100,1727.6,0.000002,,,,,,,,
525200,1728.0,0.000001,,,,,,,,
525300,1728.3,0.000001,,,,,,,,
525400,1728.6,0.000001,,,,,,,,
525500,1728.9,0.000002,,,,,,,,
525600,1729.2,0.000001,,,,,,,,
525700,1729.5,0.000001,,,,,,,,
525800,1729.9,0.000001,,,,,,,,
525900,1730.2,0.000001,,,,,,,,
526000,1730.5,0.000001,,,,,,,,
526100,1730.8,0.000002,,,,,,,,
526200,1731.2,0.000002,,,,,,,,
526300,1731.5,0.000001,,,,,,,,
526400,1731.8,0.000001,,,,,,,,
526500,1732.1,0.000002,,,,,,,,
526600,1732.5,0.000001,,,,,,,,
526700,1732.8,0.000001,,,,,,,,
526800,1733.1,0.000001,,,,,,,,
526900,1733.4,0.000002,,,,,,,,
527000,1733.7,0.000002,,,,,,,,
527100,1734.0,0.000002,,,,,,,,
527200,1734.3,0.000000,,,,,,,,
527300,1734.7,0.000002,,,,,,,,
527400,1735.0,0.000001,,,,,,,,
527500,1735.3,0.000002,,,,,,,,
527600,1735.6,0.000001,,,,,,,,
527700,1735.9,0.000001,,,,,,,,
527800,1736.2,0.000001,,,,,,,,
527900,1736.5,0.000001,,,,,,,,
528000,1736.8,0.000001,,,,,,,,
528100,1737.2,0.000002,,,,,,,,
528200,1737.5,0.000002,,,,,,,,
528300,1737.8,0.000001,,,,,,,,
528400,1738.1,0.000002,,,,,,,,
528500,1738.4,0.000002,,,,,,,,
528600,1738.8,0.000002,,,,,,,,
528700,1739.1,0.000001,,,,,,,,
528800,1739.4,0.000003,,,,,,,,
528900,1739.7,0.000001,,,,,,,,
529000,1740.0,0.000004,,,,,,,,
529100,1740.4,0.000002,,,,,,,,
529200,1740.7,0.000005,,,,,,,,
529300,1741.0,0.000002,,,,,,,,
529400,1741.3,0.000003,,,,,,,,
529500,1741.6,0.000001,,,,,,,,
529600,1742.0,0.000001,,,,,,,,
529700,1742.3,0.000002,,,,,,,,
529800,1742.6,0.000001,,,,,,,,
529900,1742.9,0.000001,,,,,,,,
530000,1744.4,0.000004,0.000003,9.527589e-02,7.801989e-03,5.636717e-03,0.000000,6.599901e-02,7.911687e-03,5.825703e-03
530100,1744.6,0.000001,,,,,,,,
530200,1744.9,0.000001,,,,,,,,
530300,1745.2,0.000002,,,,,,,,
530400,1745.6,0.000001,,,,,,,,
530500,1745.9,0.000001,,,,,,,,
530600,1746.2,0.000001,,,,,,,,
530700,1746.5,0.000002,,,,,,,,
530800,1746.8,0.000001,,,,,,,,
530900,1747.2,0.000001,,,,,,,,
531000,1747.5,0.000005,,,,,,,,
531100,1747.8,0.000001,,,,,,,,
531200,1748.1,0.000001,,,,,,,,
531300,1748.4,0.000003,,,,,,,,
531400,1748.7,0.000001,,,,,,,,
531500,1749.1,0.000001,,,,,,,,
531600,1749.4,0.000005,,,,,,,,
531700,1749.7,0.000003,,,,,,,,
531800,1750.0,0.000001,,,,,,,,
531900,1750.3,0.000002,,,,,,,,
532000,1750.7,0.000003,,,,,,,,
532100,1751.0,0.000002,,,,,,,,
532200,1751.3,0.000001,,,,,,,,
532300,1751.6,0.000003,,,,,,,,
532400,1751.9,0.000001,,,,,,,,
532500,1752.2,0.000002,,,,,,,,
532600,1752.6,0.000003,,,,,,,,
532700,1752.9,0.000002,,,,,,,,
532800,1753.2,0.000005,,,,,,,,
532900,1753.5,0.000001,,,,,,,,
533000,1753.8,0.000002,,,,,,,,
533100,1754.1,0.000002,,,,,,,,
533200,1754.4,0.000002,,,,,,,,
533300,1754.8,0.000001,,,,,,,,
533400,1755.1,0.000001,,,,,,,,
533500,1755.4,0.000001,,,,,,,,
533600,1755.8,0.000001,,,,,,,,
533700,1756.1,0.000002,,,,,,,,
533800,1756.4,0.000002,,,,,,,,
533900,1756.7,0.000001,,,,,,,,
534000,1757.0,0.000001,,,,,,,,
534100,1757.4,0.000002,,,,,,,,
534200,1757.7,0.000001,,,,,,,,
534300,1758.0,0.000001,,,,,,,,
534400,1758.3,0.000003,,,,,,,,
534500,1758.6,0.000001,,,,,,,,
534600,1758.9,0.000001,,,,,,,,
534700,1759.3,0.000001,,,,,,,,
534800,1759.5,0.000001,,,,,,,,
534900,1759.8,0.000001,,,,,,,,
535000,1761.3,0.000001,0.000001,1.318104e-01,4.217217e-03,3.320498e-03,0.000000,9.604741e-02,4.112469e-03,3.283506e-03
535100,1761.5,0.000001,,,,,,,,
535200,1761.8,0.000001,,,,,,,,
535300,1762.2,0.000001,,,,,,,,
535400,1762.5,0.000002,,,,,,,,
535500,1762.8,0.000001,,,,,,,,
535600,1763.1,0.000004,,,,,,,,
535700,1763.4,0.000004,,,,,,,,
535800,1763.7,0.000001,,,,,,,,
535900,1764.0,0.000001,,,,,,,,
536000,1764.4,0.000005,,,,,,,,
536100,1764.7,0.000002,,,,,,,,
536200,1765.0,0.000003,,,,,,,,
536300,1765.3,0.000003,,,,,,,,
536400,1765.6,0.000002,,,,,,,,
536500,1766.0,0.000003,,,,,,,,
536600,1766.3,0.000002,,,,,,,,
536700,1766.6,0.000002,,,,,,,,
536800,1766.9,0.000003,,,,,,,,
536900,1767.2,0.000001,,,,,,,,
537000,1767.6,0.000004,,,,,,,,
537100,1767.9,0.000003,,,,,,,,
537200,1768.2,0.000001,,,,,,,,
537300,1768.5,0.000001,,,,,,,,
537400,1768.8,0.000001,,,,,,,,
537500,1769.1,0.000001,,,,,,,,
537600,1769.4,0.000002,,,,,,,,
537700,1769.7,0.000002,,,,,,,,
537800,1770.1,0.000001,,,,,,,,
537900,1770.4,0.000002,,,,,,,,
538000,1770.7,0.000000,,,,,,,,
538100,1771.0,0.000001,,,,,,,,
538200,1771.3,0.000001,,,,,,,,
538300,1771.6,0.000001,,,,,,,,
538400,1772.0,0.000001,,,,,,,,
538500,1772.3,0.000001,,,,,,,,
538600,1772.6,0.000001,,,,,,,,
538700,1772.9,0.000002,,,,,,,,
538800,1773.2,0.000001,,,,,,,,
538900,1773.6,0.000002,,,,,,,,
539000,1773.9,0.000003,,,,,,,,
539100,1774.2,0.000001,,,,,,,,
539200,1774.5,0.000001,,,,,,,,
539300,1774.8,0.000001,,,,,,,,
539400,1775.2,0.000001,,,,,,,,
539500,1775.5,0.000005,,,,,,,,
539600,1775.8,0.000003,,,,,,,,
539700,1776.1,0.000001,,,,,,,,
539800,1776.4,0.000001,,,,,,,,
539900,1776.7,0.000001,,,,,,,,
540000,1778.2,0.000001,0.000001,1.146251e-01,4.915756e-03,3.965152e-03,0.000000,7.442928e-02,4.920095e-03,4.064814e-03
540100,1778.4,0.000002,,,,,,,,
540200,1778.7,0.000001,,,,,,,,
540300,1779.0,0.000001,,,,,,,,
540400,1779.4,0.000002,,,,,,,,
540500,1779.7,0.000001,,,,,,,,
540600,1780.0,0.000001,,,,,,,,
540700,1780.3,0.000001,,,,,,,,
540800,1780.6,0.000001,,,,,,,,
540900,1781.0,0.000002,,,,,,,,
541000,1781.3,0.000002,,,,,,,,
541100,1781.6,0.000002,,,,,,,,
541200,1781.9,0.000001,,,,,,,,
541300,1782.2,0.000001,,,,,,,,
541400,1782.5,0.000001,,,,,,,,
541500,1782.8,0.000001,,,,,,,,
541600,1783.2,0.000005,,,,,,,,
541700,1783.5,0.000002,,,,,,,,
541800,1783.8,0.000003,,,,,,,,
541900,1784.1,0.000002,,,,,,,,
542000,1784.4,0.000001,,,,,,,,
542100,1784.8,0.000001,,,,,,,,
542200,1785.1,0.000001,,,,,,,,
542300,1785.4,0.000001,,,,,,,,
542400,1785.7,0.000001,,,,,,,,
542500,1786.0,0.000001,,,,,,,,
542600,1786.3,0.000002,,,,,,,,
542700,1786.6,0.000001,,,,,,,,
542800,1787.0,0.000001,,,,,,,,
542900,1787.3,0.000002,,,,,,,,
543000,1787.6,0.000001,,,,,,,,
543100,1787.9,0.000005,,,,,,,,
543200,1788.2,0.000001,,,,,,,,
543300,1788.6,0.000001,,,,,,,,
543400,1788.9,0.000001,,,,,,,,
543500,1789.2,0.000001,,,,,,,,
543600,1789.5,0.000001,,,,,,,,
543700,1789.8,0.000001,,,,,,,,
543800,1790.1,0.000001,,,,,,,,
543900,1790.5,0.000002,,,,,,,,
544000,1790.8,0.000002,,,,,,,,
544100,1791.1,0.000002,,,,,,,,
544200,1791.4,0.000001,,,,,,,,
544300,1791.8,0.000001,,,,,,,,
544400,1792.1,0.000001,,,,,,,,
544500,1792.4,0.000001,,,,,,,,
544600,1792.7,0.000003,,,,,,,,
544700,1793.0,0.000002,,,,,,,,
544800,1793.4,0.000001,,,,,,,,
544900,1793.7,0.000002,,,,,,,,
545000,1795.1,0.000001,0.000001,1.159419e-01,4.484308e-03,3.573412e-03,0.000000,7.568622e-02,4.313179e-03,3.515066e-03
545100,1795.4,0.000001,,,,,,,,
545200,1795.7,0.000001,,,,,,,,
545300,1796.0,0.000005,,,,,,,,
545400,1796.3,0.000003,,,,,,,,
545500,1796.6,0.000001,,,,,,,,
545600,1797.0,0.000001,,,,,,,,
545700,1797.3,0.000002,,,,,,,,
545800,1797.6,0.000001,,,,,,,,
545900,1797.9,0.000001,,,,,,,,
546000,1798.2,0.000001,,,,,,,,
546100,1798.5,0.000001,,,,,,,,
546200,1798.9,0.000001,,,,,,,,
546300,1799.2,0.000001,,,,,,,,
546400,1799.5,0.000001,,,,,,,,
546500,1799.8,0.000001,,,,,,,,
546600,1800.1,0.000001,,,,,,,,
546700,1800.4,0.000005,,,,,,,,
546800,1800.8,0.000001,,,,,,,,
546900,1801.1,0.000001,,,,,,,,
547000,1801.4,0.000001,,,,,,,,
547100,1801.7,0.000001,,,,,,,,
547200,1802.0,0.000002,,,,,,,,
547300,1802.4,0.000001,,,,,,,,
547400,1802.7,0.000001,,,,,,,,
547500,1803.0,0.000002,,,,,,,,
547600,1803.3,0.000001,,,,,,,,
547700,1803.6,0.000001,,,,,,,,
547800,1804.0,0.000001,,,,,,,,
547900,1804.3,0.000006,,,,,,,,
548000,1804.6,0.000002,,,,,,,,
548100,1804.9,0.000001,,,,,,,,
548200,1805.2,0.000001,,,,,,,,
548300,1805.6,0.000002,,,,,,,,
548400,1805.9,0.000003,,,,,,,,
548500,1806.2,0.000001,,,,,,,,
548600,1806.5,0.000001,,,,,,,,
548700,1806.9,0.000001,,,,,,,,
548800,1807.2,0.000001,,,,,,,,
548900,1807.5,0.000003,,,,,,,,
549000,1807.8,0.000001,,,,,,,,
549100,1808.1,0.000001,,,,,,,,
549200,1808.5,0.000002,,,,,,,,
549300,1808.8,0.000002,,,,,,,,
549400,1809.1,0.000001,,,,,,,,
549500,1809.4,0.000002,,,,,,,,
549600,1809.8,0.000002,,,,,,,,
549700,1810.1,0.000001,,,,,,,,
549800,1810.4,0.000001,,,,,,,,
549900,1810.7,0.000001,,,,,,,,
550000,1812.2,0.000001,0.000001,1.370482e-01,3.711592e-03,2.838257e-03,0.000000,9.414817e-02,3.607369e-03,2.809381e-03
550100,1812.4,0.000001,,,,,,,,
550200,1812.7,0.000001,,,,,,,,
550300,1813.1,0.000001,,,,,,,,
550400,1813.4,0.000002,,,,,,,,
550500,1813.7,0.000002,,,,,,,,
550600,1814.0,0.000002,,,,,,,,
550700,1814.3,0.000001,,,,,,,,
550800,1814.7,0.000001,,,,,,,,
550900,1815.0,0.000001,,,,,,,,
551000,1815.3,0.000001,,,,,,,,
551100,1815.6,0.000001,,,,,,,,
551200,1815.9,0.000001,,,,,,,,
551300,1816.2,0.000001,,,,,,,,
551400,1816.6,0.000002,,,,,,,,
551500,1816.9,0.000000,,,,,,,,
551600,1817.2,0.000002,,,,,,,,
551700,1817.5,0.000001,,,,,,,,
551800,1817.8,0.000002,,,,,,,,
551900,1818.2,0.000001,,,,,,,,
552000,1818.5,0.000001,,,,,,,,
552100,1818.8,0.000001,,,,,,,,
552200,1819.1,0.000002,,,,,,,,
552300,1819.4,0.000001,,,,,,,,
552400,1819.7,0.000001,,,,,,,,
552500,1820.0,0.000003,,,,,,,,
552600,1820.4,0.000003,,,,,,,,
552700,1820.7,0.000001,,,,,,,,
552800,1821.0,0.000001,,,,,,,,
552900,1821.3,0.000003,,,,,,,,
553000,1821.6,0.000002,,,,,,,,
553100,1821.9,0.000001,,,,,,,,
553200,1822.2,0.000003,,,,,,,,
553300,1822.6,0.000001,,,,,,,,
553400,1822.9,0.000001,,,,,,,,
553500,1823.2,0.000001,,,,,,,,
553600,1823.5,0.000001,,,,,,,,
553700,1823.8,0.000001,,,,,,,,
553800,1824.2,0.000001,,,,,,,,
553900,1824.5,0.000001,,,,,,,,
554000,1824.8,0.000001,,,,,,,,
554100,1825.1,0.000001,,,,,,,,
554200,1825.5,0.000003,,,,,,,,
554300,1825.8,0.000002,,,,,,,,
554400,1826.1,0.000001,,,,,,,,
554500,1826.4,0.000002,,,,,,,,
554600,1826.7,0.000001,,,,,,,,
554700,1827.0,0.000001,,,,,,,,
554800,1827.3,0.000001,,,,,,,,
554900,1827.7,0.000001,,,,,,,,
555000,1829.1,0.000001,0.000001,9.728257e-02,4.196775e-03,3.341256e-03,0.000000,6.450868e-02,4.117474e-03,3.335074e-03
555100,1829.4,0.000001,,,,,,,,
555200,1829.7,0.000002,,,,,,,,
555300,1830.0,0.000001,,,,,,,,
555400,1830.3,0.000001,,,,,,,,
555500,1830.6,0.000001,,,,,,,,
555600,1830.9,0.000002,,,,,,,,
555700,1831.3,0.000001,,,,,,,,
555800,1831.6,0.000001,,,,,,,,
555900,1831.9,0.000001,,,,,,,,
556000,1832.2,0.000002,,,,,,,,
556100,1832.6,0.000001,,,,,,,,
556200,1832.9,0.000001,,,,,,,,
556300,1833.2,0.000002,,,,,,,,
556400,1833.5,0.000002,,,,,,,,
556500,1833.8,0.000002,,,,,,,,
556600,1834.1,0.000001,,,,,,,,
556700,1834.4,0.000005,,,,,,,,
556800,1834.8,0.000001,,,,,,,,
556900,1835.1,0.000001,,,,,,,,
557000,1835.4,0.000002,,,,,,,,
557100,1835.7,0.000001,,,,,,,,
557200,1836.0,0.000003,,,,,,,,
557300,1836.4,0.000001,,,,,,,,
557400,1836.7,0.000001,,,,,,,,
557500,1837.0,0.000004,,,,,,,,
557600,1837.3,0.000001,,,,,,,,
557700,1837.6,0.000001,,,,,,,,
557800,1837.9,0.000003,,,,,,,,
557900,1838.2,0.000001,,,,,,,,
558000,1838.6,0.000002,,,,,,,,
558100,1838.8,0.000002,,,,,,,,
558200,1839.1,0.000001,,,,,,,,
558300,1839.5,0.000001,,,,,,,,
558400,1839.8,0.000001,,,,,,,,
558500,1840.1,0.000001,,,,,,,,
558600,1840.4,0.000001,,,,,,,,
558700,1840.7,0.000002,,,,,,,,
558800,1841.0,0.000001,,,,,,,,
558900,1841.4,0.000001,,,,,,,,
559000,1841.7,0.000001,,,,,,,,
559100,1842.0,0.000002,,,,,,,,
559200,1842.3,0.000001,,,,,,,,
559300,1842.6,0.000002,,,,,,,,
559400,1843.0,0.000001,,,,,,,,
559500,1843.3,0.000002,,,,,,,,
559600,1843.6,0.000001,,,,,,,,
559700,1843.9,0.000001,,,,,,,,
559800,1844.2,0.000001,,,,,,,,
559900,1844.5,0.000001,,,,,,,,
560000,1846.0,0.000002,0.000001,1.234748e-01,4.496534e-03,3.502395e-03,0.000000,9.457589e-02,4.381265e-03,3.501211e-03
560100,1846.2,0.000001,,,,,,,,
560200,1846.5,0.000001,,,,,,,,
560300,1846.9,0.000001,,,,,,,,
560400,1847.2,0.000001,,,,,,,,
560500,1847.5,0.000001,,,,,,,,
560600,1847.8,0.000002,,,,,,,,
560700,1848.1,0.000001,,,,,,,,
560800,1848.4,0.000001,,,,,,,,
560900,1848.7,0.000002,,,,,,,,
561000,1849.1,0.000001,,,,,,,,
561100,1849.4,0.000001,,,,,,,,
561200,1849.7,0.000001,,,,,,,,
561300,1850.0,0.000001,,,,,,,,
561400,1850.3,0.000001,,,,,,,,
561500,1850.6,0.000002,,,,,,,,
561600,1851.0,0.000001,,,,,,,,
561700,1851.3,0.000001,,,,,,,,
561800,1851.6,0.000001,,,,,,,,
561900,1851.9,0.000004,,,,,,,,
562000,1852.3,0.000001,,,,,,,,
562100,1852.6,0.000001,,,,,,,,
562200,1852.9,0.000002,,,,,,,,
562300,1853.2,0.000001,,,,,,,,
562400,1853.5,0.000001,,,,,,,,
562500,1853.8,0.000001,,,,,,,,
562600,1854.1,0.000001,,,,,,,,
562700,1854.4,0.000003,,,,,,,,
562800,1854.8,0.000001,,,,,,,,
562900,1855.1,0.000001,,,,,,,,
563000,1855.4,0.000001,,,,,,,,
563100,1855.7,0.000001,,,,,,,,
563200,1856.0,0.000001,,,,,,,,
563300,1856.4,0.000002,,,,,,,,
563400,1856.7,0.000001,,,,,,,,
563500,1857.0,0.000001,,,,,,,,
563600,1857.3,0.000001,,,,,,,,
563700,1857.7,0.000001,,,,,,,,
563800,1858.0,0.000002,,,,,,,,
563900,1858.3,0.000001,,,,,,,,
564000,1858.6,0.000001,,,,,,,,
564100,1858.9,0.000001,,,,,,,,
564200,1859.3,0.000001,,,,,,,,
564300,1859.6,0.000001,,,,,,,,
564400,1859.9,0.000001,,,,,,,,
564500,1860.2,0.000002,,,,,,,,
564600,1860.6,0.000002,,,,,,,,
564700,1860.9,0.000001,,,,,,,,
564800,1861.2,0.000001,,,,,,,,
564900,1861.5,0.000002,,,,,,,,
565000,1863.0,0.000002,0.000001,1.309325e-01,5.301562e-03,4.494538e-03,0.000000,8.333898e-02,5.226780e-03,4.512018e-03
565100,1863.2,0.000002,,,,,,,,
565200,1863.5,0.000002,,,,,,,,
565300,1863.9,0.000001,,,,,,,,
565400,1864.2,0.000002,,,,,,,,
565500,1864.5,0.000001,,,,,,,,
565600,1864.9,0.000001,,,,,,,,
565700,1865.2,0.000001,,,,,,,,
565800,1865.5,0.000003,,,,,,,,
565900,1865.8,0.000001,,,,,,,,
566000,1866.1,0.000002,,,,,,,,
566100,1866.4,0.000001,,,,,,,,
566200,1866.8,0.000002,,,,,,,,
566300,1867.1,0.000001,,,,,,,,
566400,1867.4,0.000002,,,,,,,,
566500,1867.7,0.000001,,,,,,,,
566600,1868.0,0.000003,,,,,,,,
566700,1868.4,0.000001,,,,,,,,
566800,1868.7,0.000001,,,,,,,,
566900,1869.0,0.000002,,,,,,,,
567000,1869.3,0.000001,,,,,,,,
567100,1869.6,0.000001,,,,,,,,
567200,1870.0,0.000001,,,,,,,,
567300,1870.3,0.000001,,,,,,,,
567400,1870.6,0.000001,,,,,,,,
567500,1870.9,0.000001,,,,,,,,
567600,1871.2,0.000001,,,,,,,,
567700,1871.6,0.000001,,,,,,,,
567800,1871.9,0.000001,,,,,,,,
567900,1872.2,0.000001,,,,,,,,
568000,1872.5,0.000001,,,,,,,,
568100,1872.8,0.000001,,,,,,,,
568200,1873.1,0.000002,,,,,,,,
568300,1873.5,0.000001,,,,,,,,
568400,1873.8,0.000001,,,,,,,,
568500,1874.1,0.000004,,,,,,,,
568600,1874.4,0.000001,,,,,,,,
568700,1874.7,0.000002,,,,,,,,
568800,1875.0,0.000002,,,,,,,,
568900,1875.4,0.000003,,,,,,,,
569000,1875.7,0.000001,,,,,,,,
569100,1876.0,0.000002,,,,,,,,
569200,1876.3,0.000001,,,,,,,,
569300,1876.6,0.000000,,,,,,,,
569400,1877.0,0.000001,,,,,,,,
569500,1877.3,0.000001,,,,,,,,
569600,1877.6,0.000001,,,,,,,,
569700,1877.9,0.000002,,,,,,,,
569800,1878.2,0.000002,,,,,,,,
569900,1878.6,0.000001,,,,,,,,
570000,1880.0,0.000001,0.000001,1.531350e-01,4.338142e-03,3.214381e-03,0.000000,1.135297e-01,4.182082e-03,3.187185e-03
570100,1880.3,0.000002,,,,,,,,
570200,1880.6,0.000001,,,,,,,,
570300,1880.9,0.000001,,,,,,,,
570400,1881.2,0.000001,,,,,,,,
570500,1881.5,0.000000,,,,,,,,
570600,1881.8,0.000001,,,,,,,,
570700,1882.2,0.000006,,,,,,,,
570800,1882.5,0.000001,,,,,,,,
570900,1882.8,0.000005,,,,,,,,
571000,1883.1,0.000002,,,,,,,,
571100,1883.5,0.000002,,,,,,,,
571200,1883.8,0.000002,,,,,,,,
571300,1884.1,0.000001,,,,,,,,
571400,1884.4,0.000001,,,,,,,,
571500,1884.7,0.000002,,,,,,,,
571600,1885.1,0.000001,,,,,,,,
571700,1885.4,0.000002,,,,,,,,
571800,1885.7,0.000001,,,,,,,,
571900,1886.0,0.000002,,,,,,,,
572000,1886.3,0.000001,,,,,,,,
572100,1886.6,0.000003,,,,,,,,
572200,1887.0,0.000001,,,,,,,,
572300,1887.3,0.000002,,,,,,,,
572400,1887.6,0.000001,,,,,,,,
572500,1887.9,0.000002,,,,,,,,
572600,1888.2,0.000001,,,,,,,,
572700,1888.6,0.000002,,,,,,,,
572800,1888.9,0.000002,,,,,,,,
572900,1889.2,0.000001,,,,,,,,
573000,1889.5,0.000000,,,,,,,,
573100,1889.8,0.000002,,,,,,,,
573200,1890.2,0.000002,,,,,,,,
573300,1890.5,0.000001,,,,,,,,
573400,1890.8,0.000001,,,,,,,,
573500,1891.1,0.000002,,,,,,,,
573600,1891.4,0.000001,,,,,,,,
573700,1891.8,0.000001,,,,,,,,
573800,1892.0,0.000001,,,,,,,,
573900,1892.4,0.000001,,,,,,,,
574000,1892.7,0.000001,,,,,,,,
574100,1893.0,0.000001,,,,,,,,
574200,1893.3,0.000001,,,,,,,,
574300,1893.6,0.000001,,,,,,,,
574400,1893.9,0.000001,,,,,,,,
574500,1894.2,0.000000,,,,,,,,
574600,1894.6,0.000001,,,,,,,,
574700,1894.9,0.000001,,,,,,,,
574800,1895.2,0.000001,,,,,,,,
574900,1895.5,0.000001,,,,,,,,
575000,1897.0,0.000002,0.000001,1.025159e-01,4.225966e-03,3.273364e-03,0.000000,7.122947e-02,4.150394e-03,3.289781e-03
575100,1897.2,0.000001,,,,,,,,
575200,1897.5,0.000003,,,,,,,,
575300,1897.8,0.000002,,,,,,,,
575400,1898.2,0.000001,,,,,,,,
575500,1898.5,0.000001,,,,,,,,
575600,1898.8,0.000002,,,,,,,,
575700,1899.1,0.000001,,,,,,,,
575800,1899.4,0.000001,,,,,,,,
575900,1899.8,0.000002,,,,,,,,
576000,1900.1,0.000003,,,,,,,,
576100,1900.4,0.000001,,,,,,,,
576200,1900.7,0.000001,,,,,,,,
576300,1901.0,0.000002,,,,,,,,
576400,1901.3,0.000001,,,,,,,,
576500,1901.6,0.000001,,,,,,,,
576600,1901.9,0.000001,,,,,,,,
576700,1902.3,0.000001,,,,,,,,
576800,1902.6,0.000001,,,,,,,,
576900,1902.9,0.000001,,,,,,,,
577000,1903.2,0.000001,,,,,,,,
577100,1903.5,0.000001,,,,,,,,
577200,1903.8,0.000003,,,,,,,,
577300,1904.1,0.000001,,,,,,,,
577400,1904.5,0.000001,,,,,,,,
577500,1904.8,0.000001,,,,,,,,
577600,1905.1,0.000002,,,,,,,,
577700,1905.4,0.000001,,,,,,,,
577800,1905.8,0.000001,,,,,,,,
577900,1906.1,0.000001,,,,,,,,
578000,1906.4,0.000004,,,,,,,,
578100,1906.7,0.000001,,,,,,,,
578200,1907.0,0.000001,,,,,,,,
578300,1907.4,0.000002,,,,,,,,
578400,1907.7,0.000001,,,,,,,,
578500,1908.0,0.000001,,,,,,,,
578600,1908.3,0.000001,,,,,,,,
578700,1908.6,0.000001,,,,,,,,
578800,1908.9,0.000001,,,,,,,,
578900,1909.3,0.000002,,,,,,,,
579000,1909.6,0.000001,,,,,,,,
579100,1909.9,0.000001,,,,,,,,
579200,1910.2,0.000001,,,,,,,,
579300,1910.6,0.000001,,,,,,,,
579400,1910.9,0.000001,,,,,,,,
579500,1911.2,0.000001,,,,,,,,
579600,1911.5,0.000001,,,,,,,,
579700,1911.8,0.000001,,,,,,,,
579800,1912.1,0.000001,,,,,,,,
579900,1912.5,0.000001,,,,,,,,
580000,1913.9,0.000001,0.000001,1.192564e-01,4.081808e-03,3.207627e-03,0.000000,8.424378e-02,3.997198e-03,3.225189e-03
580100,1914.1,0.000001,,,,,,,,
580200,1914.4,0.000002,,,,,,,,
580300,1914.7,0.000001,,,,,,,,
580400,1915.1,0.000001,,,,,,,,
580500,1915.4,0.000001,,,,,,,,
580600,1915.7,0.000003,,,,,,,,
580700,1916.0,0.000001,,,,,,,,
580800,1916.3,0.000002,,,,,,,,
580900,1916.6,0.000003,,,,,,,,
581000,1916.9,0.000001,,,,,,,,
581100,1917.3,0.000001,,,,,,,,
581200,1917.6,0.000002,,,,,,,,
581300,1917.9,0.000002,,,,,,,,
581400,1918.2,0.000001,,,,,,,,
581500,1918.5,0.000001,,,,,,,,
581600,1918.9,0.000001,,,,,,,,
581700,1919.2,0.000001,,,,,,,,
581800,1919.5,0.000001,,,,,,,,
581900,1919.8,0.000001,,,,,,,,
582000,1920.1,0.000001,,,,,,,,
582100,1920.5,0.000001,,,,,,,,
582200,1920.8,0.000001,,,,,,,,
582300,1921.1,0.000002,,,,,,,,
582400,1921.4,0.000001,,,,,,,,
582500,1921.8,0.000004,,,,,,,,
582600,1922.1,0.000001,,,,,,,,
582700,1922.4,0.000003,,,,,,,,
582800,1922.7,0.000001,,,,,,,,
582900,1923.0,0.000001,,,,,,,,
583000,1923.3,0.000001,,,,,,,,
583100,1923.6,0.000001,,,,,,,,
583200,1923.9,0.000001,,,,,,,,
583300,1924.2,0.000001,,,,,,,,
583400,1924.5,0.000001,,,,,,,,
583500,1924.8,0.000001,,,,,,,,
583600,1925.1,0.000002,,,,,,,,
583700,1925.4,0.000001,,,,,,,,
583800,1925.7,0.000001,,,,,,,,
583900,1926.0,0.000001,,,,,,,,
584000,1926.4,0.000001,,,,,,,,
584100,1926.7,0.000002,,,,,,,,
584200,1927.0,0.000001,,,,,,,,
584300,1927.3,0.000001,,,,,,,,
584400,1927.6,0.000001,,,,,,,,
584500,1928.0,0.000001,,,,,,,,
584600,1928.3,0.000002,,,,,,,,
584700,1928.6,0.000001,,,,,,,,
584800,1928.9,0.000001,,,,,,,,
584900,1929.3,0.000001,,,,,,,,
585000,1930.7,0.000001,0.000001,1.359040e-01,3.950325e-03,3.145843e-03,0.000000,9.107924e-02,3.841840e-03,3.135832e-03
585100,1930.9,0.000001,,,,,,,,
585200,1931.2,0.000001,,,,,,,,
585300,1931.5,0.000001,,,,,,,,
585400,1931.9,0.000002,,,,,,,,
585500,1932.2,0.000001,,,,,,,,
585600,1932.5,0.000001,,,,,,,,
585700,1932.8,0.000002,,,,,,,,
585800,1933.1,0.000001,,,,,,,,
585900,1933.5,0.000001,,,,,,,,
586000,1933.8,0.000001,,,,,,,,
586100,1934.1,0.000001,,,,,,,,
586200,1934.4,0.000001,,,,,,,,
586300,1934.7,0.000001,,,,,,,,
586400,1935.1,0.000001,,,,,,,,
586500,1935.4,0.000001,,,,,,,,
586600,1935.7,0.000001,,,,,,,,
586700,1936.0,0.000001,,,,,,,,
586800,1936.4,0.000001,,,,,,,,
586900,1936.7,0.000002,,,,,,,,
587000,1937.0,0.000001,,,,,,,,
587100,1937.3,0.000001,,,,,,,,
587200,1937.7,0.000001,,,,,,,,
587300,1938.0,0.000001,,,,,,,,
587400,1938.3,0.000001,,,,,,,,
587500,1938.6,0.000001,,,,,,,,
587600,1938.9,0.000002,,,,,,,,
587700,1939.3,0.000001,,,,,,,,
587800,1939.6,0.000002,,,,,,,,
587900,1939.9,0.000002,,,,,,,,
588000,1940.2,0.000003,,,,,,,,
588100,1940.5,0.000001,,,,,,,,
588200,1940.9,0.000001,,,,,,,,
588300,1941.2,0.000001,,,,,,,,
588400,1941.5,0.000001,,,,,,,,
588500,1941.8,0.000001,,,,,,,,
588600,1942.2,0.000002,,,,,,,,
588700,1942.5,0.000002,,,,,,,,
588800,1942.8,0.000002,,,,,,,,
588900,1943.1,0.000000,,,,,,,,
589000,1943.4,0.000001,,,,,,,,
589100,1943.7,0.000002,,,,,,,,
589200,1944.0,0.000001,,,,,,,,
589300,1944.4,0.000001,,,,,,,,
589400,1944.7,0.000001,,,,,,,,
589500,1945.0,0.000001,,,,,,,,
589600,1945.3,0.000001,,,,,,,,
589700,1945.6,0.000001,,,,,,,,
589800,1945.9,0.000001,,,,,,,,
589900,1946.3,0.000001,,,,,,,,
590000,1947.7,0.000001,0.000001,1.260270e-01,3.567899e-03,2.689034e-03,0.000000,9.533764e-02,3.507570e-03,2.690357e-03
590100,1948.0,0.000001,,,,,,,,
590200,1948.3,0.000000,,,,,,,,
590300,1948.6,0.000001,,,,,,,,
590400,1948.9,0.000001,,,,,,,,
590500,1949.2,0.000001,,,,,,,,
590600,1949.5,0.000001,,,,,,,,
590700,1949.9,0.000002,,,,,,,,
590800,1950.2,0.000000,,,,,,,,
590900,1950.5,0.000001,,,,,,,,
591000,1950.8,0.000001,,,,,,,,
591100,1951.2,0.000003,,,,,,,,
591200,1951.5,0.000001,,,,,,,,
591300,1951.8,0.000001,,,,,,,,
591400,1952.1,0.000001,,,,,,,,
591500,1952.5,0.000002,,,,,,,,
591600,1952.8,0.000001,,,,,,,,
591700,1953.1,0.000001,,,,,,,,
591800,1953.4,0.000002,,,,,,,,
591900,1953.8,0.000002,,,,,,,,
592000,1954.1,0.000001,,,,,,,,
592100,1954.4,0.000000,,,,,,,,
592200,1954.7,0.000001,,,,,,,,
592300,1955.0,0.000001,,,,,,,,
592400,1955.4,0.000001,,,,,,,,
592500,1955.7,0.000001,,,,,,,,
592600,1956.0,0.000001,,,,,,,,
592700,1956.3,0.000000,,,,,,,,
592800,1956.6,0.000001,,,,,,,,
592900,1957.0,0.000001,,,,,,,,
593000,1957.3,0.000001,,,,,,,,
593100,1957.6,0.000002,,,,,,,,
593200,1957.9,0.000001,,,,,,,,
593300,1958.2,0.000001,,,,,,,,
593400,1958.5,0.000001,,,,,,,,
593500,1958.8,0.000003,,,,,,,,
593600,1959.1,0.000001,,,,,,,,
593700,1959.5,0.000002,,,,,,,,
593800,1959.8,0.000000,,,,,,,,
593900,1960.1,0.000002,,,,,,,,
594000,1960.4,0.000001,,,,,,,,
594100,1960.7,0.000001,,,,,,,,
594200,1961.1,0.000001,,,,,,,,
594300,1961.4,0.000002,,,,,,,,
594400,1961.7,0.000001,,,,,,,,
594500,1962.0,0.000001,,,,,,,,
594600,1962.3,0.000001,,,,,,,,
594700,1962.6,0.000001,,,,,,,,
594800,1962.9,0.000001,,,,,,,,
594900,1963.2,0.000001,,,,,,,,
595000,1964.7,0.000001,0.000001,1.547889e-01,5.154523e-03,3.931780e-03,0.000000,1.140275e-01,5.030574e-03,3.841407e-03
595100,1964.9,0.000001,,,,,,,,
595200,1965.2,0.000001,,,,,,,,
595300,1965.6,0.000001,,,,,,,,
595400,1965.9,0.000000,,,,,,,,
595500,1966.2,0.000001,,,,,,,,
595600,1966.5,0.000002,,,,,,,,
595700,1966.8,0.000001,,,,,,,,
595800,1967.1,0.000001,,,,,,,,
595900,1967.5,0.000002,,,,,,,,
596000,1967.8,0.000001,,,,,,,,
596100,1968.1,0.000001,,,,,,,,
596200,1968.4,0.000001,,,,,,,,
596300,1968.8,0.000001,,,,,,,,
596400,1969.1,0.000001,,,,,,,,
596500,1969.4,0.000001,,,,,,,,
596600,1969.7,0.000002,,,,,,,,
596700,1970.0,0.000002,,,,,,,,
596800,1970.4,0.000001,,,,,,,,
596900,1970.7,0.000001,,,,,,,,
597000,1971.0,0.000001,,,,,,,,
597100,1971.3,0.000001,,,,,,,,
597200,1971.6,0.000001,,,,,,,,
597300,1971.9,0.000001,,,,,,,,
597400,1972.3,0.000002,,,,,,,,
597500,1972.6,0.000002,,,,,,,,
597600,1972.9,0.000001,,,,,,,,
597700,1973.2,0.000002,,,,,,,,
597800,1973.5,0.000002,,,,,,,,
597900,1973.8,0.000002,,,,,,,,
598000,1974.2,0.000002,,,,,,,,
598100,1974.5,0.000001,,,,,,,,
598200,1974.8,0.000001,,,,,,,,
598300,1975.1,0.000000,,,,,,,,
598400,1975.4,0.000002,,,,,,,,
598500,1975.8,0.000001,,,,,,,,
598600,1976.1,0.000001,,,,,,,,
598700,1976.4,0.000001,,,,,,,,
598800,1976.7,0.000001,,,,,,,,
598900,1977.0,0.000001,,,,,,,,
599000,1977.4,0.000002,,,,,,,,
599100,1977.7,0.000001,,,,,,,,
599200,1978.0,0.000001,,,,,,,,
599300,1978.3,0.000001,,,,,,,,
599400,1978.6,0.000004,,,,,,,,
599500,1978.9,0.000002,,,,,,,,
599600,1979.3,0.000001,,,,,,,,
599700,1979.6,0.000002,,,,,,,,
599800,1979.9,0.000002,,,,,,,,
599900,1980.2,0.000001,,,,,,,,
600000,1981.6,0.000001,0.000001,1.026956e-01,5.847115e-03,5.183928e-03,0.000000,6.384660e-02,5.786707e-03,5.238727e-03
600100,1981.9,0.000003,,,,,,,,
600200,1982.2,0.000003,,,,,,,,
600300,1982.5,0.000001,,,,,,,,
600400,1982.8,0.000001,,,,,,,,
600500,1983.1,0.000001,,,,,,,,
600600,1983.4,0.000001,,,,,,,,
600700,1983.7,0.000001,,,,,,,,
600800,1984.0,0.000001,,,,,,,,
600900,1984.4,0.000001,,,,,,,,
601000,1984.7,0.000001,,,,,,,,
601100,1985.0,0.000001,,,,,,,,
601200,1985.3,0.000000,,,,,,,,
601300,1985.6,0.000003,,,,,,,,
601400,1985.9,0.000002,,,,,,,,
601500,1986.3,0.000001,,,,,,,,
601600,1986.5,0.000001,,,,,,,,
601700,1986.9,0.000001,,,,,,,,
601800,1987.2,0.000001,,,,,,,,
601900,1987.5,0.000001,,,,,,,,
602000,1987.8,0.000001,,,,,,,,
602100,1988.1,0.000001,,,,,,,,
602200,1988.5,0.000001,,,,,,,,
602300,1988.8,0.000001,,,,,,,,
602400,1989.1,0.000001,,,,,,,,
602500,1989.4,0.000001,,,,,,,,
602600,1989.8,0.000001,,,,,,,,
602700,1990.1,0.000001,,,,,,,,
602800,1990.4,0.000001,,,,,,,,
602900,1990.7,0.000001,,,,,,,,
603000,1991.0,0.000001,,,,,,,,
603100,1991.3,0.000006,,,,,,,,
603200,1991.6,0.000004,,,,,,,,
603300,1991.9,0.000001,,,,,,,,
603400,1992.3,0.000000,,,,,,,,
603500,1992.6,0.000002,,,,,,,,
603600,1992.9,0.000001,,,,,,,,
603700,1993.2,0.000001,,,,,,,,
603800,1993.5,0.000001,,,,,,,,
603900,1993.9,0.000001,,,,,,,,
604000,1994.2,0.000001,,,,,,,,
604100,1994.5,0.000003,,,,,,,,
604200,1994.8,0.000001,,,,,,,,
604300,1995.1,0.000001,,,,,,,,
604400,1995.4,0.000001,,,,,,,,
604500,1995.7,0.000002,,,,,,,,
604600,1996.0,0.000002,,,,,,,,
604700,1996.3,0.000001,,,,,,,,
604800,1996.7,0.000001,,,,,,,,
604900,1996.9,0.000001,,,,,,,,
605000,1998.4,0.000002,0.000001,1.216203e-01,4.237557e-03,3.525454e-03,0.000000,8.069325e-02,4.137379e-03,3.488328e-03
605100,1998.6,0.000001,,,,,,,,
605200,1998.9,0.000004,,,,,,,,
605300,1999.2,0.000001,,,,,,,,
605400,1999.6,0.000001,,,,,,,,
605500,1999.9,0.000001,,,,,,,,
605600,2000.2,0.000001,,,,,,,,
605700,2000.5,0.000001,,,,,,,,
605800,2000.8,0.000001,,,,,,,,
605900,2001.1,0.000000,,,,,,,,
606000,2001.5,0.000001,,,,,,,,
606100,2001.8,0.000002,,,,,,,,
606200,2002.1,0.000001,,,,,,,,
606300,2002.4,0.000001,,,,,,,,
606400,2002.7,0.000001,,,,,,,,
606500,2003.1,0.000000,,,,,,,,
606600,2003.4,0.000002,,,,,,,,
606700,2003.7,0.000001,,,,,,,,
606800,2004.0,0.000001,,,,,,,,
606900,2004.3,0.000001,,,,,,,,
607000,2004.6,0.000001,,,,,,,,
607100,2004.9,0.000000,,,,,,,,
607200,2005.2,0.000001,,,,,,,,
607300,2005.5,0.000002,,,,,,,,
607400,2005.8,0.000001,,,,,,,,
607500,2006.1,0.000002,,,,,,,,
607600,2006.4,0.000001,,,,,,,,
607700,2006.8,0.000001,,,,,,,,
607800,2007.1,0.000003,,,,,,,,
607900,2007.4,0.000002,,,,,,,,
608000,2007.7,0.000001,,,,,,,,
608100,2008.0,0.000001,,,,,,,,
608200,2008.3,0.000001,,,,,,,,
608300,2008.6,0.000001,,,,,,,,
608400,2009.0,0.000003,,,,,,,,
608500,2009.3,0.000002,,,,,,,,
608600,2009.6,0.000001,,,,,,,,
608700,2009.9,0.000001,,,,,,,,
608800,2010.2,0.000001,,,,,,,,
608900,2010.6,0.000002,,,,,,,,
609000,2010.9,0.000001,,,,,,,,
609100,2011.2,0.000001,,,,,,,,
609200,2011.5,0.000001,,,,,,,,
609300,2011.8,0.000001,,,,,,,,
609400,2012.1,0.000001,,,,,,,,
609500,2012.4,0.000003,,,,,,,,
609600,2012.8,0.000001,,,,,,,,
609700,2013.1,0.000001,,,,,,,,
609800,2013.4,0.000002,,,,,,,,
609900,2013.7,0.000001,,,,,,,,
610000,2015.2,0.000001,0.000001,1.503031e-01,4.583441e-03,3.816363e-03,0.000000,1.037352e-01,4.452609e-03,3.772971e-03
610100,2015.4,0.000001,,,,,,,,
610200,2015.7,0.000001,,,,,,,,
610300,2016.0,0.000001,,,,,,,,
610400,2016.3,0.000000,,,,,,,,
610500,2016.6,0.000001,,,,,,,,
610600,2016.9,0.000001,,,,,,,,
610700,2017.3,0.000000,,,,,,,,
610800,2017.6,0.000001,,,,,,,,
610900,2017.9,0.000001,,,,,,,,
611000,2018.2,0.000001,,,,,,,,
611100,2018.5,0.000001,,,,,,,,
611200,2018.8,0.000001,,,,,,,,
611300,2019.2,0.000001,,,,,,,,
611400,2019.5,0.000001,,,,,,,,
611500,2019.8,0.000001,,,,,,,,
611600,2020.1,0.000000,,,,,,,,
611700,2020.4,0.000000,,,,,,,,
611800,2020.7,0.000001,,,,,,,,
611900,2021.1,0.000002,,,,,,,,
612000,2021.4,0.000001,,,,,,,,
612100,2021.7,0.000001,,,,,,,,
612200,2022.0,0.000001,,,,,,,,
612300,2022.3,0.000001,,,,,,,,
612400,2022.7,0.000001,,,,,,,,
612500,2023.0,0.000003,,,,,,,,
612600,2023.3,0.000001,,,,,,,,
612700,2023.6,0.000001,,,,,,,,
612800,2023.9,0.000001,,,,,,,,
612900,2024.2,0.000001,,,,,,,,
613000,2024.6,0.000001,,,,,,,,
613100,2024.9,0.000001,,,,,,,,
613200,2025.2,0.000001,,,,,,,,
613300,2025.5,0.000001,,,,,,,,
613400,2025.8,0.000001,,,,,,,,
613500,2026.2,0.000001,,,,,,,,
613600,2026.5,0.000003,,,,,,,,
613700,2026.8,0.000002,,,,,,,,
613800,2027.1,0.000001,,,,,,,,
613900,2027.4,0.000001,,,,,,,,
614000,2027.7,0.000001,,,,,,,,
614100,2028.1,0.000003,,,,,,,,
614200,2028.4,0.000001,,,,,,,,
614300,2028.7,0.000001,,,,,,,,
614400,2029.0,0.000003,,,,,,,,
614500,2029.3,0.000001,,,,,,,,
614600,2029.7,0.000001,,,,,,,,
614700,2030.0,0.000001,,,,,,,,
614800,2030.3,0.000003,,,,,,,,
614900,2030.6,0.000001,,,,,,,,
615000,2032.1,0.000002,0.000004,1.476522e-01,1.062885e-02,9.477033e-03,0.000000,7.590628e-02,1.058284e-02,9.683577e-03
615100,2032.3,0.000001,,,,,,,,
615200,2032.6,0.000002,,,,,,,,
615300,2032.9,0.000002,,,,,,,,
615400,2033.2,0.000001,,,,,,,,
615500,2033.6,0.000001,,,,,,,,
615600,2033.9,0.000001,,,,,,,,
615700,2034.2,0.000001,,,,,,,,
615800,2034.5,0.000001,,,,,,,,
615900,2034.9,0.000001,,,,,,,,
616000,2035.2,0.000001,,,,,,,,
616100,2035.5,0.000001,,,,,,,,
616200,2035.8,0.000001,,,,,,,,
616300,2036.1,0.000001,,,,,,,,
616400,2036.4,0.000001,,,,,,,,
616500,2036.8,0.000001,,,,,,,,
616600,2037.1,0.000001,,,,,,,,
616700,2037.4,0.000001,,,,,,,,
616800,2037.7,0.000001,,,,,,,,
616900,2038.1,0.000001,,,,,,,,
617000,2038.4,0.000001,,,,,,,,
617100,2038.7,0.000001,,,,,,,,
617200,2039.0,0.000001,,,,,,,,
617300,2039.3,0.000001,,,,,,,,
617400,2039.7,0.000001,,,,,,,,
617500,2040.0,0.000001,,,,,,,,
617600,2040.3,0.000001,,,,,,,,
617700,2040.6,0.000001,,,,,,,,
617800,2040.9,0.000001,,,,,,,,
617900,2041.2,0.000001,,,,,,,,
618000,2041.6,0.000001,,,,,,,,
618100,2041.9,0.000000,,,,,,,,
618200,2042.2,0.000001,,,,,,,,
618300,2042.5,0.000001,,,,,,,,
618400,2042.8,0.000001,,,,,,,,
618500,2043.2,0.000001,,,,,,,,
618600,2043.5,0.000001,,,,,,,,
618700,2043.8,0.000001,,,,,,,,
618800,2044.1,0.000001,,,,,,,,
618900,2044.4,0.000000,,,,,,,,
619000,2044.8,0.000001,,,,,,,,
619100,2045.1,0.000002,,,,,,,,
619200,2045.4,0.000001,,,,,,,,
619300,2045.7,0.000001,,,,,,,,
619400,2046.0,0.000001,,,,,,,,
619500,2046.3,0.000001,,,,,,,,
619600,2046.6,0.000001,,,,,,,,
619700,2047.0,0.000001,,,,,,,,
619800,2047.3,0.000002,,,,,,,,
619900,2047.6,0.000001,,,,,,,,
620000,2049.1,0.000001,0.000001,1.209799e-01,4.279370e-03,3.163804e-03,0.000000,7.955790e-02,4.263343e-03,3.220379e-03
620100,2049.3,0.000001,,,,,,,,
620200,2049.6,0.000001,,,,,,,,
620300,2049.9,0.000001,,,,,,,,
620400,2050.2,0.000001,,,,,,,,
620500,2050.5,0.000001,,,,,,,,
620600,2050.9,0.000001,,,,,,,,
620700,2051.2,0.000001,,,,,,,,
620800,2051.5,0.000001,,,,,,,,
620900,2051.8,0.000002,,,,,,,,
621000,2052.1,0.000001,,,,,,,,
621100,2052.4,0.000002,,,,,,,,
621200,2052.7,0.000001,,,,,,,,
621300,2053.0,0.000002,,,,,,,,
621400,2053.4,0.000001,,,,,,,,
621500,2053.7,0.000001,,,,,,,,
621600,2054.0,0.000002,,,,,,,,
621700,2054.3,0.000001,,,,,,,,
621800,2054.7,0.000003,,,,,,,,
621900,2055.0,0.000001,,,,,,,,
622000,2055.3,0.000000,,,,,,,,
622100,2055.6,0.000001,,,,,,,,
622200,2055.9,0.000001,,,,,,,,
622300,2056.2,0.000001,,,,,,,,
622400,2056.6,0.000001,,,,,,,,
622500,2056.9,0.000001,,,,,,,,
622600,2057.2,0.000002,,,,,,,,
622700,2057.5,0.000001,,,,,,,,
622800,2057.8,0.000001,,,,,,,,
622900,2058.1,0.000001,,,,,,,,
623000,2058.5,0.000003,,,,,,,,
623100,2058.8,0.000001,,,,,,,,
623200,2059.1,0.000001,,,,,,,,
623300,2059.4,0.000001,,,,,,,,
623400,2059.7,0.000001,,,,,,,,
623500,2060.0,0.000001,,,,,,,,
623600,2060.4,0.000001,,,,,,,,
623700,2060.7,0.000001,,,,,,,,
623800,2061.0,0.000001,,,,,,,,
623900,2061.3,0.000000,,,,,,,,
624000,2061.6,0.000002,,,,,,,,
624100,2061.9,0.000001,,,,,,,,
624200,2062.2,0.000001,,,,,,,,
624300,2062.6,0.000003,,,,,,,,
624400,2062.9,0.000002,,,,,,,,
624500,2063.2,0.000001,,,,,,,,
624600,2063.5,0.000003,,,,,,,,
624700,2063.8,0.000002,,,,,,,,
624800,2064.2,0.000001,,,,,,,,
624900,2064.5,0.000005,,,,,,,,
625000,2065.9,0.000001,0.000001,1.091267e-01,3.879780e-03,3.068347e-03,0.000000,7.135178e-02,3.822740e-03,3.086005e-03
625100,2066.1,0.000001,,,,,,,,
625200,2066.4,0.000001,,,,,,,,
625300,2066.7,0.000001,,,,,,,,
625400,2067.1,0.000001,,,,,,,,
625500,2067.4,0.000001,,,,,,,,
625600,2067.7,0.000001,,,,,,,,
625700,2068.0,0.000001,,,,,,,,
625800,2068.3,0.000001,,,,,,,,
625900,2068.6,0.000001,,,,,,,,
626000,2068.9,0.000001,,,,,,,,
626100,2069.3,0.000002,,,,,,,,
626200,2069.6,0.000001,,,,,,,,
626300,2069.9,0.000001,,,,,,,,
626400,2070.2,0.000001,,,,,,,,
626500,2070.5,0.000001,,,,,,,,
626600,2070.8,0.000001,,,,,,,,
626700,2071.2,0.000001,,,,,,,,
626800,2071.5,0.000001,,,,,,,,
626900,2071.8,0.000002,,,,,,,,
627000,2072.1,0.000001,,,,,,,,
627100,2072.4,0.000002,,,,,,,,
627200,2072.7,0.000001,,,,,,,,
627300,2073.1,0.000002,,,,,,,,
627400,2073.4,0.000001,,,,,,,,
627500,2073.7,0.000001,,,,,,,,
627600,2074.0,0.000001,,,,,,,,
627700,2074.4,0.000001,,,,,,,,
627800,2074.7,0.000002,,,,,,,,
627900,2075.0,0.000001,,,,,,,,
628000,2075.3,0.000001,,,,,,,,
628100,2075.6,0.000001,,,,,,,,
628200,2075.9,0.000001,,,,,,,,
628300,2076.2,0.000001,,,,,,,,
628400,2076.6,0.000001,,,,,,,,
628500,2076.9,0.000001,,,,,,,,
628600,2077.2,0.000001,,,,,,,,
628700,2077.5,0.000002,,,,,,,,
628800,2077.8,0.000001,,,,,,,,
628900,2078.2,0.000001,,,,,,,,
629000,2078.5,0.000001,,,,,,,,
629100,2078.8,0.000001,,,,,,,,
629200,2079.1,0.000003,,,,,,,,
629300,2079.4,0.000001,,,,,,,,
629400,2079.8,0.000001,,,,,,,,
629500,2080.1,0.000002,,,,,,,,
629600,2080.4,0.000001,,,,,,,,
629700,2080.7,0.000002,,,,,,,,
629800,2081.0,0.000001,,,,,,,,
629900,2081.4,0.000000,,,,,,,,
630000,2082.8,0.000002,0.000001,1.186395e-01,4.786199e-03,3.694624e-03,0.000000,6.580790e-02,4.657085e-03,3.687120e-03
630100,2083.1,0.000001,,,,,,,,
630200,2083.4,0.000001,,,,,,,,
630300,2083.7,0.000001,,,,,,,,
630400,2084.1,0.000001,,,,,,,,
630500,2084.4,0.000002,,,,,,,,
630600,2084.7,0.000002,,,,,,,,
630700,2085.0,0.000001,,,,,,,,
630800,2085.3,0.000001,,,,,,,,
630900,2085.7,0.000001,,,,,,,,
631000,2086.0,0.000001,,,,,,,,
631100,2086.3,0.000001,,,,,,,,
631200,2086.6,0.000001,,,,,,,,
631300,2086.9,0.000001,,,,,,,,
631400,2087.3,0.000001,,,,,,,,
631500,2087.6,0.000001,,,,,,,,
631600,2087.9,0.000001,,,,,,,,
631700,2088.2,0.000001,,,,,,,,
631800,2088.5,0.000002,,,,,,,,
631900,2088.8,0.000001,,,,,,,,
632000,2089.1,0.000000,,,,,,,,
632100,2089.4,0.000001,,,,,,,,
632200,2089.8,0.000000,,,,,,,,
632300,2090.1,0.000001,,,,,,,,
632400,2090.4,0.000001,,,,,,,,
632500,2090.7,0.000001,,,,,,,,
632600,2091.0,0.000002,,,,,,,,
632700,2091.4,0.000001,,,,,,,,
632800,2091.7,0.000002,,,,,,,,
632900,2092.0,0.000001,,,,,,,,
633000,2092.3,0.000000,,,,,,,,
633100,2092.6,0.000001,,,,,,,,
633200,2092.9,0.000001,,,,,,,,
633300,2093.2,0.000001,,,,,,,,
633400,2093.6,0.000001,,,,,,,,
633500,2093.9,0.000003,,,,,,,,
633600,2094.2,0.000001,,,,,,,,
633700,2094.5,0.000001,,,,,,,,
633800,2094.9,0.000001,,,,,,,,
633900,2095.2,0.000001,,,,,,,,
634000,2095.5,0.000000,,,,,,,,
634100,2095.8,0.000001,,,,,,,,
634200,2096.1,0.000001,,,,,,,,
634300,2096.4,0.000003,,,,,,,,
634400,2096.7,0.000001,,,,,,,,
634500,2097.1,0.000001,,,,,,,,
634600,2097.4,0.000001,,,,,,,,
634700,2097.7,0.000001,,,,,,,,
634800,2098.0,0.000001,,,,,,,,
634900,2098.3,0.000001,,,,,,,,
635000,2099.8,0.000001,0.000001,1.523234e-01,4.732604e-03,3.947695e-03,0.000000,1.086154e-01,4.682132e-03,3.978558e-03
635100,2100.0,0.000001,,,,,,,,
635200,2100.3,0.000004,,,,,,,,
635300,2100.6,0.000001,,,,,,,,
635400,2100.9,0.000001,,,,,,,,
635500,2101.2,0.000001,,,,,,,,
635600,2101.5,0.000001,,,,,,,,
635700,2101.8,0.000001,,,,,,,,
635800,2102.1,0.000001,,,,,,,,
635900,2102.5,0.000000,,,,,,,,
636000,2102.8,0.000001,,,,,,,,
636100,2103.1,0.000000,,,,,,,,
636200,2103.4,0.000001,,,,,,,,
636300,2103.8,0.000001,,,,,,,,
636400,2104.1,0.000001,,,,,,,,
636500,2104.4,0.000002,,,,,,,,
636600,2104.7,0.000000,,,,,,,,
636700,2105.0,0.000000,,,,,,,,
636800,2105.4,0.000001,,,,,,,,
636900,2105.7,0.000004,,,,,,,,
637000,2106.0,0.000001,,,,,,,,
637100,2106.3,0.000001,,,,,,,,
637200,2106.7,0.000001,,,,,,,,
637300,2107.0,0.000001,,,,,,,,
637400,2107.3,0.000000,,,,,,,,
637500,2107.6,0.000001,,,,,,,,
637600,2107.9,0.000001,,,,,,,,
637700,2108.3,0.000002,,,,,,,,
637800,2108.6,0.000000,,,,,,,,
637900,2108.9,0.000001,,,,,,,,
638000,2109.2,0.000001,,,,,,,,
638100,2109.5,0.000000,,,,,,,,
638200,2109.9,0.000002,,,,,,,,
638300,2110.2,0.000002,,,,,,,,
638400,2110.5,0.000001,,,,,,,,
638500,2110.8,0.000002,,,,,,,,
638600,2111.1,0.000001,,,,,,,,
638700,2111.5,0.000001,,,,,,,,
638800,2111.8,0.000001,,,,,,,,
638900,2112.1,0.000001,,,,,,,,
639000,2112.4,0.000001,,,,,,,,
639100,2112.7,0.000001,,,,,,,,
639200,2113.1,0.000001,,,,,,,,
639300,2113.4,0.000001,,,,,,,,
639400,2113.7,0.000001,,,,,,,,
639500,2114.0,0.000001,,,,,,,,
639600,2114.3,0.000001,,,,,,,,
639700,2114.7,0.000000,,,,,,,,
639800,2115.0,0.000001,,,,,,,,
639900,2115.3,0.000002,,,,,,,,
640000,2116.7,0.000002,0.000001,1.140193e-01,4.298486e-03,3.265336e-03,0.000000,7.533408e-02,4.251328e-03,3.318272e-03
640100,2117.0,0.000001,,,,,,,,
640200,2117.3,0.000001,,,,,,,,
640300,2117.6,0.000001,,,,,,,,
640400,2118.0,0.000001,,,,,,,,
640500,2118.3,0.000001,,,,,,,,
640600,2118.6,0.000001,,,,,,,,
640700,2118.9,0.000001,,,,,,,,
640800,2119.2,0.000001,,,,,,,,
640900,2119.5,0.000002,,,,,,,,
641000,2119.9,0.000002,,,,,,,,
641100,2120.2,0.000001,,,,,,,,
641200,2120.5,0.000000,,,,,,,,
641300,2120.8,0.000002,,,,,,,,
641400,2121.1,0.000002,,,,,,,,
641500,2121.5,0.000001,,,,,,,,
641600,2121.8,0.000001,,,,,,,,
641700,2122.1,0.000001,,,,,,,,
641800,2122.4,0.000001,,,,,,,,
641900,2122.7,0.000001,,,,,,,,
642000,2123.1,0.000001,,,,,,,,
642100,2123.4,0.000001,,,,,,,,
642200,2123.7,0.000000,,,,,,,,
642300,2124.0,0.000001,,,,,,,,
642400,2124.3,0.000001,,,,,,,,
642500,2124.6,0.000001,,,,,,,,
642600,2124.9,0.000001,,,,,,,,
642700,2125.3,0.000001,,,,,,,,
642800,2125.6,0.000000,,,,,,,,
642900,2125.9,0.000001,,,,,,,,
643000,2126.2,0.000000,,,,,,,,
643100,2126.5,0.000001,,,,,,,,
643200,2126.9,0.000001,,,,,,,,
643300,2127.2,0.000001,,,,,,,,
643400,2127.5,0.000001,,,,,,,,
643500,2127.8,0.000002,,,,,,,,
643600,2128.2,0.000000,,,,,,,,
643700,2128.5,0.000000,,,,,,,,
643800,2128.8,0.000001,,,,,,,,
643900,2129.1,0.000001,,,,,,,,
644000,2129.4,0.000001,,,,,,,,
644100,2129.8,0.000001,,,,,,,,
644200,2130.1,0.000001,,,,,,,,
644300,2130.4,0.000001,,,,,,,,
644400,2130.7,0.000001,,,,,,,,
644500,2131.0,0.000001,,,,,,,,
644600,2131.4,0.000001,,,,,,,,
644700,2131.7,0.000001,,,,,,,,
644800,2132.0,0.000002,,,,,,,,
644900,2132.3,0.000000,,,,,,,,
645000,2133.8,0.000001,0.000001,1.172840e-01,3.296821e-03,2.503861e-03,0.000000,8.492638e-02,3.206525e-03,2.486510e-03
645100,2134.0,0.000001,,,,,,,,
645200,2134.3,0.000001,,,,,,,,
645300,2134.6,0.000001,,,,,,,,
645400,2134.9,0.000001,,,,,,,,
645500,2135.2,0.000003,,,,,,,,
645600,2135.6,0.000001,,,,,,,,
645700,2135.9,0.000001,,,,,,,,
645800,2136.2,0.000001,,,,,,,,
645900,2136.5,0.000001,,,,,,,,
646000,2136.8,0.000003,,,,,,,,
646100,2137.2,0.000000,,,,,,,,
646200,2137.5,0.000001,,,,,,,,
646300,2137.8,0.000001,,,,,,,,
646400,2138.1,0.000001,,,,,,,,
646500,2138.4,0.000001,,,,,,,,
646600,2138.7,0.000000,,,,,,,,
646700,2139.1,0.000001,,,,,,,,
646800,2139.4,0.000002,,,,,,,,
646900,2139.7,0.000000,,,,,,,,
647000,2140.0,0.000001,,,,,,,,
647100,2140.4,0.000004,,,,,,,,
647200,2140.7,0.000001,,,,,,,,
647300,2141.0,0.000001,,,,,,,,
647400,2141.3,0.000002,,,,,,,,
647500,2141.6,0.000001,,,,,,,,
647600,2141.9,0.000001,,,,,,,,
647700,2142.3,0.000001,,,,,,,,
647800,2142.6,0.000001,,,,,,,,
647900,2142.9,0.000001,,,,,,,,
648000,2143.2,0.000001,,,,,,,,
648100,2143.5,0.000001,,,,,,,,
648200,2143.8,0.000001,,,,,,,,
648300,2144.1,0.000001,,,,,,,,
648400,2144.4,0.000000,,,,,,,,
648500,2144.7,0.000000,,,,,,,,
648600,2145.0,0.000001,,,,,,,,
648700,2145.3,0.000002,,,,,,,,
648800,2145.6,0.000001,,,,,,,,
648900,2145.9,0.000001,,,,,,,,
649000,2146.2,0.000000,,,,,,,,
649100,2146.5,0.000001,,,,,,,,
649200,2146.9,0.000001,,,,,,,,
649300,2147.2,0.000001,,,,,,,,
649400,2147.5,0.000001,,,,,,,,
649500,2147.8,0.000001,,,,,,,,
649600,2148.1,0.000000,,,,,,,,
649700,2148.4,0.000001,,,,,,,,
649800,2148.8,0.000003,,,,,,,,
649900,2149.1,0.000001,,,,,,,,
650000,2150.5,0.000001,0.000001,1.533863e-01,4.354416e-03,3.345823e-03,0.000000,1.136761e-01,4.349893e-03,3.401018e-03
650100,2150.8,0.000001,,,,,,,,
650200,2151.1,0.000001,,,,,,,,
650300,2151.4,0.000001,,,,,,,,
650400,2151.7,0.000001,,,,,,,,
650500,2152.0,0.000001,,,,,,,,
650600,2152.3,0.000001,,,,,,,,
650700,2152.6,0.000000,,,,,,,,
650800,2152.9,0.000001,,,,,,,,
650900,2153.2,0.000000,,,,,,,,
651000,2153.6,0.000001,,,,,,,,
651100,2153.9,0.000000,,,,,,,,
651200,2154.2,0.000000,,,,,,,,
651300,2154.5,0.000001,,,,,,,,
651400,2154.8,0.000000,,,,,,,,
651500,2155.1,0.000001,,,,,,,,
651600,2155.5,0.000001,,,,,,,,
651700,2155.8,0.000001,,,,,,,,
651800,2156.1,0.000002,,,,,,,,
651900,2156.4,0.000001,,,,,,,,
652000,2156.7,0.000001,,,,,,,,
652100,2157.0,0.000001,,,,,,,,
652200,2157.3,0.000001,,,,,,,,
652300,2157.6,0.000001,,,,,,,,
652400,2158.0,0.000001,,,,,,,,
652500,2158.3,0.000001,,,,,,,,
652600,2158.6,0.000000,,,,,,,,
652700,2158.9,0.000001,,,,,,,,
652800,2159.2,0.000000,,,,,,,,
652900,2159.5,0.000001,,,,,,,,
653000,2159.9,0.000001,,,,,,,,
653100,2160.2,0.000001,,,,,,,,
653200,2160.5,0.000001,,,,,,,,
653300,2160.8,0.000001,,,,,,,,
653400,2161.1,0.000003,,,,,,,,
653500,2161.5,0.000001,,,,,,,,
653600,2161.8,0.000003,,,,,,,,
653700,2162.1,0.000000,,,,,,,,
653800,2162.3,0.000001,,,,,,,,
653900,2162.6,0.000001,,,,,,,,
654000,2163.0,0.000002,,,,,,,,
654100,2163.3,0.000000,,,,,,,,
654200,2163.6,0.000001,,,,,,,,
654300,2163.9,0.000001,,,,,,,,
654400,2164.2,0.000001,,,,,,,,
654500,2164.6,0.000000,,,,,,,,
654600,2164.9,0.000001,,,,,,,,
654700,2165.2,0.000001,,,,,,,,
654800,2165.5,0.000001,,,,,,,,
654900,2165.8,0.000002,,,,,,,,
655000,2167.3,0.000001,0.000001,1.227235e-01,4.645975e-03,3.441813e-03,0.000000,8.343244e-02,4.575148e-03,3.483923e-03
655100,2167.5,0.000001,,,,,,,,
655200,2167.8,0.000000,,,,,,,,
655300,2168.1,0.000001,,,,,,,,
655400,2168.4,0.000001,,,,,,,,
655500,2168.8,0.000001,,,,,,,,
655600,2169.1,0.000001,,,,,,,,
655700,2169.4,0.000002,,,,,,,,
655800,2169.7,0.000001,,,,,,,,
655900,2170.0,0.000001,,,,,,,,
656000,2170.4,0.000001,,,,,,,,
656100,2170.7,0.000001,,,,,,,,
656200,2171.0,0.000001,,,,,,,,
656300,2171.3,0.000000,,,,,,,,
656400,2171.6,0.000001,,,,,,,,
656500,2171.9,0.000001,,,,,,,,
656600,2172.2,0.000001,,,,,,,,
656700,2172.5,0.000001,,,,,,,,
656800,2172.8,0.000001,,,,,,,,
656900,2173.2,0.000004,,,,,,,,
657000,2173.5,0.000001,,,,,,,,
657100,2173.8,0.000001,,,,,,,,
657200,2174.1,0.000001,,,,,,,,
657300,2174.4,0.000001,,,,,,,,
657400,2174.7,0.000000,,,,,,,,
657500,2175.1,0.000001,,,,,,,,
657600,2175.4,0.000001,,,,,,,,
657700,2175.7,0.000001,,,,,,,,
657800,2176.0,0.000001,,,,,,,,
657900,2176.3,0.000001,,,,,,,,
658000,2176.7,0.000001,,,,,,,,
658100,2177.0,0.000001,,,,,,,,
658200,2177.3,0.000002,,,,,,,,
658300,2177.6,0.000001,,,,,,,,
658400,2177.9,0.000001,,,,,,,,
658500,2178.3,0.000000,,,,,,,,
658600,2178.6,0.000001,,,,,,,,
658700,2178.9,0.000001,,,,,,,,
658800,2179.2,0.000000,,,,,,,,
658900,2179.6,0.000001,,,,,,,,
659000,2179.9,0.000000,,,,,,,,
659100,2180.2,0.000000,,,,,,,,
659200,2180.5,0.000000,,,,,,,,
659300,2180.8,0.000002,,,,,,,,
659400,2181.1,0.000001,,,,,,,,
659500,2181.5,0.000004,,,,,,,,
659600,2181.8,0.000000,,,,,,,,
659700,2182.1,0.000001,,,,,,,,
659800,2182.4,0.000001,,,,,,,,
659900,2182.7,0.000001,,,,,,,,
660000,2184.2,0.000001,0.000001,1.128849e-01,3.864283e-03,3.127708e-03,0.000000,7.834030e-02,3.762933e-03,3.113778e-03
660100,2184.4,0.000001,,,,,,,,
660200,2184.7,0.000002,,,,,,,,
660300,2185.1,0.000001,,,,,,,,
660400,2185.4,0.000001,,,,,,,,
660500,2185.7,0.000001,,,,,,,,
660600,2186.0,0.000001,,,,,,,,
660700,2186.3,0.000001,,,,,,,,
660800,2186.6,0.000001,,,,,,,,
660900,2187.0,0.000001,,,,,,,,
661000,2187.3,0.000001,,,,,,,,
661100,2187.6,0.000000,,,,,,,,
661200,2187.9,0.000000,,,,,,,,
661300,2188.2,0.000001,,,,,,,,
661400,2188.6,0.000001,,,,,,,,
661500,2188.9,0.000001,,,,,,,,
661600,2189.2,0.000001,,,,,,,,
661700,2189.5,0.000001,,,,,,,,
661800,2189.8,0.000001,,,,,,,,
661900,2190.2,0.000001,,,,,,,,
662000,2190.5,0.000001,,,,,,,,
662100,2190.8,0.000000,,,,,,,,
662200,2191.1,0.000001,,,,,,,,
662300,2191.4,0.000001,,,,,,,,
662400,2191.8,0.000001,,,,,,,,
662500,2192.1,0.000001,,,,,,,,
662600,2192.4,0.000001,,,,,,,,
662700,2192.7,0.000001,,,,,,,,
662800,2193.0,0.000002,,,,,,,,
662900,2193.3,0.000001,,,,,,,,
663000,2193.6,0.000001,,,,,,,,
663100,2193.9,0.000001,,,,,,,,
663200,2194.2,0.000000,,,,,,,,
663300,2194.6,0.000001,,,,,,,,
663400,2194.9,0.000001,,,,,,,,
663500,2195.2,0.000001,,,,,,,,
663600,2195.5,0.000002,,,,,,,,
663700,2195.8,0.000001,,,,,,,,
663800,2196.2,0.000001,,,,,,,,
663900,2196.5,0.000001,,,,,,,,
664000,2196.8,0.000000,,,,,,,,
664100,2197.1,0.000001,,,,,,,,
664200,2197.4,0.000001,,,,,,,,
664300,2197.7,0.000000,,,,,,,,
664400,2198.0,0.000000,,,,,,,,
664500,2198.4,0.000001,,,,,,,,
664600,2198.7,0.000000,,,,,,,,
664700,2199.0,0.000000,,,,,,,,
664800,2199.3,0.000000,,,,,,,,
664900,2199.6,0.000001,,,,,,,,
665000,2201.1,0.000001,0.000001,1.581520e-01,3.934064e-03,3.040937e-03,0.000000,1.124344e-01,3.724325e-03,2.954504e-03
665100,2201.3,0.000001,,,,,,,,
665200,2201.7,0.000001,,,,,,,,
665300,2201.9,0.000001,,,,,,,,
665400,2202.3,0.000001,,,,,,,,
665500,2202.6,0.000001,,,,,,,,
665600,2202.9,0.000001,,,,,,,,
665700,2203.2,0.000001,,,,,,,,
665800,2203.5,0.000000,,,,,,,,
665900,2203.8,0.000002,,,,,,,,
666000,2204.2,0.000001,,,,,,,,
666100,2204.5,0.000001,,,,,,,,
666200,2204.8,0.000002,,,,,,,,
666300,2205.1,0.000001,,,,,,,,
666400,2205.4,0.000001,,,,,,,,
666500,2205.8,0.000001,,,,,,,,
666600,2206.1,0.000000,,,,,,,,
666700,2206.4,0.000001,,,,,,,,
666800,2206.7,0.000001,,,,,,,,
666900,2207.0,0.000001,,,,,,,,
667000,2207.4,0.000001,,,,,,,,
667100,2207.7,0.000000,,,,,,,,
667200,2208.0,0.000001,,,,,,,,
667300,2208.3,0.000000,,,,,,,,
667400,2208.6,0.000001,,,,,,,,
667500,2209.0,0.000001,,,,,,,,
667600,2209.3,0.000000,,,,,,,,
667700,2209.6,0.000001,,,,,,,,
667800,2209.9,0.000001,,,,,,,,
667900,2210.2,0.000001,,,,,,,,
668000,2210.5,0.000001,,,,,,,,
668100,2210.8,0.000001,,,,,,,,
668200,2211.1,0.000001,,,,,,,,
668300,2211.4,0.000002,,,,,,,,
668400,2211.7,0.000001,,,,,,,,
668500,2212.0,0.000001,,,,,,,,
668600,2212.3,0.000002,,,,,,,,
668700,2212.6,0.000000,,,,,,,,
668800,2212.9,0.000001,,,,,,,,
668900,2213.3,0.000001,,,,,,,,
669000,2213.6,0.000002,,,,,,,,
669100,2213.9,0.000000,,,,,,,,
669200,2214.2,0.000001,,,,,,,,
669300,2214.6,0.000001,,,,,,,,
669400,2214.9,0.000001,,,,,,,,
669500,2215.2,0.000001,,,,,,,,
669600,2215.5,0.000001,,,,,,,,
669700,2215.8,0.000000,,,,,,,,
669800,2216.2,0.000001,,,,,,,,
669900,2216.5,0.000001,,,,,,,,
670000,2217.9,0.000001,0.000001,1.190609e-01,3.185090e-03,2.457317e-03,0.000000,8.318449e-02,3.055488e-03,2.410340e-03
670100,2218.2,0.000001,,,,,,,,
670200,2218.5,0.000001,,,,,,,,
670300,2218.8,0.000001,,,,,,,,
670400,2219.1,0.000001,,,,,,,,
670500,2219.5,0.000001,,,,,,,,
670600,2219.8,0.000001,,,,,,,,
670700,2220.1,0.000001,,,,,,,,
670800,2220.4,0.000001,,,,,,,,
670900,2220.7,0.000001,,,,,,,,
671000,2221.1,0.000001,,,,,,,,
671100,2221.4,0.000000,,,,,,,,
671200,2221.7,0.000001,,,,,,,,
671300,2222.0,0.000000,,,,,,,,
671400,2222.3,0.000000,,,,,,,,
671500,2222.7,0.000001,,,,,,,,
671600,2223.0,0.000001,,,,,,,,
671700,2223.3,0.000002,,,,,,,,
671800,2223.6,0.000001,,,,,,,,
671900,2223.9,0.000001,,,,,,,,
672000,2224.3,0.000001,,,,,,,,
672100,2224.6,0.000001,,,,,,,,
672200,2224.9,0.000001,,,,,,,,
672300,2225.2,0.000002,,,,,,,,
672400,2225.6,0.000001,,,,,,,,
672500,2225.9,0.000001,,,,,,,,
672600,2226.2,0.000001,,,,,,,,
672700,2226.5,0.000001,,,,,,,,
672800,2226.8,0.000001,,,,,,,,
672900,2227.2,0.000001,,,,,,,,
673000,2227.5,0.000001,,,,,,,,
673100,2227.8,0.000001,,,,,,,,
673200,2228.1,0.000001,,,,,,,,
673300,2228.4,0.000001,,,,,,,,
673400,2228.7,0.000001,,,,,,,,
673500,2229.0,0.000003,,,,,,,,
673600,2229.4,0.000001,,,,,,,,
673700,2229.7,0.000000,,,,,,,,
673800,2230.0,0.000003,,,,,,,,
673900,2230.3,0.000000,,,,,,,,
674000,2230.6,0.000001,,,,,,,,
674100,2231.0,0.000001,,,,,,,,
674200,2231.2,0.000000,,,,,,,,
674300,2231.5,0.000001,,,,,,,,
674400,2231.8,0.000001,,,,,,,,
674500,2232.2,0.000001,,,,,,,,
674600,2232.5,0.000001,,,,,,,,
674700,2232.8,0.000003,,,,,,,,
674800,2233.1,0.000002,,,,,,,,
674900,2233.4,0.000000,,,,,,,,
675000,2234.9,0.000001,0.000001,1.028129e-01,3.546161e-03,2.725907e-03,0.000000,7.152844e-02,3.431546e-03,2.718404e-03
675100,2235.1,0.000001,,,,,,,,
675200,2235.4,0.000000,,,,,,,,
675300,2235.7,0.000001,,,,,,,,
675400,2236.1,0.000001,,,,,,,,
675500,2236.4,0.000001,,,,,,,,
675600,2236.7,0.000001,,,,,,,,
675700,2237.0,0.000000,,,,,,,,
675800,2237.3,0.000001,,,,,,,,
675900,2237.6,0.000001,,,,,,,,
676000,2237.9,0.000001,,,,,,,,
676100,2238.3,0.000001,,,,,,,,
676200,2238.6,0.000000,,,,,,,,
676300,2238.9,0.000002,,,,,,,,
676400,2239.2,0.000001,,,,,,,,
676500,2239.5,0.000001,,,,,,,,
676600,2239.9,0.000002,,,,,,,,
676700,2240.2,0.000001,,,,,,,,
676800,2240.5,0.000001,,,,,,,,
676900,2240.8,0.000001,,,,,,,,
677000,2241.1,0.000001,,,,,,,,
677100,2241.5,0.000000,,,,,,,,
677200,2241.8,0.000001,,,,,,,,
677300,2242.1,0.000001,,,,,,,,
677400,2242.4,0.000001,,,,,,,,
677500,2242.7,0.000001,,,,,,,,
677600,2243.1,0.000001,,,,,,,,
677700,2243.4,0.000001,,,,,,,,
677800,2243.7,0.000000,,,,,,,,
677900,2244.0,0.000001,,,,,,,,
678000,2244.3,0.000001,,,,,,,,
678100,2244.7,0.000001,,,,,,,,
678200,2245.0,0.000001,,,,,,,,
678300,2245.3,0.000000,,,,,,,,
678400,2245.6,0.000002,,,,,,,,
678500,2245.9,0.000001,,,,,,,,
678600,2246.2,0.000001,,,,,,,,
678700,2246.5,0.000000,,,,,,,,
678800,2246.9,0.000001,,,,,,,,
678900,2247.2,0.000001,,,,,,,,
679000,2247.5,0.000000,,,,,,,,
679100,2247.8,0.000001,,,,,,,,
679200,2248.1,0.000002,,,,,,,,
679300,2248.4,0.000000,,,,,,,,
679400,2248.8,0.000000,,,,,,,,
679500,2249.1,0.000001,,,,,,,,
679600,2249.4,0.000001,,,,,,,,
679700,2249.7,0.000001,,,,,,,,
679800,2250.0,0.000001,,,,,,,,
679900,2250.4,0.000000,,,,,,,,
680000,2251.8,0.000001,0.000001,1.274330e-01,3.258207e-03,2.366517e-03,0.000000,9.378172e-02,3.129131e-03,2.323259e-03
680100,2252.1,0.000001,,,,,,,,
680200,2252.4,0.000001,,,,,,,,
680300,2252.7,0.000001,,,,,,,,
680400,2253.0,0.000000,,,,,,,,
680500,2253.3,0.000001,,,,,,,,
680600,2253.6,0.000002,,,,,,,,
680700,2253.9,0.000001,,,,,,,,
680800,2254.2,0.000001,,,,,,,,
680900,2254.6,0.000001,,,,,,,,
681000,2254.9,0.000001,,,,,,,,
681100,2255.2,0.000001,,,,,,,,
681200,2255.5,0.000001,,,,,,,,
681300,2255.8,0.000001,,,,,,,,
681400,2256.2,0.000001,,,,,,,,
681500,2256.5,0.000000,,,,,,,,
681600,2256.8,0.000001,,,,,,,,
681700,2257.1,0.000001,,,,,,,,
681800,2257.4,0.000001,,,,,,,,
681900,2257.8,0.000002,,,,,,,,
682000,2258.1,0.000001,,,,,,,,
682100,2258.4,0.000003,,,,,,,,
682200,2258.7,0.000000,,,,,,,,
682300,2259.0,0.000002,,,,,,,,
682400,2259.4,0.000001,,,,,,,,
682500,2259.7,0.000002,,,,,,,,
682600,2260.0,0.000001,,,,,,,,
682700,2260.3,0.000001,,,,,,,,
682800,2260.6,0.000001,,,,,,,,
682900,2260.9,0.000000,,,,,,,,
683000,2261.3,0.000001,,,,,,,,
683100,2261.6,0.000000,,,,,,,,
683200,2261.9,0.000001,,,,,,,,
683300,2262.2,0.000006,,,,,,,,
683400,2262.5,0.000001,,,,,,,,
683500,2262.9,0.000001,,,,,,,,
683600,2263.2,0.000000,,,,,,,,
683700,2263.5,0.000000,,,,,,,,
683800,2263.8,0.000001,,,,,,,,
683900,2264.1,0.000000,,,,,,,,
684000,2264.4,0.000001,,,,,,,,
684100,2264.8,0.000000,,,,,,,,
684200,2265.1,0.000001,,,,,,,,
684300,2265.4,0.000001,,,,,,,,
684400,2265.7,0.000001,,,,,,,,
684500,2266.0,0.000000,,,,,,,,
684600,2266.3,0.000001,,,,,,,,
684700,2266.7,0.000001,,,,,,,,
684800,2267.0,0.000000,,,,,,,,
684900,2267.3,0.000002,,,,,,,,
685000,2268.8,0.000000,0.000001,1.245114e-01,3.254875e-03,2.460865e-03,0.000000,8.492518e-02,3.149093e-03,2.441295e-03
685100,2269.0,0.000001,,,,,,,,
685200,2269.3,0.000001,,,,,,,,
685300,2269.6,0.000001,,,,,,,,
685400,2269.9,0.000000,,,,,,,,
685500,2270.2,0.000000,,,,,,,,
685600,2270.6,0.000000,,,,,,,,
685700,2270.9,0.000000,,,,,,,,
685800,2271.2,0.000000,,,,,,,,
685900,2271.5,0.000001,,,,,,,,
686000,2271.8,0.000001,,,,,,,,
686100,2272.1,0.000000,,,,,,,,
686200,2272.4,0.000002,,,,,,,,
686300,2272.8,0.000001,,,,,,,,
686400,2273.1,0.000001,,,,,,,,
686500,2273.4,0.000001,,,,,,,,
686600,2273.7,0.000001,,,,,,,,
686700,2274.0,0.000001,,,,,,,,
686800,2274.4,0.000000,,,,,,,,
686900,2274.7,0.000001,,,,,,,,
687000,2275.0,0.000001,,,,,,,,
687100,2275.3,0.000001,,,,,,,,
687200,2275.6,0.000003,,,,,,,,
687300,2275.9,0.000000,,,,,,,,
687400,2276.2,0.000001,,,,,,,,
687500,2276.6,0.000001,,,,,,,,
687600,2276.9,0.000000,,,,,,,,
687700,2277.2,0.000001,,,,,,,,
687800,2277.5,0.000000,,,,,,,,
687900,2277.8,0.000000,,,,,,,,
688000,2278.1,0.000001,,,,,,,,
688100,2278.5,0.000001,,,,,,,,
688200,2278.8,0.000000,,,,,,,,
688300,2279.1,0.000001,,,,,,,,
688400,2279.4,0.000001,,,,,,,,
688500,2279.7,0.000001,,,,,,,,
688600,2280.1,0.000000,,,,,,,,
688700,2280.4,0.000001,,,,,,,,
688800,2280.7,0.000001,,,,,,,,
688900,2281.0,0.000001,,,,,,,,
689000,2281.3,0.000001,,,,,,,,
689100,2281.7,0.000000,,,,,,,,
689200,2282.0,0.000001,,,,,,,,
689300,2282.3,0.000002,,,,,,,,
689400,2282.6,0.000001,,,,,,,,
689500,2282.9,0.000001,,,,,,,,
689600,2283.2,0.000000,,,,,,,,
689700,2283.6,0.000001,,,,,,,,
689800,2283.9,0.000001,,,,,,,,
689900,2284.2,0.000002,,,,,,,,
690000,2285.7,0.000000,0.000001,1.252207e-01,3.489615e-03,2.750198e-03,0.000000,8.101321e-02,3.366976e-03,2.716267e-03
690100,2285.9,0.000001,,,,,,,,
690200,2286.2,0.000001,,,,,,,,
690300,2286.5,0.000001,,,,,,,,
690400,2286.8,0.000001,,,,,,,,
690500,2287.2,0.000001,,,,,,,,
690600,2287.5,0.000001,,,,,,,,
690700,2287.8,0.000001,,,,,,,,
690800,2288.1,0.000001,,,,,,,,
690900,2288.4,0.000000,,,,,,,,
691000,2288.7,0.000000,,,,,,,,
691100,2289.0,0.000001,,,,,,,,
691200,2289.4,0.000001,,,,,,,,
691300,2289.7,0.000001,,,,,,,,
691400,2290.0,0.000000,,,,,,,,
691500,2290.3,0.000001,,,,,,,,
691600,2290.6,0.000002,,,,,,,,
691700,2291.0,0.000001,,,,,,,,
691800,2291.3,0.000001,,,,,,,,
691900,2291.6,0.000002,,,,,,,,
692000,2291.9,0.000002,,,,,,,,
692100,2292.2,0.000001,,,,,,,,
692200,2292.5,0.000001,,,,,,,,
692300,2292.9,0.000001,,,,,,,,
692400,2293.1,0.000003,,,,,,,,
692500,2293.4,0.000001,,,,,,,,
692600,2293.8,0.000001,,,,,,,,
692700,2294.1,0.000000,,,,,,,,
692800,2294.4,0.000001,,,,,,,,
692900,2294.7,0.000001,,,,,,,,
693000,2295.0,0.000000,,,,,,,,
693100,2295.4,0.000000,,,,,,,,
693200,2295.7,0.000001,,,,,,,,
693300,2296.0,0.000001,,,,,,,,
693400,2296.3,0.000001,,,,,,,,
693500,2296.6,0.000001,,,,,,,,
693600,2296.9,0.000001,,,,,,,,
693700,2297.2,0.000001,,,,,,,,
693800,2297.5,0.000002,,,,,,,,
693900,2297.8,0.000001,,,,,,,,
694000,2298.2,0.000001,,,,,,,,
694100,2298.5,0.000000,,,,,,,,
694200,2298.8,0.000001,,,,,,,,
694300,2299.1,0.000000,,,,,,,,
694400,2299.4,0.000001,,,,,,,,
694500,2299.7,0.000001,,,,,,,,
694600,2300.1,0.000000,,,,,,,,
694700,2300.4,0.000001,,,,,,,,
694800,2300.7,0.000000,,,,,,,,
694900,2301.0,0.000000,,,,,,,,
695000,2302.4,0.000001,0.000001,1.263267e-01,3.266712e-03,2.592018e-03,0.000000,8.443619e-02,3.154000e-03,2.561928e-03
695100,2302.6,0.000001,,,,,,,,
695200,2302.9,0.000001,,,,,,,,
695300,2303.2,0.000001,,,,,,,,
695400,2303.6,0.000002,,,,,,,,
695500,2303.9,0.000000,,,,,,,,
695600,2304.2,0.000001,,,,,,,,
695700,2304.5,0.000001,,,,,,,,
695800,2304.9,0.000001,,,,,,,,
695900,2305.2,0.000001,,,,,,,,
696000,2305.5,0.000000,,,,,,,,
696100,2305.8,0.000000,,,,,,,,
696200,2306.1,0.000001,,,,,,,,
696300,2306.5,0.000001,,,,,,,,
696400,2306.8,0.000001,,,,,,,,
696500,2307.1,0.000001,,,,,,,,
696600,2307.4,0.000000,,,,,,,,
696700,2307.7,0.000000,,,,,,,,
696800,2308.1,0.000001,,,,,,,,
696900,2308.4,0.000001,,,,,,,,
697000,2308.7,0.000002,,,,,,,,
697100,2309.0,0.000000,,,,,,,,
697200,2309.3,0.000001,,,,,,,,
697300,2309.7,0.000000,,,,,,,,
697400,2310.0,0.000000,,,,,,,,
697500,2310.3,0.000000,,,,,,,,
697600,2310.6,0.000000,,,,,,,,
697700,2310.9,0.000001,,,,,,,,
697800,2311.3,0.000001,,,,,,,,
697900,2311.6,0.000002,,,,,,,,
698000,2311.9,0.000000,,,,,,,,
698100,2312.2,0.000000,,,,,,,,
698200,2312.5,0.000001,,,,,,,,
698300,2312.8,0.000000,,,,,,,,
698400,2313.2,0.000001,,,,,,,,
698500,2313.5,0.000000,,,,,,,,
698600,2313.8,0.000000,,,,,,,,
698700,2314.1,0.000001,,,,,,,,
698800,2314.5,0.000000,,,,,,,,
698900,2314.8,0.000001,,,,,,,,
699000,2315.1,0.000000,,,,,,,,
699100,2315.4,0.000000,,,,,,,,
699200,2315.7,0.000001,,,,,,,,
699300,2316.0,0.000001,,,,,,,,
699400,2316.3,0.000001,,,,,,,,
699500,2316.6,0.000001,,,,,,,,
699600,2317.0,0.000000,,,,,,,,
699700,2317.3,0.000001,,,,,,,,
699800,2317.6,0.000001,,,,,,,,
699900,2317.9,0.000001,,,,,,,,
700000,2319.4,0.000001,0.000001,1.162333e-01,2.970842e-03,2.246294e-03,0.000000,7.777382e-02,2.835049e-03,2.201384e-03
700100,2319.6,0.000001,,,,,,,,
700200,2319.9,0.000000,,,,,,,,
700300,2320.2,0.000000,,,,,,,,
700400,2320.6,0.000001,,,,,,,,
700500,2320.9,0.000001,,,,,,,,
700600,2321.2,0.000001,,,,,,,,
700700,2321.5,0.000000,,,,,,,,
700800,2321.8,0.000001,,,,,,,,
700900,2322.2,0.000001,,,,,,,,
701000,2322.5,0.000001,,,,,,,,
701100,2322.8,0.000001,,,,,,,,
701200,2323.1,0.000000,,,,,,,,
701300,2323.4,0.000001,,,,,,,,
701400,2323.7,0.000000,,,,,,,,
701500,2324.0,0.000001,,,,,,,,
701600,2324.4,0.000001,,,,,,,,
701700,2324.7,0.000000,,,,,,,,
701800,2325.0,0.000002,,,,,,,,
701900,2325.3,0.000001,,,,,,,,
702000,2325.6,0.000001,,,,,,,,
702100,2325.9,0.000001,,,,,,,,
702200,2326.3,0.000000,,,,,,,,
702300,2326.6,0.000001,,,,,,,,
702400,2326.9,0.000000,,,,,,,,
702500,2327.2,0.000001,,,,,,,,
702600,2327.5,0.000001,,,,,,,,
702700,2327.9,0.000000,,,,,,,,
702800,2328.2,0.000001,,,,,,,,
702900,2328.5,0.000001,,,,,,,,
703000,2328.8,0.000001,,,,,,,,
703100,2329.1,0.000000,,,,,,,,
703200,2329.4,0.000001,,,,,,,,
703300,2329.7,0.000001,,,,,,,,
703400,2330.0,0.000001,,,,,,,,
703500,2330.3,0.000001,,,,,,,,
703600,2330.6,0.000000,,,,,,,,
703700,2331.0,0.000000,,,,,,,,
703800,2331.3,0.000000,,,,,,,,
703900,2331.6,0.000000,,,,,,,,
704000,2331.9,0.000001,,,,,,,,
704100,2332.2,0.000000,,,,,,,,
704200,2332.5,0.000000,,,,,,,,
704300,2332.8,0.000000,,,,,,,,
704400,2333.1,0.000001,,,,,,,,
704500,2333.5,0.000001,,,,,,,,
704600,2333.8,0.000000,,,,,,,,
704700,2334.1,0.000001,,,,,,,,
704800,2334.4,0.000000,,,,,,,,
704900,2334.8,0.000000,,,,,,,,
705000,2336.2,0.000001,0.000001,1.083171e-01,3.324954e-03,2.515455e-03,0.000000,7.619096e-02,3.225323e-03,2.509992e-03
705100,2336.5,0.000001,,,,,,,,
705200,2336.8,0.000001,,,,,,,,
705300,2337.0,0.000001,,,,,,,,
705400,2337.4,0.000001,,,,,,,,
705500,2337.7,0.000000,,,,,,,,
705600,2338.0,0.000001,,,,,,,,
705700,2338.3,0.000001,,,,,,,,
705800,2338.7,0.000001,,,,,,,,
705900,2339.0,0.000000,,,,,,,,
706000,2339.3,0.000000,,,,,,,,
706100,2339.6,0.000000,,,,,,,,
706200,2339.9,0.000001,,,,,,,,
706300,2340.2,0.000001,,,,,,,,
706400,2340.5,0.000001,,,,,,,,
706500,2340.9,0.000001,,,,,,,,
706600,2341.2,0.000000,,,,,,,,
706700,2341.5,0.000001,,,,,,,,
706800,2341.8,0.000000,,,,,,,,
706900,2342.1,0.000001,,,,,,,,
707000,2342.4,0.000000,,,,,,,,
707100,2342.8,0.000000,,,,,,,,
707200,2343.1,0.000001,,,,,,,,
707300,2343.4,0.000001,,,,,,,,
707400,2343.7,0.000000,,,,,,,,
707500,2344.0,0.000001,,,,,,,,
707600,2344.3,0.000001,,,,,,,,
707700,2344.7,0.000001,,,,,,,,
707800,2345.0,0.000001,,,,,,,,
707900,2345.3,0.000000,,,,,,,,
708000,2345.6,0.000001,,,,,,,,
708100,2345.9,0.000000,,,,,,,,
708200,2346.3,0.000001,,,,,,,,
708300,2346.6,0.000000,,,,,,,,
708400,2346.9,0.000001,,,,,,,,
708500,2347.2,0.000000,,,,,,,,
708600,2347.5,0.000000,,,,,,,,
708700,2347.8,0.000001,,,,,,,,
708800,2348.2,0.000000,,,,,,,,
708900,2348.5,0.000000,,,,,,,,
709000,2348.8,0.000000,,,,,,,,
709100,2349.1,0.000001,,,,,,,,
709200,2349.5,0.000001,,,,,,,,
709300,2349.8,0.000000,,,,,,,,
709400,2350.1,0.000001,,,,,,,,
709500,2350.4,0.000001,,,,,,,,
709600,2350.7,0.000000,,,,,,,,
709700,2351.1,0.000000,,,,,,,,
709800,2351.4,0.000001,,,,,,,,
709900,2351.7,0.000001,,,,,,,,
710000,2353.1,0.000001,0.000001,1.086679e-01,4.698804e-03,3.957926e-03,0.000000,5.163909e-02,4.580638e-03,3.957169e-03
710100,2353.4,0.000001,,,,,,,,
710200,2353.7,0.000000,,,,,,,,
710300,2354.0,0.000000,,,,,,,,
710400,2354.3,0.000000,,,,,,,,
710500,2354.7,0.000000,,,,,,,,
710600,2355.0,0.000000,,,,,,,,
710700,2355.3,0.000001,,,,,,,,
710800,2355.6,0.000000,,,,,,,,
710900,2356.0,0.000001,,,,,,,,
711000,2356.3,0.000001,,,,,,,,
711100,2356.6,0.000001,,,,,,,,
711200,2356.9,0.000000,,,,,,,,
711300,2357.2,0.000001,,,,,,,,
711400,2357.5,0.000001,,,,,,,,
711500,2357.9,0.000000,,,,,,,,
711600,2358.2,0.000000,,,,,,,,
711700,2358.5,0.000000,,,,,,,,
711800,2358.8,0.000001,,,,,,,,
711900,2359.1,0.000001,,,,,,,,
712000,2359.4,0.000000,,,,,,,,
712100,2359.7,0.000000,,,,,,,,
712200,2360.1,0.000001,,,,,,,,
712300,2360.4,0.000001,,,,,,,,
712400,2360.7,0.000001,,,,,,,,
712500,2361.0,0.000001,,,,,,,,
712600,2361.4,0.000000,,,,,,,,
712700,2361.7,0.000001,,,,,,,,
712800,2362.0,0.000001,,,,,,,,
712900,2362.3,0.000000,,,,,,,,
713000,2362.6,0.000001,,,,,,,,
713100,2362.9,0.000001,,,,,,,,
713200,2363.2,0.000001,,,,,,,,
713300,2363.5,0.000001,,,,,,,,
713400,2363.9,0.000001,,,,,,,,
713500,2364.2,0.000001,,,,,,,,
713600,2364.5,0.000001,,,,,,,,
713700,2364.8,0.000000,,,,,,,,
713800,2365.1,0.000001,,,,,,,,
713900,2365.4,0.000001,,,,,,,,
714000,2365.7,0.000000,,,,,,,,
714100,2366.0,0.000000,,,,,,,,
714200,2366.3,0.000001,,,,,,,,
714300,2366.7,0.000000,,,,,,,,
714400,2367.0,0.000001,,,,,,,,
714500,2367.3,0.000001,,,,,,,,
714600,2367.6,0.000001,,,,,,,,
714700,2367.9,0.000002,,,,,,,,
714800,2368.3,0.000000,,,,,,,,
714900,2368.6,0.000001,,,,,,,,
715000,2370.1,0.000001,0.000001,1.256208e-01,3.125784e-03,2.375141e-03,0.000000,8.449674e-02,3.009588e-03,2.355164e-03
715100,2370.3,0.000000,,,,,,,,
715200,2370.6,0.000001,,,,,,,,
715300,2370.9,0.000001,,,,,,,,
715400,2371.2,0.000001,,,,,,,,
715500,2371.5,0.000000,,,,,,,,
715600,2371.8,0.000001,,,,,,,,
715700,2372.2,0.000001,,,,,,,,
715800,2372.5,0.000000,,,,,,,,
715900,2372.8,0.000001,,,,,,,,
716000,2373.1,0.000001,,,,,,,,
716100,2373.4,0.000003,,,,,,,,
716200,2373.8,0.000000,,,,,,,,
716300,2374.0,0.000001,,,,,,,,
716400,2374.4,0.000000,,,,,,,,
716500,2374.7,0.000000,,,,,,,,
716600,2375.0,0.000001,,,,,,,,
716700,2375.3,0.000000,,,,,,,,
716800,2375.7,0.000000,,,,,,,,
716900,2376.0,0.000001,,,,,,,,
717000,2376.3,0.000001,,,,,,,,
717100,2376.6,0.000001,,,,,,,,
717200,2376.9,0.000001,,,,,,,,
717300,2377.2,0.000001,,,,,,,,
717400,2377.5,0.000000,,,,,,,,
717500,2377.8,0.000000,,,,,,,,
717600,2378.1,0.000001,,,,,,,,
717700,2378.4,0.000000,,,,,,,,
717800,2378.8,0.000001,,,,,,,,
717900,2379.1,0.000000,,,,,,,,
718000,2379.4,0.000001,,,,,,,,
718100,2379.7,0.000001,,,,,,,,
718200,2380.0,0.000000,,,,,,,,
718300,2380.4,0.000000,,,,,,,,
718400,2380.7,0.000001,,,,,,,,
718500,2381.0,0.000001,,,,,,,,
718600,2381.3,0.000000,,,,,,,,
718700,2381.6,0.000001,,,,,,,,
718800,2382.0,0.000001,,,,,,,,
718900,2382.3,0.000001,,,,,,,,
719000,2382.6,0.000000,,,,,,,,
719100,2382.9,0.000000,,,,,,,,
719200,2383.2,0.000000,,,,,,,,
719300,2383.5,0.000001,,,,,,,,
719400,2383.8,0.000001,,,,,,,,
719500,2384.2,0.000001,,,,,,,,
719600,2384.5,0.000000,,,,,,,,
719700,2384.8,0.000000,,,,,,,,
719800,2385.1,0.000002,,,,,,,,
719900,2385.4,0.000000,,,,,,,,
720000,2386.9,0.000001,0.000001,1.216554e-01,2.946673e-03,2.206166e-03,0.000000,8.525372e-02,2.806063e-03,2.157802e-03
720100,2387.1,0.000001,,,,,,,,
720200,2387.5,0.000000,,,,,,,,
720300,2387.8,0.000001,,,,,,,,
720400,2388.1,0.000000,,,,,,,,
720500,2388.4,0.000001,,,,,,,,
720600,2388.7,0.000001,,,,,,,,
720700,2389.0,0.000001,,,,,,,,
720800,2389.4,0.000001,,,,,,,,
720900,2389.7,0.000000,,,,,,,,
721000,2390.0,0.000002,,,,,,,,
721100,2390.3,0.000000,,,,,,,,
721200,2390.7,0.000001,,,,,,,,
721300,2391.0,0.000001,,,,,,,,
721400,2391.3,0.000000,,,,,,,,
721500,2391.6,0.000000,,,,,,,,
721600,2391.9,0.000000,,,,,,,,
721700,2392.3,0.000002,,,,,,,,
721800,2392.6,0.000000,,,,,,,,
721900,2392.9,0.000001,,,,,,,,
722000,2393.2,0.000001,,,,,,,,
722100,2393.5,0.000001,,,,,,,,
722200,2393.8,0.000001,,,,,,,,
722300,2394.1,0.000001,,,,,,,,
722400,2394.4,0.000000,,,,,,,,
722500,2394.8,0.000002,,,,,,,,
722600,2395.0,0.000000,,,,,,,,
722700,2395.4,0.000001,,,,,,,,
722800,2395.7,0.000000,,,,,,,,
722900,2396.0,0.000001,,,,,,,,
723000,2396.3,0.000000,,,,,,,,
723100,2396.6,0.000000,,,,,,,,
723200,2397.0,0.000001,,,,,,,,
723300,2397.3,0.000001,,,,,,,,
723400,2397.6,0.000000,,,,,,,,
723500,2397.9,0.000000,,,,,,,,
723600,2398.2,0.000001,,,,,,,,
723700,2398.5,0.000001,,,,,,,,
723800,2398.8,0.000001,,,,,,,,
723900,2399.2,0.000001,,,,,,,,
724000,2399.5,0.000000,,,,,,,,
724100,2399.8,0.000001,,,,,,,,
724200,2400.1,0.000000,,,,,,,,
724300,2400.4,0.000001,,,,,,,,
724400,2400.7,0.000001,,,,,,,,
724500,2401.0,0.000000,,,,,,,,
724600,2401.4,0.000001,,,,,,,,
724700,2401.7,0.000000,,,,,,,,
724800,2402.0,0.000001,,,,,,,,
724900,2402.3,0.000001,,,,,,,,
725000,2403.7,0.000001,0.000001,1.209195e-01,3.230217e-03,2.477229e-03,0.000000,5.021907e-02,3.088215e-03,2.441021e-03
725100,2404.0,0.000000,,,,,,,,
725200,2404.3,0.000002,,,,,,,,
725300,2404.6,0.000000,,,,,,,,
725400,2404.9,0.000000,,,,,,,,
725500,2405.3,0.000001,,,,,,,,
725600,2405.6,0.000000,,,,,,,,
725700,2405.9,0.000000,,,,,,,,
725800,2406.2,0.000000,,,,,,,,
725900,2406.5,0.000000,,,,,,,,
726000,2406.8,0.000003,,,,,,,,
726100,2407.2,0.000000,,,,,,,,
726200,2407.5,0.000000,,,,,,,,
726300,2407.8,0.000000,,,,,,,,
726400,2408.1,0.000000,,,,,,,,
726500,2408.4,0.000000,,,,,,,,
726600,2408.7,0.000000,,,,,,,,
726700,2409.0,0.000000,,,,,,,,
726800,2409.4,0.000000,,,,,,,,
726900,2409.7,0.000000,,,,,,,,
727000,2410.0,0.000001,,,,,,,,
727100,2410.3,0.000000,,,,,,,,
727200,2410.6,0.000001,,,,,,,,
727300,2410.9,0.000000,,,,,,,,
727400,2411.2,0.000000,,,,,,,,
727500,2411.6,0.000000,,,,,,,,
727600,2411.9,0.000000,,,,,,,,
727700,2412.2,0.000001,,,,,,,,
727800,2412.5,0.000001,,,,,,,,
727900,2412.8,0.000001,,,,,,,,
728000,2413.2,0.000001,,,,,,,,
728100,2413.5,0.000001,,,,,,,,
728200,2413.8,0.000000,,,,,,,,
728300,2414.1,0.000000,,,,,,,,
728400,2414.4,0.000000,,,,,,,,
728500,2414.7,0.000001,,,,,,,,
728600,2415.1,0.000001,,,,,,,,
728700,2415.4,0.000000,,,,,,,,
728800,2415.7,0.000001,,,,,,,,
728900,2416.0,0.000000,,,,,,,,
729000,2416.3,0.000000,,,,,,,,
729100,2416.7,0.000001,,,,,,,,
729200,2417.0,0.000001,,,,,,,,
729300,2417.3,0.000000,,,,,,,,
729400,2417.6,0.000000,,,,,,,,
729500,2417.9,0.000000,,,,,,,,
729600,2418.2,0.000001,,,,,,,,
729700,2418.6,0.000001,,,,,,,,
729800,2418.9,0.000001,,,,,,,,
729900,2419.2,0.000000,,,,,,,,
730000,2420.6,0.000001,0.000001,1.079554e-01,3.497550e-03,2.641015e-03,0.000000,7.557584e-02,3.398871e-03,2.633863e-03
730100,2420.9,0.000000,,,,,,,,
730200,2421.2,0.000001,,,,,,,,
730300,2421.5,0.000000,,,,,,,,
730400,2421.8,0.000000,,,,,,,,
730500,2422.1,0.000001,,,,,,,,
730600,2422.5,0.000000,,,,,,,,
730700,2422.8,0.000001,,,,,,,,
730800,2423.1,0.000001,,,,,,,,
730900,2423.4,0.000001,,,,,,,,
731000,2423.7,0.000001,,,,,,,,
731100,2424.1,0.000000,,,,,,,,
731200,2424.4,0.000000,,,,,,,,
731300,2424.7,0.000000,,,,,,,,
731400,2425.0,0.000001,,,,,,,,
731500,2425.3,0.000000,,,,,,,,
731600,2425.7,0.000000,,,,,,,,
731700,2426.0,0.000000,,,,,,,,
731800,2426.3,0.000001,,,,,,,,
731900,2426.6,0.000000,,,,,,,,
732000,2426.9,0.000001,,,,,,,,
732100,2427.2,0.000000,,,,,,,,
732200,2427.6,0.000001,,,,,,,,
732300,2427.9,0.000000,,,,,,,,
732400,2428.2,0.000002,,,,,,,,
732500,2428.5,0.000002,,,,,,,,
732600,2428.8,0.000001,,,,,,,,
732700,2429.1,0.000000,,,,,,,,
732800,2429.5,0.000001,,,,,,,,
732900,2429.8,0.000000,,,,,,,,
733000,2430.1,0.000000,,,,,,,,
733100,2430.4,0.000001,,,,,,,,
733200,2430.7,0.000001,,,,,,,,
733300,2431.0,0.000001,,,,,,,,
733400,2431.4,0.000001,,,,,,,,
733500,2431.7,0.000004,,,,,,,,
733600,2432.0,0.000000,,,,,,,,
733700,2432.3,0.000000,,,,,,,,
733800,2432.6,0.000000,,,,,,,,
733900,2433.0,0.000001,,,,,,,,
734000,2433.3,0.000000,,,,,,,,
734100,2433.6,0.000000,,,,,,,,
734200,2433.9,0.000000,,,,,,,,
734300,2434.2,0.000000,,,,,,,,
734400,2434.5,0.000001,,,,,,,,
734500,2434.9,0.000000,,,,,,,,
734600,2435.2,0.000000,,,,,,,,
734700,2435.5,0.000000,,,,,,,,
734800,2435.8,0.000000,,,,,,,,
734900,2436.1,0.000000,,,,,,,,
735000,2437.6,0.000000,0.000001,1.191007e-01,3.295982e-03,2.595384e-03,0.000000,8.186746e-02,3.178737e-03,2.566223e-03
735100,2437.8,0.000001,,,,,,,,
735200,2438.1,0.000000,,,,,,,,
735300,2438.5,0.000000,,,,,,,,
735400,2438.8,0.000000,,,,,,,,
735500,2439.1,0.000000,,,,,,,,
735600,2439.4,0.000000,,,,,,,,
735700,2439.7,0.000000,,,,,,,,
735800,2440.1,0.000000,,,,,,,,
735900,2440.4,0.000001,,,,,,,,
736000,2440.7,0.000000,,,,,,,,
736100,2441.0,0.000000,,,,,,,,
736200,2441.3,0.000001,,,,,,,,
736300,2441.6,0.000000,,,,,,,,
736400,2442.0,0.000001,,,,,,,,
736500,2442.3,0.000000,,,,,,,,
736600,2442.6,0.000000,,,,,,,,
736700,2442.9,0.000000,,,,,,,,
736800,2443.2,0.000002,,,,,,,,
736900,2443.6,0.000001,,,,,,,,
737000,2443.9,0.000000,,,,,,,,
737100,2444.2,0.000001,,,,,,,,
737200,2444.5,0.000000,,,,,,,,
737300,2444.8,0.000000,,,,,,,,
737400,2445.1,0.000001,,,,,,,,
737500,2445.5,0.000000,,,,,,,,
737600,2445.8,0.000001,,,,,,,,
737700,2446.1,0.000000,,,,,,,,
737800,2446.4,0.000000,,,,,,,,
737900,2446.8,0.000001,,,,,,,,
738000,2447.1,0.000001,,,,,,,,
738100,2447.4,0.000000,,,,,,,,
738200,2447.7,0.000001,,,,,,,,
738300,2448.0,0.000000,,,,,,,,
738400,2448.3,0.000000,,,,,,,,
738500,2448.6,0.000001,,,,,,,,
738600,2449.0,0.000000,,,,,,,,
738700,2449.3,0.000000,,,,,,,,
738800,2449.6,0.000000,,,,,,,,
738900,2449.9,0.000001,,,,,,,,
739000,2450.3,0.000000,,,,,,,,
739100,2450.6,0.000001,,,,,,,,
739200,2450.9,0.000000,,,,,,,,
739300,2451.2,0.000000,,,,,,,,
739400,2451.5,0.000001,,,,,,,,
739500,2451.8,0.000001,,,,,,,,
739600,2452.1,0.000001,,,,,,,,
739700,2452.4,0.000001,,,,,,,,
739800,2452.6,0.000001,,,,,,,,
739900,2452.9,0.000000,,,,,,,,
740000,2454.3,0.000001,0.000001,9.937541e-02,3.465254e-03,2.671544e-03,0.000000,6.664754e-02,3.351270e-03,2.657091e-03
740100,2454.6,0.000000,,,,,,,,
740200,2454.9,0.000001,,,,,,,,
740300,2455.2,0.000001,,,,,,,,
740400,2455.5,0.000000,,,,,,,,
740500,2455.8,0.000000,,,,,,,,
740600,2456.1,0.000000,,,,,,,,
740700,2456.5,0.000000,,,,,,,,
740800,2456.8,0.000000,,,,,,,,
740900,2457.1,0.000001,,,,,,,,
741000,2457.4,0.000000,,,,,,,,
741100,2457.8,0.000001,,,,,,,,
741200,2458.1,0.000000,,,,,,,,
741300,2458.4,0.000001,,,,,,,,
741400,2458.7,0.000001,,,,,,,,
741500,2459.0,0.000000,,,,,,,,
741600,2459.4,0.000001,,,,,,,,
741700,2459.7,0.000000,,,,,,,,
741800,2460.0,0.000000,,,,,,,,
741900,2460.3,0.000000,,,,,,,,
742000,2460.6,0.000000,,,,,,,,
742100,2460.9,0.000000,,,,,,,,
742200,2461.2,0.000000,,,,,,,,
742300,2461.6,0.000000,,,,,,,,
742400,2461.9,0.000001,,,,,,,,
742500,2462.2,0.000000,,,,,,,,
742600,2462.5,0.000000,,,,,,,,
742700,2462.8,0.000001,,,,,,,,
742800,2463.1,0.000001,,,,,,,,
742900,2463.4,0.000001,,,,,,,,
743000,2463.7,0.000000,,,,,,,,
743100,2464.1,0.000001,,,,,,,,
743200,2464.4,0.000000,,,,,,,,
743300,2464.7,0.000001,,,,,,,,
743400,2465.0,0.000001,,,,,,,,
743500,2465.3,0.000000,,,,,,,,
743600,2465.7,0.000001,,,,,,,,
743700,2466.0,0.000000,,,,,,,,
743800,2466.3,0.000001,,,,,,,,
743900,2466.6,0.000000,,,,,,,,
744000,2466.9,0.000000,,,,,,,,
744100,2467.3,0.000000,,,,,,,,
744200,2467.6,0.000002,,,,,,,,
744300,2467.9,0.000000,,,,,,,,
744400,2468.2,0.000001,,,,,,,,
744500,2468.5,0.000000,,,,,,,,
744600,2468.8,0.000003,,,,,,,,
744700,2469.2,0.000000,,,,,,,,
744800,2469.5,0.000000,,,,,,,,
744900,2469.8,0.000000,,,,,,,,
745000,2471.3,0.000000,0.000001,9.766977e-02,3.092290e-03,2.343482e-03,0.000000,6.861616e-02,2.947587e-03,2.306030e-03
745100,2471.5,0.000002,,,,,,,,
745200,2471.8,0.000001,,,,,,,,
745300,2472.1,0.000000,,,,,,,,
745400,2472.5,0.000000,,,,,,,,
745500,2472.8,0.000000,,,,,,,,
745600,2473.1,0.000001,,,,,,,,
745700,2473.4,0.000001,,,,,,,,
745800,2473.7,0.000000,,,,,,,,
745900,2474.0,0.000000,,,,,,,,
746000,2474.3,0.000000,,,,,,,,
746100,2474.7,0.000000,,,,,,,,
746200,2475.0,0.000001,,,,,,,,
746300,2475.3,0.000001,,,,,,,,
746400,2475.6,0.000000,,,,,,,,
746500,2475.9,0.000000,,,,,,,,
746600,2476.2,0.000000,,,,,,,,
746700,2476.5,0.000000,,,,,,,,
746800,2476.8,0.000001,,,,,,,,
746900,2477.2,0.000001,,,,,,,,
747000,2477.5,0.000000,,,,,,,,
747100,2477.8,0.000000,,,,,,,,
747200,2478.1,0.000000,,,,,,,,
747300,2478.4,0.000000,,,,,,,,
747400,2478.7,0.000000,,,,,,,,
747500,2479.0,0.000000,,,,,,,,
747600,2479.3,0.000001,,,,,,,,
747700,2479.6,0.000000,,,,,,,,
747800,2479.9,0.000001,,,,,,,,
747900,2480.2,0.000000,,,,,,,,
748000,2480.6,0.000000,,,,,,,,
748100,2480.9,0.000001,,,,,,,,
748200,2481.2,0.000000,,,,,,,,
748300,2481.5,0.000000,,,,,,,,
748400,2481.8,0.000001,,,,,,,,
748500,2482.1,0.000001,,,,,,,,
748600,2482.5,0.000000,,,,,,,,
748700,2482.8,0.000000,,,,,,,,
748800,2483.1,0.000000,,,,,,,,
748900,2483.4,0.000000,,,,,,,,
749000,2483.7,0.000001,,,,,,,,
749100,2484.1,0.000001,,,,,,,,
749200,2484.4,0.000000,,,,,,,,
749300,2484.7,0.000001,,,,,,,,
749400,2485.0,0.000000,,,,,,,,
749500,2485.3,0.000001,,,,,,,,
749600,2485.6,0.000001,,,,,,,,
749700,2485.9,0.000001,,,,,,,,
749800,2486.3,0.000000,,,,,,,,
749900,2486.6,0.000001,,,,,,,,
750000,2488.0,0.000000,0.000001,1.216616e-01,3.092729e-03,2.393808e-03,0.000000,8.493567e-02,2.939404e-03,2.343689e-03
750100,2488.2,0.000000,,,,,,,,
750200,2488.5,0.000001,,,,,,,,
750300,2488.9,0.000000,,,,,,,,
750400,2489.2,0.000001,,,,,,,,
750500,2489.5,0.000001,,,,,,,,
750600,2489.8,0.000000,,,,,,,,
750700,2490.1,0.000001,,,,,,,,
750800,2490.5,0.000000,,,,,,,,
750900,2490.8,0.000002,,,,,,,,
751000,2491.1,0.000001,,,,,,,,
751100,2491.4,0.000001,,,,,,,,
751200,2491.7,0.000001,,,,,,,,
751300,2492.1,0.000000,,,,,,,,
751400,2492.4,0.000001,,,,,,,,
751500,2492.7,0.000000,,,,,,,,
751600,2493.0,0.000001,,,,,,,,
751700,2493.4,0.000000,,,,,,,,
751800,2493.7,0.000000,,,,,,,,
751900,2494.0,0.000002,,,,,,,,
752000,2494.3,0.000000,,,,,,,,
752100,2494.6,0.000001,,,,,,,,
752200,2495.0,0.000000,,,,,,,,
752300,2495.3,0.000000,,,,,,,,
752400,2495.6,0.000000,,,,,,,,
752500,2495.9,0.000000,,,,,,,,
752600,2496.2,0.000000,,,,,,,,
752700,2496.5,0.000000,,,,,,,,
752800,2496.8,0.000000,,,,,,,,
752900,2497.1,0.000001,,,,,,,,
753000,2497.4,0.000001,,,,,,,,
753100,2497.8,0.000000,,,,,,,,
753200,2498.1,0.000001,,,,,,,,
753300,2498.4,0.000002,,,,,,,,
753400,2498.7,0.000000,,,,,,,,
753500,2499.1,0.000000,,,,,,,,
753600,2499.4,0.000001,,,,,,,,
753700,2499.7,0.000000,,,,,,,,
753800,2500.0,0.000000,,,,,,,,
753900,2500.3,0.000000,,,,,,,,
754000,2500.7,0.000000,,,,,,,,
754100,2501.0,0.000000,,,,,,,,
754200,2501.3,0.000001,,,,,,,,
754300,2501.6,0.000001,,,,,,,,
754400,2501.9,0.000000,,,,,,,,
754500,2502.3,0.000000,,,,,,,,
754600,2502.6,0.000000,,,,,,,,
754700,2502.9,0.000000,,,,,,,,
754800,2503.2,0.000000,,,,,,,,
754900,2503.5,0.000000,,,,,,,,
755000,2505.0,0.000001,0.000000,1.186849e-01,2.980187e-03,2.322035e-03,0.000000,8.477403e-02,2.836106e-03,2.267367e-03
755100,2505.2,0.000001,,,,,,,,
755200,2505.5,0.000001,,,,,,,,
755300,2505.8,0.000001,,,,,,,,
755400,2506.1,0.000001,,,,,,,,
755500,2506.5,0.000000,,,,,,,,
755600,2506.8,0.000001,,,,,,,,
755700,2507.1,0.000000,,,,,,,,
755800,2507.4,0.000000,,,,,,,,
755900,2507.7,0.000000,,,,,,,,
756000,2508.0,0.000000,,,,,,,,
756100,2508.4,0.000000,,,,,,,,
756200,2508.6,0.000000,,,,,,,,
756300,2509.0,0.000000,,,,,,,,
756400,2509.3,0.000000,,,,,,,,
756500,2509.6,0.000000,,,,,,,,
756600,2509.9,0.000000,,,,,,,,
756700,2510.2,0.000000,,,,,,,,
756800,2510.6,0.000000,,,,,,,,
756900,2510.9,0.000000,,,,,,,,
757000,2511.2,0.000000,,,,,,,,
757100,2511.5,0.000000,,,,,,,,
757200,2511.8,0.000000,,,,,,,,
757300,2512.1,0.000001,,,,,,,,
757400,2512.5,0.000001,,,,,,,,
757500,2512.8,0.000000,,,,,,,,
757600,2513.1,0.000001,,,,,,,,
757700,2513.4,0.000000,,,,,,,,
757800,2513.8,0.000000,,,,,,,,
757900,2514.1,0.000000,,,,,,,,
758000,2514.4,0.000001,,,,,,,,
758100,2514.7,0.000000,,,,,,,,
758200,2515.1,0.000000,,,,,,,,
758300,2515.4,0.000000,,,,,,,,
758400,2515.7,0.000000,,,,,,,,
758500,2516.0,0.000000,,,,,,,,
758600,2516.3,0.000000,,,,,,,,
758700,2516.7,0.000000,,,,,,,,
758800,2517.0,0.000000,,,,,,,,
758900,2517.3,0.000000,,,,,,,,
759000,2517.6,0.000000,,,,,,,,
759100,2517.9,0.000000,,,,,,,,
759200,2518.2,0.000002,,,,,,,,
759300,2518.5,0.000000,,,,,,,,
759400,2518.8,0.000000,,,,,,,,
759500,2519.1,0.000000,,,,,,,,
759600,2519.5,0.000000,,,,,,,,
759700,2519.8,0.000001,,,,,,,,
759800,2520.1,0.000000,,,,,,,,
759900,2520.4,0.000000,,,,,,,,
760000,2521.9,0.000001,0.000001,1.253142e-01,2.963304e-03,2.204363e-03,0.000000,8.860517e-02,2.836008e-03,2.170121e-03
760100,2522.1,0.000000,,,,,,,,
760200,2522.4,0.000000,,,,,,,,
760300,2522.7,0.000000,,,,,,,,
760400,2523.0,0.000000,,,,,,,,
760500,2523.4,0.000000,,,,,,,,
760600,2523.7,0.000000,,,,,,,,
760700,2524.0,0.000000,,,,,,,,
760800,2524.3,0.000000,,,,,,,,
760900,2524.7,0.000000,,,,,,,,
761000,2525.0,0.000000,,,,,,,,
761100,2525.3,0.000000,,,,,,,,
761200,2525.6,0.000000,,,,,,,,
761300,2525.9,0.000000,,,,,,,,
761400,2526.3,0.000000,,,,,,,,
761500,2526.6,0.000000,,,,,,,,
761600,2526.9,0.000002,,,,,,,,
761700,2527.2,0.000000,,,,,,,,
761800,2527.6,0.000000,,,,,,,,
761900,2527.8,0.000003,,,,,,,,
762000,2528.2,0.000000,,,,,,,,
762100,2528.5,0.000000,,,,,,,,
762200,2528.8,0.000000,,,,,,,,
762300,2529.1,0.000000,,,,,,,,
762400,2529.4,0.000000,,,,,,,,
762500,2529.8,0.000000,,,,,,,,
762600,2530.1,0.000001,,,,,,,,
762700,2530.4,0.000001,,,,,,,,
762800,2530.7,0.000000,,,,,,,,
762900,2531.0,0.000001,,,,,,,,
763000,2531.4,0.000002,,,,,,,,
763100,2531.7,0.000000,,,,,,,,
763200,2532.0,0.000000,,,,,,,,
763300,2532.3,0.000001,,,,,,,,
763400,2532.7,0.000000,,,,,,,,
763500,2533.0,0.000001,,,,,,,,
763600,2533.3,0.000000,,,,,,,,
763700,2533.6,0.000001,,,,,,,,
763800,2533.9,0.000001,,,,,,,,
763900,2534.2,0.000001,,,,,,,,
764000,2534.5,0.000001,,,,,,,,
764100,2534.9,0.000001,,,,,,,,
764200,2535.1,0.000000,,,,,,,,
764300,2535.5,0.000000,,,,,,,,
764400,2535.8,0.000000,,,,,,,,
764500,2536.1,0.000000,,,,,,,,
764600,2536.4,0.000001,,,,,,,,
764700,2536.7,0.000001,,,,,,,,
764800,2537.0,0.000000,,,,,,,,
764900,2537.3,0.000000,,,,,,,,
765000,2538.8,0.000000,0.000001,1.091141e-01,2.919139e-03,2.185435e-03,0.000000,7.456041e-02,2.769774e-03,2.140158e-03
765100,2539.0,0.000000,,,,,,,,
765200,2539.4,0.000001,,,,,,,,
765300,2539.7,0.000000,,,,,,,,
765400,2540.0,0.000002,,,,,,,,
765500,2540.3,0.000000,,,,,,,,
765600,2540.6,0.000000,,,,,,,,
765700,2541.0,0.000000,,,,,,,,
765800,2541.3,0.000001,,,,,,,,
765900,2541.6,0.000000,,,,,,,,
766000,2541.9,0.000000,,,,,,,,
766100,2542.2,0.000001,,,,,,,,
766200,2542.5,0.000000,,,,,,,,
766300,2542.8,0.000001,,,,,,,,
766400,2543.2,0.000000,,,,,,,,
766500,2543.5,0.000000,,,,,,,,
766600,2543.8,0.000000,,,,,,,,
766700,2544.1,0.000001,,,,,,,,
766800,2544.5,0.000000,,,,,,,,
766900,2544.8,0.000000,,,,,,,,
767000,2545.1,0.000000,,,,,,,,
767100,2545.4,0.000000,,,,,,,,
767200,2545.7,0.000000,,,,,,,,
767300,2546.1,0.000000,,,,,,,,
767400,2546.4,0.000000,,,,,,,,
767500,2546.7,0.000000,,,,,,,,
767600,2547.0,0.000001,,,,,,,,
767700,2547.3,0.000000,,,,,,,,
767800,2547.6,0.000000,,,,,,,,
767900,2548.0,0.000000,,,,,,,,
768000,2548.3,0.000000,,,,,,,,
768100,2548.6,0.000000,,,,,,,,
768200,2548.9,0.000000,,,,,,,,
768300,2549.2,0.000001,,,,,,,,
768400,2549.5,0.000001,,,,,,,,
768500,2549.8,0.000000,,,,,,,,
768600,2550.2,0.000000,,,,,,,,
768700,2550.5,0.000000,,,,,,,,
768800,2550.8,0.000000,,,,,,,,
768900,2551.1,0.000000,,,,,,,,
769000,2551.4,0.000001,,,,,,,,
769100,2551.8,0.000000,,,,,,,,
769200,2552.1,0.000001,,,,,,,,
769300,2552.4,0.000000,,,,,,,,
769400,2552.7,0.000001,,,,,,,,
769500,2553.0,0.000000,,,,,,,,
769600,2553.4,0.000000,,,,,,,,
769700,2553.7,0.000000,,,,,,,,
769800,2554.0,0.000001,,,,,,,,
769900,2554.3,0.000000,,,,,,,,
770000,2555.8,0.000000,0.000000,1.045193e-01,2.883313e-03,2.147688e-03,0.000000,7.047010e-02,2.741647e-03,2.099588e-03
770100,2556.0,0.000000,,,,,,,,
770200,2556.3,0.000000,,,,,,,,
770300,2556.6,0.000000,,,,,,,,
770400,2556.9,0.000000,,,,,,,,
770500,2557.2,0.000001,,,,,,,,
770600,2557.5,0.000000,,,,,,,,
770700,2557.9,0.000000,,,,,,,,
770800,2558.2,0.000001,,,,,,,,
770900,2558.5,0.000000,,,,,,,,
771000,2558.8,0.000001,,,,,,,,
771100,2559.1,0.000000,,,,,,,,
771200,2559.5,0.000000,,,,,,,,
771300,2559.8,0.000000,,,,,,,,
771400,2560.1,0.000004,,,,,,,,
771500,2560.4,0.000000,,,,,,,,
771600,2560.7,0.000003,,,,,,,,
771700,2561.1,0.000000,,,,,,,,
771800,2561.4,0.000000,,,,,,,,
771900,2561.7,0.000000,,,,,,,,
772000,2562.0,0.000000,,,,,,,,
772100,2562.3,0.000001,,,,,,,,
772200,2562.7,0.000000,,,,,,,,
772300,2563.0,0.000000,,,,,,,,
772400,2563.3,0.000000,,,,,,,,
772500,2563.6,0.000001,,,,,,,,
772600,2563.9,0.000000,,,,,,,,
772700,2564.3,0.000000,,,,,,,,
772800,2564.6,0.000000,,,,,,,,
772900,2564.9,0.000000,,,,,,,,
773000,2565.2,0.000000,,,,,,,,
773100,2565.5,0.000000,,,,,,,,
773200,2565.9,0.000000,,,,,,,,
773300,2566.2,0.000000,,,,,,,,
773400,2566.5,0.000000,,,,,,,,
773500,2566.8,0.000000,,,,,,,,
773600,2567.1,0.000000,,,,,,,,
773700,2567.5,0.000000,,,,,,,,
773800,2567.8,0.000000,,,,,,,,
773900,2568.1,0.000000,,,,,,,,
774000,2568.4,0.000000,,,,,,,,
774100,2568.7,0.000001,,,,,,,,
774200,2569.0,0.000001,,,,,,,,
774300,2569.4,0.000001,,,,,,,,
774400,2569.7,0.000001,,,,,,,,
774500,2570.0,0.000000,,,,,,,,
774600,2570.3,0.000000,,,,,,,,
774700,2570.7,0.000000,,,,,,,,
774800,2571.0,0.000000,,,,,,,,
774900,2571.3,0.000001,,,,,,,,
775000,2572.7,0.000001,0.000000,1.150789e-01,2.928010e-03,2.207205e-03,0.000000,8.329106e-02,2.799672e-03,2.170356e-03
775100,2573.0,0.000000,,,,,,,,
775200,2573.3,0.000001,,,,,,,,
775300,2573.6,0.000001,,,,,,,,
775400,2573.9,0.000001,,,,,,,,
775500,2574.2,0.000000,,,,,,,,
775600,2574.6,0.000000,,,,,,,,
775700,2574.9,0.000000,,,,,,,,
775800,2575.2,0.000001,,,,,,,,
775900,2575.5,0.000000,,,,,,,,
776000,2575.8,0.000000,,,,,,,,
776100,2576.2,0.000000,,,,,,,,
776200,2576.5,0.000000,,,,,,,,
776300,2576.8,0.000001,,,,,,,,
776400,2577.1,0.000000,,,,,,,,
776500,2577.4,0.000000,,,,,,,,
776600,2577.8,0.000000,,,,,,,,
776700,2578.1,0.000000,,,,,,,,
776800,2578.4,0.000000,,,,,,,,
776900,2578.7,0.000000,,,,,,,,
777000,2579.1,0.000001,,,,,,,,
777100,2579.4,0.000001,,,,,,,,
777200,2579.7,0.000000,,,,,,,,
777300,2580.0,0.000001,,,,,,,,
777400,2580.3,0.000000,,,,,,,,
777500,2580.6,0.000000,,,,,,,,
777600,2581.0,0.000000,,,,,,,,
777700,2581.3,0.000000,,,,,,,,
777800,2581.6,0.000000,,,,,,,,
777900,2581.9,0.000000,,,,,,,,
778000,2582.2,0.000000,,,,,,,,
778100,2582.6,0.000001,,,,,,,,
778200,2582.9,0.000001,,,,,,,,
778300,2583.2,0.000000,,,,,,,,
778400,2583.5,0.000001,,,,,,,,
778500,2583.8,0.000000,,,,,,,,
778600,2584.2,0.000001,,,,,,,,
778700,2584.5,0.000000,,,,,,,,
778800,2584.8,0.000000,,,,,,,,
778900,2585.1,0.000001,,,,,,,,
779000,2585.5,0.000000,,,,,,,,
779100,2585.8,0.000000,,,,,,,,
779200,2586.1,0.000000,,,,,,,,
779300,2586.4,0.000000,,,,,,,,
779400,2586.7,0.000002,,,,,,,,
779500,2587.0,0.000001,,,,,,,,
779600,2587.4,0.000000,,,,,,,,
779700,2587.7,0.000000,,,,,,,,
779800,2588.0,0.000001,,,,,,,,
779900,2588.3,0.000000,,,,,,,,
780000,2589.8,0.000001,0.000000,1.131946e-01,2.822541e-03,2.109140e-03,0.000000,7.888604e-02,2.682649e-03,2.064499e-03
780100,2590.0,0.000000,,,,,,,,
780200,2590.3,0.000000,,,,,,,,
780300,2590.6,0.000001,,,,,,,,
780400,2590.9,0.000000,,,,,,,,
780500,2591.3,0.000000,,,,,,,,
780600,2591.6,0.000000,,,,,,,,
780700,2591.9,0.000000,,,,,,,,
780800,2592.2,0.000000,,,,,,,,
780900,2592.5,0.000000,,,,,,,,
781000,2592.9,0.000000,,,,,,,,
781100,2593.2,0.000000,,,,,,,,
781200,2593.5,0.000000,,,,,,,,
781300,2593.8,0.000000,,,,,,,,
781400,2594.1,0.000000,,,,,,,,
781500,2594.5,0.000000,,,,,,,,
781600,2594.8,0.000000,,,,,,,,
781700,2595.1,0.000000,,,,,,,,
781800,2595.4,0.000000,,,,,,,,
781900,2595.7,0.000000,,,,,,,,
782000,2596.0,0.000000,,,,,,,,
782100,2596.4,0.000000,,,,,,,,
782200,2596.7,0.000000,,,,,,,,
782300,2597.0,0.000000,,,,,,,,
782400,2597.3,0.000000,,,,,,,,
782500,2597.7,0.000000,,,,,,,,
782600,2598.0,0.000000,,,,,,,,
782700,2598.3,0.000000,,,,,,,,
782800,2598.6,0.000000,,,,,,,,
782900,2598.9,0.000000,,,,,,,,
783000,2599.3,0.000000,,,,,,,,
783100,2599.6,0.000000,,,,,,,,
783200,2599.9,0.000000,,,,,,,,
783300,2600.2,0.000000,,,,,,,,
783400,2600.5,0.000000,,,,,,,,
783500,2600.8,0.000000,,,,,,,,
783600,2601.1,0.000000,,,,,,,,
783700,2601.5,0.000000,,,,,,,,
783800,2601.8,0.000001,,,,,,,,
783900,2602.1,0.000000,,,,,,,,
784000,2602.4,0.000000,,,,,,,,
784100,2602.7,0.000000,,,,,,,,
784200,2603.0,0.000000,,,,,,,,
784300,2603.3,0.000000,,,,,,,,
784400,2603.7,0.000000,,,,,,,,
784500,2604.0,0.000001,,,,,,,,
784600,2604.3,0.000000,,,,,,,,
784700,2604.6,0.000000,,,,,,,,
784800,2604.9,0.000000,,,,,,,,
784900,2605.3,0.000000,,,,,,,,
785000,2606.7,0.000000,0.000000,1.137912e-01,2.810165e-03,2.111920e-03,0.000000,8.010007e-02,2.672546e-03,2.067531e-03
785100,2606.9,0.000000,,,,,,,,
785200,2607.3,0.000000,,,,,,,,
785300,2607.5,0.000000,,,,,,,,
785400,2607.9,0.000002,,,,,,,,
785500,2608.2,0.000000,,,,,,,,
785600,2608.5,0.000000,,,,,,,,
785700,2608.8,0.000000,,,,,,,,
785800,2609.1,0.000000,,,,,,,,
785900,2609.5,0.000000,,,,,,,,
786000,2609.8,0.000001,,,,,,,,
786100,2610.1,0.000000,,,,,,,,
786200,2610.3,0.000000,,,,,,,,
786300,2610.7,0.000000,,,,,,,,
786400,2611.0,0.000000,,,,,,,,
786500,2611.3,0.000000,,,,,,,,
786600,2611.6,0.000000,,,,,,,,
786700,2612.0,0.000000,,,,,,,,
786800,2612.3,0.000000,,,,,,,,
786900,2612.6,0.000000,,,,,,,,
787000,2612.9,0.000000,,,,,,,,
787100,2613.2,0.000000,,,,,,,,
787200,2613.6,0.000000,,,,,,,,
787300,2613.9,0.000000,,,,,,,,
787400,2614.2,0.000000,,,,,,,,
787500,2614.5,0.000000,,,,,,,,
787600,2614.8,0.000001,,,,,,,,
787700,2615.1,0.000000,,,,,,,,
787800,2615.5,0.000000,,,,,,,,
787900,2615.8,0.000002,,,,,,,,
788000,2616.1,0.000001,,,,,,,,
788100,2616.4,0.000000,,,,,,,,
788200,2616.7,0.000000,,,,,,,,
788300,2617.0,0.000001,,,,,,,,
788400,2617.3,0.000000,,,,,,,,
788500,2617.6,0.000000,,,,,,,,
788600,2617.9,0.000000,,,,,,,,
788700,2618.2,0.000000,,,,,,,,
788800,2618.6,0.000000,,,,,,,,
788900,2618.9,0.000000,,,,,,,,
789000,2619.2,0.000000,,,,,,,,
789100,2619.5,0.000000,,,,,,,,
789200,2619.8,0.000000,,,,,,,,
789300,2620.2,0.000000,,,,,,,,
789400,2620.5,0.000000,,,,,,,,
789500,2620.8,0.000000,,,,,,,,
789600,2621.1,0.000000,,,,,,,,
789700,2621.4,0.000000,,,,,,,,
789800,2621.8,0.000000,,,,,,,,
789900,2622.1,0.000001,,,,,,,,
790000,2623.5,0.000000,0.000000,1.077785e-01,2.800806e-03,2.089068e-03,0.000000,7.582284e-02,2.657260e-03,2.044102e-03
790100,2623.7,0.000000,,,,,,,,
790200,2624.1,0.000000,,,,,,,,
790300,2624.4,0.000000,,,,,,,,
790400,2624.7,0.000000,,,,,,,,
790500,2625.0,0.000000,,,,,,,,
790600,2625.3,0.000000,,,,,,,,
790700,2625.6,0.000000,,,,,,,,
790800,2626.0,0.000000,,,,,,,,
790900,2626.3,0.000000,,,,,,,,
791000,2626.6,0.000000,,,,,,,,
791100,2626.9,0.000000,,,,,,,,
791200,2627.2,0.000000,,,,,,,,
791300,2627.6,0.000000,,,,,,,,
791400,2627.9,0.000000,,,,,,,,
791500,2628.2,0.000000,,,,,,,,
791600,2628.5,0.000001,,,,,,,,
791700,2628.8,0.000000,,,,,,,,
791800,2629.2,0.000000,,,,,,,,
791900,2629.5,0.000001,,,,,,,,
792000,2629.8,0.000000,,,,,,,,
792100,2630.1,0.000000,,,,,,,,
792200,2630.4,0.000000,,,,,,,,
792300,2630.7,0.000000,,,,,,,,
792400,2631.0,0.000000,,,,,,,,
792500,2631.4,0.000000,,,,,,,,
792600,2631.7,0.000001,,,,,,,,
792700,2632.0,0.000001,,,,,,,,
792800,2632.3,0.000000,,,,,,,,
792900,2632.6,0.000001,,,,,,,,
793000,2633.0,0.000000,,,,,,,,
793100,2633.2,0.000000,,,,,,,,
793200,2633.5,0.000000,,,,,,,,
793300,2633.8,0.000000,,,,,,,,
793400,2634.2,0.000000,,,,,,,,
793500,2634.5,0.000000,,,,,,,,
793600,2634.8,0.000000,,,,,,,,
793700,2635.1,0.000000,,,,,,,,
793800,2635.4,0.000000,,,,,,,,
793900,2635.7,0.000001,,,,,,,,
794000,2636.1,0.000000,,,,,,,,
794100,2636.4,0.000000,,,,,,,,
794200,2636.7,0.000000,,,,,,,,
794300,2637.0,0.000000,,,,,,,,
794400,2637.3,0.000001,,,,,,,,
794500,2637.6,0.000000,,,,,,,,
794600,2638.0,0.000000,,,,,,,,
794700,2638.3,0.000000,,,,,,,,
794800,2638.6,0.000000,,,,,,,,
794900,2638.9,0.000000,,,,,,,,
795000,2640.4,0.000000,0.000000,1.130389e-01,2.795797e-03,2.087433e-03,0.000000,7.927729e-02,2.655580e-03,2.039774e-03
795100,2640.6,0.000001,,,,,,,,
795200,2641.0,0.000000,,,,,,,,
795300,2641.3,0.000000,,,,,,,,
795400,2641.6,0.000001,,,,,,,,
795500,2641.9,0.000000,,,,,,,,
795600,2642.2,0.000000,,,,,,,,
795700,2642.5,0.000000,,,,,,,,
795800,2642.8,0.000000,,,,,,,,
795900,2643.2,0.000000,,,,,,,,
796000,2643.5,0.000000,,,,,,,,
796100,2643.8,0.000000,,,,,,,,
796200,2644.1,0.000000,,,,,,,,
796300,2644.4,0.000001,,,,,,,,
796400,2644.8,0.000000,,,,,,,,
796500,2645.1,0.000000,,,,,,,,
796600,2645.4,0.000000,,,,,,,,
796700,2645.7,0.000000,,,,,,,,
796800,2646.0,0.000000,,,,,,,,
796900,2646.4,0.000000,,,,,,,,
797000,2646.7,0.000000,,,,,,,,
797100,2647.0,0.000000,,,,,,,,
797200,2647.3,0.000001,,,,,,,,
797300,2647.6,0.000000,,,,,,,,
797400,2648.0,0.000000,,,,,,,,
797500,2648.2,0.000000,,,,,,,,
797600,2648.5,0.000000,,,,,,,,
797700,2648.9,0.000001,,,,,,,,
797800,2649.2,0.000000,,,,,,,,
797900,2649.5,0.000000,,,,,,,,
798000,2649.8,0.000000,,,,,,,,
798100,2650.1,0.000000,,,,,,,,
798200,2650.5,0.000000,,,,,,,,
798300,2650.8,0.000000,,,,,,,,
798400,2651.1,0.000000,,,,,,,,
798500,2651.4,0.000001,,,,,,,,
798600,2651.7,0.000000,,,,,,,,
798700,2652.0,0.000000,,,,,,,,
798800,2652.3,0.000000,,,,,,,,
798900,2652.7,0.000000,,,,,,,,
799000,2653.0,0.000000,,,,,,,,
799100,2653.3,0.000000,,,,,,,,
799200,2653.6,0.000000,,,,,,,,
799300,2653.9,0.000000,,,,,,,,
799400,2654.3,0.000000,,,,,,,,
799500,2654.6,0.000001,,,,,,,,
799600,2654.9,0.000000,,,,,,,,
799700,2655.2,0.000000,,,,,,,,
799800,2655.5,0.000000,,,,,,,,
799900,2655.9,0.000002,,,,,,,,
800000,2657.3,0.000000,0.000000,1.125004e-01,2.795517e-03,2.087651e-03,0.000000,7.893468e-02,2.654825e-03,2.041621e-03
