step,elapsed_s,train_loss,eval_loss,max_abs_err,mean_abs_err,median_abs_err,frac_under_boyd,max_abs_err_bulk,mean_abs_err_bulk,median_abs_err_bulk
100,0.5,0.111926,,,,,,,,
200,0.8,0.001784,,,,,,,,
300,1.3,0.000916,,,,,,,,
400,1.7,0.000463,,,,,,,,
500,2.0,0.000198,,,,,,,,
600,2.4,0.000173,,,,,,,,
700,2.7,0.000473,,,,,,,,
800,3.1,0.000258,,,,,,,,
900,3.4,0.000268,,,,,,,,
1000,3.8,0.000118,,,,,,,,
1100,4.2,0.000671,,,,,,,,
1200,4.4,0.000055,,,,,,,,
1300,4.9,0.000037,,,,,,,,
1400,5.2,0.000054,,,,,,,,
1500,5.5,0.000038,,,,,,,,
1600,5.9,0.000057,,,,,,,,
1700,6.2,0.000056,,,,,,,,
1800,6.6,0.000032,,,,,,,,
1900,6.9,0.000046,,,,,,,,
2000,7.3,0.000032,,,,,,,,
2100,7.7,0.000051,,,,,,,,
2200,8.0,0.000017,,,,,,,,
2300,8.4,0.000042,,,,,,,,
2400,8.7,0.000112,,,,,,,,
2500,9.1,0.000018,,,,,,,,
2600,9.4,0.000035,,,,,,,,
2700,9.8,0.000017,,,,,,,,
2800,10.2,0.000048,,,,,,,,
2900,10.5,0.000025,,,,,,,,
3000,10.9,0.000053,,,,,,,,
3100,11.2,0.000044,,,,,,,,
3200,11.5,0.000033,,,,,,,,
3300,12.0,0.000033,,,,,,,,
3400,12.3,0.000074,,,,,,,,
3500,12.7,0.000055,,,,,,,,
3600,13.0,0.000008,,,,,,,,
3700,13.4,0.000015,,,,,,,,
3800,13.8,0.000023,,,,,,,,
3900,14.1,0.000009,,,,,,,,
4000,14.5,0.000014,,,,,,,,
4100,14.8,0.000047,,,,,,,,
4200,15.1,0.000011,,,,,,,,
4300,15.5,0.000022,,,,,,,,
4400,15.8,0.000031,,,,,,,,
4500,16.3,0.000006,,,,,,,,
4600,16.5,0.000011,,,,,,,,
4700,16.9,0.000007,,,,,,,,
4800,17.3,0.000013,,,,,,,,
4900,17.6,0.000011,,,,,,,,
5000,19.6,0.000016,0.000020,1.934651e-01,2.353079e-02,2.264500e-02,0.000000,1.545282e-01,2.390147e-02,2.327701e-02
5100,19.9,0.000007,,,,,,,,
5200,20.2,0.000008,,,,,,,,
5300,20.6,0.000022,,,,,,,,
5400,20.9,0.000052,,,,,,,,
5500,21.2,0.000015,,,,,,,,
5600,21.6,0.000006,,,,,,,,
5700,21.9,0.000009,,,,,,,,
5800,22.3,0.000004,,,,,,,,
5900,22.6,0.000031,,,,,,,,
6000,23.0,0.000006,,,,,,,,
6100,23.4,0.000008,,,,,,,,
6200,23.7,0.000018,,,,,,,,
6300,24.1,0.000016,,,,,,,,
6400,24.4,0.000006,,,,,,,,
6500,24.7,0.000010,,,,,,,,
6600,25.1,0.000011,,,,,,,,
6700,25.4,0.000015,,,,,,,,
6800,25.9,0.000013,,,,,,,,
6900,26.2,0.000007,,,,,,,,
7000,26.5,0.000005,,,,,,,,
7100,26.9,0.000020,,,,,,,,
7200,27.2,0.000018,,,,,,,,
7300,27.7,0.000014,,,,,,,,
7400,28.0,0.000006,,,,,,,,
7500,28.3,0.000012,,,,,,,,
7600,28.7,0.000009,,,,,,,,
7700,29.0,0.000016,,,,,,,,
7800,29.5,0.000012,,,,,,,,
7900,29.8,0.000005,,,,,,,,
8000,30.2,0.000007,,,,,,,,
8100,30.8,0.000005,,,,,,,,
8200,31.3,0.000006,,,,,,,,
8300,31.6,0.000024,,,,,,,,
8400,32.0,0.000013,,,,,,,,
8500,32.4,0.000006,,,,,,,,
8600,32.7,0.000021,,,,,,,,
8700,33.1,0.000047,,,,,,,,
8800,33.4,0.000009,,,,,,,,
8900,33.8,0.000007,,,,,,,,
9000,34.1,0.000024,,,,,,,,
9100,34.5,0.000020,,,,,,,,
9200,34.9,0.000009,,,,,,,,
9300,35.2,0.000013,,,,,,,,
9400,35.6,0.000005,,,,,,,,
9500,35.9,0.000007,,,,,,,,
9600,36.2,0.000005,,,,,,,,
9700,36.6,0.000010,,,,,,,,
9800,36.9,0.000017,,,,,,,,
9900,37.4,0.000014,,,,,,,,
10000,39.2,0.000013,0.000009,2.696038e-01,1.202745e-02,8.978326e-03,0.000000,2.143688e-01,1.160716e-02,8.951740e-03
10100,39.5,0.000004,,,,,,,,
10200,39.9,0.000010,,,,,,,,
10300,40.4,0.000018,,,,,,,,
10400,40.6,0.000015,,,,,,,,
10500,40.9,0.000004,,,,,,,,
10600,41.2,0.000005,,,,,,,,
10700,41.7,0.000004,,,,,,,,
10800,42.0,0.000006,,,,,,,,
10900,42.3,0.000003,,,,,,,,
11000,42.7,0.000009,,,,,,,,
11100,43.0,0.000008,,,,,,,,
11200,43.4,0.000007,,,,,,,,
11300,43.8,0.000006,,,,,,,,
11400,44.1,0.000004,,,,,,,,
11500,44.6,0.000009,,,,,,,,
11600,44.8,0.000005,,,,,,,,
11700,45.3,0.000005,,,,,,,,
11800,45.6,0.000011,,,,,,,,
11900,45.9,0.000020,,,,,,,,
12000,46.3,0.000004,,,,,,,,
12100,46.6,0.000008,,,,,,,,
12200,47.0,0.000003,,,,,,,,
12300,47.3,0.000015,,,,,,,,
12400,47.7,0.000004,,,,,,,,
12500,48.1,0.000001,,,,,,,,
12600,48.4,0.000004,,,,,,,,
12700,48.8,0.000006,,,,,,,,
12800,49.1,0.000004,,,,,,,,
12900,49.5,0.000005,,,,,,,,
13000,49.8,0.000007,,,,,,,,
13100,50.1,0.000002,,,,,,,,
13200,50.6,0.000006,,,,,,,,
13300,50.9,0.000003,,,,,,,,
13400,51.2,0.000010,,,,,,,,
13500,51.6,0.000006,,,,,,,,
13600,51.9,0.000003,,,,,,,,
13700,52.4,0.000008,,,,,,,,
13800,52.6,0.000003,,,,,,,,
13900,53.0,0.000020,,,,,,,,
14000,53.4,0.000004,,,,,,,,
14100,53.7,0.000009,,,,,,,,
14200,54.2,0.000003,,,,,,,,
14300,54.5,0.000005,,,,,,,,
14400,54.8,0.000005,,,,,,,,
14500,55.2,0.000003,,,,,,,,
14600,55.5,0.000003,,,,,,,,
14700,55.9,0.000002,,,,,,,,
14800,56.2,0.000004,,,,,,,,
14900,56.6,0.000010,,,,,,,,
15000,58.3,0.000011,0.000017,2.250050e-01,2.096608e-02,2.172086e-02,0.000000,1.530478e-01,2.125676e-02,2.291792e-02
15100,58.6,0.000005,,,,,,,,
15200,59.0,0.000005,,,,,,,,
15300,59.3,0.000004,,,,,,,,
15400,59.7,0.000003,,,,,,,,
15500,60.1,0.000017,,,,,,,,
15600,60.4,0.000004,,,,,,,,
15700,60.9,0.000008,,,,,,,,
15800,61.3,0.000010,,,,,,,,
15900,61.6,0.000013,,,,,,,,
16000,62.0,0.000007,,,,,,,,
16100,62.3,0.000004,,,,,,,,
16200,62.7,0.000020,,,,,,,,
16300,63.1,0.000005,,,,,,,,
16400,63.4,0.000004,,,,,,,,
16500,63.9,0.000003,,,,,,,,
16600,64.2,0.000007,,,,,,,,
16700,64.5,0.000004,,,,,,,,
16800,64.9,0.000006,,,,,,,,
16900,65.2,0.000002,,,,,,,,
17000,65.6,0.000003,,,,,,,,
17100,65.9,0.000009,,,,,,,,
17200,66.3,0.000004,,,,,,,,
17300,66.7,0.000004,,,,,,,,
17400,67.0,0.000021,,,,,,,,
17500,67.4,0.000007,,,,,,,,
17600,67.7,0.000008,,,,,,,,
17700,68.0,0.000011,,,,,,,,
17800,68.4,0.000006,,,,,,,,
17900,68.7,0.000004,,,,,,,,
18000,69.1,0.000011,,,,,,,,
18100,69.4,0.000001,,,,,,,,
18200,69.8,0.000002,,,,,,,,
18300,70.2,0.000005,,,,,,,,
18400,70.5,0.000002,,,,,,,,
18500,71.0,0.000010,,,,,,,,
18600,71.2,0.000009,,,,,,,,
18700,71.6,0.000003,,,,,,,,
18800,72.0,0.000008,,,,,,,,
18900,72.3,0.000004,,,,,,,,
19000,72.7,0.000002,,,,,,,,
19100,73.0,0.000004,,,,,,,,
19200,73.4,0.000003,,,,,,,,
19300,74.0,0.000005,,,,,,,,
19400,74.2,0.000005,,,,,,,,
19500,74.6,0.000004,,,,,,,,
19600,75.0,0.000007,,,,,,,,
19700,75.3,0.000003,,,,,,,,
19800,75.8,0.000003,,,,,,,,
19900,76.1,0.000002,,,,,,,,
20000,77.8,0.000002,0.000003,1.407775e-01,7.546267e-03,6.103451e-03,0.000000,9.484077e-02,7.369534e-03,6.058867e-03
20100,78.1,0.000002,,,,,,,,
20200,78.5,0.000004,,,,,,,,
20300,78.9,0.000006,,,,,,,,
20400,79.2,0.000005,,,,,,,,
20500,79.6,0.000003,,,,,,,,
20600,79.9,0.000004,,,,,,,,
20700,80.3,0.000007,,,,,,,,
20800,80.6,0.000007,,,,,,,,
20900,81.0,0.000006,,,,,,,,
21000,81.4,0.000003,,,,,,,,
21100,81.7,0.000007,,,,,,,,
21200,82.1,0.000002,,,,,,,,
21300,82.4,0.000008,,,,,,,,
21400,82.7,0.000002,,,,,,,,
21500,83.1,0.000003,,,,,,,,
21600,83.4,0.000011,,,,,,,,
21700,83.8,0.000001,,,,,,,,
21800,84.1,0.000002,,,,,,,,
21900,84.5,0.000004,,,,,,,,
22000,84.9,0.000002,,,,,,,,
22100,85.2,0.000007,,,,,,,,
22200,85.6,0.000002,,,,,,,,
22300,85.9,0.000003,,,,,,,,
22400,86.3,0.000001,,,,,,,,
22500,86.6,0.000002,,,,,,,,
22600,86.9,0.000004,,,,,,,,
22700,87.5,0.000002,,,,,,,,
22800,87.8,0.000003,,,,,,,,
22900,88.2,0.000002,,,,,,,,
23000,88.6,0.000006,,,,,,,,
23100,88.9,0.000004,,,,,,,,
23200,89.3,0.000003,,,,,,,,
23300,89.7,0.000004,,,,,,,,
23400,90.0,0.000005,,,,,,,,
23500,90.5,0.000005,,,,,,,,
23600,90.7,0.000005,,,,,,,,
23700,91.1,0.000011,,,,,,,,
23800,91.5,0.000001,,,,,,,,
23900,91.8,0.000005,,,,,,,,
24000,92.3,0.000007,,,,,,,,
24100,92.5,0.000007,,,,,,,,
24200,92.9,0.000002,,,,,,,,
24300,93.3,0.000001,,,,,,,,
24400,93.6,0.000003,,,,,,,,
24500,94.0,0.000005,,,,,,,,
24600,94.3,0.000004,,,,,,,,
24700,94.7,0.000001,,,,,,,,
24800,95.1,0.000002,,,,,,,,
24900,95.4,0.000002,,,,,,,,
25000,97.2,0.000002,0.000006,1.234068e-01,1.252375e-02,1.113889e-02,0.000000,6.415113e-02,1.257425e-02,1.124275e-02
25100,97.5,0.000003,,,,,,,,
25200,98.0,0.000006,,,,,,,,
25300,98.3,0.000001,,,,,,,,
25400,98.6,0.000003,,,,,,,,
25500,99.0,0.000008,,,,,,,,
25600,99.3,0.000003,,,,,,,,
25700,99.8,0.000004,,,,,,,,
25800,100.1,0.000001,,,,,,,,
25900,100.4,0.000006,,,,,,,,
26000,100.8,0.000004,,,,,,,,
26100,101.1,0.000008,,,,,,,,
26200,101.6,0.000001,,,,,,,,
26300,101.9,0.000002,,,,,,,,
26400,102.2,0.000011,,,,,,,,
26500,102.6,0.000001,,,,,,,,
26600,102.9,0.000003,,,,,,,,
26700,103.3,0.000005,,,,,,,,
26800,103.6,0.000002,,,,,,,,
26900,104.0,0.000002,,,,,,,,
27000,104.4,0.000003,,,,,,,,
27100,104.7,0.000004,,,,,,,,
27200,105.1,0.000002,,,,,,,,
27300,105.4,0.000004,,,,,,,,
27400,105.7,0.000004,,,,,,,,
27500,106.2,0.000002,,,,,,,,
27600,106.5,0.000008,,,,,,,,
27700,106.9,0.000005,,,,,,,,
27800,107.2,0.000005,,,,,,,,
27900,107.6,0.000004,,,,,,,,
28000,108.0,0.000003,,,,,,,,
28100,108.3,0.000002,,,,,,,,
28200,108.7,0.000011,,,,,,,,
28300,109.0,0.000001,,,,,,,,
28400,109.4,0.000002,,,,,,,,
28500,109.8,0.000002,,,,,,,,
28600,110.1,0.000004,,,,,,,,
28700,110.5,0.000001,,,,,,,,
28800,110.8,0.000004,,,,,,,,
28900,111.2,0.000002,,,,,,,,
29000,111.6,0.000004,,,,,,,,
29100,111.9,0.000001,,,,,,,,
29200,112.3,0.000003,,,,,,,,
29300,112.6,0.000002,,,,,,,,
29400,113.0,0.000002,,,,,,,,
29500,113.4,0.000002,,,,,,,,
29600,113.7,0.000005,,,,,,,,
29700,114.2,0.000004,,,,,,,,
29800,114.4,0.000003,,,,,,,,
29900,114.8,0.000003,,,,,,,,
30000,116.6,0.000003,0.000006,1.986783e-01,1.228414e-02,1.056396e-02,0.000000,1.035117e-01,1.257197e-02,1.123855e-02
30100,117.0,0.000002,,,,,,,,
30200,117.2,0.000002,,,,,,,,
30300,117.6,0.000005,,,,,,,,
30400,118.1,0.000002,,,,,,,,
30500,118.3,0.000003,,,,,,,,
30600,118.7,0.000004,,,,,,,,
30700,119.1,0.000001,,,,,,,,
30800,119.4,0.000001,,,,,,,,
30900,119.8,0.000002,,,,,,,,
31000,120.1,0.000002,,,,,,,,
31100,120.5,0.000002,,,,,,,,
31200,120.9,0.000006,,,,,,,,
31300,121.2,0.000002,,,,,,,,
31400,121.7,0.000003,,,,,,,,
31500,121.9,0.000019,,,,,,,,
31600,122.3,0.000004,,,,,,,,
31700,122.7,0.000001,,,,,,,,
31800,123.0,0.000002,,,,,,,,
31900,123.5,0.000003,,,,,,,,
32000,123.8,0.000001,,,,,,,,
32100,124.1,0.000003,,,,,,,,
32200,124.5,0.000001,,,,,,,,
32300,124.8,0.000003,,,,,,,,
32400,125.3,0.000001,,,,,,,,
32500,125.5,0.000004,,,,,,,,
32600,125.9,0.000002,,,,,,,,
32700,126.3,0.000009,,,,,,,,
32800,126.5,0.000002,,,,,,,,
32900,127.0,0.000004,,,,,,,,
33000,127.3,0.000008,,,,,,,,
33100,127.6,0.000002,,,,,,,,
33200,128.0,0.000002,,,,,,,,
33300,128.3,0.000005,,,,,,,,
33400,128.8,0.000005,,,,,,,,
33500,129.0,0.000002,,,,,,,,
33600,129.4,0.000003,,,,,,,,
33700,129.8,0.000005,,,,,,,,
33800,130.1,0.000002,,,,,,,,
33900,130.6,0.000003,,,,,,,,
34000,130.8,0.000002,,,,,,,,
34100,131.2,0.000002,,,,,,,,
34200,131.6,0.000006,,,,,,,,
34300,131.9,0.000002,,,,,,,,
34400,132.3,0.000011,,,,,,,,
34500,132.6,0.000002,,,,,,,,
34600,133.0,0.000002,,,,,,,,
34700,133.3,0.000007,,,,,,,,
34800,133.7,0.000002,,,,,,,,
34900,134.2,0.000002,,,,,,,,
35000,135.8,0.000002,0.000004,1.288066e-01,1.009270e-02,8.524727e-03,0.000000,6.459528e-02,1.026741e-02,8.731441e-03
35100,136.1,0.000003,,,,,,,,
35200,136.3,0.000001,,,,,,,,
35300,136.6,0.000004,,,,,,,,
35400,137.1,0.000001,,,,,,,,
35500,137.4,0.000007,,,,,,,,
35600,137.8,0.000001,,,,,,,,
35700,138.2,0.000005,,,,,,,,
35800,138.5,0.000003,,,,,,,,
35900,138.9,0.000004,,,,,,,,
36000,139.2,0.000004,,,,,,,,
36100,139.5,0.000013,,,,,,,,
36200,140.0,0.000002,,,,,,,,
36300,140.2,0.000003,,,,,,,,
36400,140.7,0.000008,,,,,,,,
36500,141.0,0.000001,,,,,,,,
36600,141.4,0.000002,,,,,,,,
36700,141.7,0.000001,,,,,,,,
36800,142.0,0.000003,,,,,,,,
36900,142.5,0.000002,,,,,,,,
37000,142.8,0.000002,,,,,,,,
37100,143.2,0.000001,,,,,,,,
37200,143.6,0.000004,,,,,,,,
37300,143.9,0.000004,,,,,,,,
37400,144.3,0.000006,,,,,,,,
37500,144.6,0.000003,,,,,,,,
37600,144.9,0.000003,,,,,,,,
37700,145.3,0.000002,,,,,,,,
37800,145.6,0.000004,,,,,,,,
37900,146.1,0.000002,,,,,,,,
38000,146.4,0.000005,,,,,,,,
38100,146.7,0.000005,,,,,,,,
38200,147.1,0.000002,,,,,,,,
38300,147.4,0.000005,,,,,,,,
38400,147.8,0.000003,,,,,,,,
38500,148.1,0.000001,,,,,,,,
38600,148.5,0.000001,,,,,,,,
38700,148.9,0.000003,,,,,,,,
38800,149.2,0.000003,,,,,,,,
38900,149.6,0.000002,,,,,,,,
39000,149.9,0.000003,,,,,,,,
39100,150.3,0.000004,,,,,,,,
39200,150.6,0.000000,,,,,,,,
39300,150.9,0.000007,,,,,,,,
39400,151.4,0.000003,,,,,,,,
39500,151.6,0.000001,,,,,,,,
39600,152.0,0.000002,,,,,,,,
39700,152.4,0.000003,,,,,,,,
39800,152.7,0.000007,,,,,,,,
39900,153.1,0.000002,,,,,,,,
40000,154.8,0.000005,0.000002,8.320335e-02,5.868253e-03,4.584023e-03,0.000000,6.651212e-02,5.999305e-03,4.748288e-03
40100,155.2,0.000015,,,,,,,,
40200,155.6,0.000003,,,,,,,,
40300,155.9,0.000002,,,,,,,,
40400,156.3,0.000005,,,,,,,,
40500,156.6,0.000002,,,,,,,,
40600,157.0,0.000002,,,,,,,,
40700,157.4,0.000017,,,,,,,,
40800,157.7,0.000001,,,,,,,,
40900,158.1,0.000002,,,,,,,,
41000,158.4,0.000001,,,,,,,,
41100,158.8,0.000002,,,,,,,,
41200,159.1,0.000002,,,,,,,,
41300,159.4,0.000001,,,,,,,,
41400,159.8,0.000001,,,,,,,,
41500,160.1,0.000001,,,,,,,,
41600,160.6,0.000001,,,,,,,,
41700,160.9,0.000003,,,,,,,,
41800,161.2,0.000004,,,,,,,,
41900,161.6,0.000003,,,,,,,,
42000,161.9,0.000001,,,,,,,,
42100,162.3,0.000003,,,,,,,,
42200,162.6,0.000001,,,,,,,,
42300,163.0,0.000003,,,,,,,,
42400,163.4,0.000001,,,,,,,,
42500,163.7,0.000002,,,,,,,,
42600,164.1,0.000001,,,,,,,,
42700,164.4,0.000002,,,,,,,,
42800,164.8,0.000001,,,,,,,,
42900,165.1,0.000008,,,,,,,,
43000,165.4,0.000003,,,,,,,,
43100,166.0,0.000001,,,,,,,,
43200,166.2,0.000002,,,,,,,,
43300,166.6,0.000006,,,,,,,,
43400,167.0,0.000001,,,,,,,,
43500,167.3,0.000002,,,,,,,,
43600,167.8,0.000004,,,,,,,,
43700,168.0,0.000003,,,,,,,,
43800,168.4,0.000001,,,,,,,,
43900,168.9,0.000002,,,,,,,,
44000,169.1,0.000003,,,,,,,,
44100,169.5,0.000002,,,,,,,,
44200,169.9,0.000007,,,,,,,,
44300,170.2,0.000006,,,,,,,,
44400,170.6,0.000004,,,,,,,,
44500,170.9,0.000002,,,,,,,,
44600,171.3,0.000004,,,,,,,,
44700,171.7,0.000001,,,,,,,,
44800,172.0,0.000002,,,,,,,,
44900,172.4,0.000001,,,,,,,,
45000,174.2,0.000001,0.000001,1.087586e-01,5.925116e-03,5.110419e-03,0.000000,5.656315e-02,5.885877e-03,5.111515e-03
45100,174.5,0.000001,,,,,,,,
45200,174.8,0.000001,,,,,,,,
45300,175.4,0.000001,,,,,,,,
45400,176.1,0.000002,,,,,,,,
45500,176.7,0.000001,,,,,,,,
45600,177.3,0.000002,,,,,,,,
45700,177.7,0.000001,,,,,,,,
45800,178.0,0.000003,,,,,,,,
45900,178.5,0.000003,,,,,,,,
46000,178.8,0.000002,,,,,,,,
46100,179.1,0.000001,,,,,,,,
46200,179.5,0.000003,,,,,,,,
46300,179.8,0.000001,,,,,,,,
46400,180.2,0.000003,,,,,,,,
46500,180.5,0.000001,,,,,,,,
46600,180.8,0.000003,,,,,,,,
46700,181.3,0.000004,,,,,,,,
46800,181.6,0.000002,,,,,,,,
46900,181.9,0.000002,,,,,,,,
47000,182.4,0.000001,,,,,,,,
47100,182.7,0.000002,,,,,,,,
47200,183.1,0.000002,,,,,,,,
47300,183.5,0.000002,,,,,,,,
47400,183.8,0.000003,,,,,,,,
47500,184.3,0.000001,,,,,,,,
47600,184.6,0.000003,,,,,,,,
47700,184.9,0.000003,,,,,,,,
47800,185.3,0.000005,,,,,,,,
47900,185.6,0.000001,,,,,,,,
48000,186.0,0.000002,,,,,,,,
48100,186.3,0.000004,,,,,,,,
48200,186.7,0.000001,,,,,,,,
48300,187.1,0.000003,,,,,,,,
48400,187.4,0.000002,,,,,,,,
48500,187.8,0.000004,,,,,,,,
48600,188.1,0.000004,,,,,,,,
48700,188.4,0.000002,,,,,,,,
48800,188.8,0.000002,,,,,,,,
48900,189.1,0.000003,,,,,,,,
49000,189.6,0.000002,,,,,,,,
49100,189.8,0.000001,,,,,,,,
49200,190.2,0.000002,,,,,,,,
49300,190.6,0.000001,,,,,,,,
49400,190.9,0.000001,,,,,,,,
49500,191.4,0.000001,,,,,,,,
49600,191.7,0.000001,,,,,,,,
49700,192.0,0.000001,,,,,,,,
49800,192.4,0.000001,,,,,,,,
49900,192.7,0.000003,,,,,,,,
50000,194.6,0.000001,0.000001,1.061235e-01,5.253541e-03,4.456282e-03,0.000000,4.693962e-02,5.014028e-03,4.303817e-03
50100,194.8,0.000001,,,,,,,,
50200,195.1,0.000007,,,,,,,,
50300,195.4,0.000003,,,,,,,,
50400,195.8,0.000002,,,,,,,,
50500,196.1,0.000005,,,,,,,,
50600,196.5,0.000002,,,,,,,,
50700,196.8,0.000001,,,,,,,,
50800,197.2,0.000001,,,,,,,,
50900,197.6,0.000001,,,,,,,,
51000,197.9,0.000001,,,,,,,,
51100,198.3,0.000001,,,,,,,,
51200,198.6,0.000002,,,,,,,,
51300,198.9,0.000002,,,,,,,,
51400,199.3,0.000004,,,,,,,,
51500,199.6,0.000001,,,,,,,,
51600,200.1,0.000004,,,,,,,,
51700,200.4,0.000003,,,,,,,,
51800,200.8,0.000008,,,,,,,,
51900,201.1,0.000002,,,,,,,,
52000,201.4,0.000001,,,,,,,,
52100,201.9,0.000001,,,,,,,,
52200,202.1,0.000001,,,,,,,,
52300,202.6,0.000002,,,,,,,,
52400,202.9,0.000002,,,,,,,,
52500,203.2,0.000001,,,,,,,,
52600,203.6,0.000001,,,,,,,,
52700,203.9,0.000002,,,,,,,,
52800,204.4,0.000002,,,,,,,,
52900,204.6,0.000001,,,,,,,,
53000,205.0,0.000001,,,,,,,,
53100,205.4,0.000002,,,,,,,,
53200,205.7,0.000004,,,,,,,,
53300,206.1,0.000001,,,,,,,,
53400,206.4,0.000001,,,,,,,,
53500,206.8,0.000002,,,,,,,,
53600,207.1,0.000002,,,,,,,,
53700,207.5,0.000003,,,,,,,,
53800,207.9,0.000002,,,,,,,,
53900,208.2,0.000003,,,,,,,,
54000,208.5,0.000002,,,,,,,,
54100,208.9,0.000003,,,,,,,,
54200,209.2,0.000001,,,,,,,,
54300,209.7,0.000001,,,,,,,,
54400,210.0,0.000002,,,,,,,,
54500,210.3,0.000002,,,,,,,,
54600,210.7,0.000001,,,,,,,,
54700,211.0,0.000001,,,,,,,,
54800,211.4,0.000002,,,,,,,,
54900,211.7,0.000000,,,,,,,,
55000,213.5,0.000001,0.000002,1.881475e-01,5.369232e-03,3.891043e-03,0.000000,1.294561e-01,5.163057e-03,3.831423e-03
55100,213.9,0.000000,,,,,,,,
55200,214.2,0.000003,,,,,,,,
55300,214.5,0.000002,,,,,,,,
55400,215.0,0.000003,,,,,,,,
55500,215.3,0.000003,,,,,,,,
55600,215.7,0.000002,,,,,,,,
55700,216.0,0.000001,,,,,,,,
55800,216.3,0.000001,,,,,,,,
55900,216.8,0.000005,,,,,,,,
56000,217.0,0.000001,,,,,,,,
56100,217.5,0.000003,,,,,,,,
56200,217.8,0.000002,,,,,,,,
56300,218.1,0.000003,,,,,,,,
56400,218.5,0.000000,,,,,,,,
56500,218.8,0.000005,,,,,,,,
56600,219.3,0.000002,,,,,,,,
56700,219.5,0.000003,,,,,,,,
56800,219.9,0.000003,,,,,,,,
56900,220.3,0.000001,,,,,,,,
57000,220.6,0.000002,,,,,,,,
57100,221.1,0.000001,,,,,,,,
57200,221.4,0.000002,,,,,,,,
57300,221.8,0.000003,,,,,,,,
57400,222.2,0.000002,,,,,,,,
57500,222.5,0.000001,,,,,,,,
57600,223.0,0.000001,,,,,,,,
57700,223.3,0.000002,,,,,,,,
57800,223.6,0.000001,,,,,,,,
57900,224.2,0.000001,,,,,,,,
58000,224.5,0.000001,,,,,,,,
58100,224.8,0.000001,,,,,,,,
58200,225.3,0.000003,,,,,,,,
58300,225.6,0.000002,,,,,,,,
58400,225.9,0.000001,,,,,,,,
58500,226.2,0.000002,,,,,,,,
58600,226.7,0.000002,,,,,,,,
58700,227.0,0.000001,,,,,,,,
58800,227.4,0.000000,,,,,,,,
58900,227.8,0.000001,,,,,,,,
59000,228.1,0.000003,,,,,,,,
59100,228.5,0.000001,,,,,,,,
59200,228.8,0.000001,,,,,,,,
59300,229.2,0.000001,,,,,,,,
59400,229.5,0.000001,,,,,,,,
59500,229.8,0.000002,,,,,,,,
59600,230.3,0.000001,,,,,,,,
59700,230.6,0.000001,,,,,,,,
59800,230.9,0.000002,,,,,,,,
59900,231.3,0.000002,,,,,,,,
60000,233.0,0.000003,0.000002,1.623842e-01,6.077285e-03,4.821595e-03,0.000000,1.239007e-01,6.221267e-03,5.163424e-03
60100,233.4,0.000001,,,,,,,,
60200,233.9,0.000001,,,,,,,,
60300,234.2,0.000002,,,,,,,,
60400,234.5,0.000002,,,,,,,,
60500,235.0,0.000001,,,,,,,,
60600,235.3,0.000002,,,,,,,,
60700,235.7,0.000002,,,,,,,,
60800,236.0,0.000001,,,,,,,,
60900,236.3,0.000003,,,,,,,,
61000,236.7,0.000001,,,,,,,,
61100,237.0,0.000001,,,,,,,,
61200,237.4,0.000003,,,,,,,,
61300,237.7,0.000000,,,,,,,,
61400,238.1,0.000003,,,,,,,,
61500,238.5,0.000002,,,,,,,,
61600,238.8,0.000002,,,,,,,,
61700,239.2,0.000002,,,,,,,,
61800,239.5,0.000003,,,,,,,,
61900,239.9,0.000002,,,,,,,,
62000,240.3,0.000002,,,,,,,,
62100,240.6,0.000001,,,,,,,,
62200,241.0,0.000001,,,,,,,,
62300,241.3,0.000002,,,,,,,,
62400,241.7,0.000004,,,,,,,,
62500,242.1,0.000003,,,,,,,,
62600,242.4,0.000001,,,,,,,,
62700,242.8,0.000002,,,,,,,,
62800,243.1,0.000002,,,,,,,,
62900,243.4,0.000002,,,,,,,,
63000,243.8,0.000002,,,,,,,,
63100,244.1,0.000001,,,,,,,,
63200,244.6,0.000002,,,,,,,,
63300,244.9,0.000002,,,,,,,,
63400,245.2,0.000001,,,,,,,,
63500,245.6,0.000001,,,,,,,,
63600,245.9,0.000002,,,,,,,,
63700,246.4,0.000001,,,,,,,,
63800,246.7,0.000001,,,,,,,,
63900,247.0,0.000001,,,,,,,,
64000,247.4,0.000004,,,,,,,,
64100,247.7,0.000002,,,,,,,,
64200,248.2,0.000001,,,,,,,,
64300,248.4,0.000007,,,,,,,,
64400,248.8,0.000002,,,,,,,,
64500,249.2,0.000004,,,,,,,,
64600,249.5,0.000002,,,,,,,,
64700,249.9,0.000002,,,,,,,,
64800,250.2,0.000002,,,,,,,,
64900,250.6,0.000002,,,,,,,,
65000,252.4,0.000001,0.000001,7.342149e-02,5.447740e-03,4.797759e-03,0.000000,7.342149e-02,5.450558e-03,4.821328e-03
65100,252.7,0.000001,,,,,,,,
65200,253.0,0.000003,,,,,,,,
65300,253.3,0.000003,,,,,,,,
65400,253.7,0.000002,,,,,,,,
65500,254.0,0.000001,,,,,,,,
65600,254.5,0.000002,,,,,,,,
65700,254.7,0.000002,,,,,,,,
65800,255.1,0.000002,,,,,,,,
65900,255.5,0.000001,,,,,,,,
66000,255.8,0.000002,,,,,,,,
66100,256.2,0.000003,,,,,,,,
66200,256.5,0.000001,,,,,,,,
66300,257.0,0.000017,,,,,,,,
66400,257.2,0.000001,,,,,,,,
66500,257.6,0.000001,,,,,,,,
66600,258.0,0.000006,,,,,,,,
66700,258.3,0.000001,,,,,,,,
66800,258.7,0.000001,,,,,,,,
66900,259.0,0.000001,,,,,,,,
67000,259.4,0.000001,,,,,,,,
67100,259.8,0.000002,,,,,,,,
67200,260.1,0.000004,,,,,,,,
67300,260.5,0.000006,,,,,,,,
67400,260.8,0.000001,,,,,,,,
67500,261.1,0.000002,,,,,,,,
67600,261.5,0.000001,,,,,,,,
67700,261.8,0.000000,,,,,,,,
67800,262.3,0.000002,,,,,,,,
67900,262.6,0.000001,,,,,,,,
68000,263.0,0.000001,,,,,,,,
68100,263.3,0.000004,,,,,,,,
68200,263.6,0.000002,,,,,,,,
68300,264.1,0.000003,,,,,,,,
68400,264.4,0.000001,,,,,,,,
68500,264.7,0.000002,,,,,,,,
68600,265.2,0.000001,,,,,,,,
68700,265.5,0.000001,,,,,,,,
68800,266.0,0.000002,,,,,,,,
68900,266.2,0.000001,,,,,,,,
69000,266.6,0.000002,,,,,,,,
69100,267.0,0.000001,,,,,,,,
69200,267.3,0.000001,,,,,,,,
69300,267.7,0.000003,,,,,,,,
69400,268.0,0.000002,,,,,,,,
69500,268.4,0.000001,,,,,,,,
69600,268.7,0.000001,,,,,,,,
69700,269.1,0.000003,,,,,,,,
69800,269.5,0.000001,,,,,,,,
69900,269.8,0.000002,,,,,,,,
70000,271.6,0.000001,0.000002,1.024827e-01,8.296119e-03,8.151460e-03,0.000000,7.179738e-02,8.385774e-03,8.289979e-03
70100,271.9,0.000001,,,,,,,,
70200,272.3,0.000000,,,,,,,,
70300,272.7,0.000002,,,,,,,,
70400,273.0,0.000001,,,,,,,,
70500,273.4,0.000002,,,,,,,,
70600,273.7,0.000001,,,,,,,,
70700,274.1,0.000001,,,,,,,,
70800,274.5,0.000001,,,,,,,,
70900,274.7,0.000001,,,,,,,,
71000,275.2,0.000003,,,,,,,,
71100,275.5,0.000000,,,,,,,,
71200,275.8,0.000001,,,,,,,,
71300,276.2,0.000001,,,,,,,,
71400,276.5,0.000003,,,,,,,,
71500,276.9,0.000001,,,,,,,,
71600,277.2,0.000001,,,,,,,,
71700,277.6,0.000001,,,,,,,,
71800,277.9,0.000001,,,,,,,,
71900,278.2,0.000002,,,,,,,,
72000,278.7,0.000002,,,,,,,,
72100,279.0,0.000001,,,,,,,,
72200,279.4,0.000001,,,,,,,,
72300,279.7,0.000001,,,,,,,,
72400,280.0,0.000001,,,,,,,,
72500,280.4,0.000002,,,,,,,,
72600,280.7,0.000001,,,,,,,,
72700,281.1,0.000003,,,,,,,,
72800,281.4,0.000002,,,,,,,,
72900,281.8,0.000003,,,,,,,,
73000,282.2,0.000001,,,,,,,,
73100,282.5,0.000001,,,,,,,,
73200,282.9,0.000001,,,,,,,,
73300,283.2,0.000001,,,,,,,,
73400,283.6,0.000003,,,,,,,,
73500,284.0,0.000001,,,,,,,,
73600,284.3,0.000001,,,,,,,,
73700,284.7,0.000000,,,,,,,,
73800,285.0,0.000003,,,,,,,,
73900,285.4,0.000001,,,,,,,,
74000,285.7,0.000001,,,,,,,,
74100,286.0,0.000001,,,,,,,,
74200,286.5,0.000002,,,,,,,,
74300,286.8,0.000003,,,,,,,,
74400,287.1,0.000001,,,,,,,,
74500,287.7,0.000001,,,,,,,,
74600,288.0,0.000001,,,,,,,,
74700,288.4,0.000001,,,,,,,,
74800,288.7,0.000000,,,,,,,,
74900,289.0,0.000001,,,,,,,,
75000,290.9,0.000001,0.000001,7.947329e-02,3.882531e-03,3.369145e-03,0.000000,3.566192e-02,3.830567e-03,3.333232e-03
75100,291.2,0.000000,,,,,,,,
75200,291.6,0.000002,,,,,,,,
75300,291.9,0.000001,,,,,,,,
75400,292.3,0.000000,,,,,,,,
75500,292.6,0.000001,,,,,,,,
75600,293.0,0.000004,,,,,,,,
75700,293.4,0.000003,,,,,,,,
75800,293.7,0.000003,,,,,,,,
75900,294.1,0.000001,,,,,,,,
76000,294.4,0.000002,,,,,,,,
76100,294.7,0.000003,,,,,,,,
76200,295.2,0.000001,,,,,,,,
76300,295.5,0.000009,,,,,,,,
76400,295.9,0.000001,,,,,,,,
76500,296.2,0.000002,,,,,,,,
76600,296.5,0.000004,,,,,,,,
76700,297.0,0.000002,,,,,,,,
76800,297.3,0.000001,,,,,,,,
76900,297.7,0.000001,,,,,,,,
77000,298.0,0.000001,,,,,,,,
77100,298.3,0.000001,,,,,,,,
77200,298.7,0.000001,,,,,,,,
77300,299.0,0.000006,,,,,,,,
77400,299.5,0.000001,,,,,,,,
77500,299.8,0.000000,,,,,,,,
77600,300.1,0.000001,,,,,,,,
77700,300.6,0.000001,,,,,,,,
77800,300.9,0.000002,,,,,,,,
77900,301.3,0.000001,,,,,,,,
78000,301.6,0.000001,,,,,,,,
78100,301.9,0.000001,,,,,,,,
78200,302.3,0.000000,,,,,,,,
78300,302.6,0.000001,,,,,,,,
78400,303.1,0.000001,,,,,,,,
78500,303.3,0.000001,,,,,,,,
78600,303.7,0.000001,,,,,,,,
78700,304.1,0.000001,,,,,,,,
78800,304.4,0.000002,,,,,,,,
78900,304.8,0.000003,,,,,,,,
79000,305.1,0.000001,,,,,,,,
79100,305.5,0.000001,,,,,,,,
79200,305.9,0.000004,,,,,,,,
79300,306.2,0.000001,,,,,,,,
79400,306.6,0.000001,,,,,,,,
79500,306.9,0.000004,,,,,,,,
79600,307.3,0.000001,,,,,,,,
79700,307.9,0.000001,,,,,,,,
79800,308.1,0.000002,,,,,,,,
79900,308.5,0.000001,,,,,,,,
80000,310.2,0.000001,0.000001,9.001807e-02,4.340479e-03,3.536813e-03,0.000000,6.209872e-02,4.364532e-03,3.603313e-03
80100,310.5,0.000000,,,,,,,,
80200,310.9,0.000001,,,,,,,,
80300,311.2,0.000001,,,,,,,,
80400,311.6,0.000001,,,,,,,,
80500,312.0,0.000002,,,,,,,,
80600,312.3,0.000001,,,,,,,,
80700,312.7,0.000003,,,,,,,,
80800,313.0,0.000001,,,,,,,,
80900,313.4,0.000000,,,,,,,,
81000,313.8,0.000001,,,,,,,,
81100,314.1,0.000001,,,,,,,,
81200,314.5,0.000001,,,,,,,,
81300,314.8,0.000000,,,,,,,,
81400,315.1,0.000001,,,,,,,,
81500,315.5,0.000004,,,,,,,,
81600,315.8,0.000003,,,,,,,,
81700,316.3,0.000001,,,,,,,,
81800,316.5,0.000001,,,,,,,,
81900,316.9,0.000001,,,,,,,,
82000,317.3,0.000001,,,,,,,,
82100,317.6,0.000001,,,,,,,,
82200,318.0,0.000001,,,,,,,,
82300,318.3,0.000001,,,,,,,,
82400,318.7,0.000001,,,,,,,,
82500,319.0,0.000000,,,,,,,,
82600,319.3,0.000001,,,,,,,,
82700,319.8,0.000002,,,,,,,,
82800,320.3,0.000003,,,,,,,,
82900,320.6,0.000000,,,,,,,,
83000,321.0,0.000001,,,,,,,,
83100,321.3,0.000002,,,,,,,,
83200,321.7,0.000001,,,,,,,,
83300,322.1,0.000003,,,,,,,,
83400,322.4,0.000001,,,,,,,,
83500,322.8,0.000001,,,,,,,,
83600,323.1,0.000002,,,,,,,,
83700,323.5,0.000001,,,,,,,,
83800,323.8,0.000001,,,,,,,,
83900,324.2,0.000000,,,,,,,,
84000,324.6,0.000001,,,,,,,,
84100,324.9,0.000001,,,,,,,,
84200,325.2,0.000001,,,,,,,,
84300,325.6,0.000001,,,,,,,,
84400,325.9,0.000001,,,,,,,,
84500,326.4,0.000005,,,,,,,,
84600,326.7,0.000002,,,,,,,,
84700,327.1,0.000001,,,,,,,,
84800,327.4,0.000000,,,,,,,,
84900,327.7,0.000001,,,,,,,,
85000,329.6,0.000005,0.000005,1.689488e-01,1.159904e-02,1.017890e-02,0.000000,1.206398e-01,1.194353e-02,1.061880e-02
85100,329.9,0.000001,,,,,,,,
85200,330.2,0.000001,,,,,,,,
85300,330.6,0.000001,,,,,,,,
85400,330.9,0.000002,,,,,,,,
85500,331.3,0.000002,,,,,,,,
85600,331.7,0.000000,,,,,,,,
85700,332.0,0.000001,,,,,,,,
85800,332.4,0.000001,,,,,,,,
85900,332.7,0.000001,,,,,,,,
86000,333.1,0.000001,,,,,,,,
86100,333.4,0.000000,,,,,,,,
86200,333.8,0.000002,,,,,,,,
86300,334.2,0.000001,,,,,,,,
86400,334.5,0.000001,,,,,,,,
86500,334.9,0.000001,,,,,,,,
86600,335.2,0.000001,,,,,,,,
86700,335.6,0.000001,,,,,,,,
86800,336.0,0.000001,,,,,,,,
86900,336.3,0.000001,,,,,,,,
87000,336.7,0.000002,,,,,,,,
87100,337.0,0.000001,,,,,,,,
87200,337.3,0.000001,,,,,,,,
87300,337.8,0.000002,,,,,,,,
87400,338.1,0.000003,,,,,,,,
87500,338.4,0.000001,,,,,,,,
87600,338.8,0.000001,,,,,,,,
87700,339.1,0.000000,,,,,,,,
87800,339.6,0.000000,,,,,,,,
87900,339.9,0.000001,,,,,,,,
88000,340.2,0.000001,,,,,,,,
88100,340.6,0.000001,,,,,,,,
88200,340.9,0.000002,,,,,,,,
88300,341.4,0.000001,,,,,,,,
88400,341.7,0.000005,,,,,,,,
88500,342.0,0.000001,,,,,,,,
88600,342.4,0.000001,,,,,,,,
88700,342.7,0.000001,,,,,,,,
88800,343.1,0.000002,,,,,,,,
88900,343.4,0.000001,,,,,,,,
89000,343.8,0.000004,,,,,,,,
89100,344.2,0.000002,,,,,,,,
89200,344.5,0.000001,,,,,,,,
89300,344.9,0.000001,,,,,,,,
89400,345.2,0.000001,,,,,,,,
89500,345.5,0.000001,,,,,,,,
89600,345.9,0.000001,,,,,,,,
89700,346.2,0.000001,,,,,,,,
89800,346.7,0.000000,,,,,,,,
89900,347.0,0.000000,,,,,,,,
90000,348.8,0.000001,0.000001,1.029595e-01,5.703596e-03,5.304826e-03,0.000000,6.614972e-02,5.815953e-03,5.448451e-03
90100,349.1,0.000001,,,,,,,,
90200,349.5,0.000001,,,,,,,,
90300,349.8,0.000000,,,,,,,,
90400,350.2,0.000002,,,,,,,,
90500,350.6,0.000001,,,,,,,,
90600,350.9,0.000000,,,,,,,,
90700,351.3,0.000000,,,,,,,,
90800,351.8,0.000002,,,,,,,,
90900,352.5,0.000001,,,,,,,,
91000,352.8,0.000001,,,,,,,,
91100,353.1,0.000001,,,,,,,,
91200,353.5,0.000000,,,,,,,,
91300,353.8,0.000002,,,,,,,,
91400,354.2,0.000000,,,,,,,,
91500,354.5,0.000001,,,,,,,,
91600,354.9,0.000000,,,,,,,,
91700,355.2,0.000000,,,,,,,,
91800,355.6,0.000001,,,,,,,,
91900,356.0,0.000000,,,,,,,,
92000,356.3,0.000003,,,,,,,,
92100,356.7,0.000000,,,,,,,,
92200,357.0,0.000001,,,,,,,,
92300,357.4,0.000002,,,,,,,,
92400,357.8,0.000004,,,,,,,,
92500,358.1,0.000001,,,,,,,,
92600,358.5,0.000001,,,,,,,,
92700,358.8,0.000003,,,,,,,,
92800,359.1,0.000003,,,,,,,,
92900,359.6,0.000000,,,,,,,,
93000,359.9,0.000001,,,,,,,,
93100,360.3,0.000001,,,,,,,,
93200,360.6,0.000001,,,,,,,,
93300,361.0,0.000001,,,,,,,,
93400,361.4,0.000001,,,,,,,,
93500,361.7,0.000003,,,,,,,,
93600,362.1,0.000000,,,,,,,,
93700,362.4,0.000001,,,,,,,,
93800,362.7,0.000001,,,,,,,,
93900,363.2,0.000001,,,,,,,,
94000,363.5,0.000001,,,,,,,,
94100,363.9,0.000002,,,,,,,,
94200,364.2,0.000002,,,,,,,,
94300,364.6,0.000001,,,,,,,,
94400,365.0,0.000001,,,,,,,,
94500,365.3,0.000001,,,,,,,,
94600,365.7,0.000003,,,,,,,,
94700,366.1,0.000002,,,,,,,,
94800,366.4,0.000002,,,,,,,,
94900,366.8,0.000001,,,,,,,,
95000,368.5,0.000001,0.000001,9.302310e-02,6.101702e-03,5.499674e-03,0.000000,3.001453e-02,6.211637e-03,5.658294e-03
95100,368.9,0.000002,,,,,,,,
95200,369.2,0.000001,,,,,,,,
95300,369.5,0.000003,,,,,,,,
95400,369.9,0.000000,,,,,,,,
95500,370.2,0.000001,,,,,,,,
95600,370.7,0.000001,,,,,,,,
95700,370.9,0.000004,,,,,,,,
95800,371.3,0.000001,,,,,,,,
95900,371.7,0.000001,,,,,,,,
96000,372.0,0.000001,,,,,,,,
96100,372.4,0.000002,,,,,,,,
96200,372.7,0.000002,,,,,,,,
96300,373.1,0.000002,,,,,,,,
96400,373.4,0.000001,,,,,,,,
96500,373.8,0.000002,,,,,,,,
96600,374.2,0.000002,,,,,,,,
96700,374.5,0.000003,,,,,,,,
96800,375.0,0.000001,,,,,,,,
96900,375.2,0.000002,,,,,,,,
97000,375.5,0.000002,,,,,,,,
97100,375.7,0.000001,,,,,,,,
97200,375.9,0.000001,,,,,,,,
97300,376.4,0.000001,,,,,,,,
97400,376.6,0.000002,,,,,,,,
97500,377.0,0.000000,,,,,,,,
97600,377.4,0.000001,,,,,,,,
97700,377.7,0.000003,,,,,,,,
97800,378.1,0.000001,,,,,,,,
97900,378.4,0.000000,,,,,,,,
98000,378.8,0.000000,,,,,,,,
98100,379.5,0.000001,,,,,,,,
98200,379.8,0.000001,,,,,,,,
98300,380.1,0.000001,,,,,,,,
98400,380.5,0.000005,,,,,,,,
98500,380.8,0.000001,,,,,,,,
98600,381.2,0.000001,,,,,,,,
98700,381.5,0.000000,,,,,,,,
98800,381.9,0.000002,,,,,,,,
98900,382.3,0.000001,,,,,,,,
99000,382.6,0.000002,,,,,,,,
99100,383.1,0.000001,,,,,,,,
99200,383.4,0.000001,,,,,,,,
99300,383.7,0.000001,,,,,,,,
99400,384.1,0.000001,,,,,,,,
99500,384.4,0.000001,,,,,,,,
99600,384.8,0.000001,,,,,,,,
99700,385.1,0.000001,,,,,,,,
99800,385.5,0.000001,,,,,,,,
99900,385.9,0.000001,,,,,,,,
100000,387.6,0.000002,0.000002,1.250600e-01,7.632729e-03,7.210812e-03,0.000000,7.623602e-02,7.568716e-03,7.212242e-03
100100,387.9,0.000001,,,,,,,,
100200,388.2,0.000001,,,,,,,,
100300,388.6,0.000000,,,,,,,,
100400,388.9,0.000001,,,,,,,,
100500,389.4,0.000001,,,,,,,,
100600,389.6,0.000000,,,,,,,,
100700,390.0,0.000002,,,,,,,,
100800,390.5,0.000001,,,,,,,,
100900,390.8,0.000006,,,,,,,,
101000,391.2,0.000001,,,,,,,,
101100,391.5,0.000000,,,,,,,,
101200,391.9,0.000001,,,,,,,,
101300,392.2,0.000002,,,,,,,,
101400,392.6,0.000001,,,,,,,,
101500,393.0,0.000001,,,,,,,,
101600,393.3,0.000001,,,,,,,,
101700,393.7,0.000001,,,,,,,,
101800,394.0,0.000001,,,,,,,,
101900,394.3,0.000001,,,,,,,,
102000,394.8,0.000000,,,,,,,,
102100,395.1,0.000000,,,,,,,,
102200,395.4,0.000001,,,,,,,,
102300,395.8,0.000003,,,,,,,,
102400,396.1,0.000002,,,,,,,,
102500,396.6,0.000001,,,,,,,,
102600,396.9,0.000000,,,,,,,,
102700,397.3,0.000001,,,,,,,,
102800,397.6,0.000001,,,,,,,,
102900,397.9,0.000001,,,,,,,,
103000,398.4,0.000001,,,,,,,,
103100,398.6,0.000001,,,,,,,,
103200,399.0,0.000001,,,,,,,,
103300,399.4,0.000001,,,,,,,,
103400,399.7,0.000001,,,,,,,,
103500,400.1,0.000001,,,,,,,,
103600,400.4,0.000002,,,,,,,,
103700,400.8,0.000000,,,,,,,,
103800,401.2,0.000001,,,,,,,,
103900,401.5,0.000001,,,,,,,,
104000,401.9,0.000001,,,,,,,,
104100,402.2,0.000001,,,,,,,,
104200,402.7,0.000001,,,,,,,,
104300,403.0,0.000001,,,,,,,,
104400,403.3,0.000000,,,,,,,,
104500,403.6,0.000001,,,,,,,,
104600,404.0,0.000002,,,,,,,,
104700,404.4,0.000001,,,,,,,,
104800,404.8,0.000001,,,,,,,,
104900,405.1,0.000001,,,,,,,,
105000,406.9,0.000002,0.000001,7.462418e-02,5.690608e-03,4.755914e-03,0.000000,6.373120e-02,5.730897e-03,4.811031e-03
105100,407.4,0.000000,,,,,,,,
105200,407.6,0.000002,,,,,,,,
105300,408.0,0.000001,,,,,,,,
105400,408.4,0.000003,,,,,,,,
105500,408.7,0.000001,,,,,,,,
105600,409.1,0.000001,,,,,,,,
105700,409.4,0.000002,,,,,,,,
105800,409.8,0.000000,,,,,,,,
105900,410.2,0.000001,,,,,,,,
106000,410.5,0.000001,,,,,,,,
106100,410.9,0.000000,,,,,,,,
106200,411.2,0.000002,,,,,,,,
106300,411.5,0.000001,,,,,,,,
106400,412.0,0.000001,,,,,,,,
106500,412.2,0.000001,,,,,,,,
106600,412.7,0.000001,,,,,,,,
106700,413.0,0.000001,,,,,,,,
106800,413.3,0.000001,,,,,,,,
106900,413.7,0.000001,,,,,,,,
107000,414.0,0.000001,,,,,,,,
107100,414.4,0.000001,,,,,,,,
107200,414.8,0.000001,,,,,,,,
107300,415.1,0.000002,,,,,,,,
107400,415.5,0.000001,,,,,,,,
107500,415.8,0.000001,,,,,,,,
107600,416.2,0.000001,,,,,,,,
107700,416.5,0.000001,,,,,,,,
107800,416.9,0.000001,,,,,,,,
107900,417.3,0.000001,,,,,,,,
108000,417.6,0.000001,,,,,,,,
108100,418.0,0.000000,,,,,,,,
108200,418.3,0.000001,,,,,,,,
108300,418.6,0.000002,,,,,,,,
108400,419.0,0.000000,,,,,,,,
108500,419.3,0.000001,,,,,,,,
108600,419.8,0.000000,,,,,,,,
108700,420.0,0.000001,,,,,,,,
108800,420.4,0.000000,,,,,,,,
108900,420.8,0.000000,,,,,,,,
109000,421.1,0.000001,,,,,,,,
109100,421.5,0.000001,,,,,,,,
109200,421.8,0.000001,,,,,,,,
109300,422.2,0.000001,,,,,,,,
109400,422.6,0.000000,,,,,,,,
109500,422.9,0.000000,,,,,,,,
109600,423.3,0.000001,,,,,,,,
109700,423.7,0.000001,,,,,,,,
109800,424.0,0.000001,,,,,,,,
109900,424.5,0.000001,,,,,,,,
110000,426.3,0.000001,0.000001,1.036092e-01,3.603206e-03,2.684441e-03,0.000000,5.983408e-02,3.520434e-03,2.705363e-03
110100,426.6,0.000000,,,,,,,,
110200,426.9,0.000001,,,,,,,,
110300,427.3,0.000001,,,,,,,,
110400,427.6,0.000001,,,,,,,,
110500,428.1,0.000001,,,,,,,,
110600,428.4,0.000001,,,,,,,,
110700,428.7,0.000000,,,,,,,,
110800,429.1,0.000000,,,,,,,,
110900,429.4,0.000000,,,,,,,,
111000,429.9,0.000001,,,,,,,,
111100,430.1,0.000001,,,,,,,,
111200,430.5,0.000001,,,,,,,,
111300,431.1,0.000001,,,,,,,,
111400,431.4,0.000001,,,,,,,,
111500,431.8,0.000001,,,,,,,,
111600,432.1,0.000001,,,,,,,,
111700,432.4,0.000003,,,,,,,,
111800,432.9,0.000001,,,,,,,,
111900,433.2,0.000000,,,,,,,,
112000,433.6,0.000000,,,,,,,,
112100,434.2,0.000000,,,,,,,,
112200,434.7,0.000001,,,,,,,,
112300,435.0,0.000001,,,,,,,,
112400,435.4,0.000000,,,,,,,,
112500,435.7,0.000001,,,,,,,,
112600,436.0,0.000001,,,,,,,,
112700,436.5,0.000001,,,,,,,,
112800,436.8,0.000000,,,,,,,,
112900,437.1,0.000001,,,,,,,,
113000,437.5,0.000001,,,,,,,,
113100,437.8,0.000000,,,,,,,,
113200,438.2,0.000000,,,,,,,,
113300,438.5,0.000000,,,,,,,,
113400,438.9,0.000000,,,,,,,,
113500,439.2,0.000001,,,,,,,,
113600,439.6,0.000001,,,,,,,,
113700,440.0,0.000001,,,,,,,,
113800,440.3,0.000000,,,,,,,,
113900,440.7,0.000000,,,,,,,,
114000,441.3,0.000001,,,,,,,,
114100,441.6,0.000002,,,,,,,,
114200,442.0,0.000000,,,,,,,,
114300,442.4,0.000001,,,,,,,,
114400,442.7,0.000001,,,,,,,,
114500,443.2,0.000000,,,,,,,,
114600,443.5,0.000002,,,,,,,,
114700,443.8,0.000001,,,,,,,,
114800,444.2,0.000001,,,,,,,,
114900,444.5,0.000001,,,,,,,,
115000,446.4,0.000000,0.000000,7.552475e-02,2.655278e-03,2.124885e-03,0.000000,2.413679e-02,2.633251e-03,2.139614e-03
115100,446.8,0.000001,,,,,,,,
115200,447.1,0.000003,,,,,,,,
115300,447.4,0.000001,,,,,,,,
115400,447.8,0.000003,,,,,,,,
115500,448.1,0.000001,,,,,,,,
115600,448.6,0.000001,,,,,,,,
115700,448.8,0.000001,,,,,,,,
115800,449.2,0.000001,,,,,,,,
115900,449.6,0.000001,,,,,,,,
116000,449.9,0.000002,,,,,,,,
116100,450.3,0.000001,,,,,,,,
116200,450.6,0.000001,,,,,,,,
116300,451.0,0.000000,,,,,,,,
116400,451.4,0.000002,,,,,,,,
116500,451.7,0.000000,,,,,,,,
116600,452.2,0.000001,,,,,,,,
116700,452.4,0.000000,,,,,,,,
116800,452.8,0.000000,,,,,,,,
116900,453.2,0.000002,,,,,,,,
117000,453.5,0.000001,,,,,,,,
117100,454.0,0.000000,,,,,,,,
117200,454.2,0.000000,,,,,,,,
117300,454.6,0.000001,,,,,,,,
117400,455.0,0.000001,,,,,,,,
117500,455.3,0.000000,,,,,,,,
117600,455.7,0.000001,,,,,,,,
117700,456.0,0.000000,,,,,,,,
117800,456.4,0.000003,,,,,,,,
117900,456.8,0.000000,,,,,,,,
118000,457.1,0.000000,,,,,,,,
118100,457.5,0.000000,,,,,,,,
118200,458.1,0.000000,,,,,,,,
118300,458.7,0.000001,,,,,,,,
118400,458.9,0.000000,,,,,,,,
118500,459.3,0.000001,,,,,,,,
118600,459.7,0.000000,,,,,,,,
118700,460.1,0.000000,,,,,,,,
118800,460.5,0.000001,,,,,,,,
118900,460.8,0.000001,,,,,,,,
119000,461.1,0.000001,,,,,,,,
119100,461.5,0.000000,,,,,,,,
119200,461.9,0.000001,,,,,,,,
119300,462.3,0.000001,,,,,,,,
119400,462.6,0.000001,,,,,,,,
119500,462.9,0.000001,,,,,,,,
119600,463.3,0.000001,,,,,,,,
119700,463.7,0.000001,,,,,,,,
119800,464.1,0.000001,,,,,,,,
119900,464.4,0.000001,,,,,,,,
120000,466.3,0.000001,0.000001,9.828872e-02,5.129411e-03,4.173453e-03,0.000000,4.025038e-02,5.297332e-03,4.401158e-03
120100,466.6,0.000001,,,,,,,,
120200,467.0,0.000001,,,,,,,,
120300,467.3,0.000001,,,,,,,,
120400,467.7,0.000001,,,,,,,,
120500,468.0,0.000001,,,,,,,,
120600,468.4,0.000000,,,,,,,,
120700,468.7,0.000001,,,,,,,,
120800,469.1,0.000000,,,,,,,,
120900,469.6,0.000000,,,,,,,,
121000,470.0,0.000001,,,,,,,,
121100,470.3,0.000001,,,,,,,,
121200,470.6,0.000001,,,,,,,,
121300,471.1,0.000000,,,,,,,,
121400,471.4,0.000000,,,,,,,,
121500,471.8,0.000000,,,,,,,,
121600,472.2,0.000001,,,,,,,,
121700,472.5,0.000000,,,,,,,,
121800,472.9,0.000001,,,,,,,,
121900,473.2,0.000001,,,,,,,,
122000,473.5,0.000001,,,,,,,,
122100,474.0,0.000001,,,,,,,,
122200,474.2,0.000001,,,,,,,,
122300,474.7,0.000010,,,,,,,,
122400,475.0,0.000001,,,,,,,,
122500,475.3,0.000000,,,,,,,,
122600,475.7,0.000002,,,,,,,,
122700,476.0,0.000001,,,,,,,,
122800,476.5,0.000002,,,,,,,,
122900,476.7,0.000000,,,,,,,,
123000,477.1,0.000001,,,,,,,,
123100,477.5,0.000001,,,,,,,,
123200,477.8,0.000001,,,,,,,,
123300,478.2,0.000004,,,,,,,,
123400,478.5,0.000001,,,,,,,,
123500,478.9,0.000001,,,,,,,,
123600,479.2,0.000000,,,,,,,,
123700,479.6,0.000001,,,,,,,,
123800,480.0,0.000001,,,,,,,,
123900,480.3,0.000001,,,,,,,,
124000,480.7,0.000001,,,,,,,,
124100,481.1,0.000001,,,,,,,,
124200,481.4,0.000002,,,,,,,,
124300,481.8,0.000001,,,,,,,,
124400,482.1,0.000002,,,,,,,,
124500,482.5,0.000001,,,,,,,,
124600,482.9,0.000001,,,,,,,,
124700,483.2,0.000002,,,,,,,,
124800,483.6,0.000002,,,,,,,,
124900,483.9,0.000000,,,,,,,,
125000,485.8,0.000001,0.000000,4.473293e-02,2.859894e-03,2.406486e-03,0.000000,4.366661e-02,2.892894e-03,2.477770e-03
125100,486.1,0.000005,,,,,,,,
125200,486.4,0.000000,,,,,,,,
125300,486.8,0.000001,,,,,,,,
125400,487.1,0.000000,,,,,,,,
125500,487.6,0.000001,,,,,,,,
125600,487.8,0.000000,,,,,,,,
125700,488.2,0.000001,,,,,,,,
125800,488.6,0.000001,,,,,,,,
125900,488.9,0.000001,,,,,,,,
126000,489.4,0.000001,,,,,,,,
126100,489.7,0.000005,,,,,,,,
126200,490.0,0.000002,,,,,,,,
126300,490.4,0.000002,,,,,,,,
126400,490.7,0.000001,,,,,,,,
126500,491.1,0.000001,,,,,,,,
126600,491.4,0.000000,,,,,,,,
126700,491.8,0.000001,,,,,,,,
126800,492.2,0.000002,,,,,,,,
126900,492.5,0.000001,,,,,,,,
127000,492.9,0.000001,,,,,,,,
127100,493.2,0.000001,,,,,,,,
127200,493.6,0.000001,,,,,,,,
127300,493.9,0.000000,,,,,,,,
127400,494.3,0.000000,,,,,,,,
127500,494.7,0.000001,,,,,,,,
127600,495.0,0.000001,,,,,,,,
127700,495.4,0.000000,,,,,,,,
127800,495.7,0.000001,,,,,,,,
127900,496.0,0.000001,,,,,,,,
128000,496.5,0.000001,,,,,,,,
128100,496.8,0.000000,,,,,,,,
128200,497.2,0.000001,,,,,,,,
128300,497.5,0.000000,,,,,,,,
128400,497.8,0.000000,,,,,,,,
128500,498.3,0.000000,,,,,,,,
128600,498.6,0.000001,,,,,,,,
128700,498.9,0.000001,,,,,,,,
128800,499.3,0.000001,,,,,,,,
128900,499.6,0.000001,,,,,,,,
129000,500.1,0.000000,,,,,,,,
129100,500.3,0.000000,,,,,,,,
129200,500.7,0.000001,,,,,,,,
129300,501.1,0.000001,,,,,,,,
129400,501.4,0.000001,,,,,,,,
129500,501.8,0.000000,,,,,,,,
129600,502.1,0.000002,,,,,,,,
129700,502.6,0.000001,,,,,,,,
129800,502.9,0.000001,,,,,,,,
129900,503.2,0.000001,,,,,,,,
130000,505.3,0.000001,0.000000,6.959743e-02,3.200043e-03,2.678594e-03,0.000000,4.951239e-02,3.188946e-03,2.702915e-03
130100,505.6,0.000001,,,,,,,,
130200,505.9,0.000000,,,,,,,,
130300,506.2,0.000001,,,,,,,,
130400,506.7,0.000000,,,,,,,,
130500,506.9,0.000001,,,,,,,,
130600,507.4,0.000000,,,,,,,,
130700,507.7,0.000000,,,,,,,,
130800,508.0,0.000001,,,,,,,,
130900,508.4,0.000001,,,,,,,,
131000,508.7,0.000001,,,,,,,,
131100,509.2,0.000000,,,,,,,,
131200,509.5,0.000000,,,,,,,,
131300,509.8,0.000000,,,,,,,,
131400,510.2,0.000002,,,,,,,,
131500,510.5,0.000001,,,,,,,,
131600,510.9,0.000001,,,,,,,,
131700,511.2,0.000000,,,,,,,,
131800,511.6,0.000002,,,,,,,,
131900,512.0,0.000001,,,,,,,,
132000,512.2,0.000000,,,,,,,,
132100,512.7,0.000001,,,,,,,,
132200,513.0,0.000001,,,,,,,,
132300,513.3,0.000001,,,,,,,,
132400,513.7,0.000000,,,,,,,,
132500,514.0,0.000001,,,,,,,,
132600,514.4,0.000001,,,,,,,,
132700,514.7,0.000000,,,,,,,,
132800,515.1,0.000003,,,,,,,,
132900,515.5,0.000001,,,,,,,,
133000,515.8,0.000001,,,,,,,,
133100,516.2,0.000001,,,,,,,,
133200,516.5,0.000002,,,,,,,,
133300,516.8,0.000002,,,,,,,,
133400,517.3,0.000000,,,,,,,,
133500,517.6,0.000000,,,,,,,,
133600,518.0,0.000001,,,,,,,,
133700,518.3,0.000000,,,,,,,,
133800,518.6,0.000000,,,,,,,,
133900,519.1,0.000001,,,,,,,,
134000,519.4,0.000002,,,,,,,,
134100,519.8,0.000000,,,,,,,,
134200,520.1,0.000000,,,,,,,,
134300,520.4,0.000000,,,,,,,,
134400,520.8,0.000001,,,,,,,,
134500,521.1,0.000001,,,,,,,,
134600,521.5,0.000000,,,,,,,,
134700,521.8,0.000001,,,,,,,,
134800,522.2,0.000001,,,,,,,,
134900,522.5,0.000000,,,,,,,,
135000,524.3,0.000001,0.000003,4.995698e-02,1.070799e-02,1.051169e-02,0.000000,2.964433e-02,1.076943e-02,1.054999e-02
135100,524.6,0.000001,,,,,,,,
135200,525.1,0.000000,,,,,,,,
135300,525.3,0.000001,,,,,,,,
135400,525.7,0.000001,,,,,,,,
135500,526.1,0.000001,,,,,,,,
135600,526.4,0.000000,,,,,,,,
135700,526.9,0.000001,,,,,,,,
135800,527.1,0.000001,,,,,,,,
135900,527.5,0.000001,,,,,,,,
136000,527.9,0.000000,,,,,,,,
136100,528.2,0.000003,,,,,,,,
136200,528.6,0.000001,,,,,,,,
136300,528.9,0.000001,,,,,,,,
136400,529.3,0.000001,,,,,,,,
136500,529.6,0.000001,,,,,,,,
136600,530.0,0.000000,,,,,,,,
136700,530.4,0.000000,,,,,,,,
136800,530.7,0.000001,,,,,,,,
136900,531.1,0.000001,,,,,,,,
137000,531.4,0.000002,,,,,,,,
137100,531.7,0.000000,,,,,,,,
137200,532.1,0.000002,,,,,,,,
137300,532.4,0.000000,,,,,,,,
137400,532.9,0.000001,,,,,,,,
137500,533.1,0.000001,,,,,,,,
137600,533.5,0.000001,,,,,,,,
137700,534.0,0.000001,,,,,,,,
137800,534.2,0.000000,,,,,,,,
137900,534.6,0.000000,,,,,,,,
138000,535.0,0.000000,,,,,,,,
138100,535.3,0.000001,,,,,,,,
138200,535.7,0.000002,,,,,,,,
138300,536.0,0.000001,,,,,,,,
138400,536.5,0.000001,,,,,,,,
138500,537.1,0.000001,,,,,,,,
138600,537.4,0.000000,,,,,,,,
138700,537.8,0.000001,,,,,,,,
138800,538.4,0.000001,,,,,,,,
138900,538.7,0.000001,,,,,,,,
139000,539.0,0.000001,,,,,,,,
139100,539.4,0.000001,,,,,,,,
139200,539.7,0.000000,,,,,,,,
139300,540.2,0.000001,,,,,,,,
139400,540.5,0.000002,,,,,,,,
139500,540.8,0.000000,,,,,,,,
139600,541.3,0.000000,,,,,,,,
139700,541.5,0.000001,,,,,,,,
139800,542.0,0.000001,,,,,,,,
139900,542.3,0.000000,,,,,,,,
140000,544.0,0.000000,0.000000,7.724232e-02,3.144444e-03,2.403760e-03,0.000000,4.537655e-02,3.147677e-03,2.410118e-03
140100,544.2,0.000001,,,,,,,,
140200,544.7,0.000000,,,,,,,,
140300,545.0,0.000001,,,,,,,,
140400,545.3,0.000000,,,,,,,,
140500,545.7,0.000001,,,,,,,,
140600,546.0,0.000000,,,,,,,,
140700,546.4,0.000000,,,,,,,,
140800,546.7,0.000001,,,,,,,,
140900,547.1,0.000000,,,,,,,,
141000,547.5,0.000000,,,,,,,,
141100,547.8,0.000001,,,,,,,,
141200,548.2,0.000000,,,,,,,,
141300,548.5,0.000002,,,,,,,,
141400,548.8,0.000001,,,,,,,,
141500,549.3,0.000000,,,,,,,,
141600,549.8,0.000000,,,,,,,,
141700,550.1,0.000001,,,,,,,,
141800,550.5,0.000000,,,,,,,,
141900,550.9,0.000001,,,,,,,,
142000,551.2,0.000001,,,,,,,,
142100,551.8,0.000000,,,,,,,,
142200,552.2,0.000001,,,,,,,,
142300,552.5,0.000000,,,,,,,,
142400,552.9,0.000000,,,,,,,,
142500,553.2,0.000001,,,,,,,,
142600,553.6,0.000001,,,,,,,,
142700,553.9,0.000000,,,,,,,,
142800,554.2,0.000000,,,,,,,,
142900,554.7,0.000001,,,,,,,,
143000,555.0,0.000001,,,,,,,,
143100,555.4,0.000000,,,,,,,,
143200,555.7,0.000000,,,,,,,,
143300,556.0,0.000001,,,,,,,,
143400,556.4,0.000001,,,,,,,,
143500,556.7,0.000000,,,,,,,,
143600,557.2,0.000000,,,,,,,,
143700,557.4,0.000000,,,,,,,,
143800,557.8,0.000000,,,,,,,,
143900,558.2,0.000001,,,,,,,,
144000,558.5,0.000001,,,,,,,,
144100,558.9,0.000000,,,,,,,,
144200,559.2,0.000001,,,,,,,,
144300,559.6,0.000000,,,,,,,,
144400,560.0,0.000000,,,,,,,,
144500,560.3,0.000002,,,,,,,,
144600,560.7,0.000000,,,,,,,,
144700,561.0,0.000000,,,,,,,,
144800,561.4,0.000001,,,,,,,,
144900,561.7,0.000000,,,,,,,,
145000,563.4,0.000000,0.000000,7.873571e-02,2.555638e-03,2.096169e-03,0.000000,4.695440e-02,2.526154e-03,2.092960e-03
145100,563.7,0.000001,,,,,,,,
145200,564.1,0.000001,,,,,,,,
145300,564.5,0.000000,,,,,,,,
145400,564.8,0.000001,,,,,,,,
145500,565.2,0.000001,,,,,,,,
145600,565.5,0.000000,,,,,,,,
145700,565.9,0.000000,,,,,,,,
145800,566.3,0.000000,,,,,,,,
145900,566.6,0.000001,,,,,,,,
146000,567.1,0.000000,,,,,,,,
146100,567.3,0.000000,,,,,,,,
146200,567.7,0.000001,,,,,,,,
146300,568.1,0.000002,,,,,,,,
146400,568.4,0.000000,,,,,,,,
146500,568.8,0.000001,,,,,,,,
146600,569.1,0.000000,,,,,,,,
146700,569.5,0.000001,,,,,,,,
146800,569.9,0.000003,,,,,,,,
146900,570.2,0.000001,,,,,,,,
147000,570.6,0.000001,,,,,,,,
147100,570.9,0.000001,,,,,,,,
147200,571.3,0.000001,,,,,,,,
147300,571.6,0.000000,,,,,,,,
147400,572.0,0.000000,,,,,,,,
147500,572.5,0.000001,,,,,,,,
147600,572.7,0.000000,,,,,,,,
147700,573.1,0.000000,,,,,,,,
147800,573.5,0.000001,,,,,,,,
147900,573.8,0.000000,,,,,,,,
148000,574.2,0.000002,,,,,,,,
148100,574.5,0.000000,,,,,,,,
148200,574.9,0.000000,,,,,,,,
148300,575.3,0.000000,,,,,,,,
148400,575.6,0.000001,,,,,,,,
148500,576.1,0.000000,,,,,,,,
148600,576.3,0.000000,,,,,,,,
148700,576.7,0.000001,,,,,,,,
148800,577.1,0.000000,,,,,,,,
148900,577.4,0.000001,,,,,,,,
149000,577.9,0.000001,,,,,,,,
149100,578.1,0.000000,,,,,,,,
149200,578.5,0.000000,,,,,,,,
149300,578.9,0.000000,,,,,,,,
149400,579.2,0.000000,,,,,,,,
149500,579.6,0.000000,,,,,,,,
149600,579.9,0.000000,,,,,,,,
149700,580.3,0.000002,,,,,,,,
149800,580.6,0.000001,,,,,,,,
149900,580.9,0.000000,,,,,,,,
150000,582.8,0.000000,0.000000,3.718078e-02,3.283960e-03,2.659119e-03,0.000000,3.095032e-02,3.275702e-03,2.623425e-03
150100,583.1,0.000000,,,,,,,,
150200,583.5,0.000000,,,,,,,,
150300,583.8,0.000001,,,,,,,,
150400,584.1,0.000001,,,,,,,,
150500,584.6,0.000001,,,,,,,,
150600,584.8,0.000001,,,,,,,,
150700,585.3,0.000001,,,,,,,,
150800,585.6,0.000001,,,,,,,,
150900,585.9,0.000002,,,,,,,,
151000,586.4,0.000001,,,,,,,,
151100,586.6,0.000001,,,,,,,,
151200,587.1,0.000001,,,,,,,,
151300,587.4,0.000000,,,,,,,,
151400,587.7,0.000002,,,,,,,,
151500,588.1,0.000001,,,,,,,,
151600,588.4,0.000001,,,,,,,,
151700,588.9,0.000001,,,,,,,,
151800,589.1,0.000000,,,,,,,,
151900,589.5,0.000000,,,,,,,,
152000,589.9,0.000000,,,,,,,,
152100,590.2,0.000000,,,,,,,,
152200,590.5,0.000001,,,,,,,,
152300,591.0,0.000000,,,,,,,,
152400,591.2,0.000001,,,,,,,,
152500,591.7,0.000001,,,,,,,,
152600,592.0,0.000000,,,,,,,,
152700,592.3,0.000000,,,,,,,,
152800,592.7,0.000001,,,,,,,,
152900,593.0,0.000000,,,,,,,,
153000,593.5,0.000000,,,,,,,,
153100,593.7,0.000000,,,,,,,,
153200,594.1,0.000001,,,,,,,,
153300,594.5,0.000000,,,,,,,,
153400,594.8,0.000000,,,,,,,,
153500,595.2,0.000000,,,,,,,,
153600,595.5,0.000002,,,,,,,,
153700,595.9,0.000001,,,,,,,,
153800,596.2,0.000000,,,,,,,,
153900,596.5,0.000001,,,,,,,,
154000,597.0,0.000002,,,,,,,,
154100,597.3,0.000001,,,,,,,,
154200,597.7,0.000001,,,,,,,,
154300,598.0,0.000002,,,,,,,,
154400,598.3,0.000000,,,,,,,,
154500,598.8,0.000000,,,,,,,,
154600,599.1,0.000001,,,,,,,,
154700,599.5,0.000001,,,,,,,,
154800,599.8,0.000001,,,,,,,,
154900,600.1,0.000001,,,,,,,,
155000,602.0,0.000001,0.000001,1.043080e-01,4.036524e-03,3.442507e-03,0.000000,6.382776e-02,4.012846e-03,3.469603e-03
155100,602.3,0.000000,,,,,,,,
155200,602.6,0.000000,,,,,,,,
155300,603.1,0.000000,,,,,,,,
155400,603.3,0.000001,,,,,,,,
155500,603.7,0.000000,,,,,,,,
155600,604.1,0.000001,,,,,,,,
155700,604.4,0.000000,,,,,,,,
155800,604.9,0.000001,,,,,,,,
155900,605.2,0.000001,,,,,,,,
156000,605.5,0.000000,,,,,,,,
156100,605.9,0.000000,,,,,,,,
156200,606.2,0.000000,,,,,,,,
156300,606.7,0.000001,,,,,,,,
156400,607.1,0.000000,,,,,,,,
156500,607.4,0.000000,,,,,,,,
156600,607.9,0.000000,,,,,,,,
156700,608.2,0.000000,,,,,,,,
156800,608.5,0.000001,,,,,,,,
156900,608.9,0.000000,,,,,,,,
157000,609.2,0.000001,,,,,,,,
157100,609.7,0.000001,,,,,,,,
157200,609.9,0.000000,,,,,,,,
157300,610.3,0.000001,,,,,,,,
157400,610.7,0.000000,,,,,,,,
157500,611.0,0.000000,,,,,,,,
157600,611.4,0.000000,,,,,,,,
157700,611.7,0.000000,,,,,,,,
157800,612.2,0.000000,,,,,,,,
157900,612.5,0.000000,,,,,,,,
158000,612.8,0.000000,,,,,,,,
158100,613.2,0.000000,,,,,,,,
158200,613.5,0.000000,,,,,,,,
158300,613.9,0.000000,,,,,,,,
158400,614.2,0.000000,,,,,,,,
158500,614.6,0.000001,,,,,,,,
158600,615.0,0.000001,,,,,,,,
158700,615.3,0.000001,,,,,,,,
158800,615.7,0.000000,,,,,,,,
158900,616.0,0.000000,,,,,,,,
159000,616.3,0.000001,,,,,,,,
159100,616.8,0.000000,,,,,,,,
159200,617.0,0.000001,,,,,,,,
159300,617.5,0.000000,,,,,,,,
159400,617.8,0.000001,,,,,,,,
159500,618.2,0.000000,,,,,,,,
159600,618.5,0.000001,,,,,,,,
159700,618.8,0.000001,,,,,,,,
159800,619.3,0.000001,,,,,,,,
159900,619.6,0.000001,,,,,,,,
160000,621.4,0.000000,0.000000,5.636561e-02,2.445779e-03,1.980904e-03,0.000000,3.484393e-02,2.392073e-03,1.933176e-03
160100,621.7,0.000002,,,,,,,,
160200,622.0,0.000002,,,,,,,,
160300,622.4,0.000000,,,,,,,,
160400,622.7,0.000000,,,,,,,,
160500,623.1,0.000001,,,,,,,,
160600,623.4,0.000000,,,,,,,,
160700,623.9,0.000000,,,,,,,,
160800,624.2,0.000001,,,,,,,,
160900,624.5,0.000000,,,,,,,,
161000,624.9,0.000001,,,,,,,,
161100,625.2,0.000001,,,,,,,,
161200,625.7,0.000000,,,,,,,,
161300,625.9,0.000001,,,,,,,,
161400,626.4,0.000000,,,,,,,,
161500,626.7,0.000001,,,,,,,,
161600,627.0,0.000000,,,,,,,,
161700,627.4,0.000001,,,,,,,,
161800,627.7,0.000000,,,,,,,,
161900,628.1,0.000000,,,,,,,,
162000,628.4,0.000000,,,,,,,,
162100,628.9,0.000000,,,,,,,,
162200,629.2,0.000002,,,,,,,,
162300,629.5,0.000000,,,,,,,,
162400,629.9,0.000000,,,,,,,,
162500,630.2,0.000001,,,,,,,,
162600,630.6,0.000000,,,,,,,,
162700,630.9,0.000001,,,,,,,,
162800,631.4,0.000001,,,,,,,,
162900,631.7,0.000001,,,,,,,,
163000,632.0,0.000000,,,,,,,,
163100,632.4,0.000000,,,,,,,,
163200,632.7,0.000000,,,,,,,,
163300,633.1,0.000001,,,,,,,,
163400,633.4,0.000000,,,,,,,,
163500,633.9,0.000001,,,,,,,,
163600,634.2,0.000000,,,,,,,,
163700,634.6,0.000001,,,,,,,,
163800,634.9,0.000001,,,,,,,,
163900,635.3,0.000001,,,,,,,,
164000,635.6,0.000001,,,,,,,,
164100,635.9,0.000001,,,,,,,,
164200,636.3,0.000001,,,,,,,,
164300,636.8,0.000000,,,,,,,,
164400,637.1,0.000000,,,,,,,,
164500,637.5,0.000001,,,,,,,,
164600,637.8,0.000001,,,,,,,,
164700,638.2,0.000000,,,,,,,,
164800,638.5,0.000000,,,,,,,,
164900,638.9,0.000000,,,,,,,,
165000,640.7,0.000001,0.000000,7.322163e-02,2.679312e-03,2.340810e-03,0.000000,3.033545e-02,2.675697e-03,2.420462e-03
165100,641.1,0.000000,,,,,,,,
165200,641.4,0.000000,,,,,,,,
165300,641.8,0.000000,,,,,,,,
165400,642.1,0.000000,,,,,,,,
165500,642.5,0.000000,,,,,,,,
165600,642.9,0.000000,,,,,,,,
165700,643.2,0.000002,,,,,,,,
165800,643.6,0.000000,,,,,,,,
165900,643.9,0.000000,,,,,,,,
166000,644.3,0.000001,,,,,,,,
166100,644.6,0.000000,,,,,,,,
166200,645.0,0.000000,,,,,,,,
166300,645.4,0.000000,,,,,,,,
166400,645.7,0.000001,,,,,,,,
166500,646.1,0.000000,,,,,,,,
166600,646.4,0.000000,,,,,,,,
166700,646.8,0.000001,,,,,,,,
166800,647.2,0.000001,,,,,,,,
166900,647.5,0.000000,,,,,,,,
167000,647.9,0.000002,,,,,,,,
167100,648.2,0.000001,,,,,,,,
167200,648.6,0.000000,,,,,,,,
167300,648.9,0.000000,,,,,,,,
167400,649.3,0.000000,,,,,,,,
167500,649.6,0.000001,,,,,,,,
167600,650.0,0.000000,,,,,,,,
167700,650.4,0.000001,,,,,,,,
167800,650.7,0.000002,,,,,,,,
167900,651.1,0.000000,,,,,,,,
168000,651.4,0.000001,,,,,,,,
168100,651.9,0.000001,,,,,,,,
168200,652.1,0.000001,,,,,,,,
168300,652.5,0.000000,,,,,,,,
168400,652.9,0.000001,,,,,,,,
168500,653.2,0.000000,,,,,,,,
168600,653.6,0.000000,,,,,,,,
168700,653.9,0.000000,,,,,,,,
168800,654.4,0.000000,,,,,,,,
168900,654.7,0.000000,,,,,,,,
169000,655.1,0.000000,,,,,,,,
169100,655.4,0.000001,,,,,,,,
169200,655.7,0.000001,,,,,,,,
169300,656.1,0.000001,,,,,,,,
169400,656.4,0.000001,,,,,,,,
169500,656.9,0.000001,,,,,,,,
169600,657.1,0.000001,,,,,,,,
169700,657.6,0.000001,,,,,,,,
169800,657.9,0.000001,,,,,,,,
169900,658.2,0.000000,,,,,,,,
170000,660.0,0.000001,0.000000,3.736417e-02,2.556149e-03,2.194172e-03,0.000000,2.950585e-02,2.499282e-03,2.160206e-03
170100,660.3,0.000000,,,,,,,,
170200,660.7,0.000001,,,,,,,,
170300,661.1,0.000000,,,,,,,,
170400,661.4,0.000001,,,,,,,,
170500,661.8,0.000000,,,,,,,,
170600,662.2,0.000000,,,,,,,,
170700,662.5,0.000000,,,,,,,,
170800,662.9,0.000001,,,,,,,,
170900,663.2,0.000001,,,,,,,,
171000,663.6,0.000001,,,,,,,,
171100,663.9,0.000000,,,,,,,,
171200,664.3,0.000000,,,,,,,,
171300,664.7,0.000000,,,,,,,,
171400,665.0,0.000000,,,,,,,,
171500,665.4,0.000001,,,,,,,,
171600,665.7,0.000000,,,,,,,,
171700,666.2,0.000000,,,,,,,,
171800,666.4,0.000000,,,,,,,,
171900,666.9,0.000000,,,,,,,,
172000,667.2,0.000001,,,,,,,,
172100,667.5,0.000001,,,,,,,,
172200,667.9,0.000000,,,,,,,,
172300,668.2,0.000001,,,,,,,,
172400,668.7,0.000000,,,,,,,,
172500,669.0,0.000000,,,,,,,,
172600,669.4,0.000000,,,,,,,,
172700,669.7,0.000000,,,,,,,,
172800,670.1,0.000001,,,,,,,,
172900,670.5,0.000000,,,,,,,,
173000,670.8,0.000000,,,,,,,,
173100,671.2,0.000000,,,,,,,,
173200,671.5,0.000000,,,,,,,,
173300,671.9,0.000001,,,,,,,,
173400,672.2,0.000000,,,,,,,,
173500,672.6,0.000000,,,,,,,,
173600,673.0,0.000000,,,,,,,,
173700,673.3,0.000001,,,,,,,,
173800,673.8,0.000000,,,,,,,,
173900,674.1,0.000000,,,,,,,,
174000,674.5,0.000000,,,,,,,,
174100,674.8,0.000000,,,,,,,,
174200,675.2,0.000000,,,,,,,,
174300,675.6,0.000000,,,,,,,,
174400,675.9,0.000000,,,,,,,,
174500,676.3,0.000000,,,,,,,,
174600,676.6,0.000001,,,,,,,,
174700,677.0,0.000000,,,,,,,,
174800,677.3,0.000001,,,,,,,,
174900,677.7,0.000000,,,,,,,,
175000,679.5,0.000000,0.000001,1.134364e-01,3.610910e-03,2.771431e-03,0.000000,5.422290e-02,3.543453e-03,2.772883e-03
175100,679.7,0.000000,,,,,,,,
175200,680.1,0.000001,,,,,,,,
175300,680.5,0.000000,,,,,,,,
175400,680.8,0.000001,,,,,,,,
175500,681.2,0.000000,,,,,,,,
175600,681.5,0.000001,,,,,,,,
175700,682.0,0.000000,,,,,,,,
175800,682.3,0.000000,,,,,,,,
175900,682.6,0.000000,,,,,,,,
176000,683.0,0.000000,,,,,,,,
176100,683.3,0.000000,,,,,,,,
176200,683.7,0.000001,,,,,,,,
176300,684.0,0.000000,,,,,,,,
176400,684.5,0.000000,,,,,,,,
176500,684.7,0.000001,,,,,,,,
176600,685.2,0.000000,,,,,,,,
176700,685.5,0.000000,,,,,,,,
176800,685.8,0.000000,,,,,,,,
176900,686.2,0.000001,,,,,,,,
177000,686.5,0.000000,,,,,,,,
177100,686.9,0.000000,,,,,,,,
177200,687.2,0.000000,,,,,,,,
177300,687.7,0.000001,,,,,,,,
177400,687.9,0.000000,,,,,,,,
177500,688.3,0.000001,,,,,,,,
177600,688.7,0.000000,,,,,,,,
177700,689.0,0.000000,,,,,,,,
177800,689.4,0.000001,,,,,,,,
177900,689.7,0.000000,,,,,,,,
178000,690.1,0.000000,,,,,,,,
178100,690.4,0.000001,,,,,,,,
178200,690.8,0.000001,,,,,,,,
178300,691.2,0.000001,,,,,,,,
178400,691.5,0.000001,,,,,,,,
178500,692.0,0.000001,,,,,,,,
178600,692.2,0.000000,,,,,,,,
178700,692.7,0.000000,,,,,,,,
178800,693.0,0.000000,,,,,,,,
178900,693.3,0.000000,,,,,,,,
179000,693.7,0.000000,,,,,,,,
179100,694.0,0.000001,,,,,,,,
179200,694.4,0.000000,,,,,,,,
179300,694.7,0.000001,,,,,,,,
179400,695.2,0.000001,,,,,,,,
179500,695.5,0.000000,,,,,,,,
179600,695.9,0.000000,,,,,,,,
179700,696.2,0.000001,,,,,,,,
179800,696.6,0.000001,,,,,,,,
179900,697.0,0.000000,,,,,,,,
180000,698.7,0.000000,0.000000,6.898494e-02,2.698541e-03,2.371557e-03,0.000000,1.610100e-02,2.706116e-03,2.393418e-03
180100,698.9,0.000001,,,,,,,,
180200,699.3,0.000000,,,,,,,,
180300,699.7,0.000001,,,,,,,,
180400,700.0,0.000000,,,,,,,,
180500,700.4,0.000000,,,,,,,,
180600,700.7,0.000000,,,,,,,,
180700,701.2,0.000000,,,,,,,,
180800,701.5,0.000000,,,,,,,,
180900,701.8,0.000000,,,,,,,,
181000,702.2,0.000000,,,,,,,,
181100,702.5,0.000001,,,,,,,,
181200,702.9,0.000000,,,,,,,,
181300,703.3,0.000000,,,,,,,,
181400,703.7,0.000000,,,,,,,,
181500,704.0,0.000000,,,,,,,,
181600,704.4,0.000000,,,,,,,,
181700,704.7,0.000000,,,,,,,,
181800,705.1,0.000000,,,,,,,,
181900,705.5,0.000000,,,,,,,,
182000,705.8,0.000001,,,,,,,,
182100,706.2,0.000001,,,,,,,,
182200,706.5,0.000000,,,,,,,,
182300,706.9,0.000000,,,,,,,,
182400,707.3,0.000001,,,,,,,,
182500,707.6,0.000001,,,,,,,,
182600,708.1,0.000000,,,,,,,,
182700,708.4,0.000000,,,,,,,,
182800,708.8,0.000000,,,,,,,,
182900,709.1,0.000001,,,,,,,,
183000,709.5,0.000000,,,,,,,,
183100,709.8,0.000000,,,,,,,,
183200,710.2,0.000000,,,,,,,,
183300,710.6,0.000001,,,,,,,,
183400,710.9,0.000000,,,,,,,,
183500,711.3,0.000000,,,,,,,,
183600,711.6,0.000001,,,,,,,,
183700,712.0,0.000000,,,,,,,,
183800,712.4,0.000000,,,,,,,,
183900,712.7,0.000000,,,,,,,,
184000,713.1,0.000000,,,,,,,,
184100,713.4,0.000000,,,,,,,,
184200,713.8,0.000000,,,,,,,,
184300,714.1,0.000000,,,,,,,,
184400,714.5,0.000000,,,,,,,,
184500,714.8,0.000000,,,,,,,,
184600,715.2,0.000000,,,,,,,,
184700,715.6,0.000000,,,,,,,,
184800,715.9,0.000000,,,,,,,,
184900,716.3,0.000000,,,,,,,,
185000,718.0,0.000001,0.000001,1.021715e-01,3.489264e-03,2.622598e-03,0.000000,8.037425e-02,3.442937e-03,2.683981e-03
185100,718.4,0.000000,,,,,,,,
185200,718.8,0.000000,,,,,,,,
185300,719.1,0.000000,,,,,,,,
185400,719.5,0.000001,,,,,,,,
185500,719.8,0.000000,,,,,,,,
185600,720.3,0.000000,,,,,,,,
185700,720.6,0.000001,,,,,,,,
185800,720.9,0.000000,,,,,,,,
185900,721.3,0.000001,,,,,,,,
186000,721.6,0.000001,,,,,,,,
186100,722.0,0.000001,,,,,,,,
186200,722.3,0.000001,,,,,,,,
186300,722.8,0.000001,,,,,,,,
186400,723.0,0.000001,,,,,,,,
186500,723.4,0.000000,,,,,,,,
186600,723.8,0.000001,,,,,,,,
186700,724.1,0.000001,,,,,,,,
186800,724.6,0.000001,,,,,,,,
186900,724.8,0.000000,,,,,,,,
187000,725.2,0.000000,,,,,,,,
187100,725.6,0.000001,,,,,,,,
187200,725.9,0.000000,,,,,,,,
187300,726.4,0.000001,,,,,,,,
187400,726.7,0.000000,,,,,,,,
187500,727.1,0.000000,,,,,,,,
187600,727.4,0.000001,,,,,,,,
187700,727.7,0.000000,,,,,,,,
187800,728.2,0.000000,,,,,,,,
187900,728.5,0.000000,,,,,,,,
188000,728.9,0.000001,,,,,,,,
188100,729.2,0.000001,,,,,,,,
188200,729.6,0.000000,,,,,,,,
188300,729.9,0.000000,,,,,,,,
188400,730.3,0.000001,,,,,,,,
188500,730.7,0.000000,,,,,,,,
188600,731.0,0.000001,,,,,,,,
188700,731.4,0.000000,,,,,,,,
188800,731.7,0.000000,,,,,,,,
188900,732.1,0.000000,,,,,,,,
189000,732.5,0.000000,,,,,,,,
189100,732.8,0.000000,,,,,,,,
189200,733.2,0.000000,,,,,,,,
189300,733.5,0.000000,,,,,,,,
189400,734.0,0.000000,,,,,,,,
189500,734.3,0.000000,,,,,,,,
189600,734.6,0.000000,,,,,,,,
189700,735.1,0.000000,,,,,,,,
189800,735.5,0.000000,,,,,,,,
189900,735.8,0.000000,,,,,,,,
190000,737.6,0.000001,0.000000,1.085517e-01,3.277384e-03,2.711045e-03,0.000000,1.883682e-02,3.241108e-03,2.659965e-03
190100,737.9,0.000001,,,,,,,,
190200,738.3,0.000000,,,,,,,,
190300,738.6,0.000000,,,,,,,,
190400,739.1,0.000002,,,,,,,,
190500,739.4,0.000000,,,,,,,,
190600,739.8,0.000000,,,,,,,,
190700,740.1,0.000001,,,,,,,,
190800,740.4,0.000001,,,,,,,,
190900,740.8,0.000000,,,,,,,,
191000,741.1,0.000002,,,,,,,,
191100,741.6,0.000000,,,,,,,,
191200,741.8,0.000000,,,,,,,,
191300,742.2,0.000000,,,,,,,,
191400,742.7,0.000000,,,,,,,,
191500,742.9,0.000000,,,,,,,,
191600,743.4,0.000000,,,,,,,,
191700,743.7,0.000000,,,,,,,,
191800,744.1,0.000000,,,,,,,,
191900,744.6,0.000000,,,,,,,,
192000,745.0,0.000000,,,,,,,,
192100,745.3,0.000000,,,,,,,,
192200,745.7,0.000002,,,,,,,,
192300,746.0,0.000001,,,,,,,,
192400,746.4,0.000000,,,,,,,,
192500,746.7,0.000001,,,,,,,,
192600,747.1,0.000000,,,,,,,,
192700,747.5,0.000000,,,,,,,,
192800,747.8,0.000001,,,,,,,,
192900,748.2,0.000000,,,,,,,,
193000,748.5,0.000000,,,,,,,,
193100,749.0,0.000000,,,,,,,,
193200,749.2,0.000001,,,,,,,,
193300,749.6,0.000001,,,,,,,,
193400,750.0,0.000000,,,,,,,,
193500,750.4,0.000000,,,,,,,,
193600,750.8,0.000000,,,,,,,,
193700,751.1,0.000000,,,,,,,,
193800,751.5,0.000000,,,,,,,,
193900,751.8,0.000000,,,,,,,,
194000,752.2,0.000000,,,,,,,,
194100,752.6,0.000000,,,,,,,,
194200,752.9,0.000000,,,,,,,,
194300,753.3,0.000000,,,,,,,,
194400,753.6,0.000000,,,,,,,,
194500,754.0,0.000000,,,,,,,,
194600,754.4,0.000000,,,,,,,,
194700,754.7,0.000001,,,,,,,,
194800,755.1,0.000002,,,,,,,,
194900,755.4,0.000000,,,,,,,,
195000,757.2,0.000000,0.000000,4.497643e-02,2.157445e-03,1.671071e-03,0.000000,2.666021e-02,2.115869e-03,1.644369e-03
195100,757.5,0.000001,,,,,,,,
195200,757.9,0.000001,,,,,,,,
195300,758.2,0.000000,,,,,,,,
195400,758.6,0.000000,,,,,,,,
195500,759.0,0.000000,,,,,,,,
195600,759.3,0.000000,,,,,,,,
195700,759.7,0.000000,,,,,,,,
195800,760.0,0.000000,,,,,,,,
195900,760.4,0.000001,,,,,,,,
196000,760.7,0.000000,,,,,,,,
196100,761.1,0.000000,,,,,,,,
196200,761.5,0.000001,,,,,,,,
196300,761.8,0.000000,,,,,,,,
196400,762.3,0.000000,,,,,,,,
196500,762.6,0.000002,,,,,,,,
196600,763.0,0.000000,,,,,,,,
196700,763.3,0.000000,,,,,,,,
196800,763.7,0.000001,,,,,,,,
196900,764.0,0.000001,,,,,,,,
197000,764.3,0.000000,,,,,,,,
197100,764.8,0.000000,,,,,,,,
197200,765.1,0.000001,,,,,,,,
197300,765.5,0.000000,,,,,,,,
197400,765.8,0.000000,,,,,,,,
197500,766.2,0.000000,,,,,,,,
197600,766.5,0.000000,,,,,,,,
197700,766.9,0.000000,,,,,,,,
197800,767.3,0.000000,,,,,,,,
197900,767.6,0.000000,,,,,,,,
198000,768.0,0.000000,,,,,,,,
198100,768.3,0.000000,,,,,,,,
198200,768.7,0.000000,,,,,,,,
198300,769.1,0.000000,,,,,,,,
198400,769.4,0.000000,,,,,,,,
198500,769.8,0.000000,,,,,,,,
198600,770.1,0.000000,,,,,,,,
198700,770.6,0.000000,,,,,,,,
198800,770.8,0.000001,,,,,,,,
198900,771.3,0.000001,,,,,,,,
199000,771.6,0.000000,,,,,,,,
199100,771.9,0.000000,,,,,,,,
199200,772.3,0.000001,,,,,,,,
199300,772.7,0.000000,,,,,,,,
199400,773.1,0.000000,,,,,,,,
199500,773.4,0.000001,,,,,,,,
199600,773.8,0.000000,,,,,,,,
199700,774.1,0.000000,,,,,,,,
199800,774.4,0.000000,,,,,,,,
199900,774.8,0.000000,,,,,,,,
200000,776.6,0.000000,0.000000,4.661674e-02,2.351667e-03,2.223569e-03,0.000000,1.746393e-02,2.317930e-03,2.207851e-03
200100,777.0,0.000001,,,,,,,,
200200,777.3,0.000000,,,,,,,,
200300,777.6,0.000001,,,,,,,,
200400,778.0,0.000000,,,,,,,,
200500,778.3,0.000000,,,,,,,,
200600,778.7,0.000000,,,,,,,,
200700,779.0,0.000001,,,,,,,,
200800,779.5,0.000000,,,,,,,,
200900,779.8,0.000001,,,,,,,,
201000,780.2,0.000000,,,,,,,,
201100,780.5,0.000000,,,,,,,,
201200,780.8,0.000000,,,,,,,,
201300,781.2,0.000000,,,,,,,,
201400,781.6,0.000000,,,,,,,,
201500,782.0,0.000000,,,,,,,,
201600,782.3,0.000000,,,,,,,,
201700,782.7,0.000000,,,,,,,,
201800,783.0,0.000000,,,,,,,,
201900,783.4,0.000000,,,,,,,,
202000,783.7,0.000000,,,,,,,,
202100,784.1,0.000000,,,,,,,,
202200,784.5,0.000000,,,,,,,,
202300,784.8,0.000000,,,,,,,,
202400,785.2,0.000000,,,,,,,,
202500,785.5,0.000000,,,,,,,,
202600,785.8,0.000000,,,,,,,,
202700,786.3,0.000000,,,,,,,,
202800,786.6,0.000000,,,,,,,,
202900,786.9,0.000000,,,,,,,,
203000,787.3,0.000000,,,,,,,,
203100,787.7,0.000001,,,,,,,,
203200,788.1,0.000000,,,,,,,,
203300,788.4,0.000000,,,,,,,,
203400,788.8,0.000000,,,,,,,,
203500,789.1,0.000000,,,,,,,,
203600,789.5,0.000000,,,,,,,,
203700,789.8,0.000001,,,,,,,,
203800,790.2,0.000001,,,,,,,,
203900,790.6,0.000001,,,,,,,,
204000,790.9,0.000000,,,,,,,,
204100,791.3,0.000000,,,,,,,,
204200,791.6,0.000000,,,,,,,,
204300,792.0,0.000001,,,,,,,,
204400,792.4,0.000000,,,,,,,,
204500,792.7,0.000001,,,,,,,,
204600,793.1,0.000001,,,,,,,,
204700,793.4,0.000001,,,,,,,,
204800,793.9,0.000000,,,,,,,,
204900,794.1,0.000001,,,,,,,,
205000,795.9,0.000001,0.000001,6.953496e-02,4.443646e-03,4.037915e-03,0.000000,3.819347e-02,4.465445e-03,4.123037e-03
205100,796.2,0.000000,,,,,,,,
205200,796.6,0.000000,,,,,,,,
205300,797.0,0.000000,,,,,,,,
205400,797.3,0.000000,,,,,,,,
205500,797.7,0.000001,,,,,,,,
205600,798.0,0.000000,,,,,,,,
205700,798.4,0.000000,,,,,,,,
205800,798.7,0.000000,,,,,,,,
205900,799.2,0.000000,,,,,,,,
206000,799.5,0.000000,,,,,,,,
206100,799.9,0.000000,,,,,,,,
206200,800.2,0.000000,,,,,,,,
206300,800.5,0.000000,,,,,,,,
206400,800.9,0.000000,,,,,,,,
206500,801.2,0.000001,,,,,,,,
206600,801.7,0.000000,,,,,,,,
206700,802.0,0.000000,,,,,,,,
206800,802.4,0.000000,,,,,,,,
206900,802.7,0.000000,,,,,,,,
207000,803.0,0.000000,,,,,,,,
207100,803.5,0.000000,,,,,,,,
207200,803.7,0.000000,,,,,,,,
207300,804.1,0.000000,,,,,,,,
207400,804.7,0.000000,,,,,,,,
207500,805.0,0.000000,,,,,,,,
207600,805.4,0.000000,,,,,,,,
207700,805.7,0.000001,,,,,,,,
207800,806.0,0.000000,,,,,,,,
207900,806.5,0.000000,,,,,,,,
208000,806.8,0.000000,,,,,,,,
208100,807.1,0.000000,,,,,,,,
208200,807.5,0.000000,,,,,,,,
208300,807.8,0.000000,,,,,,,,
208400,808.1,0.000000,,,,,,,,
208500,808.4,0.000000,,,,,,,,
208600,808.6,0.000000,,,,,,,,
208700,808.8,0.000000,,,,,,,,
208800,809.0,0.000000,,,,,,,,
208900,809.2,0.000000,,,,,,,,
209000,809.5,0.000001,,,,,,,,
209100,809.7,0.000000,,,,,,,,
209200,810.1,0.000001,,,,,,,,
209300,810.4,0.000000,,,,,,,,
209400,810.8,0.000000,,,,,,,,
209500,811.1,0.000000,,,,,,,,
209600,811.5,0.000000,,,,,,,,
209700,811.9,0.000002,,,,,,,,
209800,812.2,0.000000,,,,,,,,
209900,812.6,0.000000,,,,,,,,
210000,814.3,0.000000,0.000000,5.627072e-02,1.951446e-03,1.741843e-03,0.000000,3.686667e-02,1.930110e-03,1.731186e-03
210100,814.7,0.000000,,,,,,,,
210200,815.1,0.000001,,,,,,,,
210300,815.4,0.000000,,,,,,,,
210400,815.8,0.000001,,,,,,,,
210500,816.2,0.000001,,,,,,,,
210600,816.5,0.000000,,,,,,,,
210700,816.9,0.000000,,,,,,,,
210800,817.2,0.000000,,,,,,,,
210900,817.7,0.000000,,,,,,,,
211000,817.9,0.000000,,,,,,,,
211100,818.3,0.000000,,,,,,,,
211200,818.7,0.000000,,,,,,,,
211300,819.0,0.000000,,,,,,,,
211400,819.5,0.000000,,,,,,,,
211500,819.8,0.000001,,,,,,,,
211600,820.2,0.000000,,,,,,,,
211700,820.5,0.000000,,,,,,,,
211800,820.8,0.000000,,,,,,,,
211900,821.2,0.000000,,,,,,,,
212000,821.5,0.000000,,,,,,,,
212100,822.0,0.000000,,,,,,,,
212200,822.3,0.000001,,,,,,,,
212300,822.7,0.000000,,,,,,,,
212400,823.0,0.000001,,,,,,,,
212500,823.4,0.000000,,,,,,,,
212600,823.7,0.000000,,,,,,,,
212700,824.1,0.000000,,,,,,,,
212800,824.5,0.000002,,,,,,,,
212900,824.8,0.000001,,,,,,,,
213000,825.1,0.000000,,,,,,,,
213100,825.6,0.000001,,,,,,,,
213200,826.0,0.000000,,,,,,,,
213300,826.3,0.000001,,,,,,,,
213400,826.7,0.000000,,,,,,,,
213500,827.0,0.000000,,,,,,,,
213600,827.4,0.000000,,,,,,,,
213700,827.7,0.000000,,,,,,,,
213800,828.1,0.000000,,,,,,,,
213900,828.4,0.000001,,,,,,,,
214000,828.7,0.000000,,,,,,,,
214100,829.2,0.000000,,,,,,,,
214200,829.5,0.000000,,,,,,,,
214300,829.9,0.000000,,,,,,,,
214400,830.2,0.000000,,,,,,,,
214500,830.6,0.000000,,,,,,,,
214600,830.9,0.000000,,,,,,,,
214700,831.3,0.000000,,,,,,,,
214800,831.7,0.000000,,,,,,,,
214900,832.0,0.000000,,,,,,,,
215000,833.8,0.000000,0.000000,5.485127e-02,2.617832e-03,2.220166e-03,0.000000,3.907658e-02,2.518472e-03,2.144271e-03
215100,834.1,0.000001,,,,,,,,
215200,834.5,0.000000,,,,,,,,
215300,834.8,0.000001,,,,,,,,
215400,835.2,0.000000,,,,,,,,
215500,835.5,0.000001,,,,,,,,
215600,835.9,0.000000,,,,,,,,
215700,836.3,0.000000,,,,,,,,
215800,836.6,0.000000,,,,,,,,
215900,837.0,0.000000,,,,,,,,
216000,837.3,0.000000,,,,,,,,
216100,837.7,0.000001,,,,,,,,
216200,838.1,0.000000,,,,,,,,
216300,838.4,0.000000,,,,,,,,
216400,838.8,0.000000,,,,,,,,
216500,839.1,0.000001,,,,,,,,
216600,839.5,0.000000,,,,,,,,
216700,839.8,0.000000,,,,,,,,
216800,840.2,0.000000,,,,,,,,
216900,840.5,0.000001,,,,,,,,
217000,840.9,0.000000,,,,,,,,
217100,841.3,0.000000,,,,,,,,
217200,841.6,0.000000,,,,,,,,
217300,842.0,0.000000,,,,,,,,
217400,842.3,0.000000,,,,,,,,
217500,842.7,0.000000,,,,,,,,
217600,843.2,0.000000,,,,,,,,
217700,843.5,0.000000,,,,,,,,
217800,843.9,0.000000,,,,,,,,
217900,844.2,0.000000,,,,,,,,
218000,844.6,0.000001,,,,,,,,
218100,844.9,0.000000,,,,,,,,
218200,845.3,0.000000,,,,,,,,
218300,845.7,0.000000,,,,,,,,
218400,846.0,0.000000,,,,,,,,
218500,846.4,0.000000,,,,,,,,
218600,846.7,0.000000,,,,,,,,
218700,847.1,0.000000,,,,,,,,
218800,847.5,0.000000,,,,,,,,
218900,847.8,0.000000,,,,,,,,
219000,848.2,0.000000,,,,,,,,
219100,848.5,0.000000,,,,,,,,
219200,849.0,0.000000,,,,,,,,
219300,849.2,0.000000,,,,,,,,
219400,849.6,0.000000,,,,,,,,
219500,849.9,0.000000,,,,,,,,
219600,850.3,0.000000,,,,,,,,
219700,850.7,0.000000,,,,,,,,
219800,851.0,0.000000,,,,,,,,
219900,851.4,0.000000,,,,,,,,
220000,853.1,0.000000,0.000000,3.341908e-02,2.627556e-03,2.546779e-03,0.000000,2.411064e-02,2.637707e-03,2.576069e-03
220100,853.4,0.000000,,,,,,,,
220200,853.7,0.000000,,,,,,,,
220300,854.0,0.000000,,,,,,,,
220400,854.4,0.000000,,,,,,,,
220500,854.8,0.000000,,,,,,,,
220600,855.1,0.000000,,,,,,,,
220700,855.6,0.000001,,,,,,,,
220800,855.9,0.000000,,,,,,,,
220900,856.3,0.000000,,,,,,,,
221000,856.6,0.000000,,,,,,,,
221100,856.9,0.000000,,,,,,,,
221200,857.4,0.000000,,,,,,,,
221300,857.7,0.000000,,,,,,,,
221400,858.1,0.000000,,,,,,,,
221500,858.4,0.000000,,,,,,,,
221600,858.8,0.000000,,,,,,,,
221700,859.1,0.000000,,,,,,,,
221800,859.5,0.000000,,,,,,,,
221900,859.9,0.000000,,,,,,,,
222000,860.2,0.000001,,,,,,,,
222100,860.6,0.000002,,,,,,,,
222200,860.9,0.000000,,,,,,,,
222300,861.4,0.000000,,,,,,,,
222400,861.6,0.000000,,,,,,,,
222500,862.0,0.000000,,,,,,,,
222600,862.4,0.000000,,,,,,,,
222700,862.7,0.000001,,,,,,,,
222800,863.1,0.000000,,,,,,,,
222900,863.4,0.000000,,,,,,,,
223000,863.9,0.000000,,,,,,,,
223100,864.1,0.000001,,,,,,,,
223200,864.5,0.000001,,,,,,,,
223300,864.9,0.000000,,,,,,,,
223400,865.2,0.000000,,,,,,,,
223500,865.6,0.000001,,,,,,,,
223600,865.9,0.000000,,,,,,,,
223700,866.4,0.000001,,,,,,,,
223800,866.7,0.000000,,,,,,,,
223900,867.1,0.000000,,,,,,,,
224000,867.4,0.000000,,,,,,,,
224100,867.7,0.000000,,,,,,,,
224200,868.1,0.000000,,,,,,,,
224300,868.4,0.000000,,,,,,,,
224400,868.9,0.000000,,,,,,,,
224500,869.2,0.000000,,,,,,,,
224600,869.6,0.000000,,,,,,,,
224700,869.9,0.000000,,,,,,,,
224800,870.2,0.000000,,,,,,,,
224900,870.7,0.000001,,,,,,,,
225000,872.3,0.000000,0.000000,3.794021e-02,3.042474e-03,2.993992e-03,0.000000,1.781131e-02,3.004916e-03,2.976085e-03
225100,872.7,0.000000,,,,,,,,
225200,873.0,0.000000,,,,,,,,
225300,873.4,0.000000,,,,,,,,
225400,873.7,0.000000,,,,,,,,
225500,874.0,0.000000,,,,,,,,
225600,874.5,0.000000,,,,,,,,
225700,874.8,0.000001,,,,,,,,
225800,875.2,0.000001,,,,,,,,
225900,875.5,0.000001,,,,,,,,
226000,875.8,0.000000,,,,,,,,
226100,876.1,0.000000,,,,,,,,
226200,876.6,0.000000,,,,,,,,
226300,876.9,0.000001,,,,,,,,
226400,877.3,0.000000,,,,,,,,
226500,877.6,0.000000,,,,,,,,
226600,878.0,0.000000,,,,,,,,
226700,878.3,0.000000,,,,,,,,
226800,878.7,0.000000,,,,,,,,
226900,879.1,0.000000,,,,,,,,
227000,879.4,0.000000,,,,,,,,
227100,879.8,0.000000,,,,,,,,
227200,880.1,0.000000,,,,,,,,
227300,880.5,0.000000,,,,,,,,
227400,880.8,0.000000,,,,,,,,
227500,881.2,0.000000,,,,,,,,
227600,881.5,0.000000,,,,,,,,
227700,881.9,0.000000,,,,,,,,
227800,882.3,0.000000,,,,,,,,
227900,882.6,0.000000,,,,,,,,
228000,883.0,0.000000,,,,,,,,
228100,883.3,0.000000,,,,,,,,
228200,883.7,0.000000,,,,,,,,
228300,884.1,0.000000,,,,,,,,
228400,884.4,0.000000,,,,,,,,
228500,884.8,0.000000,,,,,,,,
228600,885.1,0.000001,,,,,,,,
228700,885.5,0.000000,,,,,,,,
228800,885.8,0.000001,,,,,,,,
228900,886.2,0.000000,,,,,,,,
229000,886.6,0.000000,,,,,,,,
229100,886.9,0.000000,,,,,,,,
229200,887.3,0.000001,,,,,,,,
229300,887.6,0.000000,,,,,,,,
229400,888.0,0.000001,,,,,,,,
229500,888.3,0.000000,,,,,,,,
229600,888.7,0.000000,,,,,,,,
229700,889.0,0.000000,,,,,,,,
229800,889.4,0.000000,,,,,,,,
229900,889.7,0.000000,,,,,,,,
230000,891.4,0.000000,0.000000,2.561588e-02,1.250338e-03,9.817002e-04,0.000000,1.900340e-02,1.224806e-03,9.747990e-04
230100,891.8,0.000000,,,,,,,,
230200,892.1,0.000001,,,,,,,,
230300,892.5,0.000001,,,,,,,,
230400,892.8,0.000000,,,,,,,,
230500,893.2,0.000000,,,,,,,,
230600,893.5,0.000000,,,,,,,,
230700,893.9,0.000000,,,,,,,,
230800,894.3,0.000000,,,,,,,,
230900,894.6,0.000000,,,,,,,,
231000,895.0,0.000000,,,,,,,,
231100,895.3,0.000000,,,,,,,,
231200,895.7,0.000000,,,,,,,,
231300,896.1,0.000000,,,,,,,,
231400,896.4,0.000000,,,,,,,,
231500,896.8,0.000000,,,,,,,,
231600,897.1,0.000000,,,,,,,,
231700,897.6,0.000000,,,,,,,,
231800,897.8,0.000000,,,,,,,,
231900,898.2,0.000000,,,,,,,,
232000,898.6,0.000000,,,,,,,,
232100,898.9,0.000000,,,,,,,,
232200,899.3,0.000000,,,,,,,,
232300,899.6,0.000000,,,,,,,,
232400,900.1,0.000000,,,,,,,,
232500,900.4,0.000000,,,,,,,,
232600,900.7,0.000000,,,,,,,,
232700,901.2,0.000000,,,,,,,,
232800,901.5,0.000000,,,,,,,,
232900,901.9,0.000001,,,,,,,,
233000,902.2,0.000001,,,,,,,,
233100,902.6,0.000000,,,,,,,,
233200,902.9,0.000000,,,,,,,,
233300,903.3,0.000000,,,,,,,,
233400,903.7,0.000000,,,,,,,,
233500,904.0,0.000000,,,,,,,,
233600,904.4,0.000000,,,,,,,,
233700,904.7,0.000000,,,,,,,,
233800,905.1,0.000000,,,,,,,,
233900,905.4,0.000000,,,,,,,,
234000,905.8,0.000000,,,,,,,,
234100,906.2,0.000000,,,,,,,,
234200,906.5,0.000001,,,,,,,,
234300,906.9,0.000000,,,,,,,,
234400,907.2,0.000000,,,,,,,,
234500,907.6,0.000000,,,,,,,,
234600,907.9,0.000001,,,,,,,,
234700,908.3,0.000000,,,,,,,,
234800,908.7,0.000000,,,,,,,,
234900,909.0,0.000000,,,,,,,,
235000,910.8,0.000000,0.000000,3.471052e-02,1.840481e-03,1.641532e-03,0.000000,2.520443e-02,1.832831e-03,1.646681e-03
235100,911.1,0.000000,,,,,,,,
235200,911.4,0.000000,,,,,,,,
235300,911.7,0.000000,,,,,,,,
235400,912.1,0.000000,,,,,,,,
235500,912.4,0.000000,,,,,,,,
235600,912.8,0.000000,,,,,,,,
235700,913.1,0.000000,,,,,,,,
235800,913.6,0.000000,,,,,,,,
235900,913.9,0.000001,,,,,,,,
236000,914.3,0.000000,,,,,,,,
236100,914.6,0.000000,,,,,,,,
236200,915.0,0.000000,,,,,,,,
236300,915.3,0.000000,,,,,,,,
236400,915.7,0.000000,,,,,,,,
236500,916.1,0.000000,,,,,,,,
236600,916.4,0.000000,,,,,,,,
236700,916.8,0.000000,,,,,,,,
236800,917.1,0.000001,,,,,,,,
236900,917.5,0.000000,,,,,,,,
237000,917.8,0.000000,,,,,,,,
237100,918.2,0.000000,,,,,,,,
237200,918.6,0.000000,,,,,,,,
237300,918.9,0.000000,,,,,,,,
237400,919.3,0.000001,,,,,,,,
237500,919.6,0.000000,,,,,,,,
237600,920.0,0.000000,,,,,,,,
237700,920.3,0.000000,,,,,,,,
237800,920.7,0.000000,,,,,,,,
237900,921.1,0.000000,,,,,,,,
238000,921.4,0.000000,,,,,,,,
238100,921.8,0.000000,,,,,,,,
238200,922.1,0.000000,,,,,,,,
238300,922.5,0.000000,,,,,,,,
238400,922.8,0.000000,,,,,,,,
238500,923.1,0.000000,,,,,,,,
238600,923.5,0.000000,,,,,,,,
238700,923.8,0.000000,,,,,,,,
238800,924.3,0.000000,,,,,,,,
238900,924.6,0.000000,,,,,,,,
239000,925.0,0.000000,,,,,,,,
239100,925.3,0.000000,,,,,,,,
239200,925.7,0.000000,,,,,,,,
239300,926.0,0.000000,,,,,,,,
239400,926.4,0.000000,,,,,,,,
239500,926.8,0.000000,,,,,,,,
239600,927.1,0.000000,,,,,,,,
239700,927.5,0.000000,,,,,,,,
239800,927.8,0.000000,,,,,,,,
239900,928.2,0.000001,,,,,,,,
240000,929.9,0.000000,0.000000,5.183780e-02,1.531972e-03,1.197168e-03,0.000000,3.540946e-02,1.520899e-03,1.211924e-03
240100,930.2,0.000000,,,,,,,,
240200,930.6,0.000000,,,,,,,,
240300,930.9,0.000000,,,,,,,,
240400,931.4,0.000000,,,,,,,,
240500,931.6,0.000000,,,,,,,,
240600,932.1,0.000000,,,,,,,,
240700,932.4,0.000000,,,,,,,,
240800,932.7,0.000000,,,,,,,,
240900,933.1,0.000001,,,,,,,,
241000,933.4,0.000000,,,,,,,,
241100,933.9,0.000000,,,,,,,,
241200,934.2,0.000000,,,,,,,,
241300,934.6,0.000000,,,,,,,,
241400,934.9,0.000000,,,,,,,,
241500,935.2,0.000000,,,,,,,,
241600,935.7,0.000001,,,,,,,,
241700,936.0,0.000000,,,,,,,,
241800,936.4,0.000000,,,,,,,,
241900,936.7,0.000000,,,,,,,,
242000,937.1,0.000000,,,,,,,,
242100,937.4,0.000000,,,,,,,,
242200,937.8,0.000000,,,,,,,,
242300,938.2,0.000000,,,,,,,,
242400,938.5,0.000000,,,,,,,,
242500,938.9,0.000000,,,,,,,,
242600,939.2,0.000000,,,,,,,,
242700,939.6,0.000000,,,,,,,,
242800,939.9,0.000000,,,,,,,,
242900,940.3,0.000000,,,,,,,,
243000,940.7,0.000001,,,,,,,,
243100,941.0,0.000000,,,,,,,,
243200,941.4,0.000000,,,,,,,,
243300,941.7,0.000000,,,,,,,,
243400,942.1,0.000000,,,,,,,,
243500,942.5,0.000000,,,,,,,,
243600,942.8,0.000000,,,,,,,,
243700,943.2,0.000000,,,,,,,,
243800,943.5,0.000000,,,,,,,,
243900,944.0,0.000000,,,,,,,,
244000,944.3,0.000000,,,,,,,,
244100,944.6,0.000000,,,,,,,,
244200,945.0,0.000000,,,,,,,,
244300,945.3,0.000000,,,,,,,,
244400,945.8,0.000000,,,,,,,,
244500,946.0,0.000001,,,,,,,,
244600,946.5,0.000000,,,,,,,,
244700,946.8,0.000000,,,,,,,,
244800,947.1,0.000000,,,,,,,,
244900,947.5,0.000000,,,,,,,,
245000,949.2,0.000000,0.000000,5.593558e-02,1.729793e-03,1.436649e-03,0.000000,3.011585e-02,1.681201e-03,1.401033e-03
245100,949.5,0.000000,,,,,,,,
245200,950.0,0.000000,,,,,,,,
245300,950.3,0.000000,,,,,,,,
245400,950.6,0.000000,,,,,,,,
245500,951.0,0.000000,,,,,,,,
245600,951.3,0.000000,,,,,,,,
245700,951.7,0.000000,,,,,,,,
245800,952.0,0.000000,,,,,,,,
245900,952.5,0.000000,,,,,,,,
246000,952.8,0.000000,,,,,,,,
246100,953.2,0.000000,,,,,,,,
246200,953.5,0.000000,,,,,,,,
246300,953.8,0.000000,,,,,,,,
246400,954.2,0.000000,,,,,,,,
246500,954.5,0.000000,,,,,,,,
246600,955.0,0.000000,,,,,,,,
246700,955.3,0.000000,,,,,,,,
246800,955.7,0.000000,,,,,,,,
246900,956.0,0.000000,,,,,,,,
247000,956.4,0.000000,,,,,,,,
247100,956.8,0.000000,,,,,,,,
247200,957.1,0.000000,,,,,,,,
247300,957.5,0.000000,,,,,,,,
247400,957.8,0.000000,,,,,,,,
247500,958.2,0.000000,,,,,,,,
247600,958.5,0.000000,,,,,,,,
247700,958.9,0.000000,,,,,,,,
247800,959.3,0.000000,,,,,,,,
247900,959.6,0.000000,,,,,,,,
248000,960.0,0.000000,,,,,,,,
248100,960.3,0.000000,,,,,,,,
248200,960.7,0.000001,,,,,,,,
248300,961.0,0.000000,,,,,,,,
248400,961.4,0.000000,,,,,,,,
248500,961.8,0.000000,,,,,,,,
248600,962.1,0.000000,,,,,,,,
248700,962.5,0.000000,,,,,,,,
248800,962.8,0.000000,,,,,,,,
248900,963.3,0.000001,,,,,,,,
249000,963.5,0.000000,,,,,,,,
249100,964.0,0.000000,,,,,,,,
249200,964.3,0.000000,,,,,,,,
249300,964.6,0.000000,,,,,,,,
249400,965.0,0.000000,,,,,,,,
249500,965.3,0.000000,,,,,,,,
249600,965.7,0.000000,,,,,,,,
249700,966.0,0.000000,,,,,,,,
249800,966.5,0.000000,,,,,,,,
249900,966.8,0.000000,,,,,,,,
250000,968.6,0.000000,0.000000,3.884787e-02,1.695220e-03,1.236028e-03,0.000000,1.873089e-02,1.651033e-03,1.220653e-03
250100,968.9,0.000000,,,,,,,,
250200,969.2,0.000000,,,,,,,,
250300,969.6,0.000000,,,,,,,,
250400,969.9,0.000000,,,,,,,,
250500,970.2,0.000001,,,,,,,,
250600,970.6,0.000000,,,,,,,,
250700,970.9,0.000000,,,,,,,,
250800,971.3,0.000000,,,,,,,,
250900,971.7,0.000000,,,,,,,,
251000,972.1,0.000000,,,,,,,,
251100,972.4,0.000000,,,,,,,,
251200,972.8,0.000000,,,,,,,,
251300,973.1,0.000000,,,,,,,,
251400,973.5,0.000000,,,,,,,,
251500,973.9,0.000000,,,,,,,,
251600,974.2,0.000000,,,,,,,,
251700,974.6,0.000000,,,,,,,,
251800,974.9,0.000000,,,,,,,,
251900,975.3,0.000000,,,,,,,,
252000,975.6,0.000000,,,,,,,,
252100,976.0,0.000000,,,,,,,,
252200,976.4,0.000000,,,,,,,,
252300,976.7,0.000000,,,,,,,,
252400,977.1,0.000000,,,,,,,,
252500,977.4,0.000000,,,,,,,,
252600,977.8,0.000000,,,,,,,,
252700,978.1,0.000000,,,,,,,,
252800,978.5,0.000000,,,,,,,,
252900,978.9,0.000000,,,,,,,,
253000,979.2,0.000000,,,,,,,,
253100,979.6,0.000000,,,,,,,,
253200,979.9,0.000000,,,,,,,,
253300,980.3,0.000000,,,,,,,,
253400,980.6,0.000001,,,,,,,,
253500,981.1,0.000000,,,,,,,,
253600,981.4,0.000000,,,,,,,,
253700,981.7,0.000000,,,,,,,,
253800,982.1,0.000000,,,,,,,,
253900,982.4,0.000000,,,,,,,,
254000,982.9,0.000000,,,,,,,,
254100,983.2,0.000000,,,,,,,,
254200,983.6,0.000000,,,,,,,,
254300,983.9,0.000001,,,,,,,,
254400,984.3,0.000000,,,,,,,,
254500,984.6,0.000000,,,,,,,,
254600,985.0,0.000000,,,,,,,,
254700,985.4,0.000000,,,,,,,,
254800,985.7,0.000000,,,,,,,,
254900,986.1,0.000000,,,,,,,,
255000,987.8,0.000001,0.000000,4.685325e-02,1.986347e-03,1.379505e-03,0.000000,3.573257e-02,2.008096e-03,1.425839e-03
255100,988.1,0.000000,,,,,,,,
255200,988.5,0.000000,,,,,,,,
255300,988.8,0.000000,,,,,,,,
255400,989.2,0.000000,,,,,,,,
255500,989.5,0.000000,,,,,,,,
255600,989.9,0.000000,,,,,,,,
255700,990.2,0.000000,,,,,,,,
255800,990.6,0.000000,,,,,,,,
255900,991.0,0.000000,,,,,,,,
256000,991.3,0.000000,,,,,,,,
256100,991.7,0.000000,,,,,,,,
256200,992.0,0.000000,,,,,,,,
256300,992.4,0.000000,,,,,,,,
256400,992.8,0.000000,,,,,,,,
256500,993.1,0.000000,,,,,,,,
256600,993.7,0.000000,,,,,,,,
256700,993.9,0.000000,,,,,,,,
256800,994.4,0.000000,,,,,,,,
256900,994.7,0.000000,,,,,,,,
257000,995.0,0.000000,,,,,,,,
257100,995.4,0.000000,,,,,,,,
257200,995.7,0.000000,,,,,,,,
257300,996.2,0.000000,,,,,,,,
257400,996.5,0.000000,,,,,,,,
257500,996.9,0.000000,,,,,,,,
257600,997.3,0.000000,,,,,,,,
257700,997.6,0.000000,,,,,,,,
257800,998.0,0.000000,,,,,,,,
257900,998.3,0.000000,,,,,,,,
258000,998.7,0.000000,,,,,,,,
258100,999.0,0.000000,,,,,,,,
258200,999.4,0.000000,,,,,,,,
258300,999.8,0.000000,,,,,,,,
258400,1000.1,0.000000,,,,,,,,
258500,1000.5,0.000000,,,,,,,,
258600,1000.8,0.000000,,,,,,,,
258700,1001.2,0.000000,,,,,,,,
258800,1001.5,0.000000,,,,,,,,
258900,1001.9,0.000000,,,,,,,,
259000,1002.3,0.000000,,,,,,,,
259100,1002.6,0.000000,,,,,,,,
259200,1003.0,0.000000,,,,,,,,
259300,1003.3,0.000000,,,,,,,,
259400,1003.7,0.000000,,,,,,,,
259500,1004.0,0.000000,,,,,,,,
259600,1004.4,0.000000,,,,,,,,
259700,1004.8,0.000000,,,,,,,,
259800,1005.1,0.000000,,,,,,,,
259900,1005.5,0.000000,,,,,,,,
260000,1007.2,0.000000,0.000000,3.148884e-02,2.360779e-03,2.042216e-03,0.000000,2.643133e-02,2.305605e-03,1.986875e-03
260100,1007.5,0.000000,,,,,,,,
260200,1007.9,0.000000,,,,,,,,
260300,1008.2,0.000000,,,,,,,,
260400,1008.6,0.000000,,,,,,,,
260500,1008.9,0.000000,,,,,,,,
260600,1009.3,0.000000,,,,,,,,
260700,1009.6,0.000000,,,,,,,,
260800,1010.0,0.000000,,,,,,,,
260900,1010.4,0.000001,,,,,,,,
261000,1010.7,0.000000,,,,,,,,
261100,1011.1,0.000000,,,,,,,,
261200,1011.4,0.000000,,,,,,,,
261300,1011.8,0.000000,,,,,,,,
261400,1012.1,0.000000,,,,,,,,
261500,1012.5,0.000000,,,,,,,,
261600,1012.9,0.000000,,,,,,,,
261700,1013.2,0.000000,,,,,,,,
261800,1013.7,0.000000,,,,,,,,
261900,1013.9,0.000000,,,,,,,,
262000,1014.3,0.000000,,,,,,,,
262100,1014.7,0.000000,,,,,,,,
262200,1015.0,0.000000,,,,,,,,
262300,1015.4,0.000000,,,,,,,,
262400,1015.7,0.000000,,,,,,,,
262500,1016.2,0.000000,,,,,,,,
262600,1016.4,0.000000,,,,,,,,
262700,1016.8,0.000000,,,,,,,,
262800,1017.2,0.000000,,,,,,,,
262900,1017.5,0.000000,,,,,,,,
263000,1017.9,0.000000,,,,,,,,
263100,1018.2,0.000000,,,,,,,,
263200,1018.6,0.000000,,,,,,,,
263300,1018.9,0.000001,,,,,,,,
263400,1019.4,0.000000,,,,,,,,
263500,1019.7,0.000000,,,,,,,,
263600,1020.0,0.000000,,,,,,,,
263700,1020.4,0.000000,,,,,,,,
263800,1020.7,0.000000,,,,,,,,
263900,1021.1,0.000000,,,,,,,,
264000,1021.4,0.000000,,,,,,,,
264100,1021.9,0.000000,,,,,,,,
264200,1022.2,0.000000,,,,,,,,
264300,1022.6,0.000000,,,,,,,,
264400,1022.9,0.000000,,,,,,,,
264500,1023.2,0.000000,,,,,,,,
264600,1023.6,0.000000,,,,,,,,
264700,1023.9,0.000000,,,,,,,,
264800,1024.4,0.000000,,,,,,,,
264900,1024.7,0.000000,,,,,,,,
265000,1026.5,0.000000,0.000000,4.115339e-02,1.655672e-03,1.235156e-03,0.000000,2.514244e-02,1.645631e-03,1.215468e-03
265100,1026.8,0.000000,,,,,,,,
265200,1027.0,0.000000,,,,,,,,
265300,1027.4,0.000000,,,,,,,,
265400,1027.8,0.000000,,,,,,,,
265500,1028.1,0.000000,,,,,,,,
265600,1028.5,0.000000,,,,,,,,
265700,1028.8,0.000000,,,,,,,,
265800,1029.2,0.000000,,,,,,,,
265900,1029.6,0.000000,,,,,,,,
266000,1029.9,0.000000,,,,,,,,
266100,1030.3,0.000000,,,,,,,,
266200,1030.6,0.000000,,,,,,,,
266300,1031.0,0.000000,,,,,,,,
266400,1031.3,0.000000,,,,,,,,
266500,1031.7,0.000000,,,,,,,,
266600,1032.0,0.000000,,,,,,,,
266700,1032.4,0.000000,,,,,,,,
266800,1032.8,0.000000,,,,,,,,
266900,1033.1,0.000000,,,,,,,,
267000,1033.5,0.000000,,,,,,,,
267100,1033.8,0.000000,,,,,,,,
267200,1034.3,0.000002,,,,,,,,
267300,1034.5,0.000000,,,,,,,,
267400,1034.9,0.000000,,,,,,,,
267500,1035.3,0.000000,,,,,,,,
267600,1035.6,0.000000,,,,,,,,
267700,1036.0,0.000000,,,,,,,,
267800,1036.3,0.000000,,,,,,,,
267900,1036.8,0.000000,,,,,,,,
268000,1037.0,0.000000,,,,,,,,
268100,1037.4,0.000000,,,,,,,,
268200,1037.8,0.000000,,,,,,,,
268300,1038.1,0.000000,,,,,,,,
268400,1038.5,0.000000,,,,,,,,
268500,1038.8,0.000000,,,,,,,,
268600,1039.2,0.000000,,,,,,,,
268700,1039.5,0.000000,,,,,,,,
268800,1040.0,0.000000,,,,,,,,
268900,1040.3,0.000000,,,,,,,,
269000,1040.6,0.000000,,,,,,,,
269100,1041.0,0.000000,,,,,,,,
269200,1041.3,0.000000,,,,,,,,
269300,1041.7,0.000000,,,,,,,,
269400,1042.0,0.000000,,,,,,,,
269500,1042.5,0.000000,,,,,,,,
269600,1042.8,0.000000,,,,,,,,
269700,1043.1,0.000000,,,,,,,,
269800,1043.5,0.000000,,,,,,,,
269900,1043.8,0.000000,,,,,,,,
270000,1045.7,0.000000,0.000000,6.962605e-02,1.263868e-03,9.381802e-04,0.000000,4.436088e-02,1.155651e-03,9.035044e-04
270100,1046.0,0.000000,,,,,,,,
270200,1046.4,0.000000,,,,,,,,
270300,1046.7,0.000000,,,,,,,,
270400,1047.1,0.000000,,,,,,,,
270500,1047.5,0.000000,,,,,,,,
270600,1047.8,0.000000,,,,,,,,
270700,1048.2,0.000000,,,,,,,,
270800,1048.5,0.000000,,,,,,,,
270900,1049.0,0.000000,,,,,,,,
271000,1049.3,0.000000,,,,,,,,
271100,1049.6,0.000000,,,,,,,,
271200,1050.0,0.000000,,,,,,,,
271300,1050.3,0.000000,,,,,,,,
271400,1050.7,0.000000,,,,,,,,
271500,1051.0,0.000000,,,,,,,,
271600,1051.5,0.000000,,,,,,,,
271700,1051.8,0.000000,,,,,,,,
271800,1052.2,0.000000,,,,,,,,
271900,1052.5,0.000000,,,,,,,,
272000,1052.8,0.000000,,,,,,,,
272100,1053.2,0.000000,,,,,,,,
272200,1053.6,0.000000,,,,,,,,
272300,1054.0,0.000000,,,,,,,,
272400,1054.3,0.000000,,,,,,,,
272500,1054.7,0.000000,,,,,,,,
272600,1055.0,0.000000,,,,,,,,
272700,1055.4,0.000000,,,,,,,,
272800,1055.7,0.000000,,,,,,,,
272900,1056.1,0.000000,,,,,,,,
273000,1056.5,0.000000,,,,,,,,
273100,1056.8,0.000000,,,,,,,,
273200,1057.2,0.000000,,,,,,,,
273300,1057.5,0.000001,,,,,,,,
273400,1057.9,0.000000,,,,,,,,
273500,1058.2,0.000000,,,,,,,,
273600,1058.6,0.000000,,,,,,,,
273700,1059.0,0.000000,,,,,,,,
273800,1059.3,0.000000,,,,,,,,
273900,1059.7,0.000000,,,,,,,,
274000,1060.0,0.000000,,,,,,,,
274100,1060.5,0.000000,,,,,,,,
274200,1060.7,0.000000,,,,,,,,
274300,1061.1,0.000000,,,,,,,,
274400,1061.5,0.000000,,,,,,,,
274500,1061.9,0.000000,,,,,,,,
274600,1062.2,0.000000,,,,,,,,
274700,1062.6,0.000000,,,,,,,,
274800,1063.0,0.000000,,,,,,,,
274900,1063.3,0.000000,,,,,,,,
275000,1065.1,0.000000,0.000000,6.349847e-02,1.706518e-03,1.459635e-03,0.000000,3.389997e-02,1.613190e-03,1.438703e-03
275100,1065.4,0.000000,,,,,,,,
275200,1065.9,0.000001,,,,,,,,
275300,1066.1,0.000000,,,,,,,,
275400,1066.5,0.000000,,,,,,,,
275500,1066.9,0.000000,,,,,,,,
275600,1067.2,0.000000,,,,,,,,
275700,1067.6,0.000000,,,,,,,,
275800,1067.9,0.000000,,,,,,,,
275900,1068.4,0.000000,,,,,,,,
276000,1068.7,0.000000,,,,,,,,
276100,1069.1,0.000000,,,,,,,,
276200,1069.4,0.000000,,,,,,,,
276300,1069.7,0.000000,,,,,,,,
276400,1070.2,0.000000,,,,,,,,
276500,1070.5,0.000000,,,,,,,,
276600,1070.9,0.000000,,,,,,,,
276700,1071.2,0.000000,,,,,,,,
276800,1071.6,0.000000,,,,,,,,
276900,1071.9,0.000000,,,,,,,,
277000,1072.3,0.000001,,,,,,,,
277100,1072.6,0.000000,,,,,,,,
277200,1072.9,0.000000,,,,,,,,
277300,1073.4,0.000000,,,,,,,,
277400,1073.7,0.000000,,,,,,,,
277500,1074.1,0.000000,,,,,,,,
277600,1074.4,0.000000,,,,,,,,
277700,1074.8,0.000000,,,,,,,,
277800,1075.2,0.000000,,,,,,,,
277900,1075.5,0.000000,,,,,,,,
278000,1075.9,0.000000,,,,,,,,
278100,1076.2,0.000000,,,,,,,,
278200,1076.6,0.000000,,,,,,,,
278300,1076.9,0.000000,,,,,,,,
278400,1077.3,0.000000,,,,,,,,
278500,1077.7,0.000000,,,,,,,,
278600,1078.0,0.000000,,,,,,,,
278700,1078.4,0.000000,,,,,,,,
278800,1078.7,0.000000,,,,,,,,
278900,1079.2,0.000000,,,,,,,,
279000,1079.5,0.000000,,,,,,,,
279100,1079.7,0.000000,,,,,,,,
279200,1080.1,0.000000,,,,,,,,
279300,1080.5,0.000000,,,,,,,,
279400,1080.8,0.000000,,,,,,,,
279500,1081.3,0.000000,,,,,,,,
279600,1081.6,0.000000,,,,,,,,
279700,1082.0,0.000000,,,,,,,,
279800,1082.3,0.000000,,,,,,,,
279900,1082.6,0.000000,,,,,,,,
280000,1084.5,0.000000,0.000000,3.696556e-02,1.018995e-03,8.332112e-04,0.000000,2.187920e-02,1.002962e-03,8.275337e-04
280100,1084.8,0.000002,,,,,,,,
280200,1085.3,0.000000,,,,,,,,
280300,1085.5,0.000001,,,,,,,,
280400,1086.0,0.000000,,,,,,,,
280500,1086.3,0.000000,,,,,,,,
280600,1086.6,0.000000,,,,,,,,
280700,1087.0,0.000000,,,,,,,,
280800,1087.3,0.000000,,,,,,,,
280900,1087.7,0.000000,,,,,,,,
281000,1088.0,0.000000,,,,,,,,
281100,1088.5,0.000000,,,,,,,,
281200,1088.8,0.000000,,,,,,,,
281300,1089.1,0.000000,,,,,,,,
281400,1089.5,0.000000,,,,,,,,
281500,1089.8,0.000000,,,,,,,,
281600,1090.2,0.000001,,,,,,,,
281700,1090.5,0.000000,,,,,,,,
281800,1091.0,0.000000,,,,,,,,
281900,1091.2,0.000000,,,,,,,,
282000,1091.6,0.000000,,,,,,,,
282100,1092.0,0.000000,,,,,,,,
282200,1092.3,0.000000,,,,,,,,
282300,1092.7,0.000000,,,,,,,,
282400,1093.0,0.000000,,,,,,,,
282500,1093.5,0.000000,,,,,,,,
282600,1093.8,0.000000,,,,,,,,
282700,1094.1,0.000000,,,,,,,,
282800,1094.5,0.000000,,,,,,,,
282900,1094.8,0.000000,,,,,,,,
283000,1095.2,0.000000,,,,,,,,
283100,1095.5,0.000000,,,,,,,,
283200,1095.9,0.000000,,,,,,,,
283300,1096.2,0.000000,,,,,,,,
283400,1096.7,0.000000,,,,,,,,
283500,1097.0,0.000001,,,,,,,,
283600,1097.3,0.000000,,,,,,,,
283700,1097.7,0.000000,,,,,,,,
283800,1098.0,0.000000,,,,,,,,
283900,1098.5,0.000000,,,,,,,,
284000,1098.8,0.000000,,,,,,,,
284100,1099.2,0.000000,,,,,,,,
284200,1099.5,0.000000,,,,,,,,
284300,1099.9,0.000000,,,,,,,,
284400,1100.2,0.000000,,,,,,,,
284500,1100.6,0.000000,,,,,,,,
284600,1101.0,0.000000,,,,,,,,
284700,1101.3,0.000000,,,,,,,,
284800,1101.7,0.000000,,,,,,,,
284900,1102.0,0.000000,,,,,,,,
285000,1103.8,0.000000,0.000000,6.178494e-02,1.981424e-03,1.698418e-03,0.000000,3.894401e-02,1.947827e-03,1.690449e-03
285100,1104.1,0.000000,,,,,,,,
285200,1104.4,0.000000,,,,,,,,
285300,1104.8,0.000000,,,,,,,,
285400,1105.1,0.000000,,,,,,,,
285500,1105.4,0.000000,,,,,,,,
285600,1105.8,0.000000,,,,,,,,
285700,1106.1,0.000000,,,,,,,,
285800,1106.6,0.000000,,,,,,,,
285900,1106.8,0.000000,,,,,,,,
286000,1107.3,0.000000,,,,,,,,
286100,1107.6,0.000000,,,,,,,,
286200,1107.9,0.000000,,,,,,,,
286300,1108.3,0.000000,,,,,,,,
286400,1108.7,0.000000,,,,,,,,
286500,1109.1,0.000000,,,,,,,,
286600,1109.4,0.000000,,,,,,,,
286700,1109.8,0.000000,,,,,,,,
286800,1110.1,0.000000,,,,,,,,
286900,1110.5,0.000000,,,,,,,,
287000,1110.8,0.000000,,,,,,,,
287100,1111.1,0.000000,,,,,,,,
287200,1111.6,0.000000,,,,,,,,
287300,1111.9,0.000000,,,,,,,,
287400,1112.3,0.000000,,,,,,,,
287500,1112.6,0.000000,,,,,,,,
287600,1113.0,0.000000,,,,,,,,
287700,1113.4,0.000000,,,,,,,,
287800,1113.7,0.000000,,,,,,,,
287900,1114.1,0.000000,,,,,,,,
288000,1114.4,0.000000,,,,,,,,
288100,1114.8,0.000000,,,,,,,,
288200,1115.2,0.000000,,,,,,,,
288300,1115.5,0.000000,,,,,,,,
288400,1115.9,0.000000,,,,,,,,
288500,1116.2,0.000000,,,,,,,,
288600,1116.6,0.000000,,,,,,,,
288700,1116.9,0.000000,,,,,,,,
288800,1117.3,0.000000,,,,,,,,
288900,1117.7,0.000000,,,,,,,,
289000,1118.0,0.000000,,,,,,,,
289100,1118.4,0.000000,,,,,,,,
289200,1118.7,0.000000,,,,,,,,
289300,1119.1,0.000000,,,,,,,,
289400,1119.5,0.000000,,,,,,,,
289500,1119.8,0.000000,,,,,,,,
289600,1120.2,0.000000,,,,,,,,
289700,1120.5,0.000000,,,,,,,,
289800,1120.9,0.000000,,,,,,,,
289900,1121.2,0.000000,,,,,,,,
290000,1123.1,0.000000,0.000000,3.416955e-02,1.149866e-03,9.176950e-04,0.000000,2.780915e-02,1.161028e-03,9.356327e-04
290100,1123.5,0.000000,,,,,,,,
290200,1123.8,0.000000,,,,,,,,
290300,1124.1,0.000000,,,,,,,,
290400,1124.5,0.000000,,,,,,,,
290500,1124.8,0.000000,,,,,,,,
290600,1125.2,0.000000,,,,,,,,
290700,1125.5,0.000000,,,,,,,,
290800,1126.0,0.000000,,,,,,,,
290900,1126.3,0.000000,,,,,,,,
291000,1126.6,0.000000,,,,,,,,
291100,1127.0,0.000000,,,,,,,,
291200,1127.3,0.000000,,,,,,,,
291300,1127.7,0.000000,,,,,,,,
291400,1128.0,0.000000,,,,,,,,
291500,1128.5,0.000000,,,,,,,,
291600,1128.8,0.000000,,,,,,,,
291700,1129.2,0.000000,,,,,,,,
291800,1129.5,0.000000,,,,,,,,
291900,1129.9,0.000000,,,,,,,,
292000,1130.3,0.000000,,,,,,,,
292100,1130.6,0.000000,,,,,,,,
292200,1131.0,0.000000,,,,,,,,
292300,1131.3,0.000000,,,,,,,,
292400,1131.7,0.000000,,,,,,,,
292500,1132.0,0.000000,,,,,,,,
292600,1132.3,0.000000,,,,,,,,
292700,1132.7,0.000000,,,,,,,,
292800,1133.0,0.000000,,,,,,,,
292900,1133.5,0.000000,,,,,,,,
293000,1133.7,0.000000,,,,,,,,
293100,1134.2,0.000000,,,,,,,,
293200,1134.5,0.000000,,,,,,,,
293300,1134.8,0.000000,,,,,,,,
293400,1135.2,0.000000,,,,,,,,
293500,1135.5,0.000000,,,,,,,,
293600,1136.0,0.000000,,,,,,,,
293700,1136.2,0.000000,,,,,,,,
293800,1136.7,0.000000,,,,,,,,
293900,1137.0,0.000000,,,,,,,,
294000,1137.3,0.000000,,,,,,,,
294100,1137.7,0.000000,,,,,,,,
294200,1138.1,0.000000,,,,,,,,
294300,1138.5,0.000000,,,,,,,,
294400,1138.8,0.000000,,,,,,,,
294500,1139.2,0.000000,,,,,,,,
294600,1139.5,0.000000,,,,,,,,
294700,1139.9,0.000000,,,,,,,,
294800,1140.2,0.000000,,,,,,,,
294900,1140.6,0.000000,,,,,,,,
295000,1142.3,0.000000,0.000000,2.520175e-02,1.057800e-03,8.645514e-04,0.000000,2.122093e-02,1.051258e-03,8.735601e-04
295100,1142.6,0.000000,,,,,,,,
295200,1143.0,0.000000,,,,,,,,
295300,1143.3,0.000000,,,,,,,,
295400,1143.7,0.000000,,,,,,,,
295500,1144.0,0.000000,,,,,,,,
295600,1144.5,0.000000,,,,,,,,
295700,1144.8,0.000000,,,,,,,,
295800,1145.2,0.000000,,,,,,,,
295900,1145.5,0.000000,,,,,,,,
296000,1145.9,0.000000,,,,,,,,
296100,1146.3,0.000000,,,,,,,,
296200,1146.6,0.000000,,,,,,,,
296300,1147.0,0.000000,,,,,,,,
296400,1147.3,0.000000,,,,,,,,
296500,1147.7,0.000000,,,,,,,,
296600,1148.1,0.000000,,,,,,,,
296700,1148.4,0.000000,,,,,,,,
296800,1148.8,0.000000,,,,,,,,
296900,1149.1,0.000000,,,,,,,,
297000,1149.6,0.000000,,,,,,,,
297100,1149.9,0.000000,,,,,,,,
297200,1150.2,0.000000,,,,,,,,
297300,1150.6,0.000000,,,,,,,,
297400,1150.9,0.000000,,,,,,,,
297500,1151.3,0.000000,,,,,,,,
297600,1151.7,0.000000,,,,,,,,
297700,1152.1,0.000000,,,,,,,,
297800,1152.4,0.000000,,,,,,,,
297900,1152.8,0.000000,,,,,,,,
298000,1153.1,0.000000,,,,,,,,
298100,1153.5,0.000000,,,,,,,,
298200,1153.9,0.000000,,,,,,,,
298300,1154.2,0.000000,,,,,,,,
298400,1154.6,0.000000,,,,,,,,
298500,1154.9,0.000000,,,,,,,,
298600,1155.3,0.000000,,,,,,,,
298700,1155.6,0.000000,,,,,,,,
298800,1156.0,0.000000,,,,,,,,
298900,1156.4,0.000000,,,,,,,,
299000,1156.7,0.000000,,,,,,,,
299100,1157.1,0.000000,,,,,,,,
299200,1157.4,0.000000,,,,,,,,
299300,1157.8,0.000000,,,,,,,,
299400,1158.1,0.000000,,,,,,,,
299500,1158.5,0.000000,,,,,,,,
299600,1158.9,0.000000,,,,,,,,
299700,1159.2,0.000000,,,,,,,,
299800,1159.6,0.000000,,,,,,,,
299900,1159.9,0.000000,,,,,,,,
300000,1161.7,0.000000,0.000000,2.876802e-02,8.328806e-04,6.536019e-04,0.000000,2.106667e-02,8.054789e-04,6.439623e-04
300100,1162.0,0.000000,,,,,,,,
300200,1162.3,0.000000,,,,,,,,
300300,1162.7,0.000000,,,,,,,,
300400,1163.0,0.000000,,,,,,,,
300500,1163.4,0.000000,,,,,,,,
300600,1163.7,0.000000,,,,,,,,
300700,1164.2,0.000000,,,,,,,,
300800,1164.5,0.000000,,,,,,,,
300900,1164.9,0.000000,,,,,,,,
301000,1165.2,0.000000,,,,,,,,
301100,1165.5,0.000000,,,,,,,,
301200,1166.0,0.000000,,,,,,,,
301300,1166.3,0.000000,,,,,,,,
301400,1166.7,0.000000,,,,,,,,
301500,1167.0,0.000000,,,,,,,,
301600,1167.4,0.000000,,,,,,,,
301700,1167.8,0.000000,,,,,,,,
301800,1168.1,0.000000,,,,,,,,
301900,1168.5,0.000000,,,,,,,,
302000,1168.8,0.000000,,,,,,,,
302100,1169.3,0.000000,,,,,,,,
302200,1169.6,0.000000,,,,,,,,
302300,1170.0,0.000000,,,,,,,,
302400,1170.3,0.000000,,,,,,,,
302500,1170.6,0.000000,,,,,,,,
302600,1171.1,0.000000,,,,,,,,
302700,1171.4,0.000000,,,,,,,,
302800,1171.8,0.000000,,,,,,,,
302900,1172.1,0.000000,,,,,,,,
303000,1172.5,0.000000,,,,,,,,
303100,1172.8,0.000001,,,,,,,,
303200,1173.2,0.000000,,,,,,,,
303300,1173.6,0.000000,,,,,,,,
303400,1173.9,0.000000,,,,,,,,
303500,1174.3,0.000000,,,,,,,,
303600,1174.6,0.000000,,,,,,,,
303700,1175.0,0.000000,,,,,,,,
303800,1175.3,0.000000,,,,,,,,
303900,1175.7,0.000000,,,,,,,,
304000,1176.1,0.000000,,,,,,,,
304100,1176.4,0.000000,,,,,,,,
304200,1176.9,0.000000,,,,,,,,
304300,1177.1,0.000000,,,,,,,,
304400,1177.6,0.000000,,,,,,,,
304500,1177.9,0.000000,,,,,,,,
304600,1178.2,0.000000,,,,,,,,
304700,1178.6,0.000000,,,,,,,,
304800,1178.9,0.000000,,,,,,,,
304900,1179.3,0.000000,,,,,,,,
305000,1181.0,0.000000,0.000000,4.546924e-02,9.050732e-04,7.153677e-04,0.000000,3.259135e-02,8.747926e-04,7.205741e-04
305100,1181.4,0.000000,,,,,,,,
305200,1181.7,0.000000,,,,,,,,
305300,1182.1,0.000000,,,,,,,,
305400,1182.5,0.000000,,,,,,,,
305500,1182.8,0.000000,,,,,,,,
305600,1183.2,0.000000,,,,,,,,
305700,1183.5,0.000000,,,,,,,,
305800,1183.9,0.000000,,,,,,,,
305900,1184.2,0.000000,,,,,,,,
306000,1184.6,0.000000,,,,,,,,
306100,1184.9,0.000000,,,,,,,,
306200,1185.3,0.000000,,,,,,,,
306300,1185.7,0.000000,,,,,,,,
306400,1186.0,0.000000,,,,,,,,
306500,1186.4,0.000000,,,,,,,,
306600,1186.7,0.000000,,,,,,,,
306700,1187.1,0.000000,,,,,,,,
306800,1187.5,0.000000,,,,,,,,
306900,1187.8,0.000000,,,,,,,,
307000,1188.2,0.000000,,,,,,,,
307100,1188.5,0.000000,,,,,,,,
307200,1189.0,0.000000,,,,,,,,
307300,1189.2,0.000000,,,,,,,,
307400,1189.6,0.000000,,,,,,,,
307500,1190.0,0.000000,,,,,,,,
307600,1190.3,0.000000,,,,,,,,
307700,1190.7,0.000000,,,,,,,,
307800,1191.0,0.000000,,,,,,,,
307900,1191.5,0.000000,,,,,,,,
308000,1191.8,0.000000,,,,,,,,
308100,1192.2,0.000000,,,,,,,,
308200,1192.5,0.000000,,,,,,,,
308300,1192.8,0.000000,,,,,,,,
308400,1193.3,0.000000,,,,,,,,
308500,1193.6,0.000000,,,,,,,,
308600,1194.0,0.000000,,,,,,,,
308700,1194.3,0.000000,,,,,,,,
308800,1194.7,0.000000,,,,,,,,
308900,1195.0,0.000000,,,,,,,,
309000,1195.4,0.000000,,,,,,,,
309100,1195.8,0.000000,,,,,,,,
309200,1196.1,0.000000,,,,,,,,
309300,1196.6,0.000000,,,,,,,,
309400,1196.8,0.000000,,,,,,,,
309500,1197.2,0.000000,,,,,,,,
309600,1197.6,0.000000,,,,,,,,
309700,1197.9,0.000000,,,,,,,,
309800,1198.3,0.000000,,,,,,,,
309900,1198.6,0.000000,,,,,,,,
310000,1200.5,0.000000,0.000000,4.405589e-02,1.785437e-03,1.565099e-03,0.000000,1.978866e-02,1.771670e-03,1.569485e-03
310100,1200.8,0.000000,,,,,,,,
310200,1201.1,0.000000,,,,,,,,
310300,1201.6,0.000000,,,,,,,,
310400,1201.8,0.000000,,,,,,,,
310500,1202.3,0.000000,,,,,,,,
310600,1202.6,0.000000,,,,,,,,
310700,1203.0,0.000000,,,,,,,,
310800,1203.3,0.000000,,,,,,,,
310900,1203.6,0.000000,,,,,,,,
311000,1204.0,0.000000,,,,,,,,
311100,1204.3,0.000000,,,,,,,,
311200,1204.8,0.000000,,,,,,,,
311300,1205.1,0.000000,,,,,,,,
311400,1205.5,0.000000,,,,,,,,
311500,1205.8,0.000000,,,,,,,,
311600,1206.2,0.000000,,,,,,,,
311700,1206.6,0.000000,,,,,,,,
311800,1206.9,0.000000,,,,,,,,
311900,1207.3,0.000000,,,,,,,,
312000,1207.6,0.000000,,,,,,,,
312100,1208.0,0.000000,,,,,,,,
312200,1208.4,0.000000,,,,,,,,
312300,1208.7,0.000000,,,,,,,,
312400,1209.1,0.000000,,,,,,,,
312500,1209.4,0.000000,,,,,,,,
312600,1209.9,0.000000,,,,,,,,
312700,1210.1,0.000000,,,,,,,,
312800,1210.5,0.000000,,,,,,,,
312900,1210.9,0.000000,,,,,,,,
313000,1211.2,0.000000,,,,,,,,
313100,1211.6,0.000000,,,,,,,,
313200,1211.9,0.000000,,,,,,,,
313300,1212.3,0.000000,,,,,,,,
313400,1212.6,0.000000,,,,,,,,
313500,1213.0,0.000000,,,,,,,,
313600,1213.4,0.000000,,,,,,,,
313700,1213.7,0.000000,,,,,,,,
313800,1214.1,0.000000,,,,,,,,
313900,1214.4,0.000000,,,,,,,,
314000,1214.9,0.000000,,,,,,,,
314100,1215.2,0.000000,,,,,,,,
314200,1215.5,0.000000,,,,,,,,
314300,1215.9,0.000000,,,,,,,,
314400,1216.2,0.000000,,,,,,,,
314500,1216.7,0.000000,,,,,,,,
314600,1217.0,0.000000,,,,,,,,
314700,1217.4,0.000000,,,,,,,,
314800,1217.7,0.000000,,,,,,,,
314900,1218.1,0.000000,,,,,,,,
315000,1219.8,0.000000,0.000000,3.718149e-02,8.787037e-04,6.827871e-04,0.000000,2.561880e-02,8.520177e-04,6.665940e-04
315100,1220.1,0.000000,,,,,,,,
315200,1220.3,0.000000,,,,,,,,
315300,1220.6,0.000000,,,,,,,,
315400,1221.0,0.000000,,,,,,,,
315500,1221.3,0.000000,,,,,,,,
315600,1221.6,0.000000,,,,,,,,
315700,1222.1,0.000000,,,,,,,,
315800,1222.4,0.000000,,,,,,,,
315900,1222.8,0.000000,,,,,,,,
316000,1223.1,0.000000,,,,,,,,
316100,1223.5,0.000000,,,,,,,,
316200,1223.8,0.000000,,,,,,,,
316300,1224.2,0.000000,,,,,,,,
316400,1224.6,0.000000,,,,,,,,
316500,1224.9,0.000000,,,,,,,,
316600,1225.3,0.000000,,,,,,,,
316700,1225.6,0.000000,,,,,,,,
316800,1226.1,0.000000,,,,,,,,
316900,1226.3,0.000000,,,,,,,,
317000,1226.7,0.000000,,,,,,,,
317100,1227.1,0.000000,,,,,,,,
317200,1227.4,0.000000,,,,,,,,
317300,1227.8,0.000000,,,,,,,,
317400,1228.1,0.000000,,,,,,,,
317500,1228.6,0.000000,,,,,,,,
317600,1228.9,0.000000,,,,,,,,
317700,1229.2,0.000000,,,,,,,,
317800,1229.6,0.000000,,,,,,,,
317900,1229.9,0.000001,,,,,,,,
318000,1230.3,0.000000,,,,,,,,
318100,1230.6,0.000000,,,,,,,,
318200,1231.1,0.000000,,,,,,,,
318300,1231.4,0.000000,,,,,,,,
318400,1231.7,0.000000,,,,,,,,
318500,1232.1,0.000000,,,,,,,,
318600,1232.4,0.000000,,,,,,,,
318700,1232.8,0.000000,,,,,,,,
318800,1233.1,0.000000,,,,,,,,
318900,1233.6,0.000000,,,,,,,,
319000,1233.9,0.000000,,,,,,,,
319100,1234.3,0.000000,,,,,,,,
319200,1234.6,0.000000,,,,,,,,
319300,1234.9,0.000000,,,,,,,,
319400,1235.3,0.000000,,,,,,,,
319500,1235.6,0.000000,,,,,,,,
319600,1236.0,0.000000,,,,,,,,
319700,1236.4,0.000000,,,,,,,,
319800,1236.7,0.000000,,,,,,,,
319900,1237.1,0.000000,,,,,,,,
320000,1238.9,0.000000,0.000000,3.073091e-02,9.071367e-04,7.850191e-04,0.000000,1.956249e-02,8.891146e-04,7.785387e-04
320100,1239.2,0.000000,,,,,,,,
320200,1239.5,0.000000,,,,,,,,
320300,1240.0,0.000000,,,,,,,,
320400,1240.3,0.000000,,,,,,,,
320500,1240.6,0.000000,,,,,,,,
320600,1241.0,0.000000,,,,,,,,
320700,1241.4,0.000000,,,,,,,,
320800,1241.8,0.000000,,,,,,,,
320900,1242.1,0.000000,,,,,,,,
321000,1242.5,0.000000,,,,,,,,
321100,1242.8,0.000000,,,,,,,,
321200,1243.1,0.000000,,,,,,,,
321300,1243.5,0.000000,,,,,,,,
321400,1243.8,0.000000,,,,,,,,
321500,1244.3,0.000000,,,,,,,,
321600,1244.6,0.000000,,,,,,,,
321700,1245.0,0.000000,,,,,,,,
321800,1245.3,0.000000,,,,,,,,
321900,1245.7,0.000000,,,,,,,,
322000,1246.0,0.000000,,,,,,,,
322100,1246.4,0.000000,,,,,,,,
322200,1246.8,0.000000,,,,,,,,
322300,1247.1,0.000000,,,,,,,,
322400,1247.5,0.000000,,,,,,,,
322500,1247.8,0.000000,,,,,,,,
322600,1248.2,0.000000,,,,,,,,
322700,1248.6,0.000000,,,,,,,,
322800,1248.9,0.000000,,,,,,,,
322900,1249.3,0.000000,,,,,,,,
323000,1249.6,0.000000,,,,,,,,
323100,1250.1,0.000000,,,,,,,,
323200,1250.4,0.000000,,,,,,,,
323300,1250.7,0.000000,,,,,,,,
323400,1251.1,0.000000,,,,,,,,
323500,1251.5,0.000000,,,,,,,,
323600,1251.9,0.000000,,,,,,,,
323700,1252.2,0.000000,,,,,,,,
323800,1252.6,0.000000,,,,,,,,
323900,1252.9,0.000000,,,,,,,,
324000,1253.3,0.000000,,,,,,,,
324100,1253.7,0.000000,,,,,,,,
324200,1254.0,0.000000,,,,,,,,
324300,1254.4,0.000000,,,,,,,,
324400,1254.7,0.000000,,,,,,,,
324500,1255.1,0.000000,,,,,,,,
324600,1255.5,0.000000,,,,,,,,
324700,1255.8,0.000000,,,,,,,,
324800,1256.2,0.000000,,,,,,,,
324900,1256.5,0.000000,,,,,,,,
325000,1258.3,0.000000,0.000000,3.681774e-02,7.719564e-04,5.961934e-04,0.000000,1.318582e-02,7.550779e-04,5.931200e-04
325100,1258.7,0.000000,,,,,,,,
325200,1259.0,0.000000,,,,,,,,
325300,1259.3,0.000000,,,,,,,,
325400,1259.8,0.000000,,,,,,,,
325500,1260.1,0.000000,,,,,,,,
325600,1260.5,0.000000,,,,,,,,
325700,1260.8,0.000000,,,,,,,,
325800,1261.2,0.000000,,,,,,,,
325900,1261.5,0.000000,,,,,,,,
326000,1261.9,0.000000,,,,,,,,
326100,1262.3,0.000000,,,,,,,,
326200,1262.6,0.000000,,,,,,,,
326300,1263.0,0.000000,,,,,,,,
326400,1263.3,0.000000,,,,,,,,
326500,1263.7,0.000000,,,,,,,,
326600,1264.0,0.000000,,,,,,,,
326700,1264.5,0.000000,,,,,,,,
326800,1264.8,0.000000,,,,,,,,
326900,1265.2,0.000000,,,,,,,,
327000,1265.5,0.000000,,,,,,,,
327100,1265.9,0.000000,,,,,,,,
327200,1266.3,0.000000,,,,,,,,
327300,1266.6,0.000000,,,,,,,,
327400,1267.0,0.000000,,,,,,,,
327500,1267.3,0.000000,,,,,,,,
327600,1267.7,0.000000,,,,,,,,
327700,1268.1,0.000000,,,,,,,,
327800,1268.4,0.000000,,,,,,,,
327900,1268.8,0.000000,,,,,,,,
328000,1269.1,0.000000,,,,,,,,
328100,1269.6,0.000000,,,,,,,,
328200,1269.9,0.000000,,,,,,,,
328300,1270.2,0.000000,,,,,,,,
328400,1270.7,0.000000,,,,,,,,
328500,1271.0,0.000000,,,,,,,,
328600,1271.4,0.000000,,,,,,,,
328700,1271.7,0.000000,,,,,,,,
328800,1272.1,0.000000,,,,,,,,
328900,1272.5,0.000000,,,,,,,,
329000,1272.8,0.000000,,,,,,,,
329100,1273.2,0.000000,,,,,,,,
329200,1273.5,0.000000,,,,,,,,
329300,1274.0,0.000000,,,,,,,,
329400,1274.2,0.000000,,,,,,,,
329500,1274.7,0.000000,,,,,,,,
329600,1275.0,0.000000,,,,,,,,
329700,1275.4,0.000000,,,,,,,,
329800,1275.7,0.000000,,,,,,,,
329900,1276.0,0.000000,,,,,,,,
330000,1277.9,0.000000,0.000000,2.944035e-02,7.684145e-04,6.346828e-04,0.000000,2.182270e-02,7.527809e-04,6.338330e-04
330100,1278.2,0.000000,,,,,,,,
330200,1278.6,0.000000,,,,,,,,
330300,1278.9,0.000000,,,,,,,,
330400,1279.4,0.000000,,,,,,,,
330500,1279.7,0.000000,,,,,,,,
330600,1280.0,0.000000,,,,,,,,
330700,1280.4,0.000000,,,,,,,,
330800,1280.7,0.000000,,,,,,,,
330900,1281.1,0.000000,,,,,,,,
331000,1281.4,0.000000,,,,,,,,
331100,1281.9,0.000000,,,,,,,,
331200,1282.2,0.000000,,,,,,,,
331300,1282.5,0.000001,,,,,,,,
331400,1282.9,0.000000,,,,,,,,
331500,1283.2,0.000000,,,,,,,,
331600,1283.6,0.000000,,,,,,,,
331700,1283.9,0.000000,,,,,,,,
331800,1284.4,0.000000,,,,,,,,
331900,1284.7,0.000000,,,,,,,,
332000,1285.0,0.000000,,,,,,,,
332100,1285.4,0.000000,,,,,,,,
332200,1285.7,0.000000,,,,,,,,
332300,1286.1,0.000000,,,,,,,,
332400,1286.4,0.000000,,,,,,,,
332500,1286.9,0.000000,,,,,,,,
332600,1287.2,0.000000,,,,,,,,
332700,1287.5,0.000000,,,,,,,,
332800,1287.9,0.000000,,,,,,,,
332900,1288.2,0.000000,,,,,,,,
333000,1288.6,0.000000,,,,,,,,
333100,1288.9,0.000000,,,,,,,,
333200,1289.4,0.000000,,,,,,,,
333300,1289.7,0.000000,,,,,,,,
333400,1290.1,0.000000,,,,,,,,
333500,1290.4,0.000000,,,,,,,,
333600,1290.7,0.000000,,,,,,,,
333700,1291.1,0.000000,,,,,,,,
333800,1291.4,0.000000,,,,,,,,
333900,1291.9,0.000000,,,,,,,,
334000,1292.2,0.000000,,,,,,,,
334100,1292.6,0.000000,,,,,,,,
334200,1292.9,0.000000,,,,,,,,
334300,1293.3,0.000000,,,,,,,,
334400,1293.7,0.000000,,,,,,,,
334500,1294.0,0.000000,,,,,,,,
334600,1294.4,0.000000,,,,,,,,
334700,1294.7,0.000000,,,,,,,,
334800,1295.2,0.000000,,,,,,,,
334900,1295.5,0.000000,,,,,,,,
335000,1297.3,0.000000,0.000000,3.873749e-02,1.183338e-03,9.969964e-04,0.000000,2.826763e-02,1.169991e-03,9.993521e-04
335100,1297.7,0.000000,,,,,,,,
335200,1298.0,0.000000,,,,,,,,
335300,1298.3,0.000000,,,,,,,,
335400,1298.8,0.000000,,,,,,,,
335500,1299.1,0.000000,,,,,,,,
335600,1299.5,0.000000,,,,,,,,
335700,1299.8,0.000000,,,,,,,,
335800,1300.1,0.000000,,,,,,,,
335900,1300.5,0.000000,,,,,,,,
336000,1300.8,0.000000,,,,,,,,
336100,1301.3,0.000000,,,,,,,,
336200,1301.6,0.000000,,,,,,,,
336300,1302.0,0.000000,,,,,,,,
336400,1302.3,0.000000,,,,,,,,
336500,1302.6,0.000000,,,,,,,,
336600,1303.0,0.000000,,,,,,,,
336700,1303.3,0.000000,,,,,,,,
336800,1303.8,0.000000,,,,,,,,
336900,1304.1,0.000000,,,,,,,,
337000,1304.5,0.000000,,,,,,,,
337100,1304.8,0.000000,,,,,,,,
337200,1305.2,0.000000,,,,,,,,
337300,1305.5,0.000000,,,,,,,,
337400,1305.8,0.000000,,,,,,,,
337500,1306.3,0.000000,,,,,,,,
337600,1306.6,0.000000,,,,,,,,
337700,1307.0,0.000000,,,,,,,,
337800,1307.3,0.000000,,,,,,,,
337900,1307.7,0.000000,,,,,,,,
338000,1308.0,0.000000,,,,,,,,
338100,1308.3,0.000000,,,,,,,,
338200,1308.8,0.000000,,,,,,,,
338300,1309.1,0.000000,,,,,,,,
338400,1309.5,0.000000,,,,,,,,
338500,1309.8,0.000000,,,,,,,,
338600,1310.2,0.000000,,,,,,,,
338700,1310.5,0.000000,,,,,,,,
338800,1310.8,0.000000,,,,,,,,
338900,1311.2,0.000000,,,,,,,,
339000,1311.6,0.000000,,,,,,,,
339100,1312.0,0.000000,,,,,,,,
339200,1312.3,0.000000,,,,,,,,
339300,1312.7,0.000000,,,,,,,,
339400,1313.0,0.000000,,,,,,,,
339500,1313.4,0.000000,,,,,,,,
339600,1313.7,0.000000,,,,,,,,
339700,1314.1,0.000000,,,,,,,,
339800,1314.5,0.000000,,,,,,,,
339900,1314.8,0.000000,,,,,,,,
340000,1316.6,0.000000,0.000000,3.753912e-02,7.285292e-04,5.674078e-04,0.000013,2.476979e-02,6.989497e-04,5.558267e-04
340100,1317.0,0.000000,,,,,,,,
340200,1317.3,0.000000,,,,,,,,
340300,1317.6,0.000000,,,,,,,,
340400,1318.1,0.000000,,,,,,,,
340500,1318.4,0.000000,,,,,,,,
340600,1318.8,0.000000,,,,,,,,
340700,1319.1,0.000000,,,,,,,,
340800,1319.5,0.000000,,,,,,,,
340900,1319.8,0.000000,,,,,,,,
341000,1320.1,0.000000,,,,,,,,
341100,1320.6,0.000000,,,,,,,,
341200,1320.9,0.000000,,,,,,,,
341300,1321.3,0.000000,,,,,,,,
341400,1321.6,0.000000,,,,,,,,
341500,1322.0,0.000000,,,,,,,,
341600,1322.4,0.000000,,,,,,,,
341700,1322.7,0.000000,,,,,,,,
341800,1323.1,0.000000,,,,,,,,
341900,1323.4,0.000000,,,,,,,,
342000,1323.8,0.000000,,,,,,,,
342100,1324.1,0.000000,,,,,,,,
342200,1324.5,0.000000,,,,,,,,
342300,1324.9,0.000000,,,,,,,,
342400,1325.2,0.000000,,,,,,,,
342500,1325.6,0.000000,,,,,,,,
342600,1325.9,0.000000,,,,,,,,
342700,1326.3,0.000000,,,,,,,,
342800,1326.6,0.000000,,,,,,,,
342900,1327.0,0.000000,,,,,,,,
343000,1327.4,0.000000,,,,,,,,
343100,1327.7,0.000000,,,,,,,,
343200,1328.1,0.000000,,,,,,,,
343300,1328.4,0.000000,,,,,,,,
343400,1328.9,0.000000,,,,,,,,
343500,1329.1,0.000000,,,,,,,,
343600,1329.6,0.000000,,,,,,,,
343700,1329.9,0.000000,,,,,,,,
343800,1330.2,0.000000,,,,,,,,
343900,1330.6,0.000000,,,,,,,,
344000,1330.9,0.000000,,,,,,,,
344100,1331.4,0.000000,,,,,,,,
344200,1331.7,0.000000,,,,,,,,
344300,1332.1,0.000000,,,,,,,,
344400,1332.4,0.000000,,,,,,,,
344500,1332.7,0.000000,,,,,,,,
344600,1333.1,0.000000,,,,,,,,
344700,1333.4,0.000000,,,,,,,,
344800,1333.9,0.000000,,,,,,,,
344900,1334.2,0.000000,,,,,,,,
345000,1336.0,0.000000,0.000000,2.736682e-02,8.036708e-04,6.941130e-04,0.000000,1.814438e-02,7.968319e-04,6.964960e-04
345100,1336.3,0.000000,,,,,,,,
345200,1336.7,0.000000,,,,,,,,
345300,1337.0,0.000000,,,,,,,,
345400,1337.4,0.000000,,,,,,,,
345500,1337.7,0.000000,,,,,,,,
345600,1338.1,0.000000,,,,,,,,
345700,1338.4,0.000000,,,,,,,,
345800,1338.9,0.000000,,,,,,,,
345900,1339.2,0.000000,,,,,,,,
346000,1339.5,0.000000,,,,,,,,
346100,1339.9,0.000000,,,,,,,,
346200,1340.2,0.000000,,,,,,,,
346300,1340.7,0.000000,,,,,,,,
346400,1340.9,0.000000,,,,,,,,
346500,1341.4,0.000000,,,,,,,,
346600,1341.7,0.000000,,,,,,,,
346700,1342.1,0.000000,,,,,,,,
346800,1342.4,0.000000,,,,,,,,
346900,1342.7,0.000000,,,,,,,,
347000,1343.1,0.000000,,,,,,,,
347100,1343.4,0.000000,,,,,,,,
347200,1343.9,0.000000,,,,,,,,
347300,1344.2,0.000000,,,,,,,,
347400,1344.5,0.000000,,,,,,,,
347500,1344.9,0.000000,,,,,,,,
347600,1345.2,0.000000,,,,,,,,
347700,1345.7,0.000000,,,,,,,,
347800,1346.0,0.000000,,,,,,,,
347900,1346.4,0.000000,,,,,,,,
348000,1346.7,0.000000,,,,,,,,
348100,1347.1,0.000000,,,,,,,,
348200,1347.4,0.000000,,,,,,,,
348300,1347.8,0.000000,,,,,,,,
348400,1348.2,0.000000,,,,,,,,
348500,1348.5,0.000000,,,,,,,,
348600,1349.0,0.000000,,,,,,,,
348700,1349.3,0.000000,,,,,,,,
348800,1349.7,0.000000,,,,,,,,
348900,1350.0,0.000000,,,,,,,,
349000,1350.4,0.000000,,,,,,,,
349100,1350.8,0.000000,,,,,,,,
349200,1351.1,0.000000,,,,,,,,
349300,1351.5,0.000000,,,,,,,,
349400,1351.8,0.000000,,,,,,,,
349500,1352.2,0.000000,,,,,,,,
349600,1352.6,0.000000,,,,,,,,
349700,1352.9,0.000000,,,,,,,,
349800,1353.3,0.000000,,,,,,,,
349900,1353.6,0.000000,,,,,,,,
350000,1355.5,0.000000,0.000000,3.407592e-02,5.623565e-04,4.269474e-04,0.000000,1.793242e-02,5.328094e-04,4.155504e-04
350100,1355.8,0.000000,,,,,,,,
350200,1356.2,0.000000,,,,,,,,
350300,1356.5,0.000000,,,,,,,,
350400,1357.0,0.000000,,,,,,,,
350500,1357.2,0.000000,,,,,,,,
350600,1357.7,0.000000,,,,,,,,
350700,1358.1,0.000000,,,,,,,,
350800,1358.4,0.000000,,,,,,,,
350900,1358.8,0.000000,,,,,,,,
351000,1359.1,0.000000,,,,,,,,
351100,1359.6,0.000000,,,,,,,,
351200,1359.8,0.000000,,,,,,,,
351300,1360.3,0.000000,,,,,,,,
351400,1360.6,0.000000,,,,,,,,
351500,1360.9,0.000000,,,,,,,,
351600,1361.3,0.000000,,,,,,,,
351700,1361.6,0.000000,,,,,,,,
351800,1362.0,0.000000,,,,,,,,
351900,1362.3,0.000000,,,,,,,,
352000,1362.7,0.000000,,,,,,,,
352100,1363.0,0.000000,,,,,,,,
352200,1363.4,0.000000,,,,,,,,
352300,1363.8,0.000000,,,,,,,,
352400,1364.1,0.000000,,,,,,,,
352500,1364.5,0.000000,,,,,,,,
352600,1364.8,0.000000,,,,,,,,
352700,1365.3,0.000000,,,,,,,,
352800,1365.5,0.000000,,,,,,,,
352900,1365.9,0.000000,,,,,,,,
353000,1366.3,0.000000,,,,,,,,
353100,1366.6,0.000000,,,,,,,,
353200,1367.0,0.000000,,,,,,,,
353300,1367.3,0.000000,,,,,,,,
353400,1367.7,0.000000,,,,,,,,
353500,1368.0,0.000000,,,,,,,,
353600,1368.3,0.000000,,,,,,,,
353700,1368.8,0.000000,,,,,,,,
353800,1369.1,0.000000,,,,,,,,
353900,1369.5,0.000000,,,,,,,,
354000,1369.8,0.000000,,,,,,,,
354100,1370.1,0.000000,,,,,,,,
354200,1370.6,0.000000,,,,,,,,
354300,1370.8,0.000000,,,,,,,,
354400,1371.3,0.000000,,,,,,,,
354500,1371.7,0.000000,,,,,,,,
354600,1372.0,0.000000,,,,,,,,
354700,1372.4,0.000000,,,,,,,,
354800,1372.7,0.000000,,,,,,,,
354900,1373.1,0.000000,,,,,,,,
355000,1374.9,0.000000,0.000000,3.282184e-02,5.855291e-04,4.592053e-04,0.000000,1.963449e-02,5.698391e-04,4.552000e-04
355100,1375.2,0.000000,,,,,,,,
355200,1375.6,0.000000,,,,,,,,
355300,1375.9,0.000000,,,,,,,,
355400,1376.4,0.000000,,,,,,,,
355500,1376.7,0.000000,,,,,,,,
355600,1377.0,0.000000,,,,,,,,
355700,1377.3,0.000000,,,,,,,,
355800,1377.6,0.000001,,,,,,,,
355900,1378.0,0.000000,,,,,,,,
356000,1378.3,0.000000,,,,,,,,
356100,1378.7,0.000000,,,,,,,,
356200,1379.0,0.000000,,,,,,,,
356300,1379.3,0.000000,,,,,,,,
356400,1379.8,0.000000,,,,,,,,
356500,1380.1,0.000000,,,,,,,,
356600,1380.6,0.000000,,,,,,,,
356700,1380.8,0.000000,,,,,,,,
356800,1381.2,0.000000,,,,,,,,
356900,1381.6,0.000000,,,,,,,,
357000,1381.9,0.000000,,,,,,,,
357100,1382.3,0.000000,,,,,,,,
357200,1382.6,0.000000,,,,,,,,
357300,1383.1,0.000000,,,,,,,,
357400,1383.4,0.000000,,,,,,,,
357500,1383.7,0.000000,,,,,,,,
357600,1384.1,0.000000,,,,,,,,
357700,1384.4,0.000000,,,,,,,,
357800,1384.9,0.000000,,,,,,,,
357900,1385.2,0.000000,,,,,,,,
358000,1385.5,0.000000,,,,,,,,
358100,1385.8,0.000000,,,,,,,,
358200,1386.2,0.000000,,,,,,,,
358300,1386.5,0.000000,,,,,,,,
358400,1387.0,0.000000,,,,,,,,
358500,1387.3,0.000000,,,,,,,,
358600,1387.7,0.000000,,,,,,,,
358700,1388.0,0.000000,,,,,,,,
358800,1388.4,0.000000,,,,,,,,
358900,1388.8,0.000000,,,,,,,,
359000,1389.1,0.000000,,,,,,,,
359100,1389.5,0.000000,,,,,,,,
359200,1389.8,0.000000,,,,,,,,
359300,1390.2,0.000000,,,,,,,,
359400,1390.5,0.000000,,,,,,,,
359500,1390.9,0.000000,,,,,,,,
359600,1391.3,0.000000,,,,,,,,
359700,1391.6,0.000000,,,,,,,,
359800,1392.0,0.000000,,,,,,,,
359900,1392.3,0.000000,,,,,,,,
360000,1394.2,0.000000,0.000000,2.742309e-02,5.225891e-04,3.903527e-04,0.000000,1.727129e-02,4.975710e-04,3.824624e-04
360100,1394.5,0.000000,,,,,,,,
360200,1394.9,0.000000,,,,,,,,
360300,1395.2,0.000000,,,,,,,,
360400,1395.7,0.000000,,,,,,,,
360500,1396.0,0.000000,,,,,,,,
360600,1396.4,0.000000,,,,,,,,
360700,1396.7,0.000000,,,,,,,,
360800,1397.1,0.000000,,,,,,,,
360900,1397.4,0.000000,,,,,,,,
361000,1397.8,0.000000,,,,,,,,
361100,1398.2,0.000000,,,,,,,,
361200,1398.5,0.000000,,,,,,,,
361300,1398.9,0.000000,,,,,,,,
361400,1399.2,0.000000,,,,,,,,
361500,1399.6,0.000000,,,,,,,,
361600,1399.9,0.000000,,,,,,,,
361700,1400.3,0.000000,,,,,,,,
361800,1400.6,0.000000,,,,,,,,
361900,1401.0,0.000000,,,,,,,,
362000,1401.4,0.000000,,,,,,,,
362100,1401.7,0.000000,,,,,,,,
362200,1402.1,0.000000,,,,,,,,
362300,1402.4,0.000000,,,,,,,,
362400,1402.8,0.000000,,,,,,,,
362500,1403.2,0.000000,,,,,,,,
362600,1403.5,0.000000,,,,,,,,
362700,1403.9,0.000000,,,,,,,,
362800,1404.2,0.000000,,,,,,,,
362900,1404.7,0.000000,,,,,,,,
363000,1404.9,0.000000,,,,,,,,
363100,1405.3,0.000000,,,,,,,,
363200,1405.7,0.000000,,,,,,,,
363300,1406.0,0.000000,,,,,,,,
363400,1406.4,0.000000,,,,,,,,
363500,1406.7,0.000000,,,,,,,,
363600,1407.2,0.000000,,,,,,,,
363700,1407.5,0.000000,,,,,,,,
363800,1407.9,0.000000,,,,,,,,
363900,1408.2,0.000000,,,,,,,,
364000,1408.5,0.000000,,,,,,,,
364100,1408.9,0.000000,,,,,,,,
364200,1409.2,0.000000,,,,,,,,
364300,1409.7,0.000000,,,,,,,,
364400,1410.0,0.000000,,,,,,,,
364500,1410.4,0.000000,,,,,,,,
364600,1410.7,0.000000,,,,,,,,
364700,1411.1,0.000000,,,,,,,,
364800,1411.4,0.000000,,,,,,,,
364900,1411.8,0.000000,,,,,,,,
365000,1413.5,0.000000,0.000000,3.340740e-02,5.091681e-04,3.815333e-04,0.000000,1.697470e-02,4.836171e-04,3.724593e-04
365100,1413.9,0.000000,,,,,,,,
365200,1414.2,0.000000,,,,,,,,
365300,1414.5,0.000000,,,,,,,,
365400,1415.0,0.000000,,,,,,,,
365500,1415.3,0.000000,,,,,,,,
365600,1415.7,0.000000,,,,,,,,
365700,1416.0,0.000000,,,,,,,,
365800,1416.4,0.000000,,,,,,,,
365900,1416.7,0.000000,,,,,,,,
366000,1417.0,0.000000,,,,,,,,
366100,1417.4,0.000000,,,,,,,,
366200,1418.0,0.000000,,,,,,,,
366300,1418.2,0.000000,,,,,,,,
366400,1418.6,0.000000,,,,,,,,
366500,1419.0,0.000000,,,,,,,,
366600,1419.3,0.000000,,,,,,,,
366700,1419.7,0.000000,,,,,,,,
366800,1420.0,0.000000,,,,,,,,
366900,1420.4,0.000000,,,,,,,,
367000,1420.7,0.000000,,,,,,,,
367100,1421.1,0.000000,,,,,,,,
367200,1421.5,0.000000,,,,,,,,
367300,1421.8,0.000000,,,,,,,,
367400,1422.2,0.000000,,,,,,,,
367500,1422.5,0.000000,,,,,,,,
367600,1422.9,0.000000,,,,,,,,
367700,1423.2,0.000000,,,,,,,,
367800,1423.7,0.000000,,,,,,,,
367900,1424.0,0.000000,,,,,,,,
368000,1424.3,0.000000,,,,,,,,
368100,1424.7,0.000000,,,,,,,,
368200,1425.0,0.000000,,,,,,,,
368300,1425.5,0.000000,,,,,,,,
368400,1425.8,0.000000,,,,,,,,
368500,1426.2,0.000000,,,,,,,,
368600,1426.5,0.000000,,,,,,,,
368700,1426.9,0.000000,,,,,,,,
368800,1427.2,0.000000,,,,,,,,
368900,1427.6,0.000000,,,,,,,,
369000,1427.9,0.000000,,,,,,,,
369100,1428.3,0.000000,,,,,,,,
369200,1428.7,0.000000,,,,,,,,
369300,1429.0,0.000000,,,,,,,,
369400,1429.4,0.000000,,,,,,,,
369500,1429.7,0.000000,,,,,,,,
369600,1430.1,0.000000,,,,,,,,
369700,1430.4,0.000000,,,,,,,,
369800,1430.8,0.000000,,,,,,,,
369900,1431.2,0.000000,,,,,,,,
370000,1432.9,0.000000,0.000000,2.300639e-02,5.009880e-04,3.847680e-04,0.000000,1.606322e-02,4.816878e-04,3.787275e-04
370100,1433.2,0.000000,,,,,,,,
370200,1433.6,0.000000,,,,,,,,
370300,1433.9,0.000000,,,,,,,,
370400,1434.3,0.000000,,,,,,,,
370500,1434.7,0.000000,,,,,,,,
370600,1435.0,0.000000,,,,,,,,
370700,1435.4,0.000000,,,,,,,,
370800,1435.7,0.000000,,,,,,,,
370900,1436.2,0.000000,,,,,,,,
371000,1436.5,0.000000,,,,,,,,
371100,1436.9,0.000000,,,,,,,,
371200,1437.2,0.000000,,,,,,,,
371300,1437.6,0.000000,,,,,,,,
371400,1438.0,0.000000,,,,,,,,
371500,1438.3,0.000000,,,,,,,,
371600,1438.7,0.000000,,,,,,,,
371700,1439.0,0.000000,,,,,,,,
371800,1439.4,0.000000,,,,,,,,
371900,1439.7,0.000000,,,,,,,,
372000,1440.1,0.000000,,,,,,,,
372100,1440.5,0.000000,,,,,,,,
372200,1440.8,0.000000,,,,,,,,
372300,1441.2,0.000000,,,,,,,,
372400,1441.5,0.000000,,,,,,,,
372500,1441.9,0.000000,,,,,,,,
372600,1442.2,0.000000,,,,,,,,
372700,1442.6,0.000000,,,,,,,,
372800,1443.0,0.000000,,,,,,,,
372900,1443.3,0.000000,,,,,,,,
373000,1443.7,0.000000,,,,,,,,
373100,1444.0,0.000000,,,,,,,,
373200,1444.4,0.000000,,,,,,,,
373300,1444.8,0.000000,,,,,,,,
373400,1445.1,0.000000,,,,,,,,
373500,1445.5,0.000000,,,,,,,,
373600,1445.8,0.000000,,,,,,,,
373700,1446.2,0.000000,,,,,,,,
373800,1446.5,0.000000,,,,,,,,
373900,1446.9,0.000000,,,,,,,,
374000,1447.3,0.000000,,,,,,,,
374100,1447.6,0.000000,,,,,,,,
374200,1448.0,0.000000,,,,,,,,
374300,1448.3,0.000000,,,,,,,,
374400,1448.7,0.000000,,,,,,,,
374500,1449.0,0.000000,,,,,,,,
374600,1449.4,0.000000,,,,,,,,
374700,1449.8,0.000000,,,,,,,,
374800,1450.1,0.000000,,,,,,,,
374900,1450.5,0.000000,,,,,,,,
375000,1452.2,0.000000,0.000000,2.432453e-02,5.280297e-04,4.054268e-04,0.000000,1.856304e-02,5.068474e-04,3.968608e-04
375100,1452.6,0.000000,,,,,,,,
375200,1452.9,0.000000,,,,,,,,
375300,1453.2,0.000000,,,,,,,,
375400,1453.6,0.000000,,,,,,,,
375500,1453.9,0.000000,,,,,,,,
375600,1454.3,0.000000,,,,,,,,
375700,1454.6,0.000000,,,,,,,,
375800,1455.1,0.000000,,,,,,,,
375900,1455.4,0.000000,,,,,,,,
376000,1455.8,0.000000,,,,,,,,
376100,1456.1,0.000000,,,,,,,,
376200,1456.5,0.000000,,,,,,,,
376300,1456.8,0.000000,,,,,,,,
376400,1457.2,0.000000,,,,,,,,
376500,1457.6,0.000000,,,,,,,,
376600,1457.9,0.000000,,,,,,,,
376700,1458.3,0.000000,,,,,,,,
376800,1458.6,0.000000,,,,,,,,
376900,1459.0,0.000000,,,,,,,,
377000,1459.4,0.000000,,,,,,,,
377100,1459.7,0.000000,,,,,,,,
377200,1460.1,0.000000,,,,,,,,
377300,1460.4,0.000000,,,,,,,,
377400,1460.9,0.000000,,,,,,,,
377500,1461.2,0.000000,,,,,,,,
377600,1461.6,0.000000,,,,,,,,
377700,1461.9,0.000000,,,,,,,,
377800,1462.2,0.000000,,,,,,,,
377900,1462.6,0.000000,,,,,,,,
378000,1462.9,0.000000,,,,,,,,
378100,1463.3,0.000000,,,,,,,,
378200,1463.6,0.000000,,,,,,,,
378300,1464.1,0.000000,,,,,,,,
378400,1464.4,0.000000,,,,,,,,
378500,1464.8,0.000000,,,,,,,,
378600,1465.1,0.000000,,,,,,,,
378700,1465.4,0.000000,,,,,,,,
378800,1465.9,0.000000,,,,,,,,
378900,1466.2,0.000000,,,,,,,,
379000,1466.6,0.000000,,,,,,,,
379100,1466.9,0.000000,,,,,,,,
379200,1467.3,0.000000,,,,,,,,
379300,1467.6,0.000000,,,,,,,,
379400,1467.9,0.000000,,,,,,,,
379500,1468.4,0.000000,,,,,,,,
379600,1468.7,0.000000,,,,,,,,
379700,1469.1,0.000000,,,,,,,,
379800,1469.4,0.000000,,,,,,,,
379900,1469.8,0.000000,,,,,,,,
380000,1471.5,0.000000,0.000000,3.137726e-02,4.769235e-04,3.681568e-04,0.000000,1.446176e-02,4.588110e-04,3.611642e-04
380100,1471.8,0.000000,,,,,,,,
380200,1472.3,0.000000,,,,,,,,
380300,1472.6,0.000000,,,,,,,,
380400,1473.0,0.000000,,,,,,,,
380500,1473.4,0.000000,,,,,,,,
380600,1473.7,0.000000,,,,,,,,
380700,1474.1,0.000000,,,,,,,,
380800,1474.4,0.000000,,,,,,,,
380900,1474.8,0.000000,,,,,,,,
381000,1475.1,0.000000,,,,,,,,
381100,1475.5,0.000000,,,,,,,,
381200,1475.9,0.000000,,,,,,,,
381300,1476.2,0.000000,,,,,,,,
381400,1476.6,0.000000,,,,,,,,
381500,1476.9,0.000000,,,,,,,,
381600,1477.3,0.000000,,,,,,,,
381700,1477.6,0.000000,,,,,,,,
381800,1477.9,0.000000,,,,,,,,
381900,1478.4,0.000000,,,,,,,,
382000,1478.7,0.000000,,,,,,,,
382100,1479.1,0.000000,,,,,,,,
382200,1479.4,0.000000,,,,,,,,
382300,1479.9,0.000000,,,,,,,,
382400,1480.1,0.000000,,,,,,,,
382500,1480.5,0.000000,,,,,,,,
382600,1480.9,0.000000,,,,,,,,
382700,1481.2,0.000000,,,,,,,,
382800,1481.6,0.000000,,,,,,,,
382900,1481.9,0.000000,,,,,,,,
383000,1482.3,0.000000,,,,,,,,
383100,1482.6,0.000000,,,,,,,,
383200,1483.0,0.000000,,,,,,,,
383300,1483.4,0.000000,,,,,,,,
383400,1483.7,0.000000,,,,,,,,
383500,1484.1,0.000000,,,,,,,,
383600,1484.4,0.000000,,,,,,,,
383700,1484.8,0.000000,,,,,,,,
383800,1485.1,0.000000,,,,,,,,
383900,1485.5,0.000000,,,,,,,,
384000,1485.9,0.000000,,,,,,,,
384100,1486.2,0.000000,,,,,,,,
384200,1486.6,0.000000,,,,,,,,
384300,1486.9,0.000000,,,,,,,,
384400,1487.3,0.000000,,,,,,,,
384500,1487.6,0.000000,,,,,,,,
384600,1488.0,0.000000,,,,,,,,
384700,1488.4,0.000000,,,,,,,,
384800,1488.7,0.000000,,,,,,,,
384900,1489.1,0.000000,,,,,,,,
385000,1490.8,0.000000,0.000000,2.877564e-02,4.540450e-04,3.456300e-04,0.000000,1.503063e-02,4.337904e-04,3.380160e-04
385100,1491.1,0.000000,,,,,,,,
385200,1491.5,0.000000,,,,,,,,
385300,1491.8,0.000000,,,,,,,,
385400,1492.2,0.000000,,,,,,,,
385500,1492.5,0.000000,,,,,,,,
385600,1492.9,0.000000,,,,,,,,
385700,1493.3,0.000000,,,,,,,,
385800,1493.6,0.000000,,,,,,,,
385900,1494.0,0.000000,,,,,,,,
386000,1494.3,0.000000,,,,,,,,
386100,1494.8,0.000000,,,,,,,,
386200,1495.1,0.000000,,,,,,,,
386300,1495.4,0.000000,,,,,,,,
386400,1495.8,0.000000,,,,,,,,
386500,1496.1,0.000000,,,,,,,,
386600,1496.5,0.000000,,,,,,,,
386700,1496.8,0.000000,,,,,,,,
386800,1497.3,0.000000,,,,,,,,
386900,1497.6,0.000000,,,,,,,,
387000,1498.0,0.000000,,,,,,,,
387100,1498.3,0.000000,,,,,,,,
387200,1498.7,0.000000,,,,,,,,
387300,1499.1,0.000000,,,,,,,,
387400,1499.4,0.000000,,,,,,,,
387500,1499.8,0.000000,,,,,,,,
387600,1500.1,0.000000,,,,,,,,
387700,1500.5,0.000000,,,,,,,,
387800,1500.8,0.000000,,,,,,,,
387900,1501.2,0.000000,,,,,,,,
388000,1501.6,0.000000,,,,,,,,
388100,1501.9,0.000000,,,,,,,,
388200,1502.3,0.000000,,,,,,,,
388300,1502.6,0.000000,,,,,,,,
388400,1503.0,0.000000,,,,,,,,
388500,1503.6,0.000000,,,,,,,,
388600,1504.0,0.000000,,,,,,,,
388700,1504.3,0.000000,,,,,,,,
388800,1504.7,0.000000,,,,,,,,
388900,1505.0,0.000000,,,,,,,,
389000,1505.5,0.000000,,,,,,,,
389100,1505.8,0.000000,,,,,,,,
389200,1506.2,0.000000,,,,,,,,
389300,1506.5,0.000000,,,,,,,,
389400,1506.9,0.000000,,,,,,,,
389500,1507.3,0.000000,,,,,,,,
389600,1507.6,0.000000,,,,,,,,
389700,1508.0,0.000000,,,,,,,,
389800,1508.3,0.000000,,,,,,,,
389900,1508.7,0.000000,,,,,,,,
390000,1510.4,0.000000,0.000000,2.992339e-02,4.461537e-04,3.422125e-04,0.000000,1.454116e-02,4.270787e-04,3.353473e-04
390100,1510.7,0.000000,,,,,,,,
390200,1511.1,0.000000,,,,,,,,
390300,1511.4,0.000000,,,,,,,,
390400,1511.8,0.000000,,,,,,,,
390500,1512.1,0.000000,,,,,,,,
390600,1512.5,0.000000,,,,,,,,
390700,1513.0,0.000000,,,,,,,,
390800,1513.3,0.000000,,,,,,,,
390900,1513.8,0.000000,,,,,,,,
391000,1514.0,0.000000,,,,,,,,
391100,1514.4,0.000000,,,,,,,,
391200,1514.8,0.000000,,,,,,,,
391300,1515.1,0.000000,,,,,,,,
391400,1515.6,0.000000,,,,,,,,
391500,1515.8,0.000000,,,,,,,,
391600,1516.2,0.000000,,,,,,,,
391700,1516.6,0.000000,,,,,,,,
391800,1516.9,0.000000,,,,,,,,
391900,1517.3,0.000000,,,,,,,,
392000,1517.6,0.000000,,,,,,,,
392100,1518.1,0.000000,,,,,,,,
392200,1518.4,0.000000,,,,,,,,
392300,1518.8,0.000000,,,,,,,,
392400,1519.1,0.000000,,,,,,,,
392500,1519.4,0.000000,,,,,,,,
392600,1519.8,0.000000,,,,,,,,
392700,1520.1,0.000000,,,,,,,,
392800,1520.6,0.000000,,,,,,,,
392900,1520.9,0.000000,,,,,,,,
393000,1521.3,0.000000,,,,,,,,
393100,1521.6,0.000000,,,,,,,,
393200,1522.0,0.000000,,,,,,,,
393300,1522.4,0.000000,,,,,,,,
393400,1522.7,0.000000,,,,,,,,
393500,1523.1,0.000000,,,,,,,,
393600,1523.4,0.000000,,,,,,,,
393700,1523.8,0.000000,,,,,,,,
393800,1524.1,0.000000,,,,,,,,
393900,1524.5,0.000000,,,,,,,,
394000,1524.9,0.000000,,,,,,,,
394100,1525.2,0.000000,,,,,,,,
394200,1525.6,0.000000,,,,,,,,
394300,1525.9,0.000000,,,,,,,,
394400,1526.3,0.000000,,,,,,,,
394500,1526.6,0.000000,,,,,,,,
394600,1527.0,0.000000,,,,,,,,
394700,1527.4,0.000000,,,,,,,,
394800,1527.7,0.000000,,,,,,,,
394900,1528.1,0.000000,,,,,,,,
395000,1529.8,0.000000,0.000000,2.986164e-02,4.406076e-04,3.340852e-04,0.000000,1.542307e-02,4.208981e-04,3.259922e-04
395100,1530.3,0.000000,,,,,,,,
395200,1530.6,0.000000,,,,,,,,
395300,1530.9,0.000000,,,,,,,,
395400,1531.3,0.000000,,,,,,,,
395500,1531.6,0.000000,,,,,,,,
395600,1532.1,0.000000,,,,,,,,
395700,1532.4,0.000000,,,,,,,,
395800,1532.8,0.000000,,,,,,,,
395900,1533.1,0.000000,,,,,,,,
396000,1533.5,0.000000,,,,,,,,
396100,1533.9,0.000000,,,,,,,,
396200,1534.2,0.000000,,,,,,,,
396300,1534.6,0.000000,,,,,,,,
396400,1534.9,0.000000,,,,,,,,
396500,1535.3,0.000000,,,,,,,,
396600,1535.6,0.000000,,,,,,,,
396700,1536.0,0.000000,,,,,,,,
396800,1536.4,0.000000,,,,,,,,
396900,1536.7,0.000000,,,,,,,,
397000,1537.1,0.000000,,,,,,,,
397100,1537.4,0.000000,,,,,,,,
397200,1537.9,0.000000,,,,,,,,
397300,1538.2,0.000000,,,,,,,,
397400,1538.5,0.000000,,,,,,,,
397500,1538.9,0.000000,,,,,,,,
397600,1539.2,0.000000,,,,,,,,
397700,1539.6,0.000000,,,,,,,,
397800,1539.9,0.000000,,,,,,,,
397900,1540.4,0.000000,,,,,,,,
398000,1540.7,0.000000,,,,,,,,
398100,1541.1,0.000000,,,,,,,,
398200,1541.4,0.000000,,,,,,,,
398300,1541.7,0.000000,,,,,,,,
398400,1542.1,0.000000,,,,,,,,
398500,1542.4,0.000000,,,,,,,,
398600,1542.9,0.000000,,,,,,,,
398700,1543.1,0.000000,,,,,,,,
398800,1543.6,0.000000,,,,,,,,
398900,1543.9,0.000000,,,,,,,,
399000,1544.2,0.000000,,,,,,,,
399100,1544.6,0.000000,,,,,,,,
399200,1544.9,0.000000,,,,,,,,
399300,1545.4,0.000000,,,,,,,,
399400,1545.7,0.000000,,,,,,,,
399500,1546.1,0.000000,,,,,,,,
399600,1546.4,0.000000,,,,,,,,
399700,1546.8,0.000000,,,,,,,,
399800,1547.1,0.000000,,,,,,,,
399900,1547.5,0.000000,,,,,,,,
400000,1549.3,0.000000,0.000000,2.936525e-02,4.390023e-04,3.327124e-04,0.000000,1.503659e-02,4.193796e-04,3.244731e-04
