step,elapsed_s,train_loss,eval_loss,max_abs_err,mean_abs_err,median_abs_err,frac_under_boyd,max_abs_err_bulk,mean_abs_err_bulk,median_abs_err_bulk
100,1.6,0.100207,,,,,,,,
200,1.8,0.110966,,,,,,,,
300,2.0,0.057205,,,,,,,,
400,2.2,0.014313,,,,,,,,
500,2.4,0.009350,,,,,,,,
600,2.6,0.003223,,,,,,,,
700,2.8,0.001945,,,,,,,,
800,3.0,0.001500,,,,,,,,
900,3.3,0.001476,,,,,,,,
1000,3.5,0.001263,,,,,,,,
1100,3.7,0.001116,,,,,,,,
1200,4.0,0.000337,,,,,,,,
1300,4.2,0.000218,,,,,,,,
1400,4.4,0.000203,,,,,,,,
1500,4.7,0.000191,,,,,,,,
1600,4.9,0.000193,,,,,,,,
1700,5.1,0.000159,,,,,,,,
1800,5.3,0.000145,,,,,,,,
1900,5.6,0.000183,,,,,,,,
2000,5.8,0.000106,,,,,,,,
2100,6.0,0.000128,,,,,,,,
2200,6.3,0.000103,,,,,,,,
2300,6.5,0.000113,,,,,,,,
2400,6.7,0.000093,,,,,,,,
2500,7.0,0.000179,,,,,,,,
2600,7.2,0.000223,,,,,,,,
2700,7.4,0.000099,,,,,,,,
2800,7.6,0.000078,,,,,,,,
2900,7.9,0.000071,,,,,,,,
3000,8.1,0.000091,,,,,,,,
3100,8.3,0.000089,,,,,,,,
3200,8.6,0.000095,,,,,,,,
3300,8.8,0.000094,,,,,,,,
3400,9.0,0.000057,,,,,,,,
3500,9.2,0.000050,,,,,,,,
3600,9.5,0.000070,,,,,,,,
3700,9.7,0.000083,,,,,,,,
3800,9.9,0.000112,,,,,,,,
3900,10.2,0.000080,,,,,,,,
4000,10.4,0.000066,,,,,,,,
4100,10.6,0.000092,,,,,,,,
4200,10.8,0.000075,,,,,,,,
4300,11.1,0.000062,,,,,,,,
4400,11.3,0.000062,,,,,,,,
4500,11.5,0.000071,,,,,,,,
4600,11.7,0.000080,,,,,,,,
4700,12.0,0.000060,,,,,,,,
4800,12.2,0.000052,,,,,,,,
4900,12.4,0.000076,,,,,,,,
5000,14.2,0.000034,0.004856,2.471270e-01,3.050886e-02,2.406032e-02,0.000000,2.471270e-01,2.989767e-02,2.405700e-02
5100,14.4,0.000049,,,,,,,,
5200,14.6,0.000055,,,,,,,,
5300,14.8,0.000036,,,,,,,,
5400,15.0,0.000067,,,,,,,,
5500,15.2,0.000057,,,,,,,,
5600,15.4,0.000033,,,,,,,,
5700,15.6,0.000023,,,,,,,,
5800,15.8,0.000033,,,,,,,,
5900,16.1,0.000042,,,,,,,,
6000,16.3,0.000025,,,,,,,,
6100,16.5,0.000022,,,,,,,,
6200,16.8,0.000031,,,,,,,,
6300,17.0,0.000031,,,,,,,,
6400,17.2,0.000039,,,,,,,,
6500,17.4,0.000059,,,,,,,,
6600,17.7,0.000030,,,,,,,,
6700,17.9,0.000038,,,,,,,,
6800,18.1,0.000018,,,,,,,,
6900,18.3,0.000030,,,,,,,,
7000,18.6,0.000035,,,,,,,,
7100,18.8,0.000018,,,,,,,,
7200,19.0,0.000021,,,,,,,,
7300,19.2,0.000025,,,,,,,,
7400,19.5,0.000027,,,,,,,,
7500,19.7,0.000025,,,,,,,,
7600,19.9,0.000019,,,,,,,,
7700,20.1,0.000037,,,,,,,,
7800,20.4,0.000017,,,,,,,,
7900,20.6,0.000021,,,,,,,,
8000,20.8,0.000022,,,,,,,,
8100,21.1,0.000013,,,,,,,,
8200,21.3,0.000021,,,,,,,,
8300,21.5,0.000022,,,,,,,,
8400,21.7,0.000019,,,,,,,,
8500,22.0,0.000030,,,,,,,,
8600,22.2,0.000018,,,,,,,,
8700,22.5,0.000019,,,,,,,,
8800,22.7,0.000019,,,,,,,,
8900,22.9,0.000014,,,,,,,,
9000,23.1,0.000029,,,,,,,,
9100,23.4,0.000019,,,,,,,,
9200,23.6,0.000024,,,,,,,,
9300,23.8,0.000032,,,,,,,,
9400,24.1,0.000014,,,,,,,,
9500,24.3,0.000018,,,,,,,,
9600,24.5,0.000019,,,,,,,,
9700,24.8,0.000014,,,,,,,,
9800,25.0,0.000021,,,,,,,,
9900,25.2,0.000010,,,,,,,,
10000,26.4,0.000011,0.002767,2.947772e-01,1.738606e-02,1.384784e-02,0.000000,2.223627e-01,1.650450e-02,1.349549e-02
10100,26.7,0.000017,,,,,,,,
10200,26.8,0.000016,,,,,,,,
10300,27.0,0.000015,,,,,,,,
10400,27.2,0.000013,,,,,,,,
10500,27.4,0.000020,,,,,,,,
10600,27.7,0.000013,,,,,,,,
10700,27.9,0.000020,,,,,,,,
10800,28.1,0.000028,,,,,,,,
10900,28.3,0.000013,,,,,,,,
11000,28.6,0.000015,,,,,,,,
11100,28.8,0.000023,,,,,,,,
11200,29.0,0.000016,,,,,,,,
11300,29.2,0.000015,,,,,,,,
11400,29.5,0.000016,,,,,,,,
11500,29.7,0.000022,,,,,,,,
11600,29.9,0.000023,,,,,,,,
11700,30.2,0.000026,,,,,,,,
11800,30.4,0.000010,,,,,,,,
11900,30.6,0.000015,,,,,,,,
12000,30.8,0.000013,,,,,,,,
12100,31.1,0.000010,,,,,,,,
12200,31.3,0.000019,,,,,,,,
12300,31.5,0.000018,,,,,,,,
12400,31.7,0.000011,,,,,,,,
12500,32.0,0.000034,,,,,,,,
12600,32.2,0.000012,,,,,,,,
12700,32.4,0.000010,,,,,,,,
12800,32.6,0.000009,,,,,,,,
12900,32.9,0.000012,,,,,,,,
13000,33.1,0.000023,,,,,,,,
13100,33.4,0.000011,,,,,,,,
13200,33.6,0.000014,,,,,,,,
13300,33.8,0.000027,,,,,,,,
13400,34.0,0.000012,,,,,,,,
13500,34.3,0.000022,,,,,,,,
13600,34.5,0.000010,,,,,,,,
13700,34.7,0.000011,,,,,,,,
13800,34.9,0.000026,,,,,,,,
13900,35.2,0.000013,,,,,,,,
14000,35.4,0.000011,,,,,,,,
14100,35.6,0.000010,,,,,,,,
14200,35.8,0.000009,,,,,,,,
14300,36.1,0.000022,,,,,,,,
14400,36.3,0.000010,,,,,,,,
14500,36.5,0.000013,,,,,,,,
14600,36.7,0.000024,,,,,,,,
14700,37.0,0.000009,,,,,,,,
14800,37.2,0.000029,,,,,,,,
14900,37.4,0.000012,,,,,,,,
15000,38.7,0.000015,0.003396,2.084370e-01,2.133867e-02,1.886797e-02,0.000000,1.772975e-01,2.116320e-02,1.891262e-02
15100,38.9,0.000010,,,,,,,,
15200,39.1,0.000017,,,,,,,,
15300,39.3,0.000010,,,,,,,,
15400,39.5,0.000011,,,,,,,,
15500,39.7,0.000012,,,,,,,,
15600,39.9,0.000010,,,,,,,,
15700,40.1,0.000013,,,,,,,,
15800,40.3,0.000007,,,,,,,,
15900,40.6,0.000010,,,,,,,,
16000,40.8,0.000012,,,,,,,,
16100,41.0,0.000016,,,,,,,,
16200,41.3,0.000011,,,,,,,,
16300,41.5,0.000009,,,,,,,,
16400,41.7,0.000019,,,,,,,,
16500,42.0,0.000015,,,,,,,,
16600,42.2,0.000009,,,,,,,,
16700,42.4,0.000011,,,,,,,,
16800,42.6,0.000010,,,,,,,,
16900,42.9,0.000008,,,,,,,,
17000,43.1,0.000007,,,,,,,,
17100,43.3,0.000007,,,,,,,,
17200,43.5,0.000007,,,,,,,,
17300,43.8,0.000014,,,,,,,,
17400,44.0,0.000013,,,,,,,,
17500,44.3,0.000016,,,,,,,,
17600,44.5,0.000027,,,,,,,,
17700,44.7,0.000009,,,,,,,,
17800,44.9,0.000012,,,,,,,,
17900,45.2,0.000011,,,,,,,,
18000,45.4,0.000018,,,,,,,,
18100,45.6,0.000021,,,,,,,,
18200,45.8,0.000010,,,,,,,,
18300,46.1,0.000006,,,,,,,,
18400,46.3,0.000014,,,,,,,,
18500,46.6,0.000008,,,,,,,,
18600,46.8,0.000010,,,,,,,,
18700,47.0,0.000009,,,,,,,,
18800,47.3,0.000016,,,,,,,,
18900,47.5,0.000011,,,,,,,,
19000,47.7,0.000010,,,,,,,,
19100,48.0,0.000005,,,,,,,,
19200,48.2,0.000010,,,,,,,,
19300,48.4,0.000015,,,,,,,,
19400,48.6,0.000010,,,,,,,,
19500,48.9,0.000011,,,,,,,,
19600,49.1,0.000011,,,,,,,,
19700,49.3,0.000012,,,,,,,,
19800,49.6,0.000017,,,,,,,,
19900,49.8,0.000008,,,,,,,,
20000,51.0,0.000008,0.001951,2.146578e-01,1.225863e-02,9.706773e-03,0.000000,1.607508e-01,1.196096e-02,9.720117e-03
20100,51.3,0.000008,,,,,,,,
20200,51.4,0.000011,,,,,,,,
20300,51.6,0.000005,,,,,,,,
20400,51.9,0.000007,,,,,,,,
20500,52.1,0.000007,,,,,,,,
20600,52.3,0.000012,,,,,,,,
20700,52.5,0.000010,,,,,,,,
20800,52.7,0.000008,,,,,,,,
20900,52.9,0.000007,,,,,,,,
21000,53.2,0.000006,,,,,,,,
21100,53.4,0.000009,,,,,,,,
21200,53.7,0.000009,,,,,,,,
21300,53.9,0.000010,,,,,,,,
21400,54.1,0.000008,,,,,,,,
21500,54.3,0.000033,,,,,,,,
21600,54.6,0.000011,,,,,,,,
21700,54.8,0.000009,,,,,,,,
21800,55.0,0.000013,,,,,,,,
21900,55.2,0.000007,,,,,,,,
22000,55.5,0.000010,,,,,,,,
22100,55.7,0.000008,,,,,,,,
22200,55.9,0.000009,,,,,,,,
22300,56.2,0.000012,,,,,,,,
22400,56.4,0.000013,,,,,,,,
22500,56.6,0.000012,,,,,,,,
22600,56.9,0.000008,,,,,,,,
22700,57.1,0.000008,,,,,,,,
22800,57.3,0.000013,,,,,,,,
22900,57.6,0.000009,,,,,,,,
23000,57.8,0.000008,,,,,,,,
23100,58.0,0.000010,,,,,,,,
23200,58.3,0.000012,,,,,,,,
23300,58.5,0.000010,,,,,,,,
23400,58.7,0.000008,,,,,,,,
23500,58.9,0.000009,,,,,,,,
23600,59.2,0.000017,,,,,,,,
23700,59.4,0.000012,,,,,,,,
23800,59.6,0.000008,,,,,,,,
23900,59.8,0.000008,,,,,,,,
24000,60.1,0.000007,,,,,,,,
24100,60.3,0.000007,,,,,,,,
24200,60.5,0.000018,,,,,,,,
24300,60.8,0.000006,,,,,,,,
24400,61.0,0.000010,,,,,,,,
24500,61.2,0.000006,,,,,,,,
24600,61.5,0.000007,,,,,,,,
24700,61.7,0.000013,,,,,,,,
24800,61.9,0.000007,,,,,,,,
24900,62.1,0.000007,,,,,,,,
25000,63.4,0.000012,0.002130,2.994593e-01,1.338538e-02,1.033524e-02,0.000000,2.179828e-01,1.297701e-02,1.016236e-02
25100,63.6,0.000024,,,,,,,,
25200,63.8,0.000009,,,,,,,,
25300,64.0,0.000018,,,,,,,,
25400,64.2,0.000010,,,,,,,,
25500,64.4,0.000017,,,,,,,,
25600,64.6,0.000011,,,,,,,,
25700,64.8,0.000009,,,,,,,,
25800,65.0,0.000007,,,,,,,,
25900,65.3,0.000010,,,,,,,,
26000,65.5,0.000011,,,,,,,,
26100,65.7,0.000007,,,,,,,,
26200,65.9,0.000010,,,,,,,,
26300,66.2,0.000003,,,,,,,,
26400,66.4,0.000010,,,,,,,,
26500,66.6,0.000006,,,,,,,,
26600,66.8,0.000007,,,,,,,,
26700,67.1,0.000006,,,,,,,,
26800,67.3,0.000010,,,,,,,,
26900,67.5,0.000020,,,,,,,,
27000,67.7,0.000005,,,,,,,,
27100,68.0,0.000008,,,,,,,,
27200,68.2,0.000006,,,,,,,,
27300,68.4,0.000010,,,,,,,,
27400,68.7,0.000010,,,,,,,,
27500,68.9,0.000010,,,,,,,,
27600,69.1,0.000005,,,,,,,,
27700,69.3,0.000006,,,,,,,,
27800,69.5,0.000011,,,,,,,,
27900,69.8,0.000011,,,,,,,,
28000,70.0,0.000010,,,,,,,,
28100,70.2,0.000007,,,,,,,,
28200,70.4,0.000006,,,,,,,,
28300,70.7,0.000007,,,,,,,,
28400,70.9,0.000012,,,,,,,,
28500,71.1,0.000007,,,,,,,,
28600,71.4,0.000005,,,,,,,,
28700,71.6,0.000007,,,,,,,,
28800,71.8,0.000004,,,,,,,,
28900,72.0,0.000005,,,,,,,,
29000,72.3,0.000003,,,,,,,,
29100,72.5,0.000009,,,,,,,,
29200,72.7,0.000010,,,,,,,,
29300,73.0,0.000005,,,,,,,,
29400,73.2,0.000007,,,,,,,,
29500,73.4,0.000004,,,,,,,,
29600,73.6,0.000005,,,,,,,,
29700,73.9,0.000008,,,,,,,,
29800,74.1,0.000010,,,,,,,,
29900,74.3,0.000010,,,,,,,,
30000,75.6,0.000005,0.001600,2.160671e-01,1.005293e-02,7.783080e-03,0.000000,1.451449e-01,9.722883e-03,7.698437e-03
30100,75.8,0.000005,,,,,,,,
30200,76.0,0.000006,,,,,,,,
30300,76.2,0.000005,,,,,,,,
30400,76.4,0.000007,,,,,,,,
30500,76.6,0.000007,,,,,,,,
30600,76.9,0.000009,,,,,,,,
30700,77.1,0.000008,,,,,,,,
30800,77.3,0.000012,,,,,,,,
30900,77.6,0.000005,,,,,,,,
31000,77.8,0.000008,,,,,,,,
31100,78.0,0.000006,,,,,,,,
31200,78.2,0.000004,,,,,,,,
31300,78.5,0.000006,,,,,,,,
31400,78.7,0.000006,,,,,,,,
31500,78.9,0.000016,,,,,,,,
31600,79.2,0.000004,,,,,,,,
31700,79.4,0.000006,,,,,,,,
31800,79.6,0.000005,,,,,,,,
31900,79.8,0.000009,,,,,,,,
32000,80.1,0.000007,,,,,,,,
32100,80.3,0.000014,,,,,,,,
32200,80.5,0.000008,,,,,,,,
32300,80.8,0.000004,,,,,,,,
32400,81.0,0.000006,,,,,,,,
32500,81.2,0.000006,,,,,,,,
32600,81.4,0.000016,,,,,,,,
32700,81.7,0.000006,,,,,,,,
32800,81.9,0.000009,,,,,,,,
32900,82.1,0.000007,,,,,,,,
33000,82.3,0.000015,,,,,,,,
33100,82.6,0.000010,,,,,,,,
33200,82.8,0.000010,,,,,,,,
33300,83.0,0.000004,,,,,,,,
33400,83.2,0.000005,,,,,,,,
33500,83.5,0.000005,,,,,,,,
33600,83.7,0.000005,,,,,,,,
33700,83.9,0.000009,,,,,,,,
33800,84.2,0.000007,,,,,,,,
33900,84.4,0.000005,,,,,,,,
34000,84.6,0.000012,,,,,,,,
34100,84.8,0.000009,,,,,,,,
34200,85.1,0.000004,,,,,,,,
34300,85.3,0.000005,,,,,,,,
34400,85.5,0.000007,,,,,,,,
34500,85.7,0.000012,,,,,,,,
34600,85.9,0.000005,,,,,,,,
34700,86.2,0.000002,,,,,,,,
34800,86.4,0.000004,,,,,,,,
34900,86.6,0.000007,,,,,,,,
35000,87.9,0.000007,0.001547,1.484154e-01,9.719801e-03,7.378906e-03,0.000000,8.862687e-02,9.462362e-03,7.397266e-03
35100,88.1,0.000011,,,,,,,,
35200,88.3,0.000007,,,,,,,,
35300,88.5,0.000005,,,,,,,,
35400,88.7,0.000005,,,,,,,,
35500,88.9,0.000013,,,,,,,,
35600,89.1,0.000009,,,,,,,,
35700,89.3,0.000013,,,,,,,,
35800,89.6,0.000007,,,,,,,,
35900,89.8,0.000006,,,,,,,,
36000,90.0,0.000007,,,,,,,,
36100,90.3,0.000005,,,,,,,,
36200,90.5,0.000005,,,,,,,,
36300,90.7,0.000003,,,,,,,,
36400,90.9,0.000005,,,,,,,,
36500,91.1,0.000009,,,,,,,,
36600,91.4,0.000005,,,,,,,,
36700,91.6,0.000008,,,,,,,,
36800,91.8,0.000004,,,,,,,,
36900,92.0,0.000008,,,,,,,,
37000,92.3,0.000005,,,,,,,,
37100,92.5,0.000005,,,,,,,,
37200,92.8,0.000006,,,,,,,,
37300,93.0,0.000004,,,,,,,,
37400,93.2,0.000007,,,,,,,,
37500,93.4,0.000006,,,,,,,,
37600,93.7,0.000003,,,,,,,,
37700,93.9,0.000008,,,,,,,,
37800,94.1,0.000007,,,,,,,,
37900,94.3,0.000004,,,,,,,,
38000,94.6,0.000006,,,,,,,,
38100,94.8,0.000004,,,,,,,,
38200,95.0,0.000006,,,,,,,,
38300,95.2,0.000004,,,,,,,,
38400,95.4,0.000010,,,,,,,,
38500,95.7,0.000006,,,,,,,,
38600,95.9,0.000008,,,,,,,,
38700,96.1,0.000005,,,,,,,,
38800,96.4,0.000004,,,,,,,,
38900,96.6,0.000006,,,,,,,,
39000,96.8,0.000005,,,,,,,,
39100,97.0,0.000006,,,,,,,,
39200,97.2,0.000006,,,,,,,,
39300,97.5,0.000010,,,,,,,,
39400,97.7,0.000005,,,,,,,,
39500,97.9,0.000009,,,,,,,,
39600,98.2,0.000016,,,,,,,,
39700,98.4,0.000005,,,,,,,,
39800,98.6,0.000003,,,,,,,,
39900,98.8,0.000014,,,,,,,,
40000,100.1,0.000004,0.001332,1.700881e-01,8.368999e-03,6.584747e-03,0.000000,9.593917e-02,8.200727e-03,6.568928e-03
40100,100.3,0.000008,,,,,,,,
40200,100.5,0.000004,,,,,,,,
40300,100.7,0.000004,,,,,,,,
40400,100.9,0.000009,,,,,,,,
40500,101.1,0.000004,,,,,,,,
40600,101.3,0.000007,,,,,,,,
40700,101.6,0.000004,,,,,,,,
40800,101.8,0.000005,,,,,,,,
40900,102.0,0.000008,,,,,,,,
41000,102.2,0.000005,,,,,,,,
41100,102.5,0.000003,,,,,,,,
41200,102.7,0.000006,,,,,,,,
41300,103.0,0.000007,,,,,,,,
41400,103.2,0.000003,,,,,,,,
41500,103.4,0.000006,,,,,,,,
41600,103.7,0.000005,,,,,,,,
41700,103.9,0.000005,,,,,,,,
41800,104.1,0.000008,,,,,,,,
41900,104.3,0.000003,,,,,,,,
42000,104.6,0.000004,,,,,,,,
42100,104.8,0.000003,,,,,,,,
42200,105.0,0.000004,,,,,,,,
42300,105.3,0.000007,,,,,,,,
42400,105.5,0.000003,,,,,,,,
42500,105.7,0.000005,,,,,,,,
42600,105.9,0.000004,,,,,,,,
42700,106.2,0.000008,,,,,,,,
42800,106.4,0.000006,,,,,,,,
42900,106.6,0.000003,,,,,,,,
43000,106.9,0.000020,,,,,,,,
43100,107.1,0.000005,,,,,,,,
43200,107.3,0.000006,,,,,,,,
43300,107.5,0.000008,,,,,,,,
43400,107.8,0.000004,,,,,,,,
43500,108.0,0.000004,,,,,,,,
43600,108.2,0.000008,,,,,,,,
43700,108.5,0.000007,,,,,,,,
43800,108.7,0.000003,,,,,,,,
43900,108.9,0.000003,,,,,,,,
44000,109.1,0.000006,,,,,,,,
44100,109.4,0.000004,,,,,,,,
44200,109.6,0.000005,,,,,,,,
44300,109.8,0.000003,,,,,,,,
44400,110.0,0.000004,,,,,,,,
44500,110.2,0.000006,,,,,,,,
44600,110.5,0.000010,,,,,,,,
44700,110.7,0.000005,,,,,,,,
44800,111.0,0.000003,,,,,,,,
44900,111.2,0.000004,,,,,,,,
45000,112.5,0.000006,0.001476,1.655752e-01,9.276991e-03,7.674948e-03,0.000000,1.126148e-01,9.150466e-03,7.711446e-03
45100,112.7,0.000007,,,,,,,,
45200,112.9,0.000008,,,,,,,,
45300,113.1,0.000005,,,,,,,,
45400,113.3,0.000008,,,,,,,,
45500,113.5,0.000006,,,,,,,,
45600,113.7,0.000003,,,,,,,,
45700,113.9,0.000004,,,,,,,,
45800,114.2,0.000003,,,,,,,,
45900,114.4,0.000009,,,,,,,,
46000,114.6,0.000004,,,,,,,,
46100,114.8,0.000004,,,,,,,,
46200,115.1,0.000006,,,,,,,,
46300,115.3,0.000003,,,,,,,,
46400,115.5,0.000005,,,,,,,,
46500,115.8,0.000014,,,,,,,,
46600,116.0,0.000003,,,,,,,,
46700,116.2,0.000005,,,,,,,,
46800,116.4,0.000003,,,,,,,,
46900,116.7,0.000004,,,,,,,,
47000,116.9,0.000007,,,,,,,,
47100,117.1,0.000006,,,,,,,,
47200,117.3,0.000004,,,,,,,,
47300,117.6,0.000004,,,,,,,,
47400,117.8,0.000004,,,,,,,,
47500,118.0,0.000007,,,,,,,,
47600,118.3,0.000005,,,,,,,,
47700,118.5,0.000007,,,,,,,,
47800,118.7,0.000004,,,,,,,,
47900,119.0,0.000003,,,,,,,,
48000,119.2,0.000004,,,,,,,,
48100,119.4,0.000006,,,,,,,,
48200,119.7,0.000003,,,,,,,,
48300,119.9,0.000003,,,,,,,,
48400,120.1,0.000003,,,,,,,,
48500,120.3,0.000007,,,,,,,,
48600,120.6,0.000005,,,,,,,,
48700,120.8,0.000006,,,,,,,,
48800,121.0,0.000003,,,,,,,,
48900,121.3,0.000008,,,,,,,,
49000,121.5,0.000006,,,,,,,,
49100,121.7,0.000004,,,,,,,,
49200,121.9,0.000003,,,,,,,,
49300,122.2,0.000004,,,,,,,,
49400,122.4,0.000004,,,,,,,,
49500,122.6,0.000007,,,,,,,,
49600,122.9,0.000003,,,,,,,,
49700,123.1,0.000005,,,,,,,,
49800,123.3,0.000004,,,,,,,,
49900,123.6,0.000005,,,,,,,,
50000,124.8,0.000006,0.002190,1.454492e-01,1.375821e-02,1.212108e-02,0.000000,1.107390e-01,1.342788e-02,1.195053e-02
50100,125.0,0.000003,,,,,,,,
50200,125.2,0.000008,,,,,,,,
50300,125.4,0.000004,,,,,,,,
50400,125.7,0.000003,,,,,,,,
50500,125.9,0.000003,,,,,,,,
50600,126.1,0.000002,,,,,,,,
50700,126.3,0.000003,,,,,,,,
50800,126.5,0.000009,,,,,,,,
50900,126.8,0.000003,,,,,,,,
51000,127.0,0.000010,,,,,,,,
51100,127.2,0.000007,,,,,,,,
51200,127.4,0.000004,,,,,,,,
51300,127.7,0.000003,,,,,,,,
51400,127.9,0.000006,,,,,,,,
51500,128.2,0.000003,,,,,,,,
51600,128.4,0.000010,,,,,,,,
51700,128.6,0.000008,,,,,,,,
51800,128.9,0.000003,,,,,,,,
51900,129.1,0.000012,,,,,,,,
52000,129.3,0.000006,,,,,,,,
52100,129.6,0.000010,,,,,,,,
52200,129.8,0.000006,,,,,,,,
52300,130.1,0.000004,,,,,,,,
52400,130.3,0.000004,,,,,,,,
52500,130.6,0.000004,,,,,,,,
52600,130.8,0.000006,,,,,,,,
52700,131.0,0.000015,,,,,,,,
52800,131.3,0.000004,,,,,,,,
52900,131.5,0.000008,,,,,,,,
53000,131.7,0.000004,,,,,,,,
53100,131.9,0.000010,,,,,,,,
53200,132.2,0.000008,,,,,,,,
53300,132.4,0.000008,,,,,,,,
53400,132.6,0.000003,,,,,,,,
53500,132.8,0.000005,,,,,,,,
53600,133.0,0.000008,,,,,,,,
53700,133.3,0.000005,,,,,,,,
53800,133.5,0.000005,,,,,,,,
53900,133.7,0.000003,,,,,,,,
54000,134.0,0.000005,,,,,,,,
54100,134.2,0.000011,,,,,,,,
54200,134.4,0.000005,,,,,,,,
54300,134.6,0.000007,,,,,,,,
54400,134.9,0.000005,,,,,,,,
54500,135.1,0.000003,,,,,,,,
54600,135.3,0.000005,,,,,,,,
54700,135.5,0.000003,,,,,,,,
54800,135.8,0.000005,,,,,,,,
54900,136.0,0.000006,,,,,,,,
55000,137.2,0.000004,0.001579,1.994930e-01,9.918913e-03,7.693831e-03,0.000000,1.195092e-01,9.685476e-03,7.659789e-03
55100,137.4,0.000002,,,,,,,,
55200,137.6,0.000006,,,,,,,,
55300,137.8,0.000006,,,,,,,,
55400,138.0,0.000003,,,,,,,,
55500,138.2,0.000002,,,,,,,,
55600,138.4,0.000006,,,,,,,,
55700,138.7,0.000003,,,,,,,,
55800,138.9,0.000007,,,,,,,,
55900,139.1,0.000003,,,,,,,,
56000,139.3,0.000004,,,,,,,,
56100,139.6,0.000014,,,,,,,,
56200,139.8,0.000004,,,,,,,,
56300,140.1,0.000008,,,,,,,,
56400,140.3,0.000009,,,,,,,,
56500,140.5,0.000004,,,,,,,,
56600,140.8,0.000008,,,,,,,,
56700,141.0,0.000004,,,,,,,,
56800,141.2,0.000005,,,,,,,,
56900,141.4,0.000006,,,,,,,,
57000,141.7,0.000003,,,,,,,,
57100,141.9,0.000004,,,,,,,,
57200,142.1,0.000004,,,,,,,,
57300,142.4,0.000005,,,,,,,,
57400,142.6,0.000006,,,,,,,,
57500,142.8,0.000004,,,,,,,,
57600,143.1,0.000004,,,,,,,,
57700,143.3,0.000010,,,,,,,,
57800,143.5,0.000002,,,,,,,,
57900,143.8,0.000003,,,,,,,,
58000,144.0,0.000011,,,,,,,,
58100,144.2,0.000003,,,,,,,,
58200,144.4,0.000007,,,,,,,,
58300,144.7,0.000004,,,,,,,,
58400,144.9,0.000007,,,,,,,,
58500,145.1,0.000003,,,,,,,,
58600,145.4,0.000005,,,,,,,,
58700,145.6,0.000005,,,,,,,,
58800,145.8,0.000011,,,,,,,,
58900,146.0,0.000005,,,,,,,,
59000,146.3,0.000006,,,,,,,,
59100,146.5,0.000002,,,,,,,,
59200,146.7,0.000005,,,,,,,,
59300,147.0,0.000003,,,,,,,,
59400,147.2,0.000005,,,,,,,,
59500,147.4,0.000002,,,,,,,,
59600,147.6,0.000005,,,,,,,,
59700,147.9,0.000005,,,,,,,,
59800,148.1,0.000003,,,,,,,,
59900,148.4,0.000012,,,,,,,,
60000,149.6,0.000008,0.001856,1.652058e-01,1.166108e-02,8.551126e-03,0.000000,9.740025e-02,1.175751e-02,8.848989e-03
60100,149.8,0.000006,,,,,,,,
60200,150.0,0.000005,,,,,,,,
60300,150.2,0.000005,,,,,,,,
60400,150.4,0.000004,,,,,,,,
60500,150.6,0.000009,,,,,,,,
60600,150.8,0.000003,,,,,,,,
60700,151.1,0.000004,,,,,,,,
60800,151.3,0.000005,,,,,,,,
60900,151.5,0.000003,,,,,,,,
61000,151.7,0.000002,,,,,,,,
61100,152.0,0.000002,,,,,,,,
61200,152.2,0.000005,,,,,,,,
61300,152.4,0.000003,,,,,,,,
61400,152.6,0.000010,,,,,,,,
61500,152.9,0.000008,,,,,,,,
61600,153.1,0.000004,,,,,,,,
61700,153.3,0.000004,,,,,,,,
61800,153.6,0.000005,,,,,,,,
61900,153.8,0.000003,,,,,,,,
62000,154.1,0.000009,,,,,,,,
62100,154.3,0.000005,,,,,,,,
62200,154.5,0.000003,,,,,,,,
62300,154.7,0.000007,,,,,,,,
62400,155.0,0.000003,,,,,,,,
62500,155.2,0.000005,,,,,,,,
62600,155.4,0.000007,,,,,,,,
62700,155.6,0.000004,,,,,,,,
62800,155.9,0.000003,,,,,,,,
62900,156.1,0.000003,,,,,,,,
63000,156.3,0.000002,,,,,,,,
63100,156.5,0.000003,,,,,,,,
63200,156.8,0.000004,,,,,,,,
63300,157.0,0.000011,,,,,,,,
63400,157.2,0.000003,,,,,,,,
63500,157.5,0.000002,,,,,,,,
63600,157.7,0.000004,,,,,,,,
63700,157.9,0.000003,,,,,,,,
63800,158.2,0.000002,,,,,,,,
63900,158.4,0.000005,,,,,,,,
64000,158.6,0.000005,,,,,,,,
64100,158.8,0.000004,,,,,,,,
64200,159.1,0.000020,,,,,,,,
64300,159.3,0.000004,,,,,,,,
64400,159.5,0.000004,,,,,,,,
64500,159.8,0.000004,,,,,,,,
64600,160.0,0.000002,,,,,,,,
64700,160.2,0.000006,,,,,,,,
64800,160.5,0.000002,,,,,,,,
64900,160.7,0.000017,,,,,,,,
65000,161.9,0.000003,0.001776,1.388127e-01,1.115599e-02,9.862893e-03,0.000000,1.069306e-01,1.083163e-02,9.595026e-03
65100,162.1,0.000006,,,,,,,,
65200,162.3,0.000003,,,,,,,,
65300,162.5,0.000009,,,,,,,,
65400,162.7,0.000003,,,,,,,,
65500,163.0,0.000003,,,,,,,,
65600,163.2,0.000009,,,,,,,,
65700,163.4,0.000004,,,,,,,,
65800,163.6,0.000003,,,,,,,,
65900,163.9,0.000006,,,,,,,,
66000,164.1,0.000003,,,,,,,,
66100,164.3,0.000006,,,,,,,,
66200,164.5,0.000005,,,,,,,,
66300,164.8,0.000003,,,,,,,,
66400,165.0,0.000006,,,,,,,,
66500,165.2,0.000004,,,,,,,,
66600,165.5,0.000003,,,,,,,,
66700,165.7,0.000004,,,,,,,,
66800,165.9,0.000004,,,,,,,,
66900,166.2,0.000004,,,,,,,,
67000,166.4,0.000004,,,,,,,,
67100,166.6,0.000002,,,,,,,,
67200,166.9,0.000005,,,,,,,,
67300,167.1,0.000006,,,,,,,,
67400,167.3,0.000005,,,,,,,,
67500,167.5,0.000003,,,,,,,,
67600,167.8,0.000005,,,,,,,,
67700,168.0,0.000003,,,,,,,,
67800,168.2,0.000003,,,,,,,,
67900,168.4,0.000006,,,,,,,,
68000,168.6,0.000002,,,,,,,,
68100,168.9,0.000004,,,,,,,,
68200,169.1,0.000002,,,,,,,,
68300,169.3,0.000003,,,,,,,,
68400,169.6,0.000005,,,,,,,,
68500,169.8,0.000003,,,,,,,,
68600,170.0,0.000003,,,,,,,,
68700,170.2,0.000005,,,,,,,,
68800,170.5,0.000007,,,,,,,,
68900,170.7,0.000007,,,,,,,,
69000,170.9,0.000002,,,,,,,,
69100,171.1,0.000007,,,,,,,,
69200,171.4,0.000003,,,,,,,,
69300,171.6,0.000008,,,,,,,,
69400,171.8,0.000004,,,,,,,,
69500,172.1,0.000004,,,,,,,,
69600,172.3,0.000005,,,,,,,,
69700,172.5,0.000003,,,,,,,,
69800,172.7,0.000008,,,,,,,,
69900,173.0,0.000003,,,,,,,,
70000,174.2,0.000005,0.001897,1.569507e-01,1.191777e-02,1.041941e-02,0.000000,1.094445e-01,1.172347e-02,1.022027e-02
70100,174.4,0.000008,,,,,,,,
70200,174.6,0.000006,,,,,,,,
70300,174.8,0.000003,,,,,,,,
70400,175.0,0.000005,,,,,,,,
70500,175.2,0.000003,,,,,,,,
70600,175.5,0.000002,,,,,,,,
70700,175.7,0.000005,,,,,,,,
70800,175.9,0.000005,,,,,,,,
70900,176.1,0.000004,,,,,,,,
71000,176.4,0.000004,,,,,,,,
71100,176.6,0.000007,,,,,,,,
71200,176.8,0.000008,,,,,,,,
71300,177.1,0.000004,,,,,,,,
71400,177.3,0.000004,,,,,,,,
71500,177.5,0.000003,,,,,,,,
71600,177.8,0.000005,,,,,,,,
71700,178.0,0.000002,,,,,,,,
71800,178.2,0.000005,,,,,,,,
71900,178.5,0.000004,,,,,,,,
72000,178.7,0.000007,,,,,,,,
72100,178.9,0.000003,,,,,,,,
72200,179.1,0.000002,,,,,,,,
72300,179.4,0.000005,,,,,,,,
72400,179.6,0.000005,,,,,,,,
72500,179.8,0.000004,,,,,,,,
72600,180.1,0.000003,,,,,,,,
72700,180.3,0.000002,,,,,,,,
72800,180.5,0.000007,,,,,,,,
72900,180.8,0.000005,,,,,,,,
73000,181.0,0.000003,,,,,,,,
73100,181.2,0.000005,,,,,,,,
73200,181.4,0.000006,,,,,,,,
73300,181.7,0.000010,,,,,,,,
73400,181.9,0.000003,,,,,,,,
73500,182.1,0.000005,,,,,,,,
73600,182.4,0.000003,,,,,,,,
73700,182.6,0.000004,,,,,,,,
73800,182.8,0.000009,,,,,,,,
73900,183.1,0.000003,,,,,,,,
74000,183.3,0.000004,,,,,,,,
74100,183.6,0.000004,,,,,,,,
74200,183.8,0.000011,,,,,,,,
74300,184.0,0.000003,,,,,,,,
74400,184.3,0.000002,,,,,,,,
74500,184.5,0.000002,,,,,,,,
74600,184.7,0.000004,,,,,,,,
74700,184.9,0.000003,,,,,,,,
74800,185.2,0.000004,,,,,,,,
74900,185.4,0.000008,,,,,,,,
75000,186.6,0.000013,0.002679,1.496422e-01,1.683397e-02,1.609428e-02,0.000000,1.101006e-01,1.709075e-02,1.652495e-02
75100,186.9,0.000006,,,,,,,,
75200,187.0,0.000006,,,,,,,,
75300,187.3,0.000004,,,,,,,,
75400,187.5,0.000004,,,,,,,,
75500,187.7,0.000004,,,,,,,,
75600,187.9,0.000007,,,,,,,,
75700,188.1,0.000004,,,,,,,,
75800,188.3,0.000003,,,,,,,,
75900,188.6,0.000002,,,,,,,,
76000,188.8,0.000002,,,,,,,,
76100,189.0,0.000005,,,,,,,,
76200,189.3,0.000004,,,,,,,,
76300,189.5,0.000002,,,,,,,,
76400,189.7,0.000004,,,,,,,,
76500,189.9,0.000005,,,,,,,,
76600,190.1,0.000005,,,,,,,,
76700,190.4,0.000002,,,,,,,,
76800,190.6,0.000003,,,,,,,,
76900,190.8,0.000005,,,,,,,,
77000,191.0,0.000002,,,,,,,,
77100,191.3,0.000002,,,,,,,,
77200,191.5,0.000003,,,,,,,,
77300,191.7,0.000011,,,,,,,,
77400,192.0,0.000004,,,,,,,,
77500,192.2,0.000003,,,,,,,,
77600,192.4,0.000004,,,,,,,,
77700,192.6,0.000002,,,,,,,,
77800,192.9,0.000005,,,,,,,,
77900,193.1,0.000007,,,,,,,,
78000,193.3,0.000005,,,,,,,,
78100,193.5,0.000003,,,,,,,,
78200,193.8,0.000008,,,,,,,,
78300,194.0,0.000004,,,,,,,,
78400,194.3,0.000004,,,,,,,,
78500,194.5,0.000004,,,,,,,,
78600,194.7,0.000004,,,,,,,,
78700,194.9,0.000002,,,,,,,,
78800,195.1,0.000006,,,,,,,,
78900,195.3,0.000004,,,,,,,,
79000,195.5,0.000008,,,,,,,,
79100,195.8,0.000003,,,,,,,,
79200,196.0,0.000005,,,,,,,,
79300,196.2,0.000003,,,,,,,,
79400,196.4,0.000007,,,,,,,,
79500,196.7,0.000003,,,,,,,,
79600,196.9,0.000002,,,,,,,,
79700,197.1,0.000003,,,,,,,,
79800,197.4,0.000005,,,,,,,,
79900,197.6,0.000006,,,,,,,,
80000,198.9,0.000003,0.001642,1.291338e-01,1.031390e-02,9.328773e-03,0.000000,8.203030e-02,1.030057e-02,9.474919e-03
80100,199.1,0.000005,,,,,,,,
80200,199.3,0.000002,,,,,,,,
80300,199.5,0.000005,,,,,,,,
80400,199.7,0.000003,,,,,,,,
80500,199.9,0.000006,,,,,,,,
80600,200.1,0.000003,,,,,,,,
80700,200.3,0.000001,,,,,,,,
80800,200.6,0.000005,,,,,,,,
80900,200.8,0.000006,,,,,,,,
81000,201.0,0.000002,,,,,,,,
81100,201.3,0.000004,,,,,,,,
81200,201.5,0.000006,,,,,,,,
81300,201.7,0.000010,,,,,,,,
81400,201.9,0.000004,,,,,,,,
81500,202.1,0.000003,,,,,,,,
81600,202.4,0.000004,,,,,,,,
81700,202.6,0.000005,,,,,,,,
81800,202.8,0.000003,,,,,,,,
81900,203.1,0.000005,,,,,,,,
82000,203.3,0.000004,,,,,,,,
82100,203.5,0.000003,,,,,,,,
82200,203.7,0.000003,,,,,,,,
82300,204.0,0.000003,,,,,,,,
82400,204.2,0.000007,,,,,,,,
82500,204.4,0.000012,,,,,,,,
82600,204.6,0.000002,,,,,,,,
82700,204.9,0.000002,,,,,,,,
82800,205.1,0.000004,,,,,,,,
82900,205.3,0.000003,,,,,,,,
83000,205.5,0.000003,,,,,,,,
83100,205.8,0.000005,,,,,,,,
83200,206.0,0.000002,,,,,,,,
83300,206.2,0.000004,,,,,,,,
83400,206.4,0.000006,,,,,,,,
83500,206.7,0.000002,,,,,,,,
83600,206.9,0.000002,,,,,,,,
83700,207.1,0.000006,,,,,,,,
83800,207.3,0.000008,,,,,,,,
83900,207.6,0.000009,,,,,,,,
84000,207.8,0.000011,,,,,,,,
84100,208.0,0.000003,,,,,,,,
84200,208.3,0.000004,,,,,,,,
84300,208.5,0.000002,,,,,,,,
84400,208.7,0.000003,,,,,,,,
84500,208.9,0.000002,,,,,,,,
84600,209.2,0.000004,,,,,,,,
84700,209.4,0.000005,,,,,,,,
84800,209.6,0.000004,,,,,,,,
84900,209.8,0.000002,,,,,,,,
85000,211.0,0.000005,0.001560,1.516883e-01,9.798906e-03,8.069007e-03,0.000000,9.184183e-02,9.256466e-03,7.629624e-03
85100,211.3,0.000003,,,,,,,,
85200,211.4,0.000003,,,,,,,,
85300,211.6,0.000004,,,,,,,,
85400,211.9,0.000003,,,,,,,,
85500,212.1,0.000002,,,,,,,,
85600,212.3,0.000004,,,,,,,,
85700,212.5,0.000003,,,,,,,,
85800,212.7,0.000002,,,,,,,,
85900,212.9,0.000003,,,,,,,,
86000,213.2,0.000001,,,,,,,,
86100,213.4,0.000003,,,,,,,,
86200,213.6,0.000003,,,,,,,,
86300,213.9,0.000005,,,,,,,,
86400,214.1,0.000003,,,,,,,,
86500,214.3,0.000003,,,,,,,,
86600,214.6,0.000003,,,,,,,,
86700,214.8,0.000005,,,,,,,,
86800,215.0,0.000006,,,,,,,,
86900,215.2,0.000003,,,,,,,,
87000,215.5,0.000002,,,,,,,,
87100,215.7,0.000006,,,,,,,,
87200,215.9,0.000005,,,,,,,,
87300,216.2,0.000004,,,,,,,,
87400,216.4,0.000002,,,,,,,,
87500,216.7,0.000002,,,,,,,,
87600,216.9,0.000008,,,,,,,,
87700,217.1,0.000002,,,,,,,,
87800,217.4,0.000011,,,,,,,,
87900,217.6,0.000009,,,,,,,,
88000,217.8,0.000006,,,,,,,,
88100,218.0,0.000003,,,,,,,,
88200,218.3,0.000004,,,,,,,,
88300,218.5,0.000003,,,,,,,,
88400,218.7,0.000007,,,,,,,,
88500,219.0,0.000002,,,,,,,,
88600,219.2,0.000003,,,,,,,,
88700,219.4,0.000003,,,,,,,,
88800,219.6,0.000006,,,,,,,,
88900,219.9,0.000002,,,,,,,,
89000,220.1,0.000007,,,,,,,,
89100,220.3,0.000004,,,,,,,,
89200,220.5,0.000006,,,,,,,,
89300,220.8,0.000003,,,,,,,,
89400,221.0,0.000002,,,,,,,,
89500,221.2,0.000002,,,,,,,,
89600,221.4,0.000006,,,,,,,,
89700,221.7,0.000010,,,,,,,,
89800,221.9,0.000005,,,,,,,,
89900,222.1,0.000002,,,,,,,,
90000,223.3,0.000006,0.001785,1.270114e-01,1.121603e-02,9.888938e-03,0.000000,8.944319e-02,1.104117e-02,9.923389e-03
90100,223.5,0.000003,,,,,,,,
90200,223.7,0.000006,,,,,,,,
90300,223.9,0.000004,,,,,,,,
90400,224.2,0.000004,,,,,,,,
90500,224.4,0.000005,,,,,,,,
90600,224.6,0.000003,,,,,,,,
90700,224.8,0.000002,,,,,,,,
90800,225.0,0.000003,,,,,,,,
90900,225.3,0.000005,,,,,,,,
91000,225.5,0.000003,,,,,,,,
91100,225.7,0.000004,,,,,,,,
91200,226.0,0.000008,,,,,,,,
91300,226.2,0.000003,,,,,,,,
91400,226.4,0.000006,,,,,,,,
91500,226.7,0.000003,,,,,,,,
91600,226.9,0.000006,,,,,,,,
91700,227.1,0.000002,,,,,,,,
91800,227.3,0.000003,,,,,,,,
91900,227.6,0.000006,,,,,,,,
92000,227.8,0.000004,,,,,,,,
92100,228.0,0.000002,,,,,,,,
92200,228.3,0.000003,,,,,,,,
92300,228.5,0.000005,,,,,,,,
92400,228.8,0.000005,,,,,,,,
92500,229.0,0.000006,,,,,,,,
92600,229.2,0.000002,,,,,,,,
92700,229.4,0.000003,,,,,,,,
92800,229.7,0.000008,,,,,,,,
92900,229.9,0.000005,,,,,,,,
93000,230.1,0.000004,,,,,,,,
93100,230.4,0.000002,,,,,,,,
93200,230.6,0.000004,,,,,,,,
93300,230.8,0.000003,,,,,,,,
93400,231.1,0.000006,,,,,,,,
93500,231.3,0.000004,,,,,,,,
93600,231.5,0.000006,,,,,,,,
93700,231.8,0.000002,,,,,,,,
93800,232.0,0.000004,,,,,,,,
93900,232.2,0.000005,,,,,,,,
94000,232.5,0.000004,,,,,,,,
94100,232.7,0.000006,,,,,,,,
94200,232.9,0.000002,,,,,,,,
94300,233.1,0.000003,,,,,,,,
94400,233.4,0.000003,,,,,,,,
94500,233.6,0.000002,,,,,,,,
94600,233.8,0.000004,,,,,,,,
94700,234.0,0.000005,,,,,,,,
94800,234.3,0.000004,,,,,,,,
94900,234.5,0.000004,,,,,,,,
95000,235.7,0.000003,0.001197,1.263362e-01,7.518741e-03,5.931059e-03,0.000000,6.326276e-02,7.101978e-03,5.750179e-03
95100,235.9,0.000003,,,,,,,,
95200,236.1,0.000004,,,,,,,,
95300,236.3,0.000005,,,,,,,,
95400,236.5,0.000005,,,,,,,,
95500,236.8,0.000003,,,,,,,,
95600,237.0,0.000002,,,,,,,,
95700,237.2,0.000003,,,,,,,,
95800,237.4,0.000003,,,,,,,,
95900,237.6,0.000004,,,,,,,,
96000,237.8,0.000005,,,,,,,,
96100,238.0,0.000005,,,,,,,,
96200,238.3,0.000003,,,,,,,,
96300,238.5,0.000002,,,,,,,,
96400,238.7,0.000003,,,,,,,,
96500,239.0,0.000004,,,,,,,,
96600,239.2,0.000002,,,,,,,,
96700,239.4,0.000003,,,,,,,,
96800,239.7,0.000003,,,,,,,,
96900,239.9,0.000006,,,,,,,,
97000,240.1,0.000003,,,,,,,,
97100,240.4,0.000004,,,,,,,,
97200,240.6,0.000004,,,,,,,,
97300,240.8,0.000005,,,,,,,,
97400,241.0,0.000003,,,,,,,,
97500,241.3,0.000003,,,,,,,,
97600,241.5,0.000004,,,,,,,,
97700,241.7,0.000005,,,,,,,,
97800,241.9,0.000003,,,,,,,,
97900,242.2,0.000004,,,,,,,,
98000,242.4,0.000002,,,,,,,,
98100,242.6,0.000003,,,,,,,,
98200,242.8,0.000004,,,,,,,,
98300,243.1,0.000005,,,,,,,,
98400,243.3,0.000002,,,,,,,,
98500,243.5,0.000003,,,,,,,,
98600,243.7,0.000005,,,,,,,,
98700,243.9,0.000003,,,,,,,,
98800,244.2,0.000003,,,,,,,,
98900,244.4,0.000003,,,,,,,,
99000,244.6,0.000006,,,,,,,,
99100,244.8,0.000004,,,,,,,,
99200,245.1,0.000003,,,,,,,,
99300,245.3,0.000005,,,,,,,,
99400,245.5,0.000006,,,,,,,,
99500,245.8,0.000005,,,,,,,,
99600,246.0,0.000003,,,,,,,,
99700,246.2,0.000006,,,,,,,,
99800,246.4,0.000005,,,,,,,,
99900,246.7,0.000002,,,,,,,,
100000,247.9,0.000003,0.001398,1.447000e-01,8.781654e-03,7.122833e-03,0.000000,6.834163e-02,8.605963e-03,6.989347e-03
100100,248.1,0.000005,,,,,,,,
100200,248.3,0.000004,,,,,,,,
100300,248.5,0.000004,,,,,,,,
100400,248.7,0.000001,,,,,,,,
100500,248.9,0.000004,,,,,,,,
100600,249.1,0.000004,,,,,,,,
100700,249.3,0.000004,,,,,,,,
100800,249.5,0.000004,,,,,,,,
100900,249.7,0.000005,,,,,,,,
101000,250.0,0.000002,,,,,,,,
101100,250.2,0.000007,,,,,,,,
101200,250.4,0.000003,,,,,,,,
101300,250.6,0.000005,,,,,,,,
101400,250.9,0.000003,,,,,,,,
101500,251.1,0.000004,,,,,,,,
101600,251.3,0.000003,,,,,,,,
101700,251.5,0.000003,,,,,,,,
101800,251.8,0.000004,,,,,,,,
101900,252.0,0.000003,,,,,,,,
102000,252.2,0.000004,,,,,,,,
102100,252.5,0.000004,,,,,,,,
102200,252.7,0.000002,,,,,,,,
102300,252.9,0.000006,,,,,,,,
102400,253.1,0.000003,,,,,,,,
102500,253.4,0.000005,,,,,,,,
102600,253.6,0.000004,,,,,,,,
102700,253.8,0.000004,,,,,,,,
102800,254.1,0.000003,,,,,,,,
102900,254.3,0.000008,,,,,,,,
103000,254.5,0.000002,,,,,,,,
103100,254.7,0.000005,,,,,,,,
103200,255.0,0.000003,,,,,,,,
103300,255.2,0.000003,,,,,,,,
103400,255.4,0.000005,,,,,,,,
103500,255.6,0.000005,,,,,,,,
103600,255.9,0.000002,,,,,,,,
103700,256.1,0.000002,,,,,,,,
103800,256.3,0.000004,,,,,,,,
103900,256.5,0.000003,,,,,,,,
104000,256.8,0.000004,,,,,,,,
104100,257.0,0.000006,,,,,,,,
104200,257.2,0.000003,,,,,,,,
104300,257.5,0.000002,,,,,,,,
104400,257.7,0.000011,,,,,,,,
104500,257.9,0.000010,,,,,,,,
104600,258.1,0.000003,,,,,,,,
104700,258.3,0.000005,,,,,,,,
104800,258.5,0.000003,,,,,,,,
104900,258.8,0.000006,,,,,,,,
105000,260.0,0.000002,0.001386,1.437444e-01,8.705604e-03,6.736968e-03,0.000000,8.881701e-02,8.563462e-03,6.648425e-03
105100,260.2,0.000003,,,,,,,,
105200,260.4,0.000006,,,,,,,,
105300,260.6,0.000002,,,,,,,,
105400,260.8,0.000005,,,,,,,,
105500,261.1,0.000002,,,,,,,,
105600,261.3,0.000002,,,,,,,,
105700,261.5,0.000003,,,,,,,,
105800,261.7,0.000003,,,,,,,,
105900,261.9,0.000002,,,,,,,,
106000,262.2,0.000006,,,,,,,,
106100,262.4,0.000003,,,,,,,,
106200,262.6,0.000006,,,,,,,,
106300,262.8,0.000002,,,,,,,,
106400,263.1,0.000002,,,,,,,,
106500,263.3,0.000004,,,,,,,,
106600,263.5,0.000002,,,,,,,,
106700,263.8,0.000003,,,,,,,,
106800,264.0,0.000007,,,,,,,,
106900,264.2,0.000003,,,,,,,,
107000,264.4,0.000002,,,,,,,,
107100,264.6,0.000004,,,,,,,,
107200,264.8,0.000002,,,,,,,,
107300,265.1,0.000004,,,,,,,,
107400,265.3,0.000002,,,,,,,,
107500,265.5,0.000002,,,,,,,,
107600,265.8,0.000003,,,,,,,,
107700,266.0,0.000006,,,,,,,,
107800,266.2,0.000004,,,,,,,,
107900,266.4,0.000003,,,,,,,,
108000,266.7,0.000003,,,,,,,,
108100,266.9,0.000005,,,,,,,,
108200,267.1,0.000006,,,,,,,,
108300,267.4,0.000003,,,,,,,,
108400,267.6,0.000003,,,,,,,,
108500,267.8,0.000009,,,,,,,,
108600,268.0,0.000002,,,,,,,,
108700,268.2,0.000003,,,,,,,,
108800,268.5,0.000006,,,,,,,,
108900,268.7,0.000002,,,,,,,,
109000,268.9,0.000002,,,,,,,,
109100,269.2,0.000009,,,,,,,,
109200,269.4,0.000004,,,,,,,,
109300,269.6,0.000005,,,,,,,,
109400,269.9,0.000003,,,,,,,,
109500,270.1,0.000003,,,,,,,,
109600,270.3,0.000002,,,,,,,,
109700,270.5,0.000003,,,,,,,,
109800,270.7,0.000003,,,,,,,,
109900,271.0,0.000003,,,,,,,,
110000,272.2,0.000004,0.001251,1.370894e-01,7.858441e-03,6.393548e-03,0.000000,7.664479e-02,7.560747e-03,6.322126e-03
110100,272.4,0.000003,,,,,,,,
110200,272.6,0.000003,,,,,,,,
110300,272.8,0.000002,,,,,,,,
110400,273.0,0.000002,,,,,,,,
110500,273.2,0.000003,,,,,,,,
110600,273.4,0.000005,,,,,,,,
110700,273.7,0.000002,,,,,,,,
110800,273.9,0.000003,,,,,,,,
110900,274.1,0.000002,,,,,,,,
111000,274.3,0.000002,,,,,,,,
111100,274.6,0.000002,,,,,,,,
111200,274.8,0.000003,,,,,,,,
111300,275.0,0.000005,,,,,,,,
111400,275.3,0.000002,,,,,,,,
111500,275.5,0.000002,,,,,,,,
111600,275.7,0.000002,,,,,,,,
111700,275.9,0.000003,,,,,,,,
111800,276.2,0.000004,,,,,,,,
111900,276.4,0.000005,,,,,,,,
112000,276.6,0.000001,,,,,,,,
112100,276.8,0.000006,,,,,,,,
112200,277.0,0.000003,,,,,,,,
112300,277.3,0.000002,,,,,,,,
112400,277.5,0.000002,,,,,,,,
112500,277.8,0.000002,,,,,,,,
112600,278.0,0.000004,,,,,,,,
112700,278.2,0.000004,,,,,,,,
112800,278.5,0.000003,,,,,,,,
112900,278.7,0.000010,,,,,,,,
113000,278.9,0.000005,,,,,,,,
113100,279.2,0.000004,,,,,,,,
113200,279.4,0.000002,,,,,,,,
113300,279.6,0.000005,,,,,,,,
113400,279.8,0.000009,,,,,,,,
113500,280.1,0.000004,,,,,,,,
113600,280.3,0.000007,,,,,,,,
113700,280.5,0.000003,,,,,,,,
113800,280.8,0.000004,,,,,,,,
113900,281.0,0.000002,,,,,,,,
114000,281.2,0.000009,,,,,,,,
114100,281.5,0.000008,,,,,,,,
114200,281.7,0.000003,,,,,,,,
114300,281.9,0.000003,,,,,,,,
114400,282.1,0.000004,,,,,,,,
114500,282.4,0.000002,,,,,,,,
114600,282.6,0.000003,,,,,,,,
114700,282.8,0.000001,,,,,,,,
114800,283.1,0.000003,,,,,,,,
114900,283.3,0.000004,,,,,,,,
115000,284.6,0.000004,0.001146,1.198958e-01,7.202064e-03,5.986757e-03,0.000000,6.747032e-02,6.848366e-03,5.754289e-03
115100,284.8,0.000003,,,,,,,,
115200,285.0,0.000005,,,,,,,,
115300,285.2,0.000003,,,,,,,,
115400,285.4,0.000002,,,,,,,,
115500,285.6,0.000003,,,,,,,,
115600,285.8,0.000006,,,,,,,,
115700,286.0,0.000003,,,,,,,,
115800,286.2,0.000002,,,,,,,,
115900,286.4,0.000002,,,,,,,,
116000,286.7,0.000006,,,,,,,,
116100,286.9,0.000004,,,,,,,,
116200,287.2,0.000003,,,,,,,,
116300,287.4,0.000003,,,,,,,,
116400,287.6,0.000003,,,,,,,,
116500,287.8,0.000005,,,,,,,,
116600,288.1,0.000008,,,,,,,,
116700,288.3,0.000003,,,,,,,,
116800,288.5,0.000003,,,,,,,,
116900,288.7,0.000004,,,,,,,,
117000,289.0,0.000002,,,,,,,,
117100,289.2,0.000006,,,,,,,,
117200,289.4,0.000013,,,,,,,,
117300,289.6,0.000003,,,,,,,,
117400,289.9,0.000007,,,,,,,,
117500,290.1,0.000007,,,,,,,,
117600,290.3,0.000003,,,,,,,,
117700,290.5,0.000003,,,,,,,,
117800,290.7,0.000002,,,,,,,,
117900,291.0,0.000003,,,,,,,,
118000,291.2,0.000002,,,,,,,,
118100,291.4,0.000004,,,,,,,,
118200,291.6,0.000004,,,,,,,,
118300,291.9,0.000005,,,,,,,,
118400,292.1,0.000006,,,,,,,,
118500,292.3,0.000008,,,,,,,,
118600,292.5,0.000006,,,,,,,,
118700,292.7,0.000003,,,,,,,,
118800,293.0,0.000006,,,,,,,,
118900,293.2,0.000003,,,,,,,,
119000,293.5,0.000002,,,,,,,,
119100,293.7,0.000004,,,,,,,,
119200,293.9,0.000002,,,,,,,,
119300,294.1,0.000005,,,,,,,,
119400,294.4,0.000004,,,,,,,,
119500,294.6,0.000003,,,,,,,,
119600,294.8,0.000002,,,,,,,,
119700,295.0,0.000003,,,,,,,,
119800,295.3,0.000007,,,,,,,,
119900,295.5,0.000002,,,,,,,,
120000,296.8,0.000002,0.001372,1.506368e-01,8.617909e-03,7.258638e-03,0.000000,1.066408e-01,8.500109e-03,7.194223e-03
120100,297.0,0.000003,,,,,,,,
120200,297.2,0.000003,,,,,,,,
120300,297.4,0.000003,,,,,,,,
120400,297.6,0.000003,,,,,,,,
120500,297.8,0.000002,,,,,,,,
120600,298.0,0.000003,,,,,,,,
120700,298.2,0.000004,,,,,,,,
120800,298.4,0.000003,,,,,,,,
120900,298.6,0.000006,,,,,,,,
121000,298.9,0.000010,,,,,,,,
121100,299.1,0.000003,,,,,,,,
121200,299.3,0.000003,,,,,,,,
121300,299.6,0.000002,,,,,,,,
121400,299.8,0.000002,,,,,,,,
121500,300.0,0.000003,,,,,,,,
121600,300.2,0.000006,,,,,,,,
121700,300.5,0.000004,,,,,,,,
121800,300.7,0.000004,,,,,,,,
121900,300.9,0.000005,,,,,,,,
122000,301.2,0.000003,,,,,,,,
122100,301.4,0.000002,,,,,,,,
122200,301.6,0.000004,,,,,,,,
122300,301.9,0.000002,,,,,,,,
122400,302.1,0.000003,,,,,,,,
122500,302.3,0.000002,,,,,,,,
122600,302.5,0.000003,,,,,,,,
122700,302.8,0.000003,,,,,,,,
122800,303.0,0.000014,,,,,,,,
122900,303.2,0.000002,,,,,,,,
123000,303.4,0.000002,,,,,,,,
123100,303.7,0.000005,,,,,,,,
123200,303.9,0.000002,,,,,,,,
123300,304.1,0.000004,,,,,,,,
123400,304.3,0.000002,,,,,,,,
123500,304.5,0.000002,,,,,,,,
123600,304.8,0.000002,,,,,,,,
123700,305.0,0.000003,,,,,,,,
123800,305.2,0.000003,,,,,,,,
123900,305.4,0.000004,,,,,,,,
124000,305.7,0.000002,,,,,,,,
124100,305.9,0.000003,,,,,,,,
124200,306.2,0.000004,,,,,,,,
124300,306.4,0.000002,,,,,,,,
124400,306.6,0.000001,,,,,,,,
124500,306.9,0.000003,,,,,,,,
124600,307.1,0.000011,,,,,,,,
124700,307.3,0.000002,,,,,,,,
124800,307.5,0.000003,,,,,,,,
124900,307.8,0.000005,,,,,,,,
125000,309.0,0.000004,0.001600,1.152796e-01,1.005190e-02,8.992853e-03,0.000000,7.535423e-02,9.998453e-03,9.051230e-03
125100,309.2,0.000005,,,,,,,,
125200,309.4,0.000002,,,,,,,,
125300,309.6,0.000003,,,,,,,,
125400,309.8,0.000004,,,,,,,,
125500,310.0,0.000002,,,,,,,,
125600,310.3,0.000003,,,,,,,,
125700,310.5,0.000003,,,,,,,,
125800,310.7,0.000003,,,,,,,,
125900,310.9,0.000003,,,,,,,,
126000,311.1,0.000007,,,,,,,,
126100,311.4,0.000004,,,,,,,,
126200,311.6,0.000002,,,,,,,,
126300,311.8,0.000002,,,,,,,,
126400,312.0,0.000006,,,,,,,,
126500,312.3,0.000004,,,,,,,,
126600,312.5,0.000011,,,,,,,,
126700,312.7,0.000003,,,,,,,,
126800,313.0,0.000002,,,,,,,,
126900,313.2,0.000002,,,,,,,,
127000,313.4,0.000002,,,,,,,,
127100,313.7,0.000004,,,,,,,,
127200,313.9,0.000003,,,,,,,,
127300,314.1,0.000008,,,,,,,,
127400,314.4,0.000002,,,,,,,,
127500,314.6,0.000008,,,,,,,,
127600,314.8,0.000005,,,,,,,,
127700,315.0,0.000004,,,,,,,,
127800,315.3,0.000002,,,,,,,,
127900,315.5,0.000006,,,,,,,,
128000,315.7,0.000003,,,,,,,,
128100,315.9,0.000002,,,,,,,,
128200,316.1,0.000005,,,,,,,,
128300,316.4,0.000002,,,,,,,,
128400,316.6,0.000002,,,,,,,,
128500,316.8,0.000001,,,,,,,,
128600,317.0,0.000004,,,,,,,,
128700,317.3,0.000003,,,,,,,,
128800,317.5,0.000002,,,,,,,,
128900,317.7,0.000004,,,,,,,,
129000,317.9,0.000004,,,,,,,,
129100,318.2,0.000004,,,,,,,,
129200,318.4,0.000002,,,,,,,,
129300,318.6,0.000004,,,,,,,,
129400,318.9,0.000002,,,,,,,,
129500,319.1,0.000002,,,,,,,,
129600,319.3,0.000003,,,,,,,,
129700,319.5,0.000002,,,,,,,,
129800,319.8,0.000006,,,,,,,,
129900,320.0,0.000002,,,,,,,,
130000,321.2,0.000005,0.002341,1.296566e-01,1.470955e-02,1.424000e-02,0.000000,6.431864e-02,1.481992e-02,1.447913e-02
130100,321.4,0.000003,,,,,,,,
130200,321.6,0.000004,,,,,,,,
130300,321.8,0.000005,,,,,,,,
130400,322.0,0.000003,,,,,,,,
130500,322.2,0.000003,,,,,,,,
130600,322.5,0.000004,,,,,,,,
130700,322.7,0.000002,,,,,,,,
130800,322.9,0.000005,,,,,,,,
130900,323.1,0.000002,,,,,,,,
131000,323.4,0.000003,,,,,,,,
131100,323.6,0.000005,,,,,,,,
131200,323.8,0.000004,,,,,,,,
131300,324.1,0.000004,,,,,,,,
131400,324.3,0.000001,,,,,,,,
131500,324.5,0.000003,,,,,,,,
131600,324.8,0.000003,,,,,,,,
131700,325.0,0.000003,,,,,,,,
131800,325.2,0.000008,,,,,,,,
131900,325.4,0.000006,,,,,,,,
132000,325.7,0.000002,,,,,,,,
132100,325.9,0.000004,,,,,,,,
132200,326.1,0.000003,,,,,,,,
132300,326.4,0.000003,,,,,,,,
132400,326.6,0.000002,,,,,,,,
132500,326.8,0.000005,,,,,,,,
132600,327.1,0.000010,,,,,,,,
132700,327.3,0.000006,,,,,,,,
132800,327.6,0.000003,,,,,,,,
132900,327.8,0.000005,,,,,,,,
133000,328.0,0.000003,,,,,,,,
133100,328.2,0.000004,,,,,,,,
133200,328.4,0.000005,,,,,,,,
133300,328.7,0.000002,,,,,,,,
133400,328.9,0.000005,,,,,,,,
133500,329.1,0.000002,,,,,,,,
133600,329.4,0.000002,,,,,,,,
133700,329.6,0.000003,,,,,,,,
133800,329.8,0.000002,,,,,,,,
133900,330.0,0.000003,,,,,,,,
134000,330.3,0.000002,,,,,,,,
134100,330.5,0.000002,,,,,,,,
134200,330.7,0.000003,,,,,,,,
134300,331.0,0.000012,,,,,,,,
134400,331.2,0.000002,,,,,,,,
134500,331.4,0.000002,,,,,,,,
134600,331.6,0.000004,,,,,,,,
134700,331.9,0.000002,,,,,,,,
134800,332.1,0.000002,,,,,,,,
134900,332.3,0.000004,,,,,,,,
135000,333.6,0.000004,0.001123,9.933037e-02,7.055384e-03,5.687193e-03,0.000000,5.762352e-02,6.955598e-03,5.644894e-03
135100,333.8,0.000002,,,,,,,,
135200,334.0,0.000002,,,,,,,,
135300,334.2,0.000002,,,,,,,,
135400,334.4,0.000003,,,,,,,,
135500,334.6,0.000002,,,,,,,,
135600,334.8,0.000001,,,,,,,,
135700,335.1,0.000011,,,,,,,,
135800,335.3,0.000002,,,,,,,,
135900,335.5,0.000002,,,,,,,,
136000,335.8,0.000003,,,,,,,,
136100,336.0,0.000008,,,,,,,,
136200,336.2,0.000003,,,,,,,,
136300,336.4,0.000006,,,,,,,,
136400,336.6,0.000003,,,,,,,,
136500,336.9,0.000001,,,,,,,,
136600,337.1,0.000002,,,,,,,,
136700,337.3,0.000002,,,,,,,,
136800,337.5,0.000002,,,,,,,,
136900,337.7,0.000001,,,,,,,,
137000,338.0,0.000002,,,,,,,,
137100,338.2,0.000002,,,,,,,,
137200,338.4,0.000003,,,,,,,,
137300,338.7,0.000002,,,,,,,,
137400,338.9,0.000004,,,,,,,,
137500,339.1,0.000004,,,,,,,,
137600,339.3,0.000002,,,,,,,,
137700,339.6,0.000005,,,,,,,,
137800,339.8,0.000003,,,,,,,,
137900,340.0,0.000003,,,,,,,,
138000,340.3,0.000007,,,,,,,,
138100,340.5,0.000002,,,,,,,,
138200,340.7,0.000004,,,,,,,,
138300,340.9,0.000002,,,,,,,,
138400,341.2,0.000003,,,,,,,,
138500,341.4,0.000002,,,,,,,,
138600,341.6,0.000003,,,,,,,,
138700,341.8,0.000003,,,,,,,,
138800,342.1,0.000001,,,,,,,,
138900,342.3,0.000004,,,,,,,,
139000,342.5,0.000003,,,,,,,,
139100,342.8,0.000002,,,,,,,,
139200,343.0,0.000003,,,,,,,,
139300,343.2,0.000004,,,,,,,,
139400,343.5,0.000003,,,,,,,,
139500,343.7,0.000004,,,,,,,,
139600,343.9,0.000002,,,,,,,,
139700,344.1,0.000002,,,,,,,,
139800,344.4,0.000004,,,,,,,,
139900,344.6,0.000008,,,,,,,,
140000,345.8,0.000002,0.001296,1.399347e-01,8.144017e-03,6.332347e-03,0.000000,1.111851e-01,8.092084e-03,6.459353e-03
140100,346.1,0.000008,,,,,,,,
140200,346.2,0.000003,,,,,,,,
140300,346.4,0.000001,,,,,,,,
140400,346.6,0.000002,,,,,,,,
140500,346.8,0.000005,,,,,,,,
140600,347.0,0.000004,,,,,,,,
140700,347.2,0.000008,,,,,,,,
140800,347.4,0.000003,,,,,,,,
140900,347.7,0.000004,,,,,,,,
141000,347.9,0.000006,,,,,,,,
141100,348.1,0.000003,,,,,,,,
141200,348.3,0.000002,,,,,,,,
141300,348.5,0.000002,,,,,,,,
141400,348.8,0.000010,,,,,,,,
141500,349.0,0.000004,,,,,,,,
141600,349.2,0.000002,,,,,,,,
141700,349.5,0.000006,,,,,,,,
141800,349.7,0.000002,,,,,,,,
141900,349.9,0.000002,,,,,,,,
142000,350.2,0.000002,,,,,,,,
142100,350.4,0.000002,,,,,,,,
142200,350.6,0.000003,,,,,,,,
142300,350.8,0.000004,,,,,,,,
142400,351.1,0.000003,,,,,,,,
142500,351.3,0.000002,,,,,,,,
142600,351.6,0.000004,,,,,,,,
142700,351.8,0.000003,,,,,,,,
142800,352.0,0.000002,,,,,,,,
142900,352.2,0.000003,,,,,,,,
143000,352.5,0.000005,,,,,,,,
143100,352.7,0.000002,,,,,,,,
143200,352.9,0.000003,,,,,,,,
143300,353.1,0.000002,,,,,,,,
143400,353.4,0.000002,,,,,,,,
143500,353.6,0.000006,,,,,,,,
143600,353.9,0.000002,,,,,,,,
143700,354.1,0.000003,,,,,,,,
143800,354.3,0.000008,,,,,,,,
143900,354.5,0.000002,,,,,,,,
144000,354.8,0.000004,,,,,,,,
144100,355.0,0.000003,,,,,,,,
144200,355.2,0.000003,,,,,,,,
144300,355.5,0.000003,,,,,,,,
144400,355.7,0.000002,,,,,,,,
144500,356.0,0.000002,,,,,,,,
144600,356.2,0.000003,,,,,,,,
144700,356.4,0.000004,,,,,,,,
144800,356.7,0.000002,,,,,,,,
144900,356.9,0.000002,,,,,,,,
145000,358.2,0.000002,0.000845,1.005918e-01,5.307800e-03,4.009596e-03,0.000000,4.616245e-02,5.126014e-03,3.920043e-03
145100,358.4,0.000002,,,,,,,,
145200,358.6,0.000002,,,,,,,,
145300,358.8,0.000003,,,,,,,,
145400,359.0,0.000002,,,,,,,,
145500,359.2,0.000002,,,,,,,,
145600,359.4,0.000003,,,,,,,,
145700,359.7,0.000002,,,,,,,,
145800,359.9,0.000002,,,,,,,,
145900,360.1,0.000003,,,,,,,,
146000,360.4,0.000006,,,,,,,,
146100,360.6,0.000002,,,,,,,,
146200,360.9,0.000003,,,,,,,,
146300,361.1,0.000004,,,,,,,,
146400,361.3,0.000003,,,,,,,,
146500,361.6,0.000001,,,,,,,,
146600,361.8,0.000005,,,,,,,,
146700,362.0,0.000002,,,,,,,,
146800,362.3,0.000004,,,,,,,,
146900,362.5,0.000001,,,,,,,,
147000,362.7,0.000003,,,,,,,,
147100,363.0,0.000003,,,,,,,,
147200,363.2,0.000002,,,,,,,,
147300,363.4,0.000004,,,,,,,,
147400,363.7,0.000003,,,,,,,,
147500,363.9,0.000002,,,,,,,,
147600,364.1,0.000002,,,,,,,,
147700,364.4,0.000003,,,,,,,,
147800,364.6,0.000003,,,,,,,,
147900,364.8,0.000002,,,,,,,,
148000,365.0,0.000002,,,,,,,,
148100,365.3,0.000001,,,,,,,,
148200,365.5,0.000002,,,,,,,,
148300,365.7,0.000002,,,,,,,,
148400,366.0,0.000004,,,,,,,,
148500,366.2,0.000003,,,,,,,,
148600,366.4,0.000001,,,,,,,,
148700,366.6,0.000004,,,,,,,,
148800,366.9,0.000004,,,,,,,,
148900,367.1,0.000002,,,,,,,,
149000,367.3,0.000006,,,,,,,,
149100,367.6,0.000003,,,,,,,,
149200,367.8,0.000005,,,,,,,,
149300,368.0,0.000003,,,,,,,,
149400,368.2,0.000004,,,,,,,,
149500,368.5,0.000003,,,,,,,,
149600,368.7,0.000003,,,,,,,,
149700,368.9,0.000003,,,,,,,,
149800,369.1,0.000005,,,,,,,,
149900,369.3,0.000003,,,,,,,,
150000,370.6,0.000003,0.001126,9.450567e-02,7.071891e-03,6.072584e-03,0.000000,6.252314e-02,6.988353e-03,6.038365e-03
150100,370.8,0.000001,,,,,,,,
150200,371.0,0.000004,,,,,,,,
150300,371.2,0.000004,,,,,,,,
150400,371.4,0.000003,,,,,,,,
150500,371.6,0.000002,,,,,,,,
150600,371.8,0.000004,,,,,,,,
150700,372.1,0.000002,,,,,,,,
150800,372.3,0.000001,,,,,,,,
150900,372.6,0.000001,,,,,,,,
151000,372.8,0.000002,,,,,,,,
151100,373.0,0.000001,,,,,,,,
151200,373.3,0.000003,,,,,,,,
151300,373.5,0.000003,,,,,,,,
151400,373.7,0.000008,,,,,,,,
151500,373.9,0.000002,,,,,,,,
151600,374.2,0.000004,,,,,,,,
151700,374.4,0.000002,,,,,,,,
151800,374.6,0.000002,,,,,,,,
151900,374.9,0.000004,,,,,,,,
152000,375.1,0.000004,,,,,,,,
152100,375.3,0.000003,,,,,,,,
152200,375.6,0.000002,,,,,,,,
152300,375.8,0.000006,,,,,,,,
152400,376.1,0.000003,,,,,,,,
152500,376.3,0.000006,,,,,,,,
152600,376.5,0.000003,,,,,,,,
152700,376.8,0.000004,,,,,,,,
152800,377.0,0.000001,,,,,,,,
152900,377.2,0.000002,,,,,,,,
153000,377.4,0.000003,,,,,,,,
153100,377.7,0.000002,,,,,,,,
153200,377.9,0.000003,,,,,,,,
153300,378.1,0.000002,,,,,,,,
153400,378.4,0.000003,,,,,,,,
153500,378.6,0.000004,,,,,,,,
153600,378.9,0.000002,,,,,,,,
153700,379.1,0.000004,,,,,,,,
153800,379.3,0.000004,,,,,,,,
153900,379.5,0.000003,,,,,,,,
154000,379.7,0.000003,,,,,,,,
154100,380.0,0.000008,,,,,,,,
154200,380.2,0.000001,,,,,,,,
154300,380.5,0.000003,,,,,,,,
154400,380.7,0.000004,,,,,,,,
154500,380.9,0.000004,,,,,,,,
154600,381.1,0.000002,,,,,,,,
154700,381.4,0.000003,,,,,,,,
154800,381.6,0.000002,,,,,,,,
154900,381.8,0.000005,,,,,,,,
155000,383.0,0.000007,0.001023,1.380793e-01,6.425696e-03,4.943631e-03,0.000000,9.387446e-02,6.343916e-03,4.963776e-03
155100,383.2,0.000004,,,,,,,,
155200,383.4,0.000006,,,,,,,,
155300,383.6,0.000003,,,,,,,,
155400,383.8,0.000009,,,,,,,,
155500,384.0,0.000002,,,,,,,,
155600,384.2,0.000002,,,,,,,,
155700,384.5,0.000003,,,,,,,,
155800,384.7,0.000001,,,,,,,,
155900,384.9,0.000002,,,,,,,,
156000,385.1,0.000002,,,,,,,,
156100,385.4,0.000002,,,,,,,,
156200,385.6,0.000002,,,,,,,,
156300,385.8,0.000003,,,,,,,,
156400,386.0,0.000002,,,,,,,,
156500,386.3,0.000002,,,,,,,,
156600,386.5,0.000003,,,,,,,,
156700,386.7,0.000003,,,,,,,,
156800,387.0,0.000001,,,,,,,,
156900,387.2,0.000002,,,,,,,,
157000,387.4,0.000001,,,,,,,,
157100,387.6,0.000002,,,,,,,,
157200,387.9,0.000003,,,,,,,,
157300,388.1,0.000003,,,,,,,,
157400,388.3,0.000001,,,,,,,,
157500,388.6,0.000002,,,,,,,,
157600,388.8,0.000002,,,,,,,,
157700,389.0,0.000001,,,,,,,,
157800,389.3,0.000001,,,,,,,,
157900,389.5,0.000002,,,,,,,,
158000,389.7,0.000003,,,,,,,,
158100,389.9,0.000005,,,,,,,,
158200,390.2,0.000003,,,,,,,,
158300,390.4,0.000004,,,,,,,,
158400,390.6,0.000002,,,,,,,,
158500,390.9,0.000001,,,,,,,,
158600,391.1,0.000002,,,,,,,,
158700,391.3,0.000002,,,,,,,,
158800,391.5,0.000002,,,,,,,,
158900,391.8,0.000003,,,,,,,,
159000,392.0,0.000004,,,,,,,,
159100,392.2,0.000002,,,,,,,,
159200,392.5,0.000002,,,,,,,,
159300,392.7,0.000004,,,,,,,,
159400,392.9,0.000001,,,,,,,,
159500,393.2,0.000004,,,,,,,,
159600,393.4,0.000002,,,,,,,,
159700,393.6,0.000004,,,,,,,,
159800,393.8,0.000002,,,,,,,,
159900,394.1,0.000004,,,,,,,,
160000,395.3,0.000006,0.001317,1.186011e-01,8.271921e-03,7.158797e-03,0.000000,6.324751e-02,8.188700e-03,7.186654e-03
160100,395.5,0.000002,,,,,,,,
160200,395.7,0.000004,,,,,,,,
160300,395.9,0.000003,,,,,,,,
160400,396.1,0.000003,,,,,,,,
160500,396.3,0.000004,,,,,,,,
160600,396.5,0.000002,,,,,,,,
160700,396.8,0.000005,,,,,,,,
160800,397.0,0.000003,,,,,,,,
160900,397.2,0.000001,,,,,,,,
161000,397.4,0.000003,,,,,,,,
161100,397.7,0.000003,,,,,,,,
161200,397.9,0.000002,,,,,,,,
161300,398.1,0.000002,,,,,,,,
161400,398.4,0.000002,,,,,,,,
161500,398.6,0.000004,,,,,,,,
161600,398.8,0.000003,,,,,,,,
161700,399.1,0.000004,,,,,,,,
161800,399.3,0.000003,,,,,,,,
161900,399.5,0.000002,,,,,,,,
162000,399.7,0.000002,,,,,,,,
162100,400.0,0.000002,,,,,,,,
162200,400.2,0.000004,,,,,,,,
162300,400.4,0.000001,,,,,,,,
162400,400.7,0.000001,,,,,,,,
162500,400.9,0.000003,,,,,,,,
162600,401.1,0.000002,,,,,,,,
162700,401.4,0.000003,,,,,,,,
162800,401.6,0.000002,,,,,,,,
162900,401.8,0.000006,,,,,,,,
163000,402.0,0.000003,,,,,,,,
163100,402.3,0.000007,,,,,,,,
163200,402.5,0.000003,,,,,,,,
163300,402.7,0.000003,,,,,,,,
163400,402.9,0.000006,,,,,,,,
163500,403.2,0.000002,,,,,,,,
163600,403.4,0.000002,,,,,,,,
163700,403.6,0.000005,,,,,,,,
163800,403.9,0.000003,,,,,,,,
163900,404.1,0.000003,,,,,,,,
164000,404.3,0.000002,,,,,,,,
164100,404.6,0.000004,,,,,,,,
164200,404.8,0.000002,,,,,,,,
164300,405.0,0.000002,,,,,,,,
164400,405.2,0.000002,,,,,,,,
164500,405.4,0.000002,,,,,,,,
164600,405.7,0.000003,,,,,,,,
164700,405.9,0.000002,,,,,,,,
164800,406.1,0.000005,,,,,,,,
164900,406.4,0.000002,,,,,,,,
165000,407.6,0.000009,0.001596,1.896838e-01,1.002929e-02,7.614133e-03,0.000000,1.341415e-01,9.972023e-03,7.594139e-03
165100,407.8,0.000002,,,,,,,,
165200,408.0,0.000005,,,,,,,,
165300,408.2,0.000002,,,,,,,,
165400,408.4,0.000002,,,,,,,,
165500,408.6,0.000002,,,,,,,,
165600,408.8,0.000004,,,,,,,,
165700,409.0,0.000003,,,,,,,,
165800,409.2,0.000003,,,,,,,,
165900,409.4,0.000002,,,,,,,,
166000,409.6,0.000005,,,,,,,,
166100,409.9,0.000004,,,,,,,,
166200,410.1,0.000002,,,,,,,,
166300,410.3,0.000002,,,,,,,,
166400,410.6,0.000003,,,,,,,,
166500,410.8,0.000002,,,,,,,,
166600,411.1,0.000003,,,,,,,,
166700,411.3,0.000002,,,,,,,,
166800,411.5,0.000003,,,,,,,,
166900,411.8,0.000003,,,,,,,,
167000,412.0,0.000002,,,,,,,,
167100,412.2,0.000002,,,,,,,,
167200,412.4,0.000003,,,,,,,,
167300,412.6,0.000002,,,,,,,,
167400,412.9,0.000004,,,,,,,,
167500,413.1,0.000002,,,,,,,,
167600,413.3,0.000004,,,,,,,,
167700,413.5,0.000003,,,,,,,,
167800,413.7,0.000002,,,,,,,,
167900,414.0,0.000004,,,,,,,,
168000,414.2,0.000002,,,,,,,,
168100,414.4,0.000003,,,,,,,,
168200,414.7,0.000002,,,,,,,,
168300,414.9,0.000002,,,,,,,,
168400,415.1,0.000003,,,,,,,,
168500,415.4,0.000002,,,,,,,,
168600,415.6,0.000008,,,,,,,,
168700,415.8,0.000004,,,,,,,,
168800,416.0,0.000001,,,,,,,,
168900,416.3,0.000004,,,,,,,,
169000,416.5,0.000002,,,,,,,,
169100,416.7,0.000002,,,,,,,,
169200,416.9,0.000002,,,,,,,,
169300,417.2,0.000004,,,,,,,,
169400,417.4,0.000003,,,,,,,,
169500,417.6,0.000003,,,,,,,,
169600,417.9,0.000001,,,,,,,,
169700,418.1,0.000003,,,,,,,,
169800,418.3,0.000003,,,,,,,,
169900,418.5,0.000002,,,,,,,,
170000,419.8,0.000003,0.001037,1.652722e-01,6.516568e-03,5.010350e-03,0.000000,1.187989e-01,6.413200e-03,5.009924e-03
170100,420.0,0.000002,,,,,,,,
170200,420.2,0.000004,,,,,,,,
170300,420.4,0.000003,,,,,,,,
170400,420.6,0.000003,,,,,,,,
170500,420.8,0.000002,,,,,,,,
170600,421.0,0.000001,,,,,,,,
170700,421.2,0.000002,,,,,,,,
170800,421.5,0.000002,,,,,,,,
170900,421.7,0.000003,,,,,,,,
171000,421.9,0.000002,,,,,,,,
171100,422.1,0.000003,,,,,,,,
171200,422.4,0.000002,,,,,,,,
171300,422.6,0.000002,,,,,,,,
171400,422.8,0.000004,,,,,,,,
171500,423.1,0.000004,,,,,,,,
171600,423.3,0.000002,,,,,,,,
171700,423.5,0.000003,,,,,,,,
171800,423.7,0.000004,,,,,,,,
171900,424.0,0.000003,,,,,,,,
172000,424.2,0.000003,,,,,,,,
172100,424.4,0.000007,,,,,,,,
172200,424.7,0.000003,,,,,,,,
172300,424.9,0.000002,,,,,,,,
172400,425.1,0.000002,,,,,,,,
172500,425.3,0.000002,,,,,,,,
172600,425.6,0.000003,,,,,,,,
172700,425.8,0.000004,,,,,,,,
172800,426.0,0.000002,,,,,,,,
172900,426.2,0.000003,,,,,,,,
173000,426.4,0.000003,,,,,,,,
173100,426.7,0.000002,,,,,,,,
173200,426.9,0.000002,,,,,,,,
173300,427.1,0.000001,,,,,,,,
173400,427.3,0.000003,,,,,,,,
173500,427.6,0.000005,,,,,,,,
173600,427.8,0.000001,,,,,,,,
173700,428.1,0.000002,,,,,,,,
173800,428.3,0.000001,,,,,,,,
173900,428.5,0.000002,,,,,,,,
174000,428.7,0.000003,,,,,,,,
174100,429.0,0.000005,,,,,,,,
174200,429.2,0.000005,,,,,,,,
174300,429.4,0.000002,,,,,,,,
174400,429.6,0.000003,,,,,,,,
174500,429.9,0.000003,,,,,,,,
174600,430.1,0.000003,,,,,,,,
174700,430.3,0.000003,,,,,,,,
174800,430.6,0.000004,,,,,,,,
174900,430.8,0.000004,,,,,,,,
175000,432.0,0.000001,0.001109,9.991998e-02,6.970751e-03,5.999265e-03,0.000000,6.557173e-02,6.828619e-03,5.964566e-03
175100,432.3,0.000003,,,,,,,,
175200,432.5,0.000003,,,,,,,,
175300,432.6,0.000002,,,,,,,,
175400,432.8,0.000003,,,,,,,,
175500,433.1,0.000002,,,,,,,,
175600,433.3,0.000002,,,,,,,,
175700,433.5,0.000003,,,,,,,,
175800,433.7,0.000002,,,,,,,,
175900,433.9,0.000001,,,,,,,,
176000,434.2,0.000001,,,,,,,,
176100,434.4,0.000003,,,,,,,,
176200,434.6,0.000002,,,,,,,,
176300,434.8,0.000003,,,,,,,,
176400,435.0,0.000005,,,,,,,,
176500,435.3,0.000002,,,,,,,,
176600,435.5,0.000004,,,,,,,,
176700,435.7,0.000009,,,,,,,,
176800,435.9,0.000002,,,,,,,,
176900,436.1,0.000001,,,,,,,,
177000,436.4,0.000001,,,,,,,,
177100,436.6,0.000002,,,,,,,,
177200,436.8,0.000001,,,,,,,,
177300,437.0,0.000005,,,,,,,,
177400,437.3,0.000002,,,,,,,,
177500,437.5,0.000002,,,,,,,,
177600,437.7,0.000003,,,,,,,,
177700,437.9,0.000002,,,,,,,,
177800,438.2,0.000002,,,,,,,,
177900,438.4,0.000003,,,,,,,,
178000,438.6,0.000004,,,,,,,,
178100,438.8,0.000002,,,,,,,,
178200,439.1,0.000003,,,,,,,,
178300,439.3,0.000002,,,,,,,,
178400,439.5,0.000002,,,,,,,,
178500,439.7,0.000001,,,,,,,,
178600,439.9,0.000003,,,,,,,,
178700,440.2,0.000001,,,,,,,,
178800,440.4,0.000001,,,,,,,,
178900,440.6,0.000002,,,,,,,,
179000,440.8,0.000002,,,,,,,,
179100,441.1,0.000004,,,,,,,,
179200,441.3,0.000004,,,,,,,,
179300,441.5,0.000003,,,,,,,,
179400,441.8,0.000002,,,,,,,,
179500,442.0,0.000002,,,,,,,,
179600,442.2,0.000002,,,,,,,,
179700,442.4,0.000002,,,,,,,,
179800,442.6,0.000004,,,,,,,,
179900,442.9,0.000003,,,,,,,,
180000,444.1,0.000002,0.001502,1.076870e-01,9.435688e-03,8.394827e-03,0.000000,5.730201e-02,9.573165e-03,8.606991e-03
180100,444.3,0.000002,,,,,,,,
180200,444.5,0.000002,,,,,,,,
180300,444.7,0.000003,,,,,,,,
180400,444.9,0.000002,,,,,,,,
180500,445.1,0.000004,,,,,,,,
180600,445.3,0.000005,,,,,,,,
180700,445.6,0.000002,,,,,,,,
180800,445.8,0.000003,,,,,,,,
180900,446.0,0.000002,,,,,,,,
181000,446.2,0.000003,,,,,,,,
181100,446.5,0.000002,,,,,,,,
181200,446.7,0.000003,,,,,,,,
181300,446.9,0.000004,,,,,,,,
181400,447.2,0.000003,,,,,,,,
181500,447.4,0.000001,,,,,,,,
181600,447.6,0.000002,,,,,,,,
181700,447.9,0.000001,,,,,,,,
181800,448.1,0.000002,,,,,,,,
181900,448.3,0.000003,,,,,,,,
182000,448.6,0.000002,,,,,,,,
182100,448.8,0.000002,,,,,,,,
182200,449.0,0.000003,,,,,,,,
182300,449.3,0.000004,,,,,,,,
182400,449.5,0.000003,,,,,,,,
182500,449.7,0.000003,,,,,,,,
182600,450.0,0.000004,,,,,,,,
182700,450.2,0.000002,,,,,,,,
182800,450.4,0.000003,,,,,,,,
182900,450.6,0.000003,,,,,,,,
183000,450.9,0.000005,,,,,,,,
183100,451.1,0.000004,,,,,,,,
183200,451.3,0.000001,,,,,,,,
183300,451.6,0.000003,,,,,,,,
183400,451.8,0.000002,,,,,,,,
183500,452.0,0.000002,,,,,,,,
183600,452.3,0.000003,,,,,,,,
183700,452.5,0.000003,,,,,,,,
183800,452.7,0.000002,,,,,,,,
183900,452.9,0.000002,,,,,,,,
184000,453.2,0.000002,,,,,,,,
184100,453.4,0.000004,,,,,,,,
184200,453.6,0.000003,,,,,,,,
184300,453.8,0.000003,,,,,,,,
184400,454.1,0.000002,,,,,,,,
184500,454.3,0.000002,,,,,,,,
184600,454.5,0.000002,,,,,,,,
184700,454.8,0.000002,,,,,,,,
184800,455.0,0.000004,,,,,,,,
184900,455.2,0.000002,,,,,,,,
185000,456.5,0.000001,0.001090,9.282267e-02,6.846780e-03,6.102994e-03,0.000000,6.965805e-02,6.793118e-03,6.137059e-03
185100,456.7,0.000003,,,,,,,,
185200,456.9,0.000003,,,,,,,,
185300,457.1,0.000004,,,,,,,,
185400,457.3,0.000004,,,,,,,,
185500,457.5,0.000002,,,,,,,,
185600,457.7,0.000002,,,,,,,,
185700,457.9,0.000003,,,,,,,,
185800,458.2,0.000005,,,,,,,,
185900,458.4,0.000001,,,,,,,,
186000,458.6,0.000002,,,,,,,,
186100,458.9,0.000003,,,,,,,,
186200,459.1,0.000001,,,,,,,,
186300,459.3,0.000006,,,,,,,,
186400,459.6,0.000003,,,,,,,,
186500,459.8,0.000003,,,,,,,,
186600,460.0,0.000002,,,,,,,,
186700,460.2,0.000002,,,,,,,,
186800,460.5,0.000002,,,,,,,,
186900,460.7,0.000002,,,,,,,,
187000,460.9,0.000001,,,,,,,,
187100,461.1,0.000002,,,,,,,,
187200,461.4,0.000003,,,,,,,,
187300,461.6,0.000009,,,,,,,,
187400,461.8,0.000002,,,,,,,,
187500,462.0,0.000002,,,,,,,,
187600,462.3,0.000009,,,,,,,,
187700,462.5,0.000004,,,,,,,,
187800,462.7,0.000002,,,,,,,,
187900,463.0,0.000001,,,,,,,,
188000,463.2,0.000001,,,,,,,,
188100,463.4,0.000003,,,,,,,,
188200,463.7,0.000002,,,,,,,,
188300,463.9,0.000003,,,,,,,,
188400,464.1,0.000001,,,,,,,,
188500,464.3,0.000002,,,,,,,,
188600,464.6,0.000002,,,,,,,,
188700,464.8,0.000002,,,,,,,,
188800,465.0,0.000002,,,,,,,,
188900,465.2,0.000002,,,,,,,,
189000,465.4,0.000003,,,,,,,,
189100,465.7,0.000002,,,,,,,,
189200,465.9,0.000003,,,,,,,,
189300,466.1,0.000003,,,,,,,,
189400,466.4,0.000002,,,,,,,,
189500,466.6,0.000003,,,,,,,,
189600,466.8,0.000002,,,,,,,,
189700,467.0,0.000002,,,,,,,,
189800,467.3,0.000001,,,,,,,,
189900,467.5,0.000003,,,,,,,,
190000,468.7,0.000002,0.001037,1.223677e-01,6.517933e-03,5.321613e-03,0.000000,8.643670e-02,6.364779e-03,5.237424e-03
190100,468.9,0.000001,,,,,,,,
190200,469.1,0.000002,,,,,,,,
190300,469.3,0.000004,,,,,,,,
190400,469.5,0.000003,,,,,,,,
190500,469.7,0.000002,,,,,,,,
190600,470.0,0.000002,,,,,,,,
190700,470.2,0.000002,,,,,,,,
190800,470.4,0.000003,,,,,,,,
190900,470.6,0.000004,,,,,,,,
191000,470.9,0.000002,,,,,,,,
191100,471.1,0.000003,,,,,,,,
191200,471.3,0.000002,,,,,,,,
191300,471.6,0.000005,,,,,,,,
191400,471.8,0.000002,,,,,,,,
191500,472.0,0.000003,,,,,,,,
191600,472.2,0.000002,,,,,,,,
191700,472.5,0.000004,,,,,,,,
191800,472.7,0.000002,,,,,,,,
191900,472.9,0.000003,,,,,,,,
192000,473.2,0.000002,,,,,,,,
192100,473.4,0.000004,,,,,,,,
192200,473.7,0.000002,,,,,,,,
192300,473.9,0.000005,,,,,,,,
192400,474.1,0.000004,,,,,,,,
192500,474.4,0.000002,,,,,,,,
192600,474.6,0.000002,,,,,,,,
192700,474.8,0.000003,,,,,,,,
192800,475.1,0.000002,,,,,,,,
192900,475.3,0.000008,,,,,,,,
193000,475.5,0.000003,,,,,,,,
193100,475.8,0.000002,,,,,,,,
193200,476.0,0.000001,,,,,,,,
193300,476.2,0.000002,,,,,,,,
193400,476.5,0.000003,,,,,,,,
193500,476.7,0.000003,,,,,,,,
193600,476.9,0.000002,,,,,,,,
193700,477.2,0.000002,,,,,,,,
193800,477.4,0.000003,,,,,,,,
193900,477.6,0.000006,,,,,,,,
194000,477.8,0.000001,,,,,,,,
194100,478.0,0.000001,,,,,,,,
194200,478.3,0.000003,,,,,,,,
194300,478.5,0.000001,,,,,,,,
194400,478.7,0.000003,,,,,,,,
194500,478.9,0.000002,,,,,,,,
194600,479.2,0.000002,,,,,,,,
194700,479.4,0.000002,,,,,,,,
194800,479.6,0.000002,,,,,,,,
194900,479.9,0.000002,,,,,,,,
195000,481.1,0.000002,0.000884,1.180855e-01,5.551964e-03,4.308622e-03,0.000000,9.581138e-02,5.423784e-03,4.325122e-03
195100,481.3,0.000004,,,,,,,,
195200,481.5,0.000003,,,,,,,,
195300,481.7,0.000003,,,,,,,,
195400,481.9,0.000003,,,,,,,,
195500,482.1,0.000002,,,,,,,,
195600,482.3,0.000003,,,,,,,,
195700,482.5,0.000001,,,,,,,,
195800,482.7,0.000002,,,,,,,,
195900,482.9,0.000004,,,,,,,,
196000,483.2,0.000002,,,,,,,,
196100,483.4,0.000002,,,,,,,,
196200,483.6,0.000003,,,,,,,,
196300,483.8,0.000005,,,,,,,,
196400,484.0,0.000004,,,,,,,,
196500,484.3,0.000002,,,,,,,,
196600,484.5,0.000002,,,,,,,,
196700,484.7,0.000003,,,,,,,,
196800,484.9,0.000004,,,,,,,,
196900,485.2,0.000002,,,,,,,,
197000,485.4,0.000003,,,,,,,,
197100,485.6,0.000001,,,,,,,,
197200,485.9,0.000002,,,,,,,,
197300,486.1,0.000002,,,,,,,,
197400,486.3,0.000002,,,,,,,,
197500,486.6,0.000002,,,,,,,,
197600,486.8,0.000005,,,,,,,,
197700,487.0,0.000002,,,,,,,,
197800,487.3,0.000002,,,,,,,,
197900,487.5,0.000002,,,,,,,,
198000,487.8,0.000004,,,,,,,,
198100,488.0,0.000002,,,,,,,,
198200,488.2,0.000002,,,,,,,,
198300,488.4,0.000005,,,,,,,,
198400,488.7,0.000002,,,,,,,,
198500,488.9,0.000002,,,,,,,,
198600,489.1,0.000005,,,,,,,,
198700,489.4,0.000002,,,,,,,,
198800,489.6,0.000004,,,,,,,,
198900,489.8,0.000006,,,,,,,,
199000,490.0,0.000002,,,,,,,,
199100,490.3,0.000004,,,,,,,,
199200,490.5,0.000003,,,,,,,,
199300,490.7,0.000001,,,,,,,,
199400,490.9,0.000002,,,,,,,,
199500,491.2,0.000001,,,,,,,,
199600,491.4,0.000002,,,,,,,,
199700,491.6,0.000001,,,,,,,,
199800,491.9,0.000004,,,,,,,,
199900,492.1,0.000003,,,,,,,,
200000,493.3,0.000004,0.001056,1.117310e-01,6.637330e-03,5.231911e-03,0.000000,9.263636e-02,6.608315e-03,5.345647e-03
200100,493.6,0.000003,,,,,,,,
200200,493.8,0.000001,,,,,,,,
200300,494.0,0.000003,,,,,,,,
200400,494.2,0.000008,,,,,,,,
200500,494.4,0.000003,,,,,,,,
200600,494.6,0.000001,,,,,,,,
200700,494.8,0.000003,,,,,,,,
200800,495.0,0.000001,,,,,,,,
200900,495.2,0.000002,,,,,,,,
201000,495.5,0.000001,,,,,,,,
201100,495.7,0.000002,,,,,,,,
201200,495.9,0.000003,,,,,,,,
201300,496.2,0.000004,,,,,,,,
201400,496.4,0.000003,,,,,,,,
201500,496.6,0.000002,,,,,,,,
201600,496.8,0.000004,,,,,,,,
201700,497.1,0.000011,,,,,,,,
201800,497.3,0.000002,,,,,,,,
201900,497.5,0.000002,,,,,,,,
202000,497.8,0.000002,,,,,,,,
202100,498.0,0.000003,,,,,,,,
202200,498.2,0.000003,,,,,,,,
202300,498.5,0.000003,,,,,,,,
202400,498.7,0.000006,,,,,,,,
202500,498.9,0.000001,,,,,,,,
202600,499.2,0.000003,,,,,,,,
202700,499.4,0.000001,,,,,,,,
202800,499.6,0.000002,,,,,,,,
202900,499.8,0.000003,,,,,,,,
203000,500.1,0.000001,,,,,,,,
203100,500.3,0.000003,,,,,,,,
203200,500.5,0.000002,,,,,,,,
203300,500.7,0.000002,,,,,,,,
203400,501.0,0.000008,,,,,,,,
203500,501.2,0.000005,,,,,,,,
203600,501.4,0.000002,,,,,,,,
203700,501.7,0.000002,,,,,,,,
203800,501.9,0.000005,,,,,,,,
203900,502.1,0.000002,,,,,,,,
204000,502.4,0.000002,,,,,,,,
204100,502.6,0.000002,,,,,,,,
204200,502.8,0.000002,,,,,,,,
204300,503.1,0.000001,,,,,,,,
204400,503.3,0.000002,,,,,,,,
204500,503.5,0.000007,,,,,,,,
204600,503.7,0.000002,,,,,,,,
204700,504.0,0.000001,,,,,,,,
204800,504.2,0.000004,,,,,,,,
204900,504.4,0.000002,,,,,,,,
205000,505.7,0.000004,0.001729,7.779554e-02,1.086224e-02,8.760833e-03,0.000000,6.276918e-02,1.081847e-02,8.724022e-03
205100,505.9,0.000001,,,,,,,,
205200,506.1,0.000002,,,,,,,,
205300,506.3,0.000004,,,,,,,,
205400,506.5,0.000001,,,,,,,,
205500,506.7,0.000002,,,,,,,,
205600,506.9,0.000002,,,,,,,,
205700,507.1,0.000002,,,,,,,,
205800,507.3,0.000003,,,,,,,,
205900,507.6,0.000002,,,,,,,,
206000,507.8,0.000002,,,,,,,,
206100,508.0,0.000002,,,,,,,,
206200,508.2,0.000003,,,,,,,,
206300,508.5,0.000005,,,,,,,,
206400,508.7,0.000002,,,,,,,,
206500,508.9,0.000002,,,,,,,,
206600,509.1,0.000005,,,,,,,,
206700,509.4,0.000002,,,,,,,,
206800,509.6,0.000002,,,,,,,,
206900,509.8,0.000004,,,,,,,,
207000,510.0,0.000002,,,,,,,,
207100,510.3,0.000002,,,,,,,,
207200,510.5,0.000002,,,,,,,,
207300,510.7,0.000002,,,,,,,,
207400,511.0,0.000003,,,,,,,,
207500,511.2,0.000002,,,,,,,,
207600,511.4,0.000003,,,,,,,,
207700,511.7,0.000002,,,,,,,,
207800,511.9,0.000002,,,,,,,,
207900,512.1,0.000002,,,,,,,,
208000,512.4,0.000004,,,,,,,,
208100,512.6,0.000002,,,,,,,,
208200,512.8,0.000003,,,,,,,,
208300,513.1,0.000005,,,,,,,,
208400,513.3,0.000002,,,,,,,,
208500,513.5,0.000001,,,,,,,,
208600,513.7,0.000002,,,,,,,,
208700,514.0,0.000002,,,,,,,,
208800,514.2,0.000001,,,,,,,,
208900,514.4,0.000002,,,,,,,,
209000,514.7,0.000002,,,,,,,,
209100,514.9,0.000003,,,,,,,,
209200,515.1,0.000002,,,,,,,,
209300,515.3,0.000006,,,,,,,,
209400,515.6,0.000003,,,,,,,,
209500,515.8,0.000004,,,,,,,,
209600,516.0,0.000003,,,,,,,,
209700,516.3,0.000001,,,,,,,,
209800,516.5,0.000005,,,,,,,,
209900,516.7,0.000001,,,,,,,,
210000,517.9,0.000003,0.001072,1.399244e-01,6.734125e-03,5.100224e-03,0.000000,1.138432e-01,6.504168e-03,5.002903e-03
210100,518.1,0.000003,,,,,,,,
210200,518.3,0.000007,,,,,,,,
210300,518.5,0.000004,,,,,,,,
210400,518.7,0.000003,,,,,,,,
210500,518.9,0.000002,,,,,,,,
210600,519.1,0.000004,,,,,,,,
210700,519.3,0.000002,,,,,,,,
210800,519.5,0.000001,,,,,,,,
210900,519.7,0.000002,,,,,,,,
211000,519.9,0.000002,,,,,,,,
211100,520.2,0.000004,,,,,,,,
211200,520.4,0.000002,,,,,,,,
211300,520.6,0.000003,,,,,,,,
211400,520.8,0.000002,,,,,,,,
211500,521.1,0.000003,,,,,,,,
211600,521.3,0.000002,,,,,,,,
211700,521.5,0.000003,,,,,,,,
211800,521.8,0.000002,,,,,,,,
211900,522.0,0.000002,,,,,,,,
212000,522.3,0.000002,,,,,,,,
212100,522.5,0.000002,,,,,,,,
212200,522.7,0.000002,,,,,,,,
212300,522.9,0.000002,,,,,,,,
212400,523.2,0.000004,,,,,,,,
212500,523.4,0.000001,,,,,,,,
212600,523.6,0.000002,,,,,,,,
212700,523.8,0.000002,,,,,,,,
212800,524.1,0.000002,,,,,,,,
212900,524.3,0.000002,,,,,,,,
213000,524.5,0.000002,,,,,,,,
213100,524.7,0.000002,,,,,,,,
213200,525.0,0.000002,,,,,,,,
213300,525.2,0.000002,,,,,,,,
213400,525.4,0.000001,,,,,,,,
213500,525.6,0.000004,,,,,,,,
213600,525.9,0.000002,,,,,,,,
213700,526.1,0.000002,,,,,,,,
213800,526.3,0.000006,,,,,,,,
213900,526.5,0.000002,,,,,,,,
214000,526.8,0.000002,,,,,,,,
214100,527.0,0.000003,,,,,,,,
214200,527.2,0.000001,,,,,,,,
214300,527.5,0.000003,,,,,,,,
214400,527.7,0.000001,,,,,,,,
214500,527.9,0.000002,,,,,,,,
214600,528.1,0.000005,,,,,,,,
214700,528.4,0.000002,,,,,,,,
214800,528.6,0.000002,,,,,,,,
214900,528.8,0.000004,,,,,,,,
215000,530.1,0.000004,0.000772,1.105310e-01,4.847533e-03,3.589822e-03,0.000000,8.808733e-02,4.693608e-03,3.536032e-03
215100,530.3,0.000003,,,,,,,,
215200,530.5,0.000004,,,,,,,,
215300,530.7,0.000003,,,,,,,,
215400,530.9,0.000002,,,,,,,,
215500,531.1,0.000002,,,,,,,,
215600,531.3,0.000002,,,,,,,,
215700,531.5,0.000001,,,,,,,,
215800,531.7,0.000003,,,,,,,,
215900,531.9,0.000001,,,,,,,,
216000,532.2,0.000002,,,,,,,,
216100,532.4,0.000003,,,,,,,,
216200,532.6,0.000003,,,,,,,,
216300,532.9,0.000004,,,,,,,,
216400,533.1,0.000002,,,,,,,,
216500,533.3,0.000004,,,,,,,,
216600,533.6,0.000001,,,,,,,,
216700,533.8,0.000003,,,,,,,,
216800,534.0,0.000003,,,,,,,,
216900,534.2,0.000004,,,,,,,,
217000,534.5,0.000008,,,,,,,,
217100,534.7,0.000001,,,,,,,,
217200,534.9,0.000002,,,,,,,,
217300,535.2,0.000001,,,,,,,,
217400,535.4,0.000005,,,,,,,,
217500,535.6,0.000002,,,,,,,,
217600,535.8,0.000003,,,,,,,,
217700,536.1,0.000002,,,,,,,,
217800,536.3,0.000005,,,,,,,,
217900,536.5,0.000002,,,,,,,,
218000,536.8,0.000004,,,,,,,,
218100,537.0,0.000002,,,,,,,,
218200,537.2,0.000002,,,,,,,,
218300,537.4,0.000003,,,,,,,,
218400,537.7,0.000001,,,,,,,,
218500,537.9,0.000003,,,,,,,,
218600,538.1,0.000003,,,,,,,,
218700,538.3,0.000004,,,,,,,,
218800,538.6,0.000002,,,,,,,,
218900,538.8,0.000005,,,,,,,,
219000,539.0,0.000002,,,,,,,,
219100,539.2,0.000002,,,,,,,,
219200,539.4,0.000003,,,,,,,,
219300,539.7,0.000002,,,,,,,,
219400,539.9,0.000001,,,,,,,,
219500,540.1,0.000003,,,,,,,,
219600,540.4,0.000002,,,,,,,,
219700,540.6,0.000002,,,,,,,,
219800,540.9,0.000003,,,,,,,,
219900,541.1,0.000011,,,,,,,,
220000,542.3,0.000002,0.001088,9.296353e-02,6.836877e-03,5.630066e-03,0.000000,7.677389e-02,6.707837e-03,5.602174e-03
220100,542.6,0.000002,,,,,,,,
220200,542.7,0.000003,,,,,,,,
220300,542.9,0.000001,,,,,,,,
220400,543.2,0.000002,,,,,,,,
220500,543.4,0.000003,,,,,,,,
220600,543.6,0.000006,,,,,,,,
220700,543.8,0.000001,,,,,,,,
220800,544.0,0.000005,,,,,,,,
220900,544.3,0.000004,,,,,,,,
221000,544.5,0.000003,,,,,,,,
221100,544.8,0.000003,,,,,,,,
221200,545.0,0.000003,,,,,,,,
221300,545.2,0.000002,,,,,,,,
221400,545.4,0.000002,,,,,,,,
221500,545.7,0.000002,,,,,,,,
221600,545.9,0.000001,,,,,,,,
221700,546.1,0.000002,,,,,,,,
221800,546.3,0.000005,,,,,,,,
221900,546.6,0.000002,,,,,,,,
222000,546.8,0.000003,,,,,,,,
222100,547.0,0.000002,,,,,,,,
222200,547.2,0.000002,,,,,,,,
222300,547.5,0.000001,,,,,,,,
222400,547.7,0.000003,,,,,,,,
222500,547.9,0.000001,,,,,,,,
222600,548.1,0.000002,,,,,,,,
222700,548.4,0.000003,,,,,,,,
222800,548.6,0.000002,,,,,,,,
222900,548.8,0.000002,,,,,,,,
223000,549.0,0.000002,,,,,,,,
223100,549.2,0.000002,,,,,,,,
223200,549.5,0.000002,,,,,,,,
223300,549.7,0.000005,,,,,,,,
223400,549.9,0.000003,,,,,,,,
223500,550.2,0.000002,,,,,,,,
223600,550.4,0.000002,,,,,,,,
223700,550.6,0.000003,,,,,,,,
223800,550.9,0.000002,,,,,,,,
223900,551.1,0.000002,,,,,,,,
224000,551.3,0.000002,,,,,,,,
224100,551.5,0.000002,,,,,,,,
224200,551.7,0.000003,,,,,,,,
224300,552.0,0.000002,,,,,,,,
224400,552.2,0.000002,,,,,,,,
224500,552.5,0.000002,,,,,,,,
224600,552.7,0.000004,,,,,,,,
224700,552.9,0.000001,,,,,,,,
224800,553.1,0.000002,,,,,,,,
224900,553.4,0.000001,,,,,,,,
225000,554.6,0.000002,0.000739,1.210359e-01,4.642823e-03,3.271600e-03,0.000000,8.194543e-02,4.408881e-03,3.162198e-03
225100,554.8,0.000003,,,,,,,,
225200,555.0,0.000014,,,,,,,,
225300,555.2,0.000002,,,,,,,,
225400,555.4,0.000002,,,,,,,,
225500,555.6,0.000004,,,,,,,,
225600,555.8,0.000003,,,,,,,,
225700,556.1,0.000004,,,,,,,,
225800,556.3,0.000001,,,,,,,,
225900,556.5,0.000002,,,,,,,,
226000,556.8,0.000002,,,,,,,,
226100,557.0,0.000002,,,,,,,,
226200,557.2,0.000004,,,,,,,,
226300,557.4,0.000001,,,,,,,,
226400,557.6,0.000004,,,,,,,,
226500,557.9,0.000002,,,,,,,,
226600,558.1,0.000002,,,,,,,,
226700,558.3,0.000002,,,,,,,,
226800,558.5,0.000002,,,,,,,,
226900,558.8,0.000003,,,,,,,,
227000,559.0,0.000003,,,,,,,,
227100,559.2,0.000002,,,,,,,,
227200,559.5,0.000002,,,,,,,,
227300,559.7,0.000001,,,,,,,,
227400,559.9,0.000003,,,,,,,,
227500,560.1,0.000002,,,,,,,,
227600,560.4,0.000002,,,,,,,,
227700,560.6,0.000002,,,,,,,,
227800,560.8,0.000002,,,,,,,,
227900,561.1,0.000004,,,,,,,,
228000,561.3,0.000001,,,,,,,,
228100,561.5,0.000002,,,,,,,,
228200,561.8,0.000001,,,,,,,,
228300,562.0,0.000003,,,,,,,,
228400,562.2,0.000002,,,,,,,,
228500,562.4,0.000001,,,,,,,,
228600,562.7,0.000002,,,,,,,,
228700,562.9,0.000002,,,,,,,,
228800,563.1,0.000002,,,,,,,,
228900,563.3,0.000003,,,,,,,,
229000,563.6,0.000005,,,,,,,,
229100,563.8,0.000002,,,,,,,,
229200,564.0,0.000002,,,,,,,,
229300,564.2,0.000002,,,,,,,,
229400,564.4,0.000002,,,,,,,,
229500,564.7,0.000002,,,,,,,,
229600,564.9,0.000003,,,,,,,,
229700,565.1,0.000005,,,,,,,,
229800,565.3,0.000001,,,,,,,,
229900,565.5,0.000004,,,,,,,,
230000,566.8,0.000001,0.000950,9.385733e-02,5.969966e-03,4.775505e-03,0.000000,6.356121e-02,5.845807e-03,4.738435e-03
230100,567.0,0.000002,,,,,,,,
230200,567.2,0.000004,,,,,,,,
230300,567.4,0.000001,,,,,,,,
230400,567.6,0.000002,,,,,,,,
230500,567.8,0.000001,,,,,,,,
230600,568.0,0.000003,,,,,,,,
230700,568.2,0.000001,,,,,,,,
230800,568.4,0.000003,,,,,,,,
230900,568.6,0.000002,,,,,,,,
231000,568.8,0.000003,,,,,,,,
231100,569.0,0.000003,,,,,,,,
231200,569.2,0.000001,,,,,,,,
231300,569.4,0.000002,,,,,,,,
231400,569.6,0.000003,,,,,,,,
231500,569.8,0.000002,,,,,,,,
231600,570.0,0.000002,,,,,,,,
231700,570.3,0.000002,,,,,,,,
231800,570.5,0.000002,,,,,,,,
231900,570.7,0.000002,,,,,,,,
232000,570.9,0.000002,,,,,,,,
232100,571.2,0.000003,,,,,,,,
232200,571.4,0.000003,,,,,,,,
232300,571.6,0.000004,,,,,,,,
232400,571.8,0.000002,,,,,,,,
232500,572.1,0.000005,,,,,,,,
232600,572.3,0.000004,,,,,,,,
232700,572.5,0.000002,,,,,,,,
232800,572.8,0.000005,,,,,,,,
232900,573.0,0.000002,,,,,,,,
233000,573.2,0.000001,,,,,,,,
233100,573.4,0.000002,,,,,,,,
233200,573.6,0.000003,,,,,,,,
233300,573.8,0.000002,,,,,,,,
233400,574.1,0.000003,,,,,,,,
233500,574.3,0.000001,,,,,,,,
233600,574.5,0.000002,,,,,,,,
233700,574.8,0.000004,,,,,,,,
233800,575.0,0.000003,,,,,,,,
233900,575.2,0.000004,,,,,,,,
234000,575.4,0.000003,,,,,,,,
234100,575.6,0.000002,,,,,,,,
234200,575.9,0.000004,,,,,,,,
234300,576.1,0.000004,,,,,,,,
234400,576.3,0.000002,,,,,,,,
234500,576.6,0.000003,,,,,,,,
234600,576.8,0.000003,,,,,,,,
234700,577.0,0.000004,,,,,,,,
234800,577.2,0.000002,,,,,,,,
234900,577.5,0.000001,,,,,,,,
235000,578.7,0.000002,0.000941,1.418244e-01,5.910842e-03,4.659660e-03,0.000000,1.139562e-01,5.700116e-03,4.558059e-03
235100,578.9,0.000002,,,,,,,,
235200,579.1,0.000002,,,,,,,,
235300,579.3,0.000004,,,,,,,,
235400,579.5,0.000001,,,,,,,,
235500,579.7,0.000002,,,,,,,,
235600,579.9,0.000003,,,,,,,,
235700,580.1,0.000004,,,,,,,,
235800,580.4,0.000001,,,,,,,,
235900,580.6,0.000001,,,,,,,,
236000,580.9,0.000001,,,,,,,,
236100,581.1,0.000001,,,,,,,,
236200,581.3,0.000002,,,,,,,,
236300,581.5,0.000002,,,,,,,,
236400,581.8,0.000002,,,,,,,,
236500,582.0,0.000010,,,,,,,,
236600,582.2,0.000002,,,,,,,,
236700,582.5,0.000002,,,,,,,,
236800,582.7,0.000001,,,,,,,,
236900,582.9,0.000007,,,,,,,,
237000,583.1,0.000002,,,,,,,,
237100,583.4,0.000003,,,,,,,,
237200,583.6,0.000004,,,,,,,,
237300,583.8,0.000003,,,,,,,,
237400,584.1,0.000005,,,,,,,,
237500,584.3,0.000004,,,,,,,,
237600,584.5,0.000003,,,,,,,,
237700,584.7,0.000002,,,,,,,,
237800,585.0,0.000002,,,,,,,,
237900,585.2,0.000003,,,,,,,,
238000,585.4,0.000003,,,,,,,,
238100,585.7,0.000001,,,,,,,,
238200,585.9,0.000003,,,,,,,,
238300,586.1,0.000003,,,,,,,,
238400,586.4,0.000002,,,,,,,,
238500,586.6,0.000001,,,,,,,,
238600,586.8,0.000002,,,,,,,,
238700,587.1,0.000001,,,,,,,,
238800,587.3,0.000001,,,,,,,,
238900,587.5,0.000002,,,,,,,,
239000,587.8,0.000002,,,,,,,,
239100,588.0,0.000007,,,,,,,,
239200,588.2,0.000001,,,,,,,,
239300,588.5,0.000002,,,,,,,,
239400,588.7,0.000002,,,,,,,,
239500,588.9,0.000002,,,,,,,,
239600,589.2,0.000004,,,,,,,,
239700,589.4,0.000002,,,,,,,,
239800,589.6,0.000001,,,,,,,,
239900,589.8,0.000002,,,,,,,,
240000,591.1,0.000001,0.000881,1.274484e-01,5.535814e-03,4.369781e-03,0.000000,8.342195e-02,5.410001e-03,4.370906e-03
240100,591.3,0.000002,,,,,,,,
240200,591.5,0.000002,,,,,,,,
240300,591.7,0.000001,,,,,,,,
240400,591.9,0.000003,,,,,,,,
240500,592.1,0.000002,,,,,,,,
240600,592.3,0.000002,,,,,,,,
240700,592.6,0.000004,,,,,,,,
240800,592.8,0.000002,,,,,,,,
240900,593.0,0.000006,,,,,,,,
241000,593.3,0.000002,,,,,,,,
241100,593.5,0.000001,,,,,,,,
241200,593.7,0.000003,,,,,,,,
241300,594.0,0.000001,,,,,,,,
241400,594.2,0.000002,,,,,,,,
241500,594.4,0.000003,,,,,,,,
241600,594.7,0.000001,,,,,,,,
241700,594.9,0.000001,,,,,,,,
241800,595.1,0.000002,,,,,,,,
241900,595.4,0.000002,,,,,,,,
242000,595.6,0.000003,,,,,,,,
242100,595.8,0.000001,,,,,,,,
242200,596.1,0.000003,,,,,,,,
242300,596.3,0.000002,,,,,,,,
242400,596.5,0.000002,,,,,,,,
242500,596.7,0.000003,,,,,,,,
242600,597.0,0.000001,,,,,,,,
242700,597.2,0.000004,,,,,,,,
242800,597.4,0.000003,,,,,,,,
242900,597.6,0.000001,,,,,,,,
243000,597.9,0.000004,,,,,,,,
243100,598.1,0.000001,,,,,,,,
243200,598.3,0.000005,,,,,,,,
243300,598.6,0.000003,,,,,,,,
243400,598.8,0.000001,,,,,,,,
243500,599.0,0.000002,,,,,,,,
243600,599.3,0.000003,,,,,,,,
243700,599.5,0.000003,,,,,,,,
243800,599.7,0.000001,,,,,,,,
243900,600.0,0.000003,,,,,,,,
244000,600.2,0.000001,,,,,,,,
244100,600.5,0.000006,,,,,,,,
244200,600.7,0.000002,,,,,,,,
244300,601.0,0.000004,,,,,,,,
244400,601.2,0.000003,,,,,,,,
244500,601.4,0.000002,,,,,,,,
244600,601.7,0.000001,,,,,,,,
244700,601.9,0.000003,,,,,,,,
244800,602.1,0.000001,,,,,,,,
244900,602.3,0.000002,,,,,,,,
245000,603.6,0.000001,0.000802,1.142741e-01,5.041170e-03,3.825605e-03,0.000000,8.055116e-02,4.852991e-03,3.750523e-03
245100,603.8,0.000003,,,,,,,,
245200,604.0,0.000002,,,,,,,,
245300,604.2,0.000003,,,,,,,,
245400,604.4,0.000002,,,,,,,,
245500,604.6,0.000002,,,,,,,,
245600,604.8,0.000003,,,,,,,,
245700,605.0,0.000003,,,,,,,,
245800,605.2,0.000001,,,,,,,,
245900,605.4,0.000003,,,,,,,,
246000,605.6,0.000001,,,,,,,,
246100,605.9,0.000002,,,,,,,,
246200,606.1,0.000002,,,,,,,,
246300,606.3,0.000004,,,,,,,,
246400,606.6,0.000002,,,,,,,,
246500,606.8,0.000003,,,,,,,,
246600,607.0,0.000002,,,,,,,,
246700,607.2,0.000003,,,,,,,,
246800,607.5,0.000002,,,,,,,,
246900,607.7,0.000003,,,,,,,,
247000,607.9,0.000005,,,,,,,,
247100,608.1,0.000003,,,,,,,,
247200,608.4,0.000001,,,,,,,,
247300,608.6,0.000004,,,,,,,,
247400,608.8,0.000001,,,,,,,,
247500,609.0,0.000006,,,,,,,,
247600,609.3,0.000002,,,,,,,,
247700,609.5,0.000002,,,,,,,,
247800,609.7,0.000001,,,,,,,,
247900,609.9,0.000003,,,,,,,,
248000,610.2,0.000002,,,,,,,,
248100,610.4,0.000003,,,,,,,,
248200,610.7,0.000002,,,,,,,,
248300,610.9,0.000004,,,,,,,,
248400,611.1,0.000003,,,,,,,,
248500,611.4,0.000001,,,,,,,,
248600,611.6,0.000005,,,,,,,,
248700,611.8,0.000003,,,,,,,,
248800,612.1,0.000010,,,,,,,,
248900,612.3,0.000002,,,,,,,,
249000,612.5,0.000003,,,,,,,,
249100,612.7,0.000003,,,,,,,,
249200,613.0,0.000001,,,,,,,,
249300,613.2,0.000002,,,,,,,,
249400,613.4,0.000003,,,,,,,,
249500,613.6,0.000004,,,,,,,,
249600,613.9,0.000001,,,,,,,,
249700,614.1,0.000002,,,,,,,,
249800,614.3,0.000001,,,,,,,,
249900,614.5,0.000001,,,,,,,,
250000,615.8,0.000001,0.001502,9.816682e-02,9.440194e-03,8.156156e-03,0.000000,8.062101e-02,9.527837e-03,8.336337e-03
250100,616.0,0.000006,,,,,,,,
250200,616.2,0.000001,,,,,,,,
250300,616.4,0.000003,,,,,,,,
250400,616.6,0.000001,,,,,,,,
250500,616.8,0.000001,,,,,,,,
250600,617.0,0.000001,,,,,,,,
250700,617.2,0.000001,,,,,,,,
250800,617.4,0.000005,,,,,,,,
250900,617.7,0.000001,,,,,,,,
251000,617.9,0.000002,,,,,,,,
251100,618.1,0.000003,,,,,,,,
251200,618.3,0.000002,,,,,,,,
251300,618.6,0.000002,,,,,,,,
251400,618.8,0.000002,,,,,,,,
251500,619.0,0.000001,,,,,,,,
251600,619.3,0.000001,,,,,,,,
251700,619.5,0.000001,,,,,,,,
251800,619.7,0.000002,,,,,,,,
251900,620.0,0.000005,,,,,,,,
252000,620.2,0.000003,,,,,,,,
252100,620.4,0.000006,,,,,,,,
252200,620.6,0.000004,,,,,,,,
252300,620.9,0.000004,,,,,,,,
252400,621.1,0.000001,,,,,,,,
252500,621.3,0.000003,,,,,,,,
252600,621.6,0.000001,,,,,,,,
252700,621.8,0.000002,,,,,,,,
252800,622.0,0.000002,,,,,,,,
252900,622.3,0.000007,,,,,,,,
253000,622.5,0.000001,,,,,,,,
253100,622.7,0.000003,,,,,,,,
253200,623.0,0.000008,,,,,,,,
253300,623.2,0.000003,,,,,,,,
253400,623.4,0.000003,,,,,,,,
253500,623.7,0.000006,,,,,,,,
253600,623.9,0.000002,,,,,,,,
253700,624.1,0.000003,,,,,,,,
253800,624.3,0.000002,,,,,,,,
253900,624.6,0.000001,,,,,,,,
254000,624.8,0.000001,,,,,,,,
254100,625.0,0.000002,,,,,,,,
254200,625.2,0.000002,,,,,,,,
254300,625.5,0.000006,,,,,,,,
254400,625.7,0.000002,,,,,,,,
254500,625.9,0.000005,,,,,,,,
254600,626.2,0.000005,,,,,,,,
254700,626.4,0.000002,,,,,,,,
254800,626.6,0.000004,,,,,,,,
254900,626.8,0.000003,,,,,,,,
255000,628.1,0.000004,0.000923,1.130352e-01,5.800541e-03,4.456227e-03,0.000000,8.549763e-02,5.630049e-03,4.344049e-03
255100,628.3,0.000003,,,,,,,,
255200,628.5,0.000007,,,,,,,,
255300,628.7,0.000002,,,,,,,,
255400,628.9,0.000002,,,,,,,,
255500,629.1,0.000004,,,,,,,,
255600,629.3,0.000003,,,,,,,,
255700,629.5,0.000003,,,,,,,,
255800,629.8,0.000001,,,,,,,,
255900,630.0,0.000002,,,,,,,,
256000,630.2,0.000002,,,,,,,,
256100,630.4,0.000003,,,,,,,,
256200,630.7,0.000007,,,,,,,,
256300,630.9,0.000003,,,,,,,,
256400,631.1,0.000002,,,,,,,,
256500,631.4,0.000002,,,,,,,,
256600,631.6,0.000002,,,,,,,,
256700,631.8,0.000003,,,,,,,,
256800,632.0,0.000002,,,,,,,,
256900,632.3,0.000003,,,,,,,,
257000,632.5,0.000002,,,,,,,,
257100,632.8,0.000001,,,,,,,,
257200,633.0,0.000002,,,,,,,,
257300,633.2,0.000002,,,,,,,,
257400,633.5,0.000007,,,,,,,,
257500,633.7,0.000003,,,,,,,,
257600,633.9,0.000001,,,,,,,,
257700,634.1,0.000004,,,,,,,,
257800,634.4,0.000005,,,,,,,,
257900,634.6,0.000001,,,,,,,,
258000,634.8,0.000001,,,,,,,,
258100,635.0,0.000003,,,,,,,,
258200,635.3,0.000004,,,,,,,,
258300,635.5,0.000002,,,,,,,,
258400,635.7,0.000002,,,,,,,,
258500,636.0,0.000002,,,,,,,,
258600,636.2,0.000001,,,,,,,,
258700,636.4,0.000002,,,,,,,,
258800,636.6,0.000001,,,,,,,,
258900,636.9,0.000003,,,,,,,,
259000,637.1,0.000002,,,,,,,,
259100,637.3,0.000002,,,,,,,,
259200,637.5,0.000002,,,,,,,,
259300,637.8,0.000002,,,,,,,,
259400,638.0,0.000002,,,,,,,,
259500,638.2,0.000001,,,,,,,,
259600,638.4,0.000003,,,,,,,,
259700,638.7,0.000002,,,,,,,,
259800,638.9,0.000002,,,,,,,,
259900,639.1,0.000001,,,,,,,,
260000,640.4,0.000003,0.000887,8.731850e-02,5.573626e-03,4.070645e-03,0.000000,6.476516e-02,5.240222e-03,3.881548e-03
260100,640.6,0.000003,,,,,,,,
260200,640.8,0.000002,,,,,,,,
260300,641.0,0.000002,,,,,,,,
260400,641.2,0.000001,,,,,,,,
260500,641.4,0.000001,,,,,,,,
260600,641.7,0.000003,,,,,,,,
260700,641.9,0.000001,,,,,,,,
260800,642.1,0.000002,,,,,,,,
260900,642.3,0.000003,,,,,,,,
261000,642.5,0.000002,,,,,,,,
261100,642.8,0.000002,,,,,,,,
261200,643.0,0.000002,,,,,,,,
261300,643.3,0.000003,,,,,,,,
261400,643.5,0.000002,,,,,,,,
261500,643.7,0.000002,,,,,,,,
261600,643.9,0.000001,,,,,,,,
261700,644.1,0.000003,,,,,,,,
261800,644.4,0.000004,,,,,,,,
261900,644.6,0.000001,,,,,,,,
262000,644.8,0.000006,,,,,,,,
262100,645.0,0.000002,,,,,,,,
262200,645.2,0.000002,,,,,,,,
262300,645.5,0.000002,,,,,,,,
262400,645.7,0.000002,,,,,,,,
262500,645.9,0.000001,,,,,,,,
262600,646.2,0.000001,,,,,,,,
262700,646.4,0.000006,,,,,,,,
262800,646.6,0.000002,,,,,,,,
262900,646.8,0.000002,,,,,,,,
263000,647.1,0.000001,,,,,,,,
263100,647.3,0.000004,,,,,,,,
263200,647.5,0.000001,,,,,,,,
263300,647.8,0.000002,,,,,,,,
263400,648.0,0.000003,,,,,,,,
263500,648.2,0.000002,,,,,,,,
263600,648.4,0.000002,,,,,,,,
263700,648.7,0.000002,,,,,,,,
263800,648.9,0.000001,,,,,,,,
263900,649.1,0.000003,,,,,,,,
264000,649.3,0.000002,,,,,,,,
264100,649.6,0.000002,,,,,,,,
264200,649.8,0.000004,,,,,,,,
264300,650.0,0.000003,,,,,,,,
264400,650.2,0.000001,,,,,,,,
264500,650.5,0.000002,,,,,,,,
264600,650.7,0.000001,,,,,,,,
264700,650.9,0.000003,,,,,,,,
264800,651.2,0.000002,,,,,,,,
264900,651.4,0.000005,,,,,,,,
265000,652.7,0.000002,0.000905,1.226273e-01,5.684991e-03,4.544276e-03,0.000000,5.141934e-02,5.337592e-03,4.379026e-03
265100,652.9,0.000002,,,,,,,,
265200,653.1,0.000001,,,,,,,,
265300,653.3,0.000002,,,,,,,,
265400,653.5,0.000002,,,,,,,,
265500,653.7,0.000002,,,,,,,,
265600,653.9,0.000001,,,,,,,,
265700,654.1,0.000003,,,,,,,,
265800,654.3,0.000003,,,,,,,,
265900,654.6,0.000002,,,,,,,,
266000,654.8,0.000006,,,,,,,,
266100,655.0,0.000002,,,,,,,,
266200,655.2,0.000005,,,,,,,,
266300,655.5,0.000001,,,,,,,,
266400,655.7,0.000002,,,,,,,,
266500,655.9,0.000003,,,,,,,,
266600,656.1,0.000002,,,,,,,,
266700,656.4,0.000004,,,,,,,,
266800,656.6,0.000003,,,,,,,,
266900,656.8,0.000001,,,,,,,,
267000,657.1,0.000001,,,,,,,,
267100,657.3,0.000002,,,,,,,,
267200,657.5,0.000002,,,,,,,,
267300,657.8,0.000002,,,,,,,,
267400,658.0,0.000002,,,,,,,,
267500,658.2,0.000002,,,,,,,,
267600,658.4,0.000004,,,,,,,,
267700,658.7,0.000004,,,,,,,,
267800,658.9,0.000003,,,,,,,,
267900,659.1,0.000003,,,,,,,,
268000,659.4,0.000003,,,,,,,,
268100,659.6,0.000001,,,,,,,,
268200,659.8,0.000003,,,,,,,,
268300,660.1,0.000002,,,,,,,,
268400,660.3,0.000001,,,,,,,,
268500,660.5,0.000002,,,,,,,,
268600,660.7,0.000004,,,,,,,,
268700,661.0,0.000003,,,,,,,,
268800,661.2,0.000006,,,,,,,,
268900,661.5,0.000002,,,,,,,,
269000,661.7,0.000002,,,,,,,,
269100,661.9,0.000002,,,,,,,,
269200,662.1,0.000004,,,,,,,,
269300,662.4,0.000004,,,,,,,,
269400,662.6,0.000002,,,,,,,,
269500,662.8,0.000002,,,,,,,,
269600,663.1,0.000006,,,,,,,,
269700,663.3,0.000004,,,,,,,,
269800,663.5,0.000002,,,,,,,,
269900,663.7,0.000002,,,,,,,,
270000,665.0,0.000001,0.000992,1.073940e-01,6.234998e-03,4.933417e-03,0.000000,7.883067e-02,5.963890e-03,4.726118e-03
270100,665.2,0.000002,,,,,,,,
270200,665.4,0.000005,,,,,,,,
270300,665.6,0.000004,,,,,,,,
270400,665.8,0.000005,,,,,,,,
270500,666.0,0.000005,,,,,,,,
270600,666.3,0.000001,,,,,,,,
270700,666.5,0.000001,,,,,,,,
270800,666.7,0.000001,,,,,,,,
270900,666.9,0.000003,,,,,,,,
271000,667.2,0.000005,,,,,,,,
271100,667.4,0.000003,,,,,,,,
271200,667.6,0.000001,,,,,,,,
271300,667.9,0.000001,,,,,,,,
271400,668.1,0.000001,,,,,,,,
271500,668.4,0.000004,,,,,,,,
271600,668.6,0.000005,,,,,,,,
271700,668.8,0.000003,,,,,,,,
271800,669.1,0.000003,,,,,,,,
271900,669.3,0.000001,,,,,,,,
272000,669.5,0.000001,,,,,,,,
272100,669.8,0.000003,,,,,,,,
272200,670.0,0.000003,,,,,,,,
272300,670.2,0.000003,,,,,,,,
272400,670.4,0.000002,,,,,,,,
272500,670.7,0.000002,,,,,,,,
272600,670.9,0.000001,,,,,,,,
272700,671.1,0.000001,,,,,,,,
272800,671.4,0.000003,,,,,,,,
272900,671.6,0.000002,,,,,,,,
273000,671.8,0.000001,,,,,,,,
273100,672.0,0.000002,,,,,,,,
273200,672.3,0.000003,,,,,,,,
273300,672.5,0.000004,,,,,,,,
273400,672.7,0.000001,,,,,,,,
273500,672.9,0.000001,,,,,,,,
273600,673.2,0.000004,,,,,,,,
273700,673.4,0.000004,,,,,,,,
273800,673.6,0.000003,,,,,,,,
273900,673.9,0.000001,,,,,,,,
274000,674.1,0.000005,,,,,,,,
274100,674.3,0.000002,,,,,,,,
274200,674.6,0.000003,,,,,,,,
274300,674.8,0.000004,,,,,,,,
274400,675.0,0.000004,,,,,,,,
274500,675.3,0.000002,,,,,,,,
274600,675.5,0.000003,,,,,,,,
274700,675.7,0.000002,,,,,,,,
274800,675.9,0.000004,,,,,,,,
274900,676.2,0.000002,,,,,,,,
275000,677.4,0.000002,0.001108,8.433146e-02,6.963396e-03,6.360959e-03,0.000000,5.104484e-02,6.931881e-03,6.437235e-03
275100,677.6,0.000004,,,,,,,,
275200,677.8,0.000002,,,,,,,,
275300,678.0,0.000001,,,,,,,,
275400,678.2,0.000003,,,,,,,,
275500,678.4,0.000001,,,,,,,,
275600,678.7,0.000002,,,,,,,,
275700,678.9,0.000001,,,,,,,,
275800,679.1,0.000002,,,,,,,,
275900,679.3,0.000009,,,,,,,,
276000,679.6,0.000002,,,,,,,,
276100,679.8,0.000006,,,,,,,,
276200,680.0,0.000001,,,,,,,,
276300,680.3,0.000003,,,,,,,,
276400,680.5,0.000001,,,,,,,,
276500,680.7,0.000003,,,,,,,,
276600,680.9,0.000001,,,,,,,,
276700,681.2,0.000002,,,,,,,,
276800,681.4,0.000001,,,,,,,,
276900,681.7,0.000001,,,,,,,,
277000,681.9,0.000009,,,,,,,,
277100,682.1,0.000001,,,,,,,,
277200,682.4,0.000002,,,,,,,,
277300,682.6,0.000001,,,,,,,,
277400,682.8,0.000001,,,,,,,,
277500,683.0,0.000004,,,,,,,,
277600,683.3,0.000001,,,,,,,,
277700,683.5,0.000003,,,,,,,,
277800,683.7,0.000001,,,,,,,,
277900,683.9,0.000002,,,,,,,,
278000,684.2,0.000002,,,,,,,,
278100,684.4,0.000003,,,,,,,,
278200,684.6,0.000004,,,,,,,,
278300,684.8,0.000003,,,,,,,,
278400,685.1,0.000002,,,,,,,,
278500,685.3,0.000010,,,,,,,,
278600,685.5,0.000001,,,,,,,,
278700,685.8,0.000001,,,,,,,,
278800,686.0,0.000002,,,,,,,,
278900,686.2,0.000003,,,,,,,,
279000,686.5,0.000004,,,,,,,,
279100,686.7,0.000004,,,,,,,,
279200,686.9,0.000002,,,,,,,,
279300,687.2,0.000005,,,,,,,,
279400,687.4,0.000002,,,,,,,,
279500,687.6,0.000001,,,,,,,,
279600,687.9,0.000003,,,,,,,,
279700,688.1,0.000003,,,,,,,,
279800,688.3,0.000003,,,,,,,,
279900,688.5,0.000001,,,,,,,,
280000,689.8,0.000002,0.001183,1.049831e-01,7.429856e-03,6.559735e-03,0.000000,4.929270e-02,7.237653e-03,6.471511e-03
280100,690.0,0.000002,,,,,,,,
280200,690.2,0.000001,,,,,,,,
280300,690.4,0.000004,,,,,,,,
280400,690.6,0.000001,,,,,,,,
280500,690.8,0.000002,,,,,,,,
280600,691.0,0.000002,,,,,,,,
280700,691.2,0.000001,,,,,,,,
280800,691.4,0.000002,,,,,,,,
280900,691.6,0.000005,,,,,,,,
281000,691.8,0.000004,,,,,,,,
281100,692.1,0.000002,,,,,,,,
281200,692.3,0.000001,,,,,,,,
281300,692.5,0.000004,,,,,,,,
281400,692.7,0.000002,,,,,,,,
281500,693.0,0.000005,,,,,,,,
281600,693.2,0.000001,,,,,,,,
281700,693.4,0.000001,,,,,,,,
281800,693.7,0.000003,,,,,,,,
281900,693.9,0.000002,,,,,,,,
282000,694.1,0.000002,,,,,,,,
282100,694.3,0.000001,,,,,,,,
282200,694.6,0.000001,,,,,,,,
282300,694.8,0.000001,,,,,,,,
282400,695.0,0.000001,,,,,,,,
282500,695.2,0.000002,,,,,,,,
282600,695.5,0.000004,,,,,,,,
282700,695.7,0.000002,,,,,,,,
282800,695.9,0.000001,,,,,,,,
282900,696.2,0.000002,,,,,,,,
283000,696.4,0.000003,,,,,,,,
283100,696.6,0.000002,,,,,,,,
283200,696.8,0.000002,,,,,,,,
283300,697.1,0.000002,,,,,,,,
283400,697.3,0.000002,,,,,,,,
283500,697.5,0.000002,,,,,,,,
283600,697.8,0.000002,,,,,,,,
283700,698.0,0.000002,,,,,,,,
283800,698.3,0.000002,,,,,,,,
283900,698.5,0.000002,,,,,,,,
284000,698.7,0.000003,,,,,,,,
284100,699.0,0.000002,,,,,,,,
284200,699.2,0.000001,,,,,,,,
284300,699.4,0.000001,,,,,,,,
284400,699.6,0.000005,,,,,,,,
284500,699.8,0.000002,,,,,,,,
284600,700.0,0.000002,,,,,,,,
284700,700.3,0.000003,,,,,,,,
284800,700.5,0.000002,,,,,,,,
284900,700.7,0.000002,,,,,,,,
285000,702.0,0.000005,0.001074,1.116728e-01,6.745124e-03,5.252921e-03,0.000000,9.608889e-02,6.628312e-03,5.181465e-03
285100,702.2,0.000004,,,,,,,,
285200,702.4,0.000001,,,,,,,,
285300,702.6,0.000001,,,,,,,,
285400,702.8,0.000003,,,,,,,,
285500,703.0,0.000002,,,,,,,,
285600,703.2,0.000001,,,,,,,,
285700,703.4,0.000002,,,,,,,,
285800,703.6,0.000004,,,,,,,,
285900,703.9,0.000001,,,,,,,,
286000,704.1,0.000002,,,,,,,,
286100,704.3,0.000002,,,,,,,,
286200,704.5,0.000003,,,,,,,,
286300,704.8,0.000001,,,,,,,,
286400,705.0,0.000003,,,,,,,,
286500,705.2,0.000001,,,,,,,,
286600,705.5,0.000001,,,,,,,,
286700,705.7,0.000001,,,,,,,,
286800,705.9,0.000001,,,,,,,,
286900,706.2,0.000003,,,,,,,,
287000,706.4,0.000002,,,,,,,,
287100,706.6,0.000002,,,,,,,,
287200,706.9,0.000002,,,,,,,,
287300,707.1,0.000001,,,,,,,,
287400,707.3,0.000001,,,,,,,,
287500,707.6,0.000006,,,,,,,,
287600,707.8,0.000001,,,,,,,,
287700,708.0,0.000002,,,,,,,,
287800,708.3,0.000002,,,,,,,,
287900,708.5,0.000001,,,,,,,,
288000,708.7,0.000002,,,,,,,,
288100,709.0,0.000002,,,,,,,,
288200,709.2,0.000002,,,,,,,,
288300,709.4,0.000002,,,,,,,,
288400,709.6,0.000002,,,,,,,,
288500,709.9,0.000002,,,,,,,,
288600,710.1,0.000004,,,,,,,,
288700,710.3,0.000002,,,,,,,,
288800,710.5,0.000001,,,,,,,,
288900,710.8,0.000003,,,,,,,,
289000,711.0,0.000004,,,,,,,,
289100,711.2,0.000001,,,,,,,,
289200,711.5,0.000002,,,,,,,,
289300,711.7,0.000003,,,,,,,,
289400,711.9,0.000002,,,,,,,,
289500,712.1,0.000002,,,,,,,,
289600,712.4,0.000002,,,,,,,,
289700,712.6,0.000004,,,,,,,,
289800,712.8,0.000004,,,,,,,,
289900,713.1,0.000002,,,,,,,,
290000,714.3,0.000005,0.000970,1.505847e-01,6.091677e-03,4.490982e-03,0.000000,7.226325e-02,5.937836e-03,4.467149e-03
290100,714.5,0.000002,,,,,,,,
290200,714.7,0.000002,,,,,,,,
290300,714.9,0.000002,,,,,,,,
290400,715.1,0.000002,,,,,,,,
290500,715.4,0.000003,,,,,,,,
290600,715.6,0.000001,,,,,,,,
290700,715.8,0.000002,,,,,,,,
290800,716.0,0.000001,,,,,,,,
290900,716.3,0.000002,,,,,,,,
291000,716.5,0.000001,,,,,,,,
291100,716.7,0.000002,,,,,,,,
291200,716.9,0.000001,,,,,,,,
291300,717.2,0.000004,,,,,,,,
291400,717.4,0.000002,,,,,,,,
291500,717.6,0.000004,,,,,,,,
291600,717.9,0.000004,,,,,,,,
291700,718.1,0.000003,,,,,,,,
291800,718.3,0.000002,,,,,,,,
291900,718.6,0.000005,,,,,,,,
292000,718.8,0.000002,,,,,,,,
292100,719.0,0.000002,,,,,,,,
292200,719.2,0.000002,,,,,,,,
292300,719.5,0.000004,,,,,,,,
292400,719.7,0.000002,,,,,,,,
292500,719.9,0.000004,,,,,,,,
292600,720.2,0.000003,,,,,,,,
292700,720.4,0.000002,,,,,,,,
292800,720.6,0.000001,,,,,,,,
292900,720.8,0.000002,,,,,,,,
293000,721.1,0.000002,,,,,,,,
293100,721.3,0.000004,,,,,,,,
293200,721.5,0.000002,,,,,,,,
293300,721.8,0.000001,,,,,,,,
293400,722.0,0.000003,,,,,,,,
293500,722.2,0.000001,,,,,,,,
293600,722.4,0.000001,,,,,,,,
293700,722.7,0.000002,,,,,,,,
293800,722.9,0.000004,,,,,,,,
293900,723.1,0.000003,,,,,,,,
294000,723.3,0.000002,,,,,,,,
294100,723.6,0.000001,,,,,,,,
294200,723.8,0.000005,,,,,,,,
294300,724.0,0.000002,,,,,,,,
294400,724.2,0.000004,,,,,,,,
294500,724.5,0.000002,,,,,,,,
294600,724.7,0.000002,,,,,,,,
294700,724.9,0.000001,,,,,,,,
294800,725.2,0.000005,,,,,,,,
294900,725.4,0.000002,,,,,,,,
295000,726.6,0.000002,0.001026,9.297973e-02,6.447515e-03,5.220231e-03,0.000000,6.411911e-02,6.359422e-03,5.255290e-03
295100,726.8,0.000002,,,,,,,,
295200,727.0,0.000003,,,,,,,,
295300,727.2,0.000001,,,,,,,,
295400,727.4,0.000001,,,,,,,,
295500,727.7,0.000002,,,,,,,,
295600,727.9,0.000001,,,,,,,,
295700,728.1,0.000001,,,,,,,,
295800,728.3,0.000004,,,,,,,,
295900,728.6,0.000001,,,,,,,,
296000,728.8,0.000005,,,,,,,,
296100,729.0,0.000002,,,,,,,,
296200,729.3,0.000001,,,,,,,,
296300,729.5,0.000002,,,,,,,,
296400,729.7,0.000001,,,,,,,,
296500,729.9,0.000002,,,,,,,,
296600,730.2,0.000002,,,,,,,,
296700,730.4,0.000002,,,,,,,,
296800,730.6,0.000003,,,,,,,,
296900,730.9,0.000002,,,,,,,,
297000,731.1,0.000003,,,,,,,,
297100,731.3,0.000001,,,,,,,,
297200,731.5,0.000002,,,,,,,,
297300,731.8,0.000003,,,,,,,,
297400,732.0,0.000002,,,,,,,,
297500,732.2,0.000002,,,,,,,,
297600,732.5,0.000002,,,,,,,,
297700,732.7,0.000002,,,,,,,,
297800,732.9,0.000002,,,,,,,,
297900,733.1,0.000001,,,,,,,,
298000,733.4,0.000001,,,,,,,,
298100,733.6,0.000005,,,,,,,,
298200,733.8,0.000002,,,,,,,,
298300,734.1,0.000002,,,,,,,,
298400,734.3,0.000001,,,,,,,,
298500,734.6,0.000002,,,,,,,,
298600,734.8,0.000002,,,,,,,,
298700,735.1,0.000001,,,,,,,,
298800,735.3,0.000002,,,,,,,,
298900,735.5,0.000001,,,,,,,,
299000,735.8,0.000003,,,,,,,,
299100,736.0,0.000004,,,,,,,,
299200,736.2,0.000003,,,,,,,,
299300,736.4,0.000003,,,,,,,,
299400,736.7,0.000002,,,,,,,,
299500,736.9,0.000001,,,,,,,,
299600,737.1,0.000001,,,,,,,,
299700,737.4,0.000001,,,,,,,,
299800,737.6,0.000003,,,,,,,,
299900,737.8,0.000002,,,,,,,,
300000,739.1,0.000003,0.001524,9.220898e-02,9.572761e-03,8.038334e-03,0.000000,8.113075e-02,9.255974e-03,7.713050e-03
300100,739.3,0.000002,,,,,,,,
300200,739.5,0.000001,,,,,,,,
300300,739.7,0.000002,,,,,,,,
300400,739.9,0.000003,,,,,,,,
300500,740.1,0.000001,,,,,,,,
300600,740.3,0.000001,,,,,,,,
300700,740.5,0.000003,,,,,,,,
300800,740.7,0.000001,,,,,,,,
300900,741.0,0.000001,,,,,,,,
301000,741.2,0.000002,,,,,,,,
301100,741.4,0.000003,,,,,,,,
301200,741.7,0.000003,,,,,,,,
301300,741.9,0.000002,,,,,,,,
301400,742.1,0.000003,,,,,,,,
301500,742.3,0.000001,,,,,,,,
301600,742.6,0.000003,,,,,,,,
301700,742.8,0.000001,,,,,,,,
301800,743.0,0.000002,,,,,,,,
301900,743.3,0.000002,,,,,,,,
302000,743.5,0.000004,,,,,,,,
302100,743.8,0.000001,,,,,,,,
302200,744.0,0.000003,,,,,,,,
302300,744.2,0.000002,,,,,,,,
302400,744.5,0.000002,,,,,,,,
302500,744.7,0.000003,,,,,,,,
302600,745.0,0.000003,,,,,,,,
302700,745.2,0.000001,,,,,,,,
302800,745.5,0.000005,,,,,,,,
302900,745.7,0.000001,,,,,,,,
303000,745.9,0.000001,,,,,,,,
303100,746.2,0.000002,,,,,,,,
303200,746.4,0.000002,,,,,,,,
303300,746.6,0.000002,,,,,,,,
303400,746.8,0.000002,,,,,,,,
303500,747.1,0.000003,,,,,,,,
303600,747.3,0.000002,,,,,,,,
303700,747.5,0.000002,,,,,,,,
303800,747.7,0.000002,,,,,,,,
303900,748.0,0.000001,,,,,,,,
304000,748.2,0.000003,,,,,,,,
304100,748.4,0.000004,,,,,,,,
304200,748.7,0.000002,,,,,,,,
304300,748.9,0.000002,,,,,,,,
304400,749.2,0.000003,,,,,,,,
304500,749.4,0.000004,,,,,,,,
304600,749.6,0.000001,,,,,,,,
304700,749.8,0.000004,,,,,,,,
304800,750.0,0.000001,,,,,,,,
304900,750.3,0.000002,,,,,,,,
305000,751.5,0.000002,0.001434,1.597193e-01,9.007607e-03,8.107044e-03,0.000000,1.377480e-01,8.745286e-03,8.006408e-03
305100,751.7,0.000001,,,,,,,,
305200,751.9,0.000002,,,,,,,,
305300,752.1,0.000005,,,,,,,,
305400,752.3,0.000002,,,,,,,,
305500,752.5,0.000002,,,,,,,,
305600,752.8,0.000001,,,,,,,,
305700,753.0,0.000002,,,,,,,,
305800,753.2,0.000001,,,,,,,,
305900,753.4,0.000002,,,,,,,,
306000,753.6,0.000002,,,,,,,,
306100,753.9,0.000002,,,,,,,,
306200,754.1,0.000002,,,,,,,,
306300,754.3,0.000003,,,,,,,,
306400,754.6,0.000001,,,,,,,,
306500,754.8,0.000001,,,,,,,,
306600,755.0,0.000001,,,,,,,,
306700,755.2,0.000001,,,,,,,,
306800,755.5,0.000001,,,,,,,,
306900,755.7,0.000002,,,,,,,,
307000,755.9,0.000002,,,,,,,,
307100,756.1,0.000001,,,,,,,,
307200,756.4,0.000004,,,,,,,,
307300,756.6,0.000001,,,,,,,,
307400,756.8,0.000001,,,,,,,,
307500,757.0,0.000001,,,,,,,,
307600,757.2,0.000003,,,,,,,,
307700,757.5,0.000001,,,,,,,,
307800,757.7,0.000002,,,,,,,,
307900,757.9,0.000002,,,,,,,,
308000,758.2,0.000002,,,,,,,,
308100,758.4,0.000002,,,,,,,,
308200,758.6,0.000002,,,,,,,,
308300,758.9,0.000001,,,,,,,,
308400,759.1,0.000003,,,,,,,,
308500,759.3,0.000001,,,,,,,,
308600,759.5,0.000001,,,,,,,,
308700,759.8,0.000001,,,,,,,,
308800,760.0,0.000002,,,,,,,,
308900,760.2,0.000001,,,,,,,,
309000,760.4,0.000001,,,,,,,,
309100,760.7,0.000002,,,,,,,,
309200,760.9,0.000003,,,,,,,,
309300,761.1,0.000002,,,,,,,,
309400,761.4,0.000001,,,,,,,,
309500,761.6,0.000001,,,,,,,,
309600,761.8,0.000002,,,,,,,,
309700,762.0,0.000002,,,,,,,,
309800,762.3,0.000002,,,,,,,,
309900,762.5,0.000001,,,,,,,,
310000,763.7,0.000001,0.000957,1.478680e-01,6.012471e-03,4.498211e-03,0.000000,6.799198e-02,5.742671e-03,4.321429e-03
310100,763.9,0.000001,,,,,,,,
310200,764.1,0.000002,,,,,,,,
310300,764.3,0.000003,,,,,,,,
310400,764.6,0.000003,,,,,,,,
310500,764.8,0.000001,,,,,,,,
310600,765.0,0.000003,,,,,,,,
310700,765.2,0.000001,,,,,,,,
310800,765.4,0.000001,,,,,,,,
310900,765.6,0.000002,,,,,,,,
311000,765.9,0.000002,,,,,,,,
311100,766.1,0.000001,,,,,,,,
311200,766.3,0.000001,,,,,,,,
311300,766.6,0.000001,,,,,,,,
311400,766.8,0.000001,,,,,,,,
311500,767.0,0.000001,,,,,,,,
311600,767.3,0.000010,,,,,,,,
311700,767.5,0.000001,,,,,,,,
311800,767.7,0.000002,,,,,,,,
311900,768.0,0.000004,,,,,,,,
312000,768.2,0.000003,,,,,,,,
312100,768.4,0.000001,,,,,,,,
312200,768.7,0.000002,,,,,,,,
312300,768.9,0.000001,,,,,,,,
312400,769.1,0.000004,,,,,,,,
312500,769.3,0.000002,,,,,,,,
312600,769.6,0.000004,,,,,,,,
312700,769.8,0.000002,,,,,,,,
312800,770.0,0.000003,,,,,,,,
312900,770.2,0.000002,,,,,,,,
313000,770.5,0.000002,,,,,,,,
313100,770.7,0.000001,,,,,,,,
313200,770.9,0.000001,,,,,,,,
313300,771.2,0.000002,,,,,,,,
313400,771.4,0.000002,,,,,,,,
313500,771.6,0.000002,,,,,,,,
313600,771.9,0.000002,,,,,,,,
313700,772.1,0.000003,,,,,,,,
313800,772.3,0.000005,,,,,,,,
313900,772.5,0.000001,,,,,,,,
314000,772.8,0.000003,,,,,,,,
314100,773.0,0.000001,,,,,,,,
314200,773.2,0.000002,,,,,,,,
314300,773.4,0.000001,,,,,,,,
314400,773.7,0.000001,,,,,,,,
314500,773.9,0.000005,,,,,,,,
314600,774.1,0.000003,,,,,,,,
314700,774.4,0.000005,,,,,,,,
314800,774.6,0.000002,,,,,,,,
314900,774.8,0.000004,,,,,,,,
315000,776.1,0.000002,0.001384,1.059548e-01,8.694472e-03,8.227933e-03,0.000000,1.010170e-01,8.677834e-03,8.265077e-03
315100,776.3,0.000002,,,,,,,,
315200,776.5,0.000001,,,,,,,,
315300,776.7,0.000001,,,,,,,,
315400,776.9,0.000002,,,,,,,,
315500,777.1,0.000001,,,,,,,,
315600,777.3,0.000001,,,,,,,,
315700,777.6,0.000002,,,,,,,,
315800,777.8,0.000002,,,,,,,,
315900,778.0,0.000002,,,,,,,,
316000,778.3,0.000002,,,,,,,,
316100,778.5,0.000002,,,,,,,,
316200,778.7,0.000002,,,,,,,,
316300,779.0,0.000001,,,,,,,,
316400,779.2,0.000002,,,,,,,,
316500,779.4,0.000001,,,,,,,,
316600,779.6,0.000003,,,,,,,,
316700,779.9,0.000002,,,,,,,,
316800,780.1,0.000001,,,,,,,,
316900,780.4,0.000001,,,,,,,,
317000,780.6,0.000002,,,,,,,,
317100,780.8,0.000002,,,,,,,,
317200,781.0,0.000002,,,,,,,,
317300,781.3,0.000002,,,,,,,,
317400,781.5,0.000001,,,,,,,,
317500,781.7,0.000001,,,,,,,,
317600,781.9,0.000002,,,,,,,,
317700,782.2,0.000005,,,,,,,,
317800,782.4,0.000001,,,,,,,,
317900,782.6,0.000002,,,,,,,,
318000,782.9,0.000002,,,,,,,,
318100,783.1,0.000005,,,,,,,,
318200,783.3,0.000007,,,,,,,,
318300,783.6,0.000002,,,,,,,,
318400,783.8,0.000001,,,,,,,,
318500,784.0,0.000004,,,,,,,,
318600,784.2,0.000001,,,,,,,,
318700,784.4,0.000002,,,,,,,,
318800,784.7,0.000001,,,,,,,,
318900,784.9,0.000002,,,,,,,,
319000,785.1,0.000001,,,,,,,,
319100,785.3,0.000001,,,,,,,,
319200,785.6,0.000001,,,,,,,,
319300,785.8,0.000001,,,,,,,,
319400,786.0,0.000001,,,,,,,,
319500,786.3,0.000002,,,,,,,,
319600,786.5,0.000002,,,,,,,,
319700,786.7,0.000002,,,,,,,,
319800,786.9,0.000003,,,,,,,,
319900,787.1,0.000001,,,,,,,,
320000,788.4,0.000005,0.001226,9.491312e-02,7.703923e-03,5.626007e-03,0.000000,9.414936e-02,7.673577e-03,5.563615e-03
320100,788.6,0.000002,,,,,,,,
320200,788.8,0.000001,,,,,,,,
320300,789.0,0.000002,,,,,,,,
320400,789.2,0.000002,,,,,,,,
320500,789.4,0.000003,,,,,,,,
320600,789.6,0.000001,,,,,,,,
320700,789.8,0.000002,,,,,,,,
320800,790.0,0.000002,,,,,,,,
320900,790.3,0.000002,,,,,,,,
321000,790.5,0.000002,,,,,,,,
321100,790.7,0.000004,,,,,,,,
321200,791.0,0.000003,,,,,,,,
321300,791.2,0.000002,,,,,,,,
321400,791.4,0.000002,,,,,,,,
321500,791.7,0.000002,,,,,,,,
321600,791.9,0.000002,,,,,,,,
321700,792.1,0.000002,,,,,,,,
321800,792.4,0.000003,,,,,,,,
321900,792.6,0.000002,,,,,,,,
322000,792.8,0.000002,,,,,,,,
322100,793.0,0.000001,,,,,,,,
322200,793.3,0.000002,,,,,,,,
322300,793.5,0.000002,,,,,,,,
322400,793.7,0.000003,,,,,,,,
322500,794.0,0.000001,,,,,,,,
322600,794.2,0.000001,,,,,,,,
322700,794.4,0.000001,,,,,,,,
322800,794.7,0.000001,,,,,,,,
322900,794.9,0.000001,,,,,,,,
323000,795.1,0.000003,,,,,,,,
323100,795.4,0.000001,,,,,,,,
323200,795.6,0.000004,,,,,,,,
323300,795.8,0.000005,,,,,,,,
323400,796.0,0.000001,,,,,,,,
323500,796.3,0.000002,,,,,,,,
323600,796.5,0.000003,,,,,,,,
323700,796.7,0.000001,,,,,,,,
323800,797.0,0.000003,,,,,,,,
323900,797.2,0.000001,,,,,,,,
324000,797.4,0.000001,,,,,,,,
324100,797.6,0.000001,,,,,,,,
324200,797.9,0.000002,,,,,,,,
324300,798.1,0.000002,,,,,,,,
324400,798.3,0.000001,,,,,,,,
324500,798.6,0.000001,,,,,,,,
324600,798.8,0.000002,,,,,,,,
324700,799.0,0.000002,,,,,,,,
324800,799.3,0.000001,,,,,,,,
324900,799.5,0.000003,,,,,,,,
325000,800.7,0.000003,0.000930,1.123064e-01,5.840264e-03,4.489436e-03,0.000000,8.707913e-02,5.593750e-03,4.317388e-03
325100,801.0,0.000004,,,,,,,,
325200,801.1,0.000002,,,,,,,,
325300,801.3,0.000002,,,,,,,,
325400,801.5,0.000002,,,,,,,,
325500,801.8,0.000001,,,,,,,,
325600,802.0,0.000001,,,,,,,,
325700,802.2,0.000004,,,,,,,,
325800,802.4,0.000003,,,,,,,,
325900,802.7,0.000002,,,,,,,,
326000,802.9,0.000002,,,,,,,,
326100,803.1,0.000001,,,,,,,,
326200,803.4,0.000001,,,,,,,,
326300,803.6,0.000001,,,,,,,,
326400,803.8,0.000002,,,,,,,,
326500,804.1,0.000002,,,,,,,,
326600,804.3,0.000002,,,,,,,,
326700,804.5,0.000002,,,,,,,,
326800,804.8,0.000001,,,,,,,,
326900,805.0,0.000003,,,,,,,,
327000,805.2,0.000001,,,,,,,,
327100,805.5,0.000001,,,,,,,,
327200,805.7,0.000003,,,,,,,,
327300,805.9,0.000002,,,,,,,,
327400,806.1,0.000001,,,,,,,,
327500,806.4,0.000001,,,,,,,,
327600,806.6,0.000001,,,,,,,,
327700,806.8,0.000002,,,,,,,,
327800,807.0,0.000002,,,,,,,,
327900,807.3,0.000001,,,,,,,,
328000,807.5,0.000001,,,,,,,,
328100,807.7,0.000002,,,,,,,,
328200,808.0,0.000002,,,,,,,,
328300,808.2,0.000001,,,,,,,,
328400,808.4,0.000001,,,,,,,,
328500,808.7,0.000001,,,,,,,,
328600,808.9,0.000003,,,,,,,,
328700,809.2,0.000002,,,,,,,,
328800,809.4,0.000002,,,,,,,,
328900,809.6,0.000002,,,,,,,,
329000,809.9,0.000002,,,,,,,,
329100,810.1,0.000002,,,,,,,,
329200,810.3,0.000001,,,,,,,,
329300,810.6,0.000002,,,,,,,,
329400,810.8,0.000002,,,,,,,,
329500,811.0,0.000002,,,,,,,,
329600,811.3,0.000002,,,,,,,,
329700,811.5,0.000001,,,,,,,,
329800,811.8,0.000001,,,,,,,,
329900,812.0,0.000002,,,,,,,,
330000,813.2,0.000001,0.000761,7.920778e-02,4.782330e-03,3.686025e-03,0.000000,7.829739e-02,4.685561e-03,3.647204e-03
330100,813.4,0.000001,,,,,,,,
330200,813.6,0.000002,,,,,,,,
330300,813.8,0.000005,,,,,,,,
330400,814.0,0.000002,,,,,,,,
330500,814.2,0.000002,,,,,,,,
330600,814.4,0.000001,,,,,,,,
330700,814.6,0.000002,,,,,,,,
330800,814.8,0.000002,,,,,,,,
330900,815.1,0.000001,,,,,,,,
331000,815.3,0.000002,,,,,,,,
331100,815.5,0.000002,,,,,,,,
331200,815.8,0.000002,,,,,,,,
331300,816.0,0.000001,,,,,,,,
331400,816.2,0.000003,,,,,,,,
331500,816.4,0.000001,,,,,,,,
331600,816.6,0.000003,,,,,,,,
331700,816.8,0.000002,,,,,,,,
331800,817.1,0.000002,,,,,,,,
331900,817.3,0.000001,,,,,,,,
332000,817.5,0.000002,,,,,,,,
332100,817.7,0.000003,,,,,,,,
332200,818.0,0.000004,,,,,,,,
332300,818.2,0.000002,,,,,,,,
332400,818.4,0.000003,,,,,,,,
332500,818.6,0.000002,,,,,,,,
332600,818.8,0.000001,,,,,,,,
332700,819.1,0.000003,,,,,,,,
332800,819.3,0.000001,,,,,,,,
332900,819.5,0.000004,,,,,,,,
333000,819.7,0.000001,,,,,,,,
333100,819.9,0.000003,,,,,,,,
333200,820.2,0.000001,,,,,,,,
333300,820.4,0.000002,,,,,,,,
333400,820.6,0.000003,,,,,,,,
333500,820.9,0.000003,,,,,,,,
333600,821.1,0.000003,,,,,,,,
333700,821.3,0.000001,,,,,,,,
333800,821.6,0.000002,,,,,,,,
333900,821.8,0.000004,,,,,,,,
334000,822.0,0.000001,,,,,,,,
334100,822.2,0.000004,,,,,,,,
334200,822.5,0.000001,,,,,,,,
334300,822.7,0.000001,,,,,,,,
334400,822.9,0.000002,,,,,,,,
334500,823.2,0.000001,,,,,,,,
334600,823.4,0.000001,,,,,,,,
334700,823.6,0.000003,,,,,,,,
334800,823.9,0.000001,,,,,,,,
334900,824.1,0.000001,,,,,,,,
335000,825.4,0.000003,0.001071,1.204444e-01,6.727963e-03,4.625453e-03,0.000000,9.024676e-02,6.613759e-03,4.571316e-03
335100,825.6,0.000001,,,,,,,,
335200,825.8,0.000001,,,,,,,,
335300,826.0,0.000002,,,,,,,,
335400,826.2,0.000002,,,,,,,,
335500,826.4,0.000002,,,,,,,,
335600,826.6,0.000002,,,,,,,,
335700,826.9,0.000002,,,,,,,,
335800,827.1,0.000002,,,,,,,,
335900,827.3,0.000001,,,,,,,,
336000,827.5,0.000002,,,,,,,,
336100,827.8,0.000001,,,,,,,,
336200,828.0,0.000003,,,,,,,,
336300,828.2,0.000001,,,,,,,,
336400,828.4,0.000002,,,,,,,,
336500,828.6,0.000002,,,,,,,,
336600,828.9,0.000002,,,,,,,,
336700,829.1,0.000003,,,,,,,,
336800,829.3,0.000001,,,,,,,,
336900,829.6,0.000001,,,,,,,,
337000,829.8,0.000002,,,,,,,,
337100,830.0,0.000001,,,,,,,,
337200,830.3,0.000001,,,,,,,,
337300,830.5,0.000003,,,,,,,,
337400,830.7,0.000001,,,,,,,,
337500,830.9,0.000001,,,,,,,,
337600,831.2,0.000001,,,,,,,,
337700,831.4,0.000002,,,,,,,,
337800,831.6,0.000001,,,,,,,,
337900,831.9,0.000001,,,,,,,,
338000,832.1,0.000002,,,,,,,,
338100,832.3,0.000001,,,,,,,,
338200,832.6,0.000002,,,,,,,,
338300,832.8,0.000003,,,,,,,,
338400,833.0,0.000002,,,,,,,,
338500,833.2,0.000002,,,,,,,,
338600,833.5,0.000002,,,,,,,,
338700,833.7,0.000001,,,,,,,,
338800,833.9,0.000001,,,,,,,,
338900,834.2,0.000001,,,,,,,,
339000,834.4,0.000002,,,,,,,,
339100,834.6,0.000002,,,,,,,,
339200,834.9,0.000002,,,,,,,,
339300,835.1,0.000002,,,,,,,,
339400,835.3,0.000002,,,,,,,,
339500,835.6,0.000003,,,,,,,,
339600,835.8,0.000003,,,,,,,,
339700,836.0,0.000002,,,,,,,,
339800,836.2,0.000001,,,,,,,,
339900,836.5,0.000001,,,,,,,,
340000,837.7,0.000001,0.000740,1.051197e-01,4.649321e-03,3.499166e-03,0.000000,9.004641e-02,4.498903e-03,3.424689e-03
340100,837.9,0.000002,,,,,,,,
340200,838.1,0.000001,,,,,,,,
340300,838.3,0.000002,,,,,,,,
340400,838.5,0.000001,,,,,,,,
340500,838.7,0.000004,,,,,,,,
340600,838.9,0.000002,,,,,,,,
340700,839.1,0.000004,,,,,,,,
340800,839.4,0.000001,,,,,,,,
340900,839.6,0.000002,,,,,,,,
341000,839.8,0.000002,,,,,,,,
341100,840.1,0.000003,,,,,,,,
341200,840.3,0.000002,,,,,,,,
341300,840.5,0.000001,,,,,,,,
341400,840.7,0.000002,,,,,,,,
341500,841.0,0.000001,,,,,,,,
341600,841.2,0.000002,,,,,,,,
341700,841.4,0.000001,,,,,,,,
341800,841.6,0.000002,,,,,,,,
341900,841.9,0.000001,,,,,,,,
342000,842.1,0.000002,,,,,,,,
342100,842.3,0.000001,,,,,,,,
342200,842.6,0.000001,,,,,,,,
342300,842.8,0.000001,,,,,,,,
342400,843.0,0.000003,,,,,,,,
342500,843.3,0.000002,,,,,,,,
342600,843.5,0.000003,,,,,,,,
342700,843.8,0.000002,,,,,,,,
342800,844.0,0.000002,,,,,,,,
342900,844.2,0.000001,,,,,,,,
343000,844.4,0.000002,,,,,,,,
343100,844.7,0.000002,,,,,,,,
343200,844.9,0.000003,,,,,,,,
343300,845.1,0.000001,,,,,,,,
343400,845.3,0.000001,,,,,,,,
343500,845.6,0.000001,,,,,,,,
343600,845.8,0.000002,,,,,,,,
343700,846.0,0.000002,,,,,,,,
343800,846.3,0.000001,,,,,,,,
343900,846.5,0.000001,,,,,,,,
344000,846.7,0.000002,,,,,,,,
344100,847.0,0.000002,,,,,,,,
344200,847.2,0.000001,,,,,,,,
344300,847.4,0.000002,,,,,,,,
344400,847.6,0.000003,,,,,,,,
344500,847.9,0.000002,,,,,,,,
344600,848.1,0.000001,,,,,,,,
344700,848.3,0.000001,,,,,,,,
344800,848.6,0.000001,,,,,,,,
344900,848.8,0.000001,,,,,,,,
345000,850.1,0.000001,0.000795,9.570099e-02,4.995950e-03,3.817636e-03,0.000000,9.570099e-02,4.804735e-03,3.731630e-03
345100,850.3,0.000001,,,,,,,,
345200,850.5,0.000001,,,,,,,,
345300,850.7,0.000002,,,,,,,,
345400,850.9,0.000002,,,,,,,,
345500,851.1,0.000002,,,,,,,,
345600,851.3,0.000001,,,,,,,,
345700,851.5,0.000002,,,,,,,,
345800,851.7,0.000001,,,,,,,,
345900,851.9,0.000001,,,,,,,,
346000,852.1,0.000002,,,,,,,,
346100,852.3,0.000001,,,,,,,,
346200,852.6,0.000002,,,,,,,,
346300,852.8,0.000008,,,,,,,,
346400,853.0,0.000001,,,,,,,,
346500,853.2,0.000004,,,,,,,,
346600,853.5,0.000001,,,,,,,,
346700,853.7,0.000002,,,,,,,,
346800,853.9,0.000001,,,,,,,,
346900,854.2,0.000002,,,,,,,,
347000,854.4,0.000001,,,,,,,,
347100,854.6,0.000001,,,,,,,,
347200,854.8,0.000003,,,,,,,,
347300,855.1,0.000002,,,,,,,,
347400,855.3,0.000001,,,,,,,,
347500,855.5,0.000001,,,,,,,,
347600,855.7,0.000001,,,,,,,,
347700,856.0,0.000002,,,,,,,,
347800,856.2,0.000002,,,,,,,,
347900,856.4,0.000003,,,,,,,,
348000,856.7,0.000005,,,,,,,,
348100,856.9,0.000002,,,,,,,,
348200,857.1,0.000001,,,,,,,,
348300,857.3,0.000001,,,,,,,,
348400,857.6,0.000002,,,,,,,,
348500,857.8,0.000002,,,,,,,,
348600,858.0,0.000002,,,,,,,,
348700,858.2,0.000001,,,,,,,,
348800,858.5,0.000001,,,,,,,,
348900,858.7,0.000004,,,,,,,,
349000,858.9,0.000001,,,,,,,,
349100,859.2,0.000003,,,,,,,,
349200,859.4,0.000001,,,,,,,,
349300,859.6,0.000001,,,,,,,,
349400,859.8,0.000002,,,,,,,,
349500,860.1,0.000003,,,,,,,,
349600,860.3,0.000003,,,,,,,,
349700,860.5,0.000001,,,,,,,,
349800,860.8,0.000004,,,,,,,,
349900,861.0,0.000003,,,,,,,,
350000,862.2,0.000003,0.001078,8.862714e-02,6.775401e-03,6.263011e-03,0.000000,8.228303e-02,6.659363e-03,6.202619e-03
350100,862.5,0.000001,,,,,,,,
350200,862.7,0.000001,,,,,,,,
350300,862.9,0.000003,,,,,,,,
350400,863.1,0.000004,,,,,,,,
350500,863.3,0.000001,,,,,,,,
350600,863.5,0.000001,,,,,,,,
350700,863.6,0.000002,,,,,,,,
350800,863.8,0.000001,,,,,,,,
350900,864.1,0.000001,,,,,,,,
351000,864.3,0.000001,,,,,,,,
351100,864.5,0.000001,,,,,,,,
351200,864.7,0.000003,,,,,,,,
351300,864.9,0.000002,,,,,,,,
351400,865.1,0.000001,,,,,,,,
351500,865.3,0.000002,,,,,,,,
351600,865.6,0.000001,,,,,,,,
351700,865.8,0.000001,,,,,,,,
351800,866.0,0.000001,,,,,,,,
351900,866.2,0.000003,,,,,,,,
352000,866.5,0.000001,,,,,,,,
352100,866.7,0.000007,,,,,,,,
352200,866.9,0.000001,,,,,,,,
352300,867.2,0.000002,,,,,,,,
352400,867.4,0.000002,,,,,,,,
352500,867.6,0.000003,,,,,,,,
352600,867.9,0.000004,,,,,,,,
352700,868.1,0.000002,,,,,,,,
352800,868.3,0.000001,,,,,,,,
352900,868.6,0.000002,,,,,,,,
353000,868.8,0.000001,,,,,,,,
353100,869.0,0.000001,,,,,,,,
353200,869.2,0.000001,,,,,,,,
353300,869.5,0.000005,,,,,,,,
353400,869.7,0.000001,,,,,,,,
353500,869.9,0.000001,,,,,,,,
353600,870.2,0.000002,,,,,,,,
353700,870.4,0.000001,,,,,,,,
353800,870.6,0.000001,,,,,,,,
353900,870.8,0.000002,,,,,,,,
354000,871.1,0.000001,,,,,,,,
354100,871.3,0.000002,,,,,,,,
354200,871.5,0.000004,,,,,,,,
354300,871.7,0.000003,,,,,,,,
354400,872.0,0.000001,,,,,,,,
354500,872.2,0.000001,,,,,,,,
354600,872.4,0.000001,,,,,,,,
354700,872.6,0.000002,,,,,,,,
354800,872.9,0.000001,,,,,,,,
354900,873.1,0.000001,,,,,,,,
355000,874.4,0.000002,0.000963,9.078651e-02,6.048019e-03,5.225407e-03,0.000000,7.530762e-02,6.082522e-03,5.388124e-03
355100,874.6,0.000001,,,,,,,,
355200,874.8,0.000002,,,,,,,,
355300,875.0,0.000002,,,,,,,,
355400,875.2,0.000003,,,,,,,,
355500,875.4,0.000001,,,,,,,,
355600,875.6,0.000002,,,,,,,,
355700,875.8,0.000003,,,,,,,,
355800,876.0,0.000002,,,,,,,,
355900,876.2,0.000004,,,,,,,,
356000,876.5,0.000002,,,,,,,,
356100,876.7,0.000001,,,,,,,,
356200,876.9,0.000004,,,,,,,,
356300,877.1,0.000002,,,,,,,,
356400,877.4,0.000001,,,,,,,,
356500,877.6,0.000003,,,,,,,,
356600,877.8,0.000002,,,,,,,,
356700,878.1,0.000002,,,,,,,,
356800,878.3,0.000002,,,,,,,,
356900,878.5,0.000002,,,,,,,,
357000,878.7,0.000008,,,,,,,,
357100,879.0,0.000001,,,,,,,,
357200,879.2,0.000002,,,,,,,,
357300,879.4,0.000001,,,,,,,,
357400,879.7,0.000001,,,,,,,,
357500,879.9,0.000002,,,,,,,,
357600,880.1,0.000005,,,,,,,,
357700,880.3,0.000002,,,,,,,,
357800,880.6,0.000002,,,,,,,,
357900,880.8,0.000001,,,,,,,,
358000,881.0,0.000002,,,,,,,,
358100,881.3,0.000001,,,,,,,,
358200,881.5,0.000002,,,,,,,,
358300,881.7,0.000002,,,,,,,,
358400,882.0,0.000002,,,,,,,,
358500,882.2,0.000001,,,,,,,,
358600,882.4,0.000001,,,,,,,,
358700,882.6,0.000001,,,,,,,,
358800,882.8,0.000001,,,,,,,,
358900,883.1,0.000002,,,,,,,,
359000,883.3,0.000003,,,,,,,,
359100,883.5,0.000001,,,,,,,,
359200,883.8,0.000001,,,,,,,,
359300,884.0,0.000001,,,,,,,,
359400,884.2,0.000001,,,,,,,,
359500,884.5,0.000001,,,,,,,,
359600,884.7,0.000001,,,,,,,,
359700,884.9,0.000001,,,,,,,,
359800,885.2,0.000002,,,,,,,,
359900,885.4,0.000001,,,,,,,,
360000,886.6,0.000002,0.001066,9.978319e-02,6.700312e-03,5.197452e-03,0.000000,9.978319e-02,6.443071e-03,4.983529e-03
360100,886.8,0.000002,,,,,,,,
360200,887.0,0.000001,,,,,,,,
360300,887.2,0.000003,,,,,,,,
360400,887.5,0.000003,,,,,,,,
360500,887.7,0.000002,,,,,,,,
360600,887.9,0.000002,,,,,,,,
360700,888.1,0.000002,,,,,,,,
360800,888.3,0.000002,,,,,,,,
360900,888.6,0.000001,,,,,,,,
361000,888.8,0.000002,,,,,,,,
361100,889.0,0.000001,,,,,,,,
361200,889.2,0.000002,,,,,,,,
361300,889.5,0.000002,,,,,,,,
361400,889.7,0.000001,,,,,,,,
361500,889.9,0.000003,,,,,,,,
361600,890.2,0.000003,,,,,,,,
361700,890.4,0.000001,,,,,,,,
361800,890.6,0.000002,,,,,,,,
361900,890.9,0.000002,,,,,,,,
362000,891.1,0.000001,,,,,,,,
362100,891.3,0.000002,,,,,,,,
362200,891.6,0.000002,,,,,,,,
362300,891.8,0.000002,,,,,,,,
362400,892.0,0.000001,,,,,,,,
362500,892.3,0.000001,,,,,,,,
362600,892.5,0.000001,,,,,,,,
362700,892.7,0.000002,,,,,,,,
362800,892.9,0.000001,,,,,,,,
362900,893.2,0.000002,,,,,,,,
363000,893.4,0.000002,,,,,,,,
363100,893.6,0.000001,,,,,,,,
363200,893.8,0.000001,,,,,,,,
363300,894.1,0.000002,,,,,,,,
363400,894.3,0.000001,,,,,,,,
363500,894.5,0.000001,,,,,,,,
363600,894.8,0.000001,,,,,,,,
363700,895.0,0.000001,,,,,,,,
363800,895.2,0.000001,,,,,,,,
363900,895.5,0.000001,,,,,,,,
364000,895.7,0.000002,,,,,,,,
364100,895.9,0.000002,,,,,,,,
364200,896.2,0.000002,,,,,,,,
364300,896.4,0.000001,,,,,,,,
364400,896.6,0.000002,,,,,,,,
364500,896.8,0.000001,,,,,,,,
364600,897.0,0.000001,,,,,,,,
364700,897.2,0.000004,,,,,,,,
364800,897.5,0.000001,,,,,,,,
364900,897.7,0.000001,,,,,,,,
365000,898.9,0.000003,0.000645,9.009839e-02,4.052743e-03,2.896164e-03,0.000000,9.009839e-02,3.862611e-03,2.773810e-03
365100,899.2,0.000002,,,,,,,,
365200,899.4,0.000002,,,,,,,,
365300,899.6,0.000001,,,,,,,,
365400,899.8,0.000002,,,,,,,,
365500,900.0,0.000001,,,,,,,,
365600,900.2,0.000002,,,,,,,,
365700,900.4,0.000002,,,,,,,,
365800,900.6,0.000003,,,,,,,,
365900,900.8,0.000003,,,,,,,,
366000,901.1,0.000002,,,,,,,,
366100,901.3,0.000005,,,,,,,,
366200,901.5,0.000001,,,,,,,,
366300,901.7,0.000001,,,,,,,,
366400,902.0,0.000001,,,,,,,,
366500,902.2,0.000001,,,,,,,,
366600,902.4,0.000001,,,,,,,,
366700,902.7,0.000001,,,,,,,,
366800,902.9,0.000002,,,,,,,,
366900,903.1,0.000001,,,,,,,,
367000,903.4,0.000001,,,,,,,,
367100,903.6,0.000001,,,,,,,,
367200,903.8,0.000001,,,,,,,,
367300,904.1,0.000006,,,,,,,,
367400,904.3,0.000001,,,,,,,,
367500,904.5,0.000002,,,,,,,,
367600,904.7,0.000003,,,,,,,,
367700,905.0,0.000001,,,,,,,,
367800,905.2,0.000002,,,,,,,,
367900,905.4,0.000002,,,,,,,,
368000,905.6,0.000001,,,,,,,,
368100,905.9,0.000001,,,,,,,,
368200,906.1,0.000001,,,,,,,,
368300,906.3,0.000001,,,,,,,,
368400,906.5,0.000001,,,,,,,,
368500,906.7,0.000002,,,,,,,,
368600,907.0,0.000002,,,,,,,,
368700,907.2,0.000007,,,,,,,,
368800,907.4,0.000001,,,,,,,,
368900,907.6,0.000001,,,,,,,,
369000,907.9,0.000004,,,,,,,,
369100,908.1,0.000002,,,,,,,,
369200,908.3,0.000001,,,,,,,,
369300,908.6,0.000001,,,,,,,,
369400,908.8,0.000003,,,,,,,,
369500,909.0,0.000003,,,,,,,,
369600,909.2,0.000003,,,,,,,,
369700,909.5,0.000002,,,,,,,,
369800,909.7,0.000001,,,,,,,,
369900,910.0,0.000003,,,,,,,,
370000,911.2,0.000002,0.001403,1.123596e-01,8.817879e-03,8.070411e-03,0.000000,8.893927e-02,8.792976e-03,8.121279e-03
370100,911.4,0.000002,,,,,,,,
370200,911.6,0.000001,,,,,,,,
370300,911.8,0.000003,,,,,,,,
370400,912.0,0.000006,,,,,,,,
370500,912.2,0.000001,,,,,,,,
370600,912.4,0.000001,,,,,,,,
370700,912.7,0.000001,,,,,,,,
370800,912.9,0.000002,,,,,,,,
370900,913.1,0.000002,,,,,,,,
371000,913.3,0.000001,,,,,,,,
371100,913.6,0.000003,,,,,,,,
371200,913.8,0.000001,,,,,,,,
371300,914.0,0.000001,,,,,,,,
371400,914.3,0.000002,,,,,,,,
371500,914.5,0.000002,,,,,,,,
371600,914.7,0.000001,,,,,,,,
371700,915.0,0.000001,,,,,,,,
371800,915.2,0.000002,,,,,,,,
371900,915.4,0.000001,,,,,,,,
372000,915.7,0.000001,,,,,,,,
372100,915.9,0.000001,,,,,,,,
372200,916.1,0.000001,,,,,,,,
372300,916.3,0.000001,,,,,,,,
372400,916.6,0.000001,,,,,,,,
372500,916.8,0.000001,,,,,,,,
372600,917.0,0.000001,,,,,,,,
372700,917.2,0.000002,,,,,,,,
372800,917.5,0.000001,,,,,,,,
372900,917.7,0.000001,,,,,,,,
373000,917.9,0.000001,,,,,,,,
373100,918.2,0.000002,,,,,,,,
373200,918.4,0.000002,,,,,,,,
373300,918.6,0.000002,,,,,,,,
373400,918.8,0.000001,,,,,,,,
373500,919.1,0.000002,,,,,,,,
373600,919.3,0.000001,,,,,,,,
373700,919.5,0.000002,,,,,,,,
373800,919.8,0.000001,,,,,,,,
373900,920.0,0.000001,,,,,,,,
374000,920.2,0.000001,,,,,,,,
374100,920.5,0.000001,,,,,,,,
374200,920.7,0.000001,,,,,,,,
374300,920.9,0.000002,,,,,,,,
374400,921.1,0.000001,,,,,,,,
374500,921.4,0.000002,,,,,,,,
374600,921.6,0.000002,,,,,,,,
374700,921.8,0.000001,,,,,,,,
374800,922.1,0.000002,,,,,,,,
374900,922.3,0.000002,,,,,,,,
375000,923.6,0.000002,0.000721,8.230568e-02,4.533075e-03,3.561649e-03,0.000000,8.230568e-02,4.446604e-03,3.564252e-03
375100,923.8,0.000001,,,,,,,,
375200,924.0,0.000003,,,,,,,,
375300,924.2,0.000001,,,,,,,,
375400,924.4,0.000004,,,,,,,,
375500,924.6,0.000002,,,,,,,,
375600,924.8,0.000002,,,,,,,,
375700,925.0,0.000001,,,,,,,,
375800,925.3,0.000001,,,,,,,,
375900,925.5,0.000003,,,,,,,,
376000,925.7,0.000003,,,,,,,,
376100,926.0,0.000005,,,,,,,,
376200,926.2,0.000002,,,,,,,,
376300,926.4,0.000001,,,,,,,,
376400,926.7,0.000001,,,,,,,,
376500,926.9,0.000003,,,,,,,,
376600,927.1,0.000002,,,,,,,,
376700,927.4,0.000001,,,,,,,,
376800,927.6,0.000001,,,,,,,,
376900,927.8,0.000001,,,,,,,,
377000,928.1,0.000003,,,,,,,,
377100,928.3,0.000001,,,,,,,,
377200,928.5,0.000001,,,,,,,,
377300,928.8,0.000002,,,,,,,,
377400,929.0,0.000001,,,,,,,,
377500,929.2,0.000003,,,,,,,,
377600,929.5,0.000002,,,,,,,,
377700,929.7,0.000002,,,,,,,,
377800,929.9,0.000001,,,,,,,,
377900,930.1,0.000003,,,,,,,,
378000,930.4,0.000001,,,,,,,,
378100,930.6,0.000002,,,,,,,,
378200,930.8,0.000002,,,,,,,,
378300,931.0,0.000001,,,,,,,,
378400,931.2,0.000002,,,,,,,,
378500,931.5,0.000001,,,,,,,,
378600,931.7,0.000001,,,,,,,,
378700,931.9,0.000002,,,,,,,,
378800,932.2,0.000003,,,,,,,,
378900,932.4,0.000001,,,,,,,,
379000,932.6,0.000002,,,,,,,,
379100,932.8,0.000002,,,,,,,,
379200,933.0,0.000002,,,,,,,,
379300,933.3,0.000001,,,,,,,,
379400,933.5,0.000001,,,,,,,,
379500,933.7,0.000002,,,,,,,,
379600,933.9,0.000001,,,,,,,,
379700,934.2,0.000001,,,,,,,,
379800,934.4,0.000001,,,,,,,,
379900,934.6,0.000001,,,,,,,,
380000,935.9,0.000005,0.000796,8.581072e-02,5.003104e-03,3.664594e-03,0.000000,8.566118e-02,4.828136e-03,3.535890e-03
380100,936.1,0.000001,,,,,,,,
380200,936.3,0.000001,,,,,,,,
380300,936.5,0.000001,,,,,,,,
380400,936.7,0.000002,,,,,,,,
380500,936.9,0.000001,,,,,,,,
380600,937.1,0.000001,,,,,,,,
380700,937.3,0.000002,,,,,,,,
380800,937.6,0.000001,,,,,,,,
380900,937.8,0.000001,,,,,,,,
381000,938.0,0.000001,,,,,,,,
381100,938.2,0.000001,,,,,,,,
381200,938.5,0.000003,,,,,,,,
381300,938.7,0.000003,,,,,,,,
381400,939.0,0.000001,,,,,,,,
381500,939.2,0.000001,,,,,,,,
381600,939.4,0.000001,,,,,,,,
381700,939.6,0.000001,,,,,,,,
381800,939.8,0.000002,,,,,,,,
381900,940.1,0.000001,,,,,,,,
382000,940.3,0.000001,,,,,,,,
382100,940.5,0.000002,,,,,,,,
382200,940.8,0.000002,,,,,,,,
382300,941.0,0.000002,,,,,,,,
382400,941.2,0.000004,,,,,,,,
382500,941.5,0.000002,,,,,,,,
382600,941.7,0.000003,,,,,,,,
382700,941.9,0.000003,,,,,,,,
382800,942.2,0.000002,,,,,,,,
382900,942.4,0.000001,,,,,,,,
383000,942.6,0.000002,,,,,,,,
383100,942.9,0.000001,,,,,,,,
383200,943.1,0.000003,,,,,,,,
383300,943.4,0.000003,,,,,,,,
383400,943.6,0.000001,,,,,,,,
383500,943.8,0.000003,,,,,,,,
383600,944.1,0.000003,,,,,,,,
383700,944.3,0.000002,,,,,,,,
383800,944.5,0.000001,,,,,,,,
383900,944.7,0.000001,,,,,,,,
384000,945.0,0.000003,,,,,,,,
384100,945.2,0.000003,,,,,,,,
384200,945.4,0.000001,,,,,,,,
384300,945.6,0.000001,,,,,,,,
384400,945.9,0.000002,,,,,,,,
384500,946.1,0.000002,,,,,,,,
384600,946.3,0.000001,,,,,,,,
384700,946.5,0.000001,,,,,,,,
384800,946.8,0.000001,,,,,,,,
384900,947.0,0.000003,,,,,,,,
385000,948.3,0.000002,0.000904,1.001449e-01,5.681226e-03,4.823993e-03,0.000000,1.001449e-01,5.619856e-03,4.825669e-03
385100,948.5,0.000002,,,,,,,,
385200,948.7,0.000002,,,,,,,,
385300,948.9,0.000001,,,,,,,,
385400,949.1,0.000001,,,,,,,,
385500,949.3,0.000001,,,,,,,,
385600,949.5,0.000001,,,,,,,,
385700,949.7,0.000002,,,,,,,,
385800,949.9,0.000002,,,,,,,,
385900,950.2,0.000002,,,,,,,,
386000,950.4,0.000004,,,,,,,,
386100,950.6,0.000002,,,,,,,,
386200,950.8,0.000001,,,,,,,,
386300,951.1,0.000002,,,,,,,,
386400,951.3,0.000001,,,,,,,,
386500,951.5,0.000001,,,,,,,,
386600,951.7,0.000002,,,,,,,,
386700,952.0,0.000001,,,,,,,,
386800,952.2,0.000001,,,,,,,,
386900,952.4,0.000002,,,,,,,,
387000,952.6,0.000001,,,,,,,,
387100,952.9,0.000001,,,,,,,,
387200,953.1,0.000001,,,,,,,,
387300,953.4,0.000001,,,,,,,,
387400,953.6,0.000001,,,,,,,,
387500,953.8,0.000001,,,,,,,,
387600,954.1,0.000001,,,,,,,,
387700,954.3,0.000001,,,,,,,,
387800,954.6,0.000001,,,,,,,,
387900,954.8,0.000001,,,,,,,,
388000,955.0,0.000001,,,,,,,,
388100,955.3,0.000002,,,,,,,,
388200,955.5,0.000005,,,,,,,,
388300,955.7,0.000001,,,,,,,,
388400,955.9,0.000001,,,,,,,,
388500,956.1,0.000001,,,,,,,,
388600,956.4,0.000001,,,,,,,,
388700,956.6,0.000001,,,,,,,,
388800,956.8,0.000001,,,,,,,,
388900,957.1,0.000003,,,,,,,,
389000,957.3,0.000002,,,,,,,,
389100,957.5,0.000001,,,,,,,,
389200,957.8,0.000002,,,,,,,,
389300,958.0,0.000001,,,,,,,,
389400,958.3,0.000002,,,,,,,,
389500,958.5,0.000002,,,,,,,,
389600,958.7,0.000003,,,,,,,,
389700,958.9,0.000002,,,,,,,,
389800,959.2,0.000001,,,,,,,,
389900,959.4,0.000002,,,,,,,,
390000,960.6,0.000001,0.000929,8.241082e-02,5.837709e-03,5.004702e-03,0.000000,8.241082e-02,5.753063e-03,4.952834e-03
390100,960.9,0.000006,,,,,,,,
390200,961.1,0.000001,,,,,,,,
390300,961.3,0.000005,,,,,,,,
390400,961.5,0.000001,,,,,,,,
390500,961.7,0.000003,,,,,,,,
390600,961.9,0.000001,,,,,,,,
390700,962.1,0.000002,,,,,,,,
390800,962.3,0.000001,,,,,,,,
390900,962.6,0.000002,,,,,,,,
391000,962.8,0.000004,,,,,,,,
391100,963.0,0.000002,,,,,,,,
391200,963.3,0.000002,,,,,,,,
391300,963.5,0.000003,,,,,,,,
391400,963.7,0.000002,,,,,,,,
391500,964.0,0.000001,,,,,,,,
391600,964.2,0.000003,,,,,,,,
391700,964.4,0.000002,,,,,,,,
391800,964.7,0.000002,,,,,,,,
391900,964.9,0.000002,,,,,,,,
392000,965.1,0.000001,,,,,,,,
392100,965.4,0.000002,,,,,,,,
392200,965.6,0.000003,,,,,,,,
392300,965.8,0.000001,,,,,,,,
392400,966.1,0.000001,,,,,,,,
392500,966.3,0.000002,,,,,,,,
392600,966.5,0.000002,,,,,,,,
392700,966.8,0.000003,,,,,,,,
392800,967.0,0.000001,,,,,,,,
392900,967.2,0.000001,,,,,,,,
393000,967.5,0.000002,,,,,,,,
393100,967.7,0.000001,,,,,,,,
393200,967.9,0.000002,,,,,,,,
393300,968.1,0.000001,,,,,,,,
393400,968.4,0.000001,,,,,,,,
393500,968.6,0.000002,,,,,,,,
393600,968.8,0.000001,,,,,,,,
393700,969.0,0.000001,,,,,,,,
393800,969.3,0.000002,,,,,,,,
393900,969.5,0.000002,,,,,,,,
394000,969.7,0.000001,,,,,,,,
394100,970.0,0.000002,,,,,,,,
394200,970.2,0.000001,,,,,,,,
394300,970.4,0.000001,,,,,,,,
394400,970.6,0.000001,,,,,,,,
394500,970.9,0.000001,,,,,,,,
394600,971.1,0.000002,,,,,,,,
394700,971.3,0.000001,,,,,,,,
394800,971.6,0.000002,,,,,,,,
394900,971.8,0.000001,,,,,,,,
395000,973.0,0.000001,0.000611,7.278114e-02,3.840714e-03,2.793880e-03,0.000000,6.770326e-02,3.680423e-03,2.725169e-03
395100,973.3,0.000001,,,,,,,,
395200,973.5,0.000002,,,,,,,,
395300,973.7,0.000002,,,,,,,,
395400,973.9,0.000001,,,,,,,,
395500,974.1,0.000003,,,,,,,,
395600,974.3,0.000002,,,,,,,,
395700,974.5,0.000003,,,,,,,,
395800,974.8,0.000001,,,,,,,,
395900,975.0,0.000001,,,,,,,,
396000,975.2,0.000002,,,,,,,,
396100,975.4,0.000001,,,,,,,,
396200,975.7,0.000001,,,,,,,,
396300,975.9,0.000003,,,,,,,,
396400,976.1,0.000001,,,,,,,,
396500,976.4,0.000001,,,,,,,,
396600,976.6,0.000002,,,,,,,,
396700,976.8,0.000001,,,,,,,,
396800,977.0,0.000002,,,,,,,,
396900,977.3,0.000002,,,,,,,,
397000,977.5,0.000002,,,,,,,,
397100,977.7,0.000001,,,,,,,,
397200,978.0,0.000001,,,,,,,,
397300,978.2,0.000001,,,,,,,,
397400,978.5,0.000001,,,,,,,,
397500,978.7,0.000002,,,,,,,,
397600,978.9,0.000001,,,,,,,,
397700,979.2,0.000004,,,,,,,,
397800,979.4,0.000002,,,,,,,,
397900,979.6,0.000001,,,,,,,,
398000,979.9,0.000002,,,,,,,,
398100,980.1,0.000001,,,,,,,,
398200,980.3,0.000002,,,,,,,,
398300,980.5,0.000001,,,,,,,,
398400,980.8,0.000001,,,,,,,,
398500,981.0,0.000001,,,,,,,,
398600,981.2,0.000002,,,,,,,,
398700,981.5,0.000001,,,,,,,,
398800,981.7,0.000001,,,,,,,,
398900,982.0,0.000001,,,,,,,,
399000,982.2,0.000003,,,,,,,,
399100,982.5,0.000002,,,,,,,,
399200,982.7,0.000007,,,,,,,,
399300,982.9,0.000004,,,,,,,,
399400,983.1,0.000001,,,,,,,,
399500,983.4,0.000001,,,,,,,,
399600,983.6,0.000001,,,,,,,,
399700,983.8,0.000001,,,,,,,,
399800,984.0,0.000002,,,,,,,,
399900,984.3,0.000002,,,,,,,,
400000,985.5,0.000001,0.000878,1.255302e-01,5.518639e-03,4.511842e-03,0.000000,4.242258e-02,5.308248e-03,4.421923e-03
400100,985.7,0.000002,,,,,,,,
400200,985.9,0.000003,,,,,,,,
400300,986.1,0.000004,,,,,,,,
400400,986.3,0.000001,,,,,,,,
400500,986.5,0.000001,,,,,,,,
400600,986.7,0.000001,,,,,,,,
400700,987.0,0.000002,,,,,,,,
400800,987.2,0.000001,,,,,,,,
400900,987.4,0.000003,,,,,,,,
401000,987.7,0.000003,,,,,,,,
401100,987.9,0.000001,,,,,,,,
401200,988.1,0.000001,,,,,,,,
401300,988.3,0.000001,,,,,,,,
401400,988.5,0.000002,,,,,,,,
401500,988.8,0.000001,,,,,,,,
401600,989.0,0.000002,,,,,,,,
401700,989.3,0.000001,,,,,,,,
401800,989.5,0.000001,,,,,,,,
401900,989.7,0.000001,,,,,,,,
402000,990.0,0.000003,,,,,,,,
402100,990.2,0.000002,,,,,,,,
402200,990.4,0.000000,,,,,,,,
402300,990.7,0.000003,,,,,,,,
402400,990.9,0.000001,,,,,,,,
402500,991.1,0.000001,,,,,,,,
402600,991.4,0.000002,,,,,,,,
402700,991.6,0.000001,,,,,,,,
402800,991.8,0.000003,,,,,,,,
402900,992.1,0.000002,,,,,,,,
403000,992.3,0.000005,,,,,,,,
403100,992.5,0.000001,,,,,,,,
403200,992.8,0.000001,,,,,,,,
403300,993.0,0.000001,,,,,,,,
403400,993.2,0.000001,,,,,,,,
403500,993.4,0.000002,,,,,,,,
403600,993.7,0.000001,,,,,,,,
403700,993.9,0.000001,,,,,,,,
403800,994.1,0.000001,,,,,,,,
403900,994.4,0.000001,,,,,,,,
404000,994.6,0.000002,,,,,,,,
404100,994.8,0.000003,,,,,,,,
404200,995.0,0.000002,,,,,,,,
404300,995.3,0.000001,,,,,,,,
404400,995.5,0.000002,,,,,,,,
404500,995.7,0.000001,,,,,,,,
404600,995.9,0.000001,,,,,,,,
404700,996.2,0.000001,,,,,,,,
404800,996.4,0.000001,,,,,,,,
404900,996.6,0.000001,,,,,,,,
405000,997.9,0.000002,0.000599,7.618717e-02,3.762980e-03,2.773171e-03,0.000000,7.080675e-02,3.608909e-03,2.671429e-03
405100,998.1,0.000001,,,,,,,,
405200,998.3,0.000002,,,,,,,,
405300,998.5,0.000001,,,,,,,,
405400,998.7,0.000002,,,,,,,,
405500,998.9,0.000002,,,,,,,,
405600,999.1,0.000002,,,,,,,,
405700,999.3,0.000002,,,,,,,,
405800,999.6,0.000001,,,,,,,,
405900,999.8,0.000001,,,,,,,,
406000,1000.0,0.000002,,,,,,,,
406100,1000.2,0.000002,,,,,,,,
406200,1000.5,0.000002,,,,,,,,
406300,1000.7,0.000002,,,,,,,,
406400,1000.9,0.000006,,,,,,,,
406500,1001.2,0.000001,,,,,,,,
406600,1001.4,0.000001,,,,,,,,
406700,1001.6,0.000002,,,,,,,,
406800,1001.9,0.000001,,,,,,,,
406900,1002.1,0.000004,,,,,,,,
407000,1002.4,0.000001,,,,,,,,
407100,1002.6,0.000001,,,,,,,,
407200,1002.8,0.000001,,,,,,,,
407300,1003.1,0.000001,,,,,,,,
407400,1003.3,0.000001,,,,,,,,
407500,1003.6,0.000001,,,,,,,,
407600,1003.8,0.000001,,,,,,,,
407700,1004.0,0.000003,,,,,,,,
407800,1004.3,0.000001,,,,,,,,
407900,1004.5,0.000001,,,,,,,,
408000,1004.7,0.000001,,,,,,,,
408100,1005.0,0.000001,,,,,,,,
408200,1005.2,0.000002,,,,,,,,
408300,1005.4,0.000001,,,,,,,,
408400,1005.6,0.000001,,,,,,,,
408500,1005.9,0.000002,,,,,,,,
408600,1006.1,0.000001,,,,,,,,
408700,1006.3,0.000001,,,,,,,,
408800,1006.6,0.000002,,,,,,,,
408900,1006.8,0.000001,,,,,,,,
409000,1007.0,0.000001,,,,,,,,
409100,1007.2,0.000001,,,,,,,,
409200,1007.5,0.000001,,,,,,,,
409300,1007.7,0.000001,,,,,,,,
409400,1007.9,0.000001,,,,,,,,
409500,1008.1,0.000001,,,,,,,,
409600,1008.4,0.000002,,,,,,,,
409700,1008.6,0.000001,,,,,,,,
409800,1008.8,0.000001,,,,,,,,
409900,1009.1,0.000002,,,,,,,,
410000,1010.3,0.000001,0.000734,1.066909e-01,4.612282e-03,3.423440e-03,0.000000,9.387852e-02,4.504587e-03,3.379364e-03
410100,1010.5,0.000003,,,,,,,,
410200,1010.7,0.000003,,,,,,,,
410300,1010.9,0.000001,,,,,,,,
410400,1011.1,0.000002,,,,,,,,
410500,1011.3,0.000001,,,,,,,,
410600,1011.5,0.000001,,,,,,,,
410700,1011.7,0.000005,,,,,,,,
410800,1012.0,0.000003,,,,,,,,
410900,1012.2,0.000001,,,,,,,,
411000,1012.4,0.000001,,,,,,,,
411100,1012.7,0.000001,,,,,,,,
411200,1012.9,0.000001,,,,,,,,
411300,1013.1,0.000001,,,,,,,,
411400,1013.4,0.000001,,,,,,,,
411500,1013.6,0.000001,,,,,,,,
411600,1013.8,0.000003,,,,,,,,
411700,1014.1,0.000001,,,,,,,,
411800,1014.3,0.000001,,,,,,,,
411900,1014.5,0.000001,,,,,,,,
412000,1014.7,0.000003,,,,,,,,
412100,1015.0,0.000001,,,,,,,,
412200,1015.2,0.000001,,,,,,,,
412300,1015.4,0.000001,,,,,,,,
412400,1015.6,0.000001,,,,,,,,
412500,1015.9,0.000002,,,,,,,,
412600,1016.1,0.000002,,,,,,,,
412700,1016.3,0.000001,,,,,,,,
412800,1016.6,0.000006,,,,,,,,
412900,1016.8,0.000001,,,,,,,,
413000,1017.0,0.000001,,,,,,,,
413100,1017.3,0.000001,,,,,,,,
413200,1017.5,0.000001,,,,,,,,
413300,1017.7,0.000001,,,,,,,,
413400,1017.9,0.000002,,,,,,,,
413500,1018.2,0.000003,,,,,,,,
413600,1018.4,0.000003,,,,,,,,
413700,1018.6,0.000001,,,,,,,,
413800,1018.8,0.000001,,,,,,,,
413900,1019.1,0.000001,,,,,,,,
414000,1019.3,0.000001,,,,,,,,
414100,1019.5,0.000001,,,,,,,,
414200,1019.7,0.000002,,,,,,,,
414300,1020.0,0.000001,,,,,,,,
414400,1020.2,0.000002,,,,,,,,
414500,1020.4,0.000002,,,,,,,,
414600,1020.7,0.000002,,,,,,,,
414700,1020.9,0.000002,,,,,,,,
414800,1021.1,0.000001,,,,,,,,
414900,1021.4,0.000001,,,,,,,,
415000,1022.6,0.000001,0.000720,8.729244e-02,4.521661e-03,3.558297e-03,0.000000,8.729244e-02,4.439994e-03,3.532065e-03
415100,1022.8,0.000002,,,,,,,,
415200,1023.0,0.000003,,,,,,,,
415300,1023.2,0.000001,,,,,,,,
415400,1023.4,0.000001,,,,,,,,
415500,1023.6,0.000005,,,,,,,,
415600,1023.8,0.000001,,,,,,,,
415700,1024.0,0.000001,,,,,,,,
415800,1024.3,0.000003,,,,,,,,
415900,1024.5,0.000002,,,,,,,,
416000,1024.7,0.000001,,,,,,,,
416100,1025.0,0.000002,,,,,,,,
416200,1025.2,0.000001,,,,,,,,
416300,1025.4,0.000001,,,,,,,,
416400,1025.7,0.000001,,,,,,,,
416500,1025.9,0.000001,,,,,,,,
416600,1026.1,0.000002,,,,,,,,
416700,1026.4,0.000001,,,,,,,,
416800,1026.6,0.000002,,,,,,,,
416900,1026.9,0.000001,,,,,,,,
417000,1027.1,0.000002,,,,,,,,
417100,1027.3,0.000001,,,,,,,,
417200,1027.5,0.000001,,,,,,,,
417300,1027.8,0.000001,,,,,,,,
417400,1028.0,0.000002,,,,,,,,
417500,1028.2,0.000001,,,,,,,,
417600,1028.4,0.000002,,,,,,,,
417700,1028.7,0.000002,,,,,,,,
417800,1028.9,0.000001,,,,,,,,
417900,1029.1,0.000001,,,,,,,,
418000,1029.3,0.000002,,,,,,,,
418100,1029.5,0.000002,,,,,,,,
418200,1029.8,0.000002,,,,,,,,
418300,1030.0,0.000001,,,,,,,,
418400,1030.2,0.000002,,,,,,,,
418500,1030.4,0.000001,,,,,,,,
418600,1030.7,0.000003,,,,,,,,
418700,1030.9,0.000003,,,,,,,,
418800,1031.1,0.000001,,,,,,,,
418900,1031.3,0.000002,,,,,,,,
419000,1031.6,0.000002,,,,,,,,
419100,1031.8,0.000001,,,,,,,,
419200,1032.0,0.000002,,,,,,,,
419300,1032.2,0.000001,,,,,,,,
419400,1032.4,0.000002,,,,,,,,
419500,1032.7,0.000001,,,,,,,,
419600,1032.9,0.000002,,,,,,,,
419700,1033.1,0.000003,,,,,,,,
419800,1033.3,0.000001,,,,,,,,
419900,1033.6,0.000001,,,,,,,,
420000,1034.8,0.000001,0.000786,9.098534e-02,4.940995e-03,4.186100e-03,0.000000,7.291795e-02,4.878317e-03,4.212083e-03
420100,1035.0,0.000001,,,,,,,,
420200,1035.2,0.000001,,,,,,,,
420300,1035.4,0.000001,,,,,,,,
420400,1035.6,0.000001,,,,,,,,
420500,1035.8,0.000001,,,,,,,,
420600,1036.0,0.000002,,,,,,,,
420700,1036.3,0.000001,,,,,,,,
420800,1036.5,0.000001,,,,,,,,
420900,1036.7,0.000003,,,,,,,,
421000,1036.9,0.000002,,,,,,,,
421100,1037.1,0.000003,,,,,,,,
421200,1037.4,0.000001,,,,,,,,
421300,1037.6,0.000001,,,,,,,,
421400,1037.8,0.000002,,,,,,,,
421500,1038.0,0.000001,,,,,,,,
421600,1038.2,0.000002,,,,,,,,
421700,1038.5,0.000001,,,,,,,,
421800,1038.7,0.000002,,,,,,,,
421900,1038.9,0.000001,,,,,,,,
422000,1039.2,0.000002,,,,,,,,
422100,1039.4,0.000001,,,,,,,,
422200,1039.6,0.000001,,,,,,,,
422300,1039.8,0.000001,,,,,,,,
422400,1040.1,0.000002,,,,,,,,
422500,1040.3,0.000001,,,,,,,,
422600,1040.5,0.000002,,,,,,,,
422700,1040.8,0.000001,,,,,,,,
422800,1041.0,0.000001,,,,,,,,
422900,1041.3,0.000005,,,,,,,,
423000,1041.5,0.000003,,,,,,,,
423100,1041.7,0.000002,,,,,,,,
423200,1042.0,0.000002,,,,,,,,
423300,1042.2,0.000003,,,,,,,,
423400,1042.4,0.000001,,,,,,,,
423500,1042.7,0.000001,,,,,,,,
423600,1042.9,0.000001,,,,,,,,
423700,1043.1,0.000003,,,,,,,,
423800,1043.3,0.000001,,,,,,,,
423900,1043.5,0.000002,,,,,,,,
424000,1043.8,0.000001,,,,,,,,
424100,1044.0,0.000001,,,,,,,,
424200,1044.2,0.000002,,,,,,,,
424300,1044.4,0.000001,,,,,,,,
424400,1044.7,0.000003,,,,,,,,
424500,1044.9,0.000001,,,,,,,,
424600,1045.1,0.000002,,,,,,,,
424700,1045.3,0.000002,,,,,,,,
424800,1045.6,0.000002,,,,,,,,
424900,1045.8,0.000001,,,,,,,,
425000,1047.1,0.000001,0.000916,9.985594e-02,5.752312e-03,4.615986e-03,0.000000,6.477333e-02,5.791144e-03,4.708484e-03
425100,1047.3,0.000001,,,,,,,,
425200,1047.5,0.000002,,,,,,,,
425300,1047.7,0.000001,,,,,,,,
425400,1047.9,0.000002,,,,,,,,
425500,1048.1,0.000001,,,,,,,,
425600,1048.3,0.000002,,,,,,,,
425700,1048.5,0.000001,,,,,,,,
425800,1048.7,0.000001,,,,,,,,
425900,1049.0,0.000001,,,,,,,,
426000,1049.2,0.000002,,,,,,,,
426100,1049.4,0.000001,,,,,,,,
426200,1049.6,0.000002,,,,,,,,
426300,1049.9,0.000001,,,,,,,,
426400,1050.1,0.000002,,,,,,,,
426500,1050.3,0.000001,,,,,,,,
426600,1050.6,0.000002,,,,,,,,
426700,1050.8,0.000001,,,,,,,,
426800,1051.0,0.000001,,,,,,,,
426900,1051.3,0.000002,,,,,,,,
427000,1051.5,0.000001,,,,,,,,
427100,1051.7,0.000001,,,,,,,,
427200,1051.9,0.000001,,,,,,,,
427300,1052.1,0.000002,,,,,,,,
427400,1052.3,0.000002,,,,,,,,
427500,1052.6,0.000001,,,,,,,,
427600,1052.8,0.000002,,,,,,,,
427700,1053.0,0.000001,,,,,,,,
427800,1053.2,0.000002,,,,,,,,
427900,1053.5,0.000002,,,,,,,,
428000,1053.7,0.000001,,,,,,,,
428100,1053.9,0.000001,,,,,,,,
428200,1054.1,0.000002,,,,,,,,
428300,1054.4,0.000002,,,,,,,,
428400,1054.6,0.000001,,,,,,,,
428500,1054.9,0.000001,,,,,,,,
428600,1055.1,0.000002,,,,,,,,
428700,1055.3,0.000002,,,,,,,,
428800,1055.5,0.000004,,,,,,,,
428900,1055.7,0.000001,,,,,,,,
429000,1056.0,0.000001,,,,,,,,
429100,1056.2,0.000004,,,,,,,,
429200,1056.4,0.000002,,,,,,,,
429300,1056.6,0.000001,,,,,,,,
429400,1056.9,0.000001,,,,,,,,
429500,1057.1,0.000001,,,,,,,,
429600,1057.3,0.000001,,,,,,,,
429700,1057.6,0.000001,,,,,,,,
429800,1057.8,0.000001,,,,,,,,
429900,1058.0,0.000001,,,,,,,,
430000,1059.3,0.000001,0.000785,8.308128e-02,4.930964e-03,4.160265e-03,0.000000,5.660988e-02,4.712289e-03,4.034423e-03
430100,1059.5,0.000001,,,,,,,,
430200,1059.7,0.000001,,,,,,,,
430300,1059.9,0.000001,,,,,,,,
430400,1060.1,0.000001,,,,,,,,
430500,1060.3,0.000001,,,,,,,,
430600,1060.5,0.000001,,,,,,,,
430700,1060.7,0.000002,,,,,,,,
430800,1060.9,0.000001,,,,,,,,
430900,1061.1,0.000001,,,,,,,,
431000,1061.4,0.000001,,,,,,,,
431100,1061.6,0.000001,,,,,,,,
431200,1061.8,0.000001,,,,,,,,
431300,1062.0,0.000001,,,,,,,,
431400,1062.3,0.000002,,,,,,,,
431500,1062.5,0.000001,,,,,,,,
431600,1062.7,0.000002,,,,,,,,
431700,1063.0,0.000002,,,,,,,,
431800,1063.2,0.000001,,,,,,,,
431900,1063.5,0.000001,,,,,,,,
432000,1063.7,0.000004,,,,,,,,
432100,1064.0,0.000003,,,,,,,,
432200,1064.2,0.000001,,,,,,,,
432300,1064.4,0.000002,,,,,,,,
432400,1064.6,0.000001,,,,,,,,
432500,1064.9,0.000001,,,,,,,,
432600,1065.1,0.000001,,,,,,,,
432700,1065.3,0.000001,,,,,,,,
432800,1065.6,0.000001,,,,,,,,
432900,1065.8,0.000001,,,,,,,,
433000,1066.1,0.000001,,,,,,,,
433100,1066.3,0.000001,,,,,,,,
433200,1066.5,0.000001,,,,,,,,
433300,1066.7,0.000002,,,,,,,,
433400,1067.0,0.000001,,,,,,,,
433500,1067.2,0.000001,,,,,,,,
433600,1067.4,0.000001,,,,,,,,
433700,1067.6,0.000003,,,,,,,,
433800,1067.9,0.000002,,,,,,,,
433900,1068.1,0.000001,,,,,,,,
434000,1068.3,0.000001,,,,,,,,
434100,1068.6,0.000001,,,,,,,,
434200,1068.8,0.000002,,,,,,,,
434300,1069.0,0.000002,,,,,,,,
434400,1069.3,0.000001,,,,,,,,
434500,1069.5,0.000001,,,,,,,,
434600,1069.7,0.000001,,,,,,,,
434700,1069.9,0.000001,,,,,,,,
434800,1070.2,0.000001,,,,,,,,
434900,1070.4,0.000001,,,,,,,,
435000,1071.7,0.000001,0.001103,9.019784e-02,6.928450e-03,5.761591e-03,0.000000,8.674813e-02,6.985646e-03,5.943201e-03
435100,1071.9,0.000001,,,,,,,,
435200,1072.1,0.000006,,,,,,,,
435300,1072.3,0.000002,,,,,,,,
435400,1072.5,0.000002,,,,,,,,
435500,1072.6,0.000003,,,,,,,,
435600,1072.8,0.000002,,,,,,,,
435700,1073.1,0.000002,,,,,,,,
435800,1073.3,0.000001,,,,,,,,
435900,1073.5,0.000001,,,,,,,,
436000,1073.7,0.000002,,,,,,,,
436100,1073.9,0.000002,,,,,,,,
436200,1074.1,0.000001,,,,,,,,
436300,1074.4,0.000001,,,,,,,,
436400,1074.6,0.000002,,,,,,,,
436500,1074.8,0.000001,,,,,,,,
436600,1075.1,0.000001,,,,,,,,
436700,1075.3,0.000002,,,,,,,,
436800,1075.5,0.000001,,,,,,,,
436900,1075.8,0.000001,,,,,,,,
437000,1076.0,0.000001,,,,,,,,
437100,1076.2,0.000003,,,,,,,,
437200,1076.5,0.000001,,,,,,,,
437300,1076.7,0.000001,,,,,,,,
437400,1076.9,0.000001,,,,,,,,
437500,1077.1,0.000001,,,,,,,,
437600,1077.4,0.000001,,,,,,,,
437700,1077.6,0.000002,,,,,,,,
437800,1077.9,0.000001,,,,,,,,
437900,1078.1,0.000001,,,,,,,,
438000,1078.3,0.000001,,,,,,,,
438100,1078.5,0.000001,,,,,,,,
438200,1078.8,0.000002,,,,,,,,
438300,1079.0,0.000001,,,,,,,,
438400,1079.2,0.000001,,,,,,,,
438500,1079.4,0.000001,,,,,,,,
438600,1079.7,0.000003,,,,,,,,
438700,1079.9,0.000001,,,,,,,,
438800,1080.2,0.000001,,,,,,,,
438900,1080.4,0.000001,,,,,,,,
439000,1080.6,0.000001,,,,,,,,
439100,1080.8,0.000001,,,,,,,,
439200,1081.1,0.000001,,,,,,,,
439300,1081.3,0.000001,,,,,,,,
439400,1081.5,0.000002,,,,,,,,
439500,1081.7,0.000001,,,,,,,,
439600,1082.0,0.000001,,,,,,,,
439700,1082.2,0.000003,,,,,,,,
439800,1082.4,0.000003,,,,,,,,
439900,1082.6,0.000002,,,,,,,,
440000,1083.9,0.000001,0.000617,8.527614e-02,3.874317e-03,2.864961e-03,0.000000,8.527614e-02,3.693415e-03,2.781984e-03
440100,1084.1,0.000001,,,,,,,,
440200,1084.3,0.000001,,,,,,,,
440300,1084.5,0.000001,,,,,,,,
440400,1084.7,0.000001,,,,,,,,
440500,1084.9,0.000005,,,,,,,,
440600,1085.1,0.000001,,,,,,,,
440700,1085.4,0.000001,,,,,,,,
440800,1085.6,0.000002,,,,,,,,
440900,1085.8,0.000001,,,,,,,,
441000,1086.0,0.000002,,,,,,,,
441100,1086.3,0.000002,,,,,,,,
441200,1086.5,0.000001,,,,,,,,
441300,1086.7,0.000001,,,,,,,,
441400,1086.9,0.000003,,,,,,,,
441500,1087.2,0.000001,,,,,,,,
441600,1087.4,0.000001,,,,,,,,
441700,1087.6,0.000002,,,,,,,,
441800,1087.9,0.000001,,,,,,,,
441900,1088.1,0.000001,,,,,,,,
442000,1088.3,0.000001,,,,,,,,
442100,1088.5,0.000001,,,,,,,,
442200,1088.7,0.000001,,,,,,,,
442300,1088.9,0.000001,,,,,,,,
442400,1089.2,0.000001,,,,,,,,
442500,1089.4,0.000001,,,,,,,,
442600,1089.6,0.000002,,,,,,,,
442700,1089.8,0.000002,,,,,,,,
442800,1090.1,0.000002,,,,,,,,
442900,1090.3,0.000002,,,,,,,,
443000,1090.5,0.000004,,,,,,,,
443100,1090.8,0.000004,,,,,,,,
443200,1091.0,0.000001,,,,,,,,
443300,1091.2,0.000001,,,,,,,,
443400,1091.5,0.000002,,,,,,,,
443500,1091.7,0.000002,,,,,,,,
443600,1091.9,0.000001,,,,,,,,
443700,1092.2,0.000001,,,,,,,,
443800,1092.4,0.000002,,,,,,,,
443900,1092.6,0.000003,,,,,,,,
444000,1092.9,0.000002,,,,,,,,
444100,1093.1,0.000001,,,,,,,,
444200,1093.3,0.000001,,,,,,,,
444300,1093.6,0.000001,,,,,,,,
444400,1093.8,0.000002,,,,,,,,
444500,1094.0,0.000001,,,,,,,,
444600,1094.3,0.000001,,,,,,,,
444700,1094.5,0.000003,,,,,,,,
444800,1094.7,0.000001,,,,,,,,
444900,1095.0,0.000001,,,,,,,,
445000,1096.2,0.000001,0.000662,6.998710e-02,4.159583e-03,3.224283e-03,0.000000,6.262351e-02,4.033558e-03,3.184918e-03
445100,1096.4,0.000001,,,,,,,,
445200,1096.6,0.000001,,,,,,,,
445300,1096.8,0.000001,,,,,,,,
445400,1097.0,0.000002,,,,,,,,
445500,1097.2,0.000001,,,,,,,,
445600,1097.5,0.000002,,,,,,,,
445700,1097.7,0.000002,,,,,,,,
445800,1097.9,0.000001,,,,,,,,
445900,1098.1,0.000002,,,,,,,,
446000,1098.4,0.000001,,,,,,,,
446100,1098.6,0.000001,,,,,,,,
446200,1098.8,0.000003,,,,,,,,
446300,1099.1,0.000001,,,,,,,,
446400,1099.3,0.000001,,,,,,,,
446500,1099.5,0.000001,,,,,,,,
446600,1099.7,0.000001,,,,,,,,
446700,1100.0,0.000001,,,,,,,,
446800,1100.2,0.000001,,,,,,,,
446900,1100.4,0.000001,,,,,,,,
447000,1100.7,0.000002,,,,,,,,
447100,1100.9,0.000001,,,,,,,,
447200,1101.1,0.000002,,,,,,,,
447300,1101.3,0.000001,,,,,,,,
447400,1101.6,0.000002,,,,,,,,
447500,1101.8,0.000001,,,,,,,,
447600,1102.0,0.000001,,,,,,,,
447700,1102.2,0.000002,,,,,,,,
447800,1102.5,0.000001,,,,,,,,
447900,1102.7,0.000001,,,,,,,,
448000,1102.9,0.000001,,,,,,,,
448100,1103.1,0.000001,,,,,,,,
448200,1103.4,0.000001,,,,,,,,
448300,1103.6,0.000001,,,,,,,,
448400,1103.8,0.000001,,,,,,,,
448500,1104.1,0.000001,,,,,,,,
448600,1104.3,0.000003,,,,,,,,
448700,1104.5,0.000003,,,,,,,,
448800,1104.8,0.000002,,,,,,,,
448900,1105.0,0.000002,,,,,,,,
449000,1105.2,0.000001,,,,,,,,
449100,1105.4,0.000003,,,,,,,,
449200,1105.7,0.000002,,,,,,,,
449300,1105.9,0.000001,,,,,,,,
449400,1106.1,0.000001,,,,,,,,
449500,1106.4,0.000001,,,,,,,,
449600,1106.6,0.000002,,,,,,,,
449700,1106.8,0.000001,,,,,,,,
449800,1107.0,0.000001,,,,,,,,
449900,1107.3,0.000002,,,,,,,,
450000,1108.5,0.000001,0.000783,1.223631e-01,4.920817e-03,4.041053e-03,0.000000,6.528879e-02,4.820832e-03,4.029095e-03
450100,1108.7,0.000001,,,,,,,,
450200,1108.9,0.000001,,,,,,,,
450300,1109.1,0.000001,,,,,,,,
450400,1109.3,0.000001,,,,,,,,
450500,1109.5,0.000003,,,,,,,,
450600,1109.7,0.000002,,,,,,,,
450700,1109.9,0.000001,,,,,,,,
450800,1110.1,0.000001,,,,,,,,
450900,1110.4,0.000001,,,,,,,,
451000,1110.6,0.000001,,,,,,,,
451100,1110.8,0.000002,,,,,,,,
451200,1111.0,0.000003,,,,,,,,
451300,1111.3,0.000004,,,,,,,,
451400,1111.5,0.000001,,,,,,,,
451500,1111.7,0.000001,,,,,,,,
451600,1111.9,0.000002,,,,,,,,
451700,1112.1,0.000001,,,,,,,,
451800,1112.4,0.000001,,,,,,,,
451900,1112.6,0.000001,,,,,,,,
452000,1112.8,0.000001,,,,,,,,
452100,1113.1,0.000002,,,,,,,,
452200,1113.3,0.000001,,,,,,,,
452300,1113.5,0.000001,,,,,,,,
452400,1113.8,0.000001,,,,,,,,
452500,1114.0,0.000001,,,,,,,,
452600,1114.2,0.000001,,,,,,,,
452700,1114.4,0.000001,,,,,,,,
452800,1114.6,0.000001,,,,,,,,
452900,1114.9,0.000002,,,,,,,,
453000,1115.1,0.000002,,,,,,,,
453100,1115.3,0.000001,,,,,,,,
453200,1115.6,0.000001,,,,,,,,
453300,1115.8,0.000001,,,,,,,,
453400,1116.0,0.000001,,,,,,,,
453500,1116.2,0.000001,,,,,,,,
453600,1116.4,0.000002,,,,,,,,
453700,1116.7,0.000002,,,,,,,,
453800,1116.9,0.000001,,,,,,,,
453900,1117.1,0.000001,,,,,,,,
454000,1117.3,0.000002,,,,,,,,
454100,1117.6,0.000001,,,,,,,,
454200,1117.8,0.000001,,,,,,,,
454300,1118.0,0.000002,,,,,,,,
454400,1118.2,0.000002,,,,,,,,
454500,1118.5,0.000002,,,,,,,,
454600,1118.7,0.000002,,,,,,,,
454700,1118.9,0.000002,,,,,,,,
454800,1119.2,0.000001,,,,,,,,
454900,1119.4,0.000001,,,,,,,,
455000,1120.7,0.000002,0.000674,1.234763e-01,4.233050e-03,3.094470e-03,0.000000,5.561782e-02,4.046605e-03,3.001496e-03
455100,1120.9,0.000001,,,,,,,,
455200,1121.0,0.000001,,,,,,,,
455300,1121.2,0.000001,,,,,,,,
455400,1121.4,0.000001,,,,,,,,
455500,1121.6,0.000001,,,,,,,,
455600,1121.8,0.000001,,,,,,,,
455700,1122.0,0.000001,,,,,,,,
455800,1122.3,0.000001,,,,,,,,
455900,1122.5,0.000001,,,,,,,,
456000,1122.7,0.000001,,,,,,,,
456100,1123.0,0.000001,,,,,,,,
456200,1123.2,0.000002,,,,,,,,
456300,1123.4,0.000003,,,,,,,,
456400,1123.7,0.000001,,,,,,,,
456500,1123.9,0.000002,,,,,,,,
456600,1124.1,0.000001,,,,,,,,
456700,1124.3,0.000001,,,,,,,,
456800,1124.6,0.000001,,,,,,,,
456900,1124.8,0.000001,,,,,,,,
457000,1125.0,0.000001,,,,,,,,
457100,1125.3,0.000001,,,,,,,,
457200,1125.5,0.000003,,,,,,,,
457300,1125.7,0.000000,,,,,,,,
457400,1125.9,0.000001,,,,,,,,
457500,1126.2,0.000002,,,,,,,,
457600,1126.4,0.000001,,,,,,,,
457700,1126.6,0.000001,,,,,,,,
457800,1126.9,0.000001,,,,,,,,
457900,1127.1,0.000001,,,,,,,,
458000,1127.3,0.000002,,,,,,,,
458100,1127.6,0.000001,,,,,,,,
458200,1127.8,0.000001,,,,,,,,
458300,1128.0,0.000001,,,,,,,,
458400,1128.2,0.000002,,,,,,,,
458500,1128.5,0.000001,,,,,,,,
458600,1128.7,0.000002,,,,,,,,
458700,1128.9,0.000001,,,,,,,,
458800,1129.1,0.000002,,,,,,,,
458900,1129.4,0.000001,,,,,,,,
459000,1129.6,0.000003,,,,,,,,
459100,1129.8,0.000001,,,,,,,,
459200,1130.1,0.000001,,,,,,,,
459300,1130.3,0.000001,,,,,,,,
459400,1130.5,0.000002,,,,,,,,
459500,1130.7,0.000001,,,,,,,,
459600,1131.0,0.000001,,,,,,,,
459700,1131.2,0.000006,,,,,,,,
459800,1131.4,0.000001,,,,,,,,
459900,1131.7,0.000001,,,,,,,,
460000,1132.9,0.000002,0.000702,8.294798e-02,4.411655e-03,3.326902e-03,0.000000,8.294798e-02,4.343457e-03,3.331484e-03
460100,1133.1,0.000001,,,,,,,,
460200,1133.3,0.000001,,,,,,,,
460300,1133.5,0.000001,,,,,,,,
460400,1133.7,0.000001,,,,,,,,
460500,1133.9,0.000002,,,,,,,,
460600,1134.1,0.000001,,,,,,,,
460700,1134.4,0.000002,,,,,,,,
460800,1134.6,0.000002,,,,,,,,
460900,1134.8,0.000001,,,,,,,,
461000,1135.0,0.000001,,,,,,,,
461100,1135.2,0.000001,,,,,,,,
461200,1135.5,0.000001,,,,,,,,
461300,1135.7,0.000001,,,,,,,,
461400,1135.9,0.000002,,,,,,,,
461500,1136.2,0.000002,,,,,,,,
461600,1136.4,0.000001,,,,,,,,
461700,1136.6,0.000001,,,,,,,,
461800,1136.9,0.000002,,,,,,,,
461900,1137.1,0.000001,,,,,,,,
462000,1137.3,0.000001,,,,,,,,
462100,1137.5,0.000001,,,,,,,,
462200,1137.8,0.000001,,,,,,,,
462300,1138.0,0.000002,,,,,,,,
462400,1138.2,0.000001,,,,,,,,
462500,1138.5,0.000001,,,,,,,,
462600,1138.7,0.000001,,,,,,,,
462700,1138.9,0.000001,,,,,,,,
462800,1139.2,0.000001,,,,,,,,
462900,1139.4,0.000001,,,,,,,,
463000,1139.6,0.000001,,,,,,,,
463100,1139.9,0.000001,,,,,,,,
463200,1140.1,0.000002,,,,,,,,
463300,1140.3,0.000001,,,,,,,,
463400,1140.6,0.000003,,,,,,,,
463500,1140.8,0.000002,,,,,,,,
463600,1141.0,0.000001,,,,,,,,
463700,1141.2,0.000001,,,,,,,,
463800,1141.5,0.000001,,,,,,,,
463900,1141.7,0.000001,,,,,,,,
464000,1141.9,0.000001,,,,,,,,
464100,1142.1,0.000001,,,,,,,,
464200,1142.4,0.000001,,,,,,,,
464300,1142.6,0.000001,,,,,,,,
464400,1142.9,0.000001,,,,,,,,
464500,1143.1,0.000002,,,,,,,,
464600,1143.3,0.000002,,,,,,,,
464700,1143.5,0.000001,,,,,,,,
464800,1143.7,0.000001,,,,,,,,
464900,1144.0,0.000001,,,,,,,,
465000,1145.2,0.000001,0.000783,8.474831e-02,4.919322e-03,4.022398e-03,0.000000,7.424165e-02,4.870814e-03,4.044662e-03
465100,1145.4,0.000001,,,,,,,,
465200,1145.6,0.000002,,,,,,,,
465300,1145.8,0.000002,,,,,,,,
465400,1146.0,0.000001,,,,,,,,
465500,1146.2,0.000001,,,,,,,,
465600,1146.4,0.000002,,,,,,,,
465700,1146.6,0.000002,,,,,,,,
465800,1146.9,0.000001,,,,,,,,
465900,1147.1,0.000002,,,,,,,,
466000,1147.3,0.000001,,,,,,,,
466100,1147.6,0.000002,,,,,,,,
466200,1147.8,0.000001,,,,,,,,
466300,1148.0,0.000001,,,,,,,,
466400,1148.2,0.000003,,,,,,,,
466500,1148.5,0.000001,,,,,,,,
466600,1148.7,0.000001,,,,,,,,
466700,1148.9,0.000002,,,,,,,,
466800,1149.2,0.000002,,,,,,,,
466900,1149.4,0.000002,,,,,,,,
467000,1149.6,0.000001,,,,,,,,
467100,1149.8,0.000001,,,,,,,,
467200,1150.1,0.000001,,,,,,,,
467300,1150.3,0.000002,,,,,,,,
467400,1150.5,0.000001,,,,,,,,
467500,1150.7,0.000001,,,,,,,,
467600,1151.0,0.000001,,,,,,,,
467700,1151.2,0.000001,,,,,,,,
467800,1151.4,0.000001,,,,,,,,
467900,1151.7,0.000001,,,,,,,,
468000,1151.9,0.000002,,,,,,,,
468100,1152.1,0.000003,,,,,,,,
468200,1152.4,0.000001,,,,,,,,
468300,1152.6,0.000001,,,,,,,,
468400,1152.9,0.000002,,,,,,,,
468500,1153.1,0.000000,,,,,,,,
468600,1153.3,0.000001,,,,,,,,
468700,1153.5,0.000001,,,,,,,,
468800,1153.8,0.000002,,,,,,,,
468900,1154.0,0.000001,,,,,,,,
469000,1154.2,0.000002,,,,,,,,
469100,1154.5,0.000001,,,,,,,,
469200,1154.7,0.000001,,,,,,,,
469300,1154.9,0.000001,,,,,,,,
469400,1155.2,0.000001,,,,,,,,
469500,1155.4,0.000002,,,,,,,,
469600,1155.6,0.000001,,,,,,,,
469700,1155.8,0.000001,,,,,,,,
469800,1156.1,0.000002,,,,,,,,
469900,1156.3,0.000002,,,,,,,,
470000,1157.5,0.000001,0.000841,1.658308e-01,5.282329e-03,3.684141e-03,0.000000,1.524763e-01,5.105208e-03,3.663453e-03
470100,1157.7,0.000001,,,,,,,,
470200,1157.9,0.000002,,,,,,,,
470300,1158.1,0.000001,,,,,,,,
470400,1158.3,0.000001,,,,,,,,
470500,1158.5,0.000001,,,,,,,,
470600,1158.7,0.000003,,,,,,,,
470700,1159.0,0.000001,,,,,,,,
470800,1159.2,0.000002,,,,,,,,
470900,1159.4,0.000001,,,,,,,,
471000,1159.6,0.000001,,,,,,,,
471100,1159.9,0.000001,,,,,,,,
471200,1160.1,0.000001,,,,,,,,
471300,1160.3,0.000001,,,,,,,,
471400,1160.6,0.000001,,,,,,,,
471500,1160.8,0.000001,,,,,,,,
471600,1161.0,0.000001,,,,,,,,
471700,1161.2,0.000001,,,,,,,,
471800,1161.5,0.000002,,,,,,,,
471900,1161.7,0.000001,,,,,,,,
472000,1161.9,0.000001,,,,,,,,
472100,1162.2,0.000001,,,,,,,,
472200,1162.4,0.000001,,,,,,,,
472300,1162.7,0.000001,,,,,,,,
472400,1162.9,0.000003,,,,,,,,
472500,1163.1,0.000002,,,,,,,,
472600,1163.4,0.000001,,,,,,,,
472700,1163.6,0.000001,,,,,,,,
472800,1163.9,0.000001,,,,,,,,
472900,1164.1,0.000002,,,,,,,,
473000,1164.3,0.000001,,,,,,,,
473100,1164.6,0.000001,,,,,,,,
473200,1164.8,0.000002,,,,,,,,
473300,1165.0,0.000002,,,,,,,,
473400,1165.3,0.000001,,,,,,,,
473500,1165.5,0.000004,,,,,,,,
473600,1165.8,0.000001,,,,,,,,
473700,1166.0,0.000001,,,,,,,,
473800,1166.2,0.000001,,,,,,,,
473900,1166.5,0.000001,,,,,,,,
474000,1166.7,0.000001,,,,,,,,
474100,1166.9,0.000001,,,,,,,,
474200,1167.2,0.000001,,,,,,,,
474300,1167.4,0.000001,,,,,,,,
474400,1167.6,0.000001,,,,,,,,
474500,1167.8,0.000001,,,,,,,,
474600,1168.1,0.000002,,,,,,,,
474700,1168.3,0.000002,,,,,,,,
474800,1168.5,0.000001,,,,,,,,
474900,1168.8,0.000002,,,,,,,,
475000,1170.0,0.000001,0.000815,7.990032e-02,5.122231e-03,4.402673e-03,0.000000,6.386066e-02,5.026126e-03,4.392362e-03
475100,1170.2,0.000001,,,,,,,,
475200,1170.4,0.000002,,,,,,,,
475300,1170.6,0.000002,,,,,,,,
475400,1170.8,0.000001,,,,,,,,
475500,1171.0,0.000001,,,,,,,,
475600,1171.2,0.000002,,,,,,,,
475700,1171.4,0.000001,,,,,,,,
475800,1171.6,0.000002,,,,,,,,
475900,1171.9,0.000001,,,,,,,,
476000,1172.1,0.000001,,,,,,,,
476100,1172.3,0.000003,,,,,,,,
476200,1172.5,0.000001,,,,,,,,
476300,1172.7,0.000001,,,,,,,,
476400,1173.0,0.000001,,,,,,,,
476500,1173.2,0.000002,,,,,,,,
476600,1173.4,0.000001,,,,,,,,
476700,1173.6,0.000001,,,,,,,,
476800,1173.9,0.000002,,,,,,,,
476900,1174.1,0.000001,,,,,,,,
477000,1174.3,0.000001,,,,,,,,
477100,1174.5,0.000001,,,,,,,,
477200,1174.8,0.000001,,,,,,,,
477300,1175.0,0.000001,,,,,,,,
477400,1175.2,0.000001,,,,,,,,
477500,1175.5,0.000001,,,,,,,,
477600,1175.7,0.000001,,,,,,,,
477700,1175.9,0.000001,,,,,,,,
477800,1176.2,0.000001,,,,,,,,
477900,1176.4,0.000001,,,,,,,,
478000,1176.6,0.000001,,,,,,,,
478100,1176.8,0.000001,,,,,,,,
478200,1177.0,0.000001,,,,,,,,
478300,1177.2,0.000003,,,,,,,,
478400,1177.5,0.000001,,,,,,,,
478500,1177.7,0.000001,,,,,,,,
478600,1177.9,0.000001,,,,,,,,
478700,1178.1,0.000001,,,,,,,,
478800,1178.4,0.000001,,,,,,,,
478900,1178.6,0.000002,,,,,,,,
479000,1178.8,0.000001,,,,,,,,
479100,1179.1,0.000001,,,,,,,,
479200,1179.3,0.000001,,,,,,,,
479300,1179.5,0.000001,,,,,,,,
479400,1179.7,0.000001,,,,,,,,
479500,1179.9,0.000001,,,,,,,,
479600,1180.2,0.000002,,,,,,,,
479700,1180.4,0.000002,,,,,,,,
479800,1180.6,0.000002,,,,,,,,
479900,1180.8,0.000001,,,,,,,,
480000,1182.1,0.000001,0.000633,7.656885e-02,3.976894e-03,3.120158e-03,0.000000,7.656885e-02,3.834403e-03,3.064441e-03
480100,1182.3,0.000001,,,,,,,,
480200,1182.5,0.000001,,,,,,,,
480300,1182.7,0.000001,,,,,,,,
480400,1182.9,0.000002,,,,,,,,
480500,1183.1,0.000002,,,,,,,,
480600,1183.3,0.000002,,,,,,,,
480700,1183.5,0.000002,,,,,,,,
480800,1183.7,0.000001,,,,,,,,
480900,1183.9,0.000001,,,,,,,,
481000,1184.2,0.000001,,,,,,,,
481100,1184.4,0.000001,,,,,,,,
481200,1184.6,0.000001,,,,,,,,
481300,1184.9,0.000001,,,,,,,,
481400,1185.1,0.000001,,,,,,,,
481500,1185.3,0.000001,,,,,,,,
481600,1185.5,0.000002,,,,,,,,
481700,1185.8,0.000001,,,,,,,,
481800,1186.0,0.000001,,,,,,,,
481900,1186.2,0.000002,,,,,,,,
482000,1186.4,0.000001,,,,,,,,
482100,1186.7,0.000001,,,,,,,,
482200,1186.9,0.000002,,,,,,,,
482300,1187.2,0.000002,,,,,,,,
482400,1187.4,0.000001,,,,,,,,
482500,1187.6,0.000001,,,,,,,,
482600,1187.8,0.000001,,,,,,,,
482700,1188.0,0.000001,,,,,,,,
482800,1188.2,0.000003,,,,,,,,
482900,1188.5,0.000002,,,,,,,,
483000,1188.7,0.000001,,,,,,,,
483100,1188.9,0.000001,,,,,,,,
483200,1189.1,0.000001,,,,,,,,
483300,1189.3,0.000002,,,,,,,,
483400,1189.6,0.000001,,,,,,,,
483500,1189.8,0.000001,,,,,,,,
483600,1190.0,0.000001,,,,,,,,
483700,1190.2,0.000001,,,,,,,,
483800,1190.5,0.000002,,,,,,,,
483900,1190.7,0.000001,,,,,,,,
484000,1190.9,0.000003,,,,,,,,
484100,1191.1,0.000000,,,,,,,,
484200,1191.3,0.000001,,,,,,,,
484300,1191.6,0.000001,,,,,,,,
484400,1191.8,0.000001,,,,,,,,
484500,1192.0,0.000002,,,,,,,,
484600,1192.2,0.000001,,,,,,,,
484700,1192.5,0.000002,,,,,,,,
484800,1192.7,0.000001,,,,,,,,
484900,1192.9,0.000001,,,,,,,,
485000,1194.1,0.000002,0.001020,8.332401e-02,6.407250e-03,5.696535e-03,0.000000,6.364126e-02,6.456084e-03,5.851756e-03
485100,1194.4,0.000003,,,,,,,,
485200,1194.5,0.000001,,,,,,,,
485300,1194.7,0.000001,,,,,,,,
485400,1194.9,0.000001,,,,,,,,
485500,1195.2,0.000001,,,,,,,,
485600,1195.4,0.000001,,,,,,,,
485700,1195.6,0.000001,,,,,,,,
485800,1195.8,0.000002,,,,,,,,
485900,1196.0,0.000001,,,,,,,,
486000,1196.3,0.000001,,,,,,,,
486100,1196.5,0.000001,,,,,,,,
486200,1196.8,0.000001,,,,,,,,
486300,1197.0,0.000001,,,,,,,,
486400,1197.2,0.000001,,,,,,,,
486500,1197.4,0.000001,,,,,,,,
486600,1197.7,0.000001,,,,,,,,
486700,1197.9,0.000001,,,,,,,,
486800,1198.1,0.000001,,,,,,,,
486900,1198.4,0.000001,,,,,,,,
487000,1198.6,0.000002,,,,,,,,
487100,1198.9,0.000002,,,,,,,,
487200,1199.1,0.000002,,,,,,,,
487300,1199.3,0.000001,,,,,,,,
487400,1199.6,0.000001,,,,,,,,
487500,1199.8,0.000001,,,,,,,,
487600,1200.0,0.000001,,,,,,,,
487700,1200.2,0.000001,,,,,,,,
487800,1200.4,0.000001,,,,,,,,
487900,1200.7,0.000002,,,,,,,,
488000,1200.9,0.000001,,,,,,,,
488100,1201.1,0.000001,,,,,,,,
488200,1201.3,0.000002,,,,,,,,
488300,1201.6,0.000002,,,,,,,,
488400,1201.8,0.000001,,,,,,,,
488500,1202.0,0.000001,,,,,,,,
488600,1202.2,0.000002,,,,,,,,
488700,1202.5,0.000001,,,,,,,,
488800,1202.7,0.000001,,,,,,,,
488900,1202.9,0.000001,,,,,,,,
489000,1203.1,0.000002,,,,,,,,
489100,1203.4,0.000001,,,,,,,,
489200,1203.6,0.000001,,,,,,,,
489300,1203.9,0.000001,,,,,,,,
489400,1204.1,0.000001,,,,,,,,
489500,1204.4,0.000002,,,,,,,,
489600,1204.6,0.000001,,,,,,,,
489700,1204.8,0.000001,,,,,,,,
489800,1205.0,0.000001,,,,,,,,
489900,1205.3,0.000001,,,,,,,,
490000,1206.5,0.000001,0.000575,7.591037e-02,3.610591e-03,2.728109e-03,0.000000,5.750347e-02,3.431154e-03,2.656609e-03
490100,1206.7,0.000001,,,,,,,,
490200,1206.9,0.000001,,,,,,,,
490300,1207.1,0.000001,,,,,,,,
490400,1207.3,0.000001,,,,,,,,
490500,1207.5,0.000002,,,,,,,,
490600,1207.7,0.000001,,,,,,,,
490700,1207.9,0.000003,,,,,,,,
490800,1208.2,0.000001,,,,,,,,
490900,1208.4,0.000001,,,,,,,,
491000,1208.6,0.000001,,,,,,,,
491100,1208.9,0.000002,,,,,,,,
491200,1209.1,0.000001,,,,,,,,
491300,1209.3,0.000002,,,,,,,,
491400,1209.6,0.000001,,,,,,,,
491500,1209.8,0.000001,,,,,,,,
491600,1210.0,0.000001,,,,,,,,
491700,1210.3,0.000001,,,,,,,,
491800,1210.5,0.000001,,,,,,,,
491900,1210.7,0.000001,,,,,,,,
492000,1210.9,0.000002,,,,,,,,
492100,1211.2,0.000002,,,,,,,,
492200,1211.4,0.000002,,,,,,,,
492300,1211.6,0.000001,,,,,,,,
492400,1211.8,0.000002,,,,,,,,
492500,1212.1,0.000001,,,,,,,,
492600,1212.3,0.000001,,,,,,,,
492700,1212.6,0.000001,,,,,,,,
492800,1212.8,0.000001,,,,,,,,
492900,1213.0,0.000001,,,,,,,,
493000,1213.2,0.000001,,,,,,,,
493100,1213.5,0.000002,,,,,,,,
493200,1213.7,0.000001,,,,,,,,
493300,1213.9,0.000001,,,,,,,,
493400,1214.1,0.000001,,,,,,,,
493500,1214.4,0.000001,,,,,,,,
493600,1214.6,0.000001,,,,,,,,
493700,1214.8,0.000001,,,,,,,,
493800,1215.1,0.000001,,,,,,,,
493900,1215.3,0.000002,,,,,,,,
494000,1215.5,0.000001,,,,,,,,
494100,1215.7,0.000001,,,,,,,,
494200,1216.0,0.000001,,,,,,,,
494300,1216.2,0.000001,,,,,,,,
494400,1216.4,0.000004,,,,,,,,
494500,1216.6,0.000001,,,,,,,,
494600,1216.9,0.000001,,,,,,,,
494700,1217.1,0.000000,,,,,,,,
494800,1217.3,0.000001,,,,,,,,
494900,1217.6,0.000001,,,,,,,,
495000,1218.8,0.000001,0.000739,7.081228e-02,4.640520e-03,3.964664e-03,0.000000,5.465318e-02,4.519696e-03,3.943699e-03
495100,1219.0,0.000001,,,,,,,,
495200,1219.2,0.000001,,,,,,,,
495300,1219.4,0.000002,,,,,,,,
495400,1219.6,0.000002,,,,,,,,
495500,1219.8,0.000001,,,,,,,,
495600,1220.0,0.000001,,,,,,,,
495700,1220.3,0.000001,,,,,,,,
495800,1220.5,0.000001,,,,,,,,
495900,1220.7,0.000001,,,,,,,,
496000,1220.9,0.000001,,,,,,,,
496100,1221.2,0.000001,,,,,,,,
496200,1221.4,0.000001,,,,,,,,
496300,1221.6,0.000003,,,,,,,,
496400,1221.9,0.000001,,,,,,,,
496500,1222.1,0.000001,,,,,,,,
496600,1222.3,0.000001,,,,,,,,
496700,1222.6,0.000002,,,,,,,,
496800,1222.8,0.000001,,,,,,,,
496900,1223.0,0.000002,,,,,,,,
497000,1223.2,0.000001,,,,,,,,
497100,1223.4,0.000001,,,,,,,,
497200,1223.7,0.000001,,,,,,,,
497300,1223.9,0.000001,,,,,,,,
497400,1224.1,0.000001,,,,,,,,
497500,1224.3,0.000002,,,,,,,,
497600,1224.6,0.000002,,,,,,,,
497700,1224.8,0.000001,,,,,,,,
497800,1225.0,0.000001,,,,,,,,
497900,1225.2,0.000001,,,,,,,,
498000,1225.5,0.000001,,,,,,,,
498100,1225.7,0.000002,,,,,,,,
498200,1225.9,0.000001,,,,,,,,
498300,1226.1,0.000002,,,,,,,,
498400,1226.4,0.000001,,,,,,,,
498500,1226.6,0.000001,,,,,,,,
498600,1226.8,0.000001,,,,,,,,
498700,1227.1,0.000001,,,,,,,,
498800,1227.3,0.000001,,,,,,,,
498900,1227.5,0.000002,,,,,,,,
499000,1227.7,0.000001,,,,,,,,
499100,1228.0,0.000001,,,,,,,,
499200,1228.2,0.000001,,,,,,,,
499300,1228.4,0.000001,,,,,,,,
499400,1228.7,0.000001,,,,,,,,
499500,1228.9,0.000001,,,,,,,,
499600,1229.1,0.000001,,,,,,,,
499700,1229.4,0.000000,,,,,,,,
499800,1229.6,0.000002,,,,,,,,
499900,1229.8,0.000001,,,,,,,,
500000,1231.1,0.000001,0.000644,9.493045e-02,4.048108e-03,2.995371e-03,0.000000,6.357432e-02,3.910752e-03,2.941788e-03
500100,1231.3,0.000001,,,,,,,,
500200,1231.5,0.000001,,,,,,,,
500300,1231.7,0.000001,,,,,,,,
500400,1231.9,0.000001,,,,,,,,
500500,1232.1,0.000001,,,,,,,,
500600,1232.3,0.000002,,,,,,,,
500700,1232.5,0.000001,,,,,,,,
500800,1232.7,0.000001,,,,,,,,
500900,1232.9,0.000001,,,,,,,,
501000,1233.1,0.000001,,,,,,,,
501100,1233.3,0.000001,,,,,,,,
501200,1233.6,0.000001,,,,,,,,
501300,1233.8,0.000001,,,,,,,,
501400,1234.0,0.000002,,,,,,,,
501500,1234.3,0.000001,,,,,,,,
501600,1234.5,0.000001,,,,,,,,
501700,1234.7,0.000001,,,,,,,,
501800,1235.0,0.000001,,,,,,,,
501900,1235.2,0.000001,,,,,,,,
502000,1235.4,0.000001,,,,,,,,
502100,1235.6,0.000001,,,,,,,,
502200,1235.9,0.000001,,,,,,,,
502300,1236.1,0.000001,,,,,,,,
502400,1236.3,0.000001,,,,,,,,
502500,1236.6,0.000001,,,,,,,,
502600,1236.8,0.000001,,,,,,,,
502700,1237.0,0.000001,,,,,,,,
502800,1237.3,0.000001,,,,,,,,
502900,1237.5,0.000003,,,,,,,,
503000,1237.7,0.000001,,,,,,,,
503100,1238.0,0.000001,,,,,,,,
503200,1238.2,0.000002,,,,,,,,
503300,1238.4,0.000000,,,,,,,,
503400,1238.7,0.000001,,,,,,,,
503500,1238.9,0.000001,,,,,,,,
503600,1239.1,0.000001,,,,,,,,
503700,1239.4,0.000002,,,,,,,,
503800,1239.6,0.000002,,,,,,,,
503900,1239.8,0.000001,,,,,,,,
504000,1240.0,0.000001,,,,,,,,
504100,1240.3,0.000001,,,,,,,,
504200,1240.5,0.000002,,,,,,,,
504300,1240.7,0.000001,,,,,,,,
504400,1240.9,0.000001,,,,,,,,
504500,1241.2,0.000003,,,,,,,,
504600,1241.4,0.000001,,,,,,,,
504700,1241.6,0.000001,,,,,,,,
504800,1241.8,0.000001,,,,,,,,
504900,1242.1,0.000003,,,,,,,,
505000,1243.3,0.000001,0.001007,9.675530e-02,6.326964e-03,5.996399e-03,0.000000,6.879235e-02,6.327100e-03,6.097087e-03
505100,1243.5,0.000001,,,,,,,,
505200,1243.7,0.000001,,,,,,,,
505300,1243.9,0.000002,,,,,,,,
505400,1244.1,0.000001,,,,,,,,
505500,1244.3,0.000002,,,,,,,,
505600,1244.5,0.000001,,,,,,,,
505700,1244.7,0.000001,,,,,,,,
505800,1244.9,0.000001,,,,,,,,
505900,1245.1,0.000001,,,,,,,,
506000,1245.4,0.000001,,,,,,,,
506100,1245.6,0.000001,,,,,,,,
506200,1245.8,0.000001,,,,,,,,
506300,1246.1,0.000001,,,,,,,,
506400,1246.3,0.000001,,,,,,,,
506500,1246.6,0.000001,,,,,,,,
506600,1246.8,0.000002,,,,,,,,
506700,1247.0,0.000001,,,,,,,,
506800,1247.2,0.000001,,,,,,,,
506900,1247.5,0.000001,,,,,,,,
507000,1247.7,0.000001,,,,,,,,
507100,1247.9,0.000001,,,,,,,,
507200,1248.1,0.000001,,,,,,,,
507300,1248.4,0.000001,,,,,,,,
507400,1248.6,0.000002,,,,,,,,
507500,1248.8,0.000001,,,,,,,,
507600,1249.0,0.000001,,,,,,,,
507700,1249.3,0.000001,,,,,,,,
507800,1249.5,0.000001,,,,,,,,
507900,1249.7,0.000002,,,,,,,,
508000,1250.0,0.000001,,,,,,,,
508100,1250.2,0.000001,,,,,,,,
508200,1250.4,0.000001,,,,,,,,
508300,1250.7,0.000001,,,,,,,,
508400,1250.9,0.000002,,,,,,,,
508500,1251.1,0.000001,,,,,,,,
508600,1251.4,0.000001,,,,,,,,
508700,1251.6,0.000004,,,,,,,,
508800,1251.8,0.000001,,,,,,,,
508900,1252.0,0.000001,,,,,,,,
509000,1252.3,0.000000,,,,,,,,
509100,1252.5,0.000001,,,,,,,,
509200,1252.7,0.000002,,,,,,,,
509300,1253.0,0.000001,,,,,,,,
509400,1253.2,0.000001,,,,,,,,
509500,1253.4,0.000001,,,,,,,,
509600,1253.7,0.000001,,,,,,,,
509700,1253.9,0.000001,,,,,,,,
509800,1254.1,0.000003,,,,,,,,
509900,1254.4,0.000001,,,,,,,,
510000,1255.6,0.000001,0.000546,7.571963e-02,3.430176e-03,2.566073e-03,0.000000,5.296851e-02,3.311347e-03,2.510598e-03
510100,1255.8,0.000001,,,,,,,,
510200,1256.0,0.000002,,,,,,,,
510300,1256.2,0.000001,,,,,,,,
510400,1256.4,0.000001,,,,,,,,
510500,1256.6,0.000001,,,,,,,,
510600,1256.8,0.000001,,,,,,,,
510700,1257.0,0.000001,,,,,,,,
510800,1257.3,0.000001,,,,,,,,
510900,1257.5,0.000001,,,,,,,,
511000,1257.7,0.000002,,,,,,,,
511100,1257.9,0.000001,,,,,,,,
511200,1258.2,0.000001,,,,,,,,
511300,1258.4,0.000001,,,,,,,,
511400,1258.7,0.000001,,,,,,,,
511500,1258.9,0.000003,,,,,,,,
511600,1259.1,0.000001,,,,,,,,
511700,1259.3,0.000001,,,,,,,,
511800,1259.5,0.000001,,,,,,,,
511900,1259.8,0.000001,,,,,,,,
512000,1260.0,0.000001,,,,,,,,
512100,1260.2,0.000001,,,,,,,,
512200,1260.4,0.000001,,,,,,,,
512300,1260.7,0.000001,,,,,,,,
512400,1260.9,0.000001,,,,,,,,
512500,1261.1,0.000002,,,,,,,,
512600,1261.3,0.000002,,,,,,,,
512700,1261.5,0.000000,,,,,,,,
512800,1261.8,0.000001,,,,,,,,
512900,1262.0,0.000001,,,,,,,,
513000,1262.2,0.000002,,,,,,,,
513100,1262.4,0.000002,,,,,,,,
513200,1262.7,0.000001,,,,,,,,
513300,1262.9,0.000001,,,,,,,,
513400,1263.1,0.000001,,,,,,,,
513500,1263.3,0.000001,,,,,,,,
513600,1263.5,0.000001,,,,,,,,
513700,1263.8,0.000002,,,,,,,,
513800,1264.0,0.000001,,,,,,,,
513900,1264.2,0.000001,,,,,,,,
514000,1264.5,0.000001,,,,,,,,
514100,1264.7,0.000001,,,,,,,,
514200,1264.9,0.000001,,,,,,,,
514300,1265.1,0.000001,,,,,,,,
514400,1265.4,0.000001,,,,,,,,
514500,1265.6,0.000001,,,,,,,,
514600,1265.8,0.000001,,,,,,,,
514700,1266.0,0.000001,,,,,,,,
514800,1266.3,0.000001,,,,,,,,
514900,1266.5,0.000001,,,,,,,,
515000,1267.7,0.000001,0.000816,7.411460e-02,5.125300e-03,4.174640e-03,0.000000,5.552841e-02,4.915164e-03,4.012667e-03
515100,1267.9,0.000001,,,,,,,,
515200,1268.1,0.000001,,,,,,,,
515300,1268.3,0.000001,,,,,,,,
515400,1268.5,0.000002,,,,,,,,
515500,1268.7,0.000001,,,,,,,,
515600,1269.0,0.000001,,,,,,,,
515700,1269.2,0.000001,,,,,,,,
515800,1269.4,0.000001,,,,,,,,
515900,1269.7,0.000001,,,,,,,,
516000,1269.9,0.000001,,,,,,,,
516100,1270.1,0.000000,,,,,,,,
516200,1270.4,0.000002,,,,,,,,
516300,1270.6,0.000001,,,,,,,,
516400,1270.8,0.000001,,,,,,,,
516500,1271.1,0.000001,,,,,,,,
516600,1271.3,0.000001,,,,,,,,
516700,1271.5,0.000001,,,,,,,,
516800,1271.7,0.000001,,,,,,,,
516900,1272.0,0.000001,,,,,,,,
517000,1272.2,0.000001,,,,,,,,
517100,1272.4,0.000001,,,,,,,,
517200,1272.7,0.000001,,,,,,,,
517300,1272.9,0.000001,,,,,,,,
517400,1273.1,0.000001,,,,,,,,
517500,1273.4,0.000001,,,,,,,,
517600,1273.6,0.000001,,,,,,,,
517700,1273.8,0.000001,,,,,,,,
517800,1274.0,0.000001,,,,,,,,
517900,1274.3,0.000001,,,,,,,,
518000,1274.5,0.000001,,,,,,,,
518100,1274.7,0.000001,,,,,,,,
518200,1274.9,0.000001,,,,,,,,
518300,1275.2,0.000003,,,,,,,,
518400,1275.4,0.000002,,,,,,,,
518500,1275.6,0.000001,,,,,,,,
518600,1275.8,0.000001,,,,,,,,
518700,1276.1,0.000002,,,,,,,,
518800,1276.3,0.000001,,,,,,,,
518900,1276.5,0.000001,,,,,,,,
519000,1276.8,0.000001,,,,,,,,
519100,1277.0,0.000001,,,,,,,,
519200,1277.2,0.000001,,,,,,,,
519300,1277.4,0.000000,,,,,,,,
519400,1277.6,0.000001,,,,,,,,
519500,1277.9,0.000001,,,,,,,,
519600,1278.1,0.000001,,,,,,,,
519700,1278.3,0.000001,,,,,,,,
519800,1278.6,0.000000,,,,,,,,
519900,1278.8,0.000001,,,,,,,,
520000,1280.0,0.000001,0.000735,1.101754e-01,4.617229e-03,3.774904e-03,0.000000,8.082701e-02,4.491322e-03,3.753071e-03
520100,1280.2,0.000001,,,,,,,,
520200,1280.4,0.000001,,,,,,,,
520300,1280.6,0.000001,,,,,,,,
520400,1280.8,0.000001,,,,,,,,
520500,1281.1,0.000001,,,,,,,,
520600,1281.3,0.000001,,,,,,,,
520700,1281.5,0.000001,,,,,,,,
520800,1281.7,0.000001,,,,,,,,
520900,1281.9,0.000002,,,,,,,,
521000,1282.2,0.000001,,,,,,,,
521100,1282.4,0.000001,,,,,,,,
521200,1282.6,0.000001,,,,,,,,
521300,1282.8,0.000001,,,,,,,,
521400,1283.1,0.000001,,,,,,,,
521500,1283.3,0.000002,,,,,,,,
521600,1283.5,0.000001,,,,,,,,
521700,1283.7,0.000001,,,,,,,,
521800,1284.0,0.000002,,,,,,,,
521900,1284.2,0.000001,,,,,,,,
522000,1284.4,0.000001,,,,,,,,
522100,1284.6,0.000001,,,,,,,,
522200,1284.9,0.000001,,,,,,,,
522300,1285.1,0.000001,,,,,,,,
522400,1285.3,0.000001,,,,,,,,
522500,1285.5,0.000001,,,,,,,,
522600,1285.8,0.000003,,,,,,,,
522700,1286.0,0.000001,,,,,,,,
522800,1286.2,0.000002,,,,,,,,
522900,1286.5,0.000001,,,,,,,,
523000,1286.7,0.000001,,,,,,,,
523100,1286.9,0.000001,,,,,,,,
523200,1287.2,0.000001,,,,,,,,
523300,1287.4,0.000001,,,,,,,,
523400,1287.6,0.000001,,,,,,,,
523500,1287.9,0.000001,,,,,,,,
523600,1288.1,0.000001,,,,,,,,
523700,1288.3,0.000001,,,,,,,,
523800,1288.5,0.000001,,,,,,,,
523900,1288.7,0.000001,,,,,,,,
524000,1289.0,0.000001,,,,,,,,
524100,1289.2,0.000001,,,,,,,,
524200,1289.4,0.000001,,,,,,,,
524300,1289.7,0.000001,,,,,,,,
524400,1289.9,0.000001,,,,,,,,
524500,1290.1,0.000001,,,,,,,,
524600,1290.4,0.000001,,,,,,,,
524700,1290.6,0.000001,,,,,,,,
524800,1290.8,0.000001,,,,,,,,
524900,1291.1,0.000001,,,,,,,,
525000,1292.3,0.000001,0.000980,1.026810e-01,6.156865e-03,4.832185e-03,0.000000,8.266038e-02,6.149436e-03,4.878124e-03
525100,1292.5,0.000002,,,,,,,,
525200,1292.7,0.000001,,,,,,,,
525300,1292.9,0.000001,,,,,,,,
525400,1293.1,0.000001,,,,,,,,
525500,1293.3,0.000001,,,,,,,,
525600,1293.5,0.000002,,,,,,,,
525700,1293.8,0.000001,,,,,,,,
525800,1294.0,0.000001,,,,,,,,
525900,1294.2,0.000001,,,,,,,,
526000,1294.5,0.000001,,,,,,,,
526100,1294.7,0.000001,,,,,,,,
526200,1294.9,0.000001,,,,,,,,
526300,1295.2,0.000001,,,,,,,,
526400,1295.4,0.000001,,,,,,,,
526500,1295.6,0.000001,,,,,,,,
526600,1295.9,0.000001,,,,,,,,
526700,1296.1,0.000001,,,,,,,,
526800,1296.3,0.000002,,,,,,,,
526900,1296.5,0.000001,,,,,,,,
527000,1296.8,0.000001,,,,,,,,
527100,1297.0,0.000001,,,,,,,,
527200,1297.3,0.000001,,,,,,,,
527300,1297.5,0.000001,,,,,,,,
527400,1297.7,0.000001,,,,,,,,
527500,1297.9,0.000001,,,,,,,,
527600,1298.2,0.000001,,,,,,,,
527700,1298.4,0.000001,,,,,,,,
527800,1298.6,0.000001,,,,,,,,
527900,1298.8,0.000001,,,,,,,,
528000,1299.1,0.000002,,,,,,,,
528100,1299.3,0.000001,,,,,,,,
528200,1299.5,0.000002,,,,,,,,
528300,1299.8,0.000001,,,,,,,,
528400,1300.0,0.000001,,,,,,,,
528500,1300.2,0.000001,,,,,,,,
528600,1300.5,0.000000,,,,,,,,
528700,1300.7,0.000001,,,,,,,,
528800,1300.9,0.000001,,,,,,,,
528900,1301.1,0.000001,,,,,,,,
529000,1301.4,0.000001,,,,,,,,
529100,1301.6,0.000001,,,,,,,,
529200,1301.8,0.000001,,,,,,,,
529300,1302.1,0.000001,,,,,,,,
529400,1302.3,0.000003,,,,,,,,
529500,1302.5,0.000001,,,,,,,,
529600,1302.8,0.000001,,,,,,,,
529700,1303.0,0.000001,,,,,,,,
529800,1303.2,0.000001,,,,,,,,
529900,1303.5,0.000001,,,,,,,,
530000,1304.7,0.000001,0.000565,9.063120e-02,3.547561e-03,2.587875e-03,0.000000,5.331821e-02,3.396175e-03,2.542159e-03
530100,1304.9,0.000001,,,,,,,,
530200,1305.1,0.000001,,,,,,,,
530300,1305.3,0.000001,,,,,,,,
530400,1305.5,0.000001,,,,,,,,
530500,1305.7,0.000001,,,,,,,,
530600,1306.0,0.000001,,,,,,,,
530700,1306.2,0.000001,,,,,,,,
530800,1306.4,0.000001,,,,,,,,
530900,1306.6,0.000001,,,,,,,,
531000,1306.9,0.000001,,,,,,,,
531100,1307.1,0.000001,,,,,,,,
531200,1307.3,0.000001,,,,,,,,
531300,1307.5,0.000002,,,,,,,,
531400,1307.8,0.000001,,,,,,,,
531500,1308.0,0.000001,,,,,,,,
531600,1308.2,0.000001,,,,,,,,
531700,1308.4,0.000001,,,,,,,,
531800,1308.7,0.000001,,,,,,,,
531900,1308.9,0.000001,,,,,,,,
532000,1309.1,0.000002,,,,,,,,
532100,1309.4,0.000001,,,,,,,,
532200,1309.6,0.000001,,,,,,,,
532300,1309.8,0.000001,,,,,,,,
532400,1310.0,0.000001,,,,,,,,
532500,1310.3,0.000002,,,,,,,,
532600,1310.5,0.000001,,,,,,,,
532700,1310.7,0.000001,,,,,,,,
532800,1310.9,0.000001,,,,,,,,
532900,1311.2,0.000001,,,,,,,,
533000,1311.4,0.000001,,,,,,,,
533100,1311.6,0.000001,,,,,,,,
533200,1311.8,0.000001,,,,,,,,
533300,1312.1,0.000001,,,,,,,,
533400,1312.3,0.000001,,,,,,,,
533500,1312.5,0.000001,,,,,,,,
533600,1312.7,0.000002,,,,,,,,
533700,1313.0,0.000001,,,,,,,,
533800,1313.2,0.000001,,,,,,,,
533900,1313.4,0.000001,,,,,,,,
534000,1313.7,0.000001,,,,,,,,
534100,1313.9,0.000001,,,,,,,,
534200,1314.1,0.000001,,,,,,,,
534300,1314.4,0.000001,,,,,,,,
534400,1314.6,0.000001,,,,,,,,
534500,1314.8,0.000001,,,,,,,,
534600,1315.0,0.000001,,,,,,,,
534700,1315.3,0.000001,,,,,,,,
534800,1315.5,0.000001,,,,,,,,
534900,1315.7,0.000001,,,,,,,,
535000,1317.0,0.000001,0.000513,8.579043e-02,3.222232e-03,2.304352e-03,0.000000,6.555129e-02,3.024704e-03,2.198452e-03
535100,1317.2,0.000000,,,,,,,,
535200,1317.4,0.000001,,,,,,,,
535300,1317.6,0.000001,,,,,,,,
535400,1317.8,0.000001,,,,,,,,
535500,1318.0,0.000001,,,,,,,,
535600,1318.2,0.000001,,,,,,,,
535700,1318.4,0.000001,,,,,,,,
535800,1318.7,0.000001,,,,,,,,
535900,1318.9,0.000001,,,,,,,,
536000,1319.1,0.000001,,,,,,,,
536100,1319.3,0.000001,,,,,,,,
536200,1319.6,0.000001,,,,,,,,
536300,1319.8,0.000001,,,,,,,,
536400,1320.0,0.000001,,,,,,,,
536500,1320.2,0.000001,,,,,,,,
536600,1320.5,0.000001,,,,,,,,
536700,1320.7,0.000001,,,,,,,,
536800,1320.9,0.000001,,,,,,,,
536900,1321.1,0.000001,,,,,,,,
537000,1321.4,0.000001,,,,,,,,
537100,1321.6,0.000001,,,,,,,,
537200,1321.8,0.000001,,,,,,,,
537300,1322.1,0.000001,,,,,,,,
537400,1322.3,0.000002,,,,,,,,
537500,1322.5,0.000001,,,,,,,,
537600,1322.8,0.000001,,,,,,,,
537700,1323.0,0.000002,,,,,,,,
537800,1323.2,0.000000,,,,,,,,
537900,1323.4,0.000001,,,,,,,,
538000,1323.7,0.000002,,,,,,,,
538100,1323.9,0.000001,,,,,,,,
538200,1324.1,0.000001,,,,,,,,
538300,1324.3,0.000001,,,,,,,,
538400,1324.6,0.000001,,,,,,,,
538500,1324.8,0.000003,,,,,,,,
538600,1325.0,0.000002,,,,,,,,
538700,1325.2,0.000001,,,,,,,,
538800,1325.4,0.000001,,,,,,,,
538900,1325.6,0.000001,,,,,,,,
539000,1325.9,0.000001,,,,,,,,
539100,1326.1,0.000001,,,,,,,,
539200,1326.3,0.000001,,,,,,,,
539300,1326.5,0.000000,,,,,,,,
539400,1326.7,0.000002,,,,,,,,
539500,1327.0,0.000001,,,,,,,,
539600,1327.2,0.000003,,,,,,,,
539700,1327.4,0.000001,,,,,,,,
539800,1327.7,0.000001,,,,,,,,
539900,1327.9,0.000001,,,,,,,,
540000,1329.1,0.000001,0.000655,7.112218e-02,4.112394e-03,3.509263e-03,0.000000,7.112218e-02,3.994644e-03,3.452382e-03
540100,1329.3,0.000001,,,,,,,,
540200,1329.5,0.000001,,,,,,,,
540300,1329.7,0.000001,,,,,,,,
540400,1329.9,0.000006,,,,,,,,
540500,1330.1,0.000001,,,,,,,,
540600,1330.4,0.000001,,,,,,,,
540700,1330.6,0.000001,,,,,,,,
540800,1330.8,0.000001,,,,,,,,
540900,1331.0,0.000000,,,,,,,,
541000,1331.3,0.000001,,,,,,,,
541100,1331.5,0.000001,,,,,,,,
541200,1331.8,0.000001,,,,,,,,
541300,1332.0,0.000001,,,,,,,,
541400,1332.3,0.000000,,,,,,,,
541500,1332.5,0.000001,,,,,,,,
541600,1332.7,0.000000,,,,,,,,
541700,1333.0,0.000001,,,,,,,,
541800,1333.2,0.000001,,,,,,,,
541900,1333.4,0.000001,,,,,,,,
542000,1333.6,0.000000,,,,,,,,
542100,1333.9,0.000001,,,,,,,,
542200,1334.1,0.000001,,,,,,,,
542300,1334.3,0.000001,,,,,,,,
542400,1334.6,0.000001,,,,,,,,
542500,1334.8,0.000002,,,,,,,,
542600,1335.0,0.000001,,,,,,,,
542700,1335.2,0.000002,,,,,,,,
542800,1335.5,0.000001,,,,,,,,
542900,1335.7,0.000001,,,,,,,,
543000,1335.9,0.000001,,,,,,,,
543100,1336.2,0.000001,,,,,,,,
543200,1336.4,0.000001,,,,,,,,
543300,1336.7,0.000001,,,,,,,,
543400,1336.9,0.000001,,,,,,,,
543500,1337.1,0.000001,,,,,,,,
543600,1337.3,0.000001,,,,,,,,
543700,1337.6,0.000001,,,,,,,,
543800,1337.8,0.000001,,,,,,,,
543900,1338.0,0.000001,,,,,,,,
544000,1338.2,0.000001,,,,,,,,
544100,1338.5,0.000001,,,,,,,,
544200,1338.7,0.000000,,,,,,,,
544300,1338.9,0.000001,,,,,,,,
544400,1339.2,0.000001,,,,,,,,
544500,1339.4,0.000001,,,,,,,,
544600,1339.6,0.000001,,,,,,,,
544700,1339.8,0.000001,,,,,,,,
544800,1340.0,0.000001,,,,,,,,
544900,1340.3,0.000001,,,,,,,,
545000,1341.5,0.000001,0.000558,8.121900e-02,3.507984e-03,2.672114e-03,0.000000,6.360675e-02,3.362829e-03,2.624505e-03
545100,1341.7,0.000001,,,,,,,,
545200,1341.9,0.000001,,,,,,,,
545300,1342.1,0.000000,,,,,,,,
545400,1342.3,0.000001,,,,,,,,
545500,1342.5,0.000001,,,,,,,,
545600,1342.7,0.000001,,,,,,,,
545700,1342.9,0.000001,,,,,,,,
545800,1343.2,0.000002,,,,,,,,
545900,1343.4,0.000001,,,,,,,,
546000,1343.6,0.000001,,,,,,,,
546100,1343.9,0.000001,,,,,,,,
546200,1344.1,0.000001,,,,,,,,
546300,1344.3,0.000002,,,,,,,,
546400,1344.6,0.000001,,,,,,,,
546500,1344.8,0.000001,,,,,,,,
546600,1345.0,0.000001,,,,,,,,
546700,1345.3,0.000001,,,,,,,,
546800,1345.5,0.000001,,,,,,,,
546900,1345.7,0.000001,,,,,,,,
547000,1345.9,0.000001,,,,,,,,
547100,1346.2,0.000001,,,,,,,,
547200,1346.4,0.000001,,,,,,,,
547300,1346.6,0.000001,,,,,,,,
547400,1346.8,0.000001,,,,,,,,
547500,1347.1,0.000001,,,,,,,,
547600,1347.3,0.000001,,,,,,,,
547700,1347.5,0.000001,,,,,,,,
547800,1347.8,0.000001,,,,,,,,
547900,1348.0,0.000001,,,,,,,,
548000,1348.2,0.000001,,,,,,,,
548100,1348.4,0.000001,,,,,,,,
548200,1348.7,0.000001,,,,,,,,
548300,1348.9,0.000001,,,,,,,,
548400,1349.2,0.000002,,,,,,,,
548500,1349.4,0.000001,,,,,,,,
548600,1349.6,0.000001,,,,,,,,
548700,1349.9,0.000001,,,,,,,,
548800,1350.1,0.000001,,,,,,,,
548900,1350.3,0.000000,,,,,,,,
549000,1350.5,0.000001,,,,,,,,
549100,1350.8,0.000002,,,,,,,,
549200,1351.0,0.000002,,,,,,,,
549300,1351.2,0.000001,,,,,,,,
549400,1351.5,0.000001,,,,,,,,
549500,1351.7,0.000001,,,,,,,,
549600,1351.9,0.000001,,,,,,,,
549700,1352.1,0.000001,,,,,,,,
549800,1352.3,0.000001,,,,,,,,
549900,1352.6,0.000001,,,,,,,,
550000,1353.8,0.000001,0.000533,7.245401e-02,3.349546e-03,2.460836e-03,0.000000,6.654526e-02,3.180304e-03,2.367212e-03
550100,1354.0,0.000001,,,,,,,,
550200,1354.2,0.000001,,,,,,,,
550300,1354.4,0.000001,,,,,,,,
550400,1354.6,0.000001,,,,,,,,
550500,1354.8,0.000001,,,,,,,,
550600,1355.0,0.000001,,,,,,,,
550700,1355.2,0.000001,,,,,,,,
550800,1355.4,0.000001,,,,,,,,
550900,1355.6,0.000001,,,,,,,,
551000,1355.9,0.000001,,,,,,,,
551100,1356.1,0.000001,,,,,,,,
551200,1356.4,0.000001,,,,,,,,
551300,1356.6,0.000000,,,,,,,,
551400,1356.8,0.000001,,,,,,,,
551500,1357.1,0.000001,,,,,,,,
551600,1357.3,0.000002,,,,,,,,
551700,1357.5,0.000001,,,,,,,,
551800,1357.8,0.000001,,,,,,,,
551900,1358.0,0.000001,,,,,,,,
552000,1358.2,0.000002,,,,,,,,
552100,1358.4,0.000001,,,,,,,,
552200,1358.7,0.000001,,,,,,,,
552300,1358.9,0.000001,,,,,,,,
552400,1359.1,0.000001,,,,,,,,
552500,1359.4,0.000001,,,,,,,,
552600,1359.6,0.000001,,,,,,,,
552700,1359.8,0.000001,,,,,,,,
552800,1360.1,0.000001,,,,,,,,
552900,1360.3,0.000001,,,,,,,,
553000,1360.5,0.000001,,,,,,,,
553100,1360.7,0.000001,,,,,,,,
553200,1361.0,0.000001,,,,,,,,
553300,1361.2,0.000001,,,,,,,,
553400,1361.4,0.000001,,,,,,,,
553500,1361.6,0.000002,,,,,,,,
553600,1361.9,0.000001,,,,,,,,
553700,1362.1,0.000001,,,,,,,,
553800,1362.4,0.000001,,,,,,,,
553900,1362.6,0.000001,,,,,,,,
554000,1362.8,0.000001,,,,,,,,
554100,1363.0,0.000003,,,,,,,,
554200,1363.3,0.000001,,,,,,,,
554300,1363.5,0.000001,,,,,,,,
554400,1363.7,0.000001,,,,,,,,
554500,1363.9,0.000002,,,,,,,,
554600,1364.2,0.000002,,,,,,,,
554700,1364.4,0.000000,,,,,,,,
554800,1364.6,0.000001,,,,,,,,
554900,1364.8,0.000001,,,,,,,,
555000,1366.1,0.000003,0.000616,8.170987e-02,3.867541e-03,2.834073e-03,0.000000,8.170987e-02,3.715687e-03,2.758594e-03
555100,1366.3,0.000001,,,,,,,,
555200,1366.5,0.000001,,,,,,,,
555300,1366.7,0.000001,,,,,,,,
555400,1366.9,0.000001,,,,,,,,
555500,1367.1,0.000001,,,,,,,,
555600,1367.3,0.000000,,,,,,,,
555700,1367.6,0.000001,,,,,,,,
555800,1367.8,0.000002,,,,,,,,
555900,1368.0,0.000002,,,,,,,,
556000,1368.2,0.000001,,,,,,,,
556100,1368.5,0.000001,,,,,,,,
556200,1368.7,0.000001,,,,,,,,
556300,1368.9,0.000002,,,,,,,,
556400,1369.2,0.000001,,,,,,,,
556500,1369.4,0.000000,,,,,,,,
556600,1369.6,0.000001,,,,,,,,
556700,1369.8,0.000001,,,,,,,,
556800,1370.1,0.000001,,,,,,,,
556900,1370.3,0.000002,,,,,,,,
557000,1370.5,0.000001,,,,,,,,
557100,1370.8,0.000001,,,,,,,,
557200,1371.0,0.000001,,,,,,,,
557300,1371.2,0.000001,,,,,,,,
557400,1371.4,0.000001,,,,,,,,
557500,1371.7,0.000001,,,,,,,,
557600,1371.9,0.000001,,,,,,,,
557700,1372.1,0.000001,,,,,,,,
557800,1372.4,0.000001,,,,,,,,
557900,1372.6,0.000001,,,,,,,,
558000,1372.8,0.000001,,,,,,,,
558100,1373.1,0.000001,,,,,,,,
558200,1373.3,0.000001,,,,,,,,
558300,1373.5,0.000002,,,,,,,,
558400,1373.8,0.000001,,,,,,,,
558500,1374.0,0.000001,,,,,,,,
558600,1374.2,0.000001,,,,,,,,
558700,1374.4,0.000001,,,,,,,,
558800,1374.7,0.000001,,,,,,,,
558900,1374.9,0.000001,,,,,,,,
559000,1375.1,0.000001,,,,,,,,
559100,1375.4,0.000001,,,,,,,,
559200,1375.6,0.000001,,,,,,,,
559300,1375.8,0.000002,,,,,,,,
559400,1376.1,0.000001,,,,,,,,
559500,1376.3,0.000001,,,,,,,,
559600,1376.5,0.000001,,,,,,,,
559700,1376.7,0.000001,,,,,,,,
559800,1377.0,0.000001,,,,,,,,
559900,1377.2,0.000004,,,,,,,,
560000,1378.4,0.000002,0.001049,1.133180e-01,6.593514e-03,5.549283e-03,0.000000,6.196357e-02,6.636956e-03,5.710975e-03
560100,1378.6,0.000001,,,,,,,,
560200,1378.8,0.000001,,,,,,,,
560300,1379.0,0.000001,,,,,,,,
560400,1379.2,0.000001,,,,,,,,
560500,1379.4,0.000001,,,,,,,,
560600,1379.7,0.000001,,,,,,,,
560700,1379.9,0.000001,,,,,,,,
560800,1380.1,0.000001,,,,,,,,
560900,1380.3,0.000000,,,,,,,,
561000,1380.6,0.000001,,,,,,,,
561100,1380.8,0.000000,,,,,,,,
561200,1381.0,0.000001,,,,,,,,
561300,1381.3,0.000001,,,,,,,,
561400,1381.5,0.000001,,,,,,,,
561500,1381.7,0.000001,,,,,,,,
561600,1382.0,0.000001,,,,,,,,
561700,1382.2,0.000001,,,,,,,,
561800,1382.4,0.000001,,,,,,,,
561900,1382.6,0.000001,,,,,,,,
562000,1382.9,0.000001,,,,,,,,
562100,1383.1,0.000002,,,,,,,,
562200,1383.3,0.000001,,,,,,,,
562300,1383.5,0.000001,,,,,,,,
562400,1383.8,0.000001,,,,,,,,
562500,1384.0,0.000002,,,,,,,,
562600,1384.2,0.000001,,,,,,,,
562700,1384.5,0.000001,,,,,,,,
562800,1384.7,0.000001,,,,,,,,
562900,1384.9,0.000001,,,,,,,,
563000,1385.1,0.000001,,,,,,,,
563100,1385.4,0.000001,,,,,,,,
563200,1385.6,0.000001,,,,,,,,
563300,1385.8,0.000001,,,,,,,,
563400,1386.1,0.000000,,,,,,,,
563500,1386.3,0.000001,,,,,,,,
563600,1386.5,0.000001,,,,,,,,
563700,1386.7,0.000000,,,,,,,,
563800,1386.9,0.000001,,,,,,,,
563900,1387.1,0.000001,,,,,,,,
564000,1387.3,0.000000,,,,,,,,
564100,1387.5,0.000001,,,,,,,,
564200,1387.8,0.000001,,,,,,,,
564300,1388.0,0.000001,,,,,,,,
564400,1388.2,0.000001,,,,,,,,
564500,1388.5,0.000001,,,,,,,,
564600,1388.7,0.000004,,,,,,,,
564700,1388.9,0.000001,,,,,,,,
564800,1389.1,0.000001,,,,,,,,
564900,1389.3,0.000001,,,,,,,,
565000,1390.6,0.000001,0.000580,8.261257e-02,3.642739e-03,2.714470e-03,0.000000,6.314678e-02,3.524146e-03,2.654800e-03
565100,1390.8,0.000001,,,,,,,,
565200,1391.0,0.000001,,,,,,,,
565300,1391.2,0.000001,,,,,,,,
565400,1391.4,0.000001,,,,,,,,
565500,1391.6,0.000001,,,,,,,,
565600,1391.8,0.000000,,,,,,,,
565700,1392.0,0.000001,,,,,,,,
565800,1392.2,0.000001,,,,,,,,
565900,1392.4,0.000002,,,,,,,,
566000,1392.6,0.000002,,,,,,,,
566100,1392.9,0.000000,,,,,,,,
566200,1393.1,0.000001,,,,,,,,
566300,1393.3,0.000001,,,,,,,,
566400,1393.5,0.000001,,,,,,,,
566500,1393.8,0.000000,,,,,,,,
566600,1394.0,0.000001,,,,,,,,
566700,1394.2,0.000001,,,,,,,,
566800,1394.4,0.000001,,,,,,,,
566900,1394.7,0.000001,,,,,,,,
567000,1394.9,0.000001,,,,,,,,
567100,1395.1,0.000001,,,,,,,,
567200,1395.3,0.000003,,,,,,,,
567300,1395.5,0.000001,,,,,,,,
567400,1395.8,0.000001,,,,,,,,
567500,1396.0,0.000001,,,,,,,,
567600,1396.2,0.000001,,,,,,,,
567700,1396.5,0.000001,,,,,,,,
567800,1396.7,0.000001,,,,,,,,
567900,1396.9,0.000001,,,,,,,,
568000,1397.2,0.000002,,,,,,,,
568100,1397.4,0.000001,,,,,,,,
568200,1397.7,0.000001,,,,,,,,
568300,1397.9,0.000001,,,,,,,,
568400,1398.1,0.000001,,,,,,,,
568500,1398.3,0.000001,,,,,,,,
568600,1398.6,0.000001,,,,,,,,
568700,1398.8,0.000001,,,,,,,,
568800,1399.0,0.000001,,,,,,,,
568900,1399.3,0.000001,,,,,,,,
569000,1399.5,0.000001,,,,,,,,
569100,1399.7,0.000000,,,,,,,,
569200,1399.9,0.000001,,,,,,,,
569300,1400.2,0.000001,,,,,,,,
569400,1400.4,0.000001,,,,,,,,
569500,1400.6,0.000001,,,,,,,,
569600,1400.9,0.000001,,,,,,,,
569700,1401.1,0.000001,,,,,,,,
569800,1401.3,0.000003,,,,,,,,
569900,1401.6,0.000001,,,,,,,,
570000,1402.8,0.000002,0.000591,6.590749e-02,3.710933e-03,2.705503e-03,0.000000,6.590749e-02,3.594363e-03,2.662966e-03
570100,1403.1,0.000001,,,,,,,,
570200,1403.2,0.000001,,,,,,,,
570300,1403.5,0.000001,,,,,,,,
570400,1403.7,0.000001,,,,,,,,
570500,1403.9,0.000001,,,,,,,,
570600,1404.1,0.000001,,,,,,,,
570700,1404.3,0.000001,,,,,,,,
570800,1404.5,0.000001,,,,,,,,
570900,1404.7,0.000001,,,,,,,,
571000,1405.0,0.000001,,,,,,,,
571100,1405.2,0.000001,,,,,,,,
571200,1405.4,0.000001,,,,,,,,
571300,1405.6,0.000001,,,,,,,,
571400,1405.8,0.000001,,,,,,,,
571500,1406.1,0.000000,,,,,,,,
571600,1406.3,0.000001,,,,,,,,
571700,1406.5,0.000001,,,,,,,,
571800,1406.7,0.000001,,,,,,,,
571900,1407.0,0.000000,,,,,,,,
572000,1407.2,0.000001,,,,,,,,
572100,1407.5,0.000001,,,,,,,,
572200,1407.7,0.000001,,,,,,,,
572300,1407.9,0.000001,,,,,,,,
572400,1408.1,0.000001,,,,,,,,
572500,1408.4,0.000001,,,,,,,,
572600,1408.6,0.000001,,,,,,,,
572700,1408.8,0.000001,,,,,,,,
572800,1409.0,0.000001,,,,,,,,
572900,1409.3,0.000001,,,,,,,,
573000,1409.5,0.000001,,,,,,,,
573100,1409.7,0.000001,,,,,,,,
573200,1410.0,0.000001,,,,,,,,
573300,1410.2,0.000001,,,,,,,,
573400,1410.4,0.000001,,,,,,,,
573500,1410.6,0.000001,,,,,,,,
573600,1410.9,0.000000,,,,,,,,
573700,1411.1,0.000001,,,,,,,,
573800,1411.3,0.000001,,,,,,,,
573900,1411.6,0.000000,,,,,,,,
574000,1411.8,0.000001,,,,,,,,
574100,1412.0,0.000001,,,,,,,,
574200,1412.2,0.000001,,,,,,,,
574300,1412.5,0.000000,,,,,,,,
574400,1412.7,0.000000,,,,,,,,
574500,1412.9,0.000001,,,,,,,,
574600,1413.2,0.000001,,,,,,,,
574700,1413.4,0.000001,,,,,,,,
574800,1413.6,0.000001,,,,,,,,
574900,1413.9,0.000000,,,,,,,,
575000,1415.1,0.000000,0.000473,6.654266e-02,2.971314e-03,2.133257e-03,0.000000,5.223895e-02,2.838421e-03,2.069457e-03
575100,1415.3,0.000001,,,,,,,,
575200,1415.5,0.000001,,,,,,,,
575300,1415.7,0.000001,,,,,,,,
575400,1415.9,0.000001,,,,,,,,
575500,1416.1,0.000000,,,,,,,,
575600,1416.4,0.000001,,,,,,,,
575700,1416.6,0.000001,,,,,,,,
575800,1416.8,0.000001,,,,,,,,
575900,1417.0,0.000001,,,,,,,,
576000,1417.3,0.000001,,,,,,,,
576100,1417.5,0.000001,,,,,,,,
576200,1417.7,0.000001,,,,,,,,
576300,1418.0,0.000001,,,,,,,,
576400,1418.2,0.000001,,,,,,,,
576500,1418.4,0.000001,,,,,,,,
576600,1418.6,0.000001,,,,,,,,
576700,1418.8,0.000002,,,,,,,,
576800,1419.1,0.000001,,,,,,,,
576900,1419.3,0.000001,,,,,,,,
577000,1419.5,0.000001,,,,,,,,
577100,1419.7,0.000001,,,,,,,,
577200,1420.0,0.000000,,,,,,,,
577300,1420.2,0.000000,,,,,,,,
577400,1420.4,0.000002,,,,,,,,
577500,1420.6,0.000001,,,,,,,,
577600,1420.8,0.000001,,,,,,,,
577700,1421.1,0.000001,,,,,,,,
577800,1421.3,0.000001,,,,,,,,
577900,1421.5,0.000001,,,,,,,,
578000,1421.8,0.000001,,,,,,,,
578100,1422.0,0.000001,,,,,,,,
578200,1422.2,0.000001,,,,,,,,
578300,1422.4,0.000001,,,,,,,,
578400,1422.7,0.000001,,,,,,,,
578500,1422.9,0.000001,,,,,,,,
578600,1423.1,0.000001,,,,,,,,
578700,1423.3,0.000000,,,,,,,,
578800,1423.6,0.000001,,,,,,,,
578900,1423.8,0.000001,,,,,,,,
579000,1424.0,0.000001,,,,,,,,
579100,1424.3,0.000001,,,,,,,,
579200,1424.5,0.000001,,,,,,,,
579300,1424.7,0.000001,,,,,,,,
579400,1424.9,0.000001,,,,,,,,
579500,1425.2,0.000001,,,,,,,,
579600,1425.4,0.000001,,,,,,,,
579700,1425.6,0.000001,,,,,,,,
579800,1425.8,0.000000,,,,,,,,
579900,1426.1,0.000001,,,,,,,,
580000,1427.3,0.000001,0.000730,6.625157e-02,4.587728e-03,3.141673e-03,0.000000,5.374498e-02,4.568013e-03,3.174831e-03
580100,1427.5,0.000001,,,,,,,,
580200,1427.7,0.000001,,,,,,,,
580300,1427.9,0.000001,,,,,,,,
580400,1428.1,0.000001,,,,,,,,
580500,1428.3,0.000001,,,,,,,,
580600,1428.5,0.000001,,,,,,,,
580700,1428.8,0.000001,,,,,,,,
580800,1429.0,0.000001,,,,,,,,
580900,1429.2,0.000001,,,,,,,,
581000,1429.4,0.000000,,,,,,,,
581100,1429.6,0.000001,,,,,,,,
581200,1429.8,0.000001,,,,,,,,
581300,1430.1,0.000001,,,,,,,,
581400,1430.3,0.000001,,,,,,,,
581500,1430.5,0.000001,,,,,,,,
581600,1430.8,0.000001,,,,,,,,
581700,1431.0,0.000001,,,,,,,,
581800,1431.2,0.000001,,,,,,,,
581900,1431.4,0.000000,,,,,,,,
582000,1431.7,0.000002,,,,,,,,
582100,1431.9,0.000001,,,,,,,,
582200,1432.1,0.000001,,,,,,,,
582300,1432.3,0.000001,,,,,,,,
582400,1432.6,0.000001,,,,,,,,
582500,1432.8,0.000001,,,,,,,,
582600,1433.0,0.000000,,,,,,,,
582700,1433.3,0.000001,,,,,,,,
582800,1433.5,0.000001,,,,,,,,
582900,1433.7,0.000002,,,,,,,,
583000,1434.0,0.000001,,,,,,,,
583100,1434.2,0.000001,,,,,,,,
583200,1434.4,0.000001,,,,,,,,
583300,1434.7,0.000001,,,,,,,,
583400,1434.9,0.000001,,,,,,,,
583500,1435.1,0.000002,,,,,,,,
583600,1435.3,0.000001,,,,,,,,
583700,1435.6,0.000001,,,,,,,,
583800,1435.8,0.000001,,,,,,,,
583900,1436.0,0.000001,,,,,,,,
584000,1436.3,0.000001,,,,,,,,
584100,1436.5,0.000001,,,,,,,,
584200,1436.7,0.000001,,,,,,,,
584300,1437.0,0.000001,,,,,,,,
584400,1437.2,0.000001,,,,,,,,
584500,1437.4,0.000001,,,,,,,,
584600,1437.6,0.000001,,,,,,,,
584700,1437.9,0.000001,,,,,,,,
584800,1438.1,0.000001,,,,,,,,
584900,1438.3,0.000000,,,,,,,,
585000,1439.6,0.000001,0.000690,7.129164e-02,4.336224e-03,3.289085e-03,0.000000,4.736901e-02,4.209612e-03,3.200184e-03
585100,1439.8,0.000000,,,,,,,,
585200,1440.0,0.000001,,,,,,,,
585300,1440.2,0.000001,,,,,,,,
585400,1440.4,0.000001,,,,,,,,
585500,1440.6,0.000001,,,,,,,,
585600,1440.8,0.000001,,,,,,,,
585700,1441.0,0.000001,,,,,,,,
585800,1441.2,0.000001,,,,,,,,
585900,1441.4,0.000001,,,,,,,,
586000,1441.7,0.000000,,,,,,,,
586100,1441.9,0.000001,,,,,,,,
586200,1442.1,0.000001,,,,,,,,
586300,1442.4,0.000001,,,,,,,,
586400,1442.6,0.000001,,,,,,,,
586500,1442.8,0.000000,,,,,,,,
586600,1443.1,0.000001,,,,,,,,
586700,1443.3,0.000001,,,,,,,,
586800,1443.5,0.000001,,,,,,,,
586900,1443.7,0.000000,,,,,,,,
587000,1443.9,0.000001,,,,,,,,
587100,1444.1,0.000001,,,,,,,,
587200,1444.4,0.000001,,,,,,,,
587300,1444.6,0.000001,,,,,,,,
587400,1444.8,0.000001,,,,,,,,
587500,1445.1,0.000001,,,,,,,,
587600,1445.3,0.000001,,,,,,,,
587700,1445.5,0.000000,,,,,,,,
587800,1445.7,0.000001,,,,,,,,
587900,1446.0,0.000001,,,,,,,,
588000,1446.2,0.000001,,,,,,,,
588100,1446.4,0.000001,,,,,,,,
588200,1446.7,0.000001,,,,,,,,
588300,1446.9,0.000001,,,,,,,,
588400,1447.1,0.000001,,,,,,,,
588500,1447.4,0.000001,,,,,,,,
588600,1447.6,0.000000,,,,,,,,
588700,1447.8,0.000001,,,,,,,,
588800,1448.1,0.000000,,,,,,,,
588900,1448.3,0.000001,,,,,,,,
589000,1448.5,0.000001,,,,,,,,
589100,1448.7,0.000001,,,,,,,,
589200,1448.9,0.000001,,,,,,,,
589300,1449.2,0.000001,,,,,,,,
589400,1449.4,0.000001,,,,,,,,
589500,1449.6,0.000000,,,,,,,,
589600,1449.8,0.000001,,,,,,,,
589700,1450.1,0.000001,,,,,,,,
589800,1450.3,0.000000,,,,,,,,
589900,1450.5,0.000001,,,,,,,,
590000,1451.8,0.000001,0.000621,8.123402e-02,3.903477e-03,3.183291e-03,0.000000,7.057644e-02,3.857321e-03,3.222773e-03
590100,1452.0,0.000001,,,,,,,,
590200,1452.2,0.000001,,,,,,,,
590300,1452.4,0.000000,,,,,,,,
590400,1452.6,0.000000,,,,,,,,
590500,1452.8,0.000001,,,,,,,,
590600,1453.0,0.000001,,,,,,,,
590700,1453.2,0.000000,,,,,,,,
590800,1453.4,0.000001,,,,,,,,
590900,1453.6,0.000001,,,,,,,,
591000,1453.9,0.000001,,,,,,,,
591100,1454.1,0.000001,,,,,,,,
591200,1454.3,0.000001,,,,,,,,
591300,1454.6,0.000001,,,,,,,,
591400,1454.8,0.000001,,,,,,,,
591500,1455.0,0.000001,,,,,,,,
591600,1455.3,0.000001,,,,,,,,
591700,1455.5,0.000001,,,,,,,,
591800,1455.7,0.000001,,,,,,,,
591900,1456.0,0.000001,,,,,,,,
592000,1456.2,0.000001,,,,,,,,
592100,1456.4,0.000001,,,,,,,,
592200,1456.7,0.000001,,,,,,,,
592300,1456.9,0.000001,,,,,,,,
592400,1457.1,0.000001,,,,,,,,
592500,1457.3,0.000001,,,,,,,,
592600,1457.6,0.000001,,,,,,,,
592700,1457.8,0.000001,,,,,,,,
592800,1458.0,0.000000,,,,,,,,
592900,1458.3,0.000000,,,,,,,,
593000,1458.5,0.000000,,,,,,,,
593100,1458.7,0.000001,,,,,,,,
593200,1458.9,0.000002,,,,,,,,
593300,1459.1,0.000001,,,,,,,,
593400,1459.4,0.000001,,,,,,,,
593500,1459.6,0.000001,,,,,,,,
593600,1459.8,0.000001,,,,,,,,
593700,1460.1,0.000001,,,,,,,,
593800,1460.3,0.000001,,,,,,,,
593900,1460.5,0.000001,,,,,,,,
594000,1460.7,0.000001,,,,,,,,
594100,1461.0,0.000000,,,,,,,,
594200,1461.2,0.000001,,,,,,,,
594300,1461.5,0.000000,,,,,,,,
594400,1461.7,0.000001,,,,,,,,
594500,1461.9,0.000000,,,,,,,,
594600,1462.1,0.000001,,,,,,,,
594700,1462.4,0.000001,,,,,,,,
594800,1462.6,0.000001,,,,,,,,
594900,1462.8,0.000001,,,,,,,,
595000,1464.1,0.000001,0.000530,9.234623e-02,3.331323e-03,2.523664e-03,0.000000,6.804372e-02,3.193859e-03,2.477693e-03
595100,1464.3,0.000001,,,,,,,,
595200,1464.5,0.000001,,,,,,,,
595300,1464.7,0.000000,,,,,,,,
595400,1464.9,0.000000,,,,,,,,
595500,1465.1,0.000001,,,,,,,,
595600,1465.3,0.000001,,,,,,,,
595700,1465.5,0.000001,,,,,,,,
595800,1465.7,0.000001,,,,,,,,
595900,1465.9,0.000001,,,,,,,,
596000,1466.2,0.000001,,,,,,,,
596100,1466.4,0.000001,,,,,,,,
596200,1466.6,0.000001,,,,,,,,
596300,1466.9,0.000000,,,,,,,,
596400,1467.1,0.000001,,,,,,,,
596500,1467.3,0.000001,,,,,,,,
596600,1467.5,0.000001,,,,,,,,
596700,1467.8,0.000002,,,,,,,,
596800,1468.0,0.000001,,,,,,,,
596900,1468.2,0.000001,,,,,,,,
597000,1468.5,0.000001,,,,,,,,
597100,1468.7,0.000002,,,,,,,,
597200,1468.9,0.000001,,,,,,,,
597300,1469.1,0.000001,,,,,,,,
597400,1469.3,0.000001,,,,,,,,
597500,1469.6,0.000000,,,,,,,,
597600,1469.8,0.000001,,,,,,,,
597700,1470.0,0.000001,,,,,,,,
597800,1470.2,0.000001,,,,,,,,
597900,1470.5,0.000001,,,,,,,,
598000,1470.7,0.000001,,,,,,,,
598100,1470.9,0.000001,,,,,,,,
598200,1471.2,0.000001,,,,,,,,
598300,1471.4,0.000000,,,,,,,,
598400,1471.6,0.000001,,,,,,,,
598500,1471.9,0.000001,,,,,,,,
598600,1472.1,0.000001,,,,,,,,
598700,1472.3,0.000001,,,,,,,,
598800,1472.5,0.000001,,,,,,,,
598900,1472.8,0.000001,,,,,,,,
599000,1473.0,0.000000,,,,,,,,
599100,1473.2,0.000001,,,,,,,,
599200,1473.4,0.000001,,,,,,,,
599300,1473.7,0.000001,,,,,,,,
599400,1473.9,0.000001,,,,,,,,
599500,1474.1,0.000000,,,,,,,,
599600,1474.3,0.000001,,,,,,,,
599700,1474.5,0.000001,,,,,,,,
599800,1474.8,0.000001,,,,,,,,
599900,1475.0,0.000001,,,,,,,,
600000,1476.2,0.000001,0.000663,6.803041e-02,4.167386e-03,3.436328e-03,0.000000,5.168671e-02,4.029863e-03,3.373128e-03
600100,1476.5,0.000001,,,,,,,,
600200,1476.7,0.000001,,,,,,,,
600300,1476.8,0.000001,,,,,,,,
600400,1477.1,0.000000,,,,,,,,
600500,1477.3,0.000001,,,,,,,,
600600,1477.5,0.000000,,,,,,,,
600700,1477.7,0.000001,,,,,,,,
600800,1477.9,0.000001,,,,,,,,
600900,1478.1,0.000001,,,,,,,,
601000,1478.4,0.000001,,,,,,,,
601100,1478.6,0.000001,,,,,,,,
601200,1478.9,0.000001,,,,,,,,
601300,1479.1,0.000001,,,,,,,,
601400,1479.3,0.000001,,,,,,,,
601500,1479.6,0.000000,,,,,,,,
601600,1479.8,0.000000,,,,,,,,
601700,1480.0,0.000000,,,,,,,,
601800,1480.2,0.000001,,,,,,,,
601900,1480.5,0.000000,,,,,,,,
602000,1480.7,0.000000,,,,,,,,
602100,1480.9,0.000001,,,,,,,,
602200,1481.1,0.000001,,,,,,,,
602300,1481.3,0.000001,,,,,,,,
602400,1481.6,0.000001,,,,,,,,
602500,1481.8,0.000001,,,,,,,,
602600,1482.0,0.000001,,,,,,,,
602700,1482.2,0.000000,,,,,,,,
602800,1482.4,0.000001,,,,,,,,
602900,1482.7,0.000001,,,,,,,,
603000,1482.9,0.000001,,,,,,,,
603100,1483.1,0.000000,,,,,,,,
603200,1483.4,0.000001,,,,,,,,
603300,1483.6,0.000001,,,,,,,,
603400,1483.8,0.000001,,,,,,,,
603500,1484.0,0.000001,,,,,,,,
603600,1484.3,0.000001,,,,,,,,
603700,1484.5,0.000001,,,,,,,,
603800,1484.7,0.000001,,,,,,,,
603900,1485.0,0.000001,,,,,,,,
604000,1485.2,0.000001,,,,,,,,
604100,1485.4,0.000001,,,,,,,,
604200,1485.7,0.000001,,,,,,,,
604300,1485.9,0.000001,,,,,,,,
604400,1486.1,0.000001,,,,,,,,
604500,1486.3,0.000001,,,,,,,,
604600,1486.6,0.000001,,,,,,,,
604700,1486.8,0.000001,,,,,,,,
604800,1487.0,0.000001,,,,,,,,
604900,1487.3,0.000001,,,,,,,,
605000,1488.5,0.000001,0.000505,6.790832e-02,3.173461e-03,2.349131e-03,0.000000,6.772257e-02,3.066717e-03,2.317196e-03
605100,1488.7,0.000001,,,,,,,,
605200,1488.9,0.000000,,,,,,,,
605300,1489.1,0.000000,,,,,,,,
605400,1489.3,0.000001,,,,,,,,
605500,1489.5,0.000001,,,,,,,,
605600,1489.7,0.000001,,,,,,,,
605700,1489.9,0.000001,,,,,,,,
605800,1490.1,0.000001,,,,,,,,
605900,1490.4,0.000001,,,,,,,,
606000,1490.6,0.000001,,,,,,,,
606100,1490.8,0.000001,,,,,,,,
606200,1491.0,0.000001,,,,,,,,
606300,1491.3,0.000000,,,,,,,,
606400,1491.5,0.000001,,,,,,,,
606500,1491.7,0.000001,,,,,,,,
606600,1492.0,0.000000,,,,,,,,
606700,1492.2,0.000001,,,,,,,,
606800,1492.5,0.000001,,,,,,,,
606900,1492.7,0.000000,,,,,,,,
607000,1492.9,0.000000,,,,,,,,
607100,1493.2,0.000001,,,,,,,,
607200,1493.4,0.000000,,,,,,,,
607300,1493.6,0.000002,,,,,,,,
607400,1493.9,0.000001,,,,,,,,
607500,1494.1,0.000001,,,,,,,,
607600,1494.3,0.000001,,,,,,,,
607700,1494.5,0.000000,,,,,,,,
607800,1494.8,0.000000,,,,,,,,
607900,1495.0,0.000001,,,,,,,,
608000,1495.2,0.000001,,,,,,,,
608100,1495.4,0.000001,,,,,,,,
608200,1495.7,0.000001,,,,,,,,
608300,1495.9,0.000001,,,,,,,,
608400,1496.1,0.000001,,,,,,,,
608500,1496.3,0.000001,,,,,,,,
608600,1496.5,0.000001,,,,,,,,
608700,1496.7,0.000001,,,,,,,,
608800,1496.9,0.000001,,,,,,,,
608900,1497.1,0.000001,,,,,,,,
609000,1497.4,0.000001,,,,,,,,
609100,1497.6,0.000001,,,,,,,,
609200,1497.8,0.000002,,,,,,,,
609300,1498.0,0.000001,,,,,,,,
609400,1498.3,0.000001,,,,,,,,
609500,1498.5,0.000001,,,,,,,,
609600,1498.7,0.000000,,,,,,,,
609700,1498.9,0.000001,,,,,,,,
609800,1499.2,0.000001,,,,,,,,
609900,1499.4,0.000001,,,,,,,,
610000,1500.6,0.000001,0.000579,8.351231e-02,3.635202e-03,2.679875e-03,0.000000,8.351231e-02,3.536500e-03,2.655050e-03
610100,1500.9,0.000001,,,,,,,,
610200,1501.0,0.000001,,,,,,,,
610300,1501.3,0.000000,,,,,,,,
610400,1501.5,0.000001,,,,,,,,
610500,1501.7,0.000001,,,,,,,,
610600,1501.9,0.000001,,,,,,,,
610700,1502.1,0.000000,,,,,,,,
610800,1502.4,0.000001,,,,,,,,
610900,1502.6,0.000001,,,,,,,,
611000,1502.8,0.000001,,,,,,,,
611100,1503.1,0.000000,,,,,,,,
611200,1503.3,0.000001,,,,,,,,
611300,1503.6,0.000001,,,,,,,,
611400,1503.8,0.000001,,,,,,,,
611500,1504.0,0.000001,,,,,,,,
611600,1504.2,0.000001,,,,,,,,
611700,1504.5,0.000000,,,,,,,,
611800,1504.7,0.000001,,,,,,,,
611900,1505.0,0.000000,,,,,,,,
612000,1505.2,0.000000,,,,,,,,
612100,1505.4,0.000001,,,,,,,,
612200,1505.6,0.000001,,,,,,,,
612300,1505.9,0.000001,,,,,,,,
612400,1506.1,0.000001,,,,,,,,
612500,1506.3,0.000001,,,,,,,,
612600,1506.6,0.000001,,,,,,,,
612700,1506.8,0.000001,,,,,,,,
612800,1507.0,0.000001,,,,,,,,
612900,1507.3,0.000000,,,,,,,,
613000,1507.5,0.000001,,,,,,,,
613100,1507.8,0.000001,,,,,,,,
613200,1508.0,0.000001,,,,,,,,
613300,1508.2,0.000002,,,,,,,,
613400,1508.4,0.000001,,,,,,,,
613500,1508.6,0.000001,,,,,,,,
613600,1508.9,0.000001,,,,,,,,
613700,1509.1,0.000001,,,,,,,,
613800,1509.4,0.000001,,,,,,,,
613900,1509.6,0.000001,,,,,,,,
614000,1509.8,0.000001,,,,,,,,
614100,1510.0,0.000001,,,,,,,,
614200,1510.3,0.000001,,,,,,,,
614300,1510.5,0.000001,,,,,,,,
614400,1510.7,0.000001,,,,,,,,
614500,1511.0,0.000001,,,,,,,,
614600,1511.2,0.000001,,,,,,,,
614700,1511.4,0.000001,,,,,,,,
614800,1511.6,0.000001,,,,,,,,
614900,1511.8,0.000001,,,,,,,,
615000,1513.1,0.000000,0.000574,6.851059e-02,3.608293e-03,2.578338e-03,0.000000,5.156560e-02,3.511489e-03,2.540513e-03
615100,1513.3,0.000000,,,,,,,,
615200,1513.5,0.000000,,,,,,,,
615300,1513.7,0.000000,,,,,,,,
615400,1513.9,0.000001,,,,,,,,
615500,1514.1,0.000001,,,,,,,,
615600,1514.3,0.000001,,,,,,,,
615700,1514.6,0.000001,,,,,,,,
615800,1514.8,0.000000,,,,,,,,
615900,1515.0,0.000001,,,,,,,,
616000,1515.2,0.000001,,,,,,,,
616100,1515.5,0.000001,,,,,,,,
616200,1515.7,0.000001,,,,,,,,
616300,1515.9,0.000001,,,,,,,,
616400,1516.2,0.000001,,,,,,,,
616500,1516.4,0.000000,,,,,,,,
616600,1516.6,0.000001,,,,,,,,
616700,1516.8,0.000001,,,,,,,,
616800,1517.0,0.000001,,,,,,,,
616900,1517.3,0.000001,,,,,,,,
617000,1517.5,0.000000,,,,,,,,
617100,1517.7,0.000001,,,,,,,,
617200,1517.9,0.000001,,,,,,,,
617300,1518.2,0.000001,,,,,,,,
617400,1518.4,0.000001,,,,,,,,
617500,1518.6,0.000000,,,,,,,,
617600,1518.8,0.000001,,,,,,,,
617700,1519.1,0.000001,,,,,,,,
617800,1519.3,0.000001,,,,,,,,
617900,1519.5,0.000000,,,,,,,,
618000,1519.8,0.000001,,,,,,,,
618100,1520.0,0.000001,,,,,,,,
618200,1520.2,0.000001,,,,,,,,
618300,1520.5,0.000000,,,,,,,,
618400,1520.7,0.000001,,,,,,,,
618500,1520.9,0.000001,,,,,,,,
618600,1521.1,0.000000,,,,,,,,
618700,1521.4,0.000001,,,,,,,,
618800,1521.6,0.000001,,,,,,,,
618900,1521.8,0.000001,,,,,,,,
619000,1522.1,0.000001,,,,,,,,
619100,1522.3,0.000000,,,,,,,,
619200,1522.5,0.000001,,,,,,,,
619300,1522.8,0.000001,,,,,,,,
619400,1523.0,0.000001,,,,,,,,
619500,1523.2,0.000000,,,,,,,,
619600,1523.4,0.000001,,,,,,,,
619700,1523.7,0.000001,,,,,,,,
619800,1523.9,0.000001,,,,,,,,
619900,1524.1,0.000001,,,,,,,,
620000,1525.4,0.000001,0.000606,6.648689e-02,3.809467e-03,3.066781e-03,0.000000,6.093217e-02,3.641058e-03,2.971021e-03
620100,1525.6,0.000001,,,,,,,,
620200,1525.8,0.000001,,,,,,,,
620300,1526.0,0.000000,,,,,,,,
620400,1526.2,0.000001,,,,,,,,
620500,1526.4,0.000001,,,,,,,,
620600,1526.6,0.000001,,,,,,,,
620700,1526.8,0.000000,,,,,,,,
620800,1527.0,0.000001,,,,,,,,
620900,1527.2,0.000000,,,,,,,,
621000,1527.5,0.000000,,,,,,,,
621100,1527.7,0.000001,,,,,,,,
621200,1527.9,0.000001,,,,,,,,
621300,1528.1,0.000001,,,,,,,,
621400,1528.4,0.000001,,,,,,,,
621500,1528.6,0.000000,,,,,,,,
621600,1528.9,0.000001,,,,,,,,
621700,1529.1,0.000000,,,,,,,,
621800,1529.3,0.000001,,,,,,,,
621900,1529.5,0.000001,,,,,,,,
622000,1529.8,0.000001,,,,,,,,
622100,1530.0,0.000001,,,,,,,,
622200,1530.2,0.000001,,,,,,,,
622300,1530.5,0.000001,,,,,,,,
622400,1530.7,0.000001,,,,,,,,
622500,1530.9,0.000001,,,,,,,,
622600,1531.2,0.000000,,,,,,,,
622700,1531.4,0.000001,,,,,,,,
622800,1531.6,0.000001,,,,,,,,
622900,1531.9,0.000001,,,,,,,,
623000,1532.1,0.000001,,,,,,,,
623100,1532.3,0.000001,,,,,,,,
623200,1532.5,0.000001,,,,,,,,
623300,1532.8,0.000001,,,,,,,,
623400,1533.0,0.000001,,,,,,,,
623500,1533.2,0.000000,,,,,,,,
623600,1533.4,0.000000,,,,,,,,
623700,1533.7,0.000002,,,,,,,,
623800,1533.9,0.000001,,,,,,,,
623900,1534.1,0.000000,,,,,,,,
624000,1534.4,0.000000,,,,,,,,
624100,1534.6,0.000001,,,,,,,,
624200,1534.8,0.000001,,,,,,,,
624300,1535.1,0.000000,,,,,,,,
624400,1535.3,0.000000,,,,,,,,
624500,1535.5,0.000000,,,,,,,,
624600,1535.7,0.000001,,,,,,,,
624700,1536.0,0.000001,,,,,,,,
624800,1536.2,0.000001,,,,,,,,
624900,1536.4,0.000001,,,,,,,,
625000,1537.7,0.000001,0.000518,9.476141e-02,3.251714e-03,2.382496e-03,0.000000,6.019617e-02,3.150135e-03,2.357798e-03
625100,1537.9,0.000001,,,,,,,,
625200,1538.1,0.000001,,,,,,,,
625300,1538.3,0.000001,,,,,,,,
625400,1538.5,0.000001,,,,,,,,
625500,1538.7,0.000000,,,,,,,,
625600,1538.9,0.000001,,,,,,,,
625700,1539.1,0.000000,,,,,,,,
625800,1539.4,0.000001,,,,,,,,
625900,1539.6,0.000000,,,,,,,,
626000,1539.8,0.000001,,,,,,,,
626100,1540.0,0.000001,,,,,,,,
626200,1540.3,0.000000,,,,,,,,
626300,1540.5,0.000001,,,,,,,,
626400,1540.7,0.000001,,,,,,,,
626500,1541.0,0.000001,,,,,,,,
626600,1541.2,0.000000,,,,,,,,
626700,1541.4,0.000001,,,,,,,,
626800,1541.6,0.000001,,,,,,,,
626900,1541.9,0.000001,,,,,,,,
627000,1542.1,0.000001,,,,,,,,
627100,1542.3,0.000001,,,,,,,,
627200,1542.5,0.000001,,,,,,,,
627300,1542.7,0.000001,,,,,,,,
627400,1543.0,0.000000,,,,,,,,
627500,1543.2,0.000001,,,,,,,,
627600,1543.4,0.000001,,,,,,,,
627700,1543.7,0.000001,,,,,,,,
627800,1543.9,0.000001,,,,,,,,
627900,1544.1,0.000000,,,,,,,,
628000,1544.4,0.000000,,,,,,,,
628100,1544.6,0.000000,,,,,,,,
628200,1544.8,0.000001,,,,,,,,
628300,1545.0,0.000000,,,,,,,,
628400,1545.3,0.000001,,,,,,,,
628500,1545.5,0.000001,,,,,,,,
628600,1545.7,0.000001,,,,,,,,
628700,1545.9,0.000001,,,,,,,,
628800,1546.2,0.000001,,,,,,,,
628900,1546.4,0.000001,,,,,,,,
629000,1546.6,0.000001,,,,,,,,
629100,1546.9,0.000001,,,,,,,,
629200,1547.1,0.000000,,,,,,,,
629300,1547.3,0.000001,,,,,,,,
629400,1547.5,0.000001,,,,,,,,
629500,1547.8,0.000001,,,,,,,,
629600,1548.0,0.000000,,,,,,,,
629700,1548.2,0.000001,,,,,,,,
629800,1548.4,0.000001,,,,,,,,
629900,1548.7,0.000001,,,,,,,,
630000,1549.9,0.000001,0.000682,6.465894e-02,4.287412e-03,3.592123e-03,0.000000,5.044962e-02,4.125177e-03,3.526098e-03
630100,1550.1,0.000001,,,,,,,,
630200,1550.3,0.000000,,,,,,,,
630300,1550.5,0.000001,,,,,,,,
630400,1550.7,0.000000,,,,,,,,
630500,1550.9,0.000000,,,,,,,,
630600,1551.2,0.000001,,,,,,,,
630700,1551.4,0.000002,,,,,,,,
630800,1551.6,0.000001,,,,,,,,
630900,1551.9,0.000000,,,,,,,,
631000,1552.1,0.000002,,,,,,,,
631100,1552.3,0.000000,,,,,,,,
631200,1552.5,0.000001,,,,,,,,
631300,1552.8,0.000001,,,,,,,,
631400,1553.0,0.000000,,,,,,,,
631500,1553.2,0.000001,,,,,,,,
631600,1553.5,0.000002,,,,,,,,
631700,1553.7,0.000001,,,,,,,,
631800,1553.9,0.000000,,,,,,,,
631900,1554.1,0.000001,,,,,,,,
632000,1554.3,0.000000,,,,,,,,
632100,1554.6,0.000000,,,,,,,,
632200,1554.8,0.000000,,,,,,,,
632300,1555.0,0.000001,,,,,,,,
632400,1555.2,0.000001,,,,,,,,
632500,1555.5,0.000000,,,,,,,,
632600,1555.7,0.000001,,,,,,,,
632700,1556.0,0.000001,,,,,,,,
632800,1556.2,0.000001,,,,,,,,
632900,1556.4,0.000000,,,,,,,,
633000,1556.6,0.000001,,,,,,,,
633100,1556.9,0.000000,,,,,,,,
633200,1557.1,0.000000,,,,,,,,
633300,1557.3,0.000000,,,,,,,,
633400,1557.5,0.000000,,,,,,,,
633500,1557.8,0.000000,,,,,,,,
633600,1558.0,0.000000,,,,,,,,
633700,1558.2,0.000000,,,,,,,,
633800,1558.4,0.000001,,,,,,,,
633900,1558.7,0.000001,,,,,,,,
634000,1558.9,0.000001,,,,,,,,
634100,1559.1,0.000001,,,,,,,,
634200,1559.4,0.000000,,,,,,,,
634300,1559.6,0.000001,,,,,,,,
634400,1559.8,0.000000,,,,,,,,
634500,1560.0,0.000001,,,,,,,,
634600,1560.2,0.000001,,,,,,,,
634700,1560.5,0.000001,,,,,,,,
634800,1560.7,0.000000,,,,,,,,
634900,1560.9,0.000001,,,,,,,,
635000,1562.2,0.000000,0.000476,6.876949e-02,2.992907e-03,2.219216e-03,0.000000,6.655980e-02,2.834866e-03,2.147282e-03
635100,1562.3,0.000001,,,,,,,,
635200,1562.5,0.000001,,,,,,,,
635300,1562.7,0.000001,,,,,,,,
635400,1562.9,0.000000,,,,,,,,
635500,1563.2,0.000000,,,,,,,,
635600,1563.4,0.000001,,,,,,,,
635700,1563.6,0.000001,,,,,,,,
635800,1563.8,0.000001,,,,,,,,
635900,1564.0,0.000001,,,,,,,,
636000,1564.2,0.000001,,,,,,,,
636100,1564.5,0.000001,,,,,,,,
636200,1564.7,0.000002,,,,,,,,
636300,1564.9,0.000001,,,,,,,,
636400,1565.2,0.000001,,,,,,,,
636500,1565.4,0.000000,,,,,,,,
636600,1565.6,0.000001,,,,,,,,
636700,1565.8,0.000001,,,,,,,,
636800,1566.1,0.000000,,,,,,,,
636900,1566.3,0.000002,,,,,,,,
637000,1566.5,0.000001,,,,,,,,
637100,1566.7,0.000000,,,,,,,,
637200,1567.0,0.000001,,,,,,,,
637300,1567.2,0.000001,,,,,,,,
637400,1567.5,0.000000,,,,,,,,
637500,1567.7,0.000001,,,,,,,,
637600,1568.0,0.000001,,,,,,,,
637700,1568.2,0.000001,,,,,,,,
637800,1568.4,0.000001,,,,,,,,
637900,1568.7,0.000000,,,,,,,,
638000,1568.9,0.000001,,,,,,,,
638100,1569.1,0.000001,,,,,,,,
638200,1569.3,0.000000,,,,,,,,
638300,1569.5,0.000001,,,,,,,,
638400,1569.8,0.000000,,,,,,,,
638500,1570.0,0.000000,,,,,,,,
638600,1570.2,0.000000,,,,,,,,
638700,1570.5,0.000001,,,,,,,,
638800,1570.7,0.000000,,,,,,,,
638900,1570.9,0.000000,,,,,,,,
639000,1571.1,0.000001,,,,,,,,
639100,1571.4,0.000001,,,,,,,,
639200,1571.6,0.000001,,,,,,,,
639300,1571.8,0.000001,,,,,,,,
639400,1572.0,0.000000,,,,,,,,
639500,1572.3,0.000001,,,,,,,,
639600,1572.5,0.000001,,,,,,,,
639700,1572.7,0.000001,,,,,,,,
639800,1573.0,0.000001,,,,,,,,
639900,1573.2,0.000001,,,,,,,,
640000,1574.5,0.000001,0.000473,6.729821e-02,2.974329e-03,2.189884e-03,0.000000,6.618167e-02,2.843101e-03,2.130285e-03
640100,1574.7,0.000000,,,,,,,,
640200,1574.8,0.000000,,,,,,,,
640300,1575.0,0.000001,,,,,,,,
640400,1575.2,0.000000,,,,,,,,
640500,1575.4,0.000001,,,,,,,,
640600,1575.7,0.000001,,,,,,,,
640700,1575.9,0.000000,,,,,,,,
640800,1576.1,0.000001,,,,,,,,
640900,1576.3,0.000001,,,,,,,,
641000,1576.6,0.000001,,,,,,,,
641100,1576.8,0.000001,,,,,,,,
641200,1577.0,0.000000,,,,,,,,
641300,1577.3,0.000001,,,,,,,,
641400,1577.5,0.000001,,,,,,,,
641500,1577.7,0.000000,,,,,,,,
641600,1578.0,0.000001,,,,,,,,
641700,1578.2,0.000001,,,,,,,,
641800,1578.5,0.000000,,,,,,,,
641900,1578.7,0.000001,,,,,,,,
642000,1578.9,0.000000,,,,,,,,
642100,1579.2,0.000001,,,,,,,,
642200,1579.4,0.000001,,,,,,,,
642300,1579.6,0.000000,,,,,,,,
642400,1579.9,0.000001,,,,,,,,
642500,1580.1,0.000001,,,,,,,,
642600,1580.4,0.000000,,,,,,,,
642700,1580.6,0.000000,,,,,,,,
642800,1580.8,0.000001,,,,,,,,
642900,1581.1,0.000001,,,,,,,,
643000,1581.3,0.000001,,,,,,,,
643100,1581.5,0.000000,,,,,,,,
643200,1581.7,0.000001,,,,,,,,
643300,1582.0,0.000000,,,,,,,,
643400,1582.2,0.000001,,,,,,,,
643500,1582.4,0.000001,,,,,,,,
643600,1582.7,0.000000,,,,,,,,
643700,1582.9,0.000000,,,,,,,,
643800,1583.1,0.000000,,,,,,,,
643900,1583.3,0.000001,,,,,,,,
644000,1583.6,0.000000,,,,,,,,
644100,1583.8,0.000001,,,,,,,,
644200,1584.0,0.000000,,,,,,,,
644300,1584.3,0.000001,,,,,,,,
644400,1584.5,0.000000,,,,,,,,
644500,1584.7,0.000001,,,,,,,,
644600,1584.9,0.000000,,,,,,,,
644700,1585.2,0.000001,,,,,,,,
644800,1585.4,0.000001,,,,,,,,
644900,1585.6,0.000000,,,,,,,,
645000,1586.9,0.000001,0.000453,9.919814e-02,2.848562e-03,2.050847e-03,0.000000,5.080725e-02,2.703118e-03,1.991345e-03
645100,1587.1,0.000001,,,,,,,,
645200,1587.3,0.000001,,,,,,,,
645300,1587.5,0.000001,,,,,,,,
645400,1587.7,0.000001,,,,,,,,
645500,1587.9,0.000001,,,,,,,,
645600,1588.1,0.000000,,,,,,,,
645700,1588.3,0.000001,,,,,,,,
645800,1588.5,0.000000,,,,,,,,
645900,1588.8,0.000001,,,,,,,,
646000,1589.0,0.000001,,,,,,,,
646100,1589.2,0.000000,,,,,,,,
646200,1589.4,0.000001,,,,,,,,
646300,1589.7,0.000001,,,,,,,,
646400,1589.9,0.000000,,,,,,,,
646500,1590.1,0.000001,,,,,,,,
646600,1590.4,0.000001,,,,,,,,
646700,1590.6,0.000000,,,,,,,,
646800,1590.8,0.000001,,,,,,,,
646900,1591.1,0.000001,,,,,,,,
647000,1591.3,0.000001,,,,,,,,
647100,1591.5,0.000000,,,,,,,,
647200,1591.8,0.000000,,,,,,,,
647300,1592.0,0.000001,,,,,,,,
647400,1592.2,0.000000,,,,,,,,
647500,1592.4,0.000000,,,,,,,,
647600,1592.7,0.000000,,,,,,,,
647700,1592.9,0.000001,,,,,,,,
647800,1593.1,0.000001,,,,,,,,
647900,1593.3,0.000001,,,,,,,,
648000,1593.6,0.000000,,,,,,,,
648100,1593.8,0.000001,,,,,,,,
648200,1594.0,0.000001,,,,,,,,
648300,1594.3,0.000000,,,,,,,,
648400,1594.5,0.000000,,,,,,,,
648500,1594.7,0.000001,,,,,,,,
648600,1595.0,0.000001,,,,,,,,
648700,1595.2,0.000001,,,,,,,,
648800,1595.4,0.000001,,,,,,,,
648900,1595.7,0.000000,,,,,,,,
649000,1595.9,0.000000,,,,,,,,
649100,1596.1,0.000001,,,,,,,,
649200,1596.3,0.000001,,,,,,,,
649300,1596.5,0.000000,,,,,,,,
649400,1596.8,0.000001,,,,,,,,
649500,1597.0,0.000001,,,,,,,,
649600,1597.2,0.000000,,,,,,,,
649700,1597.4,0.000001,,,,,,,,
649800,1597.7,0.000001,,,,,,,,
649900,1597.9,0.000001,,,,,,,,
650000,1599.1,0.000000,0.000618,8.369952e-02,3.880756e-03,3.216909e-03,0.000000,6.329889e-02,3.741409e-03,3.144987e-03
650100,1599.4,0.000000,,,,,,,,
650200,1599.5,0.000001,,,,,,,,
650300,1599.7,0.000002,,,,,,,,
650400,1600.0,0.000000,,,,,,,,
650500,1600.2,0.000001,,,,,,,,
650600,1600.4,0.000001,,,,,,,,
650700,1600.6,0.000001,,,,,,,,
650800,1600.8,0.000000,,,,,,,,
650900,1601.0,0.000001,,,,,,,,
651000,1601.3,0.000000,,,,,,,,
651100,1601.5,0.000000,,,,,,,,
651200,1601.7,0.000001,,,,,,,,
651300,1602.0,0.000000,,,,,,,,
651400,1602.2,0.000000,,,,,,,,
651500,1602.5,0.000001,,,,,,,,
651600,1602.7,0.000001,,,,,,,,
651700,1603.0,0.000001,,,,,,,,
651800,1603.2,0.000000,,,,,,,,
651900,1603.4,0.000000,,,,,,,,
652000,1603.7,0.000000,,,,,,,,
652100,1603.9,0.000001,,,,,,,,
652200,1604.2,0.000000,,,,,,,,
652300,1604.4,0.000000,,,,,,,,
652400,1604.6,0.000001,,,,,,,,
652500,1604.8,0.000000,,,,,,,,
652600,1605.1,0.000000,,,,,,,,
652700,1605.3,0.000001,,,,,,,,
652800,1605.5,0.000001,,,,,,,,
652900,1605.8,0.000001,,,,,,,,
653000,1606.0,0.000000,,,,,,,,
653100,1606.2,0.000001,,,,,,,,
653200,1606.5,0.000001,,,,,,,,
653300,1606.7,0.000000,,,,,,,,
653400,1606.9,0.000000,,,,,,,,
653500,1607.2,0.000000,,,,,,,,
653600,1607.4,0.000000,,,,,,,,
653700,1607.6,0.000001,,,,,,,,
653800,1607.8,0.000001,,,,,,,,
653900,1608.1,0.000001,,,,,,,,
654000,1608.3,0.000000,,,,,,,,
654100,1608.5,0.000001,,,,,,,,
654200,1608.8,0.000001,,,,,,,,
654300,1609.0,0.000001,,,,,,,,
654400,1609.2,0.000001,,,,,,,,
654500,1609.4,0.000001,,,,,,,,
654600,1609.7,0.000001,,,,,,,,
654700,1609.9,0.000001,,,,,,,,
654800,1610.1,0.000001,,,,,,,,
654900,1610.4,0.000000,,,,,,,,
655000,1611.6,0.000001,0.000600,6.913713e-02,3.766829e-03,3.180793e-03,0.000000,4.568530e-02,3.706661e-03,3.185022e-03
655100,1611.8,0.000001,,,,,,,,
655200,1612.0,0.000000,,,,,,,,
655300,1612.2,0.000000,,,,,,,,
655400,1612.4,0.000000,,,,,,,,
655500,1612.6,0.000001,,,,,,,,
655600,1612.9,0.000001,,,,,,,,
655700,1613.1,0.000001,,,,,,,,
655800,1613.3,0.000002,,,,,,,,
655900,1613.5,0.000001,,,,,,,,
656000,1613.8,0.000001,,,,,,,,
656100,1614.0,0.000001,,,,,,,,
656200,1614.3,0.000000,,,,,,,,
656300,1614.5,0.000001,,,,,,,,
656400,1614.7,0.000000,,,,,,,,
656500,1615.0,0.000001,,,,,,,,
656600,1615.2,0.000000,,,,,,,,
656700,1615.4,0.000000,,,,,,,,
656800,1615.7,0.000000,,,,,,,,
656900,1615.9,0.000000,,,,,,,,
657000,1616.1,0.000000,,,,,,,,
657100,1616.3,0.000001,,,,,,,,
657200,1616.6,0.000001,,,,,,,,
657300,1616.8,0.000000,,,,,,,,
657400,1617.0,0.000000,,,,,,,,
657500,1617.3,0.000000,,,,,,,,
657600,1617.5,0.000000,,,,,,,,
657700,1617.7,0.000000,,,,,,,,
657800,1618.0,0.000000,,,,,,,,
657900,1618.2,0.000000,,,,,,,,
658000,1618.4,0.000001,,,,,,,,
658100,1618.6,0.000000,,,,,,,,
658200,1618.9,0.000001,,,,,,,,
658300,1619.1,0.000001,,,,,,,,
658400,1619.3,0.000001,,,,,,,,
658500,1619.5,0.000001,,,,,,,,
658600,1619.8,0.000000,,,,,,,,
658700,1620.0,0.000001,,,,,,,,
658800,1620.2,0.000000,,,,,,,,
658900,1620.5,0.000000,,,,,,,,
659000,1620.7,0.000001,,,,,,,,
659100,1620.9,0.000000,,,,,,,,
659200,1621.1,0.000001,,,,,,,,
659300,1621.4,0.000001,,,,,,,,
659400,1621.6,0.000001,,,,,,,,
659500,1621.8,0.000001,,,,,,,,
659600,1622.0,0.000000,,,,,,,,
659700,1622.3,0.000000,,,,,,,,
659800,1622.5,0.000000,,,,,,,,
659900,1622.7,0.000001,,,,,,,,
660000,1624.0,0.000001,0.000496,7.516579e-02,3.115484e-03,2.288003e-03,0.000000,7.395078e-02,3.011707e-03,2.234484e-03
660100,1624.2,0.000000,,,,,,,,
660200,1624.4,0.000000,,,,,,,,
660300,1624.6,0.000001,,,,,,,,
660400,1624.8,0.000001,,,,,,,,
660500,1625.0,0.000000,,,,,,,,
660600,1625.2,0.000000,,,,,,,,
660700,1625.4,0.000000,,,,,,,,
660800,1625.7,0.000001,,,,,,,,
660900,1625.9,0.000002,,,,,,,,
661000,1626.1,0.000000,,,,,,,,
661100,1626.3,0.000001,,,,,,,,
661200,1626.5,0.000001,,,,,,,,
661300,1626.8,0.000000,,,,,,,,
661400,1627.0,0.000001,,,,,,,,
661500,1627.2,0.000001,,,,,,,,
661600,1627.4,0.000001,,,,,,,,
661700,1627.6,0.000001,,,,,,,,
661800,1627.8,0.000001,,,,,,,,
661900,1628.1,0.000001,,,,,,,,
662000,1628.3,0.000000,,,,,,,,
662100,1628.5,0.000000,,,,,,,,
662200,1628.8,0.000001,,,,,,,,
662300,1629.0,0.000001,,,,,,,,
662400,1629.2,0.000001,,,,,,,,
662500,1629.5,0.000000,,,,,,,,
662600,1629.7,0.000001,,,,,,,,
662700,1629.9,0.000000,,,,,,,,
662800,1630.2,0.000000,,,,,,,,
662900,1630.4,0.000000,,,,,,,,
663000,1630.6,0.000001,,,,,,,,
663100,1630.9,0.000000,,,,,,,,
663200,1631.1,0.000000,,,,,,,,
663300,1631.3,0.000001,,,,,,,,
663400,1631.6,0.000001,,,,,,,,
663500,1631.8,0.000001,,,,,,,,
663600,1632.0,0.000001,,,,,,,,
663700,1632.2,0.000001,,,,,,,,
663800,1632.4,0.000001,,,,,,,,
663900,1632.7,0.000000,,,,,,,,
664000,1632.9,0.000001,,,,,,,,
664100,1633.1,0.000000,,,,,,,,
664200,1633.3,0.000001,,,,,,,,
664300,1633.6,0.000000,,,,,,,,
664400,1633.8,0.000000,,,,,,,,
664500,1634.0,0.000001,,,,,,,,
664600,1634.3,0.000000,,,,,,,,
664700,1634.5,0.000001,,,,,,,,
664800,1634.7,0.000000,,,,,,,,
664900,1634.9,0.000001,,,,,,,,
665000,1636.2,0.000000,0.000467,1.180903e-01,2.936991e-03,2.066323e-03,0.000000,3.211082e-02,2.784065e-03,2.007450e-03
665100,1636.4,0.000001,,,,,,,,
665200,1636.6,0.000000,,,,,,,,
665300,1636.8,0.000001,,,,,,,,
665400,1637.0,0.000000,,,,,,,,
665500,1637.2,0.000000,,,,,,,,
665600,1637.4,0.000001,,,,,,,,
665700,1637.6,0.000000,,,,,,,,
665800,1637.8,0.000000,,,,,,,,
665900,1638.1,0.000000,,,,,,,,
666000,1638.3,0.000001,,,,,,,,
666100,1638.6,0.000000,,,,,,,,
666200,1638.8,0.000000,,,,,,,,
666300,1639.0,0.000001,,,,,,,,
666400,1639.3,0.000001,,,,,,,,
666500,1639.5,0.000001,,,,,,,,
666600,1639.8,0.000001,,,,,,,,
666700,1640.0,0.000001,,,,,,,,
666800,1640.2,0.000001,,,,,,,,
666900,1640.5,0.000000,,,,,,,,
667000,1640.7,0.000001,,,,,,,,
667100,1640.9,0.000000,,,,,,,,
667200,1641.2,0.000001,,,,,,,,
667300,1641.4,0.000001,,,,,,,,
667400,1641.6,0.000001,,,,,,,,
667500,1641.9,0.000001,,,,,,,,
667600,1642.1,0.000001,,,,,,,,
667700,1642.3,0.000000,,,,,,,,
667800,1642.6,0.000000,,,,,,,,
667900,1642.8,0.000001,,,,,,,,
668000,1643.0,0.000001,,,,,,,,
668100,1643.2,0.000000,,,,,,,,
668200,1643.5,0.000001,,,,,,,,
668300,1643.7,0.000000,,,,,,,,
668400,1643.9,0.000001,,,,,,,,
668500,1644.2,0.000000,,,,,,,,
668600,1644.4,0.000001,,,,,,,,
668700,1644.6,0.000000,,,,,,,,
668800,1644.9,0.000000,,,,,,,,
668900,1645.1,0.000001,,,,,,,,
669000,1645.3,0.000001,,,,,,,,
669100,1645.6,0.000000,,,,,,,,
669200,1645.8,0.000001,,,,,,,,
669300,1646.0,0.000000,,,,,,,,
669400,1646.3,0.000000,,,,,,,,
669500,1646.5,0.000001,,,,,,,,
669600,1646.7,0.000001,,,,,,,,
669700,1646.9,0.000000,,,,,,,,
669800,1647.2,0.000001,,,,,,,,
669900,1647.4,0.000001,,,,,,,,
670000,1648.7,0.000001,0.000481,7.158474e-02,3.019577e-03,2.316871e-03,0.000000,5.274940e-02,2.932891e-03,2.298374e-03
670100,1648.9,0.000000,,,,,,,,
670200,1649.1,0.000000,,,,,,,,
670300,1649.3,0.000001,,,,,,,,
670400,1649.5,0.000000,,,,,,,,
670500,1649.7,0.000001,,,,,,,,
670600,1649.9,0.000000,,,,,,,,
670700,1650.1,0.000000,,,,,,,,
670800,1650.3,0.000001,,,,,,,,
670900,1650.5,0.000001,,,,,,,,
671000,1650.8,0.000001,,,,,,,,
671100,1651.0,0.000001,,,,,,,,
671200,1651.2,0.000000,,,,,,,,
671300,1651.5,0.000000,,,,,,,,
671400,1651.7,0.000000,,,,,,,,
671500,1651.9,0.000001,,,,,,,,
671600,1652.2,0.000000,,,,,,,,
671700,1652.4,0.000000,,,,,,,,
671800,1652.6,0.000001,,,,,,,,
671900,1652.9,0.000001,,,,,,,,
672000,1653.1,0.000001,,,,,,,,
672100,1653.3,0.000000,,,,,,,,
672200,1653.6,0.000000,,,,,,,,
672300,1653.8,0.000001,,,,,,,,
672400,1654.0,0.000001,,,,,,,,
672500,1654.3,0.000001,,,,,,,,
672600,1654.5,0.000000,,,,,,,,
672700,1654.7,0.000001,,,,,,,,
672800,1654.9,0.000000,,,,,,,,
672900,1655.2,0.000001,,,,,,,,
673000,1655.4,0.000001,,,,,,,,
673100,1655.6,0.000000,,,,,,,,
673200,1655.8,0.000001,,,,,,,,
673300,1656.1,0.000001,,,,,,,,
673400,1656.3,0.000001,,,,,,,,
673500,1656.5,0.000000,,,,,,,,
673600,1656.7,0.000001,,,,,,,,
673700,1657.0,0.000001,,,,,,,,
673800,1657.2,0.000000,,,,,,,,
673900,1657.4,0.000001,,,,,,,,
674000,1657.6,0.000000,,,,,,,,
674100,1657.9,0.000000,,,,,,,,
674200,1658.1,0.000000,,,,,,,,
674300,1658.3,0.000001,,,,,,,,
674400,1658.6,0.000000,,,,,,,,
674500,1658.8,0.000000,,,,,,,,
674600,1659.0,0.000001,,,,,,,,
674700,1659.2,0.000000,,,,,,,,
674800,1659.4,0.000001,,,,,,,,
674900,1659.7,0.000000,,,,,,,,
675000,1660.9,0.000000,0.000507,9.017590e-02,3.183909e-03,2.554860e-03,0.000000,5.767775e-02,3.034373e-03,2.466701e-03
675100,1661.1,0.000001,,,,,,,,
675200,1661.3,0.000001,,,,,,,,
675300,1661.5,0.000001,,,,,,,,
675400,1661.7,0.000000,,,,,,,,
675500,1661.9,0.000001,,,,,,,,
675600,1662.1,0.000000,,,,,,,,
675700,1662.3,0.000000,,,,,,,,
675800,1662.6,0.000001,,,,,,,,
675900,1662.8,0.000000,,,,,,,,
676000,1663.0,0.000000,,,,,,,,
676100,1663.2,0.000001,,,,,,,,
676200,1663.5,0.000000,,,,,,,,
676300,1663.7,0.000000,,,,,,,,
676400,1663.9,0.000001,,,,,,,,
676500,1664.2,0.000000,,,,,,,,
676600,1664.4,0.000001,,,,,,,,
676700,1664.6,0.000001,,,,,,,,
676800,1664.8,0.000000,,,,,,,,
676900,1665.1,0.000001,,,,,,,,
677000,1665.3,0.000001,,,,,,,,
677100,1665.5,0.000001,,,,,,,,
677200,1665.8,0.000000,,,,,,,,
677300,1666.0,0.000000,,,,,,,,
677400,1666.2,0.000001,,,,,,,,
677500,1666.4,0.000000,,,,,,,,
677600,1666.7,0.000000,,,,,,,,
677700,1666.9,0.000001,,,,,,,,
677800,1667.1,0.000000,,,,,,,,
677900,1667.3,0.000001,,,,,,,,
678000,1667.6,0.000000,,,,,,,,
678100,1667.8,0.000000,,,,,,,,
678200,1668.0,0.000000,,,,,,,,
678300,1668.2,0.000000,,,,,,,,
678400,1668.5,0.000000,,,,,,,,
678500,1668.7,0.000000,,,,,,,,
678600,1668.9,0.000000,,,,,,,,
678700,1669.1,0.000000,,,,,,,,
678800,1669.4,0.000001,,,,,,,,
678900,1669.6,0.000000,,,,,,,,
679000,1669.8,0.000000,,,,,,,,
679100,1670.0,0.000000,,,,,,,,
679200,1670.3,0.000000,,,,,,,,
679300,1670.5,0.000000,,,,,,,,
679400,1670.7,0.000001,,,,,,,,
679500,1670.9,0.000000,,,,,,,,
679600,1671.2,0.000001,,,,,,,,
679700,1671.4,0.000000,,,,,,,,
679800,1671.6,0.000001,,,,,,,,
679900,1671.8,0.000000,,,,,,,,
680000,1673.1,0.000000,0.000436,6.878308e-02,2.736703e-03,2.005980e-03,0.000000,5.940796e-02,2.630579e-03,1.960830e-03
680100,1673.3,0.000000,,,,,,,,
680200,1673.5,0.000001,,,,,,,,
680300,1673.7,0.000000,,,,,,,,
680400,1673.9,0.000001,,,,,,,,
680500,1674.1,0.000000,,,,,,,,
680600,1674.3,0.000001,,,,,,,,
680700,1674.5,0.000001,,,,,,,,
680800,1674.7,0.000001,,,,,,,,
680900,1675.0,0.000000,,,,,,,,
681000,1675.2,0.000000,,,,,,,,
681100,1675.4,0.000000,,,,,,,,
681200,1675.6,0.000001,,,,,,,,
681300,1675.9,0.000000,,,,,,,,
681400,1676.1,0.000001,,,,,,,,
681500,1676.3,0.000001,,,,,,,,
681600,1676.5,0.000000,,,,,,,,
681700,1676.8,0.000000,,,,,,,,
681800,1677.0,0.000000,,,,,,,,
681900,1677.2,0.000001,,,,,,,,
682000,1677.5,0.000000,,,,,,,,
682100,1677.7,0.000000,,,,,,,,
682200,1677.9,0.000001,,,,,,,,
682300,1678.2,0.000000,,,,,,,,
682400,1678.4,0.000000,,,,,,,,
682500,1678.6,0.000000,,,,,,,,
682600,1678.9,0.000001,,,,,,,,
682700,1679.1,0.000000,,,,,,,,
682800,1679.3,0.000001,,,,,,,,
682900,1679.6,0.000000,,,,,,,,
683000,1679.8,0.000001,,,,,,,,
683100,1680.0,0.000000,,,,,,,,
683200,1680.2,0.000000,,,,,,,,
683300,1680.5,0.000001,,,,,,,,
683400,1680.7,0.000000,,,,,,,,
683500,1680.9,0.000000,,,,,,,,
683600,1681.2,0.000000,,,,,,,,
683700,1681.4,0.000000,,,,,,,,
683800,1681.6,0.000000,,,,,,,,
683900,1681.9,0.000001,,,,,,,,
684000,1682.1,0.000001,,,,,,,,
684100,1682.3,0.000001,,,,,,,,
684200,1682.6,0.000000,,,,,,,,
684300,1682.8,0.000001,,,,,,,,
684400,1683.0,0.000000,,,,,,,,
684500,1683.3,0.000001,,,,,,,,
684600,1683.5,0.000000,,,,,,,,
684700,1683.7,0.000000,,,,,,,,
684800,1683.9,0.000001,,,,,,,,
684900,1684.2,0.000001,,,,,,,,
685000,1685.4,0.000000,0.000425,6.232170e-02,2.667672e-03,1.934143e-03,0.000000,5.444003e-02,2.556220e-03,1.893603e-03
685100,1685.6,0.000000,,,,,,,,
685200,1685.8,0.000000,,,,,,,,
685300,1686.0,0.000001,,,,,,,,
685400,1686.2,0.000000,,,,,,,,
685500,1686.4,0.000000,,,,,,,,
685600,1686.6,0.000000,,,,,,,,
685700,1686.8,0.000001,,,,,,,,
685800,1687.0,0.000000,,,,,,,,
685900,1687.2,0.000001,,,,,,,,
686000,1687.4,0.000001,,,,,,,,
686100,1687.7,0.000001,,,,,,,,
686200,1687.9,0.000000,,,,,,,,
686300,1688.1,0.000000,,,,,,,,
686400,1688.3,0.000000,,,,,,,,
686500,1688.5,0.000000,,,,,,,,
686600,1688.7,0.000000,,,,,,,,
686700,1688.9,0.000000,,,,,,,,
686800,1689.1,0.000000,,,,,,,,
686900,1689.3,0.000000,,,,,,,,
687000,1689.6,0.000000,,,,,,,,
687100,1689.8,0.000000,,,,,,,,
687200,1690.0,0.000000,,,,,,,,
687300,1690.2,0.000001,,,,,,,,
687400,1690.5,0.000000,,,,,,,,
687500,1690.7,0.000000,,,,,,,,
687600,1690.9,0.000001,,,,,,,,
687700,1691.2,0.000000,,,,,,,,
687800,1691.4,0.000001,,,,,,,,
687900,1691.6,0.000000,,,,,,,,
688000,1691.8,0.000001,,,,,,,,
688100,1692.1,0.000000,,,,,,,,
688200,1692.3,0.000001,,,,,,,,
688300,1692.5,0.000000,,,,,,,,
688400,1692.8,0.000000,,,,,,,,
688500,1693.0,0.000000,,,,,,,,
688600,1693.2,0.000000,,,,,,,,
688700,1693.5,0.000001,,,,,,,,
688800,1693.7,0.000000,,,,,,,,
688900,1693.9,0.000001,,,,,,,,
689000,1694.1,0.000001,,,,,,,,
689100,1694.4,0.000000,,,,,,,,
689200,1694.6,0.000000,,,,,,,,
689300,1694.8,0.000000,,,,,,,,
689400,1695.1,0.000000,,,,,,,,
689500,1695.3,0.000001,,,,,,,,
689600,1695.5,0.000000,,,,,,,,
689700,1695.8,0.000000,,,,,,,,
689800,1696.0,0.000001,,,,,,,,
689900,1696.2,0.000001,,,,,,,,
690000,1697.5,0.000000,0.000433,6.042317e-02,2.721397e-03,1.953824e-03,0.000000,5.000664e-02,2.599566e-03,1.901723e-03
690100,1697.7,0.000000,,,,,,,,
690200,1697.9,0.000000,,,,,,,,
690300,1698.1,0.000000,,,,,,,,
690400,1698.3,0.000000,,,,,,,,
690500,1698.5,0.000000,,,,,,,,
690600,1698.7,0.000000,,,,,,,,
690700,1698.9,0.000001,,,,,,,,
690800,1699.2,0.000000,,,,,,,,
690900,1699.4,0.000001,,,,,,,,
691000,1699.6,0.000001,,,,,,,,
691100,1699.9,0.000000,,,,,,,,
691200,1700.1,0.000000,,,,,,,,
691300,1700.3,0.000000,,,,,,,,
691400,1700.6,0.000001,,,,,,,,
691500,1700.8,0.000000,,,,,,,,
691600,1701.0,0.000001,,,,,,,,
691700,1701.3,0.000001,,,,,,,,
691800,1701.5,0.000000,,,,,,,,
691900,1701.8,0.000000,,,,,,,,
692000,1702.0,0.000000,,,,,,,,
692100,1702.2,0.000001,,,,,,,,
692200,1702.4,0.000000,,,,,,,,
692300,1702.7,0.000000,,,,,,,,
692400,1702.9,0.000001,,,,,,,,
692500,1703.1,0.000001,,,,,,,,
692600,1703.4,0.000001,,,,,,,,
692700,1703.6,0.000001,,,,,,,,
692800,1703.8,0.000001,,,,,,,,
692900,1704.1,0.000000,,,,,,,,
693000,1704.3,0.000002,,,,,,,,
693100,1704.6,0.000000,,,,,,,,
693200,1704.8,0.000000,,,,,,,,
693300,1705.0,0.000000,,,,,,,,
693400,1705.2,0.000000,,,,,,,,
693500,1705.4,0.000000,,,,,,,,
693600,1705.7,0.000000,,,,,,,,
693700,1705.9,0.000000,,,,,,,,
693800,1706.1,0.000001,,,,,,,,
693900,1706.4,0.000000,,,,,,,,
694000,1706.6,0.000000,,,,,,,,
694100,1706.8,0.000000,,,,,,,,
694200,1707.1,0.000001,,,,,,,,
694300,1707.3,0.000000,,,,,,,,
694400,1707.5,0.000001,,,,,,,,
694500,1707.7,0.000000,,,,,,,,
694600,1708.0,0.000000,,,,,,,,
694700,1708.2,0.000000,,,,,,,,
694800,1708.4,0.000000,,,,,,,,
694900,1708.6,0.000000,,,,,,,,
695000,1709.9,0.000000,0.000446,9.877113e-02,2.803068e-03,2.002913e-03,0.000000,4.914380e-02,2.688907e-03,1.961100e-03
695100,1710.1,0.000001,,,,,,,,
695200,1710.3,0.000000,,,,,,,,
695300,1710.5,0.000000,,,,,,,,
695400,1710.7,0.000001,,,,,,,,
695500,1710.9,0.000000,,,,,,,,
695600,1711.1,0.000000,,,,,,,,
695700,1711.4,0.000000,,,,,,,,
695800,1711.6,0.000001,,,,,,,,
695900,1711.8,0.000000,,,,,,,,
696000,1712.1,0.000000,,,,,,,,
696100,1712.3,0.000000,,,,,,,,
696200,1712.5,0.000000,,,,,,,,
696300,1712.7,0.000000,,,,,,,,
696400,1713.0,0.000001,,,,,,,,
696500,1713.2,0.000001,,,,,,,,
696600,1713.4,0.000000,,,,,,,,
696700,1713.7,0.000000,,,,,,,,
696800,1713.9,0.000001,,,,,,,,
696900,1714.1,0.000001,,,,,,,,
697000,1714.4,0.000000,,,,,,,,
697100,1714.6,0.000001,,,,,,,,
697200,1714.8,0.000000,,,,,,,,
697300,1715.1,0.000000,,,,,,,,
697400,1715.3,0.000000,,,,,,,,
697500,1715.5,0.000000,,,,,,,,
697600,1715.7,0.000000,,,,,,,,
697700,1715.9,0.000000,,,,,,,,
697800,1716.2,0.000000,,,,,,,,
697900,1716.4,0.000000,,,,,,,,
698000,1716.6,0.000000,,,,,,,,
698100,1716.8,0.000000,,,,,,,,
698200,1717.0,0.000000,,,,,,,,
698300,1717.3,0.000001,,,,,,,,
698400,1717.5,0.000000,,,,,,,,
698500,1717.7,0.000000,,,,,,,,
698600,1717.9,0.000001,,,,,,,,
698700,1718.2,0.000001,,,,,,,,
698800,1718.4,0.000000,,,,,,,,
698900,1718.6,0.000001,,,,,,,,
699000,1718.9,0.000000,,,,,,,,
699100,1719.1,0.000000,,,,,,,,
699200,1719.3,0.000001,,,,,,,,
699300,1719.5,0.000000,,,,,,,,
699400,1719.8,0.000001,,,,,,,,
699500,1720.0,0.000000,,,,,,,,
699600,1720.2,0.000000,,,,,,,,
699700,1720.4,0.000000,,,,,,,,
699800,1720.6,0.000001,,,,,,,,
699900,1720.9,0.000000,,,,,,,,
700000,1722.1,0.000000,0.000449,6.779674e-02,2.822258e-03,2.096763e-03,0.000000,6.473828e-02,2.685000e-03,2.029703e-03
700100,1722.3,0.000000,,,,,,,,
700200,1722.5,0.000000,,,,,,,,
700300,1722.7,0.000000,,,,,,,,
700400,1722.9,0.000000,,,,,,,,
700500,1723.1,0.000000,,,,,,,,
700600,1723.3,0.000000,,,,,,,,
700700,1723.6,0.000000,,,,,,,,
700800,1723.8,0.000000,,,,,,,,
700900,1724.0,0.000000,,,,,,,,
701000,1724.3,0.000000,,,,,,,,
701100,1724.5,0.000000,,,,,,,,
701200,1724.7,0.000001,,,,,,,,
701300,1725.0,0.000000,,,,,,,,
701400,1725.2,0.000000,,,,,,,,
701500,1725.4,0.000000,,,,,,,,
701600,1725.6,0.000000,,,,,,,,
701700,1725.9,0.000000,,,,,,,,
701800,1726.1,0.000000,,,,,,,,
701900,1726.4,0.000000,,,,,,,,
702000,1726.6,0.000000,,,,,,,,
702100,1726.8,0.000000,,,,,,,,
702200,1727.1,0.000000,,,,,,,,
702300,1727.3,0.000000,,,,,,,,
702400,1727.6,0.000000,,,,,,,,
702500,1727.8,0.000000,,,,,,,,
702600,1728.0,0.000000,,,,,,,,
702700,1728.3,0.000000,,,,,,,,
702800,1728.5,0.000000,,,,,,,,
702900,1728.7,0.000001,,,,,,,,
703000,1728.9,0.000000,,,,,,,,
703100,1729.2,0.000000,,,,,,,,
703200,1729.4,0.000000,,,,,,,,
703300,1729.6,0.000000,,,,,,,,
703400,1729.8,0.000000,,,,,,,,
703500,1730.0,0.000000,,,,,,,,
703600,1730.3,0.000000,,,,,,,,
703700,1730.5,0.000001,,,,,,,,
703800,1730.7,0.000002,,,,,,,,
703900,1731.0,0.000000,,,,,,,,
704000,1731.2,0.000000,,,,,,,,
704100,1731.4,0.000000,,,,,,,,
704200,1731.7,0.000001,,,,,,,,
704300,1731.9,0.000000,,,,,,,,
704400,1732.1,0.000000,,,,,,,,
704500,1732.3,0.000001,,,,,,,,
704600,1732.5,0.000000,,,,,,,,
704700,1732.8,0.000000,,,,,,,,
704800,1733.0,0.000000,,,,,,,,
704900,1733.2,0.000000,,,,,,,,
705000,1734.5,0.000000,0.000408,6.247047e-02,2.560877e-03,1.861430e-03,0.000000,4.941989e-02,2.428276e-03,1.795272e-03
705100,1734.7,0.000001,,,,,,,,
705200,1734.9,0.000000,,,,,,,,
705300,1735.1,0.000000,,,,,,,,
705400,1735.3,0.000001,,,,,,,,
705500,1735.5,0.000001,,,,,,,,
705600,1735.7,0.000000,,,,,,,,
705700,1735.8,0.000000,,,,,,,,
705800,1736.0,0.000000,,,,,,,,
705900,1736.3,0.000000,,,,,,,,
706000,1736.5,0.000000,,,,,,,,
706100,1736.7,0.000000,,,,,,,,
706200,1736.9,0.000000,,,,,,,,
706300,1737.1,0.000001,,,,,,,,
706400,1737.4,0.000000,,,,,,,,
706500,1737.6,0.000000,,,,,,,,
706600,1737.8,0.000000,,,,,,,,
706700,1738.0,0.000001,,,,,,,,
706800,1738.3,0.000000,,,,,,,,
706900,1738.5,0.000000,,,,,,,,
707000,1738.7,0.000000,,,,,,,,
707100,1739.0,0.000000,,,,,,,,
707200,1739.2,0.000000,,,,,,,,
707300,1739.4,0.000000,,,,,,,,
707400,1739.6,0.000000,,,,,,,,
707500,1739.9,0.000001,,,,,,,,
707600,1740.1,0.000000,,,,,,,,
707700,1740.3,0.000000,,,,,,,,
707800,1740.5,0.000000,,,,,,,,
707900,1740.8,0.000000,,,,,,,,
708000,1741.0,0.000000,,,,,,,,
708100,1741.2,0.000000,,,,,,,,
708200,1741.4,0.000000,,,,,,,,
708300,1741.7,0.000000,,,,,,,,
708400,1741.9,0.000000,,,,,,,,
708500,1742.1,0.000001,,,,,,,,
708600,1742.3,0.000000,,,,,,,,
708700,1742.6,0.000000,,,,,,,,
708800,1742.8,0.000002,,,,,,,,
708900,1743.0,0.000001,,,,,,,,
709000,1743.2,0.000000,,,,,,,,
709100,1743.5,0.000000,,,,,,,,
709200,1743.7,0.000000,,,,,,,,
709300,1743.9,0.000000,,,,,,,,
709400,1744.1,0.000001,,,,,,,,
709500,1744.3,0.000001,,,,,,,,
709600,1744.6,0.000000,,,,,,,,
709700,1744.8,0.000000,,,,,,,,
709800,1745.0,0.000001,,,,,,,,
709900,1745.2,0.000000,,,,,,,,
710000,1746.5,0.000000,0.000426,7.309789e-02,2.674392e-03,1.928407e-03,0.000000,4.019190e-02,2.539500e-03,1.867884e-03
710100,1746.7,0.000000,,,,,,,,
710200,1746.9,0.000000,,,,,,,,
710300,1747.1,0.000000,,,,,,,,
710400,1747.3,0.000000,,,,,,,,
710500,1747.5,0.000001,,,,,,,,
710600,1747.7,0.000000,,,,,,,,
710700,1747.9,0.000000,,,,,,,,
710800,1748.2,0.000000,,,,,,,,
710900,1748.4,0.000000,,,,,,,,
711000,1748.6,0.000000,,,,,,,,
711100,1748.8,0.000000,,,,,,,,
711200,1749.0,0.000001,,,,,,,,
711300,1749.3,0.000000,,,,,,,,
711400,1749.5,0.000001,,,,,,,,
711500,1749.7,0.000000,,,,,,,,
711600,1750.0,0.000000,,,,,,,,
711700,1750.2,0.000000,,,,,,,,
711800,1750.4,0.000001,,,,,,,,
711900,1750.7,0.000000,,,,,,,,
712000,1750.9,0.000000,,,,,,,,
712100,1751.1,0.000000,,,,,,,,
712200,1751.3,0.000000,,,,,,,,
712300,1751.6,0.000000,,,,,,,,
712400,1751.8,0.000000,,,,,,,,
712500,1752.0,0.000000,,,,,,,,
712600,1752.3,0.000000,,,,,,,,
712700,1752.5,0.000000,,,,,,,,
712800,1752.7,0.000001,,,,,,,,
712900,1752.9,0.000000,,,,,,,,
713000,1753.2,0.000000,,,,,,,,
713100,1753.4,0.000000,,,,,,,,
713200,1753.6,0.000000,,,,,,,,
713300,1753.8,0.000000,,,,,,,,
713400,1754.1,0.000000,,,,,,,,
713500,1754.3,0.000001,,,,,,,,
713600,1754.5,0.000001,,,,,,,,
713700,1754.8,0.000000,,,,,,,,
713800,1755.0,0.000000,,,,,,,,
713900,1755.2,0.000000,,,,,,,,
714000,1755.5,0.000000,,,,,,,,
714100,1755.7,0.000000,,,,,,,,
714200,1755.9,0.000000,,,,,,,,
714300,1756.1,0.000000,,,,,,,,
714400,1756.4,0.000000,,,,,,,,
714500,1756.6,0.000000,,,,,,,,
714600,1756.8,0.000000,,,,,,,,
714700,1757.0,0.000000,,,,,,,,
714800,1757.3,0.000001,,,,,,,,
714900,1757.5,0.000000,,,,,,,,
715000,1758.8,0.000000,0.000435,7.168774e-02,2.735971e-03,2.016511e-03,0.000000,4.671694e-02,2.607845e-03,1.969576e-03
715100,1759.0,0.000000,,,,,,,,
715200,1759.2,0.000000,,,,,,,,
715300,1759.4,0.000000,,,,,,,,
715400,1759.6,0.000000,,,,,,,,
715500,1759.8,0.000000,,,,,,,,
715600,1760.0,0.000001,,,,,,,,
715700,1760.2,0.000001,,,,,,,,
715800,1760.4,0.000000,,,,,,,,
715900,1760.7,0.000000,,,,,,,,
716000,1760.9,0.000000,,,,,,,,
716100,1761.2,0.000000,,,,,,,,
716200,1761.4,0.000000,,,,,,,,
716300,1761.6,0.000000,,,,,,,,
716400,1761.9,0.000000,,,,,,,,
716500,1762.1,0.000001,,,,,,,,
716600,1762.3,0.000000,,,,,,,,
716700,1762.6,0.000000,,,,,,,,
716800,1762.8,0.000001,,,,,,,,
716900,1763.1,0.000000,,,,,,,,
717000,1763.3,0.000000,,,,,,,,
717100,1763.6,0.000000,,,,,,,,
717200,1763.8,0.000000,,,,,,,,
717300,1764.0,0.000000,,,,,,,,
717400,1764.2,0.000000,,,,,,,,
717500,1764.5,0.000002,,,,,,,,
717600,1764.7,0.000000,,,,,,,,
717700,1764.9,0.000000,,,,,,,,
717800,1765.1,0.000000,,,,,,,,
717900,1765.4,0.000001,,,,,,,,
718000,1765.6,0.000000,,,,,,,,
718100,1765.9,0.000001,,,,,,,,
718200,1766.1,0.000000,,,,,,,,
718300,1766.3,0.000000,,,,,,,,
718400,1766.5,0.000001,,,,,,,,
718500,1766.8,0.000000,,,,,,,,
718600,1767.0,0.000000,,,,,,,,
718700,1767.2,0.000000,,,,,,,,
718800,1767.5,0.000000,,,,,,,,
718900,1767.7,0.000000,,,,,,,,
719000,1767.9,0.000000,,,,,,,,
719100,1768.1,0.000001,,,,,,,,
719200,1768.4,0.000000,,,,,,,,
719300,1768.6,0.000000,,,,,,,,
719400,1768.8,0.000002,,,,,,,,
719500,1769.0,0.000000,,,,,,,,
719600,1769.3,0.000000,,,,,,,,
719700,1769.5,0.000001,,,,,,,,
719800,1769.7,0.000001,,,,,,,,
719900,1769.9,0.000001,,,,,,,,
720000,1771.2,0.000000,0.000399,7.174129e-02,2.506807e-03,1.778725e-03,0.000000,4.047347e-02,2.383866e-03,1.724673e-03
720100,1771.4,0.000000,,,,,,,,
720200,1771.6,0.000000,,,,,,,,
720300,1771.8,0.000000,,,,,,,,
720400,1772.0,0.000001,,,,,,,,
720500,1772.2,0.000000,,,,,,,,
720600,1772.4,0.000000,,,,,,,,
720700,1772.7,0.000000,,,,,,,,
720800,1772.9,0.000000,,,,,,,,
720900,1773.1,0.000000,,,,,,,,
721000,1773.3,0.000000,,,,,,,,
721100,1773.5,0.000000,,,,,,,,
721200,1773.8,0.000001,,,,,,,,
721300,1774.0,0.000000,,,,,,,,
721400,1774.2,0.000000,,,,,,,,
721500,1774.5,0.000000,,,,,,,,
721600,1774.7,0.000001,,,,,,,,
721700,1774.9,0.000000,,,,,,,,
721800,1775.1,0.000001,,,,,,,,
721900,1775.3,0.000001,,,,,,,,
722000,1775.6,0.000000,,,,,,,,
722100,1775.8,0.000000,,,,,,,,
722200,1776.0,0.000000,,,,,,,,
722300,1776.2,0.000000,,,,,,,,
722400,1776.5,0.000000,,,,,,,,
722500,1776.7,0.000000,,,,,,,,
722600,1776.9,0.000000,,,,,,,,
722700,1777.1,0.000000,,,,,,,,
722800,1777.4,0.000001,,,,,,,,
722900,1777.6,0.000001,,,,,,,,
723000,1777.8,0.000000,,,,,,,,
723100,1778.0,0.000001,,,,,,,,
723200,1778.3,0.000000,,,,,,,,
723300,1778.5,0.000000,,,,,,,,
723400,1778.7,0.000000,,,,,,,,
723500,1778.9,0.000001,,,,,,,,
723600,1779.1,0.000000,,,,,,,,
723700,1779.4,0.000001,,,,,,,,
723800,1779.6,0.000000,,,,,,,,
723900,1779.8,0.000000,,,,,,,,
724000,1780.1,0.000000,,,,,,,,
724100,1780.3,0.000000,,,,,,,,
724200,1780.5,0.000001,,,,,,,,
724300,1780.7,0.000000,,,,,,,,
724400,1781.0,0.000000,,,,,,,,
724500,1781.2,0.000000,,,,,,,,
724600,1781.4,0.000000,,,,,,,,
724700,1781.7,0.000000,,,,,,,,
724800,1781.9,0.000000,,,,,,,,
724900,1782.1,0.000000,,,,,,,,
725000,1783.4,0.000000,0.000482,8.541421e-02,3.029689e-03,2.289163e-03,0.000000,5.082489e-02,2.934520e-03,2.264207e-03
725100,1783.6,0.000000,,,,,,,,
725200,1783.8,0.000000,,,,,,,,
725300,1784.0,0.000000,,,,,,,,
725400,1784.2,0.000000,,,,,,,,
725500,1784.4,0.000000,,,,,,,,
725600,1784.6,0.000000,,,,,,,,
725700,1784.8,0.000000,,,,,,,,
725800,1785.1,0.000000,,,,,,,,
725900,1785.3,0.000000,,,,,,,,
726000,1785.6,0.000001,,,,,,,,
726100,1785.8,0.000000,,,,,,,,
726200,1786.0,0.000000,,,,,,,,
726300,1786.3,0.000000,,,,,,,,
726400,1786.5,0.000000,,,,,,,,
726500,1786.7,0.000000,,,,,,,,
726600,1786.9,0.000000,,,,,,,,
726700,1787.2,0.000001,,,,,,,,
726800,1787.4,0.000000,,,,,,,,
726900,1787.6,0.000000,,,,,,,,
727000,1787.9,0.000000,,,,,,,,
727100,1788.1,0.000001,,,,,,,,
727200,1788.3,0.000001,,,,,,,,
727300,1788.6,0.000000,,,,,,,,
727400,1788.8,0.000000,,,,,,,,
727500,1789.1,0.000002,,,,,,,,
727600,1789.3,0.000000,,,,,,,,
727700,1789.5,0.000000,,,,,,,,
727800,1789.7,0.000000,,,,,,,,
727900,1790.0,0.000000,,,,,,,,
728000,1790.2,0.000000,,,,,,,,
728100,1790.4,0.000000,,,,,,,,
728200,1790.6,0.000001,,,,,,,,
728300,1790.9,0.000000,,,,,,,,
728400,1791.1,0.000001,,,,,,,,
728500,1791.3,0.000000,,,,,,,,
728600,1791.6,0.000000,,,,,,,,
728700,1791.8,0.000000,,,,,,,,
728800,1792.0,0.000000,,,,,,,,
728900,1792.3,0.000000,,,,,,,,
729000,1792.5,0.000000,,,,,,,,
729100,1792.7,0.000001,,,,,,,,
729200,1793.0,0.000000,,,,,,,,
729300,1793.2,0.000000,,,,,,,,
729400,1793.4,0.000000,,,,,,,,
729500,1793.7,0.000001,,,,,,,,
729600,1793.9,0.000000,,,,,,,,
729700,1794.2,0.000000,,,,,,,,
729800,1794.4,0.000001,,,,,,,,
729900,1794.6,0.000000,,,,,,,,
730000,1795.9,0.000000,0.000417,6.343676e-02,2.622069e-03,1.849601e-03,0.000000,6.343676e-02,2.489727e-03,1.797839e-03
730100,1796.1,0.000001,,,,,,,,
730200,1796.3,0.000000,,,,,,,,
730300,1796.5,0.000000,,,,,,,,
730400,1796.7,0.000000,,,,,,,,
730500,1796.9,0.000000,,,,,,,,
730600,1797.1,0.000000,,,,,,,,
730700,1797.3,0.000000,,,,,,,,
730800,1797.5,0.000000,,,,,,,,
730900,1797.8,0.000000,,,,,,,,
731000,1798.0,0.000001,,,,,,,,
731100,1798.2,0.000000,,,,,,,,
731200,1798.4,0.000000,,,,,,,,
731300,1798.7,0.000001,,,,,,,,
731400,1798.9,0.000000,,,,,,,,
731500,1799.1,0.000000,,,,,,,,
731600,1799.4,0.000000,,,,,,,,
731700,1799.6,0.000001,,,,,,,,
731800,1799.9,0.000000,,,,,,,,
731900,1800.1,0.000000,,,,,,,,
732000,1800.3,0.000000,,,,,,,,
732100,1800.6,0.000000,,,,,,,,
732200,1800.8,0.000000,,,,,,,,
732300,1801.0,0.000000,,,,,,,,
732400,1801.3,0.000000,,,,,,,,
732500,1801.5,0.000000,,,,,,,,
732600,1801.7,0.000000,,,,,,,,
732700,1801.9,0.000001,,,,,,,,
732800,1802.2,0.000000,,,,,,,,
732900,1802.4,0.000001,,,,,,,,
733000,1802.6,0.000000,,,,,,,,
733100,1802.8,0.000000,,,,,,,,
733200,1803.1,0.000000,,,,,,,,
733300,1803.3,0.000001,,,,,,,,
733400,1803.5,0.000000,,,,,,,,
733500,1803.8,0.000001,,,,,,,,
733600,1804.0,0.000001,,,,,,,,
733700,1804.2,0.000000,,,,,,,,
733800,1804.5,0.000000,,,,,,,,
733900,1804.7,0.000000,,,,,,,,
734000,1804.9,0.000000,,,,,,,,
734100,1805.2,0.000000,,,,,,,,
734200,1805.4,0.000000,,,,,,,,
734300,1805.6,0.000000,,,,,,,,
734400,1805.9,0.000000,,,,,,,,
734500,1806.1,0.000000,,,,,,,,
734600,1806.3,0.000000,,,,,,,,
734700,1806.5,0.000000,,,,,,,,
734800,1806.8,0.000000,,,,,,,,
734900,1807.0,0.000000,,,,,,,,
735000,1808.2,0.000000,0.000425,7.035285e-02,2.668258e-03,1.928197e-03,0.000000,5.174679e-02,2.537380e-03,1.867747e-03
735100,1808.4,0.000000,,,,,,,,
735200,1808.6,0.000000,,,,,,,,
735300,1808.8,0.000000,,,,,,,,
735400,1809.0,0.000000,,,,,,,,
735500,1809.2,0.000000,,,,,,,,
735600,1809.5,0.000000,,,,,,,,
735700,1809.7,0.000000,,,,,,,,
735800,1809.9,0.000000,,,,,,,,
735900,1810.1,0.000000,,,,,,,,
736000,1810.4,0.000000,,,,,,,,
736100,1810.6,0.000000,,,,,,,,
736200,1810.8,0.000000,,,,,,,,
736300,1811.1,0.000000,,,,,,,,
736400,1811.3,0.000000,,,,,,,,
736500,1811.5,0.000000,,,,,,,,
736600,1811.7,0.000000,,,,,,,,
736700,1812.0,0.000000,,,,,,,,
736800,1812.2,0.000000,,,,,,,,
736900,1812.4,0.000000,,,,,,,,
737000,1812.6,0.000000,,,,,,,,
737100,1812.9,0.000000,,,,,,,,
737200,1813.1,0.000000,,,,,,,,
737300,1813.3,0.000001,,,,,,,,
737400,1813.6,0.000000,,,,,,,,
737500,1813.8,0.000000,,,,,,,,
737600,1814.0,0.000000,,,,,,,,
737700,1814.3,0.000000,,,,,,,,
737800,1814.5,0.000000,,,,,,,,
737900,1814.7,0.000000,,,,,,,,
738000,1815.0,0.000000,,,,,,,,
738100,1815.2,0.000000,,,,,,,,
738200,1815.4,0.000000,,,,,,,,
738300,1815.7,0.000000,,,,,,,,
738400,1815.9,0.000001,,,,,,,,
738500,1816.1,0.000000,,,,,,,,
738600,1816.3,0.000000,,,,,,,,
738700,1816.6,0.000001,,,,,,,,
738800,1816.8,0.000000,,,,,,,,
738900,1817.0,0.000000,,,,,,,,
739000,1817.3,0.000000,,,,,,,,
739100,1817.5,0.000000,,,,,,,,
739200,1817.7,0.000000,,,,,,,,
739300,1817.9,0.000001,,,,,,,,
739400,1818.2,0.000000,,,,,,,,
739500,1818.4,0.000000,,,,,,,,
739600,1818.6,0.000000,,,,,,,,
739700,1818.8,0.000000,,,,,,,,
739800,1819.1,0.000000,,,,,,,,
739900,1819.3,0.000000,,,,,,,,
740000,1820.6,0.000000,0.000408,6.644920e-02,2.565627e-03,1.853391e-03,0.000000,5.000783e-02,2.455287e-03,1.805767e-03
740100,1820.8,0.000000,,,,,,,,
740200,1821.0,0.000000,,,,,,,,
740300,1821.2,0.000000,,,,,,,,
740400,1821.4,0.000001,,,,,,,,
740500,1821.6,0.000001,,,,,,,,
740600,1821.8,0.000000,,,,,,,,
740700,1822.0,0.000000,,,,,,,,
740800,1822.3,0.000000,,,,,,,,
740900,1822.5,0.000000,,,,,,,,
741000,1822.7,0.000000,,,,,,,,
741100,1823.0,0.000000,,,,,,,,
741200,1823.2,0.000000,,,,,,,,
741300,1823.4,0.000000,,,,,,,,
741400,1823.7,0.000000,,,,,,,,
741500,1823.9,0.000000,,,,,,,,
741600,1824.1,0.000000,,,,,,,,
741700,1824.3,0.000001,,,,,,,,
741800,1824.6,0.000000,,,,,,,,
741900,1824.8,0.000000,,,,,,,,
742000,1825.0,0.000000,,,,,,,,
742100,1825.2,0.000001,,,,,,,,
742200,1825.5,0.000001,,,,,,,,
742300,1825.7,0.000000,,,,,,,,
742400,1825.9,0.000000,,,,,,,,
742500,1826.1,0.000000,,,,,,,,
742600,1826.4,0.000000,,,,,,,,
742700,1826.6,0.000000,,,,,,,,
742800,1826.8,0.000000,,,,,,,,
742900,1827.1,0.000000,,,,,,,,
743000,1827.3,0.000000,,,,,,,,
743100,1827.5,0.000000,,,,,,,,
743200,1827.7,0.000000,,,,,,,,
743300,1828.0,0.000001,,,,,,,,
743400,1828.2,0.000000,,,,,,,,
743500,1828.4,0.000000,,,,,,,,
743600,1828.6,0.000000,,,,,,,,
743700,1828.9,0.000000,,,,,,,,
743800,1829.1,0.000001,,,,,,,,
743900,1829.3,0.000000,,,,,,,,
744000,1829.6,0.000000,,,,,,,,
744100,1829.8,0.000000,,,,,,,,
744200,1830.0,0.000000,,,,,,,,
744300,1830.2,0.000001,,,,,,,,
744400,1830.5,0.000000,,,,,,,,
744500,1830.7,0.000000,,,,,,,,
744600,1830.9,0.000000,,,,,,,,
744700,1831.1,0.000000,,,,,,,,
744800,1831.4,0.000000,,,,,,,,
744900,1831.6,0.000000,,,,,,,,
745000,1832.8,0.000000,0.000397,7.239846e-02,2.496812e-03,1.783460e-03,0.000000,4.851938e-02,2.375729e-03,1.732631e-03
745100,1833.1,0.000001,,,,,,,,
745200,1833.3,0.000000,,,,,,,,
745300,1833.5,0.000000,,,,,,,,
745400,1833.7,0.000000,,,,,,,,
745500,1833.9,0.000001,,,,,,,,
745600,1834.1,0.000000,,,,,,,,
745700,1834.3,0.000000,,,,,,,,
745800,1834.5,0.000000,,,,,,,,
745900,1834.8,0.000000,,,,,,,,
746000,1835.0,0.000000,,,,,,,,
746100,1835.2,0.000000,,,,,,,,
746200,1835.4,0.000000,,,,,,,,
746300,1835.7,0.000000,,,,,,,,
746400,1835.9,0.000000,,,,,,,,
746500,1836.1,0.000000,,,,,,,,
746600,1836.3,0.000000,,,,,,,,
746700,1836.6,0.000001,,,,,,,,
746800,1836.8,0.000000,,,,,,,,
746900,1837.0,0.000000,,,,,,,,
747000,1837.2,0.000000,,,,,,,,
747100,1837.5,0.000000,,,,,,,,
747200,1837.7,0.000000,,,,,,,,
747300,1837.9,0.000001,,,,,,,,
747400,1838.2,0.000000,,,,,,,,
747500,1838.4,0.000000,,,,,,,,
747600,1838.6,0.000000,,,,,,,,
747700,1838.8,0.000000,,,,,,,,
747800,1839.0,0.000000,,,,,,,,
747900,1839.3,0.000000,,,,,,,,
748000,1839.5,0.000000,,,,,,,,
748100,1839.7,0.000000,,,,,,,,
748200,1840.0,0.000000,,,,,,,,
748300,1840.2,0.000000,,,,,,,,
748400,1840.4,0.000000,,,,,,,,
748500,1840.6,0.000001,,,,,,,,
748600,1840.9,0.000000,,,,,,,,
748700,1841.1,0.000000,,,,,,,,
748800,1841.4,0.000000,,,,,,,,
748900,1841.6,0.000000,,,,,,,,
749000,1841.8,0.000000,,,,,,,,
749100,1842.0,0.000000,,,,,,,,
749200,1842.3,0.000000,,,,,,,,
749300,1842.5,0.000000,,,,,,,,
749400,1842.7,0.000000,,,,,,,,
749500,1842.9,0.000000,,,,,,,,
749600,1843.1,0.000000,,,,,,,,
749700,1843.4,0.000000,,,,,,,,
749800,1843.6,0.000000,,,,,,,,
749900,1843.8,0.000000,,,,,,,,
750000,1845.1,0.000000,0.000402,6.667427e-02,2.527198e-03,1.799964e-03,0.000000,4.585720e-02,2.410899e-03,1.753499e-03
750100,1845.3,0.000000,,,,,,,,
750200,1845.5,0.000000,,,,,,,,
750300,1845.7,0.000000,,,,,,,,
750400,1845.9,0.000000,,,,,,,,
750500,1846.1,0.000001,,,,,,,,
750600,1846.3,0.000000,,,,,,,,
750700,1846.5,0.000000,,,,,,,,
750800,1846.7,0.000000,,,,,,,,
750900,1846.9,0.000000,,,,,,,,
751000,1847.2,0.000000,,,,,,,,
751100,1847.4,0.000000,,,,,,,,
751200,1847.6,0.000000,,,,,,,,
751300,1847.9,0.000000,,,,,,,,
751400,1848.1,0.000000,,,,,,,,
751500,1848.3,0.000000,,,,,,,,
751600,1848.6,0.000000,,,,,,,,
751700,1848.8,0.000000,,,,,,,,
751800,1849.0,0.000000,,,,,,,,
751900,1849.2,0.000000,,,,,,,,
752000,1849.5,0.000000,,,,,,,,
752100,1849.7,0.000000,,,,,,,,
752200,1849.9,0.000000,,,,,,,,
752300,1850.2,0.000001,,,,,,,,
752400,1850.4,0.000000,,,,,,,,
752500,1850.6,0.000000,,,,,,,,
752600,1850.8,0.000000,,,,,,,,
752700,1851.1,0.000000,,,,,,,,
752800,1851.3,0.000000,,,,,,,,
752900,1851.5,0.000000,,,,,,,,
753000,1851.7,0.000000,,,,,,,,
753100,1852.0,0.000000,,,,,,,,
753200,1852.2,0.000000,,,,,,,,
753300,1852.4,0.000000,,,,,,,,
753400,1852.6,0.000000,,,,,,,,
753500,1852.9,0.000000,,,,,,,,
753600,1853.1,0.000000,,,,,,,,
753700,1853.4,0.000001,,,,,,,,
753800,1853.6,0.000000,,,,,,,,
753900,1853.8,0.000000,,,,,,,,
754000,1854.1,0.000001,,,,,,,,
754100,1854.3,0.000000,,,,,,,,
754200,1854.5,0.000000,,,,,,,,
754300,1854.7,0.000000,,,,,,,,
754400,1855.0,0.000001,,,,,,,,
754500,1855.2,0.000000,,,,,,,,
754600,1855.4,0.000000,,,,,,,,
754700,1855.6,0.000000,,,,,,,,
754800,1855.9,0.000000,,,,,,,,
754900,1856.1,0.000000,,,,,,,,
755000,1857.4,0.000000,0.000389,6.354717e-02,2.443838e-03,1.734052e-03,0.000000,4.768730e-02,2.314467e-03,1.675560e-03
755100,1857.6,0.000000,,,,,,,,
755200,1857.8,0.000001,,,,,,,,
755300,1858.0,0.000000,,,,,,,,
755400,1858.2,0.000000,,,,,,,,
755500,1858.4,0.000000,,,,,,,,
755600,1858.6,0.000000,,,,,,,,
755700,1858.8,0.000000,,,,,,,,
755800,1859.0,0.000000,,,,,,,,
755900,1859.3,0.000000,,,,,,,,
756000,1859.5,0.000000,,,,,,,,
756100,1859.7,0.000000,,,,,,,,
756200,1859.9,0.000000,,,,,,,,
756300,1860.2,0.000001,,,,,,,,
756400,1860.4,0.000000,,,,,,,,
756500,1860.7,0.000000,,,,,,,,
756600,1860.9,0.000000,,,,,,,,
756700,1861.1,0.000000,,,,,,,,
756800,1861.3,0.000000,,,,,,,,
756900,1861.5,0.000000,,,,,,,,
757000,1861.8,0.000000,,,,,,,,
757100,1862.0,0.000000,,,,,,,,
757200,1862.2,0.000001,,,,,,,,
757300,1862.4,0.000000,,,,,,,,
757400,1862.7,0.000000,,,,,,,,
757500,1862.9,0.000000,,,,,,,,
757600,1863.1,0.000000,,,,,,,,
757700,1863.4,0.000000,,,,,,,,
757800,1863.6,0.000000,,,,,,,,
757900,1863.8,0.000000,,,,,,,,
758000,1864.0,0.000000,,,,,,,,
758100,1864.3,0.000000,,,,,,,,
758200,1864.5,0.000000,,,,,,,,
758300,1864.7,0.000000,,,,,,,,
758400,1865.0,0.000000,,,,,,,,
758500,1865.2,0.000000,,,,,,,,
758600,1865.4,0.000000,,,,,,,,
758700,1865.6,0.000000,,,,,,,,
758800,1865.9,0.000000,,,,,,,,
758900,1866.1,0.000000,,,,,,,,
759000,1866.3,0.000000,,,,,,,,
759100,1866.5,0.000000,,,,,,,,
759200,1866.8,0.000000,,,,,,,,
759300,1867.0,0.000000,,,,,,,,
759400,1867.2,0.000000,,,,,,,,
759500,1867.4,0.000000,,,,,,,,
759600,1867.6,0.000000,,,,,,,,
759700,1867.8,0.000000,,,,,,,,
759800,1868.1,0.000000,,,,,,,,
759900,1868.3,0.000000,,,,,,,,
760000,1869.5,0.000000,0.000387,6.143827e-02,2.433810e-03,1.730991e-03,0.000000,4.523087e-02,2.300404e-03,1.674225e-03
760100,1869.7,0.000000,,,,,,,,
760200,1869.9,0.000000,,,,,,,,
760300,1870.1,0.000002,,,,,,,,
760400,1870.3,0.000000,,,,,,,,
760500,1870.5,0.000000,,,,,,,,
760600,1870.7,0.000000,,,,,,,,
760700,1870.9,0.000000,,,,,,,,
760800,1871.2,0.000001,,,,,,,,
760900,1871.4,0.000000,,,,,,,,
761000,1871.6,0.000000,,,,,,,,
761100,1871.9,0.000000,,,,,,,,
761200,1872.1,0.000000,,,,,,,,
761300,1872.4,0.000000,,,,,,,,
761400,1872.6,0.000000,,,,,,,,
761500,1872.8,0.000000,,,,,,,,
761600,1873.0,0.000000,,,,,,,,
761700,1873.2,0.000000,,,,,,,,
761800,1873.5,0.000000,,,,,,,,
761900,1873.7,0.000000,,,,,,,,
762000,1873.9,0.000000,,,,,,,,
762100,1874.2,0.000001,,,,,,,,
762200,1874.4,0.000000,,,,,,,,
762300,1874.7,0.000000,,,,,,,,
762400,1874.9,0.000000,,,,,,,,
762500,1875.1,0.000000,,,,,,,,
762600,1875.4,0.000000,,,,,,,,
762700,1875.6,0.000000,,,,,,,,
762800,1875.8,0.000001,,,,,,,,
762900,1876.0,0.000000,,,,,,,,
763000,1876.3,0.000000,,,,,,,,
763100,1876.5,0.000000,,,,,,,,
763200,1876.7,0.000000,,,,,,,,
763300,1876.9,0.000000,,,,,,,,
763400,1877.1,0.000001,,,,,,,,
763500,1877.4,0.000000,,,,,,,,
763600,1877.6,0.000000,,,,,,,,
763700,1877.8,0.000000,,,,,,,,
763800,1878.0,0.000000,,,,,,,,
763900,1878.3,0.000000,,,,,,,,
764000,1878.5,0.000000,,,,,,,,
764100,1878.7,0.000000,,,,,,,,
764200,1879.0,0.000000,,,,,,,,
764300,1879.2,0.000000,,,,,,,,
764400,1879.4,0.000000,,,,,,,,
764500,1879.7,0.000000,,,,,,,,
764600,1879.9,0.000000,,,,,,,,
764700,1880.1,0.000000,,,,,,,,
764800,1880.3,0.000001,,,,,,,,
764900,1880.6,0.000000,,,,,,,,
765000,1881.8,0.000000,0.000390,8.162565e-02,2.452513e-03,1.735931e-03,0.000000,4.073509e-02,2.319161e-03,1.677229e-03
765100,1882.0,0.000000,,,,,,,,
765200,1882.2,0.000000,,,,,,,,
765300,1882.4,0.000000,,,,,,,,
765400,1882.6,0.000000,,,,,,,,
765500,1882.8,0.000000,,,,,,,,
765600,1883.0,0.000000,,,,,,,,
765700,1883.3,0.000000,,,,,,,,
765800,1883.5,0.000000,,,,,,,,
765900,1883.7,0.000000,,,,,,,,
766000,1883.9,0.000000,,,,,,,,
766100,1884.2,0.000001,,,,,,,,
766200,1884.4,0.000000,,,,,,,,
766300,1884.6,0.000000,,,,,,,,
766400,1884.9,0.000000,,,,,,,,
766500,1885.1,0.000000,,,,,,,,
766600,1885.3,0.000000,,,,,,,,
766700,1885.5,0.000000,,,,,,,,
766800,1885.8,0.000000,,,,,,,,
766900,1886.0,0.000000,,,,,,,,
767000,1886.2,0.000000,,,,,,,,
767100,1886.4,0.000000,,,,,,,,
767200,1886.7,0.000000,,,,,,,,
767300,1886.9,0.000000,,,,,,,,
767400,1887.1,0.000000,,,,,,,,
767500,1887.3,0.000000,,,,,,,,
767600,1887.5,0.000000,,,,,,,,
767700,1887.8,0.000000,,,,,,,,
767800,1888.0,0.000000,,,,,,,,
767900,1888.2,0.000000,,,,,,,,
768000,1888.5,0.000000,,,,,,,,
768100,1888.7,0.000000,,,,,,,,
768200,1888.9,0.000000,,,,,,,,
768300,1889.1,0.000000,,,,,,,,
768400,1889.3,0.000001,,,,,,,,
768500,1889.6,0.000000,,,,,,,,
768600,1889.8,0.000000,,,,,,,,
768700,1890.0,0.000000,,,,,,,,
768800,1890.3,0.000000,,,,,,,,
768900,1890.5,0.000000,,,,,,,,
769000,1890.7,0.000000,,,,,,,,
769100,1890.9,0.000000,,,,,,,,
769200,1891.1,0.000001,,,,,,,,
769300,1891.4,0.000000,,,,,,,,
769400,1891.6,0.000001,,,,,,,,
769500,1891.8,0.000000,,,,,,,,
769600,1892.1,0.000000,,,,,,,,
769700,1892.3,0.000000,,,,,,,,
769800,1892.5,0.000000,,,,,,,,
769900,1892.7,0.000000,,,,,,,,
770000,1894.0,0.000001,0.000390,6.280736e-02,2.449764e-03,1.745902e-03,0.000000,5.042506e-02,2.318391e-03,1.692111e-03
770100,1894.2,0.000000,,,,,,,,
770200,1894.4,0.000000,,,,,,,,
770300,1894.6,0.000000,,,,,,,,
770400,1894.8,0.000000,,,,,,,,
770500,1895.0,0.000000,,,,,,,,
770600,1895.2,0.000000,,,,,,,,
770700,1895.4,0.000001,,,,,,,,
770800,1895.7,0.000000,,,,,,,,
770900,1895.9,0.000000,,,,,,,,
771000,1896.1,0.000000,,,,,,,,
771100,1896.4,0.000001,,,,,,,,
771200,1896.6,0.000000,,,,,,,,
771300,1896.8,0.000001,,,,,,,,
771400,1897.1,0.000000,,,,,,,,
771500,1897.3,0.000000,,,,,,,,
771600,1897.5,0.000000,,,,,,,,
771700,1897.7,0.000000,,,,,,,,
771800,1898.0,0.000001,,,,,,,,
771900,1898.2,0.000000,,,,,,,,
772000,1898.4,0.000000,,,,,,,,
772100,1898.6,0.000000,,,,,,,,
772200,1898.9,0.000000,,,,,,,,
772300,1899.1,0.000000,,,,,,,,
772400,1899.3,0.000000,,,,,,,,
772500,1899.5,0.000000,,,,,,,,
772600,1899.7,0.000000,,,,,,,,
772700,1900.0,0.000001,,,,,,,,
772800,1900.2,0.000001,,,,,,,,
772900,1900.4,0.000000,,,,,,,,
773000,1900.6,0.000000,,,,,,,,
773100,1900.9,0.000000,,,,,,,,
773200,1901.1,0.000000,,,,,,,,
773300,1901.3,0.000000,,,,,,,,
773400,1901.5,0.000001,,,,,,,,
773500,1901.8,0.000000,,,,,,,,
773600,1902.0,0.000000,,,,,,,,
773700,1902.2,0.000000,,,,,,,,
773800,1902.5,0.000000,,,,,,,,
773900,1902.7,0.000000,,,,,,,,
774000,1902.9,0.000000,,,,,,,,
774100,1903.1,0.000000,,,,,,,,
774200,1903.4,0.000000,,,,,,,,
774300,1903.6,0.000000,,,,,,,,
774400,1903.8,0.000000,,,,,,,,
774500,1904.1,0.000001,,,,,,,,
774600,1904.3,0.000000,,,,,,,,
774700,1904.5,0.000001,,,,,,,,
774800,1904.7,0.000000,,,,,,,,
774900,1904.9,0.000000,,,,,,,,
775000,1906.2,0.000000,0.000392,6.620602e-02,2.463996e-03,1.771075e-03,0.000000,4.898167e-02,2.336978e-03,1.712386e-03
775100,1906.4,0.000000,,,,,,,,
775200,1906.6,0.000000,,,,,,,,
775300,1906.8,0.000000,,,,,,,,
775400,1907.0,0.000000,,,,,,,,
775500,1907.2,0.000000,,,,,,,,
775600,1907.4,0.000000,,,,,,,,
775700,1907.7,0.000000,,,,,,,,
775800,1907.9,0.000000,,,,,,,,
775900,1908.1,0.000000,,,,,,,,
776000,1908.4,0.000000,,,,,,,,
776100,1908.6,0.000000,,,,,,,,
776200,1908.9,0.000000,,,,,,,,
776300,1909.1,0.000000,,,,,,,,
776400,1909.3,0.000000,,,,,,,,
776500,1909.5,0.000000,,,,,,,,
776600,1909.8,0.000001,,,,,,,,
776700,1910.0,0.000000,,,,,,,,
776800,1910.2,0.000000,,,,,,,,
776900,1910.5,0.000000,,,,,,,,
777000,1910.7,0.000000,,,,,,,,
777100,1910.9,0.000000,,,,,,,,
777200,1911.1,0.000000,,,,,,,,
777300,1911.4,0.000000,,,,,,,,
777400,1911.6,0.000000,,,,,,,,
777500,1911.8,0.000000,,,,,,,,
777600,1912.0,0.000000,,,,,,,,
777700,1912.2,0.000000,,,,,,,,
777800,1912.5,0.000001,,,,,,,,
777900,1912.7,0.000000,,,,,,,,
778000,1913.0,0.000000,,,,,,,,
778100,1913.2,0.000000,,,,,,,,
778200,1913.4,0.000000,,,,,,,,
778300,1913.6,0.000000,,,,,,,,
778400,1913.9,0.000000,,,,,,,,
778500,1914.1,0.000000,,,,,,,,
778600,1914.3,0.000000,,,,,,,,
778700,1914.5,0.000000,,,,,,,,
778800,1914.8,0.000001,,,,,,,,
778900,1915.0,0.000000,,,,,,,,
779000,1915.2,0.000000,,,,,,,,
779100,1915.4,0.000000,,,,,,,,
779200,1915.6,0.000000,,,,,,,,
779300,1915.8,0.000000,,,,,,,,
779400,1916.1,0.000000,,,,,,,,
779500,1916.3,0.000000,,,,,,,,
779600,1916.5,0.000000,,,,,,,,
779700,1916.8,0.000000,,,,,,,,
779800,1917.0,0.000001,,,,,,,,
779900,1917.2,0.000000,,,,,,,,
780000,1918.4,0.000000,0.000383,7.014326e-02,2.409366e-03,1.701155e-03,0.000000,4.868127e-02,2.279207e-03,1.646344e-03
780100,1918.6,0.000000,,,,,,,,
780200,1918.8,0.000000,,,,,,,,
780300,1919.0,0.000000,,,,,,,,
780400,1919.3,0.000001,,,,,,,,
780500,1919.5,0.000000,,,,,,,,
780600,1919.7,0.000000,,,,,,,,
780700,1919.9,0.000000,,,,,,,,
780800,1920.1,0.000000,,,,,,,,
780900,1920.4,0.000000,,,,,,,,
781000,1920.6,0.000001,,,,,,,,
781100,1920.8,0.000000,,,,,,,,
781200,1921.0,0.000000,,,,,,,,
781300,1921.2,0.000000,,,,,,,,
781400,1921.5,0.000000,,,,,,,,
781500,1921.7,0.000000,,,,,,,,
781600,1921.9,0.000000,,,,,,,,
781700,1922.2,0.000000,,,,,,,,
781800,1922.4,0.000000,,,,,,,,
781900,1922.6,0.000000,,,,,,,,
782000,1922.8,0.000001,,,,,,,,
782100,1923.1,0.000000,,,,,,,,
782200,1923.3,0.000000,,,,,,,,
782300,1923.5,0.000000,,,,,,,,
782400,1923.7,0.000000,,,,,,,,
782500,1924.0,0.000000,,,,,,,,
782600,1924.2,0.000001,,,,,,,,
782700,1924.4,0.000000,,,,,,,,
782800,1924.6,0.000000,,,,,,,,
782900,1924.9,0.000000,,,,,,,,
783000,1925.1,0.000001,,,,,,,,
783100,1925.3,0.000000,,,,,,,,
783200,1925.6,0.000000,,,,,,,,
783300,1925.8,0.000000,,,,,,,,
783400,1926.0,0.000000,,,,,,,,
783500,1926.3,0.000000,,,,,,,,
783600,1926.5,0.000000,,,,,,,,
783700,1926.7,0.000000,,,,,,,,
783800,1927.0,0.000000,,,,,,,,
783900,1927.2,0.000000,,,,,,,,
784000,1927.4,0.000001,,,,,,,,
784100,1927.6,0.000000,,,,,,,,
784200,1927.9,0.000001,,,,,,,,
784300,1928.1,0.000000,,,,,,,,
784400,1928.3,0.000000,,,,,,,,
784500,1928.5,0.000000,,,,,,,,
784600,1928.7,0.000001,,,,,,,,
784700,1929.0,0.000000,,,,,,,,
784800,1929.2,0.000000,,,,,,,,
784900,1929.4,0.000001,,,,,,,,
785000,1930.7,0.000001,0.000383,7.239822e-02,2.403780e-03,1.693650e-03,0.000000,5.004788e-02,2.273490e-03,1.637715e-03
785100,1930.9,0.000000,,,,,,,,
785200,1931.1,0.000000,,,,,,,,
785300,1931.3,0.000000,,,,,,,,
785400,1931.5,0.000000,,,,,,,,
785500,1931.7,0.000000,,,,,,,,
785600,1931.9,0.000000,,,,,,,,
785700,1932.1,0.000000,,,,,,,,
785800,1932.3,0.000000,,,,,,,,
785900,1932.5,0.000000,,,,,,,,
786000,1932.7,0.000000,,,,,,,,
786100,1933.0,0.000000,,,,,,,,
786200,1933.2,0.000000,,,,,,,,
786300,1933.4,0.000001,,,,,,,,
786400,1933.7,0.000000,,,,,,,,
786500,1933.9,0.000000,,,,,,,,
786600,1934.1,0.000000,,,,,,,,
786700,1934.3,0.000000,,,,,,,,
786800,1934.6,0.000000,,,,,,,,
786900,1934.8,0.000000,,,,,,,,
787000,1935.1,0.000000,,,,,,,,
787100,1935.3,0.000000,,,,,,,,
787200,1935.5,0.000001,,,,,,,,
787300,1935.8,0.000000,,,,,,,,
787400,1936.0,0.000000,,,,,,,,
787500,1936.2,0.000000,,,,,,,,
787600,1936.4,0.000000,,,,,,,,
787700,1936.6,0.000000,,,,,,,,
787800,1936.9,0.000000,,,,,,,,
787900,1937.1,0.000000,,,,,,,,
788000,1937.3,0.000000,,,,,,,,
788100,1937.6,0.000000,,,,,,,,
788200,1937.8,0.000000,,,,,,,,
788300,1938.0,0.000000,,,,,,,,
788400,1938.2,0.000000,,,,,,,,
788500,1938.5,0.000000,,,,,,,,
788600,1938.7,0.000000,,,,,,,,
788700,1938.9,0.000000,,,,,,,,
788800,1939.2,0.000000,,,,,,,,
788900,1939.4,0.000000,,,,,,,,
789000,1939.6,0.000000,,,,,,,,
789100,1939.9,0.000000,,,,,,,,
789200,1940.1,0.000000,,,,,,,,
789300,1940.3,0.000000,,,,,,,,
789400,1940.5,0.000000,,,,,,,,
789500,1940.8,0.000000,,,,,,,,
789600,1941.0,0.000000,,,,,,,,
789700,1941.2,0.000000,,,,,,,,
789800,1941.4,0.000000,,,,,,,,
789900,1941.7,0.000000,,,,,,,,
790000,1942.9,0.000000,0.000383,6.685094e-02,2.405166e-03,1.710614e-03,0.000000,4.835511e-02,2.274061e-03,1.651142e-03
790100,1943.1,0.000000,,,,,,,,
790200,1943.3,0.000000,,,,,,,,
790300,1943.5,0.000000,,,,,,,,
790400,1943.7,0.000000,,,,,,,,
790500,1943.9,0.000000,,,,,,,,
790600,1944.1,0.000000,,,,,,,,
790700,1944.3,0.000000,,,,,,,,
790800,1944.6,0.000000,,,,,,,,
790900,1944.8,0.000000,,,,,,,,
791000,1945.0,0.000000,,,,,,,,
791100,1945.3,0.000000,,,,,,,,
791200,1945.5,0.000000,,,,,,,,
791300,1945.7,0.000000,,,,,,,,
791400,1946.0,0.000000,,,,,,,,
791500,1946.2,0.000000,,,,,,,,
791600,1946.4,0.000000,,,,,,,,
791700,1946.6,0.000000,,,,,,,,
791800,1946.9,0.000000,,,,,,,,
791900,1947.1,0.000000,,,,,,,,
792000,1947.3,0.000000,,,,,,,,
792100,1947.6,0.000000,,,,,,,,
792200,1947.8,0.000000,,,,,,,,
792300,1948.0,0.000001,,,,,,,,
792400,1948.2,0.000000,,,,,,,,
792500,1948.5,0.000000,,,,,,,,
792600,1948.7,0.000000,,,,,,,,
792700,1948.9,0.000000,,,,,,,,
792800,1949.1,0.000000,,,,,,,,
792900,1949.4,0.000000,,,,,,,,
793000,1949.6,0.000000,,,,,,,,
793100,1949.8,0.000000,,,,,,,,
793200,1950.0,0.000001,,,,,,,,
793300,1950.3,0.000000,,,,,,,,
793400,1950.5,0.000000,,,,,,,,
793500,1950.7,0.000000,,,,,,,,
793600,1951.0,0.000000,,,,,,,,
793700,1951.2,0.000000,,,,,,,,
793800,1951.4,0.000000,,,,,,,,
793900,1951.6,0.000000,,,,,,,,
794000,1951.9,0.000000,,,,,,,,
794100,1952.1,0.000002,,,,,,,,
794200,1952.3,0.000000,,,,,,,,
794300,1952.6,0.000000,,,,,,,,
794400,1952.8,0.000000,,,,,,,,
794500,1953.0,0.000000,,,,,,,,
794600,1953.2,0.000001,,,,,,,,
794700,1953.5,0.000000,,,,,,,,
794800,1953.7,0.000000,,,,,,,,
794900,1953.9,0.000000,,,,,,,,
795000,1955.2,0.000000,0.000381,6.618504e-02,2.393652e-03,1.693448e-03,0.000000,4.910994e-02,2.265256e-03,1.637209e-03
795100,1955.4,0.000000,,,,,,,,
795200,1955.6,0.000000,,,,,,,,
795300,1955.8,0.000000,,,,,,,,
795400,1956.0,0.000000,,,,,,,,
795500,1956.2,0.000000,,,,,,,,
795600,1956.4,0.000000,,,,,,,,
795700,1956.6,0.000000,,,,,,,,
795800,1956.8,0.000000,,,,,,,,
795900,1957.0,0.000000,,,,,,,,
796000,1957.3,0.000000,,,,,,,,
796100,1957.5,0.000000,,,,,,,,
796200,1957.7,0.000000,,,,,,,,
796300,1958.0,0.000000,,,,,,,,
796400,1958.2,0.000001,,,,,,,,
796500,1958.4,0.000000,,,,,,,,
796600,1958.7,0.000000,,,,,,,,
796700,1958.9,0.000000,,,,,,,,
796800,1959.1,0.000002,,,,,,,,
796900,1959.4,0.000000,,,,,,,,
797000,1959.6,0.000000,,,,,,,,
797100,1959.8,0.000000,,,,,,,,
797200,1960.0,0.000000,,,,,,,,
797300,1960.3,0.000001,,,,,,,,
797400,1960.5,0.000000,,,,,,,,
797500,1960.7,0.000000,,,,,,,,
797600,1960.9,0.000000,,,,,,,,
797700,1961.2,0.000000,,,,,,,,
797800,1961.4,0.000001,,,,,,,,
797900,1961.6,0.000000,,,,,,,,
798000,1961.8,0.000000,,,,,,,,
798100,1962.1,0.000000,,,,,,,,
798200,1962.3,0.000001,,,,,,,,
798300,1962.5,0.000000,,,,,,,,
798400,1962.7,0.000000,,,,,,,,
798500,1963.0,0.000000,,,,,,,,
798600,1963.2,0.000000,,,,,,,,
798700,1963.4,0.000000,,,,,,,,
798800,1963.7,0.000000,,,,,,,,
798900,1963.9,0.000000,,,,,,,,
799000,1964.1,0.000000,,,,,,,,
799100,1964.4,0.000000,,,,,,,,
799200,1964.6,0.000000,,,,,,,,
799300,1964.8,0.000000,,,,,,,,
799400,1965.1,0.000001,,,,,,,,
799500,1965.3,0.000000,,,,,,,,
799600,1965.5,0.000000,,,,,,,,
799700,1965.8,0.000000,,,,,,,,
799800,1966.0,0.000000,,,,,,,,
799900,1966.2,0.000000,,,,,,,,
800000,1967.5,0.000000,0.000381,6.733660e-02,2.392350e-03,1.696477e-03,0.000000,4.869462e-02,2.262844e-03,1.640811e-03
