step,elapsed_s,train_loss,eval_loss,max_abs_err,mean_abs_err,median_abs_err,frac_under_boyd,max_abs_err_bulk,mean_abs_err_bulk,median_abs_err_bulk
100,0.6,0.108548,,,,,,,,
200,0.9,0.001891,,,,,,,,
300,1.3,0.001263,,,,,,,,
400,1.6,0.000291,,,,,,,,
500,1.9,0.000180,,,,,,,,
600,2.3,0.000064,,,,,,,,
700,2.6,0.000259,,,,,,,,
800,3.0,0.000204,,,,,,,,
900,3.3,0.000064,,,,,,,,
1000,3.7,0.000047,,,,,,,,
1100,4.1,0.000044,,,,,,,,
1200,4.4,0.000064,,,,,,,,
1300,4.8,0.000056,,,,,,,,
1400,5.1,0.000032,,,,,,,,
1500,5.5,0.000035,,,,,,,,
1600,5.9,0.000041,,,,,,,,
1700,6.2,0.000189,,,,,,,,
1800,6.6,0.000029,,,,,,,,
1900,7.0,0.000041,,,,,,,,
2000,7.3,0.000026,,,,,,,,
2100,7.7,0.000040,,,,,,,,
2200,8.0,0.000019,,,,,,,,
2300,8.5,0.000099,,,,,,,,
2400,8.7,0.000030,,,,,,,,
2500,9.1,0.000027,,,,,,,,
2600,9.5,0.000027,,,,,,,,
2700,9.8,0.000025,,,,,,,,
2800,10.2,0.000018,,,,,,,,
2900,10.5,0.000015,,,,,,,,
3000,10.8,0.000021,,,,,,,,
3100,11.3,0.000021,,,,,,,,
3200,11.6,0.000018,,,,,,,,
3300,11.9,0.000052,,,,,,,,
3400,12.3,0.000028,,,,,,,,
3500,12.6,0.000044,,,,,,,,
3600,13.1,0.000011,,,,,,,,
3700,13.3,0.000026,,,,,,,,
3800,13.7,0.000042,,,,,,,,
3900,14.1,0.000007,,,,,,,,
4000,14.4,0.000006,,,,,,,,
4100,14.8,0.000050,,,,,,,,
4200,15.1,0.000021,,,,,,,,
4300,15.5,0.000018,,,,,,,,
4400,15.8,0.000039,,,,,,,,
4500,16.1,0.000012,,,,,,,,
4600,16.5,0.000015,,,,,,,,
4700,16.8,0.000009,,,,,,,,
4800,17.3,0.000031,,,,,,,,
4900,17.6,0.000044,,,,,,,,
5000,19.4,0.000019,0.000013,2.382491e-01,1.621513e-02,1.269942e-02,0.000000,1.220651e-01,1.552824e-02,1.235869e-02
5100,19.7,0.000008,,,,,,,,
5200,20.2,0.000015,,,,,,,,
5300,20.5,0.000017,,,,,,,,
5400,20.9,0.000020,,,,,,,,
5500,21.2,0.000011,,,,,,,,
5600,21.5,0.000024,,,,,,,,
5700,21.9,0.000019,,,,,,,,
5800,22.2,0.000023,,,,,,,,
5900,22.7,0.000014,,,,,,,,
6000,22.9,0.000012,,,,,,,,
6100,23.3,0.000010,,,,,,,,
6200,23.7,0.000015,,,,,,,,
6300,24.0,0.000030,,,,,,,,
6400,24.4,0.000031,,,,,,,,
6500,24.7,0.000016,,,,,,,,
6600,25.1,0.000018,,,,,,,,
6700,25.4,0.000025,,,,,,,,
6800,25.8,0.000036,,,,,,,,
6900,26.2,0.000004,,,,,,,,
7000,26.5,0.000026,,,,,,,,
7100,26.9,0.000009,,,,,,,,
7200,27.3,0.000007,,,,,,,,
7300,27.6,0.000005,,,,,,,,
7400,28.1,0.000007,,,,,,,,
7500,28.3,0.000040,,,,,,,,
7600,28.8,0.000010,,,,,,,,
7700,29.1,0.000008,,,,,,,,
7800,29.4,0.000018,,,,,,,,
7900,29.9,0.000004,,,,,,,,
8000,30.2,0.000005,,,,,,,,
8100,30.5,0.000022,,,,,,,,
8200,30.9,0.000016,,,,,,,,
8300,31.2,0.000009,,,,,,,,
8400,31.7,0.000016,,,,,,,,
8500,32.0,0.000008,,,,,,,,
8600,32.3,0.000015,,,,,,,,
8700,32.7,0.000008,,,,,,,,
8800,33.0,0.000008,,,,,,,,
8900,33.5,0.000017,,,,,,,,
9000,33.8,0.000009,,,,,,,,
9100,34.2,0.000008,,,,,,,,
9200,34.5,0.000008,,,,,,,,
9300,34.8,0.000007,,,,,,,,
9400,35.2,0.000018,,,,,,,,
9500,35.5,0.000002,,,,,,,,
9600,36.0,0.000008,,,,,,,,
9700,36.2,0.000017,,,,,,,,
9800,36.6,0.000007,,,,,,,,
9900,37.0,0.000007,,,,,,,,
10000,38.7,0.000007,0.000011,1.734253e-01,1.649513e-02,1.353037e-02,0.000000,1.730719e-01,1.673373e-02,1.359197e-02
10100,39.0,0.000011,,,,,,,,
10200,39.3,0.000011,,,,,,,,
10300,39.7,0.000010,,,,,,,,
10400,40.0,0.000006,,,,,,,,
10500,40.3,0.000005,,,,,,,,
10600,40.8,0.000004,,,,,,,,
10700,41.0,0.000006,,,,,,,,
10800,41.4,0.000023,,,,,,,,
10900,41.8,0.000009,,,,,,,,
11000,42.1,0.000001,,,,,,,,
11100,42.5,0.000012,,,,,,,,
11200,42.8,0.000004,,,,,,,,
11300,43.2,0.000008,,,,,,,,
11400,43.5,0.000005,,,,,,,,
11500,43.9,0.000015,,,,,,,,
11600,44.3,0.000013,,,,,,,,
11700,44.6,0.000024,,,,,,,,
11800,45.0,0.000024,,,,,,,,
11900,45.3,0.000017,,,,,,,,
12000,45.6,0.000011,,,,,,,,
12100,46.1,0.000014,,,,,,,,
12200,46.3,0.000011,,,,,,,,
12300,46.8,0.000009,,,,,,,,
12400,47.1,0.000009,,,,,,,,
12500,47.4,0.000007,,,,,,,,
12600,47.8,0.000002,,,,,,,,
12700,48.1,0.000011,,,,,,,,
12800,48.6,0.000003,,,,,,,,
12900,48.8,0.000011,,,,,,,,
13000,49.2,0.000009,,,,,,,,
13100,49.6,0.000005,,,,,,,,
13200,49.9,0.000005,,,,,,,,
13300,50.3,0.000006,,,,,,,,
13400,50.6,0.000003,,,,,,,,
13500,51.0,0.000007,,,,,,,,
13600,51.4,0.000019,,,,,,,,
13700,51.7,0.000005,,,,,,,,
13800,52.1,0.000008,,,,,,,,
13900,52.4,0.000014,,,,,,,,
14000,52.8,0.000004,,,,,,,,
14100,53.2,0.000006,,,,,,,,
14200,53.5,0.000007,,,,,,,,
14300,53.9,0.000017,,,,,,,,
14400,54.2,0.000005,,,,,,,,
14500,54.6,0.000005,,,,,,,,
14600,55.0,0.000004,,,,,,,,
14700,55.3,0.000004,,,,,,,,
14800,55.8,0.000006,,,,,,,,
14900,56.1,0.000003,,,,,,,,
15000,57.9,0.000003,0.000003,1.590427e-01,8.086130e-03,7.189030e-03,0.000000,1.151395e-01,7.967424e-03,7.046169e-03
15100,58.2,0.000003,,,,,,,,
15200,58.5,0.000003,,,,,,,,
15300,58.9,0.000009,,,,,,,,
15400,59.4,0.000014,,,,,,,,
15500,59.6,0.000009,,,,,,,,
15600,60.0,0.000006,,,,,,,,
15700,60.5,0.000014,,,,,,,,
15800,60.8,0.000002,,,,,,,,
15900,61.2,0.000004,,,,,,,,
16000,61.5,0.000005,,,,,,,,
16100,61.9,0.000014,,,,,,,,
16200,62.3,0.000007,,,,,,,,
16300,62.6,0.000006,,,,,,,,
16400,63.0,0.000005,,,,,,,,
16500,63.4,0.000004,,,,,,,,
16600,63.7,0.000002,,,,,,,,
16700,64.1,0.000004,,,,,,,,
16800,64.4,0.000011,,,,,,,,
16900,64.9,0.000004,,,,,,,,
17000,65.3,0.000004,,,,,,,,
17100,65.6,0.000004,,,,,,,,
17200,66.1,0.000002,,,,,,,,
17300,66.4,0.000002,,,,,,,,
17400,66.7,0.000004,,,,,,,,
17500,67.1,0.000011,,,,,,,,
17600,67.4,0.000005,,,,,,,,
17700,67.9,0.000008,,,,,,,,
17800,68.1,0.000007,,,,,,,,
17900,68.5,0.000003,,,,,,,,
18000,68.9,0.000011,,,,,,,,
18100,69.2,0.000005,,,,,,,,
18200,69.6,0.000002,,,,,,,,
18300,69.9,0.000006,,,,,,,,
18400,70.3,0.000011,,,,,,,,
18500,70.6,0.000010,,,,,,,,
18600,71.0,0.000002,,,,,,,,
18700,71.4,0.000021,,,,,,,,
18800,71.7,0.000008,,,,,,,,
18900,72.1,0.000001,,,,,,,,
19000,72.4,0.000006,,,,,,,,
19100,72.7,0.000006,,,,,,,,
19200,73.2,0.000002,,,,,,,,
19300,73.5,0.000004,,,,,,,,
19400,73.9,0.000002,,,,,,,,
19500,74.2,0.000004,,,,,,,,
19600,74.5,0.000006,,,,,,,,
19700,74.9,0.000003,,,,,,,,
19800,75.2,0.000002,,,,,,,,
19900,75.7,0.000008,,,,,,,,
20000,77.4,0.000003,0.000003,2.053368e-01,7.432970e-03,5.760831e-03,0.000000,1.018692e-01,7.453596e-03,5.923548e-03
20100,77.7,0.000006,,,,,,,,
20200,77.9,0.000005,,,,,,,,
20300,78.2,0.000002,,,,,,,,
20400,78.6,0.000006,,,,,,,,
20500,78.9,0.000003,,,,,,,,
20600,79.3,0.000008,,,,,,,,
20700,79.7,0.000010,,,,,,,,
20800,80.0,0.000007,,,,,,,,
20900,80.4,0.000004,,,,,,,,
21000,80.8,0.000003,,,,,,,,
21100,81.1,0.000002,,,,,,,,
21200,81.5,0.000004,,,,,,,,
21300,81.8,0.000002,,,,,,,,
21400,82.2,0.000002,,,,,,,,
21500,82.6,0.000006,,,,,,,,
21600,82.9,0.000001,,,,,,,,
21700,83.4,0.000003,,,,,,,,
21800,83.7,0.000004,,,,,,,,
21900,84.1,0.000002,,,,,,,,
22000,84.4,0.000005,,,,,,,,
22100,84.7,0.000003,,,,,,,,
22200,85.1,0.000009,,,,,,,,
22300,85.4,0.000004,,,,,,,,
22400,85.9,0.000006,,,,,,,,
22500,86.2,0.000005,,,,,,,,
22600,86.5,0.000004,,,,,,,,
22700,86.9,0.000004,,,,,,,,
22800,87.2,0.000003,,,,,,,,
22900,87.7,0.000002,,,,,,,,
23000,87.9,0.000003,,,,,,,,
23100,88.3,0.000004,,,,,,,,
23200,88.7,0.000002,,,,,,,,
23300,89.0,0.000003,,,,,,,,
23400,89.4,0.000001,,,,,,,,
23500,89.7,0.000002,,,,,,,,
23600,90.1,0.000001,,,,,,,,
23700,90.5,0.000009,,,,,,,,
23800,90.8,0.000015,,,,,,,,
23900,91.2,0.000003,,,,,,,,
24000,91.5,0.000004,,,,,,,,
24100,91.9,0.000002,,,,,,,,
24200,92.4,0.000008,,,,,,,,
24300,92.7,0.000005,,,,,,,,
24400,93.1,0.000005,,,,,,,,
24500,93.4,0.000009,,,,,,,,
24600,93.7,0.000002,,,,,,,,
24700,94.1,0.000002,,,,,,,,
24800,94.4,0.000006,,,,,,,,
24900,94.9,0.000006,,,,,,,,
25000,96.6,0.000018,0.000014,1.575044e-01,1.932790e-02,1.730136e-02,0.000000,1.114187e-01,1.952174e-02,1.769035e-02
25100,96.9,0.000005,,,,,,,,
25200,97.4,0.000006,,,,,,,,
25300,97.7,0.000011,,,,,,,,
25400,98.0,0.000002,,,,,,,,
25500,98.4,0.000002,,,,,,,,
25600,98.7,0.000004,,,,,,,,
25700,99.1,0.000002,,,,,,,,
25800,99.4,0.000008,,,,,,,,
25900,99.8,0.000008,,,,,,,,
26000,100.2,0.000006,,,,,,,,
26100,100.5,0.000003,,,,,,,,
26200,100.9,0.000002,,,,,,,,
26300,101.2,0.000002,,,,,,,,
26400,101.6,0.000002,,,,,,,,
26500,101.9,0.000002,,,,,,,,
26600,102.3,0.000004,,,,,,,,
26700,102.7,0.000002,,,,,,,,
26800,103.0,0.000007,,,,,,,,
26900,103.4,0.000004,,,,,,,,
27000,103.7,0.000002,,,,,,,,
27100,104.0,0.000003,,,,,,,,
27200,104.4,0.000002,,,,,,,,
27300,104.7,0.000004,,,,,,,,
27400,105.2,0.000004,,,,,,,,
27500,105.4,0.000001,,,,,,,,
27600,105.8,0.000002,,,,,,,,
27700,106.2,0.000003,,,,,,,,
27800,106.5,0.000006,,,,,,,,
27900,107.0,0.000002,,,,,,,,
28000,107.3,0.000002,,,,,,,,
28100,107.7,0.000007,,,,,,,,
28200,108.0,0.000002,,,,,,,,
28300,108.3,0.000002,,,,,,,,
28400,108.8,0.000002,,,,,,,,
28500,109.1,0.000005,,,,,,,,
28600,109.5,0.000002,,,,,,,,
28700,109.8,0.000002,,,,,,,,
28800,110.1,0.000005,,,,,,,,
28900,110.5,0.000003,,,,,,,,
29000,110.8,0.000001,,,,,,,,
29100,111.2,0.000004,,,,,,,,
29200,111.5,0.000011,,,,,,,,
29300,111.9,0.000006,,,,,,,,
29400,112.3,0.000004,,,,,,,,
29500,112.6,0.000006,,,,,,,,
29600,113.0,0.000001,,,,,,,,
29700,113.3,0.000005,,,,,,,,
29800,113.7,0.000001,,,,,,,,
29900,114.0,0.000001,,,,,,,,
30000,115.8,0.000003,0.000003,8.852694e-02,8.394719e-03,7.233471e-03,0.000000,6.869597e-02,8.499392e-03,7.415492e-03
30100,116.0,0.000001,,,,,,,,
30200,116.3,0.000002,,,,,,,,
30300,116.6,0.000004,,,,,,,,
30400,117.0,0.000002,,,,,,,,
30500,117.3,0.000001,,,,,,,,
30600,117.8,0.000002,,,,,,,,
30700,118.1,0.000003,,,,,,,,
30800,118.4,0.000006,,,,,,,,
30900,118.8,0.000002,,,,,,,,
31000,119.1,0.000003,,,,,,,,
31100,119.5,0.000001,,,,,,,,
31200,119.8,0.000003,,,,,,,,
31300,120.2,0.000003,,,,,,,,
31400,120.6,0.000001,,,,,,,,
31500,120.9,0.000002,,,,,,,,
31600,121.3,0.000004,,,,,,,,
31700,121.8,0.000003,,,,,,,,
31800,122.1,0.000003,,,,,,,,
31900,122.4,0.000002,,,,,,,,
32000,122.8,0.000004,,,,,,,,
32100,123.1,0.000003,,,,,,,,
32200,123.6,0.000004,,,,,,,,
32300,123.9,0.000008,,,,,,,,
32400,124.2,0.000002,,,,,,,,
32500,124.6,0.000003,,,,,,,,
32600,124.9,0.000004,,,,,,,,
32700,125.4,0.000002,,,,,,,,
32800,125.7,0.000005,,,,,,,,
32900,126.0,0.000003,,,,,,,,
33000,126.4,0.000002,,,,,,,,
33100,126.7,0.000003,,,,,,,,
33200,127.2,0.000003,,,,,,,,
33300,127.5,0.000001,,,,,,,,
33400,127.8,0.000002,,,,,,,,
33500,128.2,0.000001,,,,,,,,
33600,128.5,0.000001,,,,,,,,
33700,129.0,0.000005,,,,,,,,
33800,129.3,0.000002,,,,,,,,
33900,129.6,0.000004,,,,,,,,
34000,130.1,0.000006,,,,,,,,
34100,130.4,0.000002,,,,,,,,
34200,130.8,0.000001,,,,,,,,
34300,131.1,0.000002,,,,,,,,
34400,131.4,0.000002,,,,,,,,
34500,132.0,0.000003,,,,,,,,
34600,132.2,0.000002,,,,,,,,
34700,132.6,0.000002,,,,,,,,
34800,133.0,0.000001,,,,,,,,
34900,133.3,0.000006,,,,,,,,
35000,135.1,0.000001,0.000001,1.359436e-01,4.582184e-03,3.694079e-03,0.000000,1.085384e-01,4.503150e-03,3.671123e-03
35100,135.5,0.000001,,,,,,,,
35200,135.9,0.000006,,,,,,,,
35300,136.2,0.000005,,,,,,,,
35400,136.7,0.000002,,,,,,,,
35500,136.9,0.000004,,,,,,,,
35600,137.3,0.000001,,,,,,,,
35700,137.7,0.000002,,,,,,,,
35800,138.0,0.000002,,,,,,,,
35900,138.5,0.000006,,,,,,,,
36000,138.8,0.000002,,,,,,,,
36100,139.1,0.000002,,,,,,,,
36200,139.5,0.000004,,,,,,,,
36300,139.8,0.000002,,,,,,,,
36400,140.3,0.000002,,,,,,,,
36500,140.6,0.000003,,,,,,,,
36600,141.0,0.000003,,,,,,,,
36700,141.3,0.000002,,,,,,,,
36800,141.6,0.000003,,,,,,,,
36900,142.0,0.000003,,,,,,,,
37000,142.3,0.000002,,,,,,,,
37100,142.7,0.000004,,,,,,,,
37200,143.1,0.000001,,,,,,,,
37300,143.4,0.000002,,,,,,,,
37400,143.8,0.000005,,,,,,,,
37500,144.1,0.000005,,,,,,,,
37600,144.5,0.000002,,,,,,,,
37700,144.9,0.000002,,,,,,,,
37800,145.2,0.000003,,,,,,,,
37900,145.6,0.000002,,,,,,,,
38000,145.9,0.000002,,,,,,,,
38100,146.3,0.000004,,,,,,,,
38200,146.6,0.000004,,,,,,,,
38300,147.0,0.000001,,,,,,,,
38400,147.4,0.000002,,,,,,,,
38500,147.7,0.000003,,,,,,,,
38600,148.1,0.000006,,,,,,,,
38700,148.4,0.000004,,,,,,,,
38800,148.8,0.000006,,,,,,,,
38900,149.2,0.000005,,,,,,,,
39000,149.5,0.000004,,,,,,,,
39100,149.9,0.000001,,,,,,,,
39200,150.2,0.000002,,,,,,,,
39300,150.6,0.000001,,,,,,,,
39400,151.0,0.000005,,,,,,,,
39500,151.3,0.000005,,,,,,,,
39600,151.7,0.000003,,,,,,,,
39700,152.0,0.000011,,,,,,,,
39800,152.4,0.000001,,,,,,,,
39900,152.8,0.000002,,,,,,,,
40000,154.6,0.000001,0.000002,2.096255e-01,6.880349e-03,6.293123e-03,0.000000,6.958588e-02,6.803185e-03,6.378151e-03
40100,154.9,0.000001,,,,,,,,
40200,155.2,0.000003,,,,,,,,
40300,155.7,0.000003,,,,,,,,
40400,156.0,0.000004,,,,,,,,
40500,156.4,0.000003,,,,,,,,
40600,156.7,0.000001,,,,,,,,
40700,157.1,0.000001,,,,,,,,
40800,157.5,0.000001,,,,,,,,
40900,157.8,0.000003,,,,,,,,
41000,158.2,0.000001,,,,,,,,
41100,158.5,0.000002,,,,,,,,
41200,158.8,0.000004,,,,,,,,
41300,159.3,0.000002,,,,,,,,
41400,159.6,0.000003,,,,,,,,
41500,160.0,0.000003,,,,,,,,
41600,160.7,0.000002,,,,,,,,
41700,161.3,0.000001,,,,,,,,
41800,161.7,0.000002,,,,,,,,
41900,162.0,0.000002,,,,,,,,
42000,162.5,0.000002,,,,,,,,
42100,162.8,0.000005,,,,,,,,
42200,163.2,0.000001,,,,,,,,
42300,163.6,0.000005,,,,,,,,
42400,163.9,0.000002,,,,,,,,
42500,164.3,0.000004,,,,,,,,
42600,164.6,0.000005,,,,,,,,
42700,165.0,0.000003,,,,,,,,
42800,165.3,0.000002,,,,,,,,
42900,165.7,0.000001,,,,,,,,
43000,166.1,0.000004,,,,,,,,
43100,166.4,0.000001,,,,,,,,
43200,166.7,0.000001,,,,,,,,
43300,167.1,0.000003,,,,,,,,
43400,167.4,0.000001,,,,,,,,
43500,167.9,0.000003,,,,,,,,
43600,168.2,0.000001,,,,,,,,
43700,168.5,0.000002,,,,,,,,
43800,168.9,0.000001,,,,,,,,
43900,169.2,0.000002,,,,,,,,
44000,169.7,0.000002,,,,,,,,
44100,170.0,0.000003,,,,,,,,
44200,170.3,0.000003,,,,,,,,
44300,170.7,0.000002,,,,,,,,
44400,171.0,0.000002,,,,,,,,
44500,171.5,0.000003,,,,,,,,
44600,171.8,0.000002,,,,,,,,
44700,172.2,0.000001,,,,,,,,
44800,172.5,0.000002,,,,,,,,
44900,172.9,0.000001,,,,,,,,
45000,174.6,0.000003,0.000003,1.224961e-01,8.873964e-03,6.734624e-03,0.000000,7.049603e-02,8.984188e-03,6.912344e-03
45100,174.9,0.000001,,,,,,,,
45200,175.4,0.000005,,,,,,,,
45300,175.6,0.000001,,,,,,,,
45400,176.0,0.000001,,,,,,,,
45500,176.4,0.000001,,,,,,,,
45600,176.7,0.000002,,,,,,,,
45700,177.1,0.000002,,,,,,,,
45800,177.4,0.000004,,,,,,,,
45900,177.7,0.000002,,,,,,,,
46000,178.3,0.000001,,,,,,,,
46100,178.6,0.000002,,,,,,,,
46200,178.9,0.000005,,,,,,,,
46300,179.3,0.000002,,,,,,,,
46400,179.6,0.000002,,,,,,,,
46500,180.1,0.000004,,,,,,,,
46600,180.4,0.000001,,,,,,,,
46700,180.7,0.000002,,,,,,,,
46800,181.1,0.000001,,,,,,,,
46900,181.4,0.000002,,,,,,,,
47000,181.9,0.000002,,,,,,,,
47100,182.2,0.000001,,,,,,,,
47200,182.5,0.000003,,,,,,,,
47300,182.9,0.000002,,,,,,,,
47400,183.2,0.000001,,,,,,,,
47500,183.7,0.000002,,,,,,,,
47600,184.0,0.000005,,,,,,,,
47700,184.3,0.000005,,,,,,,,
47800,184.7,0.000004,,,,,,,,
47900,185.0,0.000002,,,,,,,,
48000,185.4,0.000002,,,,,,,,
48100,185.7,0.000001,,,,,,,,
48200,186.1,0.000001,,,,,,,,
48300,186.4,0.000006,,,,,,,,
48400,186.8,0.000001,,,,,,,,
48500,187.2,0.000001,,,,,,,,
48600,187.5,0.000001,,,,,,,,
48700,187.9,0.000001,,,,,,,,
48800,188.2,0.000002,,,,,,,,
48900,188.5,0.000001,,,,,,,,
49000,188.9,0.000001,,,,,,,,
49100,189.2,0.000002,,,,,,,,
49200,189.7,0.000004,,,,,,,,
49300,190.0,0.000003,,,,,,,,
49400,190.3,0.000001,,,,,,,,
49500,190.7,0.000011,,,,,,,,
49600,191.0,0.000001,,,,,,,,
49700,191.5,0.000002,,,,,,,,
49800,191.7,0.000001,,,,,,,,
49900,192.1,0.000004,,,,,,,,
50000,194.0,0.000001,0.000002,1.108328e-01,6.238849e-03,5.603951e-03,0.000000,9.740902e-02,6.278717e-03,5.674163e-03
50100,194.2,0.000003,,,,,,,,
50200,194.5,0.000001,,,,,,,,
50300,195.0,0.000002,,,,,,,,
50400,195.2,0.000001,,,,,,,,
50500,195.7,0.000002,,,,,,,,
50600,196.0,0.000003,,,,,,,,
50700,196.3,0.000002,,,,,,,,
50800,196.8,0.000002,,,,,,,,
50900,197.0,0.000002,,,,,,,,
51000,197.5,0.000001,,,,,,,,
51100,197.8,0.000001,,,,,,,,
51200,198.1,0.000002,,,,,,,,
51300,198.5,0.000004,,,,,,,,
51400,198.8,0.000003,,,,,,,,
51500,199.2,0.000002,,,,,,,,
51600,199.6,0.000005,,,,,,,,
51700,199.9,0.000001,,,,,,,,
51800,200.4,0.000001,,,,,,,,
51900,200.7,0.000002,,,,,,,,
52000,201.0,0.000002,,,,,,,,
52100,201.4,0.000003,,,,,,,,
52200,201.7,0.000000,,,,,,,,
52300,202.1,0.000002,,,,,,,,
52400,202.4,0.000004,,,,,,,,
52500,202.8,0.000001,,,,,,,,
52600,203.2,0.000001,,,,,,,,
52700,203.5,0.000001,,,,,,,,
52800,204.0,0.000002,,,,,,,,
52900,204.3,0.000003,,,,,,,,
53000,204.6,0.000001,,,,,,,,
53100,205.0,0.000001,,,,,,,,
53200,205.3,0.000001,,,,,,,,
53300,205.8,0.000003,,,,,,,,
53400,206.1,0.000001,,,,,,,,
53500,206.4,0.000006,,,,,,,,
53600,206.8,0.000003,,,,,,,,
53700,207.1,0.000006,,,,,,,,
53800,207.6,0.000001,,,,,,,,
53900,207.9,0.000002,,,,,,,,
54000,208.2,0.000001,,,,,,,,
54100,208.6,0.000002,,,,,,,,
54200,208.9,0.000002,,,,,,,,
54300,209.4,0.000005,,,,,,,,
54400,209.6,0.000001,,,,,,,,
54500,210.0,0.000006,,,,,,,,
54600,210.4,0.000000,,,,,,,,
54700,210.7,0.000001,,,,,,,,
54800,211.2,0.000001,,,,,,,,
54900,211.4,0.000002,,,,,,,,
55000,213.2,0.000001,0.000001,1.115072e-01,4.794447e-03,3.461255e-03,0.000000,7.408508e-02,4.835500e-03,3.507421e-03
55100,213.5,0.000001,,,,,,,,
55200,213.9,0.000003,,,,,,,,
55300,214.5,0.000002,,,,,,,,
55400,215.0,0.000002,,,,,,,,
55500,215.3,0.000001,,,,,,,,
55600,215.7,0.000001,,,,,,,,
55700,216.0,0.000001,,,,,,,,
55800,216.4,0.000001,,,,,,,,
55900,216.7,0.000003,,,,,,,,
56000,217.1,0.000002,,,,,,,,
56100,217.5,0.000001,,,,,,,,
56200,217.8,0.000002,,,,,,,,
56300,218.2,0.000003,,,,,,,,
56400,218.5,0.000001,,,,,,,,
56500,218.9,0.000001,,,,,,,,
56600,219.3,0.000001,,,,,,,,
56700,219.6,0.000001,,,,,,,,
56800,220.0,0.000002,,,,,,,,
56900,220.3,0.000002,,,,,,,,
57000,220.6,0.000001,,,,,,,,
57100,221.2,0.000001,,,,,,,,
57200,221.4,0.000005,,,,,,,,
57300,221.8,0.000001,,,,,,,,
57400,222.2,0.000006,,,,,,,,
57500,222.5,0.000003,,,,,,,,
57600,222.9,0.000002,,,,,,,,
57700,223.2,0.000001,,,,,,,,
57800,223.6,0.000001,,,,,,,,
57900,223.9,0.000000,,,,,,,,
58000,224.2,0.000001,,,,,,,,
58100,224.8,0.000003,,,,,,,,
58200,225.0,0.000002,,,,,,,,
58300,225.4,0.000001,,,,,,,,
58400,225.8,0.000001,,,,,,,,
58500,226.1,0.000006,,,,,,,,
58600,226.5,0.000002,,,,,,,,
58700,226.8,0.000001,,,,,,,,
58800,227.2,0.000001,,,,,,,,
58900,227.5,0.000001,,,,,,,,
59000,227.8,0.000001,,,,,,,,
59100,228.3,0.000001,,,,,,,,
59200,228.6,0.000001,,,,,,,,
59300,229.0,0.000001,,,,,,,,
59400,229.3,0.000001,,,,,,,,
59500,229.6,0.000001,,,,,,,,
59600,230.1,0.000002,,,,,,,,
59700,230.4,0.000001,,,,,,,,
59800,230.8,0.000001,,,,,,,,
59900,231.1,0.000002,,,,,,,,
60000,232.9,0.000002,0.000002,5.954237e-02,8.601394e-03,8.360889e-03,0.000000,3.347898e-02,8.625760e-03,8.446666e-03
60100,233.2,0.000004,,,,,,,,
60200,233.6,0.000001,,,,,,,,
60300,233.9,0.000001,,,,,,,,
60400,234.4,0.000001,,,,,,,,
60500,234.7,0.000001,,,,,,,,
60600,235.0,0.000001,,,,,,,,
60700,235.4,0.000003,,,,,,,,
60800,235.7,0.000001,,,,,,,,
60900,236.1,0.000001,,,,,,,,
61000,236.4,0.000001,,,,,,,,
61100,236.8,0.000002,,,,,,,,
61200,237.2,0.000003,,,,,,,,
61300,237.5,0.000002,,,,,,,,
61400,237.9,0.000002,,,,,,,,
61500,238.2,0.000001,,,,,,,,
61600,238.6,0.000001,,,,,,,,
61700,239.0,0.000002,,,,,,,,
61800,239.3,0.000002,,,,,,,,
61900,239.7,0.000006,,,,,,,,
62000,240.0,0.000001,,,,,,,,
62100,240.4,0.000011,,,,,,,,
62200,240.7,0.000001,,,,,,,,
62300,241.0,0.000001,,,,,,,,
62400,241.5,0.000001,,,,,,,,
62500,241.8,0.000004,,,,,,,,
62600,242.2,0.000003,,,,,,,,
62700,242.5,0.000002,,,,,,,,
62800,242.8,0.000002,,,,,,,,
62900,243.3,0.000002,,,,,,,,
63000,243.6,0.000001,,,,,,,,
63100,244.0,0.000002,,,,,,,,
63200,244.3,0.000001,,,,,,,,
63300,244.7,0.000004,,,,,,,,
63400,245.1,0.000002,,,,,,,,
63500,245.4,0.000002,,,,,,,,
63600,245.8,0.000005,,,,,,,,
63700,246.1,0.000002,,,,,,,,
63800,246.5,0.000002,,,,,,,,
63900,246.9,0.000001,,,,,,,,
64000,247.2,0.000003,,,,,,,,
64100,247.6,0.000001,,,,,,,,
64200,247.9,0.000002,,,,,,,,
64300,248.3,0.000002,,,,,,,,
64400,248.7,0.000002,,,,,,,,
64500,249.0,0.000001,,,,,,,,
64600,249.4,0.000002,,,,,,,,
64700,249.7,0.000001,,,,,,,,
64800,250.0,0.000000,,,,,,,,
64900,250.4,0.000001,,,,,,,,
65000,252.1,0.000001,0.000001,1.262684e-01,4.791185e-03,3.643060e-03,0.000000,8.898815e-02,4.799480e-03,3.752264e-03
65100,252.4,0.000001,,,,,,,,
65200,252.6,0.000001,,,,,,,,
65300,252.9,0.000001,,,,,,,,
65400,253.2,0.000004,,,,,,,,
65500,253.6,0.000001,,,,,,,,
65600,253.9,0.000001,,,,,,,,
65700,254.3,0.000001,,,,,,,,
65800,254.6,0.000001,,,,,,,,
65900,254.9,0.000001,,,,,,,,
66000,255.4,0.000001,,,,,,,,
66100,255.7,0.000001,,,,,,,,
66200,256.1,0.000000,,,,,,,,
66300,256.4,0.000001,,,,,,,,
66400,256.7,0.000001,,,,,,,,
66500,257.2,0.000002,,,,,,,,
66600,257.5,0.000001,,,,,,,,
66700,257.9,0.000001,,,,,,,,
66800,258.2,0.000001,,,,,,,,
66900,258.6,0.000006,,,,,,,,
67000,259.0,0.000002,,,,,,,,
67100,259.3,0.000001,,,,,,,,
67200,259.7,0.000001,,,,,,,,
67300,260.2,0.000003,,,,,,,,
67400,260.5,0.000004,,,,,,,,
67500,260.9,0.000002,,,,,,,,
67600,261.2,0.000002,,,,,,,,
67700,261.6,0.000002,,,,,,,,
67800,261.9,0.000002,,,,,,,,
67900,262.2,0.000003,,,,,,,,
68000,262.7,0.000004,,,,,,,,
68100,262.9,0.000000,,,,,,,,
68200,263.3,0.000001,,,,,,,,
68300,263.7,0.000001,,,,,,,,
68400,264.0,0.000002,,,,,,,,
68500,264.4,0.000001,,,,,,,,
68600,264.7,0.000001,,,,,,,,
68700,265.2,0.000002,,,,,,,,
68800,265.4,0.000003,,,,,,,,
68900,265.8,0.000001,,,,,,,,
69000,266.2,0.000002,,,,,,,,
69100,266.5,0.000001,,,,,,,,
69200,266.9,0.000003,,,,,,,,
69300,267.2,0.000004,,,,,,,,
69400,267.6,0.000002,,,,,,,,
69500,268.0,0.000001,,,,,,,,
69600,268.3,0.000001,,,,,,,,
69700,268.8,0.000002,,,,,,,,
69800,269.0,0.000001,,,,,,,,
69900,269.5,0.000001,,,,,,,,
70000,271.2,0.000001,0.000001,9.849679e-02,4.334598e-03,3.437879e-03,0.000000,8.327366e-02,4.280116e-03,3.481900e-03
70100,271.4,0.000003,,,,,,,,
70200,271.7,0.000001,,,,,,,,
70300,272.1,0.000001,,,,,,,,
70400,272.4,0.000004,,,,,,,,
70500,272.8,0.000002,,,,,,,,
70600,273.2,0.000001,,,,,,,,
70700,273.5,0.000001,,,,,,,,
70800,273.9,0.000001,,,,,,,,
70900,274.3,0.000001,,,,,,,,
71000,274.6,0.000001,,,,,,,,
71100,275.1,0.000001,,,,,,,,
71200,275.4,0.000001,,,,,,,,
71300,275.7,0.000003,,,,,,,,
71400,276.1,0.000001,,,,,,,,
71500,276.4,0.000001,,,,,,,,
71600,276.9,0.000001,,,,,,,,
71700,277.1,0.000000,,,,,,,,
71800,277.5,0.000002,,,,,,,,
71900,277.9,0.000002,,,,,,,,
72000,278.2,0.000001,,,,,,,,
72100,278.6,0.000001,,,,,,,,
72200,278.9,0.000001,,,,,,,,
72300,279.3,0.000001,,,,,,,,
72400,279.6,0.000002,,,,,,,,
72500,279.9,0.000001,,,,,,,,
72600,280.4,0.000005,,,,,,,,
72700,280.7,0.000001,,,,,,,,
72800,281.1,0.000001,,,,,,,,
72900,281.4,0.000002,,,,,,,,
73000,281.7,0.000003,,,,,,,,
73100,282.1,0.000002,,,,,,,,
73200,282.4,0.000001,,,,,,,,
73300,282.8,0.000002,,,,,,,,
73400,283.2,0.000002,,,,,,,,
73500,283.5,0.000001,,,,,,,,
73600,283.9,0.000002,,,,,,,,
73700,284.2,0.000001,,,,,,,,
73800,284.6,0.000001,,,,,,,,
73900,285.0,0.000001,,,,,,,,
74000,285.3,0.000001,,,,,,,,
74100,285.8,0.000000,,,,,,,,
74200,286.0,0.000001,,,,,,,,
74300,286.5,0.000000,,,,,,,,
74400,286.8,0.000002,,,,,,,,
74500,287.1,0.000001,,,,,,,,
74600,287.5,0.000001,,,,,,,,
74700,287.8,0.000002,,,,,,,,
74800,288.2,0.000000,,,,,,,,
74900,288.5,0.000001,,,,,,,,
75000,290.2,0.000004,0.000002,9.406475e-02,5.954033e-03,4.716655e-03,0.000000,5.260378e-02,6.066308e-03,4.923764e-03
75100,290.5,0.000001,,,,,,,,
75200,290.9,0.000002,,,,,,,,
75300,291.2,0.000000,,,,,,,,
75400,291.6,0.000001,,,,,,,,
75500,292.0,0.000001,,,,,,,,
75600,292.3,0.000001,,,,,,,,
75700,292.7,0.000001,,,,,,,,
75800,293.0,0.000001,,,,,,,,
75900,293.4,0.000001,,,,,,,,
76000,293.7,0.000004,,,,,,,,
76100,294.0,0.000002,,,,,,,,
76200,294.5,0.000002,,,,,,,,
76300,294.8,0.000002,,,,,,,,
76400,295.1,0.000001,,,,,,,,
76500,295.5,0.000000,,,,,,,,
76600,295.8,0.000001,,,,,,,,
76700,296.3,0.000000,,,,,,,,
76800,296.7,0.000001,,,,,,,,
76900,297.0,0.000002,,,,,,,,
77000,297.4,0.000001,,,,,,,,
77100,297.7,0.000001,,,,,,,,
77200,298.2,0.000002,,,,,,,,
77300,298.4,0.000001,,,,,,,,
77400,298.8,0.000001,,,,,,,,
77500,299.2,0.000001,,,,,,,,
77600,299.5,0.000002,,,,,,,,
77700,299.9,0.000001,,,,,,,,
77800,300.2,0.000002,,,,,,,,
77900,300.6,0.000002,,,,,,,,
78000,301.0,0.000002,,,,,,,,
78100,301.3,0.000001,,,,,,,,
78200,301.7,0.000002,,,,,,,,
78300,302.0,0.000000,,,,,,,,
78400,302.3,0.000003,,,,,,,,
78500,302.7,0.000002,,,,,,,,
78600,303.0,0.000001,,,,,,,,
78700,303.5,0.000001,,,,,,,,
78800,303.9,0.000001,,,,,,,,
78900,304.2,0.000001,,,,,,,,
79000,304.7,0.000001,,,,,,,,
79100,304.9,0.000004,,,,,,,,
79200,305.3,0.000002,,,,,,,,
79300,305.7,0.000001,,,,,,,,
79400,306.0,0.000001,,,,,,,,
79500,306.5,0.000003,,,,,,,,
79600,306.7,0.000001,,,,,,,,
79700,307.1,0.000001,,,,,,,,
79800,307.5,0.000001,,,,,,,,
79900,307.8,0.000002,,,,,,,,
80000,309.6,0.000001,0.000001,7.652373e-02,4.403651e-03,3.688384e-03,0.000000,3.146762e-02,4.336217e-03,3.689651e-03
80100,309.9,0.000003,,,,,,,,
80200,310.3,0.000001,,,,,,,,
80300,310.7,0.000002,,,,,,,,
80400,311.0,0.000001,,,,,,,,
80500,311.5,0.000003,,,,,,,,
80600,311.7,0.000001,,,,,,,,
80700,312.1,0.000001,,,,,,,,
80800,312.5,0.000001,,,,,,,,
80900,312.8,0.000001,,,,,,,,
81000,313.2,0.000001,,,,,,,,
81100,313.5,0.000001,,,,,,,,
81200,313.9,0.000001,,,,,,,,
81300,314.3,0.000001,,,,,,,,
81400,314.6,0.000001,,,,,,,,
81500,315.1,0.000002,,,,,,,,
81600,315.3,0.000001,,,,,,,,
81700,315.7,0.000006,,,,,,,,
81800,316.1,0.000001,,,,,,,,
81900,316.4,0.000002,,,,,,,,
82000,316.8,0.000000,,,,,,,,
82100,317.1,0.000001,,,,,,,,
82200,317.5,0.000001,,,,,,,,
82300,318.1,0.000001,,,,,,,,
82400,318.7,0.000002,,,,,,,,
82500,319.0,0.000002,,,,,,,,
82600,319.4,0.000001,,,,,,,,
82700,319.8,0.000002,,,,,,,,
82800,320.1,0.000002,,,,,,,,
82900,320.6,0.000001,,,,,,,,
83000,320.8,0.000003,,,,,,,,
83100,321.2,0.000001,,,,,,,,
83200,321.7,0.000004,,,,,,,,
83300,321.9,0.000001,,,,,,,,
83400,322.3,0.000002,,,,,,,,
83500,322.7,0.000001,,,,,,,,
83600,323.0,0.000001,,,,,,,,
83700,323.4,0.000001,,,,,,,,
83800,323.7,0.000001,,,,,,,,
83900,324.1,0.000001,,,,,,,,
84000,324.5,0.000000,,,,,,,,
84100,324.8,0.000001,,,,,,,,
84200,325.2,0.000001,,,,,,,,
84300,325.5,0.000002,,,,,,,,
84400,325.9,0.000001,,,,,,,,
84500,326.2,0.000001,,,,,,,,
84600,326.5,0.000000,,,,,,,,
84700,327.0,0.000002,,,,,,,,
84800,327.3,0.000002,,,,,,,,
84900,327.7,0.000001,,,,,,,,
85000,329.6,0.000001,0.000000,5.745162e-02,2.756127e-03,2.156392e-03,0.000000,4.345913e-02,2.715886e-03,2.160616e-03
85100,329.9,0.000002,,,,,,,,
85200,330.2,0.000002,,,,,,,,
85300,330.5,0.000004,,,,,,,,
85400,331.0,0.000002,,,,,,,,
85500,331.3,0.000002,,,,,,,,
85600,331.6,0.000001,,,,,,,,
85700,332.0,0.000001,,,,,,,,
85800,332.3,0.000002,,,,,,,,
85900,332.8,0.000000,,,,,,,,
86000,333.0,0.000001,,,,,,,,
86100,333.4,0.000001,,,,,,,,
86200,333.7,0.000001,,,,,,,,
86300,334.1,0.000001,,,,,,,,
86400,334.5,0.000001,,,,,,,,
86500,334.8,0.000002,,,,,,,,
86600,335.2,0.000002,,,,,,,,
86700,335.5,0.000000,,,,,,,,
86800,335.8,0.000001,,,,,,,,
86900,336.2,0.000001,,,,,,,,
87000,336.6,0.000001,,,,,,,,
87100,337.0,0.000002,,,,,,,,
87200,337.3,0.000001,,,,,,,,
87300,337.6,0.000001,,,,,,,,
87400,338.1,0.000000,,,,,,,,
87500,338.4,0.000001,,,,,,,,
87600,338.8,0.000001,,,,,,,,
87700,339.1,0.000001,,,,,,,,
87800,339.5,0.000002,,,,,,,,
87900,339.8,0.000001,,,,,,,,
88000,340.1,0.000001,,,,,,,,
88100,340.7,0.000001,,,,,,,,
88200,340.9,0.000001,,,,,,,,
88300,341.3,0.000001,,,,,,,,
88400,341.7,0.000002,,,,,,,,
88500,342.0,0.000001,,,,,,,,
88600,342.4,0.000003,,,,,,,,
88700,342.7,0.000001,,,,,,,,
88800,343.1,0.000002,,,,,,,,
88900,343.5,0.000000,,,,,,,,
89000,343.7,0.000001,,,,,,,,
89100,344.2,0.000001,,,,,,,,
89200,344.6,0.000001,,,,,,,,
89300,344.9,0.000001,,,,,,,,
89400,345.3,0.000000,,,,,,,,
89500,345.6,0.000001,,,,,,,,
89600,346.0,0.000001,,,,,,,,
89700,346.4,0.000001,,,,,,,,
89800,346.7,0.000002,,,,,,,,
89900,347.1,0.000001,,,,,,,,
90000,348.8,0.000001,0.000000,6.166805e-02,3.399225e-03,2.948140e-03,0.000000,2.258130e-02,3.365330e-03,2.956517e-03
90100,349.1,0.000001,,,,,,,,
90200,349.6,0.000001,,,,,,,,
90300,349.8,0.000001,,,,,,,,
90400,350.2,0.000002,,,,,,,,
90500,350.6,0.000001,,,,,,,,
90600,350.9,0.000001,,,,,,,,
90700,351.3,0.000003,,,,,,,,
90800,351.6,0.000001,,,,,,,,
90900,352.1,0.000000,,,,,,,,
91000,352.3,0.000001,,,,,,,,
91100,352.7,0.000000,,,,,,,,
91200,353.1,0.000000,,,,,,,,
91300,353.4,0.000002,,,,,,,,
91400,353.8,0.000001,,,,,,,,
91500,354.1,0.000000,,,,,,,,
91600,354.5,0.000001,,,,,,,,
91700,354.8,0.000001,,,,,,,,
91800,355.1,0.000002,,,,,,,,
91900,355.7,0.000003,,,,,,,,
92000,356.3,0.000001,,,,,,,,
92100,356.9,0.000002,,,,,,,,
92200,357.4,0.000004,,,,,,,,
92300,357.7,0.000001,,,,,,,,
92400,358.2,0.000001,,,,,,,,
92500,358.4,0.000001,,,,,,,,
92600,358.8,0.000000,,,,,,,,
92700,359.2,0.000002,,,,,,,,
92800,359.5,0.000002,,,,,,,,
92900,359.9,0.000002,,,,,,,,
93000,360.2,0.000001,,,,,,,,
93100,360.6,0.000000,,,,,,,,
93200,361.0,0.000002,,,,,,,,
93300,361.3,0.000003,,,,,,,,
93400,361.7,0.000001,,,,,,,,
93500,362.0,0.000001,,,,,,,,
93600,362.3,0.000001,,,,,,,,
93700,362.7,0.000005,,,,,,,,
93800,363.0,0.000001,,,,,,,,
93900,363.5,0.000001,,,,,,,,
94000,363.8,0.000000,,,,,,,,
94100,364.1,0.000001,,,,,,,,
94200,364.5,0.000001,,,,,,,,
94300,364.8,0.000001,,,,,,,,
94400,365.3,0.000000,,,,,,,,
94500,365.6,0.000001,,,,,,,,
94600,365.9,0.000002,,,,,,,,
94700,366.4,0.000003,,,,,,,,
94800,366.7,0.000002,,,,,,,,
94900,367.0,0.000001,,,,,,,,
95000,368.9,0.000001,0.000001,9.953224e-02,5.714903e-03,4.917516e-03,0.000000,5.955944e-02,5.703689e-03,5.003458e-03
95100,369.2,0.000003,,,,,,,,
95200,369.6,0.000001,,,,,,,,
95300,369.9,0.000000,,,,,,,,
95400,370.2,0.000001,,,,,,,,
95500,370.6,0.000001,,,,,,,,
95600,370.9,0.000001,,,,,,,,
95700,371.4,0.000001,,,,,,,,
95800,371.6,0.000001,,,,,,,,
95900,372.0,0.000001,,,,,,,,
96000,372.4,0.000001,,,,,,,,
96100,372.7,0.000001,,,,,,,,
96200,373.1,0.000003,,,,,,,,
96300,373.4,0.000001,,,,,,,,
96400,373.7,0.000001,,,,,,,,
96500,374.1,0.000001,,,,,,,,
96600,374.4,0.000002,,,,,,,,
96700,374.9,0.000001,,,,,,,,
96800,375.2,0.000002,,,,,,,,
96900,375.5,0.000001,,,,,,,,
97000,375.9,0.000000,,,,,,,,
97100,376.2,0.000000,,,,,,,,
97200,376.7,0.000001,,,,,,,,
97300,376.9,0.000001,,,,,,,,
97400,377.3,0.000001,,,,,,,,
97500,377.7,0.000003,,,,,,,,
97600,378.0,0.000000,,,,,,,,
97700,378.5,0.000005,,,,,,,,
97800,378.8,0.000000,,,,,,,,
97900,379.1,0.000001,,,,,,,,
98000,379.5,0.000000,,,,,,,,
98100,379.8,0.000001,,,,,,,,
98200,380.2,0.000001,,,,,,,,
98300,380.5,0.000001,,,,,,,,
98400,380.9,0.000001,,,,,,,,
98500,381.2,0.000001,,,,,,,,
98600,381.6,0.000001,,,,,,,,
98700,382.0,0.000001,,,,,,,,
98800,382.3,0.000001,,,,,,,,
98900,382.7,0.000001,,,,,,,,
99000,383.0,0.000001,,,,,,,,
99100,383.4,0.000000,,,,,,,,
99200,383.8,0.000003,,,,,,,,
99300,384.1,0.000001,,,,,,,,
99400,384.5,0.000001,,,,,,,,
99500,384.8,0.000000,,,,,,,,
99600,385.2,0.000001,,,,,,,,
99700,385.5,0.000000,,,,,,,,
99800,385.8,0.000000,,,,,,,,
99900,386.3,0.000002,,,,,,,,
100000,388.0,0.000001,0.000001,8.365435e-02,4.130784e-03,3.674124e-03,0.000000,2.955837e-02,4.052803e-03,3.615083e-03
100100,388.3,0.000001,,,,,,,,
100200,388.7,0.000001,,,,,,,,
100300,389.0,0.000002,,,,,,,,
100400,389.4,0.000001,,,,,,,,
100500,389.7,0.000001,,,,,,,,
100600,390.1,0.000001,,,,,,,,
100700,390.5,0.000001,,,,,,,,
100800,390.8,0.000001,,,,,,,,
100900,391.2,0.000001,,,,,,,,
101000,391.5,0.000001,,,,,,,,
101100,391.9,0.000002,,,,,,,,
101200,392.3,0.000000,,,,,,,,
101300,392.6,0.000001,,,,,,,,
101400,393.2,0.000003,,,,,,,,
101500,393.5,0.000000,,,,,,,,
101600,393.8,0.000004,,,,,,,,
101700,394.2,0.000000,,,,,,,,
101800,394.5,0.000000,,,,,,,,
101900,395.0,0.000001,,,,,,,,
102000,395.3,0.000002,,,,,,,,
102100,395.6,0.000001,,,,,,,,
102200,396.0,0.000000,,,,,,,,
102300,396.3,0.000001,,,,,,,,
102400,396.8,0.000000,,,,,,,,
102500,397.1,0.000002,,,,,,,,
102600,397.4,0.000000,,,,,,,,
102700,397.8,0.000001,,,,,,,,
102800,398.1,0.000001,,,,,,,,
102900,398.5,0.000003,,,,,,,,
103000,398.8,0.000000,,,,,,,,
103100,399.2,0.000000,,,,,,,,
103200,399.6,0.000003,,,,,,,,
103300,399.9,0.000001,,,,,,,,
103400,400.4,0.000000,,,,,,,,
103500,400.7,0.000001,,,,,,,,
103600,401.0,0.000001,,,,,,,,
103700,401.4,0.000001,,,,,,,,
103800,401.7,0.000001,,,,,,,,
103900,402.1,0.000002,,,,,,,,
104000,402.4,0.000002,,,,,,,,
104100,402.8,0.000000,,,,,,,,
104200,403.2,0.000000,,,,,,,,
104300,403.5,0.000001,,,,,,,,
104400,403.9,0.000001,,,,,,,,
104500,404.2,0.000001,,,,,,,,
104600,404.6,0.000002,,,,,,,,
104700,404.9,0.000002,,,,,,,,
104800,405.2,0.000000,,,,,,,,
104900,405.7,0.000001,,,,,,,,
105000,407.4,0.000002,0.000002,1.212518e-01,6.542087e-03,5.658537e-03,0.000000,7.178540e-02,6.527452e-03,5.707936e-03
105100,407.7,0.000001,,,,,,,,
105200,408.2,0.000000,,,,,,,,
105300,408.5,0.000001,,,,,,,,
105400,408.8,0.000001,,,,,,,,
105500,409.2,0.000001,,,,,,,,
105600,409.5,0.000000,,,,,,,,
105700,409.9,0.000001,,,,,,,,
105800,410.3,0.000000,,,,,,,,
105900,410.6,0.000003,,,,,,,,
106000,411.0,0.000002,,,,,,,,
106100,411.3,0.000000,,,,,,,,
106200,411.8,0.000002,,,,,,,,
106300,412.0,0.000000,,,,,,,,
106400,412.5,0.000006,,,,,,,,
106500,412.8,0.000000,,,,,,,,
106600,413.1,0.000001,,,,,,,,
106700,413.5,0.000002,,,,,,,,
106800,413.8,0.000002,,,,,,,,
106900,414.2,0.000001,,,,,,,,
107000,414.5,0.000002,,,,,,,,
107100,414.9,0.000001,,,,,,,,
107200,415.3,0.000001,,,,,,,,
107300,415.6,0.000001,,,,,,,,
107400,416.0,0.000001,,,,,,,,
107500,416.3,0.000000,,,,,,,,
107600,416.7,0.000001,,,,,,,,
107700,417.1,0.000001,,,,,,,,
107800,417.4,0.000001,,,,,,,,
107900,417.8,0.000001,,,,,,,,
108000,418.1,0.000001,,,,,,,,
108100,418.5,0.000000,,,,,,,,
108200,418.9,0.000001,,,,,,,,
108300,419.2,0.000001,,,,,,,,
108400,419.7,0.000001,,,,,,,,
108500,420.0,0.000002,,,,,,,,
108600,420.3,0.000001,,,,,,,,
108700,420.7,0.000002,,,,,,,,
108800,421.0,0.000001,,,,,,,,
108900,421.5,0.000002,,,,,,,,
109000,421.8,0.000001,,,,,,,,
109100,422.1,0.000001,,,,,,,,
109200,422.5,0.000001,,,,,,,,
109300,422.8,0.000001,,,,,,,,
109400,423.3,0.000001,,,,,,,,
109500,423.6,0.000001,,,,,,,,
109600,423.9,0.000001,,,,,,,,
109700,424.5,0.000002,,,,,,,,
109800,424.8,0.000002,,,,,,,,
109900,425.2,0.000000,,,,,,,,
110000,426.9,0.000001,0.000000,6.889719e-02,3.245530e-03,2.460030e-03,0.000000,2.715159e-02,3.241086e-03,2.496736e-03
110100,427.3,0.000001,,,,,,,,
110200,427.6,0.000001,,,,,,,,
110300,427.9,0.000000,,,,,,,,
110400,428.4,0.000001,,,,,,,,
110500,428.7,0.000001,,,,,,,,
110600,429.1,0.000001,,,,,,,,
110700,429.4,0.000000,,,,,,,,
110800,429.7,0.000001,,,,,,,,
110900,430.2,0.000001,,,,,,,,
111000,430.5,0.000001,,,,,,,,
111100,430.9,0.000001,,,,,,,,
111200,431.2,0.000001,,,,,,,,
111300,431.6,0.000001,,,,,,,,
111400,432.0,0.000000,,,,,,,,
111500,432.3,0.000000,,,,,,,,
111600,432.7,0.000000,,,,,,,,
111700,433.0,0.000000,,,,,,,,
111800,433.3,0.000001,,,,,,,,
111900,433.8,0.000002,,,,,,,,
112000,434.1,0.000001,,,,,,,,
112100,434.5,0.000001,,,,,,,,
112200,434.9,0.000000,,,,,,,,
112300,435.2,0.000000,,,,,,,,
112400,435.6,0.000001,,,,,,,,
112500,435.9,0.000000,,,,,,,,
112600,436.3,0.000002,,,,,,,,
112700,436.7,0.000001,,,,,,,,
112800,437.0,0.000000,,,,,,,,
112900,437.4,0.000000,,,,,,,,
113000,437.7,0.000000,,,,,,,,
113100,438.1,0.000002,,,,,,,,
113200,438.4,0.000001,,,,,,,,
113300,438.7,0.000001,,,,,,,,
113400,439.2,0.000000,,,,,,,,
113500,439.5,0.000001,,,,,,,,
113600,439.9,0.000001,,,,,,,,
113700,440.2,0.000000,,,,,,,,
113800,440.5,0.000001,,,,,,,,
113900,441.0,0.000000,,,,,,,,
114000,441.3,0.000001,,,,,,,,
114100,441.7,0.000002,,,,,,,,
114200,442.0,0.000000,,,,,,,,
114300,442.3,0.000000,,,,,,,,
114400,442.7,0.000001,,,,,,,,
114500,443.0,0.000001,,,,,,,,
114600,443.5,0.000000,,,,,,,,
114700,443.8,0.000000,,,,,,,,
114800,444.1,0.000001,,,,,,,,
114900,444.6,0.000002,,,,,,,,
115000,446.3,0.000001,0.000001,6.777727e-02,3.768324e-03,3.134579e-03,0.000000,4.898382e-02,3.511437e-03,2.931922e-03
115100,446.6,0.000000,,,,,,,,
115200,447.0,0.000000,,,,,,,,
115300,447.3,0.000000,,,,,,,,
115400,447.7,0.000002,,,,,,,,
115500,448.0,0.000000,,,,,,,,
115600,448.4,0.000001,,,,,,,,
115700,448.8,0.000004,,,,,,,,
115800,449.1,0.000001,,,,,,,,
115900,449.5,0.000001,,,,,,,,
116000,449.8,0.000000,,,,,,,,
116100,450.2,0.000001,,,,,,,,
116200,450.6,0.000000,,,,,,,,
116300,450.9,0.000000,,,,,,,,
116400,451.4,0.000001,,,,,,,,
116500,451.6,0.000001,,,,,,,,
116600,452.0,0.000001,,,,,,,,
116700,452.4,0.000000,,,,,,,,
116800,452.7,0.000001,,,,,,,,
116900,453.2,0.000001,,,,,,,,
117000,453.4,0.000001,,,,,,,,
117100,453.8,0.000001,,,,,,,,
117200,454.2,0.000000,,,,,,,,
117300,454.5,0.000001,,,,,,,,
117400,455.0,0.000001,,,,,,,,
117500,455.3,0.000001,,,,,,,,
117600,455.7,0.000001,,,,,,,,
117700,456.1,0.000001,,,,,,,,
117800,456.4,0.000001,,,,,,,,
117900,456.9,0.000001,,,,,,,,
118000,457.2,0.000001,,,,,,,,
118100,457.5,0.000001,,,,,,,,
118200,458.0,0.000002,,,,,,,,
118300,458.3,0.000001,,,,,,,,
118400,458.7,0.000001,,,,,,,,
118500,459.0,0.000000,,,,,,,,
118600,459.3,0.000001,,,,,,,,
118700,459.7,0.000002,,,,,,,,
118800,460.0,0.000002,,,,,,,,
118900,460.5,0.000000,,,,,,,,
119000,460.8,0.000000,,,,,,,,
119100,461.1,0.000001,,,,,,,,
119200,461.5,0.000000,,,,,,,,
119300,461.8,0.000000,,,,,,,,
119400,462.3,0.000003,,,,,,,,
119500,462.6,0.000000,,,,,,,,
119600,462.9,0.000001,,,,,,,,
119700,463.3,0.000000,,,,,,,,
119800,463.6,0.000001,,,,,,,,
119900,464.1,0.000000,,,,,,,,
120000,465.8,0.000001,0.000000,6.887781e-02,2.516236e-03,2.113529e-03,0.000000,4.462124e-02,2.486702e-03,2.120305e-03
120100,466.1,0.000001,,,,,,,,
120200,466.4,0.000001,,,,,,,,
120300,466.8,0.000000,,,,,,,,
120400,467.1,0.000001,,,,,,,,
120500,467.4,0.000000,,,,,,,,
120600,467.8,0.000000,,,,,,,,
120700,468.1,0.000000,,,,,,,,
120800,468.6,0.000002,,,,,,,,
120900,468.8,0.000000,,,,,,,,
121000,469.2,0.000000,,,,,,,,
121100,469.6,0.000001,,,,,,,,
121200,469.9,0.000001,,,,,,,,
121300,470.4,0.000000,,,,,,,,
121400,470.6,0.000000,,,,,,,,
121500,471.0,0.000002,,,,,,,,
121600,471.5,0.000001,,,,,,,,
121700,471.8,0.000001,,,,,,,,
121800,472.2,0.000000,,,,,,,,
121900,472.5,0.000000,,,,,,,,
122000,472.8,0.000001,,,,,,,,
122100,473.3,0.000002,,,,,,,,
122200,473.6,0.000001,,,,,,,,
122300,474.0,0.000000,,,,,,,,
122400,474.3,0.000000,,,,,,,,
122500,474.6,0.000001,,,,,,,,
122600,475.1,0.000002,,,,,,,,
122700,475.3,0.000001,,,,,,,,
122800,475.8,0.000000,,,,,,,,
122900,476.1,0.000001,,,,,,,,
123000,476.4,0.000001,,,,,,,,
123100,476.8,0.000000,,,,,,,,
123200,477.1,0.000000,,,,,,,,
123300,477.5,0.000001,,,,,,,,
123400,477.8,0.000001,,,,,,,,
123500,478.1,0.000002,,,,,,,,
123600,478.6,0.000000,,,,,,,,
123700,478.9,0.000001,,,,,,,,
123800,479.3,0.000001,,,,,,,,
123900,479.6,0.000000,,,,,,,,
124000,479.9,0.000002,,,,,,,,
124100,480.4,0.000002,,,,,,,,
124200,480.7,0.000001,,,,,,,,
124300,481.1,0.000001,,,,,,,,
124400,481.4,0.000001,,,,,,,,
124500,481.7,0.000000,,,,,,,,
124600,482.1,0.000000,,,,,,,,
124700,482.4,0.000001,,,,,,,,
124800,482.9,0.000001,,,,,,,,
124900,483.1,0.000000,,,,,,,,
125000,484.9,0.000001,0.000001,8.049319e-02,4.393382e-03,3.647595e-03,0.000000,4.414291e-02,4.449094e-03,3.791079e-03
125100,485.2,0.000001,,,,,,,,
125200,485.6,0.000001,,,,,,,,
125300,486.1,0.000000,,,,,,,,
125400,486.4,0.000001,,,,,,,,
125500,486.8,0.000000,,,,,,,,
125600,487.1,0.000001,,,,,,,,
125700,487.4,0.000000,,,,,,,,
125800,487.8,0.000001,,,,,,,,
125900,488.1,0.000000,,,,,,,,
126000,488.6,0.000001,,,,,,,,
126100,488.8,0.000001,,,,,,,,
126200,489.1,0.000001,,,,,,,,
126300,489.3,0.000001,,,,,,,,
126400,489.7,0.000001,,,,,,,,
126500,490.1,0.000001,,,,,,,,
126600,490.4,0.000000,,,,,,,,
126700,490.9,0.000001,,,,,,,,
126800,491.1,0.000000,,,,,,,,
126900,491.5,0.000001,,,,,,,,
127000,491.9,0.000000,,,,,,,,
127100,492.2,0.000001,,,,,,,,
127200,492.7,0.000001,,,,,,,,
127300,492.9,0.000001,,,,,,,,
127400,493.3,0.000000,,,,,,,,
127500,493.7,0.000001,,,,,,,,
127600,494.0,0.000000,,,,,,,,
127700,494.5,0.000000,,,,,,,,
127800,494.7,0.000001,,,,,,,,
127900,495.1,0.000001,,,,,,,,
128000,495.5,0.000001,,,,,,,,
128100,495.8,0.000001,,,,,,,,
128200,496.3,0.000000,,,,,,,,
128300,496.6,0.000001,,,,,,,,
128400,496.9,0.000001,,,,,,,,
128500,497.3,0.000000,,,,,,,,
128600,497.6,0.000001,,,,,,,,
128700,498.1,0.000001,,,,,,,,
128800,498.3,0.000003,,,,,,,,
128900,498.7,0.000000,,,,,,,,
129000,499.1,0.000000,,,,,,,,
129100,499.4,0.000001,,,,,,,,
129200,499.8,0.000001,,,,,,,,
129300,500.1,0.000000,,,,,,,,
129400,500.5,0.000000,,,,,,,,
129500,500.9,0.000001,,,,,,,,
129600,501.2,0.000000,,,,,,,,
129700,501.6,0.000001,,,,,,,,
129800,501.9,0.000001,,,,,,,,
129900,502.3,0.000001,,,,,,,,
130000,504.1,0.000000,0.000000,6.905544e-02,3.111753e-03,2.793698e-03,0.000000,4.227377e-02,3.039904e-03,2.750427e-03
130100,504.4,0.000001,,,,,,,,
130200,504.7,0.000001,,,,,,,,
130300,505.2,0.000000,,,,,,,,
130400,505.5,0.000001,,,,,,,,
130500,505.8,0.000000,,,,,,,,
130600,506.2,0.000001,,,,,,,,
130700,506.5,0.000001,,,,,,,,
130800,507.0,0.000000,,,,,,,,
130900,507.2,0.000001,,,,,,,,
131000,507.6,0.000000,,,,,,,,
131100,508.0,0.000000,,,,,,,,
131200,508.3,0.000002,,,,,,,,
131300,508.7,0.000000,,,,,,,,
131400,509.0,0.000000,,,,,,,,
131500,509.4,0.000001,,,,,,,,
131600,509.8,0.000000,,,,,,,,
131700,510.1,0.000000,,,,,,,,
131800,510.5,0.000000,,,,,,,,
131900,510.8,0.000000,,,,,,,,
132000,511.2,0.000000,,,,,,,,
132100,511.5,0.000001,,,,,,,,
132200,511.8,0.000000,,,,,,,,
132300,512.3,0.000001,,,,,,,,
132400,512.6,0.000001,,,,,,,,
132500,513.0,0.000000,,,,,,,,
132600,513.3,0.000001,,,,,,,,
132700,513.6,0.000000,,,,,,,,
132800,514.1,0.000001,,,,,,,,
132900,514.4,0.000001,,,,,,,,
133000,514.8,0.000000,,,,,,,,
133100,515.1,0.000000,,,,,,,,
133200,515.5,0.000001,,,,,,,,
133300,515.9,0.000000,,,,,,,,
133400,516.2,0.000001,,,,,,,,
133500,516.6,0.000002,,,,,,,,
133600,516.9,0.000000,,,,,,,,
133700,517.2,0.000001,,,,,,,,
133800,517.6,0.000000,,,,,,,,
133900,517.9,0.000001,,,,,,,,
134000,518.4,0.000001,,,,,,,,
134100,518.6,0.000000,,,,,,,,
134200,519.0,0.000000,,,,,,,,
134300,519.4,0.000000,,,,,,,,
134400,519.7,0.000001,,,,,,,,
134500,520.1,0.000000,,,,,,,,
134600,520.4,0.000001,,,,,,,,
134700,520.8,0.000002,,,,,,,,
134800,521.2,0.000001,,,,,,,,
134900,521.5,0.000000,,,,,,,,
135000,523.3,0.000000,0.000000,5.464780e-02,3.242764e-03,2.689272e-03,0.000000,3.070188e-02,3.235276e-03,2.693582e-03
135100,523.6,0.000000,,,,,,,,
135200,524.0,0.000000,,,,,,,,
135300,524.3,0.000001,,,,,,,,
135400,524.6,0.000002,,,,,,,,
135500,525.1,0.000001,,,,,,,,
135600,525.4,0.000000,,,,,,,,
135700,525.8,0.000001,,,,,,,,
135800,526.1,0.000000,,,,,,,,
135900,526.4,0.000002,,,,,,,,
136000,526.9,0.000002,,,,,,,,
136100,527.2,0.000000,,,,,,,,
136200,527.6,0.000001,,,,,,,,
136300,527.9,0.000001,,,,,,,,
136400,528.3,0.000000,,,,,,,,
136500,528.7,0.000001,,,,,,,,
136600,529.0,0.000001,,,,,,,,
136700,529.4,0.000000,,,,,,,,
136800,529.7,0.000001,,,,,,,,
136900,530.0,0.000001,,,,,,,,
137000,530.4,0.000000,,,,,,,,
137100,530.7,0.000000,,,,,,,,
137200,531.2,0.000001,,,,,,,,
137300,531.5,0.000000,,,,,,,,
137400,531.8,0.000000,,,,,,,,
137500,532.3,0.000001,,,,,,,,
137600,532.5,0.000002,,,,,,,,
137700,533.0,0.000001,,,,,,,,
137800,533.3,0.000001,,,,,,,,
137900,533.6,0.000001,,,,,,,,
138000,534.0,0.000000,,,,,,,,
138100,534.3,0.000000,,,,,,,,
138200,534.8,0.000000,,,,,,,,
138300,535.1,0.000000,,,,,,,,
138400,535.4,0.000001,,,,,,,,
138500,535.8,0.000001,,,,,,,,
138600,536.1,0.000001,,,,,,,,
138700,536.5,0.000001,,,,,,,,
138800,536.8,0.000001,,,,,,,,
138900,537.2,0.000000,,,,,,,,
139000,537.6,0.000000,,,,,,,,
139100,537.9,0.000001,,,,,,,,
139200,538.3,0.000001,,,,,,,,
139300,538.7,0.000001,,,,,,,,
139400,539.0,0.000000,,,,,,,,
139500,539.4,0.000001,,,,,,,,
139600,539.7,0.000001,,,,,,,,
139700,540.1,0.000001,,,,,,,,
139800,540.5,0.000000,,,,,,,,
139900,540.8,0.000002,,,,,,,,
140000,542.6,0.000000,0.000000,5.591500e-02,2.300259e-03,1.882319e-03,0.000000,3.645969e-02,2.280661e-03,1.871478e-03
140100,543.0,0.000001,,,,,,,,
140200,543.4,0.000000,,,,,,,,
140300,543.7,0.000000,,,,,,,,
140400,544.1,0.000000,,,,,,,,
140500,544.4,0.000000,,,,,,,,
140600,544.8,0.000003,,,,,,,,
140700,545.2,0.000001,,,,,,,,
140800,545.5,0.000001,,,,,,,,
140900,545.9,0.000002,,,,,,,,
141000,546.2,0.000001,,,,,,,,
141100,546.6,0.000000,,,,,,,,
141200,547.0,0.000001,,,,,,,,
141300,547.3,0.000002,,,,,,,,
141400,547.7,0.000001,,,,,,,,
141500,548.0,0.000001,,,,,,,,
141600,548.4,0.000000,,,,,,,,
141700,548.7,0.000000,,,,,,,,
141800,549.1,0.000001,,,,,,,,
141900,549.5,0.000001,,,,,,,,
142000,549.8,0.000000,,,,,,,,
142100,550.2,0.000000,,,,,,,,
142200,550.5,0.000000,,,,,,,,
142300,550.9,0.000001,,,,,,,,
142400,551.3,0.000000,,,,,,,,
142500,551.6,0.000000,,,,,,,,
142600,552.0,0.000001,,,,,,,,
142700,552.3,0.000001,,,,,,,,
142800,552.6,0.000000,,,,,,,,
142900,553.0,0.000001,,,,,,,,
143000,553.3,0.000001,,,,,,,,
143100,553.8,0.000001,,,,,,,,
143200,554.1,0.000000,,,,,,,,
143300,554.4,0.000001,,,,,,,,
143400,554.9,0.000001,,,,,,,,
143500,555.2,0.000002,,,,,,,,
143600,555.6,0.000000,,,,,,,,
143700,555.9,0.000001,,,,,,,,
143800,556.3,0.000000,,,,,,,,
143900,556.7,0.000001,,,,,,,,
144000,557.0,0.000001,,,,,,,,
144100,557.4,0.000001,,,,,,,,
144200,557.7,0.000000,,,,,,,,
144300,558.0,0.000002,,,,,,,,
144400,558.4,0.000000,,,,,,,,
144500,558.7,0.000001,,,,,,,,
144600,559.2,0.000000,,,,,,,,
144700,559.4,0.000000,,,,,,,,
144800,559.8,0.000000,,,,,,,,
144900,560.2,0.000000,,,,,,,,
145000,561.9,0.000000,0.000000,4.468150e-02,2.465603e-03,2.172746e-03,0.000000,4.199625e-02,2.454360e-03,2.197383e-03
145100,562.3,0.000000,,,,,,,,
145200,562.7,0.000001,,,,,,,,
145300,563.0,0.000000,,,,,,,,
145400,563.4,0.000001,,,,,,,,
145500,563.8,0.000000,,,,,,,,
145600,564.1,0.000000,,,,,,,,
145700,564.6,0.000000,,,,,,,,
145800,564.8,0.000000,,,,,,,,
145900,565.2,0.000004,,,,,,,,
146000,565.6,0.000001,,,,,,,,
146100,565.9,0.000001,,,,,,,,
146200,566.3,0.000001,,,,,,,,
146300,566.6,0.000000,,,,,,,,
146400,567.0,0.000000,,,,,,,,
146500,567.4,0.000000,,,,,,,,
146600,567.7,0.000001,,,,,,,,
146700,568.1,0.000000,,,,,,,,
146800,568.4,0.000001,,,,,,,,
146900,568.8,0.000000,,,,,,,,
147000,569.1,0.000001,,,,,,,,
147100,569.4,0.000000,,,,,,,,
147200,569.9,0.000001,,,,,,,,
147300,570.2,0.000001,,,,,,,,
147400,570.5,0.000000,,,,,,,,
147500,570.9,0.000000,,,,,,,,
147600,571.2,0.000000,,,,,,,,
147700,571.7,0.000001,,,,,,,,
147800,571.9,0.000000,,,,,,,,
147900,572.3,0.000000,,,,,,,,
148000,572.7,0.000000,,,,,,,,
148100,573.0,0.000000,,,,,,,,
148200,573.4,0.000001,,,,,,,,
148300,573.7,0.000000,,,,,,,,
148400,574.1,0.000001,,,,,,,,
148500,574.5,0.000000,,,,,,,,
148600,574.8,0.000001,,,,,,,,
148700,575.2,0.000001,,,,,,,,
148800,575.5,0.000001,,,,,,,,
148900,575.9,0.000000,,,,,,,,
149000,576.3,0.000001,,,,,,,,
149100,576.6,0.000001,,,,,,,,
149200,577.0,0.000001,,,,,,,,
149300,577.3,0.000001,,,,,,,,
149400,577.7,0.000001,,,,,,,,
149500,578.1,0.000000,,,,,,,,
149600,578.4,0.000000,,,,,,,,
149700,578.8,0.000000,,,,,,,,
149800,579.1,0.000000,,,,,,,,
149900,579.5,0.000001,,,,,,,,
150000,581.2,0.000000,0.000000,3.374500e-02,2.204182e-03,1.851383e-03,0.000000,2.632094e-02,2.184831e-03,1.859668e-03
150100,581.5,0.000001,,,,,,,,
150200,581.9,0.000001,,,,,,,,
150300,582.2,0.000000,,,,,,,,
150400,582.7,0.000000,,,,,,,,
150500,582.9,0.000000,,,,,,,,
150600,583.3,0.000000,,,,,,,,
150700,583.7,0.000000,,,,,,,,
150800,584.0,0.000001,,,,,,,,
150900,584.4,0.000001,,,,,,,,
151000,584.7,0.000001,,,,,,,,
151100,585.1,0.000001,,,,,,,,
151200,585.5,0.000001,,,,,,,,
151300,585.8,0.000000,,,,,,,,
151400,586.2,0.000000,,,,,,,,
151500,586.5,0.000000,,,,,,,,
151600,586.9,0.000000,,,,,,,,
151700,587.3,0.000001,,,,,,,,
151800,587.6,0.000002,,,,,,,,
151900,588.0,0.000000,,,,,,,,
152000,588.3,0.000000,,,,,,,,
152100,588.7,0.000001,,,,,,,,
152200,589.1,0.000001,,,,,,,,
152300,589.4,0.000000,,,,,,,,
152400,589.8,0.000000,,,,,,,,
152500,590.1,0.000000,,,,,,,,
152600,590.4,0.000000,,,,,,,,
152700,590.9,0.000001,,,,,,,,
152800,591.2,0.000000,,,,,,,,
152900,591.6,0.000000,,,,,,,,
153000,591.9,0.000000,,,,,,,,
153100,592.3,0.000001,,,,,,,,
153200,592.7,0.000001,,,,,,,,
153300,593.0,0.000001,,,,,,,,
153400,593.4,0.000001,,,,,,,,
153500,593.7,0.000003,,,,,,,,
153600,594.1,0.000000,,,,,,,,
153700,594.4,0.000002,,,,,,,,
153800,594.8,0.000000,,,,,,,,
153900,595.1,0.000000,,,,,,,,
154000,595.4,0.000000,,,,,,,,
154100,595.9,0.000000,,,,,,,,
154200,596.2,0.000001,,,,,,,,
154300,596.5,0.000000,,,,,,,,
154400,596.9,0.000001,,,,,,,,
154500,597.2,0.000000,,,,,,,,
154600,597.7,0.000000,,,,,,,,
154700,597.9,0.000000,,,,,,,,
154800,598.3,0.000001,,,,,,,,
154900,598.7,0.000001,,,,,,,,
155000,600.5,0.000000,0.000001,4.123253e-02,4.272138e-03,3.967939e-03,0.000000,3.609920e-02,4.312580e-03,4.042049e-03
155100,600.7,0.000001,,,,,,,,
155200,600.9,0.000000,,,,,,,,
155300,601.2,0.000000,,,,,,,,
155400,601.6,0.000001,,,,,,,,
155500,602.0,0.000000,,,,,,,,
155600,602.3,0.000002,,,,,,,,
155700,602.8,0.000000,,,,,,,,
155800,603.0,0.000000,,,,,,,,
155900,603.4,0.000000,,,,,,,,
156000,603.8,0.000001,,,,,,,,
156100,604.1,0.000001,,,,,,,,
156200,604.6,0.000001,,,,,,,,
156300,604.9,0.000001,,,,,,,,
156400,605.2,0.000001,,,,,,,,
156500,605.6,0.000001,,,,,,,,
156600,605.9,0.000000,,,,,,,,
156700,606.3,0.000000,,,,,,,,
156800,606.6,0.000001,,,,,,,,
156900,607.0,0.000001,,,,,,,,
157000,607.4,0.000001,,,,,,,,
157100,607.7,0.000000,,,,,,,,
157200,608.1,0.000000,,,,,,,,
157300,608.4,0.000001,,,,,,,,
157400,608.9,0.000001,,,,,,,,
157500,609.1,0.000000,,,,,,,,
157600,609.5,0.000001,,,,,,,,
157700,609.9,0.000000,,,,,,,,
157800,610.2,0.000000,,,,,,,,
157900,610.6,0.000002,,,,,,,,
158000,610.9,0.000001,,,,,,,,
158100,611.3,0.000000,,,,,,,,
158200,611.7,0.000001,,,,,,,,
158300,612.0,0.000002,,,,,,,,
158400,612.4,0.000001,,,,,,,,
158500,612.7,0.000001,,,,,,,,
158600,613.0,0.000000,,,,,,,,
158700,613.5,0.000001,,,,,,,,
158800,613.8,0.000000,,,,,,,,
158900,614.2,0.000000,,,,,,,,
159000,614.5,0.000000,,,,,,,,
159100,614.9,0.000001,,,,,,,,
159200,615.3,0.000001,,,,,,,,
159300,615.6,0.000001,,,,,,,,
159400,616.0,0.000000,,,,,,,,
159500,616.3,0.000000,,,,,,,,
159600,616.7,0.000001,,,,,,,,
159700,617.0,0.000001,,,,,,,,
159800,617.4,0.000000,,,,,,,,
159900,617.8,0.000000,,,,,,,,
160000,619.5,0.000001,0.000001,7.485075e-02,4.009133e-03,2.851226e-03,0.000000,4.190273e-02,4.090897e-03,2.945426e-03
160100,619.9,0.000000,,,,,,,,
160200,620.2,0.000000,,,,,,,,
160300,620.5,0.000000,,,,,,,,
160400,620.9,0.000001,,,,,,,,
160500,621.2,0.000000,,,,,,,,
160600,621.7,0.000000,,,,,,,,
160700,621.9,0.000001,,,,,,,,
160800,622.3,0.000001,,,,,,,,
160900,622.7,0.000001,,,,,,,,
161000,623.0,0.000000,,,,,,,,
161100,623.4,0.000000,,,,,,,,
161200,623.8,0.000001,,,,,,,,
161300,624.1,0.000001,,,,,,,,
161400,624.5,0.000000,,,,,,,,
161500,624.8,0.000000,,,,,,,,
161600,625.2,0.000000,,,,,,,,
161700,625.6,0.000000,,,,,,,,
161800,625.9,0.000000,,,,,,,,
161900,626.3,0.000001,,,,,,,,
162000,626.6,0.000000,,,,,,,,
162100,627.0,0.000001,,,,,,,,
162200,627.4,0.000000,,,,,,,,
162300,627.7,0.000000,,,,,,,,
162400,628.1,0.000001,,,,,,,,
162500,628.4,0.000000,,,,,,,,
162600,628.8,0.000000,,,,,,,,
162700,629.1,0.000001,,,,,,,,
162800,629.5,0.000001,,,,,,,,
162900,629.9,0.000000,,,,,,,,
163000,630.2,0.000000,,,,,,,,
163100,630.6,0.000001,,,,,,,,
163200,630.9,0.000001,,,,,,,,
163300,631.2,0.000000,,,,,,,,
163400,631.6,0.000001,,,,,,,,
163500,631.9,0.000000,,,,,,,,
163600,632.4,0.000001,,,,,,,,
163700,632.7,0.000001,,,,,,,,
163800,633.0,0.000000,,,,,,,,
163900,633.4,0.000000,,,,,,,,
164000,633.7,0.000000,,,,,,,,
164100,634.2,0.000001,,,,,,,,
164200,634.5,0.000002,,,,,,,,
164300,634.8,0.000001,,,,,,,,
164400,635.2,0.000000,,,,,,,,
164500,635.6,0.000001,,,,,,,,
164600,636.0,0.000001,,,,,,,,
164700,636.3,0.000003,,,,,,,,
164800,636.7,0.000000,,,,,,,,
164900,637.0,0.000000,,,,,,,,
165000,638.7,0.000000,0.000001,7.439227e-02,4.809420e-03,4.146052e-03,0.000000,5.524827e-02,4.907779e-03,4.294617e-03
165100,639.0,0.000001,,,,,,,,
165200,639.5,0.000000,,,,,,,,
165300,639.8,0.000001,,,,,,,,
165400,640.2,0.000000,,,,,,,,
165500,640.5,0.000000,,,,,,,,
165600,640.8,0.000000,,,,,,,,
165700,641.2,0.000001,,,,,,,,
165800,641.5,0.000000,,,,,,,,
165900,642.0,0.000000,,,,,,,,
166000,642.3,0.000001,,,,,,,,
166100,642.5,0.000000,,,,,,,,
166200,642.8,0.000000,,,,,,,,
166300,643.1,0.000000,,,,,,,,
166400,643.5,0.000000,,,,,,,,
166500,643.8,0.000001,,,,,,,,
166600,644.1,0.000000,,,,,,,,
166700,644.5,0.000000,,,,,,,,
166800,644.8,0.000000,,,,,,,,
166900,645.2,0.000001,,,,,,,,
167000,645.5,0.000001,,,,,,,,
167100,645.8,0.000001,,,,,,,,
167200,646.2,0.000000,,,,,,,,
167300,646.5,0.000001,,,,,,,,
167400,647.0,0.000001,,,,,,,,
167500,647.3,0.000000,,,,,,,,
167600,647.6,0.000001,,,,,,,,
167700,648.0,0.000001,,,,,,,,
167800,648.3,0.000000,,,,,,,,
167900,648.8,0.000001,,,,,,,,
168000,649.0,0.000000,,,,,,,,
168100,649.4,0.000000,,,,,,,,
168200,649.8,0.000001,,,,,,,,
168300,650.1,0.000000,,,,,,,,
168400,650.5,0.000000,,,,,,,,
168500,650.8,0.000001,,,,,,,,
168600,651.2,0.000002,,,,,,,,
168700,651.6,0.000000,,,,,,,,
168800,651.9,0.000000,,,,,,,,
168900,652.3,0.000000,,,,,,,,
169000,652.6,0.000001,,,,,,,,
169100,653.0,0.000000,,,,,,,,
169200,653.3,0.000000,,,,,,,,
169300,653.7,0.000001,,,,,,,,
169400,654.1,0.000000,,,,,,,,
169500,654.4,0.000001,,,,,,,,
169600,654.8,0.000001,,,,,,,,
169700,655.2,0.000002,,,,,,,,
169800,655.5,0.000000,,,,,,,,
169900,656.0,0.000001,,,,,,,,
170000,657.6,0.000000,0.000000,5.527007e-02,2.724600e-03,2.428808e-03,0.000000,4.217602e-02,2.721013e-03,2.433224e-03
170100,657.9,0.000001,,,,,,,,
170200,658.2,0.000000,,,,,,,,
170300,658.6,0.000004,,,,,,,,
170400,659.0,0.000000,,,,,,,,
170500,659.3,0.000001,,,,,,,,
170600,659.7,0.000001,,,,,,,,
170700,660.0,0.000001,,,,,,,,
170800,660.5,0.000001,,,,,,,,
170900,660.7,0.000001,,,,,,,,
171000,661.1,0.000000,,,,,,,,
171100,661.5,0.000001,,,,,,,,
171200,661.8,0.000000,,,,,,,,
171300,662.3,0.000000,,,,,,,,
171400,662.6,0.000000,,,,,,,,
171500,662.9,0.000000,,,,,,,,
171600,663.4,0.000001,,,,,,,,
171700,663.6,0.000000,,,,,,,,
171800,664.0,0.000001,,,,,,,,
171900,664.4,0.000001,,,,,,,,
172000,664.7,0.000000,,,,,,,,
172100,665.3,0.000000,,,,,,,,
172200,665.6,0.000000,,,,,,,,
172300,666.0,0.000001,,,,,,,,
172400,666.4,0.000001,,,,,,,,
172500,666.7,0.000000,,,,,,,,
172600,667.1,0.000001,,,,,,,,
172700,667.4,0.000001,,,,,,,,
172800,667.7,0.000000,,,,,,,,
172900,668.2,0.000000,,,,,,,,
173000,668.5,0.000000,,,,,,,,
173100,668.9,0.000001,,,,,,,,
173200,669.2,0.000002,,,,,,,,
173300,669.6,0.000000,,,,,,,,
173400,670.0,0.000000,,,,,,,,
173500,670.3,0.000001,,,,,,,,
173600,670.7,0.000000,,,,,,,,
173700,671.0,0.000002,,,,,,,,
173800,671.3,0.000001,,,,,,,,
173900,671.8,0.000001,,,,,,,,
174000,672.1,0.000001,,,,,,,,
174100,672.4,0.000001,,,,,,,,
174200,672.9,0.000000,,,,,,,,
174300,673.2,0.000000,,,,,,,,
174400,673.6,0.000001,,,,,,,,
174500,673.9,0.000000,,,,,,,,
174600,674.3,0.000001,,,,,,,,
174700,674.6,0.000000,,,,,,,,
174800,674.9,0.000001,,,,,,,,
174900,675.5,0.000000,,,,,,,,
175000,677.3,0.000000,0.000000,5.669231e-02,2.766025e-03,2.465352e-03,0.000000,1.632381e-02,2.785827e-03,2.514414e-03
175100,677.6,0.000000,,,,,,,,
175200,678.0,0.000001,,,,,,,,
175300,678.3,0.000000,,,,,,,,
175400,678.7,0.000001,,,,,,,,
175500,679.0,0.000001,,,,,,,,
175600,679.3,0.000000,,,,,,,,
175700,679.8,0.000000,,,,,,,,
175800,680.1,0.000000,,,,,,,,
175900,680.5,0.000000,,,,,,,,
176000,680.8,0.000001,,,,,,,,
176100,681.2,0.000000,,,,,,,,
176200,681.5,0.000000,,,,,,,,
176300,681.8,0.000000,,,,,,,,
176400,682.3,0.000000,,,,,,,,
176500,682.6,0.000000,,,,,,,,
176600,683.0,0.000000,,,,,,,,
176700,683.3,0.000001,,,,,,,,
176800,683.6,0.000000,,,,,,,,
176900,684.0,0.000000,,,,,,,,
177000,684.3,0.000000,,,,,,,,
177100,684.7,0.000000,,,,,,,,
177200,685.0,0.000001,,,,,,,,
177300,685.4,0.000001,,,,,,,,
177400,685.8,0.000000,,,,,,,,
177500,686.1,0.000000,,,,,,,,
177600,686.5,0.000001,,,,,,,,
177700,686.8,0.000001,,,,,,,,
177800,687.2,0.000001,,,,,,,,
177900,687.6,0.000001,,,,,,,,
178000,687.9,0.000001,,,,,,,,
178100,688.3,0.000000,,,,,,,,
178200,688.6,0.000000,,,,,,,,
178300,689.0,0.000000,,,,,,,,
178400,689.4,0.000001,,,,,,,,
178500,689.7,0.000000,,,,,,,,
178600,690.1,0.000000,,,,,,,,
178700,690.4,0.000000,,,,,,,,
178800,690.7,0.000000,,,,,,,,
178900,691.1,0.000000,,,,,,,,
179000,691.4,0.000001,,,,,,,,
179100,691.9,0.000001,,,,,,,,
179200,692.2,0.000001,,,,,,,,
179300,692.5,0.000000,,,,,,,,
179400,693.0,0.000001,,,,,,,,
179500,693.3,0.000000,,,,,,,,
179600,693.7,0.000000,,,,,,,,
179700,694.0,0.000000,,,,,,,,
179800,694.3,0.000001,,,,,,,,
179900,694.8,0.000000,,,,,,,,
180000,696.5,0.000000,0.000000,7.784998e-02,2.515102e-03,2.003237e-03,0.000000,4.361297e-02,2.532050e-03,2.046275e-03
180100,696.8,0.000000,,,,,,,,
180200,697.3,0.000000,,,,,,,,
180300,697.6,0.000001,,,,,,,,
180400,698.0,0.000000,,,,,,,,
180500,698.4,0.000001,,,,,,,,
180600,698.7,0.000001,,,,,,,,
180700,699.1,0.000001,,,,,,,,
180800,699.4,0.000000,,,,,,,,
180900,699.8,0.000000,,,,,,,,
181000,700.1,0.000000,,,,,,,,
181100,700.4,0.000000,,,,,,,,
181200,700.9,0.000000,,,,,,,,
181300,701.2,0.000000,,,,,,,,
181400,701.6,0.000001,,,,,,,,
181500,701.9,0.000000,,,,,,,,
181600,702.2,0.000000,,,,,,,,
181700,702.7,0.000000,,,,,,,,
181800,703.0,0.000000,,,,,,,,
181900,703.4,0.000002,,,,,,,,
182000,703.7,0.000000,,,,,,,,
182100,704.0,0.000000,,,,,,,,
182200,704.5,0.000000,,,,,,,,
182300,704.7,0.000001,,,,,,,,
182400,705.2,0.000000,,,,,,,,
182500,705.5,0.000001,,,,,,,,
182600,705.8,0.000000,,,,,,,,
182700,706.2,0.000000,,,,,,,,
182800,706.5,0.000000,,,,,,,,
182900,707.0,0.000000,,,,,,,,
183000,707.3,0.000000,,,,,,,,
183100,707.6,0.000001,,,,,,,,
183200,708.0,0.000000,,,,,,,,
183300,708.3,0.000000,,,,,,,,
183400,708.8,0.000001,,,,,,,,
183500,709.0,0.000001,,,,,,,,
183600,709.4,0.000000,,,,,,,,
183700,709.8,0.000000,,,,,,,,
183800,710.1,0.000001,,,,,,,,
183900,710.5,0.000000,,,,,,,,
184000,710.8,0.000000,,,,,,,,
184100,711.1,0.000000,,,,,,,,
184200,711.6,0.000001,,,,,,,,
184300,711.9,0.000000,,,,,,,,
184400,712.3,0.000001,,,,,,,,
184500,712.6,0.000000,,,,,,,,
184600,713.0,0.000000,,,,,,,,
184700,713.4,0.000001,,,,,,,,
184800,713.7,0.000001,,,,,,,,
184900,714.1,0.000000,,,,,,,,
185000,715.8,0.000000,0.000000,7.468671e-02,2.443200e-03,2.022846e-03,0.000000,4.406739e-02,2.381889e-03,2.024553e-03
185100,716.1,0.000000,,,,,,,,
185200,716.4,0.000000,,,,,,,,
185300,716.8,0.000001,,,,,,,,
185400,717.1,0.000001,,,,,,,,
185500,717.5,0.000000,,,,,,,,
185600,717.8,0.000000,,,,,,,,
185700,718.1,0.000001,,,,,,,,
185800,718.5,0.000001,,,,,,,,
185900,718.8,0.000000,,,,,,,,
186000,719.3,0.000001,,,,,,,,
186100,719.6,0.000002,,,,,,,,
186200,719.9,0.000000,,,,,,,,
186300,720.3,0.000001,,,,,,,,
186400,720.6,0.000000,,,,,,,,
186500,721.1,0.000000,,,,,,,,
186600,721.3,0.000000,,,,,,,,
186700,721.7,0.000000,,,,,,,,
186800,722.1,0.000000,,,,,,,,
186900,722.4,0.000001,,,,,,,,
187000,722.9,0.000000,,,,,,,,
187100,723.2,0.000000,,,,,,,,
187200,723.5,0.000000,,,,,,,,
187300,724.0,0.000000,,,,,,,,
187400,724.3,0.000000,,,,,,,,
187500,724.7,0.000000,,,,,,,,
187600,725.0,0.000000,,,,,,,,
187700,725.4,0.000001,,,,,,,,
187800,725.8,0.000003,,,,,,,,
187900,726.1,0.000000,,,,,,,,
188000,726.5,0.000000,,,,,,,,
188100,726.8,0.000000,,,,,,,,
188200,727.2,0.000000,,,,,,,,
188300,727.6,0.000000,,,,,,,,
188400,727.9,0.000000,,,,,,,,
188500,728.3,0.000000,,,,,,,,
188600,728.6,0.000001,,,,,,,,
188700,729.0,0.000000,,,,,,,,
188800,729.4,0.000000,,,,,,,,
188900,729.7,0.000001,,,,,,,,
189000,730.2,0.000000,,,,,,,,
189100,730.4,0.000000,,,,,,,,
189200,730.8,0.000001,,,,,,,,
189300,731.2,0.000000,,,,,,,,
189400,731.5,0.000000,,,,,,,,
189500,732.0,0.000000,,,,,,,,
189600,732.2,0.000000,,,,,,,,
189700,732.6,0.000000,,,,,,,,
189800,733.0,0.000001,,,,,,,,
189900,733.3,0.000000,,,,,,,,
190000,735.1,0.000000,0.000000,7.420010e-02,2.146400e-03,1.860578e-03,0.000000,1.854573e-02,2.167259e-03,1.909945e-03
190100,735.4,0.000000,,,,,,,,
190200,735.7,0.000000,,,,,,,,
190300,735.9,0.000000,,,,,,,,
190400,736.4,0.000000,,,,,,,,
190500,736.6,0.000000,,,,,,,,
190600,737.0,0.000001,,,,,,,,
190700,737.4,0.000000,,,,,,,,
190800,737.7,0.000001,,,,,,,,
190900,738.1,0.000000,,,,,,,,
191000,738.4,0.000000,,,,,,,,
191100,738.8,0.000001,,,,,,,,
191200,739.2,0.000000,,,,,,,,
191300,739.5,0.000000,,,,,,,,
191400,739.9,0.000000,,,,,,,,
191500,740.2,0.000000,,,,,,,,
191600,740.6,0.000000,,,,,,,,
191700,741.1,0.000000,,,,,,,,
191800,741.4,0.000000,,,,,,,,
191900,741.8,0.000001,,,,,,,,
192000,742.2,0.000000,,,,,,,,
192100,742.5,0.000000,,,,,,,,
192200,742.9,0.000000,,,,,,,,
192300,743.3,0.000001,,,,,,,,
192400,743.6,0.000000,,,,,,,,
192500,744.0,0.000000,,,,,,,,
192600,744.3,0.000001,,,,,,,,
192700,744.7,0.000000,,,,,,,,
192800,745.0,0.000000,,,,,,,,
192900,745.4,0.000000,,,,,,,,
193000,745.8,0.000000,,,,,,,,
193100,746.1,0.000000,,,,,,,,
193200,746.6,0.000000,,,,,,,,
193300,746.8,0.000000,,,,,,,,
193400,747.2,0.000000,,,,,,,,
193500,747.6,0.000000,,,,,,,,
193600,747.9,0.000000,,,,,,,,
193700,748.3,0.000000,,,,,,,,
193800,748.6,0.000001,,,,,,,,
193900,749.0,0.000000,,,,,,,,
194000,749.4,0.000000,,,,,,,,
194100,749.7,0.000000,,,,,,,,
194200,750.1,0.000000,,,,,,,,
194300,750.4,0.000000,,,,,,,,
194400,750.8,0.000000,,,,,,,,
194500,751.1,0.000001,,,,,,,,
194600,751.4,0.000000,,,,,,,,
194700,751.9,0.000001,,,,,,,,
194800,752.2,0.000000,,,,,,,,
194900,752.6,0.000000,,,,,,,,
195000,754.3,0.000000,0.000001,1.774044e-01,3.420815e-03,2.841503e-03,0.000000,6.522020e-02,3.332937e-03,2.870163e-03
195100,754.6,0.000000,,,,,,,,
195200,755.0,0.000000,,,,,,,,
195300,755.3,0.000000,,,,,,,,
195400,755.8,0.000000,,,,,,,,
195500,756.0,0.000000,,,,,,,,
195600,756.4,0.000001,,,,,,,,
195700,756.8,0.000000,,,,,,,,
195800,757.1,0.000000,,,,,,,,
195900,757.5,0.000000,,,,,,,,
196000,757.8,0.000001,,,,,,,,
196100,758.3,0.000000,,,,,,,,
196200,758.5,0.000000,,,,,,,,
196300,758.9,0.000000,,,,,,,,
196400,759.3,0.000000,,,,,,,,
196500,759.6,0.000001,,,,,,,,
196600,760.0,0.000001,,,,,,,,
196700,760.3,0.000001,,,,,,,,
196800,760.7,0.000000,,,,,,,,
196900,761.1,0.000001,,,,,,,,
197000,761.4,0.000000,,,,,,,,
197100,761.8,0.000000,,,,,,,,
197200,762.1,0.000000,,,,,,,,
197300,762.5,0.000000,,,,,,,,
197400,763.0,0.000000,,,,,,,,
197500,763.3,0.000000,,,,,,,,
197600,763.6,0.000000,,,,,,,,
197700,764.0,0.000000,,,,,,,,
197800,764.3,0.000000,,,,,,,,
197900,764.8,0.000001,,,,,,,,
198000,765.1,0.000000,,,,,,,,
198100,765.4,0.000000,,,,,,,,
198200,765.8,0.000000,,,,,,,,
198300,766.1,0.000000,,,,,,,,
198400,766.6,0.000000,,,,,,,,
198500,766.9,0.000000,,,,,,,,
198600,767.2,0.000000,,,,,,,,
198700,767.6,0.000000,,,,,,,,
198800,767.9,0.000000,,,,,,,,
198900,768.4,0.000000,,,,,,,,
199000,768.6,0.000001,,,,,,,,
199100,769.0,0.000000,,,,,,,,
199200,769.4,0.000001,,,,,,,,
199300,769.7,0.000000,,,,,,,,
199400,770.2,0.000000,,,,,,,,
199500,770.5,0.000001,,,,,,,,
199600,770.8,0.000001,,,,,,,,
199700,771.2,0.000001,,,,,,,,
199800,771.5,0.000000,,,,,,,,
199900,772.0,0.000000,,,,,,,,
200000,773.7,0.000000,0.000000,5.746211e-02,2.542687e-03,2.045880e-03,0.000000,3.288598e-02,2.561953e-03,2.114490e-03
200100,773.9,0.000000,,,,,,,,
200200,774.3,0.000000,,,,,,,,
200300,774.7,0.000000,,,,,,,,
200400,775.0,0.000000,,,,,,,,
200500,775.4,0.000000,,,,,,,,
200600,775.7,0.000000,,,,,,,,
200700,776.0,0.000001,,,,,,,,
200800,776.5,0.000000,,,,,,,,
200900,776.8,0.000000,,,,,,,,
201000,777.1,0.000000,,,,,,,,
201100,777.5,0.000000,,,,,,,,
201200,777.8,0.000000,,,,,,,,
201300,778.3,0.000000,,,,,,,,
201400,778.6,0.000001,,,,,,,,
201500,778.9,0.000000,,,,,,,,
201600,779.3,0.000000,,,,,,,,
201700,779.6,0.000001,,,,,,,,
201800,780.1,0.000000,,,,,,,,
201900,780.3,0.000000,,,,,,,,
202000,780.7,0.000000,,,,,,,,
202100,781.2,0.000000,,,,,,,,
202200,781.5,0.000000,,,,,,,,
202300,781.9,0.000000,,,,,,,,
202400,782.3,0.000000,,,,,,,,
202500,782.6,0.000000,,,,,,,,
202600,783.3,0.000000,,,,,,,,
202700,783.6,0.000000,,,,,,,,
202800,783.9,0.000000,,,,,,,,
202900,784.4,0.000000,,,,,,,,
203000,784.7,0.000000,,,,,,,,
203100,785.1,0.000000,,,,,,,,
203200,785.4,0.000000,,,,,,,,
203300,785.8,0.000000,,,,,,,,
203400,786.2,0.000001,,,,,,,,
203500,786.5,0.000000,,,,,,,,
203600,786.9,0.000001,,,,,,,,
203700,787.2,0.000000,,,,,,,,
203800,787.5,0.000001,,,,,,,,
203900,787.9,0.000000,,,,,,,,
204000,788.2,0.000000,,,,,,,,
204100,788.7,0.000000,,,,,,,,
204200,789.0,0.000000,,,,,,,,
204300,789.3,0.000000,,,,,,,,
204400,789.7,0.000000,,,,,,,,
204500,790.0,0.000001,,,,,,,,
204600,790.4,0.000000,,,,,,,,
204700,790.7,0.000000,,,,,,,,
204800,791.1,0.000000,,,,,,,,
204900,791.5,0.000001,,,,,,,,
205000,793.2,0.000000,0.000000,5.769741e-02,3.404917e-03,2.984130e-03,0.000000,3.253437e-02,3.428447e-03,3.051305e-03
205100,793.6,0.000001,,,,,,,,
205200,793.9,0.000001,,,,,,,,
205300,794.2,0.000000,,,,,,,,
205400,794.6,0.000000,,,,,,,,
205500,794.9,0.000000,,,,,,,,
205600,795.4,0.000000,,,,,,,,
205700,795.7,0.000000,,,,,,,,
205800,796.0,0.000000,,,,,,,,
205900,796.4,0.000000,,,,,,,,
206000,796.7,0.000000,,,,,,,,
206100,797.2,0.000001,,,,,,,,
206200,797.5,0.000000,,,,,,,,
206300,797.8,0.000000,,,,,,,,
206400,798.2,0.000000,,,,,,,,
206500,798.5,0.000001,,,,,,,,
206600,798.9,0.000000,,,,,,,,
206700,799.2,0.000000,,,,,,,,
206800,799.6,0.000000,,,,,,,,
206900,800.0,0.000000,,,,,,,,
207000,800.3,0.000000,,,,,,,,
207100,800.7,0.000000,,,,,,,,
207200,801.0,0.000001,,,,,,,,
207300,801.4,0.000000,,,,,,,,
207400,801.8,0.000001,,,,,,,,
207500,802.1,0.000000,,,,,,,,
207600,802.6,0.000000,,,,,,,,
207700,802.9,0.000001,,,,,,,,
207800,803.3,0.000001,,,,,,,,
207900,803.6,0.000000,,,,,,,,
208000,803.9,0.000000,,,,,,,,
208100,804.4,0.000001,,,,,,,,
208200,804.7,0.000001,,,,,,,,
208300,805.1,0.000000,,,,,,,,
208400,805.4,0.000001,,,,,,,,
208500,805.7,0.000000,,,,,,,,
208600,806.2,0.000000,,,,,,,,
208700,806.5,0.000000,,,,,,,,
208800,806.9,0.000000,,,,,,,,
208900,807.2,0.000000,,,,,,,,
209000,807.5,0.000000,,,,,,,,
209100,807.9,0.000000,,,,,,,,
209200,808.2,0.000000,,,,,,,,
209300,808.6,0.000000,,,,,,,,
209400,809.0,0.000000,,,,,,,,
209500,809.3,0.000000,,,,,,,,
209600,809.7,0.000000,,,,,,,,
209700,810.0,0.000001,,,,,,,,
209800,810.4,0.000000,,,,,,,,
209900,810.7,0.000000,,,,,,,,
210000,812.4,0.000000,0.000000,5.133147e-02,2.375089e-03,1.982879e-03,0.000000,2.079757e-02,2.324419e-03,1.981004e-03
210100,812.7,0.000000,,,,,,,,
210200,813.1,0.000000,,,,,,,,
210300,813.4,0.000001,,,,,,,,
210400,813.9,0.000000,,,,,,,,
210500,814.1,0.000000,,,,,,,,
210600,814.5,0.000000,,,,,,,,
210700,814.9,0.000002,,,,,,,,
210800,815.2,0.000000,,,,,,,,
210900,815.7,0.000000,,,,,,,,
211000,815.9,0.000000,,,,,,,,
211100,816.3,0.000000,,,,,,,,
211200,816.7,0.000000,,,,,,,,
211300,817.0,0.000000,,,,,,,,
211400,817.4,0.000000,,,,,,,,
211500,817.7,0.000000,,,,,,,,
211600,818.1,0.000003,,,,,,,,
211700,818.4,0.000000,,,,,,,,
211800,818.7,0.000000,,,,,,,,
211900,819.2,0.000000,,,,,,,,
212000,819.5,0.000000,,,,,,,,
212100,819.8,0.000003,,,,,,,,
212200,820.2,0.000000,,,,,,,,
212300,820.5,0.000000,,,,,,,,
212400,820.8,0.000000,,,,,,,,
212500,821.3,0.000001,,,,,,,,
212600,821.5,0.000000,,,,,,,,
212700,821.9,0.000000,,,,,,,,
212800,822.3,0.000000,,,,,,,,
212900,822.6,0.000000,,,,,,,,
213000,823.0,0.000000,,,,,,,,
213100,823.3,0.000000,,,,,,,,
213200,823.8,0.000001,,,,,,,,
213300,824.1,0.000001,,,,,,,,
213400,824.4,0.000000,,,,,,,,
213500,824.8,0.000000,,,,,,,,
213600,825.1,0.000000,,,,,,,,
213700,825.6,0.000001,,,,,,,,
213800,825.9,0.000000,,,,,,,,
213900,826.2,0.000000,,,,,,,,
214000,826.6,0.000000,,,,,,,,
214100,826.9,0.000000,,,,,,,,
214200,827.4,0.000000,,,,,,,,
214300,828.0,0.000000,,,,,,,,
214400,828.3,0.000000,,,,,,,,
214500,828.6,0.000000,,,,,,,,
214600,829.0,0.000000,,,,,,,,
214700,829.3,0.000000,,,,,,,,
214800,829.7,0.000000,,,,,,,,
214900,830.0,0.000000,,,,,,,,
215000,831.8,0.000000,0.000000,6.321998e-02,3.141390e-03,2.720034e-03,0.000000,5.430437e-02,3.090457e-03,2.712771e-03
215100,832.1,0.000000,,,,,,,,
215200,832.5,0.000000,,,,,,,,
215300,832.8,0.000000,,,,,,,,
215400,833.3,0.000000,,,,,,,,
215500,833.5,0.000001,,,,,,,,
215600,834.0,0.000000,,,,,,,,
215700,834.3,0.000000,,,,,,,,
215800,834.6,0.000001,,,,,,,,
215900,835.0,0.000000,,,,,,,,
216000,835.3,0.000000,,,,,,,,
216100,835.7,0.000000,,,,,,,,
216200,836.0,0.000000,,,,,,,,
216300,836.4,0.000000,,,,,,,,
216400,836.8,0.000000,,,,,,,,
216500,837.1,0.000000,,,,,,,,
216600,837.5,0.000000,,,,,,,,
216700,837.8,0.000000,,,,,,,,
216800,838.1,0.000000,,,,,,,,
216900,838.7,0.000000,,,,,,,,
217000,839.0,0.000000,,,,,,,,
217100,839.4,0.000000,,,,,,,,
217200,839.7,0.000000,,,,,,,,
217300,840.0,0.000000,,,,,,,,
217400,840.5,0.000000,,,,,,,,
217500,840.8,0.000000,,,,,,,,
217600,841.2,0.000000,,,,,,,,
217700,841.5,0.000000,,,,,,,,
217800,841.8,0.000001,,,,,,,,
217900,842.2,0.000000,,,,,,,,
218000,842.5,0.000000,,,,,,,,
218100,843.0,0.000000,,,,,,,,
218200,843.3,0.000001,,,,,,,,
218300,843.6,0.000000,,,,,,,,
218400,844.0,0.000000,,,,,,,,
218500,844.3,0.000000,,,,,,,,
218600,844.8,0.000000,,,,,,,,
218700,845.1,0.000000,,,,,,,,
218800,845.4,0.000000,,,,,,,,
218900,845.8,0.000000,,,,,,,,
219000,846.1,0.000000,,,,,,,,
219100,846.6,0.000000,,,,,,,,
219200,846.8,0.000000,,,,,,,,
219300,847.2,0.000000,,,,,,,,
219400,847.6,0.000000,,,,,,,,
219500,847.9,0.000002,,,,,,,,
219600,848.4,0.000000,,,,,,,,
219700,848.6,0.000000,,,,,,,,
219800,849.0,0.000000,,,,,,,,
219900,849.4,0.000000,,,,,,,,
220000,851.1,0.000000,0.000000,2.843494e-02,1.739054e-03,1.372060e-03,0.000000,2.072836e-02,1.708638e-03,1.358039e-03
220100,851.5,0.000000,,,,,,,,
220200,851.8,0.000000,,,,,,,,
220300,852.1,0.000000,,,,,,,,
220400,852.6,0.000001,,,,,,,,
220500,852.9,0.000000,,,,,,,,
220600,853.2,0.000000,,,,,,,,
220700,853.6,0.000000,,,,,,,,
220800,853.9,0.000000,,,,,,,,
220900,854.3,0.000000,,,,,,,,
221000,854.6,0.000000,,,,,,,,
221100,855.1,0.000000,,,,,,,,
221200,855.4,0.000000,,,,,,,,
221300,855.7,0.000000,,,,,,,,
221400,856.1,0.000000,,,,,,,,
221500,856.4,0.000000,,,,,,,,
221600,856.9,0.000000,,,,,,,,
221700,857.1,0.000000,,,,,,,,
221800,857.5,0.000001,,,,,,,,
221900,857.9,0.000000,,,,,,,,
222000,858.2,0.000000,,,,,,,,
222100,858.6,0.000000,,,,,,,,
222200,858.9,0.000000,,,,,,,,
222300,859.4,0.000000,,,,,,,,
222400,859.7,0.000000,,,,,,,,
222500,860.0,0.000000,,,,,,,,
222600,860.4,0.000000,,,,,,,,
222700,860.7,0.000000,,,,,,,,
222800,861.1,0.000000,,,,,,,,
222900,861.4,0.000001,,,,,,,,
223000,861.8,0.000001,,,,,,,,
223100,862.4,0.000000,,,,,,,,
223200,862.9,0.000000,,,,,,,,
223300,863.2,0.000000,,,,,,,,
223400,863.6,0.000000,,,,,,,,
223500,863.9,0.000001,,,,,,,,
223600,864.2,0.000000,,,,,,,,
223700,864.7,0.000000,,,,,,,,
223800,865.0,0.000000,,,,,,,,
223900,865.4,0.000000,,,,,,,,
224000,865.7,0.000001,,,,,,,,
224100,866.0,0.000000,,,,,,,,
224200,866.5,0.000000,,,,,,,,
224300,866.8,0.000000,,,,,,,,
224400,867.2,0.000001,,,,,,,,
224500,867.6,0.000000,,,,,,,,
224600,867.9,0.000001,,,,,,,,
224700,868.3,0.000000,,,,,,,,
224800,868.6,0.000000,,,,,,,,
224900,869.0,0.000000,,,,,,,,
225000,870.9,0.000000,0.000000,7.350821e-02,2.377055e-03,1.775122e-03,0.000000,5.142141e-02,2.362159e-03,1.759639e-03
225100,871.2,0.000001,,,,,,,,
225200,871.6,0.000000,,,,,,,,
225300,871.9,0.000000,,,,,,,,
225400,872.2,0.000000,,,,,,,,
225500,872.6,0.000000,,,,,,,,
225600,872.9,0.000000,,,,,,,,
225700,873.4,0.000000,,,,,,,,
225800,873.6,0.000000,,,,,,,,
225900,874.0,0.000000,,,,,,,,
226000,874.4,0.000000,,,,,,,,
226100,874.7,0.000000,,,,,,,,
226200,875.2,0.000001,,,,,,,,
226300,875.5,0.000000,,,,,,,,
226400,875.9,0.000000,,,,,,,,
226500,876.2,0.000001,,,,,,,,
226600,876.5,0.000001,,,,,,,,
226700,876.9,0.000000,,,,,,,,
226800,877.2,0.000000,,,,,,,,
226900,877.7,0.000000,,,,,,,,
227000,878.0,0.000000,,,,,,,,
227100,878.3,0.000001,,,,,,,,
227200,878.8,0.000000,,,,,,,,
227300,879.1,0.000000,,,,,,,,
227400,879.5,0.000000,,,,,,,,
227500,879.8,0.000000,,,,,,,,
227600,880.2,0.000000,,,,,,,,
227700,880.6,0.000000,,,,,,,,
227800,880.9,0.000000,,,,,,,,
227900,881.3,0.000000,,,,,,,,
228000,881.9,0.000001,,,,,,,,
228100,882.4,0.000000,,,,,,,,
228200,883.0,0.000000,,,,,,,,
228300,883.3,0.000000,,,,,,,,
228400,883.7,0.000000,,,,,,,,
228500,884.1,0.000000,,,,,,,,
228600,884.4,0.000000,,,,,,,,
228700,884.8,0.000000,,,,,,,,
228800,885.1,0.000000,,,,,,,,
228900,885.4,0.000000,,,,,,,,
229000,885.9,0.000000,,,,,,,,
229100,886.2,0.000000,,,,,,,,
229200,886.6,0.000000,,,,,,,,
229300,887.0,0.000000,,,,,,,,
229400,887.3,0.000000,,,,,,,,
229500,887.8,0.000000,,,,,,,,
229600,888.1,0.000000,,,,,,,,
229700,888.4,0.000000,,,,,,,,
229800,888.8,0.000001,,,,,,,,
229900,889.1,0.000000,,,,,,,,
230000,891.0,0.000000,0.000000,5.038917e-02,2.157813e-03,1.716171e-03,0.000000,4.436684e-02,2.118947e-03,1.695271e-03
230100,891.3,0.000000,,,,,,,,
230200,891.6,0.000001,,,,,,,,
230300,892.0,0.000000,,,,,,,,
230400,892.3,0.000000,,,,,,,,
230500,892.8,0.000000,,,,,,,,
230600,893.1,0.000000,,,,,,,,
230700,893.4,0.000000,,,,,,,,
230800,893.8,0.000000,,,,,,,,
230900,894.1,0.000000,,,,,,,,
231000,894.6,0.000000,,,,,,,,
231100,894.9,0.000001,,,,,,,,
231200,895.2,0.000000,,,,,,,,
231300,895.7,0.000000,,,,,,,,
231400,896.0,0.000001,,,,,,,,
231500,896.4,0.000000,,,,,,,,
231600,896.7,0.000000,,,,,,,,
231700,897.1,0.000000,,,,,,,,
231800,897.4,0.000000,,,,,,,,
231900,897.8,0.000000,,,,,,,,
232000,898.2,0.000000,,,,,,,,
232100,898.5,0.000000,,,,,,,,
232200,898.8,0.000000,,,,,,,,
232300,899.3,0.000000,,,,,,,,
232400,899.6,0.000000,,,,,,,,
232500,900.0,0.000000,,,,,,,,
232600,900.3,0.000001,,,,,,,,
232700,900.6,0.000000,,,,,,,,
232800,901.0,0.000000,,,,,,,,
232900,901.3,0.000000,,,,,,,,
233000,901.7,0.000000,,,,,,,,
233100,902.0,0.000000,,,,,,,,
233200,902.4,0.000000,,,,,,,,
233300,902.8,0.000000,,,,,,,,
233400,903.1,0.000000,,,,,,,,
233500,903.5,0.000000,,,,,,,,
233600,903.8,0.000000,,,,,,,,
233700,904.2,0.000000,,,,,,,,
233800,904.5,0.000000,,,,,,,,
233900,904.8,0.000000,,,,,,,,
234000,905.3,0.000000,,,,,,,,
234100,905.6,0.000000,,,,,,,,
234200,906.0,0.000000,,,,,,,,
234300,906.3,0.000000,,,,,,,,
234400,906.6,0.000000,,,,,,,,
234500,907.0,0.000000,,,,,,,,
234600,907.3,0.000001,,,,,,,,
234700,907.8,0.000000,,,,,,,,
234800,908.1,0.000000,,,,,,,,
234900,908.4,0.000000,,,,,,,,
235000,910.2,0.000000,0.000000,4.823608e-02,2.468909e-03,2.052752e-03,0.000000,2.583332e-02,2.540252e-03,2.146586e-03
235100,910.6,0.000000,,,,,,,,
235200,910.9,0.000000,,,,,,,,
235300,911.2,0.000000,,,,,,,,
235400,911.6,0.000000,,,,,,,,
235500,911.9,0.000000,,,,,,,,
235600,912.4,0.000000,,,,,,,,
235700,912.6,0.000000,,,,,,,,
235800,913.0,0.000000,,,,,,,,
235900,913.4,0.000000,,,,,,,,
236000,913.7,0.000000,,,,,,,,
236100,914.1,0.000000,,,,,,,,
236200,914.4,0.000001,,,,,,,,
236300,914.8,0.000000,,,,,,,,
236400,915.2,0.000000,,,,,,,,
236500,915.5,0.000000,,,,,,,,
236600,915.9,0.000000,,,,,,,,
236700,916.2,0.000000,,,,,,,,
236800,916.6,0.000000,,,,,,,,
236900,916.9,0.000000,,,,,,,,
237000,917.3,0.000000,,,,,,,,
237100,917.7,0.000000,,,,,,,,
237200,918.0,0.000000,,,,,,,,
237300,918.4,0.000000,,,,,,,,
237400,918.7,0.000000,,,,,,,,
237500,919.0,0.000000,,,,,,,,
237600,919.4,0.000000,,,,,,,,
237700,919.7,0.000000,,,,,,,,
237800,920.2,0.000000,,,,,,,,
237900,920.5,0.000000,,,,,,,,
238000,920.8,0.000000,,,,,,,,
238100,921.3,0.000000,,,,,,,,
238200,921.6,0.000000,,,,,,,,
238300,922.0,0.000000,,,,,,,,
238400,922.3,0.000000,,,,,,,,
238500,922.6,0.000000,,,,,,,,
238600,923.0,0.000000,,,,,,,,
238700,923.3,0.000000,,,,,,,,
238800,923.8,0.000001,,,,,,,,
238900,924.1,0.000000,,,,,,,,
239000,924.4,0.000000,,,,,,,,
239100,924.8,0.000000,,,,,,,,
239200,925.1,0.000000,,,,,,,,
239300,925.5,0.000000,,,,,,,,
239400,925.9,0.000000,,,,,,,,
239500,926.2,0.000000,,,,,,,,
239600,926.6,0.000000,,,,,,,,
239700,926.9,0.000000,,,,,,,,
239800,927.3,0.000000,,,,,,,,
239900,927.7,0.000000,,,,,,,,
240000,929.4,0.000000,0.000000,5.371439e-02,1.711101e-03,1.460106e-03,0.000000,3.631569e-02,1.647294e-03,1.433122e-03
240100,929.8,0.000000,,,,,,,,
240200,930.2,0.000000,,,,,,,,
240300,930.6,0.000000,,,,,,,,
240400,930.9,0.000001,,,,,,,,
240500,931.4,0.000000,,,,,,,,
240600,931.7,0.000000,,,,,,,,
240700,932.1,0.000000,,,,,,,,
240800,932.4,0.000000,,,,,,,,
240900,932.7,0.000001,,,,,,,,
241000,933.2,0.000000,,,,,,,,
241100,933.5,0.000000,,,,,,,,
241200,933.9,0.000000,,,,,,,,
241300,934.2,0.000000,,,,,,,,
241400,934.5,0.000000,,,,,,,,
241500,935.0,0.000000,,,,,,,,
241600,935.2,0.000000,,,,,,,,
241700,935.7,0.000000,,,,,,,,
241800,936.0,0.000000,,,,,,,,
241900,936.3,0.000000,,,,,,,,
242000,936.7,0.000000,,,,,,,,
242100,937.0,0.000000,,,,,,,,
242200,937.4,0.000000,,,,,,,,
242300,937.8,0.000000,,,,,,,,
242400,938.1,0.000000,,,,,,,,
242500,938.5,0.000000,,,,,,,,
242600,938.8,0.000000,,,,,,,,
242700,939.2,0.000000,,,,,,,,
242800,939.6,0.000000,,,,,,,,
242900,939.9,0.000000,,,,,,,,
243000,940.4,0.000000,,,,,,,,
243100,940.6,0.000000,,,,,,,,
243200,941.0,0.000000,,,,,,,,
243300,941.4,0.000000,,,,,,,,
243400,941.7,0.000000,,,,,,,,
243500,942.1,0.000000,,,,,,,,
243600,942.4,0.000000,,,,,,,,
243700,942.8,0.000000,,,,,,,,
243800,943.1,0.000000,,,,,,,,
243900,943.5,0.000000,,,,,,,,
244000,943.9,0.000000,,,,,,,,
244100,944.2,0.000000,,,,,,,,
244200,944.6,0.000000,,,,,,,,
244300,944.9,0.000000,,,,,,,,
244400,945.3,0.000000,,,,,,,,
244500,945.7,0.000000,,,,,,,,
244600,946.1,0.000000,,,,,,,,
244700,946.5,0.000000,,,,,,,,
244800,946.8,0.000000,,,,,,,,
244900,947.2,0.000000,,,,,,,,
245000,949.0,0.000000,0.000000,3.016944e-02,1.480872e-03,1.191070e-03,0.000000,1.208157e-02,1.479066e-03,1.191377e-03
245100,949.2,0.000000,,,,,,,,
245200,949.5,0.000000,,,,,,,,
245300,949.9,0.000000,,,,,,,,
245400,950.2,0.000000,,,,,,,,
245500,950.6,0.000000,,,,,,,,
245600,951.0,0.000000,,,,,,,,
245700,951.3,0.000000,,,,,,,,
245800,951.7,0.000000,,,,,,,,
245900,952.0,0.000000,,,,,,,,
246000,952.4,0.000000,,,,,,,,
246100,952.8,0.000000,,,,,,,,
246200,953.1,0.000000,,,,,,,,
246300,953.5,0.000000,,,,,,,,
246400,953.8,0.000001,,,,,,,,
246500,954.2,0.000000,,,,,,,,
246600,954.5,0.000001,,,,,,,,
246700,954.8,0.000000,,,,,,,,
246800,955.3,0.000000,,,,,,,,
246900,955.5,0.000000,,,,,,,,
247000,955.9,0.000000,,,,,,,,
247100,956.3,0.000000,,,,,,,,
247200,956.6,0.000000,,,,,,,,
247300,957.1,0.000000,,,,,,,,
247400,957.3,0.000000,,,,,,,,
247500,957.7,0.000000,,,,,,,,
247600,958.1,0.000000,,,,,,,,
247700,958.4,0.000000,,,,,,,,
247800,958.9,0.000000,,,,,,,,
247900,959.1,0.000000,,,,,,,,
248000,959.5,0.000000,,,,,,,,
248100,960.0,0.000000,,,,,,,,
248200,960.3,0.000000,,,,,,,,
248300,960.7,0.000000,,,,,,,,
248400,961.0,0.000000,,,,,,,,
248500,961.3,0.000000,,,,,,,,
248600,961.7,0.000000,,,,,,,,
248700,962.0,0.000000,,,,,,,,
248800,962.5,0.000000,,,,,,,,
248900,962.7,0.000000,,,,,,,,
249000,963.1,0.000000,,,,,,,,
249100,963.5,0.000000,,,,,,,,
249200,963.8,0.000000,,,,,,,,
249300,964.2,0.000000,,,,,,,,
249400,964.5,0.000000,,,,,,,,
249500,964.9,0.000000,,,,,,,,
249600,965.3,0.000000,,,,,,,,
249700,965.6,0.000000,,,,,,,,
249800,966.0,0.000000,,,,,,,,
249900,966.3,0.000000,,,,,,,,
250000,968.2,0.000000,0.000000,4.671463e-02,1.412050e-03,1.122824e-03,0.000000,2.895332e-02,1.377358e-03,1.117954e-03
250100,968.6,0.000000,,,,,,,,
250200,969.1,0.000000,,,,,,,,
250300,969.4,0.000000,,,,,,,,
250400,969.7,0.000000,,,,,,,,
250500,970.1,0.000000,,,,,,,,
250600,970.4,0.000000,,,,,,,,
250700,970.8,0.000001,,,,,,,,
250800,971.1,0.000000,,,,,,,,
250900,971.5,0.000000,,,,,,,,
251000,971.9,0.000000,,,,,,,,
251100,972.2,0.000000,,,,,,,,
251200,972.6,0.000000,,,,,,,,
251300,972.9,0.000000,,,,,,,,
251400,973.3,0.000000,,,,,,,,
251500,973.7,0.000000,,,,,,,,
251600,974.0,0.000000,,,,,,,,
251700,974.4,0.000000,,,,,,,,
251800,974.7,0.000001,,,,,,,,
251900,975.1,0.000000,,,,,,,,
252000,975.4,0.000000,,,,,,,,
252100,975.8,0.000000,,,,,,,,
252200,976.2,0.000000,,,,,,,,
252300,976.5,0.000000,,,,,,,,
252400,976.9,0.000000,,,,,,,,
252500,977.2,0.000000,,,,,,,,
252600,977.6,0.000000,,,,,,,,
252700,977.9,0.000000,,,,,,,,
252800,978.3,0.000000,,,,,,,,
252900,978.7,0.000000,,,,,,,,
253000,979.0,0.000000,,,,,,,,
253100,979.4,0.000000,,,,,,,,
253200,979.7,0.000000,,,,,,,,
253300,980.0,0.000000,,,,,,,,
253400,980.4,0.000000,,,,,,,,
253500,980.7,0.000000,,,,,,,,
253600,981.1,0.000000,,,,,,,,
253700,981.5,0.000000,,,,,,,,
253800,981.8,0.000001,,,,,,,,
253900,982.2,0.000000,,,,,,,,
254000,982.5,0.000000,,,,,,,,
254100,982.9,0.000000,,,,,,,,
254200,983.2,0.000000,,,,,,,,
254300,983.6,0.000000,,,,,,,,
254400,984.0,0.000000,,,,,,,,
254500,984.3,0.000000,,,,,,,,
254600,984.7,0.000000,,,,,,,,
254700,985.0,0.000000,,,,,,,,
254800,985.3,0.000000,,,,,,,,
254900,985.8,0.000000,,,,,,,,
255000,987.4,0.000000,0.000000,3.526873e-02,1.750793e-03,1.403870e-03,0.000000,1.858921e-02,1.775824e-03,1.437614e-03
255100,987.8,0.000000,,,,,,,,
255200,988.1,0.000000,,,,,,,,
255300,988.4,0.000000,,,,,,,,
255400,988.9,0.000001,,,,,,,,
255500,989.2,0.000000,,,,,,,,
255600,989.6,0.000000,,,,,,,,
255700,990.2,0.000000,,,,,,,,
255800,990.8,0.000000,,,,,,,,
255900,991.1,0.000000,,,,,,,,
256000,991.5,0.000000,,,,,,,,
256100,991.8,0.000000,,,,,,,,
256200,992.1,0.000000,,,,,,,,
256300,992.6,0.000000,,,,,,,,
256400,992.9,0.000000,,,,,,,,
256500,993.2,0.000000,,,,,,,,
256600,993.6,0.000000,,,,,,,,
256700,993.9,0.000000,,,,,,,,
256800,994.3,0.000000,,,,,,,,
256900,994.6,0.000000,,,,,,,,
257000,995.0,0.000000,,,,,,,,
257100,995.4,0.000000,,,,,,,,
257200,995.7,0.000000,,,,,,,,
257300,996.1,0.000000,,,,,,,,
257400,996.4,0.000000,,,,,,,,
257500,996.8,0.000000,,,,,,,,
257600,997.1,0.000000,,,,,,,,
257700,997.5,0.000000,,,,,,,,
257800,997.9,0.000000,,,,,,,,
257900,998.2,0.000000,,,,,,,,
258000,998.5,0.000000,,,,,,,,
258100,998.9,0.000000,,,,,,,,
258200,999.2,0.000000,,,,,,,,
258300,999.6,0.000000,,,,,,,,
258400,999.9,0.000000,,,,,,,,
258500,1000.4,0.000000,,,,,,,,
258600,1000.7,0.000000,,,,,,,,
258700,1001.0,0.000000,,,,,,,,
258800,1001.4,0.000000,,,,,,,,
258900,1001.7,0.000000,,,,,,,,
259000,1002.1,0.000000,,,,,,,,
259100,1002.4,0.000000,,,,,,,,
259200,1002.8,0.000000,,,,,,,,
259300,1003.2,0.000000,,,,,,,,
259400,1003.5,0.000000,,,,,,,,
259500,1004.0,0.000000,,,,,,,,
259600,1004.2,0.000000,,,,,,,,
259700,1004.6,0.000000,,,,,,,,
259800,1005.0,0.000000,,,,,,,,
259900,1005.3,0.000000,,,,,,,,
260000,1007.2,0.000000,0.000000,3.882587e-02,1.339120e-03,1.164131e-03,0.000000,2.373672e-02,1.332204e-03,1.170148e-03
260100,1007.5,0.000000,,,,,,,,
260200,1007.7,0.000000,,,,,,,,
260300,1008.2,0.000000,,,,,,,,
260400,1008.5,0.000000,,,,,,,,
260500,1008.8,0.000000,,,,,,,,
260600,1009.3,0.000000,,,,,,,,
260700,1009.6,0.000000,,,,,,,,
260800,1010.0,0.000000,,,,,,,,
260900,1010.3,0.000000,,,,,,,,
261000,1010.6,0.000000,,,,,,,,
261100,1011.1,0.000000,,,,,,,,
261200,1011.4,0.000000,,,,,,,,
261300,1011.8,0.000000,,,,,,,,
261400,1012.1,0.000000,,,,,,,,
261500,1012.5,0.000000,,,,,,,,
261600,1012.9,0.000000,,,,,,,,
261700,1013.2,0.000000,,,,,,,,
261800,1013.6,0.000000,,,,,,,,
261900,1013.9,0.000000,,,,,,,,
262000,1014.2,0.000000,,,,,,,,
262100,1014.7,0.000000,,,,,,,,
262200,1015.0,0.000000,,,,,,,,
262300,1015.4,0.000000,,,,,,,,
262400,1015.7,0.000000,,,,,,,,
262500,1016.0,0.000000,,,,,,,,
262600,1016.4,0.000000,,,,,,,,
262700,1016.7,0.000000,,,,,,,,
262800,1017.1,0.000000,,,,,,,,
262900,1017.5,0.000000,,,,,,,,
263000,1017.8,0.000000,,,,,,,,
263100,1018.2,0.000000,,,,,,,,
263200,1018.5,0.000000,,,,,,,,
263300,1018.9,0.000000,,,,,,,,
263400,1019.3,0.000000,,,,,,,,
263500,1019.6,0.000000,,,,,,,,
263600,1020.0,0.000000,,,,,,,,
263700,1020.3,0.000000,,,,,,,,
263800,1020.7,0.000000,,,,,,,,
263900,1021.0,0.000000,,,,,,,,
264000,1021.4,0.000000,,,,,,,,
264100,1021.8,0.000000,,,,,,,,
264200,1022.1,0.000000,,,,,,,,
264300,1022.5,0.000000,,,,,,,,
264400,1022.8,0.000000,,,,,,,,
264500,1023.2,0.000000,,,,,,,,
264600,1023.6,0.000000,,,,,,,,
264700,1023.9,0.000000,,,,,,,,
264800,1024.4,0.000000,,,,,,,,
264900,1024.6,0.000000,,,,,,,,
265000,1026.4,0.000000,0.000000,3.840561e-02,9.949421e-04,7.944689e-04,0.000000,2.890421e-02,9.743507e-04,7.888116e-04
265100,1026.7,0.000000,,,,,,,,
265200,1027.2,0.000000,,,,,,,,
265300,1027.4,0.000000,,,,,,,,
265400,1027.8,0.000000,,,,,,,,
265500,1028.2,0.000000,,,,,,,,
265600,1028.5,0.000000,,,,,,,,
265700,1028.9,0.000000,,,,,,,,
265800,1029.2,0.000000,,,,,,,,
265900,1029.5,0.000000,,,,,,,,
266000,1030.0,0.000000,,,,,,,,
266100,1030.2,0.000000,,,,,,,,
266200,1030.7,0.000000,,,,,,,,
266300,1031.0,0.000000,,,,,,,,
266400,1031.4,0.000000,,,,,,,,
266500,1031.8,0.000000,,,,,,,,
266600,1032.1,0.000000,,,,,,,,
266700,1032.5,0.000000,,,,,,,,
266800,1032.8,0.000000,,,,,,,,
266900,1033.1,0.000000,,,,,,,,
267000,1033.6,0.000000,,,,,,,,
267100,1033.9,0.000000,,,,,,,,
267200,1034.3,0.000000,,,,,,,,
267300,1034.6,0.000000,,,,,,,,
267400,1034.9,0.000000,,,,,,,,
267500,1035.3,0.000000,,,,,,,,
267600,1035.6,0.000000,,,,,,,,
267700,1036.0,0.000000,,,,,,,,
267800,1036.5,0.000000,,,,,,,,
267900,1036.8,0.000001,,,,,,,,
268000,1037.2,0.000000,,,,,,,,
268100,1037.5,0.000000,,,,,,,,
268200,1037.8,0.000000,,,,,,,,
268300,1038.2,0.000000,,,,,,,,
268400,1038.5,0.000000,,,,,,,,
268500,1039.0,0.000000,,,,,,,,
268600,1039.3,0.000000,,,,,,,,
268700,1039.6,0.000000,,,,,,,,
268800,1040.0,0.000000,,,,,,,,
268900,1040.3,0.000000,,,,,,,,
269000,1040.7,0.000000,,,,,,,,
269100,1041.0,0.000000,,,,,,,,
269200,1041.4,0.000000,,,,,,,,
269300,1042.1,0.000000,,,,,,,,
269400,1042.7,0.000000,,,,,,,,
269500,1043.2,0.000000,,,,,,,,
269600,1043.5,0.000000,,,,,,,,
269700,1043.9,0.000000,,,,,,,,
269800,1044.2,0.000000,,,,,,,,
269900,1044.6,0.000000,,,,,,,,
270000,1046.3,0.000000,0.000000,4.804105e-02,1.508298e-03,1.248357e-03,0.000000,2.345706e-02,1.514620e-03,1.259719e-03
270100,1046.6,0.000000,,,,,,,,
270200,1047.0,0.000000,,,,,,,,
270300,1047.3,0.000000,,,,,,,,
270400,1047.7,0.000000,,,,,,,,
270500,1048.0,0.000000,,,,,,,,
270600,1048.3,0.000000,,,,,,,,
270700,1048.7,0.000000,,,,,,,,
270800,1049.0,0.000000,,,,,,,,
270900,1049.4,0.000000,,,,,,,,
271000,1049.7,0.000000,,,,,,,,
271100,1050.1,0.000000,,,,,,,,
271200,1050.5,0.000000,,,,,,,,
271300,1050.8,0.000001,,,,,,,,
271400,1051.2,0.000000,,,,,,,,
271500,1051.5,0.000000,,,,,,,,
271600,1051.9,0.000000,,,,,,,,
271700,1052.5,0.000000,,,,,,,,
271800,1053.0,0.000000,,,,,,,,
271900,1053.3,0.000000,,,,,,,,
272000,1053.8,0.000001,,,,,,,,
272100,1054.0,0.000000,,,,,,,,
272200,1054.4,0.000000,,,,,,,,
272300,1054.8,0.000000,,,,,,,,
272400,1055.1,0.000000,,,,,,,,
272500,1055.5,0.000000,,,,,,,,
272600,1055.8,0.000000,,,,,,,,
272700,1056.2,0.000000,,,,,,,,
272800,1056.6,0.000000,,,,,,,,
272900,1056.9,0.000000,,,,,,,,
273000,1057.3,0.000000,,,,,,,,
273100,1057.6,0.000000,,,,,,,,
273200,1057.9,0.000000,,,,,,,,
273300,1058.3,0.000000,,,,,,,,
273400,1058.6,0.000000,,,,,,,,
273500,1059.1,0.000000,,,,,,,,
273600,1059.4,0.000000,,,,,,,,
273700,1059.8,0.000000,,,,,,,,
273800,1060.1,0.000000,,,,,,,,
273900,1060.4,0.000000,,,,,,,,
274000,1060.9,0.000000,,,,,,,,
274100,1061.1,0.000000,,,,,,,,
274200,1061.6,0.000000,,,,,,,,
274300,1061.9,0.000000,,,,,,,,
274400,1062.2,0.000000,,,,,,,,
274500,1062.6,0.000000,,,,,,,,
274600,1062.9,0.000000,,,,,,,,
274700,1063.3,0.000000,,,,,,,,
274800,1063.6,0.000000,,,,,,,,
274900,1064.0,0.000000,,,,,,,,
275000,1065.8,0.000000,0.000000,3.583069e-02,1.108603e-03,8.807619e-04,0.000000,1.600600e-02,1.098410e-03,8.862617e-04
275100,1066.1,0.000000,,,,,,,,
275200,1066.4,0.000000,,,,,,,,
275300,1066.8,0.000000,,,,,,,,
275400,1067.1,0.000000,,,,,,,,
275500,1067.5,0.000000,,,,,,,,
275600,1068.0,0.000000,,,,,,,,
275700,1068.3,0.000000,,,,,,,,
275800,1068.7,0.000000,,,,,,,,
275900,1069.0,0.000000,,,,,,,,
276000,1069.4,0.000000,,,,,,,,
276100,1069.8,0.000000,,,,,,,,
276200,1070.1,0.000000,,,,,,,,
276300,1070.5,0.000000,,,,,,,,
276400,1070.8,0.000000,,,,,,,,
276500,1071.2,0.000000,,,,,,,,
276600,1071.6,0.000000,,,,,,,,
276700,1071.9,0.000000,,,,,,,,
276800,1072.3,0.000000,,,,,,,,
276900,1072.6,0.000000,,,,,,,,
277000,1073.0,0.000000,,,,,,,,
277100,1073.3,0.000000,,,,,,,,
277200,1073.6,0.000000,,,,,,,,
277300,1074.1,0.000000,,,,,,,,
277400,1074.4,0.000000,,,,,,,,
277500,1074.7,0.000000,,,,,,,,
277600,1075.1,0.000000,,,,,,,,
277700,1075.4,0.000001,,,,,,,,
277800,1075.8,0.000000,,,,,,,,
277900,1076.1,0.000000,,,,,,,,
278000,1076.5,0.000000,,,,,,,,
278100,1076.9,0.000000,,,,,,,,
278200,1077.2,0.000000,,,,,,,,
278300,1077.6,0.000000,,,,,,,,
278400,1077.9,0.000000,,,,,,,,
278500,1078.3,0.000000,,,,,,,,
278600,1078.8,0.000000,,,,,,,,
278700,1079.1,0.000000,,,,,,,,
278800,1079.5,0.000000,,,,,,,,
278900,1079.8,0.000000,,,,,,,,
279000,1080.2,0.000000,,,,,,,,
279100,1080.6,0.000000,,,,,,,,
279200,1080.9,0.000000,,,,,,,,
279300,1081.4,0.000000,,,,,,,,
279400,1081.6,0.000000,,,,,,,,
279500,1082.0,0.000000,,,,,,,,
279600,1082.4,0.000000,,,,,,,,
279700,1082.7,0.000000,,,,,,,,
279800,1083.1,0.000000,,,,,,,,
279900,1083.4,0.000000,,,,,,,,
280000,1085.2,0.000000,0.000000,3.316970e-02,1.229075e-03,1.018014e-03,0.000000,1.732112e-02,1.219666e-03,1.024693e-03
280100,1085.5,0.000000,,,,,,,,
280200,1085.8,0.000000,,,,,,,,
280300,1086.2,0.000000,,,,,,,,
280400,1086.5,0.000000,,,,,,,,
280500,1086.9,0.000000,,,,,,,,
280600,1087.2,0.000000,,,,,,,,
280700,1087.5,0.000000,,,,,,,,
280800,1088.0,0.000000,,,,,,,,
280900,1088.3,0.000000,,,,,,,,
281000,1088.6,0.000000,,,,,,,,
281100,1089.0,0.000000,,,,,,,,
281200,1089.3,0.000000,,,,,,,,
281300,1089.8,0.000000,,,,,,,,
281400,1090.1,0.000000,,,,,,,,
281500,1090.5,0.000000,,,,,,,,
281600,1090.8,0.000000,,,,,,,,
281700,1091.1,0.000000,,,,,,,,
281800,1091.5,0.000000,,,,,,,,
281900,1091.8,0.000000,,,,,,,,
282000,1092.3,0.000000,,,,,,,,
282100,1092.5,0.000000,,,,,,,,
282200,1092.9,0.000000,,,,,,,,
282300,1093.3,0.000000,,,,,,,,
282400,1093.6,0.000000,,,,,,,,
282500,1094.0,0.000000,,,,,,,,
282600,1094.3,0.000000,,,,,,,,
282700,1094.7,0.000000,,,,,,,,
282800,1095.0,0.000000,,,,,,,,
282900,1095.3,0.000000,,,,,,,,
283000,1095.8,0.000000,,,,,,,,
283100,1096.1,0.000000,,,,,,,,
283200,1096.5,0.000000,,,,,,,,
283300,1096.8,0.000000,,,,,,,,
283400,1097.1,0.000000,,,,,,,,
283500,1097.6,0.000000,,,,,,,,
283600,1097.8,0.000000,,,,,,,,
283700,1098.3,0.000000,,,,,,,,
283800,1098.6,0.000000,,,,,,,,
283900,1098.9,0.000000,,,,,,,,
284000,1099.3,0.000000,,,,,,,,
284100,1099.6,0.000000,,,,,,,,
284200,1100.1,0.000000,,,,,,,,
284300,1100.4,0.000000,,,,,,,,
284400,1100.7,0.000000,,,,,,,,
284500,1101.2,0.000000,,,,,,,,
284600,1101.5,0.000000,,,,,,,,
284700,1101.9,0.000000,,,,,,,,
284800,1102.2,0.000000,,,,,,,,
284900,1102.5,0.000000,,,,,,,,
285000,1104.4,0.000000,0.000000,4.408729e-02,1.398783e-03,1.080209e-03,0.000000,3.231383e-02,1.394282e-03,1.094358e-03
285100,1104.7,0.000000,,,,,,,,
285200,1105.0,0.000000,,,,,,,,
285300,1105.3,0.000000,,,,,,,,
285400,1105.7,0.000000,,,,,,,,
285500,1106.0,0.000000,,,,,,,,
285600,1106.5,0.000000,,,,,,,,
285700,1106.7,0.000000,,,,,,,,
285800,1107.1,0.000001,,,,,,,,
285900,1107.5,0.000000,,,,,,,,
286000,1107.8,0.000000,,,,,,,,
286100,1108.2,0.000000,,,,,,,,
286200,1108.6,0.000000,,,,,,,,
286300,1108.9,0.000000,,,,,,,,
286400,1109.3,0.000000,,,,,,,,
286500,1109.6,0.000000,,,,,,,,
286600,1110.1,0.000000,,,,,,,,
286700,1110.4,0.000000,,,,,,,,
286800,1110.7,0.000000,,,,,,,,
286900,1111.1,0.000000,,,,,,,,
287000,1111.4,0.000000,,,,,,,,
287100,1111.8,0.000000,,,,,,,,
287200,1112.1,0.000000,,,,,,,,
287300,1112.5,0.000000,,,,,,,,
287400,1112.9,0.000000,,,,,,,,
287500,1113.2,0.000000,,,,,,,,
287600,1113.6,0.000000,,,,,,,,
287700,1113.9,0.000000,,,,,,,,
287800,1114.3,0.000000,,,,,,,,
287900,1114.6,0.000000,,,,,,,,
288000,1114.9,0.000000,,,,,,,,
288100,1115.3,0.000000,,,,,,,,
288200,1115.6,0.000000,,,,,,,,
288300,1116.1,0.000000,,,,,,,,
288400,1116.3,0.000000,,,,,,,,
288500,1116.7,0.000000,,,,,,,,
288600,1117.1,0.000000,,,,,,,,
288700,1117.4,0.000000,,,,,,,,
288800,1117.9,0.000000,,,,,,,,
288900,1118.1,0.000000,,,,,,,,
289000,1118.5,0.000000,,,,,,,,
289100,1118.9,0.000000,,,,,,,,
289200,1119.2,0.000000,,,,,,,,
289300,1119.7,0.000000,,,,,,,,
289400,1119.9,0.000000,,,,,,,,
289500,1120.3,0.000000,,,,,,,,
289600,1120.7,0.000000,,,,,,,,
289700,1121.0,0.000000,,,,,,,,
289800,1121.4,0.000000,,,,,,,,
289900,1121.7,0.000000,,,,,,,,
290000,1123.5,0.000000,0.000000,7.550735e-02,2.826421e-03,2.257621e-03,0.000000,2.156862e-02,2.837264e-03,2.268877e-03
290100,1123.9,0.000000,,,,,,,,
290200,1124.2,0.000000,,,,,,,,
290300,1124.5,0.000000,,,,,,,,
290400,1125.0,0.000000,,,,,,,,
290500,1125.3,0.000000,,,,,,,,
290600,1125.7,0.000000,,,,,,,,
290700,1126.1,0.000000,,,,,,,,
290800,1126.4,0.000000,,,,,,,,
290900,1126.9,0.000000,,,,,,,,
291000,1127.2,0.000000,,,,,,,,
291100,1127.5,0.000000,,,,,,,,
291200,1127.9,0.000000,,,,,,,,
291300,1128.2,0.000000,,,,,,,,
291400,1128.7,0.000000,,,,,,,,
291500,1128.9,0.000000,,,,,,,,
291600,1129.3,0.000000,,,,,,,,
291700,1129.7,0.000000,,,,,,,,
291800,1130.0,0.000000,,,,,,,,
291900,1130.5,0.000000,,,,,,,,
292000,1130.7,0.000000,,,,,,,,
292100,1131.1,0.000000,,,,,,,,
292200,1131.6,0.000000,,,,,,,,
292300,1131.9,0.000000,,,,,,,,
292400,1132.3,0.000000,,,,,,,,
292500,1132.6,0.000000,,,,,,,,
292600,1132.9,0.000000,,,,,,,,
292700,1133.3,0.000000,,,,,,,,
292800,1133.6,0.000000,,,,,,,,
292900,1134.1,0.000001,,,,,,,,
293000,1134.4,0.000000,,,,,,,,
293100,1134.8,0.000000,,,,,,,,
293200,1135.2,0.000000,,,,,,,,
293300,1135.5,0.000000,,,,,,,,
293400,1135.9,0.000000,,,,,,,,
293500,1136.2,0.000000,,,,,,,,
293600,1136.5,0.000000,,,,,,,,
293700,1136.9,0.000000,,,,,,,,
293800,1137.2,0.000000,,,,,,,,
293900,1137.7,0.000000,,,,,,,,
294000,1138.0,0.000000,,,,,,,,
294100,1138.3,0.000000,,,,,,,,
294200,1138.7,0.000000,,,,,,,,
294300,1139.0,0.000000,,,,,,,,
294400,1139.5,0.000000,,,,,,,,
294500,1139.8,0.000000,,,,,,,,
294600,1140.1,0.000000,,,,,,,,
294700,1140.6,0.000000,,,,,,,,
294800,1140.9,0.000000,,,,,,,,
294900,1141.3,0.000000,,,,,,,,
295000,1143.0,0.000000,0.000000,2.775109e-02,9.031922e-04,7.289966e-04,0.000013,1.672078e-02,8.847250e-04,7.216612e-04
295100,1143.3,0.000000,,,,,,,,
295200,1143.7,0.000000,,,,,,,,
295300,1144.0,0.000000,,,,,,,,
295400,1144.4,0.000000,,,,,,,,
295500,1144.8,0.000001,,,,,,,,
295600,1145.1,0.000000,,,,,,,,
295700,1145.5,0.000000,,,,,,,,
295800,1145.8,0.000000,,,,,,,,
295900,1146.2,0.000000,,,,,,,,
296000,1146.5,0.000000,,,,,,,,
296100,1146.8,0.000000,,,,,,,,
296200,1147.3,0.000000,,,,,,,,
296300,1147.5,0.000000,,,,,,,,
296400,1147.9,0.000000,,,,,,,,
296500,1148.3,0.000000,,,,,,,,
296600,1148.6,0.000000,,,,,,,,
296700,1149.1,0.000000,,,,,,,,
296800,1149.3,0.000000,,,,,,,,
296900,1149.7,0.000000,,,,,,,,
297000,1150.1,0.000000,,,,,,,,
297100,1150.4,0.000000,,,,,,,,
297200,1150.8,0.000000,,,,,,,,
297300,1151.1,0.000000,,,,,,,,
297400,1151.5,0.000000,,,,,,,,
297500,1151.9,0.000000,,,,,,,,
297600,1152.2,0.000000,,,,,,,,
297700,1152.6,0.000000,,,,,,,,
297800,1152.9,0.000000,,,,,,,,
297900,1153.3,0.000000,,,,,,,,
298000,1153.6,0.000000,,,,,,,,
298100,1153.9,0.000000,,,,,,,,
298200,1154.4,0.000000,,,,,,,,
298300,1154.6,0.000000,,,,,,,,
298400,1155.1,0.000000,,,,,,,,
298500,1155.4,0.000000,,,,,,,,
298600,1155.7,0.000000,,,,,,,,
298700,1156.1,0.000000,,,,,,,,
298800,1156.4,0.000000,,,,,,,,
298900,1156.8,0.000000,,,,,,,,
299000,1157.1,0.000000,,,,,,,,
299100,1157.5,0.000000,,,,,,,,
299200,1157.9,0.000000,,,,,,,,
299300,1158.2,0.000000,,,,,,,,
299400,1158.6,0.000000,,,,,,,,
299500,1158.9,0.000000,,,,,,,,
299600,1159.2,0.000000,,,,,,,,
299700,1159.7,0.000000,,,,,,,,
299800,1160.0,0.000000,,,,,,,,
299900,1160.4,0.000000,,,,,,,,
300000,1162.1,0.000000,0.000000,4.750318e-02,9.413526e-04,7.013818e-04,0.000000,1.435018e-02,9.279883e-04,7.014368e-04
300100,1162.4,0.000000,,,,,,,,
300200,1162.8,0.000000,,,,,,,,
300300,1163.1,0.000000,,,,,,,,
300400,1163.5,0.000000,,,,,,,,
300500,1163.8,0.000000,,,,,,,,
300600,1164.2,0.000000,,,,,,,,
300700,1164.5,0.000000,,,,,,,,
300800,1164.9,0.000000,,,,,,,,
300900,1165.3,0.000000,,,,,,,,
301000,1165.6,0.000000,,,,,,,,
301100,1166.0,0.000000,,,,,,,,
301200,1166.4,0.000000,,,,,,,,
301300,1166.7,0.000000,,,,,,,,
301400,1167.1,0.000000,,,,,,,,
301500,1167.4,0.000000,,,,,,,,
301600,1167.8,0.000000,,,,,,,,
301700,1168.2,0.000000,,,,,,,,
301800,1168.5,0.000000,,,,,,,,
301900,1168.9,0.000000,,,,,,,,
302000,1169.2,0.000000,,,,,,,,
302100,1169.6,0.000000,,,,,,,,
302200,1169.9,0.000001,,,,,,,,
302300,1170.3,0.000000,,,,,,,,
302400,1170.7,0.000000,,,,,,,,
302500,1171.0,0.000000,,,,,,,,
302600,1171.4,0.000000,,,,,,,,
302700,1171.8,0.000000,,,,,,,,
302800,1172.1,0.000000,,,,,,,,
302900,1172.6,0.000000,,,,,,,,
303000,1172.8,0.000000,,,,,,,,
303100,1173.2,0.000000,,,,,,,,
303200,1173.6,0.000000,,,,,,,,
303300,1173.9,0.000000,,,,,,,,
303400,1174.3,0.000000,,,,,,,,
303500,1174.6,0.000000,,,,,,,,
303600,1175.0,0.000000,,,,,,,,
303700,1175.4,0.000000,,,,,,,,
303800,1175.7,0.000000,,,,,,,,
303900,1176.1,0.000000,,,,,,,,
304000,1176.4,0.000000,,,,,,,,
304100,1176.8,0.000000,,,,,,,,
304200,1177.1,0.000000,,,,,,,,
304300,1177.5,0.000000,,,,,,,,
304400,1177.9,0.000000,,,,,,,,
304500,1178.2,0.000000,,,,,,,,
304600,1178.6,0.000000,,,,,,,,
304700,1178.9,0.000000,,,,,,,,
304800,1179.3,0.000000,,,,,,,,
304900,1179.7,0.000000,,,,,,,,
305000,1181.4,0.000000,0.000000,3.587932e-02,1.335683e-03,1.130217e-03,0.000000,1.185746e-02,1.310437e-03,1.114236e-03
305100,1181.7,0.000000,,,,,,,,
305200,1182.2,0.000000,,,,,,,,
305300,1182.5,0.000000,,,,,,,,
305400,1182.8,0.000000,,,,,,,,
305500,1183.2,0.000000,,,,,,,,
305600,1183.5,0.000000,,,,,,,,
305700,1183.9,0.000000,,,,,,,,
305800,1184.2,0.000000,,,,,,,,
305900,1184.7,0.000000,,,,,,,,
306000,1185.0,0.000000,,,,,,,,
306100,1185.3,0.000000,,,,,,,,
306200,1185.7,0.000000,,,,,,,,
306300,1186.0,0.000000,,,,,,,,
306400,1186.4,0.000000,,,,,,,,
306500,1186.7,0.000000,,,,,,,,
306600,1187.1,0.000000,,,,,,,,
306700,1187.4,0.000000,,,,,,,,
306800,1187.7,0.000000,,,,,,,,
306900,1188.2,0.000000,,,,,,,,
307000,1188.5,0.000000,,,,,,,,
307100,1188.8,0.000000,,,,,,,,
307200,1189.2,0.000000,,,,,,,,
307300,1189.5,0.000000,,,,,,,,
307400,1189.9,0.000000,,,,,,,,
307500,1190.2,0.000000,,,,,,,,
307600,1190.6,0.000000,,,,,,,,
307700,1191.2,0.000000,,,,,,,,
307800,1191.6,0.000000,,,,,,,,
307900,1191.9,0.000000,,,,,,,,
308000,1192.4,0.000000,,,,,,,,
308100,1192.6,0.000000,,,,,,,,
308200,1193.0,0.000000,,,,,,,,
308300,1193.4,0.000000,,,,,,,,
308400,1193.7,0.000000,,,,,,,,
308500,1194.1,0.000000,,,,,,,,
308600,1194.4,0.000000,,,,,,,,
308700,1194.8,0.000000,,,,,,,,
308800,1195.2,0.000000,,,,,,,,
308900,1195.5,0.000000,,,,,,,,
309000,1195.9,0.000000,,,,,,,,
309100,1196.2,0.000000,,,,,,,,
309200,1196.6,0.000000,,,,,,,,
309300,1197.0,0.000000,,,,,,,,
309400,1197.3,0.000000,,,,,,,,
309500,1197.8,0.000000,,,,,,,,
309600,1198.0,0.000000,,,,,,,,
309700,1198.4,0.000000,,,,,,,,
309800,1198.8,0.000000,,,,,,,,
309900,1199.1,0.000000,,,,,,,,
310000,1200.9,0.000000,0.000000,3.732931e-02,1.643399e-03,1.491483e-03,0.000000,2.500273e-02,1.686623e-03,1.552414e-03
310100,1201.3,0.000000,,,,,,,,
310200,1201.6,0.000000,,,,,,,,
310300,1202.0,0.000000,,,,,,,,
310400,1202.3,0.000000,,,,,,,,
310500,1202.6,0.000000,,,,,,,,
310600,1203.1,0.000000,,,,,,,,
310700,1203.4,0.000000,,,,,,,,
310800,1203.8,0.000000,,,,,,,,
310900,1204.1,0.000000,,,,,,,,
311000,1204.4,0.000000,,,,,,,,
311100,1204.8,0.000000,,,,,,,,
311200,1205.1,0.000000,,,,,,,,
311300,1205.6,0.000000,,,,,,,,
311400,1205.8,0.000000,,,,,,,,
311500,1206.2,0.000000,,,,,,,,
311600,1206.6,0.000000,,,,,,,,
311700,1206.9,0.000000,,,,,,,,
311800,1207.3,0.000000,,,,,,,,
311900,1207.6,0.000000,,,,,,,,
312000,1208.0,0.000000,,,,,,,,
312100,1208.3,0.000000,,,,,,,,
312200,1208.6,0.000000,,,,,,,,
312300,1209.1,0.000000,,,,,,,,
312400,1209.3,0.000000,,,,,,,,
312500,1209.7,0.000000,,,,,,,,
312600,1210.1,0.000000,,,,,,,,
312700,1210.4,0.000000,,,,,,,,
312800,1210.9,0.000000,,,,,,,,
312900,1211.1,0.000000,,,,,,,,
313000,1211.5,0.000000,,,,,,,,
313100,1211.9,0.000000,,,,,,,,
313200,1212.2,0.000000,,,,,,,,
313300,1212.6,0.000000,,,,,,,,
313400,1212.9,0.000000,,,,,,,,
313500,1213.3,0.000000,,,,,,,,
313600,1213.6,0.000000,,,,,,,,
313700,1214.0,0.000000,,,,,,,,
313800,1214.4,0.000000,,,,,,,,
313900,1214.7,0.000000,,,,,,,,
314000,1215.1,0.000000,,,,,,,,
314100,1215.4,0.000000,,,,,,,,
314200,1215.7,0.000000,,,,,,,,
314300,1216.1,0.000000,,,,,,,,
314400,1216.4,0.000000,,,,,,,,
314500,1216.9,0.000000,,,,,,,,
314600,1217.2,0.000000,,,,,,,,
314700,1217.5,0.000000,,,,,,,,
314800,1217.9,0.000000,,,,,,,,
314900,1218.2,0.000000,,,,,,,,
315000,1220.1,0.000000,0.000000,7.051058e-02,1.420334e-03,9.829419e-04,0.000000,2.451998e-02,1.362704e-03,9.692684e-04
315100,1220.4,0.000000,,,,,,,,
315200,1220.8,0.000000,,,,,,,,
315300,1221.1,0.000000,,,,,,,,
315400,1221.6,0.000000,,,,,,,,
315500,1221.9,0.000000,,,,,,,,
315600,1222.2,0.000000,,,,,,,,
315700,1222.7,0.000000,,,,,,,,
315800,1223.0,0.000000,,,,,,,,
315900,1223.4,0.000000,,,,,,,,
316000,1223.7,0.000000,,,,,,,,
316100,1224.0,0.000000,,,,,,,,
316200,1224.4,0.000000,,,,,,,,
316300,1224.7,0.000000,,,,,,,,
316400,1225.2,0.000000,,,,,,,,
316500,1225.5,0.000000,,,,,,,,
316600,1225.8,0.000000,,,,,,,,
316700,1226.4,0.000000,,,,,,,,
316800,1226.9,0.000000,,,,,,,,
316900,1227.2,0.000000,,,,,,,,
317000,1227.6,0.000000,,,,,,,,
317100,1227.9,0.000000,,,,,,,,
317200,1228.3,0.000000,,,,,,,,
317300,1228.7,0.000000,,,,,,,,
317400,1229.0,0.000000,,,,,,,,
317500,1229.4,0.000000,,,,,,,,
317600,1229.7,0.000000,,,,,,,,
317700,1230.1,0.000000,,,,,,,,
317800,1230.5,0.000000,,,,,,,,
317900,1230.8,0.000000,,,,,,,,
318000,1231.2,0.000000,,,,,,,,
318100,1231.5,0.000000,,,,,,,,
318200,1231.9,0.000000,,,,,,,,
318300,1232.3,0.000000,,,,,,,,
318400,1232.6,0.000000,,,,,,,,
318500,1233.0,0.000000,,,,,,,,
318600,1233.3,0.000000,,,,,,,,
318700,1233.6,0.000000,,,,,,,,
318800,1234.2,0.000000,,,,,,,,
318900,1234.7,0.000000,,,,,,,,
319000,1235.0,0.000000,,,,,,,,
319100,1235.4,0.000000,,,,,,,,
319200,1235.8,0.000000,,,,,,,,
319300,1236.1,0.000000,,,,,,,,
319400,1236.6,0.000000,,,,,,,,
319500,1236.8,0.000000,,,,,,,,
319600,1237.2,0.000000,,,,,,,,
319700,1237.8,0.000000,,,,,,,,
319800,1238.1,0.000000,,,,,,,,
319900,1238.5,0.000000,,,,,,,,
320000,1240.2,0.000000,0.000000,3.012104e-02,8.132890e-04,6.605478e-04,0.000000,1.379109e-02,8.036416e-04,6.639970e-04
320100,1240.7,0.000000,,,,,,,,
320200,1240.9,0.000000,,,,,,,,
320300,1241.3,0.000000,,,,,,,,
320400,1241.7,0.000000,,,,,,,,
320500,1242.0,0.000001,,,,,,,,
320600,1242.5,0.000000,,,,,,,,
320700,1242.7,0.000000,,,,,,,,
320800,1243.1,0.000000,,,,,,,,
320900,1243.5,0.000000,,,,,,,,
321000,1243.8,0.000000,,,,,,,,
321100,1244.3,0.000000,,,,,,,,
321200,1244.5,0.000000,,,,,,,,
321300,1244.9,0.000000,,,,,,,,
321400,1245.3,0.000000,,,,,,,,
321500,1245.6,0.000000,,,,,,,,
321600,1246.0,0.000000,,,,,,,,
321700,1246.3,0.000000,,,,,,,,
321800,1246.7,0.000000,,,,,,,,
321900,1247.1,0.000000,,,,,,,,
322000,1247.4,0.000000,,,,,,,,
322100,1247.8,0.000000,,,,,,,,
322200,1248.1,0.000000,,,,,,,,
322300,1248.5,0.000000,,,,,,,,
322400,1248.8,0.000000,,,,,,,,
322500,1249.2,0.000000,,,,,,,,
322600,1249.6,0.000000,,,,,,,,
322700,1249.9,0.000000,,,,,,,,
322800,1250.2,0.000000,,,,,,,,
322900,1250.6,0.000000,,,,,,,,
323000,1250.9,0.000000,,,,,,,,
323100,1251.3,0.000000,,,,,,,,
323200,1251.6,0.000000,,,,,,,,
323300,1252.0,0.000000,,,,,,,,
323400,1252.4,0.000000,,,,,,,,
323500,1252.7,0.000000,,,,,,,,
323600,1253.2,0.000000,,,,,,,,
323700,1253.5,0.000000,,,,,,,,
323800,1253.8,0.000000,,,,,,,,
323900,1254.2,0.000000,,,,,,,,
324000,1254.5,0.000000,,,,,,,,
324100,1255.0,0.000000,,,,,,,,
324200,1255.2,0.000000,,,,,,,,
324300,1255.6,0.000000,,,,,,,,
324400,1256.0,0.000000,,,,,,,,
324500,1256.3,0.000000,,,,,,,,
324600,1256.7,0.000000,,,,,,,,
324700,1257.0,0.000000,,,,,,,,
324800,1257.5,0.000000,,,,,,,,
324900,1257.7,0.000000,,,,,,,,
325000,1259.5,0.000000,0.000000,3.031099e-02,7.220597e-04,5.696638e-04,0.000000,1.230980e-02,7.016861e-04,5.705565e-04
325100,1259.9,0.000000,,,,,,,,
325200,1260.2,0.000000,,,,,,,,
325300,1260.5,0.000000,,,,,,,,
325400,1260.9,0.000000,,,,,,,,
325500,1261.2,0.000000,,,,,,,,
325600,1261.7,0.000000,,,,,,,,
325700,1262.0,0.000000,,,,,,,,
325800,1262.4,0.000000,,,,,,,,
325900,1262.7,0.000000,,,,,,,,
326000,1263.0,0.000000,,,,,,,,
326100,1263.4,0.000000,,,,,,,,
326200,1263.7,0.000000,,,,,,,,
326300,1264.2,0.000000,,,,,,,,
326400,1264.5,0.000000,,,,,,,,
326500,1264.8,0.000000,,,,,,,,
326600,1265.2,0.000000,,,,,,,,
326700,1265.5,0.000000,,,,,,,,
326800,1266.0,0.000000,,,,,,,,
326900,1266.2,0.000000,,,,,,,,
327000,1266.6,0.000000,,,,,,,,
327100,1266.9,0.000000,,,,,,,,
327200,1267.2,0.000000,,,,,,,,
327300,1267.7,0.000000,,,,,,,,
327400,1268.0,0.000000,,,,,,,,
327500,1268.3,0.000000,,,,,,,,
327600,1268.8,0.000000,,,,,,,,
327700,1269.1,0.000000,,,,,,,,
327800,1269.5,0.000000,,,,,,,,
327900,1269.8,0.000000,,,,,,,,
328000,1270.1,0.000000,,,,,,,,
328100,1270.6,0.000000,,,,,,,,
328200,1270.9,0.000000,,,,,,,,
328300,1271.3,0.000000,,,,,,,,
328400,1271.6,0.000000,,,,,,,,
328500,1272.0,0.000000,,,,,,,,
328600,1272.4,0.000000,,,,,,,,
328700,1272.7,0.000000,,,,,,,,
328800,1273.1,0.000000,,,,,,,,
328900,1273.4,0.000000,,,,,,,,
329000,1273.7,0.000000,,,,,,,,
329100,1274.1,0.000000,,,,,,,,
329200,1274.4,0.000000,,,,,,,,
329300,1274.9,0.000000,,,,,,,,
329400,1275.1,0.000000,,,,,,,,
329500,1275.5,0.000000,,,,,,,,
329600,1275.9,0.000000,,,,,,,,
329700,1276.2,0.000000,,,,,,,,
329800,1276.7,0.000000,,,,,,,,
329900,1276.9,0.000000,,,,,,,,
330000,1278.7,0.000000,0.000000,3.346605e-02,9.564817e-04,7.591824e-04,0.000013,2.596850e-02,9.659024e-04,7.859619e-04
330100,1279.0,0.000000,,,,,,,,
330200,1279.4,0.000000,,,,,,,,
330300,1279.7,0.000000,,,,,,,,
330400,1280.0,0.000000,,,,,,,,
330500,1280.4,0.000000,,,,,,,,
330600,1280.7,0.000000,,,,,,,,
330700,1281.1,0.000000,,,,,,,,
330800,1281.5,0.000000,,,,,,,,
330900,1281.8,0.000000,,,,,,,,
331000,1282.3,0.000000,,,,,,,,
331100,1282.5,0.000000,,,,,,,,
331200,1282.9,0.000000,,,,,,,,
331300,1283.4,0.000000,,,,,,,,
331400,1283.7,0.000000,,,,,,,,
331500,1284.1,0.000000,,,,,,,,
331600,1284.4,0.000000,,,,,,,,
331700,1284.7,0.000000,,,,,,,,
331800,1285.2,0.000000,,,,,,,,
331900,1285.5,0.000000,,,,,,,,
332000,1285.9,0.000000,,,,,,,,
332100,1286.2,0.000000,,,,,,,,
332200,1286.6,0.000000,,,,,,,,
332300,1286.9,0.000000,,,,,,,,
332400,1287.2,0.000000,,,,,,,,
332500,1287.7,0.000000,,,,,,,,
332600,1288.0,0.000000,,,,,,,,
332700,1288.3,0.000000,,,,,,,,
332800,1288.7,0.000000,,,,,,,,
332900,1289.0,0.000000,,,,,,,,
333000,1289.5,0.000000,,,,,,,,
333100,1289.8,0.000000,,,,,,,,
333200,1290.1,0.000000,,,,,,,,
333300,1290.5,0.000000,,,,,,,,
333400,1290.8,0.000000,,,,,,,,
333500,1291.3,0.000000,,,,,,,,
333600,1291.6,0.000000,,,,,,,,
333700,1291.9,0.000000,,,,,,,,
333800,1292.3,0.000000,,,,,,,,
333900,1292.6,0.000000,,,,,,,,
334000,1293.1,0.000000,,,,,,,,
334100,1293.4,0.000000,,,,,,,,
334200,1293.7,0.000000,,,,,,,,
334300,1294.1,0.000000,,,,,,,,
334400,1294.4,0.000000,,,,,,,,
334500,1294.9,0.000000,,,,,,,,
334600,1295.1,0.000000,,,,,,,,
334700,1295.5,0.000000,,,,,,,,
334800,1295.9,0.000000,,,,,,,,
334900,1296.2,0.000000,,,,,,,,
335000,1298.0,0.000000,0.000000,2.935905e-02,6.550959e-04,5.126310e-04,0.000000,1.184131e-02,6.473248e-04,5.150134e-04
335100,1298.2,0.000000,,,,,,,,
335200,1298.5,0.000000,,,,,,,,
335300,1299.0,0.000000,,,,,,,,
335400,1299.2,0.000000,,,,,,,,
335500,1299.6,0.000000,,,,,,,,
335600,1300.0,0.000000,,,,,,,,
335700,1300.3,0.000000,,,,,,,,
335800,1300.7,0.000000,,,,,,,,
335900,1301.0,0.000000,,,,,,,,
336000,1301.4,0.000000,,,,,,,,
336100,1302.1,0.000000,,,,,,,,
336200,1302.7,0.000000,,,,,,,,
336300,1303.3,0.000000,,,,,,,,
336400,1303.6,0.000000,,,,,,,,
336500,1303.9,0.000000,,,,,,,,
336600,1304.4,0.000000,,,,,,,,
336700,1304.7,0.000000,,,,,,,,
336800,1305.1,0.000000,,,,,,,,
336900,1305.4,0.000000,,,,,,,,
337000,1305.7,0.000000,,,,,,,,
337100,1306.2,0.000000,,,,,,,,
337200,1306.5,0.000000,,,,,,,,
337300,1306.9,0.000000,,,,,,,,
337400,1307.2,0.000000,,,,,,,,
337500,1307.6,0.000000,,,,,,,,
337600,1308.0,0.000000,,,,,,,,
337700,1308.3,0.000000,,,,,,,,
337800,1308.7,0.000000,,,,,,,,
337900,1309.1,0.000000,,,,,,,,
338000,1309.4,0.000000,,,,,,,,
338100,1309.8,0.000000,,,,,,,,
338200,1310.2,0.000000,,,,,,,,
338300,1310.5,0.000000,,,,,,,,
338400,1310.9,0.000000,,,,,,,,
338500,1311.2,0.000000,,,,,,,,
338600,1311.7,0.000000,,,,,,,,
338700,1312.0,0.000000,,,,,,,,
338800,1312.3,0.000000,,,,,,,,
338900,1312.8,0.000000,,,,,,,,
339000,1313.1,0.000000,,,,,,,,
339100,1313.5,0.000000,,,,,,,,
339200,1313.9,0.000000,,,,,,,,
339300,1314.2,0.000000,,,,,,,,
339400,1314.7,0.000000,,,,,,,,
339500,1314.9,0.000000,,,,,,,,
339600,1315.3,0.000000,,,,,,,,
339700,1315.7,0.000000,,,,,,,,
339800,1316.0,0.000000,,,,,,,,
339900,1316.4,0.000000,,,,,,,,
340000,1318.1,0.000000,0.000000,2.754230e-02,6.174445e-04,4.830623e-04,0.000000,1.206250e-02,6.006856e-04,4.758971e-04
340100,1318.5,0.000000,,,,,,,,
340200,1318.9,0.000000,,,,,,,,
340300,1319.2,0.000000,,,,,,,,
340400,1319.5,0.000000,,,,,,,,
340500,1320.0,0.000000,,,,,,,,
340600,1320.3,0.000000,,,,,,,,
340700,1320.7,0.000000,,,,,,,,
340800,1321.0,0.000000,,,,,,,,
340900,1321.4,0.000000,,,,,,,,
341000,1321.7,0.000000,,,,,,,,
341100,1322.1,0.000000,,,,,,,,
341200,1322.5,0.000000,,,,,,,,
341300,1322.8,0.000000,,,,,,,,
341400,1323.2,0.000000,,,,,,,,
341500,1323.5,0.000000,,,,,,,,
341600,1323.8,0.000000,,,,,,,,
341700,1324.3,0.000000,,,,,,,,
341800,1324.6,0.000000,,,,,,,,
341900,1325.0,0.000000,,,,,,,,
342000,1325.3,0.000000,,,,,,,,
342100,1325.6,0.000000,,,,,,,,
342200,1326.0,0.000000,,,,,,,,
342300,1326.3,0.000000,,,,,,,,
342400,1326.8,0.000000,,,,,,,,
342500,1327.1,0.000000,,,,,,,,
342600,1327.4,0.000000,,,,,,,,
342700,1327.8,0.000000,,,,,,,,
342800,1328.1,0.000000,,,,,,,,
342900,1328.6,0.000000,,,,,,,,
343000,1328.8,0.000000,,,,,,,,
343100,1329.2,0.000000,,,,,,,,
343200,1329.6,0.000000,,,,,,,,
343300,1329.9,0.000000,,,,,,,,
343400,1330.4,0.000000,,,,,,,,
343500,1330.7,0.000000,,,,,,,,
343600,1331.0,0.000000,,,,,,,,
343700,1331.4,0.000000,,,,,,,,
343800,1331.7,0.000000,,,,,,,,
343900,1332.1,0.000000,,,,,,,,
344000,1332.4,0.000000,,,,,,,,
344100,1332.8,0.000000,,,,,,,,
344200,1333.2,0.000000,,,,,,,,
344300,1333.5,0.000000,,,,,,,,
344400,1333.9,0.000000,,,,,,,,
344500,1334.2,0.000000,,,,,,,,
344600,1334.6,0.000000,,,,,,,,
344700,1335.0,0.000000,,,,,,,,
344800,1335.3,0.000000,,,,,,,,
344900,1335.7,0.000000,,,,,,,,
345000,1337.4,0.000000,0.000000,3.125209e-02,7.722281e-04,5.949293e-04,0.000000,1.242895e-02,7.474711e-04,5.855357e-04
345100,1337.7,0.000000,,,,,,,,
345200,1338.1,0.000000,,,,,,,,
345300,1338.4,0.000000,,,,,,,,
345400,1338.8,0.000000,,,,,,,,
345500,1339.1,0.000000,,,,,,,,
345600,1339.5,0.000000,,,,,,,,
345700,1339.9,0.000000,,,,,,,,
345800,1340.2,0.000000,,,,,,,,
345900,1340.6,0.000000,,,,,,,,
346000,1340.9,0.000000,,,,,,,,
346100,1341.3,0.000000,,,,,,,,
346200,1341.7,0.000000,,,,,,,,
346300,1342.0,0.000000,,,,,,,,
346400,1342.3,0.000000,,,,,,,,
346500,1342.7,0.000000,,,,,,,,
346600,1343.0,0.000000,,,,,,,,
346700,1343.3,0.000000,,,,,,,,
346800,1343.7,0.000000,,,,,,,,
346900,1344.0,0.000000,,,,,,,,
347000,1344.4,0.000000,,,,,,,,
347100,1345.1,0.000000,,,,,,,,
347200,1345.4,0.000000,,,,,,,,
347300,1345.7,0.000000,,,,,,,,
347400,1346.1,0.000000,,,,,,,,
347500,1346.4,0.000000,,,,,,,,
347600,1346.9,0.000000,,,,,,,,
347700,1347.2,0.000000,,,,,,,,
347800,1347.5,0.000000,,,,,,,,
347900,1347.9,0.000000,,,,,,,,
348000,1348.2,0.000000,,,,,,,,
348100,1348.6,0.000000,,,,,,,,
348200,1348.9,0.000000,,,,,,,,
348300,1349.3,0.000000,,,,,,,,
348400,1349.7,0.000000,,,,,,,,
348500,1350.0,0.000000,,,,,,,,
348600,1350.4,0.000000,,,,,,,,
348700,1350.7,0.000000,,,,,,,,
348800,1351.2,0.000000,,,,,,,,
348900,1351.5,0.000000,,,,,,,,
349000,1351.8,0.000000,,,,,,,,
349100,1352.3,0.000000,,,,,,,,
349200,1352.7,0.000000,,,,,,,,
349300,1352.9,0.000000,,,,,,,,
349400,1353.2,0.000000,,,,,,,,
349500,1353.4,0.000000,,,,,,,,
349600,1353.8,0.000000,,,,,,,,
349700,1354.2,0.000000,,,,,,,,
349800,1354.5,0.000000,,,,,,,,
349900,1354.9,0.000000,,,,,,,,
350000,1356.6,0.000000,0.000000,3.280468e-02,5.872478e-04,4.644139e-04,0.000000,8.414374e-03,5.740572e-04,4.601410e-04
350100,1356.9,0.000000,,,,,,,,
350200,1357.2,0.000000,,,,,,,,
350300,1357.7,0.000000,,,,,,,,
350400,1357.9,0.000000,,,,,,,,
350500,1358.3,0.000000,,,,,,,,
350600,1358.7,0.000000,,,,,,,,
350700,1359.0,0.000000,,,,,,,,
350800,1359.4,0.000000,,,,,,,,
350900,1359.8,0.000000,,,,,,,,
351000,1360.1,0.000000,,,,,,,,
351100,1360.5,0.000000,,,,,,,,
351200,1360.8,0.000000,,,,,,,,
351300,1361.2,0.000000,,,,,,,,
351400,1361.5,0.000000,,,,,,,,
351500,1361.9,0.000000,,,,,,,,
351600,1362.3,0.000000,,,,,,,,
351700,1362.6,0.000000,,,,,,,,
351800,1363.0,0.000000,,,,,,,,
351900,1363.3,0.000000,,,,,,,,
352000,1363.6,0.000000,,,,,,,,
352100,1364.0,0.000000,,,,,,,,
352200,1364.3,0.000000,,,,,,,,
352300,1364.8,0.000000,,,,,,,,
352400,1365.0,0.000000,,,,,,,,
352500,1365.4,0.000000,,,,,,,,
352600,1365.8,0.000000,,,,,,,,
352700,1366.1,0.000000,,,,,,,,
352800,1366.6,0.000000,,,,,,,,
352900,1366.9,0.000000,,,,,,,,
353000,1367.3,0.000000,,,,,,,,
353100,1367.6,0.000000,,,,,,,,
353200,1367.9,0.000000,,,,,,,,
353300,1368.3,0.000000,,,,,,,,
353400,1368.6,0.000000,,,,,,,,
353500,1369.1,0.000000,,,,,,,,
353600,1369.4,0.000000,,,,,,,,
353700,1369.7,0.000000,,,,,,,,
353800,1370.1,0.000000,,,,,,,,
353900,1370.4,0.000000,,,,,,,,
354000,1370.9,0.000000,,,,,,,,
354100,1371.2,0.000000,,,,,,,,
354200,1371.5,0.000000,,,,,,,,
354300,1371.9,0.000000,,,,,,,,
354400,1372.2,0.000000,,,,,,,,
354500,1372.7,0.000000,,,,,,,,
354600,1373.0,0.000000,,,,,,,,
354700,1373.3,0.000000,,,,,,,,
354800,1373.7,0.000000,,,,,,,,
354900,1374.0,0.000000,,,,,,,,
355000,1375.9,0.000000,0.000000,2.458686e-02,5.430897e-04,4.274916e-04,0.000000,1.349212e-02,5.264977e-04,4.226523e-04
355100,1376.2,0.000000,,,,,,,,
355200,1376.4,0.000000,,,,,,,,
355300,1376.7,0.000000,,,,,,,,
355400,1377.2,0.000000,,,,,,,,
355500,1377.4,0.000000,,,,,,,,
355600,1377.8,0.000000,,,,,,,,
355700,1378.2,0.000000,,,,,,,,
355800,1378.5,0.000000,,,,,,,,
355900,1379.0,0.000000,,,,,,,,
356000,1379.2,0.000000,,,,,,,,
356100,1379.7,0.000000,,,,,,,,
356200,1379.9,0.000000,,,,,,,,
356300,1380.3,0.000000,,,,,,,,
356400,1380.7,0.000000,,,,,,,,
356500,1381.0,0.000000,,,,,,,,
356600,1381.5,0.000000,,,,,,,,
356700,1381.7,0.000000,,,,,,,,
356800,1382.1,0.000000,,,,,,,,
356900,1382.5,0.000000,,,,,,,,
357000,1382.8,0.000000,,,,,,,,
357100,1383.2,0.000000,,,,,,,,
357200,1383.5,0.000000,,,,,,,,
357300,1383.9,0.000000,,,,,,,,
357400,1384.2,0.000000,,,,,,,,
357500,1384.5,0.000000,,,,,,,,
357600,1385.0,0.000000,,,,,,,,
357700,1385.2,0.000000,,,,,,,,
357800,1385.6,0.000000,,,,,,,,
357900,1386.0,0.000000,,,,,,,,
358000,1386.3,0.000000,,,,,,,,
358100,1386.7,0.000000,,,,,,,,
358200,1387.0,0.000000,,,,,,,,
358300,1387.4,0.000000,,,,,,,,
358400,1387.7,0.000000,,,,,,,,
358500,1388.0,0.000000,,,,,,,,
358600,1388.5,0.000000,,,,,,,,
358700,1388.8,0.000000,,,,,,,,
358800,1389.2,0.000000,,,,,,,,
358900,1389.5,0.000000,,,,,,,,
359000,1389.9,0.000000,,,,,,,,
359100,1390.3,0.000000,,,,,,,,
359200,1390.6,0.000000,,,,,,,,
359300,1391.0,0.000000,,,,,,,,
359400,1391.3,0.000000,,,,,,,,
359500,1391.6,0.000000,,,,,,,,
359600,1392.0,0.000000,,,,,,,,
359700,1392.3,0.000000,,,,,,,,
359800,1392.8,0.000000,,,,,,,,
359900,1393.1,0.000000,,,,,,,,
360000,1394.9,0.000000,0.000000,4.210658e-02,6.312961e-04,4.922814e-04,0.000000,9.624911e-03,6.215029e-04,4.949060e-04
360100,1395.2,0.000000,,,,,,,,
360200,1395.6,0.000000,,,,,,,,
360300,1395.9,0.000000,,,,,,,,
360400,1396.3,0.000000,,,,,,,,
360500,1396.6,0.000000,,,,,,,,
360600,1397.0,0.000000,,,,,,,,
360700,1397.4,0.000000,,,,,,,,
360800,1397.7,0.000000,,,,,,,,
360900,1398.1,0.000000,,,,,,,,
361000,1398.4,0.000000,,,,,,,,
361100,1398.7,0.000000,,,,,,,,
361200,1399.1,0.000000,,,,,,,,
361300,1399.4,0.000000,,,,,,,,
361400,1399.9,0.000000,,,,,,,,
361500,1400.2,0.000000,,,,,,,,
361600,1400.5,0.000000,,,,,,,,
361700,1400.9,0.000000,,,,,,,,
361800,1401.2,0.000000,,,,,,,,
361900,1401.6,0.000000,,,,,,,,
362000,1401.9,0.000000,,,,,,,,
362100,1402.4,0.000000,,,,,,,,
362200,1402.6,0.000000,,,,,,,,
362300,1403.0,0.000000,,,,,,,,
362400,1403.4,0.000000,,,,,,,,
362500,1403.7,0.000000,,,,,,,,
362600,1404.2,0.000000,,,,,,,,
362700,1404.4,0.000000,,,,,,,,
362800,1404.8,0.000000,,,,,,,,
362900,1405.2,0.000000,,,,,,,,
363000,1405.5,0.000000,,,,,,,,
363100,1405.9,0.000000,,,,,,,,
363200,1406.6,0.000000,,,,,,,,
363300,1406.9,0.000000,,,,,,,,
363400,1407.3,0.000000,,,,,,,,
363500,1407.7,0.000000,,,,,,,,
363600,1408.0,0.000000,,,,,,,,
363700,1408.4,0.000000,,,,,,,,
363800,1408.7,0.000000,,,,,,,,
363900,1409.0,0.000000,,,,,,,,
364000,1409.4,0.000000,,,,,,,,
364100,1409.7,0.000000,,,,,,,,
364200,1410.2,0.000000,,,,,,,,
364300,1410.8,0.000000,,,,,,,,
364400,1411.5,0.000000,,,,,,,,
364500,1411.8,0.000000,,,,,,,,
364600,1412.1,0.000000,,,,,,,,
364700,1412.5,0.000000,,,,,,,,
364800,1412.8,0.000000,,,,,,,,
364900,1413.3,0.000000,,,,,,,,
365000,1415.0,0.000000,0.000000,2.121658e-02,5.063639e-04,3.899104e-04,0.000000,1.014758e-02,4.930341e-04,3.854690e-04
365100,1415.3,0.000000,,,,,,,,
365200,1415.6,0.000000,,,,,,,,
365300,1416.1,0.000000,,,,,,,,
365400,1416.4,0.000000,,,,,,,,
365500,1416.8,0.000000,,,,,,,,
365600,1417.1,0.000000,,,,,,,,
365700,1417.4,0.000000,,,,,,,,
365800,1417.9,0.000000,,,,,,,,
365900,1418.1,0.000000,,,,,,,,
366000,1418.6,0.000000,,,,,,,,
366100,1418.9,0.000000,,,,,,,,
366200,1419.2,0.000000,,,,,,,,
366300,1419.7,0.000000,,,,,,,,
366400,1420.0,0.000000,,,,,,,,
366500,1420.4,0.000000,,,,,,,,
366600,1420.7,0.000000,,,,,,,,
366700,1421.0,0.000000,,,,,,,,
366800,1421.5,0.000000,,,,,,,,
366900,1421.8,0.000000,,,,,,,,
367000,1422.2,0.000000,,,,,,,,
367100,1422.5,0.000000,,,,,,,,
367200,1422.8,0.000000,,,,,,,,
367300,1423.2,0.000000,,,,,,,,
367400,1423.5,0.000000,,,,,,,,
367500,1424.0,0.000000,,,,,,,,
367600,1424.2,0.000000,,,,,,,,
367700,1424.6,0.000000,,,,,,,,
367800,1425.1,0.000000,,,,,,,,
367900,1425.4,0.000000,,,,,,,,
368000,1425.8,0.000000,,,,,,,,
368100,1426.1,0.000000,,,,,,,,
368200,1426.4,0.000000,,,,,,,,
368300,1426.8,0.000000,,,,,,,,
368400,1427.1,0.000000,,,,,,,,
368500,1427.6,0.000000,,,,,,,,
368600,1427.9,0.000000,,,,,,,,
368700,1428.2,0.000000,,,,,,,,
368800,1428.6,0.000000,,,,,,,,
368900,1428.9,0.000000,,,,,,,,
369000,1429.4,0.000000,,,,,,,,
369100,1429.7,0.000000,,,,,,,,
369200,1430.0,0.000000,,,,,,,,
369300,1430.4,0.000000,,,,,,,,
369400,1430.7,0.000000,,,,,,,,
369500,1431.2,0.000000,,,,,,,,
369600,1431.5,0.000000,,,,,,,,
369700,1431.9,0.000000,,,,,,,,
369800,1432.2,0.000000,,,,,,,,
369900,1432.5,0.000000,,,,,,,,
370000,1434.4,0.000000,0.000000,4.093690e-02,5.518990e-04,4.258447e-04,0.000000,9.085128e-03,5.389193e-04,4.224306e-04
370100,1434.7,0.000000,,,,,,,,
370200,1434.9,0.000000,,,,,,,,
370300,1435.3,0.000000,,,,,,,,
370400,1435.7,0.000000,,,,,,,,
370500,1436.0,0.000000,,,,,,,,
370600,1436.4,0.000000,,,,,,,,
370700,1436.7,0.000000,,,,,,,,
370800,1437.1,0.000000,,,,,,,,
370900,1437.5,0.000000,,,,,,,,
371000,1437.8,0.000000,,,,,,,,
371100,1438.2,0.000000,,,,,,,,
371200,1438.5,0.000000,,,,,,,,
371300,1438.9,0.000000,,,,,,,,
371400,1439.3,0.000000,,,,,,,,
371500,1439.6,0.000000,,,,,,,,
371600,1440.1,0.000000,,,,,,,,
371700,1440.7,0.000000,,,,,,,,
371800,1441.2,0.000000,,,,,,,,
371900,1441.5,0.000000,,,,,,,,
372000,1441.9,0.000000,,,,,,,,
372100,1442.3,0.000000,,,,,,,,
372200,1442.6,0.000000,,,,,,,,
372300,1443.0,0.000000,,,,,,,,
372400,1443.3,0.000000,,,,,,,,
372500,1443.7,0.000000,,,,,,,,
372600,1444.0,0.000000,,,,,,,,
372700,1444.4,0.000000,,,,,,,,
372800,1444.8,0.000000,,,,,,,,
372900,1445.1,0.000000,,,,,,,,
373000,1445.5,0.000000,,,,,,,,
373100,1445.8,0.000000,,,,,,,,
373200,1446.2,0.000000,,,,,,,,
373300,1446.6,0.000000,,,,,,,,
373400,1446.9,0.000000,,,,,,,,
373500,1447.3,0.000000,,,,,,,,
373600,1447.6,0.000000,,,,,,,,
373700,1448.0,0.000000,,,,,,,,
373800,1448.4,0.000000,,,,,,,,
373900,1448.6,0.000000,,,,,,,,
374000,1449.1,0.000000,,,,,,,,
374100,1449.4,0.000000,,,,,,,,
374200,1449.7,0.000000,,,,,,,,
374300,1450.2,0.000000,,,,,,,,
374400,1450.5,0.000000,,,,,,,,
374500,1450.9,0.000000,,,,,,,,
374600,1451.2,0.000000,,,,,,,,
374700,1451.5,0.000000,,,,,,,,
374800,1452.0,0.000000,,,,,,,,
374900,1452.3,0.000000,,,,,,,,
375000,1454.1,0.000000,0.000000,2.488775e-02,4.917291e-04,3.690554e-04,0.000000,9.428897e-03,4.722188e-04,3.623900e-04
375100,1454.3,0.000000,,,,,,,,
375200,1454.9,0.000000,,,,,,,,
375300,1455.1,0.000000,,,,,,,,
375400,1455.5,0.000000,,,,,,,,
375500,1455.9,0.000000,,,,,,,,
375600,1456.2,0.000000,,,,,,,,
375700,1456.7,0.000000,,,,,,,,
375800,1457.0,0.000000,,,,,,,,
375900,1457.3,0.000000,,,,,,,,
376000,1457.7,0.000000,,,,,,,,
376100,1458.0,0.000000,,,,,,,,
376200,1458.4,0.000000,,,,,,,,
376300,1458.7,0.000000,,,,,,,,
376400,1459.1,0.000000,,,,,,,,
376500,1459.5,0.000000,,,,,,,,
376600,1459.8,0.000000,,,,,,,,
376700,1460.2,0.000000,,,,,,,,
376800,1460.5,0.000000,,,,,,,,
376900,1460.9,0.000000,,,,,,,,
377000,1461.3,0.000000,,,,,,,,
377100,1461.6,0.000000,,,,,,,,
377200,1462.0,0.000000,,,,,,,,
377300,1462.3,0.000000,,,,,,,,
377400,1462.7,0.000000,,,,,,,,
377500,1463.1,0.000000,,,,,,,,
377600,1463.4,0.000000,,,,,,,,
377700,1463.8,0.000000,,,,,,,,
377800,1464.1,0.000000,,,,,,,,
377900,1464.5,0.000000,,,,,,,,
378000,1464.8,0.000000,,,,,,,,
378100,1465.1,0.000000,,,,,,,,
378200,1465.6,0.000000,,,,,,,,
378300,1465.9,0.000000,,,,,,,,
378400,1466.3,0.000000,,,,,,,,
378500,1466.6,0.000000,,,,,,,,
378600,1466.9,0.000000,,,,,,,,
378700,1467.3,0.000000,,,,,,,,
378800,1467.6,0.000000,,,,,,,,
378900,1468.1,0.000000,,,,,,,,
379000,1468.4,0.000000,,,,,,,,
379100,1468.7,0.000000,,,,,,,,
379200,1469.2,0.000000,,,,,,,,
379300,1469.5,0.000000,,,,,,,,
379400,1469.9,0.000000,,,,,,,,
379500,1470.2,0.000000,,,,,,,,
379600,1470.6,0.000000,,,,,,,,
379700,1471.0,0.000000,,,,,,,,
379800,1471.3,0.000000,,,,,,,,
379900,1471.7,0.000000,,,,,,,,
380000,1473.7,0.000000,0.000000,1.955600e-02,4.656386e-04,3.532234e-04,0.000000,1.033754e-02,4.496786e-04,3.472760e-04
380100,1474.0,0.000000,,,,,,,,
380200,1474.4,0.000000,,,,,,,,
380300,1474.8,0.000000,,,,,,,,
380400,1475.1,0.000000,,,,,,,,
380500,1475.5,0.000000,,,,,,,,
380600,1475.8,0.000000,,,,,,,,
380700,1476.1,0.000000,,,,,,,,
380800,1476.5,0.000000,,,,,,,,
380900,1476.8,0.000000,,,,,,,,
381000,1477.3,0.000000,,,,,,,,
381100,1477.6,0.000000,,,,,,,,
381200,1478.0,0.000000,,,,,,,,
381300,1478.3,0.000000,,,,,,,,
381400,1478.7,0.000000,,,,,,,,
381500,1479.1,0.000000,,,,,,,,
381600,1479.4,0.000000,,,,,,,,
381700,1479.8,0.000000,,,,,,,,
381800,1480.1,0.000000,,,,,,,,
381900,1480.4,0.000000,,,,,,,,
382000,1480.8,0.000000,,,,,,,,
382100,1481.1,0.000000,,,,,,,,
382200,1481.6,0.000000,,,,,,,,
382300,1481.8,0.000000,,,,,,,,
382400,1482.2,0.000000,,,,,,,,
382500,1482.6,0.000000,,,,,,,,
382600,1482.9,0.000000,,,,,,,,
382700,1483.4,0.000000,,,,,,,,
382800,1483.7,0.000000,,,,,,,,
382900,1484.0,0.000000,,,,,,,,
383000,1484.4,0.000000,,,,,,,,
383100,1484.7,0.000000,,,,,,,,
383200,1485.2,0.000000,,,,,,,,
383300,1485.5,0.000000,,,,,,,,
383400,1485.9,0.000000,,,,,,,,
383500,1486.4,0.000000,,,,,,,,
383600,1486.6,0.000000,,,,,,,,
383700,1487.0,0.000000,,,,,,,,
383800,1487.4,0.000000,,,,,,,,
383900,1487.7,0.000000,,,,,,,,
384000,1488.2,0.000000,,,,,,,,
384100,1488.4,0.000000,,,,,,,,
384200,1488.8,0.000000,,,,,,,,
384300,1489.2,0.000000,,,,,,,,
384400,1489.5,0.000000,,,,,,,,
384500,1490.0,0.000000,,,,,,,,
384600,1490.3,0.000000,,,,,,,,
384700,1490.6,0.000000,,,,,,,,
384800,1491.0,0.000000,,,,,,,,
384900,1491.3,0.000000,,,,,,,,
385000,1493.1,0.000000,0.000000,2.246971e-02,4.665029e-04,3.513049e-04,0.000000,1.231236e-02,4.495903e-04,3.460104e-04
385100,1493.4,0.000000,,,,,,,,
385200,1493.7,0.000000,,,,,,,,
385300,1494.0,0.000000,,,,,,,,
385400,1494.4,0.000000,,,,,,,,
385500,1494.7,0.000000,,,,,,,,
385600,1495.0,0.000000,,,,,,,,
385700,1495.4,0.000000,,,,,,,,
385800,1495.7,0.000000,,,,,,,,
385900,1496.1,0.000000,,,,,,,,
386000,1496.4,0.000000,,,,,,,,
386100,1496.9,0.000000,,,,,,,,
386200,1497.2,0.000000,,,,,,,,
386300,1497.5,0.000000,,,,,,,,
386400,1498.0,0.000000,,,,,,,,
386500,1498.2,0.000000,,,,,,,,
386600,1498.6,0.000000,,,,,,,,
386700,1499.0,0.000000,,,,,,,,
386800,1499.3,0.000000,,,,,,,,
386900,1499.8,0.000000,,,,,,,,
387000,1500.1,0.000000,,,,,,,,
387100,1500.5,0.000000,,,,,,,,
387200,1500.8,0.000000,,,,,,,,
387300,1501.1,0.000000,,,,,,,,
387400,1501.5,0.000000,,,,,,,,
387500,1501.8,0.000000,,,,,,,,
387600,1502.3,0.000000,,,,,,,,
387700,1502.6,0.000000,,,,,,,,
387800,1502.9,0.000000,,,,,,,,
387900,1503.3,0.000000,,,,,,,,
388000,1503.6,0.000000,,,,,,,,
388100,1504.0,0.000000,,,,,,,,
388200,1504.3,0.000000,,,,,,,,
388300,1504.7,0.000000,,,,,,,,
388400,1505.0,0.000000,,,,,,,,
388500,1505.3,0.000000,,,,,,,,
388600,1505.8,0.000000,,,,,,,,
388700,1506.1,0.000000,,,,,,,,
388800,1506.4,0.000000,,,,,,,,
388900,1506.9,0.000000,,,,,,,,
389000,1507.2,0.000000,,,,,,,,
389100,1507.6,0.000000,,,,,,,,
389200,1507.9,0.000000,,,,,,,,
389300,1508.2,0.000000,,,,,,,,
389400,1508.8,0.000000,,,,,,,,
389500,1509.1,0.000000,,,,,,,,
389600,1509.5,0.000000,,,,,,,,
389700,1509.8,0.000000,,,,,,,,
389800,1510.1,0.000000,,,,,,,,
389900,1510.6,0.000000,,,,,,,,
390000,1512.3,0.000000,0.000000,2.985616e-02,4.514395e-04,3.435745e-04,0.000000,6.983707e-03,4.355190e-04,3.370673e-04
390100,1512.6,0.000000,,,,,,,,
390200,1512.9,0.000000,,,,,,,,
390300,1513.3,0.000000,,,,,,,,
390400,1513.6,0.000000,,,,,,,,
390500,1514.1,0.000000,,,,,,,,
390600,1514.4,0.000000,,,,,,,,
390700,1514.8,0.000000,,,,,,,,
390800,1515.2,0.000000,,,,,,,,
390900,1515.5,0.000000,,,,,,,,
391000,1515.9,0.000000,,,,,,,,
391100,1516.2,0.000000,,,,,,,,
391200,1516.6,0.000000,,,,,,,,
391300,1517.0,0.000000,,,,,,,,
391400,1517.3,0.000000,,,,,,,,
391500,1517.8,0.000000,,,,,,,,
391600,1518.4,0.000000,,,,,,,,
391700,1518.6,0.000000,,,,,,,,
391800,1519.0,0.000000,,,,,,,,
391900,1519.4,0.000000,,,,,,,,
392000,1519.7,0.000000,,,,,,,,
392100,1520.1,0.000000,,,,,,,,
392200,1520.4,0.000000,,,,,,,,
392300,1520.8,0.000000,,,,,,,,
392400,1521.4,0.000000,,,,,,,,
392500,1521.7,0.000000,,,,,,,,
392600,1522.0,0.000000,,,,,,,,
392700,1522.5,0.000000,,,,,,,,
392800,1522.8,0.000000,,,,,,,,
392900,1523.2,0.000000,,,,,,,,
393000,1523.5,0.000000,,,,,,,,
393100,1523.8,0.000000,,,,,,,,
393200,1524.3,0.000000,,,,,,,,
393300,1524.6,0.000000,,,,,,,,
393400,1524.9,0.000000,,,,,,,,
393500,1525.3,0.000000,,,,,,,,
393600,1525.6,0.000000,,,,,,,,
393700,1526.1,0.000000,,,,,,,,
393800,1526.4,0.000000,,,,,,,,
393900,1526.7,0.000000,,,,,,,,
394000,1527.1,0.000000,,,,,,,,
394100,1527.4,0.000000,,,,,,,,
394200,1527.9,0.000000,,,,,,,,
394300,1528.1,0.000000,,,,,,,,
394400,1528.5,0.000000,,,,,,,,
394500,1528.9,0.000000,,,,,,,,
394600,1529.2,0.000000,,,,,,,,
394700,1529.7,0.000000,,,,,,,,
394800,1530.0,0.000000,,,,,,,,
394900,1530.3,0.000000,,,,,,,,
395000,1532.1,0.000000,0.000000,2.291889e-02,4.375679e-04,3.327405e-04,0.000000,1.043720e-02,4.214962e-04,3.261580e-04
395100,1532.4,0.000000,,,,,,,,
395200,1532.6,0.000000,,,,,,,,
395300,1532.9,0.000000,,,,,,,,
395400,1533.4,0.000000,,,,,,,,
395500,1533.7,0.000000,,,,,,,,
395600,1534.0,0.000000,,,,,,,,
395700,1534.4,0.000000,,,,,,,,
395800,1534.7,0.000000,,,,,,,,
395900,1535.2,0.000000,,,,,,,,
396000,1535.5,0.000000,,,,,,,,
396100,1535.9,0.000000,,,,,,,,
396200,1536.2,0.000000,,,,,,,,
396300,1536.5,0.000000,,,,,,,,
396400,1536.9,0.000000,,,,,,,,
396500,1537.2,0.000000,,,,,,,,
396600,1537.7,0.000000,,,,,,,,
396700,1538.0,0.000000,,,,,,,,
396800,1538.3,0.000000,,,,,,,,
396900,1538.7,0.000000,,,,,,,,
397000,1539.0,0.000000,,,,,,,,
397100,1539.5,0.000000,,,,,,,,
397200,1539.7,0.000000,,,,,,,,
397300,1540.1,0.000000,,,,,,,,
397400,1540.5,0.000000,,,,,,,,
397500,1540.8,0.000000,,,,,,,,
397600,1541.3,0.000000,,,,,,,,
397700,1541.6,0.000000,,,,,,,,
397800,1542.0,0.000000,,,,,,,,
397900,1542.4,0.000000,,,,,,,,
398000,1542.7,0.000000,,,,,,,,
398100,1543.1,0.000000,,,,,,,,
398200,1543.4,0.000000,,,,,,,,
398300,1543.7,0.000000,,,,,,,,
398400,1544.2,0.000000,,,,,,,,
398500,1544.5,0.000000,,,,,,,,
398600,1544.9,0.000000,,,,,,,,
398700,1545.2,0.000000,,,,,,,,
398800,1545.5,0.000000,,,,,,,,
398900,1546.0,0.000000,,,,,,,,
399000,1546.3,0.000000,,,,,,,,
399100,1546.7,0.000000,,,,,,,,
399200,1547.0,0.000000,,,,,,,,
399300,1547.4,0.000000,,,,,,,,
399400,1547.8,0.000000,,,,,,,,
399500,1548.1,0.000000,,,,,,,,
399600,1548.5,0.000000,,,,,,,,
399700,1548.8,0.000000,,,,,,,,
399800,1549.2,0.000000,,,,,,,,
399900,1549.6,0.000000,,,,,,,,
400000,1551.3,0.000000,0.000000,2.074570e-02,4.341602e-04,3.294618e-04,0.000000,1.005073e-02,4.183947e-04,3.229407e-04
