step,elapsed_s,train_loss,eval_loss,max_abs_err,mean_abs_err,median_abs_err,frac_under_boyd,max_abs_err_bulk,mean_abs_err_bulk,median_abs_err_bulk
100,0.6,0.236836,,,,,,,,
200,0.9,0.120734,,,,,,,,
300,1.1,0.086310,,,,,,,,
400,1.4,0.079972,,,,,,,,
500,1.7,0.034849,,,,,,,,
600,2.0,0.004806,,,,,,,,
700,2.4,0.002254,,,,,,,,
800,2.8,0.001030,,,,,,,,
900,3.3,0.000804,,,,,,,,
1000,3.7,0.000350,,,,,,,,
1100,4.0,0.000217,,,,,,,,
1200,4.5,0.000232,,,,,,,,
1300,4.9,0.000112,,,,,,,,
1400,5.3,0.000564,,,,,,,,
1500,5.7,0.000092,,,,,,,,
1600,6.2,0.000073,,,,,,,,
1700,6.6,0.000330,,,,,,,,
1800,6.9,0.000119,,,,,,,,
1900,7.4,0.000049,,,,,,,,
2000,7.8,0.000044,,,,,,,,
2100,8.2,0.000188,,,,,,,,
2200,8.5,0.000053,,,,,,,,
2300,8.8,0.000039,,,,,,,,
2400,9.1,0.000029,,,,,,,,
2500,9.4,0.000091,,,,,,,,
2600,9.8,0.000045,,,,,,,,
2700,10.2,0.000058,,,,,,,,
2800,10.6,0.000046,,,,,,,,
2900,11.0,0.000026,,,,,,,,
3000,11.4,0.000162,,,,,,,,
3100,11.9,0.000056,,,,,,,,
3200,12.3,0.000022,,,,,,,,
3300,12.7,0.000029,,,,,,,,
3400,13.2,0.000051,,,,,,,,
3500,13.6,0.000044,,,,,,,,
3600,14.0,0.000081,,,,,,,,
3700,14.4,0.000031,,,,,,,,
3800,14.8,0.000046,,,,,,,,
3900,15.1,0.000065,,,,,,,,
4000,15.4,0.000030,,,,,,,,
4100,15.7,0.000039,,,,,,,,
4200,16.1,0.000023,,,,,,,,
4300,16.5,0.000025,,,,,,,,
4400,16.9,0.000106,,,,,,,,
4500,17.3,0.000067,,,,,,,,
4600,17.6,0.000019,,,,,,,,
4700,17.9,0.000032,,,,,,,,
4800,18.3,0.000044,,,,,,,,
4900,18.6,0.000030,,,,,,,,
5000,20.5,0.000026,0.000034,2.092614e+00,4.645099e-01,3.904165e-01,0.000000,1.991727e+00,4.435692e-01,3.737866e-01
5100,20.7,0.000024,,,,,,,,
5200,21.0,0.000030,,,,,,,,
5300,21.3,0.000023,,,,,,,,
5400,21.6,0.000029,,,,,,,,
5500,22.0,0.000048,,,,,,,,
5600,22.3,0.000038,,,,,,,,
5700,22.7,0.000031,,,,,,,,
5800,23.1,0.000028,,,,,,,,
5900,23.5,0.000022,,,,,,,,
6000,23.9,0.000042,,,,,,,,
6100,24.2,0.000026,,,,,,,,
6200,24.6,0.000028,,,,,,,,
6300,25.0,0.000021,,,,,,,,
6400,25.3,0.000023,,,,,,,,
6500,25.7,0.000021,,,,,,,,
6600,26.0,0.000033,,,,,,,,
6700,26.3,0.000018,,,,,,,,
6800,26.6,0.000044,,,,,,,,
6900,27.0,0.000052,,,,,,,,
7000,27.3,0.000021,,,,,,,,
7100,27.6,0.000016,,,,,,,,
7200,28.1,0.000017,,,,,,,,
7300,28.4,0.000023,,,,,,,,
7400,28.8,0.000026,,,,,,,,
7500,29.2,0.000020,,,,,,,,
7600,29.6,0.000020,,,,,,,,
7700,30.0,0.000061,,,,,,,,
7800,30.4,0.000023,,,,,,,,
7900,30.8,0.000019,,,,,,,,
8000,31.3,0.000027,,,,,,,,
8100,31.7,0.000024,,,,,,,,
8200,31.9,0.000020,,,,,,,,
8300,32.2,0.000021,,,,,,,,
8400,32.5,0.000046,,,,,,,,
8500,32.9,0.000030,,,,,,,,
8600,33.2,0.000044,,,,,,,,
8700,33.6,0.000020,,,,,,,,
8800,34.0,0.000018,,,,,,,,
8900,34.4,0.000033,,,,,,,,
9000,34.8,0.000026,,,,,,,,
9100,35.1,0.000021,,,,,,,,
9200,35.6,0.000021,,,,,,,,
9300,36.0,0.000024,,,,,,,,
9400,36.4,0.000033,,,,,,,,
9500,36.9,0.000026,,,,,,,,
9600,37.3,0.000022,,,,,,,,
9700,37.7,0.000043,,,,,,,,
9800,38.1,0.000018,,,,,,,,
9900,38.4,0.000027,,,,,,,,
10000,39.9,0.000018,0.000022,1.564672e+00,3.813722e-01,3.220702e-01,0.000000,1.560713e+00,3.565018e-01,3.034935e-01
10100,40.2,0.000047,,,,,,,,
10200,40.4,0.000032,,,,,,,,
10300,40.6,0.000022,,,,,,,,
10400,40.8,0.000029,,,,,,,,
10500,41.0,0.000022,,,,,,,,
10600,41.2,0.000019,,,,,,,,
10700,41.4,0.000019,,,,,,,,
10800,41.6,0.000023,,,,,,,,
10900,41.8,0.000024,,,,,,,,
11000,42.0,0.000017,,,,,,,,
11100,42.3,0.000028,,,,,,,,
11200,42.6,0.000020,,,,,,,,
11300,42.9,0.000028,,,,,,,,
11400,43.3,0.000024,,,,,,,,
11500,43.7,0.000017,,,,,,,,
11600,44.1,0.000026,,,,,,,,
11700,44.5,0.000020,,,,,,,,
11800,44.9,0.000022,,,,,,,,
11900,45.2,0.000018,,,,,,,,
12000,45.5,0.000026,,,,,,,,
12100,45.8,0.000019,,,,,,,,
12200,46.1,0.000029,,,,,,,,
12300,46.5,0.000019,,,,,,,,
12400,46.9,0.000018,,,,,,,,
12500,47.3,0.000015,,,,,,,,
12600,47.7,0.000032,,,,,,,,
12700,48.1,0.000026,,,,,,,,
12800,48.5,0.000035,,,,,,,,
12900,48.9,0.000018,,,,,,,,
13000,49.3,0.000026,,,,,,,,
13100,49.6,0.000020,,,,,,,,
13200,50.0,0.000020,,,,,,,,
13300,50.4,0.000024,,,,,,,,
13400,50.8,0.000024,,,,,,,,
13500,51.2,0.000022,,,,,,,,
13600,51.6,0.000046,,,,,,,,
13700,52.0,0.000035,,,,,,,,
13800,52.4,0.000035,,,,,,,,
13900,52.7,0.000020,,,,,,,,
14000,52.9,0.000021,,,,,,,,
14100,53.1,0.000015,,,,,,,,
14200,53.3,0.000031,,,,,,,,
14300,53.5,0.000029,,,,,,,,
14400,53.7,0.000023,,,,,,,,
14500,53.9,0.000020,,,,,,,,
14600,54.1,0.000021,,,,,,,,
14700,54.3,0.000037,,,,,,,,
14800,54.5,0.000045,,,,,,,,
14900,54.8,0.000016,,,,,,,,
15000,56.1,0.000021,0.000018,1.396868e+00,3.326965e-01,2.689684e-01,0.000000,1.341792e+00,3.036660e-01,2.448451e-01
15100,56.3,0.000020,,,,,,,,
15200,56.5,0.000020,,,,,,,,
15300,56.8,0.000024,,,,,,,,
15400,57.0,0.000017,,,,,,,,
15500,57.2,0.000025,,,,,,,,
15600,57.4,0.000028,,,,,,,,
15700,57.7,0.000018,,,,,,,,
15800,57.9,0.000017,,,,,,,,
15900,58.1,0.000019,,,,,,,,
16000,58.3,0.000021,,,,,,,,
16100,58.5,0.000015,,,,,,,,
16200,58.7,0.000019,,,,,,,,
16300,58.9,0.000019,,,,,,,,
16400,59.1,0.000021,,,,,,,,
16500,59.3,0.000033,,,,,,,,
16600,59.5,0.000017,,,,,,,,
16700,59.8,0.000018,,,,,,,,
16800,60.0,0.000017,,,,,,,,
16900,60.2,0.000019,,,,,,,,
17000,60.4,0.000015,,,,,,,,
17100,60.7,0.000018,,,,,,,,
17200,60.9,0.000034,,,,,,,,
17300,61.1,0.000028,,,,,,,,
17400,61.3,0.000019,,,,,,,,
17500,61.6,0.000017,,,,,,,,
17600,61.8,0.000018,,,,,,,,
17700,62.0,0.000015,,,,,,,,
17800,62.2,0.000019,,,,,,,,
17900,62.4,0.000017,,,,,,,,
18000,62.6,0.000021,,,,,,,,
18100,62.8,0.000018,,,,,,,,
18200,63.0,0.000028,,,,,,,,
18300,63.2,0.000016,,,,,,,,
18400,63.4,0.000021,,,,,,,,
18500,63.7,0.000020,,,,,,,,
18600,63.9,0.000018,,,,,,,,
18700,64.1,0.000016,,,,,,,,
18800,64.3,0.000052,,,,,,,,
18900,64.5,0.000034,,,,,,,,
19000,64.7,0.000016,,,,,,,,
19100,64.9,0.000020,,,,,,,,
19200,65.2,0.000018,,,,,,,,
19300,65.4,0.000016,,,,,,,,
19400,65.6,0.000017,,,,,,,,
19500,65.8,0.000020,,,,,,,,
19600,66.0,0.000017,,,,,,,,
19700,66.2,0.000016,,,,,,,,
19800,66.5,0.000038,,,,,,,,
19900,66.7,0.000020,,,,,,,,
20000,68.1,0.000024,0.000020,1.420462e+00,3.580371e-01,2.987516e-01,0.000000,1.409683e+00,3.318833e-01,2.814241e-01
20100,68.3,0.000015,,,,,,,,
20200,68.6,0.000022,,,,,,,,
20300,68.8,0.000024,,,,,,,,
20400,69.0,0.000019,,,,,,,,
20500,69.2,0.000016,,,,,,,,
20600,69.5,0.000030,,,,,,,,
20700,69.7,0.000017,,,,,,,,
20800,69.9,0.000017,,,,,,,,
20900,70.1,0.000023,,,,,,,,
21000,70.3,0.000019,,,,,,,,
21100,70.6,0.000040,,,,,,,,
21200,70.8,0.000019,,,,,,,,
21300,71.0,0.000023,,,,,,,,
21400,71.2,0.000025,,,,,,,,
21500,71.4,0.000016,,,,,,,,
21600,71.7,0.000016,,,,,,,,
21700,71.9,0.000016,,,,,,,,
21800,72.1,0.000024,,,,,,,,
21900,72.3,0.000023,,,,,,,,
22000,72.5,0.000018,,,,,,,,
22100,72.7,0.000013,,,,,,,,
22200,73.0,0.000028,,,,,,,,
22300,73.2,0.000019,,,,,,,,
22400,73.4,0.000019,,,,,,,,
22500,73.6,0.000017,,,,,,,,
22600,73.8,0.000023,,,,,,,,
22700,74.0,0.000025,,,,,,,,
22800,74.2,0.000018,,,,,,,,
22900,74.4,0.000017,,,,,,,,
23000,74.7,0.000023,,,,,,,,
23100,74.9,0.000019,,,,,,,,
23200,75.1,0.000018,,,,,,,,
23300,75.3,0.000020,,,,,,,,
23400,75.5,0.000021,,,,,,,,
23500,75.8,0.000018,,,,,,,,
23600,76.0,0.000020,,,,,,,,
23700,76.2,0.000019,,,,,,,,
23800,76.4,0.000022,,,,,,,,
23900,76.6,0.000017,,,,,,,,
24000,76.9,0.000016,,,,,,,,
24100,77.1,0.000014,,,,,,,,
24200,77.3,0.000018,,,,,,,,
24300,77.5,0.000017,,,,,,,,
24400,77.7,0.000016,,,,,,,,
24500,77.9,0.000025,,,,,,,,
24600,78.1,0.000021,,,,,,,,
24700,78.4,0.000015,,,,,,,,
24800,78.6,0.000018,,,,,,,,
24900,78.8,0.000023,,,,,,,,
25000,80.2,0.000016,0.000018,1.315600e+00,3.378175e-01,2.795134e-01,0.000000,1.236354e+00,3.109028e-01,2.592475e-01
25100,80.4,0.000021,,,,,,,,
25200,80.7,0.000015,,,,,,,,
25300,80.9,0.000015,,,,,,,,
25400,81.1,0.000025,,,,,,,,
25500,81.3,0.000021,,,,,,,,
25600,81.5,0.000027,,,,,,,,
25700,81.7,0.000017,,,,,,,,
25800,81.9,0.000019,,,,,,,,
25900,82.2,0.000015,,,,,,,,
26000,82.4,0.000021,,,,,,,,
26100,82.7,0.000022,,,,,,,,
26200,82.9,0.000017,,,,,,,,
26300,83.2,0.000021,,,,,,,,
26400,83.5,0.000015,,,,,,,,
26500,83.9,0.000016,,,,,,,,
26600,84.3,0.000017,,,,,,,,
26700,84.7,0.000019,,,,,,,,
26800,85.0,0.000028,,,,,,,,
26900,85.3,0.000016,,,,,,,,
27000,85.7,0.000018,,,,,,,,
27100,86.2,0.000025,,,,,,,,
27200,86.6,0.000017,,,,,,,,
27300,87.0,0.000018,,,,,,,,
27400,87.5,0.000026,,,,,,,,
27500,87.9,0.000020,,,,,,,,
27600,88.3,0.000021,,,,,,,,
27700,88.6,0.000017,,,,,,,,
27800,89.0,0.000035,,,,,,,,
27900,89.4,0.000028,,,,,,,,
28000,89.7,0.000016,,,,,,,,
28100,90.0,0.000019,,,,,,,,
28200,90.3,0.000020,,,,,,,,
28300,90.6,0.000016,,,,,,,,
28400,90.9,0.000024,,,,,,,,
28500,91.2,0.000020,,,,,,,,
28600,91.5,0.000018,,,,,,,,
28700,91.8,0.000025,,,,,,,,
28800,92.2,0.000020,,,,,,,,
28900,92.6,0.000030,,,,,,,,
29000,93.0,0.000025,,,,,,,,
29100,93.3,0.000016,,,,,,,,
29200,93.7,0.000016,,,,,,,,
29300,94.0,0.000018,,,,,,,,
29400,94.3,0.000015,,,,,,,,
29500,94.6,0.000016,,,,,,,,
29600,95.0,0.000030,,,,,,,,
29700,95.3,0.000014,,,,,,,,
29800,95.7,0.000017,,,,,,,,
29900,96.1,0.000021,,,,,,,,
30000,97.7,0.000017,0.000018,1.338726e+00,3.405047e-01,2.786977e-01,0.000000,1.303015e+00,3.138729e-01,2.597487e-01
30100,97.9,0.000020,,,,,,,,
30200,98.1,0.000016,,,,,,,,
30300,98.4,0.000018,,,,,,,,
30400,98.6,0.000016,,,,,,,,
30500,98.9,0.000019,,,,,,,,
30600,99.1,0.000017,,,,,,,,
30700,99.4,0.000016,,,,,,,,
30800,99.6,0.000025,,,,,,,,
30900,100.0,0.000023,,,,,,,,
31000,100.3,0.000016,,,,,,,,
31100,100.8,0.000013,,,,,,,,
31200,101.2,0.000016,,,,,,,,
31300,101.5,0.000018,,,,,,,,
31400,102.0,0.000018,,,,,,,,
31500,102.4,0.000023,,,,,,,,
31600,102.7,0.000017,,,,,,,,
31700,103.1,0.000024,,,,,,,,
31800,103.4,0.000020,,,,,,,,
31900,103.8,0.000018,,,,,,,,
32000,104.2,0.000021,,,,,,,,
32100,104.7,0.000021,,,,,,,,
32200,105.1,0.000018,,,,,,,,
32300,105.5,0.000013,,,,,,,,
32400,105.8,0.000017,,,,,,,,
32500,106.3,0.000017,,,,,,,,
32600,106.7,0.000019,,,,,,,,
32700,107.1,0.000021,,,,,,,,
32800,107.5,0.000016,,,,,,,,
32900,107.9,0.000015,,,,,,,,
33000,108.3,0.000018,,,,,,,,
33100,108.6,0.000020,,,,,,,,
33200,109.0,0.000027,,,,,,,,
33300,109.4,0.000025,,,,,,,,
33400,109.7,0.000018,,,,,,,,
33500,110.1,0.000012,,,,,,,,
33600,110.6,0.000017,,,,,,,,
33700,110.8,0.000016,,,,,,,,
33800,111.1,0.000016,,,,,,,,
33900,111.3,0.000015,,,,,,,,
34000,111.6,0.000014,,,,,,,,
34100,111.8,0.000016,,,,,,,,
34200,112.1,0.000015,,,,,,,,
34300,112.3,0.000018,,,,,,,,
34400,112.5,0.000017,,,,,,,,
34500,112.7,0.000014,,,,,,,,
34600,112.9,0.000016,,,,,,,,
34700,113.2,0.000024,,,,,,,,
34800,113.4,0.000016,,,,,,,,
34900,113.7,0.000017,,,,,,,,
35000,115.0,0.000017,0.000017,1.345927e+00,3.231110e-01,2.644806e-01,0.000000,1.234017e+00,2.964127e-01,2.460485e-01
35100,115.2,0.000018,,,,,,,,
35200,115.4,0.000014,,,,,,,,
35300,115.6,0.000025,,,,,,,,
35400,115.8,0.000016,,,,,,,,
35500,116.0,0.000018,,,,,,,,
35600,116.3,0.000017,,,,,,,,
35700,116.5,0.000014,,,,,,,,
35800,116.8,0.000017,,,,,,,,
35900,117.1,0.000017,,,,,,,,
36000,117.3,0.000016,,,,,,,,
36100,117.6,0.000017,,,,,,,,
36200,117.9,0.000018,,,,,,,,
36300,118.2,0.000021,,,,,,,,
36400,118.6,0.000016,,,,,,,,
36500,119.0,0.000015,,,,,,,,
36600,119.5,0.000019,,,,,,,,
36700,119.9,0.000022,,,,,,,,
36800,120.4,0.000016,,,,,,,,
36900,120.8,0.000016,,,,,,,,
37000,121.3,0.000020,,,,,,,,
37100,121.7,0.000023,,,,,,,,
37200,122.0,0.000023,,,,,,,,
37300,122.4,0.000029,,,,,,,,
37400,122.7,0.000016,,,,,,,,
37500,123.1,0.000016,,,,,,,,
37600,123.5,0.000015,,,,,,,,
37700,123.9,0.000018,,,,,,,,
37800,124.3,0.000015,,,,,,,,
37900,124.7,0.000016,,,,,,,,
38000,125.1,0.000019,,,,,,,,
38100,125.5,0.000018,,,,,,,,
38200,125.9,0.000017,,,,,,,,
38300,126.3,0.000022,,,,,,,,
38400,126.6,0.000022,,,,,,,,
38500,126.9,0.000018,,,,,,,,
38600,127.3,0.000016,,,,,,,,
38700,127.6,0.000023,,,,,,,,
38800,128.0,0.000017,,,,,,,,
38900,128.3,0.000015,,,,,,,,
39000,128.6,0.000024,,,,,,,,
39100,128.8,0.000014,,,,,,,,
39200,129.2,0.000022,,,,,,,,
39300,129.6,0.000020,,,,,,,,
39400,130.1,0.000020,,,,,,,,
39500,130.5,0.000017,,,,,,,,
39600,131.0,0.000018,,,,,,,,
39700,131.4,0.000014,,,,,,,,
39800,131.8,0.000021,,,,,,,,
39900,132.2,0.000014,,,,,,,,
40000,133.8,0.000016,0.000019,1.409148e+00,3.503276e-01,2.948739e-01,0.000000,1.342688e+00,3.258738e-01,2.768465e-01
40100,134.1,0.000016,,,,,,,,
40200,134.3,0.000017,,,,,,,,
40300,134.7,0.000020,,,,,,,,
40400,135.1,0.000025,,,,,,,,
40500,135.6,0.000013,,,,,,,,
40600,136.0,0.000026,,,,,,,,
40700,136.5,0.000016,,,,,,,,
40800,136.9,0.000015,,,,,,,,
40900,137.4,0.000022,,,,,,,,
41000,137.8,0.000016,,,,,,,,
41100,138.3,0.000016,,,,,,,,
41200,138.7,0.000017,,,,,,,,
41300,139.2,0.000018,,,,,,,,
41400,139.7,0.000018,,,,,,,,
41500,140.1,0.000015,,,,,,,,
41600,140.5,0.000023,,,,,,,,
41700,140.8,0.000015,,,,,,,,
41800,141.2,0.000017,,,,,,,,
41900,141.7,0.000018,,,,,,,,
42000,142.1,0.000021,,,,,,,,
42100,142.5,0.000017,,,,,,,,
42200,142.9,0.000015,,,,,,,,
42300,143.3,0.000017,,,,,,,,
42400,143.7,0.000017,,,,,,,,
42500,144.1,0.000019,,,,,,,,
42600,144.6,0.000022,,,,,,,,
42700,144.9,0.000024,,,,,,,,
42800,145.3,0.000017,,,,,,,,
42900,145.8,0.000018,,,,,,,,
43000,146.1,0.000015,,,,,,,,
43100,146.5,0.000022,,,,,,,,
43200,146.8,0.000018,,,,,,,,
43300,147.1,0.000022,,,,,,,,
43400,147.4,0.000017,,,,,,,,
43500,147.8,0.000014,,,,,,,,
43600,148.2,0.000020,,,,,,,,
43700,148.6,0.000016,,,,,,,,
43800,149.0,0.000017,,,,,,,,
43900,149.4,0.000023,,,,,,,,
44000,149.8,0.000034,,,,,,,,
44100,150.2,0.000022,,,,,,,,
44200,150.6,0.000015,,,,,,,,
44300,151.1,0.000013,,,,,,,,
44400,151.5,0.000017,,,,,,,,
44500,151.9,0.000015,,,,,,,,
44600,152.3,0.000016,,,,,,,,
44700,152.6,0.000019,,,,,,,,
44800,153.0,0.000019,,,,,,,,
44900,153.4,0.000021,,,,,,,,
45000,155.0,0.000027,0.000017,1.613630e+00,3.279784e-01,2.705823e-01,0.000000,1.613630e+00,3.017977e-01,2.504546e-01
45100,155.2,0.000019,,,,,,,,
45200,155.4,0.000020,,,,,,,,
45300,155.7,0.000014,,,,,,,,
45400,155.9,0.000016,,,,,,,,
45500,156.2,0.000021,,,,,,,,
45600,156.5,0.000019,,,,,,,,
45700,156.9,0.000025,,,,,,,,
45800,157.3,0.000017,,,,,,,,
45900,157.7,0.000019,,,,,,,,
46000,158.1,0.000022,,,,,,,,
46100,158.4,0.000020,,,,,,,,
46200,158.9,0.000014,,,,,,,,
46300,159.2,0.000016,,,,,,,,
46400,159.6,0.000026,,,,,,,,
46500,160.0,0.000017,,,,,,,,
46600,160.5,0.000016,,,,,,,,
46700,160.9,0.000015,,,,,,,,
46800,161.3,0.000022,,,,,,,,
46900,161.7,0.000015,,,,,,,,
47000,162.0,0.000018,,,,,,,,
47100,162.4,0.000023,,,,,,,,
47200,162.8,0.000019,,,,,,,,
47300,163.2,0.000017,,,,,,,,
47400,163.6,0.000020,,,,,,,,
47500,164.0,0.000016,,,,,,,,
47600,164.4,0.000020,,,,,,,,
47700,164.8,0.000013,,,,,,,,
47800,165.2,0.000016,,,,,,,,
47900,165.7,0.000022,,,,,,,,
48000,166.1,0.000018,,,,,,,,
48100,166.5,0.000013,,,,,,,,
48200,166.9,0.000015,,,,,,,,
48300,167.3,0.000013,,,,,,,,
48400,167.8,0.000019,,,,,,,,
48500,168.1,0.000017,,,,,,,,
48600,168.5,0.000016,,,,,,,,
48700,169.0,0.000018,,,,,,,,
48800,169.4,0.000018,,,,,,,,
48900,169.9,0.000017,,,,,,,,
49000,170.3,0.000021,,,,,,,,
49100,170.7,0.000017,,,,,,,,
49200,171.1,0.000018,,,,,,,,
49300,171.6,0.000016,,,,,,,,
49400,172.0,0.000018,,,,,,,,
49500,172.4,0.000017,,,,,,,,
49600,172.9,0.000019,,,,,,,,
49700,173.3,0.000015,,,,,,,,
49800,173.7,0.000016,,,,,,,,
49900,174.1,0.000024,,,,,,,,
50000,175.6,0.000015,0.000017,1.392308e+00,3.213139e-01,2.644367e-01,0.000000,1.284515e+00,2.966438e-01,2.466961e-01
50100,175.9,0.000017,,,,,,,,
50200,176.1,0.000014,,,,,,,,
50300,176.3,0.000018,,,,,,,,
50400,176.7,0.000016,,,,,,,,
50500,177.0,0.000016,,,,,,,,
50600,177.5,0.000021,,,,,,,,
50700,177.9,0.000016,,,,,,,,
50800,178.3,0.000024,,,,,,,,
50900,178.7,0.000014,,,,,,,,
51000,179.1,0.000021,,,,,,,,
51100,179.5,0.000016,,,,,,,,
51200,179.9,0.000016,,,,,,,,
51300,180.3,0.000020,,,,,,,,
51400,180.7,0.000018,,,,,,,,
51500,181.1,0.000013,,,,,,,,
51600,181.4,0.000018,,,,,,,,
51700,181.8,0.000017,,,,,,,,
51800,182.3,0.000014,,,,,,,,
51900,182.7,0.000016,,,,,,,,
52000,183.0,0.000013,,,,,,,,
52100,183.4,0.000021,,,,,,,,
52200,183.8,0.000015,,,,,,,,
52300,184.2,0.000016,,,,,,,,
52400,184.6,0.000019,,,,,,,,
52500,184.9,0.000016,,,,,,,,
52600,185.3,0.000014,,,,,,,,
52700,185.7,0.000016,,,,,,,,
52800,186.1,0.000032,,,,,,,,
52900,186.5,0.000013,,,,,,,,
53000,186.9,0.000014,,,,,,,,
53100,187.3,0.000015,,,,,,,,
53200,187.7,0.000014,,,,,,,,
53300,188.1,0.000017,,,,,,,,
53400,188.4,0.000013,,,,,,,,
53500,188.8,0.000017,,,,,,,,
53600,189.2,0.000017,,,,,,,,
53700,189.6,0.000018,,,,,,,,
53800,189.9,0.000015,,,,,,,,
53900,190.3,0.000024,,,,,,,,
54000,190.7,0.000015,,,,,,,,
54100,191.1,0.000015,,,,,,,,
54200,191.5,0.000015,,,,,,,,
54300,191.9,0.000016,,,,,,,,
54400,192.4,0.000016,,,,,,,,
54500,192.8,0.000015,,,,,,,,
54600,193.3,0.000017,,,,,,,,
54700,193.7,0.000015,,,,,,,,
54800,194.0,0.000023,,,,,,,,
54900,194.4,0.000013,,,,,,,,
55000,196.1,0.000012,0.000014,1.345456e+00,2.975831e-01,2.408467e-01,0.000000,1.233428e+00,2.731159e-01,2.246217e-01
55100,196.3,0.000017,,,,,,,,
55200,196.5,0.000019,,,,,,,,
55300,196.8,0.000014,,,,,,,,
55400,197.2,0.000013,,,,,,,,
55500,197.6,0.000023,,,,,,,,
55600,198.0,0.000014,,,,,,,,
55700,198.4,0.000013,,,,,,,,
55800,198.8,0.000016,,,,,,,,
55900,199.2,0.000014,,,,,,,,
56000,199.5,0.000022,,,,,,,,
56100,199.9,0.000024,,,,,,,,
56200,200.3,0.000019,,,,,,,,
56300,200.6,0.000018,,,,,,,,
56400,201.0,0.000021,,,,,,,,
56500,201.4,0.000016,,,,,,,,
56600,201.8,0.000017,,,,,,,,
56700,202.1,0.000014,,,,,,,,
56800,202.6,0.000014,,,,,,,,
56900,203.0,0.000012,,,,,,,,
57000,203.4,0.000017,,,,,,,,
57100,203.8,0.000021,,,,,,,,
57200,204.2,0.000013,,,,,,,,
57300,204.6,0.000012,,,,,,,,
57400,205.0,0.000016,,,,,,,,
57500,205.4,0.000016,,,,,,,,
57600,205.9,0.000016,,,,,,,,
57700,206.3,0.000017,,,,,,,,
57800,206.7,0.000016,,,,,,,,
57900,207.0,0.000014,,,,,,,,
58000,207.3,0.000018,,,,,,,,
58100,207.7,0.000019,,,,,,,,
58200,208.0,0.000014,,,,,,,,
58300,208.3,0.000016,,,,,,,,
58400,208.6,0.000030,,,,,,,,
58500,209.0,0.000024,,,,,,,,
58600,209.3,0.000013,,,,,,,,
58700,209.6,0.000014,,,,,,,,
58800,209.9,0.000018,,,,,,,,
58900,210.3,0.000021,,,,,,,,
59000,210.7,0.000021,,,,,,,,
59100,211.1,0.000016,,,,,,,,
59200,211.5,0.000014,,,,,,,,
59300,211.9,0.000013,,,,,,,,
59400,212.2,0.000012,,,,,,,,
59500,212.6,0.000015,,,,,,,,
59600,213.0,0.000017,,,,,,,,
59700,213.4,0.000021,,,,,,,,
59800,213.8,0.000014,,,,,,,,
59900,214.2,0.000013,,,,,,,,
60000,215.8,0.000013,0.000013,1.390062e+00,2.857467e-01,2.232701e-01,0.000000,1.281759e+00,2.611212e-01,2.080888e-01
60100,216.0,0.000014,,,,,,,,
60200,216.2,0.000016,,,,,,,,
60300,216.4,0.000013,,,,,,,,
60400,216.6,0.000017,,,,,,,,
60500,216.8,0.000016,,,,,,,,
60600,217.1,0.000013,,,,,,,,
60700,217.3,0.000015,,,,,,,,
60800,217.6,0.000015,,,,,,,,
60900,218.0,0.000015,,,,,,,,
61000,218.3,0.000023,,,,,,,,
61100,218.8,0.000017,,,,,,,,
61200,219.2,0.000015,,,,,,,,
61300,219.6,0.000017,,,,,,,,
61400,220.0,0.000015,,,,,,,,
61500,220.4,0.000017,,,,,,,,
61600,220.8,0.000017,,,,,,,,
61700,221.1,0.000014,,,,,,,,
61800,221.5,0.000018,,,,,,,,
61900,221.9,0.000013,,,,,,,,
62000,222.2,0.000021,,,,,,,,
62100,222.6,0.000019,,,,,,,,
62200,223.1,0.000014,,,,,,,,
62300,223.4,0.000016,,,,,,,,
62400,223.8,0.000014,,,,,,,,
62500,224.1,0.000015,,,,,,,,
62600,224.5,0.000013,,,,,,,,
62700,224.9,0.000012,,,,,,,,
62800,225.2,0.000026,,,,,,,,
62900,225.7,0.000012,,,,,,,,
63000,226.0,0.000016,,,,,,,,
63100,226.4,0.000016,,,,,,,,
63200,226.8,0.000016,,,,,,,,
63300,227.2,0.000012,,,,,,,,
63400,227.5,0.000014,,,,,,,,
63500,228.0,0.000016,,,,,,,,
63600,228.4,0.000013,,,,,,,,
63700,228.8,0.000013,,,,,,,,
63800,229.2,0.000016,,,,,,,,
63900,229.6,0.000016,,,,,,,,
64000,230.0,0.000018,,,,,,,,
64100,230.3,0.000014,,,,,,,,
64200,230.6,0.000018,,,,,,,,
64300,231.0,0.000014,,,,,,,,
64400,231.3,0.000016,,,,,,,,
64500,231.7,0.000014,,,,,,,,
64600,232.1,0.000019,,,,,,,,
64700,232.5,0.000018,,,,,,,,
64800,232.9,0.000015,,,,,,,,
64900,233.2,0.000020,,,,,,,,
65000,234.8,0.000016,0.000013,1.334656e+00,2.803479e-01,2.189039e-01,0.000000,1.162503e+00,2.556623e-01,2.024080e-01
65100,235.0,0.000016,,,,,,,,
65200,235.2,0.000013,,,,,,,,
65300,235.5,0.000014,,,,,,,,
65400,235.7,0.000014,,,,,,,,
65500,236.0,0.000018,,,,,,,,
65600,236.2,0.000017,,,,,,,,
65700,236.4,0.000016,,,,,,,,
65800,236.6,0.000014,,,,,,,,
65900,236.9,0.000016,,,,,,,,
66000,237.1,0.000012,,,,,,,,
66100,237.4,0.000018,,,,,,,,
66200,237.7,0.000013,,,,,,,,
66300,238.0,0.000020,,,,,,,,
66400,238.2,0.000012,,,,,,,,
66500,238.6,0.000013,,,,,,,,
66600,238.9,0.000015,,,,,,,,
66700,239.3,0.000018,,,,,,,,
66800,239.7,0.000019,,,,,,,,
66900,240.1,0.000018,,,,,,,,
67000,240.6,0.000019,,,,,,,,
67100,241.0,0.000020,,,,,,,,
67200,241.3,0.000014,,,,,,,,
67300,241.8,0.000012,,,,,,,,
67400,242.2,0.000014,,,,,,,,
67500,242.6,0.000015,,,,,,,,
67600,242.9,0.000013,,,,,,,,
67700,243.3,0.000024,,,,,,,,
67800,243.7,0.000015,,,,,,,,
67900,244.1,0.000016,,,,,,,,
68000,244.4,0.000014,,,,,,,,
68100,244.7,0.000014,,,,,,,,
68200,245.0,0.000016,,,,,,,,
68300,245.3,0.000014,,,,,,,,
68400,245.7,0.000016,,,,,,,,
68500,246.1,0.000016,,,,,,,,
68600,246.5,0.000013,,,,,,,,
68700,246.9,0.000016,,,,,,,,
68800,247.2,0.000014,,,,,,,,
68900,247.7,0.000012,,,,,,,,
69000,248.1,0.000015,,,,,,,,
69100,248.5,0.000015,,,,,,,,
69200,248.9,0.000012,,,,,,,,
69300,249.3,0.000010,,,,,,,,
69400,249.7,0.000014,,,,,,,,
69500,250.1,0.000016,,,,,,,,
69600,250.5,0.000023,,,,,,,,
69700,250.9,0.000015,,,,,,,,
69800,251.3,0.000022,,,,,,,,
69900,251.7,0.000015,,,,,,,,
70000,253.2,0.000017,0.000015,1.347331e+00,3.074758e-01,2.481324e-01,0.000000,1.295747e+00,2.841536e-01,2.322168e-01
70100,253.4,0.000015,,,,,,,,
70200,253.6,0.000013,,,,,,,,
70300,253.8,0.000016,,,,,,,,
70400,254.0,0.000016,,,,,,,,
70500,254.3,0.000015,,,,,,,,
70600,254.5,0.000018,,,,,,,,
70700,254.8,0.000017,,,,,,,,
70800,255.1,0.000013,,,,,,,,
70900,255.5,0.000013,,,,,,,,
71000,255.8,0.000017,,,,,,,,
71100,256.1,0.000015,,,,,,,,
71200,256.4,0.000015,,,,,,,,
71300,256.7,0.000015,,,,,,,,
71400,257.0,0.000014,,,,,,,,
71500,257.2,0.000017,,,,,,,,
71600,257.4,0.000018,,,,,,,,
71700,257.7,0.000017,,,,,,,,
71800,258.0,0.000015,,,,,,,,
71900,258.3,0.000013,,,,,,,,
72000,258.6,0.000015,,,,,,,,
72100,259.0,0.000013,,,,,,,,
72200,259.3,0.000014,,,,,,,,
72300,259.7,0.000013,,,,,,,,
72400,260.2,0.000012,,,,,,,,
72500,260.5,0.000010,,,,,,,,
72600,260.9,0.000015,,,,,,,,
72700,261.3,0.000013,,,,,,,,
72800,261.8,0.000020,,,,,,,,
72900,262.1,0.000012,,,,,,,,
73000,262.6,0.000019,,,,,,,,
73100,263.0,0.000012,,,,,,,,
73200,263.3,0.000014,,,,,,,,
73300,263.8,0.000013,,,,,,,,
73400,264.2,0.000023,,,,,,,,
73500,264.6,0.000013,,,,,,,,
73600,265.0,0.000022,,,,,,,,
73700,265.3,0.000014,,,,,,,,
73800,265.8,0.000013,,,,,,,,
73900,266.2,0.000016,,,,,,,,
74000,266.5,0.000014,,,,,,,,
74100,266.9,0.000015,,,,,,,,
74200,267.2,0.000012,,,,,,,,
74300,267.6,0.000017,,,,,,,,
74400,268.0,0.000015,,,,,,,,
74500,268.5,0.000018,,,,,,,,
74600,268.9,0.000016,,,,,,,,
74700,269.2,0.000015,,,,,,,,
74800,269.6,0.000013,,,,,,,,
74900,270.0,0.000013,,,,,,,,
75000,271.6,0.000014,0.000017,1.483283e+00,3.331159e-01,2.824004e-01,0.000000,1.351780e+00,3.129513e-01,2.686307e-01
75100,271.8,0.000011,,,,,,,,
75200,272.0,0.000015,,,,,,,,
75300,272.2,0.000016,,,,,,,,
75400,272.5,0.000015,,,,,,,,
75500,272.8,0.000015,,,,,,,,
75600,273.1,0.000014,,,,,,,,
75700,273.5,0.000014,,,,,,,,
75800,273.9,0.000017,,,,,,,,
75900,274.3,0.000013,,,,,,,,
76000,274.7,0.000014,,,,,,,,
76100,275.0,0.000013,,,,,,,,
76200,275.4,0.000017,,,,,,,,
76300,275.7,0.000014,,,,,,,,
76400,276.0,0.000014,,,,,,,,
76500,276.4,0.000015,,,,,,,,
76600,276.9,0.000016,,,,,,,,
76700,277.3,0.000013,,,,,,,,
76800,277.7,0.000011,,,,,,,,
76900,278.1,0.000019,,,,,,,,
77000,278.5,0.000019,,,,,,,,
77100,278.9,0.000016,,,,,,,,
77200,279.3,0.000011,,,,,,,,
77300,279.6,0.000014,,,,,,,,
77400,279.9,0.000019,,,,,,,,
77500,280.1,0.000020,,,,,,,,
77600,280.5,0.000015,,,,,,,,
77700,280.8,0.000013,,,,,,,,
77800,281.2,0.000012,,,,,,,,
77900,281.5,0.000015,,,,,,,,
78000,281.9,0.000015,,,,,,,,
78100,282.2,0.000013,,,,,,,,
78200,282.6,0.000014,,,,,,,,
78300,283.0,0.000013,,,,,,,,
78400,283.3,0.000013,,,,,,,,
78500,283.7,0.000013,,,,,,,,
78600,284.1,0.000012,,,,,,,,
78700,284.5,0.000027,,,,,,,,
78800,284.9,0.000013,,,,,,,,
78900,285.3,0.000013,,,,,,,,
79000,285.7,0.000015,,,,,,,,
79100,286.0,0.000016,,,,,,,,
79200,286.4,0.000016,,,,,,,,
79300,286.8,0.000018,,,,,,,,
79400,287.2,0.000016,,,,,,,,
79500,287.5,0.000019,,,,,,,,
79600,287.9,0.000016,,,,,,,,
79700,288.3,0.000014,,,,,,,,
79800,288.7,0.000016,,,,,,,,
79900,289.1,0.000013,,,,,,,,
80000,290.6,0.000011,0.000015,1.562828e+00,2.981196e-01,2.393270e-01,0.000000,1.414227e+00,2.764404e-01,2.259580e-01
80100,290.8,0.000014,,,,,,,,
80200,291.0,0.000029,,,,,,,,
80300,291.2,0.000021,,,,,,,,
80400,291.4,0.000014,,,,,,,,
80500,291.7,0.000011,,,,,,,,
80600,292.0,0.000015,,,,,,,,
80700,292.3,0.000016,,,,,,,,
80800,292.7,0.000015,,,,,,,,
80900,293.1,0.000014,,,,,,,,
81000,293.5,0.000015,,,,,,,,
81100,293.9,0.000015,,,,,,,,
81200,294.4,0.000016,,,,,,,,
81300,294.7,0.000017,,,,,,,,
81400,295.1,0.000016,,,,,,,,
81500,295.6,0.000014,,,,,,,,
81600,296.0,0.000014,,,,,,,,
81700,296.4,0.000011,,,,,,,,
81800,296.8,0.000014,,,,,,,,
81900,297.1,0.000015,,,,,,,,
82000,297.5,0.000015,,,,,,,,
82100,297.9,0.000012,,,,,,,,
82200,298.3,0.000012,,,,,,,,
82300,298.8,0.000017,,,,,,,,
82400,299.2,0.000011,,,,,,,,
82500,299.5,0.000019,,,,,,,,
82600,299.9,0.000015,,,,,,,,
82700,300.3,0.000011,,,,,,,,
82800,300.7,0.000015,,,,,,,,
82900,301.0,0.000015,,,,,,,,
83000,301.4,0.000020,,,,,,,,
83100,301.7,0.000012,,,,,,,,
83200,302.1,0.000016,,,,,,,,
83300,302.4,0.000013,,,,,,,,
83400,302.8,0.000014,,,,,,,,
83500,303.3,0.000012,,,,,,,,
83600,303.7,0.000012,,,,,,,,
83700,304.1,0.000014,,,,,,,,
83800,304.4,0.000013,,,,,,,,
83900,304.8,0.000014,,,,,,,,
84000,305.2,0.000016,,,,,,,,
84100,305.5,0.000013,,,,,,,,
84200,305.9,0.000012,,,,,,,,
84300,306.3,0.000012,,,,,,,,
84400,306.8,0.000013,,,,,,,,
84500,307.1,0.000013,,,,,,,,
84600,307.5,0.000013,,,,,,,,
84700,307.9,0.000015,,,,,,,,
84800,308.3,0.000017,,,,,,,,
84900,308.8,0.000013,,,,,,,,
85000,310.3,0.000012,0.000018,1.536696e+00,3.345115e-01,2.793167e-01,0.000000,1.434371e+00,3.157235e-01,2.657555e-01
85100,310.6,0.000014,,,,,,,,
85200,310.8,0.000013,,,,,,,,
85300,311.0,0.000011,,,,,,,,
85400,311.2,0.000016,,,,,,,,
85500,311.4,0.000012,,,,,,,,
85600,311.7,0.000018,,,,,,,,
85700,311.9,0.000015,,,,,,,,
85800,312.1,0.000011,,,,,,,,
85900,312.4,0.000014,,,,,,,,
86000,312.6,0.000021,,,,,,,,
86100,312.8,0.000022,,,,,,,,
86200,313.0,0.000012,,,,,,,,
86300,313.2,0.000011,,,,,,,,
86400,313.4,0.000016,,,,,,,,
86500,313.6,0.000015,,,,,,,,
86600,313.8,0.000014,,,,,,,,
86700,314.1,0.000015,,,,,,,,
86800,314.3,0.000011,,,,,,,,
86900,314.6,0.000013,,,,,,,,
87000,315.0,0.000017,,,,,,,,
87100,315.3,0.000020,,,,,,,,
87200,315.6,0.000018,,,,,,,,
87300,316.0,0.000014,,,,,,,,
87400,316.3,0.000013,,,,,,,,
87500,316.7,0.000016,,,,,,,,
87600,317.1,0.000013,,,,,,,,
87700,317.5,0.000011,,,,,,,,
87800,317.9,0.000023,,,,,,,,
87900,318.3,0.000013,,,,,,,,
88000,318.7,0.000012,,,,,,,,
88100,319.1,0.000011,,,,,,,,
88200,319.5,0.000014,,,,,,,,
88300,319.9,0.000011,,,,,,,,
88400,320.3,0.000012,,,,,,,,
88500,320.6,0.000023,,,,,,,,
88600,321.0,0.000013,,,,,,,,
88700,321.3,0.000013,,,,,,,,
88800,321.7,0.000011,,,,,,,,
88900,322.1,0.000019,,,,,,,,
89000,322.5,0.000020,,,,,,,,
89100,322.9,0.000014,,,,,,,,
89200,323.3,0.000011,,,,,,,,
89300,323.7,0.000011,,,,,,,,
89400,324.1,0.000013,,,,,,,,
89500,324.5,0.000011,,,,,,,,
89600,324.9,0.000015,,,,,,,,
89700,325.2,0.000013,,,,,,,,
89800,325.6,0.000015,,,,,,,,
89900,326.0,0.000017,,,,,,,,
90000,327.6,0.000014,0.000013,1.414933e+00,2.786647e-01,2.261048e-01,0.000000,1.230429e+00,2.573394e-01,2.120383e-01
90100,327.8,0.000011,,,,,,,,
90200,328.0,0.000013,,,,,,,,
90300,328.2,0.000023,,,,,,,,
90400,328.4,0.000016,,,,,,,,
90500,328.6,0.000013,,,,,,,,
90600,328.8,0.000014,,,,,,,,
90700,329.0,0.000014,,,,,,,,
90800,329.3,0.000013,,,,,,,,
90900,329.5,0.000012,,,,,,,,
91000,329.8,0.000016,,,,,,,,
91100,330.1,0.000012,,,,,,,,
91200,330.5,0.000017,,,,,,,,
91300,330.9,0.000013,,,,,,,,
91400,331.3,0.000013,,,,,,,,
91500,331.7,0.000013,,,,,,,,
91600,332.1,0.000011,,,,,,,,
91700,332.4,0.000013,,,,,,,,
91800,332.9,0.000013,,,,,,,,
91900,333.2,0.000013,,,,,,,,
92000,333.6,0.000009,,,,,,,,
92100,334.1,0.000013,,,,,,,,
92200,334.5,0.000011,,,,,,,,
92300,334.9,0.000011,,,,,,,,
92400,335.3,0.000014,,,,,,,,
92500,335.6,0.000016,,,,,,,,
92600,336.0,0.000012,,,,,,,,
92700,336.3,0.000011,,,,,,,,
92800,336.7,0.000015,,,,,,,,
92900,337.1,0.000011,,,,,,,,
93000,337.4,0.000012,,,,,,,,
93100,337.9,0.000011,,,,,,,,
93200,338.3,0.000015,,,,,,,,
93300,338.7,0.000011,,,,,,,,
93400,339.1,0.000013,,,,,,,,
93500,339.4,0.000012,,,,,,,,
93600,339.9,0.000018,,,,,,,,
93700,340.2,0.000013,,,,,,,,
93800,340.6,0.000011,,,,,,,,
93900,341.0,0.000012,,,,,,,,
94000,341.4,0.000015,,,,,,,,
94100,341.8,0.000010,,,,,,,,
94200,342.2,0.000013,,,,,,,,
94300,342.6,0.000013,,,,,,,,
94400,343.0,0.000015,,,,,,,,
94500,343.4,0.000017,,,,,,,,
94600,343.9,0.000016,,,,,,,,
94700,344.3,0.000013,,,,,,,,
94800,344.7,0.000015,,,,,,,,
94900,345.1,0.000026,,,,,,,,
95000,346.6,0.000012,0.000011,1.371804e+00,2.592652e-01,2.073438e-01,0.000000,1.252522e+00,2.359894e-01,1.929265e-01
95100,346.8,0.000011,,,,,,,,
95200,347.0,0.000012,,,,,,,,
95300,347.3,0.000011,,,,,,,,
95400,347.5,0.000020,,,,,,,,
95500,347.7,0.000014,,,,,,,,
95600,347.9,0.000019,,,,,,,,
95700,348.1,0.000014,,,,,,,,
95800,348.3,0.000011,,,,,,,,
95900,348.6,0.000016,,,,,,,,
96000,348.9,0.000015,,,,,,,,
96100,349.2,0.000014,,,,,,,,
96200,349.4,0.000014,,,,,,,,
96300,349.7,0.000010,,,,,,,,
96400,350.0,0.000019,,,,,,,,
96500,350.3,0.000014,,,,,,,,
96600,350.6,0.000017,,,,,,,,
96700,351.0,0.000012,,,,,,,,
96800,351.4,0.000013,,,,,,,,
96900,351.8,0.000013,,,,,,,,
97000,352.2,0.000015,,,,,,,,
97100,352.6,0.000011,,,,,,,,
97200,353.0,0.000013,,,,,,,,
97300,353.4,0.000011,,,,,,,,
97400,353.8,0.000015,,,,,,,,
97500,354.2,0.000013,,,,,,,,
97600,354.5,0.000017,,,,,,,,
97700,354.9,0.000014,,,,,,,,
97800,355.3,0.000011,,,,,,,,
97900,355.8,0.000012,,,,,,,,
98000,356.1,0.000013,,,,,,,,
98100,356.4,0.000016,,,,,,,,
98200,356.8,0.000018,,,,,,,,
98300,357.1,0.000014,,,,,,,,
98400,357.4,0.000019,,,,,,,,
98500,357.7,0.000012,,,,,,,,
98600,358.0,0.000010,,,,,,,,
98700,358.3,0.000012,,,,,,,,
98800,358.6,0.000013,,,,,,,,
98900,359.0,0.000012,,,,,,,,
99000,359.4,0.000011,,,,,,,,
99100,359.7,0.000010,,,,,,,,
99200,360.1,0.000013,,,,,,,,
99300,360.4,0.000011,,,,,,,,
99400,360.8,0.000014,,,,,,,,
99500,361.2,0.000014,,,,,,,,
99600,361.5,0.000011,,,,,,,,
99700,361.8,0.000014,,,,,,,,
99800,362.2,0.000014,,,,,,,,
99900,362.6,0.000019,,,,,,,,
100000,364.1,0.000012,0.000011,1.344224e+00,2.580155e-01,2.040037e-01,0.000000,1.233296e+00,2.360203e-01,1.896873e-01
100100,364.3,0.000011,,,,,,,,
100200,364.5,0.000016,,,,,,,,
100300,364.8,0.000010,,,,,,,,
100400,365.0,0.000015,,,,,,,,
100500,365.2,0.000013,,,,,,,,
100600,365.5,0.000013,,,,,,,,
100700,365.8,0.000010,,,,,,,,
100800,366.2,0.000016,,,,,,,,
100900,366.6,0.000015,,,,,,,,
101000,366.9,0.000011,,,,,,,,
101100,367.3,0.000011,,,,,,,,
101200,367.7,0.000019,,,,,,,,
101300,368.1,0.000021,,,,,,,,
101400,368.4,0.000013,,,,,,,,
101500,368.8,0.000015,,,,,,,,
101600,369.1,0.000016,,,,,,,,
101700,369.5,0.000010,,,,,,,,
101800,369.9,0.000022,,,,,,,,
101900,370.3,0.000012,,,,,,,,
102000,370.5,0.000023,,,,,,,,
102100,370.9,0.000012,,,,,,,,
102200,371.2,0.000013,,,,,,,,
102300,371.6,0.000013,,,,,,,,
102400,371.9,0.000010,,,,,,,,
102500,372.2,0.000013,,,,,,,,
102600,372.5,0.000011,,,,,,,,
102700,372.9,0.000011,,,,,,,,
102800,373.2,0.000012,,,,,,,,
102900,373.6,0.000016,,,,,,,,
103000,374.0,0.000012,,,,,,,,
103100,374.3,0.000014,,,,,,,,
103200,374.7,0.000012,,,,,,,,
103300,375.1,0.000011,,,,,,,,
103400,375.5,0.000012,,,,,,,,
103500,375.9,0.000011,,,,,,,,
103600,376.3,0.000013,,,,,,,,
103700,376.7,0.000013,,,,,,,,
103800,377.0,0.000014,,,,,,,,
103900,377.3,0.000012,,,,,,,,
104000,377.7,0.000013,,,,,,,,
104100,378.0,0.000020,,,,,,,,
104200,378.4,0.000014,,,,,,,,
104300,378.8,0.000010,,,,,,,,
104400,379.2,0.000010,,,,,,,,
104500,379.5,0.000017,,,,,,,,
104600,379.9,0.000011,,,,,,,,
104700,380.3,0.000011,,,,,,,,
104800,380.6,0.000012,,,,,,,,
104900,380.9,0.000012,,,,,,,,
105000,382.4,0.000014,0.000014,1.443576e+00,2.956467e-01,2.423655e-01,0.000000,1.321380e+00,2.758054e-01,2.296090e-01
105100,382.6,0.000018,,,,,,,,
105200,382.8,0.000012,,,,,,,,
105300,383.0,0.000012,,,,,,,,
105400,383.2,0.000015,,,,,,,,
105500,383.5,0.000012,,,,,,,,
105600,383.7,0.000009,,,,,,,,
105700,383.9,0.000009,,,,,,,,
105800,384.1,0.000013,,,,,,,,
105900,384.4,0.000019,,,,,,,,
106000,384.6,0.000017,,,,,,,,
106100,384.9,0.000012,,,,,,,,
106200,385.1,0.000012,,,,,,,,
106300,385.4,0.000011,,,,,,,,
106400,385.7,0.000018,,,,,,,,
106500,386.0,0.000009,,,,,,,,
106600,386.3,0.000014,,,,,,,,
106700,386.7,0.000015,,,,,,,,
106800,387.0,0.000011,,,,,,,,
106900,387.4,0.000011,,,,,,,,
107000,387.8,0.000012,,,,,,,,
107100,388.2,0.000012,,,,,,,,
107200,388.6,0.000011,,,,,,,,
107300,389.0,0.000015,,,,,,,,
107400,389.4,0.000011,,,,,,,,
107500,389.8,0.000012,,,,,,,,
107600,390.2,0.000013,,,,,,,,
107700,390.6,0.000012,,,,,,,,
107800,390.9,0.000011,,,,,,,,
107900,391.3,0.000013,,,,,,,,
108000,391.7,0.000016,,,,,,,,
108100,392.1,0.000016,,,,,,,,
108200,392.4,0.000012,,,,,,,,
108300,392.8,0.000010,,,,,,,,
108400,393.1,0.000014,,,,,,,,
108500,393.4,0.000016,,,,,,,,
108600,393.7,0.000014,,,,,,,,
108700,394.0,0.000013,,,,,,,,
108800,394.3,0.000013,,,,,,,,
108900,394.7,0.000009,,,,,,,,
109000,395.1,0.000015,,,,,,,,
109100,395.4,0.000013,,,,,,,,
109200,395.7,0.000021,,,,,,,,
109300,396.0,0.000011,,,,,,,,
109400,396.3,0.000010,,,,,,,,
109500,396.7,0.000011,,,,,,,,
109600,397.0,0.000017,,,,,,,,
109700,397.3,0.000012,,,,,,,,
109800,397.7,0.000014,,,,,,,,
109900,398.1,0.000011,,,,,,,,
110000,399.5,0.000011,0.000011,1.302377e+00,2.543964e-01,2.027057e-01,0.000000,1.224285e+00,2.327055e-01,1.895257e-01
110100,399.8,0.000013,,,,,,,,
110200,400.0,0.000016,,,,,,,,
110300,400.3,0.000012,,,,,,,,
110400,400.6,0.000014,,,,,,,,
110500,400.9,0.000011,,,,,,,,
110600,401.1,0.000010,,,,,,,,
110700,401.4,0.000023,,,,,,,,
110800,401.7,0.000012,,,,,,,,
110900,402.1,0.000018,,,,,,,,
111000,402.4,0.000014,,,,,,,,
111100,402.7,0.000014,,,,,,,,
111200,403.0,0.000011,,,,,,,,
111300,403.4,0.000012,,,,,,,,
111400,403.8,0.000011,,,,,,,,
111500,404.3,0.000013,,,,,,,,
111600,404.7,0.000013,,,,,,,,
111700,405.1,0.000013,,,,,,,,
111800,405.4,0.000016,,,,,,,,
111900,405.8,0.000019,,,,,,,,
112000,406.1,0.000014,,,,,,,,
112100,406.5,0.000012,,,,,,,,
112200,406.9,0.000015,,,,,,,,
112300,407.3,0.000015,,,,,,,,
112400,407.7,0.000017,,,,,,,,
112500,408.1,0.000014,,,,,,,,
112600,408.4,0.000015,,,,,,,,
112700,408.8,0.000012,,,,,,,,
112800,409.2,0.000014,,,,,,,,
112900,409.6,0.000021,,,,,,,,
113000,410.0,0.000013,,,,,,,,
113100,410.4,0.000019,,,,,,,,
113200,410.7,0.000010,,,,,,,,
113300,411.1,0.000012,,,,,,,,
113400,411.4,0.000015,,,,,,,,
113500,411.7,0.000015,,,,,,,,
113600,412.0,0.000011,,,,,,,,
113700,412.4,0.000017,,,,,,,,
113800,412.7,0.000017,,,,,,,,
113900,413.2,0.000012,,,,,,,,
114000,413.6,0.000013,,,,,,,,
114100,414.0,0.000010,,,,,,,,
114200,414.4,0.000009,,,,,,,,
114300,414.8,0.000011,,,,,,,,
114400,415.2,0.000009,,,,,,,,
114500,415.7,0.000010,,,,,,,,
114600,416.1,0.000009,,,,,,,,
114700,416.5,0.000014,,,,,,,,
114800,417.0,0.000011,,,,,,,,
114900,417.3,0.000017,,,,,,,,
115000,419.0,0.000010,0.000018,1.648945e+00,3.416350e-01,2.944758e-01,0.000000,1.590739e+00,3.262293e-01,2.839548e-01
115100,419.2,0.000013,,,,,,,,
115200,419.4,0.000014,,,,,,,,
115300,419.7,0.000010,,,,,,,,
115400,420.0,0.000010,,,,,,,,
115500,420.2,0.000010,,,,,,,,
115600,420.6,0.000010,,,,,,,,
115700,421.0,0.000013,,,,,,,,
115800,421.4,0.000011,,,,,,,,
115900,421.8,0.000013,,,,,,,,
116000,422.2,0.000012,,,,,,,,
116100,422.5,0.000011,,,,,,,,
116200,422.9,0.000015,,,,,,,,
116300,423.3,0.000014,,,,,,,,
116400,423.7,0.000013,,,,,,,,
116500,424.1,0.000008,,,,,,,,
116600,424.4,0.000012,,,,,,,,
116700,424.8,0.000013,,,,,,,,
116800,425.3,0.000016,,,,,,,,
116900,425.6,0.000014,,,,,,,,
117000,426.0,0.000011,,,,,,,,
117100,426.4,0.000013,,,,,,,,
117200,426.8,0.000016,,,,,,,,
117300,427.2,0.000014,,,,,,,,
117400,427.6,0.000014,,,,,,,,
117500,428.0,0.000010,,,,,,,,
117600,428.5,0.000010,,,,,,,,
117700,428.9,0.000010,,,,,,,,
117800,429.4,0.000012,,,,,,,,
117900,429.8,0.000011,,,,,,,,
118000,430.3,0.000011,,,,,,,,
118100,430.8,0.000014,,,,,,,,
118200,431.2,0.000012,,,,,,,,
118300,431.7,0.000010,,,,,,,,
118400,432.1,0.000013,,,,,,,,
118500,432.6,0.000015,,,,,,,,
118600,433.0,0.000011,,,,,,,,
118700,433.5,0.000011,,,,,,,,
118800,433.9,0.000013,,,,,,,,
118900,434.4,0.000012,,,,,,,,
119000,434.9,0.000013,,,,,,,,
119100,435.3,0.000013,,,,,,,,
119200,435.8,0.000014,,,,,,,,
119300,436.3,0.000012,,,,,,,,
119400,436.7,0.000010,,,,,,,,
119500,437.2,0.000011,,,,,,,,
119600,437.7,0.000014,,,,,,,,
119700,438.1,0.000010,,,,,,,,
119800,438.6,0.000011,,,,,,,,
119900,439.1,0.000016,,,,,,,,
120000,440.7,0.000011,0.000016,1.548256e+00,3.117231e-01,2.597353e-01,0.000000,1.483466e+00,2.949456e-01,2.480039e-01
120100,440.9,0.000010,,,,,,,,
120200,441.2,0.000014,,,,,,,,
120300,441.6,0.000009,,,,,,,,
120400,442.0,0.000012,,,,,,,,
120500,442.5,0.000011,,,,,,,,
120600,442.9,0.000016,,,,,,,,
120700,443.4,0.000009,,,,,,,,
120800,443.9,0.000009,,,,,,,,
120900,444.3,0.000011,,,,,,,,
121000,444.8,0.000012,,,,,,,,
121100,445.3,0.000014,,,,,,,,
121200,445.7,0.000017,,,,,,,,
121300,446.2,0.000013,,,,,,,,
121400,446.6,0.000015,,,,,,,,
121500,447.1,0.000013,,,,,,,,
121600,447.6,0.000012,,,,,,,,
121700,448.0,0.000010,,,,,,,,
121800,448.5,0.000010,,,,,,,,
121900,449.0,0.000010,,,,,,,,
122000,449.5,0.000010,,,,,,,,
122100,449.9,0.000013,,,,,,,,
122200,450.4,0.000010,,,,,,,,
122300,450.9,0.000012,,,,,,,,
122400,451.3,0.000012,,,,,,,,
122500,451.8,0.000013,,,,,,,,
122600,452.2,0.000011,,,,,,,,
122700,452.7,0.000012,,,,,,,,
122800,453.2,0.000012,,,,,,,,
122900,453.6,0.000018,,,,,,,,
123000,454.1,0.000012,,,,,,,,
123100,454.5,0.000013,,,,,,,,
123200,455.0,0.000012,,,,,,,,
123300,455.4,0.000011,,,,,,,,
123400,455.9,0.000010,,,,,,,,
123500,456.3,0.000012,,,,,,,,
123600,456.8,0.000014,,,,,,,,
123700,457.2,0.000011,,,,,,,,
123800,457.7,0.000014,,,,,,,,
123900,458.2,0.000011,,,,,,,,
124000,458.6,0.000014,,,,,,,,
124100,459.1,0.000012,,,,,,,,
124200,459.5,0.000011,,,,,,,,
124300,460.0,0.000011,,,,,,,,
124400,460.5,0.000012,,,,,,,,
124500,461.0,0.000009,,,,,,,,
124600,461.4,0.000015,,,,,,,,
124700,461.9,0.000012,,,,,,,,
124800,462.3,0.000016,,,,,,,,
124900,462.8,0.000010,,,,,,,,
125000,464.3,0.000013,0.000012,1.384072e+00,2.678365e-01,2.174201e-01,0.000000,1.271414e+00,2.489701e-01,2.042263e-01
125100,464.6,0.000017,,,,,,,,
125200,464.8,0.000010,,,,,,,,
125300,465.2,0.000013,,,,,,,,
125400,465.4,0.000014,,,,,,,,
125500,465.7,0.000014,,,,,,,,
125600,466.0,0.000011,,,,,,,,
125700,466.3,0.000015,,,,,,,,
125800,466.6,0.000010,,,,,,,,
125900,466.9,0.000011,,,,,,,,
126000,467.1,0.000011,,,,,,,,
126100,467.4,0.000015,,,,,,,,
126200,467.7,0.000014,,,,,,,,
126300,468.0,0.000013,,,,,,,,
126400,468.3,0.000012,,,,,,,,
126500,468.6,0.000012,,,,,,,,
126600,468.9,0.000014,,,,,,,,
126700,469.2,0.000012,,,,,,,,
126800,469.4,0.000014,,,,,,,,
126900,469.7,0.000009,,,,,,,,
127000,470.0,0.000012,,,,,,,,
127100,470.3,0.000009,,,,,,,,
127200,470.6,0.000017,,,,,,,,
127300,470.9,0.000013,,,,,,,,
127400,471.2,0.000011,,,,,,,,
127500,471.4,0.000017,,,,,,,,
127600,471.7,0.000011,,,,,,,,
127700,472.0,0.000016,,,,,,,,
127800,472.3,0.000013,,,,,,,,
127900,472.6,0.000013,,,,,,,,
128000,472.9,0.000015,,,,,,,,
128100,473.2,0.000013,,,,,,,,
128200,473.4,0.000012,,,,,,,,
128300,473.7,0.000009,,,,,,,,
128400,474.0,0.000012,,,,,,,,
128500,474.3,0.000012,,,,,,,,
128600,474.6,0.000010,,,,,,,,
128700,474.9,0.000012,,,,,,,,
128800,475.2,0.000012,,,,,,,,
128900,475.5,0.000013,,,,,,,,
129000,475.8,0.000011,,,,,,,,
129100,476.1,0.000011,,,,,,,,
129200,476.4,0.000010,,,,,,,,
129300,476.7,0.000010,,,,,,,,
129400,477.0,0.000011,,,,,,,,
129500,477.3,0.000010,,,,,,,,
129600,477.6,0.000012,,,,,,,,
129700,477.9,0.000012,,,,,,,,
129800,478.1,0.000015,,,,,,,,
129900,478.4,0.000011,,,,,,,,
130000,479.8,0.000012,0.000011,1.359596e+00,2.612167e-01,2.105621e-01,0.000000,1.291614e+00,2.411991e-01,1.981023e-01
130100,480.1,0.000010,,,,,,,,
130200,480.3,0.000013,,,,,,,,
130300,480.6,0.000010,,,,,,,,
130400,480.9,0.000018,,,,,,,,
130500,481.2,0.000012,,,,,,,,
130600,481.5,0.000011,,,,,,,,
130700,481.8,0.000011,,,,,,,,
130800,482.1,0.000014,,,,,,,,
130900,482.4,0.000020,,,,,,,,
131000,482.7,0.000010,,,,,,,,
131100,483.0,0.000014,,,,,,,,
131200,483.3,0.000009,,,,,,,,
131300,483.6,0.000009,,,,,,,,
131400,483.9,0.000010,,,,,,,,
131500,484.2,0.000014,,,,,,,,
131600,484.4,0.000013,,,,,,,,
131700,484.7,0.000009,,,,,,,,
131800,485.0,0.000010,,,,,,,,
131900,485.3,0.000020,,,,,,,,
132000,485.6,0.000009,,,,,,,,
132100,485.9,0.000013,,,,,,,,
132200,486.2,0.000013,,,,,,,,
132300,486.5,0.000011,,,,,,,,
132400,486.8,0.000012,,,,,,,,
132500,487.1,0.000011,,,,,,,,
132600,487.4,0.000013,,,,,,,,
132700,487.7,0.000013,,,,,,,,
132800,488.0,0.000016,,,,,,,,
132900,488.3,0.000012,,,,,,,,
133000,488.6,0.000013,,,,,,,,
133100,488.9,0.000014,,,,,,,,
133200,489.2,0.000019,,,,,,,,
133300,489.5,0.000011,,,,,,,,
133400,489.8,0.000019,,,,,,,,
133500,490.1,0.000010,,,,,,,,
133600,490.4,0.000011,,,,,,,,
133700,490.7,0.000015,,,,,,,,
133800,491.0,0.000016,,,,,,,,
133900,491.2,0.000010,,,,,,,,
134000,491.5,0.000009,,,,,,,,
134100,491.8,0.000012,,,,,,,,
134200,492.1,0.000009,,,,,,,,
134300,492.4,0.000012,,,,,,,,
134400,492.7,0.000011,,,,,,,,
134500,493.0,0.000012,,,,,,,,
134600,493.3,0.000011,,,,,,,,
134700,493.6,0.000011,,,,,,,,
134800,493.9,0.000010,,,,,,,,
134900,494.2,0.000012,,,,,,,,
135000,495.6,0.000010,0.000011,1.295088e+00,2.544303e-01,2.086926e-01,0.000000,1.135933e+00,2.348545e-01,1.954856e-01
135100,495.8,0.000009,,,,,,,,
135200,496.1,0.000011,,,,,,,,
135300,496.4,0.000009,,,,,,,,
135400,496.7,0.000012,,,,,,,,
135500,497.0,0.000012,,,,,,,,
135600,497.3,0.000016,,,,,,,,
135700,497.6,0.000015,,,,,,,,
135800,497.9,0.000014,,,,,,,,
135900,498.1,0.000013,,,,,,,,
136000,498.4,0.000010,,,,,,,,
136100,498.7,0.000018,,,,,,,,
136200,499.0,0.000012,,,,,,,,
136300,499.3,0.000016,,,,,,,,
136400,499.6,0.000012,,,,,,,,
136500,499.9,0.000009,,,,,,,,
136600,500.2,0.000011,,,,,,,,
136700,500.5,0.000011,,,,,,,,
136800,500.8,0.000017,,,,,,,,
136900,501.1,0.000011,,,,,,,,
137000,501.4,0.000010,,,,,,,,
137100,501.7,0.000017,,,,,,,,
137200,502.0,0.000011,,,,,,,,
137300,502.3,0.000015,,,,,,,,
137400,502.6,0.000016,,,,,,,,
137500,502.9,0.000012,,,,,,,,
137600,503.2,0.000014,,,,,,,,
137700,503.5,0.000011,,,,,,,,
137800,503.8,0.000013,,,,,,,,
137900,504.1,0.000011,,,,,,,,
138000,504.4,0.000010,,,,,,,,
138100,504.6,0.000011,,,,,,,,
138200,504.9,0.000014,,,,,,,,
138300,505.2,0.000011,,,,,,,,
138400,505.5,0.000010,,,,,,,,
138500,505.8,0.000011,,,,,,,,
138600,506.1,0.000014,,,,,,,,
138700,506.4,0.000011,,,,,,,,
138800,506.7,0.000018,,,,,,,,
138900,507.0,0.000015,,,,,,,,
139000,507.3,0.000013,,,,,,,,
139100,507.6,0.000011,,,,,,,,
139200,507.9,0.000016,,,,,,,,
139300,508.2,0.000010,,,,,,,,
139400,508.5,0.000019,,,,,,,,
139500,508.8,0.000011,,,,,,,,
139600,509.1,0.000013,,,,,,,,
139700,509.4,0.000012,,,,,,,,
139800,509.6,0.000015,,,,,,,,
139900,509.9,0.000013,,,,,,,,
140000,511.3,0.000010,0.000011,1.379636e+00,2.545983e-01,2.085966e-01,0.000000,1.269740e+00,2.351443e-01,1.956239e-01
140100,511.6,0.000012,,,,,,,,
140200,511.9,0.000011,,,,,,,,
140300,512.2,0.000012,,,,,,,,
140400,512.5,0.000011,,,,,,,,
140500,512.7,0.000011,,,,,,,,
140600,513.0,0.000012,,,,,,,,
140700,513.3,0.000011,,,,,,,,
140800,513.6,0.000014,,,,,,,,
140900,513.9,0.000011,,,,,,,,
141000,514.2,0.000011,,,,,,,,
141100,514.4,0.000011,,,,,,,,
141200,514.7,0.000011,,,,,,,,
141300,515.0,0.000012,,,,,,,,
141400,515.3,0.000014,,,,,,,,
141500,515.6,0.000013,,,,,,,,
141600,515.9,0.000010,,,,,,,,
141700,516.2,0.000010,,,,,,,,
141800,516.5,0.000013,,,,,,,,
141900,516.8,0.000011,,,,,,,,
142000,517.1,0.000011,,,,,,,,
142100,517.4,0.000011,,,,,,,,
142200,517.7,0.000011,,,,,,,,
142300,518.0,0.000011,,,,,,,,
142400,518.2,0.000014,,,,,,,,
142500,518.5,0.000016,,,,,,,,
142600,518.8,0.000011,,,,,,,,
142700,519.1,0.000017,,,,,,,,
142800,519.4,0.000013,,,,,,,,
142900,519.7,0.000012,,,,,,,,
143000,520.0,0.000011,,,,,,,,
143100,520.3,0.000011,,,,,,,,
143200,520.6,0.000018,,,,,,,,
143300,520.9,0.000011,,,,,,,,
143400,521.2,0.000011,,,,,,,,
143500,521.5,0.000012,,,,,,,,
143600,521.8,0.000012,,,,,,,,
143700,522.1,0.000013,,,,,,,,
143800,522.4,0.000010,,,,,,,,
143900,522.7,0.000011,,,,,,,,
144000,523.0,0.000013,,,,,,,,
144100,523.2,0.000013,,,,,,,,
144200,523.5,0.000010,,,,,,,,
144300,523.8,0.000011,,,,,,,,
144400,524.1,0.000010,,,,,,,,
144500,524.4,0.000011,,,,,,,,
144600,524.7,0.000011,,,,,,,,
144700,525.0,0.000014,,,,,,,,
144800,525.3,0.000013,,,,,,,,
144900,525.6,0.000015,,,,,,,,
145000,527.0,0.000011,0.000011,1.207328e+00,2.618742e-01,2.210800e-01,0.000000,1.113735e+00,2.420218e-01,2.076204e-01
145100,527.2,0.000010,,,,,,,,
145200,527.5,0.000012,,,,,,,,
145300,527.8,0.000012,,,,,,,,
145400,528.1,0.000016,,,,,,,,
145500,528.4,0.000010,,,,,,,,
145600,528.6,0.000013,,,,,,,,
145700,528.9,0.000014,,,,,,,,
145800,529.2,0.000012,,,,,,,,
145900,529.5,0.000013,,,,,,,,
146000,529.8,0.000014,,,,,,,,
146100,530.1,0.000008,,,,,,,,
146200,530.4,0.000012,,,,,,,,
146300,530.7,0.000012,,,,,,,,
146400,531.0,0.000013,,,,,,,,
146500,531.3,0.000009,,,,,,,,
146600,531.6,0.000014,,,,,,,,
146700,531.9,0.000014,,,,,,,,
146800,532.2,0.000018,,,,,,,,
146900,532.5,0.000013,,,,,,,,
147000,532.7,0.000011,,,,,,,,
147100,533.0,0.000012,,,,,,,,
147200,533.3,0.000012,,,,,,,,
147300,533.6,0.000012,,,,,,,,
147400,533.9,0.000011,,,,,,,,
147500,534.2,0.000010,,,,,,,,
147600,534.5,0.000010,,,,,,,,
147700,534.8,0.000009,,,,,,,,
147800,535.1,0.000009,,,,,,,,
147900,535.4,0.000010,,,,,,,,
148000,535.6,0.000019,,,,,,,,
148100,535.9,0.000010,,,,,,,,
148200,536.2,0.000015,,,,,,,,
148300,536.5,0.000010,,,,,,,,
148400,536.8,0.000008,,,,,,,,
148500,537.1,0.000013,,,,,,,,
148600,537.4,0.000012,,,,,,,,
148700,537.7,0.000011,,,,,,,,
148800,538.0,0.000015,,,,,,,,
148900,538.3,0.000012,,,,,,,,
149000,538.6,0.000009,,,,,,,,
149100,538.9,0.000012,,,,,,,,
149200,539.2,0.000010,,,,,,,,
149300,539.4,0.000011,,,,,,,,
149400,539.7,0.000017,,,,,,,,
149500,540.0,0.000012,,,,,,,,
149600,540.3,0.000011,,,,,,,,
149700,540.6,0.000010,,,,,,,,
149800,540.9,0.000014,,,,,,,,
149900,541.2,0.000015,,,,,,,,
150000,542.6,0.000011,0.000012,1.401710e+00,2.690344e-01,2.219671e-01,0.000000,1.284857e+00,2.501533e-01,2.088442e-01
150100,542.8,0.000011,,,,,,,,
150200,543.1,0.000015,,,,,,,,
150300,543.4,0.000012,,,,,,,,
150400,543.6,0.000013,,,,,,,,
150500,543.9,0.000020,,,,,,,,
150600,544.2,0.000012,,,,,,,,
150700,544.5,0.000010,,,,,,,,
150800,544.8,0.000010,,,,,,,,
150900,545.1,0.000009,,,,,,,,
151000,545.4,0.000010,,,,,,,,
151100,545.7,0.000019,,,,,,,,
151200,546.0,0.000011,,,,,,,,
151300,546.3,0.000012,,,,,,,,
151400,546.6,0.000010,,,,,,,,
151500,546.9,0.000011,,,,,,,,
151600,547.2,0.000012,,,,,,,,
151700,547.4,0.000014,,,,,,,,
151800,547.7,0.000012,,,,,,,,
151900,548.0,0.000010,,,,,,,,
152000,548.3,0.000010,,,,,,,,
152100,548.6,0.000014,,,,,,,,
152200,548.9,0.000012,,,,,,,,
152300,549.2,0.000010,,,,,,,,
152400,549.5,0.000011,,,,,,,,
152500,549.8,0.000014,,,,,,,,
152600,550.0,0.000012,,,,,,,,
152700,550.3,0.000012,,,,,,,,
152800,550.6,0.000010,,,,,,,,
152900,550.8,0.000011,,,,,,,,
153000,551.1,0.000012,,,,,,,,
153100,551.4,0.000012,,,,,,,,
153200,551.7,0.000012,,,,,,,,
153300,552.0,0.000009,,,,,,,,
153400,552.3,0.000013,,,,,,,,
153500,552.6,0.000013,,,,,,,,
153600,552.9,0.000009,,,,,,,,
153700,553.2,0.000013,,,,,,,,
153800,553.5,0.000009,,,,,,,,
153900,553.8,0.000010,,,,,,,,
154000,554.0,0.000012,,,,,,,,
154100,554.3,0.000011,,,,,,,,
154200,554.6,0.000009,,,,,,,,
154300,554.9,0.000016,,,,,,,,
154400,555.2,0.000012,,,,,,,,
154500,555.5,0.000011,,,,,,,,
154600,555.8,0.000010,,,,,,,,
154700,556.1,0.000009,,,,,,,,
154800,556.4,0.000009,,,,,,,,
154900,556.7,0.000010,,,,,,,,
155000,558.1,0.000009,0.000010,1.285081e+00,2.384874e-01,1.905689e-01,0.000000,1.167471e+00,2.185664e-01,1.783814e-01
155100,558.3,0.000014,,,,,,,,
155200,558.5,0.000010,,,,,,,,
155300,558.8,0.000010,,,,,,,,
155400,559.1,0.000011,,,,,,,,
155500,559.4,0.000010,,,,,,,,
155600,559.7,0.000015,,,,,,,,
155700,560.0,0.000011,,,,,,,,
155800,560.3,0.000010,,,,,,,,
155900,560.6,0.000013,,,,,,,,
156000,560.9,0.000010,,,,,,,,
156100,561.2,0.000009,,,,,,,,
156200,561.5,0.000010,,,,,,,,
156300,561.8,0.000009,,,,,,,,
156400,562.1,0.000008,,,,,,,,
156500,562.4,0.000013,,,,,,,,
156600,562.6,0.000011,,,,,,,,
156700,562.9,0.000011,,,,,,,,
156800,563.2,0.000008,,,,,,,,
156900,563.5,0.000011,,,,,,,,
157000,563.8,0.000009,,,,,,,,
157100,564.1,0.000021,,,,,,,,
157200,564.4,0.000013,,,,,,,,
157300,564.7,0.000010,,,,,,,,
157400,565.0,0.000012,,,,,,,,
157500,565.3,0.000013,,,,,,,,
157600,565.6,0.000013,,,,,,,,
157700,565.9,0.000012,,,,,,,,
157800,566.2,0.000011,,,,,,,,
157900,566.5,0.000008,,,,,,,,
158000,566.7,0.000012,,,,,,,,
158100,567.0,0.000012,,,,,,,,
158200,567.3,0.000011,,,,,,,,
158300,567.6,0.000010,,,,,,,,
158400,567.9,0.000011,,,,,,,,
158500,568.2,0.000010,,,,,,,,
158600,568.5,0.000009,,,,,,,,
158700,568.8,0.000014,,,,,,,,
158800,569.1,0.000010,,,,,,,,
158900,569.4,0.000010,,,,,,,,
159000,569.7,0.000017,,,,,,,,
159100,570.0,0.000009,,,,,,,,
159200,570.2,0.000011,,,,,,,,
159300,570.5,0.000010,,,,,,,,
159400,570.8,0.000010,,,,,,,,
159500,571.1,0.000020,,,,,,,,
159600,571.4,0.000010,,,,,,,,
159700,571.7,0.000009,,,,,,,,
159800,572.0,0.000009,,,,,,,,
159900,572.3,0.000012,,,,,,,,
160000,573.7,0.000009,0.000012,1.346726e+00,2.680491e-01,2.178784e-01,0.000000,1.205706e+00,2.502072e-01,2.050209e-01
160100,573.9,0.000008,,,,,,,,
160200,574.2,0.000012,,,,,,,,
160300,574.5,0.000011,,,,,,,,
160400,574.8,0.000012,,,,,,,,
160500,575.1,0.000009,,,,,,,,
160600,575.4,0.000009,,,,,,,,
160700,575.7,0.000014,,,,,,,,
160800,576.0,0.000016,,,,,,,,
160900,576.3,0.000011,,,,,,,,
161000,576.6,0.000018,,,,,,,,
161100,576.9,0.000011,,,,,,,,
161200,577.2,0.000012,,,,,,,,
161300,577.5,0.000010,,,,,,,,
161400,577.8,0.000008,,,,,,,,
161500,578.1,0.000017,,,,,,,,
161600,578.3,0.000009,,,,,,,,
161700,578.6,0.000012,,,,,,,,
161800,578.9,0.000011,,,,,,,,
161900,579.2,0.000010,,,,,,,,
162000,579.5,0.000010,,,,,,,,
162100,579.8,0.000009,,,,,,,,
162200,580.1,0.000023,,,,,,,,
162300,580.4,0.000010,,,,,,,,
162400,580.7,0.000010,,,,,,,,
162500,581.0,0.000012,,,,,,,,
162600,581.3,0.000013,,,,,,,,
162700,581.6,0.000016,,,,,,,,
162800,581.9,0.000010,,,,,,,,
162900,582.2,0.000010,,,,,,,,
163000,582.5,0.000010,,,,,,,,
163100,582.8,0.000011,,,,,,,,
163200,583.1,0.000011,,,,,,,,
163300,583.4,0.000010,,,,,,,,
163400,583.7,0.000012,,,,,,,,
163500,583.9,0.000016,,,,,,,,
163600,584.2,0.000008,,,,,,,,
163700,584.5,0.000013,,,,,,,,
163800,584.8,0.000010,,,,,,,,
163900,585.1,0.000011,,,,,,,,
164000,585.4,0.000014,,,,,,,,
164100,585.7,0.000008,,,,,,,,
164200,586.0,0.000013,,,,,,,,
164300,586.3,0.000014,,,,,,,,
164400,586.6,0.000008,,,,,,,,
164500,586.9,0.000009,,,,,,,,
164600,587.2,0.000010,,,,,,,,
164700,587.4,0.000011,,,,,,,,
164800,587.7,0.000011,,,,,,,,
164900,588.0,0.000007,,,,,,,,
165000,589.4,0.000009,0.000009,1.403474e+00,2.385713e-01,1.980040e-01,0.000000,1.254446e+00,2.216957e-01,1.883512e-01
165100,589.6,0.000009,,,,,,,,
165200,589.9,0.000011,,,,,,,,
165300,590.2,0.000009,,,,,,,,
165400,590.5,0.000012,,,,,,,,
165500,590.8,0.000008,,,,,,,,
165600,591.1,0.000011,,,,,,,,
165700,591.4,0.000009,,,,,,,,
165800,591.7,0.000011,,,,,,,,
165900,592.0,0.000010,,,,,,,,
166000,592.3,0.000019,,,,,,,,
166100,592.6,0.000009,,,,,,,,
166200,592.9,0.000009,,,,,,,,
166300,593.1,0.000010,,,,,,,,
166400,593.4,0.000011,,,,,,,,
166500,593.7,0.000009,,,,,,,,
166600,594.0,0.000015,,,,,,,,
166700,594.3,0.000010,,,,,,,,
166800,594.6,0.000017,,,,,,,,
166900,594.9,0.000008,,,,,,,,
167000,595.2,0.000010,,,,,,,,
167100,595.5,0.000008,,,,,,,,
167200,595.8,0.000017,,,,,,,,
167300,596.1,0.000008,,,,,,,,
167400,596.3,0.000008,,,,,,,,
167500,596.6,0.000007,,,,,,,,
167600,596.9,0.000013,,,,,,,,
167700,597.2,0.000010,,,,,,,,
167800,597.5,0.000014,,,,,,,,
167900,597.8,0.000015,,,,,,,,
168000,598.1,0.000011,,,,,,,,
168100,598.4,0.000009,,,,,,,,
168200,598.7,0.000012,,,,,,,,
168300,598.9,0.000009,,,,,,,,
168400,599.2,0.000009,,,,,,,,
168500,599.5,0.000012,,,,,,,,
168600,599.8,0.000008,,,,,,,,
168700,600.1,0.000009,,,,,,,,
168800,600.4,0.000011,,,,,,,,
168900,600.7,0.000013,,,,,,,,
169000,601.0,0.000009,,,,,,,,
169100,601.3,0.000011,,,,,,,,
169200,601.6,0.000009,,,,,,,,
169300,601.9,0.000028,,,,,,,,
169400,602.2,0.000009,,,,,,,,
169500,602.5,0.000009,,,,,,,,
169600,602.7,0.000011,,,,,,,,
169700,603.0,0.000009,,,,,,,,
169800,603.3,0.000009,,,,,,,,
169900,603.6,0.000010,,,,,,,,
170000,605.0,0.000019,0.000009,1.300229e+00,2.389465e-01,2.006743e-01,0.000000,1.149553e+00,2.223901e-01,1.895559e-01
170100,605.3,0.000019,,,,,,,,
170200,605.5,0.000008,,,,,,,,
170300,605.8,0.000011,,,,,,,,
170400,606.1,0.000008,,,,,,,,
170500,606.4,0.000009,,,,,,,,
170600,606.7,0.000008,,,,,,,,
170700,607.0,0.000012,,,,,,,,
170800,607.3,0.000008,,,,,,,,
170900,607.5,0.000012,,,,,,,,
171000,607.8,0.000008,,,,,,,,
171100,608.1,0.000009,,,,,,,,
171200,608.4,0.000012,,,,,,,,
171300,608.7,0.000008,,,,,,,,
171400,609.0,0.000013,,,,,,,,
171500,609.3,0.000012,,,,,,,,
171600,609.6,0.000008,,,,,,,,
171700,609.9,0.000007,,,,,,,,
171800,610.2,0.000011,,,,,,,,
171900,610.5,0.000009,,,,,,,,
172000,610.7,0.000008,,,,,,,,
172100,611.0,0.000010,,,,,,,,
172200,611.3,0.000009,,,,,,,,
172300,611.6,0.000014,,,,,,,,
172400,611.9,0.000007,,,,,,,,
172500,612.2,0.000009,,,,,,,,
172600,612.5,0.000015,,,,,,,,
172700,612.8,0.000012,,,,,,,,
172800,613.1,0.000008,,,,,,,,
172900,613.4,0.000015,,,,,,,,
173000,613.6,0.000019,,,,,,,,
173100,613.9,0.000013,,,,,,,,
173200,614.2,0.000011,,,,,,,,
173300,614.5,0.000012,,,,,,,,
173400,614.8,0.000009,,,,,,,,
173500,615.1,0.000010,,,,,,,,
173600,615.4,0.000008,,,,,,,,
173700,615.7,0.000011,,,,,,,,
173800,616.0,0.000011,,,,,,,,
173900,616.3,0.000012,,,,,,,,
174000,616.6,0.000008,,,,,,,,
174100,616.9,0.000012,,,,,,,,
174200,617.2,0.000007,,,,,,,,
174300,617.4,0.000010,,,,,,,,
174400,617.7,0.000009,,,,,,,,
174500,618.0,0.000010,,,,,,,,
174600,618.3,0.000009,,,,,,,,
174700,618.6,0.000008,,,,,,,,
174800,618.9,0.000010,,,,,,,,
174900,619.2,0.000010,,,,,,,,
175000,620.6,0.000014,0.000009,1.166778e+00,2.390341e-01,1.936135e-01,0.000000,1.105616e+00,2.223340e-01,1.827039e-01
175100,620.8,0.000011,,,,,,,,
175200,621.1,0.000018,,,,,,,,
175300,621.4,0.000008,,,,,,,,
175400,621.7,0.000009,,,,,,,,
175500,622.0,0.000013,,,,,,,,
175600,622.2,0.000012,,,,,,,,
175700,622.5,0.000010,,,,,,,,
175800,622.8,0.000014,,,,,,,,
175900,623.1,0.000008,,,,,,,,
176000,623.4,0.000013,,,,,,,,
176100,623.7,0.000010,,,,,,,,
176200,624.0,0.000008,,,,,,,,
176300,624.2,0.000008,,,,,,,,
176400,624.5,0.000010,,,,,,,,
176500,624.8,0.000009,,,,,,,,
176600,625.1,0.000009,,,,,,,,
176700,625.4,0.000010,,,,,,,,
176800,625.7,0.000009,,,,,,,,
176900,625.9,0.000012,,,,,,,,
177000,626.2,0.000009,,,,,,,,
177100,626.5,0.000009,,,,,,,,
177200,626.8,0.000007,,,,,,,,
177300,627.1,0.000012,,,,,,,,
177400,627.4,0.000013,,,,,,,,
177500,627.6,0.000008,,,,,,,,
177600,627.9,0.000010,,,,,,,,
177700,628.2,0.000016,,,,,,,,
177800,628.5,0.000009,,,,,,,,
177900,628.8,0.000013,,,,,,,,
178000,629.1,0.000010,,,,,,,,
178100,629.4,0.000010,,,,,,,,
178200,629.6,0.000008,,,,,,,,
178300,629.9,0.000011,,,,,,,,
178400,630.2,0.000011,,,,,,,,
178500,630.5,0.000008,,,,,,,,
178600,630.8,0.000007,,,,,,,,
178700,631.1,0.000011,,,,,,,,
178800,631.4,0.000007,,,,,,,,
178900,631.7,0.000007,,,,,,,,
179000,632.0,0.000006,,,,,,,,
179100,632.3,0.000008,,,,,,,,
179200,632.6,0.000008,,,,,,,,
179300,632.8,0.000011,,,,,,,,
179400,633.1,0.000011,,,,,,,,
179500,633.4,0.000009,,,,,,,,
179600,633.7,0.000009,,,,,,,,
179700,634.0,0.000006,,,,,,,,
179800,634.3,0.000008,,,,,,,,
179900,634.6,0.000012,,,,,,,,
180000,636.0,0.000012,0.000009,1.296185e+00,2.379241e-01,1.978534e-01,0.000000,1.144647e+00,2.219024e-01,1.873464e-01
180100,636.2,0.000009,,,,,,,,
180200,636.5,0.000015,,,,,,,,
180300,636.8,0.000008,,,,,,,,
180400,637.1,0.000009,,,,,,,,
180500,637.4,0.000008,,,,,,,,
180600,637.6,0.000010,,,,,,,,
180700,637.9,0.000013,,,,,,,,
180800,638.2,0.000009,,,,,,,,
180900,638.5,0.000008,,,,,,,,
181000,638.8,0.000009,,,,,,,,
181100,639.1,0.000010,,,,,,,,
181200,639.4,0.000013,,,,,,,,
181300,639.6,0.000008,,,,,,,,
181400,639.9,0.000011,,,,,,,,
181500,640.2,0.000007,,,,,,,,
181600,640.5,0.000008,,,,,,,,
181700,640.8,0.000009,,,,,,,,
181800,641.1,0.000007,,,,,,,,
181900,641.4,0.000010,,,,,,,,
182000,641.7,0.000008,,,,,,,,
182100,641.9,0.000008,,,,,,,,
182200,642.2,0.000009,,,,,,,,
182300,642.5,0.000008,,,,,,,,
182400,642.8,0.000012,,,,,,,,
182500,643.1,0.000009,,,,,,,,
182600,643.4,0.000008,,,,,,,,
182700,643.7,0.000010,,,,,,,,
182800,644.0,0.000009,,,,,,,,
182900,644.2,0.000009,,,,,,,,
183000,644.5,0.000007,,,,,,,,
183100,644.8,0.000010,,,,,,,,
183200,645.1,0.000011,,,,,,,,
183300,645.4,0.000009,,,,,,,,
183400,645.7,0.000009,,,,,,,,
183500,646.0,0.000008,,,,,,,,
183600,646.3,0.000010,,,,,,,,
183700,646.6,0.000009,,,,,,,,
183800,646.9,0.000009,,,,,,,,
183900,647.2,0.000020,,,,,,,,
184000,647.4,0.000009,,,,,,,,
184100,647.7,0.000007,,,,,,,,
184200,648.0,0.000009,,,,,,,,
184300,648.3,0.000013,,,,,,,,
184400,648.5,0.000010,,,,,,,,
184500,648.8,0.000011,,,,,,,,
184600,649.1,0.000010,,,,,,,,
184700,649.4,0.000010,,,,,,,,
184800,649.7,0.000009,,,,,,,,
184900,650.0,0.000008,,,,,,,,
185000,651.4,0.000008,0.000011,1.304143e+00,2.648040e-01,2.211756e-01,0.000000,1.213266e+00,2.511705e-01,2.127536e-01
185100,651.6,0.000007,,,,,,,,
185200,651.9,0.000010,,,,,,,,
185300,652.2,0.000009,,,,,,,,
185400,652.5,0.000009,,,,,,,,
185500,652.8,0.000009,,,,,,,,
185600,653.1,0.000008,,,,,,,,
185700,653.4,0.000008,,,,,,,,
185800,653.6,0.000011,,,,,,,,
185900,653.9,0.000020,,,,,,,,
186000,654.2,0.000007,,,,,,,,
186100,654.5,0.000008,,,,,,,,
186200,654.8,0.000009,,,,,,,,
186300,655.1,0.000007,,,,,,,,
186400,655.4,0.000007,,,,,,,,
186500,655.7,0.000010,,,,,,,,
186600,656.0,0.000008,,,,,,,,
186700,656.3,0.000008,,,,,,,,
186800,656.6,0.000006,,,,,,,,
186900,656.9,0.000008,,,,,,,,
187000,657.2,0.000013,,,,,,,,
187100,657.5,0.000009,,,,,,,,
187200,657.8,0.000007,,,,,,,,
187300,658.0,0.000007,,,,,,,,
187400,658.3,0.000008,,,,,,,,
187500,658.6,0.000009,,,,,,,,
187600,658.8,0.000010,,,,,,,,
187700,659.1,0.000010,,,,,,,,
187800,659.4,0.000009,,,,,,,,
187900,659.7,0.000012,,,,,,,,
188000,660.0,0.000009,,,,,,,,
188100,660.3,0.000007,,,,,,,,
188200,660.6,0.000009,,,,,,,,
188300,660.9,0.000010,,,,,,,,
188400,661.2,0.000008,,,,,,,,
188500,661.5,0.000008,,,,,,,,
188600,661.7,0.000009,,,,,,,,
188700,662.0,0.000007,,,,,,,,
188800,662.3,0.000013,,,,,,,,
188900,662.6,0.000011,,,,,,,,
189000,662.9,0.000010,,,,,,,,
189100,663.2,0.000006,,,,,,,,
189200,663.5,0.000015,,,,,,,,
189300,663.7,0.000009,,,,,,,,
189400,664.0,0.000007,,,,,,,,
189500,664.3,0.000009,,,,,,,,
189600,664.6,0.000011,,,,,,,,
189700,664.9,0.000011,,,,,,,,
189800,665.2,0.000007,,,,,,,,
189900,665.5,0.000009,,,,,,,,
190000,666.9,0.000008,0.000012,1.388100e+00,2.760379e-01,2.419208e-01,0.000000,1.252298e+00,2.628692e-01,2.336748e-01
190100,667.1,0.000008,,,,,,,,
190200,667.4,0.000007,,,,,,,,
190300,667.7,0.000012,,,,,,,,
190400,668.0,0.000009,,,,,,,,
190500,668.3,0.000010,,,,,,,,
190600,668.6,0.000006,,,,,,,,
190700,668.9,0.000008,,,,,,,,
190800,669.1,0.000013,,,,,,,,
190900,669.4,0.000007,,,,,,,,
191000,669.7,0.000006,,,,,,,,
191100,670.0,0.000007,,,,,,,,
191200,670.3,0.000008,,,,,,,,
191300,670.6,0.000013,,,,,,,,
191400,670.9,0.000008,,,,,,,,
191500,671.2,0.000008,,,,,,,,
191600,671.5,0.000008,,,,,,,,
191700,671.8,0.000009,,,,,,,,
191800,672.1,0.000009,,,,,,,,
191900,672.4,0.000008,,,,,,,,
192000,672.6,0.000015,,,,,,,,
192100,672.9,0.000008,,,,,,,,
192200,673.2,0.000008,,,,,,,,
192300,673.5,0.000008,,,,,,,,
192400,673.8,0.000010,,,,,,,,
192500,674.1,0.000009,,,,,,,,
192600,674.4,0.000009,,,,,,,,
192700,674.7,0.000011,,,,,,,,
192800,675.0,0.000013,,,,,,,,
192900,675.2,0.000007,,,,,,,,
193000,675.5,0.000012,,,,,,,,
193100,675.8,0.000013,,,,,,,,
193200,676.1,0.000014,,,,,,,,
193300,676.4,0.000012,,,,,,,,
193400,676.7,0.000007,,,,,,,,
193500,677.0,0.000008,,,,,,,,
193600,677.2,0.000010,,,,,,,,
193700,677.5,0.000008,,,,,,,,
193800,677.8,0.000010,,,,,,,,
193900,678.1,0.000006,,,,,,,,
194000,678.3,0.000006,,,,,,,,
194100,678.6,0.000008,,,,,,,,
194200,678.9,0.000009,,,,,,,,
194300,679.2,0.000008,,,,,,,,
194400,679.5,0.000008,,,,,,,,
194500,679.8,0.000007,,,,,,,,
194600,680.1,0.000008,,,,,,,,
194700,680.4,0.000008,,,,,,,,
194800,680.6,0.000007,,,,,,,,
194900,680.9,0.000011,,,,,,,,
195000,682.3,0.000007,0.000009,1.416661e+00,2.326513e-01,1.864328e-01,0.000000,1.321909e+00,2.176210e-01,1.762184e-01
195100,682.6,0.000007,,,,,,,,
195200,682.9,0.000008,,,,,,,,
195300,683.2,0.000008,,,,,,,,
195400,683.5,0.000009,,,,,,,,
195500,683.8,0.000007,,,,,,,,
195600,684.1,0.000009,,,,,,,,
195700,684.3,0.000007,,,,,,,,
195800,684.6,0.000009,,,,,,,,
195900,684.9,0.000008,,,,,,,,
196000,685.2,0.000007,,,,,,,,
196100,685.5,0.000009,,,,,,,,
196200,685.8,0.000013,,,,,,,,
196300,686.1,0.000007,,,,,,,,
196400,686.4,0.000009,,,,,,,,
196500,686.6,0.000009,,,,,,,,
196600,686.9,0.000007,,,,,,,,
196700,687.2,0.000010,,,,,,,,
196800,687.5,0.000013,,,,,,,,
196900,687.8,0.000007,,,,,,,,
197000,688.1,0.000009,,,,,,,,
197100,688.4,0.000009,,,,,,,,
197200,688.7,0.000008,,,,,,,,
197300,688.9,0.000012,,,,,,,,
197400,689.2,0.000012,,,,,,,,
197500,689.5,0.000009,,,,,,,,
197600,689.8,0.000008,,,,,,,,
197700,690.1,0.000008,,,,,,,,
197800,690.4,0.000008,,,,,,,,
197900,690.7,0.000007,,,,,,,,
198000,691.0,0.000008,,,,,,,,
198100,691.3,0.000008,,,,,,,,
198200,691.6,0.000008,,,,,,,,
198300,691.9,0.000008,,,,,,,,
198400,692.1,0.000009,,,,,,,,
198500,692.4,0.000011,,,,,,,,
198600,692.7,0.000015,,,,,,,,
198700,693.0,0.000010,,,,,,,,
198800,693.3,0.000007,,,,,,,,
198900,693.6,0.000008,,,,,,,,
199000,693.9,0.000014,,,,,,,,
199100,694.2,0.000008,,,,,,,,
199200,694.5,0.000012,,,,,,,,
199300,694.8,0.000013,,,,,,,,
199400,695.1,0.000007,,,,,,,,
199500,695.4,0.000010,,,,,,,,
199600,695.6,0.000008,,,,,,,,
199700,695.9,0.000009,,,,,,,,
199800,696.2,0.000015,,,,,,,,
199900,696.5,0.000008,,,,,,,,
200000,697.9,0.000007,0.000009,1.307835e+00,2.401158e-01,1.997662e-01,0.000000,1.170938e+00,2.256712e-01,1.904528e-01
200100,698.1,0.000007,,,,,,,,
200200,698.4,0.000007,,,,,,,,
200300,698.6,0.000011,,,,,,,,
200400,698.9,0.000010,,,,,,,,
200500,699.2,0.000009,,,,,,,,
200600,699.5,0.000007,,,,,,,,
200700,699.8,0.000009,,,,,,,,
200800,700.1,0.000010,,,,,,,,
200900,700.4,0.000007,,,,,,,,
201000,700.7,0.000009,,,,,,,,
201100,700.9,0.000008,,,,,,,,
201200,701.2,0.000008,,,,,,,,
201300,701.5,0.000007,,,,,,,,
201400,701.8,0.000010,,,,,,,,
201500,702.1,0.000009,,,,,,,,
201600,702.4,0.000014,,,,,,,,
201700,702.7,0.000007,,,,,,,,
201800,703.0,0.000010,,,,,,,,
201900,703.3,0.000013,,,,,,,,
202000,703.6,0.000007,,,,,,,,
202100,703.9,0.000010,,,,,,,,
202200,704.2,0.000011,,,,,,,,
202300,704.5,0.000010,,,,,,,,
202400,704.8,0.000007,,,,,,,,
202500,705.1,0.000008,,,,,,,,
202600,705.4,0.000009,,,,,,,,
202700,705.7,0.000017,,,,,,,,
202800,706.0,0.000009,,,,,,,,
202900,706.2,0.000009,,,,,,,,
203000,706.5,0.000008,,,,,,,,
203100,706.8,0.000007,,,,,,,,
203200,707.1,0.000011,,,,,,,,
203300,707.4,0.000008,,,,,,,,
203400,707.7,0.000014,,,,,,,,
203500,708.0,0.000008,,,,,,,,
203600,708.3,0.000009,,,,,,,,
203700,708.6,0.000008,,,,,,,,
203800,708.8,0.000010,,,,,,,,
203900,709.1,0.000007,,,,,,,,
204000,709.4,0.000008,,,,,,,,
204100,709.7,0.000009,,,,,,,,
204200,710.0,0.000009,,,,,,,,
204300,710.3,0.000007,,,,,,,,
204400,710.6,0.000011,,,,,,,,
204500,710.8,0.000009,,,,,,,,
204600,711.1,0.000012,,,,,,,,
204700,711.4,0.000007,,,,,,,,
204800,711.7,0.000008,,,,,,,,
204900,712.0,0.000007,,,,,,,,
205000,713.4,0.000010,0.000008,1.172746e+00,2.156595e-01,1.778904e-01,0.000000,1.046301e+00,1.990430e-01,1.671487e-01
205100,713.6,0.000007,,,,,,,,
205200,713.8,0.000007,,,,,,,,
205300,714.1,0.000008,,,,,,,,
205400,714.4,0.000008,,,,,,,,
205500,714.6,0.000006,,,,,,,,
205600,714.9,0.000008,,,,,,,,
205700,715.2,0.000007,,,,,,,,
205800,715.5,0.000006,,,,,,,,
205900,715.8,0.000010,,,,,,,,
206000,716.0,0.000009,,,,,,,,
206100,716.3,0.000010,,,,,,,,
206200,716.6,0.000009,,,,,,,,
206300,716.9,0.000010,,,,,,,,
206400,717.2,0.000007,,,,,,,,
206500,717.5,0.000007,,,,,,,,
206600,717.8,0.000008,,,,,,,,
206700,718.0,0.000007,,,,,,,,
206800,718.3,0.000010,,,,,,,,
206900,718.6,0.000008,,,,,,,,
207000,718.9,0.000012,,,,,,,,
207100,719.2,0.000008,,,,,,,,
207200,719.5,0.000009,,,,,,,,
207300,719.8,0.000010,,,,,,,,
207400,720.1,0.000011,,,,,,,,
207500,720.4,0.000007,,,,,,,,
207600,720.7,0.000007,,,,,,,,
207700,721.0,0.000021,,,,,,,,
207800,721.3,0.000009,,,,,,,,
207900,721.6,0.000013,,,,,,,,
208000,721.9,0.000008,,,,,,,,
208100,722.2,0.000009,,,,,,,,
208200,722.5,0.000009,,,,,,,,
208300,722.8,0.000009,,,,,,,,
208400,723.0,0.000009,,,,,,,,
208500,723.3,0.000011,,,,,,,,
208600,723.6,0.000010,,,,,,,,
208700,723.9,0.000011,,,,,,,,
208800,724.2,0.000008,,,,,,,,
208900,724.5,0.000009,,,,,,,,
209000,724.8,0.000008,,,,,,,,
209100,725.0,0.000008,,,,,,,,
209200,725.3,0.000007,,,,,,,,
209300,725.6,0.000007,,,,,,,,
209400,725.9,0.000009,,,,,,,,
209500,726.2,0.000011,,,,,,,,
209600,726.5,0.000010,,,,,,,,
209700,726.8,0.000007,,,,,,,,
209800,727.1,0.000010,,,,,,,,
209900,727.4,0.000008,,,,,,,,
210000,728.8,0.000008,0.000008,1.263772e+00,2.249617e-01,1.861644e-01,0.000000,1.138514e+00,2.092937e-01,1.764416e-01
210100,729.0,0.000007,,,,,,,,
210200,729.2,0.000008,,,,,,,,
210300,729.5,0.000012,,,,,,,,
210400,729.8,0.000008,,,,,,,,
210500,730.1,0.000012,,,,,,,,
210600,730.4,0.000012,,,,,,,,
210700,730.7,0.000008,,,,,,,,
210800,731.0,0.000007,,,,,,,,
210900,731.2,0.000008,,,,,,,,
211000,731.5,0.000009,,,,,,,,
211100,731.8,0.000007,,,,,,,,
211200,732.1,0.000008,,,,,,,,
211300,732.4,0.000008,,,,,,,,
211400,732.7,0.000009,,,,,,,,
211500,733.0,0.000007,,,,,,,,
211600,733.3,0.000007,,,,,,,,
211700,733.6,0.000010,,,,,,,,
211800,733.8,0.000008,,,,,,,,
211900,734.1,0.000012,,,,,,,,
212000,734.4,0.000009,,,,,,,,
212100,734.7,0.000007,,,,,,,,
212200,735.0,0.000019,,,,,,,,
212300,735.3,0.000008,,,,,,,,
212400,735.5,0.000007,,,,,,,,
212500,735.8,0.000012,,,,,,,,
212600,736.1,0.000011,,,,,,,,
212700,736.4,0.000009,,,,,,,,
212800,736.7,0.000012,,,,,,,,
212900,737.0,0.000007,,,,,,,,
213000,737.3,0.000007,,,,,,,,
213100,737.6,0.000012,,,,,,,,
213200,737.9,0.000015,,,,,,,,
213300,738.1,0.000010,,,,,,,,
213400,738.4,0.000008,,,,,,,,
213500,738.7,0.000008,,,,,,,,
213600,739.0,0.000008,,,,,,,,
213700,739.3,0.000008,,,,,,,,
213800,739.6,0.000007,,,,,,,,
213900,739.8,0.000008,,,,,,,,
214000,740.1,0.000010,,,,,,,,
214100,740.4,0.000007,,,,,,,,
214200,740.7,0.000009,,,,,,,,
214300,741.0,0.000006,,,,,,,,
214400,741.3,0.000012,,,,,,,,
214500,741.6,0.000009,,,,,,,,
214600,741.9,0.000010,,,,,,,,
214700,742.1,0.000007,,,,,,,,
214800,742.4,0.000008,,,,,,,,
214900,742.7,0.000007,,,,,,,,
215000,744.1,0.000007,0.000008,1.258218e+00,2.171433e-01,1.797050e-01,0.000000,1.134676e+00,2.001987e-01,1.686765e-01
215100,744.3,0.000006,,,,,,,,
215200,744.6,0.000010,,,,,,,,
215300,744.9,0.000008,,,,,,,,
215400,745.2,0.000008,,,,,,,,
215500,745.5,0.000009,,,,,,,,
215600,745.8,0.000018,,,,,,,,
215700,746.1,0.000009,,,,,,,,
215800,746.3,0.000007,,,,,,,,
215900,746.6,0.000009,,,,,,,,
216000,746.9,0.000009,,,,,,,,
216100,747.2,0.000007,,,,,,,,
216200,747.5,0.000009,,,,,,,,
216300,747.8,0.000007,,,,,,,,
216400,748.1,0.000007,,,,,,,,
216500,748.4,0.000007,,,,,,,,
216600,748.7,0.000010,,,,,,,,
216700,749.0,0.000008,,,,,,,,
216800,749.2,0.000007,,,,,,,,
216900,749.5,0.000015,,,,,,,,
217000,749.8,0.000010,,,,,,,,
217100,750.1,0.000010,,,,,,,,
217200,750.4,0.000013,,,,,,,,
217300,750.7,0.000008,,,,,,,,
217400,751.0,0.000007,,,,,,,,
217500,751.3,0.000009,,,,,,,,
217600,751.6,0.000008,,,,,,,,
217700,751.9,0.000010,,,,,,,,
217800,752.2,0.000010,,,,,,,,
217900,752.5,0.000012,,,,,,,,
218000,752.8,0.000014,,,,,,,,
218100,753.1,0.000008,,,,,,,,
218200,753.4,0.000008,,,,,,,,
218300,753.6,0.000009,,,,,,,,
218400,753.9,0.000011,,,,,,,,
218500,754.2,0.000011,,,,,,,,
218600,754.5,0.000010,,,,,,,,
218700,754.8,0.000006,,,,,,,,
218800,755.1,0.000011,,,,,,,,
218900,755.4,0.000007,,,,,,,,
219000,755.7,0.000008,,,,,,,,
219100,756.0,0.000009,,,,,,,,
219200,756.2,0.000006,,,,,,,,
219300,756.5,0.000006,,,,,,,,
219400,756.8,0.000010,,,,,,,,
219500,757.1,0.000014,,,,,,,,
219600,757.4,0.000013,,,,,,,,
219700,757.7,0.000015,,,,,,,,
219800,758.0,0.000007,,,,,,,,
219900,758.3,0.000010,,,,,,,,
220000,759.6,0.000009,0.000010,1.375421e+00,2.463841e-01,2.079609e-01,0.000000,1.252550e+00,2.319662e-01,1.985597e-01
220100,759.9,0.000007,,,,,,,,
220200,760.1,0.000007,,,,,,,,
220300,760.4,0.000008,,,,,,,,
220400,760.7,0.000011,,,,,,,,
220500,761.0,0.000009,,,,,,,,
220600,761.3,0.000012,,,,,,,,
220700,761.6,0.000008,,,,,,,,
220800,761.9,0.000009,,,,,,,,
220900,762.2,0.000007,,,,,,,,
221000,762.5,0.000008,,,,,,,,
221100,762.8,0.000009,,,,,,,,
221200,763.0,0.000011,,,,,,,,
221300,763.3,0.000012,,,,,,,,
221400,763.6,0.000008,,,,,,,,
221500,763.9,0.000006,,,,,,,,
221600,764.2,0.000008,,,,,,,,
221700,764.5,0.000008,,,,,,,,
221800,764.8,0.000010,,,,,,,,
221900,765.1,0.000009,,,,,,,,
222000,765.4,0.000009,,,,,,,,
222100,765.7,0.000014,,,,,,,,
222200,766.0,0.000008,,,,,,,,
222300,766.2,0.000009,,,,,,,,
222400,766.5,0.000008,,,,,,,,
222500,766.8,0.000006,,,,,,,,
222600,767.1,0.000014,,,,,,,,
222700,767.4,0.000008,,,,,,,,
222800,767.7,0.000010,,,,,,,,
222900,768.0,0.000007,,,,,,,,
223000,768.3,0.000009,,,,,,,,
223100,768.6,0.000009,,,,,,,,
223200,768.9,0.000012,,,,,,,,
223300,769.2,0.000008,,,,,,,,
223400,769.5,0.000008,,,,,,,,
223500,769.8,0.000008,,,,,,,,
223600,770.1,0.000011,,,,,,,,
223700,770.4,0.000007,,,,,,,,
223800,770.7,0.000010,,,,,,,,
223900,770.9,0.000010,,,,,,,,
224000,771.2,0.000007,,,,,,,,
224100,771.5,0.000009,,,,,,,,
224200,771.8,0.000006,,,,,,,,
224300,772.1,0.000007,,,,,,,,
224400,772.4,0.000008,,,,,,,,
224500,772.7,0.000006,,,,,,,,
224600,773.0,0.000007,,,,,,,,
224700,773.3,0.000010,,,,,,,,
224800,773.5,0.000009,,,,,,,,
224900,773.8,0.000012,,,,,,,,
225000,775.2,0.000008,0.000008,1.176347e+00,2.239215e-01,1.874134e-01,0.000000,1.047258e+00,2.078611e-01,1.763118e-01
225100,775.4,0.000006,,,,,,,,
225200,775.7,0.000007,,,,,,,,
225300,776.0,0.000009,,,,,,,,
225400,776.2,0.000007,,,,,,,,
225500,776.5,0.000009,,,,,,,,
225600,776.8,0.000009,,,,,,,,
225700,777.1,0.000008,,,,,,,,
225800,777.4,0.000010,,,,,,,,
225900,777.7,0.000007,,,,,,,,
226000,778.0,0.000009,,,,,,,,
226100,778.3,0.000008,,,,,,,,
226200,778.5,0.000009,,,,,,,,
226300,778.8,0.000016,,,,,,,,
226400,779.1,0.000008,,,,,,,,
226500,779.4,0.000007,,,,,,,,
226600,779.7,0.000007,,,,,,,,
226700,780.0,0.000008,,,,,,,,
226800,780.3,0.000011,,,,,,,,
226900,780.6,0.000008,,,,,,,,
227000,780.9,0.000009,,,,,,,,
227100,781.2,0.000006,,,,,,,,
227200,781.4,0.000007,,,,,,,,
227300,781.7,0.000011,,,,,,,,
227400,782.0,0.000007,,,,,,,,
227500,782.3,0.000012,,,,,,,,
227600,782.6,0.000007,,,,,,,,
227700,782.9,0.000010,,,,,,,,
227800,783.2,0.000008,,,,,,,,
227900,783.4,0.000012,,,,,,,,
228000,783.7,0.000013,,,,,,,,
228100,784.0,0.000007,,,,,,,,
228200,784.3,0.000008,,,,,,,,
228300,784.6,0.000007,,,,,,,,
228400,784.9,0.000008,,,,,,,,
228500,785.2,0.000010,,,,,,,,
228600,785.5,0.000011,,,,,,,,
228700,785.7,0.000008,,,,,,,,
228800,786.0,0.000012,,,,,,,,
228900,786.3,0.000008,,,,,,,,
229000,786.6,0.000013,,,,,,,,
229100,786.9,0.000012,,,,,,,,
229200,787.2,0.000008,,,,,,,,
229300,787.4,0.000010,,,,,,,,
229400,787.7,0.000009,,,,,,,,
229500,788.0,0.000008,,,,,,,,
229600,788.3,0.000009,,,,,,,,
229700,788.6,0.000008,,,,,,,,
229800,788.9,0.000008,,,,,,,,
229900,789.2,0.000014,,,,,,,,
230000,790.6,0.000013,0.000008,1.191997e+00,2.178991e-01,1.784271e-01,0.000000,1.081408e+00,2.012458e-01,1.668329e-01
230100,790.8,0.000008,,,,,,,,
230200,791.1,0.000007,,,,,,,,
230300,791.4,0.000015,,,,,,,,
230400,791.7,0.000006,,,,,,,,
230500,792.0,0.000008,,,,,,,,
230600,792.3,0.000008,,,,,,,,
230700,792.6,0.000008,,,,,,,,
230800,792.9,0.000009,,,,,,,,
230900,793.2,0.000016,,,,,,,,
231000,793.5,0.000006,,,,,,,,
231100,793.8,0.000008,,,,,,,,
231200,794.1,0.000009,,,,,,,,
231300,794.3,0.000009,,,,,,,,
231400,794.6,0.000010,,,,,,,,
231500,794.9,0.000010,,,,,,,,
231600,795.2,0.000012,,,,,,,,
231700,795.5,0.000015,,,,,,,,
231800,795.8,0.000008,,,,,,,,
231900,796.1,0.000008,,,,,,,,
232000,796.4,0.000008,,,,,,,,
232100,796.7,0.000009,,,,,,,,
232200,797.0,0.000007,,,,,,,,
232300,797.3,0.000010,,,,,,,,
232400,797.6,0.000006,,,,,,,,
232500,797.9,0.000009,,,,,,,,
232600,798.2,0.000007,,,,,,,,
232700,798.5,0.000011,,,,,,,,
232800,798.7,0.000009,,,,,,,,
232900,799.0,0.000007,,,,,,,,
233000,799.3,0.000007,,,,,,,,
233100,799.6,0.000009,,,,,,,,
233200,799.9,0.000011,,,,,,,,
233300,800.2,0.000009,,,,,,,,
233400,800.5,0.000007,,,,,,,,
233500,800.8,0.000009,,,,,,,,
233600,801.1,0.000012,,,,,,,,
233700,801.4,0.000008,,,,,,,,
233800,801.7,0.000008,,,,,,,,
233900,802.0,0.000007,,,,,,,,
234000,802.3,0.000012,,,,,,,,
234100,802.6,0.000005,,,,,,,,
234200,802.9,0.000008,,,,,,,,
234300,803.2,0.000007,,,,,,,,
234400,803.5,0.000010,,,,,,,,
234500,803.7,0.000008,,,,,,,,
234600,804.0,0.000011,,,,,,,,
234700,804.3,0.000007,,,,,,,,
234800,804.6,0.000014,,,,,,,,
234900,804.9,0.000007,,,,,,,,
235000,806.3,0.000006,0.000009,1.342874e+00,2.341955e-01,1.973087e-01,0.000000,1.218985e+00,2.188668e-01,1.881102e-01
235100,806.5,0.000008,,,,,,,,
235200,806.8,0.000009,,,,,,,,
235300,807.1,0.000010,,,,,,,,
235400,807.4,0.000012,,,,,,,,
235500,807.7,0.000009,,,,,,,,
235600,808.0,0.000012,,,,,,,,
235700,808.3,0.000007,,,,,,,,
235800,808.6,0.000006,,,,,,,,
235900,808.9,0.000012,,,,,,,,
236000,809.2,0.000009,,,,,,,,
236100,809.5,0.000009,,,,,,,,
236200,809.8,0.000010,,,,,,,,
236300,810.0,0.000007,,,,,,,,
236400,810.3,0.000009,,,,,,,,
236500,810.6,0.000009,,,,,,,,
236600,810.9,0.000008,,,,,,,,
236700,811.2,0.000009,,,,,,,,
236800,811.5,0.000009,,,,,,,,
236900,811.8,0.000012,,,,,,,,
237000,812.1,0.000007,,,,,,,,
237100,812.4,0.000008,,,,,,,,
237200,812.7,0.000010,,,,,,,,
237300,813.0,0.000011,,,,,,,,
237400,813.3,0.000007,,,,,,,,
237500,813.6,0.000007,,,,,,,,
237600,813.9,0.000006,,,,,,,,
237700,814.2,0.000011,,,,,,,,
237800,814.4,0.000008,,,,,,,,
237900,814.7,0.000007,,,,,,,,
238000,815.0,0.000009,,,,,,,,
238100,815.3,0.000008,,,,,,,,
238200,815.6,0.000007,,,,,,,,
238300,815.9,0.000009,,,,,,,,
238400,816.2,0.000007,,,,,,,,
238500,816.5,0.000009,,,,,,,,
238600,816.8,0.000007,,,,,,,,
238700,817.1,0.000007,,,,,,,,
238800,817.4,0.000009,,,,,,,,
238900,817.6,0.000008,,,,,,,,
239000,817.9,0.000008,,,,,,,,
239100,818.2,0.000022,,,,,,,,
239200,818.5,0.000010,,,,,,,,
239300,818.8,0.000012,,,,,,,,
239400,819.1,0.000008,,,,,,,,
239500,819.4,0.000007,,,,,,,,
239600,819.7,0.000010,,,,,,,,
239700,820.0,0.000014,,,,,,,,
239800,820.2,0.000010,,,,,,,,
239900,820.6,0.000008,,,,,,,,
240000,821.9,0.000007,0.000007,1.227944e+00,2.123295e-01,1.690020e-01,0.000000,1.103132e+00,1.956601e-01,1.585585e-01
240100,822.2,0.000011,,,,,,,,
240200,822.4,0.000008,,,,,,,,
240300,822.7,0.000010,,,,,,,,
240400,823.0,0.000008,,,,,,,,
240500,823.3,0.000010,,,,,,,,
240600,823.6,0.000008,,,,,,,,
240700,823.9,0.000009,,,,,,,,
240800,824.2,0.000008,,,,,,,,
240900,824.5,0.000008,,,,,,,,
241000,824.8,0.000009,,,,,,,,
241100,825.1,0.000007,,,,,,,,
241200,825.4,0.000008,,,,,,,,
241300,825.6,0.000010,,,,,,,,
241400,825.9,0.000009,,,,,,,,
241500,826.2,0.000009,,,,,,,,
241600,826.5,0.000007,,,,,,,,
241700,826.8,0.000011,,,,,,,,
241800,827.1,0.000010,,,,,,,,
241900,827.4,0.000008,,,,,,,,
242000,827.7,0.000009,,,,,,,,
242100,828.0,0.000011,,,,,,,,
242200,828.3,0.000009,,,,,,,,
242300,828.5,0.000009,,,,,,,,
242400,828.8,0.000006,,,,,,,,
242500,829.1,0.000006,,,,,,,,
242600,829.4,0.000008,,,,,,,,
242700,829.7,0.000010,,,,,,,,
242800,830.0,0.000006,,,,,,,,
242900,830.3,0.000009,,,,,,,,
243000,830.6,0.000009,,,,,,,,
243100,830.9,0.000007,,,,,,,,
243200,831.2,0.000012,,,,,,,,
243300,831.4,0.000008,,,,,,,,
243400,831.7,0.000009,,,,,,,,
243500,832.0,0.000008,,,,,,,,
243600,832.3,0.000007,,,,,,,,
243700,832.6,0.000007,,,,,,,,
243800,832.9,0.000009,,,,,,,,
243900,833.2,0.000008,,,,,,,,
244000,833.5,0.000007,,,,,,,,
244100,833.8,0.000008,,,,,,,,
244200,834.0,0.000008,,,,,,,,
244300,834.3,0.000008,,,,,,,,
244400,834.6,0.000010,,,,,,,,
244500,834.9,0.000007,,,,,,,,
244600,835.2,0.000008,,,,,,,,
244700,835.5,0.000007,,,,,,,,
244800,835.8,0.000007,,,,,,,,
244900,836.1,0.000010,,,,,,,,
245000,837.5,0.000008,0.000012,1.355046e+00,2.845496e-01,2.584210e-01,0.000000,1.233644e+00,2.726640e-01,2.511530e-01
245100,837.7,0.000008,,,,,,,,
245200,838.0,0.000007,,,,,,,,
245300,838.3,0.000011,,,,,,,,
245400,838.6,0.000008,,,,,,,,
245500,838.9,0.000008,,,,,,,,
245600,839.2,0.000010,,,,,,,,
245700,839.5,0.000008,,,,,,,,
245800,839.7,0.000008,,,,,,,,
245900,840.0,0.000010,,,,,,,,
246000,840.3,0.000011,,,,,,,,
246100,840.6,0.000007,,,,,,,,
246200,840.9,0.000011,,,,,,,,
246300,841.2,0.000012,,,,,,,,
246400,841.4,0.000008,,,,,,,,
246500,841.7,0.000011,,,,,,,,
246600,842.0,0.000009,,,,,,,,
246700,842.3,0.000007,,,,,,,,
246800,842.6,0.000014,,,,,,,,
246900,842.9,0.000007,,,,,,,,
247000,843.2,0.000013,,,,,,,,
247100,843.5,0.000007,,,,,,,,
247200,843.8,0.000009,,,,,,,,
247300,844.0,0.000007,,,,,,,,
247400,844.4,0.000009,,,,,,,,
247500,844.8,0.000013,,,,,,,,
247600,845.2,0.000012,,,,,,,,
247700,845.7,0.000008,,,,,,,,
247800,846.1,0.000012,,,,,,,,
247900,846.6,0.000008,,,,,,,,
248000,847.1,0.000008,,,,,,,,
248100,847.5,0.000007,,,,,,,,
248200,848.0,0.000007,,,,,,,,
248300,848.4,0.000009,,,,,,,,
248400,848.9,0.000011,,,,,,,,
248500,849.4,0.000007,,,,,,,,
248600,849.8,0.000015,,,,,,,,
248700,850.3,0.000010,,,,,,,,
248800,850.7,0.000008,,,,,,,,
248900,851.2,0.000009,,,,,,,,
249000,851.6,0.000007,,,,,,,,
249100,852.1,0.000006,,,,,,,,
249200,852.6,0.000011,,,,,,,,
249300,853.0,0.000015,,,,,,,,
249400,853.5,0.000013,,,,,,,,
249500,853.9,0.000008,,,,,,,,
249600,854.4,0.000008,,,,,,,,
249700,854.9,0.000007,,,,,,,,
249800,855.4,0.000007,,,,,,,,
249900,855.8,0.000006,,,,,,,,
250000,857.5,0.000009,0.000007,1.288758e+00,2.123699e-01,1.751899e-01,0.000000,1.162462e+00,1.961614e-01,1.647274e-01
250100,857.7,0.000009,,,,,,,,
250200,857.9,0.000008,,,,,,,,
250300,858.3,0.000009,,,,,,,,
250400,858.6,0.000007,,,,,,,,
250500,859.0,0.000007,,,,,,,,
250600,859.2,0.000007,,,,,,,,
250700,859.7,0.000008,,,,,,,,
250800,860.0,0.000007,,,,,,,,
250900,860.5,0.000010,,,,,,,,
251000,860.9,0.000011,,,,,,,,
251100,861.4,0.000007,,,,,,,,
251200,861.8,0.000010,,,,,,,,
251300,862.3,0.000007,,,,,,,,
251400,862.8,0.000010,,,,,,,,
251500,863.1,0.000008,,,,,,,,
251600,863.6,0.000008,,,,,,,,
251700,864.0,0.000008,,,,,,,,
251800,864.4,0.000007,,,,,,,,
251900,864.9,0.000007,,,,,,,,
252000,865.4,0.000008,,,,,,,,
252100,865.8,0.000006,,,,,,,,
252200,866.3,0.000008,,,,,,,,
252300,866.8,0.000009,,,,,,,,
252400,867.2,0.000008,,,,,,,,
252500,867.7,0.000008,,,,,,,,
252600,868.1,0.000011,,,,,,,,
252700,868.6,0.000013,,,,,,,,
252800,869.0,0.000007,,,,,,,,
252900,869.5,0.000011,,,,,,,,
253000,870.0,0.000008,,,,,,,,
253100,870.4,0.000009,,,,,,,,
253200,870.9,0.000007,,,,,,,,
253300,871.4,0.000007,,,,,,,,
253400,871.8,0.000008,,,,,,,,
253500,872.3,0.000007,,,,,,,,
253600,872.8,0.000008,,,,,,,,
253700,873.2,0.000008,,,,,,,,
253800,873.7,0.000007,,,,,,,,
253900,874.1,0.000009,,,,,,,,
254000,874.5,0.000008,,,,,,,,
254100,874.9,0.000008,,,,,,,,
254200,875.4,0.000012,,,,,,,,
254300,875.9,0.000008,,,,,,,,
254400,876.3,0.000008,,,,,,,,
254500,876.8,0.000009,,,,,,,,
254600,877.3,0.000008,,,,,,,,
254700,877.7,0.000014,,,,,,,,
254800,878.2,0.000010,,,,,,,,
254900,878.7,0.000007,,,,,,,,
255000,880.2,0.000008,0.000008,1.234414e+00,2.269359e-01,1.888011e-01,0.000000,1.107267e+00,2.119323e-01,1.796286e-01
255100,880.4,0.000011,,,,,,,,
255200,880.7,0.000011,,,,,,,,
255300,881.1,0.000011,,,,,,,,
255400,881.6,0.000007,,,,,,,,
255500,882.1,0.000009,,,,,,,,
255600,882.5,0.000008,,,,,,,,
255700,883.0,0.000008,,,,,,,,
255800,883.4,0.000009,,,,,,,,
255900,883.9,0.000008,,,,,,,,
256000,884.3,0.000010,,,,,,,,
256100,884.8,0.000008,,,,,,,,
256200,885.3,0.000009,,,,,,,,
256300,885.8,0.000008,,,,,,,,
256400,886.2,0.000008,,,,,,,,
256500,886.7,0.000007,,,,,,,,
256600,887.2,0.000007,,,,,,,,
256700,887.7,0.000008,,,,,,,,
256800,888.1,0.000008,,,,,,,,
256900,888.6,0.000007,,,,,,,,
257000,889.1,0.000010,,,,,,,,
257100,889.5,0.000006,,,,,,,,
257200,890.0,0.000014,,,,,,,,
257300,890.4,0.000009,,,,,,,,
257400,890.9,0.000008,,,,,,,,
257500,891.4,0.000008,,,,,,,,
257600,891.9,0.000007,,,,,,,,
257700,892.3,0.000009,,,,,,,,
257800,892.8,0.000008,,,,,,,,
257900,893.3,0.000009,,,,,,,,
258000,893.7,0.000008,,,,,,,,
258100,894.2,0.000009,,,,,,,,
258200,894.6,0.000009,,,,,,,,
258300,895.1,0.000011,,,,,,,,
258400,895.5,0.000007,,,,,,,,
258500,896.0,0.000008,,,,,,,,
258600,896.5,0.000011,,,,,,,,
258700,896.9,0.000007,,,,,,,,
258800,897.4,0.000008,,,,,,,,
258900,897.9,0.000008,,,,,,,,
259000,898.4,0.000007,,,,,,,,
259100,898.8,0.000011,,,,,,,,
259200,899.3,0.000012,,,,,,,,
259300,899.8,0.000008,,,,,,,,
259400,900.2,0.000007,,,,,,,,
259500,900.7,0.000008,,,,,,,,
259600,901.2,0.000008,,,,,,,,
259700,901.7,0.000006,,,,,,,,
259800,902.1,0.000014,,,,,,,,
259900,902.6,0.000009,,,,,,,,
260000,904.2,0.000011,0.000007,1.179875e+00,2.079865e-01,1.692999e-01,0.000000,1.012156e+00,1.915845e-01,1.588562e-01
260100,904.4,0.000007,,,,,,,,
260200,904.7,0.000006,,,,,,,,
260300,905.1,0.000010,,,,,,,,
260400,905.6,0.000007,,,,,,,,
260500,906.1,0.000007,,,,,,,,
260600,906.5,0.000008,,,,,,,,
260700,907.0,0.000007,,,,,,,,
260800,907.4,0.000010,,,,,,,,
260900,907.9,0.000008,,,,,,,,
261000,908.3,0.000007,,,,,,,,
261100,908.7,0.000009,,,,,,,,
261200,909.1,0.000007,,,,,,,,
261300,909.5,0.000014,,,,,,,,
261400,909.8,0.000008,,,,,,,,
261500,910.3,0.000008,,,,,,,,
261600,910.7,0.000011,,,,,,,,
261700,911.2,0.000014,,,,,,,,
261800,911.6,0.000009,,,,,,,,
261900,912.0,0.000011,,,,,,,,
262000,912.5,0.000008,,,,,,,,
262100,913.0,0.000006,,,,,,,,
262200,913.4,0.000008,,,,,,,,
262300,913.9,0.000014,,,,,,,,
262400,914.3,0.000007,,,,,,,,
262500,914.6,0.000007,,,,,,,,
262600,915.0,0.000009,,,,,,,,
262700,915.4,0.000008,,,,,,,,
262800,915.8,0.000007,,,,,,,,
262900,916.3,0.000008,,,,,,,,
263000,916.8,0.000007,,,,,,,,
263100,917.2,0.000013,,,,,,,,
263200,917.6,0.000011,,,,,,,,
263300,918.0,0.000008,,,,,,,,
263400,918.3,0.000008,,,,,,,,
263500,918.7,0.000008,,,,,,,,
263600,919.1,0.000008,,,,,,,,
263700,919.6,0.000007,,,,,,,,
263800,920.0,0.000008,,,,,,,,
263900,920.5,0.000008,,,,,,,,
264000,920.9,0.000011,,,,,,,,
264100,921.4,0.000008,,,,,,,,
264200,921.9,0.000013,,,,,,,,
264300,922.3,0.000009,,,,,,,,
264400,922.8,0.000009,,,,,,,,
264500,923.3,0.000008,,,,,,,,
264600,923.8,0.000007,,,,,,,,
264700,924.2,0.000007,,,,,,,,
264800,924.7,0.000008,,,,,,,,
264900,925.2,0.000011,,,,,,,,
265000,926.7,0.000009,0.000008,1.098830e+00,2.181354e-01,1.808541e-01,0.000000,9.749685e-01,2.017993e-01,1.694703e-01
265100,927.0,0.000013,,,,,,,,
265200,927.3,0.000011,,,,,,,,
265300,927.6,0.000008,,,,,,,,
265400,928.1,0.000011,,,,,,,,
265500,928.6,0.000006,,,,,,,,
265600,929.0,0.000007,,,,,,,,
265700,929.5,0.000011,,,,,,,,
265800,930.0,0.000008,,,,,,,,
265900,930.5,0.000007,,,,,,,,
266000,930.9,0.000012,,,,,,,,
266100,931.4,0.000007,,,,,,,,
266200,931.9,0.000009,,,,,,,,
266300,932.4,0.000007,,,,,,,,
266400,932.8,0.000011,,,,,,,,
266500,933.3,0.000007,,,,,,,,
266600,933.7,0.000010,,,,,,,,
266700,934.0,0.000009,,,,,,,,
266800,934.4,0.000006,,,,,,,,
266900,934.8,0.000008,,,,,,,,
267000,935.3,0.000007,,,,,,,,
267100,935.6,0.000012,,,,,,,,
267200,936.0,0.000008,,,,,,,,
267300,936.4,0.000015,,,,,,,,
267400,936.9,0.000006,,,,,,,,
267500,937.1,0.000013,,,,,,,,
267600,937.5,0.000007,,,,,,,,
267700,937.9,0.000008,,,,,,,,
267800,938.3,0.000010,,,,,,,,
267900,938.6,0.000007,,,,,,,,
268000,939.1,0.000010,,,,,,,,
268100,939.5,0.000008,,,,,,,,
268200,940.0,0.000008,,,,,,,,
268300,940.4,0.000007,,,,,,,,
268400,940.9,0.000009,,,,,,,,
268500,941.3,0.000009,,,,,,,,
268600,941.8,0.000007,,,,,,,,
268700,942.3,0.000008,,,,,,,,
268800,942.8,0.000007,,,,,,,,
268900,943.2,0.000007,,,,,,,,
269000,943.6,0.000006,,,,,,,,
269100,944.1,0.000009,,,,,,,,
269200,944.5,0.000008,,,,,,,,
269300,945.0,0.000009,,,,,,,,
269400,945.4,0.000008,,,,,,,,
269500,945.8,0.000007,,,,,,,,
269600,946.2,0.000009,,,,,,,,
269700,946.6,0.000008,,,,,,,,
269800,947.1,0.000008,,,,,,,,
269900,947.5,0.000013,,,,,,,,
270000,949.1,0.000008,0.000008,1.268086e+00,2.293557e-01,1.892965e-01,0.000000,1.103174e+00,2.149783e-01,1.793891e-01
270100,949.3,0.000008,,,,,,,,
270200,949.6,0.000011,,,,,,,,
270300,949.9,0.000009,,,,,,,,
270400,950.4,0.000006,,,,,,,,
270500,950.7,0.000008,,,,,,,,
270600,951.2,0.000011,,,,,,,,
270700,951.6,0.000009,,,,,,,,
270800,952.1,0.000008,,,,,,,,
270900,952.5,0.000011,,,,,,,,
271000,952.9,0.000008,,,,,,,,
271100,953.4,0.000007,,,,,,,,
271200,953.7,0.000008,,,,,,,,
271300,954.1,0.000007,,,,,,,,
271400,954.4,0.000007,,,,,,,,
271500,954.8,0.000008,,,,,,,,
271600,955.2,0.000008,,,,,,,,
271700,955.6,0.000007,,,,,,,,
271800,955.9,0.000015,,,,,,,,
271900,956.3,0.000006,,,,,,,,
272000,957.3,0.000008,,,,,,,,
272100,958.0,0.000010,,,,,,,,
272200,958.4,0.000008,,,,,,,,
272300,958.7,0.000008,,,,,,,,
272400,959.0,0.000008,,,,,,,,
272500,959.2,0.000009,,,,,,,,
272600,959.6,0.000010,,,,,,,,
272700,959.9,0.000006,,,,,,,,
272800,960.2,0.000008,,,,,,,,
272900,960.5,0.000013,,,,,,,,
273000,960.8,0.000010,,,,,,,,
273100,961.1,0.000008,,,,,,,,
273200,961.4,0.000007,,,,,,,,
273300,961.7,0.000008,,,,,,,,
273400,962.1,0.000007,,,,,,,,
273500,962.4,0.000008,,,,,,,,
273600,962.7,0.000007,,,,,,,,
273700,963.1,0.000007,,,,,,,,
273800,963.4,0.000010,,,,,,,,
273900,963.7,0.000011,,,,,,,,
274000,964.0,0.000007,,,,,,,,
274100,964.3,0.000007,,,,,,,,
274200,964.8,0.000010,,,,,,,,
274300,965.2,0.000008,,,,,,,,
274400,965.5,0.000012,,,,,,,,
274500,965.9,0.000010,,,,,,,,
274600,966.3,0.000007,,,,,,,,
274700,966.8,0.000009,,,,,,,,
274800,967.2,0.000007,,,,,,,,
274900,967.7,0.000009,,,,,,,,
275000,969.6,0.000007,0.000007,1.352586e+00,2.129361e-01,1.740639e-01,0.000000,1.229567e+00,1.977609e-01,1.648314e-01
275100,969.8,0.000007,,,,,,,,
275200,970.1,0.000010,,,,,,,,
275300,970.5,0.000007,,,,,,,,
275400,970.9,0.000007,,,,,,,,
275500,971.4,0.000008,,,,,,,,
275600,971.8,0.000010,,,,,,,,
275700,972.3,0.000008,,,,,,,,
275800,972.7,0.000008,,,,,,,,
275900,973.2,0.000007,,,,,,,,
276000,973.7,0.000008,,,,,,,,
276100,974.2,0.000007,,,,,,,,
276200,974.6,0.000008,,,,,,,,
276300,975.1,0.000010,,,,,,,,
276400,975.5,0.000007,,,,,,,,
276500,976.0,0.000008,,,,,,,,
276600,976.5,0.000007,,,,,,,,
276700,977.0,0.000010,,,,,,,,
276800,977.4,0.000010,,,,,,,,
276900,977.9,0.000007,,,,,,,,
277000,978.3,0.000007,,,,,,,,
277100,978.8,0.000007,,,,,,,,
277200,979.2,0.000007,,,,,,,,
277300,979.7,0.000006,,,,,,,,
277400,980.1,0.000011,,,,,,,,
277500,980.6,0.000009,,,,,,,,
277600,981.1,0.000007,,,,,,,,
277700,981.5,0.000009,,,,,,,,
277800,982.0,0.000008,,,,,,,,
277900,982.5,0.000010,,,,,,,,
278000,982.9,0.000011,,,,,,,,
278100,983.4,0.000009,,,,,,,,
278200,983.9,0.000009,,,,,,,,
278300,984.3,0.000010,,,,,,,,
278400,984.8,0.000016,,,,,,,,
278500,985.2,0.000013,,,,,,,,
278600,985.7,0.000008,,,,,,,,
278700,986.1,0.000007,,,,,,,,
278800,986.6,0.000010,,,,,,,,
278900,987.1,0.000007,,,,,,,,
279000,987.5,0.000008,,,,,,,,
279100,988.0,0.000009,,,,,,,,
279200,988.5,0.000009,,,,,,,,
279300,988.9,0.000008,,,,,,,,
279400,989.4,0.000008,,,,,,,,
279500,989.8,0.000007,,,,,,,,
279600,990.3,0.000017,,,,,,,,
279700,990.8,0.000009,,,,,,,,
279800,991.2,0.000009,,,,,,,,
279900,991.7,0.000008,,,,,,,,
280000,993.3,0.000008,0.000009,1.156491e+00,2.331550e-01,1.985708e-01,0.000000,1.050546e+00,2.185912e-01,1.894075e-01
280100,993.5,0.000010,,,,,,,,
280200,993.8,0.000007,,,,,,,,
280300,994.2,0.000009,,,,,,,,
280400,994.7,0.000010,,,,,,,,
280500,995.1,0.000007,,,,,,,,
280600,995.6,0.000007,,,,,,,,
280700,996.1,0.000007,,,,,,,,
280800,996.5,0.000012,,,,,,,,
280900,997.0,0.000007,,,,,,,,
281000,997.5,0.000006,,,,,,,,
281100,997.9,0.000008,,,,,,,,
281200,998.4,0.000007,,,,,,,,
281300,998.8,0.000007,,,,,,,,
281400,999.3,0.000010,,,,,,,,
281500,999.8,0.000008,,,,,,,,
281600,1000.2,0.000009,,,,,,,,
281700,1000.6,0.000008,,,,,,,,
281800,1001.1,0.000008,,,,,,,,
281900,1001.6,0.000008,,,,,,,,
282000,1002.0,0.000010,,,,,,,,
282100,1002.5,0.000008,,,,,,,,
282200,1003.0,0.000010,,,,,,,,
282300,1003.4,0.000009,,,,,,,,
282400,1003.9,0.000009,,,,,,,,
282500,1004.4,0.000006,,,,,,,,
282600,1004.8,0.000006,,,,,,,,
282700,1005.3,0.000013,,,,,,,,
282800,1005.8,0.000006,,,,,,,,
282900,1006.2,0.000008,,,,,,,,
283000,1006.7,0.000008,,,,,,,,
283100,1007.1,0.000010,,,,,,,,
283200,1007.6,0.000007,,,,,,,,
283300,1008.1,0.000015,,,,,,,,
283400,1008.5,0.000015,,,,,,,,
283500,1008.9,0.000009,,,,,,,,
283600,1009.4,0.000007,,,,,,,,
283700,1009.9,0.000010,,,,,,,,
283800,1010.4,0.000006,,,,,,,,
283900,1010.8,0.000007,,,,,,,,
284000,1011.2,0.000008,,,,,,,,
284100,1011.6,0.000010,,,,,,,,
284200,1012.1,0.000011,,,,,,,,
284300,1012.5,0.000007,,,,,,,,
284400,1013.0,0.000009,,,,,,,,
284500,1013.4,0.000007,,,,,,,,
284600,1013.9,0.000006,,,,,,,,
284700,1014.4,0.000010,,,,,,,,
284800,1014.8,0.000007,,,,,,,,
284900,1015.2,0.000008,,,,,,,,
285000,1016.8,0.000006,0.000007,1.232316e+00,2.110817e-01,1.743341e-01,0.000000,1.104109e+00,1.960750e-01,1.649245e-01
285100,1017.1,0.000007,,,,,,,,
285200,1017.4,0.000010,,,,,,,,
285300,1017.8,0.000008,,,,,,,,
285400,1018.3,0.000007,,,,,,,,
285500,1018.8,0.000007,,,,,,,,
285600,1019.2,0.000010,,,,,,,,
285700,1019.7,0.000009,,,,,,,,
285800,1020.2,0.000007,,,,,,,,
285900,1020.7,0.000006,,,,,,,,
286000,1021.2,0.000010,,,,,,,,
286100,1021.6,0.000008,,,,,,,,
286200,1022.1,0.000008,,,,,,,,
286300,1022.6,0.000006,,,,,,,,
286400,1023.0,0.000009,,,,,,,,
286500,1023.5,0.000009,,,,,,,,
286600,1024.0,0.000007,,,,,,,,
286700,1024.4,0.000009,,,,,,,,
286800,1024.9,0.000008,,,,,,,,
286900,1025.4,0.000006,,,,,,,,
287000,1025.8,0.000006,,,,,,,,
287100,1026.2,0.000008,,,,,,,,
287200,1026.6,0.000010,,,,,,,,
287300,1027.0,0.000015,,,,,,,,
287400,1027.4,0.000008,,,,,,,,
287500,1027.9,0.000007,,,,,,,,
287600,1028.3,0.000009,,,,,,,,
287700,1028.7,0.000010,,,,,,,,
287800,1029.2,0.000011,,,,,,,,
287900,1029.7,0.000008,,,,,,,,
288000,1030.1,0.000008,,,,,,,,
288100,1030.6,0.000014,,,,,,,,
288200,1031.1,0.000007,,,,,,,,
288300,1031.5,0.000010,,,,,,,,
288400,1032.0,0.000009,,,,,,,,
288500,1032.4,0.000007,,,,,,,,
288600,1032.9,0.000007,,,,,,,,
288700,1033.4,0.000007,,,,,,,,
288800,1033.9,0.000008,,,,,,,,
288900,1034.3,0.000009,,,,,,,,
289000,1034.8,0.000008,,,,,,,,
289100,1035.3,0.000009,,,,,,,,
289200,1035.8,0.000008,,,,,,,,
289300,1036.2,0.000008,,,,,,,,
289400,1036.7,0.000007,,,,,,,,
289500,1037.2,0.000011,,,,,,,,
289600,1037.6,0.000008,,,,,,,,
289700,1038.1,0.000008,,,,,,,,
289800,1038.6,0.000009,,,,,,,,
289900,1039.0,0.000010,,,,,,,,
290000,1040.6,0.000007,0.000007,1.234712e+00,2.076628e-01,1.683895e-01,0.000000,1.107962e+00,1.926234e-01,1.590706e-01
290100,1040.8,0.000007,,,,,,,,
290200,1041.1,0.000009,,,,,,,,
290300,1041.5,0.000006,,,,,,,,
290400,1042.0,0.000010,,,,,,,,
290500,1042.4,0.000006,,,,,,,,
290600,1042.9,0.000011,,,,,,,,
290700,1043.4,0.000008,,,,,,,,
290800,1043.9,0.000009,,,,,,,,
290900,1044.4,0.000009,,,,,,,,
291000,1044.8,0.000007,,,,,,,,
291100,1045.3,0.000007,,,,,,,,
291200,1045.8,0.000011,,,,,,,,
291300,1046.3,0.000008,,,,,,,,
291400,1046.8,0.000009,,,,,,,,
291500,1047.2,0.000007,,,,,,,,
291600,1047.7,0.000012,,,,,,,,
291700,1048.2,0.000009,,,,,,,,
291800,1048.6,0.000010,,,,,,,,
291900,1049.0,0.000014,,,,,,,,
292000,1049.4,0.000013,,,,,,,,
292100,1049.9,0.000012,,,,,,,,
292200,1050.2,0.000012,,,,,,,,
292300,1050.5,0.000008,,,,,,,,
292400,1050.8,0.000007,,,,,,,,
292500,1051.2,0.000008,,,,,,,,
292600,1051.5,0.000007,,,,,,,,
292700,1051.8,0.000007,,,,,,,,
292800,1052.2,0.000008,,,,,,,,
292900,1052.7,0.000007,,,,,,,,
293000,1053.0,0.000010,,,,,,,,
293100,1053.4,0.000012,,,,,,,,
293200,1053.8,0.000008,,,,,,,,
293300,1054.3,0.000011,,,,,,,,
293400,1054.7,0.000010,,,,,,,,
293500,1055.2,0.000009,,,,,,,,
293600,1055.7,0.000008,,,,,,,,
293700,1056.2,0.000008,,,,,,,,
293800,1056.6,0.000017,,,,,,,,
293900,1057.1,0.000010,,,,,,,,
294000,1057.6,0.000008,,,,,,,,
294100,1058.0,0.000008,,,,,,,,
294200,1058.5,0.000007,,,,,,,,
294300,1058.9,0.000011,,,,,,,,
294400,1059.4,0.000011,,,,,,,,
294500,1059.9,0.000010,,,,,,,,
294600,1060.4,0.000010,,,,,,,,
294700,1060.8,0.000007,,,,,,,,
294800,1061.3,0.000012,,,,,,,,
294900,1061.8,0.000007,,,,,,,,
295000,1063.4,0.000018,0.000007,1.215661e+00,2.071549e-01,1.708296e-01,0.000000,1.088152e+00,1.913316e-01,1.612411e-01
295100,1063.6,0.000007,,,,,,,,
295200,1063.9,0.000008,,,,,,,,
295300,1064.3,0.000007,,,,,,,,
295400,1064.8,0.000010,,,,,,,,
295500,1065.3,0.000008,,,,,,,,
295600,1065.7,0.000008,,,,,,,,
295700,1066.2,0.000009,,,,,,,,
295800,1066.7,0.000006,,,,,,,,
295900,1067.1,0.000010,,,,,,,,
296000,1067.6,0.000010,,,,,,,,
296100,1068.1,0.000009,,,,,,,,
296200,1068.5,0.000009,,,,,,,,
296300,1069.0,0.000006,,,,,,,,
296400,1069.5,0.000007,,,,,,,,
296500,1069.9,0.000007,,,,,,,,
296600,1070.4,0.000007,,,,,,,,
296700,1070.9,0.000007,,,,,,,,
296800,1071.3,0.000007,,,,,,,,
296900,1071.8,0.000007,,,,,,,,
297000,1072.3,0.000007,,,,,,,,
297100,1072.8,0.000009,,,,,,,,
297200,1073.2,0.000009,,,,,,,,
297300,1073.7,0.000007,,,,,,,,
297400,1074.2,0.000008,,,,,,,,
297500,1074.6,0.000006,,,,,,,,
297600,1075.1,0.000008,,,,,,,,
297700,1075.6,0.000013,,,,,,,,
297800,1076.1,0.000009,,,,,,,,
297900,1076.5,0.000009,,,,,,,,
298000,1077.0,0.000006,,,,,,,,
298100,1077.5,0.000008,,,,,,,,
298200,1078.0,0.000008,,,,,,,,
298300,1078.4,0.000007,,,,,,,,
298400,1078.9,0.000008,,,,,,,,
298500,1079.4,0.000011,,,,,,,,
298600,1079.8,0.000008,,,,,,,,
298700,1080.3,0.000007,,,,,,,,
298800,1080.7,0.000008,,,,,,,,
298900,1081.2,0.000008,,,,,,,,
299000,1081.7,0.000007,,,,,,,,
299100,1082.2,0.000008,,,,,,,,
299200,1082.6,0.000008,,,,,,,,
299300,1083.1,0.000007,,,,,,,,
299400,1083.6,0.000009,,,,,,,,
299500,1084.1,0.000008,,,,,,,,
299600,1084.5,0.000007,,,,,,,,
299700,1085.0,0.000007,,,,,,,,
299800,1085.5,0.000008,,,,,,,,
299900,1086.0,0.000011,,,,,,,,
300000,1087.6,0.000006,0.000009,1.142994e+00,2.364900e-01,1.966857e-01,0.000000,1.073833e+00,2.225725e-01,1.877516e-01
300100,1087.8,0.000007,,,,,,,,
300200,1088.1,0.000009,,,,,,,,
300300,1088.4,0.000010,,,,,,,,
300400,1088.9,0.000010,,,,,,,,
300500,1089.4,0.000006,,,,,,,,
300600,1089.8,0.000006,,,,,,,,
300700,1090.3,0.000007,,,,,,,,
300800,1090.8,0.000012,,,,,,,,
300900,1091.2,0.000010,,,,,,,,
301000,1091.7,0.000009,,,,,,,,
301100,1092.2,0.000011,,,,,,,,
301200,1092.7,0.000011,,,,,,,,
301300,1093.1,0.000006,,,,,,,,
301400,1093.6,0.000008,,,,,,,,
301500,1094.0,0.000008,,,,,,,,
301600,1094.5,0.000007,,,,,,,,
301700,1095.0,0.000007,,,,,,,,
301800,1095.3,0.000014,,,,,,,,
301900,1095.7,0.000008,,,,,,,,
302000,1096.1,0.000006,,,,,,,,
302100,1096.5,0.000011,,,,,,,,
302200,1096.9,0.000007,,,,,,,,
302300,1097.4,0.000008,,,,,,,,
302400,1097.8,0.000007,,,,,,,,
302500,1098.3,0.000008,,,,,,,,
302600,1098.6,0.000007,,,,,,,,
302700,1098.9,0.000005,,,,,,,,
302800,1099.3,0.000009,,,,,,,,
302900,1099.7,0.000018,,,,,,,,
303000,1100.2,0.000007,,,,,,,,
303100,1100.7,0.000009,,,,,,,,
303200,1101.1,0.000009,,,,,,,,
303300,1101.6,0.000009,,,,,,,,
303400,1102.1,0.000011,,,,,,,,
303500,1102.5,0.000011,,,,,,,,
303600,1103.0,0.000006,,,,,,,,
303700,1103.5,0.000010,,,,,,,,
303800,1104.0,0.000008,,,,,,,,
303900,1104.4,0.000007,,,,,,,,
304000,1104.8,0.000008,,,,,,,,
304100,1105.3,0.000008,,,,,,,,
304200,1105.8,0.000012,,,,,,,,
304300,1106.3,0.000008,,,,,,,,
304400,1106.7,0.000006,,,,,,,,
304500,1107.2,0.000007,,,,,,,,
304600,1107.7,0.000009,,,,,,,,
304700,1108.1,0.000009,,,,,,,,
304800,1108.6,0.000013,,,,,,,,
304900,1109.0,0.000006,,,,,,,,
305000,1110.7,0.000010,0.000010,1.461633e+00,2.453865e-01,2.070498e-01,0.000000,1.292462e+00,2.317169e-01,1.985347e-01
305100,1110.9,0.000012,,,,,,,,
305200,1111.2,0.000009,,,,,,,,
305300,1111.6,0.000011,,,,,,,,
305400,1112.1,0.000008,,,,,,,,
305500,1112.5,0.000008,,,,,,,,
305600,1112.9,0.000010,,,,,,,,
305700,1113.2,0.000007,,,,,,,,
305800,1113.6,0.000008,,,,,,,,
305900,1114.1,0.000015,,,,,,,,
306000,1114.5,0.000011,,,,,,,,
306100,1115.0,0.000007,,,,,,,,
306200,1115.5,0.000006,,,,,,,,
306300,1115.9,0.000018,,,,,,,,
306400,1116.4,0.000006,,,,,,,,
306500,1116.9,0.000010,,,,,,,,
306600,1117.4,0.000010,,,,,,,,
306700,1117.8,0.000008,,,,,,,,
306800,1118.3,0.000006,,,,,,,,
306900,1118.8,0.000007,,,,,,,,
307000,1119.2,0.000009,,,,,,,,
307100,1119.7,0.000007,,,,,,,,
307200,1120.1,0.000009,,,,,,,,
307300,1120.6,0.000008,,,,,,,,
307400,1121.1,0.000007,,,,,,,,
307500,1121.5,0.000007,,,,,,,,
307600,1122.0,0.000009,,,,,,,,
307700,1122.4,0.000008,,,,,,,,
307800,1122.9,0.000008,,,,,,,,
307900,1123.4,0.000009,,,,,,,,
308000,1123.8,0.000009,,,,,,,,
308100,1124.3,0.000007,,,,,,,,
308200,1124.8,0.000007,,,,,,,,
308300,1125.2,0.000007,,,,,,,,
308400,1125.7,0.000007,,,,,,,,
308500,1126.1,0.000007,,,,,,,,
308600,1126.6,0.000008,,,,,,,,
308700,1126.9,0.000006,,,,,,,,
308800,1127.2,0.000008,,,,,,,,
308900,1127.5,0.000008,,,,,,,,
309000,1127.9,0.000007,,,,,,,,
309100,1128.3,0.000007,,,,,,,,
309200,1128.7,0.000006,,,,,,,,
309300,1129.1,0.000007,,,,,,,,
309400,1129.4,0.000011,,,,,,,,
309500,1129.7,0.000008,,,,,,,,
309600,1130.2,0.000010,,,,,,,,
309700,1130.6,0.000009,,,,,,,,
309800,1131.0,0.000006,,,,,,,,
309900,1131.5,0.000008,,,,,,,,
310000,1133.1,0.000016,0.000009,1.408799e+00,2.383549e-01,2.043670e-01,0.000000,1.272947e+00,2.249169e-01,1.958040e-01
310100,1133.3,0.000010,,,,,,,,
310200,1133.6,0.000008,,,,,,,,
310300,1133.9,0.000012,,,,,,,,
310400,1134.4,0.000007,,,,,,,,
310500,1134.9,0.000007,,,,,,,,
310600,1135.3,0.000009,,,,,,,,
310700,1135.9,0.000009,,,,,,,,
310800,1136.3,0.000009,,,,,,,,
310900,1136.8,0.000008,,,,,,,,
311000,1137.2,0.000008,,,,,,,,
311100,1137.7,0.000008,,,,,,,,
311200,1138.2,0.000009,,,,,,,,
311300,1138.6,0.000007,,,,,,,,
311400,1139.1,0.000008,,,,,,,,
311500,1139.5,0.000008,,,,,,,,
311600,1140.0,0.000011,,,,,,,,
311700,1140.5,0.000009,,,,,,,,
311800,1141.0,0.000007,,,,,,,,
311900,1141.4,0.000009,,,,,,,,
312000,1141.9,0.000012,,,,,,,,
312100,1142.4,0.000009,,,,,,,,
312200,1142.8,0.000013,,,,,,,,
312300,1143.3,0.000008,,,,,,,,
312400,1143.7,0.000006,,,,,,,,
312500,1144.2,0.000008,,,,,,,,
312600,1144.6,0.000007,,,,,,,,
312700,1145.1,0.000008,,,,,,,,
312800,1145.5,0.000006,,,,,,,,
312900,1146.0,0.000007,,,,,,,,
313000,1146.4,0.000007,,,,,,,,
313100,1146.9,0.000008,,,,,,,,
313200,1147.3,0.000007,,,,,,,,
313300,1147.8,0.000007,,,,,,,,
313400,1148.2,0.000009,,,,,,,,
313500,1148.7,0.000009,,,,,,,,
313600,1149.1,0.000010,,,,,,,,
313700,1149.6,0.000008,,,,,,,,
313800,1150.1,0.000008,,,,,,,,
313900,1150.5,0.000008,,,,,,,,
314000,1151.0,0.000007,,,,,,,,
314100,1151.5,0.000010,,,,,,,,
314200,1152.0,0.000008,,,,,,,,
314300,1152.4,0.000008,,,,,,,,
314400,1152.9,0.000008,,,,,,,,
314500,1153.4,0.000011,,,,,,,,
314600,1153.8,0.000011,,,,,,,,
314700,1154.3,0.000009,,,,,,,,
314800,1154.8,0.000009,,,,,,,,
314900,1155.3,0.000008,,,,,,,,
315000,1156.8,0.000007,0.000007,1.316590e+00,1.991288e-01,1.596296e-01,0.000000,1.183138e+00,1.827020e-01,1.495571e-01
315100,1157.1,0.000007,,,,,,,,
315200,1157.3,0.000006,,,,,,,,
315300,1157.7,0.000007,,,,,,,,
315400,1158.1,0.000007,,,,,,,,
315500,1158.6,0.000008,,,,,,,,
315600,1159.0,0.000007,,,,,,,,
315700,1159.5,0.000010,,,,,,,,
315800,1159.9,0.000008,,,,,,,,
315900,1160.4,0.000007,,,,,,,,
316000,1160.9,0.000008,,,,,,,,
316100,1161.3,0.000012,,,,,,,,
316200,1161.8,0.000007,,,,,,,,
316300,1162.3,0.000006,,,,,,,,
316400,1162.6,0.000010,,,,,,,,
316500,1163.0,0.000012,,,,,,,,
316600,1163.5,0.000007,,,,,,,,
316700,1164.0,0.000012,,,,,,,,
316800,1164.4,0.000008,,,,,,,,
316900,1164.9,0.000007,,,,,,,,
317000,1165.4,0.000008,,,,,,,,
317100,1165.8,0.000008,,,,,,,,
317200,1166.3,0.000007,,,,,,,,
317300,1166.8,0.000009,,,,,,,,
317400,1167.2,0.000008,,,,,,,,
317500,1167.7,0.000007,,,,,,,,
317600,1168.2,0.000007,,,,,,,,
317700,1168.6,0.000011,,,,,,,,
317800,1169.1,0.000007,,,,,,,,
317900,1169.6,0.000007,,,,,,,,
318000,1170.0,0.000007,,,,,,,,
318100,1170.5,0.000006,,,,,,,,
318200,1170.9,0.000007,,,,,,,,
318300,1171.4,0.000007,,,,,,,,
318400,1171.9,0.000007,,,,,,,,
318500,1172.3,0.000007,,,,,,,,
318600,1172.8,0.000008,,,,,,,,
318700,1173.3,0.000007,,,,,,,,
318800,1173.7,0.000006,,,,,,,,
318900,1174.2,0.000007,,,,,,,,
319000,1174.7,0.000011,,,,,,,,
319100,1175.1,0.000010,,,,,,,,
319200,1175.6,0.000008,,,,,,,,
319300,1176.1,0.000007,,,,,,,,
319400,1176.5,0.000008,,,,,,,,
319500,1177.0,0.000012,,,,,,,,
319600,1177.5,0.000007,,,,,,,,
319700,1178.0,0.000018,,,,,,,,
319800,1178.4,0.000012,,,,,,,,
319900,1178.8,0.000008,,,,,,,,
320000,1180.5,0.000008,0.000008,1.247792e+00,2.221481e-01,1.888001e-01,0.000000,1.108656e+00,2.076142e-01,1.799337e-01
320100,1180.7,0.000006,,,,,,,,
320200,1181.0,0.000007,,,,,,,,
320300,1181.3,0.000007,,,,,,,,
320400,1181.8,0.000007,,,,,,,,
320500,1182.3,0.000008,,,,,,,,
320600,1182.7,0.000006,,,,,,,,
320700,1183.2,0.000008,,,,,,,,
320800,1183.7,0.000008,,,,,,,,
320900,1184.1,0.000008,,,,,,,,
321000,1184.6,0.000012,,,,,,,,
321100,1185.0,0.000007,,,,,,,,
321200,1185.5,0.000008,,,,,,,,
321300,1186.0,0.000009,,,,,,,,
321400,1186.4,0.000007,,,,,,,,
321500,1186.9,0.000007,,,,,,,,
321600,1187.3,0.000013,,,,,,,,
321700,1187.8,0.000007,,,,,,,,
321800,1188.3,0.000012,,,,,,,,
321900,1188.7,0.000008,,,,,,,,
322000,1189.2,0.000007,,,,,,,,
322100,1189.7,0.000007,,,,,,,,
322200,1190.2,0.000011,,,,,,,,
322300,1190.6,0.000012,,,,,,,,
322400,1191.1,0.000008,,,,,,,,
322500,1191.6,0.000010,,,,,,,,
322600,1192.0,0.000010,,,,,,,,
322700,1192.5,0.000008,,,,,,,,
322800,1193.0,0.000012,,,,,,,,
322900,1193.4,0.000010,,,,,,,,
323000,1193.9,0.000011,,,,,,,,
323100,1194.3,0.000007,,,,,,,,
323200,1194.8,0.000008,,,,,,,,
323300,1195.3,0.000008,,,,,,,,
323400,1195.7,0.000007,,,,,,,,
323500,1196.2,0.000014,,,,,,,,
323600,1196.6,0.000011,,,,,,,,
323700,1197.1,0.000007,,,,,,,,
323800,1197.6,0.000016,,,,,,,,
323900,1198.0,0.000008,,,,,,,,
324000,1198.5,0.000008,,,,,,,,
324100,1199.0,0.000007,,,,,,,,
324200,1199.4,0.000008,,,,,,,,
324300,1199.9,0.000009,,,,,,,,
324400,1200.4,0.000012,,,,,,,,
324500,1200.8,0.000007,,,,,,,,
324600,1201.3,0.000007,,,,,,,,
324700,1201.7,0.000008,,,,,,,,
324800,1202.2,0.000009,,,,,,,,
324900,1202.7,0.000008,,,,,,,,
325000,1204.3,0.000009,0.000009,1.323205e+00,2.364472e-01,1.998812e-01,0.000000,1.184153e+00,2.218848e-01,1.916220e-01
325100,1204.5,0.000008,,,,,,,,
325200,1204.8,0.000011,,,,,,,,
325300,1205.2,0.000008,,,,,,,,
325400,1205.7,0.000007,,,,,,,,
325500,1206.1,0.000010,,,,,,,,
325600,1206.6,0.000007,,,,,,,,
325700,1207.1,0.000008,,,,,,,,
325800,1207.5,0.000010,,,,,,,,
325900,1208.0,0.000010,,,,,,,,
326000,1208.5,0.000007,,,,,,,,
326100,1208.9,0.000008,,,,,,,,
326200,1209.4,0.000009,,,,,,,,
326300,1209.9,0.000007,,,,,,,,
326400,1210.3,0.000008,,,,,,,,
326500,1210.7,0.000010,,,,,,,,
326600,1211.2,0.000009,,,,,,,,
326700,1211.6,0.000007,,,,,,,,
326800,1212.0,0.000008,,,,,,,,
326900,1212.4,0.000007,,,,,,,,
327000,1212.9,0.000008,,,,,,,,
327100,1213.4,0.000006,,,,,,,,
327200,1213.9,0.000006,,,,,,,,
327300,1214.3,0.000007,,,,,,,,
327400,1214.8,0.000007,,,,,,,,
327500,1215.2,0.000008,,,,,,,,
327600,1215.7,0.000007,,,,,,,,
327700,1216.1,0.000006,,,,,,,,
327800,1216.6,0.000006,,,,,,,,
327900,1217.1,0.000006,,,,,,,,
328000,1217.6,0.000006,,,,,,,,
328100,1218.0,0.000007,,,,,,,,
328200,1218.4,0.000009,,,,,,,,
328300,1218.9,0.000006,,,,,,,,
328400,1219.4,0.000008,,,,,,,,
328500,1219.8,0.000008,,,,,,,,
328600,1220.3,0.000007,,,,,,,,
328700,1220.8,0.000009,,,,,,,,
328800,1221.2,0.000016,,,,,,,,
328900,1221.7,0.000007,,,,,,,,
329000,1222.2,0.000008,,,,,,,,
329100,1222.6,0.000008,,,,,,,,
329200,1223.1,0.000009,,,,,,,,
329300,1223.6,0.000008,,,,,,,,
329400,1224.0,0.000007,,,,,,,,
329500,1224.5,0.000006,,,,,,,,
329600,1224.9,0.000009,,,,,,,,
329700,1225.4,0.000007,,,,,,,,
329800,1225.9,0.000008,,,,,,,,
329900,1226.3,0.000006,,,,,,,,
330000,1227.9,0.000006,0.000008,1.314953e+00,2.219666e-01,1.831852e-01,0.000000,1.164000e+00,2.088574e-01,1.742406e-01
330100,1228.2,0.000008,,,,,,,,
330200,1228.4,0.000006,,,,,,,,
330300,1228.8,0.000008,,,,,,,,
330400,1229.3,0.000009,,,,,,,,
330500,1229.7,0.000008,,,,,,,,
330600,1230.2,0.000006,,,,,,,,
330700,1230.6,0.000007,,,,,,,,
330800,1231.1,0.000009,,,,,,,,
330900,1231.6,0.000006,,,,,,,,
331000,1232.0,0.000008,,,,,,,,
331100,1232.5,0.000008,,,,,,,,
331200,1233.0,0.000009,,,,,,,,
331300,1233.4,0.000006,,,,,,,,
331400,1233.9,0.000006,,,,,,,,
331500,1234.4,0.000006,,,,,,,,
331600,1234.8,0.000009,,,,,,,,
331700,1235.3,0.000008,,,,,,,,
331800,1235.8,0.000006,,,,,,,,
331900,1236.2,0.000007,,,,,,,,
332000,1236.7,0.000010,,,,,,,,
332100,1237.2,0.000007,,,,,,,,
332200,1237.6,0.000009,,,,,,,,
332300,1238.1,0.000010,,,,,,,,
332400,1238.5,0.000009,,,,,,,,
332500,1239.0,0.000007,,,,,,,,
332600,1239.4,0.000007,,,,,,,,
332700,1239.9,0.000011,,,,,,,,
332800,1240.4,0.000009,,,,,,,,
332900,1240.8,0.000007,,,,,,,,
333000,1241.3,0.000007,,,,,,,,
333100,1241.7,0.000010,,,,,,,,
333200,1242.2,0.000008,,,,,,,,
333300,1242.7,0.000015,,,,,,,,
333400,1243.1,0.000008,,,,,,,,
333500,1243.6,0.000008,,,,,,,,
333600,1244.1,0.000006,,,,,,,,
333700,1244.5,0.000008,,,,,,,,
333800,1245.0,0.000008,,,,,,,,
333900,1245.3,0.000008,,,,,,,,
334000,1245.6,0.000007,,,,,,,,
334100,1246.0,0.000010,,,,,,,,
334200,1246.4,0.000007,,,,,,,,
334300,1246.8,0.000008,,,,,,,,
334400,1247.1,0.000011,,,,,,,,
334500,1247.6,0.000007,,,,,,,,
334600,1248.0,0.000007,,,,,,,,
334700,1248.5,0.000011,,,,,,,,
334800,1249.0,0.000006,,,,,,,,
334900,1249.5,0.000009,,,,,,,,
335000,1251.1,0.000007,0.000008,1.183552e+00,2.183223e-01,1.805475e-01,0.000000,1.036574e+00,2.039657e-01,1.711970e-01
335100,1251.3,0.000008,,,,,,,,
335200,1251.6,0.000006,,,,,,,,
335300,1251.9,0.000008,,,,,,,,
335400,1252.4,0.000008,,,,,,,,
335500,1252.9,0.000007,,,,,,,,
335600,1253.3,0.000008,,,,,,,,
335700,1253.8,0.000008,,,,,,,,
335800,1254.3,0.000008,,,,,,,,
335900,1254.7,0.000008,,,,,,,,
336000,1255.2,0.000008,,,,,,,,
336100,1255.7,0.000008,,,,,,,,
336200,1256.0,0.000007,,,,,,,,
336300,1256.3,0.000008,,,,,,,,
336400,1256.6,0.000007,,,,,,,,
336500,1257.0,0.000007,,,,,,,,
336600,1257.4,0.000007,,,,,,,,
336700,1257.8,0.000008,,,,,,,,
336800,1258.2,0.000006,,,,,,,,
336900,1258.6,0.000005,,,,,,,,
337000,1259.0,0.000008,,,,,,,,
337100,1259.3,0.000008,,,,,,,,
337200,1259.6,0.000007,,,,,,,,
337300,1260.0,0.000009,,,,,,,,
337400,1260.4,0.000008,,,,,,,,
337500,1260.8,0.000005,,,,,,,,
337600,1261.1,0.000008,,,,,,,,
337700,1261.4,0.000007,,,,,,,,
337800,1261.8,0.000006,,,,,,,,
337900,1262.2,0.000008,,,,,,,,
338000,1262.5,0.000007,,,,,,,,
338100,1263.0,0.000008,,,,,,,,
338200,1263.3,0.000008,,,,,,,,
338300,1263.7,0.000010,,,,,,,,
338400,1264.1,0.000010,,,,,,,,
338500,1264.6,0.000006,,,,,,,,
338600,1265.0,0.000006,,,,,,,,
338700,1265.5,0.000007,,,,,,,,
338800,1266.0,0.000011,,,,,,,,
338900,1266.4,0.000007,,,,,,,,
339000,1266.9,0.000008,,,,,,,,
339100,1267.4,0.000006,,,,,,,,
339200,1267.8,0.000009,,,,,,,,
339300,1268.3,0.000010,,,,,,,,
339400,1268.7,0.000007,,,,,,,,
339500,1269.2,0.000009,,,,,,,,
339600,1269.7,0.000007,,,,,,,,
339700,1270.1,0.000008,,,,,,,,
339800,1270.6,0.000006,,,,,,,,
339900,1271.1,0.000007,,,,,,,,
340000,1272.6,0.000007,0.000007,1.164468e+00,1.997327e-01,1.597672e-01,0.000000,1.024908e+00,1.844491e-01,1.503857e-01
340100,1272.9,0.000007,,,,,,,,
340200,1273.1,0.000006,,,,,,,,
340300,1273.5,0.000008,,,,,,,,
340400,1274.0,0.000007,,,,,,,,
340500,1274.4,0.000009,,,,,,,,
340600,1274.9,0.000007,,,,,,,,
340700,1275.4,0.000008,,,,,,,,
340800,1275.8,0.000008,,,,,,,,
340900,1276.3,0.000007,,,,,,,,
341000,1276.8,0.000008,,,,,,,,
341100,1277.2,0.000007,,,,,,,,
341200,1277.7,0.000007,,,,,,,,
341300,1278.1,0.000007,,,,,,,,
341400,1278.6,0.000007,,,,,,,,
341500,1279.0,0.000007,,,,,,,,
341600,1279.5,0.000006,,,,,,,,
341700,1279.9,0.000007,,,,,,,,
341800,1280.4,0.000007,,,,,,,,
341900,1280.8,0.000009,,,,,,,,
342000,1281.3,0.000008,,,,,,,,
342100,1281.8,0.000006,,,,,,,,
342200,1282.2,0.000009,,,,,,,,
342300,1282.7,0.000007,,,,,,,,
342400,1283.1,0.000010,,,,,,,,
342500,1283.6,0.000010,,,,,,,,
342600,1284.0,0.000008,,,,,,,,
342700,1284.4,0.000009,,,,,,,,
342800,1284.9,0.000008,,,,,,,,
342900,1285.4,0.000006,,,,,,,,
343000,1285.8,0.000009,,,,,,,,
343100,1286.3,0.000006,,,,,,,,
343200,1286.7,0.000006,,,,,,,,
343300,1287.1,0.000007,,,,,,,,
343400,1287.6,0.000009,,,,,,,,
343500,1288.0,0.000009,,,,,,,,
343600,1288.5,0.000007,,,,,,,,
343700,1289.0,0.000007,,,,,,,,
343800,1289.4,0.000009,,,,,,,,
343900,1289.9,0.000007,,,,,,,,
344000,1290.4,0.000015,,,,,,,,
344100,1290.8,0.000006,,,,,,,,
344200,1291.3,0.000006,,,,,,,,
344300,1291.8,0.000009,,,,,,,,
344400,1292.3,0.000009,,,,,,,,
344500,1292.7,0.000006,,,,,,,,
344600,1293.2,0.000006,,,,,,,,
344700,1293.7,0.000007,,,,,,,,
344800,1294.1,0.000007,,,,,,,,
344900,1294.5,0.000008,,,,,,,,
345000,1296.2,0.000007,0.000007,1.202382e+00,2.044483e-01,1.677045e-01,0.000000,1.059420e+00,1.891163e-01,1.590210e-01
345100,1296.5,0.000009,,,,,,,,
345200,1296.7,0.000010,,,,,,,,
345300,1297.1,0.000009,,,,,,,,
345400,1297.6,0.000008,,,,,,,,
345500,1298.0,0.000008,,,,,,,,
345600,1298.4,0.000008,,,,,,,,
345700,1298.8,0.000006,,,,,,,,
345800,1299.2,0.000006,,,,,,,,
345900,1299.6,0.000010,,,,,,,,
346000,1300.0,0.000009,,,,,,,,
346100,1300.5,0.000006,,,,,,,,
346200,1300.9,0.000006,,,,,,,,
346300,1301.4,0.000007,,,,,,,,
346400,1301.8,0.000008,,,,,,,,
346500,1302.2,0.000007,,,,,,,,
346600,1302.7,0.000014,,,,,,,,
346700,1303.1,0.000011,,,,,,,,
346800,1303.5,0.000009,,,,,,,,
346900,1303.8,0.000009,,,,,,,,
347000,1304.2,0.000009,,,,,,,,
347100,1304.6,0.000007,,,,,,,,
347200,1304.9,0.000009,,,,,,,,
347300,1305.5,0.000008,,,,,,,,
347400,1305.8,0.000008,,,,,,,,
347500,1306.1,0.000007,,,,,,,,
347600,1306.4,0.000008,,,,,,,,
347700,1306.8,0.000008,,,,,,,,
347800,1307.5,0.000008,,,,,,,,
347900,1307.8,0.000007,,,,,,,,
348000,1308.1,0.000012,,,,,,,,
348100,1308.5,0.000007,,,,,,,,
348200,1308.9,0.000006,,,,,,,,
348300,1309.4,0.000009,,,,,,,,
348400,1309.9,0.000006,,,,,,,,
348500,1310.3,0.000007,,,,,,,,
348600,1310.7,0.000009,,,,,,,,
348700,1311.0,0.000005,,,,,,,,
348800,1311.4,0.000007,,,,,,,,
348900,1311.8,0.000011,,,,,,,,
349000,1312.3,0.000007,,,,,,,,
349100,1312.7,0.000009,,,,,,,,
349200,1313.2,0.000009,,,,,,,,
349300,1313.6,0.000005,,,,,,,,
349400,1314.1,0.000007,,,,,,,,
349500,1314.5,0.000006,,,,,,,,
349600,1315.0,0.000009,,,,,,,,
349700,1315.4,0.000006,,,,,,,,
349800,1315.9,0.000007,,,,,,,,
349900,1316.3,0.000006,,,,,,,,
350000,1318.1,0.000007,0.000007,1.185967e+00,2.028020e-01,1.623057e-01,0.000000,1.038355e+00,1.884148e-01,1.531420e-01
350100,1318.4,0.000008,,,,,,,,
350200,1318.7,0.000008,,,,,,,,
350300,1319.0,0.000006,,,,,,,,
350400,1319.5,0.000008,,,,,,,,
350500,1319.9,0.000007,,,,,,,,
350600,1320.3,0.000014,,,,,,,,
350700,1320.7,0.000009,,,,,,,,
350800,1321.2,0.000014,,,,,,,,
350900,1321.7,0.000006,,,,,,,,
351000,1322.1,0.000006,,,,,,,,
351100,1322.6,0.000007,,,,,,,,
351200,1323.1,0.000007,,,,,,,,
351300,1323.6,0.000009,,,,,,,,
351400,1324.0,0.000006,,,,,,,,
351500,1324.5,0.000011,,,,,,,,
351600,1325.0,0.000008,,,,,,,,
351700,1325.5,0.000009,,,,,,,,
351800,1325.9,0.000011,,,,,,,,
351900,1326.4,0.000008,,,,,,,,
352000,1326.9,0.000011,,,,,,,,
352100,1327.3,0.000007,,,,,,,,
352200,1327.8,0.000007,,,,,,,,
352300,1328.3,0.000009,,,,,,,,
352400,1328.7,0.000008,,,,,,,,
352500,1329.2,0.000007,,,,,,,,
352600,1329.7,0.000007,,,,,,,,
352700,1330.1,0.000008,,,,,,,,
352800,1330.6,0.000007,,,,,,,,
352900,1331.1,0.000008,,,,,,,,
353000,1331.5,0.000007,,,,,,,,
353100,1332.0,0.000009,,,,,,,,
353200,1332.5,0.000007,,,,,,,,
353300,1332.9,0.000008,,,,,,,,
353400,1333.4,0.000006,,,,,,,,
353500,1333.9,0.000007,,,,,,,,
353600,1334.3,0.000008,,,,,,,,
353700,1334.8,0.000009,,,,,,,,
353800,1335.3,0.000008,,,,,,,,
353900,1335.7,0.000008,,,,,,,,
354000,1336.2,0.000008,,,,,,,,
354100,1336.7,0.000009,,,,,,,,
354200,1337.1,0.000007,,,,,,,,
354300,1337.6,0.000008,,,,,,,,
354400,1338.1,0.000006,,,,,,,,
354500,1338.5,0.000010,,,,,,,,
354600,1338.9,0.000009,,,,,,,,
354700,1339.4,0.000007,,,,,,,,
354800,1339.9,0.000007,,,,,,,,
354900,1340.4,0.000005,,,,,,,,
355000,1341.9,0.000007,0.000008,1.257274e+00,2.203787e-01,1.769871e-01,0.000000,1.095034e+00,2.066893e-01,1.681197e-01
355100,1342.2,0.000008,,,,,,,,
355200,1342.4,0.000006,,,,,,,,
355300,1342.8,0.000006,,,,,,,,
355400,1343.2,0.000006,,,,,,,,
355500,1343.6,0.000006,,,,,,,,
355600,1344.1,0.000007,,,,,,,,
355700,1344.5,0.000006,,,,,,,,
355800,1345.0,0.000011,,,,,,,,
355900,1345.3,0.000008,,,,,,,,
356000,1345.8,0.000008,,,,,,,,
356100,1346.3,0.000009,,,,,,,,
356200,1346.8,0.000006,,,,,,,,
356300,1347.2,0.000007,,,,,,,,
356400,1347.7,0.000006,,,,,,,,
356500,1348.2,0.000007,,,,,,,,
356600,1348.7,0.000006,,,,,,,,
356700,1349.1,0.000009,,,,,,,,
356800,1349.6,0.000006,,,,,,,,
356900,1350.0,0.000007,,,,,,,,
357000,1350.5,0.000007,,,,,,,,
357100,1350.9,0.000008,,,,,,,,
357200,1351.4,0.000005,,,,,,,,
357300,1351.9,0.000007,,,,,,,,
357400,1352.3,0.000008,,,,,,,,
357500,1352.8,0.000007,,,,,,,,
357600,1353.3,0.000010,,,,,,,,
357700,1353.8,0.000007,,,,,,,,
357800,1354.2,0.000012,,,,,,,,
357900,1354.7,0.000006,,,,,,,,
358000,1355.1,0.000008,,,,,,,,
358100,1355.6,0.000007,,,,,,,,
358200,1356.1,0.000007,,,,,,,,
358300,1356.6,0.000009,,,,,,,,
358400,1357.0,0.000009,,,,,,,,
358500,1357.5,0.000010,,,,,,,,
358600,1358.0,0.000008,,,,,,,,
358700,1358.5,0.000007,,,,,,,,
358800,1358.9,0.000006,,,,,,,,
358900,1359.4,0.000009,,,,,,,,
359000,1359.8,0.000007,,,,,,,,
359100,1360.3,0.000006,,,,,,,,
359200,1360.8,0.000006,,,,,,,,
359300,1361.2,0.000009,,,,,,,,
359400,1361.7,0.000006,,,,,,,,
359500,1362.1,0.000008,,,,,,,,
359600,1362.6,0.000006,,,,,,,,
359700,1363.0,0.000007,,,,,,,,
359800,1363.5,0.000006,,,,,,,,
359900,1363.9,0.000009,,,,,,,,
360000,1365.5,0.000007,0.000008,1.271515e+00,2.288916e-01,1.901238e-01,0.000000,1.075319e+00,2.157707e-01,1.816729e-01
360100,1365.8,0.000009,,,,,,,,
360200,1366.1,0.000007,,,,,,,,
360300,1366.4,0.000011,,,,,,,,
360400,1366.9,0.000007,,,,,,,,
360500,1367.4,0.000007,,,,,,,,
360600,1367.9,0.000007,,,,,,,,
360700,1368.3,0.000009,,,,,,,,
360800,1368.8,0.000007,,,,,,,,
360900,1369.2,0.000009,,,,,,,,
361000,1369.7,0.000005,,,,,,,,
361100,1370.1,0.000008,,,,,,,,
361200,1370.5,0.000007,,,,,,,,
361300,1371.0,0.000007,,,,,,,,
361400,1371.4,0.000007,,,,,,,,
361500,1371.9,0.000006,,,,,,,,
361600,1372.4,0.000005,,,,,,,,
361700,1372.8,0.000007,,,,,,,,
361800,1373.3,0.000006,,,,,,,,
361900,1373.7,0.000011,,,,,,,,
362000,1374.1,0.000007,,,,,,,,
362100,1374.6,0.000007,,,,,,,,
362200,1375.0,0.000007,,,,,,,,
362300,1375.4,0.000008,,,,,,,,
362400,1375.8,0.000008,,,,,,,,
362500,1376.2,0.000012,,,,,,,,
362600,1376.7,0.000008,,,,,,,,
362700,1377.0,0.000006,,,,,,,,
362800,1377.4,0.000007,,,,,,,,
362900,1377.8,0.000006,,,,,,,,
363000,1378.1,0.000007,,,,,,,,
363100,1378.4,0.000007,,,,,,,,
363200,1378.7,0.000008,,,,,,,,
363300,1379.0,0.000007,,,,,,,,
363400,1379.4,0.000007,,,,,,,,
363500,1379.8,0.000008,,,,,,,,
363600,1380.2,0.000008,,,,,,,,
363700,1380.6,0.000006,,,,,,,,
363800,1380.9,0.000008,,,,,,,,
363900,1381.2,0.000007,,,,,,,,
364000,1381.6,0.000005,,,,,,,,
364100,1382.0,0.000006,,,,,,,,
364200,1382.5,0.000006,,,,,,,,
364300,1382.9,0.000006,,,,,,,,
364400,1383.4,0.000008,,,,,,,,
364500,1383.8,0.000009,,,,,,,,
364600,1384.3,0.000006,,,,,,,,
364700,1384.7,0.000006,,,,,,,,
364800,1385.2,0.000008,,,,,,,,
364900,1385.7,0.000007,,,,,,,,
365000,1387.4,0.000006,0.000006,1.244386e+00,1.951792e-01,1.561286e-01,0.000000,1.105455e+00,1.801789e-01,1.462684e-01
365100,1387.7,0.000005,,,,,,,,
365200,1388.0,0.000008,,,,,,,,
365300,1388.3,0.000007,,,,,,,,
365400,1388.7,0.000006,,,,,,,,
365500,1389.1,0.000006,,,,,,,,
365600,1389.5,0.000007,,,,,,,,
365700,1389.9,0.000006,,,,,,,,
365800,1390.3,0.000007,,,,,,,,
365900,1390.8,0.000007,,,,,,,,
366000,1391.1,0.000007,,,,,,,,
366100,1391.5,0.000009,,,,,,,,
366200,1392.0,0.000006,,,,,,,,
366300,1392.4,0.000010,,,,,,,,
366400,1392.9,0.000006,,,,,,,,
366500,1393.4,0.000006,,,,,,,,
366600,1393.8,0.000007,,,,,,,,
366700,1394.3,0.000007,,,,,,,,
366800,1394.7,0.000009,,,,,,,,
366900,1395.2,0.000009,,,,,,,,
367000,1395.6,0.000007,,,,,,,,
367100,1396.1,0.000007,,,,,,,,
367200,1396.5,0.000008,,,,,,,,
367300,1397.0,0.000006,,,,,,,,
367400,1397.4,0.000006,,,,,,,,
367500,1397.9,0.000008,,,,,,,,
367600,1398.3,0.000008,,,,,,,,
367700,1398.8,0.000006,,,,,,,,
367800,1399.3,0.000006,,,,,,,,
367900,1399.7,0.000009,,,,,,,,
368000,1400.1,0.000007,,,,,,,,
368100,1400.6,0.000006,,,,,,,,
368200,1401.1,0.000007,,,,,,,,
368300,1401.6,0.000006,,,,,,,,
368400,1402.0,0.000007,,,,,,,,
368500,1402.4,0.000010,,,,,,,,
368600,1402.8,0.000009,,,,,,,,
368700,1403.1,0.000008,,,,,,,,
368800,1403.4,0.000008,,,,,,,,
368900,1403.7,0.000006,,,,,,,,
369000,1404.1,0.000007,,,,,,,,
369100,1404.6,0.000007,,,,,,,,
369200,1405.1,0.000006,,,,,,,,
369300,1405.6,0.000008,,,,,,,,
369400,1406.0,0.000006,,,,,,,,
369500,1406.5,0.000006,,,,,,,,
369600,1406.9,0.000008,,,,,,,,
369700,1407.3,0.000008,,,,,,,,
369800,1407.8,0.000009,,,,,,,,
369900,1408.2,0.000006,,,,,,,,
370000,1409.8,0.000005,0.000007,1.405084e+00,1.980456e-01,1.597664e-01,0.000000,1.263647e+00,1.829113e-01,1.509770e-01
370100,1410.1,0.000009,,,,,,,,
370200,1410.4,0.000006,,,,,,,,
370300,1410.8,0.000006,,,,,,,,
370400,1411.1,0.000007,,,,,,,,
370500,1411.5,0.000007,,,,,,,,
370600,1411.9,0.000006,,,,,,,,
370700,1412.4,0.000009,,,,,,,,
370800,1412.9,0.000010,,,,,,,,
370900,1413.3,0.000008,,,,,,,,
371000,1413.7,0.000010,,,,,,,,
371100,1414.2,0.000007,,,,,,,,
371200,1414.6,0.000008,,,,,,,,
371300,1415.0,0.000008,,,,,,,,
371400,1415.3,0.000006,,,,,,,,
371500,1415.8,0.000008,,,,,,,,
371600,1416.2,0.000010,,,,,,,,
371700,1416.6,0.000006,,,,,,,,
371800,1417.0,0.000008,,,,,,,,
371900,1417.4,0.000010,,,,,,,,
372000,1417.9,0.000009,,,,,,,,
372100,1418.3,0.000007,,,,,,,,
372200,1418.8,0.000007,,,,,,,,
372300,1419.3,0.000006,,,,,,,,
372400,1419.7,0.000007,,,,,,,,
372500,1420.1,0.000007,,,,,,,,
372600,1420.6,0.000008,,,,,,,,
372700,1421.0,0.000006,,,,,,,,
372800,1421.5,0.000006,,,,,,,,
372900,1421.9,0.000011,,,,,,,,
373000,1422.4,0.000008,,,,,,,,
373100,1422.8,0.000008,,,,,,,,
373200,1423.3,0.000006,,,,,,,,
373300,1423.8,0.000009,,,,,,,,
373400,1424.2,0.000013,,,,,,,,
373500,1424.7,0.000010,,,,,,,,
373600,1425.0,0.000007,,,,,,,,
373700,1425.4,0.000010,,,,,,,,
373800,1425.7,0.000006,,,,,,,,
373900,1426.0,0.000006,,,,,,,,
374000,1426.4,0.000007,,,,,,,,
374100,1426.9,0.000006,,,,,,,,
374200,1427.4,0.000007,,,,,,,,
374300,1427.8,0.000008,,,,,,,,
374400,1428.2,0.000007,,,,,,,,
374500,1428.7,0.000006,,,,,,,,
374600,1429.1,0.000009,,,,,,,,
374700,1429.6,0.000007,,,,,,,,
374800,1430.0,0.000008,,,,,,,,
374900,1430.5,0.000008,,,,,,,,
375000,1432.1,0.000006,0.000009,1.321305e+00,2.379053e-01,1.978668e-01,0.000000,1.175665e+00,2.252268e-01,1.897467e-01
375100,1432.3,0.000007,,,,,,,,
375200,1432.6,0.000007,,,,,,,,
375300,1432.9,0.000008,,,,,,,,
375400,1433.3,0.000005,,,,,,,,
375500,1433.7,0.000009,,,,,,,,
375600,1434.0,0.000009,,,,,,,,
375700,1434.4,0.000007,,,,,,,,
375800,1434.9,0.000007,,,,,,,,
375900,1435.3,0.000007,,,,,,,,
376000,1435.8,0.000009,,,,,,,,
376100,1436.2,0.000007,,,,,,,,
376200,1436.7,0.000008,,,,,,,,
376300,1437.1,0.000007,,,,,,,,
376400,1437.6,0.000007,,,,,,,,
376500,1438.1,0.000006,,,,,,,,
376600,1438.5,0.000007,,,,,,,,
376700,1438.9,0.000006,,,,,,,,
376800,1439.4,0.000011,,,,,,,,
376900,1439.8,0.000009,,,,,,,,
377000,1440.2,0.000007,,,,,,,,
377100,1440.6,0.000005,,,,,,,,
377200,1441.0,0.000009,,,,,,,,
377300,1441.4,0.000008,,,,,,,,
377400,1441.8,0.000008,,,,,,,,
377500,1442.2,0.000007,,,,,,,,
377600,1442.6,0.000006,,,,,,,,
377700,1443.0,0.000007,,,,,,,,
377800,1443.4,0.000008,,,,,,,,
377900,1443.8,0.000006,,,,,,,,
378000,1444.1,0.000007,,,,,,,,
378100,1444.6,0.000010,,,,,,,,
378200,1445.0,0.000006,,,,,,,,
378300,1445.5,0.000007,,,,,,,,
378400,1446.0,0.000007,,,,,,,,
378500,1446.4,0.000010,,,,,,,,
378600,1446.9,0.000007,,,,,,,,
378700,1447.3,0.000007,,,,,,,,
378800,1447.8,0.000006,,,,,,,,
378900,1448.2,0.000006,,,,,,,,
379000,1448.7,0.000007,,,,,,,,
379100,1449.2,0.000006,,,,,,,,
379200,1449.6,0.000007,,,,,,,,
379300,1450.1,0.000006,,,,,,,,
379400,1450.5,0.000010,,,,,,,,
379500,1451.0,0.000009,,,,,,,,
379600,1451.3,0.000006,,,,,,,,
379700,1451.8,0.000006,,,,,,,,
379800,1452.3,0.000007,,,,,,,,
379900,1452.6,0.000008,,,,,,,,
380000,1454.2,0.000006,0.000008,1.184536e+00,2.205861e-01,1.839518e-01,0.000000,1.026274e+00,2.075690e-01,1.756385e-01
380100,1454.4,0.000010,,,,,,,,
380200,1454.7,0.000007,,,,,,,,
380300,1455.0,0.000008,,,,,,,,
380400,1455.4,0.000007,,,,,,,,
380500,1455.9,0.000008,,,,,,,,
380600,1456.3,0.000011,,,,,,,,
380700,1456.8,0.000007,,,,,,,,
380800,1457.2,0.000005,,,,,,,,
380900,1457.7,0.000008,,,,,,,,
381000,1458.1,0.000006,,,,,,,,
381100,1458.6,0.000008,,,,,,,,
381200,1459.0,0.000008,,,,,,,,
381300,1459.5,0.000007,,,,,,,,
381400,1459.9,0.000006,,,,,,,,
381500,1460.3,0.000007,,,,,,,,
381600,1460.7,0.000009,,,,,,,,
381700,1461.2,0.000007,,,,,,,,
381800,1461.7,0.000006,,,,,,,,
381900,1462.1,0.000007,,,,,,,,
382000,1462.6,0.000006,,,,,,,,
382100,1463.0,0.000010,,,,,,,,
382200,1463.4,0.000011,,,,,,,,
382300,1463.8,0.000006,,,,,,,,
382400,1464.1,0.000007,,,,,,,,
382500,1464.6,0.000007,,,,,,,,
382600,1465.0,0.000009,,,,,,,,
382700,1465.5,0.000008,,,,,,,,
382800,1466.0,0.000007,,,,,,,,
382900,1466.4,0.000006,,,,,,,,
383000,1466.8,0.000007,,,,,,,,
383100,1467.3,0.000006,,,,,,,,
383200,1467.8,0.000007,,,,,,,,
383300,1468.2,0.000008,,,,,,,,
383400,1468.7,0.000007,,,,,,,,
383500,1469.1,0.000011,,,,,,,,
383600,1469.5,0.000009,,,,,,,,
383700,1469.9,0.000007,,,,,,,,
383800,1470.3,0.000008,,,,,,,,
383900,1470.8,0.000007,,,,,,,,
384000,1471.2,0.000008,,,,,,,,
384100,1471.5,0.000007,,,,,,,,
384200,1471.9,0.000007,,,,,,,,
384300,1472.2,0.000008,,,,,,,,
384400,1472.6,0.000010,,,,,,,,
384500,1473.0,0.000007,,,,,,,,
384600,1473.3,0.000007,,,,,,,,
384700,1473.6,0.000008,,,,,,,,
384800,1474.0,0.000007,,,,,,,,
384900,1474.4,0.000007,,,,,,,,
385000,1476.0,0.000007,0.000013,1.460969e+00,2.957880e-01,2.641098e-01,0.000000,1.307867e+00,2.853430e-01,2.584858e-01
385100,1476.2,0.000005,,,,,,,,
385200,1476.5,0.000011,,,,,,,,
385300,1476.9,0.000009,,,,,,,,
385400,1477.4,0.000006,,,,,,,,
385500,1477.8,0.000007,,,,,,,,
385600,1478.3,0.000011,,,,,,,,
385700,1478.8,0.000009,,,,,,,,
385800,1479.2,0.000007,,,,,,,,
385900,1479.7,0.000007,,,,,,,,
386000,1480.1,0.000007,,,,,,,,
386100,1480.6,0.000006,,,,,,,,
386200,1481.0,0.000007,,,,,,,,
386300,1481.5,0.000009,,,,,,,,
386400,1481.9,0.000008,,,,,,,,
386500,1482.4,0.000005,,,,,,,,
386600,1482.8,0.000007,,,,,,,,
386700,1483.3,0.000006,,,,,,,,
386800,1483.7,0.000007,,,,,,,,
386900,1484.1,0.000005,,,,,,,,
387000,1484.4,0.000008,,,,,,,,
387100,1484.9,0.000008,,,,,,,,
387200,1485.4,0.000007,,,,,,,,
387300,1485.7,0.000007,,,,,,,,
387400,1486.2,0.000007,,,,,,,,
387500,1486.7,0.000006,,,,,,,,
387600,1487.1,0.000012,,,,,,,,
387700,1487.6,0.000008,,,,,,,,
387800,1488.0,0.000009,,,,,,,,
387900,1488.5,0.000007,,,,,,,,
388000,1489.0,0.000008,,,,,,,,
388100,1489.4,0.000006,,,,,,,,
388200,1489.9,0.000007,,,,,,,,
388300,1490.3,0.000006,,,,,,,,
388400,1490.7,0.000006,,,,,,,,
388500,1491.1,0.000008,,,,,,,,
388600,1491.5,0.000006,,,,,,,,
388700,1492.0,0.000006,,,,,,,,
388800,1492.3,0.000007,,,,,,,,
388900,1492.6,0.000007,,,,,,,,
389000,1493.1,0.000007,,,,,,,,
389100,1493.6,0.000008,,,,,,,,
389200,1494.0,0.000009,,,,,,,,
389300,1494.4,0.000006,,,,,,,,
389400,1494.7,0.000006,,,,,,,,
389500,1495.2,0.000007,,,,,,,,
389600,1495.7,0.000006,,,,,,,,
389700,1496.1,0.000008,,,,,,,,
389800,1496.6,0.000007,,,,,,,,
389900,1497.0,0.000008,,,,,,,,
390000,1498.7,0.000008,0.000006,1.226087e+00,1.952188e-01,1.583883e-01,0.000000,1.076250e+00,1.805481e-01,1.495244e-01
390100,1499.0,0.000007,,,,,,,,
390200,1499.3,0.000008,,,,,,,,
390300,1499.6,0.000007,,,,,,,,
390400,1500.1,0.000009,,,,,,,,
390500,1500.5,0.000007,,,,,,,,
390600,1501.0,0.000006,,,,,,,,
390700,1501.3,0.000007,,,,,,,,
390800,1501.8,0.000010,,,,,,,,
390900,1502.1,0.000007,,,,,,,,
391000,1502.4,0.000007,,,,,,,,
391100,1502.8,0.000008,,,,,,,,
391200,1503.2,0.000010,,,,,,,,
391300,1503.6,0.000005,,,,,,,,
391400,1503.9,0.000006,,,,,,,,
391500,1504.2,0.000008,,,,,,,,
391600,1504.6,0.000005,,,,,,,,
391700,1505.1,0.000008,,,,,,,,
391800,1505.6,0.000007,,,,,,,,
391900,1506.0,0.000007,,,,,,,,
392000,1506.5,0.000009,,,,,,,,
392100,1506.9,0.000008,,,,,,,,
392200,1507.4,0.000008,,,,,,,,
392300,1507.9,0.000007,,,,,,,,
392400,1508.3,0.000009,,,,,,,,
392500,1508.8,0.000006,,,,,,,,
392600,1509.2,0.000007,,,,,,,,
392700,1509.7,0.000011,,,,,,,,
392800,1510.1,0.000012,,,,,,,,
392900,1510.5,0.000006,,,,,,,,
393000,1511.0,0.000009,,,,,,,,
393100,1511.4,0.000007,,,,,,,,
393200,1511.8,0.000006,,,,,,,,
393300,1512.3,0.000006,,,,,,,,
393400,1512.7,0.000009,,,,,,,,
393500,1513.2,0.000007,,,,,,,,
393600,1513.7,0.000008,,,,,,,,
393700,1514.1,0.000007,,,,,,,,
393800,1514.5,0.000008,,,,,,,,
393900,1514.8,0.000006,,,,,,,,
394000,1515.3,0.000008,,,,,,,,
394100,1515.7,0.000009,,,,,,,,
394200,1516.2,0.000008,,,,,,,,
394300,1516.6,0.000007,,,,,,,,
394400,1517.0,0.000007,,,,,,,,
394500,1517.4,0.000008,,,,,,,,
394600,1517.8,0.000005,,,,,,,,
394700,1518.2,0.000006,,,,,,,,
394800,1518.6,0.000006,,,,,,,,
394900,1519.1,0.000009,,,,,,,,
395000,1520.7,0.000008,0.000007,1.298444e+00,2.005047e-01,1.664055e-01,0.000000,1.144979e+00,1.863098e-01,1.585828e-01
395100,1521.0,0.000006,,,,,,,,
395200,1521.3,0.000006,,,,,,,,
395300,1521.6,0.000009,,,,,,,,
395400,1522.0,0.000006,,,,,,,,
395500,1522.5,0.000006,,,,,,,,
395600,1522.9,0.000005,,,,,,,,
395700,1523.4,0.000008,,,,,,,,
395800,1523.8,0.000005,,,,,,,,
395900,1524.3,0.000012,,,,,,,,
396000,1524.6,0.000007,,,,,,,,
396100,1524.9,0.000007,,,,,,,,
396200,1525.4,0.000006,,,,,,,,
396300,1525.8,0.000006,,,,,,,,
396400,1526.3,0.000009,,,,,,,,
396500,1526.7,0.000007,,,,,,,,
396600,1527.2,0.000008,,,,,,,,
396700,1527.5,0.000006,,,,,,,,
396800,1527.9,0.000006,,,,,,,,
396900,1528.3,0.000007,,,,,,,,
397000,1528.7,0.000006,,,,,,,,
397100,1529.0,0.000008,,,,,,,,
397200,1529.5,0.000006,,,,,,,,
397300,1529.9,0.000008,,,,,,,,
397400,1530.4,0.000006,,,,,,,,
397500,1530.8,0.000008,,,,,,,,
397600,1531.3,0.000008,,,,,,,,
397700,1531.8,0.000007,,,,,,,,
397800,1532.1,0.000008,,,,,,,,
397900,1532.6,0.000008,,,,,,,,
398000,1533.0,0.000007,,,,,,,,
398100,1533.3,0.000006,,,,,,,,
398200,1533.6,0.000007,,,,,,,,
398300,1534.0,0.000006,,,,,,,,
398400,1534.4,0.000005,,,,,,,,
398500,1534.8,0.000007,,,,,,,,
398600,1535.3,0.000009,,,,,,,,
398700,1535.8,0.000007,,,,,,,,
398800,1536.1,0.000007,,,,,,,,
398900,1536.6,0.000006,,,,,,,,
399000,1537.1,0.000007,,,,,,,,
399100,1537.5,0.000008,,,,,,,,
399200,1538.0,0.000015,,,,,,,,
399300,1538.4,0.000006,,,,,,,,
399400,1538.8,0.000007,,,,,,,,
399500,1539.3,0.000007,,,,,,,,
399600,1539.7,0.000007,,,,,,,,
399700,1540.2,0.000007,,,,,,,,
399800,1540.6,0.000009,,,,,,,,
399900,1541.1,0.000008,,,,,,,,
400000,1542.6,0.000008,0.000007,1.146931e+00,2.068966e-01,1.691089e-01,0.000000,9.860212e-01,1.930098e-01,1.604839e-01
400100,1542.9,0.000006,,,,,,,,
400200,1543.2,0.000008,,,,,,,,
400300,1543.5,0.000005,,,,,,,,
400400,1544.0,0.000005,,,,,,,,
400500,1544.4,0.000006,,,,,,,,
400600,1544.9,0.000006,,,,,,,,
400700,1545.2,0.000005,,,,,,,,
400800,1545.6,0.000006,,,,,,,,
400900,1546.1,0.000006,,,,,,,,
401000,1546.5,0.000008,,,,,,,,
401100,1547.0,0.000005,,,,,,,,
401200,1547.5,0.000008,,,,,,,,
401300,1547.9,0.000007,,,,,,,,
401400,1548.4,0.000008,,,,,,,,
401500,1548.9,0.000007,,,,,,,,
401600,1549.3,0.000007,,,,,,,,
401700,1549.8,0.000006,,,,,,,,
401800,1550.2,0.000009,,,,,,,,
401900,1550.6,0.000006,,,,,,,,
402000,1551.0,0.000008,,,,,,,,
402100,1551.5,0.000010,,,,,,,,
402200,1552.0,0.000006,,,,,,,,
402300,1552.3,0.000007,,,,,,,,
402400,1552.7,0.000007,,,,,,,,
402500,1553.1,0.000008,,,,,,,,
402600,1553.5,0.000006,,,,,,,,
402700,1554.0,0.000007,,,,,,,,
402800,1554.5,0.000008,,,,,,,,
402900,1554.9,0.000006,,,,,,,,
403000,1555.4,0.000006,,,,,,,,
403100,1555.8,0.000007,,,,,,,,
403200,1556.2,0.000006,,,,,,,,
403300,1556.7,0.000008,,,,,,,,
403400,1557.2,0.000009,,,,,,,,
403500,1557.6,0.000007,,,,,,,,
403600,1558.1,0.000009,,,,,,,,
403700,1558.5,0.000006,,,,,,,,
403800,1558.9,0.000009,,,,,,,,
403900,1559.3,0.000008,,,,,,,,
404000,1559.7,0.000006,,,,,,,,
404100,1559.9,0.000007,,,,,,,,
404200,1560.3,0.000009,,,,,,,,
404300,1560.7,0.000007,,,,,,,,
404400,1561.1,0.000009,,,,,,,,
404500,1561.6,0.000008,,,,,,,,
404600,1562.0,0.000007,,,,,,,,
404700,1562.5,0.000008,,,,,,,,
404800,1562.9,0.000009,,,,,,,,
404900,1563.3,0.000007,,,,,,,,
405000,1564.8,0.000007,0.000007,1.234097e+00,2.018773e-01,1.640039e-01,0.000000,1.081854e+00,1.873614e-01,1.558335e-01
405100,1565.1,0.000006,,,,,,,,
405200,1565.4,0.000005,,,,,,,,
405300,1565.8,0.000008,,,,,,,,
405400,1566.2,0.000010,,,,,,,,
405500,1566.7,0.000007,,,,,,,,
405600,1567.1,0.000007,,,,,,,,
405700,1567.6,0.000007,,,,,,,,
405800,1568.0,0.000007,,,,,,,,
405900,1568.4,0.000007,,,,,,,,
406000,1568.8,0.000007,,,,,,,,
406100,1569.3,0.000006,,,,,,,,
406200,1569.7,0.000011,,,,,,,,
406300,1570.2,0.000005,,,,,,,,
406400,1570.7,0.000006,,,,,,,,
406500,1571.1,0.000005,,,,,,,,
406600,1571.6,0.000007,,,,,,,,
406700,1572.0,0.000007,,,,,,,,
406800,1572.4,0.000008,,,,,,,,
406900,1572.9,0.000011,,,,,,,,
407000,1573.3,0.000006,,,,,,,,
407100,1573.8,0.000006,,,,,,,,
407200,1574.2,0.000007,,,,,,,,
407300,1574.7,0.000005,,,,,,,,
407400,1575.1,0.000006,,,,,,,,
407500,1575.6,0.000008,,,,,,,,
407600,1576.0,0.000007,,,,,,,,
407700,1576.5,0.000010,,,,,,,,
407800,1576.8,0.000008,,,,,,,,
407900,1577.2,0.000006,,,,,,,,
408000,1577.7,0.000009,,,,,,,,
408100,1578.0,0.000005,,,,,,,,
408200,1578.4,0.000006,,,,,,,,
408300,1578.9,0.000006,,,,,,,,
408400,1579.3,0.000007,,,,,,,,
408500,1579.8,0.000006,,,,,,,,
408600,1580.2,0.000006,,,,,,,,
408700,1580.7,0.000007,,,,,,,,
408800,1581.1,0.000008,,,,,,,,
408900,1581.6,0.000005,,,,,,,,
409000,1582.0,0.000005,,,,,,,,
409100,1582.5,0.000006,,,,,,,,
409200,1583.0,0.000007,,,,,,,,
409300,1583.4,0.000008,,,,,,,,
409400,1583.9,0.000006,,,,,,,,
409500,1584.3,0.000005,,,,,,,,
409600,1584.8,0.000005,,,,,,,,
409700,1585.2,0.000006,,,,,,,,
409800,1585.7,0.000006,,,,,,,,
409900,1586.1,0.000007,,,,,,,,
410000,1587.7,0.000006,0.000007,1.362587e+00,1.998850e-01,1.575922e-01,0.000000,1.162396e+00,1.857760e-01,1.488288e-01
410100,1588.0,0.000007,,,,,,,,
410200,1588.2,0.000012,,,,,,,,
410300,1588.5,0.000007,,,,,,,,
410400,1588.9,0.000010,,,,,,,,
410500,1589.2,0.000007,,,,,,,,
410600,1589.7,0.000007,,,,,,,,
410700,1590.0,0.000006,,,,,,,,
410800,1590.4,0.000006,,,,,,,,
410900,1590.8,0.000010,,,,,,,,
411000,1591.3,0.000005,,,,,,,,
411100,1591.7,0.000005,,,,,,,,
411200,1592.2,0.000006,,,,,,,,
411300,1592.7,0.000006,,,,,,,,
411400,1593.1,0.000005,,,,,,,,
411500,1593.5,0.000006,,,,,,,,
411600,1593.9,0.000006,,,,,,,,
411700,1594.3,0.000006,,,,,,,,
411800,1594.8,0.000006,,,,,,,,
411900,1595.2,0.000007,,,,,,,,
412000,1595.7,0.000007,,,,,,,,
412100,1596.1,0.000008,,,,,,,,
412200,1596.6,0.000007,,,,,,,,
412300,1597.0,0.000007,,,,,,,,
412400,1597.5,0.000006,,,,,,,,
412500,1597.9,0.000010,,,,,,,,
412600,1598.3,0.000007,,,,,,,,
412700,1598.8,0.000008,,,,,,,,
412800,1599.2,0.000006,,,,,,,,
412900,1599.5,0.000007,,,,,,,,
413000,1599.9,0.000007,,,,,,,,
413100,1600.3,0.000008,,,,,,,,
413200,1600.6,0.000006,,,,,,,,
413300,1601.1,0.000006,,,,,,,,
413400,1601.6,0.000007,,,,,,,,
413500,1602.0,0.000006,,,,,,,,
413600,1602.5,0.000008,,,,,,,,
413700,1602.9,0.000006,,,,,,,,
413800,1603.4,0.000007,,,,,,,,
413900,1603.9,0.000008,,,,,,,,
414000,1604.4,0.000009,,,,,,,,
414100,1604.8,0.000011,,,,,,,,
414200,1605.2,0.000007,,,,,,,,
414300,1605.7,0.000008,,,,,,,,
414400,1606.2,0.000007,,,,,,,,
414500,1606.6,0.000007,,,,,,,,
414600,1607.1,0.000006,,,,,,,,
414700,1607.6,0.000006,,,,,,,,
414800,1608.0,0.000007,,,,,,,,
414900,1608.5,0.000010,,,,,,,,
415000,1610.1,0.000007,0.000007,1.216725e+00,2.089742e-01,1.721390e-01,0.000000,1.016789e+00,1.954395e-01,1.634600e-01
415100,1610.3,0.000009,,,,,,,,
415200,1610.6,0.000008,,,,,,,,
415300,1610.9,0.000010,,,,,,,,
415400,1611.3,0.000006,,,,,,,,
415500,1611.8,0.000008,,,,,,,,
415600,1612.2,0.000008,,,,,,,,
415700,1612.7,0.000006,,,,,,,,
415800,1613.1,0.000006,,,,,,,,
415900,1613.6,0.000010,,,,,,,,
416000,1614.1,0.000006,,,,,,,,
416100,1614.6,0.000007,,,,,,,,
416200,1615.0,0.000007,,,,,,,,
416300,1615.5,0.000007,,,,,,,,
416400,1616.0,0.000009,,,,,,,,
416500,1616.4,0.000007,,,,,,,,
416600,1616.9,0.000006,,,,,,,,
416700,1617.3,0.000006,,,,,,,,
416800,1617.8,0.000007,,,,,,,,
416900,1618.3,0.000008,,,,,,,,
417000,1618.7,0.000007,,,,,,,,
417100,1619.2,0.000009,,,,,,,,
417200,1619.7,0.000008,,,,,,,,
417300,1620.1,0.000008,,,,,,,,
417400,1620.6,0.000007,,,,,,,,
417500,1621.1,0.000007,,,,,,,,
417600,1621.4,0.000007,,,,,,,,
417700,1621.9,0.000007,,,,,,,,
417800,1622.4,0.000007,,,,,,,,
417900,1622.7,0.000007,,,,,,,,
418000,1623.2,0.000008,,,,,,,,
418100,1623.5,0.000007,,,,,,,,
418200,1623.9,0.000005,,,,,,,,
418300,1624.3,0.000005,,,,,,,,
418400,1624.7,0.000006,,,,,,,,
418500,1625.1,0.000006,,,,,,,,
418600,1625.5,0.000006,,,,,,,,
418700,1625.9,0.000007,,,,,,,,
418800,1626.3,0.000007,,,,,,,,
418900,1626.8,0.000007,,,,,,,,
419000,1627.2,0.000006,,,,,,,,
419100,1627.7,0.000008,,,,,,,,
419200,1628.2,0.000008,,,,,,,,
419300,1628.7,0.000009,,,,,,,,
419400,1629.1,0.000010,,,,,,,,
419500,1629.6,0.000006,,,,,,,,
419600,1630.1,0.000007,,,,,,,,
419700,1630.5,0.000008,,,,,,,,
419800,1631.0,0.000007,,,,,,,,
419900,1631.4,0.000007,,,,,,,,
420000,1633.1,0.000007,0.000007,1.135899e+00,2.069881e-01,1.695812e-01,0.000000,9.728414e-01,1.935695e-01,1.608050e-01
420100,1633.3,0.000006,,,,,,,,
420200,1633.6,0.000007,,,,,,,,
420300,1634.0,0.000006,,,,,,,,
420400,1634.5,0.000006,,,,,,,,
420500,1634.9,0.000008,,,,,,,,
420600,1635.4,0.000006,,,,,,,,
420700,1635.9,0.000008,,,,,,,,
420800,1636.4,0.000006,,,,,,,,
420900,1636.7,0.000006,,,,,,,,
421000,1637.2,0.000007,,,,,,,,
421100,1637.7,0.000007,,,,,,,,
421200,1638.1,0.000009,,,,,,,,
421300,1638.6,0.000008,,,,,,,,
421400,1639.1,0.000006,,,,,,,,
421500,1639.5,0.000006,,,,,,,,
421600,1640.0,0.000007,,,,,,,,
421700,1640.4,0.000006,,,,,,,,
421800,1640.9,0.000007,,,,,,,,
421900,1641.4,0.000007,,,,,,,,
422000,1641.9,0.000007,,,,,,,,
422100,1642.4,0.000006,,,,,,,,
422200,1642.8,0.000007,,,,,,,,
422300,1643.3,0.000010,,,,,,,,
422400,1643.8,0.000005,,,,,,,,
422500,1644.3,0.000006,,,,,,,,
422600,1644.7,0.000005,,,,,,,,
422700,1645.2,0.000008,,,,,,,,
422800,1645.7,0.000006,,,,,,,,
422900,1646.2,0.000007,,,,,,,,
423000,1646.6,0.000007,,,,,,,,
423100,1647.1,0.000007,,,,,,,,
423200,1647.6,0.000007,,,,,,,,
423300,1648.0,0.000007,,,,,,,,
423400,1648.5,0.000005,,,,,,,,
423500,1649.0,0.000006,,,,,,,,
423600,1649.5,0.000007,,,,,,,,
423700,1650.0,0.000007,,,,,,,,
423800,1650.4,0.000007,,,,,,,,
423900,1650.9,0.000007,,,,,,,,
424000,1651.4,0.000008,,,,,,,,
424100,1651.8,0.000007,,,,,,,,
424200,1652.3,0.000005,,,,,,,,
424300,1652.7,0.000008,,,,,,,,
424400,1653.2,0.000006,,,,,,,,
424500,1653.7,0.000015,,,,,,,,
424600,1654.2,0.000008,,,,,,,,
424700,1654.6,0.000006,,,,,,,,
424800,1655.1,0.000006,,,,,,,,
424900,1655.6,0.000007,,,,,,,,
425000,1657.2,0.000007,0.000006,1.179073e+00,1.913100e-01,1.537430e-01,0.000000,1.018152e+00,1.774989e-01,1.452324e-01
425100,1657.4,0.000005,,,,,,,,
425200,1657.7,0.000007,,,,,,,,
425300,1658.1,0.000010,,,,,,,,
425400,1658.6,0.000006,,,,,,,,
425500,1659.0,0.000008,,,,,,,,
425600,1659.5,0.000007,,,,,,,,
425700,1659.9,0.000006,,,,,,,,
425800,1660.4,0.000006,,,,,,,,
425900,1660.9,0.000008,,,,,,,,
426000,1661.4,0.000006,,,,,,,,
426100,1661.9,0.000008,,,,,,,,
426200,1662.4,0.000006,,,,,,,,
426300,1662.9,0.000008,,,,,,,,
426400,1663.3,0.000007,,,,,,,,
426500,1663.8,0.000006,,,,,,,,
426600,1664.3,0.000009,,,,,,,,
426700,1664.7,0.000009,,,,,,,,
426800,1665.1,0.000008,,,,,,,,
426900,1665.5,0.000006,,,,,,,,
427000,1665.9,0.000006,,,,,,,,
427100,1666.3,0.000007,,,,,,,,
427200,1666.8,0.000008,,,,,,,,
427300,1667.2,0.000007,,,,,,,,
427400,1667.5,0.000007,,,,,,,,
427500,1668.0,0.000013,,,,,,,,
427600,1668.4,0.000005,,,,,,,,
427700,1668.9,0.000016,,,,,,,,
427800,1669.4,0.000006,,,,,,,,
427900,1669.9,0.000009,,,,,,,,
428000,1670.3,0.000006,,,,,,,,
428100,1670.7,0.000007,,,,,,,,
428200,1671.1,0.000006,,,,,,,,
428300,1671.5,0.000007,,,,,,,,
428400,1672.0,0.000005,,,,,,,,
428500,1672.4,0.000006,,,,,,,,
428600,1672.9,0.000006,,,,,,,,
428700,1673.4,0.000008,,,,,,,,
428800,1673.8,0.000007,,,,,,,,
428900,1674.3,0.000005,,,,,,,,
429000,1674.8,0.000006,,,,,,,,
429100,1675.3,0.000006,,,,,,,,
429200,1675.8,0.000008,,,,,,,,
429300,1676.2,0.000008,,,,,,,,
429400,1676.7,0.000008,,,,,,,,
429500,1677.2,0.000006,,,,,,,,
429600,1677.7,0.000010,,,,,,,,
429700,1678.1,0.000006,,,,,,,,
429800,1678.6,0.000006,,,,,,,,
429900,1679.1,0.000006,,,,,,,,
430000,1680.7,0.000008,0.000009,1.241276e+00,2.420938e-01,2.076910e-01,0.000000,1.041859e+00,2.306336e-01,2.003880e-01
430100,1681.0,0.000008,,,,,,,,
430200,1681.3,0.000006,,,,,,,,
430300,1681.7,0.000006,,,,,,,,
430400,1682.1,0.000007,,,,,,,,
430500,1682.6,0.000006,,,,,,,,
430600,1683.1,0.000007,,,,,,,,
430700,1683.6,0.000007,,,,,,,,
430800,1684.1,0.000005,,,,,,,,
430900,1684.5,0.000006,,,,,,,,
431000,1685.0,0.000006,,,,,,,,
431100,1685.5,0.000006,,,,,,,,
431200,1685.9,0.000008,,,,,,,,
431300,1686.3,0.000006,,,,,,,,
431400,1686.7,0.000006,,,,,,,,
431500,1687.2,0.000005,,,,,,,,
431600,1687.6,0.000005,,,,,,,,
431700,1688.0,0.000007,,,,,,,,
431800,1688.4,0.000006,,,,,,,,
431900,1688.9,0.000006,,,,,,,,
432000,1689.3,0.000006,,,,,,,,
432100,1689.7,0.000007,,,,,,,,
432200,1690.1,0.000006,,,,,,,,
432300,1690.5,0.000007,,,,,,,,
432400,1690.9,0.000006,,,,,,,,
432500,1691.3,0.000008,,,,,,,,
432600,1691.8,0.000010,,,,,,,,
432700,1692.2,0.000008,,,,,,,,
432800,1692.7,0.000008,,,,,,,,
432900,1693.1,0.000007,,,,,,,,
433000,1693.6,0.000007,,,,,,,,
433100,1694.1,0.000008,,,,,,,,
433200,1694.5,0.000006,,,,,,,,
433300,1694.9,0.000004,,,,,,,,
433400,1695.4,0.000005,,,,,,,,
433500,1695.9,0.000009,,,,,,,,
433600,1696.3,0.000007,,,,,,,,
433700,1696.8,0.000005,,,,,,,,
433800,1697.3,0.000007,,,,,,,,
433900,1697.7,0.000007,,,,,,,,
434000,1698.2,0.000006,,,,,,,,
434100,1698.6,0.000006,,,,,,,,
434200,1699.0,0.000007,,,,,,,,
434300,1699.4,0.000007,,,,,,,,
434400,1699.8,0.000006,,,,,,,,
434500,1700.2,0.000010,,,,,,,,
434600,1700.7,0.000007,,,,,,,,
434700,1701.2,0.000006,,,,,,,,
434800,1701.6,0.000008,,,,,,,,
434900,1702.1,0.000007,,,,,,,,
435000,1703.6,0.000006,0.000007,1.345055e+00,2.020702e-01,1.607144e-01,0.000000,1.146023e+00,1.884448e-01,1.521459e-01
435100,1703.9,0.000006,,,,,,,,
435200,1704.2,0.000007,,,,,,,,
435300,1704.6,0.000007,,,,,,,,
435400,1705.0,0.000006,,,,,,,,
435500,1705.5,0.000007,,,,,,,,
435600,1705.9,0.000006,,,,,,,,
435700,1706.4,0.000011,,,,,,,,
435800,1706.8,0.000007,,,,,,,,
435900,1707.3,0.000009,,,,,,,,
436000,1707.8,0.000007,,,,,,,,
436100,1708.2,0.000006,,,,,,,,
436200,1708.7,0.000006,,,,,,,,
436300,1709.2,0.000008,,,,,,,,
436400,1709.7,0.000006,,,,,,,,
436500,1710.2,0.000006,,,,,,,,
436600,1710.7,0.000008,,,,,,,,
436700,1711.1,0.000007,,,,,,,,
436800,1711.6,0.000006,,,,,,,,
436900,1712.0,0.000008,,,,,,,,
437000,1712.5,0.000006,,,,,,,,
437100,1713.0,0.000005,,,,,,,,
437200,1713.5,0.000005,,,,,,,,
437300,1713.9,0.000007,,,,,,,,
437400,1714.4,0.000009,,,,,,,,
437500,1714.8,0.000006,,,,,,,,
437600,1715.2,0.000007,,,,,,,,
437700,1715.6,0.000009,,,,,,,,
437800,1716.1,0.000006,,,,,,,,
437900,1716.5,0.000008,,,,,,,,
438000,1716.9,0.000005,,,,,,,,
438100,1717.3,0.000006,,,,,,,,
438200,1717.8,0.000007,,,,,,,,
438300,1718.2,0.000008,,,,,,,,
438400,1718.7,0.000006,,,,,,,,
438500,1719.2,0.000005,,,,,,,,
438600,1719.6,0.000006,,,,,,,,
438700,1720.0,0.000007,,,,,,,,
438800,1720.5,0.000006,,,,,,,,
438900,1721.0,0.000005,,,,,,,,
439000,1721.4,0.000007,,,,,,,,
439100,1721.9,0.000010,,,,,,,,
439200,1722.4,0.000010,,,,,,,,
439300,1722.8,0.000009,,,,,,,,
439400,1723.2,0.000006,,,,,,,,
439500,1723.7,0.000006,,,,,,,,
439600,1724.0,0.000007,,,,,,,,
439700,1724.5,0.000005,,,,,,,,
439800,1724.9,0.000006,,,,,,,,
439900,1725.2,0.000007,,,,,,,,
440000,1726.8,0.000006,0.000008,1.292777e+00,2.297129e-01,1.988218e-01,0.000000,1.127237e+00,2.167622e-01,1.908242e-01
440100,1727.0,0.000006,,,,,,,,
440200,1727.3,0.000007,,,,,,,,
440300,1727.6,0.000006,,,,,,,,
440400,1727.9,0.000006,,,,,,,,
440500,1728.3,0.000007,,,,,,,,
440600,1728.7,0.000009,,,,,,,,
440700,1729.2,0.000006,,,,,,,,
440800,1729.6,0.000005,,,,,,,,
440900,1730.0,0.000005,,,,,,,,
441000,1730.5,0.000005,,,,,,,,
441100,1731.0,0.000007,,,,,,,,
441200,1731.4,0.000008,,,,,,,,
441300,1731.9,0.000006,,,,,,,,
441400,1732.4,0.000006,,,,,,,,
441500,1732.8,0.000007,,,,,,,,
441600,1733.3,0.000005,,,,,,,,
441700,1733.8,0.000006,,,,,,,,
441800,1734.2,0.000010,,,,,,,,
441900,1734.7,0.000006,,,,,,,,
442000,1735.2,0.000008,,,,,,,,
442100,1735.6,0.000007,,,,,,,,
442200,1736.1,0.000007,,,,,,,,
442300,1736.6,0.000005,,,,,,,,
442400,1737.0,0.000008,,,,,,,,
442500,1737.5,0.000007,,,,,,,,
442600,1738.0,0.000006,,,,,,,,
442700,1738.4,0.000005,,,,,,,,
442800,1738.9,0.000009,,,,,,,,
442900,1739.4,0.000009,,,,,,,,
443000,1739.8,0.000007,,,,,,,,
443100,1740.3,0.000007,,,,,,,,
443200,1740.8,0.000007,,,,,,,,
443300,1741.2,0.000006,,,,,,,,
443400,1741.7,0.000007,,,,,,,,
443500,1742.2,0.000007,,,,,,,,
443600,1742.6,0.000006,,,,,,,,
443700,1743.1,0.000005,,,,,,,,
443800,1743.4,0.000011,,,,,,,,
443900,1743.7,0.000007,,,,,,,,
444000,1743.9,0.000008,,,,,,,,
444100,1744.2,0.000007,,,,,,,,
444200,1744.5,0.000005,,,,,,,,
444300,1744.8,0.000006,,,,,,,,
444400,1745.1,0.000010,,,,,,,,
444500,1745.4,0.000006,,,,,,,,
444600,1745.7,0.000006,,,,,,,,
444700,1746.0,0.000008,,,,,,,,
444800,1746.2,0.000008,,,,,,,,
444900,1746.5,0.000009,,,,,,,,
445000,1747.9,0.000007,0.000006,1.135434e+00,1.865182e-01,1.506435e-01,0.000000,9.639112e-01,1.724821e-01,1.420191e-01
445100,1748.2,0.000006,,,,,,,,
445200,1748.4,0.000007,,,,,,,,
445300,1748.7,0.000008,,,,,,,,
445400,1749.0,0.000007,,,,,,,,
445500,1749.3,0.000006,,,,,,,,
445600,1749.5,0.000007,,,,,,,,
445700,1749.8,0.000007,,,,,,,,
445800,1750.1,0.000006,,,,,,,,
445900,1750.4,0.000007,,,,,,,,
446000,1750.7,0.000006,,,,,,,,
446100,1751.0,0.000007,,,,,,,,
446200,1751.3,0.000005,,,,,,,,
446300,1751.6,0.000007,,,,,,,,
446400,1751.9,0.000007,,,,,,,,
446500,1752.2,0.000007,,,,,,,,
446600,1752.5,0.000007,,,,,,,,
446700,1752.7,0.000007,,,,,,,,
446800,1753.0,0.000008,,,,,,,,
446900,1753.3,0.000007,,,,,,,,
447000,1753.6,0.000007,,,,,,,,
447100,1753.9,0.000007,,,,,,,,
447200,1754.2,0.000007,,,,,,,,
447300,1754.5,0.000011,,,,,,,,
447400,1754.8,0.000008,,,,,,,,
447500,1755.1,0.000007,,,,,,,,
447600,1755.4,0.000007,,,,,,,,
447700,1755.7,0.000007,,,,,,,,
447800,1755.9,0.000006,,,,,,,,
447900,1756.2,0.000007,,,,,,,,
448000,1756.5,0.000006,,,,,,,,
448100,1756.8,0.000006,,,,,,,,
448200,1757.1,0.000007,,,,,,,,
448300,1757.4,0.000007,,,,,,,,
448400,1757.7,0.000007,,,,,,,,
448500,1758.0,0.000010,,,,,,,,
448600,1758.3,0.000008,,,,,,,,
448700,1758.6,0.000006,,,,,,,,
448800,1758.9,0.000006,,,,,,,,
448900,1759.2,0.000007,,,,,,,,
449000,1759.5,0.000005,,,,,,,,
449100,1759.7,0.000008,,,,,,,,
449200,1760.0,0.000008,,,,,,,,
449300,1760.3,0.000005,,,,,,,,
449400,1760.6,0.000006,,,,,,,,
449500,1760.9,0.000007,,,,,,,,
449600,1761.2,0.000006,,,,,,,,
449700,1761.4,0.000007,,,,,,,,
449800,1761.7,0.000006,,,,,,,,
449900,1762.0,0.000006,,,,,,,,
450000,1763.4,0.000006,0.000007,1.252422e+00,2.039812e-01,1.659940e-01,0.000000,1.085798e+00,1.908720e-01,1.580399e-01
450100,1763.6,0.000007,,,,,,,,
450200,1763.9,0.000008,,,,,,,,
450300,1764.2,0.000006,,,,,,,,
450400,1764.4,0.000006,,,,,,,,
450500,1764.7,0.000007,,,,,,,,
450600,1765.0,0.000007,,,,,,,,
450700,1765.3,0.000006,,,,,,,,
450800,1765.6,0.000007,,,,,,,,
450900,1765.9,0.000006,,,,,,,,
451000,1766.2,0.000006,,,,,,,,
451100,1766.5,0.000007,,,,,,,,
451200,1766.7,0.000006,,,,,,,,
451300,1767.0,0.000009,,,,,,,,
451400,1767.3,0.000005,,,,,,,,
451500,1767.6,0.000007,,,,,,,,
451600,1767.9,0.000005,,,,,,,,
451700,1768.2,0.000009,,,,,,,,
451800,1768.4,0.000007,,,,,,,,
451900,1768.7,0.000005,,,,,,,,
452000,1769.0,0.000006,,,,,,,,
452100,1769.3,0.000006,,,,,,,,
452200,1769.6,0.000006,,,,,,,,
452300,1769.9,0.000007,,,,,,,,
452400,1770.2,0.000007,,,,,,,,
452500,1770.5,0.000005,,,,,,,,
452600,1770.7,0.000007,,,,,,,,
452700,1771.0,0.000006,,,,,,,,
452800,1771.3,0.000008,,,,,,,,
452900,1771.6,0.000006,,,,,,,,
453000,1771.9,0.000007,,,,,,,,
453100,1772.2,0.000005,,,,,,,,
453200,1772.5,0.000007,,,,,,,,
453300,1772.8,0.000006,,,,,,,,
453400,1773.0,0.000006,,,,,,,,
453500,1773.3,0.000008,,,,,,,,
453600,1773.6,0.000007,,,,,,,,
453700,1773.9,0.000006,,,,,,,,
453800,1774.2,0.000007,,,,,,,,
453900,1774.5,0.000006,,,,,,,,
454000,1774.8,0.000007,,,,,,,,
454100,1775.1,0.000005,,,,,,,,
454200,1775.4,0.000007,,,,,,,,
454300,1775.7,0.000007,,,,,,,,
454400,1775.9,0.000005,,,,,,,,
454500,1776.2,0.000008,,,,,,,,
454600,1776.5,0.000005,,,,,,,,
454700,1776.8,0.000007,,,,,,,,
454800,1777.1,0.000008,,,,,,,,
454900,1777.4,0.000006,,,,,,,,
455000,1778.8,0.000006,0.000008,1.363537e+00,2.150123e-01,1.780737e-01,0.000000,1.119755e+00,2.029419e-01,1.702677e-01
455100,1779.1,0.000007,,,,,,,,
455200,1779.3,0.000007,,,,,,,,
455300,1779.6,0.000006,,,,,,,,
455400,1779.9,0.000006,,,,,,,,
455500,1780.2,0.000007,,,,,,,,
455600,1780.5,0.000007,,,,,,,,
455700,1780.8,0.000013,,,,,,,,
455800,1781.1,0.000006,,,,,,,,
455900,1781.4,0.000007,,,,,,,,
456000,1781.7,0.000005,,,,,,,,
456100,1782.0,0.000007,,,,,,,,
456200,1782.3,0.000008,,,,,,,,
456300,1782.5,0.000006,,,,,,,,
456400,1782.8,0.000006,,,,,,,,
456500,1783.1,0.000008,,,,,,,,
456600,1783.4,0.000007,,,,,,,,
456700,1783.7,0.000006,,,,,,,,
456800,1784.0,0.000007,,,,,,,,
456900,1784.3,0.000006,,,,,,,,
457000,1784.6,0.000009,,,,,,,,
457100,1784.9,0.000008,,,,,,,,
457200,1785.2,0.000006,,,,,,,,
457300,1785.4,0.000005,,,,,,,,
457400,1785.7,0.000006,,,,,,,,
457500,1786.0,0.000005,,,,,,,,
457600,1786.3,0.000005,,,,,,,,
457700,1786.6,0.000007,,,,,,,,
457800,1786.9,0.000008,,,,,,,,
457900,1787.2,0.000006,,,,,,,,
458000,1787.5,0.000011,,,,,,,,
458100,1787.8,0.000007,,,,,,,,
458200,1788.1,0.000006,,,,,,,,
458300,1788.4,0.000008,,,,,,,,
458400,1788.7,0.000006,,,,,,,,
458500,1788.9,0.000006,,,,,,,,
458600,1789.3,0.000005,,,,,,,,
458700,1789.7,0.000007,,,,,,,,
458800,1790.2,0.000006,,,,,,,,
458900,1790.6,0.000007,,,,,,,,
459000,1791.1,0.000008,,,,,,,,
459100,1791.5,0.000006,,,,,,,,
459200,1792.0,0.000006,,,,,,,,
459300,1792.4,0.000007,,,,,,,,
459400,1792.8,0.000007,,,,,,,,
459500,1793.2,0.000005,,,,,,,,
459600,1793.6,0.000006,,,,,,,,
459700,1794.0,0.000008,,,,,,,,
459800,1794.4,0.000008,,,,,,,,
459900,1794.9,0.000009,,,,,,,,
460000,1796.4,0.000006,0.000006,1.249131e+00,1.977063e-01,1.620627e-01,0.000000,1.078261e+00,1.852516e-01,1.548440e-01
460100,1796.7,0.000010,,,,,,,,
460200,1797.0,0.000008,,,,,,,,
460300,1797.3,0.000006,,,,,,,,
460400,1797.7,0.000011,,,,,,,,
460500,1798.2,0.000006,,,,,,,,
460600,1798.6,0.000006,,,,,,,,
460700,1799.1,0.000006,,,,,,,,
460800,1799.5,0.000006,,,,,,,,
460900,1800.0,0.000006,,,,,,,,
461000,1800.4,0.000006,,,,,,,,
461100,1800.9,0.000007,,,,,,,,
461200,1801.3,0.000006,,,,,,,,
461300,1801.8,0.000010,,,,,,,,
461400,1802.2,0.000006,,,,,,,,
461500,1802.6,0.000007,,,,,,,,
461600,1803.1,0.000007,,,,,,,,
461700,1803.5,0.000007,,,,,,,,
461800,1804.0,0.000008,,,,,,,,
461900,1804.4,0.000008,,,,,,,,
462000,1804.9,0.000007,,,,,,,,
462100,1805.4,0.000007,,,,,,,,
462200,1805.8,0.000006,,,,,,,,
462300,1806.3,0.000006,,,,,,,,
462400,1806.7,0.000006,,,,,,,,
462500,1807.2,0.000007,,,,,,,,
462600,1807.6,0.000009,,,,,,,,
462700,1808.1,0.000006,,,,,,,,
462800,1808.6,0.000005,,,,,,,,
462900,1809.0,0.000005,,,,,,,,
463000,1809.5,0.000006,,,,,,,,
463100,1810.0,0.000007,,,,,,,,
463200,1810.5,0.000007,,,,,,,,
463300,1810.9,0.000006,,,,,,,,
463400,1811.4,0.000007,,,,,,,,
463500,1811.8,0.000006,,,,,,,,
463600,1812.3,0.000006,,,,,,,,
463700,1812.7,0.000007,,,,,,,,
463800,1813.2,0.000005,,,,,,,,
463900,1813.7,0.000005,,,,,,,,
464000,1814.1,0.000007,,,,,,,,
464100,1814.6,0.000006,,,,,,,,
464200,1815.0,0.000009,,,,,,,,
464300,1815.5,0.000007,,,,,,,,
464400,1815.9,0.000006,,,,,,,,
464500,1816.4,0.000005,,,,,,,,
464600,1816.8,0.000007,,,,,,,,
464700,1817.3,0.000006,,,,,,,,
464800,1817.7,0.000007,,,,,,,,
464900,1818.2,0.000007,,,,,,,,
465000,1819.8,0.000007,0.000007,1.376697e+00,2.124704e-01,1.774855e-01,0.000000,1.198404e+00,1.998406e-01,1.703458e-01
465100,1820.0,0.000007,,,,,,,,
465200,1820.3,0.000009,,,,,,,,
465300,1820.7,0.000006,,,,,,,,
465400,1821.1,0.000006,,,,,,,,
465500,1821.5,0.000006,,,,,,,,
465600,1822.0,0.000007,,,,,,,,
465700,1822.5,0.000006,,,,,,,,
465800,1822.9,0.000005,,,,,,,,
465900,1823.3,0.000008,,,,,,,,
466000,1823.8,0.000008,,,,,,,,
466100,1824.2,0.000005,,,,,,,,
466200,1824.7,0.000007,,,,,,,,
466300,1825.2,0.000010,,,,,,,,
466400,1825.6,0.000007,,,,,,,,
466500,1826.0,0.000006,,,,,,,,
466600,1826.4,0.000011,,,,,,,,
466700,1826.8,0.000005,,,,,,,,
466800,1827.3,0.000007,,,,,,,,
466900,1827.7,0.000006,,,,,,,,
467000,1828.2,0.000009,,,,,,,,
467100,1828.6,0.000014,,,,,,,,
467200,1829.0,0.000006,,,,,,,,
467300,1829.5,0.000006,,,,,,,,
467400,1829.8,0.000007,,,,,,,,
467500,1830.3,0.000007,,,,,,,,
467600,1830.7,0.000006,,,,,,,,
467700,1831.2,0.000006,,,,,,,,
467800,1831.6,0.000006,,,,,,,,
467900,1832.1,0.000009,,,,,,,,
468000,1832.5,0.000005,,,,,,,,
468100,1833.0,0.000007,,,,,,,,
468200,1833.5,0.000007,,,,,,,,
468300,1833.9,0.000006,,,,,,,,
468400,1834.4,0.000007,,,,,,,,
468500,1834.8,0.000005,,,,,,,,
468600,1835.3,0.000007,,,,,,,,
468700,1835.7,0.000007,,,,,,,,
468800,1836.2,0.000006,,,,,,,,
468900,1836.7,0.000007,,,,,,,,
469000,1837.1,0.000007,,,,,,,,
469100,1837.6,0.000005,,,,,,,,
469200,1838.0,0.000007,,,,,,,,
469300,1838.5,0.000007,,,,,,,,
469400,1838.9,0.000007,,,,,,,,
469500,1839.4,0.000006,,,,,,,,
469600,1839.9,0.000007,,,,,,,,
469700,1840.3,0.000007,,,,,,,,
469800,1840.8,0.000005,,,,,,,,
469900,1841.2,0.000008,,,,,,,,
470000,1842.9,0.000006,0.000007,1.395813e+00,2.064495e-01,1.705358e-01,0.000000,1.197354e+00,1.943509e-01,1.635603e-01
470100,1843.1,0.000007,,,,,,,,
470200,1843.4,0.000010,,,,,,,,
470300,1843.7,0.000007,,,,,,,,
470400,1844.2,0.000007,,,,,,,,
470500,1844.5,0.000008,,,,,,,,
470600,1845.0,0.000007,,,,,,,,
470700,1845.4,0.000006,,,,,,,,
470800,1845.9,0.000006,,,,,,,,
470900,1846.4,0.000006,,,,,,,,
471000,1846.8,0.000007,,,,,,,,
471100,1847.3,0.000008,,,,,,,,
471200,1847.7,0.000006,,,,,,,,
471300,1848.2,0.000008,,,,,,,,
471400,1848.7,0.000006,,,,,,,,
471500,1849.1,0.000007,,,,,,,,
471600,1849.6,0.000006,,,,,,,,
471700,1850.0,0.000006,,,,,,,,
471800,1850.5,0.000006,,,,,,,,
471900,1850.9,0.000007,,,,,,,,
472000,1851.4,0.000006,,,,,,,,
472100,1851.9,0.000005,,,,,,,,
472200,1852.3,0.000008,,,,,,,,
472300,1852.8,0.000007,,,,,,,,
472400,1853.2,0.000006,,,,,,,,
472500,1853.7,0.000005,,,,,,,,
472600,1854.2,0.000007,,,,,,,,
472700,1854.6,0.000012,,,,,,,,
472800,1855.1,0.000008,,,,,,,,
472900,1855.6,0.000008,,,,,,,,
473000,1856.0,0.000006,,,,,,,,
473100,1856.5,0.000006,,,,,,,,
473200,1857.0,0.000005,,,,,,,,
473300,1857.4,0.000008,,,,,,,,
473400,1857.9,0.000007,,,,,,,,
473500,1858.3,0.000006,,,,,,,,
473600,1858.8,0.000005,,,,,,,,
473700,1859.2,0.000006,,,,,,,,
473800,1859.6,0.000006,,,,,,,,
473900,1860.1,0.000007,,,,,,,,
474000,1860.5,0.000005,,,,,,,,
474100,1861.0,0.000005,,,,,,,,
474200,1861.5,0.000008,,,,,,,,
474300,1861.9,0.000007,,,,,,,,
474400,1862.3,0.000008,,,,,,,,
474500,1862.7,0.000006,,,,,,,,
474600,1863.2,0.000006,,,,,,,,
474700,1863.7,0.000006,,,,,,,,
474800,1864.1,0.000007,,,,,,,,
474900,1864.6,0.000006,,,,,,,,
475000,1866.2,0.000005,0.000007,1.314862e+00,2.095457e-01,1.754574e-01,0.000000,1.144907e+00,1.978884e-01,1.688028e-01
475100,1866.4,0.000005,,,,,,,,
475200,1866.7,0.000007,,,,,,,,
475300,1867.1,0.000006,,,,,,,,
475400,1867.5,0.000005,,,,,,,,
475500,1868.0,0.000005,,,,,,,,
475600,1868.5,0.000005,,,,,,,,
475700,1869.0,0.000008,,,,,,,,
475800,1869.4,0.000006,,,,,,,,
475900,1869.9,0.000006,,,,,,,,
476000,1870.4,0.000007,,,,,,,,
476100,1870.9,0.000006,,,,,,,,
476200,1871.3,0.000005,,,,,,,,
476300,1871.8,0.000006,,,,,,,,
476400,1872.3,0.000006,,,,,,,,
476500,1872.7,0.000007,,,,,,,,
476600,1873.2,0.000005,,,,,,,,
476700,1873.7,0.000007,,,,,,,,
476800,1874.1,0.000009,,,,,,,,
476900,1874.6,0.000007,,,,,,,,
477000,1875.1,0.000006,,,,,,,,
477100,1875.5,0.000006,,,,,,,,
477200,1876.0,0.000006,,,,,,,,
477300,1876.5,0.000006,,,,,,,,
477400,1876.9,0.000007,,,,,,,,
477500,1877.4,0.000006,,,,,,,,
477600,1877.9,0.000007,,,,,,,,
477700,1878.3,0.000007,,,,,,,,
477800,1878.8,0.000007,,,,,,,,
477900,1879.2,0.000006,,,,,,,,
478000,1879.7,0.000008,,,,,,,,
478100,1880.1,0.000007,,,,,,,,
478200,1880.6,0.000006,,,,,,,,
478300,1881.0,0.000006,,,,,,,,
478400,1881.4,0.000005,,,,,,,,
478500,1881.9,0.000005,,,,,,,,
478600,1882.4,0.000007,,,,,,,,
478700,1882.8,0.000007,,,,,,,,
478800,1883.3,0.000005,,,,,,,,
478900,1883.8,0.000006,,,,,,,,
479000,1884.2,0.000006,,,,,,,,
479100,1884.7,0.000004,,,,,,,,
479200,1885.2,0.000006,,,,,,,,
479300,1885.6,0.000007,,,,,,,,
479400,1886.1,0.000006,,,,,,,,
479500,1886.6,0.000006,,,,,,,,
479600,1887.0,0.000005,,,,,,,,
479700,1887.5,0.000006,,,,,,,,
479800,1888.0,0.000008,,,,,,,,
479900,1888.5,0.000007,,,,,,,,
480000,1890.1,0.000005,0.000006,1.160438e+00,1.892997e-01,1.528736e-01,0.000000,9.761791e-01,1.758036e-01,1.456147e-01
480100,1890.3,0.000006,,,,,,,,
480200,1890.6,0.000005,,,,,,,,
480300,1891.0,0.000005,,,,,,,,
480400,1891.5,0.000005,,,,,,,,
480500,1892.0,0.000005,,,,,,,,
480600,1892.4,0.000006,,,,,,,,
480700,1892.9,0.000006,,,,,,,,
480800,1893.3,0.000005,,,,,,,,
480900,1893.8,0.000006,,,,,,,,
481000,1894.3,0.000007,,,,,,,,
481100,1894.8,0.000006,,,,,,,,
481200,1895.3,0.000005,,,,,,,,
481300,1895.7,0.000006,,,,,,,,
481400,1896.2,0.000006,,,,,,,,
481500,1896.6,0.000006,,,,,,,,
481600,1897.1,0.000006,,,,,,,,
481700,1897.5,0.000006,,,,,,,,
481800,1898.0,0.000007,,,,,,,,
481900,1898.5,0.000008,,,,,,,,
482000,1899.0,0.000006,,,,,,,,
482100,1899.5,0.000006,,,,,,,,
482200,1899.9,0.000008,,,,,,,,
482300,1900.4,0.000006,,,,,,,,
482400,1900.9,0.000009,,,,,,,,
482500,1901.4,0.000007,,,,,,,,
482600,1901.8,0.000009,,,,,,,,
482700,1902.3,0.000006,,,,,,,,
482800,1902.8,0.000006,,,,,,,,
482900,1903.3,0.000007,,,,,,,,
483000,1903.7,0.000007,,,,,,,,
483100,1904.2,0.000007,,,,,,,,
483200,1904.7,0.000012,,,,,,,,
483300,1905.1,0.000007,,,,,,,,
483400,1905.6,0.000005,,,,,,,,
483500,1906.1,0.000005,,,,,,,,
483600,1906.5,0.000007,,,,,,,,
483700,1907.0,0.000007,,,,,,,,
483800,1907.5,0.000005,,,,,,,,
483900,1907.9,0.000005,,,,,,,,
484000,1908.4,0.000006,,,,,,,,
484100,1908.9,0.000006,,,,,,,,
484200,1909.3,0.000006,,,,,,,,
484300,1909.8,0.000007,,,,,,,,
484400,1910.2,0.000006,,,,,,,,
484500,1910.7,0.000010,,,,,,,,
484600,1911.2,0.000005,,,,,,,,
484700,1911.6,0.000005,,,,,,,,
484800,1912.1,0.000008,,,,,,,,
484900,1912.5,0.000009,,,,,,,,
485000,1914.1,0.000008,0.000007,1.435063e+00,1.983014e-01,1.530669e-01,0.000000,1.200871e+00,1.850993e-01,1.459011e-01
485100,1914.4,0.000005,,,,,,,,
485200,1914.7,0.000006,,,,,,,,
485300,1915.1,0.000005,,,,,,,,
485400,1915.5,0.000007,,,,,,,,
485500,1916.0,0.000006,,,,,,,,
485600,1916.5,0.000006,,,,,,,,
485700,1916.9,0.000007,,,,,,,,
485800,1917.4,0.000006,,,,,,,,
485900,1917.8,0.000006,,,,,,,,
486000,1918.3,0.000007,,,,,,,,
486100,1918.8,0.000006,,,,,,,,
486200,1919.2,0.000006,,,,,,,,
486300,1919.7,0.000005,,,,,,,,
486400,1920.1,0.000006,,,,,,,,
486500,1920.6,0.000007,,,,,,,,
486600,1921.1,0.000005,,,,,,,,
486700,1921.5,0.000006,,,,,,,,
486800,1922.0,0.000005,,,,,,,,
486900,1922.4,0.000005,,,,,,,,
487000,1922.8,0.000006,,,,,,,,
487100,1923.2,0.000005,,,,,,,,
487200,1923.7,0.000006,,,,,,,,
487300,1924.1,0.000005,,,,,,,,
487400,1924.6,0.000007,,,,,,,,
487500,1925.1,0.000005,,,,,,,,
487600,1925.5,0.000005,,,,,,,,
487700,1926.0,0.000006,,,,,,,,
487800,1926.5,0.000006,,,,,,,,
487900,1927.0,0.000007,,,,,,,,
488000,1927.4,0.000006,,,,,,,,
488100,1927.9,0.000006,,,,,,,,
488200,1928.4,0.000005,,,,,,,,
488300,1928.8,0.000009,,,,,,,,
488400,1929.3,0.000006,,,,,,,,
488500,1929.8,0.000005,,,,,,,,
488600,1930.2,0.000005,,,,,,,,
488700,1930.7,0.000005,,,,,,,,
488800,1931.2,0.000005,,,,,,,,
488900,1931.6,0.000007,,,,,,,,
489000,1932.0,0.000007,,,,,,,,
489100,1932.5,0.000007,,,,,,,,
489200,1933.0,0.000005,,,,,,,,
489300,1933.5,0.000006,,,,,,,,
489400,1933.9,0.000005,,,,,,,,
489500,1934.4,0.000005,,,,,,,,
489600,1934.8,0.000007,,,,,,,,
489700,1935.3,0.000007,,,,,,,,
489800,1935.7,0.000008,,,,,,,,
489900,1936.2,0.000006,,,,,,,,
490000,1937.9,0.000005,0.000006,1.272793e+00,1.967379e-01,1.623687e-01,0.000000,1.080511e+00,1.847397e-01,1.558146e-01
490100,1938.1,0.000007,,,,,,,,
490200,1938.4,0.000005,,,,,,,,
490300,1938.8,0.000006,,,,,,,,
490400,1939.2,0.000008,,,,,,,,
490500,1939.7,0.000007,,,,,,,,
490600,1940.1,0.000005,,,,,,,,
490700,1940.6,0.000006,,,,,,,,
490800,1941.0,0.000006,,,,,,,,
490900,1941.5,0.000007,,,,,,,,
491000,1942.0,0.000007,,,,,,,,
491100,1942.4,0.000007,,,,,,,,
491200,1942.9,0.000005,,,,,,,,
491300,1943.4,0.000006,,,,,,,,
491400,1943.8,0.000006,,,,,,,,
491500,1944.3,0.000007,,,,,,,,
491600,1944.8,0.000006,,,,,,,,
491700,1945.2,0.000006,,,,,,,,
491800,1945.7,0.000004,,,,,,,,
491900,1946.1,0.000006,,,,,,,,
492000,1946.6,0.000005,,,,,,,,
492100,1947.1,0.000006,,,,,,,,
492200,1947.5,0.000007,,,,,,,,
492300,1948.0,0.000004,,,,,,,,
492400,1948.4,0.000005,,,,,,,,
492500,1948.9,0.000007,,,,,,,,
492600,1949.4,0.000005,,,,,,,,
492700,1949.8,0.000006,,,,,,,,
492800,1950.3,0.000005,,,,,,,,
492900,1950.8,0.000006,,,,,,,,
493000,1951.2,0.000005,,,,,,,,
493100,1951.7,0.000007,,,,,,,,
493200,1952.2,0.000007,,,,,,,,
493300,1952.7,0.000005,,,,,,,,
493400,1953.1,0.000005,,,,,,,,
493500,1953.6,0.000006,,,,,,,,
493600,1954.1,0.000005,,,,,,,,
493700,1954.5,0.000005,,,,,,,,
493800,1955.0,0.000006,,,,,,,,
493900,1955.5,0.000005,,,,,,,,
494000,1955.9,0.000008,,,,,,,,
494100,1956.4,0.000006,,,,,,,,
494200,1956.9,0.000006,,,,,,,,
494300,1957.3,0.000007,,,,,,,,
494400,1957.8,0.000004,,,,,,,,
494500,1958.3,0.000009,,,,,,,,
494600,1958.8,0.000006,,,,,,,,
494700,1959.2,0.000006,,,,,,,,
494800,1959.7,0.000006,,,,,,,,
494900,1960.2,0.000006,,,,,,,,
495000,1961.8,0.000007,0.000006,1.288632e+00,1.826882e-01,1.441589e-01,0.000000,1.013965e+00,1.694320e-01,1.375224e-01
495100,1962.0,0.000005,,,,,,,,
495200,1962.3,0.000005,,,,,,,,
495300,1962.7,0.000005,,,,,,,,
495400,1963.2,0.000007,,,,,,,,
495500,1963.7,0.000006,,,,,,,,
495600,1964.2,0.000005,,,,,,,,
495700,1964.6,0.000007,,,,,,,,
495800,1965.1,0.000006,,,,,,,,
495900,1965.6,0.000005,,,,,,,,
496000,1966.1,0.000005,,,,,,,,
496100,1966.5,0.000008,,,,,,,,
496200,1967.0,0.000005,,,,,,,,
496300,1967.5,0.000006,,,,,,,,
496400,1967.9,0.000006,,,,,,,,
496500,1968.4,0.000006,,,,,,,,
496600,1968.9,0.000007,,,,,,,,
496700,1969.3,0.000005,,,,,,,,
496800,1969.8,0.000005,,,,,,,,
496900,1970.3,0.000005,,,,,,,,
497000,1970.7,0.000006,,,,,,,,
497100,1971.2,0.000006,,,,,,,,
497200,1971.7,0.000006,,,,,,,,
497300,1972.1,0.000007,,,,,,,,
497400,1972.6,0.000008,,,,,,,,
497500,1973.1,0.000007,,,,,,,,
497600,1973.5,0.000005,,,,,,,,
497700,1974.0,0.000005,,,,,,,,
497800,1974.5,0.000009,,,,,,,,
497900,1974.9,0.000007,,,,,,,,
498000,1975.4,0.000006,,,,,,,,
498100,1975.9,0.000006,,,,,,,,
498200,1976.3,0.000005,,,,,,,,
498300,1976.8,0.000007,,,,,,,,
498400,1977.3,0.000005,,,,,,,,
498500,1977.8,0.000007,,,,,,,,
498600,1978.2,0.000005,,,,,,,,
498700,1978.7,0.000006,,,,,,,,
498800,1979.2,0.000005,,,,,,,,
498900,1979.6,0.000007,,,,,,,,
499000,1980.1,0.000006,,,,,,,,
499100,1980.6,0.000007,,,,,,,,
499200,1981.0,0.000005,,,,,,,,
499300,1981.5,0.000005,,,,,,,,
499400,1981.9,0.000005,,,,,,,,
499500,1982.4,0.000005,,,,,,,,
499600,1982.9,0.000006,,,,,,,,
499700,1983.3,0.000007,,,,,,,,
499800,1983.8,0.000006,,,,,,,,
499900,1984.3,0.000006,,,,,,,,
500000,1985.9,0.000005,0.000007,1.369250e+00,2.025552e-01,1.682941e-01,0.000000,1.119451e+00,1.912891e-01,1.623753e-01
500100,1986.1,0.000005,,,,,,,,
500200,1986.4,0.000005,,,,,,,,
500300,1986.8,0.000005,,,,,,,,
500400,1987.2,0.000007,,,,,,,,
500500,1987.6,0.000005,,,,,,,,
500600,1988.1,0.000006,,,,,,,,
500700,1988.6,0.000004,,,,,,,,
500800,1989.0,0.000005,,,,,,,,
500900,1989.5,0.000006,,,,,,,,
501000,1990.0,0.000006,,,,,,,,
501100,1990.5,0.000005,,,,,,,,
501200,1991.0,0.000006,,,,,,,,
501300,1991.4,0.000005,,,,,,,,
501400,1991.8,0.000007,,,,,,,,
501500,1992.3,0.000005,,,,,,,,
501600,1992.8,0.000005,,,,,,,,
501700,1993.2,0.000006,,,,,,,,
501800,1993.7,0.000005,,,,,,,,
501900,1994.2,0.000005,,,,,,,,
502000,1994.7,0.000006,,,,,,,,
502100,1995.1,0.000005,,,,,,,,
502200,1995.6,0.000007,,,,,,,,
502300,1996.0,0.000005,,,,,,,,
502400,1996.5,0.000006,,,,,,,,
502500,1997.0,0.000004,,,,,,,,
502600,1997.5,0.000006,,,,,,,,
502700,1998.0,0.000006,,,,,,,,
502800,1998.4,0.000006,,,,,,,,
502900,1998.9,0.000009,,,,,,,,
503000,1999.4,0.000005,,,,,,,,
503100,1999.8,0.000006,,,,,,,,
503200,2000.3,0.000007,,,,,,,,
503300,2000.8,0.000006,,,,,,,,
503400,2001.2,0.000005,,,,,,,,
503500,2001.7,0.000006,,,,,,,,
503600,2002.2,0.000006,,,,,,,,
503700,2002.6,0.000006,,,,,,,,
503800,2003.1,0.000007,,,,,,,,
503900,2003.5,0.000005,,,,,,,,
504000,2004.0,0.000006,,,,,,,,
504100,2004.5,0.000005,,,,,,,,
504200,2004.9,0.000007,,,,,,,,
504300,2005.4,0.000005,,,,,,,,
504400,2005.9,0.000005,,,,,,,,
504500,2006.4,0.000007,,,,,,,,
504600,2006.8,0.000006,,,,,,,,
504700,2007.3,0.000005,,,,,,,,
504800,2007.7,0.000009,,,,,,,,
504900,2008.2,0.000006,,,,,,,,
505000,2009.8,0.000005,0.000005,1.315448e+00,1.694887e-01,1.299472e-01,0.000000,1.115030e+00,1.568927e-01,1.236260e-01
505100,2010.1,0.000005,,,,,,,,
505200,2010.3,0.000005,,,,,,,,
505300,2010.7,0.000005,,,,,,,,
505400,2011.2,0.000006,,,,,,,,
505500,2011.5,0.000005,,,,,,,,
505600,2012.0,0.000005,,,,,,,,
505700,2012.5,0.000006,,,,,,,,
505800,2013.0,0.000006,,,,,,,,
505900,2013.4,0.000005,,,,,,,,
506000,2013.9,0.000004,,,,,,,,
506100,2014.4,0.000005,,,,,,,,
506200,2014.8,0.000006,,,,,,,,
506300,2015.3,0.000006,,,,,,,,
506400,2015.8,0.000006,,,,,,,,
506500,2016.3,0.000007,,,,,,,,
506600,2016.7,0.000004,,,,,,,,
506700,2017.2,0.000005,,,,,,,,
506800,2017.7,0.000007,,,,,,,,
506900,2018.2,0.000005,,,,,,,,
507000,2018.6,0.000008,,,,,,,,
507100,2019.1,0.000006,,,,,,,,
507200,2019.5,0.000006,,,,,,,,
507300,2020.0,0.000006,,,,,,,,
507400,2020.5,0.000004,,,,,,,,
507500,2020.9,0.000005,,,,,,,,
507600,2021.4,0.000008,,,,,,,,
507700,2021.9,0.000008,,,,,,,,
507800,2022.3,0.000006,,,,,,,,
507900,2022.8,0.000005,,,,,,,,
508000,2023.3,0.000005,,,,,,,,
508100,2023.8,0.000005,,,,,,,,
508200,2024.2,0.000005,,,,,,,,
508300,2024.7,0.000006,,,,,,,,
508400,2025.2,0.000006,,,,,,,,
508500,2025.6,0.000005,,,,,,,,
508600,2026.1,0.000005,,,,,,,,
508700,2026.6,0.000006,,,,,,,,
508800,2027.1,0.000004,,,,,,,,
508900,2027.5,0.000006,,,,,,,,
509000,2028.0,0.000004,,,,,,,,
509100,2028.5,0.000006,,,,,,,,
509200,2028.9,0.000007,,,,,,,,
509300,2029.4,0.000006,,,,,,,,
509400,2029.8,0.000005,,,,,,,,
509500,2030.3,0.000006,,,,,,,,
509600,2030.8,0.000005,,,,,,,,
509700,2031.2,0.000005,,,,,,,,
509800,2031.7,0.000005,,,,,,,,
509900,2032.2,0.000005,,,,,,,,
510000,2033.8,0.000006,0.000006,1.339230e+00,1.880198e-01,1.489691e-01,0.000000,1.039554e+00,1.766160e-01,1.431973e-01
510100,2034.0,0.000005,,,,,,,,
510200,2034.3,0.000007,,,,,,,,
510300,2034.7,0.000005,,,,,,,,
510400,2035.2,0.000005,,,,,,,,
510500,2035.7,0.000005,,,,,,,,
510600,2036.1,0.000007,,,,,,,,
510700,2036.6,0.000005,,,,,,,,
510800,2037.1,0.000005,,,,,,,,
510900,2037.6,0.000008,,,,,,,,
511000,2038.0,0.000004,,,,,,,,
511100,2038.4,0.000005,,,,,,,,
511200,2038.9,0.000005,,,,,,,,
511300,2039.4,0.000006,,,,,,,,
511400,2039.8,0.000006,,,,,,,,
511500,2040.3,0.000005,,,,,,,,
511600,2040.8,0.000006,,,,,,,,
511700,2041.2,0.000006,,,,,,,,
511800,2041.7,0.000005,,,,,,,,
511900,2042.2,0.000006,,,,,,,,
512000,2042.7,0.000005,,,,,,,,
512100,2043.1,0.000005,,,,,,,,
512200,2043.6,0.000005,,,,,,,,
512300,2044.0,0.000006,,,,,,,,
512400,2044.5,0.000006,,,,,,,,
512500,2045.0,0.000008,,,,,,,,
512600,2045.4,0.000005,,,,,,,,
512700,2045.9,0.000008,,,,,,,,
512800,2046.4,0.000005,,,,,,,,
512900,2046.9,0.000004,,,,,,,,
513000,2047.3,0.000005,,,,,,,,
513100,2047.8,0.000007,,,,,,,,
513200,2048.3,0.000006,,,,,,,,
513300,2048.8,0.000005,,,,,,,,
513400,2049.2,0.000005,,,,,,,,
513500,2049.7,0.000005,,,,,,,,
513600,2050.2,0.000007,,,,,,,,
513700,2050.6,0.000005,,,,,,,,
513800,2051.1,0.000007,,,,,,,,
513900,2051.5,0.000004,,,,,,,,
514000,2052.0,0.000005,,,,,,,,
514100,2052.5,0.000004,,,,,,,,
514200,2053.0,0.000005,,,,,,,,
514300,2053.4,0.000006,,,,,,,,
514400,2053.9,0.000005,,,,,,,,
514500,2054.3,0.000006,,,,,,,,
514600,2054.8,0.000005,,,,,,,,
514700,2055.3,0.000005,,,,,,,,
514800,2055.8,0.000006,,,,,,,,
514900,2056.2,0.000004,,,,,,,,
515000,2057.8,0.000005,0.000006,1.299489e+00,1.802270e-01,1.437162e-01,0.000000,1.037905e+00,1.690241e-01,1.387872e-01
515100,2058.0,0.000006,,,,,,,,
515200,2058.3,0.000006,,,,,,,,
515300,2058.6,0.000005,,,,,,,,
515400,2059.0,0.000005,,,,,,,,
515500,2059.4,0.000005,,,,,,,,
515600,2059.9,0.000004,,,,,,,,
515700,2060.3,0.000005,,,,,,,,
515800,2060.8,0.000006,,,,,,,,
515900,2061.2,0.000005,,,,,,,,
516000,2061.7,0.000004,,,,,,,,
516100,2062.2,0.000005,,,,,,,,
516200,2062.6,0.000006,,,,,,,,
516300,2063.1,0.000006,,,,,,,,
516400,2063.6,0.000007,,,,,,,,
516500,2064.0,0.000004,,,,,,,,
516600,2064.5,0.000005,,,,,,,,
516700,2064.9,0.000004,,,,,,,,
516800,2065.4,0.000005,,,,,,,,
516900,2065.8,0.000006,,,,,,,,
517000,2066.3,0.000005,,,,,,,,
517100,2066.8,0.000005,,,,,,,,
517200,2067.2,0.000005,,,,,,,,
517300,2067.7,0.000005,,,,,,,,
517400,2068.1,0.000007,,,,,,,,
517500,2068.6,0.000005,,,,,,,,
517600,2069.1,0.000004,,,,,,,,
517700,2069.5,0.000006,,,,,,,,
517800,2070.0,0.000005,,,,,,,,
517900,2070.5,0.000004,,,,,,,,
518000,2070.9,0.000006,,,,,,,,
518100,2071.3,0.000006,,,,,,,,
518200,2071.8,0.000005,,,,,,,,
518300,2072.2,0.000004,,,,,,,,
518400,2072.7,0.000005,,,,,,,,
518500,2073.1,0.000005,,,,,,,,
518600,2073.6,0.000006,,,,,,,,
518700,2074.1,0.000007,,,,,,,,
518800,2074.5,0.000006,,,,,,,,
518900,2075.0,0.000006,,,,,,,,
519000,2075.4,0.000005,,,,,,,,
519100,2075.9,0.000004,,,,,,,,
519200,2076.3,0.000006,,,,,,,,
519300,2076.8,0.000004,,,,,,,,
519400,2077.3,0.000006,,,,,,,,
519500,2077.7,0.000006,,,,,,,,
519600,2078.2,0.000005,,,,,,,,
519700,2078.6,0.000006,,,,,,,,
519800,2079.1,0.000005,,,,,,,,
519900,2079.5,0.000005,,,,,,,,
520000,2081.2,0.000008,0.000005,1.416691e+00,1.604980e-01,1.218461e-01,0.000000,1.099979e+00,1.482061e-01,1.154612e-01
520100,2081.4,0.000007,,,,,,,,
520200,2081.7,0.000004,,,,,,,,
520300,2082.0,0.000008,,,,,,,,
520400,2082.5,0.000005,,,,,,,,
520500,2082.9,0.000005,,,,,,,,
520600,2083.4,0.000005,,,,,,,,
520700,2083.9,0.000005,,,,,,,,
520800,2084.3,0.000004,,,,,,,,
520900,2084.8,0.000008,,,,,,,,
521000,2085.3,0.000007,,,,,,,,
521100,2085.7,0.000006,,,,,,,,
521200,2086.2,0.000005,,,,,,,,
521300,2086.7,0.000006,,,,,,,,
521400,2087.1,0.000005,,,,,,,,
521500,2087.6,0.000005,,,,,,,,
521600,2088.1,0.000005,,,,,,,,
521700,2088.6,0.000004,,,,,,,,
521800,2089.0,0.000005,,,,,,,,
521900,2089.5,0.000006,,,,,,,,
522000,2090.0,0.000006,,,,,,,,
522100,2090.4,0.000004,,,,,,,,
522200,2091.0,0.000004,,,,,,,,
522300,2091.4,0.000004,,,,,,,,
522400,2091.9,0.000006,,,,,,,,
522500,2092.4,0.000007,,,,,,,,
522600,2092.8,0.000003,,,,,,,,
522700,2093.3,0.000004,,,,,,,,
522800,2093.8,0.000006,,,,,,,,
522900,2094.2,0.000006,,,,,,,,
523000,2094.7,0.000005,,,,,,,,
523100,2095.2,0.000004,,,,,,,,
523200,2095.6,0.000004,,,,,,,,
523300,2096.1,0.000004,,,,,,,,
523400,2096.5,0.000005,,,,,,,,
523500,2097.0,0.000004,,,,,,,,
523600,2097.5,0.000005,,,,,,,,
523700,2097.9,0.000004,,,,,,,,
523800,2098.4,0.000005,,,,,,,,
523900,2098.9,0.000005,,,,,,,,
524000,2099.3,0.000005,,,,,,,,
524100,2099.8,0.000006,,,,,,,,
524200,2100.2,0.000004,,,,,,,,
524300,2100.7,0.000005,,,,,,,,
524400,2101.2,0.000004,,,,,,,,
524500,2101.6,0.000006,,,,,,,,
524600,2102.1,0.000004,,,,,,,,
524700,2102.6,0.000003,,,,,,,,
524800,2103.1,0.000004,,,,,,,,
524900,2103.5,0.000005,,,,,,,,
525000,2105.1,0.000005,0.000005,1.287654e+00,1.600105e-01,1.217515e-01,0.000000,1.063459e+00,1.485717e-01,1.162151e-01
525100,2105.3,0.000005,,,,,,,,
525200,2105.6,0.000004,,,,,,,,
525300,2106.0,0.000005,,,,,,,,
525400,2106.5,0.000005,,,,,,,,
525500,2107.0,0.000003,,,,,,,,
525600,2107.4,0.000004,,,,,,,,
525700,2107.9,0.000004,,,,,,,,
525800,2108.4,0.000004,,,,,,,,
525900,2108.8,0.000006,,,,,,,,
526000,2109.3,0.000003,,,,,,,,
526100,2109.7,0.000005,,,,,,,,
526200,2110.2,0.000005,,,,,,,,
526300,2110.7,0.000007,,,,,,,,
526400,2111.2,0.000006,,,,,,,,
526500,2111.6,0.000005,,,,,,,,
526600,2112.1,0.000006,,,,,,,,
526700,2112.5,0.000006,,,,,,,,
526800,2113.0,0.000004,,,,,,,,
526900,2113.5,0.000005,,,,,,,,
527000,2114.0,0.000005,,,,,,,,
527100,2114.4,0.000006,,,,,,,,
527200,2114.9,0.000004,,,,,,,,
527300,2115.4,0.000004,,,,,,,,
527400,2115.8,0.000005,,,,,,,,
527500,2116.3,0.000004,,,,,,,,
527600,2116.8,0.000004,,,,,,,,
527700,2117.3,0.000004,,,,,,,,
527800,2117.7,0.000004,,,,,,,,
527900,2118.1,0.000005,,,,,,,,
528000,2118.6,0.000004,,,,,,,,
528100,2119.1,0.000005,,,,,,,,
528200,2119.5,0.000006,,,,,,,,
528300,2119.9,0.000005,,,,,,,,
528400,2120.4,0.000004,,,,,,,,
528500,2120.8,0.000006,,,,,,,,
528600,2121.2,0.000004,,,,,,,,
528700,2121.7,0.000005,,,,,,,,
528800,2122.0,0.000005,,,,,,,,
528900,2122.5,0.000005,,,,,,,,
529000,2122.9,0.000005,,,,,,,,
529100,2123.4,0.000004,,,,,,,,
529200,2123.9,0.000005,,,,,,,,
529300,2124.3,0.000005,,,,,,,,
529400,2124.8,0.000004,,,,,,,,
529500,2125.2,0.000006,,,,,,,,
529600,2125.7,0.000006,,,,,,,,
529700,2126.1,0.000004,,,,,,,,
529800,2126.6,0.000004,,,,,,,,
529900,2127.1,0.000005,,,,,,,,
530000,2128.7,0.000005,0.000005,1.498578e+00,1.750112e-01,1.369832e-01,0.000000,1.171543e+00,1.644371e-01,1.318017e-01
530100,2128.9,0.000004,,,,,,,,
530200,2129.2,0.000005,,,,,,,,
530300,2129.5,0.000004,,,,,,,,
530400,2130.0,0.000004,,,,,,,,
530500,2130.4,0.000004,,,,,,,,
530600,2130.9,0.000004,,,,,,,,
530700,2131.4,0.000006,,,,,,,,
530800,2131.9,0.000005,,,,,,,,
530900,2132.3,0.000004,,,,,,,,
531000,2132.8,0.000007,,,,,,,,
531100,2133.2,0.000004,,,,,,,,
531200,2133.7,0.000004,,,,,,,,
531300,2134.2,0.000004,,,,,,,,
531400,2134.6,0.000005,,,,,,,,
531500,2135.1,0.000004,,,,,,,,
531600,2135.6,0.000005,,,,,,,,
531700,2136.0,0.000005,,,,,,,,
531800,2136.5,0.000005,,,,,,,,
531900,2137.0,0.000004,,,,,,,,
532000,2137.4,0.000004,,,,,,,,
532100,2137.9,0.000005,,,,,,,,
532200,2138.4,0.000004,,,,,,,,
532300,2138.8,0.000005,,,,,,,,
532400,2139.3,0.000005,,,,,,,,
532500,2139.8,0.000005,,,,,,,,
532600,2140.3,0.000004,,,,,,,,
532700,2140.7,0.000005,,,,,,,,
532800,2141.2,0.000003,,,,,,,,
532900,2141.7,0.000005,,,,,,,,
533000,2142.2,0.000005,,,,,,,,
533100,2142.7,0.000005,,,,,,,,
533200,2143.1,0.000004,,,,,,,,
533300,2143.6,0.000004,,,,,,,,
533400,2144.1,0.000004,,,,,,,,
533500,2144.6,0.000004,,,,,,,,
533600,2145.1,0.000004,,,,,,,,
533700,2145.5,0.000005,,,,,,,,
533800,2146.0,0.000004,,,,,,,,
533900,2146.5,0.000005,,,,,,,,
534000,2146.9,0.000004,,,,,,,,
534100,2147.4,0.000005,,,,,,,,
534200,2147.9,0.000005,,,,,,,,
534300,2148.4,0.000006,,,,,,,,
534400,2148.9,0.000004,,,,,,,,
534500,2149.4,0.000004,,,,,,,,
534600,2149.9,0.000005,,,,,,,,
534700,2150.3,0.000004,,,,,,,,
534800,2150.8,0.000004,,,,,,,,
534900,2151.3,0.000004,,,,,,,,
535000,2152.9,0.000004,0.000006,1.365444e+00,1.828381e-01,1.512953e-01,0.000000,1.146761e+00,1.712162e-01,1.454158e-01
535100,2153.1,0.000005,,,,,,,,
535200,2153.4,0.000005,,,,,,,,
535300,2153.8,0.000005,,,,,,,,
535400,2154.3,0.000003,,,,,,,,
535500,2154.8,0.000003,,,,,,,,
535600,2155.2,0.000005,,,,,,,,
535700,2155.7,0.000006,,,,,,,,
535800,2156.2,0.000005,,,,,,,,
535900,2156.7,0.000004,,,,,,,,
536000,2157.1,0.000003,,,,,,,,
536100,2157.6,0.000005,,,,,,,,
536200,2158.1,0.000006,,,,,,,,
536300,2158.6,0.000006,,,,,,,,
536400,2159.0,0.000004,,,,,,,,
536500,2159.5,0.000005,,,,,,,,
536600,2160.0,0.000005,,,,,,,,
536700,2160.5,0.000005,,,,,,,,
536800,2160.9,0.000005,,,,,,,,
536900,2161.4,0.000005,,,,,,,,
537000,2161.9,0.000004,,,,,,,,
537100,2162.3,0.000004,,,,,,,,
537200,2162.8,0.000003,,,,,,,,
537300,2163.2,0.000005,,,,,,,,
537400,2163.7,0.000005,,,,,,,,
537500,2164.2,0.000004,,,,,,,,
537600,2164.6,0.000004,,,,,,,,
537700,2165.1,0.000005,,,,,,,,
537800,2165.6,0.000004,,,,,,,,
537900,2166.0,0.000004,,,,,,,,
538000,2166.5,0.000004,,,,,,,,
538100,2166.9,0.000006,,,,,,,,
538200,2167.4,0.000005,,,,,,,,
538300,2167.8,0.000004,,,,,,,,
538400,2168.3,0.000003,,,,,,,,
538500,2168.8,0.000004,,,,,,,,
538600,2169.2,0.000004,,,,,,,,
538700,2169.7,0.000005,,,,,,,,
538800,2170.2,0.000005,,,,,,,,
538900,2170.6,0.000004,,,,,,,,
539000,2171.1,0.000004,,,,,,,,
539100,2171.6,0.000006,,,,,,,,
539200,2172.0,0.000004,,,,,,,,
539300,2172.4,0.000004,,,,,,,,
539400,2172.9,0.000005,,,,,,,,
539500,2173.4,0.000004,,,,,,,,
539600,2173.8,0.000004,,,,,,,,
539700,2174.3,0.000005,,,,,,,,
539800,2174.8,0.000004,,,,,,,,
539900,2175.3,0.000004,,,,,,,,
540000,2176.9,0.000003,0.000004,1.245770e+00,1.590612e-01,1.255128e-01,0.000000,1.015630e+00,1.478603e-01,1.194594e-01
540100,2177.1,0.000005,,,,,,,,
540200,2177.4,0.000005,,,,,,,,
540300,2177.8,0.000006,,,,,,,,
540400,2178.2,0.000004,,,,,,,,
540500,2178.7,0.000005,,,,,,,,
540600,2179.1,0.000004,,,,,,,,
540700,2179.5,0.000004,,,,,,,,
540800,2179.9,0.000005,,,,,,,,
540900,2180.4,0.000004,,,,,,,,
541000,2180.7,0.000005,,,,,,,,
541100,2181.2,0.000004,,,,,,,,
541200,2181.5,0.000004,,,,,,,,
541300,2182.0,0.000005,,,,,,,,
541400,2182.4,0.000004,,,,,,,,
541500,2182.9,0.000005,,,,,,,,
541600,2183.3,0.000004,,,,,,,,
541700,2183.8,0.000005,,,,,,,,
541800,2184.3,0.000004,,,,,,,,
541900,2184.8,0.000003,,,,,,,,
542000,2185.3,0.000004,,,,,,,,
542100,2185.7,0.000004,,,,,,,,
542200,2186.2,0.000005,,,,,,,,
542300,2186.6,0.000006,,,,,,,,
542400,2187.1,0.000004,,,,,,,,
542500,2187.6,0.000004,,,,,,,,
542600,2188.0,0.000003,,,,,,,,
542700,2188.5,0.000005,,,,,,,,
542800,2188.9,0.000004,,,,,,,,
542900,2189.4,0.000005,,,,,,,,
543000,2189.9,0.000007,,,,,,,,
543100,2190.3,0.000004,,,,,,,,
543200,2190.8,0.000003,,,,,,,,
543300,2191.3,0.000004,,,,,,,,
543400,2191.7,0.000004,,,,,,,,
543500,2192.2,0.000005,,,,,,,,
543600,2192.7,0.000004,,,,,,,,
543700,2193.2,0.000003,,,,,,,,
543800,2193.6,0.000004,,,,,,,,
543900,2194.1,0.000004,,,,,,,,
544000,2194.5,0.000005,,,,,,,,
544100,2195.0,0.000004,,,,,,,,
544200,2195.5,0.000004,,,,,,,,
544300,2196.0,0.000004,,,,,,,,
544400,2196.4,0.000005,,,,,,,,
544500,2196.9,0.000004,,,,,,,,
544600,2197.4,0.000004,,,,,,,,
544700,2197.8,0.000005,,,,,,,,
544800,2198.3,0.000004,,,,,,,,
544900,2198.7,0.000004,,,,,,,,
545000,2200.3,0.000003,0.000004,1.356633e+00,1.557269e-01,1.210214e-01,0.000000,1.073427e+00,1.458755e-01,1.169122e-01
545100,2200.5,0.000006,,,,,,,,
545200,2200.8,0.000003,,,,,,,,
545300,2201.2,0.000005,,,,,,,,
545400,2201.6,0.000004,,,,,,,,
545500,2202.1,0.000004,,,,,,,,
545600,2202.6,0.000005,,,,,,,,
545700,2203.0,0.000006,,,,,,,,
545800,2203.5,0.000004,,,,,,,,
545900,2204.0,0.000004,,,,,,,,
546000,2204.4,0.000004,,,,,,,,
546100,2204.9,0.000003,,,,,,,,
546200,2205.4,0.000005,,,,,,,,
546300,2205.8,0.000004,,,,,,,,
546400,2206.3,0.000004,,,,,,,,
546500,2206.7,0.000004,,,,,,,,
546600,2207.2,0.000004,,,,,,,,
546700,2207.7,0.000007,,,,,,,,
546800,2208.0,0.000005,,,,,,,,
546900,2208.5,0.000005,,,,,,,,
547000,2208.9,0.000007,,,,,,,,
547100,2209.4,0.000005,,,,,,,,
547200,2209.8,0.000005,,,,,,,,
547300,2210.2,0.000004,,,,,,,,
547400,2210.6,0.000005,,,,,,,,
547500,2211.2,0.000004,,,,,,,,
547600,2211.5,0.000004,,,,,,,,
547700,2211.9,0.000004,,,,,,,,
547800,2212.4,0.000006,,,,,,,,
547900,2212.9,0.000004,,,,,,,,
548000,2213.3,0.000004,,,,,,,,
548100,2213.7,0.000004,,,,,,,,
548200,2214.2,0.000006,,,,,,,,
548300,2214.6,0.000005,,,,,,,,
548400,2215.1,0.000006,,,,,,,,
548500,2215.6,0.000005,,,,,,,,
548600,2216.0,0.000008,,,,,,,,
548700,2216.5,0.000004,,,,,,,,
548800,2217.0,0.000004,,,,,,,,
548900,2217.5,0.000005,,,,,,,,
549000,2217.9,0.000005,,,,,,,,
549100,2218.4,0.000003,,,,,,,,
549200,2218.9,0.000003,,,,,,,,
549300,2219.4,0.000003,,,,,,,,
549400,2219.9,0.000004,,,,,,,,
549500,2220.4,0.000005,,,,,,,,
549600,2220.8,0.000004,,,,,,,,
549700,2221.3,0.000004,,,,,,,,
549800,2221.8,0.000007,,,,,,,,
549900,2222.3,0.000006,,,,,,,,
550000,2223.9,0.000004,0.000004,1.286087e+00,1.593523e-01,1.233270e-01,0.000000,1.021735e+00,1.494305e-01,1.184541e-01
550100,2224.1,0.000004,,,,,,,,
550200,2224.4,0.000005,,,,,,,,
550300,2224.8,0.000004,,,,,,,,
550400,2225.2,0.000005,,,,,,,,
550500,2225.7,0.000005,,,,,,,,
550600,2226.2,0.000004,,,,,,,,
550700,2226.6,0.000005,,,,,,,,
550800,2227.1,0.000006,,,,,,,,
550900,2227.6,0.000006,,,,,,,,
551000,2228.0,0.000004,,,,,,,,
551100,2228.5,0.000004,,,,,,,,
551200,2229.0,0.000004,,,,,,,,
551300,2229.5,0.000003,,,,,,,,
551400,2229.9,0.000005,,,,,,,,
551500,2230.4,0.000003,,,,,,,,
551600,2230.9,0.000004,,,,,,,,
551700,2231.3,0.000005,,,,,,,,
551800,2231.7,0.000004,,,,,,,,
551900,2232.1,0.000005,,,,,,,,
552000,2232.6,0.000003,,,,,,,,
552100,2233.0,0.000004,,,,,,,,
552200,2233.5,0.000004,,,,,,,,
552300,2234.0,0.000004,,,,,,,,
552400,2234.4,0.000005,,,,,,,,
552500,2234.9,0.000005,,,,,,,,
552600,2235.4,0.000004,,,,,,,,
552700,2235.9,0.000004,,,,,,,,
552800,2236.3,0.000006,,,,,,,,
552900,2236.8,0.000005,,,,,,,,
553000,2237.3,0.000005,,,,,,,,
553100,2237.7,0.000004,,,,,,,,
553200,2238.2,0.000005,,,,,,,,
553300,2238.7,0.000005,,,,,,,,
553400,2239.2,0.000004,,,,,,,,
553500,2239.6,0.000004,,,,,,,,
553600,2240.0,0.000003,,,,,,,,
553700,2240.5,0.000007,,,,,,,,
553800,2240.9,0.000003,,,,,,,,
553900,2241.4,0.000004,,,,,,,,
554000,2241.9,0.000003,,,,,,,,
554100,2242.3,0.000004,,,,,,,,
554200,2242.8,0.000003,,,,,,,,
554300,2243.3,0.000004,,,,,,,,
554400,2243.6,0.000005,,,,,,,,
554500,2243.9,0.000005,,,,,,,,
554600,2244.4,0.000004,,,,,,,,
554700,2244.8,0.000004,,,,,,,,
554800,2245.3,0.000004,,,,,,,,
554900,2245.8,0.000004,,,,,,,,
555000,2247.3,0.000004,0.000004,1.255505e+00,1.484668e-01,1.132955e-01,0.000000,1.007205e+00,1.378409e-01,1.085930e-01
555100,2247.6,0.000004,,,,,,,,
555200,2247.9,0.000004,,,,,,,,
555300,2248.3,0.000004,,,,,,,,
555400,2248.7,0.000004,,,,,,,,
555500,2249.2,0.000003,,,,,,,,
555600,2249.7,0.000004,,,,,,,,
555700,2250.2,0.000003,,,,,,,,
555800,2250.7,0.000004,,,,,,,,
555900,2251.1,0.000006,,,,,,,,
556000,2251.6,0.000004,,,,,,,,
556100,2252.1,0.000004,,,,,,,,
556200,2252.5,0.000005,,,,,,,,
556300,2253.0,0.000005,,,,,,,,
556400,2253.4,0.000004,,,,,,,,
556500,2253.9,0.000003,,,,,,,,
556600,2254.4,0.000004,,,,,,,,
556700,2254.8,0.000005,,,,,,,,
556800,2255.3,0.000004,,,,,,,,
556900,2255.8,0.000005,,,,,,,,
557000,2256.3,0.000005,,,,,,,,
557100,2256.7,0.000005,,,,,,,,
557200,2257.2,0.000004,,,,,,,,
557300,2257.6,0.000005,,,,,,,,
557400,2258.1,0.000005,,,,,,,,
557500,2258.6,0.000004,,,,,,,,
557600,2259.1,0.000004,,,,,,,,
557700,2259.5,0.000004,,,,,,,,
557800,2260.0,0.000005,,,,,,,,
557900,2260.5,0.000003,,,,,,,,
558000,2261.0,0.000004,,,,,,,,
558100,2261.4,0.000003,,,,,,,,
558200,2261.9,0.000005,,,,,,,,
558300,2262.3,0.000004,,,,,,,,
558400,2262.8,0.000003,,,,,,,,
558500,2263.2,0.000003,,,,,,,,
558600,2263.7,0.000005,,,,,,,,
558700,2264.2,0.000003,,,,,,,,
558800,2264.7,0.000003,,,,,,,,
558900,2265.1,0.000003,,,,,,,,
559000,2265.6,0.000004,,,,,,,,
559100,2266.0,0.000004,,,,,,,,
559200,2266.5,0.000004,,,,,,,,
559300,2267.0,0.000005,,,,,,,,
559400,2267.5,0.000004,,,,,,,,
559500,2267.9,0.000004,,,,,,,,
559600,2268.4,0.000005,,,,,,,,
559700,2268.9,0.000005,,,,,,,,
559800,2269.3,0.000004,,,,,,,,
559900,2269.8,0.000004,,,,,,,,
560000,2271.4,0.000005,0.000005,1.309558e+00,1.614570e-01,1.291298e-01,0.000000,1.107580e+00,1.503370e-01,1.234270e-01
560100,2271.6,0.000004,,,,,,,,
560200,2271.9,0.000004,,,,,,,,
560300,2272.3,0.000004,,,,,,,,
560400,2272.8,0.000004,,,,,,,,
560500,2273.2,0.000004,,,,,,,,
560600,2273.7,0.000003,,,,,,,,
560700,2274.2,0.000004,,,,,,,,
560800,2274.6,0.000006,,,,,,,,
560900,2275.1,0.000004,,,,,,,,
561000,2275.6,0.000004,,,,,,,,
561100,2276.0,0.000005,,,,,,,,
561200,2276.5,0.000004,,,,,,,,
561300,2277.0,0.000004,,,,,,,,
561400,2277.4,0.000005,,,,,,,,
561500,2277.9,0.000004,,,,,,,,
561600,2278.4,0.000004,,,,,,,,
561700,2278.9,0.000005,,,,,,,,
561800,2279.3,0.000004,,,,,,,,
561900,2279.8,0.000004,,,,,,,,
562000,2280.3,0.000003,,,,,,,,
562100,2280.8,0.000005,,,,,,,,
562200,2281.2,0.000004,,,,,,,,
562300,2281.7,0.000004,,,,,,,,
562400,2282.2,0.000004,,,,,,,,
562500,2282.7,0.000004,,,,,,,,
562600,2283.2,0.000004,,,,,,,,
562700,2283.7,0.000005,,,,,,,,
562800,2284.1,0.000004,,,,,,,,
562900,2284.6,0.000004,,,,,,,,
563000,2285.1,0.000005,,,,,,,,
563100,2285.5,0.000004,,,,,,,,
563200,2286.0,0.000003,,,,,,,,
563300,2286.4,0.000003,,,,,,,,
563400,2286.9,0.000004,,,,,,,,
563500,2287.3,0.000004,,,,,,,,
563600,2287.8,0.000004,,,,,,,,
563700,2288.2,0.000004,,,,,,,,
563800,2288.7,0.000005,,,,,,,,
563900,2289.2,0.000003,,,,,,,,
564000,2289.6,0.000003,,,,,,,,
564100,2290.1,0.000004,,,,,,,,
564200,2290.5,0.000004,,,,,,,,
564300,2291.0,0.000004,,,,,,,,
564400,2291.4,0.000004,,,,,,,,
564500,2291.9,0.000004,,,,,,,,
564600,2292.3,0.000005,,,,,,,,
564700,2292.7,0.000004,,,,,,,,
564800,2293.2,0.000003,,,,,,,,
564900,2293.7,0.000004,,,,,,,,
565000,2295.4,0.000004,0.000005,1.425084e+00,1.593578e-01,1.253782e-01,0.000000,1.098675e+00,1.495442e-01,1.215109e-01
565100,2295.6,0.000004,,,,,,,,
565200,2295.9,0.000003,,,,,,,,
565300,2296.2,0.000004,,,,,,,,
565400,2296.7,0.000006,,,,,,,,
565500,2297.2,0.000004,,,,,,,,
565600,2297.6,0.000006,,,,,,,,
565700,2298.0,0.000006,,,,,,,,
565800,2298.5,0.000004,,,,,,,,
565900,2298.8,0.000003,,,,,,,,
566000,2299.2,0.000005,,,,,,,,
566100,2299.6,0.000004,,,,,,,,
566200,2300.0,0.000005,,,,,,,,
566300,2300.4,0.000004,,,,,,,,
566400,2300.7,0.000003,,,,,,,,
566500,2301.0,0.000005,,,,,,,,
566600,2301.4,0.000004,,,,,,,,
566700,2301.7,0.000003,,,,,,,,
566800,2302.1,0.000004,,,,,,,,
566900,2302.4,0.000003,,,,,,,,
567000,2302.7,0.000003,,,,,,,,
567100,2303.1,0.000004,,,,,,,,
567200,2303.4,0.000003,,,,,,,,
567300,2303.8,0.000004,,,,,,,,
567400,2304.2,0.000005,,,,,,,,
567500,2304.5,0.000005,,,,,,,,
567600,2304.9,0.000004,,,,,,,,
567700,2305.1,0.000004,,,,,,,,
567800,2305.5,0.000004,,,,,,,,
567900,2305.9,0.000006,,,,,,,,
568000,2306.2,0.000004,,,,,,,,
568100,2306.5,0.000006,,,,,,,,
568200,2306.9,0.000004,,,,,,,,
568300,2307.3,0.000004,,,,,,,,
568400,2307.6,0.000004,,,,,,,,
568500,2308.0,0.000005,,,,,,,,
568600,2308.4,0.000003,,,,,,,,
568700,2308.8,0.000003,,,,,,,,
568800,2309.1,0.000004,,,,,,,,
568900,2309.5,0.000005,,,,,,,,
569000,2309.9,0.000004,,,,,,,,
569100,2310.2,0.000006,,,,,,,,
569200,2310.6,0.000004,,,,,,,,
569300,2311.0,0.000004,,,,,,,,
569400,2311.4,0.000004,,,,,,,,
569500,2311.7,0.000004,,,,,,,,
569600,2312.1,0.000004,,,,,,,,
569700,2312.4,0.000005,,,,,,,,
569800,2312.8,0.000003,,,,,,,,
569900,2313.2,0.000004,,,,,,,,
570000,2314.9,0.000004,0.000005,1.284263e+00,1.681705e-01,1.393449e-01,0.000000,1.088041e+00,1.584197e-01,1.344617e-01
570100,2315.2,0.000005,,,,,,,,
570200,2315.5,0.000003,,,,,,,,
570300,2315.9,0.000006,,,,,,,,
570400,2316.2,0.000005,,,,,,,,
570500,2316.6,0.000004,,,,,,,,
570600,2317.0,0.000004,,,,,,,,
570700,2317.3,0.000003,,,,,,,,
570800,2317.7,0.000003,,,,,,,,
570900,2318.1,0.000004,,,,,,,,
571000,2318.5,0.000004,,,,,,,,
571100,2318.8,0.000003,,,,,,,,
571200,2319.2,0.000003,,,,,,,,
571300,2319.5,0.000003,,,,,,,,
571400,2319.9,0.000005,,,,,,,,
571500,2320.2,0.000003,,,,,,,,
571600,2320.6,0.000004,,,,,,,,
571700,2321.0,0.000003,,,,,,,,
571800,2321.4,0.000005,,,,,,,,
571900,2321.7,0.000004,,,,,,,,
572000,2322.1,0.000004,,,,,,,,
572100,2322.4,0.000003,,,,,,,,
572200,2322.8,0.000003,,,,,,,,
572300,2323.2,0.000004,,,,,,,,
572400,2323.5,0.000004,,,,,,,,
572500,2323.9,0.000004,,,,,,,,
572600,2324.2,0.000004,,,,,,,,
572700,2324.6,0.000004,,,,,,,,
572800,2325.0,0.000004,,,,,,,,
572900,2325.3,0.000004,,,,,,,,
573000,2325.7,0.000004,,,,,,,,
573100,2326.1,0.000003,,,,,,,,
573200,2326.5,0.000004,,,,,,,,
573300,2326.8,0.000003,,,,,,,,
573400,2327.2,0.000004,,,,,,,,
573500,2327.5,0.000003,,,,,,,,
573600,2327.9,0.000003,,,,,,,,
573700,2328.3,0.000004,,,,,,,,
573800,2328.6,0.000004,,,,,,,,
573900,2329.0,0.000003,,,,,,,,
574000,2329.3,0.000004,,,,,,,,
574100,2329.7,0.000003,,,,,,,,
574200,2330.1,0.000004,,,,,,,,
574300,2330.4,0.000004,,,,,,,,
574400,2330.7,0.000003,,,,,,,,
574500,2331.1,0.000004,,,,,,,,
574600,2331.4,0.000003,,,,,,,,
574700,2331.8,0.000004,,,,,,,,
574800,2332.2,0.000004,,,,,,,,
574900,2332.5,0.000005,,,,,,,,
575000,2334.1,0.000003,0.000004,1.220837e+00,1.450101e-01,1.109314e-01,0.000000,9.832626e-01,1.357181e-01,1.065681e-01
575100,2334.4,0.000003,,,,,,,,
575200,2334.8,0.000004,,,,,,,,
575300,2335.1,0.000003,,,,,,,,
575400,2335.4,0.000003,,,,,,,,
575500,2335.8,0.000003,,,,,,,,
575600,2336.1,0.000004,,,,,,,,
575700,2336.5,0.000003,,,,,,,,
575800,2336.9,0.000004,,,,,,,,
575900,2337.2,0.000005,,,,,,,,
576000,2337.6,0.000003,,,,,,,,
576100,2338.0,0.000004,,,,,,,,
576200,2338.4,0.000003,,,,,,,,
576300,2338.7,0.000005,,,,,,,,
576400,2339.1,0.000005,,,,,,,,
576500,2339.4,0.000006,,,,,,,,
576600,2339.7,0.000004,,,,,,,,
576700,2340.1,0.000003,,,,,,,,
576800,2340.5,0.000004,,,,,,,,
576900,2340.8,0.000004,,,,,,,,
577000,2341.2,0.000005,,,,,,,,
577100,2341.6,0.000004,,,,,,,,
577200,2341.9,0.000004,,,,,,,,
577300,2342.3,0.000003,,,,,,,,
577400,2342.6,0.000003,,,,,,,,
577500,2343.0,0.000004,,,,,,,,
577600,2343.3,0.000005,,,,,,,,
577700,2343.6,0.000004,,,,,,,,
577800,2344.0,0.000005,,,,,,,,
577900,2344.3,0.000004,,,,,,,,
578000,2344.7,0.000003,,,,,,,,
578100,2345.1,0.000004,,,,,,,,
578200,2345.4,0.000003,,,,,,,,
578300,2345.8,0.000004,,,,,,,,
578400,2346.2,0.000004,,,,,,,,
578500,2346.6,0.000006,,,,,,,,
578600,2346.9,0.000004,,,,,,,,
578700,2347.2,0.000005,,,,,,,,
578800,2347.6,0.000004,,,,,,,,
578900,2348.0,0.000004,,,,,,,,
579000,2348.3,0.000005,,,,,,,,
579100,2348.7,0.000003,,,,,,,,
579200,2349.1,0.000004,,,,,,,,
579300,2349.5,0.000004,,,,,,,,
579400,2349.9,0.000003,,,,,,,,
579500,2350.2,0.000005,,,,,,,,
579600,2350.6,0.000003,,,,,,,,
579700,2350.9,0.000003,,,,,,,,
579800,2351.3,0.000004,,,,,,,,
579900,2351.6,0.000003,,,,,,,,
580000,2353.3,0.000004,0.000003,1.273819e+00,1.357355e-01,1.032475e-01,0.000000,1.032076e+00,1.254157e-01,9.852931e-02
580100,2353.6,0.000002,,,,,,,,
580200,2353.9,0.000004,,,,,,,,
580300,2354.2,0.000003,,,,,,,,
580400,2354.6,0.000004,,,,,,,,
580500,2354.9,0.000005,,,,,,,,
580600,2355.2,0.000005,,,,,,,,
580700,2355.6,0.000004,,,,,,,,
580800,2356.0,0.000008,,,,,,,,
580900,2356.3,0.000004,,,,,,,,
581000,2356.7,0.000004,,,,,,,,
581100,2357.1,0.000004,,,,,,,,
581200,2357.4,0.000004,,,,,,,,
581300,2357.8,0.000004,,,,,,,,
581400,2358.2,0.000004,,,,,,,,
581500,2358.6,0.000004,,,,,,,,
581600,2358.9,0.000003,,,,,,,,
581700,2359.3,0.000003,,,,,,,,
581800,2359.6,0.000004,,,,,,,,
581900,2360.0,0.000004,,,,,,,,
582000,2360.3,0.000004,,,,,,,,
582100,2360.7,0.000004,,,,,,,,
582200,2361.1,0.000005,,,,,,,,
582300,2361.4,0.000003,,,,,,,,
582400,2361.8,0.000004,,,,,,,,
582500,2362.2,0.000004,,,,,,,,
582600,2362.6,0.000004,,,,,,,,
582700,2362.9,0.000003,,,,,,,,
582800,2363.3,0.000003,,,,,,,,
582900,2363.6,0.000003,,,,,,,,
583000,2364.0,0.000003,,,,,,,,
583100,2364.3,0.000005,,,,,,,,
583200,2364.7,0.000005,,,,,,,,
583300,2365.1,0.000004,,,,,,,,
583400,2365.4,0.000003,,,,,,,,
583500,2365.8,0.000005,,,,,,,,
583600,2366.1,0.000004,,,,,,,,
583700,2366.5,0.000004,,,,,,,,
583800,2366.8,0.000004,,,,,,,,
583900,2367.2,0.000005,,,,,,,,
584000,2367.5,0.000004,,,,,,,,
584100,2367.8,0.000004,,,,,,,,
584200,2368.2,0.000004,,,,,,,,
584300,2368.5,0.000002,,,,,,,,
584400,2368.8,0.000003,,,,,,,,
584500,2369.2,0.000005,,,,,,,,
584600,2369.5,0.000003,,,,,,,,
584700,2369.9,0.000004,,,,,,,,
584800,2370.3,0.000005,,,,,,,,
584900,2370.6,0.000004,,,,,,,,
585000,2372.3,0.000004,0.000004,1.305951e+00,1.368225e-01,1.027169e-01,0.000000,1.068465e+00,1.266218e-01,9.875262e-02
585100,2372.6,0.000004,,,,,,,,
585200,2372.9,0.000003,,,,,,,,
585300,2373.2,0.000004,,,,,,,,
585400,2373.6,0.000004,,,,,,,,
585500,2373.9,0.000003,,,,,,,,
585600,2374.3,0.000004,,,,,,,,
585700,2374.6,0.000003,,,,,,,,
585800,2375.0,0.000003,,,,,,,,
585900,2375.3,0.000004,,,,,,,,
586000,2375.7,0.000004,,,,,,,,
586100,2376.1,0.000003,,,,,,,,
586200,2376.4,0.000003,,,,,,,,
586300,2376.7,0.000004,,,,,,,,
586400,2377.1,0.000003,,,,,,,,
586500,2377.4,0.000004,,,,,,,,
586600,2377.8,0.000005,,,,,,,,
586700,2378.2,0.000004,,,,,,,,
586800,2378.5,0.000004,,,,,,,,
586900,2378.9,0.000004,,,,,,,,
587000,2379.3,0.000005,,,,,,,,
587100,2379.6,0.000004,,,,,,,,
587200,2380.0,0.000003,,,,,,,,
587300,2380.3,0.000004,,,,,,,,
587400,2380.7,0.000004,,,,,,,,
587500,2381.0,0.000003,,,,,,,,
587600,2381.3,0.000004,,,,,,,,
587700,2381.7,0.000005,,,,,,,,
587800,2382.1,0.000005,,,,,,,,
587900,2382.4,0.000003,,,,,,,,
588000,2382.8,0.000003,,,,,,,,
588100,2383.2,0.000004,,,,,,,,
588200,2383.5,0.000004,,,,,,,,
588300,2383.9,0.000004,,,,,,,,
588400,2384.3,0.000004,,,,,,,,
588500,2384.6,0.000004,,,,,,,,
588600,2385.0,0.000004,,,,,,,,
588700,2385.4,0.000003,,,,,,,,
588800,2385.7,0.000004,,,,,,,,
588900,2386.0,0.000004,,,,,,,,
589000,2386.4,0.000004,,,,,,,,
589100,2386.8,0.000004,,,,,,,,
589200,2387.2,0.000004,,,,,,,,
589300,2387.5,0.000004,,,,,,,,
589400,2387.9,0.000004,,,,,,,,
589500,2388.2,0.000003,,,,,,,,
589600,2388.6,0.000003,,,,,,,,
589700,2389.0,0.000004,,,,,,,,
589800,2389.4,0.000003,,,,,,,,
589900,2389.8,0.000004,,,,,,,,
590000,2391.4,0.000004,0.000004,1.318528e+00,1.407073e-01,1.098375e-01,0.000000,1.086264e+00,1.309003e-01,1.063541e-01
590100,2391.7,0.000004,,,,,,,,
590200,2392.0,0.000004,,,,,,,,
590300,2392.3,0.000004,,,,,,,,
590400,2392.6,0.000003,,,,,,,,
590500,2393.0,0.000003,,,,,,,,
590600,2393.4,0.000004,,,,,,,,
590700,2393.7,0.000003,,,,,,,,
590800,2394.1,0.000003,,,,,,,,
590900,2394.4,0.000003,,,,,,,,
591000,2394.8,0.000003,,,,,,,,
591100,2395.1,0.000005,,,,,,,,
591200,2395.4,0.000003,,,,,,,,
591300,2395.8,0.000004,,,,,,,,
591400,2396.2,0.000003,,,,,,,,
591500,2396.5,0.000003,,,,,,,,
591600,2396.9,0.000003,,,,,,,,
591700,2397.3,0.000002,,,,,,,,
591800,2397.7,0.000004,,,,,,,,
591900,2398.0,0.000005,,,,,,,,
592000,2398.4,0.000004,,,,,,,,
592100,2398.7,0.000004,,,,,,,,
592200,2399.1,0.000004,,,,,,,,
592300,2399.5,0.000004,,,,,,,,
592400,2399.8,0.000003,,,,,,,,
592500,2400.1,0.000003,,,,,,,,
592600,2400.5,0.000004,,,,,,,,
592700,2400.9,0.000003,,,,,,,,
592800,2401.3,0.000005,,,,,,,,
592900,2401.7,0.000004,,,,,,,,
593000,2402.0,0.000004,,,,,,,,
593100,2402.4,0.000006,,,,,,,,
593200,2402.8,0.000006,,,,,,,,
593300,2403.1,0.000004,,,,,,,,
593400,2403.5,0.000003,,,,,,,,
593500,2403.9,0.000005,,,,,,,,
593600,2404.2,0.000004,,,,,,,,
593700,2404.5,0.000003,,,,,,,,
593800,2404.8,0.000004,,,,,,,,
593900,2405.2,0.000003,,,,,,,,
594000,2405.6,0.000003,,,,,,,,
594100,2405.9,0.000004,,,,,,,,
594200,2406.2,0.000004,,,,,,,,
594300,2406.6,0.000004,,,,,,,,
594400,2407.0,0.000004,,,,,,,,
594500,2407.3,0.000004,,,,,,,,
594600,2407.6,0.000003,,,,,,,,
594700,2408.0,0.000003,,,,,,,,
594800,2408.3,0.000005,,,,,,,,
594900,2408.7,0.000004,,,,,,,,
595000,2410.3,0.000003,0.000005,1.312961e+00,1.755447e-01,1.448396e-01,0.000000,1.135576e+00,1.665891e-01,1.400469e-01
595100,2410.6,0.000003,,,,,,,,
595200,2410.9,0.000004,,,,,,,,
595300,2411.3,0.000003,,,,,,,,
595400,2411.6,0.000005,,,,,,,,
595500,2412.0,0.000003,,,,,,,,
595600,2412.3,0.000004,,,,,,,,
595700,2412.7,0.000003,,,,,,,,
595800,2413.1,0.000003,,,,,,,,
595900,2413.5,0.000004,,,,,,,,
596000,2413.8,0.000003,,,,,,,,
596100,2414.2,0.000003,,,,,,,,
596200,2414.5,0.000004,,,,,,,,
596300,2414.9,0.000004,,,,,,,,
596400,2415.3,0.000004,,,,,,,,
596500,2415.7,0.000004,,,,,,,,
596600,2416.0,0.000004,,,,,,,,
596700,2416.4,0.000003,,,,,,,,
596800,2416.7,0.000003,,,,,,,,
596900,2417.1,0.000003,,,,,,,,
597000,2417.5,0.000004,,,,,,,,
597100,2417.8,0.000004,,,,,,,,
597200,2418.2,0.000004,,,,,,,,
597300,2418.5,0.000004,,,,,,,,
597400,2418.8,0.000004,,,,,,,,
597500,2419.2,0.000003,,,,,,,,
597600,2419.6,0.000003,,,,,,,,
597700,2420.0,0.000006,,,,,,,,
597800,2420.3,0.000005,,,,,,,,
597900,2420.7,0.000003,,,,,,,,
598000,2421.1,0.000004,,,,,,,,
598100,2421.4,0.000003,,,,,,,,
598200,2421.8,0.000003,,,,,,,,
598300,2422.2,0.000004,,,,,,,,
598400,2422.5,0.000004,,,,,,,,
598500,2422.9,0.000004,,,,,,,,
598600,2423.2,0.000003,,,,,,,,
598700,2423.5,0.000004,,,,,,,,
598800,2423.9,0.000002,,,,,,,,
598900,2424.2,0.000003,,,,,,,,
599000,2424.6,0.000003,,,,,,,,
599100,2424.9,0.000004,,,,,,,,
599200,2425.2,0.000004,,,,,,,,
599300,2425.6,0.000004,,,,,,,,
599400,2426.0,0.000004,,,,,,,,
599500,2426.3,0.000004,,,,,,,,
599600,2426.7,0.000003,,,,,,,,
599700,2427.1,0.000003,,,,,,,,
599800,2427.5,0.000004,,,,,,,,
599900,2427.8,0.000003,,,,,,,,
600000,2429.4,0.000004,0.000004,1.211280e+00,1.522234e-01,1.197850e-01,0.000000,1.031744e+00,1.420174e-01,1.147574e-01
600100,2429.8,0.000003,,,,,,,,
600200,2430.1,0.000004,,,,,,,,
600300,2430.3,0.000003,,,,,,,,
600400,2430.6,0.000003,,,,,,,,
600500,2430.9,0.000003,,,,,,,,
600600,2431.3,0.000004,,,,,,,,
600700,2431.7,0.000004,,,,,,,,
600800,2432.0,0.000003,,,,,,,,
600900,2432.4,0.000002,,,,,,,,
601000,2432.7,0.000004,,,,,,,,
601100,2433.1,0.000003,,,,,,,,
601200,2433.4,0.000003,,,,,,,,
601300,2433.7,0.000004,,,,,,,,
601400,2434.1,0.000003,,,,,,,,
601500,2434.4,0.000003,,,,,,,,
601600,2434.8,0.000004,,,,,,,,
601700,2435.2,0.000003,,,,,,,,
601800,2435.5,0.000004,,,,,,,,
601900,2435.9,0.000004,,,,,,,,
602000,2436.3,0.000003,,,,,,,,
602100,2436.7,0.000003,,,,,,,,
602200,2437.0,0.000005,,,,,,,,
602300,2437.4,0.000003,,,,,,,,
602400,2437.8,0.000004,,,,,,,,
602500,2438.1,0.000004,,,,,,,,
602600,2438.5,0.000004,,,,,,,,
602700,2438.8,0.000004,,,,,,,,
602800,2439.2,0.000005,,,,,,,,
602900,2439.5,0.000003,,,,,,,,
603000,2439.9,0.000003,,,,,,,,
603100,2440.2,0.000004,,,,,,,,
603200,2440.6,0.000004,,,,,,,,
603300,2441.0,0.000003,,,,,,,,
603400,2441.4,0.000003,,,,,,,,
603500,2441.7,0.000004,,,,,,,,
603600,2442.0,0.000004,,,,,,,,
603700,2442.4,0.000004,,,,,,,,
603800,2442.7,0.000004,,,,,,,,
603900,2443.1,0.000003,,,,,,,,
604000,2443.4,0.000003,,,,,,,,
604100,2443.7,0.000004,,,,,,,,
604200,2444.0,0.000003,,,,,,,,
604300,2444.3,0.000004,,,,,,,,
604400,2444.7,0.000004,,,,,,,,
604500,2445.1,0.000003,,,,,,,,
604600,2445.5,0.000003,,,,,,,,
604700,2445.8,0.000002,,,,,,,,
604800,2446.2,0.000005,,,,,,,,
604900,2446.5,0.000004,,,,,,,,
605000,2448.2,0.000004,0.000003,1.185204e+00,1.313128e-01,9.744637e-02,0.000000,9.805389e-01,1.214740e-01,9.337593e-02
605100,2448.5,0.000005,,,,,,,,
605200,2448.8,0.000003,,,,,,,,
605300,2449.1,0.000003,,,,,,,,
605400,2449.4,0.000004,,,,,,,,
605500,2449.8,0.000003,,,,,,,,
605600,2450.1,0.000004,,,,,,,,
605700,2450.5,0.000003,,,,,,,,
605800,2450.8,0.000003,,,,,,,,
605900,2451.1,0.000004,,,,,,,,
606000,2451.5,0.000004,,,,,,,,
606100,2451.9,0.000003,,,,,,,,
606200,2452.2,0.000003,,,,,,,,
606300,2452.6,0.000003,,,,,,,,
606400,2452.9,0.000004,,,,,,,,
606500,2453.3,0.000004,,,,,,,,
606600,2453.7,0.000003,,,,,,,,
606700,2454.0,0.000004,,,,,,,,
606800,2454.4,0.000003,,,,,,,,
606900,2454.7,0.000003,,,,,,,,
607000,2455.0,0.000004,,,,,,,,
607100,2455.3,0.000004,,,,,,,,
607200,2455.7,0.000004,,,,,,,,
607300,2456.0,0.000003,,,,,,,,
607400,2456.4,0.000003,,,,,,,,
607500,2456.7,0.000003,,,,,,,,
607600,2457.1,0.000004,,,,,,,,
607700,2457.5,0.000005,,,,,,,,
607800,2457.9,0.000004,,,,,,,,
607900,2458.2,0.000004,,,,,,,,
608000,2458.6,0.000003,,,,,,,,
608100,2458.9,0.000003,,,,,,,,
608200,2459.3,0.000005,,,,,,,,
608300,2459.6,0.000004,,,,,,,,
608400,2460.0,0.000005,,,,,,,,
608500,2460.3,0.000003,,,,,,,,
608600,2460.7,0.000003,,,,,,,,
608700,2461.0,0.000003,,,,,,,,
608800,2461.4,0.000004,,,,,,,,
608900,2461.7,0.000003,,,,,,,,
609000,2462.1,0.000003,,,,,,,,
609100,2462.4,0.000003,,,,,,,,
609200,2462.8,0.000003,,,,,,,,
609300,2463.2,0.000003,,,,,,,,
609400,2463.5,0.000004,,,,,,,,
609500,2463.9,0.000003,,,,,,,,
609600,2464.3,0.000003,,,,,,,,
609700,2464.7,0.000003,,,,,,,,
609800,2465.0,0.000003,,,,,,,,
609900,2465.3,0.000004,,,,,,,,
610000,2466.9,0.000003,0.000003,1.239907e+00,1.376378e-01,1.062462e-01,0.000000,1.022745e+00,1.281533e-01,1.023671e-01
610100,2467.2,0.000003,,,,,,,,
610200,2467.5,0.000003,,,,,,,,
610300,2467.9,0.000004,,,,,,,,
610400,2468.2,0.000003,,,,,,,,
610500,2468.6,0.000004,,,,,,,,
610600,2468.9,0.000004,,,,,,,,
610700,2469.3,0.000004,,,,,,,,
610800,2469.7,0.000003,,,,,,,,
610900,2470.1,0.000003,,,,,,,,
611000,2470.4,0.000005,,,,,,,,
611100,2470.8,0.000003,,,,,,,,
611200,2471.1,0.000003,,,,,,,,
611300,2471.4,0.000003,,,,,,,,
611400,2471.8,0.000004,,,,,,,,
611500,2472.1,0.000004,,,,,,,,
611600,2472.5,0.000003,,,,,,,,
611700,2472.8,0.000003,,,,,,,,
611800,2473.2,0.000004,,,,,,,,
611900,2473.6,0.000004,,,,,,,,
612000,2473.9,0.000004,,,,,,,,
612100,2474.3,0.000005,,,,,,,,
612200,2474.7,0.000004,,,,,,,,
612300,2475.1,0.000004,,,,,,,,
612400,2475.4,0.000004,,,,,,,,
612500,2475.8,0.000002,,,,,,,,
612600,2476.2,0.000003,,,,,,,,
612700,2476.6,0.000003,,,,,,,,
612800,2476.9,0.000004,,,,,,,,
612900,2477.3,0.000004,,,,,,,,
613000,2477.6,0.000005,,,,,,,,
613100,2477.9,0.000003,,,,,,,,
613200,2478.3,0.000005,,,,,,,,
613300,2478.6,0.000004,,,,,,,,
613400,2479.0,0.000003,,,,,,,,
613500,2479.3,0.000005,,,,,,,,
613600,2479.7,0.000005,,,,,,,,
613700,2480.0,0.000004,,,,,,,,
613800,2480.4,0.000004,,,,,,,,
613900,2480.7,0.000003,,,,,,,,
614000,2481.1,0.000004,,,,,,,,
614100,2481.5,0.000003,,,,,,,,
614200,2481.8,0.000003,,,,,,,,
614300,2482.2,0.000003,,,,,,,,
614400,2482.5,0.000002,,,,,,,,
614500,2482.8,0.000004,,,,,,,,
614600,2483.2,0.000004,,,,,,,,
614700,2483.6,0.000004,,,,,,,,
614800,2483.9,0.000005,,,,,,,,
614900,2484.3,0.000004,,,,,,,,
615000,2485.9,0.000004,0.000003,1.277436e+00,1.308374e-01,1.003664e-01,0.000000,1.063109e+00,1.210784e-01,9.694531e-02
615100,2486.2,0.000003,,,,,,,,
615200,2486.6,0.000004,,,,,,,,
615300,2486.9,0.000004,,,,,,,,
615400,2487.2,0.000003,,,,,,,,
615500,2487.6,0.000003,,,,,,,,
615600,2488.0,0.000004,,,,,,,,
615700,2488.3,0.000003,,,,,,,,
615800,2488.7,0.000003,,,,,,,,
615900,2489.0,0.000005,,,,,,,,
616000,2489.4,0.000003,,,,,,,,
616100,2489.7,0.000004,,,,,,,,
616200,2490.1,0.000004,,,,,,,,
616300,2490.5,0.000003,,,,,,,,
616400,2490.9,0.000004,,,,,,,,
616500,2491.2,0.000003,,,,,,,,
616600,2491.6,0.000003,,,,,,,,
616700,2492.0,0.000004,,,,,,,,
616800,2492.4,0.000004,,,,,,,,
616900,2492.8,0.000003,,,,,,,,
617000,2493.1,0.000004,,,,,,,,
617100,2493.5,0.000003,,,,,,,,
617200,2493.9,0.000004,,,,,,,,
617300,2494.2,0.000003,,,,,,,,
617400,2494.5,0.000003,,,,,,,,
617500,2494.9,0.000003,,,,,,,,
617600,2495.3,0.000003,,,,,,,,
617700,2495.6,0.000003,,,,,,,,
617800,2496.0,0.000003,,,,,,,,
617900,2496.3,0.000004,,,,,,,,
618000,2496.7,0.000003,,,,,,,,
618100,2497.1,0.000004,,,,,,,,
618200,2497.4,0.000004,,,,,,,,
618300,2497.8,0.000004,,,,,,,,
618400,2498.1,0.000003,,,,,,,,
618500,2498.5,0.000003,,,,,,,,
618600,2498.8,0.000004,,,,,,,,
618700,2499.2,0.000003,,,,,,,,
618800,2499.6,0.000004,,,,,,,,
618900,2499.9,0.000003,,,,,,,,
619000,2500.3,0.000003,,,,,,,,
619100,2500.7,0.000003,,,,,,,,
619200,2501.0,0.000003,,,,,,,,
619300,2501.4,0.000003,,,,,,,,
619400,2501.8,0.000003,,,,,,,,
619500,2502.2,0.000003,,,,,,,,
619600,2502.4,0.000003,,,,,,,,
619700,2502.8,0.000003,,,,,,,,
619800,2503.2,0.000004,,,,,,,,
619900,2503.6,0.000004,,,,,,,,
620000,2505.3,0.000003,0.000004,1.169715e+00,1.403264e-01,1.078706e-01,0.000000,9.936806e-01,1.309384e-01,1.035652e-01
620100,2505.6,0.000005,,,,,,,,
620200,2505.9,0.000003,,,,,,,,
620300,2506.2,0.000003,,,,,,,,
620400,2506.6,0.000004,,,,,,,,
620500,2507.0,0.000003,,,,,,,,
620600,2507.3,0.000004,,,,,,,,
620700,2507.7,0.000003,,,,,,,,
620800,2508.0,0.000003,,,,,,,,
620900,2508.3,0.000003,,,,,,,,
621000,2508.6,0.000003,,,,,,,,
621100,2509.0,0.000003,,,,,,,,
621200,2509.4,0.000003,,,,,,,,
621300,2509.7,0.000003,,,,,,,,
621400,2510.1,0.000003,,,,,,,,
621500,2510.5,0.000003,,,,,,,,
621600,2510.8,0.000004,,,,,,,,
621700,2511.2,0.000004,,,,,,,,
621800,2511.6,0.000004,,,,,,,,
621900,2511.9,0.000003,,,,,,,,
622000,2512.3,0.000003,,,,,,,,
622100,2512.7,0.000003,,,,,,,,
622200,2513.0,0.000003,,,,,,,,
622300,2513.4,0.000002,,,,,,,,
622400,2513.8,0.000004,,,,,,,,
622500,2514.2,0.000003,,,,,,,,
622600,2514.5,0.000004,,,,,,,,
622700,2514.8,0.000003,,,,,,,,
622800,2515.2,0.000004,,,,,,,,
622900,2515.5,0.000003,,,,,,,,
623000,2515.9,0.000003,,,,,,,,
623100,2516.2,0.000003,,,,,,,,
623200,2516.6,0.000003,,,,,,,,
623300,2517.0,0.000003,,,,,,,,
623400,2517.4,0.000003,,,,,,,,
623500,2517.7,0.000005,,,,,,,,
623600,2518.1,0.000004,,,,,,,,
623700,2518.5,0.000004,,,,,,,,
623800,2518.8,0.000003,,,,,,,,
623900,2519.2,0.000003,,,,,,,,
624000,2519.6,0.000004,,,,,,,,
624100,2519.9,0.000004,,,,,,,,
624200,2520.3,0.000003,,,,,,,,
624300,2520.6,0.000003,,,,,,,,
624400,2521.0,0.000004,,,,,,,,
624500,2521.4,0.000003,,,,,,,,
624600,2521.7,0.000003,,,,,,,,
624700,2522.1,0.000004,,,,,,,,
624800,2522.4,0.000003,,,,,,,,
624900,2522.8,0.000004,,,,,,,,
625000,2524.5,0.000004,0.000003,1.214713e+00,1.295849e-01,9.832720e-02,0.000000,1.039751e+00,1.200067e-01,9.472944e-02
625100,2524.8,0.000003,,,,,,,,
625200,2525.1,0.000003,,,,,,,,
625300,2525.4,0.000003,,,,,,,,
625400,2525.8,0.000003,,,,,,,,
625500,2526.1,0.000004,,,,,,,,
625600,2526.5,0.000003,,,,,,,,
625700,2526.9,0.000003,,,,,,,,
625800,2527.3,0.000004,,,,,,,,
625900,2527.5,0.000003,,,,,,,,
626000,2527.8,0.000004,,,,,,,,
626100,2528.2,0.000003,,,,,,,,
626200,2528.5,0.000003,,,,,,,,
626300,2528.9,0.000004,,,,,,,,
626400,2529.2,0.000004,,,,,,,,
626500,2529.6,0.000003,,,,,,,,
626600,2530.0,0.000003,,,,,,,,
626700,2530.4,0.000003,,,,,,,,
626800,2530.7,0.000003,,,,,,,,
626900,2531.1,0.000004,,,,,,,,
627000,2531.4,0.000002,,,,,,,,
627100,2531.8,0.000004,,,,,,,,
627200,2532.2,0.000003,,,,,,,,
627300,2532.6,0.000004,,,,,,,,
627400,2533.0,0.000003,,,,,,,,
627500,2533.3,0.000003,,,,,,,,
627600,2533.7,0.000003,,,,,,,,
627700,2534.1,0.000004,,,,,,,,
627800,2534.5,0.000003,,,,,,,,
627900,2534.9,0.000004,,,,,,,,
628000,2535.1,0.000004,,,,,,,,
628100,2535.4,0.000004,,,,,,,,
628200,2535.8,0.000003,,,,,,,,
628300,2536.2,0.000003,,,,,,,,
628400,2536.5,0.000003,,,,,,,,
628500,2536.9,0.000002,,,,,,,,
628600,2537.3,0.000004,,,,,,,,
628700,2537.6,0.000004,,,,,,,,
628800,2538.0,0.000003,,,,,,,,
628900,2538.3,0.000003,,,,,,,,
629000,2538.7,0.000003,,,,,,,,
629100,2539.0,0.000003,,,,,,,,
629200,2539.4,0.000003,,,,,,,,
629300,2539.8,0.000003,,,,,,,,
629400,2540.1,0.000003,,,,,,,,
629500,2540.5,0.000003,,,,,,,,
629600,2540.8,0.000004,,,,,,,,
629700,2541.2,0.000003,,,,,,,,
629800,2541.6,0.000003,,,,,,,,
629900,2541.9,0.000002,,,,,,,,
630000,2543.5,0.000004,0.000003,1.237530e+00,1.308211e-01,9.981613e-02,0.000000,9.628615e-01,1.207138e-01,9.629895e-02
630100,2543.9,0.000004,,,,,,,,
630200,2544.2,0.000005,,,,,,,,
630300,2544.5,0.000003,,,,,,,,
630400,2544.8,0.000004,,,,,,,,
630500,2545.2,0.000003,,,,,,,,
630600,2545.6,0.000003,,,,,,,,
630700,2546.0,0.000003,,,,,,,,
630800,2546.3,0.000004,,,,,,,,
630900,2546.7,0.000005,,,,,,,,
631000,2547.0,0.000003,,,,,,,,
631100,2547.4,0.000003,,,,,,,,
631200,2547.8,0.000003,,,,,,,,
631300,2548.2,0.000004,,,,,,,,
631400,2548.5,0.000003,,,,,,,,
631500,2548.9,0.000003,,,,,,,,
631600,2549.2,0.000004,,,,,,,,
631700,2549.5,0.000003,,,,,,,,
631800,2549.9,0.000003,,,,,,,,
631900,2550.3,0.000004,,,,,,,,
632000,2550.7,0.000003,,,,,,,,
632100,2551.0,0.000003,,,,,,,,
632200,2551.4,0.000004,,,,,,,,
632300,2551.7,0.000003,,,,,,,,
632400,2552.1,0.000004,,,,,,,,
632500,2552.5,0.000004,,,,,,,,
632600,2552.8,0.000004,,,,,,,,
632700,2553.2,0.000003,,,,,,,,
632800,2553.6,0.000004,,,,,,,,
632900,2553.9,0.000003,,,,,,,,
633000,2554.3,0.000003,,,,,,,,
633100,2554.6,0.000003,,,,,,,,
633200,2555.0,0.000003,,,,,,,,
633300,2555.4,0.000004,,,,,,,,
633400,2555.7,0.000004,,,,,,,,
633500,2556.0,0.000003,,,,,,,,
633600,2556.4,0.000003,,,,,,,,
633700,2556.8,0.000003,,,,,,,,
633800,2557.1,0.000004,,,,,,,,
633900,2557.5,0.000004,,,,,,,,
634000,2557.9,0.000003,,,,,,,,
634100,2558.2,0.000003,,,,,,,,
634200,2558.6,0.000003,,,,,,,,
634300,2558.9,0.000003,,,,,,,,
634400,2559.3,0.000003,,,,,,,,
634500,2559.6,0.000003,,,,,,,,
634600,2560.0,0.000004,,,,,,,,
634700,2560.4,0.000003,,,,,,,,
634800,2560.8,0.000003,,,,,,,,
634900,2561.1,0.000003,,,,,,,,
635000,2562.8,0.000003,0.000003,1.194718e+00,1.376529e-01,1.094789e-01,0.000000,1.013582e+00,1.276371e-01,1.047783e-01
635100,2563.1,0.000002,,,,,,,,
635200,2563.4,0.000003,,,,,,,,
635300,2563.7,0.000003,,,,,,,,
635400,2564.0,0.000004,,,,,,,,
635500,2564.4,0.000002,,,,,,,,
635600,2564.7,0.000004,,,,,,,,
635700,2565.1,0.000003,,,,,,,,
635800,2565.4,0.000002,,,,,,,,
635900,2565.8,0.000004,,,,,,,,
636000,2566.2,0.000004,,,,,,,,
636100,2566.6,0.000004,,,,,,,,
636200,2566.9,0.000003,,,,,,,,
636300,2567.3,0.000003,,,,,,,,
636400,2567.7,0.000002,,,,,,,,
636500,2568.1,0.000003,,,,,,,,
636600,2568.4,0.000002,,,,,,,,
636700,2568.8,0.000003,,,,,,,,
636800,2569.2,0.000003,,,,,,,,
636900,2569.5,0.000003,,,,,,,,
637000,2569.9,0.000003,,,,,,,,
637100,2570.3,0.000003,,,,,,,,
637200,2570.6,0.000003,,,,,,,,
637300,2570.9,0.000003,,,,,,,,
637400,2571.2,0.000003,,,,,,,,
637500,2571.6,0.000003,,,,,,,,
637600,2572.0,0.000003,,,,,,,,
637700,2572.3,0.000003,,,,,,,,
637800,2572.7,0.000003,,,,,,,,
637900,2573.1,0.000003,,,,,,,,
638000,2573.4,0.000003,,,,,,,,
638100,2573.8,0.000003,,,,,,,,
638200,2574.1,0.000003,,,,,,,,
638300,2574.5,0.000003,,,,,,,,
638400,2574.9,0.000003,,,,,,,,
638500,2575.3,0.000003,,,,,,,,
638600,2575.6,0.000003,,,,,,,,
638700,2576.0,0.000003,,,,,,,,
638800,2576.3,0.000003,,,,,,,,
638900,2576.7,0.000004,,,,,,,,
639000,2577.1,0.000003,,,,,,,,
639100,2577.4,0.000003,,,,,,,,
639200,2577.8,0.000002,,,,,,,,
639300,2578.2,0.000003,,,,,,,,
639400,2578.4,0.000004,,,,,,,,
639500,2578.8,0.000003,,,,,,,,
639600,2579.2,0.000002,,,,,,,,
639700,2579.5,0.000003,,,,,,,,
639800,2579.8,0.000003,,,,,,,,
639900,2580.2,0.000003,,,,,,,,
640000,2581.9,0.000003,0.000003,1.140089e+00,1.381306e-01,1.078574e-01,0.000000,9.590507e-01,1.292389e-01,1.041730e-01
640100,2582.2,0.000003,,,,,,,,
640200,2582.5,0.000003,,,,,,,,
640300,2582.8,0.000003,,,,,,,,
640400,2583.2,0.000003,,,,,,,,
640500,2583.5,0.000003,,,,,,,,
640600,2583.9,0.000003,,,,,,,,
640700,2584.3,0.000002,,,,,,,,
640800,2584.6,0.000003,,,,,,,,
640900,2585.0,0.000004,,,,,,,,
641000,2585.4,0.000003,,,,,,,,
641100,2585.8,0.000004,,,,,,,,
641200,2586.1,0.000003,,,,,,,,
641300,2586.4,0.000004,,,,,,,,
641400,2586.6,0.000003,,,,,,,,
641500,2587.0,0.000005,,,,,,,,
641600,2587.3,0.000003,,,,,,,,
641700,2587.7,0.000003,,,,,,,,
641800,2588.1,0.000003,,,,,,,,
641900,2588.4,0.000003,,,,,,,,
642000,2588.8,0.000003,,,,,,,,
642100,2589.1,0.000003,,,,,,,,
642200,2589.5,0.000003,,,,,,,,
642300,2589.9,0.000003,,,,,,,,
642400,2590.3,0.000003,,,,,,,,
642500,2590.6,0.000004,,,,,,,,
642600,2591.0,0.000003,,,,,,,,
642700,2591.4,0.000004,,,,,,,,
642800,2591.7,0.000004,,,,,,,,
642900,2592.1,0.000003,,,,,,,,
643000,2592.5,0.000003,,,,,,,,
643100,2592.8,0.000003,,,,,,,,
643200,2593.2,0.000003,,,,,,,,
643300,2593.6,0.000004,,,,,,,,
643400,2594.0,0.000003,,,,,,,,
643500,2594.3,0.000003,,,,,,,,
643600,2594.6,0.000003,,,,,,,,
643700,2595.0,0.000003,,,,,,,,
643800,2595.3,0.000003,,,,,,,,
643900,2595.6,0.000003,,,,,,,,
644000,2596.0,0.000003,,,,,,,,
644100,2596.4,0.000003,,,,,,,,
644200,2596.7,0.000004,,,,,,,,
644300,2597.1,0.000004,,,,,,,,
644400,2597.5,0.000003,,,,,,,,
644500,2597.8,0.000003,,,,,,,,
644600,2598.2,0.000003,,,,,,,,
644700,2598.6,0.000002,,,,,,,,
644800,2598.9,0.000004,,,,,,,,
644900,2599.3,0.000003,,,,,,,,
645000,2601.0,0.000003,0.000003,1.216519e+00,1.223595e-01,9.166193e-02,0.000000,1.005556e+00,1.124966e-01,8.818080e-02
645100,2601.3,0.000003,,,,,,,,
645200,2601.6,0.000003,,,,,,,,
645300,2601.9,0.000004,,,,,,,,
645400,2602.3,0.000003,,,,,,,,
645500,2602.6,0.000004,,,,,,,,
645600,2602.9,0.000005,,,,,,,,
645700,2603.2,0.000003,,,,,,,,
645800,2603.6,0.000004,,,,,,,,
645900,2603.9,0.000003,,,,,,,,
646000,2604.3,0.000003,,,,,,,,
646100,2604.7,0.000003,,,,,,,,
646200,2605.0,0.000004,,,,,,,,
646300,2605.4,0.000004,,,,,,,,
646400,2605.8,0.000003,,,,,,,,
646500,2606.1,0.000003,,,,,,,,
646600,2606.4,0.000003,,,,,,,,
646700,2606.8,0.000003,,,,,,,,
646800,2607.2,0.000003,,,,,,,,
646900,2607.6,0.000004,,,,,,,,
647000,2608.0,0.000004,,,,,,,,
647100,2608.3,0.000004,,,,,,,,
647200,2608.7,0.000003,,,,,,,,
647300,2609.0,0.000003,,,,,,,,
647400,2609.4,0.000003,,,,,,,,
647500,2609.7,0.000003,,,,,,,,
647600,2610.1,0.000003,,,,,,,,
647700,2610.3,0.000002,,,,,,,,
647800,2610.7,0.000003,,,,,,,,
647900,2611.1,0.000003,,,,,,,,
648000,2611.4,0.000003,,,,,,,,
648100,2611.7,0.000003,,,,,,,,
648200,2612.1,0.000005,,,,,,,,
648300,2612.4,0.000003,,,,,,,,
648400,2612.8,0.000003,,,,,,,,
648500,2613.1,0.000003,,,,,,,,
648600,2613.5,0.000003,,,,,,,,
648700,2613.9,0.000004,,,,,,,,
648800,2614.2,0.000004,,,,,,,,
648900,2614.6,0.000003,,,,,,,,
649000,2615.0,0.000003,,,,,,,,
649100,2615.3,0.000003,,,,,,,,
649200,2615.7,0.000002,,,,,,,,
649300,2616.1,0.000004,,,,,,,,
649400,2616.5,0.000003,,,,,,,,
649500,2616.9,0.000003,,,,,,,,
649600,2617.3,0.000004,,,,,,,,
649700,2617.6,0.000003,,,,,,,,
649800,2618.0,0.000003,,,,,,,,
649900,2618.4,0.000002,,,,,,,,
650000,2620.1,0.000003,0.000003,1.189957e+00,1.265344e-01,9.600140e-02,0.000000,9.760955e-01,1.179387e-01,9.267868e-02
650100,2620.4,0.000003,,,,,,,,
650200,2620.8,0.000003,,,,,,,,
650300,2621.1,0.000003,,,,,,,,
650400,2621.4,0.000004,,,,,,,,
650500,2621.8,0.000003,,,,,,,,
650600,2622.2,0.000004,,,,,,,,
650700,2622.6,0.000003,,,,,,,,
650800,2622.9,0.000003,,,,,,,,
650900,2623.2,0.000003,,,,,,,,
651000,2623.6,0.000002,,,,,,,,
651100,2623.9,0.000003,,,,,,,,
651200,2624.3,0.000003,,,,,,,,
651300,2624.7,0.000004,,,,,,,,
651400,2625.1,0.000003,,,,,,,,
651500,2625.5,0.000003,,,,,,,,
651600,2625.9,0.000003,,,,,,,,
651700,2626.3,0.000003,,,,,,,,
651800,2626.7,0.000004,,,,,,,,
651900,2627.1,0.000003,,,,,,,,
652000,2627.4,0.000003,,,,,,,,
652100,2627.8,0.000003,,,,,,,,
652200,2628.2,0.000004,,,,,,,,
652300,2628.6,0.000003,,,,,,,,
652400,2629.0,0.000003,,,,,,,,
652500,2629.4,0.000003,,,,,,,,
652600,2629.8,0.000002,,,,,,,,
652700,2630.2,0.000002,,,,,,,,
652800,2630.6,0.000003,,,,,,,,
652900,2630.9,0.000003,,,,,,,,
653000,2631.3,0.000004,,,,,,,,
653100,2631.6,0.000004,,,,,,,,
653200,2632.0,0.000003,,,,,,,,
653300,2632.3,0.000003,,,,,,,,
653400,2632.6,0.000003,,,,,,,,
653500,2633.0,0.000004,,,,,,,,
653600,2633.4,0.000003,,,,,,,,
653700,2633.8,0.000003,,,,,,,,
653800,2634.2,0.000006,,,,,,,,
653900,2634.6,0.000003,,,,,,,,
654000,2635.0,0.000003,,,,,,,,
654100,2635.4,0.000003,,,,,,,,
654200,2635.7,0.000003,,,,,,,,
654300,2636.1,0.000003,,,,,,,,
654400,2636.5,0.000003,,,,,,,,
654500,2636.8,0.000003,,,,,,,,
654600,2637.2,0.000002,,,,,,,,
654700,2637.6,0.000004,,,,,,,,
654800,2638.0,0.000003,,,,,,,,
654900,2638.4,0.000003,,,,,,,,
655000,2640.1,0.000003,0.000003,1.129911e+00,1.366647e-01,1.085026e-01,0.000000,9.341408e-01,1.281120e-01,1.051521e-01
655100,2640.4,0.000003,,,,,,,,
655200,2640.7,0.000004,,,,,,,,
655300,2641.0,0.000004,,,,,,,,
655400,2641.4,0.000003,,,,,,,,
655500,2641.6,0.000003,,,,,,,,
655600,2641.9,0.000003,,,,,,,,
655700,2642.2,0.000003,,,,,,,,
655800,2642.6,0.000004,,,,,,,,
655900,2643.0,0.000004,,,,,,,,
656000,2643.4,0.000003,,,,,,,,
656100,2643.8,0.000003,,,,,,,,
656200,2644.1,0.000003,,,,,,,,
656300,2644.5,0.000003,,,,,,,,
656400,2644.9,0.000002,,,,,,,,
656500,2645.3,0.000002,,,,,,,,
656600,2645.7,0.000003,,,,,,,,
656700,2646.0,0.000003,,,,,,,,
656800,2646.4,0.000004,,,,,,,,
656900,2646.8,0.000004,,,,,,,,
657000,2647.2,0.000003,,,,,,,,
657100,2647.6,0.000003,,,,,,,,
657200,2647.9,0.000003,,,,,,,,
657300,2648.3,0.000002,,,,,,,,
657400,2648.7,0.000003,,,,,,,,
657500,2649.1,0.000003,,,,,,,,
657600,2649.5,0.000003,,,,,,,,
657700,2649.9,0.000002,,,,,,,,
657800,2650.2,0.000002,,,,,,,,
657900,2650.5,0.000003,,,,,,,,
658000,2650.9,0.000003,,,,,,,,
658100,2651.3,0.000003,,,,,,,,
658200,2651.6,0.000002,,,,,,,,
658300,2652.0,0.000003,,,,,,,,
658400,2652.4,0.000003,,,,,,,,
658500,2652.8,0.000002,,,,,,,,
658600,2653.2,0.000003,,,,,,,,
658700,2653.6,0.000003,,,,,,,,
658800,2653.9,0.000003,,,,,,,,
658900,2654.3,0.000003,,,,,,,,
659000,2654.7,0.000003,,,,,,,,
659100,2655.1,0.000003,,,,,,,,
659200,2655.5,0.000003,,,,,,,,
659300,2655.9,0.000003,,,,,,,,
659400,2656.3,0.000003,,,,,,,,
659500,2656.7,0.000004,,,,,,,,
659600,2657.1,0.000003,,,,,,,,
659700,2657.5,0.000002,,,,,,,,
659800,2657.9,0.000003,,,,,,,,
659900,2658.2,0.000003,,,,,,,,
660000,2659.9,0.000003,0.000003,1.182729e+00,1.334775e-01,1.003749e-01,0.000000,9.387649e-01,1.242600e-01,9.636833e-02
660100,2660.3,0.000004,,,,,,,,
660200,2660.6,0.000003,,,,,,,,
660300,2660.8,0.000003,,,,,,,,
660400,2661.0,0.000003,,,,,,,,
660500,2661.3,0.000003,,,,,,,,
660600,2661.7,0.000002,,,,,,,,
660700,2662.1,0.000004,,,,,,,,
660800,2662.4,0.000003,,,,,,,,
660900,2662.8,0.000003,,,,,,,,
661000,2663.2,0.000004,,,,,,,,
661100,2663.5,0.000004,,,,,,,,
661200,2663.9,0.000002,,,,,,,,
661300,2664.3,0.000003,,,,,,,,
661400,2664.6,0.000003,,,,,,,,
661500,2665.0,0.000003,,,,,,,,
661600,2665.3,0.000003,,,,,,,,
661700,2665.7,0.000002,,,,,,,,
661800,2666.1,0.000004,,,,,,,,
661900,2666.4,0.000002,,,,,,,,
662000,2666.8,0.000003,,,,,,,,
662100,2667.2,0.000003,,,,,,,,
662200,2667.5,0.000003,,,,,,,,
662300,2667.9,0.000002,,,,,,,,
662400,2668.3,0.000003,,,,,,,,
662500,2668.6,0.000003,,,,,,,,
662600,2669.0,0.000002,,,,,,,,
662700,2669.3,0.000003,,,,,,,,
662800,2669.5,0.000003,,,,,,,,
662900,2669.8,0.000004,,,,,,,,
663000,2670.2,0.000003,,,,,,,,
663100,2670.6,0.000004,,,,,,,,
663200,2671.0,0.000004,,,,,,,,
663300,2671.3,0.000003,,,,,,,,
663400,2671.6,0.000002,,,,,,,,
663500,2672.0,0.000003,,,,,,,,
663600,2672.4,0.000004,,,,,,,,
663700,2672.7,0.000003,,,,,,,,
663800,2673.1,0.000003,,,,,,,,
663900,2673.5,0.000003,,,,,,,,
664000,2673.8,0.000003,,,,,,,,
664100,2674.2,0.000004,,,,,,,,
664200,2674.6,0.000002,,,,,,,,
664300,2674.9,0.000003,,,,,,,,
664400,2675.3,0.000003,,,,,,,,
664500,2675.7,0.000003,,,,,,,,
664600,2676.0,0.000003,,,,,,,,
664700,2676.4,0.000003,,,,,,,,
664800,2676.8,0.000003,,,,,,,,
664900,2677.2,0.000002,,,,,,,,
665000,2678.9,0.000003,0.000003,1.231087e+00,1.214545e-01,9.055750e-02,0.000000,1.016436e+00,1.127868e-01,8.793786e-02
665100,2679.1,0.000004,,,,,,,,
665200,2679.4,0.000003,,,,,,,,
665300,2679.7,0.000003,,,,,,,,
665400,2680.0,0.000003,,,,,,,,
665500,2680.3,0.000002,,,,,,,,
665600,2680.7,0.000003,,,,,,,,
665700,2681.1,0.000002,,,,,,,,
665800,2681.4,0.000002,,,,,,,,
665900,2681.8,0.000003,,,,,,,,
666000,2682.2,0.000002,,,,,,,,
666100,2682.5,0.000003,,,,,,,,
666200,2682.9,0.000003,,,,,,,,
666300,2683.3,0.000003,,,,,,,,
666400,2683.6,0.000003,,,,,,,,
666500,2684.0,0.000004,,,,,,,,
666600,2684.4,0.000002,,,,,,,,
666700,2684.7,0.000003,,,,,,,,
666800,2685.1,0.000003,,,,,,,,
666900,2685.5,0.000003,,,,,,,,
667000,2685.8,0.000003,,,,,,,,
667100,2686.1,0.000004,,,,,,,,
667200,2686.5,0.000003,,,,,,,,
667300,2686.9,0.000003,,,,,,,,
667400,2687.2,0.000003,,,,,,,,
667500,2687.6,0.000003,,,,,,,,
667600,2687.9,0.000003,,,,,,,,
667700,2688.3,0.000002,,,,,,,,
667800,2688.6,0.000003,,,,,,,,
667900,2689.0,0.000003,,,,,,,,
668000,2689.4,0.000003,,,,,,,,
668100,2689.8,0.000003,,,,,,,,
668200,2690.1,0.000003,,,,,,,,
668300,2690.5,0.000003,,,,,,,,
668400,2690.9,0.000003,,,,,,,,
668500,2691.2,0.000003,,,,,,,,
668600,2691.6,0.000003,,,,,,,,
668700,2692.0,0.000003,,,,,,,,
668800,2692.3,0.000003,,,,,,,,
668900,2692.7,0.000003,,,,,,,,
669000,2693.1,0.000003,,,,,,,,
669100,2693.5,0.000003,,,,,,,,
669200,2693.8,0.000002,,,,,,,,
669300,2694.2,0.000002,,,,,,,,
669400,2694.5,0.000002,,,,,,,,
669500,2694.8,0.000003,,,,,,,,
669600,2695.1,0.000002,,,,,,,,
669700,2695.5,0.000003,,,,,,,,
669800,2695.9,0.000002,,,,,,,,
669900,2696.2,0.000003,,,,,,,,
670000,2697.9,0.000002,0.000003,1.220800e+00,1.223324e-01,9.279007e-02,0.000000,1.002562e+00,1.134058e-01,8.984951e-02
670100,2698.2,0.000003,,,,,,,,
670200,2698.5,0.000004,,,,,,,,
670300,2698.8,0.000003,,,,,,,,
670400,2699.1,0.000003,,,,,,,,
670500,2699.5,0.000003,,,,,,,,
670600,2699.8,0.000004,,,,,,,,
670700,2700.2,0.000003,,,,,,,,
670800,2700.6,0.000003,,,,,,,,
670900,2701.0,0.000003,,,,,,,,
671000,2701.3,0.000003,,,,,,,,
671100,2701.7,0.000003,,,,,,,,
671200,2702.1,0.000003,,,,,,,,
671300,2702.4,0.000002,,,,,,,,
671400,2702.8,0.000002,,,,,,,,
671500,2703.2,0.000002,,,,,,,,
671600,2703.6,0.000004,,,,,,,,
671700,2704.0,0.000003,,,,,,,,
671800,2704.3,0.000003,,,,,,,,
671900,2704.5,0.000002,,,,,,,,
672000,2704.8,0.000003,,,,,,,,
672100,2705.2,0.000004,,,,,,,,
672200,2705.6,0.000002,,,,,,,,
672300,2705.9,0.000003,,,,,,,,
672400,2706.3,0.000003,,,,,,,,
672500,2706.7,0.000003,,,,,,,,
672600,2707.0,0.000003,,,,,,,,
672700,2707.4,0.000003,,,,,,,,
672800,2707.8,0.000003,,,,,,,,
672900,2708.2,0.000003,,,,,,,,
673000,2708.6,0.000003,,,,,,,,
673100,2708.9,0.000003,,,,,,,,
673200,2709.3,0.000003,,,,,,,,
673300,2709.6,0.000002,,,,,,,,
673400,2710.0,0.000003,,,,,,,,
673500,2710.4,0.000004,,,,,,,,
673600,2710.8,0.000004,,,,,,,,
673700,2711.2,0.000003,,,,,,,,
673800,2711.5,0.000003,,,,,,,,
673900,2711.9,0.000002,,,,,,,,
674000,2712.3,0.000003,,,,,,,,
674100,2712.6,0.000003,,,,,,,,
674200,2713.0,0.000003,,,,,,,,
674300,2713.4,0.000004,,,,,,,,
674400,2713.7,0.000003,,,,,,,,
674500,2714.1,0.000002,,,,,,,,
674600,2714.4,0.000003,,,,,,,,
674700,2714.7,0.000003,,,,,,,,
674800,2715.0,0.000002,,,,,,,,
674900,2715.4,0.000003,,,,,,,,
675000,2717.1,0.000004,0.000003,1.128735e+00,1.258932e-01,9.653007e-02,0.000000,9.140915e-01,1.171857e-01,9.269516e-02
675100,2717.4,0.000003,,,,,,,,
675200,2717.7,0.000003,,,,,,,,
675300,2718.0,0.000003,,,,,,,,
675400,2718.3,0.000003,,,,,,,,
675500,2718.7,0.000003,,,,,,,,
675600,2719.1,0.000003,,,,,,,,
675700,2719.4,0.000003,,,,,,,,
675800,2719.8,0.000003,,,,,,,,
675900,2720.1,0.000003,,,,,,,,
676000,2720.4,0.000003,,,,,,,,
676100,2720.8,0.000003,,,,,,,,
676200,2721.2,0.000003,,,,,,,,
676300,2721.6,0.000003,,,,,,,,
676400,2721.9,0.000002,,,,,,,,
676500,2722.3,0.000003,,,,,,,,
676600,2722.7,0.000003,,,,,,,,
676700,2723.0,0.000003,,,,,,,,
676800,2723.4,0.000003,,,,,,,,
676900,2723.8,0.000003,,,,,,,,
677000,2724.1,0.000003,,,,,,,,
677100,2724.4,0.000003,,,,,,,,
677200,2724.7,0.000003,,,,,,,,
677300,2725.0,0.000002,,,,,,,,
677400,2725.4,0.000003,,,,,,,,
677500,2725.8,0.000004,,,,,,,,
677600,2726.2,0.000004,,,,,,,,
677700,2726.5,0.000003,,,,,,,,
677800,2726.9,0.000002,,,,,,,,
677900,2727.3,0.000003,,,,,,,,
678000,2727.7,0.000003,,,,,,,,
678100,2728.0,0.000003,,,,,,,,
678200,2728.4,0.000004,,,,,,,,
678300,2728.8,0.000003,,,,,,,,
678400,2729.1,0.000003,,,,,,,,
678500,2729.4,0.000002,,,,,,,,
678600,2729.8,0.000003,,,,,,,,
678700,2730.2,0.000004,,,,,,,,
678800,2730.5,0.000004,,,,,,,,
678900,2730.9,0.000003,,,,,,,,
679000,2731.3,0.000003,,,,,,,,
679100,2731.6,0.000003,,,,,,,,
679200,2732.0,0.000003,,,,,,,,
679300,2732.4,0.000003,,,,,,,,
679400,2732.8,0.000004,,,,,,,,
679500,2733.2,0.000003,,,,,,,,
679600,2733.5,0.000004,,,,,,,,
679700,2733.9,0.000003,,,,,,,,
679800,2734.3,0.000003,,,,,,,,
679900,2734.6,0.000003,,,,,,,,
680000,2736.3,0.000003,0.000003,1.157586e+00,1.204267e-01,9.060792e-02,0.000000,9.424919e-01,1.118143e-01,8.743435e-02
680100,2736.6,0.000002,,,,,,,,
680200,2736.8,0.000003,,,,,,,,
680300,2737.2,0.000002,,,,,,,,
680400,2737.5,0.000003,,,,,,,,
680500,2737.8,0.000004,,,,,,,,
680600,2738.2,0.000003,,,,,,,,
680700,2738.6,0.000003,,,,,,,,
680800,2738.9,0.000003,,,,,,,,
680900,2739.4,0.000004,,,,,,,,
681000,2739.8,0.000004,,,,,,,,
681100,2740.1,0.000002,,,,,,,,
681200,2740.5,0.000002,,,,,,,,
681300,2740.8,0.000003,,,,,,,,
681400,2741.2,0.000002,,,,,,,,
681500,2741.6,0.000003,,,,,,,,
681600,2742.0,0.000003,,,,,,,,
681700,2742.3,0.000003,,,,,,,,
681800,2742.7,0.000002,,,,,,,,
681900,2743.1,0.000003,,,,,,,,
682000,2743.4,0.000004,,,,,,,,
682100,2743.8,0.000003,,,,,,,,
682200,2744.1,0.000003,,,,,,,,
682300,2744.4,0.000003,,,,,,,,
682400,2744.8,0.000003,,,,,,,,
682500,2745.1,0.000004,,,,,,,,
682600,2745.5,0.000003,,,,,,,,
682700,2745.9,0.000003,,,,,,,,
682800,2746.3,0.000003,,,,,,,,
682900,2746.6,0.000004,,,,,,,,
683000,2747.0,0.000002,,,,,,,,
683100,2747.3,0.000003,,,,,,,,
683200,2747.7,0.000003,,,,,,,,
683300,2748.1,0.000003,,,,,,,,
683400,2748.4,0.000003,,,,,,,,
683500,2748.8,0.000003,,,,,,,,
683600,2749.2,0.000003,,,,,,,,
683700,2749.6,0.000003,,,,,,,,
683800,2749.9,0.000002,,,,,,,,
683900,2750.3,0.000003,,,,,,,,
684000,2750.7,0.000004,,,,,,,,
684100,2751.0,0.000003,,,,,,,,
684200,2751.4,0.000003,,,,,,,,
684300,2751.8,0.000003,,,,,,,,
684400,2752.2,0.000002,,,,,,,,
684500,2752.6,0.000003,,,,,,,,
684600,2752.9,0.000003,,,,,,,,
684700,2753.3,0.000003,,,,,,,,
684800,2753.7,0.000003,,,,,,,,
684900,2754.1,0.000004,,,,,,,,
685000,2755.7,0.000003,0.000003,1.219010e+00,1.236470e-01,9.420416e-02,0.000000,1.001925e+00,1.149595e-01,9.077587e-02
685100,2756.0,0.000003,,,,,,,,
685200,2756.4,0.000003,,,,,,,,
685300,2756.6,0.000003,,,,,,,,
685400,2757.0,0.000004,,,,,,,,
685500,2757.3,0.000003,,,,,,,,
685600,2757.6,0.000002,,,,,,,,
685700,2758.0,0.000003,,,,,,,,
685800,2758.4,0.000002,,,,,,,,
685900,2758.8,0.000002,,,,,,,,
686000,2759.1,0.000003,,,,,,,,
686100,2759.4,0.000002,,,,,,,,
686200,2759.8,0.000002,,,,,,,,
686300,2760.2,0.000003,,,,,,,,
686400,2760.6,0.000003,,,,,,,,
686500,2760.8,0.000004,,,,,,,,
686600,2761.1,0.000003,,,,,,,,
686700,2761.4,0.000002,,,,,,,,
686800,2761.7,0.000003,,,,,,,,
686900,2762.1,0.000003,,,,,,,,
687000,2762.4,0.000002,,,,,,,,
687100,2762.8,0.000003,,,,,,,,
687200,2763.2,0.000002,,,,,,,,
687300,2763.5,0.000003,,,,,,,,
687400,2763.9,0.000003,,,,,,,,
687500,2764.3,0.000002,,,,,,,,
687600,2764.6,0.000003,,,,,,,,
687700,2765.0,0.000003,,,,,,,,
687800,2765.3,0.000002,,,,,,,,
687900,2765.7,0.000004,,,,,,,,
688000,2766.1,0.000003,,,,,,,,
688100,2766.5,0.000003,,,,,,,,
688200,2766.9,0.000003,,,,,,,,
688300,2767.2,0.000003,,,,,,,,
688400,2767.6,0.000003,,,,,,,,
688500,2767.9,0.000002,,,,,,,,
688600,2768.3,0.000002,,,,,,,,
688700,2768.7,0.000003,,,,,,,,
688800,2769.1,0.000003,,,,,,,,
688900,2769.5,0.000004,,,,,,,,
689000,2769.9,0.000003,,,,,,,,
689100,2770.2,0.000002,,,,,,,,
689200,2770.6,0.000003,,,,,,,,
689300,2771.0,0.000003,,,,,,,,
689400,2771.3,0.000003,,,,,,,,
689500,2771.7,0.000003,,,,,,,,
689600,2772.1,0.000002,,,,,,,,
689700,2772.5,0.000003,,,,,,,,
689800,2772.8,0.000003,,,,,,,,
689900,2773.2,0.000003,,,,,,,,
690000,2774.7,0.000003,0.000003,1.228470e+00,1.154340e-01,8.533735e-02,0.000000,1.012335e+00,1.067500e-01,8.257448e-02
690100,2775.0,0.000003,,,,,,,,
690200,2775.3,0.000003,,,,,,,,
690300,2775.6,0.000003,,,,,,,,
690400,2776.0,0.000004,,,,,,,,
690500,2776.4,0.000003,,,,,,,,
690600,2776.7,0.000002,,,,,,,,
690700,2777.1,0.000003,,,,,,,,
690800,2777.5,0.000003,,,,,,,,
690900,2777.9,0.000002,,,,,,,,
691000,2778.2,0.000002,,,,,,,,
691100,2778.6,0.000002,,,,,,,,
691200,2779.0,0.000003,,,,,,,,
691300,2779.4,0.000004,,,,,,,,
691400,2779.7,0.000003,,,,,,,,
691500,2780.1,0.000003,,,,,,,,
691600,2780.4,0.000003,,,,,,,,
691700,2780.8,0.000002,,,,,,,,
691800,2781.2,0.000003,,,,,,,,
691900,2781.6,0.000004,,,,,,,,
692000,2781.9,0.000003,,,,,,,,
692100,2782.3,0.000003,,,,,,,,
692200,2782.6,0.000002,,,,,,,,
692300,2783.0,0.000002,,,,,,,,
692400,2783.4,0.000003,,,,,,,,
692500,2783.7,0.000002,,,,,,,,
692600,2784.1,0.000003,,,,,,,,
692700,2784.5,0.000003,,,,,,,,
692800,2784.9,0.000002,,,,,,,,
692900,2785.2,0.000003,,,,,,,,
693000,2785.6,0.000003,,,,,,,,
693100,2786.0,0.000003,,,,,,,,
693200,2786.2,0.000003,,,,,,,,
693300,2786.5,0.000002,,,,,,,,
693400,2786.8,0.000003,,,,,,,,
693500,2787.2,0.000003,,,,,,,,
693600,2787.6,0.000003,,,,,,,,
693700,2787.9,0.000002,,,,,,,,
693800,2788.3,0.000002,,,,,,,,
693900,2788.7,0.000003,,,,,,,,
694000,2789.1,0.000002,,,,,,,,
694100,2789.4,0.000002,,,,,,,,
694200,2789.7,0.000003,,,,,,,,
694300,2790.1,0.000003,,,,,,,,
694400,2790.5,0.000002,,,,,,,,
694500,2790.9,0.000003,,,,,,,,
694600,2791.2,0.000003,,,,,,,,
694700,2791.6,0.000003,,,,,,,,
694800,2792.0,0.000003,,,,,,,,
694900,2792.4,0.000003,,,,,,,,
695000,2794.1,0.000004,0.000003,1.227707e+00,1.159998e-01,8.795181e-02,0.000000,1.010466e+00,1.071829e-01,8.450177e-02
695100,2794.4,0.000003,,,,,,,,
695200,2794.7,0.000003,,,,,,,,
695300,2795.0,0.000003,,,,,,,,
695400,2795.3,0.000003,,,,,,,,
695500,2795.7,0.000003,,,,,,,,
695600,2796.0,0.000003,,,,,,,,
695700,2796.4,0.000003,,,,,,,,
695800,2796.8,0.000003,,,,,,,,
695900,2797.1,0.000003,,,,,,,,
696000,2797.5,0.000002,,,,,,,,
696100,2797.9,0.000003,,,,,,,,
696200,2798.2,0.000003,,,,,,,,
696300,2798.6,0.000003,,,,,,,,
696400,2798.9,0.000003,,,,,,,,
696500,2799.2,0.000003,,,,,,,,
696600,2799.5,0.000002,,,,,,,,
696700,2799.8,0.000003,,,,,,,,
696800,2800.1,0.000002,,,,,,,,
696900,2800.5,0.000003,,,,,,,,
697000,2800.9,0.000002,,,,,,,,
697100,2801.2,0.000002,,,,,,,,
697200,2801.6,0.000002,,,,,,,,
697300,2801.9,0.000003,,,,,,,,
697400,2802.3,0.000003,,,,,,,,
697500,2802.7,0.000002,,,,,,,,
697600,2803.0,0.000003,,,,,,,,
697700,2803.4,0.000003,,,,,,,,
697800,2803.8,0.000003,,,,,,,,
697900,2804.1,0.000003,,,,,,,,
698000,2804.5,0.000002,,,,,,,,
698100,2804.9,0.000003,,,,,,,,
698200,2805.3,0.000002,,,,,,,,
698300,2805.6,0.000003,,,,,,,,
698400,2806.0,0.000003,,,,,,,,
698500,2806.4,0.000003,,,,,,,,
698600,2806.7,0.000002,,,,,,,,
698700,2807.1,0.000003,,,,,,,,
698800,2807.4,0.000003,,,,,,,,
698900,2807.8,0.000002,,,,,,,,
699000,2808.2,0.000002,,,,,,,,
699100,2808.6,0.000002,,,,,,,,
699200,2808.9,0.000003,,,,,,,,
699300,2809.3,0.000003,,,,,,,,
699400,2809.7,0.000002,,,,,,,,
699500,2810.1,0.000003,,,,,,,,
699600,2810.4,0.000002,,,,,,,,
699700,2810.8,0.000002,,,,,,,,
699800,2811.2,0.000003,,,,,,,,
699900,2811.6,0.000003,,,,,,,,
700000,2813.3,0.000003,0.000003,1.118409e+00,1.173645e-01,8.869927e-02,0.000000,9.015869e-01,1.085887e-01,8.487627e-02
700100,2813.6,0.000003,,,,,,,,
700200,2813.9,0.000003,,,,,,,,
700300,2814.2,0.000004,,,,,,,,
700400,2814.6,0.000002,,,,,,,,
700500,2814.9,0.000002,,,,,,,,
700600,2815.3,0.000003,,,,,,,,
700700,2815.6,0.000002,,,,,,,,
700800,2815.8,0.000002,,,,,,,,
700900,2816.1,0.000003,,,,,,,,
701000,2816.4,0.000002,,,,,,,,
701100,2816.8,0.000003,,,,,,,,
701200,2817.2,0.000003,,,,,,,,
701300,2817.5,0.000003,,,,,,,,
701400,2817.9,0.000003,,,,,,,,
701500,2818.2,0.000002,,,,,,,,
701600,2818.6,0.000003,,,,,,,,
701700,2819.0,0.000002,,,,,,,,
701800,2819.3,0.000002,,,,,,,,
701900,2819.7,0.000003,,,,,,,,
702000,2820.0,0.000002,,,,,,,,
702100,2820.4,0.000002,,,,,,,,
702200,2820.8,0.000002,,,,,,,,
702300,2821.2,0.000002,,,,,,,,
702400,2821.5,0.000002,,,,,,,,
702500,2821.9,0.000004,,,,,,,,
702600,2822.2,0.000003,,,,,,,,
702700,2822.6,0.000002,,,,,,,,
702800,2823.0,0.000003,,,,,,,,
702900,2823.4,0.000003,,,,,,,,
703000,2823.7,0.000004,,,,,,,,
703100,2824.1,0.000002,,,,,,,,
703200,2824.5,0.000003,,,,,,,,
703300,2824.8,0.000002,,,,,,,,
703400,2825.2,0.000003,,,,,,,,
703500,2825.5,0.000002,,,,,,,,
703600,2825.8,0.000003,,,,,,,,
703700,2826.1,0.000003,,,,,,,,
703800,2826.4,0.000003,,,,,,,,
703900,2826.7,0.000003,,,,,,,,
704000,2827.0,0.000003,,,,,,,,
704100,2827.3,0.000003,,,,,,,,
704200,2827.6,0.000003,,,,,,,,
704300,2827.9,0.000002,,,,,,,,
704400,2828.1,0.000002,,,,,,,,
704500,2828.4,0.000002,,,,,,,,
704600,2828.7,0.000003,,,,,,,,
704700,2829.0,0.000003,,,,,,,,
704800,2829.4,0.000003,,,,,,,,
704900,2829.8,0.000002,,,,,,,,
705000,2831.4,0.000002,0.000003,1.181860e+00,1.153254e-01,8.796679e-02,0.000000,9.650291e-01,1.069324e-01,8.482035e-02
705100,2831.7,0.000003,,,,,,,,
705200,2832.1,0.000002,,,,,,,,
705300,2832.4,0.000002,,,,,,,,
705400,2832.7,0.000002,,,,,,,,
705500,2833.1,0.000002,,,,,,,,
705600,2833.4,0.000002,,,,,,,,
705700,2833.8,0.000002,,,,,,,,
705800,2834.2,0.000002,,,,,,,,
705900,2834.6,0.000003,,,,,,,,
706000,2835.0,0.000003,,,,,,,,
706100,2835.3,0.000003,,,,,,,,
706200,2835.7,0.000004,,,,,,,,
706300,2836.1,0.000003,,,,,,,,
706400,2836.4,0.000003,,,,,,,,
706500,2836.8,0.000002,,,,,,,,
706600,2837.2,0.000003,,,,,,,,
706700,2837.5,0.000003,,,,,,,,
706800,2837.8,0.000002,,,,,,,,
706900,2838.2,0.000003,,,,,,,,
707000,2838.5,0.000003,,,,,,,,
707100,2838.9,0.000003,,,,,,,,
707200,2839.3,0.000003,,,,,,,,
707300,2839.7,0.000003,,,,,,,,
707400,2840.0,0.000003,,,,,,,,
707500,2840.4,0.000003,,,,,,,,
707600,2840.8,0.000002,,,,,,,,
707700,2841.1,0.000004,,,,,,,,
707800,2841.5,0.000002,,,,,,,,
707900,2841.9,0.000002,,,,,,,,
708000,2842.2,0.000002,,,,,,,,
708100,2842.6,0.000003,,,,,,,,
708200,2843.0,0.000003,,,,,,,,
708300,2843.3,0.000002,,,,,,,,
708400,2843.7,0.000003,,,,,,,,
708500,2844.0,0.000002,,,,,,,,
708600,2844.4,0.000004,,,,,,,,
708700,2844.7,0.000003,,,,,,,,
708800,2845.1,0.000003,,,,,,,,
708900,2845.5,0.000003,,,,,,,,
709000,2845.8,0.000002,,,,,,,,
709100,2846.2,0.000003,,,,,,,,
709200,2846.6,0.000002,,,,,,,,
709300,2846.9,0.000003,,,,,,,,
709400,2847.3,0.000003,,,,,,,,
709500,2847.7,0.000003,,,,,,,,
709600,2848.1,0.000003,,,,,,,,
709700,2848.5,0.000003,,,,,,,,
709800,2848.9,0.000003,,,,,,,,
709900,2849.2,0.000002,,,,,,,,
710000,2850.9,0.000003,0.000003,1.222725e+00,1.152551e-01,8.670485e-02,0.000000,1.003943e+00,1.066004e-01,8.300221e-02
710100,2851.2,0.000003,,,,,,,,
710200,2851.6,0.000003,,,,,,,,
710300,2851.9,0.000003,,,,,,,,
710400,2852.2,0.000003,,,,,,,,
710500,2852.5,0.000003,,,,,,,,
710600,2852.9,0.000004,,,,,,,,
710700,2853.3,0.000002,,,,,,,,
710800,2853.7,0.000002,,,,,,,,
710900,2854.1,0.000003,,,,,,,,
711000,2854.4,0.000002,,,,,,,,
711100,2854.8,0.000003,,,,,,,,
711200,2855.1,0.000003,,,,,,,,
711300,2855.5,0.000002,,,,,,,,
711400,2855.9,0.000002,,,,,,,,
711500,2856.3,0.000002,,,,,,,,
711600,2856.7,0.000002,,,,,,,,
711700,2857.0,0.000002,,,,,,,,
711800,2857.3,0.000003,,,,,,,,
711900,2857.5,0.000004,,,,,,,,
712000,2857.8,0.000002,,,,,,,,
712100,2858.1,0.000003,,,,,,,,
712200,2858.4,0.000003,,,,,,,,
712300,2858.7,0.000003,,,,,,,,
712400,2859.0,0.000002,,,,,,,,
712500,2859.2,0.000004,,,,,,,,
712600,2859.5,0.000003,,,,,,,,
712700,2859.8,0.000002,,,,,,,,
712800,2860.1,0.000003,,,,,,,,
712900,2860.4,0.000003,,,,,,,,
713000,2860.7,0.000003,,,,,,,,
713100,2860.9,0.000003,,,,,,,,
713200,2861.2,0.000003,,,,,,,,
713300,2861.5,0.000003,,,,,,,,
713400,2861.8,0.000002,,,,,,,,
713500,2862.2,0.000003,,,,,,,,
713600,2862.5,0.000002,,,,,,,,
713700,2862.9,0.000004,,,,,,,,
713800,2863.3,0.000003,,,,,,,,
713900,2863.7,0.000003,,,,,,,,
714000,2864.0,0.000002,,,,,,,,
714100,2864.4,0.000003,,,,,,,,
714200,2864.7,0.000003,,,,,,,,
714300,2865.1,0.000002,,,,,,,,
714400,2865.5,0.000002,,,,,,,,
714500,2865.8,0.000002,,,,,,,,
714600,2866.2,0.000003,,,,,,,,
714700,2866.6,0.000003,,,,,,,,
714800,2867.0,0.000003,,,,,,,,
714900,2867.3,0.000003,,,,,,,,
715000,2869.0,0.000003,0.000003,1.253033e+00,1.154118e-01,8.664521e-02,0.000000,1.035647e+00,1.068567e-01,8.361483e-02
715100,2869.3,0.000004,,,,,,,,
715200,2869.6,0.000004,,,,,,,,
715300,2870.0,0.000002,,,,,,,,
715400,2870.3,0.000002,,,,,,,,
715500,2870.6,0.000003,,,,,,,,
715600,2871.0,0.000003,,,,,,,,
715700,2871.3,0.000002,,,,,,,,
715800,2871.7,0.000002,,,,,,,,
715900,2872.1,0.000002,,,,,,,,
716000,2872.5,0.000003,,,,,,,,
716100,2872.8,0.000002,,,,,,,,
716200,2873.2,0.000002,,,,,,,,
716300,2873.6,0.000003,,,,,,,,
716400,2874.0,0.000002,,,,,,,,
716500,2874.3,0.000002,,,,,,,,
716600,2874.7,0.000003,,,,,,,,
716700,2875.1,0.000003,,,,,,,,
716800,2875.5,0.000003,,,,,,,,
716900,2875.9,0.000003,,,,,,,,
717000,2876.2,0.000003,,,,,,,,
717100,2876.6,0.000002,,,,,,,,
717200,2876.9,0.000003,,,,,,,,
717300,2877.3,0.000002,,,,,,,,
717400,2877.7,0.000002,,,,,,,,
717500,2878.1,0.000002,,,,,,,,
717600,2878.5,0.000002,,,,,,,,
717700,2878.8,0.000002,,,,,,,,
717800,2879.2,0.000003,,,,,,,,
717900,2879.6,0.000003,,,,,,,,
718000,2879.9,0.000002,,,,,,,,
718100,2880.3,0.000002,,,,,,,,
718200,2880.7,0.000002,,,,,,,,
718300,2881.1,0.000003,,,,,,,,
718400,2881.5,0.000003,,,,,,,,
718500,2881.8,0.000002,,,,,,,,
718600,2882.2,0.000003,,,,,,,,
718700,2882.5,0.000003,,,,,,,,
718800,2882.8,0.000003,,,,,,,,
718900,2883.1,0.000003,,,,,,,,
719000,2883.4,0.000002,,,,,,,,
719100,2883.7,0.000002,,,,,,,,
719200,2884.0,0.000002,,,,,,,,
719300,2884.3,0.000003,,,,,,,,
719400,2884.7,0.000003,,,,,,,,
719500,2884.9,0.000002,,,,,,,,
719600,2885.3,0.000002,,,,,,,,
719700,2885.7,0.000003,,,,,,,,
719800,2886.1,0.000003,,,,,,,,
719900,2886.4,0.000002,,,,,,,,
720000,2888.1,0.000002,0.000002,1.218209e+00,1.132987e-01,8.489030e-02,0.000000,9.994453e-01,1.047477e-01,8.188771e-02
720100,2888.5,0.000002,,,,,,,,
720200,2888.8,0.000002,,,,,,,,
720300,2889.1,0.000002,,,,,,,,
720400,2889.4,0.000003,,,,,,,,
720500,2889.8,0.000003,,,,,,,,
720600,2890.1,0.000002,,,,,,,,
720700,2890.5,0.000002,,,,,,,,
720800,2890.9,0.000003,,,,,,,,
720900,2891.3,0.000002,,,,,,,,
721000,2891.7,0.000003,,,,,,,,
721100,2892.0,0.000002,,,,,,,,
721200,2892.4,0.000002,,,,,,,,
721300,2892.8,0.000003,,,,,,,,
721400,2893.2,0.000002,,,,,,,,
721500,2893.5,0.000002,,,,,,,,
721600,2893.9,0.000002,,,,,,,,
721700,2894.3,0.000003,,,,,,,,
721800,2894.7,0.000002,,,,,,,,
721900,2895.0,0.000003,,,,,,,,
722000,2895.4,0.000003,,,,,,,,
722100,2895.8,0.000002,,,,,,,,
722200,2896.2,0.000003,,,,,,,,
722300,2896.5,0.000003,,,,,,,,
722400,2896.9,0.000002,,,,,,,,
722500,2897.3,0.000002,,,,,,,,
722600,2897.6,0.000002,,,,,,,,
722700,2898.0,0.000002,,,,,,,,
722800,2898.4,0.000002,,,,,,,,
722900,2898.8,0.000002,,,,,,,,
723000,2899.1,0.000002,,,,,,,,
723100,2899.5,0.000002,,,,,,,,
723200,2899.9,0.000003,,,,,,,,
723300,2900.2,0.000003,,,,,,,,
723400,2900.6,0.000002,,,,,,,,
723500,2901.0,0.000003,,,,,,,,
723600,2901.3,0.000002,,,,,,,,
723700,2901.7,0.000003,,,,,,,,
723800,2902.1,0.000002,,,,,,,,
723900,2902.5,0.000003,,,,,,,,
724000,2902.8,0.000003,,,,,,,,
724100,2903.2,0.000002,,,,,,,,
724200,2903.6,0.000002,,,,,,,,
724300,2904.0,0.000003,,,,,,,,
724400,2904.4,0.000002,,,,,,,,
724500,2904.7,0.000002,,,,,,,,
724600,2905.1,0.000002,,,,,,,,
724700,2905.5,0.000003,,,,,,,,
724800,2905.9,0.000002,,,,,,,,
724900,2906.3,0.000003,,,,,,,,
725000,2908.0,0.000003,0.000003,1.215611e+00,1.146128e-01,8.580473e-02,0.000000,9.970611e-01,1.060563e-01,8.294893e-02
725100,2908.3,0.000002,,,,,,,,
725200,2908.7,0.000003,,,,,,,,
725300,2909.0,0.000002,,,,,,,,
725400,2909.3,0.000003,,,,,,,,
725500,2909.7,0.000002,,,,,,,,
725600,2910.1,0.000003,,,,,,,,
725700,2910.5,0.000003,,,,,,,,
725800,2910.9,0.000002,,,,,,,,
725900,2911.2,0.000002,,,,,,,,
726000,2911.5,0.000002,,,,,,,,
726100,2911.8,0.000003,,,,,,,,
726200,2912.1,0.000002,,,,,,,,
726300,2912.4,0.000002,,,,,,,,
726400,2912.7,0.000003,,,,,,,,
726500,2913.0,0.000003,,,,,,,,
726600,2913.3,0.000002,,,,,,,,
726700,2913.6,0.000003,,,,,,,,
726800,2913.9,0.000003,,,,,,,,
726900,2914.2,0.000002,,,,,,,,
727000,2914.5,0.000002,,,,,,,,
727100,2914.8,0.000002,,,,,,,,
727200,2915.1,0.000003,,,,,,,,
727300,2915.5,0.000002,,,,,,,,
727400,2915.9,0.000002,,,,,,,,
727500,2916.2,0.000002,,,,,,,,
727600,2916.6,0.000002,,,,,,,,
727700,2917.0,0.000002,,,,,,,,
727800,2917.4,0.000002,,,,,,,,
727900,2917.7,0.000003,,,,,,,,
728000,2918.0,0.000002,,,,,,,,
728100,2918.4,0.000003,,,,,,,,
728200,2918.8,0.000002,,,,,,,,
728300,2919.1,0.000002,,,,,,,,
728400,2919.4,0.000003,,,,,,,,
728500,2919.8,0.000002,,,,,,,,
728600,2920.2,0.000003,,,,,,,,
728700,2920.5,0.000003,,,,,,,,
728800,2920.9,0.000003,,,,,,,,
728900,2921.3,0.000003,,,,,,,,
729000,2921.7,0.000003,,,,,,,,
729100,2922.0,0.000003,,,,,,,,
729200,2922.4,0.000003,,,,,,,,
729300,2922.8,0.000003,,,,,,,,
729400,2923.2,0.000002,,,,,,,,
729500,2923.5,0.000002,,,,,,,,
729600,2923.9,0.000003,,,,,,,,
729700,2924.2,0.000003,,,,,,,,
729800,2924.6,0.000002,,,,,,,,
729900,2925.0,0.000004,,,,,,,,
730000,2926.7,0.000002,0.000003,1.297272e+00,1.184927e-01,8.960650e-02,0.000000,1.077502e+00,1.104604e-01,8.739335e-02
730100,2927.0,0.000002,,,,,,,,
730200,2927.3,0.000003,,,,,,,,
730300,2927.6,0.000003,,,,,,,,
730400,2928.0,0.000002,,,,,,,,
730500,2928.4,0.000002,,,,,,,,
730600,2928.7,0.000003,,,,,,,,
730700,2929.1,0.000002,,,,,,,,
730800,2929.5,0.000002,,,,,,,,
730900,2929.9,0.000002,,,,,,,,
731000,2930.2,0.000002,,,,,,,,
731100,2930.6,0.000003,,,,,,,,
731200,2931.0,0.000002,,,,,,,,
731300,2931.3,0.000003,,,,,,,,
731400,2931.7,0.000002,,,,,,,,
731500,2932.1,0.000002,,,,,,,,
731600,2932.5,0.000002,,,,,,,,
731700,2932.9,0.000002,,,,,,,,
731800,2933.3,0.000003,,,,,,,,
731900,2933.6,0.000003,,,,,,,,
732000,2934.0,0.000002,,,,,,,,
732100,2934.4,0.000002,,,,,,,,
732200,2934.8,0.000003,,,,,,,,
732300,2935.1,0.000003,,,,,,,,
732400,2935.5,0.000002,,,,,,,,
732500,2935.8,0.000003,,,,,,,,
732600,2936.2,0.000003,,,,,,,,
732700,2936.6,0.000002,,,,,,,,
732800,2937.0,0.000002,,,,,,,,
732900,2937.3,0.000002,,,,,,,,
733000,2937.7,0.000002,,,,,,,,
733100,2938.1,0.000002,,,,,,,,
733200,2938.4,0.000002,,,,,,,,
733300,2938.8,0.000003,,,,,,,,
733400,2939.2,0.000002,,,,,,,,
733500,2939.5,0.000002,,,,,,,,
733600,2939.9,0.000002,,,,,,,,
733700,2940.3,0.000002,,,,,,,,
733800,2940.7,0.000002,,,,,,,,
733900,2941.0,0.000003,,,,,,,,
734000,2941.4,0.000002,,,,,,,,
734100,2941.8,0.000003,,,,,,,,
734200,2942.2,0.000002,,,,,,,,
734300,2942.5,0.000003,,,,,,,,
734400,2942.9,0.000002,,,,,,,,
734500,2943.3,0.000002,,,,,,,,
734600,2943.7,0.000002,,,,,,,,
734700,2944.0,0.000002,,,,,,,,
734800,2944.4,0.000002,,,,,,,,
734900,2944.8,0.000003,,,,,,,,
735000,2946.5,0.000002,0.000002,1.229546e+00,1.111747e-01,8.280851e-02,0.000000,1.009978e+00,1.025351e-01,7.958963e-02
735100,2946.8,0.000002,,,,,,,,
735200,2947.2,0.000003,,,,,,,,
735300,2947.5,0.000003,,,,,,,,
735400,2947.8,0.000002,,,,,,,,
735500,2948.2,0.000002,,,,,,,,
735600,2948.6,0.000002,,,,,,,,
735700,2949.0,0.000003,,,,,,,,
735800,2949.4,0.000002,,,,,,,,
735900,2949.8,0.000002,,,,,,,,
736000,2950.2,0.000003,,,,,,,,
736100,2950.5,0.000002,,,,,,,,
736200,2950.9,0.000003,,,,,,,,
736300,2951.3,0.000003,,,,,,,,
736400,2951.7,0.000002,,,,,,,,
736500,2952.1,0.000002,,,,,,,,
736600,2952.4,0.000003,,,,,,,,
736700,2952.7,0.000002,,,,,,,,
736800,2953.0,0.000002,,,,,,,,
736900,2953.2,0.000003,,,,,,,,
737000,2953.5,0.000003,,,,,,,,
737100,2953.9,0.000003,,,,,,,,
737200,2954.1,0.000003,,,,,,,,
737300,2954.4,0.000002,,,,,,,,
737400,2954.7,0.000002,,,,,,,,
737500,2955.0,0.000003,,,,,,,,
737600,2955.3,0.000003,,,,,,,,
737700,2955.6,0.000003,,,,,,,,
737800,2955.9,0.000003,,,,,,,,
737900,2956.2,0.000004,,,,,,,,
738000,2956.5,0.000003,,,,,,,,
738100,2956.8,0.000002,,,,,,,,
738200,2957.0,0.000003,,,,,,,,
738300,2957.3,0.000003,,,,,,,,
738400,2957.6,0.000003,,,,,,,,
738500,2957.9,0.000003,,,,,,,,
738600,2958.2,0.000003,,,,,,,,
738700,2958.5,0.000002,,,,,,,,
738800,2958.8,0.000002,,,,,,,,
738900,2959.1,0.000002,,,,,,,,
739000,2959.3,0.000002,,,,,,,,
739100,2959.6,0.000002,,,,,,,,
739200,2960.0,0.000002,,,,,,,,
739300,2960.3,0.000002,,,,,,,,
739400,2960.7,0.000003,,,,,,,,
739500,2961.1,0.000003,,,,,,,,
739600,2961.4,0.000003,,,,,,,,
739700,2961.8,0.000003,,,,,,,,
739800,2962.2,0.000003,,,,,,,,
739900,2962.6,0.000002,,,,,,,,
740000,2964.2,0.000002,0.000003,1.168042e+00,1.144819e-01,8.623752e-02,0.000000,9.484657e-01,1.055790e-01,8.248569e-02
740100,2964.6,0.000003,,,,,,,,
740200,2964.9,0.000003,,,,,,,,
740300,2965.2,0.000002,,,,,,,,
740400,2965.5,0.000002,,,,,,,,
740500,2965.9,0.000003,,,,,,,,
740600,2966.3,0.000003,,,,,,,,
740700,2966.7,0.000002,,,,,,,,
740800,2967.0,0.000002,,,,,,,,
740900,2967.4,0.000003,,,,,,,,
741000,2967.8,0.000003,,,,,,,,
741100,2968.2,0.000002,,,,,,,,
741200,2968.5,0.000002,,,,,,,,
741300,2968.9,0.000003,,,,,,,,
741400,2969.2,0.000003,,,,,,,,
741500,2969.6,0.000002,,,,,,,,
741600,2970.0,0.000003,,,,,,,,
741700,2970.4,0.000002,,,,,,,,
741800,2970.7,0.000002,,,,,,,,
741900,2971.1,0.000002,,,,,,,,
742000,2971.5,0.000003,,,,,,,,
742100,2971.9,0.000002,,,,,,,,
742200,2972.3,0.000003,,,,,,,,
742300,2972.7,0.000004,,,,,,,,
742400,2973.0,0.000002,,,,,,,,
742500,2973.4,0.000002,,,,,,,,
742600,2973.8,0.000003,,,,,,,,
742700,2974.2,0.000002,,,,,,,,
742800,2974.5,0.000003,,,,,,,,
742900,2974.9,0.000003,,,,,,,,
743000,2975.3,0.000002,,,,,,,,
743100,2975.7,0.000003,,,,,,,,
743200,2976.1,0.000003,,,,,,,,
743300,2976.4,0.000003,,,,,,,,
743400,2976.8,0.000003,,,,,,,,
743500,2977.2,0.000003,,,,,,,,
743600,2977.6,0.000002,,,,,,,,
743700,2978.0,0.000002,,,,,,,,
743800,2978.4,0.000002,,,,,,,,
743900,2978.7,0.000002,,,,,,,,
744000,2979.1,0.000004,,,,,,,,
744100,2979.5,0.000003,,,,,,,,
744200,2979.9,0.000003,,,,,,,,
744300,2980.2,0.000002,,,,,,,,
744400,2980.6,0.000003,,,,,,,,
744500,2981.0,0.000002,,,,,,,,
744600,2981.4,0.000003,,,,,,,,
744700,2981.8,0.000002,,,,,,,,
744800,2982.1,0.000002,,,,,,,,
744900,2982.5,0.000002,,,,,,,,
745000,2984.2,0.000002,0.000002,1.249585e+00,1.111109e-01,8.330512e-02,0.000000,1.029501e+00,1.024537e-01,7.998624e-02
745100,2984.5,0.000002,,,,,,,,
745200,2984.9,0.000002,,,,,,,,
745300,2985.2,0.000002,,,,,,,,
745400,2985.5,0.000002,,,,,,,,
745500,2985.8,0.000002,,,,,,,,
745600,2986.2,0.000002,,,,,,,,
745700,2986.6,0.000003,,,,,,,,
745800,2987.0,0.000003,,,,,,,,
745900,2987.3,0.000002,,,,,,,,
746000,2987.7,0.000002,,,,,,,,
746100,2988.1,0.000003,,,,,,,,
746200,2988.5,0.000002,,,,,,,,
746300,2988.8,0.000003,,,,,,,,
746400,2989.2,0.000002,,,,,,,,
746500,2989.6,0.000003,,,,,,,,
746600,2990.0,0.000003,,,,,,,,
746700,2990.4,0.000003,,,,,,,,
746800,2990.8,0.000003,,,,,,,,
746900,2991.1,0.000002,,,,,,,,
747000,2991.5,0.000002,,,,,,,,
747100,2991.9,0.000002,,,,,,,,
747200,2992.2,0.000002,,,,,,,,
747300,2992.6,0.000003,,,,,,,,
747400,2993.0,0.000003,,,,,,,,
747500,2993.4,0.000002,,,,,,,,
747600,2993.7,0.000002,,,,,,,,
747700,2994.1,0.000002,,,,,,,,
747800,2994.4,0.000002,,,,,,,,
747900,2994.8,0.000002,,,,,,,,
748000,2995.2,0.000002,,,,,,,,
748100,2995.5,0.000002,,,,,,,,
748200,2995.9,0.000003,,,,,,,,
748300,2996.2,0.000002,,,,,,,,
748400,2996.6,0.000002,,,,,,,,
748500,2997.0,0.000002,,,,,,,,
748600,2997.4,0.000002,,,,,,,,
748700,2997.7,0.000002,,,,,,,,
748800,2998.1,0.000003,,,,,,,,
748900,2998.5,0.000003,,,,,,,,
749000,2998.9,0.000002,,,,,,,,
749100,2999.2,0.000002,,,,,,,,
749200,2999.6,0.000002,,,,,,,,
749300,2999.9,0.000003,,,,,,,,
749400,3000.3,0.000003,,,,,,,,
749500,3000.6,0.000002,,,,,,,,
749600,3000.9,0.000002,,,,,,,,
749700,3001.3,0.000002,,,,,,,,
749800,3001.7,0.000002,,,,,,,,
749900,3002.1,0.000002,,,,,,,,
750000,3003.8,0.000002,0.000002,1.249104e+00,1.134605e-01,8.628526e-02,0.000000,1.029799e+00,1.051580e-01,8.367286e-02
750100,3004.1,0.000002,,,,,,,,
750200,3004.4,0.000002,,,,,,,,
750300,3004.8,0.000002,,,,,,,,
750400,3005.1,0.000003,,,,,,,,
750500,3005.5,0.000002,,,,,,,,
750600,3005.9,0.000002,,,,,,,,
750700,3006.3,0.000003,,,,,,,,
750800,3006.7,0.000002,,,,,,,,
750900,3007.0,0.000002,,,,,,,,
751000,3007.4,0.000003,,,,,,,,
751100,3007.8,0.000002,,,,,,,,
751200,3008.2,0.000003,,,,,,,,
751300,3008.6,0.000003,,,,,,,,
751400,3009.0,0.000002,,,,,,,,
751500,3009.4,0.000002,,,,,,,,
751600,3009.8,0.000002,,,,,,,,
751700,3010.2,0.000002,,,,,,,,
751800,3010.6,0.000002,,,,,,,,
751900,3011.0,0.000003,,,,,,,,
752000,3011.3,0.000002,,,,,,,,
752100,3011.7,0.000002,,,,,,,,
752200,3012.1,0.000002,,,,,,,,
752300,3012.5,0.000002,,,,,,,,
752400,3012.9,0.000002,,,,,,,,
752500,3013.3,0.000002,,,,,,,,
752600,3013.6,0.000002,,,,,,,,
752700,3014.0,0.000002,,,,,,,,
752800,3014.4,0.000002,,,,,,,,
752900,3014.8,0.000003,,,,,,,,
753000,3015.2,0.000002,,,,,,,,
753100,3015.6,0.000003,,,,,,,,
753200,3016.0,0.000002,,,,,,,,
753300,3016.3,0.000002,,,,,,,,
753400,3016.7,0.000002,,,,,,,,
753500,3017.1,0.000003,,,,,,,,
753600,3017.5,0.000002,,,,,,,,
753700,3017.9,0.000002,,,,,,,,
753800,3018.3,0.000002,,,,,,,,
753900,3018.7,0.000003,,,,,,,,
754000,3019.1,0.000003,,,,,,,,
754100,3019.4,0.000002,,,,,,,,
754200,3019.8,0.000002,,,,,,,,
754300,3020.2,0.000003,,,,,,,,
754400,3020.6,0.000003,,,,,,,,
754500,3021.0,0.000003,,,,,,,,
754600,3021.3,0.000003,,,,,,,,
754700,3021.7,0.000002,,,,,,,,
754800,3022.1,0.000003,,,,,,,,
754900,3022.5,0.000003,,,,,,,,
755000,3024.2,0.000002,0.000002,1.266434e+00,1.112957e-01,8.329652e-02,0.000000,1.046324e+00,1.026627e-01,8.019528e-02
755100,3024.5,0.000003,,,,,,,,
755200,3024.9,0.000003,,,,,,,,
755300,3025.2,0.000003,,,,,,,,
755400,3025.5,0.000003,,,,,,,,
755500,3025.9,0.000003,,,,,,,,
755600,3026.3,0.000002,,,,,,,,
755700,3026.7,0.000002,,,,,,,,
755800,3027.1,0.000002,,,,,,,,
755900,3027.5,0.000002,,,,,,,,
756000,3027.8,0.000003,,,,,,,,
756100,3028.2,0.000002,,,,,,,,
756200,3028.6,0.000003,,,,,,,,
756300,3029.0,0.000002,,,,,,,,
756400,3029.4,0.000001,,,,,,,,
756500,3029.7,0.000002,,,,,,,,
756600,3030.1,0.000002,,,,,,,,
756700,3030.5,0.000003,,,,,,,,
756800,3030.8,0.000003,,,,,,,,
756900,3031.2,0.000002,,,,,,,,
757000,3031.6,0.000002,,,,,,,,
757100,3032.0,0.000002,,,,,,,,
757200,3032.4,0.000003,,,,,,,,
757300,3032.8,0.000003,,,,,,,,
757400,3033.1,0.000003,,,,,,,,
757500,3033.5,0.000003,,,,,,,,
757600,3033.9,0.000003,,,,,,,,
757700,3034.2,0.000002,,,,,,,,
757800,3034.7,0.000002,,,,,,,,
757900,3035.1,0.000003,,,,,,,,
758000,3035.4,0.000003,,,,,,,,
758100,3035.8,0.000003,,,,,,,,
758200,3036.2,0.000003,,,,,,,,
758300,3036.6,0.000003,,,,,,,,
758400,3037.0,0.000002,,,,,,,,
758500,3037.4,0.000002,,,,,,,,
758600,3037.8,0.000002,,,,,,,,
758700,3038.2,0.000002,,,,,,,,
758800,3038.6,0.000003,,,,,,,,
758900,3038.9,0.000002,,,,,,,,
759000,3039.3,0.000002,,,,,,,,
759100,3039.7,0.000003,,,,,,,,
759200,3040.1,0.000003,,,,,,,,
759300,3040.4,0.000002,,,,,,,,
759400,3040.7,0.000002,,,,,,,,
759500,3041.0,0.000002,,,,,,,,
759600,3041.3,0.000002,,,,,,,,
759700,3041.6,0.000002,,,,,,,,
759800,3042.0,0.000002,,,,,,,,
759900,3042.3,0.000002,,,,,,,,
760000,3043.9,0.000003,0.000002,1.251587e+00,1.115235e-01,8.389132e-02,0.000000,1.031813e+00,1.031183e-01,8.117685e-02
760100,3044.2,0.000002,,,,,,,,
760200,3044.5,0.000002,,,,,,,,
760300,3044.8,0.000003,,,,,,,,
760400,3045.0,0.000002,,,,,,,,
760500,3045.4,0.000002,,,,,,,,
760600,3045.7,0.000002,,,,,,,,
760700,3046.0,0.000002,,,,,,,,
760800,3046.3,0.000002,,,,,,,,
760900,3046.5,0.000002,,,,,,,,
761000,3046.9,0.000003,,,,,,,,
761100,3047.2,0.000002,,,,,,,,
761200,3047.5,0.000002,,,,,,,,
761300,3047.7,0.000003,,,,,,,,
761400,3048.1,0.000002,,,,,,,,
761500,3048.4,0.000003,,,,,,,,
761600,3048.7,0.000002,,,,,,,,
761700,3049.0,0.000002,,,,,,,,
761800,3049.3,0.000002,,,,,,,,
761900,3049.6,0.000002,,,,,,,,
762000,3049.9,0.000002,,,,,,,,
762100,3050.2,0.000003,,,,,,,,
762200,3050.5,0.000003,,,,,,,,
762300,3050.8,0.000003,,,,,,,,
762400,3051.2,0.000002,,,,,,,,
762500,3051.5,0.000003,,,,,,,,
762600,3051.8,0.000002,,,,,,,,
762700,3052.1,0.000003,,,,,,,,
762800,3052.4,0.000002,,,,,,,,
762900,3052.7,0.000003,,,,,,,,
763000,3053.0,0.000002,,,,,,,,
763100,3053.3,0.000003,,,,,,,,
763200,3053.6,0.000003,,,,,,,,
763300,3053.9,0.000003,,,,,,,,
763400,3054.1,0.000002,,,,,,,,
763500,3054.5,0.000002,,,,,,,,
763600,3054.8,0.000003,,,,,,,,
763700,3055.1,0.000003,,,,,,,,
763800,3055.4,0.000002,,,,,,,,
763900,3055.6,0.000003,,,,,,,,
764000,3056.0,0.000002,,,,,,,,
764100,3056.3,0.000003,,,,,,,,
764200,3056.6,0.000002,,,,,,,,
764300,3056.8,0.000003,,,,,,,,
764400,3057.1,0.000002,,,,,,,,
764500,3057.4,0.000002,,,,,,,,
764600,3057.7,0.000002,,,,,,,,
764700,3058.0,0.000003,,,,,,,,
764800,3058.3,0.000003,,,,,,,,
764900,3058.6,0.000002,,,,,,,,
765000,3060.1,0.000002,0.000002,1.220616e+00,1.108380e-01,8.291747e-02,0.000000,1.000807e+00,1.022633e-01,7.957188e-02
765100,3060.4,0.000002,,,,,,,,
765200,3060.6,0.000002,,,,,,,,
765300,3060.9,0.000002,,,,,,,,
765400,3061.1,0.000002,,,,,,,,
765500,3061.4,0.000003,,,,,,,,
765600,3061.7,0.000003,,,,,,,,
765700,3062.0,0.000002,,,,,,,,
765800,3062.3,0.000003,,,,,,,,
765900,3062.7,0.000002,,,,,,,,
766000,3063.0,0.000003,,,,,,,,
766100,3063.3,0.000002,,,,,,,,
766200,3063.6,0.000002,,,,,,,,
766300,3063.9,0.000003,,,,,,,,
766400,3064.2,0.000003,,,,,,,,
766500,3064.5,0.000002,,,,,,,,
766600,3064.8,0.000002,,,,,,,,
766700,3065.1,0.000003,,,,,,,,
766800,3065.4,0.000002,,,,,,,,
766900,3065.7,0.000002,,,,,,,,
767000,3066.1,0.000002,,,,,,,,
767100,3066.3,0.000003,,,,,,,,
767200,3066.6,0.000002,,,,,,,,
767300,3067.0,0.000002,,,,,,,,
767400,3067.2,0.000003,,,,,,,,
767500,3067.5,0.000003,,,,,,,,
767600,3067.8,0.000002,,,,,,,,
767700,3068.0,0.000003,,,,,,,,
767800,3068.4,0.000002,,,,,,,,
767900,3068.8,0.000003,,,,,,,,
768000,3069.1,0.000002,,,,,,,,
768100,3069.5,0.000002,,,,,,,,
768200,3069.9,0.000002,,,,,,,,
768300,3070.2,0.000002,,,,,,,,
768400,3070.6,0.000003,,,,,,,,
768500,3070.9,0.000002,,,,,,,,
768600,3071.3,0.000003,,,,,,,,
768700,3071.7,0.000002,,,,,,,,
768800,3072.0,0.000002,,,,,,,,
768900,3072.3,0.000002,,,,,,,,
769000,3072.7,0.000003,,,,,,,,
769100,3073.1,0.000003,,,,,,,,
769200,3073.4,0.000002,,,,,,,,
769300,3073.8,0.000002,,,,,,,,
769400,3074.2,0.000002,,,,,,,,
769500,3074.5,0.000003,,,,,,,,
769600,3074.9,0.000003,,,,,,,,
769700,3075.3,0.000002,,,,,,,,
769800,3075.7,0.000003,,,,,,,,
769900,3076.0,0.000002,,,,,,,,
770000,3077.7,0.000003,0.000002,1.231652e+00,1.106974e-01,8.332749e-02,0.000000,1.011641e+00,1.020985e-01,8.021187e-02
770100,3078.1,0.000003,,,,,,,,
770200,3078.4,0.000002,,,,,,,,
770300,3078.7,0.000002,,,,,,,,
770400,3079.0,0.000003,,,,,,,,
770500,3079.3,0.000003,,,,,,,,
770600,3079.6,0.000002,,,,,,,,
770700,3080.0,0.000002,,,,,,,,
770800,3080.3,0.000002,,,,,,,,
770900,3080.6,0.000003,,,,,,,,
771000,3080.9,0.000002,,,,,,,,
771100,3081.2,0.000002,,,,,,,,
771200,3081.5,0.000003,,,,,,,,
771300,3081.8,0.000002,,,,,,,,
771400,3082.2,0.000003,,,,,,,,
771500,3082.5,0.000003,,,,,,,,
771600,3082.9,0.000002,,,,,,,,
771700,3083.3,0.000003,,,,,,,,
771800,3083.6,0.000002,,,,,,,,
771900,3084.0,0.000003,,,,,,,,
772000,3084.3,0.000003,,,,,,,,
772100,3084.7,0.000002,,,,,,,,
772200,3085.0,0.000003,,,,,,,,
772300,3085.4,0.000002,,,,,,,,
772400,3085.8,0.000002,,,,,,,,
772500,3086.1,0.000002,,,,,,,,
772600,3086.5,0.000002,,,,,,,,
772700,3086.9,0.000002,,,,,,,,
772800,3087.2,0.000002,,,,,,,,
772900,3087.6,0.000003,,,,,,,,
773000,3088.0,0.000002,,,,,,,,
773100,3088.4,0.000002,,,,,,,,
773200,3088.7,0.000003,,,,,,,,
773300,3089.1,0.000002,,,,,,,,
773400,3089.5,0.000002,,,,,,,,
773500,3089.9,0.000003,,,,,,,,
773600,3090.2,0.000003,,,,,,,,
773700,3090.6,0.000003,,,,,,,,
773800,3091.0,0.000002,,,,,,,,
773900,3091.3,0.000003,,,,,,,,
774000,3091.7,0.000002,,,,,,,,
774100,3092.1,0.000002,,,,,,,,
774200,3092.5,0.000002,,,,,,,,
774300,3092.8,0.000002,,,,,,,,
774400,3093.2,0.000003,,,,,,,,
774500,3093.6,0.000003,,,,,,,,
774600,3094.0,0.000004,,,,,,,,
774700,3094.3,0.000003,,,,,,,,
774800,3094.7,0.000003,,,,,,,,
774900,3095.1,0.000002,,,,,,,,
775000,3096.8,0.000003,0.000002,1.217202e+00,1.105038e-01,8.303147e-02,0.000000,9.971985e-01,1.018040e-01,7.962264e-02
775100,3097.1,0.000002,,,,,,,,
775200,3097.4,0.000004,,,,,,,,
775300,3097.7,0.000002,,,,,,,,
775400,3098.1,0.000003,,,,,,,,
775500,3098.5,0.000001,,,,,,,,
775600,3098.9,0.000002,,,,,,,,
775700,3099.3,0.000002,,,,,,,,
775800,3099.6,0.000002,,,,,,,,
775900,3100.0,0.000003,,,,,,,,
776000,3100.4,0.000002,,,,,,,,
776100,3100.7,0.000002,,,,,,,,
776200,3101.1,0.000002,,,,,,,,
776300,3101.5,0.000002,,,,,,,,
776400,3101.9,0.000003,,,,,,,,
776500,3102.3,0.000002,,,,,,,,
776600,3102.6,0.000003,,,,,,,,
776700,3103.0,0.000002,,,,,,,,
776800,3103.4,0.000002,,,,,,,,
776900,3103.7,0.000002,,,,,,,,
777000,3104.1,0.000002,,,,,,,,
777100,3104.5,0.000002,,,,,,,,
777200,3104.8,0.000002,,,,,,,,
777300,3105.2,0.000003,,,,,,,,
777400,3105.6,0.000003,,,,,,,,
777500,3106.0,0.000002,,,,,,,,
777600,3106.3,0.000002,,,,,,,,
777700,3106.7,0.000003,,,,,,,,
777800,3107.1,0.000003,,,,,,,,
777900,3107.5,0.000002,,,,,,,,
778000,3107.8,0.000003,,,,,,,,
778100,3108.2,0.000002,,,,,,,,
778200,3108.6,0.000003,,,,,,,,
778300,3108.9,0.000003,,,,,,,,
778400,3109.3,0.000003,,,,,,,,
778500,3109.7,0.000002,,,,,,,,
778600,3110.0,0.000002,,,,,,,,
778700,3110.4,0.000002,,,,,,,,
778800,3110.8,0.000002,,,,,,,,
778900,3111.2,0.000002,,,,,,,,
779000,3111.5,0.000003,,,,,,,,
779100,3111.8,0.000004,,,,,,,,
779200,3112.2,0.000002,,,,,,,,
779300,3112.6,0.000002,,,,,,,,
779400,3113.0,0.000002,,,,,,,,
779500,3113.4,0.000002,,,,,,,,
779600,3113.7,0.000003,,,,,,,,
779700,3114.1,0.000003,,,,,,,,
779800,3114.5,0.000002,,,,,,,,
779900,3114.9,0.000002,,,,,,,,
780000,3116.6,0.000003,0.000002,1.229489e+00,1.106544e-01,8.318385e-02,0.000000,1.009421e+00,1.020083e-01,7.979430e-02
780100,3117.0,0.000003,,,,,,,,
780200,3117.3,0.000002,,,,,,,,
780300,3117.6,0.000003,,,,,,,,
780400,3118.0,0.000002,,,,,,,,
780500,3118.3,0.000002,,,,,,,,
780600,3118.7,0.000002,,,,,,,,
780700,3119.1,0.000002,,,,,,,,
780800,3119.5,0.000002,,,,,,,,
780900,3119.9,0.000002,,,,,,,,
781000,3120.3,0.000002,,,,,,,,
781100,3120.7,0.000002,,,,,,,,
781200,3121.0,0.000002,,,,,,,,
781300,3121.4,0.000003,,,,,,,,
781400,3121.8,0.000003,,,,,,,,
781500,3122.1,0.000002,,,,,,,,
781600,3122.5,0.000003,,,,,,,,
781700,3122.9,0.000003,,,,,,,,
781800,3123.3,0.000002,,,,,,,,
781900,3123.7,0.000003,,,,,,,,
782000,3124.1,0.000002,,,,,,,,
782100,3124.4,0.000002,,,,,,,,
782200,3124.8,0.000003,,,,,,,,
782300,3125.2,0.000002,,,,,,,,
782400,3125.5,0.000003,,,,,,,,
782500,3125.9,0.000002,,,,,,,,
782600,3126.3,0.000003,,,,,,,,
782700,3126.7,0.000002,,,,,,,,
782800,3127.1,0.000002,,,,,,,,
782900,3127.5,0.000003,,,,,,,,
783000,3127.9,0.000003,,,,,,,,
783100,3128.2,0.000002,,,,,,,,
783200,3128.6,0.000002,,,,,,,,
783300,3129.0,0.000003,,,,,,,,
783400,3129.4,0.000003,,,,,,,,
783500,3129.8,0.000003,,,,,,,,
783600,3130.1,0.000002,,,,,,,,
783700,3130.5,0.000002,,,,,,,,
783800,3130.9,0.000002,,,,,,,,
783900,3131.3,0.000002,,,,,,,,
784000,3131.6,0.000002,,,,,,,,
784100,3132.0,0.000003,,,,,,,,
784200,3132.4,0.000003,,,,,,,,
784300,3132.8,0.000002,,,,,,,,
784400,3133.2,0.000002,,,,,,,,
784500,3133.5,0.000002,,,,,,,,
784600,3133.9,0.000002,,,,,,,,
784700,3134.3,0.000002,,,,,,,,
784800,3134.7,0.000003,,,,,,,,
784900,3135.1,0.000003,,,,,,,,
785000,3136.8,0.000003,0.000002,1.242470e+00,1.103422e-01,8.287988e-02,0.000000,1.023032e+00,1.018011e-01,7.981359e-02
785100,3137.2,0.000003,,,,,,,,
785200,3137.5,0.000003,,,,,,,,
785300,3137.8,0.000002,,,,,,,,
785400,3138.0,0.000003,,,,,,,,
785500,3138.3,0.000002,,,,,,,,
785600,3138.6,0.000002,,,,,,,,
785700,3139.0,0.000003,,,,,,,,
785800,3139.3,0.000002,,,,,,,,
785900,3139.6,0.000002,,,,,,,,
786000,3139.9,0.000002,,,,,,,,
786100,3140.2,0.000003,,,,,,,,
786200,3140.5,0.000002,,,,,,,,
786300,3140.9,0.000003,,,,,,,,
786400,3141.2,0.000002,,,,,,,,
786500,3141.5,0.000003,,,,,,,,
786600,3141.8,0.000002,,,,,,,,
786700,3142.1,0.000002,,,,,,,,
786800,3142.4,0.000003,,,,,,,,
786900,3142.7,0.000003,,,,,,,,
787000,3142.9,0.000002,,,,,,,,
787100,3143.2,0.000002,,,,,,,,
787200,3143.5,0.000004,,,,,,,,
787300,3143.9,0.000003,,,,,,,,
787400,3144.1,0.000003,,,,,,,,
787500,3144.4,0.000002,,,,,,,,
787600,3144.7,0.000003,,,,,,,,
787700,3145.0,0.000003,,,,,,,,
787800,3145.3,0.000002,,,,,,,,
787900,3145.6,0.000002,,,,,,,,
788000,3145.9,0.000002,,,,,,,,
788100,3146.2,0.000003,,,,,,,,
788200,3146.5,0.000002,,,,,,,,
788300,3146.8,0.000002,,,,,,,,
788400,3147.1,0.000003,,,,,,,,
788500,3147.4,0.000002,,,,,,,,
788600,3147.7,0.000002,,,,,,,,
788700,3148.0,0.000003,,,,,,,,
788800,3148.3,0.000002,,,,,,,,
788900,3148.7,0.000003,,,,,,,,
789000,3149.0,0.000002,,,,,,,,
789100,3149.3,0.000002,,,,,,,,
789200,3149.6,0.000003,,,,,,,,
789300,3149.9,0.000003,,,,,,,,
789400,3150.2,0.000002,,,,,,,,
789500,3150.5,0.000002,,,,,,,,
789600,3150.9,0.000002,,,,,,,,
789700,3151.2,0.000002,,,,,,,,
789800,3151.5,0.000002,,,,,,,,
789900,3151.8,0.000003,,,,,,,,
790000,3153.4,0.000002,0.000002,1.237324e+00,1.104540e-01,8.264145e-02,0.000000,1.018111e+00,1.018518e-01,7.948152e-02
790100,3153.6,0.000003,,,,,,,,
790200,3153.9,0.000003,,,,,,,,
790300,3154.1,0.000002,,,,,,,,
790400,3154.4,0.000003,,,,,,,,
790500,3154.7,0.000002,,,,,,,,
790600,3155.0,0.000002,,,,,,,,
790700,3155.3,0.000003,,,,,,,,
790800,3155.6,0.000002,,,,,,,,
790900,3155.9,0.000003,,,,,,,,
791000,3156.2,0.000002,,,,,,,,
791100,3156.5,0.000002,,,,,,,,
791200,3156.9,0.000002,,,,,,,,
791300,3157.2,0.000003,,,,,,,,
791400,3157.5,0.000002,,,,,,,,
791500,3157.8,0.000002,,,,,,,,
791600,3158.1,0.000003,,,,,,,,
791700,3158.4,0.000002,,,,,,,,
791800,3158.8,0.000002,,,,,,,,
791900,3159.1,0.000002,,,,,,,,
792000,3159.5,0.000002,,,,,,,,
792100,3159.9,0.000002,,,,,,,,
792200,3160.3,0.000003,,,,,,,,
792300,3160.6,0.000002,,,,,,,,
792400,3161.0,0.000003,,,,,,,,
792500,3161.3,0.000002,,,,,,,,
792600,3161.7,0.000002,,,,,,,,
792700,3162.1,0.000002,,,,,,,,
792800,3162.5,0.000002,,,,,,,,
792900,3162.8,0.000002,,,,,,,,
793000,3163.2,0.000003,,,,,,,,
793100,3163.6,0.000002,,,,,,,,
793200,3163.9,0.000003,,,,,,,,
793300,3164.2,0.000003,,,,,,,,
793400,3164.6,0.000002,,,,,,,,
793500,3164.9,0.000003,,,,,,,,
793600,3165.2,0.000002,,,,,,,,
793700,3165.6,0.000002,,,,,,,,
793800,3165.9,0.000002,,,,,,,,
793900,3166.2,0.000002,,,,,,,,
794000,3166.5,0.000002,,,,,,,,
794100,3166.8,0.000002,,,,,,,,
794200,3167.1,0.000002,,,,,,,,
794300,3167.5,0.000002,,,,,,,,
794400,3167.8,0.000002,,,,,,,,
794500,3168.2,0.000003,,,,,,,,
794600,3168.6,0.000003,,,,,,,,
794700,3169.0,0.000002,,,,,,,,
794800,3169.3,0.000002,,,,,,,,
794900,3169.7,0.000002,,,,,,,,
795000,3171.3,0.000002,0.000002,1.228859e+00,1.102889e-01,8.257175e-02,0.000000,1.009615e+00,1.016545e-01,7.925805e-02
795100,3171.6,0.000003,,,,,,,,
795200,3172.0,0.000002,,,,,,,,
795300,3172.3,0.000003,,,,,,,,
795400,3172.6,0.000002,,,,,,,,
795500,3173.0,0.000003,,,,,,,,
795600,3173.3,0.000003,,,,,,,,
795700,3173.7,0.000003,,,,,,,,
795800,3174.1,0.000002,,,,,,,,
795900,3174.5,0.000003,,,,,,,,
796000,3174.9,0.000002,,,,,,,,
796100,3175.2,0.000002,,,,,,,,
796200,3175.6,0.000002,,,,,,,,
796300,3175.9,0.000003,,,,,,,,
796400,3176.2,0.000002,,,,,,,,
796500,3176.6,0.000002,,,,,,,,
796600,3177.0,0.000002,,,,,,,,
796700,3177.3,0.000002,,,,,,,,
796800,3177.7,0.000003,,,,,,,,
796900,3178.1,0.000002,,,,,,,,
797000,3178.4,0.000002,,,,,,,,
797100,3178.8,0.000002,,,,,,,,
797200,3179.2,0.000002,,,,,,,,
797300,3179.6,0.000002,,,,,,,,
797400,3180.0,0.000002,,,,,,,,
797500,3180.3,0.000003,,,,,,,,
797600,3180.7,0.000003,,,,,,,,
797700,3181.1,0.000002,,,,,,,,
797800,3181.5,0.000002,,,,,,,,
797900,3181.8,0.000003,,,,,,,,
798000,3182.2,0.000003,,,,,,,,
798100,3182.6,0.000002,,,,,,,,
798200,3183.0,0.000002,,,,,,,,
798300,3183.3,0.000002,,,,,,,,
798400,3183.7,0.000003,,,,,,,,
798500,3184.0,0.000002,,,,,,,,
798600,3184.4,0.000003,,,,,,,,
798700,3184.8,0.000003,,,,,,,,
798800,3185.2,0.000003,,,,,,,,
798900,3185.5,0.000002,,,,,,,,
799000,3185.9,0.000002,,,,,,,,
799100,3186.3,0.000002,,,,,,,,
799200,3186.7,0.000002,,,,,,,,
799300,3187.0,0.000003,,,,,,,,
799400,3187.4,0.000002,,,,,,,,
799500,3187.7,0.000002,,,,,,,,
799600,3188.1,0.000002,,,,,,,,
799700,3188.5,0.000003,,,,,,,,
799800,3188.9,0.000002,,,,,,,,
799900,3189.2,0.000002,,,,,,,,
800000,3190.8,0.000002,0.000002,1.233006e+00,1.102490e-01,8.256874e-02,0.000000,1.013750e+00,1.016387e-01,7.927582e-02
